# Blender 5.2.1 LTS
# www.blender.org
o head_roll_link
v 0.008317 -0.015941 0.042894
v 0.010283 -0.018281 0.046887
v 0.008318 -0.019224 0.049556
v 0.011843 -0.018319 0.046938
v 0.013734 -0.019040 0.048767
v 0.011849 0.018678 0.062196
v 0.013842 0.019641 0.058668
v 0.008331 0.020179 0.055374
v 0.010128 0.018611 0.062357
v 0.008302 0.017950 0.063762
v 0.008320 -0.010912 0.038286
v 0.008311 -0.005155 0.035641
v 0.013741 -0.005431 0.035717
v 0.008310 0.002302 0.035104
v 0.008294 0.011476 0.038377
v 0.008323 0.017832 0.045943
v 0.013709 0.019914 0.052645
v 0.010682 -0.018797 0.048187
v 0.010945 0.018128 0.063451
v 0.008321 -0.019924 0.056693
v 0.013846 -0.019824 0.055778
v 0.008320 -0.017961 0.063788
v 0.013721 -0.018062 0.063660
v 0.008320 -0.012196 0.071031
v 0.013875 0.012512 0.069824
v 0.008300 0.013610 0.069629
v -0.008555 -0.017910 0.064647
v -0.008560 -0.019920 0.051954
v -0.008555 -0.014180 0.040413
v -0.008565 -0.002523 0.035005
v -0.008552 0.010149 0.037371
v -0.008500 -0.016671 0.056378
v -0.007850 -0.013744 0.046075
v -0.008500 -0.006462 0.039571
v -0.008500 -0.009837 0.068514
v -0.007850 0.016382 0.052869
v -0.008565 0.018541 0.047101
v -0.007850 0.012933 0.044899
v -0.008563 -0.009930 0.072376
v -0.007816 0.005925 0.039564
v -0.008563 0.019980 0.056144
v -0.007850 0.015221 0.061059
v -0.008560 0.017474 0.065036
v -0.007850 0.010436 0.067807
v -0.008563 0.011128 0.071634
v -0.007816 0.001220 0.071475
v -0.008558 0.000653 0.075334
v -0.014530 -0.012902 0.070241
v -0.014521 -0.017573 0.064469
v -0.014520 -0.019824 0.057426
v -0.014516 -0.018913 0.048139
v -0.014544 -0.013014 0.039747
v -0.014525 -0.005474 0.035790
v -0.014525 0.001965 0.035125
v -0.014524 0.009128 0.037238
v -0.014520 0.016420 0.043349
v -0.007200 -0.010644 0.067868
v -0.007200 -0.016724 0.055372
v -0.007200 -0.005522 0.039210
v -0.014525 0.020076 0.054072
v -0.014525 0.017558 0.064780
v -0.014525 0.009780 0.072558
v -0.014525 0.000922 0.074937
v -0.014525 -0.006343 0.073924
v -0.006760 0.007453 0.036010
v -0.007114 0.015706 0.042524
v -0.006695 -0.001850 0.034812
v -0.006697 -0.009196 0.036930
v -0.006807 -0.015649 0.042069
v -0.006683 -0.019469 0.049381
v -0.007093 0.019836 0.051086
v -0.006760 -0.007453 0.073990
v -0.007114 -0.015706 0.067476
v -0.006695 0.001850 0.075188
v -0.006697 0.009196 0.073070
v -0.006807 0.015649 0.067931
v -0.006701 0.019465 0.060630
v -0.007099 -0.019833 0.058912
v -0.014511 -0.018058 0.048048
v -0.011503 -0.017972 0.047557
v -0.014489 -0.017162 0.046759
v -0.014392 -0.014583 0.043215
v -0.014419 -0.012487 0.044470
v -0.014443 -0.010582 0.042473
v -0.014411 -0.011816 0.040409
v -0.011503 -0.007445 0.037029
v -0.014592 -0.007478 0.036983
v -0.014392 -0.001951 0.036371
v -0.014431 -0.001380 0.038726
v -0.014424 0.001379 0.038726
v -0.014407 0.001963 0.036331
v -0.014542 0.006828 0.036993
v -0.011503 0.007461 0.037011
v -0.014526 0.008198 0.037561
v -0.014396 0.011799 0.040335
v -0.014420 0.010528 0.042513
v -0.014424 0.012483 0.044467
v -0.014394 0.014696 0.043174
v -0.011503 0.017989 0.047517
v -0.014532 0.018029 0.047610
v -0.014387 0.018641 0.053021
v -0.014447 0.016341 0.053620
v -0.014424 0.016274 0.056379
v -0.014406 0.018658 0.056942
v -0.014481 0.017963 0.061294
v -0.011503 0.017972 0.062443
v -0.014526 0.017531 0.063057
v -0.014392 0.014583 0.066785
v -0.014419 0.012487 0.065530
v -0.014443 0.010582 0.067527
v -0.014411 0.011816 0.069591
v -0.011503 0.007445 0.072971
v -0.014592 0.007432 0.073031
v -0.014392 0.001951 0.073629
v -0.014431 0.001402 0.071390
v -0.014424 -0.001379 0.071274
v -0.014407 -0.001963 0.073669
v -0.014535 -0.006762 0.073137
v -0.011503 -0.007476 0.072984
v -0.014535 -0.008219 0.072241
v -0.014396 -0.011799 0.069665
v -0.014420 -0.010528 0.067487
v -0.014434 -0.012551 0.065591
v -0.014394 -0.014696 0.066826
v -0.014531 -0.018034 0.062414
v -0.011503 -0.017989 0.062483
v -0.014392 -0.018644 0.056977
v -0.014420 -0.016274 0.056385
v -0.014424 -0.016274 0.053621
v -0.014411 -0.018660 0.053060
v -0.006134 0.019567 0.049479
v -0.006169 -0.012726 0.070526
v -0.006134 -0.019567 0.060521
v -0.006169 0.012726 0.039474
v -0.009500 -0.015126 0.043204
v -0.009498 -0.018701 0.052920
v -0.009500 -0.012971 0.044215
v -0.009500 0.010944 0.042015
v -0.009500 0.001448 0.038728
v -0.009497 0.002107 0.036295
v -0.009501 0.011058 0.039273
v -0.009500 -0.001622 0.038227
v -0.009497 -0.011737 0.040284
v -0.009500 -0.010486 0.042471
v -0.009500 -0.002324 0.035947
v -0.009500 -0.016272 0.053552
v -0.009500 -0.012530 0.065482
v -0.009500 -0.016855 0.056655
v -0.009498 -0.014766 0.066739
v -0.009500 -0.019037 0.057354
v -0.009500 -0.010944 0.067985
v -0.009500 -0.001448 0.071272
v -0.009497 -0.002107 0.073705
v -0.009501 -0.011058 0.070727
v -0.009500 0.001622 0.071773
v -0.009497 0.011737 0.069716
v -0.009500 0.010486 0.067529
v -0.009500 0.002324 0.074053
v -0.009500 0.012971 0.065785
v -0.009500 0.016272 0.056448
v -0.009498 0.018701 0.057080
v -0.009500 0.015126 0.066796
v -0.009500 0.012872 0.044309
v -0.009498 0.014766 0.043261
v -0.009500 0.016355 0.053535
v -0.009500 0.019037 0.052646
v -0.006100 -0.012151 0.043538
v -0.006100 -0.001643 0.038570
v -0.006103 0.006924 0.040120
v -0.005644 0.011435 0.043338
v -0.006100 0.016194 0.051191
v -0.005450 0.015221 0.061059
v -0.006100 0.008296 0.069781
v -0.006105 -0.005497 0.070645
v -0.005675 -0.011078 0.067015
v -0.006100 -0.016722 0.057175
v -0.004706 -0.012162 0.065865
v -0.003064 -0.011593 0.066506
v -0.003719 0.009809 0.041812
v -0.004397 0.010541 0.042557
v -0.002600 0.003809 0.038806
v -0.003260 -0.002887 0.038686
v -0.003700 -0.012151 0.043538
v -0.002600 -0.014781 0.046704
v -0.003700 -0.016677 0.055950
v -0.002595 -0.015645 0.060499
v -0.004232 -0.012886 0.065048
v -0.004800 -0.000728 0.038066
v -0.004800 -0.012527 0.044243
v -0.004800 -0.016704 0.054975
v -0.003141 0.011899 0.043807
v -0.004268 -0.010048 0.067886
v -0.002600 -0.002175 0.071722
v -0.003700 0.000025 0.071704
v -0.003150 0.010436 0.067807
v -0.003150 0.015221 0.061059
v -0.003121 0.016382 0.052869
v -0.003496 0.013133 0.045294
v -0.004732 0.013035 0.045168
v -0.004800 -0.000950 0.071677
v -0.004800 0.010097 0.068065
v -0.004800 0.016423 0.053293
v -0.002204 0.008273 0.036407
v -0.001985 -0.000655 0.034659
v -0.002177 0.020062 0.051507
v -0.002521 0.015705 0.042527
v -0.002073 -0.005767 0.074433
v -0.002095 0.001850 0.075188
v -0.002097 0.009196 0.073070
v -0.002207 0.015649 0.067931
v -0.002101 0.019465 0.060630
v -0.001981 -0.012866 0.070689
v -0.002097 -0.009196 0.036930
v -0.002207 -0.015649 0.042069
v -0.002101 -0.019465 0.049370
v -0.002079 -0.020162 0.057010
v -0.002091 -0.017963 0.064369
v -0.005316 -0.010487 0.065718
v -0.003284 -0.010718 0.065487
v -0.004710 0.011240 0.045065
v -0.003890 0.009935 0.043760
v -0.004249 0.007052 0.036011
v -0.004249 -0.000499 0.034755
v -0.004250 -0.007976 0.036391
v -0.004250 -0.014313 0.040687
v -0.004250 -0.018609 0.047024
v -0.004251 -0.020245 0.054501
v -0.004709 -0.018846 0.061855
v -0.004240 -0.015878 0.067188
v -0.003796 -0.018737 0.062148
v -0.004260 0.012188 0.039122
v -0.004705 -0.007149 0.073737
v -0.004249 0.000499 0.075247
v -0.004250 0.007977 0.073611
v -0.004250 0.014314 0.069314
v -0.004250 0.018611 0.062977
v -0.004251 0.020247 0.055499
v -0.004251 0.018990 0.047947
v -0.004240 0.015878 0.042810
v -0.003791 -0.006857 0.073847
v -0.004260 -0.012190 0.070878
v -0.001555 0.016635 0.043477
v -0.000900 -0.013744 0.046075
v -0.001500 -0.006462 0.039571
v -0.001500 0.005510 0.039421
v -0.001500 -0.016686 0.058192
v -0.000888 0.012933 0.044899
v -0.000816 0.016382 0.052869
v -0.000850 0.015221 0.061059
v -0.000884 0.010436 0.067807
v -0.000816 0.001220 0.071475
v -0.001500 -0.008602 0.069181
v -0.000200 -0.010644 0.067868
v -0.000200 -0.016724 0.055372
v -0.000200 -0.005522 0.039210
v -0.000200 0.006330 0.039736
v 0.000196 0.008273 0.036407
v -0.000114 0.015706 0.042524
v 0.000415 -0.000655 0.034659
v 0.000303 -0.009196 0.036930
v 0.000193 -0.015649 0.042069
v 0.000317 -0.019469 0.049381
v 0.000223 0.020062 0.051507
v 0.000196 -0.008273 0.073593
v -0.000114 -0.015706 0.067476
v 0.000415 0.000655 0.075341
v 0.000303 0.009196 0.073070
v 0.000193 0.015649 0.067931
v 0.000299 0.019465 0.060630
v 0.000211 -0.020062 0.058480
v 0.008300 0.007387 0.073565
v 0.008299 -0.001678 0.075050
v 0.000843 0.016636 0.043476
v 0.000843 -0.016636 0.066524
v 0.002255 0.015466 0.041784
v 0.002263 0.019790 0.052017
v 0.002258 0.018725 0.062955
v 0.002260 0.010036 0.072474
v 0.002263 0.001144 0.074980
v 0.002258 -0.009648 0.072912
v 0.002263 -0.017376 0.064930
v 0.002265 -0.020118 0.056194
v 0.002260 -0.017732 0.045426
v 0.002255 -0.008479 0.036508
v 0.002265 0.004357 0.035323
v 0.000900 -0.008793 0.069536
v 0.000900 -0.016671 0.056378
v 0.000900 -0.013902 0.046338
v 0.001516 0.012849 0.065405
v 0.001550 0.004279 0.070970
v 0.001485 0.011691 0.043309
v 0.000900 0.016671 0.053622
v 0.000900 -0.006462 0.039571
v 0.001600 0.004241 0.039171
v 0.002200 0.016724 0.054628
v 0.002200 -0.015579 0.060510
v 0.002200 -0.008040 0.069669
v 0.002200 -0.005522 0.039210
v 0.002200 -0.015429 0.048538
v -0.022376 -0.001020 0.035531
v -0.022328 0.001242 0.035607
v -0.022332 0.001404 0.037996
v -0.023327 0.000563 0.038710
v -0.022496 -0.000398 0.038645
v -0.022266 -0.001524 0.037894
v -0.023476 -0.001618 0.036252
v -0.023450 0.000259 0.035319
v -0.023469 0.001768 0.036788
v -0.023483 -0.001004 0.038235
v -0.023367 0.000475 0.036485
v -0.022940 0.000386 0.037418
v -0.023340 -0.000619 0.036470
v 0.024823 -0.012045 0.039829
v 0.022800 -0.012930 0.040918
v 0.024742 -0.012533 0.041522
v 0.024817 -0.011266 0.042773
v 0.022800 -0.010919 0.043042
v 0.022799 -0.008545 0.041465
v 0.024823 -0.009040 0.041874
v 0.022800 -0.010384 0.039003
v 0.024752 -0.009727 0.039287
v 0.023768 -0.010825 0.041934
v 0.023645 -0.010634 0.040374
v 0.012402 -0.019171 0.055797
v 0.012401 -0.018897 0.056750
v 0.012400 -0.009095 0.038043
v 0.012387 -0.009650 0.038545
v 0.012400 -0.019349 0.054934
v 0.012400 -0.019458 0.056131
v 0.012403 -0.019284 0.051733
v 0.012400 -0.019283 0.055810
v 0.012400 -0.019293 0.055456
v 0.012399 -0.017410 0.046085
v 0.012380 -0.019269 0.054385
v 0.012408 -0.013507 0.040831
v 0.012403 -0.013972 0.041613
v 0.012394 -0.017707 0.047142
v 0.012486 -0.016913 0.045682
v 0.012400 -0.018969 0.053909
v 0.012401 -0.014156 0.068093
v 0.012393 -0.013690 0.068781
v 0.012335 0.008506 0.072137
v 0.012413 -0.016875 0.064925
v 0.012334 -0.018147 0.061104
v 0.012400 -0.018478 0.060363
v 0.012393 0.000543 0.074305
v 0.012400 -0.000285 0.074498
v 0.012366 0.008740 0.072608
v 0.012399 -0.007551 0.073229
v 0.012521 -0.016581 0.064618
v 0.012409 0.016726 0.045673
v 0.012400 0.014086 0.041935
v 0.012392 -0.005094 0.036123
v 0.012400 -0.001300 0.035744
v 0.012447 -0.004904 0.036479
v 0.012386 0.016570 0.045206
v 0.012392 0.013551 0.041088
v 0.012398 0.013958 0.041659
v 0.012392 0.016952 0.045242
v 0.012396 0.000373 0.035562
v 0.012389 -0.000615 0.035752
v 0.012410 -0.005159 0.036626
v 0.012400 0.010546 0.038598
v 0.012404 0.006142 0.036509
v 0.012400 0.005840 0.036312
v 0.012334 -0.011727 0.070137
v 0.012426 0.001312 0.035904
v 0.012432 0.002028 0.036097
v 0.012447 -0.001381 0.074074
v 0.012414 0.012455 0.040446
v 0.012407 0.012050 0.040299
v 0.012522 0.003951 0.073703
v 0.012400 0.012147 0.069607
v 0.012400 0.012942 0.069575
v 0.012400 0.013062 0.069208
v 0.012403 0.012994 0.069116
v 0.012400 0.013316 0.068967
v 0.012400 0.013747 0.068615
v 0.012395 0.016159 0.065997
v 0.012374 0.014116 0.068146
v 0.012397 0.018576 0.061069
v 0.012400 0.018499 0.049492
v 0.012266 0.018670 0.050330
v 0.012402 0.019584 0.054560
v 0.012400 0.018441 0.060915
v 0.012486 0.018549 0.060368
v 0.012400 0.014184 0.067642
v 0.012598 -0.015355 0.042672
v 0.013766 -0.008729 0.038061
v 0.012911 -0.005098 0.036284
v 0.013756 -0.005718 0.036798
v 0.012758 0.016745 0.045468
v 0.012614 0.013705 0.041025
v 0.012584 0.007519 0.036847
v 0.012632 0.000315 0.035429
v 0.013751 0.016915 0.046176
v 0.013729 0.018212 0.049244
v 0.012693 0.018867 0.050012
v 0.012508 0.019083 0.060305
v 0.012872 0.013051 0.069482
v 0.010100 0.013677 0.068624
v 0.013728 0.009367 0.071641
v 0.012929 0.008880 0.072266
v 0.012951 -0.018496 0.060899
v 0.012634 -0.014071 0.069041
v 0.012565 -0.003800 0.074298
v 0.012624 0.003655 0.074235
v 0.013741 -0.018410 0.060161
v 0.010100 -0.019303 0.054946
v 0.013816 -0.019136 0.056251
v 0.012727 -0.019405 0.056043
v 0.012611 -0.019020 0.050235
v 0.012395 0.007603 0.037325
v 0.012178 0.007460 0.037469
v 0.010098 -0.000035 0.074285
v 0.010098 -0.013638 0.068638
v 0.010098 0.000031 0.035699
v 0.010098 0.013670 0.041374
v 0.013813 -0.019293 0.051604
v -0.022352 0.014482 0.068219
v -0.022388 0.012873 0.069522
v -0.022319 0.011045 0.068247
v -0.022476 0.011405 0.066692
v -0.022464 0.011630 0.066464
v -0.022330 0.011895 0.066315
v -0.022348 0.013702 0.066328
v -0.022338 0.012134 0.066068
v -0.023517 0.013850 0.069202
v -0.023477 0.012271 0.066248
v -0.023470 0.013828 0.066330
v -0.023461 0.011200 0.068534
v -0.023315 0.012692 0.068540
v -0.023350 0.013428 0.067728
v -0.022700 0.012322 0.067728
v -0.022349 -0.014480 0.041795
v -0.022343 -0.012186 0.040595
v -0.022334 -0.011041 0.042149
v -0.022477 -0.011411 0.043314
v -0.022467 -0.011636 0.043540
v -0.022330 -0.011895 0.043685
v -0.022344 -0.013736 0.043634
v -0.022339 -0.012151 0.043933
v -0.023469 -0.014497 0.041898
v -0.023483 -0.012717 0.040841
v -0.023498 -0.012790 0.044102
v -0.023504 -0.010992 0.042002
v -0.023315 -0.013540 0.042210
v -0.023367 -0.012728 0.043022
v -0.022700 -0.012322 0.042272
v 0.024760 -0.006033 0.073146
v 0.022799 -0.004460 0.071308
v 0.024823 -0.004966 0.071042
v 0.024805 -0.006457 0.069342
v 0.022799 -0.007838 0.069358
v 0.024737 -0.008493 0.070478
v 0.022799 -0.008007 0.073091
v 0.024825 -0.008126 0.072327
v 0.023703 -0.007328 0.070941
v 0.023623 -0.006209 0.071570
v -0.022369 0.019225 0.053657
v -0.022348 0.019665 0.055695
v -0.022327 0.018413 0.056711
v -0.022323 0.016655 0.056018
v -0.022475 0.016331 0.055183
v -0.022467 0.016331 0.054876
v -0.022342 0.016820 0.053676
v -0.023466 0.019658 0.054494
v -0.023462 0.018887 0.056485
v -0.023424 0.016268 0.054444
v -0.023453 0.017053 0.056261
v -0.023446 0.018169 0.053315
v -0.023329 0.017470 0.054470
v -0.023329 0.018619 0.054470
v -0.022958 0.018310 0.055369
v -0.026642 0.012723 0.053291
v -0.026472 0.014531 0.054241
v -0.026519 0.014121 0.056322
v -0.026527 0.012176 0.056462
v -0.026456 0.011300 0.054771
v -0.026900 0.012626 0.054957
v -0.026900 0.013385 0.054711
v -0.026686 0.013383 0.055411
v -0.025900 0.012894 0.054907
v -0.015989 -0.015552 0.067527
v -0.016000 -0.009521 0.072531
v -0.016000 -0.000652 0.075053
v -0.016000 0.009965 0.072441
v -0.016000 0.016572 0.066091
v -0.015976 0.019782 0.058174
v -0.015977 0.019660 0.051743
v -0.015999 0.017255 0.044979
v -0.015990 0.012412 0.039370
v -0.015969 0.005535 0.035823
v -0.015962 -0.003503 0.035237
v -0.015980 -0.011550 0.038532
v -0.015962 -0.017710 0.045744
v -0.015992 -0.019802 0.052228
v -0.015966 -0.019161 0.060562
v -0.015919 -0.015822 0.047146
v -0.016000 -0.015751 0.062632
v -0.015896 -0.017642 0.062682
v -0.015912 -0.016923 0.060772
v -0.015893 -0.015683 0.061099
v -0.015960 -0.007998 0.071922
v -0.015886 -0.006921 0.070413
v -0.015906 -0.005799 0.071484
v -0.015923 0.007521 0.070735
v -0.015938 0.006123 0.072591
v -0.015918 0.006009 0.070787
v -0.015875 0.015432 0.062044
v -0.015931 0.017465 0.062750
v -0.015960 0.017080 0.060810
v -0.015964 0.016356 0.049267
v -0.015896 0.015543 0.047828
v -0.015960 0.016634 0.047000
v -0.015822 0.017868 0.047994
v -0.015921 0.006446 0.039451
v -0.015896 0.005801 0.038087
v -0.015913 0.007038 0.037193
v -0.015954 -0.007538 0.039233
v -0.015912 -0.007957 0.037939
v -0.014589 -0.016926 0.049383
v -0.014529 -0.015230 0.048141
v -0.014555 -0.015826 0.060673
v -0.014590 -0.016005 0.062991
v -0.014581 -0.006176 0.070411
v -0.014565 0.007694 0.070696
v -0.014616 0.005769 0.070915
v -0.014605 0.015295 0.061379
v -0.014541 0.016050 0.049422
v -0.014602 0.015791 0.047109
v -0.014573 0.005647 0.038821
v -0.014507 0.006683 0.039784
v -0.014537 -0.005671 0.039052
v -0.014585 -0.007454 0.039519
v -0.025563 -0.004471 0.069312
v -0.025579 0.001943 0.069874
v -0.025618 0.009462 0.066893
v -0.025562 0.014282 0.059508
v -0.025571 0.011745 0.045605
v -0.025561 -0.004008 0.066928
v -0.025562 -0.005044 0.067967
v -0.025546 -0.005723 0.066295
v -0.025530 -0.012976 0.059609
v -0.025559 -0.011547 0.060845
v -0.025574 -0.011297 0.059337
v -0.025544 -0.010999 0.050326
v -0.025559 -0.012695 0.050696
v -0.025558 -0.012522 0.049173
v -0.025549 -0.004124 0.042499
v -0.025576 -0.004482 0.043777
v -0.025503 -0.006038 0.043002
v -0.025542 0.004582 0.043894
v -0.025551 0.005959 0.042686
v -0.025562 0.004181 0.042420
v -0.025552 0.012431 0.050914
v -0.025499 0.011054 0.049630
v -0.025580 0.012814 0.049599
v -0.025530 0.010989 0.060121
v -0.025570 0.012656 0.060659
v -0.025566 0.012541 0.059137
v -0.025540 0.005286 0.067964
v -0.025555 0.004008 0.066703
v -0.025574 0.005660 0.066360
v -0.023184 0.013531 0.047016
v -0.023105 0.003721 0.040124
v -0.023095 -0.007207 0.041712
v -0.023145 -0.011330 0.044324
v -0.023230 -0.015053 0.050614
v -0.023147 -0.014681 0.059788
v -0.023133 -0.007465 0.068499
v -0.023142 -0.000923 0.070403
v -0.023209 0.007013 0.068949
v -0.023224 0.012959 0.063507
v -0.023156 0.014630 0.058400
v -0.023087 0.014470 0.050652
v -0.023023 -0.004074 0.066751
v -0.023046 -0.005136 0.067910
v -0.023050 -0.005556 0.066215
v -0.023011 -0.011144 0.059700
v -0.023051 -0.012699 0.060653
v -0.023039 -0.012479 0.059256
v -0.022970 -0.011150 0.050055
v -0.023055 -0.011833 0.050929
v -0.023017 -0.012814 0.050271
v -0.023079 -0.012265 0.049126
v -0.022993 -0.004551 0.042226
v -0.023027 -0.004370 0.043719
v -0.023057 -0.005900 0.042821
v -0.023010 0.005146 0.043902
v -0.023029 0.004319 0.043525
v -0.023015 0.004334 0.042388
v -0.023057 0.005645 0.042286
v -0.023037 0.012882 0.050472
v -0.023012 0.011359 0.050586
v -0.023029 0.011580 0.049198
v -0.023083 0.011940 0.059026
v -0.023023 0.012845 0.059852
v -0.023061 0.012095 0.060865
v -0.022971 0.011155 0.059937
v -0.023048 0.004418 0.067721
v -0.023022 0.005927 0.067063
v -0.022989 0.004426 0.066273
v -0.023400 -0.012192 0.065592
v -0.023386 -0.010548 0.042438
v -0.023344 -0.000441 0.038866
v -0.023241 0.005713 0.040130
v -0.023383 0.016102 0.056130
v -0.023447 -0.016161 0.056087
v -0.023314 -0.011409 0.043500
v -0.023489 0.010769 0.042180
v -0.023380 0.011259 0.066813
v -0.023490 -0.010729 0.067816
v -0.023511 0.019512 0.052804
v -0.023383 0.001994 0.034848
v -0.023472 -0.002144 0.035323
v -0.023056 -0.020042 0.056672
v -0.023459 -0.001606 0.071968
v -0.023414 -0.001776 0.074747
v -0.023195 0.001854 0.075185
v -0.023443 0.001655 0.072120
v -0.023397 -0.006437 0.073920
v -0.023393 -0.006197 0.071026
v -0.023392 -0.006388 0.072459
v -0.023339 -0.007768 0.071193
v -0.023383 -0.012817 0.070344
v -0.023407 -0.016127 0.062722
v -0.023321 -0.016372 0.060924
v -0.023338 -0.018678 0.062571
v -0.023407 -0.017509 0.062143
v -0.023409 0.007395 0.070813
v -0.023425 0.006005 0.071304
v -0.023342 0.007113 0.072586
v -0.023435 0.010859 0.068076
v -0.023337 0.012857 0.070409
v -0.023504 -0.015397 0.042765
v -0.023420 -0.016235 0.047261
v -0.023379 -0.015933 0.048815
v -0.023378 -0.020186 0.052986
v -0.023444 -0.017148 0.053338
v -0.023379 -0.017585 0.048038
v -0.023343 0.017547 0.061561
v -0.023359 0.018857 0.062129
v -0.023413 0.019752 0.056775
v -0.023440 0.013087 0.065864
v -0.023422 0.016325 0.062785
v -0.023395 0.015822 0.061301
v -0.023419 0.015269 0.067750
v -0.023395 -0.007852 0.038295
v -0.023374 -0.006193 0.039071
v -0.023415 -0.006496 0.037521
v -0.023377 -0.009319 0.037291
v -0.023386 0.015897 0.047452
v -0.023380 0.015676 0.042120
v -0.023368 0.017580 0.047918
v -0.023428 0.016301 0.049006
v -0.023477 0.012494 0.044331
v -0.023418 0.006539 0.039248
v -0.023391 0.012820 0.039644
v -0.023360 0.007883 0.038282
v -0.023374 0.006160 0.037715
v -0.023096 0.001195 0.038417
v -0.022786 -0.013080 0.039672
v -0.023395 -0.015229 0.067730
v -0.022300 0.011102 0.066997
v -0.022343 -0.000641 0.074750
v -0.022342 -0.013012 0.069464
v -0.022414 0.014519 0.042137
v -0.022300 0.016342 0.054275
v -0.022300 0.016325 0.055514
v -0.022297 0.013291 0.043933
v -0.023002 0.011480 0.043459
v -0.022300 0.011989 0.043893
v -0.022345 0.011365 0.041260
v -0.022340 0.011058 0.042834
v -0.022356 0.013313 0.040523
v -0.022412 -0.014510 0.068269
v -0.022389 -0.019500 0.053968
v -0.022300 -0.000517 0.038675
v -0.022300 -0.011107 0.043011
v -0.022320 -0.017237 0.053381
v -0.022300 -0.016339 0.055721
v -0.022321 -0.017013 0.056544
v -0.022300 -0.016325 0.054486
v -0.022287 -0.013626 0.066137
v -0.023001 -0.011496 0.066527
v -0.022300 -0.011992 0.066106
v -0.022343 -0.011048 0.067169
v -0.022343 -0.011387 0.068760
v -0.022311 -0.001653 0.072495
v -0.022300 0.000517 0.071325
v -0.022300 -0.000669 0.071336
v -0.022339 0.000946 0.071605
v -0.015971 0.008108 0.038550
v -0.015926 -0.006206 0.037400
v -0.015911 -0.006119 0.039199
v -0.015942 -0.017834 0.048264
v -0.015906 -0.016051 0.049122
v -0.015905 0.008023 0.071974
v -0.015879 -0.006395 0.072704
v -0.017966 -0.011467 0.049507
v -0.017734 -0.012329 0.050514
v -0.017965 -0.011314 0.060235
v -0.017723 -0.012520 0.059749
v -0.017739 -0.004463 0.066715
v -0.017961 -0.005518 0.067525
v -0.017961 0.005503 0.067544
v -0.017802 0.004521 0.066560
v -0.017966 0.011467 0.060493
v -0.017734 0.012329 0.059486
v -0.017917 0.012071 0.050748
v -0.017684 0.012046 0.049462
v -0.017965 0.004427 0.043502
v -0.017703 0.005355 0.042640
v -0.017924 -0.004870 0.043717
v -0.017688 -0.004929 0.042394
v -0.022476 -0.011692 0.066406
v -0.022464 -0.011464 0.066630
v -0.022323 -0.011325 0.066883
v -0.023517 -0.014202 0.068850
v -0.023459 -0.011492 0.066511
v -0.023470 -0.011330 0.068828
v -0.023474 -0.013246 0.066211
v -0.023329 -0.013428 0.067756
v -0.022991 -0.012186 0.067670
v -0.023340 -0.012665 0.068540
v 0.024782 0.018690 0.051123
v 0.022800 0.018113 0.050675
v 0.024807 0.015981 0.051511
v 0.022799 0.015240 0.052629
v 0.022800 0.017796 0.054782
v 0.024822 0.017596 0.054484
v 0.024809 0.019129 0.053315
v 0.022800 0.019447 0.052942
v 0.024746 0.015883 0.053817
v 0.023767 0.017930 0.053468
v 0.023646 0.017095 0.052136
v -0.022330 0.001750 0.073367
v -0.022468 0.000124 0.071331
v -0.022406 -0.000422 0.071367
v -0.023466 0.000500 0.074659
v -0.023463 -0.001481 0.073891
v -0.023393 0.000660 0.071315
v -0.023462 -0.001167 0.071800
v -0.023446 0.001685 0.073169
v -0.022958 0.000342 0.072576
v -0.023329 0.000619 0.073530
v -0.023329 -0.000475 0.073515
v -0.022320 -0.019603 0.055765
v -0.022464 -0.016330 0.055118
v -0.022401 -0.016342 0.054832
v -0.023466 -0.019659 0.055500
v -0.023463 -0.018891 0.053519
v -0.023406 -0.016269 0.055560
v -0.023452 -0.017054 0.053735
v -0.023446 -0.018169 0.056685
v -0.022958 -0.017576 0.055342
v -0.023329 -0.018530 0.055619
v -0.023329 -0.018515 0.054525
v -0.022468 0.011460 0.043364
v -0.022323 0.011325 0.043116
v -0.022477 0.011686 0.043589
v -0.023510 0.012614 0.040714
v -0.023486 0.014521 0.042238
v -0.023464 0.011495 0.043489
v -0.023467 0.011179 0.041922
v -0.023505 0.012931 0.043833
v -0.023329 0.013428 0.042244
v -0.022700 0.012728 0.042678
v 0.025322 -0.003741 0.051587
v 0.025274 -0.001764 0.047652
v 0.025281 -0.006515 0.045684
v 0.025298 -0.007798 0.049959
v 0.025364 -0.003049 0.047884
v 0.025333 -0.003579 0.050391
v 0.025335 -0.007143 0.048937
v 0.025362 -0.005763 0.046773
v 0.027396 -0.007119 0.048836
v 0.027461 -0.005182 0.046992
v 0.027377 -0.002780 0.048366
v 0.027479 -0.004471 0.050240
v 0.027405 -0.005879 0.048793
v 0.024502 0.001093 0.055746
v 0.025104 0.000660 0.055709
v 0.025064 -0.000958 0.055333
v 0.027370 0.007031 0.052186
v 0.027485 0.006252 0.054425
v 0.027377 0.010154 0.053724
v 0.027405 0.008730 0.053368
v 0.027489 0.008615 0.055540
v 0.025364 0.009886 0.053242
v 0.025333 0.009355 0.055748
v 0.025332 0.006642 0.052219
v 0.025364 0.006107 0.054725
v 0.025329 0.009193 0.056944
v 0.025280 0.011174 0.053044
v 0.025282 0.004803 0.054915
v 0.013896 0.008789 0.072191
v 0.013900 -0.019217 0.059994
v 0.013900 -0.007382 0.037276
v 0.013900 -0.005502 0.035678
v 0.013897 0.012655 0.070468
v 0.013896 -0.018319 0.060896
v 0.013900 0.016624 0.045469
v 0.013896 -0.009575 0.038312
v 0.013900 -0.005027 0.036474
v 0.013895 0.018950 0.049957
v 0.013898 0.012808 0.069318
v 0.013900 -0.020044 0.053839
v 0.013857 0.001844 0.035195
v 0.013854 0.009047 0.037279
v 0.013829 0.016163 0.043083
v 0.013850 -0.012366 0.039409
v 0.013892 -0.017517 0.045554
v 0.014710 0.019860 0.057605
v 0.013868 0.017499 0.064528
v 0.013860 0.005330 0.074155
v 0.013861 -0.002091 0.074779
v 0.013862 -0.009211 0.072636
v 0.013853 -0.014878 0.068276
v 0.017112 0.020008 0.057698
v 0.025258 0.019246 0.060560
v 0.025295 0.019826 0.052738
v 0.025261 -0.018664 0.047359
v 0.025257 0.016231 0.042657
v 0.025242 0.006904 0.036196
v 0.025278 -0.003614 0.035027
v 0.017024 0.015735 0.067355
v 0.025272 0.013300 0.070388
v 0.015102 0.016080 0.067275
v 0.025244 -0.019954 0.056674
v 0.025275 -0.016224 0.067337
v 0.025283 -0.007970 0.073164
v 0.025271 -0.000288 0.075314
v 0.019800 -0.018808 0.058446
v 0.012595 -0.019229 0.055905
v 0.012956 -0.009618 0.038135
v 0.019800 -0.008044 0.037776
v 0.019800 -0.007364 0.037265
v 0.019800 -0.006304 0.037076
v 0.012561 -0.000429 0.035911
v 0.019800 0.017131 0.046783
v 0.019800 0.017747 0.047658
v 0.019800 0.017865 0.048515
v 0.019800 0.010862 0.070736
v 0.015176 0.014787 0.066956
v 0.015113 0.019003 0.057195
v 0.017035 0.018934 0.057047
v 0.017075 0.014923 0.066904
v 0.019800 -0.007786 0.037668
v 0.012595 0.007465 0.037398
v 0.012616 0.013365 0.041382
v 0.019800 0.017761 0.048250
v 0.019800 0.017554 0.047729
v 0.012542 0.012942 0.069276
v 0.025193 -0.004970 0.072726
v 0.025196 -0.008992 0.071018
v 0.025194 -0.005799 0.069152
v 0.025277 0.015402 0.053372
v 0.025300 0.008474 0.042548
v 0.025200 0.016867 0.050393
v 0.025300 -0.011470 0.057476
v 0.025300 -0.009597 0.048556
v 0.025275 0.001138 0.055836
v 0.025300 -0.008850 0.058888
v 0.025267 -0.008616 0.061661
v 0.025318 0.006798 0.051023
v 0.025277 -0.005956 0.055285
v 0.025300 -0.012426 0.046554
v 0.025213 -0.012457 0.042530
v 0.025141 -0.008706 0.039816
v 0.025220 -0.009743 0.042927
v 0.025281 0.001439 0.065800
v 0.025299 0.003767 0.062474
v 0.025300 -0.002810 0.069756
v 0.025300 -0.002180 0.066421
v 0.025300 -0.006487 0.064628
v 0.025268 0.004038 0.059457
v 0.024823 -0.000683 0.054040
v 0.024760 -0.001073 0.055586
v 0.025300 -0.008474 0.067452
v 0.025023 0.000685 0.054107
v 0.025300 0.011379 0.057191
v 0.025300 0.006776 0.060433
v 0.025300 0.009597 0.061444
v 0.025300 0.014908 0.057997
v 0.025300 0.012482 0.063452
v 0.025300 0.006487 0.045372
v 0.025300 0.002942 0.040088
v 0.025300 0.002180 0.043579
v 0.025300 -0.014958 0.051947
v 0.025300 -0.011379 0.052806
v 0.025299 -0.008564 0.056163
v 0.025299 0.004858 0.065296
v 0.025299 0.006732 0.063161
v 0.025295 -0.012333 0.039356
v 0.025300 -0.016643 0.056657
v 0.025300 -0.018244 0.057091
v 0.025300 -0.017238 0.058162
v 0.025190 0.017655 0.054967
v 0.025300 0.006825 0.037931
v 0.025300 0.005866 0.039284
v 0.025300 0.007482 0.039265
v 0.025300 0.009760 0.068690
v 0.025300 0.011361 0.068257
v 0.025300 0.010765 0.069762
v 0.024147 -0.005999 0.055325
v 0.024140 0.004016 0.059451
v 0.024142 0.001409 0.065772
v 0.024140 -0.008609 0.061635
v 0.027165 0.006271 0.063195
v 0.027050 0.004299 0.062218
v 0.027143 0.003997 0.064376
v 0.027147 0.005646 0.064679
v 0.027041 -0.008103 0.057623
v 0.027147 -0.009306 0.056343
v 0.027159 -0.010643 0.056628
v 0.027167 -0.010117 0.058677
v 0.027740 -0.011394 0.052713
v 0.027730 -0.009677 0.048520
v 0.027762 -0.012637 0.046661
v 0.027740 -0.014728 0.052106
v 0.027741 0.002269 0.043532
v 0.027737 0.006522 0.045293
v 0.027750 0.008367 0.042587
v 0.027750 0.002990 0.040129
v 0.027737 0.011394 0.057282
v 0.027730 0.009677 0.061480
v 0.027748 0.012452 0.063346
v 0.027749 0.014864 0.058034
v 0.019956 -0.016702 0.057654
v 0.020140 -0.018032 0.056678
v 0.019968 0.007426 0.038898
v 0.020225 0.005776 0.038551
v 0.027741 -0.002269 0.066468
v 0.027737 -0.006522 0.064707
v 0.027749 -0.008367 0.067412
v 0.027750 -0.002990 0.069871
v 0.019956 0.011302 0.069254
v 0.020140 0.009972 0.068277
v 0.027800 -0.011303 0.049398
v 0.027800 -0.012904 0.049832
v 0.027800 -0.011899 0.050903
v 0.027800 0.005520 0.042179
v 0.027800 0.004116 0.043030
v 0.027800 0.005084 0.043869
v 0.027800 0.011303 0.060602
v 0.027800 0.012904 0.060168
v 0.027800 0.011899 0.059097
v 0.027800 -0.005520 0.067821
v 0.027800 -0.004116 0.066970
v 0.027800 -0.005084 0.066131
v 0.024100 0.005764 0.063382
v 0.024100 0.004373 0.063786
v 0.024100 -0.009534 0.058210
v 0.024100 -0.009795 0.056774
v 0.023456 -0.011362 0.050395
v 0.023640 -0.012692 0.049418
v 0.023468 0.005704 0.043055
v 0.023725 0.004053 0.042709
v 0.023456 0.011362 0.059605
v 0.023640 0.012692 0.060582
v 0.023468 -0.005704 0.066945
v 0.023725 -0.004053 0.067291
v -0.026642 -0.012723 0.056709
v -0.026472 -0.014531 0.055759
v -0.026519 -0.014121 0.053678
v -0.026616 -0.012216 0.053734
v -0.026456 -0.011300 0.055229
v -0.026686 -0.012617 0.055411
v -0.026900 -0.013374 0.054957
v -0.025900 -0.013106 0.054907
v -0.026619 -0.001591 0.054819
v -0.026643 -0.000123 0.053291
v -0.026455 0.001405 0.054297
v -0.026713 0.001528 0.055658
v -0.026680 -0.000646 0.056535
v -0.026576 -0.000094 0.054708
v -0.026905 0.000093 0.055251
v -0.027618 -0.011321 0.056033
v -0.027527 -0.012088 0.053401
v -0.027637 -0.014781 0.056175
v -0.027602 -0.014863 0.054398
v -0.027569 0.013079 0.047668
v -0.027552 -0.012294 0.050977
v -0.027553 -0.005867 0.066559
v -0.027631 -0.007775 0.063502
v -0.027600 -0.011310 0.059357
v -0.027576 -0.003572 0.065025
v -0.027590 -0.000201 0.069934
v -0.027619 0.011319 0.053966
v -0.027626 0.014834 0.055793
v -0.027527 0.012088 0.056599
v -0.027600 0.011422 0.050703
v -0.027639 0.008352 0.047141
v -0.027560 0.004232 0.045178
v -0.027670 -0.010936 0.050410
v -0.027557 -0.003998 0.045084
v -0.027518 0.003986 0.043347
v -0.027541 0.005007 0.042038
v -0.027565 0.008969 0.042982
v -0.027514 0.005848 0.043429
v -0.027492 0.012432 0.060894
v -0.027572 0.012891 0.062637
v -0.027662 0.010938 0.059583
v -0.027558 0.012295 0.059020
v -0.027545 0.004943 0.067964
v -0.027570 0.007400 0.068175
v -0.027545 0.005971 0.066689
v -0.027548 0.004087 0.064867
v -0.027525 0.004080 0.066559
v -0.027511 -0.003990 0.066655
v -0.027711 -0.005222 0.068197
v -0.027578 -0.013083 0.062314
v -0.027492 -0.012432 0.049106
v -0.027574 -0.012887 0.047343
v -0.027458 -0.010469 0.045452
v -0.027573 -0.008659 0.042762
v -0.027495 -0.005399 0.042077
v -0.027579 0.000133 0.039822
v -0.027545 -0.004041 0.043099
v -0.027522 -0.005300 0.043899
v -0.027429 0.010456 0.045412
v -0.027484 0.008046 0.045200
v -0.027600 0.011545 0.049129
v -0.027600 0.012919 0.050431
v -0.027628 0.014661 0.053845
v -0.027450 0.010135 0.063267
v -0.027454 0.007898 0.064121
v -0.027514 0.009547 0.065388
v -0.027726 -0.009650 0.065867
v -0.027437 -0.010170 0.063293
v -0.027491 -0.008235 0.044990
v -0.027468 -0.008670 0.046986
v -0.027600 -0.011579 0.060827
v -0.027600 -0.013005 0.059728
v -0.025554 -0.013150 0.062172
v -0.025566 -0.009392 0.066634
v -0.025558 0.014809 0.052351
v -0.025554 0.006268 0.041411
v -0.025554 0.000363 0.040026
v -0.025554 -0.005734 0.041163
v -0.025555 -0.012013 0.045829
v -0.025554 -0.015108 0.054653
v -0.027342 -0.001757 0.054350
v -0.027360 0.000567 0.053314
v -0.027361 -0.000449 0.056724
v -0.027340 0.001763 0.055513
v 0.022205 0.007409 0.054690
v 0.022205 0.008613 0.053251
v 0.022205 -0.005843 0.048469
v 0.022205 -0.003994 0.048793
v 0.010225 -0.013342 0.049385
v 0.011921 -0.013643 0.049569
v 0.011235 0.013086 0.061246
v 0.010730 0.013918 0.059775
v -0.025600 -0.010384 0.064181
v -0.025600 -0.008606 0.065230
v -0.025600 -0.008587 0.063166
v -0.023000 -0.010323 0.064100
v -0.023000 -0.008707 0.065218
v -0.023000 -0.008547 0.063260
v -0.025600 -0.010219 0.045202
v -0.025600 -0.008877 0.047014
v -0.025600 -0.008380 0.045020
v -0.025600 0.008882 0.046896
v -0.025600 0.010398 0.045492
v -0.025600 0.008166 0.045202
v -0.025600 0.009187 0.065454
v -0.025600 0.010145 0.063680
v -0.025600 0.008606 0.063155
v -0.023000 0.009085 0.065394
v -0.023000 0.009300 0.062991
v -0.023000 0.010318 0.045613
v -0.023000 0.008022 0.046015
v -0.023000 -0.010265 0.045413
v -0.023000 -0.008075 0.046213
v -0.026513 0.009963 0.051714
v -0.026549 0.003630 0.055887
v -0.026499 0.002553 0.052816
v -0.026535 0.006779 0.047135
v -0.026576 -0.007661 0.062738
v -0.026523 0.009506 0.059286
v -0.026452 -0.003489 0.054135
v -0.026518 0.003636 0.065034
v -0.026567 -0.000920 0.058390
v -0.026580 -0.010052 0.052464
v -0.026577 -0.001260 0.051707
v -0.026500 -0.008270 0.048210
v -0.026535 0.000306 0.044481
v -0.026408 -0.009979 0.058775
v -0.026308 0.001555 0.058264
v -0.026398 0.001100 0.052005
v 0.024503 0.001015 0.055052
v 0.024417 0.000698 0.054143
v 0.024501 0.000669 0.054219
v 0.024501 -0.000284 0.054011
v 0.024442 -0.000567 0.054150
v 0.024503 -0.000941 0.054620
v 0.024420 -0.001053 0.055308
v 0.024442 0.000006 0.056024
v 0.024500 -0.000227 0.055974
v 0.024500 -0.000957 0.055291
v 0.024500 -0.000683 0.055730
v 0.024500 0.000291 0.055957
v 0.024456 0.000918 0.055507
v 0.024500 0.000730 0.055683
v 0.024500 0.000285 0.056011
v 0.024500 0.000698 0.055785
v 0.024502 0.001043 0.055246
v 0.024500 0.000957 0.054568
v 0.024500 0.000636 0.054164
v 0.024500 0.000161 0.053962
v 0.024500 -0.000353 0.054011
v 0.024503 -0.000902 0.054410
v 0.024500 -0.001049 0.055042
v 0.024497 -0.000825 0.055668
v 0.024500 -0.000184 0.056034
v -0.008858 -0.000545 0.036405
v -0.010301 -0.000904 0.036692
v -0.008889 0.000577 0.037659
v -0.010300 0.000940 0.037259
v 0.005300 -0.002899 0.035927
v 0.008300 -0.003138 0.035839
v 0.005300 -0.011112 0.038870
v 0.008300 -0.011056 0.038692
v 0.005300 -0.016308 0.043944
v 0.008300 -0.016130 0.043888
v 0.005300 -0.019161 0.051862
v 0.008300 -0.019073 0.052101
v 0.005300 -0.019350 0.058714
v 0.008300 -0.019171 0.058282
v 0.005300 -0.015903 0.066198
v 0.008300 -0.016334 0.065990
v 0.005300 0.002899 0.074073
v 0.008300 0.003138 0.074161
v 0.005300 0.011112 0.071130
v 0.008300 0.011056 0.071308
v 0.005300 0.016308 0.066056
v 0.008300 0.016130 0.066112
v 0.005300 0.019161 0.058138
v 0.008300 0.019073 0.057899
v -0.010300 0.011962 0.067300
v -0.008769 0.012423 0.068418
v -0.010300 0.013561 0.068164
v -0.008992 0.013095 0.066864
v -0.010300 -0.012083 0.041549
v -0.008992 -0.013095 0.043136
v -0.010300 -0.013373 0.042995
v -0.008769 -0.012423 0.041582
v 0.005300 -0.010990 0.071334
v 0.008300 -0.011232 0.070850
v 0.005300 -0.003221 0.074153
v 0.008300 -0.003714 0.074350
v -0.009873 0.017237 0.054237
v -0.008758 0.017858 0.055659
v -0.010300 0.017937 0.055888
v -0.009849 0.018997 0.054862
v -0.014577 0.017990 0.056257
v -0.014573 0.019194 0.054777
v -0.014636 0.017062 0.054030
v -0.022239 0.016966 0.055726
v -0.022224 0.017899 0.053728
v -0.022219 0.019080 0.055571
v -0.015968 0.019167 0.055499
v -0.016013 0.016954 0.054363
v -0.015987 0.017286 0.056166
v -0.015966 0.018548 0.053804
v -0.014630 -0.013817 0.043046
v -0.014571 -0.011563 0.042745
v -0.014572 -0.012601 0.041044
v -0.022199 -0.011525 0.041785
v -0.022253 -0.013403 0.043380
v -0.022220 -0.013608 0.041426
v -0.015972 -0.011432 0.042438
v -0.015984 -0.013767 0.043256
v -0.016012 -0.012938 0.040952
v -0.014638 0.013504 0.066640
v -0.014574 0.011509 0.067854
v -0.014569 0.013241 0.068890
v -0.022240 0.012061 0.068816
v -0.022227 0.011866 0.066861
v -0.022204 0.013976 0.067316
v -0.015972 0.014024 0.067894
v -0.015984 0.011689 0.068712
v -0.016012 0.012517 0.066408
v -0.014580 0.000600 0.035820
v -0.014574 -0.001168 0.037559
v -0.014587 0.000712 0.037964
v -0.022238 0.000541 0.038129
v -0.022219 -0.001223 0.037061
v -0.022226 0.000371 0.035774
v -0.015983 -0.000013 0.038222
v -0.015995 -0.001279 0.037151
v -0.015986 -0.000031 0.035678
v -0.015946 0.001295 0.037259
v -0.014538 -0.012281 0.066662
v -0.014577 -0.011558 0.068065
v -0.014577 -0.013068 0.068865
v -0.014582 -0.013867 0.067191
v -0.015988 -0.013965 0.068059
v -0.015988 -0.011730 0.068726
v -0.015988 -0.012728 0.066378
v -0.022212 -0.013108 0.066497
v -0.022249 -0.013498 0.068637
v -0.022229 -0.011630 0.068281
v -0.009925 -0.013535 0.067035
v -0.010300 -0.013387 0.068404
v -0.008760 -0.012866 0.068399
v -0.009803 -0.011709 0.067487
v 0.005300 0.019114 0.051919
v 0.008300 0.019220 0.051571
v 0.005300 0.016092 0.043898
v 0.008300 0.015551 0.043582
v -0.014589 0.000694 0.074056
v -0.014584 0.000443 0.071803
v -0.014579 -0.001245 0.073283
v -0.015988 0.001218 0.072987
v -0.015973 0.000390 0.074231
v -0.015990 -0.001202 0.073376
v -0.015993 -0.000139 0.071658
v -0.022232 -0.001191 0.072696
v -0.022235 -0.000262 0.074144
v -0.022237 0.000287 0.071847
v -0.022262 0.001206 0.073200
v -0.010300 -0.000938 0.072787
v -0.009067 -0.000361 0.073855
v -0.010300 0.000940 0.073255
v -0.008725 0.000320 0.072415
v -0.014586 -0.018204 0.056243
v -0.014560 -0.016854 0.054367
v -0.014625 -0.019081 0.054304
v -0.015985 -0.016817 0.054303
v -0.015973 -0.017610 0.056231
v -0.015986 -0.019030 0.055646
v -0.015985 -0.018920 0.054081
v -0.022234 -0.019231 0.055097
v -0.022233 -0.017913 0.053792
v -0.022206 -0.017040 0.055861
v -0.008858 -0.018545 0.054405
v -0.010301 -0.018720 0.054360
v -0.009849 -0.018131 0.055997
v -0.009927 -0.016990 0.054869
v -0.014562 0.011533 0.042585
v -0.014598 0.012768 0.041048
v -0.014585 0.013746 0.043082
v -0.015988 0.012053 0.043441
v -0.015988 0.014091 0.041907
v -0.015988 0.011822 0.041366
v -0.022256 0.012685 0.041143
v -0.022227 0.011501 0.042324
v -0.022256 0.012741 0.043401
v -0.022230 0.013963 0.042215
v -0.010300 0.012837 0.041345
v -0.008726 0.012098 0.042530
v -0.010300 0.012678 0.043142
v -0.009066 0.013595 0.041938
v 0.019800 0.016564 0.053224
v 0.022800 0.018077 0.053812
v 0.019800 0.017150 0.053657
v 0.019800 0.017667 0.053679
v 0.019800 0.018343 0.053209
v 0.019800 0.018335 0.052182
v 0.022800 0.017514 0.051517
v 0.019800 0.017749 0.051749
v 0.019800 0.017232 0.051727
v 0.019800 0.016556 0.052197
v 0.022800 0.016346 0.052670
v 0.019800 0.016349 0.052516
v 0.019800 0.016453 0.053169
v 0.019800 0.017068 0.053763
v 0.019800 0.018092 0.053623
v 0.019800 0.018550 0.052890
v 0.019800 0.018446 0.052237
v 0.019800 0.017831 0.051642
v 0.019800 0.016807 0.051782
v 0.019800 -0.007256 0.070375
v 0.022800 -0.006671 0.070075
v 0.022800 -0.007838 0.071227
v 0.019800 -0.007762 0.071269
v 0.022800 -0.006108 0.072370
v 0.019800 -0.007241 0.072154
v 0.019800 -0.006517 0.072236
v 0.019800 -0.005842 0.071766
v 0.019800 -0.005998 0.070478
v 0.019800 -0.007836 0.071073
v 0.019800 -0.007574 0.072013
v 0.019800 -0.006895 0.072349
v 0.019800 -0.006093 0.072181
v 0.019800 -0.005635 0.071448
v 0.019800 -0.005897 0.070508
v 0.019800 -0.006575 0.070172
v 0.019800 -0.007378 0.070340
v 0.019800 -0.009693 0.041088
v 0.022800 -0.009717 0.040649
v 0.022800 -0.009985 0.040322
v 0.019800 -0.010143 0.040077
v 0.022800 -0.011491 0.040180
v 0.019800 -0.011320 0.040216
v 0.019800 -0.011739 0.041059
v 0.022800 -0.010662 0.042320
v 0.019800 -0.011220 0.041931
v 0.019800 -0.010193 0.041922
v 0.022800 -0.010234 0.040017
v 0.022800 -0.011089 0.040003
v 0.019800 -0.011815 0.040850
v 0.019800 -0.011553 0.041790
v 0.019800 -0.010874 0.042125
v 0.019800 -0.010071 0.041958
v 0.019800 -0.009614 0.041224
v 0.019800 -0.011357 0.040116
v -0.018903 0.004369 0.038242
v -0.019457 0.004230 0.038764
v -0.018902 -0.006148 0.039199
v -0.019457 -0.009235 0.040993
v -0.018903 -0.014588 0.045666
v -0.019444 -0.016042 0.050828
v -0.018903 -0.016880 0.057779
v -0.019444 -0.015430 0.061054
v -0.018903 -0.010808 0.068532
v -0.019438 -0.010232 0.067854
v -0.019457 -0.000762 0.071761
v -0.018903 0.002825 0.072087
v -0.019438 0.009063 0.068704
v -0.018903 0.013360 0.065685
v -0.019444 0.014824 0.062416
v -0.018903 0.017089 0.055791
v -0.019438 0.016399 0.054003
v -0.018903 0.014290 0.045596
v -0.019444 0.013835 0.045870
v -0.018341 -0.016124 0.059636
v -0.018341 -0.014234 0.046119
v -0.018341 -0.002925 0.038479
v -0.018361 0.007211 0.040238
v -0.018341 0.014808 0.047113
v -0.018341 0.015770 0.060727
v -0.018361 0.009179 0.068626
v -0.018341 -0.000574 0.071768
v -0.018361 -0.010122 0.067941
v 0.024203 -0.004244 0.051553
v 0.024100 -0.004248 0.051542
v 0.024346 -0.002003 0.049704
v 0.024203 -0.002383 0.047056
v 0.024101 -0.002369 0.047050
v 0.024100 -0.002977 0.050898
v 0.024100 -0.002165 0.049774
v 0.024100 -0.001945 0.048405
v 0.024202 -0.005628 0.045698
v 0.024100 -0.005625 0.045710
v 0.024100 -0.006896 0.046354
v 0.024274 -0.007422 0.046910
v 0.024100 -0.007708 0.047478
v 0.024234 -0.007800 0.049880
v 0.024100 -0.007928 0.048847
v 0.024100 -0.007467 0.050228
v 0.024101 -0.002287 0.046986
v 0.024100 -0.002072 0.049812
v 0.024100 -0.001838 0.048521
v 0.024100 -0.002808 0.050880
v 0.024101 -0.004188 0.051650
v 0.024101 -0.007547 0.050293
v 0.024100 -0.008035 0.048723
v 0.024100 -0.007800 0.047439
v 0.024101 -0.005684 0.045601
v 0.024100 -0.007053 0.046361
v 0.024203 0.008690 0.056911
v 0.024100 0.008686 0.056899
v 0.024347 0.010930 0.055064
v 0.024203 0.010552 0.052414
v 0.024102 0.010565 0.052407
v 0.024100 0.009957 0.056255
v 0.024100 0.010769 0.055131
v 0.024100 0.010990 0.053762
v 0.024202 0.007306 0.051056
v 0.024100 0.007309 0.051067
v 0.024322 0.005079 0.052867
v 0.024210 0.005432 0.055541
v 0.024102 0.005430 0.055560
v 0.024100 0.006038 0.051711
v 0.024100 0.005226 0.052835
v 0.024100 0.005006 0.054204
v 0.024101 0.010648 0.052343
v 0.024100 0.010862 0.055170
v 0.024100 0.011096 0.053886
v 0.024100 0.010126 0.056238
v 0.024101 0.008746 0.057008
v 0.024101 0.005388 0.055651
v 0.024100 0.004899 0.054080
v 0.024100 0.005134 0.052797
v 0.024101 0.007250 0.050959
v 0.024100 0.005876 0.051724
v 0.024099 -0.018089 0.061508
v 0.019854 -0.017650 0.060132
v 0.019865 -0.018827 0.054163
v 0.024100 -0.018983 0.053677
v 0.024099 -0.014821 0.042857
v 0.019790 -0.017729 0.047693
v 0.019800 -0.009119 0.038735
v 0.021581 -0.008517 0.038157
v 0.019800 0.015475 0.052844
v 0.019800 0.017950 0.049835
v 0.019834 0.014073 0.067707
v 0.019802 0.019200 0.056164
v 0.024100 0.014678 0.067399
v 0.019917 0.008347 0.072065
v 0.024099 0.008635 0.071682
v 0.019801 -0.003291 0.073793
v 0.024100 -0.002767 0.074215
v 0.021556 -0.004892 0.070226
v 0.019800 -0.006043 0.069569
v 0.021590 -0.003816 0.073427
v 0.021548 -0.006455 0.068844
v 0.019800 -0.010169 0.071081
v 0.021607 -0.010442 0.070699
v 0.024099 -0.010994 0.070486
v 0.019800 -0.017539 0.062981
v 0.023689 -0.010317 0.049319
v 0.023789 -0.004650 0.068810
v 0.024100 0.017833 0.048666
v 0.023781 -0.006345 0.068338
v 0.023678 -0.005223 0.065268
v 0.023764 0.006302 0.041595
v 0.024100 0.010706 0.050616
v 0.023567 0.010967 0.058501
v 0.024099 0.014346 0.053129
v 0.024100 0.009139 0.066879
v 0.023814 0.012134 0.061746
v 0.023726 -0.003171 0.066446
v 0.023907 -0.011184 0.058044
v 0.023816 -0.012158 0.051890
v 0.024100 -0.008679 0.043385
v 0.024098 -0.011084 0.048471
v 0.024100 0.011089 0.039243
v 0.023686 -0.006611 0.066326
v 0.024100 -0.014837 0.057020
v 0.023845 0.005154 0.040930
v 0.024100 0.003611 0.036180
v 0.024103 0.013733 0.059257
v 0.024099 0.018928 0.056813
v 0.023676 -0.013802 0.050180
v 0.023738 0.010291 0.060592
v 0.023865 0.005818 0.065020
v 0.023569 -0.010717 0.051095
v 0.024100 -0.001959 0.042067
v 0.023573 0.007028 0.045263
v 0.023577 0.001931 0.043142
v 0.024100 0.010610 0.047206
v 0.024100 -0.007970 0.037739
v 0.019799 -0.013911 0.042162
v 0.019800 -0.009487 0.042593
v 0.021536 -0.008941 0.042439
v 0.021655 -0.010101 0.043607
v 0.021575 -0.014098 0.042506
v 0.019847 0.003945 0.036466
v 0.019777 0.005772 0.040979
v 0.019843 0.010223 0.039090
v 0.021604 0.018809 0.056139
v 0.021518 0.015795 0.053956
v 0.021639 0.015057 0.051857
v 0.021554 0.017917 0.049348
v 0.019828 0.010240 0.066853
v 0.019775 -0.015020 0.057030
v 0.019880 0.008701 0.068494
v 0.023294 -0.012970 0.048675
v 0.019800 -0.001780 0.042148
v 0.019800 0.010196 0.047227
v 0.023308 0.013739 0.059842
v 0.019797 0.000325 0.066926
v 0.019799 -0.009151 0.062476
v 0.019798 0.011511 0.055936
v 0.019796 0.009019 0.062529
v 0.019799 -0.011462 0.051729
v 0.019800 -0.003621 0.036304
v 0.019800 0.015749 0.044237
v -0.022177 -0.011851 0.067028
v -0.022195 0.008855 0.040795
v -0.022185 0.004314 0.038616
v -0.022163 -0.003008 0.038455
v -0.022182 -0.008975 0.040747
v -0.022182 -0.014289 0.046103
v -0.022163 -0.015833 0.049332
v -0.022187 -0.016816 0.055688
v -0.022192 -0.015327 0.061742
v -0.022186 0.014432 0.046126
v -0.022178 -0.003986 0.071492
v -0.022163 0.003008 0.071545
v -0.022180 0.009432 0.068979
v -0.022174 0.013557 0.064905
v -0.022163 0.015833 0.060668
v -0.022182 0.016831 0.054354
v -0.022200 -0.003532 0.071028
v -0.022200 0.000122 0.038588
v -0.020858 -0.016269 0.059295
v -0.020867 -0.010089 0.041293
v -0.020861 0.006619 0.039542
v -0.020838 0.000669 0.038160
v -0.020860 0.010934 0.042208
v -0.020782 -0.007907 0.039921
v -0.020853 -0.012793 0.066217
v -0.020864 -0.014896 0.047185
v -0.020839 -0.016712 0.052593
v -0.020858 0.011854 0.066942
v -0.020864 0.007740 0.069934
v -0.020861 -0.006619 0.070458
v -0.020856 -0.000930 0.071869
v -0.020800 0.003995 0.071198
v -0.020864 0.014216 0.046007
v -0.020864 0.014896 0.062815
v -0.020867 0.016915 0.053116
v -0.020782 0.017012 0.055691
v -0.020800 0.010599 0.042016
v -0.020800 -0.016354 0.057583
v -0.020800 -0.011712 0.066703
v -0.020800 0.011805 0.066898
v -0.025559 0.000861 0.040492
v -0.025532 0.001402 0.042813
v -0.025551 -0.000886 0.043510
v -0.025040 -0.001522 0.041805
v -0.024378 0.000289 0.043166
v -0.024425 0.001407 0.041749
v -0.024387 -0.000827 0.041165
v -0.023180 -0.000568 0.041175
v -0.023149 0.000436 0.042898
v -0.025551 -0.011490 0.055886
v -0.025512 -0.013732 0.056249
v -0.025494 -0.014337 0.054253
v -0.025554 -0.012182 0.053589
v -0.024399 -0.014470 0.055866
v -0.024409 -0.012742 0.056162
v -0.024446 -0.011861 0.054362
v -0.024381 -0.013902 0.054318
v -0.023026 -0.012699 0.055900
v -0.023062 -0.012295 0.054293
v -0.023053 -0.013967 0.054819
v -0.025987 -0.012030 0.054884
v -0.026300 -0.013087 0.054059
v -0.026300 -0.013697 0.055755
v -0.025542 -0.000523 0.069615
v -0.024955 -0.001392 0.067695
v -0.025562 -0.000451 0.066430
v -0.025477 0.001711 0.067761
v -0.024403 -0.000744 0.068954
v -0.024382 0.000973 0.068566
v -0.024429 0.000425 0.066746
v -0.023168 0.000570 0.068827
v -0.023164 -0.000432 0.067111
v -0.023049 0.013652 0.055685
v -0.026300 0.012584 0.055861
v -0.023060 0.011992 0.055240
v -0.026300 0.012397 0.054252
v -0.023046 0.013541 0.054184
v -0.026300 0.013983 0.054936
v -0.025500 0.014465 0.055438
v -0.025513 0.012898 0.056369
v -0.025561 0.011431 0.055450
v -0.025540 0.012004 0.054039
v -0.025545 0.013464 0.053446
v -0.024400 0.012283 0.055973
v -0.024398 0.014059 0.055506
v -0.024414 0.013207 0.053821
v -0.024398 0.011517 0.054137
v 0.005301 0.011413 0.039468
v 0.008318 0.010918 0.038971
v 0.005300 0.003593 0.035797
v 0.008252 0.003627 0.035855
v 0.011795 -0.018511 0.047429
v 0.011798 -0.018500 0.047400
v 0.011804 -0.018463 0.047311
v 0.011800 -0.018488 0.047371
v 0.011809 -0.018487 0.047369
v 0.011805 -0.018497 0.047393
v -0.014967 -0.033247 0.056500
v -0.007513 0.036325 0.056500
v -0.015500 0.042461 0.056249
v 0.023851 0.038315 0.056500
v -0.007513 -0.036675 0.056500
v -0.015500 -0.042378 0.056250
v 0.023645 -0.038331 0.056500
v -0.004475 -0.038012 0.056500
v -0.014753 0.033033 0.056500
v 0.043598 0.031306 0.056500
v -0.004252 -0.035030 0.056500
v 0.026322 0.036631 0.056500
v -0.004252 0.037970 0.056500
v 0.023645 0.034669 0.056500
v 0.023851 -0.034685 0.056500
v -0.004475 0.034988 0.056500
v 0.043306 -0.031598 0.056500
v 0.026322 -0.036369 0.056500
v -0.007513 -0.036325 0.054500
v -0.014753 -0.033033 0.054500
v 0.026322 0.036369 0.054500
v 0.052492 0.041234 0.054463
v 0.023645 0.038331 0.054500
v -0.004475 -0.034988 0.054500
v 0.043598 -0.031306 0.054500
v -0.004252 -0.037970 0.054500
v 0.023851 -0.038315 0.054500
v -0.014967 0.033247 0.054500
v 0.052474 -0.041060 0.054476
v 0.026322 -0.036631 0.054500
v -0.015500 0.040887 0.054428
v -0.004475 0.038012 0.054500
v -0.004252 0.035030 0.054500
v 0.023851 0.034685 0.054500
v -0.007513 0.036675 0.054500
v 0.023645 -0.034669 0.054500
v 0.043306 0.031598 0.054500
v 0.054107 0.041333 0.055866
v 0.054139 -0.042000 0.055768
v 0.082501 0.042253 0.024578
v 0.083765 0.042467 0.026143
v 0.081523 -0.031021 0.025556
v 0.081523 0.033979 0.025556
v 0.079179 0.033952 0.027899
v 0.078847 0.031247 0.028232
v 0.081759 -0.033739 0.025320
v 0.078847 -0.033753 0.028232
v 0.082350 -0.042467 0.024728
v 0.081759 0.031261 0.025320
v 0.079179 -0.031048 0.027899
v 0.083915 -0.042253 0.025992
v 0.083233 -0.033753 0.026675
v 0.083233 0.031247 0.026675
v 0.082900 0.033952 0.027007
v 0.080321 -0.033739 0.029586
v 0.082900 -0.031048 0.027007
v 0.080557 -0.031021 0.029351
v 0.080594 0.031048 0.029314
v 0.080261 0.033753 0.029646
v 0.052387 -0.041498 0.056500
v -0.015500 -0.040851 0.054462
v -0.014753 -0.043000 0.047033
v -0.014967 -0.041000 0.047247
v 0.051625 -0.041000 0.047033
v 0.051838 -0.043000 0.047247
v 0.052375 0.041799 0.056439
v 0.051655 0.043000 0.047041
v 0.051831 0.041000 0.047217
v -0.014753 0.041000 0.047033
v -0.014967 0.043000 0.047247
v 0.028984 -0.024403 0.124166
v 0.028464 -0.039995 0.124434
v 0.027430 -0.040449 0.120919
v 0.027334 -0.042937 0.120560
v 0.014001 -0.041000 0.073043
v 0.043759 -0.020896 0.083666
v 0.048222 -0.040450 0.100322
v 0.040804 -0.023321 0.072638
v 0.043945 0.021699 0.084360
v 0.037311 -0.040540 0.059698
v 0.043166 0.021370 0.081454
v 0.040812 0.023029 0.072668
v 0.037311 0.040750 0.059603
v 0.043638 0.024155 0.083216
v 0.048225 0.040130 0.100334
v 0.043129 -0.023157 0.081313
v 0.037284 0.023700 0.059500
v 0.043799 -0.023944 0.083815
v 0.037284 -0.023700 0.059500
v 0.038933 -0.034153 0.110002
v 0.037471 -0.033793 0.111465
v 0.029661 -0.034397 0.119274
v 0.028003 -0.024353 0.120936
v 0.036561 0.023167 0.112374
v 0.028133 -0.031851 0.120802
v 0.030456 -0.031252 0.118479
v 0.039344 0.032366 0.109591
v 0.029981 0.030856 0.118955
v 0.037825 0.033757 0.111111
v 0.038179 -0.030388 0.110756
v 0.036712 -0.022953 0.112223
v 0.030456 0.033748 0.118479
v 0.027446 0.040285 0.120978
v 0.027993 0.032675 0.120942
v 0.037461 0.031546 0.111475
v 0.028032 0.024441 0.120910
v 0.013058 0.028656 0.056500
v 0.013561 0.027536 0.059500
v 0.012075 0.024987 0.059500
v 0.012697 0.025356 0.056500
v 0.010003 0.026655 0.056500
v 0.010742 0.028656 0.059500
v 0.012697 -0.025356 0.059500
v 0.013913 -0.027175 0.056500
v 0.013058 -0.028656 0.059500
v 0.010430 -0.028248 0.056500
v 0.010003 -0.026655 0.059500
v 0.011884 -0.024275 0.056500
v -0.005851 0.035116 0.059500
v -0.000401 0.024856 0.059500
v -0.000408 0.029065 0.059500
v -0.015140 0.024102 0.059500
v 0.002119 0.027218 0.059500
v 0.024355 0.028831 0.059500
v 0.024795 0.025829 0.059500
v 0.021844 0.025842 0.059500
v -0.015094 0.040307 0.059500
v -0.008507 0.040517 0.059645
v -0.009942 0.043224 0.059238
v -0.006517 0.037531 0.059501
v -0.004139 0.037042 0.059362
v 0.025581 0.035583 0.059500
v 0.023388 0.035746 0.059500
v 0.024372 0.037980 0.059500
v -0.011897 0.025356 0.059500
v -0.009203 0.026655 0.059500
v -0.012258 0.028656 0.059500
v 0.039586 -0.023700 0.056500
v -0.014892 -0.023881 0.059500
v -0.011557 -0.023684 0.056500
v 0.000674 0.024223 0.056492
v -0.004143 -0.037073 0.059358
v 0.021988 -0.028025 0.059500
v 0.024628 -0.037980 0.059500
v 0.023291 -0.035914 0.059500
v 0.024970 -0.028248 0.059500
v 0.025417 -0.035419 0.059500
v 0.023325 -0.024987 0.059500
v -0.008369 -0.041147 0.059737
v -0.014598 -0.041806 0.059500
v -0.010303 -0.025356 0.059500
v -0.009942 -0.028656 0.059500
v -0.012997 -0.026655 0.059500
v 0.001861 -0.025978 0.059500
v -0.005851 -0.035116 0.059500
v -0.006517 -0.037531 0.059501
v 0.000516 -0.028608 0.059500
v -0.001274 -0.026695 0.059500
v 0.014274 0.041000 0.073399
v 0.014274 -0.043000 0.073399
v 0.024970 0.028248 0.056500
v 0.024297 0.025356 0.056500
v 0.021487 0.027175 0.056500
v -0.009942 0.028656 0.056500
v -0.010303 0.025356 0.056500
v -0.012997 0.026655 0.056500
v 0.001977 0.028184 0.056589
v -0.000973 0.028713 0.056600
v -0.000479 0.025075 0.056591
v -0.015130 0.024184 0.056500
v -0.014381 0.042249 0.056500
v 0.039586 0.023700 0.056500
v 0.010900 0.043000 0.056500
v 0.023094 0.036180 0.056610
v 0.039586 0.043000 0.056500
v 0.024542 0.037885 0.056577
v 0.025746 0.035708 0.056664
v -0.004785 0.035241 0.056559
v -0.004835 0.037850 0.056662
v -0.006907 0.036170 0.056597
v 0.051488 0.041774 0.100920
v 0.014001 0.043000 0.073043
v -0.001426 -0.026925 0.056624
v 0.001277 -0.025579 0.056600
v 0.001585 -0.028278 0.056631
v 0.023675 -0.024987 0.056500
v 0.025012 -0.028025 0.056500
v 0.022030 -0.028248 0.056500
v -0.011897 -0.025356 0.056500
v -0.009852 -0.028470 0.056500
v -0.012744 -0.027797 0.056500
v 0.034903 -0.040886 0.060217
v 0.033044 -0.041000 0.063897
v 0.036846 -0.041000 0.067883
v 0.038979 -0.041000 0.071208
v 0.035584 -0.041000 0.071957
v 0.037114 -0.041000 0.063189
v -0.015094 -0.040307 0.056500
v -0.011685 -0.042975 0.056500
v -0.015420 -0.025669 0.056500
v 0.038825 -0.042998 0.071434
v 0.037404 -0.043002 0.062661
v 0.034223 -0.043006 0.060475
v 0.035323 -0.043000 0.071695
v 0.033252 -0.043000 0.063968
v 0.037251 -0.042998 0.067885
v -0.006320 -0.035355 0.056537
v 0.039586 -0.043000 0.056500
v 0.024542 -0.035115 0.056577
v 0.023094 -0.036820 0.056610
v 0.025746 -0.037292 0.056664
v -0.004549 -0.035507 0.056577
v -0.006694 -0.037210 0.056575
v -0.004533 -0.037646 0.056533
v 0.043680 0.023509 0.071777
v 0.043668 -0.023322 0.071737
v 0.051629 -0.039252 0.101448
v 0.050747 -0.042830 0.098156
v 0.046847 -0.023054 0.083599
v 0.046083 0.021227 0.080750
v 0.046608 -0.020910 0.082708
v 0.046847 0.021937 0.083599
v 0.046608 0.024081 0.082708
v 0.046083 -0.023765 0.080750
v 0.028317 0.041519 0.124271
v 0.028975 0.024318 0.124173
v 0.030656 -0.033970 0.122522
v 0.038683 -0.023167 0.114495
v 0.039175 -0.032707 0.114003
v 0.041047 -0.034088 0.112131
v 0.030622 0.033671 0.122556
v 0.032420 0.033970 0.120758
v 0.032454 0.031329 0.120724
v 0.038834 0.022953 0.114345
v 0.039559 0.031716 0.113619
v 0.040283 0.034040 0.112896
v 0.031079 -0.030685 0.122099
v 0.041172 0.031546 0.112006
v 0.041055 -0.030857 0.112123
v 0.030656 0.031030 0.122522
v 0.032880 -0.032845 0.120299
v -0.029500 -0.008271 -0.006373
v -0.024500 -0.008550 -0.004380
v -0.029413 -0.010485 0.004818
v -0.024499 -0.010592 0.004426
v -0.024499 0.010008 0.008006
v -0.024500 0.008454 -0.004649
v -0.023500 0.001683 0.070628
v -0.025416 0.005374 0.069871
v -0.023500 0.010736 0.067648
v -0.023816 0.011331 0.066291
v -0.025475 0.014059 0.062990
v -0.023500 0.015531 0.057419
v -0.025511 0.015840 0.059671
v -0.023500 0.015152 0.048755
v -0.025401 0.014662 0.049459
v -0.023500 0.012355 0.044495
v -0.025501 0.007180 0.040766
v -0.023833 0.011170 0.043259
v -0.023500 0.000534 0.039077
v -0.025449 -0.006134 0.040594
v -0.023500 -0.006442 0.039937
v -0.023500 -0.011428 0.043830
v -0.025448 -0.014322 0.048209
v -0.023500 -0.016298 0.054067
v -0.023500 -0.016237 0.056145
v -0.025513 -0.015833 0.050395
v -0.025457 -0.015318 0.059607
v -0.023900 -0.011299 0.066415
v -0.025556 -0.014821 0.064074
v -0.023500 -0.005888 0.070085
v -0.025454 -0.006420 0.069322
v -0.025498 -0.018738 0.042580
v -0.025378 -0.015977 0.046281
v -0.026099 -0.016470 0.070379
v -0.025500 -0.011215 0.074611
v -0.025482 -0.009076 0.069978
v -0.025503 0.004512 0.039036
v -0.025112 0.017544 0.060583
v -0.025133 0.008476 0.072195
v -0.025207 0.006103 0.073134
v -0.025055 0.017878 0.062970
v -0.025469 0.019050 0.048552
v -0.025077 0.016284 0.046486
v -0.025500 0.020338 0.045044
v -0.025446 0.009180 0.037550
v -0.025761 -0.011314 0.041647
v -0.025231 -0.008600 0.038437
v -0.025602 -0.009073 0.034190
v -0.025159 -0.005457 0.072459
v -0.025112 -0.007561 0.036926
v -0.025572 0.003464 0.032506
v -0.025159 -0.005455 0.037545
v -0.025572 0.015137 0.038122
v -0.025112 0.006215 0.036926
v -0.025505 -0.000181 0.078154
v -0.025231 -0.007686 0.073146
v -0.025501 0.020513 0.064745
v -0.025500 0.022694 0.053407
v -0.025500 -0.022770 0.053396
v -0.025364 -0.019074 0.048324
v -0.025132 -0.018082 0.062806
v -0.025499 -0.018713 0.067451
v -0.025500 -0.022693 0.056766
v -0.025052 0.030552 0.056500
v -0.025500 0.022719 0.056598
v -0.025499 0.013185 0.073582
v -0.025875 -0.017721 0.052671
v -0.026192 -0.017560 0.057001
v 0.016901 -0.020492 0.045266
v 0.001020 -0.017270 0.040303
v 0.016900 -0.013392 0.036569
v -0.030866 -0.016918 0.040159
v -0.030891 -0.018671 0.042436
v 0.016900 0.022738 0.053433
v 0.016901 0.020503 0.045225
v -0.014895 0.017386 0.040576
v 0.001103 0.017100 0.040081
v -0.021644 0.002421 0.032416
v -0.021719 0.014749 0.037385
v -0.015194 0.006917 0.033459
v 0.001022 0.006687 0.033460
v 0.016900 0.004672 0.032990
v -0.021716 -0.001971 0.032265
v -0.009587 -0.002077 0.032614
v 0.016901 -0.003269 0.032595
v -0.015023 -0.006690 0.033461
v -0.021765 -0.014761 0.037429
v -0.015110 -0.017084 0.040053
v -0.025643 -0.015619 0.038811
v 0.016899 0.013184 0.036418
v 0.001107 -0.006811 0.033488
v 0.001065 0.006785 0.076521
v 0.016905 0.000194 0.078160
v -0.014967 0.006655 0.076551
v 0.016900 0.013392 0.073431
v 0.001088 0.017219 0.069748
v 0.016901 0.020329 0.064977
v -0.015144 0.017054 0.069968
v -0.015065 -0.006785 0.076522
v 0.000967 -0.006656 0.076550
v -0.015090 -0.017213 0.069744
v -0.030858 -0.018685 0.067542
v -0.030899 -0.016935 0.069822
v 0.016901 -0.020439 0.064872
v 0.001144 -0.017054 0.069965
v 0.016899 -0.013184 0.073582
v 0.016900 -0.022687 0.056587
v 0.016897 -0.014925 0.040177
v -0.015661 -0.015373 0.041642
v -0.015258 -0.006858 0.074453
v -0.015280 0.017139 0.066308
v -0.015802 0.019351 0.061049
v 0.016899 0.013354 0.071389
v 0.001063 0.017207 0.066408
v 0.016902 0.020788 0.057580
v -0.015728 -0.000601 0.075589
v 0.001098 0.006795 0.074518
v 0.016902 -0.000167 0.075801
v -0.015123 0.006814 0.074419
v 0.016900 -0.011674 0.072245
v 0.000971 -0.017275 0.066380
v 0.016900 -0.018895 0.063333
v 0.001153 -0.006868 0.074429
v -0.015297 -0.017080 0.066416
v -0.015784 -0.019892 0.059512
v -0.014142 -0.017713 0.044618
v -0.015705 -0.019669 0.049284
v -0.015340 -0.006958 0.035664
v 0.001029 -0.006703 0.035540
v 0.016906 0.000198 0.033762
v 0.001086 -0.017161 0.043426
v 0.001106 0.006807 0.035606
v 0.016900 0.013463 0.039101
v -0.015277 0.006786 0.035607
v -0.015243 0.017244 0.043853
v 0.001064 0.017168 0.043257
v 0.016900 0.018823 0.046880
v -0.015844 0.020255 0.053135
v 0.016900 -0.020559 0.053371
v -0.015854 -0.001363 0.034803
v 0.012654 -0.025888 0.053500
v 0.016900 -0.022681 0.053402
v 0.012817 -0.028081 0.053500
v 0.016500 -0.030600 0.053500
v -0.022053 -0.027356 0.053500
v -0.025052 -0.030552 0.053500
v -0.010841 -0.028486 0.053500
v -0.018816 -0.028513 0.053500
v -0.012322 -0.026606 0.053500
v -0.019432 -0.025131 0.053500
v 0.010420 -0.026872 0.053500
v -0.010623 -0.025665 0.053500
v 0.013380 -0.027168 0.056318
v 0.016452 -0.030552 0.056500
v 0.010782 -0.027995 0.056326
v 0.000552 -0.025253 0.056500
v 0.001712 -0.027889 0.056500
v -0.010478 -0.028330 0.056391
v 0.011496 -0.025595 0.056358
v -0.022053 -0.026644 0.056500
v -0.018816 -0.025487 0.056500
v -0.019432 -0.028869 0.056500
v -0.025165 -0.030569 0.056500
v -0.012330 -0.027676 0.056359
v -0.000875 -0.028082 0.056500
v -0.011584 -0.025587 0.056383
v -0.009837 -0.026387 0.056377
v -0.011854 0.025888 0.053500
v -0.009620 0.026872 0.053500
v 0.011146 0.025888 0.053500
v 0.010983 0.028081 0.053500
v -0.012017 0.028081 0.053500
v -0.025100 0.030600 0.053500
v 0.013380 0.026872 0.053500
v 0.016452 0.030552 0.053500
v 0.013358 0.026663 0.056359
v 0.016900 0.022717 0.056553
v 0.000248 0.025253 0.056500
v 0.011350 0.025677 0.056427
v -0.009897 0.026159 0.056391
v 0.010483 0.027401 0.056352
v 0.001675 0.028082 0.056500
v -0.012109 0.025952 0.056344
v -0.011303 0.028491 0.056269
v 0.016500 0.030600 0.056500
v -0.000912 0.027889 0.056500
v 0.012251 0.028331 0.056395
v -0.015745 0.010248 0.072506
v -0.015744 0.012135 0.038784
v -0.025500 0.000968 0.006990
v -0.029465 0.000528 0.007154
v -0.029374 0.006430 0.002498
v -0.025500 0.006428 0.001524
v -0.025500 0.005049 -0.004551
v -0.029383 -0.000152 -0.006901
v -0.025500 -0.002272 -0.006406
v -0.029498 -0.006041 -0.003607
v -0.025500 -0.006428 -0.001524
v -0.029374 -0.006313 0.002780
v -0.025500 -0.005403 0.003654
v -0.019748 -0.020058 0.055873
v -0.023762 -0.019584 0.056421
v -0.020465 -0.020191 0.053406
v -0.023500 -0.019981 0.053534
v -0.023501 0.007329 0.073336
v -0.023800 -0.000628 0.074778
v -0.023500 0.014018 0.069333
v -0.023501 0.018508 0.062124
v -0.023500 0.016311 0.043175
v -0.023501 0.019927 0.053811
v -0.023500 0.014210 0.040391
v -0.023500 0.004160 0.035317
v -0.023502 -0.006347 0.036425
v -0.023808 -0.013550 0.040424
v -0.023500 -0.016723 0.043770
v -0.023800 -0.013685 0.069312
v -0.023501 -0.018509 0.062247
v -0.023501 -0.007033 0.073413
v -0.015997 -0.012036 0.071209
v -0.023500 0.017088 0.046830
v -0.023500 -0.008170 0.037912
v -0.023735 0.012243 0.040463
v -0.023667 -0.011526 0.068930
v -0.023500 -0.013939 0.066301
v -0.023696 -0.015594 0.061257
v -0.023853 -0.014487 0.042839
v -0.023627 -0.015877 0.047039
v -0.023944 -0.011248 0.041418
v -0.023500 0.005607 0.037912
v -0.023907 0.006188 0.039312
v -0.023679 0.008046 0.038740
v -0.023615 0.015854 0.061042
v -0.023769 0.015869 0.062754
v -0.023500 0.014323 0.066954
v -0.023751 0.007414 0.070534
v -0.023650 0.005783 0.071664
v -0.023712 -0.007987 0.071082
v -0.023746 -0.016078 0.062883
v -0.023793 -0.017767 0.048137
v -0.023794 -0.016314 0.049267
v -0.023812 0.007619 0.037493
v -0.023860 0.017753 0.048489
v -0.023875 0.001580 0.037973
v -0.024167 0.000776 0.035308
v -0.023500 -0.001966 0.037365
v -0.023944 -0.001325 0.071675
v -0.023500 0.001852 0.072590
v -0.023500 0.016247 0.054349
v -0.023944 0.018485 0.056809
v -0.024500 -0.014572 0.034074
v -0.028500 -0.011968 0.014912
v -0.028391 -0.014509 0.033767
v -0.024500 -0.005799 -0.008283
v -0.029500 -0.000295 -0.010107
v -0.024500 0.003800 -0.009887
v -0.029500 0.008067 -0.006785
v -0.028385 0.014576 0.034104
v -0.024500 0.014572 0.034074
v -0.024500 0.012003 0.014985
v -0.028500 0.011376 0.013685
v -0.024500 -0.010447 0.011352
v -0.024358 -0.000905 0.007910
v -0.024339 0.001027 0.008037
v -0.024390 0.001352 0.029340
v -0.024962 -0.001195 -0.005236
v -0.024500 -0.006496 -0.004737
v -0.024473 -0.001814 0.029126
v -0.024967 0.004839 0.002330
v -0.025000 0.004351 -0.003470
v -0.024500 0.006241 -0.004232
v -0.024500 -0.006813 -0.003376
v -0.025000 -0.004839 -0.002330
v -0.025038 -0.004839 0.002330
v -0.024929 0.000144 0.005555
v -0.024500 0.007563 -0.003376
v -0.029519 0.000480 0.011497
v -0.029348 0.000173 0.009282
v -0.029307 -0.008107 -0.003742
v -0.029389 -0.007027 -0.005112
v -0.029475 0.006052 -0.003606
v -0.029323 0.007666 -0.005056
v -0.029370 0.007704 -0.003359
v -0.029324 -0.000869 0.007817
v -0.024405 -0.006588 0.070339
v -0.024405 -0.017015 0.060620
v -0.024405 -0.006503 0.039638
v -0.024405 0.015724 0.049079
v -0.009649 0.002006 0.032631
v -0.009685 -0.000000 0.032500
v -0.023928 -0.000118 0.008815
v -0.024500 0.013939 0.066301
v -0.024500 0.012897 0.069682
v -0.024500 0.019211 0.053573
v -0.024500 0.016148 0.054590
v -0.024500 0.001976 0.072768
v -0.024500 -0.014323 0.066954
v -0.024499 -0.018547 0.053511
v -0.024500 -0.016307 0.055786
v -0.024500 -0.011733 0.043740
v -0.024500 -0.001753 0.037651
v -0.024500 0.014505 0.043102
v -0.029108 0.010268 0.005661
v -0.028387 -0.009527 0.008121
v -0.000399 -0.025755 0.058399
v 0.001848 -0.026534 0.058465
v -0.000316 -0.028396 0.058503
v 0.000327 0.028448 0.058453
v 0.001796 0.026284 0.058503
v -0.001066 0.026530 0.058434
v -0.020501 -0.021476 0.055796
v -0.026365 -0.020126 0.056726
v -0.026352 -0.018287 0.054468
v -0.026532 -0.020830 0.053084
v -0.026581 -0.022217 0.054300
v -0.026500 -0.021430 0.057887
v -0.030464 -0.012296 0.067456
v -0.030882 -0.014129 0.065333
v -0.030900 -0.012228 0.042475
v -0.030858 -0.014136 0.044677
v -0.028381 0.007839 0.030412
v -0.028367 -0.004403 0.029696
v -0.028538 -0.001796 0.012625
v 0.027800 -0.016066 0.060417
v 0.027800 -0.012898 0.061953
v 0.027800 -0.016647 0.065202
v 0.027800 -0.013955 0.055229
v 0.027800 -0.016189 0.057071
v 0.027800 -0.018701 0.062352
v 0.027800 -0.017765 0.058608
v 0.027800 -0.019830 0.053426
v 0.027800 -0.017625 0.056009
v 0.034800 0.007921 0.066362
v 0.034800 -0.007894 0.036271
v 0.034800 -0.015217 0.054392
v 0.034800 -0.014270 0.059444
v 0.034800 -0.003378 0.069258
v 0.034800 -0.013101 0.062218
v 0.034800 0.003560 0.035432
v 0.034800 -0.016680 0.060480
v 0.034800 0.008418 0.072924
v 0.034799 -0.016412 0.065202
v 0.034800 -0.016272 0.043139
v 0.034800 -0.005664 0.073593
v 0.034800 0.000798 0.074552
v 0.034800 0.008411 0.041973
v 0.034800 0.004330 0.041699
v 0.034800 -0.019956 0.053355
v 0.034800 -0.000997 0.072370
v 0.034800 0.015156 0.067906
v 0.034800 -0.002359 0.074748
v 0.034800 -0.018447 0.062387
v 0.034800 0.011801 0.065494
v 0.034800 0.011014 0.038748
v 0.034800 0.018988 0.047025
v 0.034800 0.019513 0.059968
v 0.027800 -0.000976 0.072530
v 0.027800 -0.003581 0.069523
v 0.027800 -0.002381 0.074782
v 0.029700 0.005088 0.037690
v 0.027800 0.005821 0.037866
v 0.029700 0.005578 0.040291
v 0.027800 0.006017 0.039864
v 0.027800 0.008063 0.038893
v 0.029700 0.008405 0.039543
v 0.029700 0.010248 0.066981
v 0.027800 0.009501 0.068148
v 0.029700 0.009222 0.069847
v 0.027800 0.010581 0.070117
v 0.029700 0.012473 0.068924
v 0.027800 0.011928 0.068608
v 0.029700 -0.018739 0.055926
v 0.029700 -0.017832 0.059166
v 0.029700 -0.015480 0.056760
v 0.027800 0.008559 0.072819
v 0.027799 0.011299 0.038536
v 0.019519 0.013339 0.039421
v 0.019501 0.002283 0.034844
v 0.027800 0.003679 0.035510
v 0.019402 -0.020170 0.059376
v 0.019556 -0.017054 0.065755
v 0.019508 -0.006064 0.074489
v 0.027801 -0.005336 0.073632
v 0.027800 0.000855 0.074355
v 0.019516 0.012226 0.071185
v 0.027800 0.015187 0.068111
v 0.019467 -0.019702 0.049667
v 0.019520 -0.013896 0.040221
v 0.019521 -0.006419 0.035760
v 0.019434 0.019674 0.049878
v 0.019400 0.020173 0.059431
v 0.019507 0.017864 0.064616
v 0.019519 0.004289 0.074820
v 0.019300 0.013768 0.073532
v 0.019300 -0.019211 0.067236
v 0.019299 -0.023191 0.053351
v 0.019300 -0.022635 0.056612
v 0.019748 -0.030552 0.053500
v 0.019300 0.022693 0.053400
v 0.019300 0.000446 0.077613
v 0.019300 -0.006880 0.076200
v 0.019299 0.023011 0.056632
v 0.019748 0.030552 0.056500
v 0.019301 0.018577 0.041723
v 0.019300 -0.014772 0.037671
v 0.019310 -0.001993 0.032320
v 0.019300 0.009199 0.034331
v 0.030900 -0.022562 0.053365
v 0.030900 0.022570 0.056633
v 0.021831 0.001936 0.032357
v 0.026900 0.014940 0.037413
v 0.030900 0.015522 0.038482
v 0.036430 0.017429 0.041147
v 0.035802 0.012765 0.036294
v 0.030900 0.005491 0.032576
v 0.036563 0.006244 0.033442
v 0.035803 -0.004960 0.032903
v 0.030900 -0.008355 0.033982
v 0.036536 -0.011414 0.035657
v 0.026901 -0.015498 0.038448
v 0.036227 -0.019325 0.043516
v 0.026900 -0.001919 0.031910
v 0.036202 0.021646 0.048611
v 0.036721 -0.006946 0.075710
v 0.035774 -0.000628 0.077636
v 0.036582 0.008382 0.075711
v 0.036333 0.017521 0.069269
v 0.036236 0.022123 0.058766
v 0.036529 -0.021897 0.051235
v 0.035810 -0.022557 0.056890
v 0.036646 -0.018660 0.067234
v 0.024450 -0.026694 0.056289
v 0.030900 -0.022586 0.056644
v 0.027063 -0.026072 0.056342
v 0.030452 -0.030552 0.056500
v 0.026304 -0.028405 0.056358
v 0.019700 -0.030600 0.056500
v 0.024565 -0.026523 0.053500
v 0.027246 -0.026371 0.053500
v 0.025803 -0.028340 0.053500
v 0.030500 -0.030600 0.053500
v 0.024880 0.025906 0.056359
v 0.030500 0.030600 0.056500
v 0.026920 0.028056 0.056370
v 0.025031 0.028130 0.056415
v 0.027062 0.026212 0.056377
v 0.024565 0.027477 0.053500
v 0.025803 0.025660 0.053500
v 0.030900 0.022621 0.053369
v 0.027246 0.027629 0.053500
v 0.030452 0.030552 0.053500
v 0.019700 0.030600 0.053500
v 0.026775 0.001085 0.008062
v 0.026833 -0.000999 0.007747
v 0.031447 0.001586 0.011176
v 0.030833 -0.010503 0.006323
v 0.031421 0.010329 0.005038
v 0.030901 -0.015629 0.038605
v 0.027896 -0.001292 -0.006056
v 0.027900 -0.006142 -0.002883
v 0.031900 -0.005804 -0.004007
v 0.027899 -0.004613 0.005301
v 0.031812 -0.006279 0.002806
v 0.031906 -0.000195 0.006974
v 0.027895 0.002502 0.005551
v 0.031843 0.003311 0.005835
v 0.027900 0.006567 0.001706
v 0.031827 0.006372 0.002080
v 0.027900 0.004454 -0.005118
v 0.031924 0.006114 -0.003291
v 0.031818 -0.000154 -0.006652
v 0.026900 0.003986 -0.009698
v 0.026900 0.001862 0.032178
v 0.026900 0.009540 -0.003262
v 0.026900 -0.008910 -0.004052
v 0.026900 0.008032 -0.004588
v 0.026900 -0.006238 -0.004108
v 0.027253 -0.004760 -0.002900
v 0.027376 -0.004221 0.003605
v 0.026900 -0.007797 -0.004822
v 0.026900 -0.005900 -0.008388
v 0.027362 0.001250 -0.005208
v 0.027483 0.004707 -0.002556
v 0.026900 0.006324 -0.004428
v 0.026900 0.007137 -0.003292
v 0.027362 0.005049 0.001788
v 0.026900 0.001306 0.005363
v 0.031900 0.008505 -0.004515
v 0.031900 0.006849 -0.007411
v 0.031900 -0.001068 -0.010431
v 0.031900 -0.008146 -0.005224
v 0.031862 -0.010314 0.003552
v 0.031900 -0.000316 0.009215
v 0.031906 -0.003361 0.010212
v 0.031900 0.000726 0.007733
v 0.031900 -0.007602 -0.003343
v 0.031915 0.005829 -0.004197
v 0.021863 -0.001912 0.032274
v 0.026640 -0.000153 0.009137
v 0.036800 -0.014801 0.057159
v 0.036800 0.005091 0.040640
v 0.036800 0.008848 0.070857
v 0.036800 0.013202 0.068758
v 0.036800 0.008967 0.039998
v 0.036800 0.005891 0.036282
v 0.036800 -0.018733 0.055140
v 0.036800 0.009891 0.066589
v 0.036800 -0.018516 0.059554
v 0.036801 -0.005817 0.073116
v 0.036800 -0.016015 0.065342
v 0.027800 0.010597 0.065166
v 0.027800 0.006978 0.068326
v 0.027800 0.003506 0.040740
v 0.027800 0.008052 0.042294
v 0.029700 0.010511 0.071298
v 0.029700 0.008027 0.036813
v 0.019914 0.074429 0.090389
v 0.022282 0.070220 0.102615
v 0.024597 0.062169 0.116001
v 0.025818 0.053355 0.125445
v 0.027573 0.034480 0.136431
v 0.028687 0.020128 0.140351
v 0.020010 -0.074314 0.090912
v 0.032058 -0.053610 0.122465
v 0.042258 -0.055130 0.115157
v 0.037559 -0.045216 0.126856
v 0.041448 -0.035548 0.130224
v 0.051738 -0.033699 0.124842
v 0.083479 0.006967 0.100986
v 0.082487 -0.017887 0.099897
v 0.060732 -0.052366 0.100991
v 0.023785 -0.076804 0.070987
v 0.035824 -0.073238 0.076155
v 0.042560 -0.073108 0.053601
v 0.055618 -0.060514 0.092343
v 0.069843 -0.055418 0.078108
v 0.076509 -0.041030 0.091879
v 0.054943 -0.024723 0.126602
v 0.057246 0.001023 0.128897
v 0.053620 -0.032368 0.124102
v 0.055774 -0.043454 0.115975
v 0.044056 -0.033058 0.129966
v 0.038682 -0.034329 0.132136
v 0.036768 -0.044374 0.127655
v 0.034702 -0.032446 0.134665
v 0.039706 -0.030684 0.133157
v 0.035356 -0.020284 0.138176
v 0.043672 -0.020058 0.134554
v 0.031162 -0.025501 0.138236
v 0.032425 -0.022516 0.138634
v 0.028566 -0.020175 0.140399
v 0.031193 -0.022481 0.139056
v 0.072864 0.003215 0.114765
v 0.068704 -0.011010 0.118526
v 0.070445 -0.022330 0.113411
v 0.067058 -0.036013 0.109830
v 0.035555 -0.063276 0.108352
v 0.067821 -0.060529 0.064847
v 0.026669 -0.047626 0.129446
v 0.024951 -0.060356 0.118100
v 0.053862 -0.066682 0.073841
v 0.022466 -0.069836 0.103537
v 0.032895 -0.069605 0.096355
v 0.027676 -0.032230 0.137093
v 0.093357 -0.029369 -0.036774
v 0.093146 -0.031961 -0.036561
v 0.098189 -0.029002 -0.031000
v 0.096981 -0.033360 -0.029792
v 0.098073 -0.036027 -0.030884
v 0.090895 -0.035875 -0.037848
v 0.098552 -0.033602 -0.031363
v 0.091639 -0.033592 -0.038592
v 0.099577 -0.035496 -0.032388
v 0.092451 -0.035659 -0.039403
v 0.105408 -0.030167 -0.038253
v 0.098888 -0.031214 -0.031698
v 0.095533 -0.034824 -0.038949
v 0.100797 -0.034444 -0.033607
v 0.103167 -0.034450 -0.035997
v 0.099769 -0.035343 -0.043112
v 0.101301 -0.036138 -0.033890
v 0.100076 -0.039835 -0.031313
v 0.094618 -0.040452 -0.027117
v 0.100976 -0.040569 -0.020801
v 0.094895 -0.029552 -0.026841
v 0.106029 -0.030137 -0.036946
v 0.108789 -0.029168 -0.012908
v 0.089631 -0.035002 -0.032576
v 0.091271 -0.035003 -0.034687
v 0.097174 -0.036806 -0.029985
v 0.094462 -0.035002 -0.027273
v 0.093145 -0.040562 -0.036562
v 0.098642 -0.041101 -0.031268
v 0.093395 -0.038053 -0.036810
v 0.099049 -0.038997 -0.031820
v 0.096334 -0.040394 -0.039712
v 0.093192 -0.037398 -0.039950
v 0.093092 -0.032527 -0.039869
v 0.090210 -0.037089 -0.036848
v 0.089936 -0.033307 -0.036730
v 0.102912 -0.029270 -0.046290
v 0.106548 -0.028924 -0.037354
v 0.111425 -0.000324 -0.008855
v 0.114844 -0.002458 -0.005422
v 0.110919 -0.003696 -0.006953
v 0.110420 -0.004925 -0.005105
v 0.114511 -0.004924 -0.001014
v 0.112441 -0.004932 -0.002895
v 0.110420 -0.009134 -0.005105
v 0.114116 -0.009190 -0.001428
v 0.114666 -0.006761 -0.008322
v 0.111909 -0.006985 -0.010658
v 0.112782 0.000027 -0.013922
v 0.114964 -0.000507 -0.010949
v 0.113988 -0.010141 -0.001538
v 0.110420 -0.010141 -0.005105
v 0.112179 -0.010145 -0.003157
v 0.110420 -0.014342 -0.005105
v 0.113289 -0.014814 -0.002963
v 0.114556 -0.007989 -0.015327
v 0.112330 -0.012816 -0.012242
v 0.114270 -0.000007 -0.018910
v 0.113889 -0.005522 -0.018065
v 0.114981 -0.000630 -0.012375
v 0.114479 -0.008380 -0.008180
v 0.112205 -0.007617 -0.011764
v 0.114237 -0.000809 0.005889
v 0.108960 -0.001418 0.000342
v 0.114409 -0.005032 0.000688
v 0.109821 -0.003926 -0.002867
v 0.114065 -0.009143 -0.000046
v 0.110119 -0.009697 -0.003981
v 0.108597 -0.006986 0.001698
v 0.113834 -0.007174 0.006525
v 0.113823 -0.000562 0.010187
v 0.107920 -0.000510 0.004226
v 0.093404 0.040448 -0.036821
v 0.093171 0.038047 -0.036585
v 0.098695 0.041117 -0.030973
v 0.096981 0.036640 -0.029792
v 0.098073 0.033973 -0.030884
v 0.091939 0.032598 -0.038939
v 0.091170 0.036263 -0.038122
v 0.098552 0.036398 -0.031363
v 0.099577 0.034504 -0.032388
v 0.092577 0.034590 -0.039529
v 0.099174 0.039206 -0.031851
v 0.096543 0.040163 -0.039894
v 0.099892 0.035021 -0.043297
v 0.095532 0.034997 -0.038949
v 0.102572 0.035559 -0.035464
v 0.100816 0.035793 -0.033627
v 0.103154 0.034445 -0.035978
v 0.100795 0.034445 -0.033606
v 0.108453 0.030033 -0.013762
v 0.094796 0.029548 -0.026940
v 0.105658 0.030154 -0.036894
v 0.099962 0.039858 -0.031161
v 0.094722 0.040448 -0.027014
v 0.101127 0.040627 -0.020468
v 0.089631 0.034998 -0.032576
v 0.091271 0.034997 -0.034687
v 0.097174 0.033194 -0.029985
v 0.094462 0.034998 -0.027273
v 0.106550 0.029000 -0.037628
v 0.093122 0.029438 -0.036539
v 0.098189 0.028998 -0.031000
v 0.093351 0.031955 -0.036766
v 0.098996 0.031215 -0.031807
v 0.102632 0.029852 -0.046017
v 0.105336 0.030129 -0.038148
v 0.092253 0.037818 -0.038972
v 0.093903 0.034846 -0.040702
v 0.090210 0.032911 -0.036848
v 0.089936 0.036693 -0.036730
v 0.114481 0.004921 -0.001070
v 0.114884 0.000492 -0.005872
v 0.114740 0.003695 -0.004385
v 0.111016 0.003555 -0.007320
v 0.114200 0.009239 -0.002658
v 0.112041 0.006419 -0.011155
v 0.114961 0.002334 -0.011140
v 0.113979 0.010130 -0.001357
v 0.110380 0.010130 -0.004956
v 0.113989 0.010126 -0.001536
v 0.110227 0.009451 -0.004374
v 0.113328 0.014709 -0.003350
v 0.110370 0.015218 -0.004957
v 0.113757 0.006640 -0.017563
v 0.114525 0.008305 -0.015069
v 0.114979 0.000539 -0.012331
v 0.114455 0.008589 -0.007838
v 0.112075 0.007830 -0.011279
v 0.103698 0.005998 -0.050706
v 0.100732 0.005998 -0.053220
v 0.103698 0.007098 -0.050706
v 0.100564 0.007098 -0.053151
v 0.103698 -0.007102 -0.050706
v 0.100741 -0.007102 -0.053210
v 0.103698 -0.006002 -0.050706
v 0.100574 -0.006002 -0.053141
v 0.113516 0.006347 -0.033809
v 0.109862 0.007124 -0.049775
v 0.107352 0.006299 -0.054219
v 0.097087 0.006548 -0.050246
v 0.110923 0.005945 -0.047187
v 0.113332 -0.006698 -0.034027
v 0.097096 -0.006552 -0.050237
v 0.109800 -0.007112 -0.049806
v 0.107489 -0.006127 -0.054334
v 0.110491 -0.006008 -0.048624
v -0.013156 -0.080709 0.069227
v -0.074253 -0.016256 0.115681
v -0.073357 -0.024218 0.114498
v -0.068834 -0.042150 0.108994
v -0.062127 -0.055603 0.102747
v -0.054493 -0.064425 0.096983
v -0.043535 -0.072432 0.089566
v -0.034908 -0.075997 0.084295
v -0.029124 -0.078524 0.080907
v -0.023612 -0.079040 0.077070
v -0.062365 -0.033731 0.120502
v 0.009741 -0.076618 0.096244
v 0.004885 -0.079266 0.087081
v -0.002996 -0.054872 0.129787
v -0.023959 -0.052489 0.128235
v -0.042593 -0.064715 0.107517
v -0.064280 -0.013993 0.126097
v -0.063515 0.006960 0.127645
v 0.030806 -0.004230 0.144359
v -0.049261 -0.054656 0.115324
v -0.058245 -0.046764 0.115475
v -0.017113 -0.012808 0.145734
v 0.004980 -0.007218 0.148072
v -0.016239 -0.025862 0.143115
v 0.005127 -0.026339 0.144375
v 0.023250 -0.021427 0.143804
v -0.014718 -0.040086 0.137802
v 0.005691 -0.040266 0.139006
v 0.019286 -0.037053 0.139372
v 0.028487 -0.052257 0.128008
v 0.013207 -0.052343 0.131197
v 0.036833 -0.036449 0.134761
v 0.005813 -0.072821 0.107003
v 0.015289 -0.062209 0.122111
v 0.004326 -0.066699 0.117650
v -0.023756 -0.063497 0.117530
v 0.027548 -0.068563 0.108512
v -0.019145 -0.076058 0.096564
v -0.024763 -0.070867 0.106605
v -0.053013 -0.022087 0.131352
v -0.041277 -0.040644 0.129603
v -0.039313 -0.006306 0.140585
v -0.037067 -0.026556 0.137133
v -0.012605 0.006798 0.147138
v 0.027767 -0.032505 0.127297
v 0.029494 -0.032520 0.123923
v 0.034653 0.032645 0.134631
v 0.027767 0.032500 0.127297
v 0.038812 0.031582 0.133201
v 0.029585 0.031892 0.124009
v 0.032423 0.053862 0.122100
v 0.041309 0.035666 0.130665
v 0.040155 0.032500 0.114436
v 0.044044 0.033322 0.129862
v 0.034379 0.032500 0.120216
v 0.041140 -0.031178 0.113453
v 0.041022 0.031183 0.113571
v 0.056158 0.017319 0.127835
v 0.033978 -0.032075 0.119668
v 0.040155 -0.032591 0.114436
v 0.052000 -0.031606 0.125624
v 0.044618 -0.031632 0.130383
v 0.054433 0.022423 0.127598
v 0.052001 0.031703 0.125605
v 0.055190 -0.017590 0.128365
v 0.056303 -0.000422 0.129446
v 0.039262 -0.033850 0.111975
v 0.040249 -0.032126 0.110813
v 0.038601 -0.031868 0.112656
v 0.039958 0.031474 0.111314
v 0.040195 0.032969 0.110960
v 0.039252 0.033844 0.111999
v 0.038599 0.031864 0.112643
v 0.053728 0.032061 0.124298
v 0.051864 0.033882 0.124650
v 0.042816 -0.029514 0.132133
v 0.045995 -0.010672 0.135294
v 0.046139 0.010333 0.135434
v 0.031963 0.029357 0.121949
v 0.044070 0.030403 0.131063
v 0.033331 0.030530 0.120015
v 0.033151 0.034651 0.120089
v 0.032149 0.035595 0.122263
v 0.029913 0.034468 0.123432
v 0.040007 0.035510 0.130931
v 0.038309 0.033370 0.132674
v 0.041761 0.029516 0.132643
v 0.021639 -0.019502 0.115040
v 0.016700 -0.019609 0.119509
v 0.031710 -0.019777 0.122882
v 0.032716 -0.016332 0.140536
v 0.013400 -0.016377 0.120776
v 0.032244 0.016309 0.140250
v 0.012762 0.016582 0.121105
v 0.014053 -0.025139 0.121126
v 0.013614 -0.022609 0.120496
v 0.007312 -0.020598 0.143595
v -0.001522 -0.020789 0.134901
v 0.007647 -0.018183 0.144103
v -0.001374 -0.018351 0.134753
v -0.000109 -0.018948 0.133488
v 0.010022 -0.020041 0.143575
v 0.007120 0.018673 0.144023
v -0.001653 0.020558 0.135032
v -0.001298 0.018262 0.134677
v 0.007678 0.020799 0.143533
v -0.074043 -0.006002 0.115337
v -0.076584 -0.006280 0.112214
v -0.073829 -0.006442 0.108466
v -0.048347 -0.006488 0.134131
v -0.073828 0.006914 0.108420
v -0.048427 0.006830 0.134057
v -0.076560 0.006364 0.112123
v -0.073970 0.007098 0.115233
v -0.065539 0.007110 0.123214
v -0.074138 0.005975 0.115482
v -0.063099 0.006004 0.125387
v -0.074064 -0.007111 0.115368
v -0.062258 -0.007194 0.126132
v -0.028446 -0.058857 0.117948
v -0.054498 -0.058762 0.091974
v -0.056810 -0.062044 0.094026
v -0.054947 -0.062128 0.097153
v -0.044428 -0.061606 0.106908
v -0.064470 0.052814 0.099884
v -0.062410 0.052816 0.102809
v -0.061684 0.053599 0.102309
v -0.062033 0.049729 0.097375
v -0.036297 0.049823 0.122982
v -0.050690 0.052097 0.113484
v -0.049569 0.052965 0.113514
v -0.064396 -0.052924 0.099639
v -0.062205 -0.049367 0.097620
v -0.062255 -0.052761 0.102763
v -0.036472 -0.049500 0.123165
v -0.051843 -0.052241 0.112477
v -0.049033 -0.052891 0.113904
v -0.061684 -0.053605 0.102310
v -0.054157 -0.062797 0.096631
v -0.043011 -0.062243 0.107010
v -0.054582 0.058741 0.091922
v -0.056997 0.062051 0.094219
v -0.027945 0.058842 0.118258
v -0.054112 0.062750 0.096607
v -0.054961 0.062136 0.097156
v -0.043705 0.061538 0.107533
v -0.043366 0.062275 0.106701
v -0.017823 -0.078395 0.072738
v -0.016950 -0.078668 0.072057
v -0.020533 -0.077961 0.069981
v -0.019637 -0.077977 0.069321
v -0.020028 -0.073474 0.069336
v 0.009485 -0.073495 0.098801
v -0.000771 -0.077007 0.088105
v -0.006952 -0.077971 0.083577
v -0.020013 0.077901 0.069407
v -0.020265 0.073452 0.069358
v 0.009744 0.073454 0.098974
v -0.017826 0.078428 0.072729
v -0.000938 0.076959 0.089618
v -0.016960 0.078703 0.072050
v -0.001511 0.077131 0.087365
v -0.010031 -0.078981 0.061160
v -0.007040 -0.079283 0.063452
v -0.007886 -0.079235 0.064186
v -0.010194 -0.074237 0.060788
v 0.008056 -0.078187 0.078469
v 0.008576 -0.078068 0.080616
v -0.010173 0.074237 0.060542
v -0.010240 0.078769 0.061005
v 0.007668 0.078295 0.079674
v -0.007887 0.079226 0.064184
v 0.045856 -0.071340 0.001104
v 0.025296 -0.077950 0.025361
v 0.051861 -0.068474 -0.004824
v 0.076466 -0.056391 -0.028207
v 0.075639 -0.057669 -0.027197
v 0.092763 -0.044777 -0.041161
v 0.100010 -0.035189 -0.047200
v 0.106344 -0.020348 -0.052902
v 0.108563 -0.007881 -0.055172
v 0.108864 0.001543 -0.055611
v 0.079746 0.054790 -0.030945
v 0.091847 0.045619 -0.040421
v 0.063102 0.063754 -0.015305
v 0.049969 0.069201 -0.003091
v 0.041864 0.072972 0.005841
v 0.025303 0.077388 0.025126
v 0.020325 0.078965 0.031345
v -0.011620 0.080551 0.067730
v -0.071333 0.033903 0.111947
v -0.074647 0.012596 0.116443
v -0.067539 0.045256 0.107586
v -0.062578 0.054891 0.103159
v -0.055795 0.063307 0.097923
v -0.045838 0.071047 0.091123
v -0.038254 0.074792 0.086277
v -0.035322 0.076618 0.084757
v -0.025971 0.078685 0.078735
v -0.009204 0.081241 0.065864
v 0.001756 0.081043 0.054292
v 0.001410 0.079921 0.084452
v 0.014439 0.077120 0.092112
v 0.027171 0.076709 0.084993
v 0.039106 0.076294 0.053687
v 0.073988 0.031774 0.061639
v 0.078333 -0.036481 0.083228
v 0.079309 -0.034368 0.083419
v 0.077968 -0.041480 0.078419
v 0.077335 -0.041149 0.079440
v 0.075111 -0.041227 0.070012
v 0.074028 -0.038755 0.067191
v 0.074586 -0.034691 0.064857
v 0.078003 0.041292 0.078644
v 0.073647 0.036480 0.065717
v 0.074609 0.034353 0.064796
v 0.077346 0.041149 0.079377
v 0.075696 0.041388 0.069630
v 0.074594 0.040641 0.069231
v 0.075979 0.042631 0.074392
v 0.078366 0.036260 0.083321
v 0.079263 0.034678 0.083318
v 0.068218 -0.046707 0.068487
v 0.068793 -0.042752 0.070303
v 0.069811 -0.044368 0.076130
v 0.069589 -0.048224 0.076502
v 0.068662 0.039837 0.060844
v 0.068370 0.037228 0.065529
v 0.068675 0.042673 0.070360
v 0.069744 0.044252 0.076147
v 0.069402 0.047876 0.075916
v 0.077602 -0.042152 0.080857
v 0.076087 -0.043715 0.075000
v 0.077076 -0.042895 0.079716
v 0.074284 -0.042752 0.069337
v 0.071102 -0.045426 0.075158
v 0.070093 -0.043668 0.068442
v 0.074152 -0.042109 0.068268
v 0.070633 -0.044001 0.069875
v 0.071801 -0.045270 0.076252
v 0.068756 -0.039033 0.060484
v 0.070395 -0.038284 0.063729
v 0.073230 -0.058809 0.048402
v 0.072886 -0.060393 0.048103
v 0.046788 -0.058649 0.021957
v 0.046788 -0.068449 0.021957
v 0.057888 -0.068450 0.033060
v 0.041095 -0.063733 0.015487
v 0.039373 -0.063376 0.017211
v 0.046788 -0.062999 0.020402
v 0.043932 -0.061391 0.023258
v 0.044908 -0.064022 0.022281
v 0.046010 -0.069549 0.021180
v 0.041146 -0.072445 0.015539
v 0.054760 -0.069562 0.029926
v 0.037126 -0.066592 0.019459
v 0.042978 -0.066577 0.024212
v 0.042934 -0.069549 0.024256
v 0.053813 -0.070093 0.035044
v 0.042255 -0.067299 0.024935
v 0.037320 -0.073368 0.019263
v 0.053751 -0.070117 0.036508
v 0.039080 -0.069549 0.028109
v 0.050314 -0.071151 0.039305
v 0.033582 -0.063366 0.023000
v 0.040173 -0.064089 0.027016
v 0.033447 -0.074444 0.023146
v 0.035112 -0.063723 0.021472
v 0.038302 -0.062999 0.028887
v 0.037435 -0.057913 0.019534
v 0.042545 -0.057549 0.024644
v 0.046788 -0.057549 0.020402
v 0.074141 -0.059058 0.047330
v 0.068768 -0.057770 0.059158
v 0.038458 -0.058209 0.029043
v 0.037245 -0.060501 0.019340
v 0.041062 -0.061688 0.026128
v 0.034122 -0.061139 0.019150
v 0.037051 -0.065960 0.016222
v 0.033792 -0.065336 0.019374
v 0.037280 -0.061762 0.015893
v 0.046788 0.062994 0.020402
v 0.041095 0.063361 0.015487
v 0.038828 0.064208 0.016393
v 0.046788 0.057544 0.020402
v 0.073890 0.059593 0.047308
v 0.073372 0.057552 0.047608
v 0.060663 0.067633 0.034250
v 0.037435 0.057908 0.019534
v 0.037241 0.060496 0.019344
v 0.044029 0.061683 0.023161
v 0.042545 0.057544 0.024644
v 0.038562 0.057984 0.029146
v 0.068811 0.058095 0.059396
v 0.046788 0.068444 0.021957
v 0.058394 0.068377 0.033597
v 0.039080 0.068444 0.029665
v 0.046788 0.058644 0.021957
v 0.073310 0.059662 0.048366
v 0.033260 0.074648 0.023397
v 0.033388 0.063728 0.023195
v 0.038302 0.062994 0.028887
v 0.035112 0.063371 0.021472
v 0.041159 0.061386 0.026031
v 0.045083 0.063953 0.022106
v 0.041085 0.072407 0.015549
v 0.046010 0.069544 0.021180
v 0.054363 0.069848 0.029394
v 0.043215 0.070414 0.024400
v 0.042987 0.066528 0.024203
v 0.037505 0.073702 0.019242
v 0.040182 0.064017 0.027008
v 0.052969 0.070310 0.041894
v 0.039080 0.069544 0.028109
v 0.052352 0.070522 0.035182
v 0.042156 0.069544 0.025033
v 0.037421 0.066584 0.019164
v 0.042112 0.066572 0.025077
v 0.035836 0.066534 0.017357
v 0.035512 0.060527 0.017810
v 0.033745 0.064956 0.019475
v 0.033727 0.062355 0.019533
v 0.037391 0.062259 0.015780
v 0.041728 0.062888 0.025461
v 0.034657 0.064201 0.018390
v 0.042306 0.064836 0.024884
v 0.036213 0.064417 0.016834
v 0.043463 0.062946 0.023727
v 0.035469 0.062134 0.017579
v 0.036392 -0.062951 0.016655
v 0.035235 -0.064841 0.017813
v 0.034657 -0.062893 0.018390
v 0.042443 -0.064883 0.024746
v 0.041673 -0.063056 0.025517
v 0.043379 -0.062743 0.023811
v 0.060433 -0.067712 0.034044
v 0.041403 -0.073499 0.031990
v 0.039080 -0.068449 0.029665
v 0.055672 -0.068967 0.046231
v 0.088260 -0.031040 0.034831
v 0.081338 -0.031179 0.028564
v 0.082691 -0.033026 0.027212
v 0.089585 -0.032884 0.034116
v 0.087791 -0.033682 0.035099
v 0.081405 -0.033654 0.028498
v 0.088260 0.033960 0.034831
v 0.087791 0.031318 0.035099
v 0.089585 0.032116 0.034116
v 0.081339 0.033821 0.028564
v 0.082691 0.031974 0.027212
v 0.081405 0.031346 0.028498
v 0.078038 0.032498 0.033751
v 0.079846 0.032829 0.030533
v 0.086315 0.030655 0.035962
v 0.082442 0.032466 0.038637
v 0.085816 0.033053 0.036296
v 0.082709 0.039134 0.028994
v 0.082097 0.035548 0.028451
v 0.087534 0.035512 0.035226
v 0.088429 0.039497 0.034720
v 0.095176 0.032315 0.031561
v 0.087466 0.032498 0.024323
v 0.091243 0.033072 0.033295
v 0.084651 0.032498 0.026670
v 0.091205 0.031944 0.033306
v 0.083436 0.034743 0.026460
v 0.089203 0.035539 0.034285
v 0.082397 0.029467 0.028922
v 0.083398 0.030019 0.026499
v 0.089454 0.029506 0.034168
v 0.080173 0.030228 0.029723
v 0.082188 -0.035568 0.028361
v 0.080173 -0.034772 0.029723
v 0.080222 -0.030023 0.029675
v 0.083440 -0.030236 0.026455
v 0.084220 -0.033020 0.026158
v 0.095176 -0.032686 0.031562
v 0.087466 -0.032503 0.024323
v 0.090753 -0.030858 0.033517
v 0.091203 -0.033056 0.033304
v 0.082637 -0.029472 0.028682
v 0.089453 -0.035477 0.034136
v 0.082709 -0.039139 0.028994
v 0.088427 -0.039502 0.034720
v 0.078038 -0.032503 0.033751
v 0.080385 -0.032675 0.030936
v 0.085795 -0.033091 0.036313
v 0.082457 -0.032502 0.038641
v 0.085816 -0.031947 0.036296
v 0.087532 -0.029488 0.035225
v 0.087701 -0.035538 0.035142
v 0.068550 0.061260 0.059648
v 0.069252 -0.024782 0.057885
v 0.069017 0.024178 0.059859
v 0.068844 0.038483 0.059542
v 0.081867 0.055033 0.039073
v 0.081905 -0.055030 0.039033
v 0.095657 -0.043727 0.031228
v 0.101941 0.035065 0.029103
v 0.089529 0.049530 0.034085
v 0.111249 0.009753 0.027077
v 0.110971 -0.008038 0.027141
v 0.108521 -0.020384 0.027633
v 0.068175 0.046366 0.068576
v 0.068372 0.058477 0.071679
v 0.072072 0.051244 0.083962
v 0.081102 0.024637 0.098141
v 0.072380 -0.046100 0.083886
v 0.076593 0.040383 0.091938
v 0.077119 0.024024 0.092524
v 0.076780 -0.017030 0.091920
v 0.071940 0.046159 0.082891
v 0.074004 0.042143 0.068311
v 0.071733 0.045046 0.074989
v 0.075538 0.043967 0.073998
v 0.070662 0.043920 0.069876
v 0.075282 0.043153 0.080397
v 0.075835 0.044148 0.075169
v 0.071926 0.045099 0.076142
v 0.077599 0.042042 0.080844
v 0.071628 -0.042862 0.081585
v 0.071617 0.042694 0.081629
v 0.073653 0.037178 0.085942
v 0.075717 0.037360 0.088048
v 0.078528 0.036210 0.085297
v 0.078039 0.037338 0.084542
v 0.073408 0.043802 0.082717
v 0.075287 0.038973 0.088220
v 0.076052 0.017385 0.090333
v 0.074258 0.017383 0.087372
v 0.074221 0.010509 0.087440
v 0.076075 0.010235 0.090340
v 0.074238 0.003509 0.087433
v 0.075941 0.003927 0.090158
v 0.076776 -0.003265 0.091861
v 0.074242 -0.003517 0.087445
v 0.074271 -0.010546 0.087421
v 0.076819 -0.010014 0.091918
v 0.074314 -0.017717 0.087234
v 0.075996 0.024979 0.089790
v 0.074242 0.024383 0.087377
v 0.078891 0.023994 0.085085
v 0.076425 0.023987 0.088864
v 0.078756 0.017993 0.085056
v 0.078902 0.016994 0.085081
v 0.078895 0.010510 0.085036
v 0.076586 0.010988 0.088221
v 0.078861 0.003690 0.084898
v 0.078871 0.002994 0.085560
v 0.076393 0.002986 0.088885
v 0.078848 -0.003586 0.084941
v 0.077092 -0.003010 0.087710
v 0.076586 -0.004014 0.088271
v 0.078892 -0.010606 0.085094
v 0.076853 -0.010010 0.088254
v 0.076142 -0.011016 0.089797
v 0.078753 -0.017193 0.084741
v 0.077103 -0.017011 0.087706
v 0.078751 -0.018006 0.085761
v 0.076118 -0.018014 0.089872
v 0.078695 -0.024004 0.085642
v 0.078731 -0.024006 0.084752
v 0.076472 -0.024349 0.091116
v 0.074350 -0.024660 0.087345
v 0.076733 -0.025015 0.088207
v 0.078833 -0.031745 0.085533
v 0.073942 -0.043482 0.082445
v 0.073387 -0.043813 0.081141
v 0.076169 -0.037099 0.087368
v 0.075877 -0.038732 0.090233
v 0.078439 -0.037283 0.084316
v 0.075860 -0.038160 0.086309
v 0.078622 -0.035937 0.084172
v 0.073741 -0.037375 0.085930
v 0.075734 -0.043931 0.073849
v 0.073515 -0.037152 0.064976
v 0.068676 -0.037116 0.065418
v 0.070314 -0.025090 0.061615
v 0.069989 -0.037323 0.062452
v 0.068400 0.010650 0.063939
v 0.070210 0.009990 0.061489
v 0.069080 0.010560 0.059363
v 0.073293 0.009994 0.063881
v 0.073286 0.003744 0.063992
v 0.069089 0.003560 0.059366
v 0.068416 0.003650 0.063936
v 0.071679 0.002994 0.062560
v 0.073291 -0.003506 0.063846
v 0.069155 -0.003921 0.060144
v 0.070008 -0.003010 0.061318
v 0.068382 -0.003487 0.063905
v 0.070110 -0.010011 0.061500
v 0.069168 -0.010922 0.060238
v 0.068399 -0.010487 0.063902
v 0.068366 0.024599 0.063944
v 0.068432 -0.024487 0.063896
v 0.073308 -0.010506 0.063830
v 0.073277 0.024494 0.063927
v 0.073170 0.010994 0.063720
v 0.070016 -0.024010 0.061276
v 0.073339 -0.024020 0.064185
v 0.070343 0.024997 0.061625
v 0.073388 0.035958 0.064349
v 0.073255 0.037386 0.064599
v 0.069922 0.037272 0.062515
v 0.070430 0.038303 0.063721
v 0.069697 0.043776 0.068669
v 0.074566 0.042578 0.069416
v 0.078900 0.024996 0.085210
v 0.078894 -0.025007 0.085179
v 0.073346 -0.036000 0.064395
v 0.073269 -0.025006 0.063875
v 0.080260 0.034426 0.084467
v 0.076433 -0.043518 0.070387
v 0.078167 -0.043274 0.076919
v 0.080010 -0.038699 0.083635
v 0.076990 -0.045496 0.075507
v 0.078392 -0.042447 0.083049
v 0.078382 0.033960 0.088817
v 0.078866 0.023654 0.089327
v 0.080633 0.023784 0.087484
v 0.079464 0.040666 0.081648
v 0.078492 0.042206 0.083406
v 0.078092 0.044678 0.078914
v 0.076648 0.043373 0.071284
v 0.076028 0.045877 0.073317
v 0.074991 0.041935 0.065846
v 0.070708 0.043421 0.062265
v 0.073518 0.046176 0.078935
v 0.080193 0.034998 0.086443
v 0.078886 0.035445 0.087822
v 0.077703 0.037894 0.089741
v 0.078363 0.023674 0.090910
v 0.080649 -0.023714 0.086553
v 0.079511 -0.023714 0.088706
v 0.079957 -0.036493 0.086578
v 0.078531 -0.033616 0.088799
v 0.076696 -0.041972 0.084734
v 0.074112 -0.033346 0.061958
v 0.071499 -0.047264 0.072371
v 0.075019 -0.045269 0.080439
v 0.074788 -0.045388 0.070007
v 0.074980 -0.041611 0.065692
v 0.071473 0.033649 0.058796
v 0.070226 0.047945 0.069834
v 0.071297 0.047174 0.071596
v 0.072597 0.047892 0.079895
v 0.075844 0.042826 0.084272
v 0.084817 0.055133 0.039081
v 0.084482 0.016595 0.099549
v 0.077354 0.044419 0.089797
v 0.085147 -0.000025 0.100186
v 0.069909 0.060176 0.070132
v 0.070541 0.061335 0.059402
v 0.076287 0.059262 0.047451
v 0.085083 -0.053766 0.039040
v 0.078007 -0.058132 0.045610
v 0.078415 -0.023748 0.090910
v 0.077803 -0.035760 0.089659
v 0.075184 -0.043740 0.085367
v 0.070710 -0.048606 0.073509
v 0.070710 -0.043624 0.062632
v 0.071573 -0.033617 0.058805
v 0.095818 -0.044177 0.033315
v 0.073289 -0.060262 0.052682
v 0.070022 -0.060831 0.063425
v 0.073501 -0.052433 0.082543
v 0.069976 -0.059939 0.070770
v 0.079413 -0.037841 0.094547
v 0.073775 -0.051723 0.085935
v 0.084804 -0.012923 0.100610
v 0.083114 -0.024931 0.098023
v 0.111039 -0.016597 0.028840
v 0.071885 -0.062529 0.052155
v 0.100998 -0.039553 0.030530
v 0.108050 -0.026763 0.028544
v 0.089365 -0.052301 0.034693
v 0.112650 -0.009385 0.027865
v 0.112836 0.002374 0.028626
v 0.071594 0.062628 0.052673
v 0.072178 0.055413 0.079638
v 0.093562 0.047849 0.034192
v 0.101200 0.038730 0.031292
v 0.107720 0.027472 0.028630
v 0.110883 0.017103 0.028856
v 0.084991 0.001374 0.102662
v 0.082060 0.028312 0.098204
v 0.037075 0.076135 0.072133
v 0.055501 -0.005116 0.132655
v 0.049799 0.012620 0.135212
v 0.064829 0.015503 0.124002
v 0.064280 0.058458 0.090428
v 0.050536 0.070537 0.077598
v 0.071752 0.044512 0.100105
v 0.033505 0.012140 0.142601
v 0.033132 0.027778 0.139300
v 0.041792 0.043934 0.128630
v 0.021446 0.037288 0.138913
v 0.027890 0.052069 0.128355
v 0.027604 0.061451 0.119236
v 0.030798 0.071367 0.101059
v 0.013813 0.070933 0.109371
v 0.074994 -0.005644 0.115405
v 0.066609 0.033592 0.115682
v 0.057907 0.051090 0.110406
v 0.052770 0.061513 0.101079
v 0.040956 0.070807 0.093292
v 0.076450 0.012515 0.112365
v 0.041347 0.062051 0.111230
v 0.044846 0.051456 0.121041
v 0.048852 0.029551 0.131464
v 0.044066 0.074728 0.025731
v 0.116918 -0.003526 -0.020264
v 0.111289 0.003212 -0.052371
v 0.098676 0.037302 -0.045921
v 0.104237 0.026412 -0.050942
v 0.094465 0.047045 -0.032972
v 0.107402 0.015272 -0.054015
v 0.116577 -0.004322 0.002982
v 0.116252 0.007912 0.003882
v 0.106149 0.037523 0.004611
v 0.078457 0.061549 0.018692
v 0.063418 0.068077 0.044116
v 0.110101 0.019827 -0.046725
v 0.105494 0.030965 -0.043861
v 0.103634 0.038721 -0.031804
v 0.115439 0.005559 -0.036401
v 0.108886 0.032306 -0.025167
v 0.113810 0.020809 -0.026190
v 0.099668 0.045624 -0.015134
v 0.082946 0.056754 -0.017888
v 0.089671 0.054476 -0.003537
v 0.093616 0.051227 0.011485
v 0.113531 0.020680 0.004909
v 0.062656 0.067907 0.004685
v 0.091203 0.043865 -0.040164
v 0.066373 0.060104 -0.018608
v 0.078283 0.053433 -0.029856
v 0.057012 0.064759 -0.009663
v 0.054266 0.064083 -0.012349
v 0.065627 0.060413 -0.017856
v 0.063221 0.060136 -0.020703
v 0.084023 0.055601 0.001933
v 0.074003 0.059733 -0.009149
v 0.062265 0.055434 -0.020163
v 0.073569 0.059502 -0.011123
v 0.052983 0.059830 -0.011444
v 0.077116 0.059754 0.011904
v 0.077704 0.059638 0.014176
v 0.065689 0.063698 -0.001447
v 0.067247 0.063651 0.001816
v 0.043195 0.070300 0.004001
v 0.023580 0.076239 0.027067
v -0.006851 0.079806 0.063620
v 0.007193 0.078550 0.077569
v 0.008398 0.016478 0.144537
v -0.000663 -0.016366 0.134836
v 0.009669 0.000435 0.145823
v 0.005275 0.021811 0.143395
v -0.008691 0.019644 0.143518
v -0.000089 0.027134 0.135268
v -0.000574 0.022662 0.135097
v 0.006265 0.027515 0.141927
v 0.008540 0.022495 0.143080
v 0.007760 0.019411 0.127034
v 0.029182 0.018916 0.140496
v 0.011407 0.018520 0.122696
v 0.021330 0.018142 0.142510
v 0.005831 0.019567 0.128962
v 0.003931 0.020035 0.126774
v 0.021001 0.020797 0.142113
v 0.004180 0.018615 0.126612
v 0.005068 0.020679 0.125623
v 0.005407 0.018625 0.125247
v 0.021618 -0.018144 0.142649
v 0.029160 -0.018736 0.140543
v 0.012639 -0.018707 0.143643
v 0.005834 -0.019427 0.128959
v 0.007763 -0.019580 0.127031
v 0.005407 -0.020365 0.125244
v 0.004749 -0.018069 0.125973
v 0.003897 -0.020004 0.126764
v 0.020702 -0.020903 0.142050
v 0.006334 -0.027551 0.141897
v -0.000089 -0.027139 0.135268
v 0.007012 -0.022480 0.143157
v -0.000987 -0.022612 0.134707
v 0.008588 -0.022519 0.143075
v 0.000724 -0.017412 0.132859
v 0.001318 -0.020250 0.132403
v 0.009814 -0.016508 0.144341
v 0.012338 -0.020177 0.143369
v -0.000536 0.016371 0.134701
v 0.009805 0.016517 0.144374
v 0.011180 -0.002792 0.145745
v 0.000028 0.022244 0.133465
v 0.012142 0.020474 0.143312
v 0.012656 0.018670 0.143642
v 0.001379 0.018915 0.132338
v -0.002179 0.017085 0.135731
v -0.003032 0.019933 0.136667
v 0.004602 0.018566 0.144235
v 0.022290 0.005386 0.144219
v 0.010349 0.019101 0.143751
v -0.052355 0.023535 0.128894
v -0.026497 0.066093 0.110184
v 0.002689 0.042606 0.135739
v 0.010172 0.065444 0.115078
v -0.026580 0.076969 0.078961
v -0.028856 0.073605 0.092936
v -0.042120 0.071597 0.088574
v -0.055995 0.040127 0.119069
v -0.072168 0.026742 0.112722
v -0.063762 0.023290 0.120903
v -0.041127 0.004074 0.137675
v -0.060850 -0.005966 0.127094
v -0.019361 -0.002901 0.144292
v 0.000445 -0.004597 0.146141
v -0.017804 0.071094 0.103676
v -0.022649 0.021188 0.141010
v -0.020957 0.037577 0.135395
v -0.015724 0.048157 0.130585
v -0.001625 0.058232 0.124144
v -0.000581 0.069057 0.110309
v 0.015879 0.040859 0.135824
v -0.039264 0.030193 0.132961
v -0.000006 0.019423 0.133385
v -0.002928 -0.018536 0.136477
v -0.002737 -0.020487 0.136851
v 0.006589 -0.017100 0.144420
v 0.004098 -0.020425 0.143745
v -0.008802 -0.019273 0.143550
v -0.055252 -0.026401 0.126128
v -0.032675 -0.075329 0.082833
v -0.054592 -0.040426 0.119955
v -0.070520 -0.034079 0.110636
v -0.012694 -0.057891 0.123257
v -0.019763 -0.066441 0.111603
v -0.046953 -0.068661 0.091678
v -0.034937 -0.069544 0.099593
v -0.013561 -0.075351 0.094505
v 0.010995 -0.063271 0.118112
v 0.015901 -0.034387 0.138977
v -0.030614 -0.025096 0.137690
v -0.031952 -0.012113 0.140159
v -0.016118 -0.048437 0.130318
v -0.028603 -0.037597 0.133365
v -0.004137 -0.039087 0.137330
v 0.009895 -0.052954 0.128643
v -0.000196 -0.069086 0.110206
v 0.013402 0.022618 0.120720
v 0.014053 0.025134 0.121126
v 0.031135 0.022502 0.139063
v 0.031163 0.025497 0.138242
v 0.021639 0.019498 0.115040
v 0.016700 0.019391 0.119509
v 0.031710 0.019223 0.122882
v 0.043869 0.018947 0.134748
v 0.034554 -0.001790 0.140840
v 0.013728 0.016532 0.120007
v 0.033615 0.016424 0.139812
v 0.033360 -0.016522 0.139647
v 0.015082 0.018167 0.118344
v 0.035588 0.018741 0.138397
v 0.014876 0.021604 0.118720
v 0.035388 0.020060 0.138216
v 0.032705 0.022550 0.138539
v 0.011203 0.020343 0.122400
v 0.011131 -0.019099 0.122548
v 0.011657 -0.021616 0.121930
v 0.030745 -0.019862 0.139819
v 0.012319 -0.020125 0.121060
v 0.013656 -0.018177 0.119723
v 0.032812 -0.018263 0.139485
v 0.033570 -0.020060 0.138838
v 0.013558 -0.020623 0.119822
v 0.033593 0.018480 0.139176
v 0.012624 0.018405 0.120755
v 0.013051 0.020920 0.120328
v 0.031024 0.020514 0.139585
v 0.013870 0.018739 0.119509
v 0.014871 -0.017393 0.118723
v 0.015081 -0.020840 0.118346
v 0.035695 -0.018699 0.138376
v 0.044162 -0.018627 0.135096
v 0.030831 -0.018952 0.123761
v 0.030831 0.020048 0.123761
v 0.043651 0.020048 0.134531
v 0.032029 -0.029440 0.121716
v 0.045253 0.001329 0.136149
v 0.030336 -0.030103 0.123091
v 0.031577 -0.035626 0.122124
v 0.031109 0.033708 0.122070
v 0.042278 0.033371 0.130761
v 0.042004 0.031210 0.131811
v 0.030918 0.031450 0.122260
v 0.040092 0.032809 0.132091
v 0.032526 0.032285 0.120653
v 0.030704 -0.031595 0.122474
v 0.041164 -0.031304 0.132192
v 0.031512 -0.033774 0.121666
v 0.040275 -0.033451 0.131727
v 0.042744 -0.032663 0.130826
v 0.032485 -0.032453 0.120693
v 0.033330 -0.034471 0.120015
v 0.036630 0.044695 0.127545
v 0.026826 0.073324 0.089327
v 0.035348 0.073898 0.071694
v 0.049030 0.045014 0.120033
v 0.065161 0.051770 0.095167
v 0.054465 0.069635 0.045045
v 0.042714 0.055199 0.114674
v 0.037633 0.064697 0.103936
v 0.055006 0.052443 0.107386
v 0.053235 0.062107 0.091740
v 0.046688 0.068067 0.082256
v 0.071144 0.017685 0.114105
v 0.068188 0.035169 0.109206
v 0.031723 0.076157 0.047695
v -0.075112 -0.000731 0.117182
v 0.004633 0.064784 0.120174
v -0.038611 0.052406 0.122854
v -0.024556 0.063184 0.117699
v -0.055232 0.052435 0.113203
v -0.043536 0.064274 0.107444
v -0.034731 0.011152 0.141700
v 0.004424 0.011386 0.147445
v -0.024377 0.070823 0.106821
v -0.012689 0.077002 0.095516
v -0.014671 0.054863 0.128412
v 0.007080 0.052755 0.131586
v 0.001149 0.074557 0.103443
v 0.018917 0.015231 0.145791
v -0.066573 0.026039 0.120398
v -0.037067 0.026551 0.137133
v -0.016239 0.025857 0.143115
v 0.005128 0.026334 0.144375
v -0.061179 0.037325 0.119588
v -0.053013 0.022083 0.131352
v -0.041277 0.040639 0.129603
v -0.014718 0.040082 0.137801
v 0.005691 0.040261 0.139005
v -0.000352 -0.081034 0.056777
v 0.018381 -0.078730 0.033473
v 0.036260 -0.075449 0.072974
v 0.017246 -0.080002 0.065208
v 0.022590 -0.076665 0.087457
v 0.042024 -0.075659 0.048733
v 0.030331 -0.078095 0.038467
v 0.065126 -0.055726 0.092997
v 0.059154 -0.065198 0.078160
v 0.054321 -0.070911 0.058777
v 0.042070 -0.019115 0.138003
v 0.040277 -0.071619 0.087318
v 0.052129 -0.064256 0.093612
v 0.051217 -0.058519 0.106786
v 0.049951 -0.044954 0.122546
v 0.067151 -0.043690 0.106829
v 0.067404 -0.029864 0.116563
v 0.061554 -0.022113 0.125144
v 0.040140 -0.056762 0.118111
v 0.031340 -0.071638 0.098508
v 0.089074 -0.052135 -0.026252
v 0.057414 -0.070634 0.016449
v 0.106186 -0.036705 0.008772
v 0.093385 -0.050968 0.016660
v 0.112241 -0.008250 -0.049273
v 0.074496 -0.061258 -0.012378
v 0.078895 -0.061422 0.017531
v 0.113497 -0.020693 0.005304
v 0.110115 -0.019836 -0.046681
v 0.112769 -0.020408 -0.033984
v 0.108900 -0.032324 -0.024982
v 0.105165 -0.039251 -0.015521
v 0.097148 -0.048410 -0.011661
v 0.114097 -0.020819 -0.016186
v 0.100125 -0.041344 -0.035983
v 0.105507 -0.030976 -0.043821
v 0.030350 -0.074482 0.019144
v 0.046833 -0.068915 -0.000028
v 0.063642 -0.059775 -0.021174
v 0.062953 -0.060254 -0.020451
v 0.066396 -0.060160 -0.018612
v 0.065632 -0.060432 -0.017860
v 0.057432 -0.064416 -0.010055
v 0.054040 -0.064153 -0.012116
v 0.056684 -0.064875 -0.009378
v 0.065059 -0.063861 -0.002157
v 0.077022 -0.059873 0.012380
v 0.053216 -0.059733 -0.011654
v 0.062019 -0.055564 -0.019922
v 0.083576 -0.055960 0.001122
v 0.073676 -0.059830 -0.009539
v 0.090549 -0.044721 -0.039573
v 0.079636 -0.052692 -0.031002
v 0.100036 -0.031763 -0.047431
v 0.105518 -0.017764 -0.052382
v 0.104525 0.021457 -0.051331
v 0.099788 0.032185 -0.047239
v 0.108358 -0.012527 0.002701
v 0.114434 0.005093 0.000417
v 0.110209 0.004222 -0.004328
v 0.109399 0.003962 -0.001293
v 0.114227 0.000758 0.006135
v 0.109233 0.001602 -0.000677
v 0.114042 0.009166 -0.000006
v 0.113834 0.006928 0.006778
v 0.113820 0.000579 0.010226
v 0.107625 0.000081 0.005320
v 0.108665 0.007021 0.001448
v 0.111558 -0.000168 0.014324
v 0.113743 0.000487 0.011491
v 0.106554 0.000503 0.009318
v 0.106303 -0.000647 0.010259
v 0.110846 -0.001968 0.015034
v 0.112926 0.015499 0.001445
v 0.109168 0.014012 -0.000440
v 0.106963 0.009250 0.007799
v 0.112904 0.008868 0.013187
v 0.112376 0.013385 -0.012412
v 0.113876 0.012737 -0.012113
v 0.114840 0.003166 -0.018670
v 0.113269 -0.015349 -0.005333
v 0.114490 -0.008677 -0.016282
v 0.112925 -0.014269 0.005379
v 0.108816 -0.014409 0.000888
v 0.106903 -0.008862 0.008029
v 0.112950 -0.009145 0.012815
v 0.113762 -0.000497 0.011698
v 0.113683 -0.007978 0.007279
v 0.108504 -0.007990 0.002059
v 0.113934 -0.010145 -0.000175
v 0.110219 -0.015093 -0.004330
v 0.113224 -0.014349 -0.000888
v 0.112993 -0.012669 0.007239
v 0.113232 0.014364 -0.000858
v 0.113013 0.012258 0.007864
v 0.107314 0.009012 0.006482
v 0.113920 0.010217 -0.000169
v 0.113643 0.006988 0.008845
v 0.108645 0.008485 0.001518
v 0.114563 -0.004317 -0.001009
v 0.114347 -0.001560 0.004068
v 0.114892 0.000856 -0.005007
v 0.114423 0.004063 0.001853
v 0.107866 0.029235 0.008412
v 0.082911 0.053435 -0.023739
v 0.108967 0.018060 -0.046070
v 0.111844 0.021779 -0.016973
v 0.091506 0.048685 -0.024298
v 0.094784 0.048188 -0.000666
v 0.100965 0.040209 0.011386
v 0.110420 -0.011743 -0.005105
v 0.107877 -0.029187 0.008623
v 0.088685 -0.052390 0.014327
v 0.012333 -0.078156 0.040712
v 0.099378 -0.043463 0.000479
v 0.075992 -0.060269 0.025969
v 0.065592 -0.064213 -0.000086
v 0.017536 -0.078364 0.053280
v 0.082826 -0.054266 -0.019659
v 0.107623 -0.018745 -0.048433
v 0.111917 -0.018593 -0.028800
v 0.091437 -0.049757 -0.015478
v 0.033878 -0.061853 0.017614
v 0.036318 -0.061690 0.018002
v 0.034856 -0.061289 0.019458
v 0.034596 -0.065520 0.016896
v 0.036212 -0.065520 0.018108
v 0.035951 -0.063256 0.015541
v 0.037552 -0.065566 0.016769
v 0.036316 0.065403 0.018004
v 0.033538 0.064474 0.017954
v 0.034851 0.062517 0.019469
v 0.034594 0.061574 0.016898
v 0.035269 -0.061830 0.021701
v 0.034375 -0.066022 0.019945
v 0.036437 -0.066780 0.020481
v 0.038242 0.066704 0.018817
v 0.035268 0.065264 0.021703
v 0.034829 0.066244 0.019491
v 0.033962 0.062744 0.020358
v 0.036547 0.060115 0.017768
v 0.036435 0.060314 0.020482
v 0.039894 0.063014 0.017058
v 0.038181 0.065219 0.016139
v 0.080575 0.039213 -0.042732
v 0.089582 0.038589 -0.035126
v 0.088424 0.040145 -0.033963
v 0.080447 0.028347 -0.041195
v 0.087893 0.028689 -0.033856
v 0.079226 0.031561 -0.045319
v 0.068570 -0.024287 0.003078
v 0.069889 -0.024945 0.005415
v 0.071540 -0.022754 0.003227
v 0.069749 -0.021430 0.003635
v 0.070997 -0.021701 0.006846
v 0.068825 -0.021936 0.006262
v 0.067748 -0.024536 0.005640
v 0.063068 -0.034865 0.004090
v 0.065041 -0.033483 0.001654
v 0.063313 -0.032507 0.001198
v 0.066353 -0.030986 0.004670
v 0.063677 -0.031153 0.004379
v 0.094869 -0.001128 0.017258
v 0.072377 -0.003403 0.010399
v 0.095342 0.009434 0.015481
v 0.072763 0.008064 0.008959
v 0.096806 0.017700 0.009861
v 0.074678 0.018791 0.001810
v 0.098645 0.022418 0.003024
v 0.100869 0.024458 -0.005271
v 0.077441 0.023234 -0.008503
v 0.103188 0.023300 -0.013912
v 0.080804 0.022188 -0.021051
v 0.105153 0.019122 -0.021279
v 0.106514 0.012130 -0.026789
v 0.083181 0.015163 -0.029924
v 0.084628 0.003389 -0.035323
v 0.107549 0.001063 -0.030039
v 0.021077 0.049982 -0.009783
v 0.013786 0.052626 -0.012850
v 0.011758 0.050301 -0.012977
v 0.040479 0.046077 -0.000794
v 0.052956 0.042296 0.004833
v 0.040052 0.048289 -0.001101
v 0.063672 0.033329 0.009251
v 0.055282 0.038342 0.006077
v 0.065933 0.026244 0.010046
v 0.069117 0.018940 0.010962
v 0.071249 0.018141 0.011543
v 0.034709 -0.054993 0.019239
v 0.004325 -0.054726 -0.011068
v 0.035449 -0.058382 0.019012
v -0.000509 0.049971 -0.011449
v 0.012387 0.050370 -0.015067
v -0.018089 0.048156 -0.013693
v -0.025197 0.045711 -0.013347
v -0.037983 0.040994 -0.019435
v -0.047064 0.032552 -0.021397
v -0.056865 0.011331 -0.025139
v -0.050756 0.030535 -0.024033
v -0.058589 0.010214 -0.026849
v 0.011762 -0.050308 -0.012934
v -0.057530 -0.016149 -0.026371
v -0.056317 -0.013202 -0.024932
v -0.018031 -0.048171 -0.013743
v -0.020789 -0.046729 -0.012585
v -0.050108 -0.028239 -0.022502
v -0.044746 -0.037045 -0.021888
v -0.038511 -0.039463 -0.018060
v 0.010716 -0.050388 -0.014838
v -0.001212 -0.049857 -0.011408
v 0.090256 -0.044406 -0.037210
v 0.088538 -0.039997 -0.034076
v 0.089585 -0.038580 -0.035128
v 0.081809 -0.039175 -0.042833
v 0.098891 -0.034441 -0.045303
v 0.096217 -0.029688 -0.041755
v 0.095018 -0.031303 -0.040562
v 0.089439 -0.030816 -0.047480
v 0.095956 -0.034428 -0.046943
v 0.096169 -0.033428 -0.047530
v 0.088550 -0.030547 -0.047396
v 0.092013 -0.035932 -0.040521
v 0.093593 -0.036481 -0.039272
v 0.090864 -0.033004 -0.039372
v 0.092054 -0.033017 -0.037734
v 0.089809 -0.036238 -0.038318
v 0.091375 -0.036454 -0.037055
v 0.090807 -0.032407 -0.036487
v 0.090755 -0.037690 -0.036435
v 0.094342 -0.033326 -0.040022
v 0.094669 -0.031911 -0.037623
v 0.091716 -0.032933 -0.034687
v 0.092046 -0.037742 -0.035086
v 0.095829 -0.036607 -0.038852
v 0.094529 -0.029362 -0.037226
v 0.090384 -0.032611 -0.033116
v 0.090389 -0.037429 -0.033104
v 0.093553 -0.040600 -0.036238
v 0.097680 -0.036004 -0.040385
v 0.090415 -0.039915 -0.044058
v 0.094221 -0.038763 -0.041317
v 0.095154 -0.040133 -0.042124
v 0.091647 -0.038368 -0.044951
v 0.089760 -0.031138 -0.035305
v 0.080019 -0.030376 -0.045812
v 0.080266 -0.028564 -0.040999
v 0.087894 -0.028656 -0.033856
v 0.078864 -0.031890 -0.045133
v 0.080714 -0.039161 -0.042602
v 0.086173 -0.044498 -0.041190
v 0.090510 -0.044203 -0.038364
v 0.105840 0.008989 -0.054302
v 0.100547 0.008787 -0.053963
v 0.104873 0.008266 -0.050420
v 0.107714 -0.008788 -0.053209
v 0.104785 -0.008451 -0.050353
v 0.105199 -0.009003 -0.054344
v 0.100723 -0.008996 -0.053794
v 0.101984 0.007899 -0.054087
v 0.106010 0.007890 -0.054340
v 0.107729 0.008687 -0.053186
v 0.110090 -0.003616 -0.050061
v 0.108157 -0.002991 -0.053630
v 0.090701 0.043970 -0.038003
v 0.089879 0.044825 -0.037864
v 0.090999 0.033110 -0.039508
v 0.093592 0.033519 -0.039271
v 0.091936 0.037606 -0.040444
v 0.091760 0.037416 -0.037440
v 0.090549 0.036862 -0.039057
v 0.089136 0.037103 -0.037644
v 0.091375 0.033547 -0.037054
v 0.090277 0.032750 -0.035956
v 0.094341 0.036674 -0.040021
v 0.094668 0.038089 -0.037622
v 0.091715 0.037067 -0.034686
v 0.092046 0.032258 -0.035085
v 0.095828 0.033393 -0.038851
v 0.094434 0.040696 -0.037138
v 0.090368 0.037360 -0.033098
v 0.090383 0.032525 -0.033095
v 0.093673 0.029406 -0.036359
v 0.097723 0.034100 -0.040427
v 0.089209 0.031291 -0.047265
v 0.095019 0.031293 -0.040562
v 0.096066 0.029888 -0.041604
v 0.095218 0.039911 -0.042129
v 0.094139 0.038847 -0.041253
v 0.091733 0.038559 -0.044874
v 0.090798 0.039583 -0.044209
v 0.088537 0.030545 -0.047409
v 0.098503 0.033611 -0.044566
v 0.095641 0.034290 -0.047085
v 0.098842 0.034909 -0.045136
v 0.096285 0.033520 -0.047537
v 0.108011 0.004100 -0.053886
v 0.108069 0.002999 -0.053535
v 0.110088 0.003480 -0.050050
v 0.105269 0.002999 -0.050802
v 0.107294 0.003549 -0.047221
v 0.104624 0.003942 -0.050202
v 0.105050 0.003011 -0.054824
v 0.059760 0.063694 -0.010867
v 0.062540 0.063133 -0.008255
v 0.044936 0.058020 -0.022267
v 0.050310 0.055956 -0.016750
v 0.052468 0.058737 -0.015120
v 0.061207 0.059006 -0.006755
v 0.040343 0.049491 -0.022701
v 0.048628 0.061798 -0.020400
v 0.047642 0.046855 -0.014397
v 0.053911 0.058645 -0.015243
v 0.041414 0.049382 -0.023232
v 0.052705 0.062627 -0.018399
v 0.047455 0.059941 -0.022328
v 0.067219 0.060923 -0.012845
v 0.066196 0.056655 -0.011436
v 0.065057 0.061111 -0.015925
v 0.064318 0.061462 -0.015187
v 0.055120 0.053581 -0.021577
v 0.057615 0.056450 -0.019956
v 0.053688 0.059060 -0.024643
v 0.046831 0.048046 -0.026121
v 0.052962 0.045367 -0.019722
v 0.058302 0.060301 -0.022297
v 0.054046 0.057942 -0.025386
v 0.047859 0.047938 -0.026705
v 0.035612 0.073252 0.014464
v 0.034756 0.068710 0.015503
v 0.014213 0.068837 -0.004374
v 0.026808 0.072561 0.007182
v 0.039872 0.062607 0.014582
v 0.041247 0.061942 0.013215
v 0.042318 0.068099 0.012144
v 0.037009 0.068806 0.020282
v 0.014055 0.061965 -0.011063
v 0.015559 0.062729 -0.011457
v 0.040790 0.066964 0.016530
v 0.039944 0.058748 0.017351
v 0.008037 0.058079 -0.010839
v 0.015461 0.068560 -0.005573
v 0.031091 0.065152 0.023371
v 0.032461 0.064466 0.021991
v 0.032114 0.070968 0.022347
v 0.030389 0.073083 0.021091
v 0.004946 0.068816 -0.003182
v 0.021643 0.073935 0.012107
v -0.000795 0.064450 -0.007646
v 0.017057 0.061455 -0.011794
v 0.001417 0.062571 -0.008887
v 0.040257 0.070394 0.010300
v 0.040247 0.069982 0.009019
v 0.028944 0.070330 -0.002401
v 0.040248 0.071625 0.008842
v 0.031129 0.070946 0.001198
v 0.021459 0.067860 -0.007594
v 0.002036 0.065192 -0.007519
v 0.010881 0.070749 0.000634
v 0.030940 0.072913 0.020112
v 0.030998 0.075131 0.019949
v -0.061709 -0.052528 0.013403
v -0.051588 -0.063374 0.023524
v 0.026914 -0.072244 0.005782
v 0.034773 -0.068732 0.015483
v 0.035137 -0.073234 0.015052
v 0.015219 -0.068721 -0.004903
v 0.067221 -0.060942 -0.012847
v 0.064312 -0.061445 -0.015178
v 0.066304 -0.056622 -0.011540
v 0.055741 -0.060134 -0.023112
v 0.054934 -0.053721 -0.021374
v 0.052154 -0.057144 -0.025233
v 0.052771 -0.045452 -0.019539
v 0.046817 -0.048090 -0.026165
v 0.062567 -0.063140 -0.008280
v 0.061234 -0.059014 -0.006780
v 0.059359 -0.064129 -0.010769
v 0.060215 -0.063473 -0.011290
v 0.048446 -0.061052 -0.021882
v 0.053118 -0.058661 -0.015461
v 0.050182 -0.056007 -0.016641
v 0.041361 -0.049310 -0.023240
v 0.048088 -0.046725 -0.014841
v 0.040357 -0.049548 -0.022713
v 0.047254 -0.060978 -0.021377
v 0.027982 -0.077095 0.022668
v -0.059351 0.055682 0.015875
v -0.051532 0.063367 0.023471
v -0.005680 0.074157 0.068917
v -0.006490 0.078780 0.069353
v -0.023054 0.077488 0.053125
v -0.038288 0.073680 0.037599
v -0.001500 -0.081033 0.058843
v 0.014103 -0.079642 0.039596
v -0.013680 -0.081124 0.070372
v -0.073729 -0.017584 0.116270
v -0.074523 -0.005584 0.117436
v -0.072567 -0.027405 0.114094
v -0.070073 -0.036617 0.111408
v -0.066795 -0.046331 0.107731
v -0.061259 -0.056662 0.102438
v -0.053026 -0.065943 0.096265
v -0.046693 -0.070946 0.092045
v -0.035159 -0.076098 0.084870
v -0.027301 -0.078796 0.080038
v -0.060073 0.055218 0.102244
v -0.056819 0.055235 0.104501
v -0.059476 0.055945 0.101814
v -0.078218 0.051952 0.078333
v -0.054133 0.051788 0.102794
v -0.072055 0.053900 0.088421
v -0.070875 0.054763 0.088782
v -0.052849 0.060204 0.101496
v -0.056236 0.060326 0.099293
v -0.049992 0.056802 0.099797
v -0.074294 0.056873 0.075505
v -0.030760 0.075798 0.082788
v -0.024875 0.079067 0.078378
v -0.035507 0.075600 0.085534
v -0.044040 0.069935 0.090950
v -0.046815 0.070023 0.092492
v -0.055482 0.060981 0.098797
v -0.055595 0.062940 0.098716
v -0.062108 0.054752 0.103445
v -0.066870 0.045913 0.107532
v -0.065924 0.044478 0.107306
v -0.070023 0.036327 0.111603
v -0.070092 0.031968 0.111767
v -0.072881 0.023985 0.114941
v -0.072723 0.016232 0.115177
v -0.074279 0.011287 0.117098
v -0.091880 0.005232 0.023940
v -0.051566 0.071688 0.065869
v -0.073782 0.008884 0.042726
v -0.088792 0.009248 0.027827
v -0.092585 0.005499 0.024800
v -0.081736 0.040370 0.034787
v -0.083080 0.045381 0.034359
v -0.072407 0.055008 0.044991
v -0.086944 0.022782 0.029676
v -0.087948 0.032588 0.029468
v -0.072288 0.060058 0.045085
v -0.072274 0.054404 0.043568
v -0.079228 0.051307 0.036586
v -0.073331 0.005346 0.043404
v -0.086829 0.036067 0.028926
v -0.049563 0.072292 0.066288
v -0.090831 0.018624 0.024698
v -0.069626 0.062159 0.046152
v -0.094503 -0.000262 0.027251
v -0.093794 0.001952 0.026642
v -0.093536 0.003287 0.024356
v -0.094767 0.002402 0.026731
v -0.075204 0.003336 0.043120
v -0.076183 -0.000097 0.044100
v -0.074879 -0.003470 0.042795
v -0.093422 -0.003588 0.022763
v -0.071690 0.000312 0.039607
v -0.093211 0.003401 0.021817
v -0.092517 -0.001435 0.019581
v -0.073892 0.001813 0.041808
v -0.073747 -0.001833 0.041663
v -0.073061 0.002011 0.043805
v -0.074007 -0.001027 0.044751
v -0.071898 -0.001250 0.042642
v -0.069502 0.002393 0.040260
v -0.075928 0.003776 0.046737
v -0.077027 -0.000357 0.047279
v -0.073250 -0.005376 0.043473
v -0.069373 -0.000279 0.039560
v -0.047044 -0.072935 0.070020
v -0.071629 -0.055016 0.044211
v -0.049684 -0.072224 0.066176
v -0.073782 -0.008888 0.042726
v -0.088762 -0.009252 0.027797
v -0.092400 -0.005292 0.024998
v -0.081762 -0.040377 0.034811
v -0.084459 -0.042440 0.032948
v -0.074735 -0.057471 0.042657
v -0.073052 -0.054412 0.044344
v -0.086944 -0.022786 0.029674
v -0.088668 -0.031138 0.028883
v -0.060751 -0.067836 0.056640
v -0.092150 -0.005281 0.023663
v -0.078700 -0.052372 0.037121
v -0.087852 -0.032184 0.027952
v -0.057733 -0.069231 0.058072
v -0.090177 0.000906 0.018445
v -0.090224 -0.000773 0.018522
v -0.051761 0.066904 0.022571
v -0.042421 0.071974 0.031852
v -0.066226 0.064417 0.068270
v -0.075079 0.058445 0.061931
v -0.094972 0.000163 0.034757
v -0.093809 0.002656 0.029662
v -0.047714 0.072873 0.059809
v -0.044008 0.073049 0.041895
v -0.062145 0.062056 0.023776
v -0.070448 0.052887 0.015576
v -0.093193 0.021480 0.036666
v -0.097189 -0.005835 0.066446
v -0.097431 -0.006231 0.053382
v -0.096193 0.017007 0.064989
v -0.093262 0.021197 0.079491
v -0.090521 0.036928 0.063315
v -0.084439 0.041250 0.082529
v -0.085007 0.047013 0.063446
v -0.081905 0.050592 0.046121
v -0.089506 0.036888 0.044332
v -0.096208 0.017550 0.051536
v -0.095056 0.003447 0.080040
v -0.057068 0.065812 0.027292
v -0.051840 0.067204 0.024062
v -0.042994 0.072927 0.041330
v -0.040844 0.074629 0.071810
v -0.065838 0.060046 0.087177
v -0.083992 0.032364 0.092856
v -0.087741 0.017981 0.093747
v -0.073465 0.002991 0.116224
v -0.081166 0.002984 0.107336
v -0.089915 0.003484 0.092796
v -0.090018 -0.003368 0.092510
v -0.084644 0.004105 0.102289
v -0.073541 0.004103 0.116283
v -0.050368 0.071430 0.075394
v -0.058831 0.066472 0.081705
v -0.080107 0.017972 0.105984
v -0.072405 0.046635 0.097963
v -0.067527 0.003435 0.115012
v -0.070572 0.003544 0.118382
v -0.067520 -0.003665 0.115004
v -0.070571 -0.003555 0.118382
v -0.073424 -0.003005 0.116165
v -0.073607 -0.004115 0.116365
v -0.082861 -0.002999 0.105185
v -0.085554 -0.004117 0.100834
v -0.049865 -0.056944 0.099708
v -0.052848 -0.060216 0.101496
v -0.074166 -0.056994 0.075838
v -0.067434 -0.055409 0.093082
v -0.078129 -0.051968 0.078503
v -0.056817 -0.055247 0.104500
v -0.053960 -0.052033 0.102667
v -0.059409 -0.055874 0.101775
v -0.060115 -0.055288 0.102282
v -0.071563 -0.054022 0.089110
v -0.056123 -0.060232 0.099252
v -0.055409 -0.060803 0.098753
v -0.064427 -0.060193 0.088823
v -0.046177 -0.068769 0.092295
v -0.083096 -0.047185 0.074720
v -0.066231 -0.064217 0.070333
v -0.051549 -0.071212 0.074643
v -0.040555 -0.074705 0.072003
v -0.027448 -0.076889 0.080682
v -0.076207 -0.044282 0.095151
v -0.068816 -0.037099 0.110269
v -0.072765 -0.015923 0.115241
v -0.093938 -0.016208 0.079264
v -0.087254 -0.035148 0.082411
v -0.088401 -0.020994 0.091286
v -0.080918 -0.031543 0.098257
v -0.079987 -0.018027 0.106134
v -0.057615 -0.065959 0.085241
v -0.018946 -0.079877 0.074991
v -0.014771 -0.078557 0.071592
v -0.039315 -0.074186 0.087983
v -0.056216 -0.062191 0.099302
v -0.083868 -0.030270 0.097177
v -0.059139 -0.070386 0.070155
v -0.050563 -0.074043 0.066264
v -0.048664 -0.074695 0.067913
v -0.049636 -0.074323 0.066988
v -0.049276 -0.074485 0.066336
v -0.049362 -0.074457 0.066313
v -0.049304 -0.074475 0.066313
v -0.049393 -0.074446 0.066289
v -0.049346 -0.074461 0.066301
v -0.050094 -0.074134 0.067136
v -0.049978 -0.074249 0.066212
v -0.050554 -0.074046 0.066263
v -0.050550 -0.074047 0.066262
v -0.081074 -0.053200 0.075587
v -0.079736 -0.043331 0.092954
v -0.073217 -0.061416 0.072743
v -0.095106 -0.016015 0.081573
v -0.093749 -0.027586 0.077398
v -0.089349 -0.039648 0.076428
v -0.096399 0.000335 0.081602
v -0.087534 0.000117 0.101860
v -0.087010 -0.015143 0.099150
v -0.068218 -0.057780 0.091671
v -0.050581 -0.074037 0.066267
v -0.050452 -0.074083 0.066271
v -0.049348 -0.074461 0.066303
v -0.009000 -0.079145 0.066662
v -0.013911 -0.078547 0.070839
v -0.011533 0.078300 0.073771
v -0.014416 0.078601 0.071292
v -0.028396 0.073622 0.055963
v -0.029097 0.076714 0.055508
v -0.011287 0.073730 0.073852
v -0.011466 -0.073715 0.074001
v -0.011641 -0.078332 0.073762
v -0.047109 -0.071757 0.038778
v -0.028460 -0.076881 0.057710
v -0.006327 -0.078805 0.069229
v -0.005705 -0.074164 0.068940
v -0.008793 0.078949 0.066356
v -0.008258 0.080822 0.065544
v -0.021196 0.079487 0.076259
v -0.028475 0.076974 0.057720
v -0.029945 0.073436 0.055957
v -0.064404 0.055682 0.020928
v -0.056622 0.063367 0.028562
v -0.023079 0.073954 0.051988
v -0.022832 0.077441 0.051773
v -0.001694 0.080994 0.058955
v -0.000062 0.079376 0.057634
v 0.109153 -0.005650 -0.054975
v 0.108708 0.009292 -0.054711
v 0.105013 0.025036 -0.050981
v 0.100018 0.035886 -0.046826
v 0.096806 0.039930 -0.043714
v 0.089559 0.047743 -0.037991
v 0.074864 0.057732 -0.025925
v 0.049189 0.070100 -0.001585
v 0.028584 0.076849 0.021892
v 0.009022 0.080685 0.045592
v -0.038715 0.075023 0.087024
v -0.047115 0.070383 0.092397
v -0.051427 0.066768 0.095596
v -0.091187 0.033474 0.078783
v -0.096082 0.019045 0.077131
v -0.087858 0.042744 0.075941
v -0.079280 0.054824 0.076657
v -0.063811 0.067476 0.073832
v -0.054382 0.072649 0.068779
v -0.049767 0.074267 0.067109
v -0.049939 0.074220 0.067058
v -0.049713 0.074282 0.067132
v -0.049577 0.074321 0.067189
v -0.049575 0.074322 0.067190
v -0.049239 0.074417 0.067333
v -0.047333 0.074959 0.068143
v -0.047018 0.075048 0.068277
v -0.046664 0.075149 0.068428
v -0.044379 0.075892 0.069661
v -0.087225 0.014037 0.099733
v -0.084603 0.028283 0.097269
v -0.078438 0.045512 0.092992
v -0.063327 0.062882 0.088684
v -0.050404 0.074069 0.066603
v -0.050404 0.074070 0.066595
v -0.050404 0.074069 0.066600
v -0.050395 0.074070 0.066696
v -0.050173 0.074122 0.067460
v -0.050169 0.074123 0.067467
v -0.050174 0.074122 0.067455
v -0.050280 0.074094 0.067213
v -0.050292 0.074091 0.067181
v -0.050341 0.074080 0.067007
v -0.050345 0.074079 0.066986
v -0.050342 0.074079 0.067002
v -0.050337 0.074081 0.067013
v -0.050347 0.074079 0.066953
v -0.050032 0.074161 0.067694
v -0.022396 0.078691 0.037517
v -0.050135 0.074132 0.067512
v -0.050041 0.074159 0.067681
v -0.050058 0.074154 0.067655
v -0.050097 0.074143 0.067594
v -0.050034 0.074161 0.067690
v -0.050084 0.074147 0.067615
v -0.050396 0.074070 0.066701
v -0.050412 0.074070 0.066484
v -0.050410 0.074069 0.066511
v -0.049183 0.074440 0.064009
v -0.040157 0.073810 0.027313
v -0.050599 0.073933 0.052390
v -0.004135 0.079932 0.037285
v -0.050134 0.074133 0.067530
v -0.050198 0.074117 0.067399
v -0.050047 0.074157 0.067671
v -0.050049 0.074156 0.067668
v -0.050042 0.074158 0.067679
v -0.050055 0.074155 0.067660
v -0.050308 0.074087 0.067130
v -0.050350 0.074078 0.066970
v -0.050355 0.074077 0.066948
v -0.050352 0.074077 0.066954
v -0.050310 0.074087 0.067122
v -0.050311 0.074086 0.067118
v -0.050314 0.074086 0.067109
v -0.050321 0.074084 0.067085
v -0.050319 0.074085 0.067092
v -0.050339 0.074080 0.067016
v -0.050334 0.074081 0.067033
v -0.050333 0.074081 0.067041
v -0.050329 0.074082 0.067055
v -0.050331 0.074082 0.067048
v -0.050326 0.074083 0.067067
v -0.050334 0.074081 0.067026
v -0.050327 0.074083 0.067061
v -0.050360 0.074076 0.066922
v -0.050356 0.074076 0.066938
v -0.050369 0.074074 0.066874
v -0.050366 0.074074 0.066890
v -0.050373 0.074073 0.066850
v -0.050371 0.074074 0.066866
v -0.050372 0.074073 0.066858
v -0.050385 0.074071 0.066775
v -0.050384 0.074071 0.066783
v -0.050382 0.074072 0.066790
v -0.050381 0.074072 0.066800
v -0.050379 0.074072 0.066817
v -0.050378 0.074072 0.066825
v -0.050374 0.074073 0.066840
v -0.050376 0.074073 0.066834
v -0.050376 0.074073 0.066819
v -0.050359 0.074076 0.066926
v -0.050363 0.074075 0.066906
v -0.050366 0.074075 0.066890
v -0.050357 0.074076 0.066921
v -0.050314 0.074086 0.067110
v -0.050212 0.074111 0.067378
v -0.050216 0.074110 0.067370
v -0.050219 0.074110 0.067365
v -0.050222 0.074109 0.067357
v -0.050223 0.074109 0.067353
v -0.050228 0.074107 0.067345
v -0.050230 0.074107 0.067340
v -0.050163 0.074125 0.067471
v -0.050177 0.074122 0.067449
v -0.050226 0.074108 0.067349
v -0.050268 0.074097 0.067246
v -0.050265 0.074098 0.067252
v -0.050271 0.074096 0.067237
v -0.050264 0.074098 0.067256
v -0.050260 0.074099 0.067268
v -0.050261 0.074099 0.067264
v -0.050263 0.074098 0.067259
v -0.050254 0.074101 0.067277
v -0.050250 0.074102 0.067292
v -0.050249 0.074102 0.067293
v -0.050255 0.074100 0.067281
v -0.050251 0.074101 0.067289
v -0.050256 0.074100 0.067276
v -0.050258 0.074100 0.067273
v -0.050203 0.074114 0.067399
v -0.050211 0.074112 0.067383
v -0.050220 0.074109 0.067361
v -0.050242 0.074104 0.067311
v -0.050239 0.074105 0.067319
v -0.050244 0.074103 0.067307
v -0.050241 0.074104 0.067315
v -0.050246 0.074103 0.067302
v -0.050211 0.074112 0.067382
v -0.050207 0.074113 0.067391
v -0.050204 0.074114 0.067396
v -0.050196 0.074116 0.067414
v -0.050198 0.074115 0.067408
v -0.050168 0.074124 0.067470
v -0.050147 0.074130 0.067506
v -0.050143 0.074130 0.067513
v -0.050141 0.074131 0.067519
v -0.050155 0.074127 0.067494
v -0.050137 0.074132 0.067525
v -0.050191 0.074118 0.067424
v -0.050185 0.074119 0.067436
v -0.050141 0.074131 0.067518
v -0.050232 0.074106 0.067325
v -0.050322 0.074084 0.067080
v -0.050237 0.074105 0.067323
v -0.050235 0.074106 0.067328
v -0.050230 0.074107 0.067335
v -0.050233 0.074106 0.067332
v -0.050377 0.074073 0.066830
v -0.050407 0.074069 0.066566
v -0.050407 0.074070 0.066555
v -0.050408 0.074069 0.066551
v -0.050409 0.074069 0.066541
v -0.050409 0.074070 0.066536
v -0.050409 0.074069 0.066527
v -0.050406 0.074069 0.066578
v -0.050409 0.074069 0.066532
v -0.050408 0.074069 0.066546
v -0.099500 -0.006462 0.064962
v -0.099105 0.010808 0.060104
v -0.055914 0.068368 0.025897
v -0.067694 0.060191 0.021681
v -0.070106 0.063586 0.042160
v -0.096473 0.013874 0.035817
v -0.092580 0.001567 0.019753
v -0.092588 0.032920 0.039055
v -0.088924 0.026716 0.019285
v -0.082230 0.051986 0.039367
v -0.077645 0.049740 0.019179
v -0.071388 0.063894 0.062258
v -0.098873 -0.004797 0.044538
v -0.097586 0.021718 0.056212
v -0.088502 0.043700 0.045017
v -0.091544 0.039802 0.060971
v -0.082687 0.053507 0.059029
v -0.094622 -0.002989 0.026183
v -0.093922 -0.002314 0.026259
v -0.093399 -0.011953 0.023503
v -0.091329 -0.024231 0.024299
v -0.043032 -0.075443 0.038532
v -0.048373 -0.075723 0.058813
v -0.049286 -0.074960 0.064653
v -0.036608 -0.071722 0.014756
v -0.060043 -0.067294 0.030776
v -0.071114 -0.057021 0.020072
v -0.080637 -0.053805 0.039147
v -0.070563 -0.063001 0.041246
v -0.081618 -0.042916 0.017970
v -0.089428 -0.037198 0.033283
v -0.088921 -0.044868 0.052642
v -0.094387 -0.030025 0.044616
v -0.095470 -0.029569 0.059832
v -0.081874 -0.054460 0.058825
v -0.068056 -0.066254 0.055896
v -0.050406 -0.074078 0.066547
v -0.050410 -0.074079 0.066478
v -0.050405 -0.074079 0.066544
v -0.050384 -0.074080 0.066762
v -0.050385 -0.074080 0.066756
v -0.050383 -0.074080 0.066771
v -0.050373 -0.074082 0.066830
v -0.050371 -0.074083 0.066848
v -0.050368 -0.074084 0.066858
v -0.050384 -0.074080 0.066765
v -0.050371 -0.074111 0.065530
v -0.050199 -0.074195 0.064214
v 0.003757 -0.079746 0.033862
v -0.022724 -0.077905 0.031014
v -0.050412 -0.074086 0.066115
v -0.050293 -0.074147 0.064909
v -0.050207 -0.074122 0.067384
v -0.050247 -0.074112 0.067287
v -0.050233 -0.074115 0.067324
v -0.050201 -0.074123 0.067398
v -0.050193 -0.074125 0.067414
v -0.050190 -0.074126 0.067419
v -0.050192 -0.074126 0.067416
v -0.050173 -0.074130 0.067442
v -0.050414 -0.074081 0.066344
v -0.050412 -0.074081 0.066371
v -0.050413 -0.074080 0.066356
v -0.050414 -0.074080 0.066361
v -0.050414 -0.074081 0.066319
v -0.050414 -0.074082 0.066310
v -0.050414 -0.074082 0.066256
v -0.050413 -0.074083 0.066274
v -0.050414 -0.074083 0.066245
v -0.050415 -0.074082 0.066262
v -0.050340 -0.074127 0.065262
v -0.050359 -0.074118 0.065417
v -0.050400 -0.074096 0.065866
v -0.050405 -0.074091 0.065981
v -0.050408 -0.074090 0.066015
v -0.050404 -0.074092 0.065947
v -0.050343 -0.074126 0.065288
v -0.050342 -0.074126 0.065275
v -0.050345 -0.074125 0.065302
v -0.050359 -0.074085 0.066914
v -0.050362 -0.074084 0.066897
v -0.050368 -0.074083 0.066864
v -0.050352 -0.074086 0.066945
v -0.050310 -0.074096 0.067111
v -0.050304 -0.074097 0.067135
v -0.050302 -0.074097 0.067132
v -0.050308 -0.074096 0.067120
v -0.050313 -0.074094 0.067105
v -0.050257 -0.074109 0.067263
v -0.050265 -0.074107 0.067246
v -0.050262 -0.074107 0.067255
v -0.050267 -0.074106 0.067242
v -0.050264 -0.074107 0.067251
v -0.050268 -0.074106 0.067238
v -0.050250 -0.074110 0.067282
v -0.050257 -0.074109 0.067268
v -0.050260 -0.074108 0.067260
v -0.050299 -0.074098 0.067151
v -0.050316 -0.074094 0.067096
v -0.050281 -0.074102 0.067201
v -0.050274 -0.074104 0.067219
v -0.050277 -0.074103 0.067215
v -0.050272 -0.074105 0.067229
v -0.050270 -0.074105 0.067233
v -0.050277 -0.074103 0.067214
v -0.050334 -0.074090 0.067025
v -0.050332 -0.074090 0.067033
v -0.050341 -0.074088 0.066999
v -0.050330 -0.074091 0.067042
v -0.050337 -0.074089 0.067013
v -0.050336 -0.074089 0.067020
v -0.050344 -0.074088 0.066984
v -0.050358 -0.074085 0.066923
v -0.050357 -0.074085 0.066916
v -0.050355 -0.074086 0.066938
v -0.050351 -0.074086 0.066955
v -0.050348 -0.074087 0.066964
v -0.050347 -0.074087 0.066972
v -0.050346 -0.074087 0.066978
v -0.050284 -0.074102 0.067194
v -0.050285 -0.074101 0.067192
v -0.050196 -0.074125 0.067409
v -0.050225 -0.074117 0.067346
v -0.050232 -0.074115 0.067329
v -0.050239 -0.074113 0.067311
v -0.050237 -0.074114 0.067317
v -0.050240 -0.074113 0.067309
v -0.050243 -0.074112 0.067304
v -0.050215 -0.074120 0.067368
v -0.050188 -0.074126 0.067423
v -0.050212 -0.074120 0.067371
v -0.050253 -0.074109 0.067277
v -0.050246 -0.074111 0.067296
v -0.050255 -0.074109 0.067273
v -0.050251 -0.074110 0.067282
v -0.050280 -0.074103 0.067206
v -0.050195 -0.074125 0.067375
v -0.050390 -0.074080 0.066714
v -0.050393 -0.074079 0.066696
v -0.050391 -0.074079 0.066710
v -0.050398 -0.074079 0.066649
v -0.050404 -0.074079 0.066557
v -0.050405 -0.074078 0.066559
v -0.050405 -0.074078 0.066569
v -0.050407 -0.074078 0.066542
v -0.050382 -0.074080 0.066780
v -0.050380 -0.074081 0.066798
v -0.050385 -0.074081 0.066748
v -0.050388 -0.074080 0.066740
v -0.050388 -0.074080 0.066727
v -0.050390 -0.074079 0.066719
v -0.050392 -0.074079 0.066701
v -0.050367 -0.074083 0.066873
v -0.050364 -0.074083 0.066889
v -0.050361 -0.074084 0.066906
v -0.050370 -0.074082 0.066856
v -0.050356 -0.074085 0.066930
v -0.050349 -0.074087 0.066962
v -0.050373 -0.074083 0.066839
v -0.050377 -0.074081 0.066814
v -0.050381 -0.074081 0.066789
v -0.050378 -0.074081 0.066807
v -0.050412 -0.074080 0.066430
v -0.050411 -0.074079 0.066433
v -0.050411 -0.074079 0.066447
v -0.050411 -0.074079 0.066457
v -0.050411 -0.074079 0.066461
v -0.050411 -0.074079 0.066451
v -0.050410 -0.074079 0.066477
v -0.050407 -0.074079 0.066531
v -0.050412 -0.074079 0.066437
v -0.050414 -0.074082 0.066289
v -0.050414 -0.074082 0.066304
v -0.050413 -0.074080 0.066381
v -0.050413 -0.074080 0.066386
v -0.050413 -0.074080 0.066397
v -0.050412 -0.074080 0.066392
v -0.050413 -0.074080 0.066376
v -0.050413 -0.074080 0.066407
v -0.050411 -0.074079 0.066467
v -0.050409 -0.074079 0.066481
v -0.050413 -0.074080 0.066402
v -0.050412 -0.074079 0.066417
v -0.050394 -0.074079 0.066687
v -0.050415 -0.074082 0.066283
v -0.050412 -0.074080 0.066331
v -0.050414 -0.074082 0.066277
v -0.050415 -0.074082 0.066294
v -0.050414 -0.074083 0.066268
v -0.050413 -0.074081 0.066366
v -0.050339 -0.074128 0.065249
v 0.047188 -0.070804 0.000617
v 0.062469 -0.064435 -0.014172
v 0.080556 -0.054344 -0.031121
v 0.107568 -0.015658 -0.053778
v 0.103429 -0.028975 -0.049534
v 0.097759 -0.038809 -0.044636
v 0.089963 -0.047473 -0.038251
v 0.085195 -0.049332 -0.034186
v 0.065067 -0.061356 -0.016061
v 0.063371 -0.063713 -0.014206
v 0.039851 -0.062393 0.014602
v 0.041451 -0.062229 0.013011
v 0.042071 -0.068183 0.012390
v 0.031865 -0.071035 0.022596
v 0.031195 -0.064720 0.023267
v 0.032518 -0.064711 0.021938
v 0.030317 -0.073115 0.020998
v 0.000072 -0.065642 -0.007084
v 0.013845 -0.072159 0.004787
v 0.030979 -0.072929 0.020140
v 0.008430 -0.069881 -0.001598
v 0.030734 -0.074853 0.020167
v 0.002160 -0.065158 -0.007749
v 0.016089 -0.062694 -0.011272
v 0.039556 -0.070226 0.009833
v 0.039868 -0.071942 0.009413
v 0.019754 -0.067290 -0.009195
v 0.040737 -0.070258 0.009533
v 0.017078 -0.061434 -0.011798
v 0.019278 -0.065439 -0.010726
v 0.030305 -0.070560 -0.001110
v 0.012960 -0.060448 -0.011234
v 0.014095 -0.069025 -0.003845
v 0.035686 -0.068487 0.021635
v 0.039613 -0.068065 0.017677
v 0.039560 -0.058698 0.017761
v 0.006643 -0.058266 -0.010628
v 0.041405 -0.063886 0.015876
v 0.015282 -0.065981 -0.009464
v 0.024228 -0.072096 0.004726
v 0.009657 -0.078599 0.045636
v -0.021864 -0.077600 0.052748
v -0.022659 -0.074014 0.051668
v -0.039087 -0.073365 0.035226
v -0.023348 -0.073956 0.052532
v -0.032742 -0.075695 0.043230
v -0.009190 -0.077340 0.031166
v -0.050160 -0.072035 0.066974
v -0.050158 -0.072035 0.066986
v -0.050159 -0.072035 0.066977
v -0.050145 -0.072037 0.067067
v -0.050175 -0.072034 0.066820
v -0.050173 -0.072033 0.066841
v -0.050174 -0.072033 0.066816
v -0.050180 -0.072034 0.066723
v -0.050179 -0.072034 0.066740
v -0.050182 -0.072038 0.066541
v -0.050181 -0.072037 0.066577
v -0.050182 -0.072037 0.066572
v -0.050182 -0.072036 0.066631
v -0.050182 -0.072035 0.066654
v -0.050177 -0.072034 0.066780
v -0.050178 -0.072034 0.066775
v -0.050177 -0.072034 0.066775
v -0.050181 -0.072035 0.066686
v -0.050181 -0.072035 0.066689
v -0.050180 -0.072039 0.066533
v -0.048838 -0.072410 0.068741
v -0.049604 -0.072184 0.068080
v -0.049809 -0.072125 0.067838
v -0.049787 -0.072132 0.067863
v -0.049822 -0.072122 0.067820
v -0.049841 -0.072116 0.067793
v -0.049881 -0.072104 0.067739
v -0.049886 -0.072103 0.067732
v -0.049880 -0.072105 0.067741
v -0.049028 -0.072353 0.068593
v -0.049037 -0.072350 0.068586
v -0.049101 -0.072332 0.068534
v -0.049137 -0.072321 0.068505
v -0.049126 -0.072324 0.068512
v -0.050080 -0.072051 0.067329
v -0.049994 -0.072073 0.067547
v -0.050050 -0.072058 0.067421
v -0.048741 -0.072491 0.065729
v -0.045921 -0.073171 0.053261
v -0.050123 -0.072073 0.065818
v -0.050116 -0.072076 0.065764
v -0.048480 -0.072570 0.064156
v -0.050125 -0.072041 0.067170
v -0.050152 -0.072037 0.067009
v -0.050168 -0.072038 0.066794
v -0.049990 -0.072074 0.067557
v -0.050030 -0.072064 0.067472
v -0.049989 -0.072075 0.067558
v -0.049979 -0.072077 0.067577
v -0.049976 -0.072078 0.067583
v -0.049984 -0.072076 0.067567
v -0.049975 -0.072078 0.067586
v -0.049972 -0.072079 0.067590
v -0.049960 -0.072083 0.067609
v -0.049960 -0.072083 0.067612
v -0.049966 -0.072081 0.067602
v -0.049966 -0.072081 0.067601
v -0.049958 -0.072083 0.067615
v -0.049956 -0.072084 0.067619
v -0.049953 -0.072084 0.067625
v -0.049954 -0.072084 0.067622
v -0.049947 -0.072086 0.067635
v -0.049934 -0.072090 0.067654
v -0.050074 -0.072053 0.067352
v -0.050088 -0.072050 0.067304
v -0.050083 -0.072047 0.067326
v -0.049117 -0.072328 0.068518
v -0.049231 -0.072294 0.068424
v -0.049315 -0.072269 0.068353
v -0.049323 -0.072266 0.068346
v -0.049339 -0.072262 0.068332
v -0.049293 -0.072275 0.068372
v -0.049298 -0.072274 0.068367
v -0.049332 -0.072264 0.068338
v -0.049249 -0.072288 0.068411
v -0.049266 -0.072283 0.068396
v -0.049257 -0.072286 0.068403
v -0.049441 -0.072232 0.068239
v -0.049449 -0.072230 0.068231
v -0.049546 -0.072201 0.068138
v -0.049378 -0.072251 0.068296
v -0.049426 -0.072236 0.068253
v -0.049434 -0.072234 0.068245
v -0.049282 -0.072279 0.068382
v -0.049273 -0.072281 0.068388
v -0.049347 -0.072259 0.068323
v -0.049364 -0.072254 0.068310
v -0.049355 -0.072257 0.068317
v -0.049371 -0.072253 0.068303
v -0.049410 -0.072241 0.068267
v -0.049387 -0.072248 0.068289
v -0.049395 -0.072245 0.068281
v -0.049206 -0.072301 0.068447
v -0.049215 -0.072298 0.068440
v -0.049223 -0.072296 0.068432
v -0.049163 -0.072314 0.068483
v -0.049171 -0.072311 0.068476
v -0.049189 -0.072306 0.068461
v -0.049181 -0.072308 0.068469
v -0.049197 -0.072303 0.068454
v -0.049111 -0.072329 0.068526
v -0.049145 -0.072319 0.068498
v -0.049154 -0.072316 0.068491
v -0.049055 -0.072345 0.068571
v -0.049006 -0.072360 0.068611
v -0.048948 -0.072376 0.068656
v -0.049092 -0.072335 0.068541
v -0.049073 -0.072340 0.068556
v -0.049067 -0.072342 0.068562
v -0.049919 -0.072094 0.067680
v -0.049922 -0.072093 0.067677
v -0.049926 -0.072092 0.067670
v -0.049927 -0.072091 0.067667
v -0.049891 -0.072102 0.067724
v -0.049899 -0.072099 0.067713
v -0.049903 -0.072098 0.067706
v -0.049904 -0.072098 0.067703
v -0.049910 -0.072096 0.067696
v -0.049910 -0.072096 0.067693
v -0.049890 -0.072102 0.067726
v -0.049897 -0.072100 0.067716
v -0.049901 -0.072099 0.067709
v -0.049907 -0.072097 0.067700
v -0.049803 -0.072127 0.067846
v -0.049816 -0.072123 0.067830
v -0.049817 -0.072122 0.067828
v -0.049736 -0.072146 0.067930
v -0.049752 -0.072141 0.067910
v -0.049771 -0.072136 0.067888
v -0.049843 -0.072115 0.067794
v -0.049829 -0.072119 0.067811
v -0.049848 -0.072114 0.067786
v -0.049819 -0.072122 0.067827
v -0.049854 -0.072112 0.067778
v -0.049853 -0.072112 0.067780
v -0.049871 -0.072107 0.067754
v -0.049873 -0.072107 0.067750
v -0.049865 -0.072109 0.067762
v -0.049861 -0.072110 0.067765
v -0.049868 -0.072108 0.067758
v -0.049859 -0.072111 0.067771
v -0.049774 -0.072135 0.067884
v -0.049875 -0.072106 0.067749
v -0.049878 -0.072105 0.067745
v -0.049884 -0.072104 0.067736
v -0.049949 -0.072085 0.067631
v -0.049932 -0.072090 0.067661
v -0.049934 -0.072090 0.067658
v -0.049913 -0.072095 0.067690
v -0.049918 -0.072094 0.067683
v -0.049924 -0.072092 0.067674
v -0.049930 -0.072091 0.067664
v -0.049945 -0.072086 0.067638
v -0.049951 -0.072085 0.067628
v -0.049916 -0.072095 0.067687
v -0.049888 -0.072102 0.067729
v -0.049893 -0.072101 0.067722
v -0.049833 -0.072118 0.067803
v -0.049941 -0.072087 0.067644
v -0.049942 -0.072087 0.067645
v -0.049939 -0.072088 0.067648
v -0.049938 -0.072089 0.067651
v -0.049969 -0.072080 0.067595
v -0.048934 -0.072380 0.068667
v -0.048926 -0.072384 0.068673
v -0.048915 -0.072386 0.068682
v -0.048906 -0.072389 0.068689
v -0.048944 -0.072378 0.068659
v -0.049971 -0.072079 0.067592
v -0.050155 -0.072057 0.066099
v -0.050135 -0.072067 0.065914
v -0.050145 -0.072062 0.066002
v -0.050144 -0.072062 0.065992
v -0.050147 -0.072061 0.066014
v -0.050166 -0.072034 0.066920
v -0.050167 -0.072034 0.066913
v -0.050165 -0.072035 0.066924
v -0.050172 -0.072034 0.066850
v -0.050181 -0.072037 0.066614
v -0.050182 -0.072038 0.066525
v -0.050180 -0.072035 0.066709
v -0.050176 -0.072034 0.066802
v -0.050177 -0.072034 0.066797
v -0.050177 -0.072034 0.066789
v -0.050176 -0.072034 0.066792
v -0.050180 -0.072035 0.066695
v -0.050181 -0.072035 0.066660
v -0.050180 -0.072035 0.066672
v -0.050180 -0.072034 0.066735
v -0.050179 -0.072034 0.066754
v -0.050178 -0.072039 0.066515
v -0.050160 -0.072035 0.066970
v -0.050158 -0.072035 0.066983
v -0.050157 -0.072035 0.066991
v -0.050152 -0.072036 0.067007
v -0.050154 -0.072036 0.067012
v -0.050152 -0.072036 0.067027
v -0.050161 -0.072035 0.066963
v -0.050161 -0.072034 0.066956
v -0.050164 -0.072034 0.066936
v -0.050142 -0.072038 0.067085
v -0.050155 -0.072035 0.067005
v -0.050153 -0.072036 0.067019
v -0.050152 -0.072036 0.067028
v -0.050163 -0.072034 0.066947
v -0.050165 -0.072034 0.066932
v -0.050161 -0.072034 0.066967
v -0.050162 -0.072034 0.066959
v -0.050164 -0.072034 0.066936
v -0.050171 -0.072033 0.066871
v -0.050172 -0.072034 0.066862
v -0.050172 -0.072033 0.066858
v -0.050173 -0.072034 0.066846
v -0.050172 -0.072034 0.066854
v -0.050168 -0.072034 0.066897
v -0.050168 -0.072034 0.066901
v -0.050166 -0.072034 0.066917
v -0.050169 -0.072034 0.066895
v -0.050166 -0.072034 0.066909
v -0.050157 -0.072035 0.066994
v -0.050142 -0.072037 0.067087
v -0.050145 -0.072037 0.067068
v -0.050137 -0.072038 0.067110
v -0.050139 -0.072038 0.067105
v -0.050136 -0.072039 0.067117
v -0.050154 -0.072036 0.066969
v -0.050174 -0.072046 0.066308
v -0.050101 -0.072079 0.065769
v -0.050126 -0.072071 0.065840
v -0.050129 -0.072070 0.065861
v -0.050131 -0.072069 0.065883
v -0.050142 -0.072063 0.065977
v -0.050174 -0.072034 0.066838
v -0.050122 -0.072073 0.065807
v -0.050127 -0.072070 0.065849
v -0.050133 -0.072068 0.065895
v -0.050131 -0.072069 0.065903
v -0.033847 -0.075933 0.050635
v -0.029225 -0.073538 0.055902
v -0.056600 -0.063374 0.028535
v -0.066770 -0.052528 0.018463
v -0.073549 -0.011453 0.001504
v -0.070087 -0.032393 0.005072
v -0.078591 -0.011453 0.006546
v -0.075053 -0.032393 0.010038
v -0.071220 0.043609 0.013881
v -0.078620 0.011460 0.006576
v -0.076262 0.026806 0.008875
v -0.078070 0.035773 0.007852
v -0.083645 0.000787 0.002274
v -0.078782 -0.000003 0.006412
v -0.065501 -0.059226 0.020469
v -0.071633 -0.050575 0.014292
v -0.078288 -0.035063 0.007633
v -0.083774 -0.000813 0.002135
v -0.066228 0.043608 0.008887
v -0.071306 0.026806 0.003919
v -0.073597 0.011297 0.001516
v -0.054496 -0.065043 0.019819
v -0.068545 -0.048581 0.005775
v -0.064306 0.055201 0.010023
v -0.071004 0.043551 0.003167
v -0.077444 0.020606 -0.003199
v -0.077140 -0.022253 -0.002809
v -0.079059 -0.000409 -0.004793
v -0.063336 0.056981 0.012568
v -0.071281 0.044063 0.004614
v -0.077773 0.021092 -0.001884
v -0.079447 0.000550 -0.003559
v -0.074085 -0.000186 0.001806
v -0.053339 -0.066245 0.022553
v -0.067073 -0.052286 0.008826
v -0.076498 -0.028047 -0.000605
v -0.079544 -0.000664 -0.003645
v -0.069424 -0.062152 0.046370
v -0.090521 -0.035644 0.067934
v -0.093567 -0.003754 0.028651
v -0.093829 -0.000631 0.030312
v -0.094907 -0.017175 0.041265
v -0.083259 -0.049895 0.054617
v -0.079345 -0.045599 0.023009
v -0.087867 -0.016502 0.016007
v -0.089660 -0.038335 0.048391
v -0.075528 -0.058112 0.061552
v -0.094723 -0.024346 0.059922
v -0.059529 -0.064246 0.024833
v -0.080249 -0.000081 0.049066
v -0.067575 -0.000002 0.036434
v -0.082742 0.000676 0.001619
v -0.083757 0.000048 0.013597
v -0.082534 0.000548 0.020537
v -0.082552 -0.000552 0.020641
v -0.082528 -0.000552 0.001834
v -0.070194 0.052120 0.014167
v -0.079327 0.029460 0.005030
v -0.072589 -0.047772 0.011741
v -0.080794 -0.022682 0.003569
v 0.015835 0.077687 0.037946
v -0.015444 0.075392 0.023261
v 0.003202 0.077460 0.031218
v -0.050032 0.072104 0.065201
v -0.050132 0.072061 0.065860
v -0.050083 0.072042 0.067335
v -0.050079 0.072043 0.067349
v -0.050072 0.072044 0.067367
v -0.050083 0.072042 0.067333
v -0.048687 0.072444 0.068857
v -0.048710 0.072437 0.068840
v -0.048717 0.072435 0.068834
v -0.048904 0.072381 0.068693
v -0.048911 0.072378 0.068687
v -0.048867 0.072391 0.068721
v -0.049047 0.072339 0.068581
v -0.049129 0.072315 0.068514
v -0.049136 0.072313 0.068508
v -0.049123 0.072317 0.068520
v -0.049101 0.072324 0.068537
v -0.049208 0.072291 0.068449
v -0.049208 0.072292 0.068449
v -0.049209 0.072291 0.068447
v -0.049394 0.072237 0.068285
v -0.049163 0.072305 0.068487
v -0.048779 0.072417 0.068789
v -0.048733 0.072431 0.068823
v -0.048628 0.072462 0.068900
v -0.050024 0.072057 0.067490
v -0.050022 0.072057 0.067495
v -0.049086 0.072430 0.060383
v -0.049017 0.072349 0.068604
v -0.048806 0.072411 0.068764
v -0.048544 0.072486 0.068962
v -0.049807 0.072116 0.067845
v -0.049635 0.072166 0.068052
v -0.049852 0.072105 0.067781
v -0.049829 0.072110 0.067816
v -0.049824 0.072113 0.067822
v -0.050043 0.072052 0.067438
v -0.049976 0.072069 0.067589
v -0.049930 0.072082 0.067667
v -0.050020 0.072058 0.067496
v -0.050017 0.072058 0.067505
v -0.050033 0.072054 0.067470
v -0.050044 0.072052 0.067444
v -0.050047 0.072051 0.067437
v -0.050032 0.072054 0.067471
v -0.050028 0.072055 0.067481
v -0.049887 0.072094 0.067733
v -0.049883 0.072095 0.067741
v -0.049893 0.072092 0.067726
v -0.049870 0.072099 0.067759
v -0.049818 0.072114 0.067831
v -0.050018 0.072058 0.067500
v -0.050085 0.072042 0.067315
v -0.048741 0.072429 0.068817
v -0.048763 0.072422 0.068800
v -0.048786 0.072415 0.068783
v -0.048926 0.072374 0.068676
v -0.048876 0.072390 0.068715
v -0.048836 0.072401 0.068746
v -0.048831 0.072402 0.068749
v -0.048823 0.072405 0.068754
v -0.048664 0.072451 0.068874
v -0.048695 0.072442 0.068851
v -0.048671 0.072449 0.068868
v -0.048743 0.072428 0.068816
v -0.048681 0.072446 0.068862
v -0.049231 0.072285 0.068429
v -0.049149 0.072309 0.068498
v -0.049395 0.072237 0.068284
v -0.049360 0.072247 0.068317
v -0.049319 0.072259 0.068354
v -0.049401 0.072235 0.068280
v -0.048976 0.072360 0.068637
v -0.048955 0.072366 0.068653
v -0.048961 0.072364 0.068647
v -0.049021 0.072347 0.068603
v -0.049072 0.072331 0.068561
v -0.048934 0.072372 0.068671
v -0.048905 0.072381 0.068693
v -0.048941 0.072370 0.068665
v -0.048875 0.072389 0.068716
v -0.048853 0.072396 0.068733
v -0.048846 0.072398 0.068738
v -0.048756 0.072424 0.068806
v -0.048803 0.072410 0.068771
v -0.048752 0.072424 0.068804
v -0.050113 0.072035 0.067230
v -0.050106 0.072036 0.067253
v -0.050150 0.072027 0.067067
v -0.050177 0.072024 0.066817
v -0.050178 0.072024 0.066790
v -0.050178 0.072024 0.066804
v -0.050176 0.072024 0.066831
v -0.050175 0.072024 0.066852
v -0.050180 0.072025 0.066763
v -0.050180 0.072025 0.066777
v -0.050181 0.072025 0.066750
v -0.050094 0.072039 0.067301
v -0.050102 0.072037 0.067267
v -0.050064 0.072047 0.067386
v -0.050064 0.072046 0.067391
v -0.050060 0.072047 0.067400
v -0.050057 0.072048 0.067409
v -0.050067 0.072046 0.067382
v -0.050062 0.072047 0.067396
v -0.050053 0.072049 0.067419
v -0.050057 0.072049 0.067404
v -0.050051 0.072049 0.067424
v -0.050047 0.072051 0.067433
v -0.050069 0.072045 0.067377
v -0.050071 0.072045 0.067372
v -0.050075 0.072043 0.067357
v -0.050095 0.072039 0.067297
v -0.050071 0.072044 0.067367
v -0.050041 0.072053 0.067397
v -0.050085 0.072083 0.065550
v -0.050052 0.072095 0.065339
v -0.050184 0.072031 0.066438
v -0.050069 0.072088 0.065432
v -0.050026 0.072105 0.065193
v 0.017854 0.078864 0.035478
v 0.062422 0.064137 -0.013342
v 0.081339 0.052213 -0.031143
v 0.104255 0.024285 -0.049922
v 0.101790 0.004099 -0.054281
v 0.107294 -0.003276 -0.047221
v 0.104732 -0.004101 -0.050302
v 0.108038 -0.004105 -0.053880
v 0.101852 -0.005369 -0.054219
v 0.105897 -0.007893 -0.054383
v 0.104786 -0.003001 -0.050351
v 0.101705 -0.002991 -0.054365
v 0.106355 -0.002947 -0.054740
v 0.104920 -0.022363 -0.050655
v 0.087298 -0.043910 -0.041427
v -0.027762 -0.071084 0.013816
v 0.036619 -0.065988 -0.012812
v 0.001963 -0.063870 -0.008394
v 0.004348 -0.058555 -0.010251
v -0.071286 -0.022880 -0.010911
v -0.024540 -0.057483 -0.009632
v 0.013631 -0.052659 -0.012776
v 0.023989 -0.051862 -0.015554
v -0.065086 0.003525 -0.022674
v -0.064081 -0.010868 -0.022608
v -0.061825 -0.022598 -0.021519
v -0.057064 -0.035407 -0.019343
v -0.063800 -0.042247 -0.007354
v -0.052201 -0.048139 -0.013006
v -0.040928 -0.057798 -0.007911
v -0.047150 -0.047707 -0.015551
v -0.047047 -0.062929 0.005776
v -0.058276 -0.055683 0.003163
v -0.014192 -0.065138 -0.005179
v -0.008442 -0.073336 0.012850
v 0.055015 -0.059120 -0.024971
v 0.047834 -0.047885 -0.026693
v 0.071998 -0.050398 -0.034977
v 0.068375 -0.040472 -0.038742
v 0.076273 -0.052296 -0.033507
v 0.101580 -0.021492 -0.052073
v 0.084961 -0.024057 -0.048665
v 0.090545 -0.007889 -0.052406
v 0.021061 -0.049978 -0.009791
v 0.056315 -0.040320 0.006373
v 0.054907 -0.038815 0.005911
v 0.039177 -0.046523 -0.001397
v 0.039223 -0.048599 -0.001482
v 0.071897 -0.015235 0.011694
v 0.069532 -0.016865 0.011059
v 0.065262 -0.027279 0.009827
v 0.066978 -0.028234 0.010305
v 0.071444 -0.000458 0.011562
v 0.073418 0.000566 0.012129
v 0.071446 -0.000010 0.011562
v 0.071444 0.000458 0.011562
v 0.073186 0.014984 0.006929
v 0.073282 0.023003 -0.003779
v 0.076137 0.024832 -0.017760
v 0.081709 0.018475 -0.028971
v 0.085241 0.009766 -0.034530
v 0.107052 -0.009562 -0.028210
v 0.086271 -0.003125 -0.036073
v 0.084250 -0.013019 -0.032932
v 0.105514 -0.017716 -0.022639
v 0.080458 -0.020636 -0.026573
v 0.103692 -0.022420 -0.015813
v 0.075837 -0.024868 -0.016496
v 0.101467 -0.024472 -0.007504
v 0.099149 -0.023306 0.001164
v 0.073330 -0.023244 -0.004255
v 0.073138 -0.015403 0.006808
v 0.097238 -0.019278 0.008249
v 0.095603 -0.012159 0.013983
v 0.074375 -0.017822 0.002942
v 0.077442 -0.023248 -0.008504
v 0.080432 -0.022725 -0.019662
v 0.083760 -0.012618 -0.032083
v 0.081262 0.012976 -0.022578
v 0.082345 0.003667 -0.028156
v 0.082406 -0.000316 -0.028526
v 0.081852 -0.006539 -0.027431
v 0.080406 -0.012421 -0.023263
v 0.075802 0.013405 -0.002529
v 0.074001 0.004405 0.002856
v 0.073751 -0.001256 0.003395
v 0.074028 -0.007728 0.001565
v 0.074864 -0.013405 -0.003295
v 0.078904 -0.016739 -0.013959
v 0.081465 0.014704 -0.031117
v 0.075092 0.023345 -0.019653
v 0.079008 0.022646 -0.020498
v 0.074766 0.022486 -0.004729
v 0.071656 0.021822 -0.003913
v 0.071723 0.014197 0.005464
v 0.071711 -0.014792 0.005101
v 0.071991 -0.023225 -0.007613
v 0.075104 -0.022970 -0.005880
v 0.079217 -0.022284 -0.021377
v 0.076417 -0.022319 -0.022466
v 0.081649 -0.014021 -0.031526
v 0.074205 0.013220 -0.002915
v 0.079695 0.013082 -0.023287
v 0.077774 0.016632 -0.012836
v 0.077018 -0.016809 -0.013105
v 0.082188 0.001025 -0.028539
v 0.035221 0.048718 -0.022595
v 0.060121 0.042185 -0.036987
v 0.079679 0.028935 -0.048467
v 0.087081 0.015765 -0.052899
v 0.089090 0.000452 -0.054285
v 0.089069 0.001654 -0.054273
v 0.072381 0.035548 -0.044440
v 0.088543 -0.000439 -0.052249
v 0.089090 -0.000000 -0.054285
v 0.089089 -0.000231 -0.054285
v 0.089087 -0.000461 -0.054284
v 0.085100 -0.000461 -0.039404
v 0.087090 -0.015620 -0.052946
v 0.080371 -0.027977 -0.048876
v 0.070262 -0.037132 -0.043242
v 0.060214 -0.035097 0.002819
v 0.056793 -0.043316 -0.034926
v 0.032921 -0.049100 -0.021579
v 0.057855 -0.056351 -0.020195
v 0.062999 0.042732 -0.035597
v 0.078244 0.033438 -0.044592
v 0.080036 0.030473 -0.045786
v 0.084836 0.024253 -0.048599
v 0.089577 0.011964 -0.051724
v 0.026138 0.051612 -0.016470
v 0.089731 0.031159 -0.035278
v 0.081642 0.039347 -0.042752
v 0.086788 0.044699 -0.040832
v 0.087086 0.043803 -0.041497
v -0.055127 0.051869 -0.005859
v 0.019781 0.065853 -0.010394
v -0.022698 0.059862 -0.008573
v -0.068380 0.033721 -0.008290
v -0.047298 0.063117 0.006423
v 0.004367 0.054715 -0.011066
v 0.005244 0.058474 -0.010392
v 0.044972 0.066105 -0.011377
v -0.026228 0.063090 -0.004983
v -0.021099 0.069326 0.005274
v -0.045468 0.050574 -0.014140
v -0.054757 0.041065 -0.017579
v -0.060797 0.026261 -0.021104
v -0.042198 0.059096 -0.005062
v 0.071288 0.053127 -0.033132
v 0.008280 0.067929 -0.005125
v 0.102593 0.020688 -0.052340
v 0.034727 0.054982 0.019220
v 0.035456 0.058371 0.019003
v 0.034342 0.060262 0.022976
v 0.034345 0.066414 0.022941
v 0.035483 -0.059064 0.021809
v 0.033802 -0.063398 0.023479
v 0.039486 -0.065311 0.017570
v 0.039044 -0.060834 0.017938
v 0.038182 -0.061875 0.016137
v 0.037345 0.062845 0.016975
v 0.035847 0.064661 0.015645
v 0.034102 -0.066873 0.017390
v 0.037263 -0.063570 0.014229
v 0.011460 -0.063312 -0.011369
v 0.034198 -0.060090 0.017294
v 0.009033 -0.060842 -0.011920
v 0.009657 -0.068288 -0.008368
v 0.009150 -0.059912 -0.012703
v 0.010872 -0.067027 -0.008598
v 0.012190 -0.066067 -0.011126
v 0.011846 -0.065730 -0.009730
v 0.003964 -0.065766 -0.009886
v 0.002424 -0.061793 -0.011245
v 0.005302 -0.060226 -0.011780
v 0.008272 -0.066788 -0.008187
v 0.032303 -0.063658 0.019190
v 0.034078 0.066941 0.017414
v 0.037033 0.064614 0.014459
v 0.036173 0.060988 0.015318
v 0.033805 0.060376 0.017686
v 0.032343 0.063645 0.019149
v 0.010549 0.062038 -0.012162
v 0.011843 0.064654 -0.010618
v 0.004544 0.066084 -0.009633
v 0.003875 0.060545 -0.011718
v 0.002210 0.063461 -0.010699
v 0.010428 0.068294 -0.008502
v 0.007041 0.060143 -0.012171
v 0.010415 0.067030 -0.008218
v 0.012235 0.066468 -0.010868
v 0.011323 0.066854 -0.009186
v 0.087219 0.033482 -0.047551
v 0.093167 0.035906 -0.041678
v 0.091550 0.031561 -0.040055
v 0.088733 0.036820 -0.045621
v 0.085254 0.038561 -0.045085
v 0.083692 0.031561 -0.048136
v 0.086101 0.039311 -0.045720
v 0.088458 0.037770 -0.046640
v 0.088589 0.035183 -0.047751
v 0.015076 0.071936 -0.002712
v 0.080797 0.051372 -0.037354
v 0.106418 0.000030 -0.057115
v 0.047918 0.057202 -0.025871
v -0.066166 -0.001881 -0.024441
v -0.064813 0.012678 -0.024329
v 0.041899 0.070095 -0.007259
v 0.103935 0.019386 -0.054665
v 0.066258 0.058958 -0.028001
v 0.015192 0.077601 0.019425
v -0.016988 0.075345 0.015671
v -0.074023 0.043226 0.003536
v -0.082635 0.025084 0.004244
v -0.086038 0.000527 0.003290
v 0.026297 0.064716 -0.015308
v 0.089137 0.043084 -0.044741
v 0.079246 0.032874 -0.046893
v 0.097607 0.030697 -0.050903
v -0.007026 0.069235 -0.003750
v 0.038468 0.066461 -0.016278
v 0.066951 0.054642 -0.033500
v -0.061220 0.029586 -0.022076
v -0.022101 0.060731 -0.010298
v -0.030674 0.063481 -0.006867
v -0.046728 0.049576 -0.016876
v -0.045646 0.056663 -0.010645
v -0.056628 0.045025 -0.015786
v -0.056347 0.036570 -0.021242
v -0.077783 -0.004410 -0.009836
v -0.074728 0.013644 -0.012533
v -0.070416 0.032365 -0.010198
v -0.061688 0.055049 0.001648
v -0.049409 0.063909 0.005153
v -0.035250 0.069637 0.008335
v 0.080565 0.037014 -0.045543
v 0.088751 0.033482 -0.037260
v 0.088258 -0.035306 -0.036764
v 0.091680 -0.031596 -0.040187
v 0.093197 -0.035747 -0.041708
v 0.091084 -0.038371 -0.039589
v 0.088171 -0.037460 -0.045489
v 0.088454 -0.035009 -0.046604
v 0.085928 -0.032499 -0.047655
v 0.080793 -0.037282 -0.045425
v 0.079265 -0.033365 -0.046700
v 0.085222 -0.039394 -0.045568
v 0.085453 -0.038413 -0.044913
v 0.081626 -0.031531 -0.047829
v 0.088012 -0.033517 -0.048341
v 0.088824 -0.037815 -0.046773
v -0.008721 -0.068838 -0.004292
v -0.034780 -0.061996 -0.007735
v 0.098269 -0.035509 -0.048153
v 0.102006 -0.022530 -0.053997
v 0.071867 -0.052545 -0.036179
v 0.028393 -0.064362 -0.015953
v -0.013110 -0.061069 -0.010261
v -0.083093 -0.024090 0.004493
v -0.052027 -0.064769 0.009329
v 0.017600 -0.070547 -0.006479
v 0.090218 -0.042855 -0.044677
v -0.064919 -0.013917 -0.024064
v -0.061659 -0.026000 -0.022895
v -0.060489 -0.038735 -0.017391
v -0.056155 -0.036929 -0.021157
v -0.052953 -0.047382 -0.016397
v -0.046994 -0.055208 -0.011598
v -0.046332 -0.049480 -0.016873
v -0.072799 -0.023292 -0.011884
v -0.025936 -0.059922 -0.010782
v -0.071272 -0.042095 -0.001538
v -0.061718 -0.055094 0.001747
v 0.025581 -0.074933 0.007319
v -0.014015 -0.074137 0.010664
v 0.041065 -0.065154 -0.018284
v 0.047553 -0.067189 -0.013710
v 0.066234 -0.058919 -0.028011
v 0.081096 -0.051215 -0.037516
v -0.013951 -0.019961 0.053587
v -0.007250 -0.020258 0.053566
v -0.018450 -0.020068 0.060461
v -0.018450 -0.018595 0.048178
v -0.013950 -0.018479 0.048215
v -0.007250 -0.017393 0.066057
v -0.018450 -0.011561 0.072554
v -0.007250 -0.009620 0.073743
v -0.018450 0.002090 0.076242
v -0.007250 0.005911 0.075709
v -0.018450 0.014670 0.069896
v -0.007250 0.018961 0.063776
v -0.018450 0.018476 0.063523
v -0.009544 -0.012801 0.018017
v -0.009544 -0.006101 0.018016
v -0.014818 -0.006101 0.013819
v -0.013699 -0.017301 0.015521
v -0.004455 -0.012801 0.020271
v -0.004426 -0.017301 0.020187
v -0.019359 -0.006101 0.003267
v -0.019440 -0.017301 0.002439
v -0.017421 -0.006100 -0.008072
v -0.016412 -0.017300 -0.010169
v -0.010736 -0.006100 -0.015665
v -0.006242 -0.017300 -0.018137
v -0.001422 -0.006100 -0.019263
v 0.005985 -0.017300 -0.018759
v 0.005926 -0.006100 -0.018450
v 0.085035 -0.002621 -0.039338
v 0.082716 -0.015115 -0.037076
v 0.084531 -0.007628 -0.038869
v 0.079618 -0.022074 -0.033827
v 0.075620 -0.027574 -0.029874
v 0.068715 -0.033711 -0.023040
v 0.058679 -0.039390 -0.012958
v 0.052060 -0.041970 -0.006363
v 0.043097 -0.045802 -0.008762
v 0.016195 -0.050242 -0.015972
v 0.027935 -0.049307 -0.012828
v 0.085090 0.001714 -0.039392
v 0.027891 0.049307 -0.012838
v 0.016194 0.050233 -0.015971
v 0.052046 0.041944 -0.006364
v 0.043195 0.045756 -0.008735
v 0.059643 0.038854 -0.013968
v 0.066605 0.035039 -0.020927
v 0.073204 0.029942 -0.027556
v 0.077857 0.024577 -0.032195
v 0.080251 0.020693 -0.034577
v 0.082738 0.015020 -0.037110
v 0.084567 0.007562 -0.038871
v 0.071011 -0.008039 0.011446
v 0.062180 -0.031952 0.008826
v 0.040931 -0.045845 -0.000585
v 0.009119 -0.050300 -0.014577
v 0.011825 -0.050300 -0.012964
v 0.043517 0.045013 0.000622
v 0.009251 0.050335 -0.013726
v 0.011462 0.050297 -0.014994
v 0.061127 0.033035 0.008433
v 0.071011 0.008038 0.011446
v 0.082715 0.000367 -0.027867
v 0.082369 -0.007131 -0.026217
v 0.076264 -0.013052 -0.003549
v 0.075038 -0.007774 0.000904
v 0.081219 -0.012419 -0.021979
v 0.079576 -0.015489 -0.016007
v 0.077841 -0.015553 -0.009495
v 0.081779 0.010200 -0.024406
v 0.077792 0.015658 -0.009523
v 0.076096 0.012405 -0.002861
v 0.074448 -0.000381 0.002986
v 0.074973 0.007117 0.001383
v 0.079898 0.015301 -0.016854
v 0.083805 0.008297 -0.025285
v 0.081923 0.014869 -0.018271
v 0.078943 0.015423 -0.007156
v 0.076956 0.009812 0.000269
v 0.076054 0.001114 0.003616
v 0.076652 -0.008079 0.001403
v 0.078044 -0.013627 -0.003790
v 0.080369 -0.016270 -0.012468
v 0.082728 -0.012894 -0.021272
v 0.084009 -0.006843 -0.026056
v 0.084384 0.000792 -0.027460
v 0.082617 0.006516 -0.026665
v 0.082975 -0.000726 -0.028207
v 0.082153 -0.009320 -0.025304
v 0.081080 -0.013363 -0.021272
v 0.079130 -0.016387 -0.014069
v 0.076704 -0.014353 -0.004967
v 0.075187 -0.009083 0.000662
v 0.076215 -0.015891 -0.002876
v 0.081563 0.011907 -0.023142
v 0.080206 0.015137 -0.017991
v 0.074431 0.000279 0.003520
v 0.078736 0.016287 -0.012604
v 0.076789 0.014541 -0.005316
v 0.074674 0.010369 0.003061
v 0.075268 0.009467 0.000394
v 0.077814 -0.018451 -0.008889
v 0.080387 -0.017728 -0.018565
v 0.077136 0.017706 -0.006016
v 0.073789 -0.001721 0.005825
v 0.075793 -0.012403 0.002798
v 0.080789 -0.018830 -0.001178
v 0.088828 0.018371 0.005024
v 0.086694 -0.006768 0.012747
v 0.087470 -0.013045 0.009850
v 0.088771 -0.018406 0.004984
v 0.090339 -0.021778 -0.000862
v 0.082936 0.019059 0.001089
v 0.088661 -0.019891 -0.020407
v 0.086650 -0.021972 -0.014113
v 0.094918 -0.021184 -0.017722
v 0.092724 -0.023022 -0.009509
v 0.086470 0.001292 0.013724
v 0.085285 -0.022254 -0.007976
v 0.077848 -0.005143 0.009004
v 0.080325 0.006224 0.010324
v 0.078825 0.011838 0.006151
v 0.087439 0.012891 0.009961
v 0.083064 0.008715 -0.028494
v 0.088561 0.008117 -0.030223
v 0.091816 0.002361 -0.031967
v 0.097661 -0.011529 -0.028083
v 0.098379 -0.003672 -0.030766
v 0.098343 0.005660 -0.030537
v 0.091698 0.023100 -0.006057
v 0.093613 0.022733 -0.012829
v 0.087588 0.021633 -0.016079
v 0.089179 0.018929 -0.022020
v 0.096462 0.017599 -0.023506
v 0.096659 -0.016532 -0.024461
v 0.090624 0.013035 -0.028096
v 0.082791 0.021330 -0.008844
v 0.091281 -0.009050 -0.030331
v 0.087288 -0.015506 -0.025345
v 0.085667 -0.004184 -0.030980
v 0.082455 0.013495 -0.025316
v 0.079803 0.018414 -0.016367
v 0.083551 0.002229 -0.030304
v 0.082823 -0.010340 -0.027713
v 0.096018 0.023376 -0.009396
v 0.099104 0.019023 -0.020879
v 0.100679 0.012255 -0.026834
v 0.101607 0.002128 -0.030271
v 0.101295 -0.007052 -0.029135
v 0.099917 -0.016380 -0.023959
v 0.089577 -0.001441 0.014677
v 0.090201 0.010491 0.012278
v 0.092698 0.020458 0.002967
v 0.090608 -0.012838 0.010788
v 0.092323 -0.019729 0.004348
v 0.095447 -0.023362 -0.007229
v 0.097850 -0.021511 -0.016232
v 0.107076 -0.007035 -0.026816
v 0.107112 0.007033 -0.026679
v 0.098304 0.016851 0.007782
v 0.111122 0.013159 -0.019510
v 0.108283 0.014585 -0.021035
v 0.106542 0.019401 -0.014598
v 0.109377 0.018479 -0.012573
v 0.109254 0.010148 -0.023544
v 0.110000 0.009319 -0.023491
v 0.110077 0.010233 -0.022883
v 0.105704 0.013174 0.009075
v 0.098659 0.010145 0.012829
v 0.104493 0.007537 0.012723
v 0.098006 0.002298 0.015046
v 0.104403 0.001760 0.014044
v 0.102806 -0.004063 0.014367
v 0.097565 -0.011640 0.012171
v 0.105050 -0.009350 0.011752
v 0.105564 -0.013739 0.008653
v 0.101347 -0.019347 0.003995
v 0.107616 -0.018248 0.001677
v 0.104681 -0.021579 -0.008300
v 0.110044 -0.018777 -0.006981
v 0.111884 -0.016424 -0.013518
v 0.106620 -0.018184 -0.017076
v 0.106760 -0.012328 -0.023845
v 0.109592 -0.010135 -0.023322
v 0.111543 -0.011061 -0.020967
v 0.105854 0.018257 0.003341
v 0.104122 0.021744 -0.006322
v 0.113129 0.001018 -0.023880
v 0.107102 -0.014628 -0.021535
v 0.110241 -0.014036 -0.019472
v 0.111490 -0.014630 -0.012708
v 0.105843 0.009774 0.009665
v 0.106371 -0.013080 0.006053
v 0.107906 0.015992 0.001860
v 0.111002 0.015441 -0.011125
v 0.111215 0.017371 -0.011306
v 0.108934 0.016949 -0.003630
v 0.107561 -0.015767 0.002312
v 0.104769 0.000458 0.012127
v 0.113006 -0.008246 -0.018675
v 0.109397 -0.016994 -0.005104
v 0.113937 -0.000164 -0.020680
v 0.113751 0.007923 -0.020947
v 0.113177 0.007290 -0.019035
v 0.112270 0.015111 -0.015198
v 0.112452 0.011056 -0.016646
v 0.114089 -0.004580 -0.021919
v 0.113153 -0.011351 -0.019181
v 0.109097 0.019356 -0.004722
v 0.105239 0.008303 0.010091
v 0.107496 -0.015733 0.001646
v 0.113331 -0.002487 -0.020349
v 0.113405 -0.000745 -0.020573
v 0.106634 0.013964 0.004881
v 0.107550 0.015614 0.001136
v 0.106481 -0.013348 0.005213
v 0.105155 -0.007469 0.010554
v 0.113761 -0.008427 -0.018328
v 0.112297 -0.014205 -0.012824
v 0.110821 -0.016519 -0.007368
v 0.108726 -0.016382 0.000469
v 0.106723 -0.011544 0.007937
v 0.105701 -0.004461 0.011745
v 0.105695 0.004658 0.011779
v 0.108042 0.015231 0.002951
v 0.106807 0.011717 0.007697
v 0.106499 -0.002922 0.008733
v 0.114292 -0.000614 -0.020324
v 0.113992 0.006384 -0.019191
v 0.112559 0.013646 -0.013878
v 0.110110 0.017006 -0.004653
v 0.110936 -0.012859 -0.007876
v 0.112580 -0.008588 -0.013889
v 0.109104 -0.012905 -0.000961
v 0.107704 -0.010222 0.004268
v 0.106804 0.005694 0.007632
v 0.107955 0.010968 0.003304
v 0.109638 0.013300 -0.002982
v 0.110519 0.012266 -0.008567
v 0.112324 0.009703 -0.013008
v 0.113236 0.003692 -0.016371
v 0.113302 -0.002653 -0.016702
v 0.112385 -0.004091 -0.016417
v 0.112597 -0.000453 -0.017173
v 0.109060 0.013195 -0.003842
v 0.107661 0.012087 0.001024
v 0.112251 0.005554 -0.015812
v 0.111507 0.009624 -0.012977
v 0.106892 0.010063 0.004204
v 0.105937 0.004140 0.007874
v 0.106756 -0.009145 0.004913
v 0.106241 -0.010759 0.003025
v 0.106705 -0.010101 0.004314
v 0.105658 -0.000483 0.008528
v 0.106062 -0.005263 0.007449
v 0.109276 -0.013208 -0.004648
v 0.110589 -0.011978 -0.009622
v 0.107322 -0.011572 0.002433
v 0.111661 -0.009032 -0.013568
v 0.106735 -0.013751 0.004212
v 0.104838 -0.011400 0.005537
v 0.105428 -0.013855 0.003335
v 0.106291 0.012343 0.000131
v 0.106935 0.013582 0.003357
v 0.105600 0.013155 0.002702
v 0.106120 0.015565 0.000760
v 0.107843 0.012986 0.000075
v 0.111245 -0.000153 -0.018367
v 0.113088 -0.003137 -0.019565
v 0.111906 -0.001894 -0.020833
v 0.111059 -0.002692 -0.017671
v 0.112463 -0.002175 -0.016981
v 0.107753 -0.003038 0.002255
v 0.110557 -0.006054 -0.008151
v 0.109173 0.007315 -0.003005
v 0.108798 -0.006753 -0.002273
v 0.110982 0.004579 -0.009766
v 0.111325 -0.001463 -0.011006
v 0.107787 0.003189 0.002177
v 0.109737 -0.003877 -0.009552
v 0.106815 -0.001333 0.001555
v 0.107541 0.005162 -0.001101
v 0.109396 0.005145 -0.008114
v 0.107025 -0.000009 -0.000944
v 0.107475 0.003572 -0.003309
v 0.108645 0.002299 -0.007374
v 0.108499 -0.002861 -0.006830
v 0.108790 -0.000405 -0.008034
v 0.107483 -0.003440 -0.003214
v 0.110361 -0.001249 -0.007450
v 0.109953 0.003220 -0.005946
v 0.109610 -0.003486 -0.004663
v 0.108645 -0.001748 -0.000977
v 0.108870 0.002621 -0.001846
v 0.109570 0.001412 -0.004961
v 0.109103 0.001169 -0.003200
v 0.109519 -0.001427 -0.004785
v 0.109879 -0.001378 -0.005980
v 0.109754 -0.000166 -0.005675
v 0.109325 0.000178 -0.003944
v 0.109002 -0.000845 -0.002747
v 0.110997 -0.009746 -0.020044
v 0.111579 -0.010016 -0.019196
v 0.107836 -0.013851 -0.019066
v 0.110530 -0.011855 -0.018297
v 0.108016 -0.009635 -0.022611
v 0.106179 -0.012240 -0.021962
v 0.102645 -0.013575 -0.018912
v 0.100099 -0.015346 -0.022063
v 0.103189 -0.015136 -0.020959
v 0.098233 -0.012427 -0.018481
v 0.106573 -0.011598 -0.016878
v 0.106945 -0.013237 -0.017767
v 0.110406 -0.013407 -0.016886
v 0.110374 -0.012439 -0.015238
v 0.101481 -0.009736 -0.026129
v 0.093991 0.020181 -0.000327
v 0.096087 0.021511 -0.005699
v 0.098513 0.020034 -0.015535
v 0.100875 0.010537 -0.025442
v 0.101565 0.009572 -0.026144
v 0.099982 0.015069 -0.020919
v 0.100733 0.013756 -0.023740
v 0.099513 0.017999 -0.018614
v 0.100952 0.010340 -0.026570
v 0.102209 -0.003126 -0.028438
v 0.102236 -0.001300 -0.028784
v 0.098997 -0.019593 -0.016674
v 0.096711 -0.021655 -0.008029
v 0.094346 -0.019833 0.000795
v 0.092243 -0.014244 0.008511
v 0.092553 -0.014797 0.007590
v 0.091038 -0.004022 0.013142
v 0.099441 0.013841 -0.018344
v 0.099055 0.015532 -0.016900
v 0.091279 0.008020 0.012108
v 0.092679 0.016049 0.006880
v 0.094434 0.019737 0.000511
v 0.098286 0.006341 -0.018684
v 0.106130 0.006371 -0.016657
v 0.107147 0.007384 -0.015916
v 0.107794 0.012025 -0.020494
v 0.111228 0.010225 -0.018238
v 0.111364 0.010889 -0.018774
v 0.101463 0.011284 -0.025563
v 0.108046 0.008598 -0.021879
v 0.110028 0.008197 -0.021820
v 0.099890 0.007893 -0.024668
v 0.109421 0.009134 -0.021941
v 0.109116 0.007949 -0.022715
v 0.111152 -0.008006 -0.021009
v 0.111445 -0.006942 -0.019521
v 0.104274 -0.009950 -0.025001
v 0.103725 -0.007907 -0.022946
v 0.108401 -0.007144 -0.019787
v 0.099314 -0.006759 -0.022515
v 0.107930 -0.008069 -0.021445
v 0.107390 -0.007623 -0.019692
v 0.109856 -0.010386 -0.016924
v 0.109344 -0.017034 -0.010542
v 0.110572 -0.014502 -0.014879
v 0.112242 0.004261 -0.021484
v 0.112057 -0.001978 -0.021345
v 0.112582 -0.001959 -0.022074
v 0.112310 -0.001672 -0.022332
v 0.106459 -0.011982 -0.019105
v 0.107810 -0.009106 -0.020937
v 0.100937 -0.014130 -0.023597
v 0.093681 0.019401 0.001373
v 0.098929 0.020116 -0.016119
v 0.096106 0.021874 -0.005523
v 0.101597 0.002942 -0.028846
v 0.092632 0.015175 0.007400
v 0.091374 0.007450 0.012032
v 0.090977 -0.001180 0.013620
v 0.091630 -0.010290 0.011185
v 0.094265 -0.019957 0.001351
v 0.096653 -0.022002 -0.007563
v 0.099024 -0.019988 -0.016441
v 0.093088 0.019458 0.001501
v 0.091003 0.012972 0.009274
v 0.090021 0.004355 0.012938
v 0.099800 -0.014866 -0.023559
v 0.101015 -0.006772 -0.028091
v 0.098281 0.019623 -0.017888
v 0.095219 0.021947 -0.006462
v 0.093562 0.020233 -0.000288
v 0.097785 -0.020310 -0.016046
v 0.090062 -0.005084 0.012786
v 0.091123 -0.013586 0.008825
v 0.093009 -0.019587 0.001787
v 0.095373 -0.021979 -0.007034
v 0.105523 0.018269 -0.012500
v 0.096127 0.012524 -0.010626
v 0.103948 0.012583 -0.008516
v 0.108171 0.012323 -0.006344
v 0.105371 0.012512 -0.009145
v 0.109045 0.017161 -0.009641
v 0.105283 0.018726 -0.013017
v 0.097808 0.016870 -0.016897
v 0.098440 0.013334 -0.019251
v 0.096616 0.010134 -0.015346
v 0.096125 0.006359 -0.019309
v 0.094070 0.012533 -0.011159
v 0.096565 0.017712 -0.018044
v 0.095163 0.019484 -0.016134
v 0.097034 0.015318 -0.021967
v 0.097551 0.013269 -0.024217
v 0.096669 0.013537 -0.018445
v 0.094918 0.016870 -0.017703
v 0.095536 0.013384 -0.020014
v 0.106412 0.017835 -0.013582
v 0.112328 0.005757 -0.021298
v 0.108273 0.012610 -0.019849
v 0.111196 0.011866 -0.017843
v 0.109398 0.016793 -0.011582
v 0.106316 0.017750 -0.013151
v 0.106991 0.013462 -0.020264
v 0.109821 0.009547 -0.012163
v 0.110494 0.005840 -0.015092
v 0.108398 0.013175 -0.019788
v 0.108165 0.012438 -0.008670
v 0.109823 0.007464 -0.015214
v 0.109068 0.018047 -0.012764
v 0.110815 0.013210 -0.019092
v 0.109654 0.007894 -0.015179
v 0.107511 0.007851 -0.015812
v 0.105793 0.012546 -0.009677
v 0.107936 0.012588 -0.009044
v 0.098759 0.016473 -0.020459
v 0.098218 0.017410 -0.018430
v 0.098083 0.015787 -0.017931
v 0.098445 0.014423 -0.019289
v 0.096656 0.015502 -0.018387
v 0.097276 0.016721 -0.020694
v 0.097075 0.014463 -0.019942
v 0.096723 0.017266 -0.018643
v 0.095944 0.015316 -0.021528
v 0.095447 0.014198 -0.019675
v 0.095091 0.016021 -0.018344
v 0.095688 0.017522 -0.020572
v 0.097168 0.015009 -0.020690
v 0.096970 0.017020 -0.019953
v 0.096559 0.015516 -0.018417
v 0.095488 0.014978 -0.019828
v 0.095577 0.016692 -0.020163
v 0.108680 -0.017398 -0.008248
v 0.109027 -0.017276 -0.009756
v 0.108810 -0.016644 -0.009224
v 0.103024 -0.001601 0.012708
v 0.103102 -0.000056 0.012550
v 0.103115 -0.001193 0.012015
v 0.108365 0.017052 -0.007570
v 0.108804 0.017280 -0.008756
v 0.108352 0.017867 -0.007387
v 0.103140 -0.002578 0.012919
v 0.108340 -0.017891 -0.007520
v 0.105045 -0.015330 0.004780
v 0.107075 -0.017985 -0.002059
v 0.103415 -0.008961 0.010870
v 0.104862 -0.013815 0.006897
v 0.104729 -0.013549 0.005839
v 0.103049 0.000791 0.012823
v 0.103849 0.010269 0.009345
v 0.103514 0.009165 0.010520
v 0.104957 0.015398 0.005117
v 0.108247 0.018023 -0.006530
v 0.105859 0.016428 0.003063
v 0.103656 0.007708 0.011370
v 0.105795 0.015925 0.002002
v 0.106477 0.005414 0.000412
v 0.108066 0.006695 -0.006974
v 0.107943 0.007732 -0.004120
v 0.107791 0.012181 -0.004711
v 0.109012 0.006268 -0.009584
v 0.110830 0.003628 -0.015849
v 0.104468 -0.000046 0.007737
v 0.105922 0.003801 0.001920
v 0.105906 0.010950 0.001902
v 0.107484 -0.013293 -0.004317
v 0.108168 -0.008010 -0.005408
v 0.108227 -0.007381 -0.006651
v 0.109421 -0.011017 -0.010434
v 0.106066 -0.004288 0.001623
v 0.105665 -0.010245 0.002547
v 0.110931 -0.002317 -0.016645
v 0.109436 -0.002146 -0.011711
v 0.105279 -0.006276 0.005589
v 0.107140 -0.011672 -0.001355
v 0.106367 0.010350 0.001793
v 0.109432 0.006519 -0.009324
v 0.106154 0.003286 0.002333
v 0.110102 -0.001232 -0.012240
v 0.106194 0.004484 0.000771
v 0.106045 0.004161 0.001053
v 0.106047 0.003818 0.001117
v 0.108647 0.005938 -0.008563
v 0.108840 0.005907 -0.008685
v 0.108786 0.005482 -0.009067
v 0.107796 -0.007028 -0.005419
v 0.107855 -0.007050 -0.005699
v 0.107903 -0.007005 -0.005793
v 0.108356 0.002536 -0.005629
v 0.107317 -0.002004 -0.002764
v 0.107667 0.000915 -0.001793
v 0.108814 -0.001642 -0.006638
v 0.107773 -0.002550 -0.003453
v 0.108757 0.001819 -0.006524
v 0.096422 -0.012427 -0.018966
v 0.096778 -0.006759 -0.023195
v 0.098539 -0.009539 -0.026581
v 0.096601 -0.015172 -0.022823
v 0.097696 0.008646 -0.026594
v 0.097958 0.008236 -0.024703
v 0.097931 0.010577 -0.026049
v -0.085050 0.008233 0.058342
v -0.086008 0.009188 0.057036
v -0.086502 0.007991 0.059665
v -0.007609 0.023624 0.137959
v -0.007647 -0.023956 0.137844
v -0.020030 0.009686 0.125125
v -0.020108 -0.024100 0.125203
v -0.020040 -0.009658 0.125135
v -0.006762 -0.022640 0.137199
v -0.085077 -0.008234 0.058315
v -0.019326 -0.008364 0.124421
v -0.006814 0.022835 0.136949
v -0.019286 0.022868 0.124381
v -0.086528 -0.008002 0.057178
v -0.073751 -0.001134 0.045638
v -0.072011 -0.002092 0.043816
v -0.070807 -0.000002 0.042612
v -0.065900 0.009427 0.036930
v -0.073239 0.002341 0.043983
v -0.072443 0.002240 0.045309
v -0.064938 0.008351 0.037892
v 0.012337 -0.021399 0.118921
v -0.000766 0.018848 0.132023
v 0.001634 0.022498 0.129624
v -0.002774 0.017985 0.134032
v 0.004360 -0.018400 0.126898
v -0.002654 0.021328 0.133912
v -0.005810 0.022661 0.137121
v 0.012911 0.021154 0.118346
v 0.012337 0.017601 0.118921
v 0.010804 0.019629 0.120454
v 0.005445 0.018265 0.125813
v -0.001956 -0.017680 0.133214
v -0.003344 -0.020358 0.134602
v -0.000766 -0.020152 0.132023
v 0.004956 -0.021037 0.126354
v 0.012911 -0.017846 0.118346
v 0.014192 -0.022831 0.117021
v 0.010804 -0.019371 0.120454
v 0.004016 0.019239 0.127242
v 0.005636 0.020740 0.125622
v 0.006259 -0.018502 0.126059
v 0.005358 0.020500 0.128098
v -0.000384 0.021328 0.133763
v -0.000073 0.018327 0.133452
v -0.005088 0.022601 0.138519
v -0.002160 0.018340 0.135539
v -0.005108 -0.022515 0.138541
v 0.014223 0.020523 0.119156
v 0.013613 0.017682 0.119767
v 0.011859 0.020353 0.121520
v 0.006703 0.020469 0.126676
v 0.000081 -0.018477 0.133298
v -0.002028 -0.018255 0.135407
v 0.002697 -0.022502 0.130682
v -0.000865 -0.021516 0.134244
v 0.013717 -0.017859 0.119662
v 0.013972 -0.021159 0.119407
v 0.011812 -0.019157 0.121567
v 0.006456 0.018053 0.126923
v 0.006862 -0.020438 0.126517
v 0.005015 -0.019633 0.128365
v -0.005471 0.024442 0.136851
v 0.014187 0.022864 0.117016
v 0.015188 0.023967 0.118018
v 0.008053 0.024498 0.111938
v -0.005792 0.023498 0.125029
v 0.008354 0.022998 0.111938
v -0.020137 0.024129 0.125232
v -0.013363 0.024498 0.119407
v -0.006792 0.023998 0.125029
v -0.013363 0.022998 0.119307
v 0.015157 -0.024005 0.117987
v -0.005758 -0.022838 0.136968
v -0.005434 -0.024423 0.136972
v 0.008354 -0.024502 0.111938
v -0.005792 -0.024002 0.125029
v 0.008053 -0.023002 0.111938
v -0.019278 -0.022920 0.124373
v -0.013363 -0.024502 0.119307
v -0.006792 -0.023502 0.125029
v -0.013363 -0.023002 0.119407
v -0.084949 -0.009925 0.057599
v -0.064935 -0.008358 0.037894
v -0.065834 -0.009532 0.036995
v -0.059861 -0.010002 0.043982
v -0.073114 -0.009002 0.058000
v -0.059861 -0.008502 0.043734
v -0.073114 0.009498 0.058000
v -0.059861 0.008498 0.043982
v -0.059861 0.009998 0.043734
v -0.085967 -0.009221 0.059659
v -0.073114 -0.009502 0.058707
v -0.014268 -0.008502 0.118307
v -0.014268 -0.010002 0.118609
v -0.084940 0.009948 0.059057
v -0.019320 0.008344 0.124414
v -0.014268 0.009998 0.118307
v -0.014268 0.008498 0.118609
v -0.073114 0.008998 0.058707
v -0.070681 -0.003573 0.045484
v -0.069740 -0.001566 0.042422
v -0.068501 0.000884 0.043304
v -0.070795 0.002555 0.043478
v -0.071318 0.003344 0.046121
v -0.073822 0.002245 0.046505
v -0.073350 -0.000025 0.048153
v -0.073857 -0.000991 0.046539
v -0.072546 -0.002867 0.045228
v -0.070105 -0.000522 0.042787
v -0.073306 0.001825 0.045988
v -0.069824 0.000065 0.044628
v -0.071303 0.001206 0.046106
v -0.071717 -0.000963 0.046520
v -0.073009 0.002318 0.044560
v -0.074285 0.000556 0.045510
v -0.073862 -0.001497 0.045412
v -0.072956 -0.002364 0.044140
v -0.071215 -0.001062 0.042474
v -0.071144 0.001477 0.042694
v -0.073880 -0.000302 0.044625
v -0.072462 -0.001289 0.043207
v -0.072611 0.001460 0.043356
v -0.072414 0.002293 0.043159
vn -0.0108 -0.7796 -0.6262
vn 0.1866 -0.9549 -0.2310
vn -0.0195 -0.9695 -0.2445
vn -0.2060 -0.9201 -0.3332
vn 0.6001 -0.7737 -0.2034
vn -0.1825 0.8801 0.4383
vn 0.0642 0.9728 0.2226
vn -0.0173 0.9998 0.0118
vn 0.2199 0.8920 0.3950
vn 0.0008 0.8885 0.4588
vn 0.0169 -0.5590 -0.8290
vn -0.0028 -0.2304 -0.9731
vn 0.6538 -0.2184 -0.7244
vn 0.0117 0.1187 -0.9929
vn -0.0004 0.5536 -0.8328
vn 0.0045 0.9002 -0.4354
vn 0.6459 0.7515 -0.1346
vn 0.0494 -0.7976 -0.6012
vn 0.0147 0.9898 0.1416
vn 0.0310 -0.9947 0.0984
vn 0.8482 -0.4386 -0.2969
vn 0.0076 -0.8968 0.4423
vn 0.6349 -0.7051 0.3158
vn 0.0069 -0.6110 0.7916
vn -0.5462 0.3740 0.7496
vn 0.0187 0.6827 0.7304
vn 0.6394 -0.6791 0.3606
vn 0.6273 -0.7727 -0.0970
vn 0.6007 -0.5452 -0.5847
vn 0.6293 -0.1150 -0.7686
vn 0.5779 0.4102 -0.7055
vn 0.8263 -0.5460 0.1381
vn 0.0904 -0.8935 -0.4400
vn 0.8141 -0.2758 -0.5111
vn 0.8294 -0.2773 0.4850
vn 0.0135 0.9973 -0.0724
vn 0.5824 0.7461 -0.3228
vn -0.0078 0.7772 -0.6292
vn 0.6605 -0.3725 0.6520
vn 0.0283 0.2593 -0.9654
vn 0.5956 0.8004 0.0682
vn 0.0489 0.9364 0.3475
vn 0.5867 0.6973 0.4118
vn 0.0476 0.6121 0.7893
vn 0.5902 0.4572 0.6653
vn 0.0389 -0.0055 0.9992
vn 0.5862 0.0172 0.8100
vn -0.0721 -0.6455 0.7604
vn -0.1056 -0.8775 0.4678
vn -0.0666 -0.9919 0.1079
vn -0.0530 -0.9358 -0.3486
vn -0.0640 -0.6720 -0.7378
vn -0.0180 -0.3231 -0.9462
vn -0.0846 0.1014 -0.9912
vn -0.0974 0.4554 -0.8849
vn -0.0607 0.8038 -0.5918
vn -0.8106 -0.4208 0.4072
vn -0.7959 -0.6028 -0.0574
vn -0.7811 -0.1397 -0.6086
vn -0.0577 0.9973 -0.0445
vn -0.0760 0.8775 0.4735
vn -0.0081 0.4818 0.8763
vn -0.0803 0.1155 0.9901
vn -0.0964 -0.3016 0.9485
vn 0.0344 0.2709 -0.9620
vn -0.3643 0.7484 -0.5542
vn 0.0106 -0.1303 -0.9914
vn -0.0000 -0.4576 -0.8892
vn 0.0037 -0.7595 -0.6505
vn -0.0009 -0.9419 -0.3360
vn -0.5177 0.8534 -0.0610
vn -0.0239 -0.3046 0.9522
vn -0.4346 -0.7291 0.5288
vn 0.0714 0.0837 0.9939
vn 0.0458 0.4351 0.8992
vn 0.0467 0.7901 0.6113
vn -0.0055 0.9485 0.3168
vn -0.5812 -0.8126 0.0441
vn 0.2327 0.9531 0.1933
vn -0.1736 0.9165 0.3605
vn 0.4337 0.5791 0.6904
vn 0.5779 0.1236 0.8067
vn 0.5275 -0.8355 0.1538
vn 0.5797 0.2284 -0.7822
vn 0.5643 0.8130 0.1434
vn -0.2031 0.4128 0.8879
vn 0.3493 0.3686 0.8615
vn 0.5781 -0.5019 0.6434
vn 0.5247 -0.6835 -0.5075
vn 0.5619 0.7020 -0.4376
vn 0.5677 0.4736 0.6734
vn 0.3125 -0.0864 0.9460
vn -0.1541 -0.3336 0.9300
vn 0.4540 -0.5851 0.6720
vn 0.5765 -0.8053 0.1386
vn 0.5380 -0.1434 -0.8306
vn 0.5355 0.8284 0.1639
vn 0.5614 -0.1554 0.8128
vn -0.1978 -0.8918 0.4069
vn 0.3344 -0.8860 0.3212
vn 0.5752 -0.6523 -0.4935
vn 0.5834 0.3875 -0.7138
vn 0.5621 0.4406 0.6999
vn 0.5697 -0.6731 0.4715
vn 0.4213 -0.9039 0.0739
vn -0.1766 -0.9240 -0.3392
vn 0.3794 -0.7015 -0.6032
vn 0.5756 -0.1073 -0.8106
vn 0.5261 0.8322 -0.1751
vn 0.5720 -0.2540 0.7799
vn 0.5653 -0.8123 -0.1439
vn -0.2025 -0.4135 -0.8877
vn 0.3446 -0.3496 -0.8712
vn 0.5734 0.5037 -0.6461
vn 0.5448 0.7482 0.3786
vn 0.5620 -0.6979 0.4439
vn 0.5680 -0.4757 -0.6716
vn 0.3935 0.1016 -0.9137
vn -0.1474 0.3506 -0.9248
vn 0.4512 0.6694 -0.5902
vn 0.5730 0.8058 -0.1493
vn 0.5357 0.1559 0.8299
vn 0.5773 -0.7814 -0.2371
vn 0.5602 0.1573 -0.8133
vn 0.3305 0.8906 -0.3123
vn -0.1999 0.8912 -0.4072
vn 0.5770 0.6472 0.4983
vn 0.5168 -0.5015 0.6938
vn 0.5600 -0.4444 -0.6992
vn 0.5656 0.6714 -0.4789
vn 0.5244 0.7920 -0.3126
vn 0.4313 -0.5441 0.7197
vn 0.5323 -0.7927 0.2971
vn 0.4333 0.5367 -0.7241
vn -0.5773 0.2529 0.7763
vn -0.5946 0.6826 -0.4250
vn -0.5815 -0.7605 0.2889
vn -0.6013 -0.3974 -0.6931
vn -0.5739 0.7069 -0.4134
vn -0.5947 0.4243 0.6829
vn -0.6308 -0.6519 0.4208
vn -0.5841 -0.7334 -0.3478
vn -0.5957 0.7811 0.1871
vn -0.5847 0.2331 -0.7771
vn -0.5816 -0.3872 0.7154
vn -0.5732 -0.4178 -0.7049
vn -0.5818 -0.7793 -0.2326
vn -0.5898 -0.3343 0.7351
vn -0.5975 0.1880 -0.7795
vn -0.5834 0.7154 0.3845
vn -0.6033 0.3980 0.6911
vn -0.5722 -0.7072 0.4153
vn -0.5946 -0.4242 -0.6830
vn -0.6268 0.6526 -0.4258
vn -0.6078 0.7291 0.3145
vn -0.5957 -0.7811 -0.1871
vn -0.5847 -0.2331 0.7771
vn -0.5820 0.3868 -0.7153
vn -0.5854 0.7557 -0.2935
vn -0.5738 0.4148 0.7062
vn -0.5944 -0.6826 0.4251
vn -0.5820 -0.2465 -0.7749
vn -0.5853 0.7692 0.2564
vn -0.5979 -0.1905 0.7786
vn -0.5857 0.3503 -0.7309
vn -0.5834 -0.7173 -0.3809
vn 0.7887 -0.4179 -0.4509
vn 0.6531 -0.1747 -0.7368
vn 0.8333 0.1753 -0.5242
vn 0.7725 0.4606 -0.4371
vn 0.8526 0.4872 -0.1892
vn -0.0338 0.9030 0.4282
vn 0.8646 0.2165 0.4534
vn 0.8088 -0.1736 0.5619
vn 0.7644 -0.5250 0.3743
vn 0.8584 -0.5064 0.0821
vn 0.0055 -0.4945 0.8692
vn -0.7665 -0.4600 0.4482
vn 0.8075 0.4476 -0.3842
vn -0.0778 0.8745 -0.4787
vn -0.9414 0.0718 -0.3296
vn 0.0380 -0.1384 -0.9896
vn 0.9163 -0.2511 -0.3120
vn -0.9200 -0.3582 -0.1593
vn 0.9154 -0.4021 -0.0200
vn -0.8311 -0.5280 0.1746
vn -0.0868 -0.8075 0.5835
vn -0.8266 -0.0061 -0.5628
vn -0.7166 -0.5668 -0.4065
vn -0.8261 -0.5529 -0.1092
vn -0.7801 0.2961 -0.5511
vn 0.1147 -0.5756 0.8096
vn -0.8454 -0.1138 0.5219
vn 0.8455 0.1045 0.5237
vn -0.0137 0.5694 0.8220
vn -0.0119 0.9311 0.3646
vn -0.0324 0.9947 -0.0977
vn -0.3567 0.3887 -0.8495
vn -0.4621 0.5443 -0.7001
vn -0.8983 0.0191 0.4389
vn -0.7623 0.4495 0.4656
vn -0.7809 0.6246 -0.0013
vn -0.0406 0.3459 -0.9374
vn 0.0734 0.0659 -0.9951
vn -0.0466 0.9942 -0.0967
vn -0.5825 0.5699 -0.5796
vn -0.0376 -0.4019 0.9149
vn -0.0928 0.1184 0.9886
vn -0.0385 0.3865 0.9215
vn -0.0326 0.7949 0.6058
vn -0.0114 0.9683 0.2494
vn 0.0576 -0.5891 0.8060
vn 0.0221 -0.5636 -0.8258
vn -0.0890 -0.6845 -0.7236
vn -0.0459 -0.9847 -0.1680
vn -0.0218 -0.9988 0.0434
vn 0.0133 -0.9049 0.4254
vn 0.5548 -0.6873 0.4688
vn -0.6775 -0.5113 0.5287
vn 0.3258 -0.0578 -0.9437
vn -0.2380 0.9649 -0.1105
vn -0.0124 0.3993 -0.9167
vn -0.0212 0.0735 -0.9971
vn -0.0364 -0.4770 -0.8782
vn -0.0047 -0.6908 -0.7230
vn 0.0024 -0.9257 -0.3781
vn 0.0043 -0.9863 -0.1647
vn -0.6875 -0.6829 0.2472
vn -0.0011 -0.0098 1.0000
vn 0.6864 -0.6648 0.2948
vn -0.0444 0.9049 -0.4233
vn -0.6865 -0.2948 0.6647
vn -0.0043 0.1648 0.9863
vn -0.0360 0.3052 0.9516
vn -0.0395 0.6871 0.7255
vn 0.0025 0.9316 0.3636
vn -0.0646 0.9959 0.0641
vn -0.0505 0.9059 -0.4204
vn -0.0244 0.3502 -0.9364
vn 0.6875 -0.2472 0.6828
vn 0.0011 -1.0000 0.0098
vn 0.4781 0.7464 -0.4629
vn 0.0347 -0.8772 -0.4789
vn 0.7637 -0.3033 -0.5698
vn 0.7448 0.1585 -0.6482
vn 0.8803 -0.4517 0.1451
vn 0.0163 0.6433 -0.7655
vn -0.0445 0.9981 -0.0429
vn -0.0398 0.9186 0.3933
vn -0.0197 0.6306 0.7758
vn -0.0127 0.0473 0.9988
vn 0.8309 -0.2286 0.5072
vn -0.8727 -0.3521 0.3383
vn -0.8417 -0.5353 -0.0710
vn -0.7684 -0.1372 -0.6251
vn -0.7594 0.2616 -0.5957
vn -0.1000 0.3843 -0.9178
vn -0.5928 0.5684 -0.5705
vn -0.0277 -0.1041 -0.9942
vn -0.0094 -0.4913 -0.8710
vn 0.0187 -0.7396 -0.6728
vn -0.0066 -0.9567 -0.2909
vn 0.0189 0.9933 -0.1143
vn -0.0293 -0.4082 0.9124
vn -0.6558 -0.5375 0.5301
vn 0.0450 -0.0322 0.9985
vn -0.0069 0.4518 0.8921
vn -0.0367 0.7759 0.6297
vn 0.0361 0.9765 0.2123
vn -0.0551 -0.9930 0.1042
vn 0.0312 0.3673 0.9296
vn 0.0040 -0.0948 0.9955
vn 0.4929 0.7567 -0.4294
vn 0.5317 -0.7318 0.4264
vn -0.5885 0.6236 -0.5145
vn -0.6603 0.7406 -0.1247
vn -0.6065 0.7354 0.3022
vn -0.5964 0.4118 0.6890
vn -0.6217 0.0272 0.7828
vn -0.6324 -0.3590 0.6864
vn -0.6592 -0.6476 0.3822
vn -0.6524 -0.7567 0.0416
vn -0.6530 -0.6619 -0.3680
vn -0.6430 -0.3205 -0.6955
vn -0.6042 0.1574 -0.7811
vn 0.8086 -0.3192 0.4943
vn 0.8691 -0.4945 0.0120
vn 0.7948 -0.4565 -0.3999
vn -0.0534 0.7964 0.6024
vn -0.0623 0.2049 0.9768
vn -0.0049 0.6766 -0.7364
vn 0.7703 0.6289 -0.1051
vn 0.7741 -0.3231 -0.5445
vn -0.0770 0.2063 -0.9755
vn -0.8237 0.5646 0.0516
vn -0.9137 -0.3615 0.1855
vn -0.7616 -0.2388 0.6025
vn -0.8170 -0.1409 -0.5591
vn -0.8861 -0.4356 -0.1585
vn -0.1844 -0.0026 -0.9828
vn -0.1259 -0.1260 -0.9840
vn -0.9967 -0.0740 0.0335
vn -0.2073 0.3460 0.9151
vn 0.2129 -0.2912 -0.9327
vn 0.8492 0.5210 -0.0861
vn -0.5928 -0.7491 -0.2957
vn -0.6383 0.0866 -0.7649
vn -0.6289 0.7772 -0.0205
vn -0.7688 -0.4747 0.4286
vn -0.9675 -0.0832 0.2386
vn -0.9986 -0.0515 0.0097
vn -0.9866 0.1233 0.1064
vn 0.6970 -0.4799 -0.5329
vn 0.8545 0.5104 0.0964
vn 0.6011 -0.7455 0.2878
vn 0.7623 -0.0923 0.6406
vn 0.9092 0.0133 -0.4162
vn 0.8336 -0.4799 -0.2737
vn 0.7434 0.5324 0.4047
vn 0.7891 -0.2604 0.5564
vn 0.5849 0.4279 -0.6890
vn 0.8855 0.1539 -0.4384
vn 0.7320 -0.2036 0.6502
vn 0.3084 0.9513 0.0010
vn 0.5236 -0.4789 -0.7046
vn 0.6174 -0.6839 0.3888
vn 0.6108 -0.4164 -0.6734
vn 0.7391 0.6735 0.0120
vn 0.6307 0.7411 -0.2303
vn 0.4515 0.8880 0.0866
vn 0.7694 -0.4741 0.4282
vn -0.6054 -0.0824 -0.7916
vn 0.2513 0.8672 0.4299
vn 0.2555 0.8154 0.5195
vn 0.3884 0.6045 0.6955
vn 0.8234 -0.3287 -0.4626
vn 0.9232 -0.3425 -0.1743
vn -0.0051 -0.2417 0.9703
vn 0.9014 -0.4327 -0.0137
vn -0.8687 0.3907 -0.3046
vn 0.5733 0.5710 -0.5876
vn 0.6206 -0.0072 0.7841
vn 0.2995 0.8183 -0.4906
vn 0.8852 -0.4228 0.1942
vn 0.6466 0.1893 0.7390
vn 0.5560 -0.1459 -0.8183
vn 0.3675 0.0221 -0.9298
vn 0.5067 -0.6414 -0.5761
vn 0.1167 0.3954 -0.9111
vn -0.1685 0.6003 0.7819
vn 0.5931 0.0869 -0.8005
vn -0.4246 -0.7515 0.5049
vn 0.5999 0.4480 0.6629
vn 0.4305 -0.1273 -0.8936
vn 0.9761 -0.1177 0.1828
vn 0.9971 0.0738 -0.0198
vn 0.3661 -0.6317 0.6833
vn -0.9359 -0.3431 -0.0793
vn 0.4356 -0.8586 0.2704
vn 0.3394 -0.0676 0.9382
vn -0.3993 0.2066 0.8932
vn 0.6623 0.4137 -0.6246
vn 0.3436 -0.5230 0.7800
vn 0.7930 0.1378 -0.5934
vn 0.3859 -0.1956 0.9016
vn 0.8605 -0.1248 0.4939
vn -0.7097 -0.2571 0.6559
vn 0.6392 0.1275 -0.7584
vn 0.4745 0.0724 0.8773
vn -0.3877 -0.3265 0.8620
vn 0.9058 0.3017 -0.2975
vn -0.1902 -0.9737 0.1257
vn 0.5757 0.8167 -0.0410
vn 0.6573 -0.3451 -0.6699
vn 0.7400 0.0884 0.6668
vn 0.3749 -0.6202 -0.6891
vn -0.7032 0.5290 -0.4751
vn 0.7511 -0.4698 -0.4638
vn 0.2091 -0.8463 -0.4900
vn 0.5519 -0.7683 -0.3241
vn 0.9323 -0.3279 -0.1528
vn 0.6984 0.1852 0.6914
vn -0.8953 -0.3543 -0.2701
vn 0.1216 -0.9917 -0.0411
vn 0.2016 0.8679 0.4541
vn 0.0028 -0.5107 0.8598
vn 0.9187 0.2733 0.2852
vn -0.3889 0.7124 0.5842
vn 0.3010 -0.3596 -0.8832
vn -0.4522 -0.1594 0.8775
vn 0.4786 -0.3275 -0.8147
vn -0.6376 0.4932 0.5918
vn -0.6624 -0.6211 0.4190
vn -0.4763 -0.2631 0.8390
vn -0.6838 0.0802 0.7253
vn 0.5731 0.7165 -0.3977
vn 0.6522 0.5596 -0.5114
vn 0.0064 -0.9999 0.0106
vn -0.2243 -0.9532 -0.2025
vn -0.1498 -0.9546 -0.2576
vn 0.9839 0.0929 -0.1525
vn -0.7506 -0.3345 -0.5699
vn -0.4548 -0.1050 -0.8844
vn -0.1306 0.8515 -0.5079
vn -0.3864 0.5903 -0.7087
vn -0.2534 0.1251 -0.9592
vn -0.3509 -0.0224 -0.9361
vn 0.4999 -0.7891 -0.3570
vn 0.9912 0.0434 -0.1252
vn -0.5434 -0.6940 -0.4722
vn 0.0191 0.3218 0.9466
vn -0.5192 0.7917 0.3220
vn 0.0794 -0.4199 0.9041
vn 0.9422 0.1763 -0.2850
vn 0.9654 0.2458 -0.0866
vn 0.9901 0.0026 -0.1405
vn 0.9824 -0.1336 0.1303
vn 0.9861 -0.0113 0.1660
vn 0.2062 -0.9537 -0.2188
vn -0.2331 0.6797 0.6955
vn -0.2293 0.7227 0.6520
vn -0.8754 0.2487 -0.4144
vn 0.7286 0.1775 0.6616
vn 0.7209 0.6284 0.2923
vn -0.7030 -0.4638 -0.5392
vn -0.9062 -0.0993 0.4109
vn -0.8695 0.0851 0.4866
vn -0.6372 0.4657 0.6141
vn -0.7951 -0.2325 -0.5601
vn -0.6177 0.5319 -0.5793
vn -0.6514 -0.6265 0.4281
vn -0.9373 0.0078 -0.3485
vn -0.9526 -0.3040 0.0088
vn -0.9667 0.1608 -0.1992
vn -0.2105 -0.7613 -0.6133
vn -0.7629 -0.6460 0.0262
vn -0.9284 -0.0498 0.3683
vn 0.6613 -0.0757 -0.7463
vn 0.5725 -0.8114 -0.1177
vn -0.6998 0.4416 0.5615
vn 0.0723 -0.8630 -0.5000
vn 0.4776 0.8777 -0.0382
vn -0.6344 -0.7503 -0.1861
vn -0.7689 -0.0613 -0.6364
vn -0.6239 -0.1147 0.7731
vn -0.6841 0.6940 -0.2244
vn -0.9689 0.2466 -0.0189
vn -0.9564 -0.0101 -0.2919
vn -0.9816 -0.1187 -0.1494
vn 0.5099 0.3271 0.7956
vn 0.8586 -0.5082 -0.0681
vn 0.7681 0.6167 -0.1724
vn 0.6503 0.2450 -0.7191
vn 0.6524 0.4119 0.6362
vn 0.5458 -0.7926 -0.2718
vn 0.9130 -0.0539 -0.4043
vn 0.7454 -0.5686 0.3479
vn 0.8067 0.5022 0.3116
vn 0.8326 -0.4362 -0.3414
vn -0.1828 0.9828 -0.0264
vn -0.1422 0.9897 0.0187
vn -0.7818 0.5300 -0.3285
vn -0.8939 -0.2216 -0.3896
vn 0.5612 0.7449 0.3607
vn 0.7386 0.6679 -0.0912
vn 0.7811 -0.2590 -0.5681
vn -0.6829 0.7102 -0.1711
vn -0.7319 0.3359 0.5929
vn -0.9915 -0.0664 0.1122
vn -0.7133 -0.3813 0.5880
vn -0.6163 0.0340 -0.7868
vn -0.9882 0.1055 0.1107
vn -0.9657 -0.0812 0.2466
vn -0.9987 -0.0344 -0.0379
vn -0.5158 0.0771 0.8532
vn -0.7514 -0.6173 0.2332
vn -0.6240 -0.4457 -0.6419
vn -0.7116 0.3466 -0.6111
vn -0.7074 0.7068 -0.0037
vn -0.9961 0.0426 0.0775
vn -0.9770 0.0814 0.1971
vn -0.9984 0.0514 0.0243
vn -0.9631 0.2333 0.1339
vn 0.0550 -0.7704 0.6352
vn 0.0606 -0.4818 0.8742
vn 0.0641 -0.0428 0.9970
vn -0.0015 0.5023 0.8647
vn 0.0491 0.7893 0.6121
vn 0.1467 0.9740 0.1724
vn 0.0417 0.9737 -0.2242
vn 0.0128 0.8942 -0.4474
vn 0.0852 0.6157 -0.7834
vn 0.0269 0.2874 -0.9574
vn 0.0569 -0.1414 -0.9883
vn 0.0820 -0.5586 -0.8254
vn 0.0589 -0.8581 -0.5102
vn 0.1158 -0.9861 -0.1188
vn 0.0774 -0.9560 0.2830
vn 0.1743 -0.5710 0.8023
vn 0.1830 -0.8053 -0.5640
vn 0.1899 0.7789 -0.5977
vn 0.1735 0.3571 0.9178
vn 0.5807 -0.7075 0.4027
vn 0.1239 0.9682 -0.2176
vn -0.0178 0.1661 0.9859
vn -0.1442 -0.9872 0.0676
vn 0.0726 -0.5338 0.8425
vn -0.0319 0.6170 -0.7863
vn 0.0309 0.7059 0.7076
vn 0.0387 0.9706 -0.2374
vn 0.1906 -0.6088 -0.7701
vn 0.0672 -0.3166 0.9462
vn 0.0999 0.1324 -0.9862
vn 0.0598 0.9849 0.1627
vn 0.0547 -0.0353 0.9979
vn 0.0777 -0.9946 -0.0686
vn 0.1962 0.3135 -0.9291
vn 0.0723 0.9601 0.2703
vn 0.0979 -0.1982 0.9753
vn 0.0704 0.6017 -0.7956
vn 0.0191 0.9260 0.3770
vn 0.8949 0.0949 -0.4360
vn 0.4529 -0.8679 -0.2039
vn 0.5480 -0.6585 0.5158
vn 0.9070 -0.2136 -0.3628
vn 0.5110 -0.3538 0.7834
vn 0.9050 -0.2856 0.3153
vn 0.9159 0.3350 0.2212
vn 0.5395 0.7867 0.3000
vn 0.7068 0.5810 -0.4035
vn 0.9052 0.2828 0.3173
vn 0.8693 0.4758 -0.1342
vn 0.4224 0.1760 -0.8892
vn 0.5673 -0.5596 -0.6041
vn 0.9004 0.1953 -0.3887
vn -0.1981 -0.3075 0.9307
vn -0.1076 0.1560 0.9819
vn -0.1135 0.6490 0.7523
vn -0.1006 0.9551 0.2787
vn -0.0474 0.7390 -0.6721
vn -0.0146 -0.9865 0.1630
vn -0.0403 0.1558 -0.9870
vn -0.0413 0.7182 0.6946
vn 0.1054 0.9471 0.3031
vn 0.0489 -0.3730 -0.9265
vn 0.0553 -0.7091 0.7029
vn 0.0039 -0.9835 -0.1806
vn 0.0478 0.7083 -0.7043
vn 0.0409 0.4110 0.9107
vn -0.0588 -0.7500 0.6588
vn -0.0784 -0.4156 -0.9062
vn -0.1156 0.9921 0.0478
vn -0.0073 0.3008 -0.9537
vn -0.0459 -0.9580 0.2830
vn -0.0501 0.7578 0.6505
vn -0.0195 -0.2886 -0.9573
vn -0.0165 0.9329 0.3597
vn -0.0115 -0.8021 0.5971
vn 0.0243 0.9902 -0.1377
vn 0.0652 -0.6570 -0.7511
vn 0.0924 -0.4892 0.8672
vn 0.0066 -0.2758 -0.9612
vn 0.1049 0.9424 0.3176
vn 0.0822 -0.6661 0.7413
vn -0.9457 0.3079 -0.1046
vn -0.9149 0.1152 -0.3868
vn -0.9298 -0.2131 -0.3001
vn -0.9275 -0.2222 -0.3007
vn -0.9471 -0.2767 -0.1627
vn -0.8843 0.2053 -0.4193
vn -0.9654 -0.2388 0.1053
vn -0.9337 0.0437 0.3554
vn -0.8857 0.1775 0.4290
vn -0.8762 0.4107 0.2523
vn -0.8605 0.5088 0.0272
vn -0.9937 0.0996 -0.0520
vn -0.0376 -0.9671 0.2515
vn -0.0544 0.2311 -0.9714
vn -0.0082 0.6451 0.7641
vn -0.1702 -0.9711 0.1671
vn -0.1194 0.5807 -0.8053
vn -0.1083 0.4970 0.8610
vn -0.0512 -0.9936 0.1012
vn -0.0804 -0.1700 -0.9822
vn -0.0835 0.9666 -0.2425
vn -0.0389 0.2085 0.9772
vn -0.0584 -0.4771 0.8769
vn -0.1155 -0.5518 -0.8260
vn -0.0179 0.9959 0.0886
vn -0.0687 -0.4037 -0.9123
vn -0.0406 0.8478 -0.5288
vn -0.0513 0.7163 0.6959
vn -0.0791 -0.7550 0.6510
vn -0.1327 -0.9279 -0.3485
vn -0.0904 0.7432 -0.6629
vn -0.1567 0.3275 0.9318
vn -0.0576 0.0960 0.9937
vn -0.1009 -0.9916 0.0814
vn -0.0804 -0.0899 -0.9927
vn -0.0623 0.9981 -0.0009
vn -0.0989 0.5662 -0.8183
vn -0.1405 -0.9899 -0.0211
vn -0.1289 0.5104 0.8502
vn -0.9379 -0.0288 0.3457
vn -0.9573 -0.2868 0.0356
vn -0.9919 0.0039 0.1273
vn -0.9916 -0.0747 0.1054
vn -0.9469 0.2271 -0.2277
vn -0.9488 -0.2710 -0.1626
vn -0.9579 0.2667 0.1066
vn -0.8921 0.4484 0.0557
vn -0.9978 0.0333 0.0578
vn -0.9058 -0.4128 -0.0957
vn -0.6688 0.7048 0.2365
vn -0.5888 -0.3195 -0.7425
vn -0.6949 0.2437 -0.6766
vn -0.6851 -0.6977 -0.2096
vn -0.8608 0.4225 0.2836
vn -0.6579 0.3010 0.6904
vn -0.6961 -0.1198 0.7079
vn -0.8632 -0.4439 0.2405
vn -0.6685 -0.2435 0.7027
vn -0.9000 -0.3062 0.3102
vn -0.9568 -0.1183 -0.2655
vn -0.9648 0.2437 0.0987
vn -0.6075 -0.7627 0.2221
vn -0.9558 -0.1550 -0.2499
vn -0.9680 -0.0965 0.2314
vn -0.6515 -0.6984 0.2965
vn -0.9580 0.2794 -0.0646
vn -0.9488 -0.1838 0.2570
vn -0.9373 0.3407 0.0733
vn -0.9941 -0.0233 -0.1058
vn -0.8553 0.4991 -0.1395
vn -0.5870 0.7698 0.2507
vn -0.7092 -0.3474 -0.6135
vn -0.9353 -0.1049 0.3380
vn -0.9705 -0.0600 -0.2334
vn -0.6402 -0.7196 0.2690
vn -0.8706 -0.3155 0.3775
vn -0.9257 0.3737 0.0581
vn -0.9530 -0.2870 0.0974
vn -0.6603 0.7039 0.2616
vn -0.6139 0.7086 -0.3478
vn -0.8785 -0.1255 0.4609
vn -0.9396 0.1007 -0.3270
vn -0.9498 0.2329 0.2088
vn -0.6739 0.2098 0.7084
vn -0.9653 0.2611 0.0058
vn -0.9604 -0.1806 -0.2121
vn -0.9299 -0.1552 0.3335
vn -0.7038 -0.3451 -0.6210
vn -0.9459 0.2655 0.1866
vn -0.5703 0.3068 -0.7620
vn -0.8559 -0.5029 0.1205
vn -0.9526 0.0572 -0.2990
vn -0.9227 -0.0258 -0.3846
vn -0.9595 0.0664 -0.2739
vn -0.6789 0.6746 -0.2899
vn -0.9630 -0.2660 0.0425
vn -0.9636 0.1760 0.2012
vn -0.8752 -0.2169 -0.4325
vn -0.6499 -0.6521 -0.3904
vn -0.5960 -0.2896 0.7489
vn -0.6621 0.6723 0.3311
vn -0.2627 -0.1354 0.9553
vn -0.2276 -0.6676 0.7089
vn -0.2024 0.6589 -0.7245
vn -0.6202 0.6531 0.4346
vn -0.7592 0.6423 -0.1053
vn -0.8787 -0.3669 -0.3055
vn 0.6604 -0.3131 -0.6826
vn -0.6957 0.3561 -0.6238
vn -0.9109 0.4125 0.0071
vn -0.9149 0.1529 -0.3737
vn -0.2772 0.7586 -0.5897
vn -0.2626 -0.7695 0.5821
vn -0.3195 -0.9464 0.0475
vn -0.8149 -0.0183 -0.5794
vn -0.6225 -0.7401 -0.2545
vn -0.8501 -0.5120 0.1228
vn -0.7161 -0.6735 -0.1834
vn -0.5277 0.4814 -0.6999
vn -0.4381 -0.7915 0.4262
vn -0.7684 0.3099 0.5600
vn 0.7715 -0.6227 -0.1303
vn -0.7364 -0.3424 0.5835
vn -0.9112 -0.1681 0.3761
vn -0.8389 -0.5436 -0.0256
vn -0.9418 0.3349 0.0306
vn -0.6802 -0.2306 0.6958
vn -0.5845 0.2794 0.7617
vn -0.8905 -0.1603 0.4258
vn 0.0711 -0.9792 -0.1902
vn 0.0176 -0.6106 0.7917
vn 0.1390 -0.7020 -0.6984
vn 0.2993 0.9504 -0.0842
vn 0.1636 -0.4739 -0.8652
vn 0.0824 -0.9419 -0.3255
vn 0.0130 -0.4297 -0.9029
vn -0.7848 -0.4185 0.4571
vn -0.8768 0.3011 -0.3749
vn -0.7580 -0.6127 -0.2239
vn -0.8784 0.4342 0.1997
vn -0.8668 -0.4164 0.2744
vn -0.7734 0.4783 -0.4161
vn -0.7930 -0.4419 -0.4195
vn -0.8492 0.3595 0.3869
vn -0.7883 0.4077 -0.4608
vn -0.8800 -0.3032 0.3656
vn -0.7834 -0.0038 -0.6215
vn -0.8604 0.0126 0.5094
vn -0.7790 0.4559 -0.4306
vn -0.8768 -0.3584 0.3206
vn -0.7700 -0.0724 -0.6339
vn -0.8729 -0.0203 0.4874
vn 0.5378 -0.8336 0.1258
vn 0.7710 -0.2824 0.5707
vn -0.7994 0.4123 -0.4371
vn -0.6595 -0.6128 0.4354
vn -0.7171 0.4718 -0.5130
vn -0.6756 0.5716 0.4657
vn -0.7201 -0.2610 -0.6430
vn -0.9572 0.2884 0.0242
vn -0.9952 -0.0966 -0.0136
vn -0.9365 0.0674 -0.3442
vn 0.6122 0.4841 -0.6252
vn 0.6985 -0.7013 0.1425
vn 0.6442 -0.5377 -0.5440
vn 0.8107 0.1083 -0.5754
vn 0.9062 0.4215 0.0337
vn 0.7808 0.1899 0.5952
vn 0.7489 0.5567 0.3594
vn 0.9670 -0.1323 -0.2177
vn 0.5726 -0.6487 0.5012
vn 0.9273 -0.1487 -0.3435
vn 0.8545 0.1534 0.4962
vn -0.8585 -0.3793 0.3451
vn 0.8550 0.1912 0.4820
vn 0.7080 -0.3570 0.6094
vn -0.5810 0.3000 0.7566
vn -0.6000 -0.7069 0.3746
vn -0.9989 0.0033 0.0475
vn -0.6926 -0.4940 -0.5257
vn -0.6968 0.7166 -0.0303
vn -0.9989 -0.0424 0.0184
vn -0.9700 -0.0986 -0.2222
vn -0.9844 0.1189 -0.1294
vn -0.9647 0.0956 0.2456
vn 0.7959 -0.5220 0.3067
vn 0.8765 -0.4576 -0.1491
vn -0.6725 -0.7070 0.2189
vn -0.6307 -0.3549 -0.6901
vn -0.7820 0.6163 0.0932
vn -0.7139 0.5081 -0.4819
vn -0.6237 -0.0988 0.7754
vn -0.9982 -0.0293 -0.0530
vn -0.9700 0.2222 -0.0986
vn -0.9836 0.1383 0.1161
vn 0.7317 0.2402 -0.6379
vn -0.7903 -0.4318 0.4347
vn 0.5775 0.8103 -0.0994
vn -0.7468 -0.0934 -0.6585
vn -0.6396 0.7687 0.0070
vn -0.6240 -0.5312 0.5731
vn -0.7402 -0.6347 -0.2221
vn -0.7460 0.1320 0.6527
vn -0.9365 -0.3446 0.0651
vn -0.9787 -0.0722 -0.1922
vn 0.9987 0.0341 0.0366
vn 0.9998 0.0181 0.0024
vn 0.9997 -0.0099 -0.0205
vn 0.9999 -0.0087 0.0050
vn 0.8385 0.4584 -0.2945
vn 0.9124 0.2103 0.3510
vn 0.8960 -0.4330 0.0988
vn 0.8706 -0.1433 -0.4706
vn 0.5872 -0.7957 0.1485
vn 0.7073 -0.0913 -0.7010
vn 0.5751 0.8021 -0.1607
vn 0.6704 -0.0937 0.7361
vn 0.8526 0.5074 -0.1251
vn 0.8682 -0.3553 -0.3465
vn 0.7245 0.3170 0.6121
vn 0.7753 -0.6164 0.1380
vn 0.5893 -0.2746 -0.7598
vn 0.7003 -0.5377 0.4695
vn 0.5778 0.7932 -0.1925
vn 0.9790 -0.1422 0.1457
vn 0.7416 -0.1995 0.6404
vn 0.8534 0.4342 -0.2884
vn 0.9106 0.2180 0.3511
vn 0.9073 -0.2430 -0.3432
vn 0.8805 -0.4096 0.2387
vn 0.9999 0.0092 0.0131
vn 0.9999 0.0148 0.0007
vn 0.9998 -0.0164 0.0069
vn -0.7684 0.4168 0.4856
vn -0.7036 -0.6662 -0.2474
vn -0.5711 0.3903 0.7221
vn -0.6627 -0.2257 -0.7141
vn -0.7238 -0.0129 0.6899
vn -0.7142 -0.6731 0.1921
vn -0.7009 0.6916 -0.1742
vn -0.7054 -0.1985 -0.6804
vn -0.7269 -0.2498 -0.6397
vn -0.1501 0.9032 -0.4021
vn -0.6242 0.5895 0.5127
vn -0.6286 -0.7760 -0.0525
vn -0.0070 0.1121 -0.9937
vn -0.0090 0.4411 -0.8974
vn -0.0093 0.8093 -0.5873
vn 0.0166 -0.6216 -0.7831
vn 0.0388 -0.8593 -0.5100
vn 0.1712 0.9556 0.2398
vn 0.1088 0.8797 0.4629
vn 0.0036 0.2848 0.9586
vn 0.0065 -0.1183 0.9930
vn 0.0008 -0.4438 0.8961
vn -0.0216 -0.7589 0.6509
vn -0.3955 0.8486 0.3513
vn 0.6421 0.7181 0.2684
vn 0.8089 0.5269 -0.2610
vn 0.6539 -0.6941 -0.3011
vn 0.6427 0.6116 -0.4615
vn 0.6515 0.2687 -0.7095
vn 0.6525 -0.1429 -0.7442
vn -0.2558 0.9355 0.2436
vn 0.6437 0.5016 0.5780
vn 0.2375 0.8987 0.3687
vn 0.6606 -0.7470 0.0745
vn 0.6432 -0.6101 0.4627
vn 0.8593 -0.1138 0.4986
vn 0.6470 0.0076 0.7625
vn -0.9981 -0.0198 0.0584
vn -0.2594 -0.3792 0.8882
vn -0.0836 0.7076 0.7017
vn -0.5449 0.7279 -0.4162
vn -0.6628 0.3046 0.6840
vn 0.5764 0.1535 0.8026
vn -0.9665 -0.0155 0.2562
vn 0.5528 -0.6925 0.4635
vn -0.6706 -0.6887 0.2755
vn -0.5843 -0.1929 -0.7883
vn -0.9941 0.1072 -0.0145
vn 0.5431 0.7695 -0.3361
vn 0.4890 0.3649 0.7923
vn -0.5271 0.2887 0.7993
vn -0.6251 0.7354 -0.2616
vn -0.8350 0.4518 -0.3141
vn -0.9945 0.0880 -0.0577
vn -0.9565 -0.1631 0.2419
vn -0.8904 -0.0500 -0.4525
vn -0.9939 0.1069 0.0274
vn -0.2859 0.1641 0.9441
vn 0.9072 -0.3024 -0.2924
vn 0.8887 0.4533 0.0687
vn 0.5054 -0.3762 0.7766
vn 0.8899 0.4239 -0.1682
vn 0.9287 0.3579 -0.0977
vn 0.9167 0.0909 0.3892
vn 0.9599 -0.2803 -0.0035
vn 0.8819 0.4530 -0.1307
vn 0.9346 -0.3382 -0.1104
vn 0.9237 0.1757 0.3405
vn 0.9053 0.3922 -0.1631
vn 1.0000 -0.0079 -0.0038
vn 0.9028 0.1833 0.3891
vn 0.9175 -0.0848 -0.3886
vn 0.8770 0.3687 -0.3082
vn 0.8974 -0.3587 0.2570
vn 0.8564 -0.2426 -0.4557
vn 0.9091 -0.1641 -0.3828
vn 0.9413 -0.2613 -0.2138
vn 0.9050 0.2377 0.3527
vn 0.8864 0.4073 -0.2201
vn 0.8793 -0.1242 -0.4598
vn 0.8996 -0.4071 0.1582
vn 0.9888 -0.1015 0.1095
vn 0.9932 -0.1132 0.0265
vn 0.9248 -0.3633 0.1128
vn 0.9975 -0.0703 -0.0039
vn 0.8831 -0.2165 -0.4162
vn 1.0000 -0.0032 -0.0000
vn 0.8840 -0.4501 0.1264
vn 0.9266 0.3367 -0.1677
vn 0.9283 0.1040 0.3571
vn 0.8836 0.1290 0.4502
vn 0.9285 -0.1659 -0.3323
vn 0.8892 -0.4058 0.2111
vn 0.9163 -0.3629 0.1691
vn 0.8874 0.2153 0.4076
vn 0.9369 0.2001 -0.2868
vn 0.9426 -0.0469 0.3307
vn 0.9503 0.2981 -0.0897
vn 0.8395 -0.2992 -0.4535
vn 0.9606 -0.2119 0.1797
vn 0.9643 0.2589 0.0549
vn 0.9541 -0.0553 -0.2943
vn 0.8990 -0.0127 -0.4378
vn 0.9558 -0.0016 0.2940
vn 0.9657 0.2229 -0.1328
vn 0.9551 -0.2405 -0.1729
vn 0.9572 0.2819 0.0659
vn 0.9617 -0.2007 0.1864
vn 0.9561 -0.0385 -0.2906
vn 0.5832 0.3271 0.7435
vn 0.5834 -0.7488 0.3147
vn 0.5890 -0.3060 -0.7479
vn 0.5825 0.7532 -0.3055
vn 0.7283 0.6750 -0.1178
vn 0.5561 -0.3265 -0.7643
vn 0.6467 -0.5750 0.5012
vn 0.8795 0.3860 0.2785
vn 0.5474 0.8278 0.1228
vn 0.6918 -0.2076 -0.6916
vn 0.7543 -0.1333 -0.6429
vn 0.6819 -0.3531 0.6406
vn 0.5940 0.3893 0.7040
vn 0.5895 0.7716 -0.2389
vn 0.5755 -0.2715 -0.7714
vn 0.5841 -0.6934 0.4219
vn 0.5940 -0.7120 0.3745
vn 0.5906 0.2346 0.7721
vn 0.5809 0.7849 -0.2156
vn 0.5716 -0.3680 -0.7334
vn 0.5908 -0.3791 -0.7122
vn 0.5880 -0.7734 0.2368
vn 0.5802 0.2208 0.7840
vn 0.5718 0.7337 -0.3670
vn 0.8476 -0.4239 -0.3192
vn 0.7763 0.5118 0.3679
vn 0.8531 -0.5090 -0.1145
vn 0.7674 0.6287 0.1263
vn 0.5940 0.7120 -0.3745
vn 0.5906 -0.2346 -0.7721
vn 0.5809 -0.7849 0.2154
vn 0.5832 0.3785 0.7188
vn 0.9658 -0.1798 0.1869
vn 0.9649 0.2565 0.0567
vn 0.9603 -0.0218 -0.2782
vn 0.9779 -0.1267 0.1661
vn 0.9429 0.3315 0.0330
vn 0.9624 -0.2444 -0.1185
vn 0.9659 0.1808 -0.1853
vn 0.9648 -0.2579 -0.0522
vn 0.9604 0.0201 0.2778
vn 0.9779 0.1267 -0.1661
vn 0.9429 -0.3315 -0.0330
vn 0.9624 0.2444 0.1185
vn 0.8550 -0.4089 0.3191
vn 0.8018 0.5961 0.0423
vn 0.7767 -0.1504 -0.6116
vn 0.8787 0.0655 0.4729
vn 0.8427 -0.4297 -0.3244
vn 0.7665 0.5218 0.3745
vn 0.8461 -0.5234 -0.1013
vn 0.7464 0.6483 0.1503
vn 0.8427 0.4297 0.3244
vn 0.7665 -0.5218 -0.3745
vn 0.8461 0.5234 0.1013
vn 0.7464 -0.6484 -0.1503
vn -0.4942 -0.0815 -0.8655
vn -0.8125 0.5174 -0.2687
vn -0.6206 0.3886 0.6811
vn -0.7320 -0.3349 0.5934
vn -0.6774 -0.7355 0.0084
vn -0.9796 0.1205 -0.1611
vn -0.9876 0.1488 -0.0495
vn -0.9326 0.3430 -0.1121
vn -0.6727 0.7330 -0.1012
vn -0.5462 0.1694 0.8203
vn -0.7152 -0.6250 0.3130
vn -0.6665 -0.5631 -0.4885
vn -0.6559 0.3629 -0.6619
vn -0.8769 -0.4557 -0.1529
vn -0.9981 -0.0307 -0.0527
vn -0.9217 -0.3207 -0.2181
vn -0.8860 -0.2878 0.3636
vn -0.7424 -0.5904 -0.3167
vn -0.8526 -0.4421 0.2787
vn -0.6324 0.6868 -0.3582
vn -0.9318 0.1126 -0.3451
vn -0.9408 0.3197 0.1131
vn -0.9595 -0.2596 0.1093
vn -0.9404 -0.2406 0.2404
vn -1.0000 0.0030 0.0024
vn -0.6597 -0.0310 0.7509
vn -0.9221 0.3200 0.2175
vn -0.7969 0.5660 -0.2112
vn -0.8552 0.3245 -0.4041
vn -0.9062 0.2844 -0.3128
vn -0.9700 0.0934 -0.2243
vn -1.0000 -0.0012 -0.0030
vn -0.9549 -0.2919 -0.0548
vn -1.0000 -0.0019 0.0030
vn -0.9311 0.3331 -0.1483
vn -0.9028 -0.0342 0.4287
vn -0.6436 0.4596 -0.6120
vn -0.9298 -0.3129 -0.1940
vn -0.9525 -0.0666 -0.2972
vn -0.6108 0.6716 0.4194
vn -0.9583 0.2743 0.0806
vn -0.9469 -0.0919 0.3081
vn -0.9208 0.0283 -0.3889
vn -0.6302 0.3427 0.6967
vn -0.9627 -0.2446 0.1154
vn -1.0000 -0.0048 -0.0031
vn -0.9631 0.2236 0.1498
vn -0.9586 -0.2662 0.1011
vn -0.9028 -0.2568 0.3450
vn -0.6576 -0.6582 0.3664
vn -0.9560 0.0392 0.2909
vn -0.6444 -0.6882 -0.3333
vn -0.9290 0.3457 0.1320
vn -0.6324 -0.4492 -0.6311
vn -0.9115 0.1658 0.3765
vn -0.6298 0.0038 -0.7768
vn -0.9101 -0.4128 -0.0350
vn -0.9108 0.1669 -0.3776
vn -0.9458 -0.2994 0.1254
vn -0.9433 0.2751 0.1859
vn -0.9476 0.1275 0.2927
vn -0.9404 -0.3199 -0.1151
vn -0.8120 0.4985 0.3034
vn -0.9504 -0.2370 0.2012
vn -0.7142 0.6499 0.2599
vn -0.9237 -0.1801 -0.3381
vn -0.8257 -0.4862 0.2860
vn -0.8404 0.2689 0.4706
vn -0.9414 -0.2429 0.2339
vn -0.9364 -0.1321 -0.3251
vn -0.9533 -0.1152 -0.2791
vn -0.9685 0.2422 0.0573
vn 0.0207 -0.8595 0.5107
vn -0.0842 -0.6508 0.7546
vn -0.0521 0.9853 -0.1629
vn -0.0262 0.4564 -0.8894
vn 0.1337 -0.0284 -0.9906
vn -0.0527 -0.3287 -0.9430
vn -0.0472 -0.8256 -0.5623
vn -0.0577 -0.9979 -0.0289
vn -0.9303 0.3445 0.1258
vn -0.8829 -0.1777 0.4345
vn -0.9171 0.0819 -0.3902
vn -0.9009 -0.4132 -0.1327
vn 0.8958 0.2520 -0.3661
vn 0.7705 -0.4490 0.4524
vn 0.8155 0.5723 0.0860
vn 0.7879 -0.6080 -0.0979
vn 0.5174 -0.8249 -0.2276
vn -0.6283 -0.6796 -0.3786
vn -0.1455 0.9756 -0.1647
vn 0.1938 0.4912 0.8492
vn -0.1750 0.9844 0.0197
vn -0.1813 -0.5191 -0.8353
vn -0.1854 -0.4763 0.8595
vn -0.5710 0.8181 0.0693
vn -0.5710 -0.3490 -0.7431
vn -0.5710 -0.4690 0.6738
vn -0.0692 0.8868 0.4569
vn -0.0545 -0.1670 -0.9844
vn -0.0665 -0.7143 0.6966
vn -0.0475 0.1500 -0.9875
vn -0.0234 -0.9551 0.2953
vn -0.0474 0.7693 0.6371
vn -0.2815 0.0012 -0.9595
vn -0.1451 -0.9585 0.2453
vn -0.0967 0.6474 0.7560
vn -0.7273 0.0081 -0.6863
vn -0.8384 -0.0776 0.5395
vn -0.7499 -0.6462 0.1415
vn -0.7764 0.6243 -0.0867
vn -0.7439 0.6326 0.2156
vn -0.7606 -0.6123 -0.2158
vn 0.0042 -0.9367 0.3500
vn 0.9993 0.0377 0.0055
vn 0.0577 0.2791 -0.9585
vn 0.0084 -0.5507 0.8347
vn 0.0270 0.4159 -0.9090
vn 0.0086 -0.9247 -0.3807
vn -0.0802 -0.9043 -0.4194
vn 0.0109 -0.2927 -0.9562
vn 0.9987 -0.0238 0.0461
vn 0.0603 0.9700 0.2357
vn 0.9985 -0.0229 -0.0489
vn -0.0044 0.4760 0.8795
vn 0.0070 -0.0159 0.9998
vn -0.0648 0.9586 -0.2772
vn -0.9967 0.0352 0.0733
vn -0.9878 0.0457 -0.1489
vn -0.9973 -0.0706 0.0214
vn 0.6340 -0.6064 0.4798
vn -0.5985 0.5649 -0.5680
vn -0.9864 -0.0216 -0.1628
vn 0.8169 0.2784 0.5052
vn -0.9873 -0.1392 -0.0768
vn 0.5521 0.6917 -0.4655
vn 0.9216 -0.0110 -0.3879
vn -0.9381 -0.1432 0.3154
vn -0.5569 -0.8096 0.1856
vn -0.9926 -0.0775 0.0939
vn -0.9583 0.1322 0.2534
vn 0.6051 -0.6357 -0.4794
vn -0.9352 0.2033 0.2898
vn -0.2196 -0.4098 -0.8853
vn -0.1744 -0.5542 -0.8139
vn -0.1507 -0.9877 -0.0409
vn -0.1845 -0.9617 0.2028
vn -0.8381 -0.3022 0.4543
vn -0.1707 0.0248 0.9850
vn -0.1985 0.1592 0.9671
vn -0.1597 0.8655 0.4748
vn -0.4494 0.8817 0.1436
vn -0.1650 0.5923 -0.7886
vn -0.2386 0.4141 -0.8784
vn -0.6978 0.4383 0.5665
vn 0.6373 0.7445 0.1986
vn -0.6602 -0.4317 -0.6147
vn 0.6403 -0.7533 -0.1500
vn -0.5950 0.7494 -0.2904
vn 0.6356 0.7172 -0.2857
vn -0.6002 -0.7232 0.3417
vn 0.6246 -0.7492 0.2203
vn -0.6247 0.2203 -0.7492
vn 0.5995 0.3419 -0.7237
vn -0.6351 -0.2858 0.7177
vn 0.5951 -0.2904 0.7493
vn 0.6511 0.3572 0.6697
vn -0.5775 0.2506 0.7769
vn 0.5749 -0.3701 -0.7297
vn -0.6540 -0.2210 -0.7235
vn -0.5930 -0.7508 0.2909
vn 0.6374 -0.7157 0.2853
vn -0.6022 0.7218 -0.3411
vn 0.6228 0.7506 -0.2209
vn -0.6247 -0.2203 0.7491
vn 0.5996 -0.3418 0.7236
vn -0.6351 0.2857 -0.7176
vn 0.5952 0.2902 -0.7494
vn 0.6123 0.7188 0.3291
vn -0.6901 0.3078 -0.6550
vn 0.5912 -0.6943 -0.4105
vn -0.5360 -0.3346 0.7751
vn 0.6262 -0.5310 0.5709
vn -0.6274 0.2498 -0.7376
vn 0.6764 0.5352 -0.5060
vn -0.7547 -0.2257 0.6160
vn 0.6584 0.7225 0.2111
vn -0.5682 0.7312 0.3776
vn 0.5708 -0.7836 -0.2452
vn -0.6552 -0.6620 -0.3640
vn 0.1437 0.6359 0.7583
vn -0.8910 0.1446 -0.4304
vn 0.6610 0.1127 -0.7418
vn 0.1262 -0.9407 0.3149
vn -0.6963 -0.1728 -0.6967
vn -0.7663 -0.6413 0.0399
vn -0.6179 0.6118 0.4939
vn 0.9471 0.0060 -0.3209
vn 0.9164 0.0671 0.3945
vn 0.1019 0.0796 -0.9916
vn 0.0185 -0.9036 -0.4279
vn -0.0039 0.8895 0.4569
vn -0.0804 0.5426 -0.8361
vn -0.0597 -0.4308 0.9005
vn -0.5858 0.7916 -0.1736
vn -0.1620 -0.2430 -0.9564
vn -0.6572 -0.3899 0.6450
vn 0.6724 -0.6818 -0.2881
vn -0.2145 -0.8187 -0.5326
vn 0.8409 0.5221 0.1424
vn 0.0065 -0.9796 -0.2007
vn -0.0253 0.7025 -0.7112
vn -0.0571 0.2389 0.9694
vn -0.5212 -0.5584 0.6454
vn -0.5359 0.8125 0.2294
vn -0.0215 -0.2979 -0.9544
vn -0.8400 -0.4605 0.2868
vn 0.7383 0.6686 -0.0887
vn -0.4202 0.0450 -0.9063
vn 0.0210 -0.9785 -0.2053
vn 0.0370 0.7085 -0.7047
vn -0.0331 0.2436 0.9693
vn -0.7015 -0.3170 0.6384
vn -0.7414 0.5815 -0.3350
vn -0.8076 -0.2186 -0.5477
vn 0.8362 -0.0178 -0.5482
vn 0.8234 0.4613 -0.3306
vn 0.8395 -0.2046 0.5033
vn -0.0053 0.0481 -0.9988
vn -0.0387 0.9989 -0.0266
vn -0.0718 0.0792 0.9943
vn -0.0423 -0.9917 -0.1213
vn 0.2916 -0.7540 -0.5885
vn 0.1544 -0.1780 0.9718
vn -0.5109 0.4632 -0.7242
vn -0.4516 0.6222 0.6395
vn 0.0456 0.9491 -0.3117
vn 0.0477 -0.7498 -0.6600
vn 0.0449 -0.1161 0.9922
vn -0.8491 -0.5265 -0.0436
vn 0.7901 0.5913 -0.1614
vn 0.7535 -0.6171 0.2270
vn 0.1573 0.5931 0.7896
vn 0.6397 0.4467 -0.6255
vn -0.8701 0.0062 -0.4928
vn 0.1116 -0.9529 0.2818
vn 0.5801 -0.2709 -0.7682
vn -0.6444 -0.3418 -0.6840
vn 0.6635 0.2073 0.7189
vn -0.5554 0.3851 0.7371
vn -0.7919 -0.3169 -0.5219
vn -0.7271 -0.3234 0.6055
vn -0.7621 0.6365 -0.1185
vn -0.0505 -0.9936 0.1012
vn -0.0306 -0.2164 -0.9758
vn -0.0217 0.9604 -0.2778
vn -0.0284 0.1457 0.9889
vn 0.8705 0.4585 0.1789
vn 0.8466 -0.2384 -0.4758
vn 0.4979 -0.8653 0.0583
vn -0.5921 0.3396 0.7309
vn 0.5826 0.7656 0.2729
vn -0.4995 0.3287 -0.8015
vn 0.5886 -0.7934 -0.1551
vn -0.7362 -0.2792 0.6165
vn -0.7817 0.0833 -0.6180
vn -0.5374 -0.2757 0.7970
vn -0.6908 0.2644 0.6730
vn -0.0735 -0.8478 0.5252
vn -0.0335 -0.4008 -0.9156
vn -0.0247 0.8477 -0.5299
vn -0.0595 0.6122 0.7885
vn 0.7528 0.1190 -0.6474
vn 0.8765 0.0030 0.4814
vn 0.7812 0.0492 -0.6223
vn -0.8397 0.3545 0.4113
vn 0.6345 0.5818 0.5088
vn 0.0855 0.0869 -0.9925
vn 0.1588 -0.9830 0.0920
vn -0.6861 0.7208 -0.0989
vn -0.5473 -0.0824 0.8329
vn -0.2096 -0.5782 -0.7885
vn -0.0141 0.4058 -0.9138
vn -0.0062 -0.9719 0.2354
vn 0.0109 0.6761 0.7367
vn 0.8536 -0.2440 0.4603
vn 0.8676 0.4722 -0.1562
vn -0.3310 -0.9201 0.2093
vn -0.4581 0.3091 -0.8334
vn 0.6140 0.0277 0.7888
vn -0.7368 0.6396 -0.2190
vn 0.6082 0.0797 -0.7897
vn -0.5204 -0.8194 0.2403
vn 0.8345 -0.4736 0.2816
vn -0.9029 -0.0847 -0.4214
vn 0.8000 -0.2305 0.5540
vn 0.7626 0.1652 0.6254
vn 0.8284 0.5130 0.2248
vn 0.8417 0.4889 -0.2291
vn -0.8865 -0.1313 0.4437
vn 0.7655 0.2256 -0.6025
vn 0.7749 -0.1899 -0.6029
vn 0.8212 -0.5008 -0.2735
vn -0.9054 0.3226 -0.2760
vn 0.6324 0.7574 0.1624
vn 0.6049 0.6795 -0.4152
vn 0.5763 0.3183 -0.7527
vn 0.6414 -0.4235 -0.6397
vn 0.5917 -0.7993 -0.1053
vn 0.5821 -0.7380 0.3413
vn 0.6218 -0.2671 0.7362
vn 0.6196 0.4432 0.6478
vn 0.8349 -0.2714 -0.4789
vn -0.9115 -0.1051 0.3976
vn -0.8599 0.4551 0.2311
vn 0.8637 -0.5016 0.0487
vn -0.7876 -0.4712 -0.3970
vn 0.8639 -0.3114 0.3959
vn 0.7740 0.1378 0.6181
vn 0.8465 0.5000 0.1827
vn 0.8853 0.3454 -0.3114
vn 0.6240 0.7719 0.1216
vn 0.5960 0.5983 -0.5355
vn 0.6252 0.1391 -0.7679
vn 0.6465 -0.4430 -0.6211
vn 0.5742 -0.8169 -0.0541
vn 0.5744 -0.6670 0.4746
vn 0.6508 -0.1015 0.7524
vn 0.6225 0.4610 0.6325
vn 0.8350 0.5482 0.0477
vn -0.9157 -0.3768 -0.1397
vn -0.8057 0.3045 -0.5080
vn 0.8191 -0.5233 0.2352
vn -0.5287 0.8352 -0.1513
vn 0.8208 -0.3231 -0.4710
vn 0.8445 -0.5337 0.0454
vn -0.9066 0.1847 -0.3793
vn 0.8363 -0.3022 0.4576
vn 0.8289 0.3075 0.4674
vn -0.6217 -0.3344 0.7083
vn -0.6574 0.1438 0.7397
vn 0.5817 0.8117 0.0528
vn 0.5719 0.6704 -0.4727
vn 0.6605 0.1071 -0.7431
vn 0.6181 -0.4854 -0.6183
vn 0.5969 -0.7975 -0.0882
vn 0.6271 0.3904 0.6741
vn -0.1518 -0.2480 0.9568
vn 0.9983 -0.0442 0.0373
vn 0.0108 0.3713 0.9285
vn 0.6863 0.5195 0.5091
vn 0.1739 0.8225 0.5415
vn 0.6975 0.6471 0.3077
vn 0.0301 0.9994 -0.0156
vn -0.9158 -0.2604 0.3058
vn -0.0006 0.6244 -0.7811
vn 0.9328 -0.2471 0.2625
vn -0.8704 0.1313 0.4744
vn 0.0065 -0.2499 -0.9683
vn -0.9457 0.1677 0.2785
vn -0.0253 -0.7570 -0.6529
vn -0.2261 -0.4209 0.8785
vn -0.0797 -0.9956 -0.0502
vn 0.9686 -0.1975 0.1507
vn -0.0273 -0.7824 0.6222
vn 0.9818 -0.0123 -0.1893
vn -0.3428 -0.0980 -0.9343
vn -0.9889 0.1477 -0.0131
vn -0.7004 -0.0447 0.7124
vn -0.9014 -0.1928 0.3877
vn -0.8995 -0.4180 -0.1274
vn 0.7801 0.6046 -0.1611
vn 0.9447 0.2496 0.2125
vn 0.8543 0.2668 0.4460
vn -0.9360 -0.2208 0.2742
vn -0.9960 0.0614 0.0651
vn 0.7863 0.0220 0.6175
vn -0.9078 -0.3998 -0.1266
vn -0.9813 0.1682 -0.0932
vn 0.8688 0.3919 -0.3026
vn 0.9668 0.1508 0.2062
vn 0.6023 0.7144 0.3561
vn 0.9689 0.2402 -0.0599
vn -0.9940 -0.0928 -0.0583
vn 0.7856 -0.0223 -0.6183
vn 0.9348 -0.1989 -0.2941
vn -0.9710 0.2033 0.1261
vn 0.9473 -0.3151 -0.0576
vn -0.6415 0.7377 -0.2103
vn 0.9773 -0.2104 -0.0246
vn 0.9541 -0.1526 0.2575
vn 0.2784 -0.7446 0.6067
vn 0.6847 -0.6545 -0.3207
vn 0.2311 -0.9500 0.2101
vn 0.1842 -0.5372 -0.8231
vn 0.2948 -0.1779 -0.9389
vn 0.2209 0.5384 -0.8132
vn 0.1479 0.9816 0.1206
vn 0.2437 0.9521 0.1849
vn 0.3011 0.1453 0.9424
vn 0.2584 0.5303 0.8075
vn -0.9961 0.0602 0.0644
vn 0.7869 0.0215 0.6168
vn -0.9096 -0.3955 -0.1276
vn -0.9814 0.1690 -0.0912
vn 0.8684 0.3922 -0.3034
vn 0.9666 0.1512 0.2068
vn 0.6031 0.7144 0.3548
vn 0.9690 0.2397 -0.0597
vn -0.9962 -0.0597 -0.0639
vn 0.7861 -0.0221 -0.6177
vn -0.9008 0.4095 0.1443
vn -0.9956 -0.0804 0.0488
vn 0.8636 -0.3880 0.3219
vn 0.9686 -0.1470 -0.2004
vn 0.5779 -0.7363 -0.3521
vn 0.9762 -0.2105 0.0525
vn 0.2786 -0.7448 0.6063
vn 0.6843 -0.6551 -0.3202
vn 0.2321 -0.9501 0.2085
vn 0.1850 -0.5372 -0.8229
vn 0.2949 -0.1775 -0.9389
vn 0.3151 0.6562 -0.6856
vn 0.2359 0.9580 -0.1628
vn 0.6946 0.6500 0.3082
vn 0.2945 0.1773 0.9391
vn 0.1735 0.5361 0.8261
vn -0.6158 0.7878 -0.0153
vn 0.6264 0.7233 0.2907
vn 0.5933 0.7396 -0.3177
vn -0.6296 0.7467 -0.2144
vn -0.6101 0.4017 0.6829
vn 0.6184 0.7290 0.2934
vn 0.5577 0.7651 0.3219
vn -0.1167 0.7925 0.5986
vn 0.9058 -0.4234 -0.0174
vn 0.5856 -0.7625 -0.2749
vn 0.5980 -0.3428 -0.7245
vn 0.5590 -0.7926 0.2435
vn -0.5995 -0.4446 -0.6655
vn 0.5867 -0.5776 -0.5676
vn -0.5973 -0.6212 -0.5073
vn 0.6501 0.3064 -0.6953
vn -0.6187 0.3225 -0.7163
vn -0.3504 0.8029 -0.4823
vn 0.7872 0.2528 -0.5625
vn -0.0909 0.8104 -0.5788
vn -0.2747 0.1137 -0.9548
vn 0.5368 0.1019 -0.8375
vn -0.2282 -0.6557 -0.7197
vn -0.6350 0.1984 -0.7466
vn 0.6379 0.7018 -0.3170
vn -0.4646 -0.7864 0.4070
vn -0.9303 0.2590 -0.2596
vn -0.6325 -0.7746 -0.0026
vn -0.8916 -0.0115 -0.4527
vn -0.7823 -0.3258 0.5309
vn -0.8696 -0.0122 0.4937
vn -0.7073 0.7027 -0.0764
vn -0.7242 0.6808 0.1098
vn -0.9387 -0.3431 0.0338
vn -0.9214 -0.2467 -0.3003
vn -0.9929 0.0694 0.0969
vn -0.8234 -0.1593 0.5447
vn -0.8049 -0.5699 0.1651
vn -0.9933 -0.0819 0.0815
vn -0.9134 0.2818 0.2938
vn -0.8634 -0.2347 -0.4466
vn -0.6144 -0.1827 0.7675
vn -0.9993 -0.0316 0.0200
vn -0.9267 0.3745 -0.0316
vn -0.8369 -0.4708 0.2793
vn -0.6101 -0.4275 0.6671
vn -0.9539 0.2753 -0.1191
vn -0.6323 -0.7598 0.1513
vn -0.9962 -0.0855 0.0146
vn -0.7823 0.5144 0.3512
vn -0.7963 0.2643 0.5442
vn -0.6355 -0.7700 -0.0576
vn -0.8221 -0.1205 -0.5564
vn -0.7243 0.3208 -0.6104
vn -0.6840 0.1972 -0.7024
vn -0.8545 0.4617 -0.2378
vn -0.6312 0.5399 0.5568
vn 0.5552 0.3098 0.7718
vn 0.8718 0.2776 0.4037
vn -0.3414 0.8088 0.4788
vn -0.5980 0.1330 0.7904
vn -0.1211 0.3593 0.9253
vn 0.5997 -0.4762 0.6431
vn 0.8754 -0.2026 0.4390
vn 0.5844 -0.0700 0.8085
vn -0.1398 -0.6543 0.7432
vn -0.2666 -0.7952 0.5446
vn -0.5800 -0.7323 -0.3569
vn -0.1137 -0.9801 -0.1627
vn 0.8224 -0.1237 -0.5554
vn 0.9051 0.4220 -0.0522
vn 0.7688 -0.5939 -0.2372
vn -0.3781 -0.5808 -0.7209
vn 0.8203 -0.0855 -0.5656
vn 0.8149 0.4712 -0.3375
vn -0.6013 0.7938 0.0914
vn 0.8253 0.0239 0.5642
vn 0.8300 -0.4326 0.3520
vn 0.7840 0.6195 0.0405
vn 0.7865 0.4628 0.4091
vn 0.7932 -0.5950 -0.1297
vn 0.6302 0.1197 0.7672
vn 0.6268 -0.6365 0.4495
vn 0.9535 0.1727 -0.2472
vn 0.8841 -0.4673 -0.0058
vn 0.5956 -0.1916 0.7801
vn 0.5685 0.1612 0.8068
vn 0.2917 -0.7618 0.5784
vn 0.8556 0.3877 0.3430
vn 0.6367 0.7313 0.2444
vn 0.8233 0.4054 -0.3972
vn 0.9197 0.3643 -0.1463
vn 0.8551 -0.4242 0.2981
vn 0.5970 0.1774 -0.7824
vn 0.6395 -0.1378 -0.7563
vn 0.9144 -0.3856 -0.1232
vn 0.8913 -0.0748 -0.4471
vn 0.6200 -0.7476 -0.2379
vn 0.3697 -0.1432 -0.9181
vn 0.8390 -0.3120 0.4458
vn 0.7978 -0.0399 -0.6016
vn -0.5805 0.7852 -0.2155
vn -0.5413 0.5459 0.6395
vn -0.6415 -0.3156 0.6992
vn -0.8776 0.2495 0.4093
vn -0.4029 -0.6331 0.6609
vn 0.8290 0.0517 -0.5569
vn -0.5767 0.6410 -0.5065
vn -0.6685 0.6568 0.3489
vn -0.7483 0.6443 0.1576
vn -0.3479 -0.6623 -0.6636
vn -0.5964 -0.3342 -0.7298
vn -0.5836 0.3735 -0.7210
vn -0.8604 0.0940 -0.5009
vn -0.9332 -0.1590 -0.3224
vn -0.6870 -0.6187 0.3812
vn -0.6262 -0.6913 -0.3604
vn -0.5348 -0.8294 0.1618
vn 0.8193 0.4423 0.3648
vn -0.9512 0.2206 0.2157
vn -0.9607 -0.1713 0.2182
vn -0.7786 -0.4404 0.4469
vn -0.9533 0.2267 0.1997
vn 0.4122 -0.3203 0.8529
vn 0.4788 -0.7367 -0.4775
vn 0.3855 0.5457 -0.7440
vn 0.0931 0.9868 0.1326
vn -0.4129 -0.0324 -0.9102
vn -0.3924 -0.8872 0.2429
vn -0.3802 0.6578 0.6502
vn -0.7137 0.4745 0.5152
vn -0.7868 -0.1033 -0.6085
vn 0.2868 -0.7967 -0.5320
vn 0.3528 0.3588 -0.8642
vn 0.2769 0.7856 0.5533
vn 0.3307 -0.3576 0.8733
vn -0.4986 0.7504 -0.4339
vn -0.3926 -0.2334 -0.8896
vn -0.3774 -0.8112 0.4466
vn -0.4198 0.6202 0.6626
vn -0.2888 -0.4163 0.8621
vn -0.8978 -0.4401 -0.0147
vn 0.0495 0.3878 -0.9204
vn 0.9779 -0.0401 0.2052
vn -0.7027 -0.6852 -0.1918
vn 0.9071 0.1112 -0.4061
vn 0.4558 0.2312 -0.8595
vn -0.0854 0.9753 0.2039
vn 0.4654 0.3140 0.8275
vn 0.3864 -0.9190 0.0786
vn -0.4990 0.6161 -0.6095
vn -0.3319 -0.8154 -0.4744
vn -0.4778 -0.2738 0.8347
vn -0.7560 -0.4234 -0.4991
vn -0.6566 0.3952 0.6425
vn -0.8682 -0.3381 -0.3631
vn 0.6899 0.7221 -0.0513
vn 0.2154 0.7170 0.6630
vn 0.8581 -0.3358 0.3885
vn -0.8404 -0.3961 0.3700
vn 0.3902 -0.0065 0.9207
vn 0.1765 -0.9521 -0.2499
vn 0.1579 -0.0254 -0.9871
vn 0.5258 0.7862 -0.3246
vn 0.5392 0.5461 0.6411
vn 0.4659 -0.3795 0.7993
vn -0.3556 0.4705 -0.8076
vn -0.1739 -0.8718 -0.4580
vn -0.4310 -0.2516 0.8666
vn -0.5526 0.7074 0.4407
vn -0.5447 0.7454 0.3843
vn 0.6859 0.6855 0.2440
vn -0.6143 -0.7169 -0.3296
vn 0.6173 -0.7214 -0.3141
vn 0.0060 -0.9269 -0.3752
vn -0.0000 -0.9241 -0.3822
vn 0.0004 -0.9242 -0.3820
vn -0.0001 -0.9241 -0.3821
vn 0.0025 -0.9265 -0.3763
vn -0.5941 0.5489 0.5881
vn 0.2408 0.0407 0.9697
vn -0.5997 0.5560 0.5755
vn 0.1157 -0.2491 0.9616
vn 0.2410 0.0113 0.9705
vn -0.6005 -0.5577 0.5731
vn 0.1267 0.2084 0.9698
vn -0.1652 0.2769 0.9466
vn -0.5253 -0.6196 0.5832
vn -0.3298 -0.2690 0.9049
vn -0.1784 -0.2524 0.9510
vn -0.3406 -0.0235 0.9399
vn -0.1821 -0.2228 0.9577
vn 0.1280 0.2245 0.9660
vn 0.1160 -0.2692 0.9561
vn -0.1614 0.3069 0.9379
vn -0.2799 0.3270 0.9026
vn -0.3414 -0.0251 0.9396
vn 0.2485 -0.0241 -0.9683
vn -0.5186 0.6307 -0.5773
vn -0.3427 0.0259 -0.9391
vn 0.3343 0.5592 -0.7587
vn 0.1277 -0.2322 -0.9642
vn -0.1614 -0.3069 -0.9379
vn -0.3337 0.2712 -0.9028
vn -0.1777 0.2592 -0.9493
vn 0.1159 0.2753 -0.9544
vn -0.5980 -0.5546 -0.5787
vn 0.2479 -0.3659 -0.8970
vn -0.3417 0.0257 -0.9394
vn -0.9066 -0.2984 -0.2985
vn -0.1600 -0.3190 -0.9341
vn -0.1784 0.2524 -0.9510
vn 0.1159 0.2692 -0.9561
vn 0.2495 -0.0319 -0.9679
vn 0.1280 -0.2245 -0.9660
vn -0.2816 -0.3281 -0.9017
vn 0.4391 0.6468 0.6236
vn 0.2489 -0.8007 0.5449
vn 0.0273 0.5470 -0.8367
vn 0.7798 0.6254 0.0278
vn -0.8407 -0.3442 -0.4180
vn -0.8347 -0.3419 -0.4317
vn -0.4197 -0.4030 -0.8133
vn -0.4342 0.2625 -0.8617
vn -0.8598 0.2728 -0.4317
vn -0.4470 0.2463 -0.8599
vn -0.0251 -0.6197 -0.7845
vn -0.4014 -0.3669 -0.8392
vn 0.8400 -0.5418 -0.0294
vn 0.4485 0.2462 0.8592
vn 0.4443 0.2459 0.8615
vn 0.4229 -0.3648 0.8295
vn 0.8598 0.2728 0.4317
vn 0.4026 -0.3669 0.8386
vn 0.8407 -0.3442 0.4180
vn 0.8031 0.3970 0.4442
vn 0.8690 -0.2628 0.4192
vn 0.1565 -0.6317 0.7593
vn -0.9070 0.2811 -0.3136
vn -0.5140 -0.5974 -0.6156
vn -0.5928 0.5739 -0.5650
vn 0.5055 0.5794 -0.6394
vn 0.5800 -0.6286 -0.5181
vn 0.2609 0.6853 0.6799
vn 0.5221 0.6146 -0.5913
vn 0.5887 -0.5881 -0.5546
vn -0.5100 -0.5713 -0.6431
vn -0.5831 0.6014 -0.5461
vn -0.2029 0.5400 0.8168
vn -0.2055 -0.3564 0.9114
vn -0.9776 0.2086 0.0283
vn -0.4559 -0.7600 0.4632
vn -0.4562 0.8045 0.3802
vn -0.9543 -0.2361 0.1834
vn -0.7699 0.6045 -0.2046
vn -0.9544 0.2922 -0.0612
vn -0.9830 0.1756 -0.0542
vn -0.5282 0.5295 0.6638
vn -0.8831 0.1196 0.4536
vn -0.9483 -0.2963 -0.1139
vn -0.4945 -0.5943 0.6342
vn -0.9280 -0.2837 0.2415
vn -0.7710 -0.6036 -0.2029
vn -0.8573 0.0320 0.5138
vn -0.3105 -0.8733 0.3754
vn -0.9502 0.3111 0.0174
vn -0.3148 0.8714 0.3763
vn -0.8082 0.2553 -0.5308
vn -0.4617 0.2487 -0.8515
vn -0.6819 0.4025 -0.6107
vn -0.7903 0.5842 -0.1849
vn -0.8598 -0.3165 -0.4008
vn -0.1558 -0.1006 -0.9827
vn -0.8548 -0.2433 -0.4583
vn -0.8885 0.0239 -0.4582
vn -0.7672 0.3714 -0.5230
vn -0.5515 -0.3237 -0.7688
vn -0.6917 -0.2339 -0.6832
vn -0.8816 0.2857 -0.3757
vn -0.8160 -0.2670 -0.5128
vn -0.9740 -0.2252 0.0236
vn -0.0435 -0.0637 -0.9970
vn -0.5152 0.2003 -0.8334
vn -0.8046 -0.5580 -0.2033
vn -0.1831 -0.2229 -0.9575
vn -0.3549 -0.0553 0.9333
vn -0.0241 0.2670 0.9634
vn -0.1955 0.2717 -0.9423
vn 0.3372 0.0472 -0.9402
vn 0.2082 -0.2423 0.9476
vn -0.2604 -0.4092 0.8745
vn -0.3784 0.0767 -0.9225
vn -0.1665 0.2695 0.9485
vn 0.2456 0.2304 -0.9416
vn 0.3814 -0.0293 0.9240
vn 0.0121 0.4091 -0.9124
vn 0.1671 0.3130 0.9349
vn 0.1630 0.2894 0.9432
vn 0.1444 -0.2820 0.9485
vn -0.5888 -0.5768 0.5662
vn -0.4639 -0.0336 0.8853
vn -0.0914 -0.2872 0.9535
vn -0.3344 0.2845 0.8984
vn 0.2711 0.1578 0.9495
vn -0.7543 0.2708 0.5981
vn -0.1668 -0.1194 0.9787
vn -0.2190 0.8510 0.4773
vn 0.3110 -0.2532 0.9161
vn -0.3461 -0.1504 0.9261
vn -0.2379 0.1680 0.9566
vn 0.2862 0.2031 0.9364
vn -0.0032 -0.2861 0.9582
vn 0.1935 0.3722 0.9077
vn -0.3666 0.0445 0.9293
vn 0.1793 -0.2744 0.9448
vn 0.4873 0.5895 -0.6442
vn -0.5759 0.6330 0.5173
vn -0.0542 0.7064 -0.7058
vn -0.2180 -0.4877 -0.8454
vn -0.3428 0.1743 0.9231
vn 0.3003 0.1649 0.9395
vn -0.0379 0.3467 0.9372
vn 0.3692 -0.1636 0.9148
vn -0.2523 0.1740 0.9519
vn -0.2628 -0.2500 0.9319
vn 0.0194 -0.2478 0.9686
vn -0.2170 -0.2023 0.9550
vn -0.5870 -0.5708 0.5741
vn -0.1905 -0.2341 0.9534
vn -0.1503 0.1897 0.9703
vn 0.3651 -0.0324 0.9304
vn -0.2079 -0.1854 0.9604
vn 0.2674 -0.2264 0.9366
vn 0.3106 0.2532 0.9162
vn -0.0243 0.3813 0.9242
vn 0.2740 -0.0995 0.9566
vn -0.4971 -0.7972 0.3426
vn -0.4903 -0.8040 0.3364
vn -0.2451 -0.2295 -0.9419
vn -0.1640 0.3655 -0.9163
vn 0.2921 -0.0569 -0.9547
vn -0.1724 -0.2736 -0.9463
vn -0.1904 0.3751 -0.9072
vn 0.3679 0.0442 -0.9288
vn -0.3697 -0.2163 -0.9036
vn 0.2648 -0.2414 -0.9336
vn 0.5215 0.3640 -0.7717
vn -0.5902 -0.5585 -0.5829
vn -0.5871 0.6171 -0.5240
vn 0.4858 -0.5914 -0.6436
vn 0.0025 0.7047 -0.7095
vn 0.3127 0.0981 -0.9448
vn 0.4907 0.5963 -0.6353
vn -0.0388 -0.3494 -0.9362
vn -0.2142 0.1380 -0.9670
vn -0.2048 0.3181 -0.9257
vn -0.1503 -0.3108 -0.9385
vn 0.3736 0.0773 -0.9244
vn 0.7698 0.6052 0.2030
vn -0.4444 0.8046 0.3938
vn 0.2565 -0.0324 -0.9660
vn -0.1193 -0.3343 -0.9349
vn -0.2260 0.2786 -0.9334
vn -0.0194 -0.2478 -0.9686
vn -0.3014 0.1660 -0.9389
vn 0.2523 0.1740 -0.9519
vn 0.5626 -0.2953 -0.7722
vn -0.1963 0.1819 -0.9635
vn 0.3503 0.2159 -0.9114
vn -0.0175 0.7969 0.6039
vn 0.1976 0.9682 -0.1537
vn 0.0026 0.9587 0.2845
vn -0.4986 0.8630 -0.0813
vn 0.2216 0.9466 -0.2343
vn -0.8975 0.4015 -0.1826
vn -0.7396 -0.2549 -0.6229
vn -0.1718 -0.8244 -0.5392
vn -0.7393 0.2700 -0.6169
vn -0.3053 -0.9324 -0.1934
vn -0.2646 -0.9635 -0.0403
vn 0.1618 -0.9271 0.3380
vn 0.2622 -0.9516 -0.1601
vn 0.1839 -0.9596 -0.2128
vn -0.0231 -0.9622 0.2713
vn 0.2987 -0.3418 -0.8911
vn 0.4898 -0.5924 -0.6396
vn -0.0498 -0.4222 -0.9052
vn 0.3437 0.0508 -0.9377
vn -0.2888 0.1656 -0.9430
vn -0.3585 -0.3157 -0.8785
vn 0.3907 0.2118 -0.8958
vn -0.2526 0.3243 -0.9116
vn 0.8096 -0.2995 -0.5049
vn 0.7855 0.3134 -0.5336
vn 0.9169 -0.2467 0.3139
vn 0.7153 -0.6987 0.0139
vn 0.7743 0.1627 -0.6115
vn 0.9891 0.1244 -0.0787
vn 0.9213 -0.2822 -0.2676
vn 0.7966 0.1624 -0.5823
vn 0.9134 -0.2866 -0.2891
vn 0.9910 0.1195 -0.0598
vn -0.2335 0.5469 0.8040
vn -0.2131 -0.5475 0.8092
vn 0.8218 0.2647 0.5045
vn 0.3997 0.3185 0.8595
vn 0.9043 0.0320 0.4257
vn 0.5622 0.2484 0.7888
vn 0.7927 -0.3161 0.5213
vn 0.5113 -0.2681 0.8165
vn 0.3591 0.3028 0.8828
vn 0.3885 -0.2876 0.8754
vn 0.8755 0.1680 0.4531
vn 0.7099 -0.2411 0.6618
vn 0.7407 -0.3501 0.5734
vn 0.5037 0.2063 0.8389
vn 0.5571 -0.2452 0.7934
vn 0.8082 0.3489 0.4744
vn 0.3989 0.0706 0.9143
vn -0.6295 -0.6404 -0.4400
vn 0.7470 -0.5911 -0.3044
vn -0.6704 -0.7376 0.0811
vn 0.6449 -0.7632 -0.0405
vn 0.7493 0.6537 -0.1065
vn 0.7357 0.6559 -0.1692
vn 0.8987 -0.0104 -0.4385
vn -0.8655 -0.0522 -0.4981
vn 0.9653 -0.0330 -0.2589
vn 0.8902 -0.3008 -0.3420
vn -0.8872 -0.2794 -0.3672
vn 0.8720 -0.4760 -0.1145
vn -0.9188 -0.3647 0.1508
vn 0.9497 -0.2891 0.1203
vn -0.7020 -0.6995 0.1340
vn 0.9253 -0.3608 0.1166
vn -0.9077 -0.3506 0.2305
vn 0.9667 -0.2013 0.1578
vn 0.8023 0.0378 0.5957
vn -0.7461 0.3204 0.5836
vn 0.9403 0.1028 0.3245
vn 0.9756 0.2038 0.0821
vn -0.9148 0.2166 0.3410
vn 0.9653 0.1457 0.2166
vn 0.8432 0.3576 -0.4013
vn -0.9590 0.2394 -0.1515
vn -0.8524 0.5225 0.0206
vn 0.7051 0.4392 -0.5567
vn -0.8032 0.0805 -0.5903
vn 0.9358 -0.0147 -0.3522
vn -0.8202 0.2143 -0.5305
vn -0.2744 -0.9302 -0.2437
vn -0.7826 -0.1091 0.6129
vn -0.2414 -0.4965 0.8338
vn -0.6632 -0.3301 0.6717
vn -0.9355 0.3143 0.1613
vn -0.9552 0.0729 0.2869
vn -0.8708 -0.2541 0.4209
vn -0.9394 -0.3357 -0.0699
vn -0.9083 0.2682 -0.3211
vn -0.8441 -0.2682 -0.4643
vn -0.9877 -0.1498 -0.0458
vn -0.9479 0.0505 0.3146
vn -0.6909 0.6515 -0.3133
vn -0.9343 -0.2182 -0.2821
vn -0.9373 0.3467 -0.0361
vn -0.8688 0.4859 -0.0950
vn -0.8879 0.1917 0.4181
vn -0.9287 -0.3441 -0.1383
vn -0.7769 0.3318 0.5351
vn -0.8939 -0.0538 0.4450
vn -0.9323 -0.3569 0.0588
vn -0.7434 0.6476 -0.1674
vn -0.9010 0.2138 0.3774
vn -0.6688 -0.0012 0.7434
vn -0.8825 0.2856 -0.3736
vn -0.6899 0.6564 0.3052
vn -0.8685 0.3148 -0.3828
vn -0.6603 -0.5191 -0.5427
vn -0.9795 0.2012 -0.0052
vn -0.9110 0.3453 -0.2256
vn -0.2879 -0.9354 0.2054
vn -0.6227 -0.5746 0.5311
vn -0.5518 0.5897 0.5897
vn -0.8670 0.3140 0.3869
vn -0.6710 0.4078 0.6193
vn -0.9781 0.0968 -0.1844
vn -0.9769 0.1514 0.1508
vn 0.6688 -0.6655 -0.3314
vn -0.5327 -0.4579 -0.7117
vn 0.6579 -0.4414 -0.6102
vn -0.6388 -0.2408 -0.7307
vn -0.5759 -0.7986 0.1749
vn 0.8689 0.3179 -0.3794
vn 0.6682 0.6645 -0.3346
vn 0.5738 0.3932 -0.7184
vn -0.5296 0.4666 -0.7084
vn 0.2675 0.6209 -0.7368
vn 0.1718 0.7114 -0.6815
vn 0.1896 0.5823 -0.7905
vn -0.1819 0.5635 -0.8059
vn 0.6760 0.1559 -0.7203
vn 0.2774 -0.7323 -0.6219
vn 0.2604 0.1918 -0.9463
vn 0.6680 -0.1156 -0.7351
vn 0.1522 -0.5718 -0.8061
vn 0.1901 -0.7088 -0.6794
vn 0.6045 -0.4188 -0.6777
vn -0.4628 -0.6043 -0.6485
vn 0.6585 0.4388 -0.6114
vn -0.2033 -0.5734 -0.7937
vn -0.1907 0.5700 0.7992
vn 0.6521 0.0056 0.7581
vn 0.1711 0.5608 0.8100
vn 0.6570 0.4344 0.6161
vn -0.5178 0.4677 0.7163
vn 0.6703 0.6614 0.3364
vn 0.5561 0.4286 0.7121
vn 0.1852 -0.5753 0.7967
vn -0.1683 -0.5643 0.8082
vn 0.5368 -0.4473 0.7154
vn -0.5651 -0.8040 -0.1850
vn -0.6274 -0.2001 0.7525
vn 0.6678 -0.6645 0.3353
vn -0.5264 -0.4742 0.7057
vn 0.6568 -0.4275 0.6211
vn 0.8653 -0.3269 0.3799
vn 0.7945 0.4330 0.4258
vn 0.6123 0.6455 0.4565
vn 0.8280 -0.1060 -0.5507
vn 0.1610 -0.9079 -0.3870
vn 0.0454 -0.9669 -0.2512
vn 0.7921 -0.3903 -0.4693
vn -0.1392 -0.9119 -0.3861
vn 0.7825 -0.6166 -0.0866
vn 0.0710 0.0235 -0.9972
vn -0.4403 0.0280 -0.8974
vn 0.7695 -0.0017 -0.6387
vn 0.7945 0.1245 -0.5944
vn 0.7737 0.3558 -0.5243
vn -0.1244 0.9045 -0.4079
vn 0.7619 0.5930 -0.2603
vn -0.4531 0.0228 -0.8912
vn 0.2248 0.8901 -0.3965
vn 0.0244 0.9806 -0.1946
vn 0.2167 0.9214 0.3226
vn 0.0341 0.9668 0.2533
vn 0.4936 0.0233 0.8694
vn -0.4431 -0.0069 0.8965
vn 0.7931 0.0024 0.6091
vn -0.2187 0.9513 0.2172
vn -0.4564 -0.0464 0.8886
vn 0.7717 -0.3976 0.4964
vn 0.4436 0.0983 0.8908
vn 0.1642 -0.9289 0.3321
vn -0.1404 -0.9055 0.4005
vn 0.7503 -0.6136 0.2460
vn 0.0439 -0.9938 0.1020
vn 0.7716 0.6319 0.0727
vn 0.0589 0.0461 0.9972
vn -0.2276 -0.3673 -0.9018
vn 0.8692 -0.3186 -0.3781
vn -0.2077 0.2939 -0.9330
vn 0.5632 -0.5979 -0.5703
vn 0.3375 0.0605 -0.9394
vn -0.5469 -0.5941 -0.5899
vn -0.0794 0.2840 -0.9555
vn -0.2247 0.2518 -0.9413
vn 0.4497 -0.1048 -0.8870
vn -0.1123 -0.3695 -0.9224
vn 0.3331 -0.0198 -0.9427
vn -0.1837 -0.3415 -0.9218
vn -0.3725 0.0559 0.9263
vn 0.5493 -0.5835 0.5982
vn 0.2435 0.2948 0.9240
vn 0.0192 0.2825 0.9591
vn 0.3085 -0.2013 0.9297
vn -0.1982 0.4201 0.8855
vn 0.1070 -0.4149 0.9035
vn 0.3476 -0.0972 0.9326
vn -0.2083 -0.2877 0.9348
vn -0.1025 0.3221 0.9411
vn -0.5696 -0.5958 0.5662
vn 0.5582 0.6816 0.4731
vn -0.2847 -0.2199 0.9330
vn 0.1631 -0.4826 0.8605
vn -0.4219 -0.1744 0.8897
vn 0.1646 0.3159 -0.9344
vn -0.2707 0.0254 -0.9623
vn 0.1921 0.3546 -0.9151
vn 0.2133 -0.3028 -0.9289
vn 0.2061 -0.2639 -0.9423
vn -0.5639 0.5983 -0.5693
vn -0.3112 0.0314 -0.9498
vn 0.5547 0.5889 -0.5878
vn -0.3902 0.1309 0.9114
vn 0.8659 0.3219 0.3829
vn -0.0289 -0.3620 0.9317
vn 0.1235 0.4298 0.8944
vn -0.2424 0.2106 0.9470
vn 0.4512 -0.1325 0.8825
vn 0.2713 0.2541 0.9284
vn 0.1939 0.3719 0.9078
vn 0.0288 -0.3385 0.9405
vn 0.5597 0.5921 0.5798
vn -0.3425 0.3078 0.8877
vn -0.1346 -0.4521 0.8817
vn 0.3588 -0.4162 -0.8355
vn 0.5718 -0.4979 0.6520
vn -0.4976 -0.1177 -0.8594
vn -0.9221 -0.1931 -0.3352
vn -0.8697 -0.4557 -0.1897
vn -0.5150 -0.8403 -0.1692
vn -0.5122 -0.6234 0.5907
vn -0.8230 -0.0268 0.5674
vn -0.5191 0.2808 0.8073
vn -0.9433 0.2804 0.1776
vn -0.5463 0.8194 0.1737
vn -0.8401 0.4805 -0.2518
vn -0.5128 0.6461 -0.5653
vn -0.2260 0.9521 -0.2059
vn 0.4643 0.1211 -0.8774
vn -0.1257 0.9605 0.2482
vn 0.3430 -0.0245 0.9390
vn 0.3135 -0.3190 -0.8944
vn 0.6696 0.0294 -0.7422
vn 0.4844 -0.6170 -0.6202
vn 0.3769 -0.8908 -0.2537
vn 0.6802 -0.6303 0.3742
vn 0.4887 -0.8596 0.1493
vn 0.5467 -0.5787 0.6051
vn 0.6433 -0.1785 0.7445
vn 0.4287 0.0693 0.9008
vn 0.6572 0.4533 0.6022
vn 0.6623 0.6436 0.3835
vn 0.6273 0.5238 -0.5763
vn 0.4152 0.8598 -0.2973
vn 0.3071 0.2624 -0.9148
vn -0.2723 0.5750 -0.7716
vn 0.9402 -0.1439 0.3087
vn 0.8842 0.4671 -0.0031
vn 0.9788 -0.0230 0.2033
vn 0.9952 -0.0712 -0.0678
vn 0.9475 0.1741 0.2683
vn 0.6194 -0.7085 0.3382
vn 0.9817 0.1410 -0.1278
vn 0.8594 -0.2647 0.4374
vn 0.9880 -0.1349 0.0757
vn 0.9316 0.3346 0.1419
vn 0.4558 0.5158 -0.7254
vn 0.7493 -0.6229 -0.2247
vn 0.7316 0.4675 0.4961
vn 0.6717 0.4447 -0.5925
vn 0.9703 -0.2199 0.1009
vn 0.8797 -0.2843 0.3812
vn 0.7796 0.6187 -0.0974
vn 0.7406 0.6520 0.1622
vn 0.6495 -0.1708 -0.7410
vn 0.5458 0.8130 0.2028
vn 0.5863 -0.5008 -0.6368
vn 0.4142 -0.3724 0.8305
vn 0.1962 -0.9806 -0.0042
vn 0.3590 -0.1125 -0.9265
vn 0.5443 0.0095 0.8388
vn 0.9684 0.2013 -0.1470
vn 0.9851 0.0233 0.1706
vn 0.9561 -0.2913 -0.0330
vn 0.9568 0.2514 0.1461
vn 0.9805 -0.1594 -0.1146
vn 0.4858 -0.7958 -0.3616
vn -0.6099 -0.7782 -0.1498
vn -0.7885 -0.5772 0.2124
vn 0.6400 -0.3977 -0.6575
vn -0.6381 -0.0598 -0.7676
vn 0.6203 0.2589 -0.7404
vn -0.6050 0.6505 -0.4592
vn -0.7702 0.5777 0.2702
vn 0.4793 0.8271 -0.2936
vn 0.6585 0.7373 -0.1512
vn -0.7179 0.6864 -0.1160
vn 0.7303 -0.6711 -0.1276
vn 0.9753 0.1905 -0.1123
vn 0.9715 -0.1718 -0.1636
vn 0.6726 0.6948 -0.2547
vn 0.1854 0.1243 0.9748
vn 0.9319 -0.2268 0.2831
vn 0.7049 -0.6735 -0.2224
vn -0.6622 -0.6267 -0.4109
vn 0.1565 -0.8678 0.4716
vn 0.9857 0.1369 0.0983
vn 0.9514 -0.1087 -0.2880
vn 0.1763 0.8367 0.5185
vn -0.7253 0.6107 -0.3177
vn 0.1765 0.1084 -0.9783
vn 0.9380 0.0888 -0.3352
vn -0.6641 0.3003 0.6847
vn -0.9300 -0.2403 -0.2782
vn -0.9151 0.3847 -0.1209
vn -0.9110 -0.0347 0.4110
vn -0.9412 -0.2464 0.2312
vn -0.9045 -0.2460 0.3483
vn -0.9147 -0.2531 -0.3150
vn -0.9331 0.3195 0.1651
vn -0.2867 -0.3260 0.9008
vn -0.1765 0.5437 0.8205
vn -0.3306 -0.4043 -0.8528
vn -0.3064 0.4072 -0.8604
vn 0.2245 0.1673 -0.9600
vn 0.8569 0.0151 -0.5153
vn 0.6725 0.0790 -0.7358
vn 0.5400 -0.4839 0.6886
vn 0.4923 0.0926 -0.8655
vn 0.6364 -0.3589 0.6828
vn 0.5736 0.8172 0.0567
vn 0.6126 -0.7888 0.0496
vn 0.6350 0.7448 0.2048
vn 0.4423 -0.2277 0.8675
vn 0.7387 -0.5847 -0.3355
vn 0.7329 -0.2735 -0.6229
vn 0.6312 0.6678 -0.3944
vn 0.4281 -0.8240 -0.3712
vn -0.6579 0.7510 -0.0552
vn -0.7034 -0.6946 0.1507
vn -0.5427 0.6289 0.5567
vn 0.7835 0.1939 0.5904
vn -0.3294 -0.7027 0.6307
vn -0.0233 0.7893 0.6135
vn 0.7235 -0.3907 0.5692
vn -0.7621 -0.2926 0.5776
vn -0.4813 0.7912 -0.3773
vn -0.9023 0.0807 -0.4235
vn -0.9929 -0.1191 -0.0025
vn -0.9088 -0.0418 -0.4151
vn -0.9751 -0.1971 -0.1015
vn -0.3445 -0.1790 0.9216
vn -0.6769 0.7327 0.0711
vn -0.6684 0.1882 -0.7196
vn -0.6289 0.7734 -0.0797
vn -0.6194 0.2021 0.7586
vn -0.9529 -0.1015 0.2856
vn -0.9522 0.0484 0.3015
vn -0.9824 -0.0495 0.1803
vn -0.7506 0.4723 0.4621
vn -0.7869 0.5239 0.3261
vn -0.0240 0.9827 -0.1839
vn -0.5862 0.7154 -0.3803
vn -0.8657 -0.5006 -0.0075
vn -0.2098 0.9593 -0.1891
vn -0.9454 0.1068 -0.3081
vn -0.2228 0.9309 -0.2895
vn -0.9043 0.1234 0.4086
vn -0.8664 -0.3937 -0.3072
vn -0.6565 0.2791 0.7008
vn -0.8475 0.3523 -0.3969
vn -0.6928 0.6967 -0.1864
vn -0.9999 -0.0076 -0.0102
vn -0.9810 0.1295 0.1443
vn -0.5811 -0.5416 0.6074
vn -0.6054 0.1520 0.7812
vn -0.5804 -0.6810 -0.4465
vn -0.6377 0.5315 0.5576
vn -0.6653 0.6081 0.4331
vn -0.5955 -0.6839 -0.4216
vn -0.6108 0.2894 -0.7370
vn -0.8218 0.2385 0.5175
vn -0.8687 -0.3333 0.3666
vn -0.5926 0.7050 -0.3896
vn -0.5970 -0.7994 0.0678
vn -0.5891 -0.1709 -0.7898
vn -0.5889 -0.2772 -0.7592
vn -0.6021 0.7970 0.0474
vn -0.8057 0.1383 -0.5759
vn -0.5846 0.0467 0.8100
vn -0.6447 -0.7039 0.2980
vn -0.6686 -0.7243 -0.1685
vn -0.8664 -0.4980 0.0368
vn -0.6507 -0.5205 -0.5529
vn -0.2031 -0.0765 -0.9762
vn 0.3619 0.7634 0.5350
vn -0.9435 0.1527 0.2940
vn 0.2353 0.5211 -0.8204
vn -0.9075 0.1853 -0.3770
vn -0.9685 -0.2472 0.0313
vn 0.3884 -0.8115 -0.4366
vn 0.1575 0.2301 0.9603
vn -0.8992 0.3722 0.2299
vn 0.2986 0.8966 -0.3269
vn -0.9032 0.0036 -0.4292
vn 0.2308 -0.9729 -0.0118
vn -0.8890 -0.4416 0.1212
vn 0.2136 0.7209 0.6593
vn 0.2146 0.2330 -0.9485
vn 0.1926 -0.9503 0.2445
vn -0.2673 -0.6859 -0.6768
vn -0.2795 -0.3053 0.9103
vn -0.7341 -0.4350 0.5214
vn -0.7351 -0.0943 0.6714
vn -0.2249 -0.6256 0.7470
vn -0.7627 0.6315 -0.1400
vn -0.5671 0.7959 0.2120
vn -0.5741 -0.4012 -0.7137
vn -0.0554 -0.1090 -0.9925
vn -0.1870 0.2542 -0.9489
vn -0.7347 -0.4041 -0.5449
vn -0.2629 -0.5044 -0.8224
vn -0.7266 0.6550 0.2073
vn -0.7228 0.4896 0.4877
vn -0.7098 0.2195 0.6693
vn -0.7191 -0.6655 0.1999
vn -0.7656 -0.6346 -0.1055
vn -0.6382 -0.6615 -0.3938
vn -0.7189 -0.1454 -0.6798
vn -0.6657 0.4644 0.5841
vn -0.5897 -0.2534 0.7668
vn -0.8514 -0.2854 -0.4400
vn -0.8692 -0.2945 0.3972
vn -0.5538 -0.5913 -0.5862
vn -0.8706 0.2898 -0.3976
vn -0.6890 0.0382 0.7238
vn -0.6003 -0.7200 0.3483
vn -0.8468 0.2929 0.4440
vn -0.5512 0.5876 0.5924
vn -0.6834 0.6034 -0.4108
vn -0.6729 -0.4856 -0.5581
vn -0.7001 -0.1106 -0.7054
vn -0.6883 0.2973 -0.6617
vn 0.3214 -0.8709 -0.3718
vn 0.3400 0.8844 0.3197
vn -0.3633 0.3821 -0.8497
vn -0.2170 0.7880 -0.5761
vn 0.1631 0.7715 -0.6150
vn 0.6898 0.5902 -0.4193
vn 0.4674 0.5001 -0.7290
vn 0.7935 0.1274 -0.5951
vn 0.6880 0.1833 -0.7021
vn 0.4920 -0.1417 -0.8590
vn 0.7493 -0.2350 -0.6191
vn 0.6757 -0.3941 -0.6230
vn -0.1637 -0.8044 -0.5711
vn 0.6294 -0.6724 -0.3896
vn -0.6135 -0.6587 -0.4356
vn 0.6546 0.7239 -0.2177
vn 0.5659 -0.7580 0.3243
vn 0.4818 -0.0234 0.8759
vn 0.6590 0.2827 0.6970
vn 0.6247 0.6302 0.4610
vn 0.6614 0.7332 0.1580
vn 0.6917 -0.7019 -0.1697
vn 0.5069 -0.8528 0.1257
vn 0.5503 -0.2158 0.8066
vn 0.3011 -0.0991 0.9484
vn 0.2859 -0.9098 0.3008
vn -0.2399 -0.2466 0.9389
vn 0.5497 -0.5846 0.5967
vn -0.0984 0.3616 0.9271
vn -0.5570 -0.5936 0.5809
vn 0.2837 -0.1601 -0.9455
vn -0.2545 -0.1584 -0.9540
vn 0.0206 0.3752 -0.9267
vn 0.5636 -0.5969 -0.5711
vn 0.2906 0.3398 0.8945
vn 0.5598 0.5934 0.5784
vn -0.2655 -0.3707 0.8900
vn 0.2352 -0.3532 0.9055
vn -0.3861 0.3088 0.8692
vn 0.3190 -0.1522 -0.9355
vn 0.0051 0.4393 -0.8983
vn 0.3662 0.8603 -0.3546
vn -0.2831 -0.1486 -0.9475
vn 0.5554 0.5894 -0.5867
vn -0.5631 0.5975 -0.5709
vn -0.9758 -0.2185 -0.0080
vn -0.9770 0.1997 0.0743
vn 0.9959 0.0012 0.0908
vn 0.5737 -0.8181 0.0404
vn 0.7250 0.6843 -0.0786
vn 0.1668 -0.8082 -0.5648
vn 0.5544 0.1929 0.8096
vn 0.5069 0.8007 0.3193
vn 0.8943 0.2379 0.3790
vn 0.5089 0.5487 -0.6633
vn 0.8367 0.5099 -0.1997
vn 0.9215 0.1384 -0.3629
vn 0.4484 -0.3833 -0.8075
vn 0.8475 -0.2805 -0.4506
vn 0.5219 -0.8243 -0.2194
vn 0.8230 -0.5354 -0.1901
vn 0.5481 -0.5304 0.6467
vn 0.7715 -0.5666 -0.2895
vn 0.8123 0.0146 0.5830
vn -0.6285 0.2937 -0.7202
vn -0.5947 0.6505 -0.4725
vn -0.6330 0.7249 -0.2717
vn -0.6777 -0.6272 -0.3838
vn -0.9684 -0.2098 0.1349
vn -0.9990 -0.0445 0.0006
vn -0.2990 0.8226 0.4836
vn 0.6731 0.6488 -0.3550
vn -0.8642 0.0902 0.4950
vn -0.6204 -0.4468 -0.6446
vn -0.3630 -0.1163 0.9245
vn -0.1932 -0.9098 0.3674
vn -0.9534 0.1900 0.2344
vn -0.9383 -0.1054 -0.3294
vn 0.0984 -0.8355 -0.5406
vn -0.7964 0.0548 -0.6023
vn 0.7345 0.6307 -0.2504
vn 0.6418 0.5276 -0.5566
vn 0.5984 -0.1049 -0.7943
vn 0.7287 -0.6419 -0.2388
vn 0.6724 -0.7399 -0.0230
vn 0.9872 0.1259 -0.0981
vn 0.3157 -0.2986 0.9007
vn 0.9239 -0.3517 0.1506
vn 0.9237 0.1732 -0.3416
vn 0.7640 -0.1235 0.6333
vn -0.4018 0.3269 -0.8554
vn -0.8550 0.0618 -0.5149
vn 0.9582 -0.2859 0.0135
vn 0.9407 0.2291 -0.2504
vn 0.9687 0.1887 -0.1613
vn 0.9715 -0.2345 0.0334
vn 0.9563 -0.2473 -0.1559
vn 0.9685 0.1146 0.2209
vn 0.9662 0.0974 0.2388
vn 0.9475 0.1211 0.2958
vn 0.9668 -0.0316 -0.2535
vn 0.8762 -0.4471 0.1800
vn 0.8568 -0.0669 0.5113
vn -0.6146 -0.0426 -0.7877
vn -0.6017 -0.7792 -0.1754
vn -0.6007 -0.6707 0.4351
vn -0.6077 0.2293 0.7604
vn 0.5867 -0.0364 -0.8090
vn 0.5873 -0.4590 0.6667
vn -0.1605 -0.9624 -0.2191
vn -0.2045 -0.8988 -0.3877
vn -0.2296 -0.7868 -0.5729
vn -0.2015 -0.6349 -0.7458
vn -0.2360 -0.3872 -0.8913
vn -0.5103 0.6688 -0.5407
vn -0.1797 0.9573 -0.2267
vn -0.3063 0.6570 -0.6889
vn -0.4290 0.6908 -0.5820
vn 0.0797 0.3585 -0.9301
vn 0.1522 -0.0725 -0.9857
vn -0.3405 -0.3173 -0.8851
vn -0.9989 -0.0465 -0.0103
vn -0.9886 0.1429 -0.0483
vn -0.5905 0.6647 -0.4576
vn -0.1847 0.9790 -0.0859
vn -0.2962 0.9434 -0.1495
vn -0.2822 0.9582 -0.0470
vn -0.4887 0.8075 -0.3304
vn -0.8644 0.4985 -0.0655
vn -0.9322 0.3566 -0.0618
vn 0.0139 0.2087 -0.9779
vn -0.0036 -0.0076 -1.0000
vn -0.1953 0.1661 -0.9666
vn -0.5675 0.5160 -0.6416
vn -0.1880 -0.5335 -0.8247
vn -0.8974 -0.3061 -0.3178
vn -0.9130 0.3793 -0.1505
vn -0.5071 0.4783 -0.7169
vn -0.7522 0.6343 -0.1786
vn -0.1032 -0.5890 -0.8015
vn -0.8683 -0.4417 -0.2257
vn -0.2598 0.1552 -0.9531
vn 0.2109 -0.2426 -0.9469
vn -0.5039 -0.6633 -0.5533
vn -0.9177 -0.2900 -0.2715
vn -0.7376 -0.0341 -0.6744
vn -0.6963 0.1124 -0.7089
vn -0.7136 0.2677 -0.6474
vn -0.6886 0.4234 -0.5886
vn -0.3502 0.8096 -0.4711
vn -0.8206 0.5543 -0.1390
vn -0.2246 0.5542 -0.8015
vn -0.2231 0.7568 -0.6144
vn -0.4248 0.8876 -0.1779
vn -0.1933 0.8928 -0.4068
vn -0.3169 0.9004 -0.2982
vn -0.2508 0.3638 -0.8971
vn -0.8386 0.2825 -0.4659
vn -0.2958 0.9549 0.0244
vn -0.4071 0.9126 0.0375
vn -0.8299 0.5532 -0.0725
vn 0.0188 0.5768 -0.8167
vn -0.5654 0.1036 -0.8183
vn -0.2864 -0.8124 -0.5080
vn -0.6936 -0.1830 -0.6967
vn -0.9505 0.2728 0.1486
vn -0.8377 0.1323 -0.5299
vn -0.9145 -0.3875 -0.1161
vn 0.0747 -0.2090 -0.9751
vn 0.5345 0.0942 -0.8399
vn -0.1959 0.6948 -0.6920
vn -0.6734 0.6717 -0.3088
vn -0.6565 0.6661 0.3541
vn -0.7377 -0.3636 -0.5689
vn -0.0673 0.7108 0.7002
vn -0.8393 -0.3727 0.3958
vn -0.7583 0.6463 0.0855
vn -0.7622 0.4167 0.4954
vn -0.4284 -0.2879 0.8565
vn -0.8993 0.4368 0.0220
vn -0.9982 0.0058 -0.0590
vn -0.8182 -0.0415 0.5735
vn -0.8383 -0.5399 -0.0757
vn -0.9564 0.0174 0.2914
vn -0.8146 -0.4040 -0.4161
vn -0.9726 0.0915 0.2137
vn -0.2591 -0.9630 -0.0738
vn -0.2597 0.2303 -0.9378
vn -0.6332 0.7147 0.2971
vn -0.0926 -0.5627 -0.8215
vn -0.1008 0.5953 -0.7971
vn -0.8277 -0.5610 -0.0138
vn -0.8897 0.4566 -0.0012
vn -0.7411 0.4905 0.4585
vn -0.5918 0.7967 0.1227
vn -0.9415 0.0990 -0.3221
vn -0.5997 -0.6460 -0.4722
vn -0.6137 -0.3149 -0.7240
vn -0.5138 -0.4019 -0.7579
vn -0.3331 -0.3498 -0.8756
vn -1.0000 -0.0000 -0.0000
vn -0.8576 0.3681 -0.3592
vn -0.2688 0.6697 -0.6923
vn -0.7903 0.5344 0.2998
vn -0.9436 0.3195 0.0866
vn -0.8687 0.0878 -0.4876
vn -0.8159 -0.5394 0.2084
vn -0.3307 -0.3509 -0.8761
vn -0.6391 -0.4280 -0.6390
vn -0.0000 -0.0000 -0.0000
vn -0.7876 0.4005 -0.4682
vn -0.2718 0.7378 -0.6179
vn -0.8391 0.3907 0.3786
vn -0.6237 -0.5726 -0.5320
vn -0.2577 -0.2789 -0.9251
vn -0.4147 -0.0286 -0.9095
vn -0.5144 -0.5778 -0.6337
vn -0.7253 -0.5872 -0.3595
vn -0.2367 -0.5612 -0.7931
vn -0.7415 -0.6612 0.1143
vn -0.8799 -0.4721 0.0539
vn -0.8752 -0.2601 0.4078
vn -0.8683 0.4811 0.1212
vn -0.6389 0.7386 0.2153
vn -0.9815 -0.0730 0.1769
vn -0.5569 0.5555 -0.6175
vn -0.3537 0.6609 -0.6618
vn -0.2569 -0.3936 -0.8826
vn -0.8422 -0.3000 -0.4481
vn -0.8691 0.2755 -0.4108
vn -0.3491 0.9280 0.1303
vn -0.9830 -0.0847 0.1632
vn -0.8118 0.5751 -0.1012
vn 0.0133 0.5824 -0.8128
vn -0.3308 -0.5696 -0.7524
vn -0.6499 -0.0991 -0.7536
vn -0.2947 -0.8110 -0.5054
vn -0.9481 0.2779 0.1544
vn -0.9381 -0.0529 -0.3423
vn -0.1543 -0.3979 -0.9044
vn -0.6071 -0.7244 0.3267
vn -0.6606 -0.6483 0.3787
vn 0.6927 -0.2263 -0.6848
vn -0.9386 0.3293 -0.1026
vn -0.2005 0.6533 -0.7300
vn -0.6783 -0.6694 -0.3031
vn -0.2062 -0.6849 -0.6988
vn -0.8764 -0.4813 0.0167
vn -0.6834 -0.5266 0.5056
vn -0.4218 0.2962 0.8569
vn -0.0788 -0.7137 0.6961
vn -0.8429 0.3674 0.3931
vn -0.7509 -0.6537 0.0938
vn -0.8509 -0.5233 -0.0454
vn -0.9566 -0.0033 0.2914
vn -0.6069 -0.7849 0.1249
vn -0.8292 -0.3815 -0.4086
vn -0.2368 -0.9423 0.2366
vn -0.1187 -0.9762 -0.1816
vn 0.0506 0.2709 -0.9613
vn -0.7607 -0.5187 0.3903
vn -0.8755 0.4747 -0.0905
vn -0.2605 0.7326 -0.6288
vn 0.1533 -0.0534 -0.9867
vn -0.8405 -0.5419 -0.0045
vn -0.9024 0.4307 0.0127
vn -0.3836 0.3338 -0.8611
vn -0.4631 0.6483 -0.6043
vn -0.6977 0.5531 -0.4553
vn -0.6416 0.2100 -0.7377
vn -0.4698 -0.7493 -0.4668
vn -0.9589 -0.2799 0.0466
vn -0.9088 -0.0298 0.4162
vn -0.0231 -0.9995 0.0231
vn -0.7146 0.5946 -0.3686
vn -0.2826 -0.7845 -0.5519
vn -0.9834 -0.1772 -0.0382
vn -0.4245 -0.7584 -0.4945
vn -0.8062 0.5486 -0.2213
vn -0.4643 0.6022 -0.6494
vn -0.7064 -0.5782 0.4083
vn -0.5102 0.6054 -0.6109
vn -0.7695 0.5488 -0.3265
vn -0.2660 0.5953 -0.7582
vn -0.0225 -0.8999 -0.4356
vn 0.0184 -0.5981 -0.8012
vn -0.0266 0.9060 -0.4225
vn -0.0851 0.6451 -0.7594
vn -0.0062 -0.8976 -0.4407
vn 0.0186 -0.5989 -0.8006
vn -0.0449 0.9081 -0.4163
vn -0.0853 0.6444 -0.7599
vn -0.9848 -0.1023 0.1402
vn -0.7597 0.5680 0.3165
vn -0.9407 -0.0563 -0.3345
vn -0.9869 0.0023 0.1613
vn -0.7084 -0.6631 0.2420
vn -0.9829 0.0999 0.1544
vn -0.9869 0.0012 0.1616
vn -0.7752 -0.5723 0.2674
vn -0.7113 -0.0700 -0.6994
vn -0.7012 0.6590 0.2720
vn -0.4301 -0.7993 -0.4196
vn -0.6592 -0.1755 0.7312
vn -0.9774 -0.1812 0.1089
vn -0.9387 -0.3409 -0.0512
vn -0.8500 -0.5097 -0.1332
vn -0.7431 -0.6271 -0.2335
vn -0.6181 -0.7008 -0.3560
vn -0.5891 -0.3368 -0.7345
vn -0.4525 -0.8241 -0.3408
vn -0.5468 0.2153 -0.8091
vn -0.5727 -0.3692 0.7319
vn 0.0930 -0.9495 0.2996
vn 0.0409 -0.9845 0.1703
vn -0.0535 -0.6327 0.7725
vn -0.2228 -0.5971 0.7706
vn -0.3408 -0.7831 0.5202
vn -0.6011 -0.1397 0.7869
vn -0.5767 0.0683 0.8141
vn 0.2861 -0.0398 0.9574
vn -0.4114 -0.6351 0.6537
vn -0.5293 -0.5199 0.6704
vn -0.1719 -0.1321 0.9762
vn 0.0309 -0.0779 0.9965
vn -0.1612 -0.2775 0.9471
vn 0.0110 -0.2730 0.9619
vn 0.2010 -0.2174 0.9552
vn -0.1480 -0.4387 0.8864
vn 0.0105 -0.4437 0.8961
vn 0.1617 -0.4061 0.8994
vn 0.2649 -0.6044 0.7513
vn 0.0956 -0.5886 0.8027
vn 0.3645 -0.3920 0.8447
vn 0.0442 -0.9014 0.4307
vn 0.1365 -0.7504 0.6468
vn 0.0087 -0.8087 0.5881
vn -0.1960 -0.7453 0.6373
vn 0.2534 -0.8481 0.4653
vn -0.1108 -0.9430 0.3137
vn -0.1789 -0.8663 0.4664
vn -0.4714 -0.2403 0.8486
vn -0.3648 -0.4513 0.8144
vn -0.3605 -0.0672 0.9303
vn -0.3198 -0.2869 0.9030
vn -0.1336 0.0711 0.9885
vn -1.0000 0.0070 0.0025
vn -0.9938 -0.1074 0.0285
vn -0.4617 -0.3864 -0.7985
vn -0.9969 0.0725 -0.0291
vn -0.5014 -0.8101 -0.3037
vn -0.9569 -0.2739 0.0967
vn -0.3496 -0.6602 -0.6648
vn 0.1266 0.1126 -0.9856
vn -0.7328 0.1891 0.6536
vn -0.2360 0.5514 -0.8002
vn 0.4877 0.0169 -0.8728
vn 0.0042 0.9935 -0.1137
vn -0.0989 -0.9942 0.0431
vn -0.0101 -0.1430 -0.9897
vn 0.1348 0.2369 -0.9621
vn -0.7279 -0.2341 0.6445
vn -0.7685 0.6386 -0.0396
vn -0.1189 0.7791 -0.6156
vn -0.9716 -0.1919 -0.1387
vn -0.7417 -0.6693 -0.0430
vn -0.9752 0.1628 -0.1499
vn -0.9889 -0.0023 -0.1483
vn -0.4630 -0.8125 -0.3543
vn 0.0757 0.2061 -0.9756
vn -0.9113 0.4113 0.0164
vn -0.1059 -0.6647 -0.7396
vn 0.0833 0.2877 -0.9541
vn -0.5516 0.7890 -0.2707
vn -0.9346 -0.3522 0.0499
vn -0.1177 -0.1837 -0.9759
vn -0.2901 0.2221 -0.9309
vn 0.1818 0.4027 -0.8971
vn 0.0811 0.0765 -0.9938
vn 0.0621 -0.0828 -0.9946
vn -0.4751 -0.8131 -0.3363
vn 0.0899 -0.6003 -0.7947
vn -0.0150 -0.4981 -0.8670
vn -0.0632 0.5319 -0.8445
vn -0.2923 0.9223 -0.2530
vn -0.8635 0.5037 -0.0243
vn -0.9801 0.1261 -0.1533
vn -0.7075 0.5366 -0.4599
vn -0.8785 -0.4700 -0.0863
vn -0.2376 -0.0000 -0.9714
vn 0.6479 0.0375 -0.7608
vn -0.9836 -0.1410 0.1126
vn -0.8898 0.3927 -0.2325
vn -0.4899 0.8369 -0.2441
vn -0.9019 -0.3812 -0.2032
vn -0.9437 -0.3084 -0.1201
vn -0.5536 -0.6583 -0.5101
vn -0.3143 -0.8465 -0.4296
vn 0.2199 0.7618 -0.6093
vn -0.7116 0.0663 -0.6994
vn -0.0506 -0.7516 -0.6576
vn -0.5392 -0.1406 -0.8303
vn -0.8604 -0.0276 -0.5088
vn -0.9580 0.1770 -0.2256
vn 0.2666 0.5598 -0.7845
vn -0.6549 -0.0795 -0.7515
vn -0.5580 0.1936 -0.8070
vn -0.0730 -0.8953 -0.4395
vn -0.5832 0.6738 -0.4537
vn -0.9747 0.0855 -0.2065
vn -0.0435 0.0066 -0.9990
vn 0.4411 0.1021 -0.8916
vn -0.0473 0.0413 -0.9980
vn 0.4548 -0.1031 -0.8846
vn -0.9598 -0.1439 -0.2410
vn -0.6061 0.6828 -0.4078
vn 0.4990 0.5957 -0.6295
vn -0.7999 -0.5425 -0.2565
vn 0.4934 -0.5969 -0.6327
vn -0.7311 -0.5829 -0.3546
vn 0.5208 -0.5118 -0.6833
vn 0.2503 0.7007 -0.6681
vn -0.0991 0.5469 -0.8313
vn -0.8427 -0.3293 -0.4258
vn -0.8150 0.4174 -0.4021
vn 0.0053 0.9902 -0.1393
vn -0.8933 0.2954 -0.3388
vn -0.8375 -0.3928 -0.3799
vn -0.1069 0.4311 -0.8959
vn -0.1014 -0.5013 -0.8593
vn 0.3218 -0.5580 -0.7649
vn 0.1002 -0.9588 -0.2658
vn 0.6265 -0.0666 -0.7765
vn -0.7996 -0.3818 -0.4636
vn -0.1169 0.5469 -0.8290
vn -0.8649 0.4147 -0.2827
vn 0.3262 0.5626 -0.7597
vn 0.0666 0.9770 -0.2024
vn 0.6171 0.1376 -0.7748
vn -0.0686 -0.1590 -0.9849
vn -0.0922 -0.3861 -0.9178
vn 0.6181 0.1971 -0.7610
vn -0.1124 -0.5392 -0.8346
vn -0.8785 0.3130 -0.3610
vn 0.2291 -0.6944 -0.6821
vn -0.0811 0.4096 -0.9087
vn -0.8102 -0.4074 -0.4215
vn 0.0078 -0.9881 -0.1536
vn 0.6310 -0.1978 -0.7501
vn -0.9858 0.0995 -0.1351
vn -0.0967 -0.0665 -0.9931
vn -0.8720 -0.4889 -0.0249
vn 0.0667 -0.5446 -0.8361
vn -0.3599 0.8289 -0.4283
vn -0.0793 0.9401 -0.3315
vn 0.4015 0.7330 -0.5491
vn -0.4353 0.8403 0.3230
vn -0.5518 0.4607 -0.6952
vn -0.4813 -0.7133 -0.5094
vn -0.0824 -0.9383 -0.3359
vn -0.9655 -0.2125 -0.1505
vn -0.4129 -0.8844 0.2175
vn 0.0578 -0.5171 -0.8539
vn 0.4115 -0.7226 -0.5555
vn -0.6004 -0.5319 -0.5972
vn -0.0037 0.3451 -0.9386
vn -0.9857 0.1408 -0.0923
vn -0.4794 0.7074 -0.5194
vn 0.3784 0.7683 -0.5163
vn -0.4674 0.8292 0.3066
vn -0.4575 -0.7092 -0.5364
vn -0.6544 0.4735 -0.5896
vn -0.4442 -0.8466 0.2931
vn -0.9972 0.0588 0.0451
vn -0.3728 -0.7178 -0.5881
vn -0.4263 -0.7430 -0.5159
vn -0.4319 -0.5462 -0.7178
vn -0.5584 -0.1923 -0.8070
vn -0.1538 -0.7468 -0.6470
vn 0.0018 -0.6200 -0.7846
vn 0.0933 -0.4913 -0.8660
vn 0.1764 -0.3015 -0.9370
vn 0.1663 -0.1282 -0.9777
vn 0.1168 0.0186 -0.9930
vn -0.1650 0.6763 -0.7179
vn -0.0007 0.6161 -0.7877
vn -0.2673 0.7085 -0.6532
vn -0.4349 0.5771 -0.6913
vn -0.4499 0.6547 -0.6074
vn -0.6162 0.4712 -0.6311
vn -0.4467 0.7610 -0.4706
vn -0.6337 0.0612 -0.7712
vn -0.9564 0.2864 0.0564
vn -0.9831 0.1040 0.1506
vn -0.7769 0.4945 0.3897
vn -0.8594 0.4993 -0.1097
vn -0.7626 0.6131 -0.2060
vn -0.6579 0.6817 -0.3202
vn -0.6038 0.2954 -0.7404
vn -0.4931 0.8162 -0.3012
vn -0.4582 0.7745 -0.4362
vn -0.3317 0.8999 -0.2832
vn -0.3802 0.8465 -0.3728
vn 0.0346 0.9875 0.1538
vn 0.1144 0.9602 0.2547
vn 0.1894 0.9693 0.1569
vn 0.2371 0.9712 0.0239
vn 0.8906 0.0388 -0.4531
vn -0.9063 0.2490 -0.3414
vn 0.2489 0.0528 -0.9671
vn 0.5354 0.7269 -0.4301
vn -0.7988 0.5766 -0.1718
vn -0.0803 0.7437 0.6637
vn -0.8398 0.2370 0.4884
vn 0.9836 0.1026 0.1482
vn 0.2076 -0.9192 -0.3346
vn -0.5652 -0.2977 0.7694
vn 0.9508 -0.0714 0.3014
vn -0.6851 -0.7114 -0.1568
vn 0.8232 -0.5670 0.0302
vn -0.3990 -0.6573 0.6393
vn -0.8818 -0.4294 0.1951
vn -0.8842 -0.3139 -0.3458
vn 0.3825 -0.1322 -0.9144
vn -0.9660 0.2010 0.1623
vn -0.6985 0.5135 0.4984
vn -0.7612 0.6191 0.1931
vn -0.9427 0.2328 0.2391
vn -0.9995 -0.0248 0.0180
vn -0.6910 -0.1480 0.7075
vn -0.7127 -0.4946 0.4974
vn -0.7810 -0.5757 0.2420
vn -0.9248 -0.2831 0.2543
vn -0.6894 0.7164 0.1075
vn -0.7838 0.5975 0.1691
vn -0.7508 0.4456 -0.4876
vn -0.3578 0.2825 0.8900
vn -0.6969 0.5866 -0.4125
vn -0.6847 0.7256 -0.0676
vn -0.6154 0.7335 0.2884
vn -0.3017 0.3574 0.8839
vn -0.3340 0.6787 0.6540
vn -0.9929 0.0968 0.0696
vn -0.5695 -0.3253 0.7549
vn -0.8612 -0.4934 0.1220
vn -0.8582 0.4783 0.1862
vn -0.0227 -0.5621 0.8267
vn -0.0000 0.5773 0.8165
vn -0.5508 0.7025 0.4506
vn -0.4547 0.2098 -0.8656
vn 0.5991 0.0430 -0.7996
vn 0.4579 0.2430 -0.8551
vn -0.1136 0.5178 -0.8479
vn -0.5305 -0.7645 -0.3663
vn -0.8145 -0.4298 0.3898
vn -0.2204 0.9714 0.0885
vn -0.9847 -0.1597 0.0702
vn -0.1818 -0.9808 -0.0713
vn 0.0395 -0.3397 -0.9397
vn 0.3999 -0.3514 -0.8465
vn -0.4420 -0.0013 -0.8970
vn -0.7726 -0.5665 0.2866
vn -0.2097 0.9767 0.0448
vn -0.9487 -0.1163 -0.2939
vn 0.4743 -0.3342 -0.8144
vn -0.1905 0.1133 -0.9751
vn -0.8959 0.2206 -0.3857
vn -0.3797 -0.7650 -0.5203
vn -0.1910 0.9800 0.0564
vn -0.8230 0.0479 0.5660
vn -0.8480 0.2654 0.4588
vn -0.5271 0.6623 -0.5324
vn -0.3231 0.9047 -0.2776
vn 0.0050 0.5893 -0.8079
vn -0.5497 0.7124 -0.4362
vn -0.9560 -0.0914 -0.2788
vn -0.7967 0.4548 0.3980
vn -0.1243 0.9698 -0.2100
vn -0.8183 0.5655 -0.1034
vn -0.7898 0.6099 -0.0652
vn -0.0789 -0.6015 -0.7950
vn -0.8862 -0.4625 -0.0274
vn -0.0133 0.4753 -0.8797
vn 0.4752 -0.2406 -0.8463
vn -0.2469 -0.3275 -0.9120
vn 0.4163 0.3040 -0.8569
vn 0.0011 -0.5780 -0.8161
vn -0.2221 -0.5861 -0.7792
vn -0.3745 -0.4472 -0.8123
vn 0.2281 -0.7915 -0.5670
vn -0.5324 -0.6623 -0.5271
vn -0.0290 -0.9726 -0.2305
vn -0.1231 -0.5563 -0.8218
vn -0.3341 -0.8993 -0.2823
vn -0.7782 -0.4734 0.4126
vn -0.9166 -0.0261 -0.3990
vn -0.0153 -0.5850 0.8109
vn -0.5649 -0.6915 0.4501
vn -0.4296 -0.3028 0.8507
vn -0.0410 0.5696 0.8209
vn -0.9739 0.1669 0.1535
vn -0.1904 -0.9808 0.0419
vn -0.8567 -0.2274 -0.4629
vn -0.8482 -0.2781 0.4507
vn -0.7729 -0.1184 0.6234
vn -0.8426 -0.5307 -0.0917
vn -0.5960 0.7544 -0.2752
vn -0.2364 -0.9662 0.1033
vn -0.7941 0.4743 0.3800
vn -0.8029 0.0841 -0.5902
vn 0.2574 -0.0698 -0.9638
vn 0.0473 0.3430 -0.9381
vn -0.1444 -0.9754 0.1664
vn -0.3634 0.7594 -0.5396
vn -0.5270 0.0458 -0.8486
vn 0.3747 0.4056 -0.8337
vn -0.9744 0.0222 0.2239
vn -0.8490 0.3827 0.3643
vn -0.1132 0.9935 0.0133
vn -0.9420 0.3350 0.0213
vn -0.3436 0.7801 -0.5228
vn -0.4259 -0.8197 -0.3830
vn -0.9018 0.4315 0.0209
vn -0.9257 -0.3756 0.0454
vn 0.0241 -0.3628 -0.9315
vn 0.0580 0.4493 -0.8915
vn -0.4871 -0.1087 -0.8666
vn -0.3217 -0.7965 -0.5120
vn -0.8033 -0.1225 -0.5829
vn -0.9399 0.3259 0.1025
vn -0.7053 0.2122 -0.6764
vn -0.8228 -0.0845 -0.5621
vn -0.6507 0.2321 -0.7230
vn -0.5265 -0.1408 -0.8384
vn -0.3940 0.8248 -0.4055
vn 0.1234 -0.3596 -0.9249
vn -0.8879 -0.4502 0.0945
vn 0.2298 0.7764 -0.5869
vn -0.5994 0.6591 0.4542
vn -0.4555 0.3058 0.8361
vn -0.3595 0.9330 -0.0177
vn -0.2291 -0.8273 -0.5129
vn -0.6240 -0.2020 -0.7549
vn -0.8320 -0.0716 -0.5502
vn -0.9811 0.1935 0.0087
vn 0.0569 0.6696 -0.7405
vn -0.4874 0.1887 -0.8526
vn 0.0570 0.6696 -0.7405
vn -0.7444 -0.0094 -0.6677
vn -0.8871 0.0720 -0.4559
vn -0.5203 0.2945 -0.8016
vn -0.9995 0.0246 0.0203
vn -0.9679 0.2352 0.0884
vn -0.8685 -0.4726 -0.1496
vn -0.7019 0.0199 -0.7120
vn -0.6749 0.6975 -0.2409
vn -0.5020 0.6904 -0.5209
vn -0.5282 0.8034 -0.2749
vn -0.9283 0.3554 -0.1093
vn -0.4933 0.1214 -0.8614
vn -0.3313 0.0463 -0.9424
vn -0.0829 0.0006 -0.9966
vn 0.0200 0.6710 -0.7412
vn 0.4906 -0.0010 -0.8714
vn 0.0049 -0.6754 -0.7374
vn -0.0587 0.5316 -0.8450
vn 0.2052 0.3398 -0.9179
vn -0.2874 -0.9395 -0.1866
vn -0.0661 -0.5699 -0.8190
vn 0.2036 -0.2745 -0.9398
vn -0.8335 -0.5502 -0.0499
vn -0.3020 -0.7814 -0.5461
vn -0.8392 -0.5390 -0.0723
vn -0.8195 0.5695 -0.0637
vn -0.0419 0.5473 -0.8359
vn 0.1026 -0.2623 -0.9595
vn -0.3319 -0.0028 -0.9433
vn 0.0054 0.0130 -0.9999
vn 0.1201 0.4830 -0.8673
vn -0.0150 -0.6667 -0.7452
vn -0.1748 0.9430 -0.2831
vn 0.1591 -0.3132 -0.9363
vn -0.5254 -0.6903 -0.4975
vn -0.4704 -0.1466 -0.8702
vn -0.9975 0.0167 -0.0684
vn -0.8764 -0.0163 0.4812
vn -0.6776 -0.6921 -0.2487
vn -0.6373 0.0029 -0.7706
vn -0.6864 0.6933 -0.2195
vn -0.9482 0.3088 -0.0750
vn -0.9183 -0.3831 -0.0994
vn -0.7771 -0.5984 -0.1951
vn -0.9950 -0.0074 -0.0991
vn -0.9858 -0.0379 0.1635
vn -0.9806 -0.0905 -0.1736
vn -0.7263 -0.5196 -0.4500
vn -0.7235 0.5206 -0.4534
vn -0.7197 0.4163 -0.5557
vn -0.7353 -0.3204 -0.5973
vn -0.7000 -0.4848 -0.5244
vn -0.7559 -0.1062 -0.6460
vn -0.7359 0.0679 -0.6737
vn -0.7428 0.2049 -0.6374
vn -0.9666 -0.2028 0.1567
vn -0.8420 -0.5310 -0.0949
vn -0.8831 -0.4680 -0.0341
vn -0.9797 -0.1991 -0.0214
vn -0.9253 0.1819 0.3327
vn -0.9302 -0.3578 -0.0816
vn -0.8921 -0.0124 0.4518
vn -0.9225 0.0422 0.3837
vn -0.9376 -0.2726 0.2159
vn -0.6564 -0.7536 0.0364
vn -0.5659 -0.7031 -0.4306
vn -0.6751 -0.7025 -0.2254
vn -0.2947 -0.3483 0.8899
vn -0.6427 -0.4071 -0.6490
vn -0.5061 -0.7348 0.4517
vn -0.3069 -0.6156 0.7259
vn -0.6934 -0.7168 0.0729
vn -0.8924 0.4321 -0.1304
vn -0.8568 -0.5027 -0.1149
vn -0.9274 -0.1717 -0.3324
vn -0.8026 -0.5473 0.2373
vn -0.7959 -0.5619 -0.2255
vn -0.7842 0.1434 -0.6037
vn -0.6273 -0.7132 0.3127
vn -0.9571 0.2858 -0.0474
vn -0.9992 0.0097 0.0385
vn -0.9975 -0.0190 -0.0680
vn -0.9608 -0.0342 -0.2753
vn -0.9976 -0.0372 0.0586
vn -0.9648 0.0233 -0.2620
vn -0.9955 0.0283 0.0910
vn -0.9591 -0.0085 0.2831
vn -0.9651 -0.0010 -0.2620
vn -0.9166 -0.0190 -0.3995
vn -0.9836 0.0554 0.1717
vn -0.9470 -0.0640 -0.3149
vn -0.9061 0.3854 0.1747
vn -0.9496 -0.0345 -0.3115
vn -0.9810 -0.0551 -0.1858
vn -0.6878 -0.7146 -0.1273
vn -0.6222 0.0262 -0.7824
vn -0.9600 -0.1247 -0.2506
vn -0.9884 -0.0176 -0.1511
vn -0.7283 0.6273 -0.2759
vn -0.9963 -0.0348 -0.0785
vn -0.8474 -0.3178 -0.4253
vn -0.8036 -0.5792 -0.1372
vn -0.9885 0.0104 -0.1506
vn -0.6894 0.6456 -0.3285
vn -0.7190 -0.6789 -0.1486
vn -0.9914 -0.0011 -0.1309
vn -0.6948 0.6671 -0.2688
vn -0.8960 -0.4221 0.1378
vn -0.9982 -0.0368 -0.0467
vn -0.7181 0.6393 -0.2748
vn -0.8249 -0.4022 -0.3973
vn -0.8982 -0.4133 0.1497
vn -0.7795 0.5999 -0.1803
vn -0.9965 0.0726 -0.0427
vn -0.9967 0.0387 0.0720
vn -0.9869 -0.0227 -0.1596
vn -0.7156 -0.6729 -0.1871
vn -0.9446 0.0663 -0.3215
vn -0.5147 0.8011 0.3056
vn -0.7103 0.2848 -0.6437
vn -0.7542 0.6560 0.0300
vn -0.9600 0.0954 0.2632
vn -0.8140 -0.2207 -0.5373
vn -0.7925 -0.3679 -0.4865
vn -0.8990 0.4215 -0.1189
vn -0.9662 0.0684 -0.2484
vn -0.6889 0.7083 0.1540
vn -0.7053 0.1646 0.6895
vn -0.7220 0.1579 0.6736
vn -0.6427 -0.6611 0.3872
vn -0.7696 0.6053 0.2033
vn -0.8125 0.0749 0.5781
vn -0.6545 -0.6275 0.4217
vn -0.9697 0.0373 0.2415
vn -0.7949 -0.0793 0.6016
vn -0.8189 0.0009 0.5740
vn -0.9653 0.0078 0.2609
vn -0.8122 0.0681 0.5793
vn -0.5223 -0.5448 0.6560
vn -0.8307 -0.0048 0.5567
vn -0.9523 -0.0338 0.3032
vn -0.7043 0.5569 0.4403
vn -0.7093 -0.0095 0.7048
vn -0.6721 0.5651 0.4785
vn -0.9535 -0.0509 0.2971
vn -0.7215 -0.0096 0.6924
vn -0.7301 0.0047 0.6833
vn -0.7970 0.0152 0.6038
vn -0.8562 -0.0106 0.5166
vn -0.8606 -0.0218 0.5087
vn -0.6535 0.1779 0.7357
vn -0.7227 0.6263 0.2922
vn -0.5363 0.0392 0.8431
vn -0.6284 0.6040 0.4902
vn -0.7178 -0.4594 0.5232
vn -0.5186 0.2291 0.8237
vn -0.6984 -0.6931 0.1785
vn -0.4245 0.3254 0.8449
vn -0.7087 -0.6934 -0.1302
vn -0.5079 -0.4211 0.7515
vn -0.9415 0.1230 -0.3138
vn -0.9328 -0.2458 -0.2635
vn -0.7161 0.2775 0.6404
vn -0.7265 -0.2013 0.6571
vn 0.9510 0.0126 -0.3088
vn 0.9447 -0.1458 -0.2938
vn 0.9826 -0.1298 -0.1330
vn 0.9823 -0.1800 -0.0522
vn 0.6616 -0.7485 -0.0460
vn 0.6831 -0.6423 0.3475
vn 0.8623 0.0825 0.4997
vn 0.8604 0.0348 0.5085
vn 0.9463 0.0216 0.3227
vn 0.9852 0.1215 -0.1208
vn 0.6574 0.5909 0.4676
vn 0.7306 0.6780 0.0807
vn 0.9395 0.1448 -0.3105
vn 0.5896 0.7824 -0.2005
vn 0.8260 0.3699 -0.4253
vn 0.9541 0.2452 -0.1720
vn -0.5818 0.6898 0.4310
vn 0.9138 0.1944 0.3567
vn 0.8168 0.2534 0.5183
vn 0.9585 0.1649 -0.2325
vn 0.9860 0.0148 -0.1662
vn 0.9916 -0.0140 0.1284
vn 0.8860 -0.0351 0.4624
vn 0.8764 -0.2664 0.4012
vn 0.8312 -0.0768 0.5507
vn 0.6299 -0.6037 0.4886
vn 0.9001 -0.0566 -0.4319
vn 0.5715 -0.7873 -0.2314
vn 0.3959 -0.8841 0.2484
vn 0.5316 -0.7697 -0.3537
vn 0.8278 -0.2916 -0.4792
vn 0.9918 0.0678 -0.1084
vn 0.9572 0.2512 -0.1436
vn 0.6282 0.7420 -0.2340
vn 0.9377 0.2035 -0.2815
vn 0.4717 0.7289 0.4962
vn 0.7188 0.5134 0.4687
vn 0.9912 0.1317 0.0128
vn 0.9287 0.3707 0.0138
vn 0.9416 -0.0005 -0.3367
vn 0.8407 0.5327 0.0970
vn 0.9263 -0.3559 0.1236
vn 0.7276 -0.1651 0.6658
vn 0.6885 -0.1353 0.7125
vn 0.6830 0.1745 0.7092
vn 0.9967 -0.0210 -0.0786
vn 0.9898 -0.1272 -0.0644
vn 0.9319 -0.3000 -0.2037
vn 0.9408 -0.2821 -0.1880
vn 0.9464 -0.2561 -0.1966
vn 0.9845 -0.0608 -0.1643
vn 0.6767 -0.4223 0.6031
vn 0.8794 -0.3132 0.3586
vn 0.8028 0.5958 0.0233
vn 0.9517 -0.2725 -0.1417
vn 0.8398 -0.5340 0.0985
vn 0.9053 -0.3786 0.1927
vn 0.7857 -0.5793 0.2170
vn 0.9823 -0.1328 0.1319
vn 0.9816 -0.1868 0.0393
vn 0.7451 -0.1471 0.6506
vn 0.6223 -0.7637 0.1715
vn 0.7708 -0.4454 0.4555
vn 0.8219 -0.3155 0.4743
vn 0.6920 -0.6583 0.2964
vn 0.8979 -0.0957 0.4296
vn 0.7385 0.0254 0.6737
vn 0.6056 0.7780 0.1672
vn 0.8871 0.4607 0.0303
vn 0.7075 0.4333 0.5583
vn 0.7067 0.3586 0.6099
vn 0.8453 0.3303 0.4199
vn 0.7586 0.1486 0.6344
vn 0.9314 0.0215 0.3632
vn 0.9323 0.2778 0.2316
vn 0.2324 0.9697 0.0749
vn 0.5527 -0.0477 0.8320
vn 0.4886 0.1212 0.8640
vn 0.6506 0.1563 0.7432
vn 0.5924 0.7367 0.3261
vn 0.4220 0.8903 0.1714
vn 0.7072 0.5306 0.4672
vn 0.3284 0.1192 0.9370
vn 0.3126 0.2890 0.9048
vn 0.4110 0.4745 0.7784
vn 0.1791 0.4058 0.8962
vn 0.2286 0.6034 0.7640
vn 0.2273 0.7525 0.6181
vn 0.2453 0.8922 0.3792
vn 0.1216 0.8772 0.4644
vn 0.7393 -0.0750 0.6692
vn 0.6665 0.3710 0.6466
vn 0.5763 0.5965 0.5587
vn 0.4941 0.7709 0.4018
vn 0.3597 0.8877 0.2874
vn 0.7620 0.1545 0.6288
vn 0.3754 0.7677 0.5193
vn 0.4489 0.5987 0.6634
vn 0.4965 0.3098 0.8109
vn 0.2500 0.9673 -0.0434
vn 0.9979 -0.0425 -0.0490
vn 0.8846 0.0791 -0.4597
vn 0.1111 0.5452 -0.8309
vn 0.1368 0.3674 -0.9200
vn 0.5614 0.7917 -0.2409
vn 0.1667 0.2189 -0.9614
vn 0.9948 -0.0727 0.0720
vn 0.9910 0.1124 0.0725
vn 0.8436 0.5339 0.0565
vn 0.4884 0.8725 0.0153
vn 0.4067 0.9124 0.0466
vn 0.8855 0.3166 -0.3401
vn 0.7856 0.5227 -0.3311
vn 0.7578 0.6258 -0.1847
vn 0.9847 0.0739 -0.1579
vn 0.8700 0.4869 -0.0775
vn 0.9550 0.2856 -0.0804
vn 0.7145 0.6969 -0.0613
vn 0.4224 0.8927 -0.1573
vn 0.5545 0.8310 -0.0450
vn 0.6752 0.7352 0.0592
vn 0.9516 0.2992 0.0704
vn 0.3167 0.9427 -0.1049
vn -0.7804 -0.4786 -0.4024
vn -0.1056 -0.1793 -0.9781
vn -0.7249 -0.5708 -0.3856
vn -0.6782 -0.5905 -0.4375
vn -0.4598 0.5113 -0.7260
vn -0.9907 -0.1247 -0.0547
vn -0.5734 0.5253 -0.6287
vn -0.5129 -0.8575 0.0402
vn -0.6720 -0.5363 0.5107
vn -0.6320 -0.6869 -0.3587
vn 0.1388 -0.9401 -0.3114
vn -0.7312 -0.4828 -0.4819
vn -0.2069 -0.9782 -0.0154
vn -0.4859 -0.8739 0.0099
vn 0.0873 -0.9543 -0.2859
vn -0.6783 -0.5534 0.4834
vn -0.7415 -0.4846 -0.4641
vn -0.6331 -0.6479 -0.4236
vn -0.2008 -0.3753 -0.9049
vn 0.3864 -0.7532 -0.5324
vn -0.8204 -0.4681 -0.3282
vn -0.4619 0.8240 -0.3281
vn -0.9120 -0.0065 -0.4102
vn -0.7438 0.4542 -0.4903
vn 0.0698 -0.2413 -0.9679
vn -0.4816 0.6592 -0.5775
vn -0.5002 0.8533 -0.1473
vn 0.0320 -0.1873 -0.9818
vn 0.3463 0.2819 -0.8948
vn 0.6270 0.0473 -0.7776
vn -0.4589 -0.8178 -0.3472
vn -0.7516 -0.6286 -0.1999
vn -0.1064 -0.6983 -0.7078
vn -0.7236 0.0161 0.6900
vn -0.9190 0.3899 0.0578
vn -0.1289 0.5424 -0.8302
vn -0.7615 -0.6460 -0.0535
vn -0.1969 0.7315 -0.6527
vn -0.0250 -0.5213 -0.8530
vn -0.1149 0.6959 -0.7089
vn -0.3933 0.8658 -0.3094
vn 0.0304 0.7468 -0.6644
vn -0.7220 0.1850 0.6667
vn 0.6569 0.0888 -0.7488
vn -0.0313 -0.5242 -0.8510
vn -0.3997 0.7984 -0.4503
vn -0.9308 -0.3592 0.0679
vn -0.1333 -0.5289 -0.8381
vn 0.0022 0.2333 -0.9724
vn -0.5020 -0.6824 -0.5313
vn -0.8893 -0.2707 -0.3685
vn -0.4477 -0.7959 -0.4075
vn 0.3418 -0.2350 -0.9099
vn -0.0486 0.5349 -0.8435
vn 0.0958 -0.2846 -0.9538
vn 0.3570 0.3725 -0.8566
vn 0.0072 -0.6065 -0.7951
vn -0.2526 -0.8347 -0.4894
vn 0.3596 -0.3612 -0.8603
vn 0.2700 0.0204 -0.9627
vn -0.1656 0.6462 -0.7450
vn 0.0136 0.5834 -0.8121
vn 0.0184 -0.7520 -0.6589
vn 0.1128 -0.1874 -0.9758
vn -0.7982 -0.5931 -0.1051
vn -0.9868 0.1616 -0.0084
vn -0.3348 -0.8124 -0.4773
vn -0.2169 -0.0418 -0.9753
vn -0.9499 0.1423 -0.2782
vn 0.4800 -0.2535 -0.8399
vn 0.2051 -0.8158 -0.5408
vn 0.0097 -0.4885 -0.8725
vn -0.0904 -0.8132 -0.5749
vn -0.3237 -0.6106 -0.7228
vn 0.1844 -0.9326 -0.3103
vn -0.2328 -0.5142 -0.8255
vn 0.5182 -0.4538 -0.7249
vn -0.3192 -0.1934 -0.9277
vn 0.5921 -0.2517 -0.7655
vn 0.3571 -0.0647 -0.9318
vn 0.4622 0.6153 -0.6386
vn 0.1863 0.0226 -0.9822
vn 0.0227 0.0357 -0.9991
vn 0.1059 -0.9053 -0.4114
vn 0.2174 -0.2279 -0.9491
vn 0.2099 -0.4261 -0.8800
vn 0.1616 -0.5588 -0.8134
vn 0.0264 -0.6960 -0.7176
vn 0.0133 -0.8680 -0.4965
vn -0.1232 -0.4727 -0.8726
vn 0.3525 -0.3428 -0.8707
vn -0.8361 -0.0624 -0.5450
vn -0.7819 0.4946 -0.3796
vn -0.7146 -0.6626 -0.2241
vn -0.7286 0.5889 -0.3497
vn -0.3787 -0.6857 -0.6216
vn 0.0605 0.2319 -0.9709
vn 0.5023 0.2855 -0.8162
vn -0.2667 0.6053 -0.7500
vn 0.4900 0.4595 -0.7407
vn -0.3191 0.2021 -0.9259
vn 0.1054 0.6965 -0.7098
vn 0.1502 0.8274 -0.5412
vn -0.2621 0.4811 -0.8366
vn 0.2454 0.8803 -0.4060
vn 0.0802 0.9486 -0.3062
vn -0.0837 0.7869 -0.6114
vn -0.1230 0.3929 -0.9113
vn 0.2857 0.2825 -0.9158
vn 0.2955 0.1464 -0.9440
vn 0.1572 0.5540 -0.8175
vn 0.2708 0.4158 -0.8682
vn 0.0690 0.4355 -0.8975
vn -0.0618 0.6199 -0.7822
vn 0.0035 0.8658 -0.5004
vn -0.4554 0.8519 -0.2587
vn -0.5083 0.6567 -0.5571
vn -0.9219 0.2691 -0.2788
vn -0.2451 -0.1188 -0.9622
vn 0.6507 0.0395 -0.7583
vn -0.9909 -0.0742 0.1127
vn -0.7957 -0.5954 -0.1110
vn 0.1548 0.0065 -0.9879
vn -0.2312 -0.3447 -0.9098
vn 0.2357 -0.3365 -0.9117
vn 0.2581 0.3668 -0.8938
vn 0.0263 -0.3491 -0.9367
vn -0.0381 -0.7665 -0.6411
vn -0.0184 0.5293 -0.8482
vn -0.0768 0.5872 -0.8058
vn 0.1990 0.2062 -0.9581
vn -0.8061 0.4968 -0.3215
vn -0.9711 0.2206 0.0910
vn -0.8300 -0.5548 -0.0568
vn 0.4120 0.3074 -0.8577
vn -0.5125 0.0320 -0.8581
vn -0.7807 -0.0340 -0.6240
vn -0.5023 -0.7316 -0.4609
vn -0.8997 0.4315 -0.0667
vn -0.8494 0.1624 -0.5022
vn -0.8515 0.2656 -0.4522
vn -0.6021 0.1213 -0.7892
vn -0.7205 -0.0328 -0.6927
vn -0.1232 -0.5077 -0.8527
vn -0.8813 0.1385 -0.4518
vn -0.0207 0.5381 -0.8426
vn 0.0163 -0.3756 -0.9266
vn -0.0508 0.7481 -0.6616
vn -0.8109 0.5677 -0.1418
vn 0.2621 0.9474 -0.1839
vn 0.2667 0.9483 -0.1722
vn -0.8613 0.4576 -0.2209
vn -0.2911 0.7735 -0.5630
vn -0.9790 -0.0169 -0.2032
vn -0.7717 0.6303 -0.0849
vn -0.5778 -0.7538 -0.3129
vn -0.6207 -0.2496 -0.7433
vn -0.8310 -0.5559 0.0190
vn -0.5903 0.6507 -0.4777
vn -0.6372 0.0889 -0.7655
vn 0.3384 -0.2777 -0.8991
vn -0.8557 0.0189 -0.5171
vn -0.6074 -0.0974 -0.7884
vn -0.2061 -0.6782 -0.7054
vn -0.7374 0.2514 -0.6269
vn 0.1711 0.7142 -0.6787
vn -0.9927 0.1124 0.0443
vn -0.8340 0.0122 -0.5516
vn -0.0209 -0.5174 -0.8555
vn -0.8823 -0.4351 -0.1796
vn -0.2502 -0.9425 -0.2215
vn -0.2698 -0.9567 -0.1089
vn -0.5041 -0.5295 -0.6823
vn -0.6231 -0.6611 -0.4180
vn -0.3456 -0.9384 -0.0051
vn -0.4105 -0.7106 -0.5714
vn -0.3638 -0.8335 -0.4158
vn -0.5459 -0.6641 -0.5108
vn -0.4767 -0.8178 -0.3224
vn -0.3899 -0.8979 -0.2043
vn -0.7129 -0.2084 -0.6696
vn -0.6859 -0.4194 -0.5947
vn -0.1905 -0.9817 0.0001
vn -0.9845 -0.0157 0.1749
vn 0.0204 0.7778 0.6282
vn -0.3244 0.6003 0.7310
vn -0.1951 0.7471 0.6354
vn -0.4975 0.5953 0.6309
vn -0.3499 0.7782 0.5214
vn -0.3199 0.1142 0.9405
vn 0.0164 0.1172 0.9930
vn -0.1755 0.8678 0.4649
vn -0.0791 0.9550 0.2860
vn -0.1416 0.6250 0.7677
vn 0.0447 0.6049 0.7950
vn 0.0077 0.9202 0.3913
vn 0.1558 0.1526 0.9759
vn -0.6353 0.2668 0.7247
vn -0.3242 0.2998 0.8972
vn -0.1584 0.2763 0.9479
vn 0.0157 0.2824 0.9592
vn -0.5545 0.4259 0.7149
vn -0.4757 0.2348 0.8477
vn -0.3601 0.4472 0.8187
vn -0.1529 0.4453 0.8823
vn 0.0139 0.4391 0.8983
vn -0.3972 -0.8413 -0.3668
vn -0.5465 -0.6564 -0.5201
vn 0.2703 -0.9557 0.1166
vn 0.1203 -0.9918 0.0431
vn 0.1971 -0.9624 0.1869
vn 0.2662 -0.9636 0.0232
vn 0.1566 -0.9870 -0.0355
vn 0.5899 -0.7143 0.3765
vn 0.4818 -0.8486 0.2186
vn 0.3894 -0.9161 0.0953
vn 0.4198 -0.1995 0.8854
vn 0.3462 -0.9113 0.2230
vn 0.4553 -0.8295 0.3236
vn 0.4886 -0.7292 0.4791
vn 0.5059 -0.5064 0.6983
vn 0.6583 -0.5269 0.5376
vn 0.6885 -0.3331 0.6442
vn 0.6079 -0.2368 0.7579
vn 0.3796 -0.6974 0.6080
vn 0.2906 -0.9004 0.3239
vn 0.4900 -0.8480 -0.2019
vn 0.3057 -0.9502 -0.0611
vn 0.8476 -0.5258 0.0718
vn 0.6792 -0.7314 0.0608
vn 0.9244 -0.1368 -0.3560
vn 0.3581 -0.9229 -0.1415
vn 0.4922 -0.8704 0.0084
vn 0.9544 -0.2890 0.0749
vn 0.8808 -0.3341 -0.3355
vn 0.9447 -0.2910 -0.1512
vn 0.8699 -0.4831 -0.0995
vn 0.8091 -0.5866 -0.0360
vn 0.6521 -0.7569 -0.0433
vn 0.9571 -0.2892 -0.0164
vn 0.6850 -0.6870 -0.2425
vn 0.7911 -0.5103 -0.3373
vn -0.6596 0.6205 -0.4242
vn -0.6620 0.6266 -0.4112
vn 0.1199 -0.2514 -0.9604
vn -0.6728 -0.7284 -0.1294
vn -0.1437 0.2384 -0.9605
vn -0.9980 -0.0630 -0.0000
vn -0.0982 0.2818 -0.9545
vn -0.6150 -0.4858 -0.6210
vn -0.9615 -0.1641 -0.2203
vn 0.1836 0.9284 -0.3230
vn -0.4458 0.8951 0.0104
vn -0.6293 0.6870 -0.3632
vn -0.5904 0.7814 -0.2020
vn -0.5085 0.8596 0.0500
vn -0.6578 0.5579 0.5060
vn -0.7765 0.4751 -0.4139
vn -0.7137 0.5323 -0.4552
vn -0.8992 0.3576 -0.2522
vn -0.9545 0.1823 -0.2359
vn -0.9448 -0.2225 -0.2406
vn -0.8914 -0.3584 -0.2774
vn -0.5128 0.6653 -0.5426
vn -0.8683 0.3237 0.3758
vn -0.7699 0.0133 -0.6380
vn -0.7978 0.5827 0.1549
vn -0.7521 0.6490 0.1145
vn -0.7416 0.1317 -0.6578
vn -0.6203 -0.7733 0.1313
vn -0.3598 -0.6593 -0.6602
vn -0.2994 0.3743 -0.8776
vn -0.9231 0.3339 0.1909
vn -0.5429 -0.5981 -0.5896
vn 0.9843 -0.0364 0.1725
vn -0.8018 0.5042 0.3208
vn -0.7505 0.3612 -0.5534
vn -0.8767 -0.4394 0.1957
vn -0.0750 -0.0589 0.9954
vn -0.9493 0.3034 0.0824
vn -0.9693 -0.1803 -0.1670
vn -0.8601 0.4275 0.2784
vn -0.9896 -0.1131 -0.0892
vn -0.3892 0.7337 -0.5569
vn -0.7199 0.5546 -0.4174
vn -0.8872 0.0510 -0.4586
vn -0.8875 -0.4400 -0.1368
vn -0.8925 -0.2012 -0.4036
vn -0.9404 -0.2956 0.1681
vn -0.7407 -0.6718 0.0074
vn -0.8816 -0.3885 0.2679
vn -0.9918 0.0991 -0.0809
vn -0.8345 -0.4694 0.2886
vn -0.9639 -0.1781 0.1980
vn -0.8198 -0.5426 0.1832
vn -0.8511 -0.4222 0.3121
vn -0.7671 -0.6380 0.0670
vn -0.7065 0.6819 0.1894
vn -0.4305 0.8040 -0.4103
vn -0.6890 -0.7156 0.1147
vn -0.4117 -0.8048 -0.4275
vn -0.4257 -0.5228 -0.7386
vn -0.8594 0.4268 0.2815
vn -0.9732 0.1374 0.1845
vn -0.7957 0.5896 0.1386
vn -0.5904 0.7988 -0.1157
vn -0.2925 0.2787 -0.9148
vn -0.9067 -0.1447 0.3961
vn -0.4006 -0.7255 -0.5597
vn -0.9060 -0.4143 -0.0869
vn -0.4074 -0.8915 0.1980
vn -0.8963 -0.2989 0.3276
vn -0.9533 -0.2982 0.0468
vn -0.5642 -0.8108 0.1558
vn -0.6713 -0.7412 -0.0000
vn -0.7994 -0.5966 -0.0714
vn -0.9670 -0.0000 -0.2547
vn -0.8991 0.4279 -0.0921
vn -0.6217 0.7819 -0.0461
vn -0.6419 0.6298 -0.4374
vn -0.7537 0.6568 -0.0235
vn -0.4922 0.8697 -0.0376
vn -0.6526 0.5754 0.4931
vn -0.1151 0.9933 0.0064
vn -0.4194 0.8936 0.1601
vn -0.8663 0.3260 0.3784
vn -0.9551 0.2746 0.1111
vn -0.5879 0.8031 0.0972
vn -0.4810 -0.2676 -0.8349
vn 0.4212 -0.4341 0.7963
vn 0.6599 -0.7450 -0.0978
vn -0.6278 0.2852 -0.7242
vn 0.7304 0.3690 0.5748
vn -0.9325 -0.0988 -0.3473
vn -0.0106 0.6469 0.7625
vn 0.6313 -0.3984 0.6654
vn -0.4258 -0.1998 -0.8825
vn 0.8734 0.1616 0.4595
vn -0.6616 0.3502 -0.6631
vn 0.9023 -0.2130 0.3748
vn 0.8410 0.5362 -0.0719
vn 0.6787 0.5129 0.5256
vn 0.5040 -0.4872 0.7132
vn 0.9452 -0.2026 0.2560
vn 0.6895 -0.7060 0.1618
vn 0.9529 0.2492 -0.1732
vn 0.1623 0.8318 0.5308
vn 0.7302 0.5427 0.4151
vn 0.1516 0.1249 0.9805
vn -0.0953 -0.4105 0.9069
vn -0.2139 -0.2013 0.9559
vn -0.2859 0.8076 0.5158
vn 0.1615 -0.2954 0.9416
vn 0.8278 0.4671 0.3107
vn 0.2566 -0.4406 0.8603
vn 0.1076 0.2198 0.9696
vn -0.7708 0.6351 0.0507
vn 0.9905 0.1028 0.0909
vn 0.7101 -0.4534 0.5387
vn -0.9955 -0.0824 0.0477
vn 0.8393 -0.5396 0.0660
vn -0.6951 0.1218 -0.7085
vn -0.6645 0.6322 -0.3985
vn 0.8902 -0.4505 -0.0683
vn 0.5001 -0.6158 0.6089
vn -0.7398 0.5938 0.3164
vn 0.6727 -0.7214 0.1648
vn -0.6914 0.3966 -0.6039
vn 0.8252 -0.4578 0.3308
vn 0.8125 0.1230 -0.5699
vn 0.9074 0.0266 0.4194
vn 0.8142 -0.2694 -0.5143
vn 0.9411 0.3288 0.0792
vn 0.7547 -0.5943 -0.2781
vn 0.8149 -0.0130 0.5795
vn 0.9546 0.1561 0.2538
vn 0.6570 -0.7535 0.0257
vn 0.9850 -0.0048 -0.1723
vn 0.5457 -0.7028 0.4565
vn 0.8559 0.3299 0.3983
vn 0.9924 -0.1227 0.0105
vn 0.4953 -0.4858 0.7202
vn 0.4311 -0.0980 0.8969
vn 0.9723 0.2063 0.1099
vn -0.4120 -0.0821 0.9075
vn 0.0352 0.0483 0.9982
vn 0.0121 -0.7925 0.6097
vn -0.5090 -0.6037 0.6136
vn 0.1018 0.6684 0.7368
vn -0.0727 0.7272 0.6826
vn 0.3247 0.4893 0.8094
vn -0.3184 0.1430 0.9371
vn -0.7269 -0.3270 0.6039
vn -0.2636 0.0190 0.9645
vn 0.5010 0.2253 0.8356
vn 0.4923 0.5810 0.6481
vn 0.0715 0.2892 0.9546
vn -0.0140 0.9888 0.1485
vn 0.0817 -0.7093 0.7002
vn -0.1519 -0.6263 -0.7646
vn 0.1320 -0.2029 -0.9703
vn 0.1500 -0.7633 0.6284
vn 0.3151 -0.0013 -0.9491
vn 0.6108 -0.7086 0.3533
vn 0.9465 -0.2242 0.2319
vn 0.2293 0.0760 -0.9704
vn 0.1712 0.0507 -0.9839
vn -0.0025 0.7925 0.6098
vn 0.1459 -0.0440 -0.9883
vn 0.9587 0.1603 0.2347
vn 0.1599 0.3215 -0.9333
vn 0.1942 0.8027 0.5639
vn 0.6405 0.5184 0.5666
vn 0.2813 -0.0413 -0.9587
vn 0.2299 0.8155 0.5311
vn -0.1297 0.6245 -0.7702
vn 0.0889 0.7315 0.6760
vn 0.4444 -0.6877 0.5741
vn 0.2031 0.2678 0.9418
vn -0.3365 -0.7870 0.5171
vn 0.8962 -0.2760 0.3474
vn 0.3114 0.2609 0.9137
vn 0.4662 0.5762 0.6713
vn 0.7298 0.5812 -0.3600
vn 0.7647 -0.4588 0.4525
vn -0.3282 0.0511 0.9432
vn 0.1817 0.8817 0.4354
vn 0.1658 0.8113 0.5606
vn -0.8913 0.1388 -0.4316
vn -0.0007 0.6144 0.7890
vn -0.6886 -0.2650 -0.6750
vn 0.7162 -0.2515 0.6511
vn -0.4903 0.1724 -0.8544
vn 0.8398 0.2327 0.4905
vn 0.7796 -0.6210 0.0813
vn 0.7558 0.6495 0.0831
vn -0.1426 -0.3983 0.9061
vn 0.4655 -0.4394 0.7682
vn 0.9114 -0.2624 0.3170
vn 0.8213 0.3861 0.4199
vn 0.3844 0.2517 0.8882
vn 0.5518 0.7459 0.3730
vn -0.0116 0.3055 0.9521
vn -0.0025 -0.2910 0.9567
vn 0.4530 -0.7529 0.4775
vn 0.9895 -0.1321 -0.0582
vn -0.1322 -0.3761 0.9171
vn 0.6544 -0.7167 -0.2411
vn 0.4037 0.2579 0.8778
vn 0.7451 0.6389 0.1911
vn -0.2966 0.7992 0.5228
vn 0.7917 0.4787 0.3795
vn 0.8156 -0.4452 0.3696
vn 0.2638 0.4482 0.8541
vn 0.0978 -0.3793 0.9201
vn -0.2051 0.2323 0.9508
vn -0.3985 0.2474 0.8832
vn 0.7151 0.3376 0.6121
vn -0.2246 0.4620 0.8580
vn -0.0575 0.0561 0.9968
vn 0.3353 0.2113 0.9181
vn 0.3940 0.0822 0.9154
vn 0.3073 -0.2370 0.9216
vn -0.1404 -0.5076 0.8500
vn -0.0520 -0.0573 0.9970
vn 0.7447 -0.5480 0.3810
vn -0.0488 -0.5382 0.8414
vn 0.4001 -0.0987 0.9111
vn 0.9299 -0.0260 0.3670
vn 0.6632 0.4984 0.5584
vn 0.8514 -0.0530 0.5218
vn 0.2805 0.1949 0.9398
vn -0.6623 0.4219 -0.6191
vn -0.0686 0.6691 0.7400
vn -0.5853 -0.8108 -0.0016
vn 0.3578 -0.9317 -0.0633
vn -0.3067 -0.8293 -0.4672
vn 0.2808 -0.5906 -0.7565
vn 0.8547 0.2959 0.4266
vn 0.8540 0.5174 -0.0552
vn -0.1446 -0.3950 0.9073
vn 0.4747 -0.4395 0.7625
vn 0.8723 -0.2434 0.4241
vn 0.7795 0.4113 0.4724
vn 0.3987 0.2527 0.8816
vn 0.5477 0.7536 0.3635
vn 0.0117 0.3093 0.9509
vn 0.0011 -0.3096 0.9509
vn 0.4633 -0.7517 0.4694
vn 0.9939 -0.0847 -0.0699
vn 0.7968 0.4385 0.4158
vn 0.6141 -0.7327 -0.2932
vn 0.4831 -0.5283 0.6982
vn 0.3510 -0.3427 0.8714
vn 0.7217 0.6066 -0.3334
vn 0.7054 -0.6802 0.1994
vn -0.1642 0.4193 0.8929
vn 0.1522 -0.7965 0.5851
vn 0.8073 0.0100 0.5900
vn -0.3157 0.0344 0.9482
vn 0.3906 -0.2225 0.8933
vn 0.1930 -0.8674 0.4587
vn 0.6819 0.3845 0.6222
vn 0.8095 -0.5259 0.2612
vn 0.9248 -0.0068 0.3803
vn 0.4667 -0.8016 0.3737
vn 0.1259 0.0192 0.9919
vn -0.3298 0.5311 0.7805
vn 0.2903 -0.6786 0.6747
vn 0.4224 -0.5731 0.7022
vn 0.7582 0.5378 0.3685
vn -0.1798 -0.1253 0.9757
vn 0.0772 -0.8632 0.4988
vn -0.5016 -0.1386 0.8539
vn 0.3829 -0.5224 0.7619
vn 0.0503 0.5589 0.8277
vn -0.3788 -0.4376 0.8155
vn 0.3405 0.9342 0.1069
vn 0.5130 -0.7951 -0.3234
vn 0.9550 0.2098 0.2096
vn 0.3870 -0.9155 -0.1099
vn 0.6747 -0.7056 0.2165
vn 0.7455 0.4722 0.4704
vn 0.3120 -0.6585 0.6849
vn 0.9456 -0.2798 0.1658
vn 0.1073 0.1720 0.9792
vn 0.5480 -0.4516 0.7041
vn -0.0471 -0.8819 0.4690
vn -0.2876 -0.3804 0.8790
vn 0.1159 0.5184 0.8473
vn 0.3904 0.9131 0.1175
vn 0.3670 -0.9291 -0.0454
vn 0.6615 -0.7193 0.2120
vn 0.9675 0.1469 0.2060
vn 0.4704 -0.6441 0.6032
vn 0.2122 0.9670 -0.1413
vn -0.3191 0.0544 0.9462
vn -0.4618 -0.6143 0.6398
vn 0.8400 -0.1502 -0.5214
vn 0.5381 -0.6272 0.5631
vn 0.7828 0.2303 0.5781
vn 0.3927 0.7397 0.5465
vn 0.3693 -0.8511 0.3733
vn 0.5151 0.4879 0.7047
vn 0.8927 0.4493 0.0361
vn 0.7663 -0.6236 0.1550
vn 0.5941 -0.7315 0.3345
vn 0.9002 -0.4274 -0.0834
vn 0.3699 -0.6106 0.7002
vn -0.6308 0.0895 0.7708
vn 0.8110 0.1625 0.5620
vn -0.0652 0.5163 0.8539
vn -0.4012 -0.5390 0.7406
vn -0.4867 -0.5900 0.6442
vn -0.0568 -0.6119 0.7889
vn 0.2211 -0.6550 0.7225
vn -0.1215 -0.5578 0.8210
vn 0.1379 0.7207 0.6794
vn 0.8601 -0.0397 -0.5085
vn 0.4699 -0.8566 -0.2130
vn 0.6150 -0.4960 0.6130
vn -0.4655 -0.6003 0.6504
vn -0.4151 -0.4575 0.7864
vn 0.7743 0.2568 0.5783
vn 0.5533 -0.7931 -0.2546
vn 0.9488 0.0341 -0.3139
vn 0.7352 -0.2220 0.6405
vn 0.4602 0.7520 0.4718
vn 0.3009 0.9056 0.2988
vn 0.4116 0.8846 -0.2193
vn 0.1285 -0.9896 -0.0642
vn 0.5168 0.6015 0.6091
vn 0.9234 0.3347 -0.1878
vn 0.7326 -0.4690 0.4932
vn 0.0418 -0.1851 0.9818
vn 0.3241 0.6657 0.6721
vn -0.4175 0.4823 0.7701
vn 0.4928 0.4281 0.7575
vn -0.1881 0.1502 0.9706
vn 0.3972 -0.9100 0.1193
vn 0.0995 -0.5133 0.8524
vn 0.8152 -0.3859 0.4319
vn 0.2864 0.6596 0.6949
vn 0.1694 -0.0119 0.9855
vn 0.9804 0.1696 0.0999
vn 0.5906 0.7855 0.1847
vn -0.0094 0.9303 0.3666
vn 0.4808 0.4339 0.7620
vn 0.9552 -0.2157 0.2024
vn 0.3490 -0.9302 0.1133
vn 0.0491 -0.5385 0.8412
vn -0.2900 0.3777 0.8793
vn 0.5168 -0.8131 0.2681
vn 0.3970 -0.8091 0.4332
vn 0.3835 -0.8632 0.3284
vn 0.5980 -0.6592 0.4559
vn 0.4718 0.5435 0.6943
vn -0.3443 -0.8068 0.4800
vn -0.2903 -0.7664 0.5731
vn 0.5622 -0.6672 0.4887
vn 0.5198 -0.7860 0.3346
vn 0.4512 -0.6888 0.5674
vn -0.0525 -0.1550 0.9865
vn -0.0296 -0.0478 0.9984
vn -0.2550 -0.2910 0.9221
vn -0.6140 -0.4544 0.6453
vn -0.1406 -0.4271 0.8932
vn -0.2887 -0.6007 0.7455
vn -0.2001 -0.7599 0.6185
vn 0.0272 -0.6949 0.7186
vn 0.0414 -0.8411 0.5393
vn 0.2114 -0.7499 0.6268
vn 0.1315 -0.3656 0.9215
vn 0.3460 0.3992 0.8491
vn 0.8157 0.4867 0.3126
vn 0.7444 -0.6237 -0.2386
vn 0.8402 -0.5059 0.1955
vn 0.2707 -0.9618 -0.0398
vn 0.7869 -0.1836 -0.5891
vn 0.3354 0.3815 0.8614
vn 0.2229 -0.4199 0.8798
vn 0.8481 -0.4928 0.1947
vn 0.6588 -0.7273 -0.1926
vn 0.5616 -0.5478 0.6201
vn 0.1537 0.8556 0.4943
vn 0.3410 0.4954 0.7989
vn 0.6366 -0.5816 0.5065
vn 0.4183 0.2652 0.8687
vn 0.8308 0.4362 0.3457
vn -0.0123 0.5651 0.8249
vn -0.1167 0.5219 0.8450
vn -0.3082 0.4915 0.8145
vn 0.9349 -0.3447 0.0842
vn -0.0395 0.3153 0.9482
vn 0.9745 -0.2123 0.0726
vn -0.0791 0.2225 0.9717
vn 0.9942 -0.0920 0.0562
vn -0.0299 0.0990 0.9946
vn 0.9249 0.3002 -0.2333
vn 0.2873 -0.9325 0.2189
vn 0.5558 0.6413 0.5289
vn 0.5610 0.5929 0.5776
vn 0.2818 0.3485 0.8939
vn 0.5974 -0.5739 0.5602
vn 0.2082 -0.5382 0.8167
vn -0.2647 -0.5570 0.7872
vn 0.6905 -0.2562 0.6764
vn 0.2968 -0.3365 0.8937
vn -0.0224 -0.7171 0.6966
vn 0.8492 -0.4558 -0.2667
vn 0.8629 -0.4482 -0.2337
vn 0.4463 0.8310 0.3320
vn 0.9473 -0.2901 -0.1356
vn -0.3023 0.0092 0.9532
vn 0.9863 -0.1420 -0.0836
vn 0.7516 -0.5786 -0.3167
vn -0.4699 0.0306 -0.8822
vn 0.1741 -0.6486 -0.7409
vn 0.3615 -0.9273 -0.0973
vn -0.8694 -0.2551 -0.4231
vn -0.2356 -0.7657 -0.5985
vn 0.4139 0.0405 -0.9094
vn -0.3099 0.7973 -0.5179
vn -0.8651 0.4821 -0.1385
vn -0.9852 -0.0569 0.1620
vn -0.9122 -0.3990 -0.0928
vn -0.9913 0.1315 0.0090
vn -0.7910 -0.3017 -0.5322
vn -0.7791 0.2977 -0.5518
vn 0.6917 -0.2867 0.6628
vn 0.8721 0.2387 0.4272
vn 0.5149 0.0856 0.8529
vn 0.8978 0.4404 0.0098
vn 0.0485 0.5348 0.8436
vn -0.1387 -0.2238 0.9647
vn 0.4143 -0.8161 0.4029
vn 0.9496 -0.2750 -0.1504
vn 0.3071 0.9512 -0.0293
vn 0.7771 0.5582 -0.2906
vn 0.5360 -0.6322 -0.5594
vn 0.5486 -0.6510 0.5246
vn 0.5933 -0.5752 0.5632
vn 0.2638 -0.3924 0.8812
vn 0.5734 0.5983 0.5597
vn 0.2299 0.5123 0.8275
vn 0.0307 0.6751 0.7370
vn -0.2735 0.4546 0.8477
vn 0.6973 0.2449 0.6737
vn 0.3280 0.3152 0.8906
vn -0.1427 0.7839 0.6043
vn 0.9372 -0.2744 -0.2153
vn 0.8566 0.4557 -0.2419
vn 0.9600 0.2408 -0.1425
vn 0.6867 0.6143 -0.3887
vn 0.7567 0.6487 0.0810
vn 0.7419 -0.6661 0.0770
vn 0.6826 -0.6966 -0.2208
vn 0.6153 -0.7301 -0.2973
vn 0.5223 -0.8498 -0.0714
vn 0.6660 -0.7449 -0.0392
vn 0.9261 -0.0370 0.3754
vn 0.5465 0.6599 0.5157
vn 0.3197 -0.9471 0.0283
vn -0.2505 -0.7719 0.5844
vn -0.0379 -0.7174 0.6957
vn 0.1144 -0.5796 0.8068
vn 0.9534 -0.2122 0.2146
vn 0.9945 0.0536 -0.0904
vn 0.9974 0.0500 0.0513
vn 0.9843 -0.1614 -0.0715
vn 0.9389 -0.2244 -0.2609
vn 0.9182 -0.3912 -0.0620
vn 0.8332 -0.4648 -0.2996
vn 0.8258 -0.5601 -0.0658
vn 0.7810 -0.6142 0.1133
vn 0.9111 -0.3951 0.1175
vn 0.9833 -0.1690 0.0678
vn 0.9646 -0.0292 -0.2621
vn 0.7055 -0.6767 -0.2106
vn -0.1658 -0.7474 0.6433
vn 0.6250 -0.6918 -0.3616
vn 0.2295 -0.9716 -0.0585
vn 0.7814 -0.2159 -0.5855
vn 0.8182 -0.3504 -0.4558
vn 0.8736 -0.1792 -0.4524
vn 0.5984 -0.6458 0.4741
vn 0.6167 -0.6268 -0.4763
vn 0.8993 -0.0476 -0.4346
vn 0.9041 0.0529 -0.4241
vn 0.7080 0.5117 -0.4867
vn 0.7450 0.5582 0.3653
vn 0.3468 -0.9238 -0.1623
vn 0.4569 -0.8586 -0.2325
vn 0.7874 -0.1992 -0.5834
vn 0.6902 -0.5271 -0.4959
vn 0.9971 -0.0168 -0.0747
vn 0.3222 0.0128 0.9466
vn 0.9970 -0.0195 -0.0743
vn 0.3248 0.0167 0.9456
vn 0.5930 0.6903 0.4146
vn 0.7038 -0.4966 0.5080
vn 0.6370 0.6285 -0.4463
vn 0.7403 -0.4575 -0.4926
vn 0.8644 0.4688 0.1820
vn 0.3066 -0.3832 0.8713
vn 0.6592 0.7228 -0.2071
vn 0.7765 0.1670 -0.6076
vn 0.7321 0.6298 -0.2596
vn 0.3203 -0.3733 0.8706
vn 0.8633 0.4729 0.1761
vn 0.8377 -0.5057 0.2062
vn 0.3578 0.4775 0.8025
vn 0.2591 0.9648 -0.0448
vn 0.2437 0.4568 0.8556
vn 0.8531 -0.4476 0.2683
vn 0.7739 0.2131 -0.5963
vn 0.6365 0.7250 0.2630
vn 0.8108 0.5511 -0.1973
vn 0.5348 0.8372 -0.1144
vn 0.3641 0.9224 -0.1287
vn 0.2294 0.9713 -0.0632
vn 0.5399 0.4934 0.6820
vn 0.7278 0.5056 -0.4633
vn 0.9595 0.2300 0.1626
vn 0.9927 0.1096 0.0498
vn 0.9533 0.1695 -0.2499
vn 0.8709 0.3807 -0.3107
vn 0.8813 0.2159 -0.4203
vn 0.7927 0.3376 -0.5076
vn 0.7863 0.1966 -0.5857
vn 0.4621 0.8439 -0.2725
vn 0.4532 -0.4900 0.7446
vn 0.0829 -0.0103 0.9965
vn -0.1848 -0.8572 0.4806
vn -0.0817 -0.5924 0.8015
vn -0.8109 -0.3224 0.4883
vn -0.4430 -0.8866 0.1332
vn -0.1046 0.1708 -0.9797
vn -0.3032 -0.9462 0.1130
vn -0.4438 -0.8618 0.2454
vn 0.9241 -0.3484 -0.1568
vn -0.3225 -0.9450 0.0547
vn 0.1930 -0.1144 -0.9745
vn 0.8768 -0.2237 -0.4256
vn 0.2327 0.0641 0.9704
vn -0.9396 0.3383 -0.0524
vn -0.3055 -0.6691 -0.6775
vn -0.0324 0.0608 -0.9976
vn -0.7542 -0.6163 0.2266
vn -0.7507 -0.4852 0.4484
vn -0.6022 -0.7795 0.1727
vn -0.9381 -0.1578 0.3082
vn -0.9273 -0.2755 0.2535
vn -0.8688 -0.4344 0.2378
vn -0.9547 0.0108 0.2975
vn -0.8517 -0.0072 0.5239
vn -0.8470 -0.1753 0.5018
vn -0.6049 -0.6976 0.3841
vn -0.9075 0.2873 -0.3065
vn -0.3195 -0.9451 0.0691
vn -0.1755 -0.9842 -0.0243
vn 0.6357 0.3987 0.6610
vn 0.9957 0.0379 0.0845
vn 0.5937 0.5634 0.5746
vn 0.5897 -0.3044 0.7481
vn -0.5549 -0.5265 0.6441
vn 0.5315 -0.7686 -0.3560
vn 0.5823 -0.6063 0.5416
vn 0.5105 0.6967 0.5040
vn 0.6189 -0.5332 0.5768
vn -0.2059 0.7774 0.5944
vn -0.3379 0.8158 0.4693
vn 0.5338 -0.5738 0.6211
vn 0.6799 0.4645 0.5675
vn 0.9100 0.0399 0.4128
vn 0.4087 0.7731 0.4851
vn 0.3469 0.7108 0.6119
vn -0.3622 -0.7786 0.5125
vn -0.4206 -0.6757 0.6054
vn 0.3636 -0.7951 0.4855
vn 0.3293 -0.9018 0.2799
vn 0.1230 -0.9917 0.0368
vn 0.5388 -0.7381 -0.4061
vn 0.4509 0.7773 0.4389
vn 0.6287 -0.5586 0.5411
vn 0.9696 -0.1137 -0.2167
vn 0.9435 0.1502 -0.2954
vn 0.8990 0.4081 -0.1588
vn 0.8221 0.5502 -0.1467
vn 0.7585 0.6517 0.0062
vn 0.7235 0.6774 0.1334
vn 0.6116 0.7733 0.1671
vn 0.4872 0.8593 0.1555
vn 0.4763 0.8558 0.2020
vn 0.5192 0.7766 0.3569
vn -0.0003 0.8155 0.5788
vn -0.2205 0.8401 0.4956
vn -0.0682 0.6951 0.7157
vn -0.8973 0.3395 0.2821
vn -0.9514 0.1883 0.2436
vn -0.8474 0.4758 0.2357
vn -0.7112 0.6611 0.2390
vn -0.5010 0.8485 0.1704
vn -0.3898 0.9176 0.0779
vn 0.3107 0.0771 -0.9474
vn -0.8546 -0.2835 -0.4351
vn 0.3674 0.0967 -0.9250
vn 0.3644 -0.8329 -0.4165
vn -0.0101 -0.1016 -0.9948
vn -0.6527 0.0397 0.7565
vn 0.1402 0.6430 -0.7529
vn -0.1335 0.3536 -0.9258
vn -0.2315 0.9623 -0.1429
vn -0.2435 0.9684 0.0538
vn -0.8520 0.1627 0.4976
vn -0.8183 0.3119 0.4828
vn -0.7320 0.5168 0.4440
vn -0.5488 0.7623 0.3431
vn 0.9994 -0.0137 0.0331
vn 0.4871 -0.8726 -0.0379
vn 0.1605 0.9863 -0.0385
vn -0.0373 0.9993 -0.0027
vn 0.8184 0.3678 -0.4416
vn -0.9005 0.1747 0.3981
vn 0.8056 0.5219 -0.2805
vn 0.9334 -0.1686 -0.3166
vn 0.8649 0.3984 -0.3054
vn -0.0584 0.9956 -0.0727
vn 0.3751 0.9144 -0.1518
vn 0.0713 -0.9968 0.0366
vn 0.4464 -0.8935 -0.0483
vn 0.9499 0.3093 -0.0458
vn -0.1611 -0.0059 -0.9869
vn -0.1284 0.9862 -0.1042
vn -0.2653 0.9642 -0.0021
vn -0.1744 -0.6347 0.7529
vn -0.7607 0.6101 0.2215
vn 0.7558 0.2919 -0.5861
vn 0.6483 -0.6550 -0.3882
vn 0.7033 -0.6497 -0.2886
vn 0.9851 0.1184 -0.1251
vn -0.1120 0.0314 -0.9932
vn 0.5366 0.8438 -0.0088
vn -0.2898 0.9571 -0.0035
vn -0.2438 0.9511 -0.1895
vn -0.3238 0.9441 -0.0618
vn -0.0455 0.9919 -0.1188
vn 0.8604 -0.1532 -0.4860
vn 0.3747 -0.9253 -0.0588
vn 0.5775 -0.7813 -0.2369
vn 0.6594 0.4974 -0.5637
vn -0.0631 -0.9742 0.2167
vn 0.8259 0.1422 -0.5456
vn 0.8749 0.4366 -0.2096
vn -0.9462 0.2369 0.2204
vn 0.0049 -0.9986 0.0533
vn 0.0831 -0.9962 0.0260
vn 0.9586 -0.0628 -0.2777
vn 0.1783 -0.9834 0.0321
vn 0.9125 0.2712 -0.3064
vn 0.3063 0.9351 -0.1782
vn 0.2950 -0.9554 -0.0139
vn 0.9047 -0.3463 -0.2483
vn 0.9814 0.0791 -0.1747
vn 0.0159 0.9963 -0.0840
vn 0.0589 0.9954 -0.0753
vn 0.2966 -0.9549 -0.0168
vn 0.9069 0.3127 -0.2823
vn -0.2047 0.9788 0.0042
vn 0.4708 -0.8790 -0.0759
vn 0.7540 -0.6472 -0.1124
vn -0.0420 0.9972 -0.0623
vn -0.8108 -0.5582 0.1761
vn 0.6302 0.7629 -0.1443
vn 0.7071 -0.7020 -0.0848
vn -0.1456 0.9893 0.0069
vn -0.2823 -0.9564 0.0754
vn 0.9559 0.2323 -0.1795
vn 0.3212 0.9448 -0.0640
vn -0.1564 0.9877 -0.0021
vn 0.9449 0.3037 -0.1224
vn 0.9415 0.2970 -0.1589
vn 0.2996 0.9513 -0.0727
vn -0.1716 0.9852 -0.0016
vn 0.9281 0.3282 -0.1757
vn -0.2198 0.9755 0.0089
vn 0.5393 -0.8377 -0.0864
vn 0.5082 0.8538 -0.1129
vn 0.4858 0.8655 -0.1223
vn -0.2370 0.9715 0.0096
vn -0.6284 -0.7298 -0.2693
vn 0.1725 0.9626 -0.2091
vn -0.6460 0.7040 0.2950
vn 0.8400 -0.4524 -0.2996
vn -0.9942 -0.0758 -0.0767
vn 0.7058 -0.6644 -0.2457
vn 0.7984 0.1528 -0.5824
vn -0.0007 0.9871 -0.1598
vn 0.8034 -0.2488 -0.5410
vn 0.7079 -0.6388 -0.3013
vn -0.1481 -0.9645 0.2188
vn 0.7514 -0.6192 -0.2279
vn 0.6145 -0.7762 -0.1408
vn -0.9009 -0.3013 0.3124
vn -0.8603 -0.4400 0.2575
vn -0.1199 0.9908 -0.0632
vn 0.9071 -0.2423 -0.3442
vn 0.7918 0.5194 -0.3214
vn 0.4301 -0.9001 -0.0702
vn 0.8932 0.1250 -0.4319
vn -0.1386 0.9893 -0.0464
vn 0.4264 0.8725 -0.2388
vn 0.0049 0.9842 -0.1769
vn 0.7478 0.5829 -0.3179
vn 0.9227 0.0433 -0.3831
vn 0.2773 0.9231 -0.2666
vn 0.8393 -0.2270 -0.4939
vn 0.9728 0.0004 -0.2315
vn -0.2125 0.9771 -0.0047
vn 0.0895 0.9760 -0.1985
vn 0.1770 -0.9842 -0.0095
vn 0.8463 -0.3859 -0.3672
vn 0.8774 0.3867 -0.2840
vn 0.3807 0.8804 -0.2827
vn 0.9792 0.1745 -0.1035
vn -0.2194 0.9756 -0.0119
vn 0.9305 0.0040 -0.3662
vn -0.1669 0.9839 -0.0638
vn 0.9227 -0.0731 -0.3786
vn 0.5710 -0.7854 -0.2390
vn 0.7622 0.5098 -0.3990
vn 0.7840 -0.4507 -0.4269
vn 0.6348 0.6582 -0.4047
vn -0.0533 0.9936 -0.1000
vn 0.6975 -0.6735 -0.2447
vn 0.6670 0.6082 -0.4304
vn 0.7316 0.5294 -0.4296
vn -0.2060 0.9778 -0.0390
vn -0.1227 0.9919 -0.0318
vn 0.8178 0.4307 -0.3816
vn 0.5876 -0.7416 -0.3237
vn 0.4841 -0.8746 -0.0276
vn 0.6082 0.4186 -0.6744
vn 0.6519 -0.7549 -0.0720
vn 0.1724 0.9850 -0.0121
vn 0.9389 -0.1288 0.3192
vn 0.7380 0.5729 -0.3564
vn 0.9527 0.2975 -0.0619
vn 0.7419 -0.6705 -0.0073
vn 0.8649 0.4976 -0.0657
vn 0.8978 0.4372 -0.0531
vn 0.9988 0.0353 0.0339
vn 0.2164 0.9748 -0.0551
vn -0.9945 -0.0694 0.0780
vn -0.9956 0.0912 0.0207
vn -0.3992 0.8900 -0.2202
vn -0.5746 0.7684 -0.2818
vn -0.5639 0.8179 -0.1144
vn -0.9705 0.1290 -0.2039
vn -0.9897 -0.1345 0.0482
vn -0.9197 0.3448 -0.1877
vn -0.8992 0.2780 -0.3378
vn -0.7699 0.6166 -0.1646
vn -0.7570 0.5700 -0.3194
vn -0.5805 0.8138 0.0261
vn -0.9900 -0.0540 -0.1303
vn -0.9757 0.2183 -0.0166
vn -0.8579 0.5011 -0.1138
vn -0.9032 0.4276 0.0378
vn -0.7666 0.6421 0.0081
vn -0.9623 0.1079 0.2496
vn 0.0279 0.7423 -0.6695
vn -0.9478 -0.1181 -0.2962
vn -0.9236 -0.2448 -0.2951
vn -0.2559 -0.9598 -0.1153
vn 0.2083 -0.9731 0.0980
vn -0.2760 -0.9585 0.0711
vn -0.2324 -0.9255 -0.2989
vn -0.4396 -0.8768 -0.1949
vn -0.6327 -0.7110 -0.3069
vn -0.7463 -0.6455 -0.1625
vn -0.5819 -0.8035 -0.1260
vn -0.8061 -0.4787 -0.3479
vn -0.8848 -0.4070 -0.2269
vn -0.8658 -0.4988 -0.0393
vn -0.9512 -0.2804 -0.1290
vn -0.9571 -0.2883 0.0288
vn -0.7442 -0.6679 0.0124
vn -0.5374 -0.8428 -0.0295
vn 0.7069 -0.6781 -0.2010
vn 0.0016 -0.9950 0.0999
vn -0.0087 -0.9997 -0.0247
vn -0.9457 -0.3064 0.1088
vn 0.6617 0.7428 -0.1016
vn 0.9716 0.2293 -0.0579
vn 0.3251 -0.9397 -0.1060
vn 0.7615 0.6448 -0.0660
vn 0.4767 0.8769 -0.0614
vn 0.7296 0.6776 -0.0920
vn 0.9120 -0.3980 0.0992
vn -0.3382 0.2529 -0.9065
vn -0.0104 -0.9924 -0.1223
vn -0.1174 -0.9827 -0.1434
vn -0.9080 0.3285 0.2600
vn 0.4595 -0.8632 0.2093
vn -0.7229 0.5785 0.3778
vn 0.5717 0.8143 -0.1002
vn 0.5126 0.8490 -0.1277
vn 0.2177 -0.9629 -0.1594
vn 0.9313 -0.3513 -0.0967
vn 0.3155 0.9476 -0.0510
vn 0.8863 -0.1461 -0.4394
vn 0.3192 0.9474 -0.0242
vn 0.8342 0.5512 -0.0170
vn 0.2648 0.9637 -0.0333
vn 0.6743 -0.7363 -0.0561
vn 0.9744 -0.2054 0.0918
vn 0.6325 -0.7733 0.0439
vn 0.8349 0.5488 -0.0422
vn 0.6324 -0.7745 -0.0137
vn 0.3974 0.9154 -0.0645
vn 0.9691 0.2466 0.0092
vn 0.9842 -0.1487 0.0959
vn -0.2202 -0.9751 0.0280
vn 0.9572 0.2732 0.0955
vn 0.9883 -0.1378 0.0655
vn -0.5931 -0.8026 0.0633
vn 0.9878 0.1514 0.0360
vn 0.6668 -0.7423 0.0656
vn -0.3187 -0.9478 0.0117
vn -0.8035 -0.5921 -0.0627
vn 0.5705 -0.8055 0.1604
vn 0.2924 -0.9553 -0.0425
vn 0.6815 0.7204 -0.1287
vn 0.8131 0.5762 -0.0831
vn -0.5274 -0.8462 0.0764
vn 0.4619 0.8836 -0.0774
vn 0.5683 0.8165 -0.1018
vn -0.1658 -0.9859 -0.0228
vn -0.9002 0.3159 0.2997
vn 0.0607 -0.9938 -0.0931
vn 0.9152 -0.1251 -0.3831
vn -0.6117 0.7645 0.2033
vn 0.8678 -0.0432 -0.4950
vn 0.8440 -0.5009 -0.1919
vn 0.5184 -0.8180 -0.2493
vn 0.9401 0.0331 -0.3393
vn 0.4058 -0.8714 -0.2756
vn -0.7023 -0.6870 0.1866
vn -0.7890 0.5159 0.3337
vn 0.9294 -0.1870 -0.3181
vn 0.8988 -0.3479 -0.2666
vn 0.6989 -0.6424 -0.3145
vn -0.4228 -0.9040 0.0638
vn 0.0568 -0.9844 -0.1664
vn -0.1690 -0.9839 0.0573
vn 0.7999 0.5480 -0.2446
vn 0.9322 -0.0470 -0.3588
vn 0.6425 0.7588 -0.1069
vn 0.6486 -0.7359 -0.1944
vn 0.9411 -0.2129 -0.2627
vn -0.7681 0.5958 0.2345
vn -0.3856 -0.9209 0.0580
vn 0.0861 -0.9900 -0.1116
vn -0.1083 -0.9938 -0.0261
vn 0.2166 -0.9717 -0.0948
vn -0.2035 -0.9791 0.0041
vn -0.0804 -0.9947 -0.0643
vn 0.8342 -0.5360 -0.1292
vn -0.1770 -0.9842 -0.0066
vn 0.1316 -0.9857 -0.1055
vn -0.6900 0.7042 0.1674
vn 0.3964 -0.8949 -0.2052
vn -0.8874 0.3455 0.3053
vn 0.8742 -0.0634 -0.4814
vn 0.7823 -0.4455 -0.4354
vn 0.8704 -0.4169 -0.2619
vn 0.9344 0.1064 -0.3399
vn 0.7895 -0.5318 -0.3063
vn 0.5815 -0.7137 -0.3906
vn 0.8288 -0.1125 -0.5481
vn 0.7995 0.0324 -0.5998
vn 0.3154 0.9486 -0.0279
vn 0.8563 -0.3009 -0.4197
vn 0.9440 0.2724 -0.1861
vn 0.9061 0.2395 -0.3487
vn -0.8290 0.4746 0.2959
vn 0.5804 -0.7562 -0.3023
vn 0.5668 -0.7841 -0.2526
vn 0.3179 0.9469 -0.0486
vn 0.5748 0.8168 -0.0503
vn 0.9110 0.3993 -0.1033
vn 0.9840 -0.1585 -0.0809
vn 0.9623 -0.2652 -0.0610
vn 0.5123 0.8588 0.0019
vn 0.9849 0.1616 -0.0614
vn 0.4580 -0.8881 -0.0390
vn 0.9955 -0.0576 -0.0749
vn 0.2559 -0.9653 -0.0529
vn 0.9832 -0.1790 0.0358
vn 0.3440 0.9386 -0.0251
vn 0.9645 -0.2323 -0.1258
vn -0.1841 -0.9829 0.0039
vn -0.1428 -0.9897 0.0031
vn 0.5750 -0.8152 -0.0691
vn 0.9131 -0.3735 -0.1634
vn 0.9482 -0.1559 -0.2767
vn 0.3275 0.9432 -0.0556
vn 0.8878 -0.4108 -0.2077
vn 0.2853 0.9584 0.0001
vn 0.8375 0.5186 -0.1720
vn -0.2560 0.9633 0.0810
vn 0.3407 -0.9294 -0.1415
vn 0.5914 -0.7973 -0.1210
vn 0.9882 0.0067 -0.1533
vn 0.5102 0.8596 -0.0278
vn 0.0463 -0.9989 -0.0076
vn -0.7323 0.6809 0.0035
vn 0.6386 -0.7695 -0.0049
vn 0.6629 0.7480 -0.0324
vn 0.9962 0.0858 -0.0177
vn 0.8294 -0.5578 0.0319
vn 0.9964 0.0699 -0.0478
vn -0.9875 0.0614 -0.1454
vn 0.8782 0.4774 0.0292
vn 0.8194 -0.5658 -0.0919
vn -0.9084 0.4064 -0.0983
vn -0.1783 -0.9832 0.0382
vn 0.1595 0.9871 -0.0124
vn 0.6805 -0.7322 0.0265
vn 0.8691 0.4936 -0.0318
vn 0.1371 -0.9905 0.0088
vn 0.9497 -0.3107 -0.0391
vn 0.4681 0.8832 -0.0282
vn 0.9690 -0.2469 -0.0015
vn 0.8443 -0.5353 -0.0250
vn 0.9793 0.1660 -0.1155
vn -0.9743 0.2246 -0.0159
vn -0.0258 -0.9995 0.0191
vn 0.6525 0.7574 -0.0218
vn 0.9676 -0.2526 0.0047
vn -0.3202 -0.9471 -0.0188
vn -0.3395 -0.9405 -0.0163
vn 0.5293 -0.8450 0.0758
vn 0.5210 -0.8307 0.1962
vn 0.6082 -0.7542 0.2476
vn 0.6109 -0.7824 0.1212
vn 0.9257 -0.2324 -0.2983
vn 0.9055 -0.4168 -0.0795
vn 0.8153 -0.5753 0.0648
vn 0.7297 -0.6686 0.1430
vn 0.3193 0.4272 0.8459
vn 0.8998 0.3152 0.3018
vn 0.4301 -0.9025 -0.0237
vn 0.7145 0.3452 -0.6085
vn 0.5673 0.6175 0.5449
vn 0.6457 -0.2724 0.7134
vn 0.6387 -0.2122 0.7396
vn 0.3759 0.6296 0.6799
vn -0.6066 -0.3581 0.7098
vn -0.1207 -0.4892 0.8638
vn -0.0650 0.6959 0.7152
vn -0.4572 0.5751 0.6784
vn 0.9491 -0.1396 -0.2823
vn 0.6192 0.7606 -0.1953
vn 0.6903 0.2968 0.6598
vn 0.7792 -0.2685 0.5664
vn 0.4384 -0.6243 0.6465
vn -0.4181 -0.3510 0.8378
vn 0.5844 0.3817 0.7161
vn -0.3590 0.4919 0.7932
vn 0.8999 -0.4242 -0.1016
vn 0.3631 0.7210 0.5902
vn 0.7278 0.6627 0.1766
vn 0.4574 0.8576 -0.2353
vn 0.3358 0.8127 0.4763
vn -0.4410 0.1045 0.8914
vn 0.2060 -0.6608 0.7217
vn 0.7585 -0.6300 0.1668
vn 0.7362 0.6491 0.1913
vn 0.6681 0.6972 0.2598
vn 0.9953 -0.0782 -0.0573
vn 0.9329 0.1847 0.3092
vn -0.4530 0.6044 0.6553
vn 0.6022 0.5841 0.5442
vn 0.5787 0.6907 -0.4337
vn 0.6209 0.6202 -0.4794
vn 0.6079 0.7191 -0.3366
vn -0.4416 0.6926 0.5703
vn -0.3016 0.7675 0.5657
vn 0.0667 0.9880 0.1396
vn 0.9036 -0.4273 -0.0312
vn -0.2038 -0.9790 0.0022
vn -0.2361 0.9709 0.0413
vn -0.9249 0.3423 0.1653
vn -0.9896 0.1312 0.0583
vn -0.7930 0.5854 0.1687
vn 0.0684 0.9976 -0.0096
vn -0.7478 0.6632 0.0311
vn -0.9660 0.2538 -0.0485
vn -0.2605 0.9649 -0.0319
vn -0.4355 0.8993 -0.0398
vn -0.9957 -0.0390 0.0840
vn -0.8675 0.4973 -0.0081
vn -0.9978 0.0616 0.0224
vn -0.9956 0.0909 -0.0235
vn -0.5768 -0.8161 0.0363
vn 0.1381 0.9904 -0.0041
vn 0.8278 -0.5097 -0.2342
vn -0.6655 -0.7462 0.0147
vn -0.8600 -0.5048 -0.0747
vn -0.5953 -0.0299 0.8029
vn -0.6843 0.1744 0.7080
vn -0.1749 0.9303 0.3225
vn -0.7281 0.0608 0.6828
vn -0.4312 -0.8899 0.1486
vn -0.7111 -0.5638 0.4201
vn -0.1517 0.9334 0.3253
vn -0.8095 -0.0614 0.5838
vn -0.3319 0.8588 0.3902
vn -0.6503 -0.0969 0.7535
vn -0.3884 0.6408 0.6622
vn 0.1111 -0.3282 -0.9381
vn -0.5868 -0.6383 0.4983
vn -0.2950 0.6988 0.6516
vn -0.9241 0.2392 0.2981
vn -0.3571 0.8717 0.3356
vn -0.8145 0.4698 0.3403
vn -0.8457 0.2473 -0.4729
vn 0.2617 0.9638 0.0513
vn 0.9288 0.3554 0.1052
vn -0.7283 0.1681 -0.6643
vn 0.2812 0.9596 0.0079
vn -0.9231 0.2974 0.2440
vn -0.7561 -0.6544 0.0015
vn -0.3722 -0.9277 0.0275
vn -0.6803 -0.7100 0.1819
vn -0.9053 0.0857 0.4160
vn -0.7952 0.3836 0.4695
vn -0.8086 0.0815 0.5827
vn -0.8711 -0.1441 0.4696
vn -0.8034 0.4542 0.3850
vn -0.7363 0.6508 0.1854
vn -0.8312 -0.3208 0.4542
vn -0.4090 -0.9085 0.0856
vn 0.4201 0.9039 -0.0802
vn -0.8068 0.0210 0.5905
vn -0.2624 0.9221 0.2844
vn 0.4507 -0.4299 -0.7823
vn -0.6014 -0.7765 0.1880
vn -0.8500 0.3800 0.3649
vn -0.8365 -0.2405 0.4924
vn -0.8461 0.2302 0.4807
vn -0.4728 -0.8706 0.1358
vn -0.9518 -0.1788 0.2493
vn -0.9591 0.1106 0.2607
vn 0.8553 0.4309 -0.2877
vn -0.4767 -0.8400 0.2591
vn -0.6109 -0.2740 0.7428
vn -0.5972 -0.6548 0.4634
vn -0.5472 0.2168 0.8085
vn -0.2014 -0.9790 -0.0310
vn 0.4163 0.8929 -0.1716
vn -0.5890 -0.6651 0.4590
vn -0.0485 0.9497 0.3094
vn -0.6415 -0.4799 0.5984
vn -0.3788 0.6480 0.6607
vn -0.2459 0.8240 0.5104
vn -0.6761 -0.4457 0.5867
vn 0.1290 -0.5209 -0.8438
vn -0.6015 0.3238 0.7303
vn 0.4779 -0.5331 -0.6982
vn -0.6728 -0.4895 0.5547
vn -0.3938 0.6903 0.6070
vn -0.4774 0.4885 0.7304
vn 0.6782 0.2839 -0.6778
vn 0.1540 0.9765 0.1510
vn 0.6107 0.6691 -0.4236
vn -0.3666 -0.9286 0.0582
vn 0.0227 0.9654 0.2597
vn -0.1171 0.9044 0.4103
vn -0.5694 -0.7036 0.4251
vn -0.5265 0.3219 0.7869
vn -0.6398 -0.0532 0.7667
vn -0.4941 0.4472 0.7456
vn -0.1369 0.8815 0.4518
vn -0.5537 -0.7286 0.4032
vn 0.2137 0.9752 0.0569
vn -0.6381 0.0903 0.7646
vn -0.2849 -0.9581 0.0296
vn 0.6559 0.2400 -0.7157
vn -0.1020 0.8918 0.4408
vn -0.7068 -0.0118 0.7074
vn 0.1994 0.9679 0.1530
vn -0.0024 -0.8857 -0.4642
vn -0.6251 -0.4501 0.6377
vn -0.0832 0.8903 0.4477
vn -0.6218 -0.5273 0.5790
vn 0.2482 -0.7933 -0.5560
vn -0.1489 0.8561 0.4949
vn -0.3613 -0.9298 0.0706
vn -0.7280 -0.5741 0.3748
vn -0.1591 0.9538 0.2549
vn -0.0189 0.9777 0.2091
vn -0.6190 -0.7251 0.3018
vn -0.3843 0.8664 0.3188
vn -0.2732 0.9072 0.3199
vn -0.0758 0.9627 0.2597
vn -0.8009 0.2629 0.5380
vn 0.2709 0.9626 -0.0015
vn -0.2374 0.9304 0.2793
vn -0.7585 0.3002 0.5784
vn 0.8067 -0.2037 -0.5548
vn -0.7078 0.0554 0.7042
vn -0.5072 -0.6815 0.5276
vn -0.9046 0.0462 0.4237
vn -0.5540 0.7164 0.4242
vn -0.6938 0.2175 0.6866
vn -0.5879 -0.7555 0.2891
vn -0.8057 -0.2249 0.5480
vn -0.6874 -0.6200 0.3782
vn -0.6194 -0.7439 0.2511
vn 0.0798 0.9879 0.1329
vn -0.6103 0.1922 0.7685
vn -0.1330 0.9352 0.3283
vn -0.7149 -0.0789 0.6947
vn -0.3111 -0.9487 0.0557
vn -0.4478 -0.8848 0.1292
vn 0.1446 0.9857 0.0866
vn 0.0673 0.9881 0.1383
vn -0.7348 0.2077 0.6457
vn -0.8029 0.1297 0.5819
vn -0.4140 0.7753 0.4771
vn -0.2663 -0.9634 -0.0299
vn 0.7872 -0.2324 -0.5712
vn -0.8771 0.0491 0.4777
vn 0.1298 0.9843 0.1196
vn -0.8268 0.0266 0.5618
vn -0.5141 0.7622 0.3933
vn -0.7643 -0.5369 0.3573
vn -0.3154 -0.9459 0.0757
vn 0.7127 -0.3572 -0.6037
vn 0.7436 -0.2131 -0.6337
vn -0.3913 0.4218 0.8179
vn -0.7480 0.1285 0.6512
vn -0.7311 0.1731 0.6600
vn -0.5436 0.6853 0.4845
vn 0.9251 0.0526 -0.3760
vn 0.0323 0.9880 0.1511
vn 0.2856 0.9577 -0.0343
vn -0.7908 0.3408 0.5084
vn -0.6549 0.3147 0.6871
vn -0.5469 0.2967 0.7828
vn -0.2702 0.9161 0.2963
vn -0.6275 -0.2803 0.7264
vn -0.5405 -0.7295 0.4193
vn 0.3935 0.9162 -0.0752
vn -0.5400 -0.0187 0.8415
vn -0.5729 -0.5582 0.6002
vn 0.8033 -0.0670 -0.5918
vn -0.9862 0.1367 -0.0939
vn -0.9282 0.3240 -0.1827
vn 0.7665 0.6394 0.0604
vn -0.7953 0.5995 -0.0899
vn -0.5846 0.7975 -0.1493
vn 0.2801 0.9589 -0.0456
vn -0.4396 -0.8976 0.0327
vn -0.3676 -0.9291 0.0406
vn -0.4229 -0.9058 0.0245
vn -0.6192 -0.7852 0.0082
vn -0.5855 0.2051 0.7843
vn -0.6635 -0.7474 0.0334
vn 0.1893 -0.9576 -0.2170
vn 0.7373 -0.6280 -0.2490
vn -0.9915 0.1066 0.0747
vn -0.0960 0.9948 0.0335
vn -0.9271 -0.3749 -0.0005
vn 0.3064 0.9518 -0.0134
vn -0.0395 0.9992 0.0007
vn -0.8536 0.5038 0.1326
vn -0.6911 0.7225 0.0177
vn 0.2180 0.9756 -0.0242
vn -0.9278 -0.3543 0.1169
vn -0.0657 0.9978 0.0034
vn -0.9941 -0.0009 0.1089
vn -0.3336 0.9382 0.0917
vn -0.1684 -0.9847 -0.0442
vn -0.6251 0.7725 0.1113
vn -0.8018 -0.5964 0.0372
vn -0.8410 0.5224 0.1406
vn -0.4777 -0.8785 0.0096
vn -0.7211 -0.6848 0.1048
vn 0.6372 -0.2489 0.7294
vn -0.9513 -0.3070 0.0271
vn -0.9422 -0.2969 0.1553
vn -0.9625 -0.2391 0.1281
vn -0.8491 0.5041 0.1579
vn -0.5868 0.8011 0.1183
vn 0.9978 -0.0664 0.0012
vn 0.0035 0.9999 -0.0102
vn -0.5194 0.8528 0.0537
vn -0.9710 -0.2250 0.0806
vn -0.7416 0.6454 0.1831
vn -0.4383 -0.8984 0.0283
vn -0.8749 -0.4785 0.0747
vn 0.0176 0.9992 0.0365
vn 0.9876 -0.1570 -0.0003
vn -0.8361 0.4602 0.2985
vn -0.7276 -0.6830 0.0649
vn 0.1808 0.9833 -0.0212
vn -0.3588 0.9310 0.0666
vn -0.5345 0.8357 0.1260
vn 0.1504 0.9886 0.0091
vn -0.5123 0.8466 0.1446
vn -0.9523 -0.2112 0.2201
vn -0.8819 0.4267 0.2004
vn 0.2473 0.9688 -0.0143
vn -0.9507 0.2986 -0.0838
vn 0.2739 0.9526 -0.1325
vn 0.8063 0.5877 0.0669
vn 0.8378 0.5426 0.0609
vn 0.7518 0.6587 0.0302
vn 0.0449 0.9976 -0.0525
vn -0.7401 -0.6700 0.0578
vn -0.7168 0.6878 -0.1146
vn 0.8236 0.5631 0.0675
vn 0.8158 -0.5469 0.1879
vn -0.3878 -0.9217 -0.0053
vn 0.5656 0.7280 -0.3874
vn 0.1256 0.9909 0.0477
vn 0.3361 0.9095 0.2446
vn 0.4552 0.7181 0.5265
vn 0.7143 0.0658 0.6967
vn 0.6357 0.4238 0.6452
vn 0.7033 0.1596 0.6928
vn 0.6521 0.3872 0.6518
vn 0.6085 -0.5290 0.5915
vn 0.6943 -0.1754 0.6980
vn 0.6986 -0.2567 0.6679
vn 0.2161 -0.3354 0.9169
vn 0.2518 0.4611 0.8509
vn 0.8006 0.0067 0.5992
vn 0.0146 0.6842 0.7292
vn 0.1063 0.5375 0.8366
vn 0.2138 0.3283 0.9201
vn 0.2484 -0.4716 0.8461
vn 0.5908 -0.5460 0.5940
vn 0.6442 -0.3655 0.6719
vn 0.7067 -0.0591 0.7051
vn 0.7113 0.6749 -0.1965
vn 0.8933 0.4441 -0.0688
vn 0.8262 -0.5528 -0.1089
vn 0.9209 -0.3883 -0.0354
vn 0.9871 -0.1598 0.0035
vn 0.9816 0.1895 -0.0247
vn 1.0000 0.0043 0.0007
vn -0.0204 -0.6406 0.7676
vn 0.1582 -0.4342 0.8868
vn 0.2099 -0.1745 0.9620
vn 0.1462 0.5129 0.8459
vn -0.0790 -0.0028 0.9969
vn -0.1651 0.7459 0.6453
vn 0.0700 0.5736 0.8161
vn 0.1806 0.2948 0.9383
vn 0.1668 -0.5102 0.8438
vn 0.7560 0.5694 -0.3229
vn 0.9161 0.3832 -0.1181
vn 0.6067 -0.5276 0.5946
vn 0.2864 -0.6729 0.6820
vn 0.9715 0.1740 0.1610
vn 0.8028 0.5956 0.0274
vn 0.7962 0.5308 0.2902
vn 0.9069 0.1913 0.3755
vn 0.9075 0.4105 0.0890
vn 0.6637 0.7472 -0.0334
vn 0.9703 0.2406 -0.0237
vn 0.7278 0.6631 -0.1752
vn 0.0587 0.0539 0.9968
vn 0.9917 0.0513 0.1183
vn 0.8579 0.5137 -0.0115
vn 0.9460 0.0725 0.3160
vn 0.5965 0.7508 -0.2837
vn 0.5424 -0.7862 -0.2961
vn 0.8330 -0.5522 -0.0337
vn 0.8674 -0.4887 -0.0940
vn 0.9682 -0.2498 -0.0155
vn 0.9135 0.4016 -0.0653
vn 0.9869 0.1594 -0.0234
vn 0.5164 -0.6882 0.5096
vn 0.1111 -0.9740 0.1976
vn 0.0125 -0.9917 0.1281
vn 0.9887 -0.0293 0.1473
vn -0.9392 -0.2882 -0.1868
vn -0.8820 -0.3610 0.3028
vn -0.9325 -0.1347 0.3352
vn -0.5148 -0.8085 0.2851
vn 0.4017 -0.9042 -0.1452
vn 0.0147 -0.9446 0.3279
vn -0.0486 -0.9086 0.4149
vn 0.1829 -0.9742 0.1324
vn 0.0026 -0.9279 0.3728
vn 0.2665 -0.9635 0.0271
vn -0.0246 -0.9276 0.3727
vn -0.1183 -0.8544 0.5060
vn 0.1274 -0.9731 0.1920
vn 0.2138 -0.9719 0.0985
vn 0.6379 0.0984 -0.7638
vn -0.6341 0.4589 0.6224
vn -0.1036 -0.9034 0.4160
vn 0.4543 -0.4078 -0.7920
vn -0.2099 -0.8039 0.5565
vn -0.6628 0.4761 0.5779
vn -0.4879 0.7854 0.3809
vn -0.6636 0.0250 0.7477
vn -0.0882 -0.8699 0.4852
vn -0.4828 0.7971 0.3627
vn -0.1377 -0.9738 0.1811
vn -0.9043 -0.1178 0.4104
vn -0.6634 -0.2022 -0.7204
vn -0.4099 0.8925 0.1883
vn -0.3287 0.9421 0.0661
vn -0.3593 -0.0684 0.9307
vn -0.4932 -0.6814 0.5408
vn -0.6860 -0.2285 0.6907
vn -0.4273 0.8955 0.1244
vn -0.6950 -0.4214 0.5826
vn -0.4060 0.9052 0.1254
vn -0.3870 0.9199 0.0639
vn -0.8099 -0.2836 0.5135
vn 0.9549 0.2968 -0.0052
vn -0.5373 0.8211 0.1923
vn -0.6855 -0.6004 0.4119
vn -0.8431 -0.0576 0.5347
vn -0.8627 -0.2352 0.4476
vn 0.8964 0.1508 -0.4167
vn -0.8053 -0.4905 0.3331
vn 0.0213 -0.9926 0.1192
vn -0.2915 0.9566 0.0014
vn -0.8156 -0.0609 0.5754
vn -0.3761 0.8944 0.2420
vn -0.7239 -0.3638 0.5862
vn -0.5090 -0.7418 0.4365
vn -0.1009 -0.9912 0.0855
vn -0.3990 0.9150 0.0602
vn 0.0250 0.9427 -0.3327
vn 0.1603 -0.9741 0.1594
vn 0.0606 -0.9636 0.2604
vn 0.3915 -0.9002 -0.1906
vn -0.4820 0.8156 0.3202
vn 0.6545 -0.2525 -0.7127
vn -0.5197 0.7656 0.3792
vn -0.5252 0.7504 0.4014
vn -0.0388 -0.9034 0.4271
vn -0.5119 0.7380 0.4397
vn 0.3406 -0.9340 -0.1076
vn -0.6412 0.1180 0.7583
vn -0.6017 0.1990 0.7735
vn -0.5099 0.7985 0.3198
vn -0.0215 -0.9442 0.3288
vn -0.6379 0.3973 0.6597
vn -0.6535 0.0306 0.7563
vn -0.5899 -0.2704 0.7608
vn -0.5904 -0.3984 0.7019
vn -0.5830 0.2189 0.7824
vn 0.0085 -0.9406 0.3394
vn 0.2076 -0.9740 0.0911
vn -0.5898 -0.2289 0.7744
vn -0.3741 -0.6059 0.7021
vn -0.4478 0.8414 0.3027
vn -0.6469 0.0159 0.7624
vn -0.6629 -0.0117 0.7486
vn -0.4199 -0.3284 0.8461
vn -0.6721 0.0312 0.7398
vn -0.5345 -0.2882 0.7945
vn -0.1124 -0.8652 0.4887
vn -0.2637 -0.7084 0.6547
vn 0.2201 -0.9719 0.0839
vn -0.9339 -0.2639 0.2413
vn -0.8145 -0.5220 0.2530
vn -0.9269 -0.3348 0.1696
vn 0.8446 -0.5332 -0.0494
vn -0.9442 -0.3164 0.0914
vn 0.9984 0.0389 -0.0422
vn -0.8739 0.4841 0.0448
vn -0.9035 -0.4158 0.1041
vn -0.0531 -0.9985 -0.0133
vn -0.9740 -0.2198 0.0556
vn -0.2821 0.9590 0.0282
vn -0.9252 0.2687 0.2679
vn -0.4482 -0.8559 0.2581
vn -0.5629 0.8129 0.1494
vn -0.4302 0.8986 0.0863
vn 0.5736 -0.8115 -0.1117
vn -0.8609 0.4283 0.2746
vn 0.8316 0.3838 -0.4014
vn 0.8559 0.2180 -0.4689
vn -0.6671 -0.6791 0.3063
vn -0.9531 -0.2340 0.1919
vn -0.8895 0.2034 0.4091
vn -0.8960 -0.3905 0.2114
vn -0.7788 -0.5095 0.3659
vn -0.9658 0.0313 0.2572
vn -0.8521 -0.4329 0.2941
vn -0.7901 -0.5659 0.2357
vn 0.2114 -0.9774 0.0087
vn 0.2845 -0.9585 -0.0174
vn -0.6793 0.7321 -0.0512
vn 0.5775 -0.8159 -0.0288
vn -0.9508 -0.3090 0.0236
vn -0.9620 -0.2223 -0.1582
vn 0.0637 -0.9965 -0.0549
vn 0.2236 0.9695 0.1008
vn 0.5989 0.7662 0.2329
vn 0.3252 -0.4891 0.8093
vn 0.3326 -0.2019 0.9212
vn 0.7404 0.5162 0.4306
vn 0.1612 0.0970 0.9821
vn -0.3845 -0.6563 0.6492
vn 0.5485 -0.4916 0.6764
vn 0.8747 -0.1783 0.4507
vn 0.0869 0.5632 0.8218
vn -0.3148 0.7177 0.6212
vn 0.8311 0.4463 0.3319
vn -0.2144 0.6059 0.7661
vn 0.5087 0.1267 0.8516
vn 0.3478 0.9126 0.2151
vn 0.1869 0.9350 0.3013
vn 0.0032 0.8917 0.4525
vn -0.0497 0.4917 0.8693
vn -0.2996 0.3281 0.8959
vn 0.7648 0.2685 0.5857
vn -0.0329 0.3984 0.9166
vn 0.0309 -0.0426 0.9986
vn 0.3198 -0.5851 0.7452
vn 0.5799 -0.0417 0.8137
vn 0.5654 0.0989 0.8188
vn 0.4970 0.2622 0.8272
vn 0.4090 0.3949 0.8226
vn 0.6740 0.4989 0.5448
vn 0.4382 0.6309 0.6402
vn 0.2320 0.7671 0.5981
vn 0.1311 0.5173 0.8457
vn 0.3259 0.8623 0.3875
vn 0.5199 0.7425 0.4223
vn 0.1292 0.7993 0.5868
vn 0.0858 0.9523 0.2927
vn 0.5667 0.8045 0.1778
vn 0.9638 -0.1421 0.2254
vn 0.1618 0.5602 0.8124
vn 0.6078 -0.2026 0.7678
vn -0.1194 0.8330 0.5403
vn -0.0767 0.2851 0.9554
vn 0.6286 -0.0486 0.7762
vn 0.6136 -0.0004 0.7896
vn -0.4076 0.1378 0.9027
vn 0.1626 -0.6321 0.7576
vn -0.3592 -0.0617 0.9312
vn -0.4992 0.6106 0.6147
vn -0.0702 -0.7273 0.6827
vn 0.5140 -0.1576 0.8432
vn -0.2740 -0.0476 0.9605
vn -0.7566 0.3326 0.5629
vn 0.4037 -0.3998 0.8229
vn -0.2739 0.0266 0.9614
vn -0.1692 0.0040 0.9856
vn -0.2763 -0.0005 0.9611
vn -0.2724 -0.0432 0.9612
vn 0.5530 0.5157 0.6544
vn 0.5129 0.7879 0.3408
vn 0.5864 0.8063 0.0772
vn 0.7257 0.6624 -0.1862
vn 0.8551 0.3583 -0.3748
vn 0.9375 -0.2739 0.2149
vn 0.8928 -0.0924 -0.4410
vn 0.7996 -0.4965 -0.3377
vn 0.9931 0.1092 -0.0423
vn 0.6693 -0.7294 -0.1411
vn 0.8346 -0.2555 0.4880
vn 0.4988 -0.8616 0.0936
vn 0.9922 -0.1241 0.0118
vn 0.8446 -0.0670 0.5312
vn 0.5388 -0.7710 0.3395
vn 0.5611 -0.5404 0.6270
vn 0.9490 -0.2825 0.1396
vn 0.8365 0.2586 0.4831
vn 0.7395 0.5792 -0.3432
vn 0.6769 0.7347 0.0458
vn 0.5568 0.7286 0.3989
vn 0.4330 0.4065 0.8045
vn 0.6148 -0.5132 0.5989
vn -0.1460 -0.7167 0.6819
vn -0.2020 -0.3762 0.9042
vn -0.2297 0.5180 0.8240
vn -0.1611 0.8418 0.5152
vn 0.8751 -0.4691 -0.1191
vn 0.3580 -0.3567 -0.8629
vn 0.2823 0.0320 -0.9588
vn 0.2406 0.5647 -0.7894
vn -0.0075 0.9319 -0.3627
vn 0.7743 0.5548 0.3043
vn -0.9481 -0.2279 -0.2216
vn -0.6484 -0.7567 -0.0829
vn -0.6801 -0.7161 0.1570
vn -0.5275 -0.7551 -0.3892
vn -0.5672 -0.7247 -0.3912
vn -0.9298 -0.2080 -0.3035
vn -0.9249 0.2350 -0.2990
vn -0.5728 0.7797 -0.2529
vn -0.5407 0.7372 -0.4052
vn -0.6884 0.7219 0.0703
vn -0.6542 0.7563 0.0033
vn -0.9555 0.2159 -0.2010
vn -0.6371 -0.5015 -0.5853
vn -0.8914 -0.4335 0.1326
vn 0.0042 -0.9998 -0.0203
vn -0.7853 0.5560 -0.2723
vn 0.3865 -0.0437 0.9212
vn -0.4325 -0.5471 -0.7167
vn -0.5814 -0.3190 -0.7485
vn -0.6128 -0.0887 -0.7853
vn -0.6112 -0.0141 -0.7913
vn -0.6635 -0.0093 -0.7481
vn -0.6385 0.0021 -0.7696
vn -0.6086 -0.1749 -0.7739
vn -0.9653 0.0472 -0.2570
vn -0.7587 0.0016 -0.6515
vn -0.6704 0.0012 -0.7420
vn -0.7475 0.0064 -0.6642
vn -0.6235 0.7646 -0.1628
vn -0.6143 0.0199 -0.7888
vn -0.6185 0.0925 -0.7803
vn -0.6111 0.1778 -0.7713
vn -0.5700 0.7916 -0.2200
vn -0.5588 0.3666 -0.7438
vn -0.4295 0.5680 -0.7021
vn 0.0703 0.9016 0.4269
vn 0.5929 0.2796 0.7552
vn 0.2874 0.0577 0.9561
vn 0.7917 -0.4892 0.3658
vn 0.6285 0.0545 0.7759
vn 0.6305 0.0039 0.7762
vn 0.3349 0.5660 0.7533
vn -0.3720 -0.7710 0.5168
vn 0.9078 0.2479 0.3384
vn -0.4484 -0.2619 0.8546
vn 0.3285 -0.9179 0.2227
vn 0.5007 -0.6888 0.5243
vn 0.7013 -0.6926 0.1688
vn 0.0450 -0.5367 0.8426
vn 0.7235 -0.3882 0.5708
vn 0.3424 -0.8645 0.3681
vn 0.0675 -0.2823 0.9570
vn -0.3860 -0.3312 0.8610
vn -0.0926 -0.9365 0.3381
vn 0.1525 -0.8003 0.5799
vn 0.1609 -0.9203 0.3567
vn 0.1653 -0.5806 0.7973
vn 0.3805 -0.4730 0.7947
vn 0.4792 -0.2775 0.8327
vn 0.2811 -0.8048 0.5227
vn 0.0461 -0.7156 0.6970
vn -0.2348 -0.2548 0.9381
vn -0.1884 -0.2833 0.9404
vn 0.4800 -0.5787 0.6593
vn 0.0074 -0.9597 0.2809
vn 0.0356 -0.4563 0.8891
vn 0.0388 0.4137 0.9096
vn 0.1432 0.5949 0.7910
vn -0.0511 0.0657 0.9965
vn 0.3202 0.2752 0.9065
vn 0.4513 -0.3933 0.8010
vn -0.0809 -0.3830 0.9202
vn 0.4195 0.1654 0.8925
vn -0.8787 -0.2022 -0.4326
vn -0.3417 0.7974 -0.4974
vn -0.9867 0.0149 0.1620
vn -0.7133 -0.1977 0.6724
vn -0.3421 -0.8023 -0.4892
vn -0.3621 -0.8726 -0.3277
vn -0.9893 0.1140 0.0906
vn -0.2240 -0.3653 -0.9035
vn -0.4795 0.8689 -0.1225
vn -0.5702 -0.4350 -0.6969
vn -0.8884 0.4103 0.2059
vn 0.2583 -0.3704 -0.8922
vn 0.1403 -0.3715 -0.9178
vn 0.3439 -0.8192 0.4590
vn 0.3150 0.7379 -0.5969
vn 0.1400 0.0092 -0.9901
vn -0.2940 -0.7880 -0.5409
vn -0.9512 -0.2901 0.1052
vn -0.7995 0.5962 -0.0729
vn -0.2003 0.7285 -0.6551
vn 0.1400 -0.0316 -0.9897
vn -0.6057 0.6461 -0.4645
vn -0.8827 -0.0265 0.4693
vn 0.2519 0.2494 -0.9351
vn 0.1359 0.4997 -0.8555
vn 0.1882 0.3446 -0.9197
vn -0.1948 0.5859 -0.7866
vn -0.1109 0.7257 -0.6790
vn -0.0785 -0.8406 -0.5359
vn -0.5125 0.4629 -0.7232
vn -0.7980 -0.5905 -0.1206
vn -0.5524 0.5236 0.6486
vn -0.9857 -0.1358 0.0999
vn -0.5898 0.7604 -0.2720
vn -0.8255 -0.4809 0.2955
vn 0.1228 -0.8795 -0.4597
vn -0.1152 0.7297 -0.6739
vn -0.2194 0.0376 -0.9749
vn -0.6412 0.0104 -0.7673
vn -0.4862 0.4543 -0.7465
vn -0.0412 0.9315 -0.3614
vn 0.1470 0.8015 -0.5797
vn 0.2553 0.0048 -0.9669
vn -0.3457 0.3269 -0.8796
vn -0.5660 -0.0189 -0.8242
vn -0.5489 0.1571 -0.8210
vn 0.0953 0.9526 -0.2888
vn 0.2704 0.2815 -0.9207
vn 0.0900 0.8807 -0.4650
vn 0.0206 0.9839 -0.1778
vn -0.1122 0.9598 -0.2574
vn -0.7416 0.4917 -0.4563
vn -0.8541 0.2563 -0.4526
vn -0.8912 0.0107 -0.4535
vn -0.2236 0.4753 -0.8509
vn 0.0977 0.6143 -0.7830
vn 0.0284 0.4435 -0.8958
vn 0.0871 0.3994 -0.9126
vn -0.1221 0.8539 -0.5060
vn -0.0527 0.8277 -0.5587
vn -0.1440 0.6208 -0.7706
vn -0.4892 0.2938 -0.8212
vn -0.0276 0.5207 -0.8533
vn -0.1596 0.7920 -0.5893
vn -0.1480 0.5273 -0.8367
vn -0.2957 0.7401 -0.6040
vn -0.5006 0.5577 -0.6621
vn -0.3064 0.3994 -0.8641
vn -0.8210 -0.0547 -0.5683
vn -0.7957 0.1522 -0.5862
vn -0.7349 0.3610 -0.5741
vn -0.5534 0.7025 -0.4475
vn -0.3662 0.8483 -0.3825
vn -0.2247 0.9118 -0.3437
vn 0.1539 0.1525 -0.9763
vn 0.0803 0.3612 -0.9290
vn 0.1466 0.0147 -0.9891
vn -0.5531 -0.7778 -0.2987
vn -0.9853 0.1336 0.1065
vn -0.4353 0.7908 -0.4304
vn -0.6992 0.7148 0.0132
vn -0.9124 -0.2434 0.3289
vn -0.3368 -0.8520 0.4008
vn 0.1626 -0.0723 -0.9840
vn 0.0622 -0.4293 -0.9010
vn -0.1524 -0.0425 -0.9874
vn 0.0173 0.8170 -0.5763
vn -0.0316 -0.6271 -0.7783
vn -0.3392 -0.5054 -0.7935
vn -0.4147 -0.2056 -0.8864
vn -0.1235 -0.8448 -0.5207
vn -0.1864 -0.7913 -0.5823
vn 0.3316 -0.5638 -0.7564
vn 0.1816 -0.3157 -0.9313
vn -0.1329 -0.6208 -0.7726
vn -0.2395 -0.4267 -0.8721
vn 0.0042 -0.0986 -0.9951
vn -0.8557 -0.2508 -0.4526
vn -0.3855 -0.8530 -0.3518
vn -0.0559 -0.9026 -0.4269
vn 0.1348 -0.6292 -0.7655
vn -0.5665 -0.1413 -0.8118
vn -0.4848 -0.2855 -0.8267
vn -0.5998 -0.4591 -0.6554
vn -0.2831 -0.3700 -0.8848
vn -0.4024 -0.5782 -0.7098
vn -0.3085 -0.7319 -0.6076
vn -0.0981 -0.5186 -0.8494
vn -0.7720 -0.2582 -0.5808
vn -0.0165 -0.5264 -0.8501
vn -0.7198 -0.4870 -0.4948
vn -0.5585 -0.6962 -0.4511
vn 0.0447 -0.9733 -0.2250
vn -0.1035 -0.9514 -0.2902
vn -0.0781 -0.7959 -0.6004
vn 0.0903 -0.9350 -0.3430
vn 0.0872 -0.8710 -0.4835
vn 0.1503 -0.7893 -0.5954
vn -0.0789 -0.9912 -0.1062
vn 0.0637 -0.9894 0.1307
vn -0.0287 -0.9671 0.2528
vn -0.0532 -0.9778 -0.2026
vn 0.0271 -0.9636 -0.2658
vn 0.0216 -0.8611 0.5080
vn -0.0411 -0.5690 0.8213
vn 0.0245 -0.4404 0.8974
vn -0.0270 0.0756 0.9968
vn 0.0390 0.2987 0.9536
vn 0.0164 0.6896 0.7240
vn 0.0735 0.7485 0.6591
vn -0.0487 0.8575 0.5121
vn -0.4974 -0.0451 0.8663
vn -0.6227 0.0001 0.7824
vn -0.8033 -0.0043 0.5956
vn -0.7265 -0.0082 0.6872
vn -0.4375 -0.0492 0.8979
vn -0.4494 -0.0197 0.8931
vn -0.9910 -0.0048 0.1337
vn -0.9957 -0.0179 0.0914
vn -0.9087 0.0167 -0.4171
vn -0.8435 -0.0285 -0.5363
vn -0.5754 0.0156 -0.8178
vn -0.3514 -0.0409 -0.9353
vn -0.1170 0.0069 -0.9931
vn 0.0089 -0.0391 -0.9992
vn 0.1100 0.0280 -0.9935
vn -0.9657 0.0510 -0.2545
vn 0.9437 -0.2158 0.2506
vn 0.9604 -0.1003 0.2599
vn 0.9038 -0.3512 0.2445
vn 0.8403 -0.4877 0.2366
vn 0.7191 -0.6700 0.1845
vn 0.5841 -0.7967 0.1554
vn 0.4066 -0.9032 0.1379
vn 0.3013 -0.9495 0.0874
vn 0.0384 -0.9992 0.0051
vn 0.1453 -0.9863 0.0782
vn 0.9658 0.0150 0.2589
vn 0.1484 0.9850 0.0886
vn 0.0371 0.9993 0.0096
vn 0.4459 0.8873 0.1173
vn 0.2786 0.9581 0.0665
vn 0.5766 0.8020 0.1562
vn 0.6823 0.7096 0.1758
vn 0.8047 0.5504 0.2227
vn 0.8674 0.4397 0.2328
vn 0.9124 0.3345 0.2359
vn 0.9437 0.2168 0.2497
vn 0.9598 0.1107 0.2581
vn 0.9596 -0.1153 0.2568
vn 0.7612 -0.6154 0.2047
vn 0.3160 -0.9447 0.0875
vn 0.0061 -0.9999 -0.0105
vn 0.0130 -0.9999 -0.0005
vn 0.3369 0.9365 0.0978
vn 0.0196 0.9997 0.0150
vn 0.0116 0.9999 -0.0095
vn 0.7369 0.6461 0.1991
vn 0.9591 0.1184 0.2573
vn -0.4527 0.0103 -0.8916
vn -0.4808 -0.3520 -0.8030
vn -0.7565 -0.6026 0.2539
vn -0.8425 -0.3316 0.4245
vn -0.5501 -0.5412 -0.6360
vn -0.5387 -0.7456 -0.3923
vn -0.6110 -0.7835 0.1131
vn -0.4288 0.5450 -0.7205
vn -0.6301 0.7669 -0.1219
vn -0.7040 0.6367 0.3146
vn -0.8322 -0.0893 0.5473
vn -0.7576 0.3310 0.5625
vn -0.5621 0.7767 -0.2841
vn -0.8692 -0.4492 -0.2069
vn -0.9236 -0.3066 -0.2302
vn -0.9248 -0.3795 -0.0271
vn -0.9501 -0.1863 -0.2503
vn -0.8949 -0.2461 -0.3724
vn -0.8204 -0.2296 -0.5237
vn -0.7107 -0.1062 -0.6955
vn -0.8639 0.2492 -0.4377
vn -0.9845 0.1059 -0.1400
vn -0.5465 -0.6649 0.5091
vn -0.9738 -0.1802 -0.1386
vn 0.3432 -0.2825 0.8958
vn -0.9526 0.0507 0.3000
vn -0.9216 0.3265 0.2099
vn -0.8478 0.5227 0.0895
vn -0.8402 0.5286 -0.1206
vn -0.7412 0.5096 -0.4369
vn -0.6924 0.3186 -0.6474
vn -0.8860 -0.4600 0.0582
vn -0.9346 -0.3456 0.0837
vn -0.7845 -0.6201 0.0066
vn -0.6730 0.0220 -0.7393
vn -0.8732 -0.4383 -0.2129
vn -0.7820 -0.3833 -0.4915
vn -0.9070 0.3247 0.2680
vn -0.6957 -0.2892 -0.6575
vn -0.8139 -0.5679 -0.1228
vn -0.7385 -0.5424 -0.4007
vn -0.8363 0.5482 0.0064
vn -0.9395 -0.0269 0.3414
vn -0.7765 -0.4671 0.4229
vn -0.4502 -0.8147 0.3655
vn -0.1705 0.7789 0.6035
vn -0.2738 -0.3019 0.9132
vn -0.3148 -0.5707 0.7584
vn -0.2671 -0.7596 0.5930
vn -0.1114 -0.9447 0.3084
vn -0.3886 0.8193 0.4216
vn -0.1396 -0.8499 -0.5081
vn -0.2342 -0.9454 -0.2267
vn 0.0537 -0.9152 -0.3994
vn -0.0566 -0.9954 -0.0774
vn -0.3166 0.0931 0.9440
vn -0.2919 -0.9552 0.0488
vn -0.5688 -0.2370 0.7876
vn -0.4990 0.2482 0.8303
vn -0.5308 0.5425 0.6511
vn -0.2527 0.5700 0.7818
vn -0.6748 0.2514 -0.6938
vn -0.1232 0.3361 -0.9337
vn -0.0014 0.0790 -0.9969
vn 0.2062 -0.4929 -0.8453
vn 0.1986 -0.1534 -0.9680
vn 0.2229 0.2807 -0.9335
vn -0.0770 0.9857 0.1501
vn 0.0569 0.9638 -0.2606
vn -0.1790 0.9350 -0.3061
vn -0.1245 0.8222 -0.5555
vn 0.1299 0.7512 -0.6471
vn 0.0820 -0.7198 -0.6893
vn -0.0201 0.5592 -0.8288
vn -0.3761 0.9265 0.0116
vn -0.0115 -0.3819 -0.9241
vn -0.1961 -0.6727 -0.7134
vn -0.3162 -0.1590 -0.9353
vn -0.6422 0.4676 -0.6074
vn -0.7524 0.5620 -0.3435
vn -0.6660 0.0656 -0.7431
vn -0.6716 -0.3251 -0.6658
vn 0.0924 0.9943 -0.0538
vn 0.1561 0.8543 -0.4958
vn 0.2123 0.5233 -0.8253
vn 0.3237 0.0769 -0.9430
vn 0.2984 -0.3156 -0.9007
vn 0.2545 -0.7000 -0.6672
vn -0.1673 -0.0648 0.9838
vn -0.1867 0.4245 0.8860
vn -0.0799 0.8897 0.4495
vn -0.1253 -0.5430 0.8304
vn -0.0550 -0.8410 0.5383
vn 0.0444 -0.9971 0.0610
vn 0.1674 -0.9281 -0.3327
vn 0.4678 -0.2845 -0.8368
vn 0.4599 0.2996 -0.8359
vn 0.0601 0.7340 0.6765
vn 0.3185 0.9134 -0.2534
vn 0.6587 0.6685 -0.3453
vn 0.6624 0.6732 -0.3286
vn 0.3883 0.6535 -0.6498
vn 0.6540 0.3552 -0.6679
vn 0.4212 0.7715 -0.4769
vn 0.4694 0.2243 -0.8540
vn 0.6358 0.4405 0.6338
vn 0.0586 0.4339 0.8991
vn 0.5577 0.2597 0.7884
vn 0.0045 0.1257 0.9921
vn 0.6613 0.0495 0.7485
vn 0.2927 -0.1767 0.9397
vn 0.0332 -0.5034 0.8634
vn 0.6979 -0.2606 0.6670
vn 0.5988 -0.4904 0.6333
vn 0.1778 -0.8523 0.4918
vn 0.7099 -0.5949 0.3769
vn 0.3283 -0.9443 -0.0218
vn 0.8268 -0.5439 0.1433
vn 0.8742 -0.4838 -0.0418
vn 0.4063 -0.8197 -0.4037
vn 0.6980 -0.5503 -0.4583
vn 0.5228 -0.7754 -0.3541
vn -0.0553 -0.6652 -0.7446
vn 0.4806 0.7492 0.4557
vn 0.2831 0.9566 0.0696
vn 0.7507 0.0446 -0.6591
vn 0.7252 -0.3232 -0.6080
vn 0.3353 -0.2696 -0.9027
vn 0.8945 -0.4468 -0.0170
vn 0.9811 -0.1475 0.1250
vn 0.9266 -0.3240 0.1910
vn 0.9731 -0.1532 0.1723
vn 0.9283 0.3534 0.1156
vn 0.8825 0.4654 0.0678
vn -0.8567 0.5092 -0.0825
vn 0.9663 0.1931 0.1703
vn 0.7752 -0.0078 0.6316
vn 0.9651 -0.1778 -0.1925
vn 0.8826 -0.4172 0.2169
vn 0.8236 -0.0398 0.5658
vn 0.9298 0.2322 -0.2854
vn 0.9267 0.2985 -0.2281
vn 0.8934 0.4349 -0.1127
vn 0.9830 0.1812 0.0285
vn 0.9335 -0.1635 -0.3193
vn 0.8885 -0.3520 -0.2943
vn 0.7351 0.6527 0.1835
vn 0.8202 0.4424 -0.3626
vn 0.8268 -0.0491 0.5603
vn -0.2124 0.4126 0.8858
vn 0.0368 -0.6295 0.7762
vn -0.9135 0.4045 0.0438
vn -0.3275 -0.3187 0.8895
vn 0.5665 0.8032 -0.1841
vn 0.7948 -0.1967 0.5741
vn 0.8069 -0.3934 -0.4406
vn 0.8141 -0.5378 -0.2191
vn 0.6123 -0.7884 -0.0593
vn 0.4770 -0.8173 0.3233
vn 0.3728 -0.5492 0.7479
vn 0.3053 -0.1810 0.9349
vn 0.2514 0.2235 0.9417
vn 0.4848 0.7432 0.4611
vn 0.3773 0.5767 0.7246
vn 0.9729 0.1084 -0.2042
vn 0.8390 -0.0191 -0.5438
vn 0.7894 0.2260 -0.5708
vn 0.6269 0.6841 -0.3729
vn 0.5824 0.8109 0.0568
vn 0.8123 0.4640 0.3533
vn 0.6714 0.3520 0.6522
vn 0.8690 0.4793 0.1225
vn 0.8084 0.5108 -0.2923
vn 0.9520 -0.2393 -0.1906
vn 0.8423 -0.5222 -0.1339
vn 0.8045 -0.5736 0.1543
vn 0.2093 -0.9000 0.3823
vn 0.7141 -0.3976 0.5761
vn 0.6735 -0.1389 0.7260
vn 0.5590 0.1571 0.8142
vn 0.4500 0.3345 0.8280
vn 0.0853 -0.7618 0.6422
vn 0.6666 -0.7008 0.2541
vn -0.3575 -0.6166 -0.7014
vn 0.4131 -0.3799 0.8277
vn 0.6474 -0.4832 0.5894
vn 0.7250 -0.5471 -0.4184
vn 0.7930 -0.1605 -0.5878
vn 0.7862 0.3705 -0.4946
vn 0.4674 -0.5597 0.6843
vn 0.3918 0.2011 -0.8978
vn 0.7924 -0.0835 -0.6043
vn 0.7068 0.4561 -0.5408
vn 0.5433 0.8245 0.1583
vn 0.4939 0.6524 0.5748
vn 0.2571 0.9136 0.3149
vn 0.5440 0.5483 0.6352
vn -0.6261 0.7786 -0.0414
vn 0.7624 -0.3507 -0.5438
vn 0.5119 0.7194 0.4696
vn 0.4750 0.6601 0.5820
vn -0.2445 -0.1124 -0.9631
vn 0.7413 0.3726 -0.5582
vn 0.5862 -0.7097 0.3908
vn -0.7115 0.1487 0.6868
vn 0.6517 -0.7541 -0.0815
vn -0.4636 0.8859 -0.0122
vn 0.5160 0.1361 0.8457
vn 0.7418 0.5572 -0.3731
vn -0.6520 0.4262 0.6271
vn 0.9901 0.1226 0.0685
vn 0.9264 0.1866 0.3271
vn 0.9522 -0.1833 0.2445
vn 0.9646 0.1410 0.2230
vn 0.9071 -0.0898 0.4111
vn 0.9041 -0.0072 0.4273
vn 0.9930 -0.0830 0.0841
vn 0.5765 0.3818 0.7224
vn 0.9197 0.0887 -0.3824
vn 0.8309 -0.5269 -0.1789
vn 0.6172 -0.5837 0.5276
vn 0.8091 0.0054 0.5877
vn 0.8984 0.2772 0.3408
vn 0.9738 0.2274 0.0080
vn 0.9570 -0.2874 -0.0394
vn 0.9936 -0.0999 -0.0524
vn 0.9012 -0.2273 0.3689
vn 0.8170 -0.2295 -0.5290
vn 0.6640 0.7142 -0.2215
vn 0.6470 -0.7601 0.0609
vn 0.3812 -0.3951 0.8358
vn 0.4728 0.5332 0.7016
vn 0.9624 -0.0328 0.2697
vn 0.9732 -0.0237 0.2288
vn 0.9635 0.0188 0.2672
vn 0.9531 0.0424 0.2997
vn 0.9586 0.0050 0.2846
vn 0.9664 0.0064 0.2568
vn 0.9750 0.0174 0.2217
vn -0.3565 -0.1091 0.9279
vn -0.9875 0.0371 -0.1533
vn 0.5052 0.3457 -0.7907
vn -0.3471 0.6630 0.6632
vn 0.4478 -0.8834 0.1383
vn 0.9685 -0.1880 -0.1633
vn -0.2334 0.8720 -0.4302
vn 0.7983 -0.3250 -0.5070
vn -0.6134 0.7778 -0.1368
vn 0.8000 0.1461 -0.5819
vn 0.0764 -0.3247 -0.9427
vn 0.2613 0.3542 -0.8979
vn -0.4254 0.8728 0.2394
vn -0.1732 -0.1619 -0.9715
vn 0.8949 -0.4329 0.1087
vn 0.1912 0.9166 0.3511
vn -0.5590 0.8274 -0.0543
vn 0.2344 0.7151 -0.6586
vn 0.6894 -0.7238 0.0292
vn -0.0110 0.1474 0.9890
vn 0.8533 -0.1455 0.5007
vn 0.7384 0.6684 0.0890
vn 0.9968 0.0795 -0.0063
vn 0.5465 -0.0073 0.8374
vn -0.8543 0.0221 0.5193
vn 0.7172 -0.0243 -0.6965
vn -0.3802 -0.7321 -0.5652
vn -0.5400 -0.8075 -0.2376
vn -0.6279 -0.7722 0.0968
vn 0.4426 -0.5358 0.7191
vn 0.9176 0.3695 -0.1463
vn 0.3651 -0.1156 0.9238
vn 0.7600 -0.4072 0.5065
vn 0.5742 -0.4307 0.6963
vn 0.2395 0.3493 0.9059
vn 0.2255 0.7165 0.6601
vn 0.5326 0.2998 -0.7915
vn 0.4150 0.8488 0.3276
vn -0.5615 0.8269 -0.0313
vn 0.9135 0.3925 0.1073
vn -0.4279 0.1375 0.8933
vn -0.7996 0.5246 0.2924
vn -0.7058 -0.0590 0.7059
vn -0.6060 -0.7869 0.1164
vn 0.2201 0.1796 -0.9588
vn -0.6309 0.5236 -0.5726
vn 0.8211 0.5545 -0.1358
vn 0.0865 -0.6074 -0.7897
vn -0.0919 0.8920 0.4426
vn -0.3528 -0.0446 0.9346
vn -0.2660 -0.7342 -0.6247
vn -0.8188 -0.0687 0.5700
vn -0.5303 -0.6353 0.5614
vn 0.4810 -0.7886 -0.3831
vn 0.6236 -0.7769 0.0872
vn 0.0282 -0.9973 0.0674
vn -0.3245 -0.7158 -0.6183
vn 0.5562 -0.7293 -0.3984
vn 0.1800 0.5616 -0.8075
vn -0.8178 0.5597 0.1336
vn 0.0125 -0.9974 -0.0715
vn 0.4316 -0.2266 -0.8731
vn -0.9706 0.0957 0.2207
vn 0.2288 -0.0326 0.9729
vn -0.5513 0.3972 0.7337
vn -0.4748 0.8350 0.2781
vn -0.3787 0.6238 0.6837
vn -0.2381 -0.8144 -0.5292
vn -0.2095 -0.9552 0.2092
vn -0.6661 -0.6952 -0.2702
vn -0.0944 0.9911 0.0937
vn 0.9098 -0.2880 0.2990
vn 0.9447 -0.2777 -0.1743
vn -0.3382 0.0313 -0.9406
vn -0.3469 0.3657 -0.8637
vn -0.6047 0.6771 -0.4194
vn -0.6859 0.7182 -0.1172
vn -0.7998 0.5814 0.1493
vn -0.4454 0.6127 -0.6529
vn -0.8891 0.4441 0.1110
vn 0.8358 -0.4981 -0.2310
vn 0.7106 0.4553 0.5364
vn -0.3277 0.5308 -0.7816
vn 0.5270 -0.1993 0.8262
vn 0.8862 -0.3520 0.3013
vn 0.3285 0.2597 -0.9081
vn 0.8769 0.2887 0.3844
vn -0.4175 -0.8676 -0.2700
vn -0.7291 0.5382 0.4227
vn 0.9670 0.2533 0.0276
vn 0.9128 0.3394 0.2272
vn -0.1978 -0.8618 -0.4671
vn 0.7014 0.0583 -0.7104
vn -0.3231 0.1315 -0.9372
vn -0.1291 0.1409 -0.9816
vn 0.9840 0.1782 -0.0032
vn -0.4374 -0.6852 -0.5824
vn -0.4338 -0.8679 -0.2419
vn 0.8394 -0.1379 0.5257
vn 0.8522 -0.3522 0.3870
vn -0.0621 -0.8437 0.5333
vn 0.1386 0.8662 0.4800
vn 0.4794 -0.1250 -0.8686
vn -0.6452 -0.4931 0.5836
vn 0.1146 -0.9722 -0.2044
vn -0.1543 -0.9519 0.2645
vn -0.2838 -0.0678 0.9565
vn -0.9616 -0.2741 -0.0114
vn 0.7597 -0.2165 0.6132
vn 0.9040 -0.3223 0.2808
vn 0.4824 0.8356 -0.2626
vn -0.1741 0.8526 0.4927
vn -0.2922 -0.2122 0.9325
vn -0.9918 -0.0940 0.0864
vn -0.8266 -0.5056 -0.2470
vn 0.2173 -0.9608 0.1721
vn -0.5040 -0.6208 0.6004
vn -0.9629 0.0234 -0.2690
vn -0.4393 0.8980 -0.0228
vn 0.0237 0.4790 -0.8775
vn 0.3955 -0.1272 0.9096
vn 0.6011 -0.7990 0.0182
vn 0.4596 0.8577 -0.2304
vn 0.5175 0.5635 -0.6440
vn -0.5901 0.8056 -0.0528
vn 0.5084 0.8202 0.2623
vn 0.7639 0.1402 -0.6299
vn -0.3276 0.1187 -0.9373
vn 0.0577 -0.4958 0.8665
vn 0.7131 -0.6113 -0.3432
vn 0.6841 -0.0615 -0.7268
vn 0.3076 0.9369 0.1661
vn -0.0533 0.2517 -0.9663
vn -0.5266 -0.5651 0.6351
vn -0.2442 0.9336 0.2622
vn -0.4032 -0.6930 -0.5977
vn 0.2691 0.8386 0.4737
vn 0.8822 0.4706 -0.0189
vn 0.8552 0.3365 -0.3942
vn 0.6270 -0.6349 0.4514
vn 0.9361 -0.3072 -0.1711
vn 0.8956 0.4224 0.1395
vn 0.7297 -0.1388 0.6696
vn 0.7615 0.6459 0.0548
vn 0.7145 -0.6315 0.3011
vn -0.2424 -0.0303 0.9697
vn -0.1519 -0.0380 0.9877
vn -0.1712 -0.0428 0.9843
vn 0.5027 -0.2828 0.8169
vn 0.7076 -0.2432 0.6634
vn 0.5345 -0.2673 0.8018
vn 0.2288 -0.0500 -0.9722
vn 0.3044 -0.0476 -0.9513
vn 0.2744 -0.0514 -0.9603
vn 0.1008 -0.8924 -0.4398
vn -0.2402 0.1772 0.9544
vn 0.3616 0.8783 -0.3129
vn -0.0828 0.9951 -0.0543
vn 0.3811 0.3547 -0.8538
vn -0.3238 0.6271 -0.7085
vn 0.2487 -0.8401 0.4821
vn 0.0723 0.9597 -0.2714
vn 0.8035 0.2823 0.5242
vn 0.5563 -0.5898 -0.5854
vn 0.3559 -0.7330 -0.5797
vn -0.2449 -0.2036 0.9479
vn -0.3781 -0.9257 0.0055
vn -0.2601 -0.2171 -0.9409
vn 0.2214 0.8427 0.4907
vn -0.1876 0.6328 0.7513
vn 0.5565 0.8301 0.0362
vn -0.9660 0.1237 -0.2270
vn -0.0566 -0.9677 0.2457
vn 0.9071 0.3683 -0.2037
vn -0.2303 -0.4108 0.8822
vn 0.2765 -0.1184 -0.9537
vn 0.6821 0.3284 0.6533
vn 0.3730 -0.8036 -0.4638
vn 0.0890 0.9852 0.1465
vn 0.0192 -0.6400 -0.7682
vn 0.9844 -0.1622 0.0680
vn -0.1782 0.7692 0.6137
vn -0.1899 -0.4187 0.8880
vn 0.3141 0.7696 -0.5559
vn -0.2282 0.2205 0.9483
vn 0.9308 -0.3237 -0.1696
vn 0.0299 0.4383 -0.8983
vn -0.8297 0.3972 -0.3921
vn -0.8415 -0.2673 -0.4696
vn -0.8595 0.3000 -0.4138
vn -0.9972 0.0423 0.0622
vn -0.9061 0.0110 -0.4229
vn 0.5517 -0.1034 -0.8276
vn 0.7044 -0.0880 -0.7044
vn 0.6470 -0.1078 -0.7548
vn 0.2417 0.7568 0.6073
vn 0.2421 0.7548 0.6096
vn 0.2421 0.7561 0.6080
vn -0.4556 -0.8827 -0.1149
vn -0.4553 -0.8829 -0.1148
vn -0.4555 -0.8828 -0.1151
vn 0.0267 -0.9996 -0.0000
vn -0.0000 -1.0000 -0.0000
vn 0.1321 0.2077 -0.9692
vn 0.1424 -0.9883 -0.0544
vn -0.3862 -0.2033 0.8997
vn 0.1104 0.9857 0.1277
vn 0.5582 0.8236 -0.1000
vn -0.6761 0.7263 -0.1238
vn -0.8910 0.3567 0.2809
vn -0.1438 0.7338 0.6639
vn -0.0106 -0.7437 0.6684
vn -0.4959 0.7414 0.4521
vn -0.8233 -0.5675 -0.0076
vn -0.4829 -0.7429 0.4635
vn 0.5924 -0.4273 -0.6830
vn 0.5673 -0.8182 0.0932
vn 0.8988 0.1603 -0.4080
vn 0.6480 0.4441 -0.6187
vn -0.3903 -0.2834 -0.8760
vn -0.8958 -0.3587 -0.2623
vn 0.6161 -0.6534 -0.4399
vn -0.0684 0.9974 0.0222
vn -0.2765 -0.9313 0.2370
vn -0.0019 0.5560 -0.8312
vn -0.5977 -0.3549 -0.7188
vn 0.7417 -0.3727 0.5576
vn 0.8752 -0.2731 -0.3994
vn -0.6946 0.3111 -0.6487
vn -0.8836 0.1111 -0.4549
vn -0.7081 0.0187 -0.7059
vn -0.5762 0.2990 -0.7606
vn -0.4645 -0.1975 -0.8633
vn -0.5930 -0.2182 -0.7751
vn -0.6547 0.4294 -0.6221
vn -0.7983 -0.2289 -0.5570
vn -0.7167 0.2626 -0.6460
vn -0.4351 0.0311 -0.8999
vn -0.7968 0.3065 -0.5208
vn -0.6599 -0.4168 -0.6252
vn -0.4864 0.1341 -0.8634
vn -0.8939 0.1188 -0.4322
vn -0.6361 0.3170 -0.7035
vn -0.8041 -0.2230 -0.5511
vn 0.4000 0.2656 -0.8772
vn -0.4426 -0.0048 -0.8967
vn -0.4631 0.0633 -0.8841
vn -0.8075 -0.2362 -0.5406
vn 0.6152 0.3631 -0.6998
vn 0.8500 -0.1859 0.4929
vn 0.5690 -0.3248 0.7555
vn 0.4990 0.2964 0.8143
vn 0.2311 0.3949 0.8892
vn 0.8466 0.1428 0.5127
vn 0.2011 -0.3859 0.9004
vn 0.5728 -0.1781 0.8002
vn 0.6374 0.2476 0.7296
vn 0.8587 -0.1007 0.5025
vn -0.0477 -0.8847 0.4638
vn 0.3954 -0.2295 0.8894
vn 0.8618 -0.2151 0.4593
vn 0.7080 -0.0347 0.7053
vn 0.6636 0.3007 0.6850
vn 0.5594 -0.3380 0.7569
vn 0.5959 0.1931 0.7795
vn 0.8705 -0.0357 0.4909
vn 0.6190 0.2466 0.7457
vn 0.5313 0.2911 0.7956
vn 0.8877 0.0413 0.4585
vn -0.3953 0.8057 0.4411
vn 0.3928 -0.2539 -0.8839
vn 0.8254 0.5644 -0.0154
vn -0.0785 0.5910 -0.8029
vn -0.8758 -0.0373 -0.4813
vn 0.0470 -0.5806 -0.8128
vn -0.8134 0.5817 -0.0090
vn 0.0021 0.6421 -0.7666
vn 0.9428 0.1214 -0.3106
vn 0.0157 -0.5616 -0.8273
vn 0.8168 -0.5767 -0.0173
vn -0.9207 -0.2808 -0.2711
vn -0.3750 -0.7956 0.4759
vn 0.0524 -0.6063 -0.7935
vn -0.8735 -0.0793 -0.4804
vn -0.0993 0.5701 -0.8155
vn -0.3854 0.2920 -0.8753
vn 0.0115 -0.5864 -0.8099
vn 0.9338 0.0423 -0.3554
vn 0.0163 0.6263 -0.7794
vn -0.4559 -0.8358 0.3060
vn 0.8772 0.2761 -0.3928
vn -0.0004 -0.5558 -0.8313
vn 0.8030 -0.5921 0.0680
vn 0.4549 0.0202 0.8903
vn 0.8185 0.5733 -0.0361
vn 0.3980 0.1011 0.9118
vn 0.8157 -0.5721 0.0856
vn 0.7953 0.6046 -0.0439
vn -0.6685 -0.7327 0.1272
vn 0.5074 -0.0921 -0.8568
vn 0.8171 0.5666 -0.1068
vn 0.8036 -0.5936 0.0421
vn -0.4547 0.8333 -0.3143
vn 0.8953 -0.1626 -0.4147
vn 0.8069 0.5832 -0.0934
vn 0.8200 -0.5711 0.0369
vn 0.5386 -0.0110 -0.8425
vn 0.3687 -0.8878 0.2754
vn 0.2423 -0.4359 -0.8668
vn 0.9272 0.2572 -0.2724
vn 0.1352 0.8161 -0.5619
vn 0.2748 0.8703 0.4088
vn -0.8131 0.5746 0.0936
vn -0.2497 -0.0894 0.9642
vn -0.8223 -0.4080 0.3967
vn -0.4287 -0.9029 0.0312
vn -0.3737 -0.0945 -0.9227
vn -0.8567 0.3096 -0.4126
vn 0.4446 0.0110 0.8957
vn 0.7713 -0.3813 0.5097
vn 0.8345 0.2345 0.4987
vn -0.4724 0.8799 -0.0519
vn -0.9752 0.2092 0.0717
vn -0.8924 -0.4437 -0.0820
vn -0.4748 -0.7166 -0.5109
vn 0.0724 -0.4706 -0.8794
vn 0.1428 0.3768 -0.9152
vn -0.6887 -0.1556 -0.7081
vn -0.7106 0.0437 -0.7023
vn -0.7373 -0.2936 -0.6084
vn -0.1632 0.8260 -0.5395
s 1
f 1//1 2//2 3//3
f 2//2 1//1 4//4
f 6//6 8//8 9//9
f 9//9 8//8 10//10
f 5//5 4//4 814//814
f 814//814 4//4 1//1
f 814//814 1//1 813//813
f 813//813 1//1 11//11
f 813//813 11//11 12//12
f 813//813 12//12 13//13
f 13//13 12//12 14//14
f 13//13 14//14 810//810
f 810//810 14//14 15//15
f 810//810 15//15 811//811
f 811//811 15//15 812//812
f 812//812 15//15 16//16
f 812//812 16//16 17//17
f 17//17 16//16 8//8
f 17//17 8//8 7//7
f 7//7 8//8 6//6
f 3//3 2//2 18//18
f 5//5 18//18 4//4
f 7//7 6//6 816//816
f 816//816 6//6 19//19
f 10//10 19//19 9//9
f 3//3 18//18 5//5
f 3//3 5//5 20//20
f 20//20 5//5 21//21
f 20//20 21//21 22//22
f 22//22 21//21 23//23
f 22//22 23//23 24//24
f 24//24 23//23 820//820
f 24//24 820//820 819//819
f 24//24 819//819 272//272
f 272//272 819//819 818//818
f 272//272 818//818 817//817
f 272//272 817//817 271//271
f 271//271 817//817 25//25
f 271//271 25//25 26//26
f 26//26 25//25 816//816
f 26//26 816//816 10//10
f 10//10 816//816 19//19
f 32//32 27//27 28//28
f 32//32 28//28 33//33
f 33//33 28//28 29//29
f 33//33 29//29 34//34
f 34//34 29//29 30//30
f 27//27 32//32 35//35
f 37//37 36//36 38//38
f 37//37 38//38 31//31
f 27//27 35//35 39//39
f 34//34 30//30 40//40
f 40//40 30//30 31//31
f 40//40 31//31 38//38
f 36//36 37//37 41//41
f 36//36 41//41 42//42
f 42//42 41//41 43//43
f 42//42 43//43 44//44
f 44//44 43//43 45//45
f 44//44 45//45 46//46
f 46//46 45//45 47//47
f 46//46 47//47 35//35
f 35//35 47//47 39//39
f 27//27 48//48 49//49
f 27//27 49//49 50//50
f 27//27 50//50 28//28
f 28//28 50//50 51//51
f 28//28 51//51 29//29
f 29//29 51//51 52//52
f 29//29 52//52 53//53
f 29//29 53//53 30//30
f 30//30 53//53 54//54
f 30//30 54//54 31//31
f 31//31 54//54 55//55
f 31//31 55//55 56//56
f 57//57 35//35 32//32
f 57//57 32//32 58//58
f 58//58 32//32 33//33
f 33//33 34//34 59//59
f 59//59 34//34 40//40
f 35//35 57//57 46//46
f 31//31 56//56 37//37
f 37//37 56//56 60//60
f 37//37 60//60 41//41
f 41//41 60//60 61//61
f 41//41 61//61 43//43
f 43//43 61//61 62//62
f 43//43 62//62 45//45
f 45//45 62//62 47//47
f 47//47 62//62 63//63
f 47//47 63//63 64//64
f 47//47 64//64 39//39
f 39//39 64//64 48//48
f 39//39 48//48 27//27
f 65//65 40//40 66//66
f 40//40 65//65 67//67
f 40//40 67//67 59//59
f 59//59 67//67 68//68
f 59//59 68//68 69//69
f 59//59 69//69 33//33
f 33//33 69//69 58//58
f 58//58 69//69 70//70
f 36//36 71//71 38//38
f 38//38 71//71 66//66
f 38//38 66//66 40//40
f 46//46 57//57 72//72
f 72//72 57//57 73//73
f 46//46 72//72 74//74
f 46//46 74//74 75//75
f 46//46 75//75 44//44
f 44//44 75//75 76//76
f 44//44 76//76 42//42
f 42//42 76//76 77//77
f 42//42 77//77 36//36
f 36//36 77//77 71//71
f 58//58 70//70 78//78
f 58//58 78//78 57//57
f 57//57 78//78 73//73
f 80//80 81//81 79//79
f 93//93 94//94 92//92
f 106//106 107//107 105//105
f 119//119 120//120 118//118
f 134//134 66//66 131//131
f 66//66 71//71 131//131
f 131//131 71//71 77//77
f 132//132 72//72 73//73
f 132//132 73//73 133//133
f 73//73 78//78 133//133
f 133//133 78//78 70//70
f 134//134 65//65 66//66
f 82//82 81//81 135//135
f 135//135 81//81 80//80
f 135//135 80//80 136//136
f 136//136 80//80 130//130
f 130//130 80//80 79//79
f 82//82 135//135 83//83
f 83//83 135//135 137//137
f 139//139 138//138 140//140
f 138//138 141//141 140//140
f 143//143 144//144 142//142
f 142//142 145//145 143//143
f 146//146 137//137 136//136
f 135//135 136//136 137//137
f 149//149 147//147 150//150
f 147//147 148//148 150//150
f 84//84 144//144 85//85
f 85//85 144//144 143//143
f 87//87 85//85 86//86
f 86//86 85//85 143//143
f 86//86 143//143 145//145
f 86//86 145//145 87//87
f 87//87 145//145 88//88
f 88//88 145//145 89//89
f 89//89 145//145 142//142
f 90//90 139//139 91//91
f 91//91 139//139 140//140
f 95//95 94//94 141//141
f 141//141 94//94 93//93
f 141//141 93//93 140//140
f 140//140 93//93 91//91
f 91//91 93//93 92//92
f 138//138 95//95 141//141
f 95//95 138//138 96//96
f 152//152 151//151 153//153
f 151//151 154//154 153//153
f 156//156 157//157 155//155
f 155//155 158//158 156//156
f 160//160 159//159 161//161
f 162//162 161//161 159//159
f 164//164 163//163 166//166
f 166//166 163//163 165//165
f 97//97 163//163 98//98
f 98//98 163//163 164//164
f 101//101 100//100 166//166
f 166//166 100//100 99//99
f 166//166 99//99 164//164
f 164//164 99//99 98//98
f 98//98 99//99 100//100
f 101//101 166//166 102//102
f 102//102 166//166 165//165
f 103//103 160//160 104//104
f 104//104 160//160 161//161
f 108//108 107//107 162//162
f 162//162 107//107 106//106
f 162//162 106//106 161//161
f 161//161 106//106 104//104
f 104//104 106//106 105//105
f 108//108 162//162 109//109
f 109//109 162//162 159//159
f 110//110 157//157 111//111
f 111//111 157//157 156//156
f 114//114 113//113 158//158
f 158//158 113//113 112//112
f 158//158 112//112 156//156
f 156//156 112//112 111//111
f 111//111 112//112 113//113
f 114//114 158//158 115//115
f 115//115 158//158 155//155
f 116//116 152//152 117//117
f 117//117 152//152 153//153
f 121//121 120//120 154//154
f 154//154 120//120 119//119
f 154//154 119//119 153//153
f 153//153 119//119 117//117
f 117//117 119//119 118//118
f 151//151 121//121 154//154
f 121//121 151//151 122//122
f 123//123 147//147 124//124
f 124//124 147//147 149//149
f 125//125 124//124 126//126
f 126//126 124//124 149//149
f 126//126 149//149 150//150
f 126//126 150//150 125//125
f 125//125 150//150 127//127
f 127//127 150//150 128//128
f 128//128 150//150 148//148
f 129//129 146//146 130//130
f 130//130 146//146 136//136
f 167//167 68//68 168//168
f 168//168 68//68 67//67
f 168//168 67//67 65//65
f 168//168 65//65 169//169
f 169//169 65//65 134//134
f 169//169 134//134 170//170
f 170//170 134//134 171//171
f 171//171 134//134 131//131
f 171//171 131//131 172//172
f 172//172 131//131 77//77
f 172//172 77//77 173//173
f 173//173 77//77 76//76
f 173//173 76//76 75//75
f 173//173 75//75 74//74
f 173//173 74//74 174//174
f 174//174 74//74 72//72
f 174//174 72//72 132//132
f 174//174 132//132 175//175
f 175//175 132//132 176//176
f 176//176 132//132 133//133
f 176//176 133//133 70//70
f 176//176 70//70 167//167
f 167//167 70//70 69//69
f 167//167 69//69 68//68
f 191//191 179//179 180//180
f 170//170 180//180 169//169
f 191//191 181//181 179//179
f 179//179 181//181 182//182
f 183//183 182//182 184//184
f 183//183 184//184 185//185
f 185//185 184//184 186//186
f 185//185 186//186 187//187
f 175//175 187//187 177//177
f 177//177 187//187 178//178
f 178//178 187//187 186//186
f 169//169 180//180 188//188
f 169//169 188//188 168//168
f 168//168 188//188 167//167
f 167//167 188//188 189//189
f 167//167 189//189 190//190
f 167//167 190//190 176//176
f 176//176 190//190 187//187
f 176//176 187//187 175//175
f 178//178 192//192 175//175
f 175//175 192//192 174//174
f 178//178 193//193 192//192
f 192//192 193//193 194//194
f 194//194 193//193 195//195
f 170//170 199//199 191//191
f 191//191 199//199 198//198
f 174//174 192//192 200//200
f 174//174 200//200 173//173
f 173//173 200//200 201//201
f 173//173 201//201 172//172
f 172//172 202//202 171//171
f 171//171 202//202 199//199
f 171//171 199//199 170//170
f 203//203 204//204 181//181
f 197//197 205//205 198//198
f 198//198 205//205 206//206
f 198//198 206//206 191//191
f 193//193 207//207 208//208
f 193//193 208//208 209//209
f 193//193 209//209 195//195
f 195//195 209//209 210//210
f 195//195 210//210 196//196
f 196//196 210//210 211//211
f 196//196 211//211 197//197
f 197//197 211//211 205//205
f 178//178 212//212 193//193
f 193//193 212//212 207//207
f 181//181 204//204 182//182
f 182//182 204//204 213//213
f 182//182 213//213 184//184
f 184//184 213//213 214//214
f 184//184 214//214 215//215
f 184//184 215//215 186//186
f 203//203 181//181 206//206
f 206//206 181//181 191//191
f 215//215 216//216 186//186
f 186//186 216//216 217//217
f 186//186 217//217 178//178
f 178//178 217//217 212//212
f 175//175 218//218 219//219
f 219//219 178//178 175//175
f 219//219 177//177 178//178
f 177//177 219//219 218//218
f 218//218 175//175 177//177
f 191//191 220//220 170//170
f 170//170 220//220 180//180
f 180//180 220//220 221//221
f 180//180 221//221 191//191
f 191//191 221//221 220//220
f 231//231 180//180 179//179
f 180//180 231//231 222//222
f 180//180 222//222 188//188
f 188//188 222//222 223//223
f 188//188 223//223 224//224
f 188//188 224//224 189//189
f 189//189 224//224 225//225
f 189//189 225//225 226//226
f 189//189 226//226 190//190
f 190//190 226//226 227//227
f 190//190 227//227 228//228
f 190//190 228//228 187//187
f 187//187 228//228 229//229
f 187//187 229//229 230//230
f 187//187 230//230 185//185
f 185//185 230//230 227//227
f 185//185 227//227 226//226
f 185//185 226//226 183//183
f 183//183 226//226 225//225
f 183//183 225//225 224//224
f 183//183 224//224 182//182
f 182//182 224//224 223//223
f 182//182 223//223 179//179
f 179//179 223//223 222//222
f 179//179 222//222 231//231
f 192//192 241//241 232//232
f 192//192 232//232 200//200
f 200//200 232//232 233//233
f 200//200 233//233 234//234
f 200//200 234//234 201//201
f 201//201 234//234 235//235
f 201//201 235//235 172//172
f 172//172 235//235 236//236
f 172//172 236//236 202//202
f 202//202 236//236 237//237
f 202//202 237//237 238//238
f 202//202 238//238 199//199
f 199//199 238//238 239//239
f 239//239 198//198 199//199
f 198//198 239//239 238//238
f 198//198 238//238 197//197
f 197//197 238//238 237//237
f 197//197 237//237 196//196
f 196//196 237//237 236//236
f 196//196 236//236 195//195
f 195//195 236//236 235//235
f 195//195 235//235 234//234
f 195//195 234//234 194//194
f 194//194 234//234 233//233
f 194//194 233//233 240//240
f 194//194 240//240 192//192
f 192//192 240//240 241//241
f 206//206 205//205 242//242
f 242//242 203//203 206//206
f 228//228 227//227 230//230
f 228//228 230//230 229//229
f 240//240 233//233 232//232
f 240//240 232//232 241//241
f 243//243 214//214 244//244
f 244//244 214//214 213//213
f 244//244 213//213 204//204
f 244//244 204//204 245//245
f 245//245 204//204 203//203
f 252//252 212//212 246//246
f 246//246 212//212 217//217
f 246//246 217//217 216//216
f 246//246 216//216 215//215
f 246//246 215//215 243//243
f 243//243 215//215 214//214
f 245//245 203//203 242//242
f 245//245 242//242 247//247
f 247//247 242//242 248//248
f 248//248 242//242 205//205
f 248//248 205//205 249//249
f 249//249 205//205 211//211
f 249//249 211//211 250//250
f 211//211 210//210 250//250
f 250//250 210//210 209//209
f 250//250 209//209 251//251
f 251//251 209//209 208//208
f 251//251 208//208 207//207
f 251//251 207//207 252//252
f 252//252 207//207 212//212
f 253//253 252//252 246//246
f 253//253 246//246 254//254
f 254//254 246//246 243//243
f 243//243 244//244 255//255
f 255//255 244//244 245//245
f 255//255 245//245 256//256
f 256//256 245//245 247//247
f 252//252 253//253 251//251
f 257//257 256//256 258//258
f 256//256 257//257 259//259
f 256//256 259//259 255//255
f 255//255 259//259 260//260
f 255//255 260//260 261//261
f 255//255 261//261 243//243
f 243//243 261//261 254//254
f 254//254 261//261 262//262
f 248//248 263//263 247//247
f 247//247 263//263 258//258
f 247//247 258//258 256//256
f 251//251 253//253 264//264
f 264//264 253//253 265//265
f 251//251 264//264 266//266
f 251//251 266//266 267//267
f 251//251 267//267 250//250
f 250//250 267//267 268//268
f 250//250 268//268 249//249
f 249//249 268//268 269//269
f 249//249 269//269 248//248
f 248//248 269//269 263//263
f 254//254 262//262 270//270
f 254//254 270//270 253//253
f 253//253 270//270 265//265
f 258//258 263//263 273//273
f 274//274 264//264 265//265
f 265//265 270//270 274//274
f 273//273 257//257 258//258
f 15//15 275//275 16//16
f 16//16 275//275 276//276
f 16//16 276//276 8//8
f 8//8 276//276 277//277
f 8//8 277//277 10//10
f 10//10 277//277 26//26
f 26//26 277//277 278//278
f 26//26 278//278 271//271
f 271//271 278//278 279//279
f 271//271 279//279 272//272
f 272//272 279//279 280//280
f 272//272 280//280 24//24
f 24//24 280//280 281//281
f 24//24 281//281 22//22
f 22//22 281//281 282//282
f 22//22 282//282 20//20
f 20//20 282//282 3//3
f 3//3 282//282 283//283
f 3//3 283//283 1//1
f 1//1 283//283 284//284
f 1//1 284//284 11//11
f 11//11 284//284 12//12
f 12//12 284//284 285//285
f 12//12 285//285 14//14
f 14//14 285//285 15//15
f 15//15 285//285 275//275
f 286//286 274//274 287//287
f 287//287 274//274 270//270
f 287//287 270//270 262//262
f 287//287 262//262 288//288
f 289//289 268//268 267//267
f 289//289 267//267 290//290
f 290//290 267//267 266//266
f 290//290 266//266 286//286
f 286//286 266//266 264//264
f 286//286 264//264 274//274
f 291//291 273//273 292//292
f 292//292 273//273 263//263
f 292//292 263//263 269//269
f 292//292 269//269 289//289
f 289//289 269//269 268//268
f 262//262 261//261 288//288
f 288//288 261//261 293//293
f 293//293 261//261 260//260
f 293//293 260//260 259//259
f 293//293 259//259 294//294
f 294//294 259//259 257//257
f 294//294 257//257 291//291
f 291//291 257//257 273//273
f 297//297 279//279 290//290
f 290//290 279//279 278//278
f 290//290 278//278 289//289
f 289//289 278//278 277//277
f 289//289 277//277 295//295
f 295//295 277//277 276//276
f 295//295 276//276 275//275
f 295//295 275//275 291//291
f 291//291 275//275 294//294
f 294//294 275//275 285//285
f 299//299 282//282 296//296
f 296//296 282//282 281//281
f 296//296 281//281 297//297
f 297//297 281//281 280//280
f 297//297 280//280 279//279
f 294//294 285//285 298//298
f 298//298 285//285 284//284
f 298//298 284//284 299//299
f 299//299 284//284 283//283
f 299//299 283//283 282//282
f 297//297 286//286 296//296
f 296//296 286//286 287//287
f 296//296 287//287 299//299
f 299//299 287//287 288//288
f 299//299 288//288 293//293
f 299//299 293//293 298//298
f 298//298 293//293 294//294
f 291//291 292//292 295//295
f 295//295 292//292 289//289
f 290//290 286//286 297//297
f 304//304 305//305 303//303
f 303//303 305//305 302//302
f 300//300 306//306 307//307
f 300//300 307//307 301//301
f 301//301 307//307 308//308
f 301//301 308//308 302//302
f 302//302 308//308 303//303
f 309//309 304//304 606//606
f 309//309 606//606 303//303
f 304//304 309//309 305//305
f 306//306 305//305 309//309
f 306//306 300//300 305//305
f 311//311 308//308 310//310
f 306//306 309//309 312//312
f 303//303 311//311 309//309
f 308//308 307//307 310//310
f 310//310 307//307 312//312
f 311//311 303//303 308//308
f 307//307 306//306 312//312
f 312//312 309//309 311//311
f 310//310 312//312 311//311
f 313//313 315//315 314//314
f 315//315 316//316 314//314
f 314//314 316//316 317//317
f 317//317 316//316 319//319
f 317//317 319//319 318//318
f 318//318 319//319 321//321
f 318//318 321//321 320//320
f 321//321 313//313 320//320
f 320//320 313//313 314//314
f 313//313 321//321 319//319
f 316//316 315//315 313//313
f 322//322 319//319 316//316
f 323//323 319//319 322//322
f 323//323 313//313 319//319
f 322//322 316//316 313//313
f 322//322 313//313 323//323
f 328//328 329//329 330//330
f 324//324 325//325 331//331
f 328//328 332//332 329//329
f 329//329 332//332 331//331
f 329//329 331//331 325//325
f 333//333 337//337 330//330
f 330//330 337//337 334//334
f 330//330 334//334 328//328
f 326//326 327//327 335//335
f 335//335 327//327 336//336
f 335//335 336//336 333//333
f 333//333 336//336 337//337
f 339//339 334//334 338//338
f 340//340 343//343 344//344
f 344//344 343//343 345//345
f 340//340 341//341 343//343
f 369//369 346//346 347//347
f 347//347 346//346 348//348
f 348//348 346//346 342//342
f 341//341 366//366 349//349
f 349//349 366//366 369//369
f 349//349 369//369 347//347
f 353//353 354//354 355//355
f 351//351 352//352 356//356
f 351//351 356//356 359//359
f 358//358 357//357 359//359
f 358//358 359//359 356//356
f 361//361 354//354 360//360
f 360//360 354//354 353//353
f 355//355 362//362 353//353
f 361//361 362//362 355//355
f 357//357 370//370 363//363
f 363//363 370//370 364//364
f 363//363 364//364 365//365
f 365//365 364//364 360//360
f 360//360 364//364 367//367
f 375//375 374//374 373//373
f 375//375 373//373 376//376
f 375//375 377//377 374//374
f 374//374 377//377 378//378
f 374//374 378//378 379//379
f 378//378 380//380 379//379
f 379//379 380//380 381//381
f 383//383 382//382 384//384
f 383//383 384//384 385//385
f 385//385 384//384 381//381
f 385//385 381//381 380//380
f 380//380 387//387 386//386
f 388//388 333//333 412//412
f 335//335 388//388 837//837
f 335//335 837//837 326//326
f 333//333 388//388 335//335
f 389//389 326//326 837//837
f 390//390 353//353 391//391
f 391//391 353//353 362//362
f 357//357 393//393 359//359
f 359//359 393//393 392//392
f 363//363 393//393 357//357
f 365//365 394//394 363//363
f 363//363 394//394 393//393
f 360//360 395//395 365//365
f 365//365 395//395 394//394
f 353//353 390//390 395//395
f 353//353 395//395 360//360
f 396//396 351//351 359//359
f 396//396 359//359 392//392
f 397//397 398//398 382//382
f 382//382 398//398 384//384
f 399//399 381//381 384//384
f 384//384 398//398 399//399
f 379//379 381//381 399//399
f 379//379 399//399 400//400
f 379//379 400//400 374//374
f 25//25 373//373 374//374
f 25//25 374//374 400//400
f 373//373 401//401 376//376
f 376//376 401//401 377//377
f 401//401 380//380 378//378
f 401//401 378//378 377//377
f 401//401 387//387 380//380
f 403//403 348//348 402//402
f 343//343 405//405 404//404
f 343//343 404//404 345//345
f 341//341 405//405 343//343
f 349//349 405//405 341//341
f 349//349 406//406 405//405
f 347//347 406//406 349//349
f 348//348 407//407 347//347
f 347//347 407//407 406//406
f 348//348 403//403 407//407
f 408//408 345//345 404//404
f 409//409 325//325 324//324
f 324//324 332//332 409//409
f 409//409 332//332 328//328
f 409//409 328//328 334//334
f 339//339 409//409 334//334
f 21//21 329//329 325//325
f 21//21 325//325 410//410
f 412//412 333//333 330//330
f 21//21 411//411 329//329
f 329//329 411//411 330//330
f 330//330 411//411 412//412
f 368//368 367//367 414//414
f 414//414 367//367 413//413
f 413//413 370//370 371//371
f 371//371 414//414 413//413
f 415//415 372//372 346//346
f 415//415 346//346 369//369
f 350//350 416//416 340//340
f 416//416 366//366 341//341
f 416//416 341//341 340//340
f 368//368 417//417 367//367
f 417//417 362//362 361//361
f 417//417 361//361 360//360
f 417//417 360//360 367//367
f 351//351 418//418 352//352
f 352//352 418//418 358//358
f 418//418 371//371 370//370
f 418//418 370//370 357//357
f 418//418 357//357 358//358
f 837//837 813//813 389//389
f 396//396 812//812 397//397
f 408//408 21//21 410//410
f 389//389 13//13 391//391
f 13//13 810//810 391//391
f 402//402 25//25 817//817
f 820//820 23//23 408//408
f 408//408 23//23 21//21
f 17//17 7//7 397//397
f 17//17 397//397 812//812
f 13//13 389//389 813//813
f 5//5 814//814 419//419
f 5//5 419//419 21//21
f 390//390 391//391 810//810
f 392//392 812//812 396//396
f 397//397 7//7 398//398
f 400//400 816//816 25//25
f 408//408 404//404 820//820
f 402//402 817//817 403//403
f 21//21 419//419 411//411
f 423//423 424//424 425//425
f 423//423 425//425 422//422
f 420//420 428//428 421//421
f 421//421 428//428 431//431
f 421//421 431//431 422//422
f 425//425 424//424 429//429
f 429//429 424//424 612//612
f 422//422 431//431 612//612
f 422//422 612//612 423//423
f 425//425 429//429 427//427
f 430//430 426//426 427//427
f 430//430 427//427 429//429
f 428//428 420//420 430//430
f 430//430 420//420 426//426
f 432//432 612//612 431//431
f 430//430 429//429 433//433
f 431//431 428//428 432//432
f 432//432 428//428 433//433
f 433//433 428//428 430//430
f 429//429 612//612 434//434
f 433//433 429//429 434//434
f 432//432 433//433 434//434
f 432//432 434//434 612//612
f 438//438 439//439 440//440
f 438//438 440//440 437//437
f 435//435 443//443 444//444
f 435//435 444//444 436//436
f 436//436 444//444 446//446
f 436//436 446//446 437//437
f 440//440 439//439 445//445
f 445//445 439//439 610//610
f 445//445 610//610 446//446
f 437//437 446//446 438//438
f 438//438 446//446 610//610
f 440//440 445//445 442//442
f 445//445 441//441 442//442
f 443//443 435//435 441//441
f 443//443 441//441 445//445
f 448//448 445//445 446//446
f 445//445 448//448 447//447
f 445//445 447//447 443//443
f 444//444 443//443 447//447
f 448//448 446//446 449//449
f 447//447 448//448 449//449
f 444//444 447//447 449//449
f 444//444 449//449 446//446
f 456//456 450//450 451//451
f 450//450 452//452 451//451
f 452//452 453//453 451//451
f 451//451 453//453 454//454
f 453//453 455//455 454//454
f 454//454 455//455 456//456
f 455//455 457//457 456//456
f 450//450 456//456 457//457
f 452//452 450//450 457//457
f 457//457 455//455 453//453
f 458//458 453//453 452//452
f 458//458 457//457 453//453
f 459//459 457//457 458//458
f 459//459 452//452 457//457
f 458//458 452//452 459//459
f 464//464 465//465 466//466
f 466//466 463//463 464//464
f 460//460 467//467 461//461
f 461//461 467//467 468//468
f 461//461 468//468 462//462
f 462//462 468//468 470//470
f 462//462 470//470 463//463
f 466//466 465//465 469//469
f 463//463 470//470 469//469
f 463//463 469//469 464//464
f 471//471 460//460 466//466
f 471//471 466//466 469//469
f 467//467 460//460 471//471
f 469//469 472//472 471//471
f 471//471 472//472 473//473
f 471//471 473//473 467//467
f 467//467 473//473 474//474
f 467//467 474//474 468//468
f 468//468 474//474 470//470
f 472//472 469//469 470//470
f 472//472 470//470 474//474
f 473//473 472//472 474//474
f 480//480 478//478 482//482
f 482//482 478//478 477//477
f 477//477 476//476 482//482
f 482//482 476//476 481//481
f 481//481 476//476 475//475
f 481//481 475//475 480//480
f 480//480 475//475 479//479
f 480//480 479//479 478//478
f 482//482 481//481 483//483
f 482//482 483//483 480//480
f 480//480 483//483 481//481
f 484//484 48//48 485//485
f 485//485 48//48 64//64
f 485//485 64//64 486//486
f 486//486 64//64 63//63
f 486//486 63//63 62//62
f 486//486 62//62 487//487
f 487//487 62//62 61//61
f 487//487 61//61 488//488
f 488//488 61//61 489//489
f 489//489 61//61 60//60
f 489//489 60//60 490//490
f 490//490 60//60 56//56
f 490//490 56//56 491//491
f 491//491 56//56 492//492
f 492//492 56//56 55//55
f 492//492 55//55 493//493
f 493//493 55//55 54//54
f 493//493 54//54 494//494
f 494//494 54//54 53//53
f 494//494 53//53 495//495
f 495//495 53//53 52//52
f 51//51 496//496 52//52
f 52//52 496//496 495//495
f 51//51 50//50 497//497
f 51//51 497//497 496//496
f 50//50 49//49 498//498
f 50//50 498//498 497//497
f 48//48 484//484 49//49
f 49//49 484//484 498//498
f 522//522 698//698 523//523
f 523//523 698//698 499//499
f 697//697 698//698 522//522
f 81//81 523//523 499//499
f 697//697 522//522 79//79
f 81//81 697//697 79//79
f 81//81 499//499 697//697
f 525//525 500//500 524//524
f 524//524 500//500 503//503
f 125//125 501//501 525//525
f 525//525 501//501 500//500
f 524//524 502//502 125//125
f 125//125 502//502 501//501
f 524//524 503//503 502//502
f 505//505 526//526 506//506
f 118//118 700//700 526//526
f 526//526 700//700 506//506
f 504//504 700//700 120//120
f 120//120 700//700 118//118
f 526//526 505//505 120//120
f 120//120 505//505 504//504
f 507//507 527//527 699//699
f 699//699 527//527 113//113
f 113//113 508//508 699//699
f 508//508 113//113 528//528
f 508//508 528//528 509//509
f 509//509 528//528 507//507
f 507//507 528//528 527//527
f 512//512 105//105 511//511
f 511//511 105//105 107//107
f 511//511 107//107 510//510
f 510//510 107//107 529//529
f 105//105 512//512 529//529
f 529//529 512//512 510//510
f 530//530 516//516 100//100
f 530//530 513//513 516//516
f 513//513 530//530 514//514
f 514//514 530//530 531//531
f 531//531 515//515 514//514
f 100//100 516//516 515//515
f 100//100 515//515 531//531
f 519//519 92//92 694//694
f 694//694 92//92 94//94
f 533//533 694//694 94//94
f 532//532 517//517 533//533
f 533//533 517//517 694//694
f 517//517 532//532 518//518
f 92//92 518//518 532//532
f 92//92 519//519 518//518
f 87//87 534//534 695//695
f 695//695 534//534 696//696
f 534//534 535//535 696//696
f 696//696 535//535 520//520
f 520//520 535//535 521//521
f 521//521 535//535 87//87
f 87//87 695//695 521//521
f 94//94 95//95 533//533
f 533//533 95//95 96//96
f 91//91 532//532 90//90
f 90//90 532//532 533//533
f 532//532 91//91 92//92
f 531//531 530//530 97//97
f 531//531 97//97 98//98
f 530//530 101//101 102//102
f 531//531 98//98 100//100
f 530//530 100//100 101//101
f 107//107 108//108 529//529
f 529//529 108//108 109//109
f 529//529 103//103 104//104
f 529//529 104//104 105//105
f 535//535 85//85 87//87
f 88//88 534//534 87//87
f 88//88 89//89 534//534
f 534//534 84//84 535//535
f 84//84 85//85 535//535
f 523//523 129//129 522//522
f 522//522 129//129 130//130
f 83//83 523//523 82//82
f 522//522 130//130 79//79
f 82//82 523//523 81//81
f 527//527 528//528 110//110
f 110//110 528//528 115//115
f 113//113 114//114 528//528
f 528//528 114//114 115//115
f 527//527 111//111 113//113
f 110//110 111//111 527//527
f 525//525 124//124 125//125
f 124//124 525//525 123//123
f 127//127 128//128 524//524
f 127//127 524//524 125//125
f 525//525 524//524 123//123
f 122//122 526//526 121//121
f 121//121 526//526 120//120
f 117//117 526//526 116//116
f 526//526 117//117 118//118
f 540//540 565//565 566//566
f 540//540 566//566 1040//1038
f 1041//1039 1040//1038 566//566
f 566//566 567//567 1042//1040
f 1042//1040 1041//1039 566//566
f 1043//1041 1042//1040 567//567
f 568//568 1043//1041 567//567
f 569//569 1044//1042 568//568
f 568//568 1044//1042 1043//1041
f 1037//1035 1044//1042 570//570
f 570//570 1044//1042 569//569
f 570//570 571//571 1038//1036
f 1038//1036 1037//1035 570//570
f 571//571 536//536 1038//1036
f 572//572 536//536 571//571
f 572//572 537//537 536//536
f 573//573 537//537 572//572
f 574//574 538//538 573//573
f 573//573 538//538 537//537
f 575//575 539//539 574//574
f 574//574 539//539 538//538
f 576//576 1039//1037 575//575
f 575//575 1039//1037 539//539
f 565//565 540//540 576//576
f 576//576 540//540 1039//1037
f 541//541 577//577 578//578
f 541//541 578//578 542//542
f 542//542 578//578 543//543
f 543//543 578//578 579//579
f 543//543 579//579 541//541
f 541//541 579//579 577//577
f 546//546 580//580 545//545
f 545//545 580//580 581//581
f 545//545 581//581 544//544
f 544//544 581//581 582//582
f 544//544 582//582 546//546
f 546//546 582//582 580//580
f 547//547 586//586 583//583
f 547//547 583//583 584//584
f 547//547 584//584 548//548
f 548//548 584//584 585//585
f 548//548 585//585 549//549
f 549//549 585//585 586//586
f 549//549 586//586 547//547
f 550//550 587//587 588//588
f 550//550 588//588 551//551
f 551//551 588//588 552//552
f 552//552 588//588 589//589
f 552//552 589//589 587//587
f 552//552 587//587 550//550
f 554//554 593//593 590//590
f 554//554 590//590 553//553
f 553//553 590//590 591//591
f 553//553 591//591 555//555
f 555//555 591//591 592//592
f 592//592 593//593 555//555
f 555//555 593//593 554//554
f 558//558 594//594 556//556
f 556//556 594//594 595//595
f 556//556 595//595 557//557
f 596//596 557//557 595//595
f 594//594 558//558 596//596
f 596//596 558//558 557//557
f 597//597 598//598 561//561
f 561//561 598//598 560//560
f 560//560 598//598 599//599
f 560//560 599//599 559//559
f 559//559 599//599 600//600
f 597//597 559//559 600//600
f 597//597 561//561 559//559
f 601//601 562//562 602//602
f 602//602 562//562 564//564
f 562//562 601//601 563//563
f 563//563 601//601 603//603
f 563//563 603//603 564//564
f 564//564 603//603 602//602
f 604//604 570//570 609//609
f 609//609 570//570 569//569
f 568//568 605//605 610//610
f 568//568 610//610 569//569
f 565//565 657//657 607//607
f 607//607 657//657 611//611
f 469//469 565//565 608//608
f 572//572 743//743 573//573
f 573//573 612//612 574//574
f 571//571 604//604 613//613
f 571//571 613//613 743//743
f 571//571 743//743 572//572
f 619//619 618//618 622//622
f 618//618 623//623 624//624
f 618//618 624//624 622//622
f 623//623 618//618 613//613
f 622//622 624//624 625//625
f 622//622 625//625 626//626
f 623//623 613//613 625//625
f 625//625 613//613 626//626
f 627//627 604//604 628//628
f 628//628 604//604 609//609
f 617//617 629//629 630//630
f 604//604 627//627 664//664
f 664//664 627//627 629//629
f 629//629 627//627 630//630
f 617//617 630//630 628//628
f 617//617 628//628 609//609
f 573//573 743//743 632//632
f 573//573 632//632 612//612
f 612//612 632//632 631//631
f 620//620 633//633 621//621
f 621//621 633//633 632//632
f 634//634 612//612 631//631
f 634//634 631//631 635//635
f 635//635 631//631 633//633
f 635//635 633//633 620//620
f 569//569 610//610 636//636
f 569//569 637//637 638//638
f 638//638 639//639 640//640
f 569//569 638//638 609//609
f 609//609 638//638 640//640
f 637//637 569//569 636//636
f 638//638 641//641 639//639
f 639//639 641//641 636//636
f 637//637 636//636 641//641
f 642//642 643//643 608//608
f 608//608 643//643 644//644
f 612//612 645//645 574//574
f 608//608 647//647 642//642
f 645//645 646//646 574//574
f 574//574 646//646 647//647
f 574//574 647//647 608//608
f 646//646 645//645 648//648
f 646//646 648//648 642//642
f 642//642 648//648 643//643
f 605//605 650//650 649//649
f 606//606 650//650 605//605
f 616//616 651//651 650//650
f 616//616 650//650 606//606
f 605//605 649//649 663//663
f 663//663 649//649 652//652
f 652//652 651//651 616//616
f 652//652 649//649 651//651
f 654//654 653//653 655//655
f 654//654 655//655 614//614
f 614//614 655//655 656//656
f 614//614 656//656 469//469
f 653//653 654//654 657//657
f 653//653 657//657 656//656
f 565//565 656//656 657//657
f 659//659 615//615 660//660
f 607//607 611//611 658//658
f 658//658 611//611 660//660
f 615//615 661//661 660//660
f 659//659 660//660 611//611
f 662//662 606//606 607//607
f 662//662 607//607 658//658
f 662//662 658//658 661//661
f 662//662 661//661 615//615
f 621//621 632//632 743//743
f 618//618 743//743 613//613
f 469//469 656//656 565//565
f 635//635 421//421 422//422
f 635//635 422//422 634//634
f 612//612 634//634 665//665
f 426//426 645//645 427//427
f 427//427 645//645 612//612
f 665//665 634//634 422//422
f 645//645 426//426 648//648
f 648//648 426//426 420//420
f 461//461 644//644 643//643
f 666//666 619//619 622//622
f 677//677 484//484 667//667
f 667//667 484//484 485//485
f 486//486 620//620 666//666
f 487//487 488//488 420//420
f 490//490 614//614 460//460
f 490//490 460//460 489//489
f 492//492 676//676 491//491
f 491//491 676//676 668//668
f 626//626 667//667 485//485
f 626//626 485//485 622//622
f 486//486 666//666 622//622
f 486//486 622//622 485//485
f 620//620 486//486 487//487
f 487//487 635//635 620//620
f 420//420 421//421 487//487
f 487//487 421//421 635//635
f 648//648 420//420 488//488
f 648//648 488//488 643//643
f 643//643 488//488 489//489
f 460//460 461//461 489//489
f 489//489 461//461 643//643
f 614//614 490//490 654//654
f 654//654 490//490 491//491
f 654//654 491//491 668//668
f 644//644 461//461 462//462
f 644//644 462//462 608//608
f 463//463 608//608 462//462
f 466//466 614//614 669//669
f 669//669 614//614 469//469
f 670//670 469//469 608//608
f 670//670 608//608 463//463
f 614//614 466//466 460//460
f 654//654 668//668 671//671
f 654//654 671//671 657//657
f 672//672 657//657 673//673
f 657//657 671//671 673//673
f 657//657 672//672 611//611
f 674//674 611//611 675//675
f 675//675 611//611 672//672
f 611//611 674//674 659//659
f 659//659 674//674 676//676
f 677//677 664//664 629//629
f 492//492 659//659 676//676
f 301//301 493//493 300//300
f 300//300 493//493 494//494
f 300//300 494//494 616//616
f 663//663 495//495 435//435
f 435//435 495//495 496//496
f 435//435 496//496 636//636
f 678//678 497//497 617//617
f 617//617 497//497 498//498
f 659//659 492//492 615//615
f 615//615 492//492 493//493
f 615//615 493//493 301//301
f 494//494 652//652 616//616
f 652//652 494//494 495//495
f 652//652 495//495 663//663
f 496//496 639//639 636//636
f 639//639 496//496 497//497
f 639//639 497//497 678//678
f 629//629 617//617 498//498
f 677//677 629//629 484//484
f 484//484 629//629 498//498
f 615//615 301//301 302//302
f 615//615 302//302 662//662
f 303//303 606//606 662//662
f 305//305 606//606 679//679
f 305//305 616//616 606//606
f 616//616 305//305 300//300
f 663//663 436//436 605//605
f 441//441 636//636 442//442
f 442//442 636//636 610//610
f 605//605 436//436 437//437
f 605//605 437//437 610//610
f 610//610 437//437 680//680
f 636//636 441//441 435//435
f 639//639 678//678 681//681
f 639//639 681//681 640//640
f 683//683 609//609 682//682
f 682//682 609//609 754//754
f 684//684 754//754 609//609
f 684//684 609//609 681//681
f 681//681 609//609 640//640
f 609//609 683//683 617//617
f 664//664 677//677 685//685
f 664//664 685//685 604//604
f 686//686 604//604 687//687
f 604//604 685//685 687//687
f 613//613 604//604 686//686
f 689//689 613//613 688//688
f 688//688 613//613 686//686
f 613//613 689//689 626//626
f 626//626 689//689 667//667
f 619//619 666//666 690//690
f 619//619 690//690 618//618
f 743//743 618//618 692//692
f 693//693 621//621 691//691
f 691//691 621//621 743//743
f 618//618 690//690 692//692
f 738//738 621//621 693//693
f 621//621 738//738 620//620
f 517//517 658//658 694//694
f 694//694 658//658 660//660
f 658//658 517//517 661//661
f 661//661 517//517 518//518
f 519//519 661//661 518//518
f 694//694 660//660 661//661
f 694//694 661//661 519//519
f 655//655 515//515 516//516
f 513//513 655//655 516//516
f 513//513 656//656 655//655
f 656//656 513//513 653//653
f 653//653 513//513 514//514
f 515//515 653//653 514//514
f 515//515 655//655 653//653
f 651//651 695//695 650//650
f 650//650 695//695 696//696
f 649//649 650//650 520//520
f 520//520 650//650 696//696
f 649//649 520//520 521//521
f 695//695 651//651 521//521
f 521//521 651//651 649//649
f 642//642 512//512 511//511
f 642//642 511//511 646//646
f 646//646 511//511 510//510
f 646//646 510//510 647//647
f 512//512 647//647 510//510
f 512//512 642//642 647//647
f 637//637 499//499 638//638
f 638//638 499//499 698//698
f 641//641 638//638 697//697
f 697//697 638//638 698//698
f 499//499 641//641 697//697
f 499//499 637//637 641//641
f 631//631 507//507 633//633
f 633//633 507//507 699//699
f 633//633 699//699 508//508
f 633//633 508//508 632//632
f 509//509 632//632 508//508
f 507//507 631//631 509//509
f 509//509 631//631 632//632
f 628//628 502//502 500//500
f 628//628 500//500 627//627
f 501//501 630//630 500//500
f 500//500 630//630 627//627
f 502//502 628//628 501//501
f 501//501 628//628 630//630
f 623//623 505//505 506//506
f 700//700 624//624 506//506
f 506//506 624//624 623//623
f 504//504 625//625 700//700
f 700//700 625//625 624//624
f 505//505 625//625 504//504
f 505//505 623//623 625//625
f 665//665 422//422 425//425
f 665//665 425//425 427//427
f 719//719 688//688 687//687
f 719//719 687//687 685//685
f 761//761 675//675 673//673
f 761//761 673//673 671//671
f 670//670 463//463 669//669
f 669//669 463//463 466//466
f 738//738 666//666 620//620
f 693//693 691//691 690//690
f 690//690 691//691 692//692
f 617//617 749//749 678//678
f 749//749 617//617 683//683
f 683//683 682//682 681//681
f 681//681 682//682 684//684
f 436//436 663//663 435//435
f 680//680 437//437 440//440
f 680//680 440//440 442//442
f 662//662 302//302 305//305
f 662//662 305//305 679//679
f 502//502 503//503 500//500
f 565//565 576//576 608//608
f 608//608 576//576 575//575
f 608//608 575//575 574//574
f 604//604 571//571 570//570
f 568//568 567//567 605//605
f 605//605 567//567 606//606
f 606//606 567//567 566//566
f 606//606 566//566 607//607
f 607//607 566//566 565//565
f 583//583 701//701 702//702
f 583//583 702//702 584//584
f 584//584 702//702 585//585
f 585//585 702//702 586//586
f 586//586 702//702 701//701
f 586//586 701//701 583//583
f 580//580 703//703 581//581
f 704//704 581//581 703//703
f 581//581 704//704 582//582
f 582//582 704//704 580//580
f 580//580 704//704 703//703
f 577//577 705//705 578//578
f 705//705 706//706 578//578
f 578//578 706//706 579//579
f 579//579 706//706 705//705
f 579//579 705//705 577//577
f 602//602 708//708 707//707
f 602//602 707//707 601//601
f 601//601 707//707 708//708
f 601//601 708//708 603//603
f 603//603 708//708 602//602
f 598//598 710//710 599//599
f 599//599 710//710 709//709
f 599//599 709//709 600//600
f 600//600 709//709 710//710
f 600//600 710//710 597//597
f 597//597 710//710 598//598
f 712//712 711//711 594//594
f 594//594 711//711 595//595
f 712//712 595//595 711//711
f 712//712 596//596 595//595
f 712//712 594//594 596//596
f 593//593 714//714 590//590
f 590//590 714//714 713//713
f 590//590 713//713 591//591
f 591//591 713//713 592//592
f 592//592 713//713 714//714
f 714//714 593//593 592//592
f 587//587 716//716 715//715
f 587//587 715//715 588//588
f 588//588 715//715 589//589
f 589//589 715//715 716//716
f 589//589 716//716 587//587
f 717//717 718//718 719//719
f 717//717 719//719 685//685
f 667//667 720//720 677//677
f 677//677 720//720 685//685
f 685//685 720//720 723//723
f 719//719 718//718 721//721
f 721//721 718//718 686//686
f 685//685 723//723 721//721
f 685//685 721//721 717//717
f 717//717 721//721 686//686
f 719//719 721//721 688//688
f 722//722 689//689 688//688
f 722//722 688//688 721//721
f 720//720 667//667 722//722
f 722//722 667//667 689//689
f 721//721 723//723 725//725
f 722//722 725//725 726//726
f 723//723 720//720 724//724
f 724//724 720//720 726//726
f 726//726 720//720 722//722
f 725//725 722//722 721//721
f 724//724 726//726 725//725
f 725//725 723//723 724//724
f 727//727 729//729 728//728
f 728//728 729//729 730//730
f 735//735 730//730 729//729
f 730//730 735//735 731//731
f 735//735 732//732 731//731
f 732//732 733//733 731//731
f 731//731 733//733 734//734
f 727//727 728//728 734//734
f 727//727 734//734 733//733
f 732//732 735//735 729//729
f 729//729 727//727 733//733
f 736//736 732//732 737//737
f 737//737 732//732 729//729
f 736//736 733//733 732//732
f 737//737 733//733 736//736
f 737//737 729//729 733//733
f 740//740 739//739 693//693
f 690//690 740//740 693//693
f 738//738 741//741 666//666
f 666//666 741//741 742//742
f 666//666 742//742 690//690
f 690//690 742//742 744//744
f 693//693 739//739 743//743
f 690//690 744//744 740//740
f 740//740 744//744 743//743
f 745//745 738//738 743//743
f 743//743 738//738 693//693
f 741//741 738//738 745//745
f 747//747 745//745 746//746
f 745//745 747//747 741//741
f 741//741 747//747 748//748
f 741//741 748//748 742//742
f 742//742 748//748 744//744
f 745//745 743//743 746//746
f 746//746 743//743 744//744
f 748//748 747//747 746//746
f 746//746 744//744 748//748
f 751//751 750//750 683//683
f 681//681 751//751 683//683
f 749//749 752//752 678//678
f 678//678 752//752 753//753
f 678//678 753//753 681//681
f 681//681 753//753 755//755
f 683//683 750//750 754//754
f 681//681 755//755 754//754
f 681//681 754//754 751//751
f 756//756 683//683 754//754
f 752//752 749//749 756//756
f 756//756 749//749 683//683
f 757//757 758//758 756//756
f 757//757 756//756 754//754
f 757//757 754//754 755//755
f 758//758 752//752 756//756
f 755//755 753//753 759//759
f 759//759 753//753 752//752
f 759//759 752//752 758//758
f 759//759 758//758 757//757
f 757//757 755//755 759//759
f 762//762 760//760 761//761
f 762//762 761//761 671//671
f 676//676 763//763 764//764
f 676//676 764//764 668//668
f 668//668 764//764 671//671
f 671//671 764//764 767//767
f 761//761 760//760 765//765
f 765//765 760//760 672//672
f 671//671 767//767 765//765
f 671//671 765//765 762//762
f 762//762 765//765 672//672
f 761//761 765//765 675//675
f 766//766 674//674 675//675
f 766//766 675//675 765//765
f 763//763 676//676 674//674
f 763//763 674//674 766//766
f 768//768 767//767 764//764
f 765//765 767//767 766//766
f 768//768 764//764 763//763
f 766//766 767//767 769//769
f 763//763 766//766 769//769
f 768//768 763//763 769//769
f 768//768 769//769 767//767
f 770//770 775//775 771//771
f 771//771 775//775 774//774
f 771//771 774//774 772//772
f 772//772 774//774 777//777
f 777//777 776//776 772//772
f 772//772 776//776 773//773
f 773//773 776//776 770//770
f 770//770 776//776 775//775
f 780//780 781//781 779//779
f 782//782 781//781 778//778
f 778//778 779//779 782//782
f 780//780 774//774 775//775
f 778//778 776//776 777//777
f 778//778 777//777 779//779
f 780//780 775//775 781//781
f 778//778 781//781 776//776
f 776//776 781//781 775//775
f 780//780 779//779 774//774
f 774//774 779//779 777//777
f 880//880 785//785 784//784
f 880//880 784//784 783//783
f 785//785 880//880 879//879
f 882//882 783//783 784//784
f 785//785 879//879 882//882
f 784//784 785//785 882//882
f 789//789 788//788 790//790
f 787//787 786//786 789//789
f 789//789 786//786 788//788
f 788//788 791//791 792//792
f 793//793 786//786 787//787
f 787//787 794//794 793//793
f 788//788 792//792 790//790
f 787//787 790//790 794//794
f 794//794 790//790 792//792
f 788//788 786//786 791//791
f 791//791 786//786 793//793
f 867//867 793//793 797//797
f 797//797 793//793 794//794
f 797//797 794//794 795//795
f 795//795 794//794 792//792
f 795//795 792//792 796//796
f 796//796 792//792 791//791
f 796//796 791//791 867//867
f 867//867 791//791 793//793
f 403//403 798//798 342//342
f 405//405 366//366 340//340
f 405//405 340//340 344//344
f 405//405 344//344 404//404
f 366//366 405//405 406//406
f 366//366 406//406 369//369
f 369//369 406//406 372//372
f 372//372 406//406 346//346
f 406//406 407//407 346//346
f 346//346 407//407 342//342
f 342//342 407//407 403//403
f 389//389 800//800 801//801
f 803//803 408//408 799//799
f 798//798 802//802 402//402
f 410//410 809//809 799//799
f 801//801 806//806 810//810
f 812//812 804//804 807//807
f 805//805 801//801 813//813
f 389//389 801//801 805//805
f 800//800 391//391 806//806
f 800//800 806//806 801//801
f 804//804 396//396 807//807
f 802//802 808//808 25//25
f 807//807 7//7 815//815
f 815//815 7//7 816//816
f 802//802 798//798 817//817
f 799//799 820//820 803//803
f 419//419 814//814 809//809
f 419//419 809//809 410//410
f 802//802 816//816 808//808
f 340//340 366//366 350//350
f 798//798 403//403 817//817
f 820//820 404//404 803//803
f 823//823 821//821 822//822
f 815//815 816//816 830//830
f 821//821 823//823 815//815
f 815//815 823//823 807//807
f 807//807 823//823 825//825
f 807//807 825//825 812//812
f 812//812 825//825 811//811
f 811//811 825//825 826//826
f 811//811 826//826 810//810
f 810//810 826//826 827//827
f 810//810 827//827 801//801
f 801//801 827//827 813//813
f 827//827 896//896 813//813
f 813//813 896//896 814//814
f 814//814 896//896 824//824
f 828//828 830//830 802//802
f 802//802 830//830 816//816
f 828//828 829//829 821//821
f 821//821 829//829 822//822
f 814//814 824//824 809//809
f 809//809 824//824 831//831
f 809//809 831//831 799//799
f 799//799 831//831 832//832
f 799//799 832//832 820//820
f 820//820 832//832 819//819
f 819//819 832//832 833//833
f 819//819 833//833 834//834
f 819//819 834//834 818//818
f 818//818 834//834 817//817
f 834//834 829//829 817//817
f 817//817 829//829 802//802
f 829//829 828//828 802//802
f 835//835 410//410 799//799
f 835//835 799//799 408//408
f 836//836 411//411 410//410
f 410//410 411//411 419//419
f 813//813 837//837 805//805
f 837//837 327//327 805//805
f 839//839 391//391 800//800
f 839//839 800//800 838//838
f 838//838 800//800 389//389
f 839//839 840//840 391//391
f 355//355 806//806 841//841
f 390//390 806//806 355//355
f 806//806 390//390 810//810
f 812//812 392//392 804//804
f 842//842 843//843 396//396
f 844//844 397//397 843//843
f 843//843 397//397 807//807
f 843//843 807//807 396//396
f 398//398 807//807 383//383
f 807//807 398//398 7//7
f 816//816 400//400 808//808
f 855//855 808//808 400//400
f 845//845 402//402 802//802
f 845//845 802//802 25//25
f 404//404 344//344 803//803
f 830//830 846//846 847//847
f 830//830 847//847 815//815
f 847//847 848//848 815//815
f 815//815 848//848 821//821
f 821//821 848//848 849//849
f 821//821 849//849 828//828
f 849//849 846//846 828//828
f 828//828 846//846 830//830
f 324//324 836//836 334//334
f 836//836 338//338 334//334
f 411//411 836//836 324//324
f 411//411 324//324 331//331
f 388//388 336//336 327//327
f 388//388 327//327 837//837
f 336//336 388//388 337//337
f 337//337 388//388 412//412
f 331//331 332//332 411//411
f 411//411 332//332 334//334
f 411//411 334//334 412//412
f 412//412 334//334 337//337
f 840//840 839//839 850//850
f 850//850 839//839 838//838
f 355//355 841//841 361//361
f 361//361 841//841 367//367
f 367//367 841//841 851//851
f 367//367 851//851 413//413
f 413//413 851//851 370//370
f 370//370 851//851 852//852
f 392//392 356//356 852//852
f 852//852 356//356 352//352
f 852//852 352//352 370//370
f 853//853 844//844 843//843
f 853//853 843//843 854//854
f 854//854 843//843 842//842
f 356//356 392//392 393//393
f 393//393 370//370 358//358
f 393//393 358//358 356//356
f 370//370 393//393 394//394
f 370//370 394//394 364//364
f 364//364 394//394 395//395
f 364//364 395//395 367//367
f 367//367 395//395 361//361
f 361//361 395//395 354//354
f 354//354 395//395 390//390
f 354//354 390//390 355//355
f 377//377 375//375 400//400
f 377//377 400//400 380//380
f 380//380 400//400 399//399
f 380//380 399//399 385//385
f 385//385 399//399 383//383
f 383//383 399//399 398//398
f 376//376 855//855 375//375
f 375//375 855//855 400//400
f 386//386 855//855 380//380
f 380//380 855//855 376//376
f 451//451 856//856 456//456
f 456//456 856//856 833//833
f 833//833 857//857 456//456
f 857//857 454//454 456//456
f 454//454 857//857 858//858
f 454//454 858//858 451//451
f 451//451 858//858 856//856
f 863//863 773//773 892//892
f 892//892 773//773 868//868
f 868//868 773//773 770//770
f 773//773 863//863 772//772
f 871//871 772//772 872//872
f 872//872 772//772 870//870
f 870//870 772//772 863//863
f 870//870 863//863 869//869
f 896//896 827//827 871//871
f 772//772 871//871 827//827
f 827//827 771//771 772//772
f 884//884 878//878 864//864
f 874//874 873//873 878//878
f 873//873 875//875 876//876
f 873//873 876//876 866//866
f 866//866 876//876 877//877
f 832//832 866//866 877//877
f 866//866 865//865 868//868
f 880//880 864//864 878//878
f 868//868 879//879 880//880
f 868//868 880//880 878//878
f 879//879 868//868 770//770
f 856//856 858//858 875//875
f 857//857 833//833 832//832
f 881//881 858//858 857//857
f 881//881 857//857 832//832
f 879//879 770//770 882//882
f 886//886 883//883 859//859
f 884//884 883//883 885//885
f 822//822 886//886 859//859
f 822//822 887//887 886//886
f 884//884 885//885 887//887
f 889//889 827//827 860//860
f 867//867 888//888 825//825
f 825//825 888//888 860//860
f 827//827 889//889 890//890
f 867//867 771//771 827//827
f 867//867 827//827 890//890
f 891//891 892//892 862//862
f 862//862 865//865 832//832
f 832//832 865//865 866//866
f 865//865 893//893 868//868
f 868//868 893//893 892//892
f 834//834 894//894 887//887
f 894//894 895//895 887//887
f 887//887 895//895 884//884
f 874//874 878//878 884//884
f 874//874 884//884 895//895
f 896//896 870//870 824//824
f 824//824 870//870 869//869
f 824//824 869//869 891//891
f 899//899 897//897 862//862
f 824//824 897//897 831//831
f 831//831 897//897 898//898
f 862//862 897//897 824//824
f 898//898 899//899 831//831
f 831//831 899//899 832//832
f 834//834 856//856 875//875
f 833//833 856//856 834//834
f 887//887 822//822 829//829
f 900//900 823//823 822//822
f 900//900 822//822 859//859
f 861//861 825//825 823//823
f 826//826 901//901 827//827
f 827//827 901//901 902//902
f 825//825 903//903 826//826
f 826//826 903//903 901//901
f 827//827 902//902 860//860
f 902//902 903//903 860//860
f 860//860 903//903 825//825
f 904//904 834//834 887//887
f 904//904 887//887 905//905
f 905//905 887//887 829//829
f 834//834 904//904 906//906
f 829//829 834//834 906//906
f 829//829 906//906 905//905
f 834//834 875//875 873//873
f 834//834 873//873 894//894
f 894//894 873//873 874//874
f 825//825 861//861 867//867
f 797//797 864//864 867//867
f 883//883 884//884 859//859
f 859//859 884//884 795//795
f 859//859 795//795 796//796
f 864//864 797//797 884//884
f 884//884 797//797 795//795
f 861//861 859//859 867//867
f 867//867 859//859 796//796
f 864//864 882//882 867//867
f 882//882 770//770 771//771
f 882//882 771//771 867//867
f 888//888 867//867 890//890
f 862//862 892//892 893//893
f 824//824 891//891 862//862
f 899//899 862//862 832//832
f 832//832 877//877 881//881
f 334//334 332//332 324//324
f 352//352 358//358 370//370
f 380//380 376//376 377//377
f 895//895 911//911 912//912
f 895//895 912//912 874//874
f 874//874 912//912 913//913
f 874//874 913//913 894//894
f 913//913 914//914 894//894
f 911//911 895//895 914//914
f 914//914 895//895 894//894
f 865//865 915//915 893//893
f 893//893 915//915 916//916
f 916//916 917//917 893//893
f 893//893 917//917 862//862
f 862//862 917//917 918//918
f 862//862 918//918 865//865
f 865//865 918//918 915//915
f 919//919 892//892 922//922
f 922//922 892//892 891//891
f 892//892 919//919 920//920
f 920//920 863//863 892//892
f 921//921 869//869 920//920
f 920//920 869//869 863//863
f 921//921 891//891 869//869
f 921//921 922//922 891//891
f 923//923 890//890 926//926
f 926//926 890//890 889//889
f 890//890 923//923 924//924
f 890//890 924//924 888//888
f 925//925 860//860 924//924
f 924//924 860//860 888//888
f 860//860 925//925 926//926
f 860//860 926//926 889//889
f 927//927 883//883 930//930
f 930//930 883//883 886//886
f 883//883 927//927 928//928
f 883//883 928//928 885//885
f 929//929 887//887 928//928
f 928//928 887//887 885//885
f 929//929 930//930 887//887
f 887//887 930//930 886//886
f 931//931 897//897 899//899
f 931//931 899//899 932//932
f 932//932 899//899 898//898
f 932//932 898//898 897//897
f 932//932 897//897 931//931
f 933//933 903//903 902//902
f 933//933 902//902 934//934
f 934//934 902//902 901//901
f 934//934 901//901 933//933
f 933//933 901//901 903//903
f 935//935 876//876 938//938
f 938//938 876//876 875//875
f 876//876 935//935 936//936
f 876//876 936//936 877//877
f 937//937 881//881 936//936
f 936//936 881//881 877//877
f 881//881 937//937 938//938
f 881//881 938//938 858//858
f 858//858 938//938 875//875
f 939//931 905//905 906//906
f 939//931 906//906 940//932
f 940//932 906//906 904//904
f 940//932 904//904 905//905
f 940//932 905//905 939//931
f 878//878 908//908 868//868
f 868//868 908//908 907//907
f 873//873 909//909 878//878
f 878//878 909//909 908//908
f 866//866 910//910 873//873
f 873//873 910//910 909//909
f 868//868 907//907 866//866
f 866//866 907//907 910//910
f 314//314 896//896 320//320
f 320//320 896//896 871//871
f 320//320 871//871 318//318
f 871//871 872//872 318//318
f 318//318 872//872 317//317
f 317//317 872//872 870//870
f 317//317 870//870 314//314
f 896//896 314//314 870//870
f 730//730 861//861 728//728
f 728//728 861//861 823//823
f 728//728 823//823 734//734
f 823//823 900//900 734//734
f 734//734 900//900 731//731
f 731//731 900//900 730//730
f 900//900 859//859 730//730
f 861//861 730//730 859//859
f 864//864 783//783 882//882
f 783//783 864//864 880//880
f 913//913 912//912 911//911
f 916//916 915//915 918//918
f 921//921 941//939 942//940
f 921//921 942//940 922//922
f 941//939 921//921 920//920
f 943//941 919//919 922//922
f 943//941 922//922 942//940
f 941//939 920//920 943//941
f 943//941 920//920 919//919
f 926//926 944//942 945//943
f 926//926 945//943 923//923
f 924//924 923//923 945//943
f 944//942 926//926 925//925
f 945//943 946//944 924//924
f 944//942 925//925 946//944
f 946//944 925//925 924//924
f 947//945 929//929 928//928
f 929//929 947//945 948//946
f 929//929 948//946 930//930
f 949//947 927//927 930//930
f 949//947 930//930 948//946
f 947//945 928//928 949//947
f 949//947 928//928 927//927
f 937//937 950//948 938//938
f 951//949 935//935 938//938
f 951//949 938//938 950//948
f 935//935 951//949 936//936
f 951//949 952//950 936//936
f 950//948 937//937 952//950
f 952//950 937//937 936//936
f 953//951 914//914 954//952
f 954//952 914//914 913//913
f 954//952 913//913 953//951
f 953//951 913//913 911//911
f 953//951 911//911 914//914
f 955//953 918//918 956//954
f 956//954 918//918 917//917
f 956//954 917//917 916//916
f 956//954 916//916 955//953
f 955//953 916//916 918//918
f 957//955 941//939 943//941
f 957//955 943//941 958//956
f 958//956 943//941 942//940
f 958//956 942//940 941//939
f 958//956 941//939 957//955
f 959//957 944//942 946//944
f 959//957 946//944 960//958
f 960//958 946//944 945//943
f 960//958 945//943 944//942
f 960//958 944//942 959//957
f 962//960 948//946 947//945
f 962//960 947//945 961//959
f 961//959 947//945 949//947
f 961//959 949//947 962//960
f 962//960 949//947 948//946
f 964//962 951//949 950//948
f 964//962 950//948 963//961
f 963//961 950//948 952//950
f 963//961 952//950 964//962
f 964//962 952//950 951//949
f 971//969 968//966 967//965
f 967//965 966//964 971//969
f 971//969 966//964 965//963
f 971//969 965//963 970//968
f 968//966 970//968 969//967
f 970//968 965//963 969//967
f 971//969 972//970 968//966
f 970//968 968//966 972//970
f 970//968 972//970 971//969
f 976//974 975//973 974//972
f 979//977 974//972 978//976
f 978//976 974//972 973//971
f 978//976 973//971 979//977
f 979//977 976//974 974//972
f 979//977 977//975 976//974
f 973//971 977//975 979//977
f 987//985 980//978 988//986
f 1005//1003 1006//1004 991//989
f 992//990 993//991 1006//1004
f 1006//1004 993//991 991//989
f 994//992 991//989 1027//1025
f 991//989 994//992 995//993
f 983//981 981//979 985//983
f 981//979 980//978 985//983
f 985//983 980//978 997//995
f 982//980 988//986 980//978
f 999//997 1000//998 1020//1018
f 1020//1018 1000//998 1001//999
f 1000//998 1002//1000 1001//999
f 1001//999 1002//1000 996//994
f 996//994 1002//1000 999//997
f 1003//1001 1004//1002 992//990
f 1003//1001 992//990 1006//1004
f 1008//1006 1009//1007 1007//1005
f 1011//1009 1010//1008 990//988
f 1007//1005 1011//1009 990//988
f 1012//1010 990//988 989//987
f 1012//1010 989//987 986//984
f 990//988 1012//1010 1013//1011
f 986//984 989//987 987//985
f 1015//1013 1016//1014 983//981
f 1015//1013 983//981 985//983
f 1016//1014 1015//1013 997//995
f 1016//1014 1017//1015 1018//1016
f 1018//1016 1019//1017 1020//1018
f 1019//1017 1021//1019 1020//1018
f 1020//1018 1021//1019 998//996
f 998//996 1021//1019 1022//1020
f 998//996 1022//1020 1018//1016
f 1018//1016 1022//1020 1019//1017
f 1023//1021 984//982 1001//999
f 1023//1021 1001//999 1024//1022
f 984//982 1023//1021 995//993
f 995//993 1024//1022 996//994
f 996//994 1024//1022 1001//999
f 1025//1023 984//982 995//993
f 1026//1024 994//992 1027//1025
f 1025//1023 1026//1024 984//982
f 984//982 1026//1024 1027//1025
f 995//993 994//992 1025//1023
f 1028//1026 1004//1002 1005//1003
f 1005//1003 1004//1002 1003//1001
f 1009//1007 1029//1027 1005//1003
f 1005//1003 1029//1027 1028//1026
f 1009//1007 1008//1006 1029//1027
f 1004//1002 1028//1026 1030//1028
f 1004//1002 1030//1028 1008//1006
f 1008//1006 1030//1028 1029//1027
f 1008//1006 1007//1005 990//988
f 987//985 1031//1029 986//984
f 986//984 1031//1029 1013//1011
f 1033//1031 998//996 1018//1016
f 1033//1031 1018//1016 1017//1015
f 998//996 1033//1031 1034//1032
f 998//996 1034//1032 997//995
f 997//995 1034//1032 1016//1014
f 1016//1014 1034//1032 1017//1015
f 999//997 1020//1018 996//994
f 1020//1018 998//996 996//994
f 1009//1007 1005//1003 1010//1008
f 1009//1007 1010//1008 1011//1009
f 990//988 1010//1008 989//987
f 1032//1030 987//985 1014//1012
f 1014//1012 987//985 1035//1033
f 1014//1012 1035//1033 1036//1034
f 1014//1012 1036//1034 982//980
f 982//980 1036//1034 988//986
f 987//985 988//986 1035//1033
f 1032//1030 1014//1012 1031//1029
f 969//967 980//978 981//979
f 983//981 982//980 966//964
f 966//964 982//980 965//963
f 965//963 982//980 980//978
f 965//963 980//978 969//967
f 969//967 981//979 968//966
f 968//966 981//979 967//965
f 967//965 981//979 983//981
f 967//965 983//981 966//964
f 546//546 988//986 544//544
f 544//544 988//986 1036//1034
f 544//544 1036//1034 545//545
f 545//545 1036//1034 1035//1033
f 545//545 1035//1033 546//546
f 546//546 1035//1033 988//986
f 558//558 1026//1024 1025//1023
f 558//558 1025//1023 557//557
f 557//557 1025//1023 994//992
f 557//557 994//992 556//556
f 556//556 994//992 1026//1024
f 556//556 1026//1024 558//558
f 1014//1012 1037//1035 1038//1036
f 1014//1012 1038//1036 1031//1029
f 1031//1029 1038//1036 536//536
f 1031//1029 536//536 1013//1011
f 1013//1011 536//536 990//988
f 990//988 536//536 537//537
f 990//988 537//537 1008//1006
f 1008//1006 537//537 538//538
f 1008//1006 538//538 1004//1002
f 1004//1002 538//538 539//539
f 1004//1002 539//539 992//990
f 992//990 539//539 1039//1037
f 992//990 1039//1037 1027//1025
f 1027//1025 1039//1037 984//982
f 984//982 1039//1037 540//540
f 984//982 540//540 1001//999
f 1001//999 540//540 1040//1038
f 1001//999 1040//1038 1020//1018
f 1020//1018 1040//1038 1041//1039
f 1020//1018 1041//1039 1042//1040
f 1020//1018 1042//1040 1018//1016
f 1018//1016 1042//1040 1043//1041
f 1018//1016 1043//1041 1016//1014
f 1016//1014 1043//1041 1044//1042
f 1016//1014 1044//1042 983//981
f 983//981 1044//1042 982//980
f 982//980 1044//1042 1037//1035
f 982//980 1037//1035 1014//1012
f 542//542 543//543 986//984
f 986//984 1013//1011 542//542
f 542//542 1013//1011 1012//1010
f 542//542 1012//1010 541//541
f 541//541 1012//1010 543//543
f 1012//1010 986//984 543//543
f 1009//1007 564//564 562//562
f 1011//1009 1007//1005 563//563
f 563//563 1007//1005 562//562
f 562//562 1007//1005 1009//1007
f 564//564 1009//1007 563//563
f 563//563 1009//1007 1011//1009
f 1006//1004 561//561 1003//1001
f 1003//1001 561//561 560//560
f 1005//1003 1003//1001 559//559
f 559//559 1003//1001 560//560
f 561//561 1006//1004 559//559
f 559//559 1006//1004 1005//1003
f 999//997 1002//1000 553//553
f 553//553 1002//1000 554//554
f 999//997 553//553 555//555
f 1002//1000 1000//998 554//554
f 554//554 1000//998 555//555
f 555//555 1000//998 999//997
f 1021//1019 550//550 551//551
f 552//552 1022//1020 551//551
f 551//551 1022//1020 1021//1019
f 550//550 1021//1019 1019//1017
f 550//550 1019//1017 552//552
f 552//552 1019//1017 1022//1020
f 548//548 985//983 547//547
f 547//547 985//983 997//995
f 985//983 548//548 1015//1013
f 1015//1013 548//548 549//549
f 997//995 1015//1013 547//547
f 547//547 1015//1013 549//549
f 479//479 993//991 478//478
f 478//478 993//991 477//477
f 477//477 993//991 992//990
f 477//477 992//990 1027//1025
f 477//477 1027//1025 476//476
f 479//479 991//989 993//991
f 476//476 1027//1025 475//475
f 475//475 1027//1025 991//989
f 475//475 991//989 479//479
f 1045//1043 997//995 980//978
f 1046//1044 998//996 1045//1043
f 1045//1043 998//996 997//995
f 1046//1044 996//994 998//996
f 1045//1043 987//985 1047//1045
f 1045//1043 980//978 987//985
f 1048//1046 1005//1003 991//989
f 1048//1046 995//993 1046//1044
f 1046//1044 995//993 996//994
f 1047//1045 1010//1008 1048//1046
f 1048//1046 1010//1008 1005//1003
f 1048//1046 991//989 995//993
f 987//985 989//987 1047//1045
f 1047//1045 989//987 1010//1008
f 973//971 1045//1043 977//975
f 977//975 1045//1043 1047//1045
f 977//975 1047//1045 976//974
f 976//974 1047//1045 1048//1046
f 976//974 1048//1046 975//973
f 1048//1046 1046//1044 975//973
f 975//973 1046//1044 974//972
f 1046//1044 1045//1043 974//972
f 974//972 1045//1043 973//971
f 163//163 97//97 530//530
f 675//675 672//672 760//760
f 762//762 673//673 760//760
f 760//760 673//673 675//675
f 762//762 672//672 673//673
f 96//96 138//138 533//533
f 533//533 138//138 139//139
f 533//533 139//139 90//90
f 679//679 606//606 304//304
f 679//679 304//304 662//662
f 662//662 304//304 303//303
f 89//89 142//142 534//534
f 534//534 142//142 84//84
f 84//84 142//142 144//144
f 442//442 610//610 439//439
f 442//442 439//439 680//680
f 680//680 439//439 438//438
f 438//438 610//610 680//680
f 83//83 137//137 523//523
f 523//523 137//137 146//146
f 523//523 146//146 129//129
f 682//682 754//754 750//750
f 682//682 750//750 684//684
f 684//684 750//750 751//751
f 751//751 754//754 684//684
f 524//524 128//128 148//148
f 524//524 148//148 123//123
f 123//123 148//148 147//147
f 688//688 686//686 718//718
f 688//688 718//718 687//687
f 687//687 718//718 717//717
f 717//717 686//686 687//687
f 122//122 151//151 526//526
f 526//526 151//151 152//152
f 526//526 152//152 116//116
f 691//691 743//743 739//739
f 740//740 692//692 739//739
f 739//739 692//692 691//691
f 740//740 743//743 692//692
f 115//115 155//155 110//110
f 110//110 155//155 157//157
f 427//427 612//612 424//424
f 427//427 424//424 665//665
f 665//665 424//424 423//423
f 423//423 612//612 665//665
f 109//109 159//159 529//529
f 529//529 159//159 160//160
f 529//529 160//160 103//103
f 669//669 469//469 465//465
f 669//669 465//465 670//670
f 670//670 465//465 464//464
f 464//464 469//469 670//670
f 102//102 165//165 163//163
f 102//102 163//163 530//530
f 371//371 851//851 414//414
f 851//851 368//368 414//414
f 417//417 368//368 362//362
f 368//368 851//851 841//841
f 368//368 841//841 362//362
f 841//841 806//806 362//362
f 391//391 362//362 806//806
f 850//850 838//838 389//389
f 326//326 389//389 805//805
f 805//805 327//327 326//326
f 840//840 850//850 391//391
f 391//391 850//850 389//389
f 418//418 351//351 371//371
f 851//851 371//371 852//852
f 852//852 371//371 351//351
f 852//852 351//351 392//392
f 392//392 351//351 804//804
f 804//804 351//351 396//396
f 842//842 396//396 854//854
f 836//836 339//339 338//338
f 836//836 410//410 325//325
f 835//835 408//408 410//410
f 325//325 409//409 836//836
f 836//836 409//409 339//339
f 345//345 408//408 803//803
f 803//803 344//344 345//345
f 350//350 366//366 416//416
f 369//369 372//372 415//415
f 798//798 402//402 342//342
f 342//342 402//402 348//348
f 25//25 808//808 855//855
f 25//25 402//402 845//845
f 373//373 25//25 855//855
f 373//373 855//855 401//401
f 401//401 855//855 387//387
f 387//387 855//855 386//386
f 846//846 849//849 847//847
f 847//847 849//849 848//848
f 382//382 383//383 397//397
f 397//397 383//383 807//807
f 397//397 844//844 853//853
f 396//396 397//397 853//853
f 396//396 853//853 854//854
f 909//909 910//910 908//908
f 908//908 910//910 907//907
f 1049//1047 790//790 787//787
f 1049//1047 787//787 1050//1048
f 1050//1048 787//787 789//789
f 1050//1048 789//789 1049//1047
f 1049//1047 789//789 790//790
f 1052//1050 781//781 1051//1049
f 1051//1049 781//781 782//782
f 1051//1049 782//782 779//779
f 1051//1049 779//779 1052//1050
f 1052//1050 779//779 781//781
f 1053//1051 2//2 4//4
f 1053//1051 4//4 1054//1052
f 2//2 1053//1051 18//18
f 1054//1052 18//18 1053//1051
f 1054//1052 4//4 18//18
f 1055//1053 19//19 6//6
f 19//19 1055//1053 9//9
f 9//9 1055//1053 1056//1054
f 1056//1054 6//6 9//9
f 1055//1053 6//6 1056//1054
f 1057//1055 1032//1030 1031//1029
f 1057//1055 1031//1029 1058//1056
f 1058//1056 1031//1029 987//985
f 1058//1056 987//985 1059//1057
f 1059//1057 987//985 1032//1030
f 1059//1057 1032//1030 1057//1055
f 1060//1058 1057//1055 1061//1059
f 1061//1059 1057//1055 1058//1056
f 1061//1059 1058//1056 1062//1060
f 1062//1060 1058//1056 1059//1057
f 1062//1060 1059//1057 1060//1058
f 1060//1058 1059//1057 1057//1055
f 1061//1059 1062//1060 1060//1058
f 1065//1063 1033//1031 1063//1061
f 1063//1061 1033//1031 1017//1015
f 1063//1061 1017//1015 1064//1062
f 1064//1062 1017//1015 1034//1032
f 1064//1062 1034//1032 1065//1063
f 1065//1063 1034//1032 1033//1031
f 1067//1065 1023//1021 1068//1066
f 1068//1066 1023//1021 1024//1022
f 1068//1066 1024//1022 1066//1064
f 1066//1064 1024//1022 995//993
f 1066//1064 995//993 1067//1065
f 1067//1065 995//993 1023//1021
f 1069//1067 1029//1027 1030//1028
f 1069//1067 1030//1028 1028//1026
f 1069//1067 1028//1026 1070//1068
f 1070//1068 1028//1026 1071//1069
f 1071//1069 1028//1026 1029//1027
f 1071//1069 1029//1027 1069//1067
f 1072//1070 1069//1067 1073//1071
f 1073//1071 1069//1067 1070//1068
f 1073//1071 1070//1068 1071//1069
f 1073//1071 1071//1069 1072//1070
f 1072//1070 1071//1069 1069//1067
f 1074//1072 1067//1065 1068//1066
f 1074//1072 1068//1066 1075//1073
f 1075//1073 1068//1066 1066//1064
f 1075//1073 1066//1064 1074//1072
f 1074//1072 1066//1064 1067//1065
f 1077//1075 1065//1063 1076//1074
f 1076//1074 1065//1063 1063//1061
f 1076//1074 1063//1061 1064//1062
f 1076//1074 1064//1062 1077//1075
f 1077//1075 1064//1062 1065//1063
f 1080//1078 1081//1079 1079//1077
f 1079//1077 1081//1079 1078//1076
f 1079//1077 1078//1076 1083//1081
f 1086//1084 1082//1080 1084//1082
f 1086//1084 1085//1083 1082//1080
f 1079//1077 1083//1081 1085//1083
f 1079//1077 1085//1083 1086//1084
f 1082//1080 1087//1085 1084//1082
f 1084//1082 1087//1085 1088//1086
f 1089//1087 1090//1088 1088//1086
f 1088//1086 1090//1088 1080//1078
f 1080//1078 1090//1088 1081//1079
f 1087//1085 1089//1087 1088//1086
f 1082//1080 1091//1089 1087//1085
f 1087//1085 1091//1089 1089//1087
f 1080//1078 1079//1077 1092//1090
f 1092//1090 1079//1077 1086//1084
f 1092//1090 1086//1084 1084//1082
f 1084//1082 1088//1086 1093//1091
f 1093//1091 1088//1086 1080//1078
f 1093//1091 1090//1088 1084//1082
f 1084//1082 1090//1088 1089//1087
f 1084//1082 1089//1087 1091//1089
f 1093//1091 1081//1079 1090//1088
f 1092//1090 1083//1081 1078//1076
f 1092//1090 1078//1076 1080//1078
f 1092//1090 1085//1083 1083//1081
f 1092//1090 1082//1080 1085//1083
f 1084//1082 1091//1089 1092//1090
f 1092//1090 1091//1089 1082//1080
f 1080//1078 1078//1076 1093//1091
f 1093//1091 1078//1076 1081//1079
f 1106//1104 1094//1092 1095//1093
f 1095//1093 1094//1092 1096//1094
f 1095//1093 1096//1094 1097//1095
f 1095//1093 1097//1095 1098//1096
f 1098//1096 1097//1095 1099//1097
f 1098//1096 1099//1097 1100//1098
f 1100//1098 1099//1097 1103//1101
f 1100//1098 1103//1101 1104//1102
f 1102//1100 1101//1099 1104//1102
f 1104//1102 1101//1099 1100//1098
f 1101//1099 1102//1100 1105//1103
f 1101//1099 1105//1103 1106//1104
f 1106//1104 1105//1103 1107//1105
f 1106//1104 1107//1105 1094//1092
f 1108//1106 1109//1107 1107//1105
f 1107//1105 1109//1107 1110//1108
f 1107//1105 1110//1108 1094//1092
f 1094//1092 1110//1108 1111//1109
f 1094//1092 1111//1109 1096//1094
f 1096//1094 1111//1109 1112//1110
f 1096//1094 1112//1110 1113//1111
f 1096//1094 1113//1111 1097//1095
f 1097//1095 1113//1111 1114//1112
f 1097//1095 1114//1112 1115//1113
f 1097//1095 1115//1113 1099//1097
f 1099//1097 1115//1113 1116//1114
f 1099//1097 1116//1114 1103//1101
f 1103//1101 1116//1114 1117//1115
f 1103//1101 1117//1115 1104//1102
f 1104//1102 1117//1115 1102//1100
f 1102//1100 1117//1115 1118//1116
f 1102//1100 1118//1116 1105//1103
f 1105//1103 1118//1116 1108//1106
f 1105//1103 1108//1106 1107//1105
f 1110//1108 1106//1104 1095//1093
f 1110//1108 1095//1093 1111//1109
f 1111//1109 1095//1093 1112//1110
f 1112//1110 1095//1093 1113//1111
f 1113//1111 1095//1093 1114//1112
f 1100//1098 1115//1113 1098//1096
f 1098//1096 1115//1113 1114//1112
f 1098//1096 1114//1112 1095//1093
f 1115//1113 1100//1098 1116//1114
f 1116//1114 1100//1098 1117//1115
f 1117//1115 1100//1098 1118//1116
f 1100//1098 1101//1099 1118//1116
f 1118//1116 1101//1099 1108//1106
f 1108//1106 1101//1099 1109//1107
f 1106//1104 1110//1108 1109//1107
f 1106//1104 1109//1107 1101//1099
f 1121//1119 1122//1120 1119//1117
f 1119//1117 1122//1120 1120//1118
f 1121//1119 1119//1117 1120//1118
f 1121//1119 1120//1118 1122//1120
f 1125//1123 1126//1124 1123//1121
f 1123//1121 1126//1124 1124//1122
f 1126//1124 1125//1123 1124//1122
f 1124//1122 1125//1123 1123//1121
f 1129//1127 1130//1128 1127//1125
f 1127//1125 1130//1128 1128//1126
f 1130//1128 1129//1127 1128//1126
f 1128//1126 1129//1127 1127//1125
f 1133//1131 1134//1132 1131//1129
f 1131//1129 1134//1132 1132//1130
f 1134//1132 1133//1131 1132//1130
f 1132//1130 1133//1131 1131//1129
f 1137//1135 1138//1136 1135//1133
f 1135//1133 1138//1136 1136//1134
f 1138//1136 1137//1135 1136//1134
f 1136//1134 1137//1135 1135//1133
f 1141//1139 1142//1140 1139//1137
f 1139//1137 1142//1140 1140//1138
f 1142//1140 1141//1139 1140//1138
f 1140//1138 1141//1139 1139//1137
f 1146//1144 1143//1141 1144//1142
f 1144//1142 1143//1141 1145//1143
f 1144//1142 1145//1143 1146//1144
f 1143//1141 1146//1144 1145//1143
f 1150//1148 1147//1145 1149//1147
f 1150//1148 1149//1147 1148//1146
f 1148//1146 1149//1147 1147//1145
f 1148//1146 1147//1145 1150//1148
f 1153//1151 1154//1152 1151//1149
f 1151//1149 1154//1152 1152//1150
f 1154//1152 1153//1151 1152//1150
f 1152//1150 1153//1151 1151//1149
f 1156//1154 1155//1153 1157//1155
f 1156//1154 1157//1155 1158//1156
f 1158//1156 1155//1153 1156//1154
f 1158//1156 1157//1155 1155//1153
f 1159//1157 1162//1160 1161//1159
f 1161//1159 1162//1160 1163//1161
f 1161//1159 1163//1161 1160//1158
f 1162//1160 1159//1157 1164//1162
f 1164//1162 1159//1157 1160//1158
f 1164//1162 1160//1158 1163//1161
f 1160//1158 1165//1163 1168//1166
f 1159//1157 1165//1163 1160//1158
f 1159//1157 1167//1165 1165//1163
f 1159//1157 1161//1159 1167//1165
f 1167//1165 1161//1159 1166//1164
f 1166//1164 1161//1159 1168//1166
f 1168//1166 1161//1159 1160//1158
f 1168//1166 1163//1161 1166//1164
f 1166//1164 1163//1161 1162//1160
f 1166//1164 1162//1160 1167//1165
f 1167//1165 1162//1160 1164//1162
f 1167//1165 1164//1162 1165//1163
f 1165//1163 1164//1162 1168//1166
f 1168//1166 1164//1162 1163//1161
f 1170//1168 1172//1170 1173//1171
f 1170//1168 1173//1171 1169//1167
f 1172//1170 1170//1168 1171//1169
f 1172//1170 1171//1169 1174//1172
f 1174//1172 1171//1169 1169//1167
f 1174//1172 1169//1167 1173//1171
f 1171//1169 1170//1168 1175//1173
f 1175//1173 1170//1168 1176//1174
f 1170//1168 1169//1167 1176//1174
f 1171//1169 1177//1175 1169//1167
f 1169//1167 1177//1175 1176//1174
f 1175//1173 1177//1175 1171//1169
f 1177//1175 1172//1170 1174//1172
f 1177//1175 1174//1172 1176//1174
f 1176//1174 1174//1172 1173//1171
f 1176//1174 1173//1171 1175//1173
f 1175//1173 1173//1171 1172//1170
f 1175//1173 1172//1170 1177//1175
f 1179//1177 1181//1179 1182//1180
f 1179//1177 1182//1180 1178//1176
f 1178//1176 1182//1180 1183//1181
f 1178//1176 1183//1181 1180//1178
f 1181//1179 1179//1177 1180//1178
f 1181//1179 1180//1178 1183//1181
f 1184//1182 1178//1176 1180//1178
f 1184//1182 1180//1178 1185//1183
f 1179//1177 1185//1183 1180//1178
f 1178//1176 1186//1184 1179//1177
f 1179//1177 1186//1184 1185//1183
f 1184//1182 1186//1184 1178//1176
f 1181//1179 1185//1183 1182//1180
f 1182//1180 1185//1183 1186//1184
f 1182//1180 1186//1184 1183//1181
f 1185//1183 1181//1179 1184//1182
f 1184//1182 1181//1179 1183//1181
f 1184//1182 1183//1181 1186//1184
f 1189//1187 1190//1188 1188//1186
f 1188//1186 1190//1188 1191//1189
f 1188//1186 1191//1189 1192//1190
f 1188//1186 1192//1190 1187//1185
f 1190//1188 1189//1187 1187//1185
f 1190//1188 1187//1185 1192//1190
f 1195//1193 1187//1185 1196//1194
f 1189//1187 1196//1194 1187//1185
f 1194//1192 1193//1191 1188//1186
f 1188//1186 1193//1191 1189//1187
f 1189//1187 1193//1191 1196//1194
f 1187//1185 1195//1193 1188//1186
f 1188//1186 1195//1193 1194//1192
f 1195//1193 1192//1190 1191//1189
f 1195//1193 1191//1189 1194//1192
f 1194//1192 1191//1189 1193//1191
f 1193//1191 1191//1189 1190//1188
f 1193//1191 1190//1188 1196//1194
f 1196//1194 1190//1188 1192//1190
f 1196//1194 1192//1190 1195//1193
f 1203//1201 1197//1195 1202//1200
f 1202//1200 1197//1195 1198//1196
f 1202//1200 1198//1196 1199//1197
f 1202//1200 1199//1197 1201//1199
f 1201//1199 1199//1197 1200//1198
f 1201//1199 1200//1198 1203//1201
f 1203//1201 1200//1198 1197//1195
f 1203//1201 1204//1202 1201//1199
f 1201//1199 1204//1202 1205//1203
f 1201//1199 1205//1203 1202//1200
f 1202//1200 1205//1203 1206//1204
f 1202//1200 1206//1204 1203//1201
f 1203//1201 1206//1204 1204//1202
f 1197//1195 1204//1202 1206//1204
f 1197//1195 1206//1204 1198//1196
f 1198//1196 1206//1204 1205//1203
f 1198//1196 1205//1203 1199//1197
f 1204//1202 1197//1195 1200//1198
f 1204//1202 1200//1198 1205//1203
f 1205//1203 1200//1198 1199//1197
f 1207//1205 1208//1206 1209//1207
f 1209//1207 1208//1206 1210//1208
f 1210//1208 1207//1205 1209//1207
f 1210//1208 1208//1206 1207//1205
f 1213//1211 1214//1212 1212//1210
f 1213//1211 1212//1210 1211//1209
f 1214//1212 1213//1211 1211//1209
f 1214//1212 1211//1209 1212//1210
f 1221//1219 1216//1214 1218//1216
f 1218//1216 1216//1214 1215//1213
f 1215//1213 1219//1217 1218//1216
f 1220//1218 1219//1217 1217//1215
f 1217//1215 1219//1217 1215//1213
f 1216//1214 1221//1219 1217//1215
f 1217//1215 1221//1219 1220//1218
f 1221//1219 1224//1222 1222//1220
f 1221//1219 1222//1220 1220//1218
f 1220//1218 1222//1220 1223//1221
f 1220//1218 1223//1221 1219//1217
f 1219//1217 1223//1221 1225//1223
f 1219//1217 1225//1223 1218//1216
f 1218//1216 1225//1223 1221//1219
f 1221//1219 1225//1223 1224//1222
f 1217//1215 1222//1220 1224//1222
f 1217//1215 1224//1222 1216//1214
f 1216//1214 1224//1222 1225//1223
f 1216//1214 1225//1223 1215//1213
f 1222//1220 1217//1215 1215//1213
f 1222//1220 1215//1213 1223//1221
f 1223//1221 1215//1213 1225//1223
f 1229//1227 1228//1226 1226//1224
f 1229//1227 1226//1224 1227//1225
f 1227//1225 1226//1224 1228//1226
f 1227//1225 1228//1226 1229//1227
f 1230//1228 1234//1232 1231//1229
f 1231//1229 1234//1232 1233//1231
f 1235//1233 1234//1232 1230//1228
f 1235//1233 1230//1228 1232//1230
f 1235//1233 1232//1230 1236//1234
f 1236//1234 1232//1230 1233//1231
f 1233//1231 1232//1230 1231//1229
f 1233//1231 1238//1236 1236//1234
f 1236//1234 1238//1236 1237//1235
f 1236//1234 1237//1235 1235//1233
f 1235//1233 1237//1235 1234//1232
f 1234//1232 1237//1235 1239//1237
f 1234//1232 1239//1237 1233//1231
f 1233//1231 1239//1237 1238//1236
f 1231//1229 1238//1236 1239//1237
f 1231//1229 1239//1237 1230//1228
f 1230//1228 1239//1237 1237//1235
f 1238//1236 1231//1229 1232//1230
f 1238//1236 1232//1230 1237//1235
f 1237//1235 1232//1230 1230//1228
f 1240//1238 1243//1241 1241//1239
f 1242//1240 1240//1238 1241//1239
f 1240//1238 1242//1240 1243//1241
f 1243//1241 1242//1240 1241//1239
f 1248//1246 1245//1243 1246//1244
f 1248//1246 1246//1244 1247//1245
f 1247//1245 1246//1244 1244//1242
f 1247//1245 1244//1242 1249//1247
f 1249//1247 1244//1242 1245//1243
f 1249//1247 1245//1243 1248//1246
f 1248//1246 1253//1251 1250//1248
f 1248//1246 1250//1248 1249//1247
f 1249//1247 1250//1248 1251//1249
f 1249//1247 1251//1249 1247//1245
f 1247//1245 1251//1249 1252//1250
f 1247//1245 1252//1250 1248//1246
f 1248//1246 1252//1250 1253//1251
f 1246//1244 1252//1250 1244//1242
f 1244//1242 1252//1250 1251//1249
f 1244//1242 1251//1249 1250//1248
f 1244//1242 1250//1248 1245//1243
f 1252//1250 1246//1244 1253//1251
f 1253//1251 1246//1244 1245//1243
f 1253//1251 1245//1243 1250//1248
f 1257//1255 1254//1252 1255//1253
f 1255//1253 1254//1252 1256//1254
f 1255//1253 1256//1254 1257//1255
f 1257//1255 1256//1254 1254//1252
f 1258//1256 1259//1257 1260//1258
f 1260//1258 1259//1257 1261//1259
f 1261//1259 1259//1257 1262//1260
f 1262//1260 1259//1257 1263//1261
f 1263//1261 1259//1257 1264//1262
f 1263//1261 1264//1262 1265//1263
f 1265//1263 1264//1262 1266//1264
f 1266//1264 1264//1262 1267//1265
f 1267//1265 1264//1262 1268//1266
f 1267//1265 1268//1266 1258//1256
f 1258//1256 1268//1266 1259//1257
f 1268//1266 1269//1267 1270//1268
f 1268//1266 1270//1268 1259//1257
f 1259//1257 1270//1268 1271//1269
f 1259//1257 1271//1269 1272//1270
f 1259//1257 1272//1270 1273//1271
f 1259//1257 1273//1271 1274//1272
f 1259//1257 1274//1272 1264//1262
f 1264//1262 1274//1272 1275//1273
f 1264//1262 1275//1273 1276//1274
f 1264//1262 1276//1274 1268//1266
f 1268//1266 1276//1274 1269//1267
f 1266//1264 1275//1273 1265//1263
f 1265//1263 1275//1273 1263//1261
f 1263//1261 1275//1273 1274//1272
f 1263//1261 1274//1272 1273//1271
f 1263//1261 1273//1271 1262//1260
f 1262//1260 1273//1271 1272//1270
f 1262//1260 1272//1270 1261//1259
f 1261//1259 1272//1270 1271//1269
f 1261//1259 1271//1269 1260//1258
f 1260//1258 1271//1269 1258//1256
f 1258//1256 1271//1269 1270//1268
f 1258//1256 1270//1268 1269//1267
f 1258//1256 1269//1267 1267//1265
f 1267//1265 1269//1267 1276//1274
f 1267//1265 1276//1274 1266//1264
f 1266//1264 1276//1274 1275//1273
f 1277//1275 1278//1276 1279//1277
f 1277//1275 1279//1277 1280//1278
f 1280//1278 1279//1277 1281//1279
f 1280//1278 1281//1279 1282//1280
f 1282//1280 1281//1279 1283//1281
f 1283//1281 1281//1279 1284//1282
f 1284//1282 1281//1279 1285//1283
f 1285//1283 1281//1279 1278//1276
f 1285//1283 1278//1276 1277//1275
f 1279//1277 1286//1284 1287//1285
f 1279//1277 1287//1285 1281//1279
f 1281//1279 1287//1285 1288//1286
f 1281//1279 1288//1286 1289//1287
f 1281//1279 1289//1287 1290//1288
f 1281//1279 1290//1288 1291//1289
f 1281//1279 1291//1289 1278//1276
f 1278//1276 1291//1289 1292//1290
f 1278//1276 1292//1290 1293//1291
f 1278//1276 1293//1291 1279//1277
f 1279//1277 1293//1291 1286//1284
f 1283//1281 1288//1286 1282//1280
f 1282//1280 1288//1286 1287//1285
f 1282//1280 1287//1285 1280//1278
f 1280//1278 1287//1285 1286//1284
f 1280//1278 1286//1284 1277//1275
f 1277//1275 1286//1284 1293//1291
f 1277//1275 1293//1291 1292//1290
f 1277//1275 1292//1290 1285//1283
f 1285//1283 1292//1290 1291//1289
f 1285//1283 1291//1289 1290//1288
f 1285//1283 1290//1288 1284//1282
f 1284//1282 1290//1288 1289//1287
f 1284//1282 1289//1287 1283//1281
f 1283//1281 1289//1287 1288//1286
f 1294//1292 1301//1299 1295//1293
f 1294//1292 1295//1293 1296//1294
f 1294//1292 1296//1294 1297//1295
f 1297//1295 1296//1294 1298//1296
f 1297//1295 1298//1296 1299//1297
f 1299//1297 1298//1296 1300//1298
f 1300//1298 1298//1296 1301//1299
f 1300//1298 1301//1299 1302//1300
f 1302//1300 1301//1299 1303//1301
f 1303//1301 1301//1299 1294//1292
f 1296//1294 1295//1293 1304//1302
f 1296//1294 1304//1302 1298//1296
f 1298//1296 1304//1302 1305//1303
f 1298//1296 1306//1304 1301//1299
f 1301//1299 1306//1304 1307//1305
f 1301//1299 1307//1305 1308//1306
f 1301//1299 1308//1306 1309//1307
f 1301//1299 1309//1307 1310//1308
f 1301//1299 1310//1308 1295//1293
f 1295//1293 1310//1308 1297//1295
f 1295//1293 1297//1295 1304//1302
f 1304//1302 1297//1295 1305//1303
f 1305//1303 1297//1295 1311//1309
f 1305//1303 1311//1309 1298//1296
f 1298//1296 1311//1309 1306//1304
f 1303//1301 1309//1307 1308//1306
f 1303//1301 1308//1306 1302//1300
f 1302//1300 1308//1306 1307//1305
f 1302//1300 1307//1305 1300//1298
f 1300//1298 1307//1305 1306//1304
f 1300//1298 1306//1304 1299//1297
f 1299//1297 1306//1304 1311//1309
f 1299//1297 1311//1309 1297//1295
f 1294//1292 1297//1295 1310//1308
f 1294//1292 1310//1308 1303//1301
f 1303//1301 1310//1308 1309//1307
f 1329//1327 1330//1328 1312//1310
f 1330//1328 1313//1311 1312//1310
f 1312//1310 1313//1311 1314//1312
f 1313//1311 1315//1313 1314//1312
f 1314//1312 1315//1313 1316//1314
f 1315//1313 1317//1315 1316//1314
f 1316//1314 1317//1315 1318//1316
f 1317//1315 1319//1317 1318//1316
f 1318//1316 1319//1317 1320//1318
f 1321//1319 1320//1318 1319//1317
f 1321//1319 1322//1320 1320//1318
f 1320//1318 1322//1320 1323//1321
f 1322//1320 1324//1322 1323//1321
f 1323//1321 1324//1322 1325//1323
f 1324//1322 1326//1324 1325//1323
f 1325//1323 1326//1324 1327//1325
f 1326//1324 1328//1326 1327//1325
f 1327//1325 1328//1326 1329//1327
f 1328//1326 1330//1328 1329//1327
f 1339//1337 1331//1329 1320//1318
f 1320//1318 1331//1329 1318//1316
f 1318//1316 1331//1329 1316//1314
f 1331//1329 1332//1330 1316//1314
f 1316//1314 1332//1330 1314//1312
f 1332//1330 1333//1331 1314//1312
f 1314//1312 1333//1331 1312//1310
f 1333//1331 1334//1332 1312//1310
f 1312//1310 1334//1332 1329//1327
f 1329//1327 1334//1332 1335//1333
f 1329//1327 1335//1333 1327//1325
f 1335//1333 1336//1334 1327//1325
f 1327//1325 1336//1334 1325//1323
f 1336//1334 1337//1335 1325//1323
f 1325//1323 1337//1335 1323//1321
f 1337//1335 1338//1336 1323//1321
f 1323//1321 1338//1336 1320//1318
f 1338//1336 1339//1337 1320//1318
f 1331//1329 1319//1317 1317//1315
f 1331//1329 1317//1315 1332//1330
f 1332//1330 1317//1315 1315//1313
f 1332//1330 1315//1313 1333//1331
f 1333//1331 1315//1313 1313//1311
f 1333//1331 1313//1311 1334//1332
f 1334//1332 1313//1311 1335//1333
f 1335//1333 1313//1311 1330//1328
f 1335//1333 1330//1328 1328//1326
f 1335//1333 1328//1326 1336//1334
f 1336//1334 1328//1326 1326//1324
f 1336//1334 1326//1324 1337//1335
f 1337//1335 1326//1324 1324//1322
f 1337//1335 1324//1322 1338//1336
f 1338//1336 1324//1322 1322//1320
f 1338//1336 1322//1320 1339//1337
f 1339//1337 1322//1320 1321//1319
f 1339//1337 1321//1319 1331//1329
f 1331//1329 1321//1319 1319//1317
f 1342//1340 1343//1341 1344//1342
f 1345//1343 1341//1339 1340//1338
f 1340//1338 1342//1340 1345//1343
f 1345//1343 1342//1340 1346//1344
f 1346//1344 1342//1340 1347//1345
f 1347//1345 1342//1340 1344//1342
f 1343//1341 1348//1346 1344//1342
f 1344//1342 1348//1346 1349//1347
f 1350//1348 1349//1347 1348//1346
f 1348//1346 1351//1349 1350//1348
f 1350//1348 1351//1349 1352//1350
f 1352//1350 1351//1349 1353//1351
f 1352//1350 1353//1351 1354//1352
f 1354//1352 1353//1351 1355//1353
f 1353//1351 1340//1338 1355//1353
f 1355//1353 1340//1338 1341//1339
f 1357//1355 1358//1356 1342//1340
f 1342//1340 1358//1356 1356//1354
f 1342//1340 1356//1354 1343//1341
f 1357//1355 1342//1340 1359//1357
f 1359//1357 1342//1340 1360//1358
f 1360//1358 1342//1340 1340//1338
f 1360//1358 1340//1338 1361//1359
f 1361//1359 1340//1338 1353//1351
f 1361//1359 1353//1351 1362//1360
f 1362//1360 1353//1351 1363//1361
f 1363//1361 1353//1351 1351//1349
f 1348//1346 1364//1362 1351//1349
f 1351//1349 1364//1362 1365//1363
f 1351//1349 1365//1363 1363//1361
f 1343//1341 1356//1354 1348//1346
f 1348//1346 1356//1354 1364//1362
f 1344//1342 1356//1354 1347//1345
f 1347//1345 1356//1354 1358//1356
f 1347//1345 1358//1356 1346//1344
f 1346//1344 1358//1356 1357//1355
f 1346//1344 1357//1355 1345//1343
f 1345//1343 1357//1355 1359//1357
f 1345//1343 1359//1357 1341//1339
f 1341//1339 1359//1357 1360//1358
f 1341//1339 1360//1358 1355//1353
f 1355//1353 1360//1358 1361//1359
f 1355//1353 1361//1359 1354//1352
f 1354//1352 1361//1359 1362//1360
f 1354//1352 1362//1360 1352//1350
f 1352//1350 1362//1360 1363//1361
f 1352//1350 1363//1361 1350//1348
f 1350//1348 1363//1361 1365//1363
f 1350//1348 1365//1363 1349//1347
f 1349//1347 1365//1363 1364//1362
f 1349//1347 1364//1362 1344//1342
f 1344//1342 1364//1362 1356//1354
f 1368//1366 1369//1367 1370//1368
f 1371//1369 1367//1365 1366//1364
f 1366//1364 1368//1366 1371//1369
f 1371//1369 1368//1366 1372//1370
f 1372//1370 1368//1366 1373//1371
f 1373//1371 1368//1366 1370//1368
f 1369//1367 1374//1372 1370//1368
f 1370//1368 1374//1372 1375//1373
f 1376//1374 1377//1375 1378//1376
f 1379//1377 1375//1373 1374//1372
f 1374//1372 1376//1374 1379//1377
f 1379//1377 1376//1374 1380//1378
f 1380//1378 1376//1374 1381//1379
f 1381//1379 1376//1374 1378//1376
f 1377//1375 1366//1364 1378//1376
f 1378//1376 1366//1364 1367//1365
f 1383//1381 1384//1382 1368//1366
f 1368//1366 1384//1382 1382//1380
f 1368//1366 1382//1380 1369//1367
f 1383//1381 1368//1366 1385//1383
f 1385//1383 1368//1366 1386//1384
f 1386//1384 1368//1366 1366//1364
f 1386//1384 1366//1364 1387//1385
f 1387//1385 1366//1364 1377//1375
f 1387//1385 1377//1375 1388//1386
f 1388//1386 1377//1375 1376//1374
f 1388//1386 1376//1374 1389//1387
f 1374//1372 1390//1388 1376//1374
f 1376//1374 1390//1388 1391//1389
f 1376//1374 1391//1389 1389//1387
f 1369//1367 1382//1380 1374//1372
f 1374//1372 1382//1380 1390//1388
f 1370//1368 1382//1380 1373//1371
f 1373//1371 1382//1380 1384//1382
f 1373//1371 1384//1382 1372//1370
f 1372//1370 1384//1382 1383//1381
f 1372//1370 1383//1381 1371//1369
f 1371//1369 1383//1381 1385//1383
f 1371//1369 1385//1383 1367//1365
f 1367//1365 1385//1383 1386//1384
f 1367//1365 1386//1384 1378//1376
f 1378//1376 1386//1384 1387//1385
f 1378//1376 1387//1385 1381//1379
f 1381//1379 1387//1385 1388//1386
f 1381//1379 1388//1386 1380//1378
f 1380//1378 1388//1386 1389//1387
f 1380//1378 1389//1387 1379//1377
f 1379//1377 1389//1387 1391//1389
f 1379//1377 1391//1389 1375//1373
f 1375//1373 1391//1389 1390//1388
f 1375//1373 1390//1388 1370//1368
f 1370//1368 1390//1388 1382//1380
f 1416//1414 1392//1390 1393//1391
f 1396//1394 1397//1395 1395//1393
f 1395//1393 1397//1395 1394//1392
f 1450//1448 1451//1449 1398//1396
f 1398//1396 1451//1449 1399//1397
f 1460//1458 1400//1398 1401//1399
f 1403//1401 1404//1402 1402//1400
f 1411//1409 1407//1405 1408//1406
f 1405//1403 1406//1404 1408//1406
f 1405//1403 1408//1406 1407//1405
f 1409//1407 1410//1408 1411//1409
f 1411//1409 1410//1408 1407//1405
f 1410//1408 1409//1407 1412//1410
f 1410//1408 1412//1410 1413//1411
f 1413//1411 1412//1410 1414//1412
f 1413//1411 1414//1412 1415//1413
f 1413//1411 1415//1413 1416//1414
f 1416//1414 1415//1413 1392//1390
f 1423//1421 1424//1422 1425//1423
f 1404//1402 1427//1425 1426//1424
f 1426//1424 1427//1425 1441//1439
f 1426//1424 1441//1439 1408//1406
f 1434//1432 1415//1413 1420//1418
f 1435//1433 1415//1413 1430//1428
f 1415//1413 1435//1433 1392//1390
f 1425//1423 1424//1422 1438//1436
f 1425//1423 1438//1436 1439//1437
f 1427//1425 1404//1402 1438//1436
f 1438//1436 1404//1402 1439//1437
f 1408//1406 1442//1440 1428//1426
f 1435//1433 1430//1428 1395//1393
f 1395//1393 1430//1428 1440//1438
f 1395//1393 1440//1438 1396//1394
f 1396//1394 1440//1438 1432//1430
f 1396//1394 1432//1430 1431//1429
f 1441//1439 1442//1440 1408//1406
f 1418//1416 1408//1406 1428//1426
f 1434//1432 1421//1419 1429//1427
f 1434//1432 1429//1427 1415//1413
f 1415//1413 1429//1427 1430//1428
f 1430//1428 1429//1427 1443//1441
f 1432//1430 1437//1435 1431//1429
f 1437//1435 1432//1430 1444//1442
f 1426//1424 1408//1406 1406//1404
f 1433//1431 1422//1420 1445//1443
f 1446//1444 1436//1434 1444//1442
f 1423//1421 1425//1423 1447//1445
f 1447//1445 1425//1423 1419//1417
f 1436//1434 1437//1435 1444//1442
f 1437//1435 1448//1446 1431//1429
f 1447//1445 1419//1417 1433//1431
f 1447//1445 1433//1431 1445//1443
f 1393//1391 1392//1390 1435//1433
f 1393//1391 1435//1433 1462//1460
f 1462//1460 1435//1433 1394//1392
f 1394//1392 1435//1433 1395//1393
f 1396//1394 1453//1451 1397//1395
f 1397//1395 1453//1451 1449//1447
f 1452//1450 1451//1449 1453//1451
f 1436//1434 1455//1453 1437//1435
f 1437//1435 1455//1453 1454//1452
f 1455//1453 1422//1420 1456//1454
f 1456//1454 1422//1420 1433//1431
f 1459//1457 1458//1456 1460//1458
f 1403//1401 1439//1437 1404//1402
f 1457//1455 1439//1437 1403//1401
f 1402//1400 1404//1402 1426//1424
f 1402//1400 1426//1424 1461//1459
f 1406//1404 1405//1403 1463//1461
f 1406//1404 1463//1461 1426//1424
f 1418//1416 1409//1407 1408//1406
f 1408//1406 1409//1407 1411//1409
f 1412//1410 1420//1418 1414//1412
f 1414//1412 1420//1418 1415//1413
f 1400//1398 1458//1456 1403//1401
f 1403//1401 1458//1456 1457//1455
f 1455//1453 1436//1434 1422//1420
f 1399//1397 1431//1429 1448//1446
f 1451//1449 1431//1429 1399//1397
f 1452//1450 1431//1429 1451//1449
f 1431//1429 1452//1450 1396//1394
f 1396//1394 1452//1450 1453//1451
f 1409//1407 1418//1416 1420//1418
f 1409//1407 1420//1418 1412//1410
f 1463//1461 1461//1459 1426//1424
f 1457//1455 1425//1423 1439//1437
f 1459//1457 1425//1423 1458//1456
f 1458//1456 1425//1423 1457//1455
f 1460//1458 1425//1423 1459//1457
f 1460//1458 1419//1417 1425//1423
f 1440//1438 1464//1462 1432//1430
f 1432//1430 1464//1462 1417//1415
f 1446//1444 1444//1442 1465//1463
f 1447//1445 1445//1443 1466//1464
f 1466//1464 1445//1443 1465//1463
f 1465//1463 1445//1443 1446//1444
f 1423//1421 1447//1445 1466//1464
f 1467//1465 1438//1436 1424//1422
f 1467//1465 1427//1425 1438//1436
f 1451//1449 1450//1448 1453//1451
f 1453//1451 1450//1448 1449//1447
f 1400//1398 1460//1458 1458//1456
f 1422//1420 1436//1434 1445//1443
f 1445//1443 1436//1434 1446//1444
f 1417//1415 1464//1462 1443//1441
f 1440//1438 1430//1428 1443//1441
f 1440//1438 1443//1441 1464//1462
f 1441//1439 1427//1425 1467//1465
f 1441//1439 1467//1465 1424//1422
f 1428//1426 1421//1419 1434//1432
f 1420//1418 1418//1416 1434//1432
f 1434//1432 1418//1416 1428//1426
f 1421//1419 1468//1466 1469//1467
f 1424//1422 1470//1468 1471//1469
f 1468//1466 1442//1440 1471//1469
f 1470//1468 1424//1422 1423//1421
f 1470//1468 1423//1421 1466//1464
f 1471//1469 1442//1440 1441//1439
f 1471//1469 1441//1439 1424//1422
f 1421//1419 1428//1426 1468//1466
f 1468//1466 1428//1426 1442//1440
f 1469//1467 1429//1427 1421//1419
f 1429//1427 1469//1467 1472//1470
f 1443//1441 1472//1470 1417//1415
f 1472//1470 1443//1441 1429//1427
f 1417//1415 1472//1470 1432//1430
f 1432//1430 1472//1470 1465//1463
f 1432//1430 1465//1463 1444//1442
f 850//850 1399//1397 840//840
f 840//840 1399//1397 1473//1471
f 1473//1471 1399//1397 1448//1446
f 1473//1471 1448//1446 1437//1435
f 1473//1471 1437//1435 1454//1452
f 1398//1396 1399//1397 850//850
f 1419//1417 1460//1458 1474//1472
f 1460//1458 853//853 854//854
f 1460//1458 854//854 842//842
f 1460//1458 842//842 1474//1472
f 1456//1454 1433//1431 1474//1472
f 1474//1472 1433//1431 1419//1417
f 1413//1411 1416//1414 1469//1467
f 1469//1467 1393//1391 1462//1460
f 1465//1463 1472//1470 1473//1471
f 1473//1471 1472//1470 1462//1460
f 1462//1460 1472//1470 1469//1467
f 1450//1448 1473//1471 1462//1460
f 1471//1469 1470//1468 1461//1459
f 1469//1467 1416//1414 1393//1391
f 1465//1463 1473//1471 1454//1452
f 1461//1459 1400//1398 1403//1401
f 1465//1463 1454//1452 1455//1453
f 1449//1447 1450//1448 1397//1395
f 850//850 840//840 1450//1448
f 1400//1398 1461//1459 1474//1472
f 1474//1472 1461//1459 1470//1468
f 1455//1453 1456//1454 1466//1464
f 1455//1453 1466//1464 1465//1463
f 1410//1408 1469//1467 1468//1466
f 1413//1411 1469//1467 1410//1408
f 850//850 1450//1448 1398//1396
f 1473//1471 1450//1448 840//840
f 1474//1472 1466//1464 1456//1454
f 1471//1469 1461//1459 1468//1466
f 1468//1466 1461//1459 1463//1461
f 1468//1466 1463//1461 1410//1408
f 1397//1395 1450//1448 1462//1460
f 1397//1395 1462//1460 1394//1392
f 1402//1400 1461//1459 1403//1401
f 842//842 854//854 1400//1398
f 1400//1398 854//854 853//853
f 1466//1464 1474//1472 1470//1468
f 1400//1398 1474//1472 842//842
f 1410//1408 1463//1461 1405//1403
f 1401//1399 1400//1398 853//853
f 1407//1405 1410//1408 1405//1403
f 1460//1458 1401//1399 853//853
f 1475//1473 1499//1497 1483//1481
f 1483//1481 1499//1497 1493//1491
f 1483//1481 1493//1491 1482//1480
f 1482//1480 1493//1491 1501//1499
f 1482//1480 1501//1499 1481//1479
f 1481//1479 1501//1499 1500//1498
f 1481//1479 1500//1498 1480//1478
f 1480//1478 1500//1498 1494//1492
f 1480//1478 1494//1492 1479//1477
f 1479//1477 1494//1492 1478//1476
f 1478//1476 1494//1492 1498//1496
f 1478//1476 1498//1496 1496//1494
f 1478//1476 1496//1494 1477//1475
f 1477//1475 1496//1494 1495//1493
f 1477//1475 1495//1493 1476//1474
f 1476//1474 1495//1493 1497//1495
f 1476//1474 1497//1495 1484//1482
f 1490//1488 1489//1487 1488//1486
f 1487//1485 1486//1484 1485//1483
f 1480//1478 1482//1480 1481//1479
f 1491//1489 1485//1483 1475//1473
f 1492//1490 1477//1475 1476//1474
f 1479//1477 1478//1476 1492//1490
f 1492//1490 1478//1476 1477//1475
f 1484//1482 1497//1495 1507//1505
f 1484//1482 1507//1505 1509//1507
f 1484//1482 1509//1507 1490//1488
f 1490//1488 1509//1507 1489//1487
f 1489//1487 1509//1507 1510//1508
f 1489//1487 1510//1508 1508//1506
f 1489//1487 1508//1506 1488//1486
f 1488//1486 1508//1506 1502//1500
f 1488//1486 1502//1500 1487//1485
f 1487//1485 1502//1500 1503//1501
f 1487//1485 1503//1501 1486//1484
f 1486//1484 1503//1501 1506//1504
f 1486//1484 1506//1504 1505//1503
f 1486//1484 1505//1503 1485//1483
f 1485//1483 1505//1503 1504//1502
f 1485//1483 1504//1502 1475//1473
f 1475//1473 1504//1502 1499//1497
f 1510//1508 1507//1505 1511//1509
f 1512//1510 1501//1499 1493//1491
f 1510//1508 1509//1507 1507//1505
f 1512//1510 1493//1491 1499//1497
f 1512//1510 1499//1497 1513//1511
f 1514//1512 1508//1506 1510//1508
f 1506//1504 1503//1501 1514//1512
f 1514//1512 1503//1501 1502//1500
f 1514//1512 1502//1500 1508//1506
f 1498//1496 1494//1492 1500//1498
f 1498//1496 1500//1498 1501//1499
f 1513//1511 1499//1497 1504//1502
f 1513//1511 1504//1502 1505//1503
f 1507//1505 1497//1495 1511//1509
f 1511//1509 1497//1495 1495//1493
f 1511//1509 1495//1493 1496//1494
f 1512//1510 1483//1481 1482//1480
f 1512//1510 1482//1480 1480//1478
f 1512//1510 1480//1478 1501//1499
f 1501//1499 1480//1478 1498//1496
f 1498//1496 1480//1478 1479//1477
f 1498//1496 1479//1477 1492//1490
f 1498//1496 1492//1490 1496//1494
f 1496//1494 1492//1490 1476//1474
f 1496//1494 1476//1474 1511//1509
f 1511//1509 1476//1474 1484//1482
f 1511//1509 1484//1482 1510//1508
f 1510//1508 1484//1482 1490//1488
f 1510//1508 1490//1488 1488//1486
f 1510//1508 1488//1486 1514//1512
f 1514//1512 1488//1486 1487//1485
f 1514//1512 1487//1485 1506//1504
f 1506//1504 1487//1485 1485//1483
f 1506//1504 1485//1483 1491//1489
f 1506//1504 1491//1489 1505//1503
f 1505//1503 1491//1489 1475//1473
f 1505//1503 1475//1473 1513//1511
f 1513//1511 1475//1473 1483//1481
f 1513//1511 1483//1481 1512//1510
f 1518//1516 1517//1515 1519//1517
f 1519//1517 1517//1515 1516//1514
f 1519//1517 1516//1514 1520//1518
f 1515//1513 1520//1518 1516//1514
f 1520//1518 1515//1513 1521//1519
f 1521//1519 1515//1513 1518//1516
f 1518//1516 1519//1517 1521//1519
f 1519//1517 1523//1521 1521//1519
f 1521//1519 1523//1521 1522//1520
f 1521//1519 1522//1520 1520//1518
f 1520//1518 1522//1520 1523//1521
f 1520//1518 1523//1521 1519//1517
f 1517//1515 1515//1513 1516//1514
f 1518//1516 1515//1513 1517//1515
f 1528//1526 1525//1523 1529//1527
f 1525//1523 1524//1522 1529//1527
f 1529//1527 1524//1522 1530//1528
f 1527//1525 1530//1528 1524//1522
f 1530//1528 1527//1525 1531//1529
f 1527//1525 1526//1524 1531//1529
f 1531//1529 1526//1524 1528//1526
f 1525//1523 1528//1526 1526//1524
f 1528//1526 1529//1527 1531//1529
f 1529//1527 1534//1532 1531//1529
f 1531//1529 1534//1532 1533//1531
f 1531//1529 1533//1531 1530//1528
f 1530//1528 1533//1531 1529//1527
f 1529//1527 1533//1531 1532//1530
f 1529//1527 1532//1530 1534//1532
f 1535//1533 1533//1531 1536//1534
f 1536//1534 1533//1531 1534//1532
f 1535//1533 1532//1530 1533//1531
f 1532//1530 1535//1533 1537//1535
f 1532//1530 1537//1535 1534//1532
f 1534//1532 1537//1535 1536//1534
f 1535//1533 1524//1522 1525//1523
f 1524//1522 1535//1533 1527//1525
f 1526//1524 1527//1525 1535//1533
f 1535//1533 1536//1534 1526//1524
f 1526//1524 1536//1534 1537//1535
f 1526//1524 1537//1535 1525//1523
f 1525//1523 1537//1535 1535//1533
f 1542//1540 1538//1536 1543//1541
f 1538//1536 1541//1539 1543//1541
f 1543//1541 1541//1539 1544//1542
f 1541//1539 1540//1538 1544//1542
f 1544//1542 1540//1538 1539//1537
f 1538//1536 1542//1540 1539//1537
f 1539//1537 1542//1540 1544//1542
f 1542//1540 1545//1543 1546//1544
f 1542//1540 1546//1544 1544//1542
f 1544//1542 1546//1544 1543//1541
f 1543//1541 1546//1544 1545//1543
f 1543//1541 1545//1543 1542//1540
f 1538//1536 1539//1537 1540//1538
f 1540//1538 1541//1539 1538//1536
f 1547//1545 1552//1550 1548//1546
f 1547//1545 1548//1546 1549//1547
f 1549//1547 1548//1546 1550//1548
f 1549//1547 1550//1548 1551//1549
f 1551//1549 1550//1548 1552//1550
f 1551//1549 1552//1550 1547//1545
f 1555//1553 1554//1552 1558//1556
f 1558//1556 1554//1552 1553//1551
f 1558//1556 1553//1551 1559//1557
f 1557//1555 1560//1558 1553//1551
f 1553//1551 1560//1558 1559//1557
f 1560//1558 1557//1555 1561//1559
f 1561//1559 1557//1555 1556//1554
f 1556//1554 1555//1553 1561//1559
f 1555//1553 1558//1556 1561//1559
f 1561//1559 1558//1556 1560//1558
f 1558//1556 1549//1547 1560//1558
f 1560//1558 1549//1547 1551//1549
f 1560//1558 1551//1549 1559//1557
f 1559//1557 1551//1549 1547//1545
f 1559//1557 1547//1545 1558//1556
f 1558//1556 1547//1545 1549//1547
f 1556//1554 1557//1555 1553//1551
f 1554//1552 1555//1553 1556//1554
f 1556//1554 1548//1546 1554//1552
f 1554//1552 1548//1546 1552//1550
f 1554//1552 1552//1550 1553//1551
f 1553//1551 1552//1550 1556//1554
f 1556//1554 1552//1550 1550//1548
f 1556//1554 1550//1548 1548//1546
f 1564//1562 1565//1563 1562//1560
f 1562//1560 1565//1563 1563//1561
f 1562//1560 1563//1561 1564//1562
f 1563//1561 1565//1563 1564//1562
f 1569//1566 1568//1565 1570//1567
f 1569//1566 1570//1567 1567//1564
f 1567//1564 1570//1567 1571//1568
f 1567//1564 1571//1568 1566//1564
f 1567//1564 1571//1568 1569//1566
f 1569//1566 1571//1568 1570//1567
f 1580//1577 1573//1570 1574//1571
f 1585//1582 1575//1572 1584//1581
f 1584//1581 1575//1572 1574//1571
f 1584//1581 1574//1571 1573//1570
f 1576//1573 1572//1569 1577//1574
f 1576//1573 1577//1574 1579//1576
f 1579//1576 1577//1574 1578//1575
f 1587//1584 1580//1577 1581//1578
f 1578//1575 1582//1579 1579//1576
f 1574//1571 1575//1572 1637//1633
f 1637//1633 1575//1572 1583//1580
f 1572//1569 1576//1573 1582//1579
f 1587//1584 1573//1570 1580//1577
f 1586//1583 1588//1585 1572//1569
f 1582//1579 1578//1575 1586//1583
f 1582//1579 1586//1583 1572//1569
f 1578//1575 1577//1574 1631//1627
f 1585//1582 1584//1581 1587//1584
f 1585//1582 1587//1584 1581//1578
f 1637//1633 1583//1580 1581//1578
f 1581//1578 1583//1580 1585//1582
f 1588//1585 1586//1583 1589//1586
f 1588//1585 1589//1586 1631//1627
f 1631//1627 1589//1586 1578//1575
f 1637//1633 1581//1578 1631//1627
f 1631//1627 1581//1578 1588//1585
f 1590//1587 1632//1628 1591//1588
f 1593//1590 1592//1589 1594//1591
f 1590//1587 1591//1588 1595//1592
f 1595//1592 1591//1588 1596//1593
f 1632//1628 1590//1587 1597//1594
f 1632//1628 1597//1594 1598//1595
f 1598//1595 1597//1594 1607//1604
f 1632//1628 1598//1595 1600//1597
f 1600//1597 1598//1595 1601//1598
f 1603//1600 1602//1599 1593//1590
f 1603//1600 1594//1591 1604//1601
f 1604//1601 1594//1591 1605//1602
f 1594//1591 1603//1600 1593//1590
f 1595//1592 1596//1593 1607//1604
f 1595//1592 1607//1604 1597//1594
f 1606//1603 1599//1596 1602//1599
f 1606//1603 1602//1599 1603//1600
f 1599//1596 1606//1603 1604//1601
f 1599//1596 1604//1601 1608//1605
f 1604//1601 1605//1602 1608//1605
f 1608//1605 1605//1602 1593//1590
f 1593//1590 1605//1602 1592//1589
f 1600//1597 1601//1598 1596//1593
f 1596//1593 1601//1598 1607//1604
f 1608//1605 1593//1590 1600//1597
f 1608//1605 1600//1597 1596//1593
f 1580//1577 1574//1571 1599//1596
f 1599//1596 1574//1571 1602//1599
f 1591//1588 1632//1628 1572//1569
f 1572//1569 1632//1628 1577//1574
f 1610//1607 1609//1606 1631//1627
f 1637//1633 1631//1627 1609//1606
f 1611//1608 1593//1590 1612//1609
f 1612//1609 1593//1590 1609//1606
f 1613//1610 1611//1608 1617//1614
f 1617//1614 1611//1608 1619//1616
f 1614//1611 1615//1612 1611//1608
f 1611//1608 1615//1612 1593//1590
f 1593//1590 1615//1612 1616//1613
f 1611//1608 1613//1610 1620//1614
f 1614//1611 1611//1608 1620//1614
f 1616//1613 1600//1597 1593//1590
f 1600//1597 1618//1615 1619//1616
f 1619//1616 1618//1615 1617//1614
f 1620//1614 1613//1610 1616//1613
f 1616//1613 1613//1610 1621//1617
f 1616//1613 1621//1617 1600//1597
f 1600//1597 1621//1617 1618//1615
f 1612//1609 1630//1626 1625//1621
f 1624//1620 1612//1609 1625//1621
f 1623//1619 1626//1622 1622//1618
f 1622//1618 1626//1622 1610//1607
f 1623//1619 1622//1618 1612//1609
f 1623//1619 1612//1609 1627//1623
f 1627//1623 1612//1609 1624//1620
f 1628//1624 1624//1620 1629//1625
f 1628//1624 1629//1625 1626//1622
f 1626//1622 1629//1625 1610//1607
f 1610//1607 1629//1625 1609//1606
f 1609//1606 1629//1625 1630//1626
f 1609//1606 1630//1626 1612//1609
f 1628//1624 1627//1623 1624//1620
f 1622//1618 1610//1607 1619//1616
f 1619//1616 1610//1607 1600//1597
f 1619//1616 1611//1608 1622//1618
f 1622//1618 1611//1608 1612//1609
f 1584//1581 1604//1601 1587//1584
f 1587//1584 1604//1601 1573//1570
f 1573//1570 1604//1601 1606//1603
f 1573//1570 1606//1603 1584//1581
f 1584//1581 1606//1603 1603//1600
f 1584//1581 1603//1600 1604//1601
f 1583//1580 1592//1589 1585//1582
f 1585//1582 1592//1589 1605//1602
f 1585//1582 1605//1602 1594//1591
f 1585//1582 1594//1591 1575//1572
f 1575//1572 1594//1591 1583//1580
f 1583//1580 1594//1591 1592//1589
f 1589//1586 1601//1598 1578//1575
f 1578//1575 1601//1598 1598//1595
f 1578//1575 1598//1595 1607//1604
f 1578//1575 1607//1604 1586//1583
f 1586//1583 1607//1604 1589//1586
f 1589//1586 1607//1604 1601//1598
f 1582//1579 1597//1594 1579//1576
f 1579//1576 1597//1594 1576//1573
f 1576//1573 1597//1594 1590//1587
f 1576//1573 1590//1587 1582//1579
f 1582//1579 1590//1587 1595//1592
f 1582//1579 1595//1592 1597//1594
f 1588//1585 1581//1578 1596//1593
f 1596//1593 1581//1578 1608//1605
f 1572//1569 1588//1585 1591//1588
f 1591//1588 1588//1585 1596//1593
f 1599//1596 1608//1605 1580//1577
f 1580//1577 1608//1605 1581//1578
f 1625//1621 1614//1611 1624//1620
f 1624//1620 1614//1611 1620//1614
f 1627//1623 1613//1610 1623//1619
f 1623//1619 1613//1610 1617//1614
f 1593//1590 1637//1633 1609//1606
f 1631//1627 1600//1597 1610//1607
f 1633//1629 1577//1574 1634//1630
f 1634//1630 1577//1574 1632//1628
f 1635//1631 1600//1597 1636//1632
f 1636//1632 1600//1597 1631//1627
f 1631//1627 1577//1574 1636//1632
f 1636//1632 1577//1574 1633//1629
f 1632//1628 1600//1597 1634//1630
f 1634//1630 1600//1597 1635//1631
f 1636//1632 1633//1629 1635//1631
f 1635//1631 1633//1629 1634//1630
f 1638//1634 1637//1633 1639//1635
f 1639//1635 1637//1633 1593//1590
f 1640//1636 1602//1599 1641//1637
f 1641//1637 1602//1599 1574//1571
f 1641//1637 1574//1571 1638//1634
f 1638//1634 1574//1571 1637//1633
f 1593//1590 1602//1599 1639//1635
f 1639//1635 1602//1599 1640//1636
f 1641//1637 1638//1634 1640//1636
f 1640//1636 1638//1634 1639//1635
f 1617//1614 1618//1615 1623//1619
f 1623//1619 1618//1615 1626//1622
f 1621//1617 1613//1610 1628//1624
f 1628//1624 1613//1610 1627//1623
f 1626//1622 1618//1615 1628//1624
f 1628//1624 1618//1615 1621//1617
f 1629//1625 1616//1613 1630//1626
f 1630//1626 1616//1613 1615//1612
f 1620//1614 1616//1613 1624//1620
f 1624//1620 1616//1613 1629//1625
f 1615//1612 1614//1611 1630//1626
f 1630//1626 1614//1611 1625//1621
f 1642//1638 1664//1660 1643//1639
f 1643//1639 1664//1660 1644//1640
f 1644//1640 1645//1641 1643//1639
f 1646//1642 1731//1727 1644//1640
f 1644//1640 1731//1727 1645//1641
f 1647//1643 1659//1655 1648//1644
f 1652//1648 1653//1649 1649//1645
f 1652//1648 1649//1645 1650//1646
f 1656//1652 1654//1650 1655//1651
f 1654//1650 1653//1649 1652//1648
f 1654//1650 1652//1648 1655//1651
f 1656//1652 1655//1651 1650//1646
f 1653//1649 1654//1650 1658//1654
f 1647//1643 1648//1644 1656//1652
f 1647//1643 1656//1652 1650//1646
f 1657//1653 1651//1647 1659//1655
f 1659//1655 1651//1647 1648//1644
f 1647//1643 1650//1646 1657//1653
f 1657//1653 1650//1646 1649//1645
f 1657//1653 1649//1645 1651//1647
f 1649//1645 1660//1656 1651//1647
f 1662//1658 1661//1657 1663//1659
f 1676//1672 1668//1664 1665//1661
f 1666//1662 1664//1660 1667//1663
f 1664//1660 1666//1662 1644//1640
f 1644//1640 1666//1662 1663//1659
f 1668//1664 1656//1652 1648//1644
f 1662//1658 1663//1659 1671//1667
f 1671//1667 1663//1659 1667//1663
f 1661//1657 1671//1667 1648//1644
f 1648//1644 1671//1667 1672//1668
f 1667//1663 1664//1660 1672//1668
f 1656//1652 1668//1664 1670//1666
f 1644//1640 1663//1659 1661//1657
f 1644//1640 1661//1657 1648//1644
f 1667//1663 1672//1668 1671//1667
f 1669//1665 1673//1669 1670//1666
f 1670//1666 1673//1669 1656//1652
f 1656//1652 1673//1669 1674//1670
f 1674//1670 1673//1669 1675//1671
f 1674//1670 1675//1671 1677//1673
f 1669//1665 1670//1666 1676//1672
f 1676//1672 1665//1661 1677//1673
f 1676//1672 1677//1673 1669//1665
f 1648//1644 1672//1668 1665//1661
f 1648//1644 1665//1661 1668//1664
f 1677//1673 1675//1671 1669//1665
f 1683//1679 1678//1674 1679//1675
f 1679//1675 1678//1674 1680//1676
f 1680//1676 1678//1674 1681//1677
f 1680//1676 1681//1677 1682//1678
f 1680//1676 1682//1678 1683//1679
f 1683//1679 1682//1678 1678//1674
f 1684//1680 1689//1685 1685//1681
f 1684//1680 1685//1681 1686//1682
f 1686//1682 1685//1681 1687//1683
f 1686//1682 1687//1683 1688//1684
f 1688//1684 1687//1683 1689//1685
f 1688//1684 1689//1685 1684//1680
f 1694//1690 1691//1687 1680//1676
f 1707//1703 1691//1687 1692//1688
f 1658//1654 1691//1687 1693//1689
f 1692//1688 1694//1690 1680//1676
f 1696//1692 1658//1654 1695//1691
f 1695//1691 1658//1654 1654//1650
f 1658//1654 1696//1692 1697//1693
f 1680//1676 1697//1693 1695//1691
f 1699//1695 1700//1696 1698//1694
f 1707//1703 1690//1686 1701//1697
f 1699//1695 1701//1697 1702//1698
f 1654//1650 1705//1701 1703//1699
f 1702//1698 1707//1703 1692//1688
f 1702//1698 1692//1688 1695//1691
f 1702//1698 1695//1691 1704//1700
f 1702//1698 1704//1700 1705//1701
f 1654//1650 1703//1699 1695//1691
f 1695//1691 1703//1699 1704//1700
f 1702//1698 1705//1701 1654//1650
f 1706//1702 1693//1689 1691//1687
f 1706//1702 1691//1687 1707//1703
f 1693//1689 1706//1702 1708//1704
f 1693//1689 1708//1704 1698//1694
f 1698//1694 1708//1704 1707//1703
f 1698//1694 1707//1703 1699//1695
f 1699//1695 1707//1703 1701//1697
f 1690//1686 1707//1703 1702//1698
f 1683//1679 1692//1688 1680//1676
f 1692//1688 1683//1679 1695//1691
f 1683//1679 1679//1675 1695//1691
f 1695//1691 1679//1675 1680//1676
f 1658//1654 1680//1676 1691//1687
f 1697//1693 1680//1676 1658//1654
f 1649//1645 1787//1783 1709//1705
f 1649//1645 1709//1705 1660//1656
f 1660//1656 1709//1705 1710//1706
f 1710//1706 1709//1705 1689//1685
f 1710//1706 1689//1685 1711//1707
f 1693//1689 1741//1737 1712//1708
f 1693//1689 1712//1708 1658//1654
f 1658//1654 1712//1708 1743//1739
f 1658//1654 1743//1739 1786//1782
f 1713//1709 1715//1711 1716//1712
f 1713//1709 1716//1712 1714//1710
f 1715//1711 1713//1709 1651//1647
f 1717//1713 1714//1710 1716//1712
f 1717//1713 1716//1712 1718//1714
f 1717//1713 1718//1714 1660//1656
f 1660//1656 1718//1714 1651//1647
f 1715//1711 1651//1647 1718//1714
f 1660//1656 1719//1715 1717//1713
f 1719//1715 1660//1656 1710//1706
f 1714//1710 1719//1715 1686//1682
f 1722//1718 1710//1706 1724//1720
f 1719//1715 1684//1680 1686//1682
f 1710//1706 1721//1717 1724//1720
f 1727//1723 1726//1722 1723//1719
f 1720//1716 1727//1723 1723//1719
f 1720//1716 1723//1719 1721//1717
f 1721//1717 1723//1719 1724//1720
f 1723//1719 1726//1722 1713//1709
f 1714//1710 1686//1682 1713//1709
f 1713//1709 1686//1682 1723//1719
f 1720//1716 1713//1709 1727//1723
f 1719//1715 1710//1706 1684//1680
f 1688//1684 1725//1721 1686//1682
f 1725//1721 1728//1724 1686//1682
f 1686//1682 1728//1724 1723//1719
f 1723//1719 1728//1724 1729//1725
f 1723//1719 1729//1725 1722//1718
f 1688//1684 1684//1680 1725//1721
f 1725//1721 1684//1680 1710//1706
f 1725//1721 1710//1706 1729//1725
f 1729//1725 1710//1706 1722//1718
f 1656//1652 1674//1670 1654//1650
f 1654//1650 1674//1670 1730//1726
f 1654//1650 1730//1726 1699//1695
f 1730//1726 1753//1749 1699//1695
f 1699//1695 1753//1749 1700//1696
f 1731//1727 1646//1642 1720//1716
f 1695//1691 1732//1728 1696//1692
f 1696//1692 1732//1728 1733//1729
f 1696//1692 1733//1729 1697//1693
f 1697//1693 1733//1729 1734//1730
f 1697//1693 1734//1730 1695//1691
f 1695//1691 1734//1730 1732//1728
f 1708//1704 1735//1731 1707//1703
f 1707//1703 1735//1731 1736//1732
f 1707//1703 1736//1732 1706//1702
f 1706//1702 1736//1732 1737//1733
f 1706//1702 1737//1733 1708//1704
f 1708//1704 1737//1733 1735//1731
f 1692//1688 1691//1687 1739//1735
f 1692//1688 1739//1735 1738//1734
f 1692//1688 1738//1734 1694//1690
f 1694//1690 1738//1734 1712//1708
f 1694//1690 1712//1708 1691//1687
f 1691//1687 1712//1708 1740//1736
f 1691//1687 1740//1736 1739//1735
f 1741//1737 1693//1689 1742//1738
f 1742//1738 1693//1689 1698//1694
f 1700//1696 1742//1738 1698//1694
f 1712//1708 1738//1734 1678//1674
f 1739//1735 1740//1736 1736//1732
f 1732//1728 1743//1739 1733//1729
f 1681//1677 1734//1730 1733//1729
f 1744//1740 1747//1743 1745//1741
f 1746//1742 1747//1743 1744//1740
f 1748//1744 1743//1739 1732//1728
f 1748//1744 1732//1728 1745//1741
f 1743//1739 1748//1744 1746//1742
f 1746//1742 1748//1744 1747//1743
f 1678//1674 1682//1678 1712//1708
f 1678//1674 1734//1730 1681//1677
f 1739//1735 1749//1745 1738//1734
f 1738//1734 1749//1745 1678//1674
f 1712//1708 1682//1678 1681//1677
f 1733//1729 1743//1739 1681//1677
f 1681//1677 1743//1739 1712//1708
f 1751//1747 1749//1745 1735//1731
f 1744//1740 1745//1741 1732//1728
f 1744//1740 1732//1728 1734//1730
f 1744//1740 1734//1730 1678//1674
f 1744//1740 1678//1674 1749//1745
f 1744//1740 1749//1745 1750//1746
f 1742//1738 1750//1746 1751//1747
f 1744//1740 1750//1746 1742//1738
f 1742//1738 1751//1747 1735//1731
f 1736//1732 1740//1736 1712//1708
f 1736//1732 1712//1708 1741//1737
f 1735//1731 1737//1733 1742//1738
f 1742//1738 1737//1733 1741//1737
f 1741//1737 1737//1733 1736//1732
f 1739//1735 1736//1732 1735//1731
f 1749//1745 1739//1735 1735//1731
f 1796//1792 1752//1748 1753//1749
f 1753//1749 1752//1748 1746//1742
f 1753//1749 1746//1742 1744//1740
f 1742//1738 1700//1696 1744//1740
f 1744//1740 1700//1696 1753//1749
f 1719//1715 1757//1753 1717//1713
f 1717//1713 1757//1753 1758//1754
f 1717//1713 1758//1754 1759//1755
f 1717//1713 1759//1755 1714//1710
f 1714//1710 1759//1755 1719//1715
f 1719//1715 1759//1755 1757//1753
f 1722//1718 1760//1756 1711//1707
f 1722//1718 1711//1707 1723//1719
f 1723//1719 1711//1707 1761//1757
f 1723//1719 1761//1757 1762//1758
f 1723//1719 1762//1758 1724//1720
f 1724//1720 1762//1758 1760//1756
f 1724//1720 1760//1756 1722//1718
f 1728//1724 1756//1752 1754//1750
f 1728//1724 1754//1750 1729//1725
f 1729//1725 1754//1750 1725//1721
f 1725//1721 1754//1750 1755//1751
f 1725//1721 1755//1751 1756//1752
f 1725//1721 1756//1752 1728//1724
f 1763//1759 1720//1716 1764//1760
f 1764//1760 1720//1716 1646//1642
f 1764//1760 1646//1642 1767//1763
f 1764//1760 1767//1763 1765//1761
f 1651//1647 1765//1761 1766//1762
f 1651//1647 1766//1762 1648//1644
f 1644//1640 1767//1763 1646//1642
f 1648//1644 1766//1762 1644//1640
f 1644//1640 1766//1762 1767//1763
f 1768//1764 1765//1761 1651//1647
f 1768//1764 1651//1647 1763//1759
f 1765//1761 1768//1764 1764//1760
f 1721//1717 1769//1765 1770//1766
f 1769//1765 1721//1717 1771//1767
f 1771//1767 1721//1717 1710//1706
f 1771//1767 1710//1706 1711//1707
f 1789//1785 1772//1768 1779//1775
f 1720//1716 1721//1717 1770//1766
f 1779//1775 1773//1769 1774//1770
f 1779//1775 1774//1770 1770//1766
f 1645//1641 1775//1771 1789//1785
f 1789//1785 1775//1771 1772//1768
f 1720//1716 1770//1766 1731//1727
f 1731//1727 1770//1766 1776//1772
f 1772//1768 1777//1773 1779//1775
f 1779//1775 1777//1773 1773//1769
f 1731//1727 1776//1772 1645//1641
f 1645//1641 1776//1772 1775//1771
f 1770//1766 1774//1770 1776//1772
f 1773//1769 1777//1773 1776//1772
f 1776//1772 1777//1773 1775//1771
f 1711//1707 1760//1756 1771//1767
f 1771//1767 1762//1758 1778//1774
f 1778//1774 1762//1758 1761//1757
f 1760//1756 1762//1758 1771//1767
f 1709//1705 1757//1753 1689//1685
f 1779//1775 1758//1754 1709//1705
f 1709//1705 1758//1754 1757//1753
f 1689//1685 1757//1753 1759//1755
f 1689//1685 1759//1755 1685//1681
f 1780//1776 1685//1681 1779//1775
f 1779//1775 1685//1681 1759//1755
f 1779//1775 1759//1755 1758//1754
f 1685//1681 1780//1776 1781//1777
f 1782//1778 1779//1775 1785//1781
f 1782//1778 1785//1781 1781//1777
f 1779//1775 1782//1778 1780//1776
f 1785//1781 1687//1683 1685//1681
f 1689//1685 1756//1752 1755//1751
f 1687//1683 1785//1781 1689//1685
f 1689//1685 1785//1781 1756//1752
f 1754//1750 1756//1752 1785//1781
f 1689//1685 1755//1751 1711//1707
f 1711//1707 1755//1751 1754//1750
f 1711//1707 1754//1750 1778//1774
f 1711//1707 1778//1774 1761//1757
f 1785//1781 1783//1779 1754//1750
f 1754//1750 1783//1779 1778//1774
f 1770//1766 1784//1780 1785//1781
f 1785//1781 1685//1681 1781//1777
f 1785//1781 1779//1775 1770//1766
f 1778//1774 1784//1780 1770//1766
f 1778//1774 1770//1766 1771//1767
f 1771//1767 1770//1766 1769//1765
f 1653//1649 1658//1654 1786//1782
f 1787//1783 1649//1645 1786//1782
f 1786//1782 1649//1645 1653//1649
f 1788//1784 1789//1785 1787//1783
f 1787//1783 1789//1785 1779//1775
f 1752//1748 1786//1782 1746//1742
f 1787//1783 1779//1775 1709//1705
f 1788//1784 1790//1786 1792//1788
f 1746//1742 1786//1782 1743//1739
f 1752//1748 1793//1789 1794//1790
f 1786//1782 1752//1748 1794//1790
f 1788//1784 1795//1791 1790//1786
f 1792//1788 1791//1787 1793//1789
f 1792//1788 1793//1789 1788//1784
f 1788//1784 1793//1789 1752//1748
f 1795//1791 1787//1783 1792//1788
f 1792//1788 1787//1783 1786//1782
f 1792//1788 1786//1782 1791//1787
f 1791//1787 1786//1782 1794//1790
f 1787//1783 1795//1791 1788//1784
f 1791//1787 1652//1648 1650//1646
f 1791//1787 1650//1646 1793//1789
f 1793//1789 1650//1646 1794//1790
f 1794//1790 1650//1646 1655//1651
f 1794//1790 1655//1651 1791//1787
f 1791//1787 1655//1651 1652//1648
f 1795//1791 1657//1653 1659//1655
f 1795//1791 1659//1655 1790//1786
f 1790//1786 1659//1655 1647//1643
f 1790//1786 1647//1643 1792//1788
f 1792//1788 1647//1643 1795//1791
f 1795//1791 1647//1643 1657//1653
f 1782//1778 1715//1711 1718//1714
f 1782//1778 1718//1714 1780//1776
f 1780//1776 1718//1714 1716//1712
f 1780//1776 1716//1712 1781//1777
f 1781//1777 1716//1712 1715//1711
f 1781//1777 1715//1711 1782//1778
f 1727//1723 1713//1709 1785//1781
f 1713//1709 1783//1779 1785//1781
f 1726//1722 1783//1779 1713//1709
f 1726//1722 1778//1774 1783//1779
f 1727//1723 1778//1774 1726//1722
f 1727//1723 1784//1780 1778//1774
f 1727//1723 1785//1781 1784//1780
f 1748//1744 1703//1699 1705//1701
f 1748//1744 1705//1701 1747//1743
f 1747//1743 1705//1701 1745//1741
f 1745//1741 1705//1701 1704//1700
f 1745//1741 1704//1700 1748//1744
f 1748//1744 1704//1700 1703//1699
f 1702//1698 1749//1745 1690//1686
f 1702//1698 1750//1746 1749//1745
f 1701//1697 1750//1746 1702//1698
f 1701//1697 1751//1747 1750//1746
f 1690//1686 1751//1747 1701//1697
f 1690//1686 1749//1745 1751//1747
f 1773//1769 1776//1772 1764//1760
f 1764//1760 1776//1772 1774//1770
f 1764//1760 1774//1770 1763//1759
f 1773//1769 1763//1759 1774//1770
f 1764//1760 1768//1764 1773//1769
f 1773//1769 1768//1764 1763//1759
f 1777//1773 1765//1761 1775//1771
f 1775//1771 1765//1761 1767//1763
f 1775//1771 1767//1763 1772//1768
f 1767//1763 1766//1762 1772//1768
f 1772//1768 1766//1762 1777//1773
f 1777//1773 1766//1762 1765//1761
f 1811//1807 1796//1792 1797//1793
f 1807//1803 1752//1748 1796//1792
f 1800//1796 1643//1639 1801//1797
f 1801//1797 1643//1639 1788//1784
f 1810//1806 1799//1795 1800//1796
f 1811//1807 1802//1798 1796//1792
f 1796//1792 1802//1798 1803//1799
f 1803//1799 1806//1802 1807//1803
f 1803//1799 1807//1803 1796//1792
f 1812//1808 1798//1794 1800//1796
f 1800//1796 1798//1794 1643//1639
f 1643//1639 1798//1794 1642//1638
f 1798//1794 1808//1804 1642//1638
f 1752//1748 1807//1803 1809//1805
f 1810//1806 1801//1797 1788//1784
f 1810//1806 1788//1784 1752//1748
f 1810//1806 1752//1748 1809//1805
f 1810//1806 1809//1805 1799//1795
f 1799//1795 1809//1805 1805//1801
f 1805//1801 1804//1800 1797//1793
f 1797//1793 1804//1800 1811//1807
f 1642//1638 1808//1804 1799//1795
f 1799//1795 1808//1804 1812//1808
f 1800//1796 1799//1795 1812//1808
f 1806//1802 1803//1799 1804//1800
f 1806//1802 1804//1800 1805//1801
f 1806//1802 1805//1801 1809//1805
f 1796//1792 1753//1749 1730//1726
f 1677//1673 1797//1793 1674//1670
f 1674//1670 1797//1793 1796//1792
f 1674//1670 1796//1792 1730//1726
f 1699//1695 1702//1698 1654//1650
f 1720//1716 1763//1759 1651//1647
f 1720//1716 1651//1647 1713//1709
f 1666//1662 1798//1794 1663//1659
f 1663//1659 1798//1794 1812//1808
f 1663//1659 1812//1808 1667//1663
f 1667//1663 1812//1808 1808//1804
f 1667//1663 1808//1804 1666//1662
f 1666//1662 1808//1804 1798//1794
f 1675//1671 1811//1807 1669//1665
f 1669//1665 1811//1807 1804//1800
f 1669//1665 1804//1800 1673//1669
f 1673//1669 1804//1800 1803//1799
f 1673//1669 1803//1799 1675//1671
f 1675//1671 1803//1799 1802//1798
f 1675//1671 1802//1798 1811//1807
f 1645//1641 1789//1785 1643//1639
f 1643//1639 1789//1785 1788//1784
f 1642//1638 1799//1795 1664//1660
f 1664//1660 1799//1795 1672//1668
f 1799//1795 1805//1801 1672//1668
f 1672//1668 1805//1801 1665//1661
f 1677//1673 1665//1661 1797//1793
f 1797//1793 1665//1661 1805//1801
f 1809//1805 1668//1664 1676//1672
f 1809//1805 1676//1672 1806//1802
f 1806//1802 1676//1672 1807//1803
f 1807//1803 1676//1672 1670//1666
f 1807//1803 1670//1666 1668//1664
f 1807//1803 1668//1664 1809//1805
f 1671//1667 1661//1657 1810//1806
f 1810//1806 1661//1657 1801//1797
f 1662//1658 1671//1667 1800//1796
f 1671//1667 1810//1806 1800//1796
f 1662//1658 1800//1796 1661//1657
f 1661//1657 1800//1796 1801//1797
f 1813//1809 1814//1810 1815//1811
f 1815//1811 1814//1810 1816//1812
f 2114//2110 1817//1813 1818//1814
f 2114//2110 1818//1814 2068//2064
f 1815//1811 1816//1812 2115//2111
f 1819//1815 1820//1816 1821//1817
f 1821//1817 1820//1816 1822//1818
f 1822//1818 1820//1816 1823//1819
f 1822//1818 1823//1819 1824//1820
f 1824//1820 1823//1819 1825//1821
f 1824//1820 1825//1821 1826//1822
f 1826//1822 1825//1821 1827//1823
f 1826//1822 1827//1823 1828//1824
f 1828//1824 1827//1823 1829//1825
f 1828//1824 1829//1825 1830//1826
f 1830//1826 1829//1825 1831//1827
f 1831//1827 1829//1825 1849//1845
f 1831//1827 1849//1845 1832//1828
f 1831//1827 1832//1828 1833//1829
f 1833//1829 1832//1828 1834//1830
f 1834//1830 1832//1828 1835//1831
f 1834//1830 1835//1831 1836//1832
f 1836//1832 1835//1831 1837//1833
f 1837//1833 1835//1831 1838//1834
f 1837//1833 1838//1834 1839//1835
f 1837//1833 1839//1835 1840//1836
f 1840//1836 1839//1835 1841//1837
f 1840//1836 1841//1837 1842//1838
f 1842//1838 1841//1837 1843//1839
f 1842//1838 1843//1839 1819//1815
f 1819//1815 1843//1839 1820//1816
f 1846//1842 1847//1843 1848//1844
f 1851//1847 1878//1874 1823//1819
f 1851//1847 1823//1819 1820//1816
f 1869//1865 1853//1849 1823//1819
f 1827//1823 1855//1851 1829//1825
f 1825//1821 1854//1850 1827//1823
f 1829//1825 1855//1851 1856//1852
f 1835//1831 1832//1828 1858//1854
f 1858//1854 1832//1828 1859//1855
f 1858//1854 1859//1855 1860//1856
f 1835//1831 1858//1854 1845//1841
f 1843//1839 1841//1837 1848//1844
f 1820//1816 1843//1839 1861//1857
f 1860//1856 1859//1855 1862//1858
f 1860//1856 1862//1858 1863//1859
f 1863//1859 1862//1858 1864//1860
f 1863//1859 1864//1860 1849//1845
f 1849//1845 1864//1860 1832//1828
f 1857//1853 1829//1825 1865//1861
f 1857//1853 1865//1861 1866//1862
f 1866//1862 1865//1861 1863//1859
f 1866//1862 1863//1859 1849//1845
f 1867//1863 1868//1864 1847//1843
f 1867//1863 1861//1857 1868//1864
f 1848//1844 1847//1843 1868//1864
f 1852//1848 1867//1863 1851//1847
f 1851//1847 1867//1863 1878//1874
f 1820//1816 1861//1857 1867//1863
f 1820//1816 1867//1863 1852//1848
f 1877//1873 1850//1846 1869//1865
f 1869//1865 1850//1846 1853//1849
f 1856//1852 1855//1851 1854//1850
f 1856//1852 1854//1850 1870//1866
f 1845//1841 1844//1840 1872//1868
f 1838//1834 1872//1868 1871//1867
f 1871//1867 1872//1868 1844//1840
f 1841//1837 1873//1869 1874//1870
f 1874//1870 1873//1869 1875//1871
f 1875//1871 1873//1869 1839//1835
f 1870//1866 1854//1850 1825//1821
f 1876//1872 1985//1981 1877//1873
f 1877//1873 1985//1981 1870//1866
f 1877//1873 1870//1866 1825//1821
f 1877//1873 1825//1821 1850//1846
f 1878//1874 1869//1865 1823//1819
f 1879//1875 1880//1876 1839//1835
f 1839//1835 1838//1834 1879//1875
f 1839//1835 1880//1876 1875//1871
f 1879//1875 1838//1834 1871//1867
f 1871//1867 1975//1971 1875//1871
f 1975//1971 1871//1867 1958//1954
f 1860//1856 1901//1897 1858//1854
f 1856//1852 1865//1861 1829//1825
f 1844//1840 1900//1896 1882//1878
f 1882//1878 1883//1879 1881//1877
f 1882//1878 1881//1877 1844//1840
f 1844//1840 1881//1877 1871//1867
f 1871//1867 1881//1877 1954//1950
f 1870//1866 1886//1882 1887//1883
f 1870//1866 1887//1883 1856//1852
f 1856//1852 1887//1883 1889//1885
f 1856//1852 1889//1885 1888//1884
f 1856//1852 1888//1884 1865//1861
f 1865//1861 1888//1884 1891//1887
f 1891//1887 1888//1884 1892//1888
f 1891//1887 1892//1888 1890//1886
f 1890//1886 1892//1888 1893//1889
f 1890//1886 1893//1889 1894//1890
f 1894//1890 1893//1889 1902//1898
f 2100//2096 1890//1886 1894//1890
f 2100//2096 1894//1890 1897//1893
f 2100//2096 1897//1893 1896//1892
f 1896//1892 1897//1893 1895//1891
f 1895//1891 1897//1893 1903//1899
f 1903//1899 1898//1894 1895//1891
f 1895//1891 1898//1894 1899//1895
f 1899//1895 1898//1894 1900//1896
f 1885//1881 1884//1880 1844//1840
f 1844//1840 1884//1880 1901//1897
f 1844//1840 1901//1897 1900//1896
f 1900//1896 1901//1897 1899//1895
f 1902//1898 1889//1885 1887//1883
f 1889//1885 1902//1898 1893//1889
f 1883//1879 1903//1899 1897//1893
f 1883//1879 1882//1878 1903//1899
f 1867//1863 1906//1902 1878//1874
f 1904//1900 1905//1901 1907//1903
f 1904//1900 1907//1903 1908//1904
f 1869//1865 1910//1906 1908//1904
f 1909//1905 1908//1904 1907//1903
f 1878//1874 1910//1906 1869//1865
f 1878//1874 1906//1902 1910//1906
f 1847//1843 1911//1907 1867//1863
f 1867//1863 1911//1907 1912//1908
f 1905//1901 1912//1908 1918//1914
f 1846//1842 1913//1909 1847//1843
f 1847//1843 1913//1909 1911//1907
f 1874//1870 1846//1842 1914//1910
f 1914//1910 1846//1842 1915//1911
f 1913//1909 1846//1842 1874//1870
f 1918//1914 1917//1913 1916//1912
f 1917//1913 1918//1914 1912//1908
f 1912//1908 1905//1901 1867//1863
f 1867//1863 1905//1901 1904//1900
f 1867//1863 1904//1900 1906//1902
f 1908//1904 1909//1905 1869//1865
f 1869//1865 1909//1905 1989//1985
f 1869//1865 1989//1985 1877//1873
f 1875//1871 1919//1915 1916//1912
f 1875//1871 1916//1912 1874//1870
f 1874//1870 1916//1912 1917//1913
f 1874//1870 1917//1913 1913//1909
f 1926//1922 1923//1919 1924//1920
f 1926//1922 1927//1923 1925//1921
f 1925//1921 1929//1925 1926//1922
f 1930//1926 1929//1925 1925//1921
f 1935//1931 1922//1918 1928//1924
f 1932//1928 1935//1931 1930//1926
f 1934//1930 1933//1929 1932//1928
f 1932//1928 1933//1929 1935//1931
f 1943//1939 1938//1934 1939//1935
f 1939//1935 1938//1934 1921//1917
f 1942//1938 1941//1937 1920//1916
f 1920//1916 1941//1937 1943//1939
f 1944//1940 1942//1938 1945//1941
f 1944//1940 1945//1941 1948//1944
f 1949//1945 1948//1944 1945//1941
f 1947//1943 1948//1944 1949//1945
f 1947//1943 1949//1945 1950//1946
f 1950//1946 1949//1945 1927//1923
f 1950//1946 1927//1923 1924//1920
f 1924//1920 1927//1923 1926//1922
f 1931//1927 1929//1925 1928//1924
f 1928//1924 1929//1925 1930//1926
f 1928//1924 1930//1926 1935//1931
f 1936//1932 1933//1929 1937//1933
f 1937//1933 1933//1929 1934//1930
f 1937//1933 1934//1930 1951//1947
f 1937//1933 1951//1947 1939//1935
f 1939//1935 1951//1947 1920//1916
f 1939//1935 1920//1916 1943//1939
f 1940//1936 1941//1937 1942//1938
f 1940//1936 1942//1938 1952//1948
f 1952//1948 1942//1938 1946//1942
f 1946//1942 1942//1938 1944//1940
f 1953//1949 1954//1950 1955//1951
f 1955//1951 1954//1950 1956//1952
f 1959//1955 1963//1959 1958//1954
f 1958//1954 1963//1959 1956//1952
f 1956//1952 1963//1959 1955//1951
f 1957//1953 1960//1956 1958//1954
f 1958//1954 1960//1956 1959//1955
f 1959//1955 1960//1956 1961//1957
f 1961//1957 1960//1956 1962//1958
f 1954//1950 1953//1949 1871//1867
f 1871//1867 1953//1949 1963//1959
f 1871//1867 1963//1959 1964//1960
f 1871//1867 1964//1960 1961//1957
f 1871//1867 1961//1957 1962//1958
f 1957//1953 1958//1954 1871//1867
f 1957//1953 1871//1867 1962//1958
f 1963//1959 1959//1955 1964//1960
f 1919//1915 1965//1961 1966//1962
f 1966//1962 1965//1961 1967//1963
f 1968//1964 1919//1915 1875//1871
f 1969//1965 1967//1963 1968//1964
f 1977//1973 1979//1975 1970//1966
f 1968//1964 1967//1963 1971//1967
f 1968//1964 1971//1967 1919//1915
f 1919//1915 1971//1967 1965//1961
f 1967//1963 1969//1965 1966//1962
f 1966//1962 1969//1965 1977//1973
f 1977//1973 1970//1966 1966//1962
f 1972//1968 1973//1969 1875//1871
f 1970//1966 1973//1969 1974//1970
f 1970//1966 1974//1970 1966//1962
f 1966//1962 1974//1970 1975//1971
f 1975//1971 1972//1968 1875//1871
f 1975//1971 1974//1970 1972//1968
f 1976//1972 1973//1969 1970//1966
f 1973//1969 1976//1972 1978//1974
f 1977//1973 1978//1974 1979//1975
f 1973//1969 1978//1974 1875//1871
f 1978//1974 1977//1973 1968//1964
f 1978//1974 1968//1964 1875//1871
f 1985//1981 1984//1980 1870//1866
f 1870//1866 1984//1980 1980//1976
f 1886//1882 1981//1977 1982//1978
f 1870//1866 1980//1976 1886//1882
f 1886//1882 1980//1976 1981//1977
f 1981//1977 1983//1979 1982//1978
f 1982//1978 1986//1982 1886//1882
f 1886//1882 1986//1982 1987//1983
f 1987//1983 1986//1982 1983//1979
f 1987//1983 1983//1979 1985//1981
f 1985//1981 1983//1979 1984//1980
f 1984//1980 1983//1979 1981//1977
f 1997//1993 1988//1984 1989//1985
f 1992//1988 1877//1873 1989//1985
f 1989//1985 1988//1984 1991//1987
f 1990//1986 1992//1988 1989//1985
f 1990//1986 1989//1985 1991//1987
f 1990//1986 1991//1987 1994//1990
f 1996//1992 1876//1872 1995//1991
f 1995//1991 1876//1872 1877//1873
f 1995//1991 1877//1873 1992//1988
f 1996//1992 1997//1993 1876//1872
f 1994//1990 1991//1987 1993//1989
f 1992//1988 1990//1986 1998//1994
f 1992//1988 1998//1994 1996//1992
f 1996//1992 1998//1994 1994//1990
f 1996//1992 1994//1990 1997//1993
f 1997//1993 1994//1990 1993//1989
f 1993//1989 1999//1995 1997//1993
f 1997//1993 1999//1995 1988//1984
f 1906//1902 1931//1927 1910//1906
f 1910//1906 1931//1927 2000//1996
f 1910//1906 2000//1996 1923//1919
f 1888//1884 1947//1943 2001//1997
f 1946//1942 1892//1888 2001//1997
f 2001//1997 1892//1888 1888//1884
f 1898//1894 1940//1936 1900//1896
f 1900//1896 1940//1936 1921//1917
f 2002//1998 2003//1999 2004//2000
f 2002//1998 2004//2000 2005//2001
f 2005//2001 2004//2000 2006//2002
f 2006//2002 2004//2000 2092//2088
f 2006//2002 2092//2088 2007//2003
f 2006//2002 2007//2003 2008//2004
f 2008//2004 2007//2003 2009//2005
f 2008//2004 2009//2005 2010//2006
f 2010//2006 2009//2005 2011//2007
f 2010//2006 2011//2007 2012//2008
f 2012//2008 2011//2007 2002//1998
f 2002//1998 2011//2007 2003//1999
f 2013//2009 1937//1933 1939//1935
f 2013//2009 1939//1935 2015//2011
f 2016//2012 2015//2011 1939//1935
f 2017//2013 1928//1924 2018//2014
f 1928//1924 2017//2013 2000//1996
f 2000//1996 2017//2013 2019//2015
f 2000//1996 2019//2015 1923//1919
f 1923//1919 2019//2015 2020//2016
f 2022//2018 1950//1946 2020//2016
f 2020//2016 1950//1946 1924//1920
f 2020//2016 1924//1920 1923//1919
f 2021//2017 1947//1943 2022//2018
f 2022//2018 1947//1943 1950//1946
f 1947//1943 2021//2017 2001//1997
f 2001//1997 2021//2017 2023//2019
f 2001//1997 2023//2019 1946//1942
f 1946//1942 2023//2019 2024//2020
f 1946//1942 2024//2020 1952//1948
f 1952//1948 2024//2020 2025//2021
f 1952//1948 2025//2021 1940//1936
f 1940//1936 2025//2021 2026//2022
f 1940//1936 2026//2022 1921//1917
f 1921//1917 2026//2022 2027//2023
f 1921//1917 2027//2023 1939//1935
f 1939//1935 2027//2023 2016//2012
f 1937//1933 2013//2009 2014//2010
f 1937//1933 2014//2010 2029//2025
f 2028//2024 2031//2027 2029//2025
f 2029//2025 2031//2027 1936//1932
f 2029//2025 1936//1932 1937//1933
f 2030//2026 2031//2027 2028//2024
f 2030//2026 1928//1924 2031//2027
f 2018//2014 1928//1924 2030//2026
f 1831//1827 2034//2030 1830//1826
f 2029//2025 2036//2032 2028//2024
f 1842//1838 2035//2031 1840//1836
f 2036//2032 2050//2046 2037//2033
f 1840//1836 2036//2032 1837//1833
f 1837//1833 2036//2032 2037//2033
f 2038//2034 2027//2023 2026//2022
f 2052//2048 2039//2035 1836//1832
f 1836//1832 2039//2035 1834//1830
f 1833//1829 1834//1830 2040//2036
f 2041//2037 2042//2038 1831//1827
f 1831//1827 2042//2038 2034//2030
f 2034//2030 2042//2038 2043//2039
f 2044//2040 2045//2041 2046//2042
f 1824//1820 2044//2040 2046//2042
f 1824//1820 2046//2042 1822//1818
f 2046//2042 2045//2041 2019//2015
f 2019//2015 2045//2041 2020//2016
f 1821//1817 2047//2043 1819//1815
f 1819//1815 2047//2043 2048//2044
f 2017//2013 2047//2043 1821//1817
f 1842//1838 2049//2045 2035//2031
f 2028//2024 2035//2031 2030//2026
f 2030//2026 2035//2031 2049//2045
f 2037//2033 2029//2025 2014//2010
f 2029//2025 2050//2046 2036//2032
f 1834//1830 2039//2035 2027//2023
f 2027//2023 2039//2035 2051//2047
f 2027//2023 2051//2047 2016//2012
f 2016//2012 2051//2047 2052//2048
f 2016//2012 2052//2048 1836//1832
f 2033//2029 2026//2022 2025//2021
f 2053//2049 2024//2020 2023//2019
f 2034//2030 2043//2039 2023//2019
f 2023//2019 2043//2039 2053//2049
f 2053//2049 2041//2037 2024//2020
f 2032//2028 1826//1822 1828//1824
f 1826//1822 2054//2050 2022//2018
f 2032//2028 2021//2017 2022//2018
f 2032//2028 2022//2018 2054//2050
f 2057//2053 2041//2037 1833//1829
f 1833//1829 2041//2037 1831//1827
f 2057//2053 2055//2051 2041//2037
f 2041//2037 2055//2051 2024//2020
f 1833//1829 2025//2021 2057//2053
f 2055//2051 2056//2052 2024//2020
f 2024//2020 2056//2052 2025//2021
f 2025//2021 2056//2052 2057//2053
f 1837//1833 2037//2033 2014//2010
f 2058//2054 1842//1838 2048//2044
f 2048//2044 1842//1838 1819//1815
f 2058//2054 2030//2026 1842//1838
f 2048//2044 2017//2013 2059//2055
f 2048//2044 2059//2055 2058//2054
f 2058//2054 2018//2014 2030//2026
f 2017//2013 2018//2014 2059//2055
f 2017//2013 1821//1817 2019//2015
f 2060//2056 2044//2040 1826//1822
f 1826//1822 2044//2040 1824//1820
f 1826//1822 2022//2018 2060//2056
f 2061//2057 2020//2016 2044//2040
f 2061//2057 2044//2040 2060//2056
f 2020//2016 2061//2057 2022//2018
f 2021//2017 2032//2028 1828//1824
f 2021//2017 1828//1824 2023//2019
f 2026//2022 2033//2029 1833//1829
f 2026//2022 1833//1829 2040//2036
f 1834//1830 2027//2023 2038//2034
f 1899//1895 1901//1897 2062//2058
f 2062//2058 1901//1897 2064//2060
f 2063//2059 2073//2069 2064//2060
f 2064//2060 2073//2069 2062//2058
f 1814//1810 1813//1809 2065//2061
f 2065//2061 1813//1809 2066//2062
f 2065//2061 2066//2062 2067//2063
f 2067//2063 2066//2062 2068//2064
f 2067//2063 2068//2064 1818//1814
f 1891//1887 2070//2066 2069//2065
f 2069//2065 2070//2066 2071//2067
f 2069//2065 2071//2067 2072//2068
f 1891//1887 2069//2065 1865//1861
f 2079//2075 2062//2058 2073//2069
f 2074//2070 2073//2069 1816//1812
f 2075//2071 1817//1813 2076//2072
f 2074//2070 2079//2075 2073//2069
f 2074//2070 1816//1812 1814//1810
f 2065//2061 2078//2074 1814//1810
f 1817//1813 2071//2067 2076//2072
f 2076//2072 2071//2067 2070//2066
f 2080//2076 2081//2077 2082//2078
f 2082//2078 2067//2063 1818//1814
f 2078//2074 2065//2061 2067//2063
f 2078//2074 2067//2063 2077//2073
f 2082//2078 2081//2077 2067//2063
f 2067//2063 2081//2077 2077//2073
f 1817//1813 2075//2071 1818//1814
f 1818//1814 2075//2071 2080//2076
f 2078//2074 2077//2073 2083//2079
f 2083//2079 2077//2073 2084//2080
f 2083//2079 2084//2080 2085//2081
f 2083//2079 2085//2081 1814//1810
f 1814//1810 2085//2081 2074//2070
f 2074//2070 2085//2081 2086//2082
f 2074//2070 2086//2082 2075//2071
f 2075//2071 2086//2082 2080//2076
f 2082//2078 2087//2083 2080//2076
f 2080//2076 2087//2083 1818//1814
f 2009//2005 2007//2003 2091//2087
f 2089//2085 2088//2084 2003//1999
f 2066//2062 2092//2088 2068//2064
f 2068//2064 2092//2088 2093//2089
f 2090//2086 1813//1809 1815//1811
f 2090//2086 1815//1811 2009//2005
f 1813//1809 2090//2086 2091//2087
f 2003//1999 2011//2007 1815//1811
f 2068//2064 2093//2089 2094//2090
f 2068//2064 2094//2090 2114//2110
f 2114//2110 2094//2090 2092//2088
f 2114//2110 2092//2088 2004//2000
f 2088//2084 2114//2110 2003//1999
f 2003//1999 2114//2110 2004//2000
f 1813//1809 2091//2087 2007//2003
f 1813//1809 2007//2003 2066//2062
f 2092//2088 2066//2062 2007//2003
f 2088//2084 2089//2085 1815//1811
f 1815//1811 2089//2085 2095//2091
f 1815//1811 2095//2091 2003//1999
f 2011//2007 2009//2005 1815//1811
f 2045//2041 1853//1849 2020//2016
f 2020//2016 1853//1849 1850//1846
f 2020//2016 1850//1846 2044//2040
f 1850//1846 1825//1821 2044//2040
f 2044//2040 1825//1821 1823//1819
f 2044//2040 1823//1819 2045//2041
f 2045//2041 1823//1819 1853//1849
f 2017//2013 1852//1848 1851//1847
f 2017//2013 1851//1847 2047//2043
f 2017//2013 2048//2044 1852//1848
f 2047//2043 1851//1847 1820//1816
f 2047//2043 1820//1816 2048//2044
f 2048//2044 1820//1816 1852//1848
f 2030//2026 1868//1864 1861//1857
f 2030//2026 1861//1857 1842//1838
f 1842//1838 1861//1857 2096//2092
f 1842//1838 2096//2092 2049//2045
f 2030//2026 2049//2045 1868//1864
f 2096//2092 1861//1857 1843//1839
f 2096//2092 1843//1839 2049//2045
f 2049//2045 1843//1839 1848//1844
f 2049//2045 1848//1844 1868//1864
f 2037//2033 2097//2093 2029//2025
f 2029//2025 2097//2093 1873//1869
f 2029//2025 1873//1869 2050//2046
f 2050//2046 1841//1837 2037//2033
f 2037//2033 1841//1837 1839//1835
f 2037//2033 1839//1835 2097//2093
f 2097//2093 1839//1835 1873//1869
f 2050//2046 1873//1869 1841//1837
f 2039//2035 1845//1841 2051//2047
f 2052//2048 1835//1831 2039//2035
f 2039//2035 1835//1831 1845//1841
f 1845//1841 1872//1868 2051//2047
f 2051//2047 1872//1868 2052//2048
f 2052//2048 1872//1868 1838//1834
f 2052//2048 1838//1834 1835//1831
f 1833//1829 2098//2094 2025//2021
f 2025//2021 2098//2094 1864//1860
f 2025//2021 1864//1860 1862//1858
f 2025//2021 1862//1858 2033//2029
f 2033//2029 1862//1858 1859//1855
f 2033//2029 1859//1855 1833//1829
f 1833//1829 1859//1855 2098//2094
f 2098//2094 1832//1828 1864//1860
f 2098//2094 1859//1855 1832//1828
f 2053//2049 1866//1862 2041//2037
f 2041//2037 1866//1862 2042//2038
f 2043//2039 1829//1825 1857//1853
f 2043//2039 1857//1853 2053//2049
f 2053//2049 1857//1853 1866//1862
f 1866//1862 1849//1845 2042//2038
f 2042//2038 1849//1845 1829//1825
f 2042//2038 1829//1825 2043//2039
f 1826//1822 2099//2095 2054//2050
f 2032//2028 2054//2050 1855//1851
f 2032//2028 1855//1851 1826//1822
f 1826//1822 1855//1851 2099//2095
f 2054//2050 1854//1850 1855//1851
f 1855//1851 1827//1823 2099//2095
f 2099//2095 1827//1823 2054//2050
f 2054//2050 1827//1823 1854//1850
f 1913//1909 1936//1932 1922//1918
f 1913//1909 1922//1918 1911//1907
f 2100//2096 2075//2071 2076//2072
f 1895//1891 2079//2075 1896//1892
f 1896//1892 2079//2075 2074//2070
f 1896//1892 2074//2070 2102//2098
f 1896//1892 2102//2098 2101//2097
f 2101//2097 2102//2098 2100//2096
f 2100//2096 2102//2098 2075//2071
f 1936//1932 1913//1909 1933//1929
f 1933//1929 1913//1909 1917//1913
f 1935//1931 1912//1908 1922//1918
f 1922//1918 1912//1908 1911//1907
f 1912//1908 1935//1931 1917//1913
f 1917//1913 1935//1931 1933//1929
f 1941//1937 1903//1899 1943//1939
f 1943//1939 1903//1899 1882//1878
f 1940//1936 1898//1894 1941//1937
f 1941//1937 1898//1894 1903//1899
f 1943//1939 1882//1878 1938//1934
f 1938//1934 1882//1878 1900//1896
f 1900//1896 1921//1917 1938//1934
f 1947//1943 1888//1884 1948//1944
f 1948//1944 1888//1884 1889//1885
f 1893//1889 1944//1940 1889//1885
f 1889//1885 1944//1940 1948//1944
f 1944//1940 1893//1889 1946//1942
f 1946//1942 1893//1889 1892//1888
f 1931//1927 1906//1902 1929//1925
f 1929//1925 1906//1902 1904//1900
f 1908//1904 1926//1922 1929//1925
f 1908//1904 1929//1925 1904//1900
f 1926//1922 1908//1904 1923//1919
f 1923//1919 1908//1904 1910//1906
f 2012//2008 2002//1998 2086//2082
f 2086//2082 2002//1998 2080//2076
f 2002//1998 2005//2001 2080//2076
f 2080//2076 2005//2001 2081//2077
f 2081//2077 2005//2001 2006//2002
f 2081//2077 2006//2002 2077//2073
f 2077//2073 2006//2002 2008//2004
f 2077//2073 2008//2004 2084//2080
f 2084//2080 2008//2004 2010//2006
f 2084//2080 2010//2006 2085//2081
f 2085//2081 2010//2006 2012//2008
f 2012//2008 2086//2082 2085//2081
f 2095//2091 2074//2070 2075//2071
f 2095//2091 2075//2071 2003//1999
f 2089//2085 2075//2071 2102//2098
f 2003//1999 2075//2071 2089//2085
f 2089//2085 2102//2098 2095//2091
f 2095//2091 2102//2098 2074//2070
f 2087//2083 2094//2090 1818//1814
f 1818//1814 2094//2090 2093//2089
f 1818//1814 2093//2089 2082//2078
f 2082//2078 2093//2089 2092//2088
f 2082//2078 2092//2088 2087//2083
f 2087//2083 2092//2088 2094//2090
f 2083//2079 2090//2086 2009//2005
f 2083//2079 2009//2005 2078//2074
f 2078//2074 2009//2005 2091//2087
f 2078//2074 2091//2087 1814//1810
f 1814//1810 2091//2087 2090//2086
f 1814//1810 2090//2086 2083//2079
f 1936//1932 2031//2027 1922//1918
f 2031//2027 1928//1924 1922//1918
f 1931//1927 1928//1924 2000//1996
f 2103//2099 1822//1818 2046//2042
f 2103//2099 2046//2042 2104//2100
f 2104//2100 2046//2042 2019//2015
f 2104//2100 2019//2015 1821//1817
f 2104//2100 1821//1817 1822//1818
f 2103//2099 2104//2100 1822//1818
f 2105//2101 2022//2018 2061//2057
f 2106//2102 2061//2057 2060//2056
f 2106//2102 2060//2056 2105//2101
f 2105//2101 2060//2056 2022//2018
f 2106//2102 2105//2101 2061//2057
f 2107//2103 2058//2054 2059//2055
f 2107//2103 2059//2055 2018//2014
f 2018//2014 2058//2054 2107//2103
f 2108//2104 2028//2024 2036//2032
f 2108//2104 2036//2032 1840//1836
f 2108//2104 1840//1836 2035//2031
f 2108//2104 2035//2031 2028//2024
f 2109//2105 2016//2012 1836//1832
f 2109//2105 1836//1832 2110//2106
f 2110//2106 1836//1832 1837//1833
f 2110//2106 1837//1833 2014//2010
f 2110//2106 2014//2010 2109//2105
f 2040//2036 1834//1830 2111//2107
f 2111//2107 1834//1830 2038//2034
f 2026//2022 2040//2036 2111//2107
f 2111//2107 2038//2034 2026//2022
f 2055//2051 2057//2053 2112//2108
f 2112//2108 2057//2053 2056//2052
f 2112//2108 2056//2052 2055//2051
f 2113//2109 2034//2030 2023//2019
f 2113//2109 2023//2019 1828//1824
f 2113//2109 1828//1824 1830//1826
f 2113//2109 1830//1826 2034//2030
f 2072//2068 2071//2067 1817//1813
f 2072//2068 1817//1813 2114//2110
f 2073//2069 2063//2059 2115//2111
f 2073//2069 2115//2111 1816//1812
f 1886//1882 1987//1983 1997//1993
f 1997//1993 1989//1985 1886//1882
f 1919//1915 1966//1962 1956//1952
f 1945//1941 1887//1883 1949//1945
f 1949//1945 1887//1883 1927//1923
f 1927//1923 1887//1883 1886//1882
f 1927//1923 1886//1882 1989//1985
f 1927//1923 1989//1985 1925//1921
f 1956//1952 1954//1950 1919//1915
f 1919//1915 1954//1950 1951//1947
f 1951//1947 1954//1950 1920//1916
f 1920//1916 1954//1950 1881//1877
f 1920//1916 1881//1877 1883//1879
f 1920//1916 1883//1879 1942//1938
f 1942//1938 1883//1879 1897//1893
f 1942//1938 1897//1893 1894//1890
f 1942//1938 1894//1890 1945//1941
f 1945//1941 1894//1890 1902//1898
f 1945//1941 1902//1898 1887//1883
f 1989//1985 1909//1905 1925//1921
f 1925//1921 1909//1905 1907//1903
f 1925//1921 1907//1903 1930//1926
f 1930//1926 1907//1903 1905//1901
f 1930//1926 1905//1901 1932//1928
f 1932//1928 1905//1901 1918//1914
f 1932//1928 1918//1914 1934//1930
f 1934//1930 1918//1914 1916//1912
f 1934//1930 1916//1912 1951//1947
f 1951//1947 1916//1912 1919//1915
f 1977//1973 2116//2112 1968//1964
f 1968//1964 2116//2112 2117//2113
f 1968//1964 2117//2113 1969//1965
f 1969//1965 2117//2113 2118//2114
f 1969//1965 2118//2114 1977//1973
f 1977//1973 2118//2114 2116//2112
f 2117//2113 2116//2112 2118//2114
f 1998//1994 2121//2117 2119//2115
f 1998//1994 2119//2115 1994//1990
f 1994//1990 2119//2115 2120//2116
f 1994//1990 2120//2116 1990//1986
f 1990//1986 2120//2116 2121//2117
f 1990//1986 2121//2117 1998//1994
f 2119//2115 2121//2117 2120//2116
f 2015//2011 2122//2118 2013//2009
f 2014//2010 2123//2119 2124//2120
f 2014//2010 2124//2120 2109//2105
f 2016//2012 2109//2105 2124//2120
f 2016//2012 2124//2120 2125//2121
f 2015//2011 2016//2012 2125//2121
f 2015//2011 2125//2121 2122//2118
f 2122//2118 2125//2121 2126//2122
f 2122//2118 2126//2122 2123//2119
f 2122//2118 2123//2119 2013//2009
f 2013//2009 2123//2119 2014//2010
f 2125//2121 1879//1875 1871//1867
f 2125//2121 1871//1867 2126//2122
f 2126//2122 1871//1867 1875//1871
f 2126//2122 1875//1871 2127//2123
f 2127//2123 1875//1871 1880//1876
f 2124//2120 1879//1875 2125//2121
f 2123//2119 2126//2122 2127//2123
f 2123//2119 2127//2123 1880//1876
f 2123//2119 1880//1876 2124//2120
f 2124//2120 1880//1876 1879//1875
f 1874//1870 1914//1910 2129//2125
f 1874//1870 2129//2125 1841//1837
f 1915//1911 1846//1842 2128//2124
f 1914//1910 1915//1911 2129//2125
f 2129//2125 1915//1911 2128//2124
f 1885//1881 1844//1840 2131//2127
f 2131//2127 1844//1840 1845//1841
f 2130//2126 1858//1854 1884//1880
f 1884//1880 1858//1854 1901//1897
f 1884//1880 1885//1881 2130//2126
f 2130//2126 1885//1881 2131//2127
f 2130//2126 2131//2127 1845//1841
f 2130//2126 1845//1841 1858//1854
f 2128//2124 1848//1844 1841//1837
f 1841//1837 2129//2125 2128//2124
f 2128//2124 1846//1842 1848//1844
f 1960//1956 1973//1969 1962//1958
f 1962//1958 1973//1969 1972//1968
f 1962//1958 1972//1968 1957//1953
f 1957//1953 1972//1968 1974//1970
f 1957//1953 1974//1970 1960//1956
f 1960//1956 1974//1970 1973//1969
f 2072//2068 2132//2128 2069//2065
f 2064//2060 2133//2129 2063//2059
f 2063//2059 2134//2130 2115//2111
f 2063//2059 2133//2129 2072//2068
f 2072//2068 2133//2129 2132//2128
f 2114//2110 2134//2130 2072//2068
f 2072//2068 2134//2130 2063//2059
f 1865//1861 2069//2065 2132//2128
f 1865//1861 2132//2128 1863//1859
f 1863//1859 2132//2128 2133//2129
f 1863//1859 2133//2129 1860//1856
f 1860//1856 2133//2129 2064//2060
f 1860//1856 2064//2060 1901//1897
f 2115//2111 2134//2130 1815//1811
f 1815//1811 2134//2130 2088//2084
f 2088//2084 2134//2130 2114//2110
f 1899//1895 2062//2058 2079//2075
f 1899//1895 2079//2075 1895//1891
f 1890//1886 2076//2072 1891//1887
f 1891//1887 2076//2072 2070//2066
f 1890//1886 2100//2096 2076//2072
f 1981//1977 1992//1988 1996//1992
f 1981//1977 1996//1992 1984//1980
f 1984//1980 1996//1992 1995//1991
f 1984//1980 1995//1991 1980//1976
f 1980//1976 1995//1991 1981//1977
f 1981//1977 1995//1991 1992//1988
f 1986//1982 1988//1984 1999//1995
f 1986//1982 1999//1995 1983//1979
f 1983//1979 1999//1995 1993//1989
f 1983//1979 1993//1989 1982//1978
f 1982//1978 1993//1989 1991//1987
f 1982//1978 1991//1987 1986//1982
f 1986//1982 1991//1987 1988//1984
f 1955//1951 1965//1961 1953//1949
f 1953//1949 1965//1961 1971//1967
f 1953//1949 1971//1967 1963//1959
f 1963//1959 1971//1967 1967//1963
f 1963//1959 1967//1963 1955//1951
f 1955//1951 1967//1963 1965//1961
f 1959//1955 1979//1975 1964//1960
f 1964//1960 1979//1975 1978//1974
f 1964//1960 1978//1974 1961//1957
f 1961//1957 1978//1974 1976//1972
f 1961//1957 1976//1972 1959//1955
f 1959//1955 1976//1972 1970//1966
f 1959//1955 1970//1966 1979//1975
f 1958//1954 1956//1952 1975//1971
f 1975//1971 1956//1952 1966//1962
f 1987//1983 1985//1981 1997//1993
f 1997//1993 1985//1981 1876//1872
f 2135//2131 2138//2134 2139//2135
f 2140//2136 2141//2137 2142//2138
f 2142//2138 2141//2137 2143//2139
f 2139//2135 2138//2134 2143//2139
f 2139//2135 2141//2137 2135//2131
f 2135//2131 2141//2137 2140//2136
f 2138//2134 2142//2138 2143//2139
f 2145//2141 2146//2142 2147//2143
f 2145//2141 2147//2143 2148//2144
f 2148//2144 2147//2143 2149//2145
f 2148//2144 2149//2145 2155//2151
f 2153//2149 2155//2151 2149//2145
f 2153//2149 2149//2145 2151//2147
f 2154//2150 2159//2155 2146//2142
f 2154//2150 2146//2142 2145//2141
f 2144//2140 2145//2141 2148//2144
f 2144//2140 2148//2144 2152//2148
f 2152//2148 2148//2144 2156//2152
f 2157//2153 2158//2154 2144//2140
f 2144//2140 2158//2154 2145//2141
f 2145//2141 2158//2154 2150//2146
f 2160//2156 2155//2151 2162//2158
f 2148//2144 2155//2151 2160//2156
f 2144//2140 2164//2160 2157//2153
f 2157//2153 2164//2160 2161//2157
f 2153//2149 2151//2147 2163//2159
f 2157//2153 2166//2162 2165//2161
f 2161//2157 2167//2163 2157//2153
f 2157//2153 2167//2163 2166//2162
f 2168//2164 2169//2165 2160//2156
f 2160//2156 2169//2165 2148//2144
f 2160//2156 2162//2158 2168//2164
f 2168//2164 2162//2158 2170//2166
f 2171//2167 2172//2168 2173//2169
f 2173//2169 2172//2168 2174//2170
f 2173//2169 2174//2170 2175//2171
f 2173//2169 2175//2171 2176//2172
f 2176//2172 2175//2171 2171//2167
f 2171//2167 2175//2171 2172//2168
f 2177//2173 2178//2174 2179//2175
f 2179//2175 2178//2174 2180//2176
f 2179//2175 2180//2176 2181//2177
f 2181//2177 2180//2176 2182//2178
f 2181//2177 2182//2178 2177//2173
f 2177//2173 2182//2178 2178//2174
f 2183//2179 2143//2139 2141//2137
f 2183//2179 2141//2137 2184//2180
f 2184//2180 2141//2137 2185//2181
f 2185//2181 2141//2137 2139//2135
f 2185//2181 2139//2135 2143//2139
f 2185//2181 2143//2139 2183//2179
f 2189//2185 2187//2183 2188//2184
f 2142//2138 2191//2187 2140//2136
f 2140//2136 2191//2187 2137//2133
f 2137//2133 2191//2187 2192//2188
f 2137//2133 2192//2188 2153//2149
f 2193//2189 2170//2166 2194//2190
f 2194//2190 2155//2151 2193//2189
f 2191//2187 2142//2138 2198//2194
f 2198//2194 2142//2138 2159//2155
f 2198//2194 2159//2155 2154//2150
f 2198//2194 2154//2150 2199//2195
f 2199//2195 2154//2150 2145//2141
f 2199//2195 2145//2141 2200//2196
f 2200//2196 2145//2141 2189//2185
f 2189//2185 2145//2141 2150//2146
f 2189//2185 2150//2146 2190//2186
f 2189//2185 2190//2186 2187//2183
f 2166//2162 2201//2197 2188//2184
f 2166//2162 2188//2184 2187//2183
f 2166//2162 2187//2183 2165//2161
f 2167//2163 2202//2198 2166//2162
f 2166//2162 2202//2198 2201//2197
f 2197//2193 2196//2192 2203//2199
f 2197//2193 2203//2199 2161//2157
f 2161//2157 2203//2199 2167//2163
f 2167//2163 2203//2199 2202//2198
f 2170//2166 2193//2189 2204//2200
f 2170//2166 2204//2200 2195//2191
f 2195//2191 2204//2200 2156//2152
f 2156//2152 2204//2200 2152//2148
f 2152//2148 2204//2200 2186//2182
f 2186//2182 2204//2200 2196//2192
f 2186//2182 2196//2192 2197//2193
f 2206//2202 2192//2188 2191//2187
f 2206//2202 2191//2187 2208//2204
f 2207//2203 2209//2205 2248//2244
f 2201//2197 2202//2198 2210//2206
f 2205//2201 2203//2199 2196//2192
f 2205//2201 2196//2192 2204//2200
f 2205//2201 2204//2200 2211//2207
f 2211//2207 2204//2200 2193//2189
f 2211//2207 2193//2189 2212//2208
f 2208//2204 2191//2187 2207//2203
f 2208//2204 2207//2203 2248//2244
f 2205//2201 2213//2209 2203//2199
f 2203//2199 2213//2209 2202//2198
f 2202//2198 2213//2209 2210//2206
f 2213//2209 2214//2210 2263//2259
f 2201//2197 2210//2206 2188//2184
f 2188//2184 2210//2206 2215//2211
f 2210//2206 2213//2209 2263//2259
f 2207//2203 2191//2187 2198//2194
f 2207//2203 2198//2194 2216//2212
f 2216//2212 2198//2194 2199//2195
f 2216//2212 2199//2195 2200//2196
f 2216//2212 2200//2196 2217//2213
f 2217//2213 2200//2196 2189//2185
f 2217//2213 2189//2185 2218//2214
f 2218//2214 2189//2185 2188//2184
f 2218//2214 2188//2184 2215//2211
f 2217//2213 2218//2214 2221//2217
f 2215//2211 2222//2218 2218//2214
f 2218//2214 2222//2218 2284//2280
f 2218//2214 2284//2280 2221//2217
f 2224//2220 2225//2221 2223//2219
f 2223//2219 2225//2221 2226//2222
f 2225//2221 2227//2223 2226//2222
f 2227//2223 2228//2224 2226//2222
f 2226//2222 2228//2224 2229//2225
f 2228//2224 2230//2226 2229//2225
f 2229//2225 2230//2226 2269//2265
f 2269//2265 2230//2226 2232//2228
f 2269//2265 2232//2228 2231//2227
f 2231//2227 2216//2212 2233//2229
f 2233//2229 2216//2212 2217//2213
f 2309//2305 2233//2229 2217//2213
f 2309//2305 2217//2213 2221//2217
f 2220//2216 2234//2230 2260//2256
f 2260//2256 2234//2230 2210//2206
f 2235//2231 2236//2232 2212//2208
f 2212//2208 2236//2232 2211//2207
f 2211//2207 2236//2232 2237//2233
f 2211//2207 2237//2233 2205//2201
f 2205//2201 2237//2233 2238//2234
f 2205//2201 2238//2234 2213//2209
f 2213//2209 2238//2234 2239//2235
f 2213//2209 2239//2235 2220//2216
f 2220//2216 2239//2235 2234//2230
f 2210//2206 2234//2230 2215//2211
f 2223//2219 2222//2218 2224//2220
f 2224//2220 2222//2218 2215//2211
f 2224//2220 2215//2211 2234//2230
f 2231//2227 2232//2228 2216//2212
f 2216//2212 2232//2228 2207//2203
f 2207//2203 2232//2228 2240//2236
f 2207//2203 2240//2236 2219//2215
f 2240//2236 2241//2237 2219//2215
f 2219//2215 2241//2237 2244//2240
f 2244//2240 2241//2237 2208//2204
f 2208//2204 2241//2237 2206//2202
f 2242//2238 2206//2202 2241//2237
f 2208//2204 2243//2239 2244//2240
f 2243//2239 2245//2241 2244//2240
f 2244//2240 2245//2241 2246//2242
f 2246//2242 2245//2241 2247//2243
f 2246//2242 2247//2243 2248//2244
f 2248//2244 2247//2243 2243//2239
f 2248//2244 2243//2239 2208//2204
f 2207//2203 2249//2245 2209//2205
f 2219//2215 2250//2246 2207//2203
f 2207//2203 2250//2246 2249//2245
f 2209//2205 2249//2245 2251//2247
f 2209//2205 2251//2247 2252//2248
f 2252//2248 2251//2247 2250//2246
f 2250//2246 2219//2215 2252//2248
f 2257//2253 2253//2249 2220//2216
f 2254//2250 2256//2252 2255//2251
f 2220//2216 2253//2249 2213//2209
f 2213//2209 2253//2249 2214//2210
f 2214//2210 2253//2249 2256//2252
f 2254//2250 2255//2251 2257//2253
f 2254//2250 2257//2253 2220//2216
f 2256//2252 2254//2250 2214//2210
f 2258//2254 2259//2255 2210//2206
f 2210//2206 2259//2255 2260//2256
f 2260//2256 2259//2255 2261//2257
f 2260//2256 2261//2257 2262//2258
f 2262//2258 2261//2257 2263//2259
f 2263//2259 2261//2257 2258//2254
f 2263//2259 2258//2254 2210//2206
f 2266//2262 2223//2219 2267//2263
f 2223//2219 2266//2262 2268//2264
f 2223//2219 2226//2222 2267//2263
f 2229//2225 2267//2263 2226//2222
f 2267//2263 2229//2225 2269//2265
f 2270//2266 2271//2267 2272//2268
f 2273//2269 2274//2270 2271//2267
f 2271//2267 2274//2270 2272//2268
f 2273//2269 2275//2271 2274//2270
f 2276//2272 2275//2271 2273//2269
f 2276//2272 2277//2273 2275//2271
f 2278//2274 2277//2273 2276//2272
f 2278//2274 2279//2275 2277//2273
f 2280//2276 2281//2277 2278//2274
f 2278//2274 2281//2277 2279//2275
f 2280//2276 2308//2304 2281//2277
f 2270//2266 2282//2278 2280//2276
f 2280//2276 2282//2278 2308//2304
f 2270//2266 2272//2268 2282//2278
f 2284//2280 2222//2218 2285//2281
f 2231//2227 2233//2229 2286//2282
f 2283//2279 2287//2283 2285//2281
f 2286//2282 2233//2229 2265//2261
f 2289//2285 2288//2284 2290//2286
f 2290//2286 2288//2284 2286//2282
f 2286//2282 2291//2287 2292//2288
f 2295//2291 2293//2289 2294//2290
f 2295//2291 2294//2290 2296//2292
f 2291//2287 2288//2284 2292//2288
f 2292//2288 2288//2284 2289//2285
f 2292//2288 2289//2285 2283//2279
f 2264//2260 2284//2280 2285//2281
f 2287//2283 2283//2279 2295//2291
f 2285//2281 2287//2283 2296//2292
f 2293//2289 2295//2291 2283//2279
f 2293//2289 2283//2279 2289//2285
f 2296//2292 2294//2290 2297//2293
f 2296//2292 2297//2293 2285//2281
f 2285//2281 2297//2293 2264//2260
f 2290//2286 2286//2282 2265//2261
f 2290//2286 2265//2261 2298//2294
f 2298//2294 2265//2261 2264//2260
f 2298//2294 2264//2260 2297//2293
f 2285//2281 2299//2295 2300//2296
f 2285//2281 2300//2296 2283//2279
f 2283//2279 2300//2296 2301//2297
f 2283//2279 2301//2297 2292//2288
f 2292//2288 2301//2297 2302//2298
f 2292//2288 2302//2298 2286//2282
f 2269//2265 2231//2227 2267//2263
f 2267//2263 2231//2227 2286//2282
f 2267//2263 2286//2282 2303//2299
f 2303//2299 2286//2282 2302//2298
f 2268//2264 2299//2295 2285//2281
f 2268//2264 2285//2281 2223//2219
f 2223//2219 2285//2281 2222//2218
f 2277//2273 2266//2262 2306//2302
f 2277//2273 2306//2302 2275//2271
f 2305//2301 2304//2300 2266//2262
f 2266//2262 2304//2300 2306//2302
f 2279//2275 2268//2264 2277//2273
f 2277//2273 2268//2264 2266//2262
f 2274//2270 2303//2299 2307//2303
f 2304//2300 2305//2301 2303//2299
f 2300//2296 2299//2295 2308//2304
f 2300//2296 2308//2304 2301//2297
f 2302//2298 2307//2303 2303//2299
f 2274//2270 2307//2303 2272//2268
f 2282//2278 2301//2297 2308//2304
f 2279//2275 2281//2277 2268//2264
f 2268//2264 2281//2277 2299//2295
f 2275//2271 2304//2300 2274//2270
f 2274//2270 2304//2300 2303//2299
f 2282//2278 2272//2268 2301//2297
f 2301//2297 2272//2268 2302//2298
f 2267//2263 2303//2299 2305//2301
f 2267//2263 2305//2301 2266//2262
f 2309//2305 2265//2261 2233//2229
f 2221//2217 2284//2280 2264//2260
f 2294//2290 2278//2274 2297//2293
f 2297//2293 2278//2274 2276//2272
f 2290//2286 2276//2272 2273//2269
f 2290//2286 2273//2269 2289//2285
f 2289//2285 2273//2269 2271//2267
f 2289//2285 2271//2267 2270//2266
f 2293//2289 2270//2266 2280//2276
f 2293//2289 2280//2276 2294//2290
f 2294//2290 2280//2276 2278//2274
f 2290//2286 2298//2294 2276//2272
f 2276//2272 2298//2294 2297//2293
f 2270//2266 2293//2289 2289//2285
f 2265//2261 2304//2300 2275//2271
f 2306//2302 2265//2261 2275//2271
f 2306//2302 2264//2260 2265//2261
f 2304//2300 2264//2260 2306//2302
f 2304//2300 2265//2261 2310//2306
f 2304//2300 2310//2306 2264//2260
f 2288//2284 2307//2303 2286//2282
f 2286//2282 2307//2303 2291//2287
f 2291//2287 2307//2303 2302//2298
f 2291//2287 2302//2298 2288//2284
f 2288//2284 2302//2298 2272//2268
f 2288//2284 2272//2268 2307//2303
f 2296//2292 2281//2277 2295//2291
f 2295//2291 2281//2277 2308//2304
f 2295//2291 2308//2304 2287//2283
f 2287//2283 2308//2304 2299//2295
f 2287//2283 2299//2295 2296//2292
f 2296//2292 2299//2295 2281//2277
f 2237//2233 2313//2309 2314//2310
f 2234//2230 2239//2235 2315//2311
f 2315//2311 2239//2235 2238//2234
f 2316//2312 2227//2223 2315//2311
f 2315//2311 2227//2223 2224//2220
f 2315//2311 2224//2220 2234//2230
f 2237//2233 2314//2310 2238//2234
f 2230//2226 2317//2313 2232//2228
f 2232//2228 2317//2313 2240//2236
f 2238//2234 2314//2310 2315//2311
f 2315//2311 2314//2310 2318//2314
f 2315//2311 2318//2314 2312//2308
f 2240//2236 2317//2313 2242//2238
f 2242//2238 2317//2313 2319//2315
f 2237//2233 2235//2231 2320//2316
f 2227//2223 2316//2312 2230//2226
f 2230//2226 2316//2312 2312//2308
f 2230//2226 2312//2308 2317//2313
f 2312//2308 2311//2307 2317//2313
f 2320//2316 2321//2317 2319//2315
f 2319//2315 2321//2317 2242//2238
f 2311//2307 2312//2308 2318//2314
f 2311//2307 2318//2314 2319//2315
f 2319//2315 2318//2314 2313//2309
f 2319//2315 2313//2309 2320//2316
f 2313//2309 2237//2233 2320//2316
f 2246//2242 2252//2248 2244//2240
f 2244//2240 2252//2248 2219//2215
f 2262//2258 2254//2250 2260//2256
f 2260//2256 2254//2250 2220//2216
f 2151//2147 2149//2145 2135//2131
f 2135//2131 2149//2145 2136//2132
f 2135//2131 2140//2136 2151//2147
f 2151//2147 2140//2136 2163//2159
f 2137//2133 2153//2149 2140//2136
f 2140//2136 2153//2149 2163//2159
f 2170//2166 2162//2158 2194//2190
f 2194//2190 2162//2158 2155//2151
f 2135//2131 2136//2132 2147//2143
f 2147//2143 2136//2132 2149//2145
f 2156//2152 2148//2144 2195//2191
f 2195//2191 2148//2144 2169//2165
f 2168//2164 2195//2191 2169//2165
f 2195//2191 2168//2164 2170//2166
f 2242//2238 2241//2237 2240//2236
f 2230//2226 2228//2224 2227//2223
f 2227//2223 2225//2221 2224//2220
f 2237//2233 2236//2232 2235//2231
f 2221//2217 2264//2260 2310//2306
f 2309//2305 2310//2306 2265//2261
f 2221//2217 2310//2306 2309//2305
f 2192//2188 2206//2202 2242//2238
f 2321//2317 2153//2149 2242//2238
f 2242//2238 2153//2149 2192//2188
f 2321//2317 2320//2316 2153//2149
f 2153//2149 2320//2316 2155//2151
f 2155//2151 2320//2316 2235//2231
f 2155//2151 2235//2231 2193//2189
f 2235//2231 2212//2208 2193//2189
f 2135//2131 2147//2143 2138//2134
f 2138//2134 2147//2143 2146//2142
f 2138//2134 2146//2142 2159//2155
f 2138//2134 2159//2155 2142//2138
f 2180//2176 2186//2182 2197//2193
f 2180//2176 2197//2193 2182//2178
f 2182//2178 2197//2193 2322//2318
f 2182//2178 2322//2318 2178//2174
f 2178//2174 2322//2318 2323//2319
f 2178//2174 2323//2319 2180//2176
f 2180//2176 2323//2319 2186//2182
f 2197//2193 2161//2157 2164//2160
f 2197//2193 2164//2160 2322//2318
f 2322//2318 2164//2160 2144//2140
f 2322//2318 2144//2140 2323//2319
f 2323//2319 2144//2140 2152//2148
f 2323//2319 2152//2148 2186//2182
f 2175//2171 2187//2183 2172//2168
f 2172//2168 2187//2183 2190//2186
f 2172//2168 2190//2186 2324//2320
f 2172//2168 2324//2320 2174//2170
f 2174//2170 2324//2320 2325//2321
f 2174//2170 2325//2321 2175//2171
f 2175//2171 2325//2321 2187//2183
f 2190//2186 2150//2146 2324//2320
f 2324//2320 2150//2146 2158//2154
f 2324//2320 2158//2154 2325//2321
f 2325//2321 2158//2154 2157//2153
f 2325//2321 2157//2153 2165//2161
f 2325//2321 2165//2161 2187//2183
f 2184//2180 2319//2315 2183//2179
f 2183//2179 2319//2315 2317//2313
f 2183//2179 2317//2313 2185//2181
f 2185//2181 2317//2313 2311//2307
f 2185//2181 2311//2307 2184//2180
f 2184//2180 2311//2307 2319//2315
f 2179//2175 2181//2177 2326//2322
f 2326//2322 2313//2309 2179//2175
f 2179//2175 2313//2309 2177//2173
f 2177//2173 2313//2309 2318//2314
f 2177//2173 2318//2314 2314//2310
f 2177//2173 2314//2310 2181//2177
f 2181//2177 2314//2310 2326//2322
f 2326//2322 2314//2310 2313//2309
f 2171//2167 2327//2323 2176//2172
f 2176//2172 2315//2311 2173//2169
f 2173//2169 2315//2311 2312//2308
f 2173//2169 2312//2308 2171//2167
f 2171//2167 2312//2308 2316//2312
f 2171//2167 2316//2312 2327//2323
f 2327//2323 2316//2312 2315//2311
f 2327//2323 2315//2311 2176//2172
f 2259//2255 2253//2249 2257//2253
f 2259//2255 2257//2253 2261//2257
f 2261//2257 2257//2253 2255//2251
f 2261//2257 2255//2251 2258//2254
f 2258//2254 2255//2251 2256//2252
f 2258//2254 2256//2252 2253//2249
f 2258//2254 2253//2249 2259//2255
f 2251//2247 2247//2243 2250//2246
f 2250//2246 2247//2243 2245//2241
f 2250//2246 2245//2241 2249//2245
f 2249//2245 2245//2241 2243//2239
f 2249//2245 2243//2239 2251//2247
f 2251//2247 2243//2239 2247//2243
f 2209//2205 2252//2248 2248//2244
f 2248//2244 2252//2248 2246//2242
f 2214//2210 2254//2250 2263//2259
f 2263//2259 2254//2250 2262//2258
f 2337//2333 2338//2334 2339//2335
f 2348//2344 2347//2343 2342//2338
f 2334//2330 2344//2340 2343//2339
f 2365//2361 2349//2345 2350//2346
f 2339//2335 2351//2347 2352//2348
f 2352//2348 2351//2347 2349//2345
f 2353//2349 2339//2335 2338//2334
f 2357//2353 2356//2352 2358//2354
f 2357//2353 2358//2354 2359//2355
f 2356//2352 2375//2371 2360//2356
f 2360//2356 2361//2357 2356//2352
f 2356//2352 2361//2357 2358//2354
f 2363//2359 2360//2356 2375//2371
f 2363//2359 2375//2371 2362//2358
f 2340//2336 2341//2337 2364//2360
f 2365//2361 2364//2360 2341//2337
f 2365//2361 2341//2337 2366//2362
f 2350//2346 2364//2360 2365//2361
f 2365//2361 2366//2362 2349//2345
f 2349//2345 2366//2362 2367//2363
f 2349//2345 2367//2363 2352//2348
f 2352//2348 2337//2333 2339//2335
f 2337//2333 2352//2348 2336//2332
f 2337//2333 2336//2332 2335//2331
f 2346//2342 2342//2338 2347//2343
f 2368//2364 2335//2331 2336//2332
f 2367//2363 2366//2362 2341//2337
f 2346//2342 2347//2343 2369//2365
f 2356//2352 2354//2350 2375//2371
f 2375//2371 2354//2350 2355//2351
f 2375//2371 2355//2351 2370//2366
f 2370//2366 2355//2351 2335//2331
f 2370//2366 2335//2331 2371//2367
f 2371//2367 2335//2331 2368//2364
f 2372//2368 2346//2342 2369//2365
f 2373//2369 2371//2367 2368//2364
f 2342//2338 2336//2332 2352//2348
f 2348//2344 2367//2363 2341//2337
f 2374//2370 2368//2364 2346//2342
f 2374//2370 2346//2342 2372//2368
f 2374//2370 2373//2369 2368//2364
f 2368//2364 2336//2332 2342//2338
f 2342//2338 2352//2348 2367//2363
f 2342//2338 2367//2363 2348//2344
f 2374//2370 2372//2368 2344//2340
f 2342//2338 2346//2342 2368//2364
f 2372//2368 2345//2341 2344//2340
f 2374//2370 2344//2340 2334//2330
f 2374//2370 2334//2330 2373//2369
f 2376//2372 2377//2373 2378//2374
f 2378//2374 2377//2373 2379//2375
f 2380//2376 2381//2377 2382//2378
f 2382//2378 2381//2377 2383//2379
f 2382//2378 2384//2380 2380//2376
f 2382//2378 2383//2379 2384//2380
f 2384//2380 2383//2379 2385//2381
f 2384//2380 2385//2381 2380//2376
f 2380//2376 2385//2381 2381//2377
f 2386//2382 2387//2383 2376//2372
f 2386//2382 2376//2372 2412//2408
f 2376//2372 2387//2383 2377//2373
f 2388//2384 2389//2385 2390//2386
f 2388//2384 2390//2386 2391//2387
f 2391//2387 2392//2388 2388//2384
f 2393//2389 2394//2390 2395//2391
f 2394//2390 2393//2389 2396//2392
f 2396//2392 2393//2389 2397//2393
f 2396//2392 2397//2393 2398//2394
f 2399//2395 2400//2396 2401//2397
f 2399//2395 2401//2397 2402//2398
f 2402//2398 2379//2375 2399//2395
f 2399//2395 2379//2375 2400//2396
f 2402//2398 2394//2390 2396//2392
f 2403//2399 2407//2403 2404//2400
f 2394//2390 2404//2400 2395//2391
f 2403//2399 2405//2401 2406//2402
f 2407//2403 2403//2399 2406//2402
f 2405//2401 2408//2404 2406//2402
f 2406//2402 2408//2404 2392//2388
f 2388//2384 2392//2388 2408//2404
f 2388//2384 2408//2404 2409//2405
f 2388//2384 2409//2405 2389//2385
f 2389//2385 2409//2405 2387//2383
f 2387//2383 2409//2405 2377//2373
f 2410//2406 2411//2407 2381//2377
f 2381//2377 2411//2407 2383//2379
f 2383//2379 2411//2407 2409//2405
f 2383//2379 2409//2405 2385//2381
f 2385//2381 2409//2405 2408//2404
f 2385//2381 2408//2404 2381//2377
f 2381//2377 2408//2404 2410//2406
f 2408//2404 2405//2401 2410//2406
f 2377//2373 2409//2405 2411//2407
f 2377//2373 2411//2407 2379//2375
f 2400//2396 2379//2375 2411//2407
f 2400//2396 2411//2407 2410//2406
f 2400//2396 2410//2406 2401//2397
f 2401//2397 2410//2406 2405//2401
f 2404//2400 2401//2397 2403//2399
f 2403//2399 2401//2397 2405//2401
f 2396//2392 2378//2374 2379//2375
f 2396//2392 2379//2375 2402//2398
f 2390//2386 2389//2385 2386//2382
f 2387//2383 2386//2382 2389//2385
f 2402//2398 2401//2397 2394//2390
f 2401//2397 2404//2400 2394//2390
f 2396//2392 2398//2394 2378//2374
f 2378//2374 2398//2394 2413//2409
f 2378//2374 2413//2409 2376//2372
f 2376//2372 2413//2409 2412//2408
f 2414//2410 2415//2411 2416//2412
f 2416//2412 2415//2411 2417//2413
f 2417//2413 2415//2411 2418//2414
f 2417//2413 2418//2414 2419//2415
f 2418//2414 2417//2413 2419//2415
f 2420//2416 2417//2413 2421//2417
f 2421//2417 2417//2413 2418//2414
f 2420//2416 2421//2417 2422//2418
f 2420//2416 2422//2418 2423//2419
f 2423//2419 2422//2418 2424//2420
f 2424//2420 2422//2418 2425//2421
f 2426//2422 2427//2423 2428//2424
f 2429//2425 2427//2423 2430//2426
f 2430//2426 2427//2423 2426//2422
f 2430//2426 2432//2428 2429//2425
f 2431//2427 2434//2430 2432//2428
f 2431//2427 2432//2428 2430//2426
f 2431//2427 2433//2429 2434//2430
f 2424//2420 2425//2421 2414//2410
f 2414//2410 2425//2421 2415//2411
f 2424//2420 2433//2429 2435//2431
f 2426//2422 2428//2424 2427//2423
f 2426//2422 2427//2423 2436//2432
f 2427//2423 2437//2433 2436//2432
f 2424//2420 2435//2431 2437//2433
f 2436//2432 2437//2433 2435//2431
f 2438//2434 2439//2435 2440//2436
f 2439//2435 2441//2437 2440//2436
f 2440//2436 2441//2437 2442//2438
f 2442//2438 2441//2437 2443//2439
f 2442//2438 2443//2439 2444//2440
f 2442//2438 2444//2440 2445//2441
f 2445//2441 2444//2440 2446//2442
f 2444//2440 2447//2443 2446//2442
f 2448//2444 2449//2445 2450//2446
f 2450//2446 2449//2445 2451//2447
f 2452//2448 2453//2449 2454//2450
f 2452//2448 2454//2450 2455//2451
f 2455//2451 2456//2452 2452//2448
f 2455//2451 2454//2450 2457//2453
f 2455//2451 2457//2453 2456//2452
f 2456//2452 2457//2453 2452//2448
f 2452//2448 2457//2453 2453//2449
f 2459//2455 2458//2454 2448//2444
f 2448//2444 2458//2454 2449//2445
f 2460//2456 2461//2457 2462//2458
f 2462//2458 2461//2457 2463//2459
f 2464//2460 2465//2461 2461//2457
f 2464//2460 2461//2457 2460//2456
f 2467//2463 2466//2462 2468//2464
f 2469//2465 2470//2466 2467//2463
f 2469//2465 2467//2463 2468//2464
f 2471//2467 2470//2466 2469//2465
f 2472//2395 2473//2396 2474//2468
f 2472//2395 2474//2468 2475//2469
f 2475//2469 2451//2447 2472//2395
f 2472//2395 2451//2447 2473//2396
f 2470//2466 2475//2469 2467//2463
f 2481//2475 2476//2470 2477//2471
f 2477//2471 2476//2470 2478//2472
f 2478//2472 2476//2470 2467//2463
f 2467//2463 2476//2470 2466//2462
f 2477//2471 2479//2473 2480//2474
f 2481//2475 2477//2471 2480//2474
f 2481//2475 2480//2474 2482//2476
f 2479//2473 2453//2449 2480//2474
f 2480//2474 2453//2449 2484//2478
f 2480//2474 2484//2478 2465//2461
f 2461//2457 2465//2461 2484//2478
f 2461//2457 2484//2478 2463//2459
f 2463//2459 2484//2478 2483//2477
f 2463//2459 2483//2477 2458//2454
f 2458//2454 2483//2477 2449//2445
f 2485//2479 2486//2480 2454//2450
f 2454//2450 2486//2480 2483//2477
f 2454//2450 2483//2477 2457//2453
f 2457//2453 2483//2477 2484//2478
f 2457//2453 2484//2478 2453//2449
f 2453//2449 2485//2479 2454//2450
f 2453//2449 2479//2473 2485//2479
f 2449//2445 2483//2477 2486//2480
f 2449//2445 2486//2480 2451//2447
f 2473//2396 2451//2447 2486//2480
f 2473//2396 2486//2480 2485//2479
f 2473//2396 2485//2479 2474//2468
f 2474//2468 2485//2479 2479//2473
f 2478//2472 2474//2468 2477//2471
f 2477//2471 2474//2468 2479//2473
f 2463//2459 2458//2454 2462//2458
f 2470//2466 2450//2446 2451//2447
f 2470//2466 2451//2447 2475//2469
f 2465//2461 2464//2460 2480//2474
f 2480//2474 2464//2460 2482//2476
f 2475//2469 2474//2468 2467//2463
f 2474//2468 2478//2472 2467//2463
f 2459//2455 2448//2444 2450//2446
f 2471//2467 2450//2446 2470//2466
f 2488//2482 2414//2410 2489//2483
f 2489//2483 2414//2410 2490//2484
f 2489//2483 2490//2484 2487//2481
f 2487//2481 2490//2484 3424//3415
f 2491//2485 2487//2481 2497//2491
f 2497//2491 2487//2481 3424//3415
f 2491//2485 2497//2491 2492//2486
f 2491//2485 2492//2486 2493//2487
f 2493//2487 2492//2486 2424//2420
f 2494//2488 2495//2489 2496//2490
f 2496//2490 2495//2489 2497//2491
f 2498//2492 2496//2490 2499//2493
f 2499//2493 2496//2490 2497//2491
f 2500//2494 2433//2429 2501//2495
f 2498//2492 2499//2493 2501//2495
f 2501//2495 2499//2493 2500//2494
f 2493//2487 2424//2420 2488//2482
f 2488//2482 2424//2420 2414//2410
f 2424//2420 2502//2496 2433//2429
f 2495//2489 2496//2490 2503//2497
f 2495//2489 2503//2497 2497//2491
f 2497//2491 2503//2497 2504//2498
f 2504//2498 2503//2497 2502//2496
f 2504//2498 2502//2496 2424//2420
f 2505//2499 2506//2500 2507//2501
f 2507//2501 2506//2500 2508//2502
f 2509//2503 2510//2504 2511//2505
f 2511//2505 2510//2504 2512//2506
f 2507//2501 2513//2507 2514//2508
f 2507//2501 2514//2508 2515//2509
f 2507//2501 2508//2502 2513//2507
f 2513//2507 2508//2502 2516//2510
f 2513//2507 2516//2510 2506//2500
f 2517//2511 2513//2507 2505//2499
f 2506//2500 2505//2499 2513//2507
f 2505//2499 2515//2509 2517//2511
f 2508//2502 2506//2500 2516//2510
f 2512//2506 2510//2504 2519//2513
f 2518//2512 2519//2513 2510//2504
f 2520//2514 2518//2512 2509//2503
f 2510//2504 2509//2503 2518//2512
f 2521//2515 2520//2514 2509//2503
f 2518//2512 2522//2516 2511//2505
f 2511//2505 2512//2506 2518//2512
f 2518//2512 2512//2506 2519//2513
f 2511//2505 2522//2516 2521//2515
f 3342//3333 2524//2518 2525//2519
f 2529//2523 2530//2524 2531//2525
f 2532//2526 2531//2525 2530//2524
f 2534//2528 2535//2529 3369//3360
f 3342//3333 2539//2533 2540//2534
f 2538//2532 2528//2522 2529//2523
f 2542//2536 2527//2521 2538//2532
f 2538//2532 2527//2521 2528//2522
f 2526//2520 2527//2521 2543//2537
f 2543//2537 2527//2521 2542//2536
f 2539//2533 3342//3333 2525//2519
f 2539//2533 2525//2519 2533//2527
f 2544//2538 2546//2540 2545//2539
f 2545//2539 2546//2540 2547//2541
f 2549//2543 2537//2531 2536//2530
f 2549//2543 2536//2530 2550//2544
f 2546//2540 2549//2543 2547//2541
f 2547//2541 2549//2543 2550//2544
f 2541//2535 2545//2539 2548//2542
f 2556//2550 2552//2546 2553//2547
f 2552//2546 2551//2545 2553//2547
f 2552//2546 2554//2548 2551//2545
f 2554//2548 2548//2542 2551//2545
f 2535//2529 2534//2528 2560//2554
f 2560//2554 2534//2528 2555//2549
f 2560//2554 2555//2549 2561//2555
f 2550//2544 2536//2530 2553//2547
f 2553//2547 2536//2530 2556//2550
f 2556//2550 2536//2530 2557//2551
f 2557//2551 2536//2530 2558//2552
f 2559//2553 2556//2550 2557//2551
f 2557//2551 2558//2552 2561//2555
f 2559//2553 2555//2549 2534//2528
f 2534//2528 3384//3375 2559//2553
f 2561//2555 2555//2549 2557//2551
f 2557//2551 2555//2549 2559//2553
f 2531//2525 2560//2554 2529//2523
f 2529//2523 2560//2554 2561//2555
f 2529//2523 2561//2555 2538//2532
f 2558//2552 2538//2532 2561//2555
f 2531//2525 2535//2529 2560//2554
f 2537//2531 2558//2552 2536//2530
f 2562//2556 2539//2533 2533//2527
f 2533//2527 2526//2520 2543//2537
f 2562//2556 2533//2527 2563//2557
f 2563//2557 2533//2527 2543//2537
f 2563//2557 2543//2537 2542//2536
f 2564//2558 2540//2534 2539//2533
f 2564//2558 2539//2533 2562//2556
f 2542//2536 2537//2531 2563//2557
f 2562//2556 2563//2557 2565//2559
f 2562//2556 2565//2559 2564//2558
f 2534//2528 3369//3360 3384//3375
f 2525//2519 2526//2520 2533//2527
f 2542//2536 2538//2532 2537//2531
f 2537//2531 2538//2532 2558//2552
f 2563//2557 2537//2531 2549//2543
f 2563//2557 2549//2543 2565//2559
f 2565//2559 2549//2543 2546//2540
f 2565//2559 2546//2540 2564//2558
f 2564//2558 2546//2540 2544//2538
f 2564//2558 2544//2538 2566//2560
f 2566//2560 2544//2538 2545//2539
f 2548//2542 2545//2539 2547//2541
f 2548//2542 2547//2541 2551//2545
f 2551//2545 2547//2541 2550//2544
f 2551//2545 2550//2544 2553//2547
f 2567//2561 2568//2562 2354//2350
f 2567//2561 2354//2350 2356//2352
f 2356//2352 2357//2353 2567//2561
f 2567//2561 2357//2353 2568//2562
f 2569//2563 2570//2564 2571//2565
f 2571//2565 2570//2564 2572//2566
f 2570//2564 2569//2563 2608//2602
f 2570//2564 2608//2602 2572//2566
f 2573//2567 2574//2568 2605//2599
f 2597//2591 2575//2569 2576//2570
f 2576//2570 2575//2569 2577//2571
f 2349//2345 2351//2347 2578//2572
f 2579//2573 2580//2574 2578//2572
f 2578//2572 2580//2574 2350//2346
f 2596//2590 2580//2574 2579//2573
f 2578//2572 2350//2346 2349//2345
f 2353//2349 2581//2575 2582//2576
f 2353//2349 2582//2576 2339//2335
f 2583//2577 2582//2576 2584//2578
f 2584//2578 2582//2576 2581//2575
f 2579//2573 2585//2579 2586//2580
f 2587//2581 2578//2572 2583//2577
f 2587//2581 2588//2582 2578//2572
f 2578//2572 2588//2582 2579//2573
f 2579//2573 2588//2582 2585//2579
f 2591//2585 2578//2572 2590//2584
f 2583//2577 2578//2572 2591//2585
f 2583//2577 2591//2585 2582//2576
f 2589//2583 2582//2576 2591//2585
f 2589//2583 2339//2335 2582//2576
f 2339//2335 2589//2583 2351//2347
f 2351//2347 2589//2583 2590//2584
f 2351//2347 2590//2584 2578//2572
f 2589//2583 2591//2585 2590//2584
f 2593//2587 2592//2586 2595//2589
f 2593//2587 2595//2589 2594//2588
f 2594//2588 2597//2591 2593//2587
f 2597//2591 2596//2590 2593//2587
f 2593//2587 2596//2590 2592//2586
f 2596//2590 2579//2573 2592//2586
f 2594//2588 2595//2589 2575//2569
f 2597//2591 2594//2588 2575//2569
f 2592//2586 2579//2573 2595//2589
f 2595//2589 2579//2573 2586//2580
f 2595//2589 2586//2580 2575//2569
f 2602//2596 2577//2571 2586//2580
f 2586//2580 2577//2571 2575//2569
f 2598//2592 3311//3302 2599//2593
f 2600//2594 2601//2595 2602//2596
f 2601//2595 2600//2594 3311//3302
f 3311//3302 2600//2594 2599//2593
f 2601//2595 2603//2597 2602//2596
f 2604//2598 2576//2570 2577//2571
f 2604//2598 2577//2571 2603//2597
f 2603//2597 2577//2571 2602//2596
f 2604//2598 2605//2599 2574//2568
f 2604//2598 2574//2568 2576//2570
f 2606//2600 2605//2599 2604//2598
f 2605//2599 2606//2600 2607//2601
f 2608//2602 2607//2601 2606//2600
f 2608//2602 2606//2600 2572//2566
f 2571//2565 2572//2566 2601//2595
f 2571//2565 2601//2595 2609//2603
f 2611//2605 2610//2604 2612//2606
f 2611//2605 2612//2606 2358//2354
f 2358//2354 2612//2606 2359//2355
f 2614//2608 2613//2607 2615//2609
f 2614//2608 2615//2609 2616//2610
f 2617//2611 2618//2612 2361//2357
f 2617//2611 2361//2357 2360//2356
f 2360//2356 2363//2359 2617//2611
f 2617//2611 2363//2359 2618//2612
f 2619//2613 2620//2614 2621//2615
f 2621//2615 2620//2614 2622//2616
f 2621//2615 2622//2616 2623//2617
f 2621//2615 2623//2617 2624//2618
f 2620//2614 2624//2618 2623//2617
f 2624//2618 2620//2614 2619//2613
f 2626//2620 2625//2619 2627//2621
f 2625//2619 2626//2620 2628//2622
f 2631//2625 2630//2624 2629//2623
f 2631//2625 2629//2623 2632//2626
f 2632//2626 2629//2623 3238//3230
f 2633//2627 2635//2629 2636//2630
f 2633//2627 2636//2630 2634//2628
f 2637//2631 2634//2628 2636//2630
f 2636//2630 2635//2629 2638//2632
f 2634//2628 2639//2633 2638//2632
f 2638//2632 2635//2629 2634//2628
f 2634//2628 2635//2629 2633//2627
f 2640//2634 2632//2626 2641//2635
f 2640//2634 2630//2624 2631//2625
f 2640//2634 2631//2625 2632//2626
f 2643//2637 2644//2638 2645//2639
f 2645//2639 2646//2640 2642//2636
f 2645//2639 2642//2636 2643//2637
f 2647//2641 2648//2642 2649//2643
f 2647//2641 2650//2644 2648//2642
f 2648//2642 2650//2644 2651//2645
f 2648//2642 2651//2645 2652//2646
f 2650//2644 2647//2641 2649//2643
f 2651//2645 2650//2644 2649//2643
f 2651//2645 2649//2643 2653//2647
f 2655//2649 2654//2648 2656//2650
f 2655//2649 2656//2650 2657//2651
f 2658//2652 2657//2651 2656//2650
f 2659//2653 2660//2654 2657//2651
f 2660//2654 2654//2648 2657//2651
f 2657//2651 2654//2648 2655//2649
f 2630//2624 2640//2634 2629//2623
f 2645//2639 2644//2638 2661//2655
f 2654//2648 2660//2654 2656//2650
f 2661//2655 2644//2638 2643//2637
f 2662//2656 2661//2655 2642//2636
f 2642//2636 2661//2655 2643//2637
f 2664//2658 2667//2661 2666//2660
f 2664//2658 2663//2657 2667//2661
f 2667//2661 2663//2657 2665//2659
f 2667//2661 2665//2659 2668//2662
f 2663//2657 2664//2658 2666//2660
f 2663//2657 2666//2660 2665//2659
f 2665//2659 2666//2660 2669//2663
f 2672//2666 2673//2667 2670//2664
f 2670//2664 2673//2667 2671//2665
f 2673//2667 2674//2668 2675//2669
f 2676//2670 2671//2665 2675//2669
f 2675//2669 2671//2665 2673//2667
f 2675//2669 2674//2668 2672//2666
f 2672//2666 2670//2664 2675//2669
f 2675//2669 2670//2664 2677//2671
f 2673//2667 2672//2666 2674//2668
f 2681//2675 2678//2672 2679//2673
f 2681//2675 2679//2673 2680//2674
f 2680//2674 2682//2676 2681//2675
f 2681//2675 2683//2677 2678//2672
f 2679//2673 2678//2672 2680//2674
f 2680//2674 2678//2672 2683//2677
f 2680//2674 2683//2677 2684//2678
f 2685//2679 2686//2680 2687//2681
f 2685//2679 2688//2682 2686//2680
f 2686//2680 2688//2682 2334//2330
f 2334//2330 2689//2683 2686//2680
f 2688//2682 2685//2679 2687//2681
f 2688//2682 2687//2681 2334//2330
f 2690//2684 2334//2330 2687//2681
f 2694//2688 2692//2686 2691//2685
f 2691//2685 2328//2324 2694//2688
f 2694//2688 2328//2324 2693//2687
f 2695//2689 2696//2690 3366//3357
f 2695//2689 2697//2691 2699//2693
f 2699//2693 2697//2691 2698//2692
f 2698//2692 2700//2694 2699//2693
f 2707//2701 2708//2702 2709//2703
f 2709//2703 2708//2702 2710//2704
f 2709//2703 2710//2704 2711//2705
f 2716//2710 2715//2709 2713//2707
f 2719//2713 2718//2712 2720//2714
f 2719//2713 2720//2714 2721//2715
f 2712//2706 2721//2715 2722//2716
f 2723//2717 2712//2706 2722//2716
f 2710//2704 2723//2717 2711//2705
f 2724//2718 2726//2720 2723//2717
f 2711//2705 2723//2717 2727//2721
f 2724//2718 2722//2716 2721//2715
f 2727//2721 2723//2717 2726//2720
f 2724//2718 2725//2719 2726//2720
f 2723//2717 2722//2716 2724//2718
f 2729//2723 2730//2724 2731//2725
f 2729//2723 2731//2725 2732//2726
f 2732//2726 2731//2725 2733//2727
f 2734//2728 2733//2727 2735//2729
f 2734//2728 2735//2729 3023//3015
f 2737//2731 2738//2732 2740//2734
f 2737//2731 2740//2734 2741//2735
f 2741//2735 2740//2734 2742//2736
f 2742//2736 2740//2734 2739//2733
f 2739//2733 2740//2734 2736//2730
f 2739//2733 2736//2730 2743//2737
f 2743//2737 2736//2730 2744//2738
f 2738//2732 2737//2731 2735//2729
f 2735//2729 2737//2731 3023//3015
f 2749//2743 2917//2909 2750//2744
f 2755//2749 2762//2756 2756//2750
f 2756//2750 2762//2756 2990//2982
f 2758//2752 2997//2989 2761//2755
f 2761//2755 2997//2989 2757//2751
f 2745//2739 2748//2742 2758//2752
f 2745//2739 2758//2752 2761//2755
f 2760//2754 2764//2758 2759//2753
f 2759//2753 2764//2758 2763//2757
f 2759//2753 2763//2757 2745//2739
f 2766//2760 2765//2759 2767//2761
f 2768//2762 2769//2763 2767//2761
f 2767//2761 2769//2763 2766//2760
f 2770//2764 2771//2765 2772//2766
f 2772//2766 2771//2765 2773//2767
f 2770//2764 2774//2768 2771//2765
f 2774//2768 2770//2764 2775//2769
f 2775//2769 2770//2764 2776//2770
f 2775//2769 2776//2770 2777//2771
f 2778//2772 2779//2773 2783//2777
f 2783//2777 2779//2773 2780//2774
f 2780//2774 2781//2775 2783//2777
f 2782//2776 2778//2772 2783//2777
f 2783//2777 2784//2778 2782//2776
f 2775//2769 2777//2771 2780//2774
f 2780//2774 2777//2771 2781//2775
f 2782//2776 2784//2778 2785//2779
f 2785//2779 2784//2778 2786//2780
f 2787//2781 2788//2782 2785//2779
f 2789//2783 2787//2781 2785//2779
f 2789//2783 2785//2779 2786//2780
f 2787//2781 2790//2784 2788//2782
f 2791//2785 2799//2793 2787//2781
f 2787//2781 2799//2793 2790//2784
f 2794//2788 2793//2787 2795//2789
f 2795//2789 2793//2787 2796//2790
f 2796//2790 2793//2787 2797//2791
f 2793//2787 2773//2767 2792//2786
f 2792//2786 2773//2767 2798//2792
f 2792//2786 2798//2792 2799//2793
f 2792//2786 2799//2793 2793//2787
f 2798//2792 2800//2794 2799//2793
f 2801//2795 2778//2772 2802//2796
f 2790//2784 2799//2793 2800//2794
f 2790//2784 2800//2794 2802//2796
f 2790//2784 2802//2796 2788//2782
f 2788//2782 2802//2796 2782//2776
f 2782//2776 2802//2796 2778//2772
f 2778//2772 2801//2795 2779//2773
f 2800//2794 2798//2792 2803//2797
f 2779//2773 2801//2795 2774//2768
f 2771//2765 2774//2768 2801//2795
f 2771//2765 2801//2795 2803//2797
f 2771//2765 2803//2797 2773//2767
f 2773//2767 2803//2797 2798//2792
f 2804//2798 2813//2807 2805//2799
f 2805//2799 2813//2807 2806//2800
f 2805//2799 2828//2822 2804//2798
f 2804//2798 2828//2822 2810//2804
f 2804//2798 2810//2804 2807//2801
f 2808//2802 2809//2803 2810//2804
f 2810//2804 2809//2803 2807//2801
f 2811//2805 2812//2806 2813//2807
f 2811//2805 2813//2807 2814//2808
f 2814//2808 2826//2820 2811//2805
f 2811//2805 2826//2820 2812//2806
f 2814//2808 2807//2801 2809//2803
f 2814//2808 2809//2803 2815//2809
f 2815//2809 2809//2803 2816//2810
f 2817//2811 2818//2812 2819//2813
f 2819//2813 2818//2812 3333//3324
f 2817//2811 2820//2814 2818//2812
f 2820//2814 2821//2815 2818//2812
f 2821//2815 2820//2814 2815//2809
f 2821//2815 2815//2809 2816//2810
f 2824//2818 2815//2809 2819//2813
f 2823//2817 2824//2818 2822//2816
f 2822//2816 2824//2818 2819//2813
f 2822//2816 2819//2813 3333//3324
f 2823//2817 2825//2819 2824//2818
f 2824//2818 2825//2819 2826//2820
f 2805//2799 2806//2800 2827//2821
f 2805//2799 2827//2821 2828//2822
f 2828//2822 2827//2821 2829//2823
f 2828//2822 2829//2823 2830//2824
f 2831//2825 2832//2826 2839//2833
f 2833//2827 2831//2825 2839//2833
f 2823//2817 2834//2828 2825//2819
f 2834//2828 2823//2817 2836//2830
f 2836//2830 2823//2817 2822//2816
f 2822//2816 2835//2829 2836//2830
f 2830//2824 2829//2823 2831//2825
f 2837//2831 2838//2832 2835//2829
f 2835//2829 2838//2832 2836//2830
f 2839//2833 2840//2834 2833//2827
f 2833//2827 2840//2834 2838//2832
f 2838//2832 2837//2831 2833//2827
f 2839//2833 2841//2835 2840//2834
f 2840//2834 2841//2835 2843//2837
f 2840//2834 2843//2837 2834//2828
f 2825//2819 2834//2828 2843//2837
f 2825//2819 2843//2837 2844//2838
f 2825//2819 2844//2838 2826//2820
f 2826//2820 2844//2838 2842//2836
f 2826//2820 2842//2836 2812//2806
f 2812//2806 2842//2836 2813//2807
f 2813//2807 2842//2836 2845//2839
f 2806//2800 2813//2807 2845//2839
f 2827//2821 2806//2800 2841//2835
f 2827//2821 2841//2835 2832//2826
f 2832//2826 2841//2835 2839//2833
f 2806//2800 2845//2839 2841//2835
f 2850//2844 2851//2845 2846//2840
f 2846//2840 2851//2845 2847//2841
f 2846//2840 2847//2841 2848//2842
f 2848//2842 2847//2841 2849//2843
f 2848//2842 2849//2843 2850//2844
f 2850//2844 2849//2843 2851//2845
f 2852//2846 2803//2797 2801//2795
f 2852//2846 2801//2795 2853//2847
f 2853//2847 2801//2795 2802//2796
f 2853//2847 2802//2796 2854//2848
f 2854//2848 2802//2796 2800//2794
f 2854//2848 2800//2794 2852//2846
f 2852//2846 2800//2794 2803//2797
f 2841//2835 2845//2839 2849//2843
f 2849//2843 2845//2839 2851//2845
f 2851//2845 2845//2839 2842//2836
f 2851//2845 2842//2836 2844//2838
f 2851//2845 2844//2838 2847//2841
f 2847//2841 2844//2838 2843//2837
f 2847//2841 2843//2837 2849//2843
f 2849//2843 2843//2837 2841//2835
f 2855//2849 2853//2847 2856//2850
f 2856//2850 2853//2847 2854//2848
f 2856//2850 2854//2848 2857//2851
f 2857//2851 2854//2848 2852//2846
f 2857//2851 2852//2846 2855//2849
f 2855//2849 2852//2846 2853//2847
f 2772//2766 2773//2767 2794//2788
f 2773//2767 2793//2787 2794//2788
f 2775//2769 2780//2774 2779//2773
f 2775//2769 2779//2773 2774//2768
f 2797//2791 2793//2787 2799//2793
f 2797//2791 2799//2793 2791//2785
f 2782//2776 2785//2779 2788//2782
f 2807//2801 2814//2808 2813//2807
f 2807//2801 2813//2807 2804//2798
f 2832//2826 2831//2825 2829//2823
f 2832//2826 2829//2823 2827//2821
f 2836//2830 2838//2832 2840//2834
f 2836//2830 2840//2834 2834//2828
f 2824//2818 2826//2820 2815//2809
f 2826//2820 2814//2808 2815//2809
f 2848//2842 2850//2844 2846//2840
f 2857//2851 2855//2849 2856//2850
f 2776//2770 2770//2764 2772//2766
f 2795//2789 2858//2852 2794//2788
f 2794//2788 2858//2852 2772//2766
f 2772//2766 2858//2852 2776//2770
f 2791//2785 2787//2781 2789//2783
f 2860//2854 2859//2853 2861//2855
f 2797//2791 2791//2785 2860//2854
f 2860//2854 2791//2785 2789//2783
f 2860//2854 2789//2783 2859//2853
f 2769//2763 2768//2762 2860//2854
f 2769//2763 2860//2854 2861//2855
f 2819//2813 2815//2809 2817//2811
f 2817//2811 2815//2809 2820//2814
f 2797//2791 2860//2854 2767//2761
f 2767//2761 2860//2854 2768//2762
f 2767//2761 2765//2759 2797//2791
f 2797//2791 2765//2759 2796//2790
f 2862//2856 2863//2857 2864//2858
f 2862//2856 2864//2858 2865//2859
f 2865//2859 2864//2858 2866//2860
f 2866//2860 2864//2858 2867//2861
f 2862//2856 2866//2860 2863//2857
f 2863//2857 2866//2860 2867//2861
f 2866//2860 2862//2856 2865//2859
f 2869//2862 2868//2856 2870//2859
f 2868//2856 2871//2863 2872//2864
f 2868//2856 2872//2864 2870//2859
f 2870//2859 2872//2864 2869//2862
f 2869//2862 2872//2864 2873//2865
f 2868//2856 2869//2862 2871//2863
f 2871//2863 2869//2862 2873//2865
f 2874//2866 2875//2867 2876//2868
f 2874//2866 2876//2868 2877//2869
f 2875//2867 2874//2866 2878//2870
f 2878//2870 2874//2866 2877//2869
f 2879//2871 2880//2872 2881//2873
f 2879//2871 2881//2873 2882//2874
f 2882//2874 2889//2881 2879//2871
f 2879//2871 2889//2881 2880//2872
f 2883//2875 2884//2876 2885//2877
f 2885//2877 2884//2876 2886//2878
f 2884//2876 2883//2875 2887//2879
f 2884//2876 2887//2879 2886//2878
f 2886//2878 2891//2883 2888//2880
f 2885//2877 2886//2878 2888//2880
f 2885//2877 2888//2880 2889//2881
f 2889//2881 2888//2880 2880//2872
f 2890//2882 2891//2883 2892//2884
f 2892//2884 2891//2883 2887//2879
f 2887//2879 2891//2883 2886//2878
f 2891//2883 2890//2882 2893//2885
f 2881//2873 2880//2872 2875//2867
f 2875//2867 2878//2870 2881//2873
f 2876//2868 2875//2867 2893//2885
f 2876//2868 2893//2885 2890//2882
f 2873//2865 2891//2883 2893//2885
f 2873//2865 2893//2885 2871//2863
f 2871//2863 2893//2885 2875//2867
f 2871//2863 2875//2867 2880//2872
f 2871//2863 2880//2872 2888//2880
f 2871//2863 2888//2880 2872//2864
f 2872//2864 2888//2880 2891//2883
f 2872//2864 2891//2883 2873//2865
f 2867//2861 2894//2886 2895//2887
f 2867//2861 2895//2887 2863//2857
f 2863//2857 2895//2887 2896//2888
f 2863//2857 2896//2888 2897//2889
f 2863//2857 2897//2889 2864//2858
f 2864//2858 2897//2889 2898//2890
f 2864//2858 2898//2890 2894//2886
f 2864//2858 2894//2886 2867//2861
f 2899//2891 2900//2892 2901//2893
f 2901//2893 2900//2892 2898//2890
f 2900//2892 2899//2891 2902//2894
f 2900//2892 2902//2894 2898//2890
f 2901//2893 2898//2890 2897//2889
f 2896//2888 2903//2895 2897//2889
f 2901//2893 2897//2889 2903//2895
f 2904//2896 2894//2886 2898//2890
f 2904//2896 2898//2890 2902//2894
f 2905//2897 2894//2886 2904//2896
f 2905//2897 2904//2896 2906//2898
f 2906//2898 2913//2905 2905//2897
f 2905//2897 2913//2905 2894//2886
f 2907//2899 2908//2900 2909//2901
f 2907//2899 2909//2901 2910//2902
f 2908//2900 2907//2899 2911//2903
f 2911//2903 2907//2899 2910//2902
f 2903//2895 2896//2888 2912//2904
f 2896//2888 2895//2887 2908//2900
f 2896//2888 2908//2900 2911//2903
f 2896//2888 2911//2903 2912//2904
f 2909//2901 2908//2900 2895//2887
f 2909//2901 2895//2887 2913//2905
f 2913//2905 2895//2887 2894//2886
f 2903//2895 2912//2904 2890//2882
f 2890//2882 2912//2904 2876//2868
f 2901//2893 2903//2895 2892//2884
f 2892//2884 2903//2895 2890//2882
f 2816//2810 2914//2906 2821//2815
f 2915//2907 2916//2908 2809//2803
f 2809//2803 2916//2908 2917//2909
f 2765//2759 2766//2760 2796//2790
f 2766//2760 2369//2365 2796//2790
f 2796//2790 2369//2365 2763//2757
f 2796//2790 2763//2757 2915//2907
f 2796//2790 2915//2907 2809//2803
f 2796//2790 2809//2803 2795//2789
f 2808//2802 2795//2789 2809//2803
f 2922//2914 2889//2881 2882//2874
f 2881//2873 2918//2910 2882//2874
f 2882//2874 2918//2910 2922//2914
f 2878//2870 2877//2869 2881//2873
f 2881//2873 2877//2869 2918//2910
f 2918//2910 2877//2869 2910//2902
f 2877//2869 2912//2904 2910//2902
f 2910//2902 2912//2904 2911//2903
f 2876//2868 2912//2904 2877//2869
f 2795//2789 2808//2802 2918//2910
f 2795//2789 2918//2910 2919//2911
f 2919//2911 2918//2910 2910//2902
f 2910//2902 2909//2901 2919//2911
f 2919//2911 2909//2901 2913//2905
f 2919//2911 2913//2905 2906//2898
f 2919//2911 2906//2898 2920//2912
f 2920//2912 2906//2898 2904//2896
f 2902//2894 2920//2912 2904//2896
f 2902//2894 2899//2891 2920//2912
f 2920//2912 2899//2891 2921//2913
f 2899//2891 2901//2893 2883//2875
f 2899//2891 2883//2875 2921//2913
f 2921//2913 2883//2875 2885//2877
f 2921//2913 2885//2877 2889//2881
f 2921//2913 2889//2881 2922//2914
f 2921//2913 2923//2915 2925//2917
f 2925//2917 2923//2915 2924//2916
f 2920//2912 2921//2913 2925//2917
f 2926//2918 2914//2906 2749//2743
f 2749//2743 2914//2906 2816//2810
f 2749//2743 2816//2810 2917//2909
f 2917//2909 2816//2810 2809//2803
f 2914//2906 2926//2918 2927//2919
f 2927//2919 2926//2918 2753//2747
f 2927//2919 2753//2747 2928//2920
f 2369//2365 2745//2739 2763//2757
f 2745//2739 2369//2365 2748//2742
f 2748//2742 2369//2365 2347//2343
f 2901//2893 2892//2884 2883//2875
f 2883//2875 2892//2884 2887//2879
f 2340//2336 2929//2921 2341//2337
f 2748//2742 2347//2343 2930//2922
f 2930//2922 2347//2343 2348//2344
f 2929//2921 2931//2923 2932//2924
f 2929//2921 2932//2924 2341//2337
f 2932//2924 2933//2925 2341//2337
f 2341//2337 2933//2925 2348//2344
f 2753//2747 2934//2926 2928//2920
f 2928//2920 2934//2926 2931//2923
f 2937//2929 2936//2928 2938//2930
f 2937//2929 2938//2930 3030//3022
f 2939//2931 2941//2933 2940//2932
f 2942//2934 2948//2940 2949//2941
f 2941//2933 2939//2931 2753//2747
f 2939//2931 2934//2926 2753//2747
f 2950//2942 2931//2923 2934//2926
f 2932//2924 2931//2923 2946//2938
f 2932//2924 2946//2938 2962//2954
f 2948//2940 2950//2942 2949//2941
f 2946//2938 2947//2939 2962//2954
f 2949//2941 2950//2942 2934//2926
f 2959//2951 2978//2970 2960//2952
f 2982//2974 2933//2925 2961//2953
f 2932//2924 2962//2954 2963//2955
f 2963//2955 2964//2956 2965//2957
f 2963//2955 2965//2957 2932//2924
f 2966//2958 2952//2944 2951//2943
f 2952//2944 2967//2959 2951//2943
f 2953//2945 2954//2946 2969//2961
f 2953//2945 2969//2961 2968//2960
f 2953//2945 2968//2960 2954//2946
f 2955//2947 2956//2948 2970//2962
f 2970//2962 2971//2963 2955//2947
f 2955//2947 2971//2963 2972//2964
f 2955//2947 2972//2964 2956//2948
f 2973//2965 2974//2966 2971//2963
f 2958//2950 2957//2949 2974//2966
f 2958//2950 2974//2966 2973//2965
f 2975//2967 2957//2949 2958//2950
f 2975//2967 2958//2950 2973//2965
f 2976//2968 2977//2969 2973//2965
f 2977//2969 2959//2951 2960//2952
f 2977//2969 2976//2968 2959//2951
f 2959//2951 2976//2968 2978//2970
f 2979//2971 2980//2972 2976//2968
f 2933//2925 2980//2972 2961//2953
f 2961//2953 2980//2972 2979//2971
f 2961//2953 2979//2971 2981//2973
f 2961//2953 2981//2973 2982//2974
f 2983//2975 2981//2973 2979//2971
f 2986//2978 2985//2977 2983//2975
f 2986//2978 2983//2975 2984//2976
f 2987//2979 3032//3024 2988//2980
f 2933//2925 2982//2974 2985//2977
f 2985//2977 2982//2974 2983//2975
f 2983//2975 2982//2974 2981//2973
f 2932//2924 2957//2949 2960//2952
f 2932//2924 2960//2952 2933//2925
f 2933//2925 2960//2952 2978//2970
f 2933//2925 2978//2970 2980//2972
f 2980//2972 2978//2970 2976//2968
f 2975//2967 2977//2969 2957//2949
f 2957//2949 2977//2969 2960//2952
f 2973//2965 2977//2969 2975//2967
f 2957//2949 2932//2924 2956//2948
f 2957//2949 2956//2948 2972//2964
f 2957//2949 2972//2964 2974//2966
f 2974//2966 2972//2964 2971//2963
f 2956//2948 2954//2946 2968//2960
f 2956//2948 2968//2960 2970//2962
f 2954//2946 2956//2948 2932//2924
f 2954//2946 2932//2924 2951//2943
f 2954//2946 2951//2943 2969//2961
f 2969//2961 2951//2943 2967//2959
f 2969//2961 2967//2959 2968//2960
f 2932//2924 2965//2957 2951//2943
f 2951//2943 2965//2957 2966//2958
f 2966//2958 2965//2957 2964//2956
f 3031//3023 2962//2954 2947//2939
f 2993//2985 2754//2748 2994//2986
f 2991//2983 2988//2980 2995//2987
f 2987//2979 2988//2980 2991//2983
f 2987//2979 2991//2983 2992//2984
f 2987//2979 2992//2984 2985//2977
f 2348//2344 2992//2984 2930//2922
f 2754//2748 2989//2981 2994//2986
f 2748//2742 2930//2922 2990//2982
f 2748//2742 2990//2982 2762//2756
f 2989//2981 2930//2922 2992//2984
f 2989//2981 2992//2984 2994//2986
f 2992//2984 2348//2344 2985//2977
f 2985//2977 2348//2344 2933//2925
f 2994//2986 2992//2984 2996//2988
f 2994//2986 2996//2988 2993//2985
f 2993//2985 2996//2988 2729//2723
f 2943//2935 2930//2922 2989//2981
f 2754//2748 2732//2726 2989//2981
f 2989//2981 2732//2726 2943//2935
f 2732//2726 2756//2750 2990//2982
f 2732//2726 2990//2982 2943//2935
f 2943//2935 2990//2982 2930//2922
f 2756//2750 2732//2726 2755//2749
f 2747//2741 2748//2742 2762//2756
f 2762//2756 2755//2749 2747//2741
f 2758//2752 2748//2742 2747//2741
f 2997//2989 2758//2752 2747//2741
f 2733//2727 2757//2751 2997//2989
f 2746//2740 2745//2739 2761//2755
f 2746//2740 2761//2755 2757//2751
f 2746//2740 2757//2751 2733//2727
f 2759//2753 2745//2739 2746//2740
f 2746//2740 2760//2754 2759//2753
f 2999//2991 2763//2757 2764//2758
f 2764//2758 2998//2990 2999//2991
f 3000//2992 3001//2993 3033//3025
f 2998//2990 2764//2758 2760//2754
f 2763//2757 3001//2993 2915//2907
f 2915//2907 3001//2993 3000//2992
f 3003//2995 3005//2997 3002//2994
f 3003//2995 3002//2994 3004//2996
f 3007//2999 3008//3000 3006//2998
f 3007//2999 3009//3001 3008//3000
f 3008//3000 3009//3001 3006//2998
f 3012//3004 3011//3003 3013//3005
f 3012//3004 3013//3005 3010//3002
f 3013//3005 3011//3003 3010//3002
f 3014//3006 3015//3007 3016//3008
f 3014//3006 3016//3008 3019//3011
f 3011//3003 3015//3007 3014//3006
f 3020//3012 2916//2908 3021//3013
f 2916//2908 3004//2996 3021//3013
f 2916//2908 2915//2907 3004//2996
f 3004//2996 2915//2907 3007//2999
f 3004//2996 3007//2999 3003//2995
f 3006//2998 3005//2997 3003//2995
f 3006//2998 3003//2995 3007//2999
f 3007//2999 2915//2907 3011//3003
f 3007//2999 3011//3003 3012//3004
f 3007//2999 3012//3004 3009//3001
f 3009//3001 3012//3004 3010//3002
f 3019//3011 3010//3002 3014//3006
f 3014//3006 3010//3002 3011//3003
f 3015//3007 3011//3003 2915//2907
f 3015//3007 2915//2907 3022//3014
f 3015//3007 3022//3014 3019//3011
f 3019//3011 3022//3014 3023//3015
f 3024//3016 3020//3012 3025//3017
f 2916//2908 3020//3012 3017//3009
f 3017//3009 3024//3016 2916//2908
f 3024//3016 3017//3009 3020//3012
f 2917//2909 3027//3019 2750//2744
f 2750//2744 3027//3019 3025//3017
f 2737//2731 3026//3018 2750//2744
f 3028//3020 2750//2744 3026//3018
f 3028//3020 2749//2743 2750//2744
f 3025//3017 3027//3019 3024//3016
f 3027//3019 2917//2909 3024//3016
f 3024//3016 2917//2909 2916//2908
f 2935//2927 3028//3020 3026//3018
f 2936//2928 2753//2747 2938//2930
f 2938//2930 2753//2747 2926//2918
f 2926//2918 2749//2743 3028//3020
f 2926//2918 3028//3020 3029//3021
f 3029//3021 3028//3020 2935//2927
f 2935//2927 3026//3018 2741//2735
f 3029//3021 2751//2745 2926//2918
f 2935//2927 2741//2735 3029//3021
f 3029//3021 2741//2735 2751//2745
f 2751//2745 3030//3022 2938//2930
f 2751//2745 2938//2930 2926//2918
f 3030//3022 2742//2736 2937//2929
f 2937//2929 2742//2736 2936//2928
f 2936//2928 2742//2736 2752//2746
f 2936//2928 2752//2746 2753//2747
f 2940//2932 2941//2933 2752//2746
f 2742//2736 2940//2932 2752//2746
f 2752//2746 2941//2933 2753//2747
f 2939//2931 2940//2932 2739//2733
f 2940//2932 2742//2736 2739//2733
f 2939//2931 2739//2733 2944//2936
f 2939//2931 2944//2936 2934//2926
f 2949//2941 2934//2926 2944//2936
f 2739//2733 2942//2934 2944//2936
f 2944//2936 2942//2934 2949//2941
f 2942//2934 2743//2737 2948//2940
f 2931//2923 2950//2942 2945//2937
f 2945//2937 2950//2942 2948//2940
f 2945//2937 2948//2940 2743//2737
f 2737//2731 2750//2744 3025//3017
f 3030//3022 2751//2745 2741//2735
f 2946//2938 2931//2923 2945//2937
f 2946//2938 2945//2937 2947//2939
f 2947//2939 2945//2937 2743//2737
f 2962//2954 3031//3023 2963//2955
f 2966//2958 2967//2959 2952//2944
f 2984//2976 3032//3024 2986//2978
f 3031//3023 2964//2956 2963//2955
f 2986//2978 3032//3024 2987//2979
f 2986//2978 2987//2979 2985//2977
f 2996//2988 2992//2984 2991//2983
f 2996//2988 2991//2983 2995//2987
f 2998//2990 3033//3025 2999//2991
f 2746//2740 2733//2727 2760//2754
f 2997//2989 2747//2741 2755//2749
f 2729//2723 2996//2988 2995//2987
f 2999//2991 3033//3025 3001//2993
f 2999//2991 3001//2993 2763//2757
f 3000//2992 3033//3025 3034//3026
f 3018//3010 2915//2907 3000//2992
f 3018//3010 3000//2992 3034//3026
f 3022//3014 2915//2907 3018//3010
f 3022//3014 3018//3010 3023//3015
f 3016//3008 3015//3007 3019//3011
f 3034//3026 3023//3015 3018//3010
f 3005//2997 3021//3013 3002//2994
f 3004//2996 3002//2994 3021//3013
f 2734//2728 3023//3015 3033//3025
f 2964//2956 3031//3023 2743//2737
f 2743//2737 3031//3023 2947//2939
f 3020//3012 2737//2731 3025//3017
f 3020//3012 3021//3013 2737//2731
f 2737//2731 3021//3013 3005//2997
f 2993//2985 2729//2723 2754//2748
f 2966//2958 2964//2956 2743//2737
f 2966//2958 2743//2737 2967//2959
f 2967//2959 2743//2737 2968//2960
f 2739//2733 2743//2737 2942//2934
f 3005//2997 3006//2998 2737//2731
f 2754//2748 2729//2723 2732//2726
f 3009//3001 3010//3002 3006//2998
f 3006//2998 3010//3002 2737//2731
f 2970//2962 2968//2960 2743//2737
f 2970//2962 2743//2737 2973//2965
f 2970//2962 2973//2965 2971//2963
f 3026//3018 2737//2731 2741//2735
f 3010//3002 3019//3011 2737//2731
f 2998//2990 2734//2728 3033//3025
f 2733//2727 2997//2989 2732//2726
f 2732//2726 2997//2989 2755//2749
f 2742//2736 3030//3022 2741//2735
f 3023//3015 2737//2731 3019//3011
f 2734//2728 2998//2990 2760//2754
f 2734//2728 2760//2754 2733//2727
f 2976//2968 2973//2965 2743//2737
f 2976//2968 2743//2737 2979//2971
f 2983//2975 2979//2971 2984//2976
f 3023//3015 3034//3026 3033//3025
f 2729//2723 2988//2980 3032//3024
f 2979//2971 2743//2737 2984//2976
f 2984//2976 2743//2737 2729//2723
f 2984//2976 2729//2723 3032//3024
f 2729//2723 2995//2987 2988//2980
f 2743//2737 2744//2738 2730//2724
f 2743//2737 2730//2724 2729//2723
f 2744//2738 3035//3027 3038//3030
f 2744//2738 3038//3030 2730//2724
f 2733//2727 3036//3028 2735//2729
f 3036//3028 2733//2727 3037//3029
f 3037//3029 2733//2727 2731//2725
f 3037//3029 2731//2725 3038//3030
f 3038//3030 2731//2725 2730//2724
f 3060//3052 3063//3055 3040//3032
f 3040//3032 3063//3055 3039//3031
f 3040//3032 3039//3031 3038//3030
f 3037//3029 3038//3030 3039//3031
f 3053//3045 3041//3033 3052//3044
f 3035//3027 3052//3044 3043//3035
f 3043//3035 3052//3044 3041//3033
f 3043//3035 3041//3033 3042//3034
f 3044//3036 3047//3039 3046//3038
f 3046//3038 3045//3037 3044//3036
f 3049//3041 3048//3040 3047//3039
f 3048//3040 3046//3038 3047//3039
f 3050//3042 3049//3041 3066//3058
f 3066//3058 3049//3041 2728//2722
f 3068//3060 3048//3040 3049//3041
f 3068//3060 3049//3041 3050//3042
f 3070//3062 3045//3037 3046//3038
f 3070//3062 3046//3038 3051//3043
f 3051//3043 3046//3038 3048//3040
f 3051//3043 3048//3040 3068//3060
f 3053//3045 3045//3037 3070//3062
f 3045//3037 3053//3045 3052//3044
f 3045//3037 3052//3044 3044//3036
f 3035//3027 3044//3036 3052//3044
f 3054//3046 3055//3047 3041//3033
f 3041//3033 3055//3047 3042//3034
f 3057//3049 3056//3048 3043//3035
f 3057//3049 3043//3035 3042//3034
f 3057//3049 3059//3051 3058//3050
f 3057//3049 3058//3050 3056//3048
f 3056//3048 3058//3050 3038//3030
f 3058//3050 3040//3032 3038//3030
f 3058//3050 3060//3052 3040//3032
f 3061//3053 3065//3057 3085//3077
f 3085//3077 3065//3057 3084//3076
f 3065//3057 3064//3056 3084//3076
f 3084//3076 3064//3056 3062//3054
f 3062//3054 3064//3056 3039//3031
f 3062//3054 3039//3031 3063//3055
f 3065//3057 3036//3028 3064//3056
f 3039//3031 3064//3056 3036//3028
f 3039//3031 3036//3028 3037//3029
f 3056//3048 3038//3030 3043//3035
f 2735//2729 3061//3053 2738//2732
f 3036//3028 3065//3057 2735//2729
f 2735//2729 3065//3057 3061//3053
f 3035//3027 2744//2738 3044//3036
f 2744//2738 2736//2730 3044//3036
f 3044//3036 2736//2730 3047//3039
f 3047//3039 2736//2730 2740//2734
f 3035//3027 3043//3035 3038//3030
f 3049//3041 3047//3039 2740//2734
f 3049//3041 2740//2734 2728//2722
f 2728//2722 2740//2734 2738//2732
f 2728//2722 2738//2732 3061//3053
f 2728//2722 3085//3077 3066//3058
f 3050//3042 3067//3059 3068//3060
f 3070//3062 3069//3061 3054//3046
f 3068//3060 3067//3059 3069//3061
f 3069//3061 3070//3062 3068//3060
f 3068//3060 3070//3062 3051//3043
f 3070//3062 3054//3046 3053//3045
f 3054//3046 3041//3033 3053//3045
f 3055//3047 3054//3046 3072//3064
f 3073//3065 3054//3046 3103//3095
f 3072//3064 3054//3046 3073//3065
f 3069//3061 3103//3095 3054//3046
f 3103//3095 3069//3061 3067//3059
f 3103//3095 3067//3059 3075//3067
f 3075//3067 3067//3059 3076//3068
f 3076//3068 3067//3059 3050//3042
f 3076//3068 3050//3042 3066//3058
f 3077//3069 3076//3068 3066//3058
f 3105//3097 3101//3093 3107//3099
f 3105//3097 3104//3096 3086//3078
f 3086//3078 3104//3096 3071//3063
f 3086//3078 3071//3063 3078//3070
f 3078//3070 3071//3063 3077//3069
f 3078//3070 3077//3069 3079//3071
f 3079//3071 3077//3069 3087//3079
f 3087//3079 3077//3069 3066//3058
f 3087//3079 3066//3058 3085//3077
f 3055//3047 3057//3049 3042//3034
f 3055//3047 3080//3072 3057//3049
f 3081//3073 3059//3051 3080//3072
f 3080//3072 3059//3051 3057//3049
f 3058//3050 3059//3051 3081//3073
f 3058//3050 3081//3073 3060//3052
f 3081//3073 3082//3074 3060//3052
f 3082//3074 3083//3075 3063//3055
f 3062//3054 3063//3055 3083//3075
f 3063//3055 3060//3052 3082//3074
f 3083//3075 3084//3076 3062//3054
f 3061//3053 3085//3077 2728//2722
f 3080//3072 3055//3047 3072//3064
f 3105//3097 3095//3087 3101//3093
f 3087//3079 3085//3077 3088//3080
f 3085//3077 3084//3076 3088//3080
f 3088//3080 3084//3076 3083//3075
f 3083//3075 3089//3081 3090//3082
f 3083//3075 3090//3082 3088//3080
f 3081//3073 3094//3086 3089//3081
f 3083//3075 3082//3074 3089//3081
f 3089//3081 3082//3074 3081//3073
f 3094//3086 3081//3073 3080//3072
f 3072//3064 3074//3066 3094//3086
f 3094//3086 3080//3072 3072//3064
f 3105//3097 3086//3078 3095//3087
f 3093//3085 3094//3086 3074//3066
f 3091//3083 3092//3084 3089//3081
f 3089//3081 3094//3086 3091//3083
f 3093//3085 3074//3066 3108//3100
f 3087//3079 3096//3088 3079//3071
f 3079//3071 3096//3088 3099//3091
f 3079//3071 3099//3091 3078//3070
f 3078//3070 3099//3091 3097//3089
f 3078//3070 3097//3089 3086//3078
f 3086//3078 3097//3089 3098//3090
f 3086//3078 3098//3090 3095//3087
f 3101//3093 3095//3087 3100//3092
f 3088//3080 3090//3082 3096//3088
f 3088//3080 3096//3088 3087//3079
f 3089//3081 3092//3084 3090//3082
f 3107//3099 3106//3098 3105//3097
f 3077//3069 3071//3063 3102//3094
f 3077//3069 3102//3094 3076//3068
f 3076//3068 3102//3094 3075//3067
f 3072//3064 3073//3065 3109//3101
f 3074//3066 3072//3064 3108//3100
f 2541//2535 3111//3103 3112//3104
f 2727//2721 3110//3102 3115//3107
f 3103//3095 3075//3067 3114//3106
f 3114//3106 3075//3067 3115//3107
f 3116//3108 3073//3065 3114//3106
f 3114//3106 3073//3065 3103//3095
f 3073//3065 3116//3108 3109//3101
f 3119//3111 3120//3112 3118//3110
f 3119//3111 3121//3113 3120//3112
f 3123//3115 3124//3116 3122//3114
f 2726//2720 2725//2719 3123//3115
f 3111//3103 3125//3117 3113//3105
f 3129//3121 3128//3120 3115//3107
f 3129//3121 3115//3107 3110//3102
f 3109//3101 3116//3108 3126//3118
f 3109//3101 3126//3118 3072//3064
f 3072//3064 3126//3118 3130//3122
f 3072//3064 3130//3122 3108//3100
f 3108//3100 3130//3122 3125//3117
f 2727//2721 2726//2720 3110//3102
f 3114//3106 3115//3107 3128//3120
f 3114//3106 3128//3120 3127//3119
f 3114//3106 3127//3119 3116//3108
f 3116//3108 3127//3119 3126//3118
f 3130//3122 3126//3118 3113//3105
f 3130//3122 3113//3105 3125//3117
f 3129//3121 2726//2720 3123//3115
f 3129//3121 3123//3115 3131//3123
f 3131//3123 3123//3115 3122//3114
f 3131//3123 3122//3114 3132//3124
f 3132//3124 3122//3114 3121//3113
f 3132//3124 3121//3113 3119//3111
f 3133//3125 3119//3111 3118//3110
f 3133//3125 3118//3110 3112//3104
f 3112//3104 3118//3110 3117//3109
f 3112//3104 3117//3109 2541//2535
f 3110//3102 2726//2720 3129//3121
f 3128//3120 3129//3121 3131//3123
f 3128//3120 3131//3123 3127//3119
f 3127//3119 3131//3123 3132//3124
f 3127//3119 3132//3124 3126//3118
f 3126//3118 3132//3124 3119//3111
f 3126//3118 3119//3111 3133//3125
f 3126//3118 3133//3125 3113//3105
f 3113//3105 3133//3125 3112//3104
f 3113//3105 3112//3104 3111//3103
f 3134//3126 2709//2703 2711//2705
f 3157//3149 2707//2701 2709//2703
f 2706//2700 2705//2699 3139//3131
f 3136//3128 2704//2698 3140//3132
f 3135//3127 3142//3134 3141//3133
f 3142//3134 3101//3093 3141//3133
f 3142//3134 3107//3099 3101//3093
f 3143//3135 3105//3097 3106//3098
f 3155//3147 3071//3063 3104//3096
f 3071//3063 3144//3136 3102//3094
f 3146//3138 3136//3128 3140//3132
f 3146//3138 3140//3132 3138//3130
f 3146//3138 3138//3130 3147//3139
f 3147//3139 3138//3130 3137//3129
f 2706//2700 3139//3131 3137//3129
f 3137//3129 3139//3131 3148//3140
f 3137//3129 3148//3140 3147//3139
f 3136//3128 3146//3138 3149//3141
f 2705//2699 3153//3145 3139//3131
f 3147//3139 3148//3140 3150//3142
f 3147//3139 3150//3142 3146//3138
f 3146//3138 3150//3142 3151//3143
f 3146//3138 3151//3143 3149//3141
f 3152//3144 3148//3140 3139//3131
f 2705//2699 2707//2701 3153//3145
f 3148//3140 3152//3144 3143//3135
f 3148//3140 3143//3135 3150//3142
f 3149//3141 3151//3143 3142//3134
f 3149//3141 3142//3134 3135//3127
f 3105//3097 3143//3135 3155//3147
f 3105//3097 3155//3147 3104//3096
f 3144//3136 3071//3063 3155//3147
f 3144//3136 3155//3147 3154//3146
f 3152//3144 3155//3147 3143//3135
f 3142//3134 3156//3148 3107//3099
f 3107//3099 3156//3148 3106//3098
f 3106//3098 3156//3148 3143//3135
f 3157//3149 3144//3136 3153//3145
f 3157//3149 2709//2703 3134//3126
f 2711//2705 2727//2721 3134//3126
f 3134//3126 2727//2721 3157//3149
f 3157//3149 2727//2721 3145//3137
f 3144//3136 3157//3149 3145//3137
f 3145//3137 2727//2721 3115//3107
f 3139//3131 3153//3145 3154//3146
f 3139//3131 3154//3146 3152//3144
f 3154//3146 3153//3145 3144//3136
f 3144//3136 3145//3137 3102//3094
f 3115//3107 3075//3067 3102//3094
f 3115//3107 3102//3094 3145//3137
f 3156//3148 3142//3134 3151//3143
f 3156//3148 3151//3143 3143//3135
f 3143//3135 3151//3143 3150//3142
f 3155//3147 3152//3144 3154//3146
f 3157//3149 3153//3145 2707//2701
f 2707//2701 2705//2699 3159//3151
f 3159//3151 2705//2699 3160//3152
f 2705//2699 3158//3150 3160//3152
f 3164//3156 3163//3155 3159//3151
f 3164//3156 3167//3159 3165//3157
f 3163//3155 3164//3156 3165//3157
f 3163//3155 3165//3157 3166//3158
f 3167//3159 3164//3156 3159//3151
f 3167//3159 3159//3151 3165//3157
f 3159//3151 3168//3160 3165//3157
f 3169//3161 3170//3162 3171//3163
f 3170//3162 3169//3161 3162//3154
f 3170//3162 3162//3154 3161//3153
f 3161//3153 3172//3164 3170//3162
f 3161//3153 3171//3163 3173//3165
f 3161//3153 3162//3154 3171//3163
f 3171//3163 3162//3154 3169//3161
f 2707//2701 3161//3153 2708//2702
f 2707//2701 3159//3151 3163//3155
f 2707//2701 3163//3155 3161//3153
f 2710//2704 2708//2702 3174//3166
f 3174//3166 2708//2702 3161//3153
f 3174//3166 3175//3167 2710//2704
f 3175//3167 3176//3168 2710//2704
f 3176//3168 2723//2717 2710//2704
f 2723//2717 3176//3168 2712//2706
f 2712//2706 3176//3168 2694//2688
f 3176//3168 2692//2686 2694//2688
f 2691//2685 2692//2686 3176//3168
f 2691//2685 3176//3168 2328//2324
f 3177//3169 2328//2324 3176//3168
f 3252//3244 3180//3172 3179//3171
f 3179//3171 3180//3172 3215//3207
f 3215//3207 3180//3172 3178//3170
f 3181//3173 3223//3215 3182//3174
f 3183//3175 3184//3176 3181//3173
f 3183//3175 3181//3173 3185//3177
f 3185//3177 3186//3178 3183//3175
f 3183//3175 3186//3178 3184//3176
f 3190//3182 3187//3179 3188//3180
f 3188//3180 3187//3179 3189//3181
f 3220//3212 3221//3213 3191//3183
f 3220//3212 3191//3183 3190//3182
f 3187//3179 3193//3185 3290//3281
f 3290//3281 3193//3185 2333//2329
f 3221//3213 3219//3211 3191//3183
f 3191//3183 3219//3211 3193//3185
f 3192//3184 3193//3185 3195//3187
f 3192//3184 3191//3183 3193//3185
f 3194//3186 3191//3183 3192//3184
f 3190//3182 3191//3183 3194//3186
f 3190//3182 3194//3186 3196//3188
f 3190//3182 3196//3188 3187//3179
f 3195//3187 3187//3179 3196//3188
f 3195//3187 3193//3185 3187//3179
f 3201//3193 3197//3189 3291//3282
f 3291//3282 3197//3189 3198//3190
f 3212//3204 3199//3191 3200//3192
f 3200//3192 3199//3191 3197//3189
f 3205//3197 3202//3194 3201//3193
f 3203//3195 3201//3193 3202//3194
f 3197//3189 3201//3193 3203//3195
f 3195//3187 3196//3188 3192//3184
f 3196//3188 3194//3186 3192//3184
f 3203//3195 3202//3194 3204//3196
f 3203//3195 3200//3192 3197//3189
f 3203//3195 3204//3196 3200//3192
f 3204//3196 3205//3197 3200//3192
f 3205//3197 3204//3196 3202//3194
f 3205//3197 3201//3193 2362//2358
f 2362//2358 3201//3193 3291//3282
f 3214//3206 3212//3204 3200//3192
f 3214//3206 3200//3192 3205//3197
f 3206//3198 3208//3200 3207//3199
f 3207//3199 3208//3200 3209//3201
f 3207//3199 3209//3201 3210//3202
f 3207//3199 3210//3202 3206//3198
f 3210//3202 3209//3201 3212//3204
f 3210//3202 3212//3204 3214//3206
f 3199//3191 3212//3204 3211//3203
f 3211//3203 3179//3171 3213//3205
f 3211//3203 3213//3205 3199//3191
f 3216//3208 3217//3209 3215//3207
f 3215//3207 3217//3209 3179//3171
f 3179//3171 3217//3209 3213//3205
f 3216//3208 3215//3207 3220//3212
f 3220//3212 3215//3207 3221//3213
f 3218//3210 3219//3211 3221//3213
f 3218//3210 3184//3176 3186//3178
f 3218//3210 3186//3178 3219//3211
f 3218//3210 3223//3215 3184//3176
f 3184//3176 3223//3215 3181//3173
f 3224//3216 3223//3215 3222//3214
f 3224//3216 3222//3214 3178//3170
f 3178//3170 3222//3214 3215//3207
f 3182//3174 3223//3215 3224//3216
f 3190//3182 3188//3180 2615//2609
f 3216//3208 3220//3212 3225//3217
f 3225//3217 3220//3212 3190//3182
f 3216//3208 3225//3217 3217//3209
f 3225//3217 3190//3182 2615//2609
f 2625//2619 2628//2622 3226//3218
f 2684//2678 2693//2687 2680//2674
f 3243//3235 3185//3177 3242//3234
f 3242//3234 3185//3177 3182//3174
f 2332//2328 2333//2329 3193//3185
f 3247//3239 2332//2328 3193//3185
f 2330//2326 2331//2327 3230//3222
f 2330//2326 3230//3222 2329//2325
f 2680//2674 2693//2687 2328//2324
f 2680//2674 2328//2324 2329//2325
f 2669//2663 2666//2660 3233//3225
f 2653//2647 2668//2662 2665//2659
f 2668//2662 2653//2647 2667//2661
f 2653//2647 2649//2643 2667//2661
f 2653//2647 2665//2659 2651//2645
f 2648//2642 2652//2646 3234//3226
f 2648//2642 3234//3226 3235//3227
f 3235//3227 3234//3226 3236//3228
f 3235//3227 3236//3228 2637//2631
f 3235//3227 2637//2631 2636//2630
f 2634//2628 3238//3230 2639//2633
f 2634//2628 3237//3229 2632//2626
f 2634//2628 2632//2626 3238//3230
f 2639//2633 3238//3230 2638//2632
f 3239//3231 3182//3174 3240//3232
f 3240//3232 3182//3174 3224//3216
f 3240//3232 3224//3216 3178//3170
f 3240//3232 3178//3170 3180//3172
f 3233//3225 3232//3224 3228//3220
f 3233//3225 3228//3220 2669//2663
f 3232//3224 3241//3233 3228//3220
f 2669//2663 3228//3220 2665//2659
f 3232//3224 2682//2676 3241//3233
f 3242//3234 3182//3174 3239//3231
f 3181//3173 3182//3174 3185//3177
f 3229//3221 3185//3177 3243//3235
f 3229//3221 3243//3235 3244//3236
f 3245//3237 3244//3236 2665//2659
f 3245//3237 2665//2659 3228//3220
f 3245//3237 3228//3220 3246//3238
f 3246//3238 3228//3220 3241//3233
f 3246//3238 3241//3233 2682//2676
f 2682//2676 3232//3224 3231//3223
f 3231//3223 3232//3224 3233//3225
f 3247//3239 3193//3185 3185//3177
f 3185//3177 3193//3185 3219//3211
f 3185//3177 3219//3211 3186//3178
f 3247//3239 2331//2327 2332//2328
f 3246//3238 2680//2674 2329//2325
f 3246//3238 2329//2325 3230//3222
f 3245//3237 3230//3222 2331//2327
f 3245//3237 2331//2327 3229//3221
f 3229//3221 2331//2327 3247//3239
f 3247//3239 3185//3177 3229//3221
f 3229//3221 3244//3236 3245//3237
f 3230//3222 3245//3237 3246//3238
f 2680//2674 3246//3238 2682//2676
f 3237//3229 2634//2628 3227//3219
f 3237//3229 3227//3219 3248//3240
f 3248//3240 3227//3219 3234//3226
f 3248//3240 3234//3226 2651//2645
f 2651//2645 3234//3226 2652//2646
f 3234//3226 3227//3219 3236//3228
f 3236//3228 3227//3219 2637//2631
f 2637//2631 3227//3219 2634//2628
f 2651//2645 2665//2659 3244//3236
f 2651//2645 3244//3236 3248//3240
f 3248//3240 3244//3236 3243//3235
f 3248//3240 3243//3235 3242//3234
f 3248//3240 3242//3234 3237//3229
f 3237//3229 3242//3234 3239//3231
f 3249//3241 2628//2622 2626//2620
f 3249//3241 3226//3218 2628//2622
f 3249//3241 2627//2621 3226//3218
f 3226//3218 2627//2621 2625//2619
f 2626//2620 3218//3210 3249//3241
f 3249//3241 3218//3210 3221//3213
f 3249//3241 3221//3213 2627//2621
f 2627//2621 3221//3213 3215//3207
f 2627//2621 3215//3207 3222//3214
f 2627//2621 3222//3214 2626//2620
f 2626//2620 3222//3214 3223//3215
f 2626//2620 3223//3215 3218//3210
f 2620//2614 3209//3201 3250//3242
f 2620//2614 3250//3242 2622//2616
f 2622//2616 3250//3242 3179//3171
f 2622//2616 3179//3171 2623//2617
f 2623//2617 3179//3171 3211//3203
f 2623//2617 3211//3203 3212//3204
f 2623//2617 3212//3204 2620//2614
f 2620//2614 3212//3204 3209//3201
f 3251//3243 3250//3242 3209//3201
f 3250//3242 3252//3244 3179//3171
f 3253//3245 3251//3243 3209//3201
f 3253//3245 3209//3201 3208//3200
f 3254//3246 3251//3243 3253//3245
f 3225//3217 3197//3189 3217//3209
f 3197//3189 3199//3191 3217//3209
f 3217//3209 3199//3191 3213//3205
f 2621//2615 2624//2618 2619//2613
f 3206//3198 3253//3245 3208//3200
f 3253//3245 3206//3198 3254//3246
f 3252//3244 3240//3232 3180//3172
f 2638//2632 3238//3230 2629//2623
f 2656//2650 3258//3250 2658//2652
f 2658//2652 3258//3250 3257//3249
f 2645//2639 2660//2654 2659//2653
f 2646//2640 2645//2639 2659//2653
f 2658//2652 3257//3249 2657//2651
f 2659//2653 2657//2651 2642//2636
f 2659//2653 2642//2636 2646//2640
f 3262//3254 2662//2656 3260//3252
f 3256//3248 3261//3253 3262//3254
f 3263//3255 2677//2671 3256//3248
f 3263//3255 2675//2669 2677//2671
f 2334//2330 2675//2669 2373//2369
f 3271//3263 2370//2366 2371//2367
f 3214//3206 3205//3197 3265//3257
f 3205//3197 2362//2358 2375//2371
f 3210//3202 3214//3206 3265//3257
f 3210//3202 3265//3257 3206//3198
f 3205//3197 2375//2371 3265//3257
f 3254//3246 3266//3258 3239//3231
f 3239//3231 3266//3258 3267//3259
f 3239//3231 3240//3232 3254//3246
f 3254//3246 3240//3232 3252//3244
f 3268//3260 3269//3261 3270//3262
f 3268//3260 3270//3262 3271//3263
f 3271//3263 3270//3262 3265//3257
f 3271//3263 3265//3257 2370//2366
f 3271//3263 3259//3251 3268//3260
f 2642//2636 3259//3251 3260//3252
f 3259//3251 3271//3263 3264//3256
f 3264//3256 3271//3263 2371//2367
f 2676//2670 2675//2669 2690//2684
f 2690//2684 2675//2669 2334//2330
f 3264//3256 3272//3264 3259//3251
f 3259//3251 3272//3264 3260//3252
f 2642//2636 3260//3252 2662//2656
f 3264//3256 2373//2369 3272//3264
f 3272//3264 3263//3255 3260//3252
f 3260//3252 3263//3255 3262//3254
f 2373//2369 2675//2669 3272//3264
f 3272//3264 2675//2669 3263//3255
f 3262//3254 3263//3255 3256//3248
f 2661//2655 2662//2656 3261//3253
f 3261//3253 2662//2656 3262//3254
f 3264//3256 2371//2367 2373//2369
f 3239//3231 3267//3259 3237//3229
f 3269//3261 2657//2651 3257//3249
f 3257//3249 3255//3247 3269//3261
f 2632//2626 3237//3229 3267//3259
f 2632//2626 3267//3259 3266//3258
f 3270//3262 3206//3198 3265//3257
f 3265//3257 2375//2371 2370//2366
f 3206//3198 3270//3262 3254//3246
f 3254//3246 3270//3262 3269//3261
f 3254//3246 3269//3261 3266//3258
f 3255//3247 3257//3249 3258//3250
f 3255//3247 3258//3250 2641//2635
f 2641//2635 3258//3250 2640//2634
f 3259//3251 2642//2636 3268//3260
f 3268//3260 2642//2636 2657//2651
f 3268//3260 2657//2651 3269//3261
f 3266//3258 3269//3261 3255//3247
f 3266//3258 3255//3247 2632//2626
f 2632//2626 3255//3247 2641//2635
f 3252//3244 3250//3242 3254//3246
f 3254//3246 3250//3242 3251//3243
f 3274//3266 3273//3265 3275//3267
f 3274//3266 3275//3267 3276//3268
f 3276//3268 3289//3280 3274//3266
f 3274//3266 3289//3280 3273//3265
f 3278//3269 3277//2604 3279//3270
f 3278//3269 3279//3270 3286//3277
f 3286//3277 3279//3270 3280//3271
f 3281//3272 3282//3273 3283//3274
f 3282//3273 3281//3272 2614//2608
f 2614//2608 3281//3272 3284//3275
f 3283//3274 3282//3273 3285//3276
f 3283//3274 3285//3276 3286//3277
f 3278//3269 3285//3276 3287//3278
f 3286//3277 3285//3276 3278//3269
f 3288//3279 3278//3269 3287//3278
f 3288//3279 3287//3278 3289//3280
f 3289//3280 3287//3278 3273//3265
f 3189//3181 3290//3281 2616//2610
f 3290//3281 2333//2329 3273//3265
f 3273//3265 2333//2329 3275//3267
f 3188//3180 3189//3181 2615//2609
f 2615//2609 3189//3181 2616//2610
f 3189//3181 3187//3179 3290//3281
f 2614//2608 2616//2610 3282//3273
f 3291//3282 3198//3190 2614//2608
f 2614//2608 3198//3190 2613//2607
f 3291//3282 3292//3283 2362//2358
f 2362//2358 3292//3283 2363//2359
f 2363//2359 3292//3283 2618//2612
f 3298//3289 3294//3285 3293//3284
f 3293//3284 3294//3285 3295//3286
f 3293//3284 3295//3286 3296//3287
f 3296//3287 3295//3286 3297//3288
f 3297//3288 3295//3286 3298//3289
f 3297//3288 3298//3289 3293//3284
f 3299//3290 3300//3291 3302//3293
f 3302//3293 3300//3291 3301//3292
f 3302//3293 3301//3292 3299//3290
f 3299//3290 3301//3292 3303//3294
f 3299//3290 3303//3294 3300//3291
f 3301//3292 3273//3265 3287//3278
f 3301//3292 3287//3278 3285//3276
f 3301//3292 3285//3276 3303//3294
f 3303//3294 3285//3276 3300//3291
f 3300//3291 3285//3276 3282//3273
f 3300//3291 3282//3273 2616//2610
f 3300//3291 2616//2610 3290//3281
f 3300//3291 3290//3281 3301//3292
f 3301//3292 3290//3281 3273//3265
f 3295//3286 2614//2608 3304//3295
f 3295//3286 3304//3295 3305//3296
f 3295//3286 3305//3296 3298//3289
f 3298//3289 3305//3296 2618//2612
f 3298//3289 2618//2612 3294//3285
f 3294//3285 2618//2612 3292//3283
f 3294//3285 3292//3283 3291//3282
f 3294//3285 3291//3282 3295//3286
f 3295//3286 3291//3282 2614//2608
f 2361//2357 2618//2612 3305//3296
f 2361//2357 3305//3296 2358//2354
f 3304//3295 2611//2605 3305//3296
f 2358//2354 3305//3296 2611//2605
f 3306//3297 2611//2605 3304//3295
f 3306//3297 3304//3295 3284//3275
f 3284//3275 3304//3295 2614//2608
f 3307//3298 2612//2606 3306//3297
f 3306//3297 2612//2606 3308//3299
f 3308//3299 2610//2604 2611//2605
f 3308//3299 2611//2605 3306//3297
f 2610//2604 3308//3299 2612//2606
f 3277//2604 3309//3300 3279//3270
f 3310//3301 3279//3270 3288//3279
f 3288//3279 3279//3270 3309//3300
f 3309//3300 3277//2604 3278//3269
f 3309//3300 3278//3269 3288//3279
f 2359//2355 2612//2606 3311//3302
f 2359//2355 3311//3302 2357//2353
f 3307//3298 3312//3303 2612//2606
f 2612//2606 3312//3303 3279//3270
f 3279//3270 3312//3303 3280//3271
f 2609//2603 2601//2595 3279//3270
f 2609//2603 3279//3270 3310//3301
f 3311//3302 3313//3304 2357//2353
f 2568//2562 2357//2353 3313//3304
f 2354//2350 2568//2562 3314//3305
f 3318//3309 3319//3310 3317//3308
f 3316//3307 3319//3310 3315//3306
f 3315//3306 3319//3310 3318//3309
f 3316//3307 3315//3306 3320//3311
f 3316//3307 3320//3311 3317//3308
f 3317//3308 3320//3311 3318//3309
f 3321//3312 3324//3315 3323//3314
f 3321//3312 3322//3313 3324//3315
f 3322//3313 3321//3312 3325//3316
f 3325//3316 3321//3312 3326//3317
f 3325//3316 3326//3317 3323//3314
f 3325//3316 3323//3314 3324//3315
f 3315//3306 2604//2598 3320//3311
f 3320//3311 2604//2598 2603//2597
f 3320//3311 2603//2597 3318//3309
f 3318//3309 2603//2597 2601//2595
f 3318//3309 2601//2595 2572//2566
f 3318//3309 2572//2566 3315//3306
f 3315//3306 2572//2566 2606//2600
f 3315//3306 2606//2600 2604//2598
f 3323//3314 3314//3305 3321//3312
f 3321//3312 3314//3305 2568//2562
f 3321//3312 2568//2562 3313//3304
f 3321//3312 3313//3304 3311//3302
f 3321//3312 3311//3302 3326//3317
f 3326//3317 3311//3302 2581//2575
f 3326//3317 2581//2575 3327//3318
f 3326//3317 3327//3318 3323//3314
f 3323//3314 3327//3318 3314//3305
f 3314//3305 3327//3318 2338//2334
f 3327//3318 2581//2575 2353//2349
f 3327//3318 2353//2349 2338//2334
f 2584//2578 2581//2575 3311//3302
f 2584//2578 3311//3302 2598//2592
f 2338//2334 2337//2333 3314//3305
f 3314//3305 2337//2333 2335//2331
f 2583//2577 2584//2578 2587//2581
f 2600//2594 2588//2582 2599//2593
f 2599//2593 2588//2582 2587//2581
f 2599//2593 2587//2581 2584//2578
f 2599//2593 2584//2578 2598//2592
f 3307//3298 3306//3297 3284//3275
f 3307//3298 3284//3275 3281//3272
f 3312//3303 3307//3298 3281//3272
f 2613//2607 3198//3190 3197//3189
f 2613//2607 3197//3189 3225//3217
f 3293//3284 3296//3287 3297//3288
f 3324//3315 3322//3313 3325//3316
f 2335//2331 2355//2351 3314//3305
f 3314//3305 2355//2351 2354//2350
f 3311//3302 2612//2606 2601//2595
f 2601//2595 2612//2606 3279//3270
f 2607//2601 3328//3319 2605//2599
f 2605//2599 3328//3319 2573//2567
f 2588//2582 2600//2594 2585//2579
f 2585//2579 2602//2596 2586//2580
f 2602//2596 2585//2579 2600//2594
f 3283//3274 3280//3271 3312//3303
f 3283//3274 3286//3277 3280//3271
f 3281//3272 3283//3274 3312//3303
f 3225//3217 2615//2609 2613//2607
f 3319//3310 3316//3307 3317//3308
f 2569//2563 3289//3280 3276//3268
f 2569//2563 3276//3268 2332//2328
f 3275//3267 2332//2328 3276//3268
f 3275//3267 2333//2329 2332//2328
f 3310//3301 3288//3279 2609//2603
f 2609//2603 3288//3279 2569//2563
f 2569//2563 3288//3279 3289//3280
f 2569//2563 2571//2565 2609//2603
f 3328//3319 2607//2601 2569//2563
f 2569//2563 2607//2601 2608//2602
f 3331//3322 2574//2568 2573//2567
f 2929//2921 3340//3331 2931//2923
f 2928//2920 3332//3323 3337//3328
f 2928//2920 3337//3328 2927//2919
f 2927//2919 3337//3328 2914//2906
f 2914//2906 3337//3328 3338//3329
f 2914//2906 3338//3329 3333//3324
f 3333//3324 3338//3329 3330//3321
f 3333//3324 3330//3321 3341//3332
f 3329//3320 2329//2325 2328//2324
f 3336//3327 3334//3325 3337//3328
f 3337//3328 3334//3325 3335//3326
f 3337//3328 3335//3326 3338//3329
f 3338//3329 3335//3326 3329//3320
f 3338//3329 3329//3320 3330//3321
f 3336//3327 3337//3328 3332//3323
f 2364//2360 2350//2346 3339//3330
f 3339//3330 2350//2346 2580//2574
f 3339//3330 2580//2574 3340//3331
f 3340//3331 2580//2574 2596//2590
f 2340//2336 2364//2360 3339//3330
f 2340//2336 3339//3330 2929//2921
f 2929//2921 3339//3330 3340//3331
f 2569//2563 2332//2328 3328//3319
f 3328//3319 2332//2328 2331//2327
f 3328//3319 2331//2327 2573//2567
f 2573//2567 2331//2327 2330//2326
f 3331//3322 3336//3327 3340//3331
f 3340//3331 3336//3327 3332//3323
f 3340//3331 3332//3323 2931//2923
f 2931//2923 3332//3323 2928//2920
f 3340//3331 2596//2590 3331//3322
f 3331//3322 2596//2590 2597//2591
f 3331//3322 2597//2591 2576//2570
f 3331//3322 2576//2570 2574//2568
f 2329//2325 3329//3320 3335//3326
f 2329//2325 3335//3326 2330//2326
f 2330//2326 3335//3326 2573//2567
f 2573//2567 3335//3326 3334//3325
f 2573//2567 3334//3325 3331//3322
f 3331//3322 3334//3325 3336//3327
f 3231//3223 2681//2675 2682//2676
f 2683//2677 2694//2688 2693//2687
f 2693//2687 2684//2678 2683//2677
f 3329//3320 2328//2324 3177//3169
f 3330//3321 3329//3320 3177//3169
f 3177//3169 3176//3168 3341//3332
f 3341//3332 3176//3168 3175//3167
f 3341//3332 3330//3321 3177//3169
f 2694//2688 2683//2677 2712//2706
f 2712//2706 2683//2677 2681//2675
f 2712//2706 2681//2675 2721//2715
f 2721//2715 2681//2675 3231//3223
f 3233//3225 2721//2715 3231//3223
f 3233//3225 2719//2713 2721//2715
f 3233//3225 2718//2712 2719//2713
f 2666//2660 2717//2711 3233//3225
f 3233//3225 2717//2711 2718//2712
f 2667//2661 2717//2711 2666//2660
f 2667//2661 2716//2710 2717//2711
f 2716//2710 2667//2661 2649//2643
f 2716//2710 2649//2643 2648//2642
f 2648//2642 2715//2709 2716//2710
f 3235//3227 2715//2709 2648//2642
f 3235//3227 2713//2707 2715//2709
f 3235//3227 2714//2708 2713//2707
f 3350//3341 3345//3336 3343//3334
f 3346//3337 3344//3335 3347//3338
f 2714//2708 3342//3333 2540//2534
f 3346//3337 2717//2711 2716//2710
f 3347//3338 2717//2711 3346//3337
f 2718//2712 2717//2711 3347//3338
f 2720//2714 2724//2718 2721//2715
f 3348//3339 2564//2558 2566//2560
f 2566//2560 2545//2539 3349//3340
f 3350//3341 2720//2714 2718//2712
f 3350//3341 2718//2712 3347//3338
f 3351//3342 2724//2718 2720//2714
f 3351//3342 2720//2714 3350//3341
f 3345//3336 3350//3341 3347//3338
f 3345//3336 3347//3338 3344//3335
f 3352//3343 3343//3334 3345//3336
f 3121//3113 3122//3114 3353//3344
f 3353//3344 3122//3114 3343//3334
f 3353//3344 3343//3334 3352//3343
f 3122//3114 3124//3116 3343//3334
f 3343//3334 3354//3345 3350//3341
f 3350//3341 3354//3345 3351//3342
f 3354//3345 2725//2719 3351//3342
f 3124//3116 3123//3115 2725//2719
f 3124//3116 2725//2719 3354//3345
f 2724//2718 3351//3342 2725//2719
f 3343//3334 3124//3116 3354//3345
f 3349//3340 2545//2539 3355//3346
f 3355//3346 2545//2539 2541//2535
f 3355//3346 2541//2535 3117//3109
f 2713//2707 2714//2708 3356//3347
f 3356//3347 2714//2708 2540//2534
f 3357//3348 3348//3339 3358//3349
f 3359//3350 3355//3346 3120//3112
f 3120//3112 3355//3346 3118//3110
f 3358//3349 3348//3339 2566//2560
f 3358//3349 2566//2560 3349//3340
f 3358//3349 3349//3340 3359//3350
f 3359//3350 3349//3340 3355//3346
f 3355//3346 3117//3109 3118//3110
f 3360//3351 2713//2707 3356//3347
f 3346//3337 3360//3351 3362//3353
f 3362//3353 3357//3348 3363//3354
f 2716//2710 2713//2707 3346//3337
f 3346//3337 2713//2707 3360//3351
f 3344//3335 3346//3337 3362//3353
f 3361//3352 3357//3348 3362//3353
f 3362//3353 3363//3354 3352//3343
f 3352//3343 3363//3354 3353//3344
f 3353//3344 3363//3354 3364//3355
f 3353//3344 3364//3355 3120//3112
f 3353//3344 3120//3112 3121//3113
f 2540//2534 2564//2558 3348//3339
f 2540//2534 3348//3339 3361//3352
f 3361//3352 3348//3339 3357//3348
f 3357//3348 3358//3349 3363//3354
f 3363//3354 3358//3349 3359//3350
f 3363//3354 3359//3350 3364//3355
f 3364//3355 3359//3350 3120//3112
f 3344//3335 3362//3353 3352//3343
f 3352//3343 3345//3336 3344//3335
f 3361//3352 3362//3353 3360//3351
f 3361//3352 3360//3351 3356//3347
f 3361//3352 3356//3347 2540//2534
f 2714//2708 3235//3227 2636//2630
f 2714//2708 2636//2630 3342//3333
f 2629//2623 2524//2518 2638//2632
f 2638//2632 2524//2518 3342//3333
f 2638//2632 3342//3333 2636//2630
f 2640//2634 2524//2518 2629//2623
f 2524//2518 3258//3250 2525//2519
f 3258//3250 2524//2518 2640//2634
f 2526//2520 2525//2519 3258//3250
f 2526//2520 3258//3250 2527//2521
f 2527//2521 3258//3250 2656//2650
f 2656//2650 2660//2654 2527//2521
f 2527//2521 2660//2654 2645//2639
f 2645//2639 2528//2522 2527//2521
f 2661//2655 2528//2522 2645//2639
f 2528//2522 2661//2655 2529//2523
f 2529//2523 2661//2655 3261//3253
f 2529//2523 3261//3253 3256//3248
f 2529//2523 3256//3248 2530//2524
f 2532//2526 2530//2524 3256//3248
f 2532//2526 3256//3248 2670//2664
f 2670//2664 2523//2517 2532//2526
f 2670//2664 2671//2665 2523//2517
f 2523//2517 2671//2665 2687//2681
f 2523//2517 2687//2681 3365//3356
f 3365//3356 2687//2681 2686//2680
f 2686//2680 3478//3469 3365//3356
f 3365//3356 3478//3469 3366//3357
f 2696//2690 3365//3356 3366//3357
f 2532//2526 2523//2517 2531//2525
f 2535//2529 2531//2525 2523//2517
f 3368//3359 3367//3358 3369//3360
f 3368//3359 3369//3360 2535//2529
f 3371//3362 3370//3361 3368//3359
f 2696//2690 3371//3362 3368//3359
f 3365//3356 2696//2690 3368//3359
f 3368//3359 3370//3361 3367//3358
f 3368//3359 2535//2529 2523//2517
f 3368//3359 2523//2517 3365//3356
f 3092//3084 3372//3363 3090//3082
f 3090//3082 3372//3363 3373//3364
f 2556//2550 2559//2553 3383//3374
f 2556//2550 3383//3374 2552//2546
f 2548//2542 2554//2548 3375//3366
f 2548//2542 3375//3366 2541//2535
f 3379//3370 3378//3369 3380//3371
f 3379//3370 3380//3371 3381//3372
f 3111//3103 3382//3373 3125//3117
f 3125//3117 3382//3373 3381//3372
f 3372//3363 3380//3371 3378//3369
f 3372//3363 3378//3369 3377//3368
f 3373//3364 3377//3368 3376//3367
f 3373//3364 3376//3367 3374//3365
f 3374//3365 3376//3367 3367//3358
f 3367//3358 3370//3361 3374//3365
f 3377//3368 3373//3364 3372//3363
f 3380//3371 3372//3363 3092//3084
f 3380//3371 3092//3084 3091//3083
f 3380//3371 3091//3083 3381//3372
f 3381//3372 3091//3083 3094//3086
f 3381//3372 3094//3086 3125//3117
f 3125//3117 3094//3086 3093//3085
f 3125//3117 3093//3085 3108//3100
f 3111//3103 3375//3366 3382//3373
f 3382//3373 3375//3366 2554//2548
f 3382//3373 2554//2548 3379//3370
f 3378//3369 3383//3374 2559//2553
f 3378//3369 2559//2553 3384//3375
f 3376//3367 3384//3375 3369//3360
f 2552//2546 3383//3374 3379//3370
f 2552//2546 3379//3370 2554//2548
f 2541//2535 3375//3366 3111//3103
f 3369//3360 3367//3358 3376//3367
f 3384//3375 3376//3367 3377//3368
f 3384//3375 3377//3368 3378//3369
f 3383//3374 3378//3369 3379//3370
f 3379//3370 3381//3372 3382//3373
f 3096//3088 3373//3364 3374//3365
f 3096//3088 3090//3082 3373//3364
f 3099//3091 3096//3088 3391//3382
f 3097//3089 3387//3378 3098//3090
f 3101//3093 3100//3092 3141//3133
f 3389//3380 2703//2697 3136//3128
f 3136//3128 2703//2697 2704//2698
f 3386//3377 3374//3365 3370//3361
f 3386//3377 3370//3361 3371//3362
f 3390//3381 3391//3382 3386//3377
f 3386//3377 3391//3382 3374//3365
f 3374//3365 3391//3382 3096//3088
f 3392//3383 3141//3133 3100//3092
f 3392//3383 3100//3092 3095//3087
f 2700//2694 3385//3376 2699//2693
f 2699//2693 3385//3376 3390//3381
f 3393//3384 3394//3385 3395//3386
f 3391//3382 3397//3388 3388//3379
f 3391//3382 3388//3379 3099//3091
f 3393//3384 3389//3380 3394//3385
f 3389//3380 3149//3141 3135//3127
f 3389//3380 3135//3127 3394//3385
f 3394//3385 3135//3127 3398//3389
f 3395//3386 3398//3389 3387//3378
f 3395//3386 3387//3378 3396//3387
f 3135//3127 3141//3133 3398//3389
f 3398//3389 3141//3133 3392//3383
f 3392//3383 3095//3087 3098//3090
f 3398//3389 3392//3383 3387//3378
f 3387//3378 3392//3383 3098//3090
f 3389//3380 3136//3128 3149//3141
f 3394//3385 3398//3389 3395//3386
f 3397//3388 3396//3387 3387//3378
f 3397//3388 3387//3378 3388//3379
f 3388//3379 3387//3378 3097//3089
f 3388//3379 3097//3089 3099//3091
f 2700//2694 2701//2695 3399//3390
f 2700//2694 3399//3390 3385//3376
f 2695//2689 2699//2693 3390//3381
f 3397//3388 3385//3376 3399//3390
f 3393//3384 3400//3391 2702//2696
f 2701//2695 2702//2696 3400//3391
f 2701//2695 3400//3391 3399//3390
f 2703//2697 3389//3380 2702//2696
f 2702//2696 3389//3380 3393//3384
f 3400//3391 3393//3384 3395//3386
f 3400//3391 3395//3386 3399//3390
f 3399//3390 3395//3386 3396//3387
f 3399//3390 3396//3387 3397//3388
f 3385//3376 3397//3388 3391//3382
f 3385//3376 3391//3382 3390//3381
f 3390//3381 3386//3377 2695//2689
f 2696//2690 2695//2689 3386//3377
f 2696//2690 3386//3377 3371//3362
f 3366//3357 3401//3392 2695//2689
f 3409//3400 2697//2691 3402//3393
f 2697//2691 2695//2689 3402//3393
f 3402//3393 2695//2689 3401//3392
f 3403//3394 3405//3396 3404//3395
f 3404//3395 3405//3396 3406//3397
f 3408//3399 3407//3398 3409//3400
f 3407//3398 3408//3399 3412//3403
f 3407//3398 3412//3403 3411//3402
f 3411//3402 3410//3401 3407//3398
f 3481//3472 3411//3402 3409//3400
f 3411//3402 3412//3403 3408//3399
f 3411//3402 3408//3399 3409//3400
f 3403//3394 3404//3395 3413//3404
f 3414//3405 3413//3404 3404//3395
f 3404//3395 3406//3397 3414//3405
f 3414//3405 3406//3397 3415//3406
f 3414//3405 3405//3396 3403//3394
f 3414//3405 3403//3394 3413//3404
f 2697//2691 3405//3396 2698//2692
f 2697//2691 3407//3398 3406//3397
f 2697//2691 3406//3397 3405//3396
f 3409//3400 3407//3398 2697//2691
f 3416//3407 2700//2694 3417//3408
f 3417//3408 2700//2694 2698//2692
f 3417//3408 2698//2692 3405//3396
f 2700//2694 3416//3407 2701//2695
f 3418//3409 2701//2695 3416//3407
f 2702//2696 2701//2695 3418//3409
f 3418//3409 3419//3410 2702//2696
f 2702//2696 3419//3410 2703//2697
f 2703//2697 3419//3410 2704//2698
f 2509//2503 2511//2505 2521//2515
f 2521//2515 2704//2698 3419//3410
f 2505//2499 2507//2501 2515//2509
f 2521//2515 2515//2509 2704//2698
f 2704//2698 2515//2509 3140//3132
f 3140//3132 2515//2509 3138//3130
f 3138//3130 2515//2509 3420//3411
f 3420//3411 3421//3412 3138//3130
f 3138//3130 3421//3412 3137//3129
f 3137//3129 3421//3412 2706//2700
f 3158//3150 2705//2699 2706//2700
f 3158//3150 2706//2700 3421//3412
f 3423//3414 3424//3415 3425//3416
f 3423//3414 3425//3416 3426//3417
f 3426//3417 3425//3416 3427//3418
f 3428//3419 2497//2491 3423//3414
f 3423//3414 2497//2491 3424//3415
f 2497//2491 3429//3420 3432//3423
f 3430//3421 3431//3422 3429//3420
f 3429//3420 3431//3422 3432//3423
f 3429//3420 2497//2491 3428//3419
f 3426//3417 3427//3418 3431//3422
f 3426//3417 3431//3422 3430//3421
f 3433//3424 3434//3425 3435//3426
f 3435//3426 3434//3425 3431//3422
f 3438//3429 2499//2493 3439//3430
f 3438//3429 3439//3430 3440//3431
f 3438//3429 3440//3431 3441//3432
f 3441//3432 3440//3431 3437//3428
f 3437//3428 3440//3431 3436//3427
f 2499//2493 3438//3429 3442//3433
f 3442//3433 3438//3429 3443//3434
f 3442//3433 3443//3434 2500//2494
f 2500//2494 3443//3434 3444//3435
f 2500//2494 3444//3435 2433//2429
f 3445//3436 3455//3446 2432//2428
f 3445//3436 2432//2428 3446//3437
f 3446//3437 2432//2428 2434//2430
f 3446//3437 2434//2430 3444//3435
f 3444//3435 2434//2430 2433//2429
f 3450//3441 3449//3440 3447//3438
f 3447//3438 3449//3440 3448//3439
f 3447//3438 3448//3439 3445//3436
f 3445//3436 3448//3439 3455//3446
f 3436//3427 3449//3440 3437//3428
f 3437//3428 3449//3440 3450//3441
f 3451//3442 3434//3425 3433//3424
f 3437//3428 3433//3424 3441//3432
f 3437//3428 3450//3441 3433//3424
f 3431//3422 3452//3443 3451//3442
f 3431//3422 3453//3444 3452//3443
f 3452//3443 3453//3444 3454//3445
f 3454//3445 3453//3444 2443//2439
f 3454//3445 2443//2439 3455//3446
f 3454//3445 3455//3446 3456//3447
f 3456//3447 3455//3446 3457//3448
f 3457//3448 3455//3446 3422//3413
f 3457//3448 3422//3413 3450//3441
f 3450//3441 3422//3413 3436//3427
f 3436//3427 3433//3424 3450//3441
f 3458//3449 3439//3430 2499//2493
f 3459//3450 3439//3430 3458//3449
f 3439//3430 3459//3450 3460//3451
f 3433//3424 3435//3426 3441//3432
f 3435//3426 3460//3451 3441//3432
f 3441//3432 3460//3451 3459//3450
f 2497//2491 3461//3452 2499//2493
f 2499//2493 3461//3452 3458//3449
f 3431//3422 3462//3453 3463//3454
f 3463//3454 3462//3453 3461//3452
f 3463//3454 3461//3452 2497//2491
f 3431//3422 3434//3425 3462//3453
f 3464//3455 2441//2437 3465//3456
f 3465//3456 2441//2437 3427//3418
f 2441//2437 3464//3455 2416//2412
f 2416//2412 3464//3455 3466//3457
f 2416//2412 3466//3457 2414//2410
f 3466//3457 2490//2484 2414//2410
f 3467//3458 2490//2484 3466//3457
f 3467//3458 3424//3415 2490//2484
f 2489//2483 2493//2487 2488//2482
f 2487//2481 2491//2485 2489//2483
f 2489//2483 2491//2485 2493//2487
f 2496//2490 2498//2492 2503//2497
f 2503//2497 2498//2492 2501//2495
f 2433//2429 2502//2496 2501//2495
f 2501//2495 2502//2496 2503//2497
f 3426//3417 3429//3420 3423//3414
f 3423//3414 3429//3420 3428//3419
f 3429//3420 3426//3417 3430//3421
f 2830//2824 2831//2825 2833//2827
f 3173//3165 2828//2822 3161//3153
f 3161//3153 2828//2822 3174//3166
f 3161//3153 3163//3155 3166//3158
f 3160//3152 3469//3460 3159//3151
f 3158//3150 3421//3412 2460//2456
f 3420//3411 2515//2509 3470//3461
f 3441//3432 3462//3453 3434//3425
f 3438//3429 3441//3432 2923//2915
f 3458//3449 3461//3452 3459//3450
f 3459//3450 3461//3452 3462//3453
f 3459//3450 3462//3453 3441//3432
f 3471//3462 3443//3434 3438//3429
f 2517//2511 2515//2509 2521//2515
f 3469//3460 3160//3152 3158//3150
f 3159//3151 3469//3460 3168//3160
f 3166//3158 3172//3164 3161//3153
f 3166//3158 3165//3157 3170//3162
f 3172//3164 3166//3158 3170//3162
f 3341//3332 2822//2816 3333//3324
f 3341//3332 3175//3167 2822//2816
f 2822//2816 3175//3167 2833//2827
f 2822//2816 2833//2827 2835//2829
f 2833//2827 2837//2831 2835//2829
f 3175//3167 3174//3166 2828//2822
f 3175//3167 2828//2822 2833//2827
f 2833//2827 2828//2822 2830//2824
f 2810//2804 2828//2822 3173//3165
f 2923//2915 3441//3432 3434//3425
f 2460//2456 2459//2455 3158//3150
f 2460//2456 2462//2458 2459//2455
f 2459//2455 2462//2458 2458//2454
f 2482//2476 2464//2460 2481//2475
f 2481//2475 2464//2460 2460//2456
f 2481//2475 2460//2456 3421//3412
f 2476//2470 2481//2475 3420//3411
f 3420//3411 2481//2475 3421//3412
f 2476//2470 3420//3411 3470//3461
f 2476//2470 3470//3461 3471//3462
f 2476//2470 3471//3462 2466//2462
f 2450//2446 2471//2467 3473//3464
f 3158//3150 3472//3463 3469//3460
f 3469//3460 3472//3463 3165//3157
f 3165//3157 3472//3463 3473//3464
f 3473//3464 3472//3463 2450//2446
f 2450//2446 3472//3463 2459//2455
f 2459//2455 3472//3463 3158//3150
f 2515//2509 2514//2508 3470//3461
f 3470//3461 2514//2508 2513//2507
f 3470//3461 2513//2507 3471//3462
f 3471//3462 2513//2507 3444//3435
f 3471//3462 3444//3435 3443//3434
f 3473//3464 3171//3163 3165//3157
f 3165//3157 3171//3163 3170//3162
f 3171//3163 3473//3464 2922//2914
f 2469//2465 2468//2464 2466//2462
f 2469//2465 2466//2462 2471//2467
f 2471//2467 2466//2462 3468//3459
f 2471//2467 3468//3459 3474//3465
f 3473//3464 3474//3465 2922//2914
f 2466//2462 3471//3462 3468//3459
f 2922//2914 3474//3465 2921//2913
f 3438//3429 2923//2915 3468//3459
f 3468//3459 2923//2915 2921//2913
f 3471//3462 3438//3429 3468//3459
f 3468//3459 2921//2913 3474//3465
f 3171//3163 2810//2804 3173//3165
f 3473//3464 2471//2467 3474//3465
f 2821//2815 2914//2906 2818//2812
f 2818//2812 2914//2906 3333//3324
f 2922//2914 2918//2910 3171//3163
f 3171//3163 2918//2910 2808//2802
f 3171//3163 2808//2802 2810//2804
f 3168//3160 3469//3460 3165//3157
f 3466//3457 3465//3456 3467//3458
f 3465//3456 3427//3418 3467//3458
f 3467//3458 3427//3418 3424//3415
f 2500//2494 2499//2493 3442//3433
f 3431//3422 3436//3427 3435//3426
f 3435//3426 3436//3427 3460//3451
f 3436//3427 3440//3431 3460//3451
f 3460//3451 3440//3431 3439//3430
f 3436//3427 3422//3413 3449//3440
f 3449//3440 3422//3413 3448//3439
f 2447//2443 3431//3422 3427//3418
f 2443//2439 3453//3444 2444//2440
f 2447//2443 2444//2440 3453//3444
f 2441//2437 2439//2435 3427//3418
f 3427//3418 2439//2435 2447//2443
f 3431//3422 2447//2443 3453//3444
f 3425//3416 3424//3415 3427//3418
f 2417//2413 2441//2437 2416//2412
f 2423//2419 2437//2433 2420//2416
f 2424//2420 2437//2433 2423//2419
f 2504//2498 2424//2420 2492//2486
f 2504//2498 2492//2486 2497//2491
f 2443//2439 2441//2437 2417//2413
f 2443//2439 2417//2413 2420//2416
f 2432//2428 3455//3446 2429//2425
f 3448//3439 3422//3413 3455//3446
f 3455//3446 2443//2439 2429//2425
f 2429//2425 2443//2439 3475//3466
f 2429//2425 3475//3466 2427//2423
f 3475//3466 2443//2439 2420//2416
f 3475//3466 2420//2416 2427//2423
f 2427//2423 2420//2416 2437//2433
f 3432//3423 3431//3422 3463//3454
f 3432//3423 3463//3454 2497//2491
f 3451//3442 3433//3424 3436//3427
f 3451//3442 3436//3427 3431//3422
f 2439//2435 2438//2434 2447//2443
f 2447//2443 2438//2434 2446//2442
f 2421//2417 2418//2414 2415//2411
f 2421//2417 2415//2411 2422//2418
f 2422//2418 2415//2411 2425//2421
f 3466//3457 3464//3455 3465//3456
f 2431//2427 2436//2432 2435//2431
f 2431//2427 2435//2431 2433//2429
f 2430//2426 2426//2422 2436//2432
f 2436//2432 2431//2427 2430//2426
f 2446//2442 2438//2434 2445//2441
f 2445//2441 2438//2434 2440//2436
f 2445//2441 2440//2436 2442//2438
f 3476//3467 3447//3438 3445//3436
f 3477//3468 3414//3405 3411//3402
f 3451//3442 3452//3443 3450//3441
f 2924//2916 2923//2915 3434//3425
f 3451//3442 2924//2916 3434//3425
f 3476//3467 2920//2912 2925//2917
f 3479//3470 3477//3468 2920//2912
f 3402//3393 2776//2770 3481//3472
f 2784//2778 2783//2777 2789//2783
f 2789//2783 2783//2777 3401//3392
f 2781//2775 2777//2771 2776//2770
f 2781//2775 2776//2770 2783//2777
f 2783//2777 2776//2770 3401//3392
f 2789//2783 2786//2780 2784//2778
f 2769//2763 2861//2855 2766//2760
f 2861//2855 2345//2341 2372//2368
f 3482//3473 2345//2341 2859//2853
f 2859//2853 2345//2341 2861//2855
f 3401//3392 3478//3469 2789//2783
f 2789//2783 3478//3469 3482//3473
f 2859//2853 2789//2783 3482//3473
f 3401//3392 2776//2770 3402//3393
f 3411//3402 3415//3406 3410//3401
f 3415//3406 3406//3397 3407//3398
f 3483//3474 3405//3396 3414//3405
f 3405//3396 3483//3474 3417//3408
f 2513//2507 2517//2511 2522//2516
f 2522//2516 2517//2511 2521//2515
f 2522//2516 2518//2512 2513//2507
f 2513//2507 2518//2512 3446//3437
f 2513//2507 3446//3437 3444//3435
f 3485//3476 3445//3436 3446//3437
f 3450//3441 2925//2917 2924//2916
f 3450//3441 2924//2916 3451//3442
f 3457//3448 3450//3441 3452//3443
f 3457//3448 3452//3443 3454//3445
f 3457//3448 3454//3445 3456//3447
f 2390//2386 2386//2382 2391//2387
f 2391//2387 2386//2382 2412//2408
f 2391//2387 2412//2408 3418//3409
f 3418//3409 3416//3407 2391//2387
f 2406//2402 2392//2388 2407//2403
f 2407//2403 2392//2388 2391//2387
f 2407//2403 2391//2387 3416//3407
f 2398//2394 3485//3476 2413//2409
f 2412//2408 2413//2409 3484//3475
f 2412//2408 3484//3475 3418//3409
f 3418//3409 3484//3475 3419//3410
f 3402//3393 3481//3472 3409//3400
f 3480//3471 2858//2852 2795//2789
f 3480//3471 2795//2789 2919//2911
f 2861//2855 2372//2368 2766//2760
f 2766//2760 2372//2368 2369//2365
f 3480//3471 2919//2911 3477//3468
f 3477//3468 2919//2911 2920//2912
f 2925//2917 3450//3441 3447//3438
f 2925//2917 3447//3438 3476//3467
f 3414//3405 3486//3477 3483//3474
f 3483//3474 3486//3477 3416//3407
f 3483//3474 3416//3407 3417//3408
f 2776//2770 2858//2852 3481//3472
f 3481//3472 2858//2852 3480//3471
f 3481//3472 3480//3471 3411//3402
f 3411//3402 3480//3471 3477//3468
f 3414//3405 3477//3468 3486//3477
f 3486//3477 3477//3468 3479//3470
f 3486//3477 3479//3470 2395//2391
f 3486//3477 2395//2391 2404//2400
f 3486//3477 2404//2400 3416//3407
f 3416//3407 2404//2400 2407//2403
f 3479//3470 2920//2912 3476//3467
f 3479//3470 3476//3467 2398//2394
f 3485//3476 3446//3437 2518//2512
f 3485//3476 2518//2512 3484//3475
f 3484//3475 2518//2512 2520//2514
f 3484//3475 2520//2514 3419//3410
f 3419//3410 2520//2514 2521//2515
f 3476//3467 3445//3436 2398//2394
f 2398//2394 3445//3436 3485//3476
f 2413//2409 3485//3476 3484//3475
f 3479//3470 2398//2394 2395//2391
f 2395//2391 2398//2394 2397//2393
f 2395//2391 2397//2393 2393//2389
f 3407//3398 3410//3401 3415//3406
f 3415//3406 3411//3402 3414//3405
f 2670//2664 3256//3248 2677//2671
f 2690//2684 2687//2681 2671//2665
f 2690//2684 2671//2665 2676//2670
f 2343//2339 2344//2340 2345//2341
f 3482//3473 2343//2339 2345//2341
f 3482//3473 2686//2680 2689//2683
f 3482//3473 3478//3469 2686//2680
f 2689//2683 2343//2339 3482//3473
f 2334//2330 2343//2339 2689//2683
f 3478//3469 3401//3392 3366//3357
f 3487//3478 3488//3479 3489//3480
f 3487//3478 3489//3480 3490//3481
f 3490//3481 3489//3480 3491//3482
f 3490//3481 3491//3482 3492//3483
f 3492//3483 3491//3482 3493//3484
f 3492//3483 3493//3484 3488//3479
f 3492//3483 3488//3479 3487//3478
f 4973//4963 3494//3485 3495//3486
f 3495//3486 3494//3485 3496//3487
f 3495//3486 3496//3487 3497//3488
f 4970//4960 3498//3489 3489//3480
f 3489//3480 3498//3489 3499//3490
f 3498//3489 3500//3491 3499//3490
f 3501//3492 3502//3493 3503//3494
f 3503//3494 3502//3493 3504//3495
f 3502//3493 3506//3497 3504//3495
f 3504//3495 3506//3497 3505//3496
f 3505//3496 3506//3497 3507//3498
f 3505//3496 3507//3498 3508//3499
f 3508//3499 3507//3498 3501//3492
f 3508//3499 3501//3492 3503//3494
f 3509//3500 3510//3501 3511//3502
f 3512//3503 3513//3504 3514//3505
f 3514//3505 3513//3504 4942//4932
f 3515//3506 3521//3512 3516//3507
f 3516//3507 3517//3508 3515//3506
f 3515//3506 3517//3508 3518//3509
f 3518//3509 3517//3508 3519//3510
f 3519//3510 3520//3511 3518//3509
f 3520//3511 3519//3510 3521//3512
f 3521//3512 3519//3510 3516//3507
f 4932//4922 3522//3513 3523//3514
f 4932//4922 3523//3514 3524//3515
f 3525//3516 3524//3515 3523//3514
f 3525//3516 3526//3517 3524//3515
f 3527//3518 3528//3519 3529//3520
f 3529//3520 3528//3519 3530//3521
f 3529//3520 3530//3521 3531//3522
f 3531//3522 3530//3521 3532//3523
f 3531//3522 3532//3523 3533//3524
f 3533//3524 3532//3523 3534//3525
f 3534//3525 3532//3523 3535//3526
f 3534//3525 3535//3526 3536//3527
f 3536//3527 3535//3526 3537//3528
f 3536//3527 3537//3528 3538//3529
f 3538//3529 3537//3528 3539//3530
f 3539//3530 3537//3528 3540//3531
f 3539//3530 3540//3531 3541//3532
f 3539//3530 3541//3532 3542//3533
f 3543//3534 3544//3535 3545//3536
f 3550//3541 3547//3538 3546//3537
f 3546//3537 3547//3538 3548//3539
f 3546//3537 3548//3539 3543//3534
f 3543//3534 3548//3539 3544//3535
f 3549//3540 3550//3541 3551//3542
f 3551//3542 3552//3543 3553//3544
f 3551//3542 3553//3544 3549//3540
f 3550//3541 3549//3540 3547//3538
f 3555//3546 4829//4819 3554//3545
f 3554//3545 4829//4819 3556//3547
f 3554//3545 3556//3547 4380//4370
f 3554//3545 4380//4370 3555//3546
f 3558//3549 3545//3536 3557//3548
f 3560//3551 3559//3550 3557//3548
f 3557//3548 3559//3550 3558//3549
f 3559//3550 3560//3551 3561//3552
f 3562//3553 3561//3552 3560//3551
f 3562//3553 3564//3555 3561//3552
f 3563//3554 3565//3556 3564//3555
f 3563//3554 3564//3555 3562//3553
f 3565//3556 3563//3554 3567//3558
f 3567//3558 3563//3554 3568//3559
f 3567//3558 3568//3559 3571//3562
f 3567//3558 3571//3562 3572//3563
f 3572//3563 3571//3562 3573//3564
f 3572//3563 3573//3564 3569//3560
f 3569//3560 3573//3564 3570//3561
f 3569//3560 3570//3561 3575//3566
f 3569//3560 3575//3566 3574//3565
f 3574//3565 3575//3566 3566//3557
f 3579//3570 3578//3569 3577//3568
f 3583//3574 3581//3572 3582//3573
f 3583//3574 3580//3571 3581//3572
f 3584//3575 3580//3571 3583//3574
f 3585//3576 3586//3577 3581//3572
f 3585//3576 3581//3572 3580//3571
f 3586//3577 3582//3573 3581//3572
f 3591//3582 3592//3583 3587//3578
f 3587//3578 3592//3583 3588//3579
f 3587//3578 3588//3579 3589//3580
f 3589//3580 3588//3579 3590//3581
f 3589//3580 3590//3581 3591//3582
f 3591//3582 3590//3581 3592//3583
f 3592//3583 3593//3584 3594//3585
f 3592//3583 3594//3585 3588//3579
f 3588//3579 3595//3586 3590//3581
f 3590//3581 3595//3586 3593//3584
f 3590//3581 3593//3584 3592//3583
f 3593//3584 3596//3587 3597//3588
f 3593//3584 3597//3588 3594//3585
f 3594//3585 3597//3588 3598//3589
f 3594//3585 3598//3589 3599//3590
f 3594//3585 3599//3590 3588//3579
f 3588//3579 3599//3590 3595//3586
f 3595//3586 3599//3590 3596//3587
f 3595//3586 3596//3587 3593//3584
f 3596//3587 3600//3591 3597//3588
f 3597//3588 3600//3591 3601//3592
f 3597//3588 3601//3592 3598//3589
f 3598//3589 3601//3592 3602//3593
f 3598//3589 3602//3593 3603//3594
f 3598//3589 3603//3594 3599//3590
f 3599//3590 3603//3594 3604//3595
f 3599//3590 3604//3595 3596//3587
f 3596//3587 3604//3595 3600//3591
f 3606//3597 3605//3596 3607//3598
f 3606//3597 3607//3598 3608//3599
f 3606//3597 3604//3595 3603//3594
f 3606//3597 3603//3594 3605//3596
f 3600//3591 3586//3577 3610//3601
f 3582//3573 3586//3577 3600//3591
f 3582//3573 3600//3591 3604//3595
f 3582//3573 3604//3595 3583//3574
f 3606//3597 3608//3599 3604//3595
f 3604//3595 3608//3599 3583//3574
f 3611//3602 3612//3603 3610//3601
f 3610//3601 3612//3603 3609//3600
f 3612//3603 3611//3602 3613//3604
f 3612//3603 3613//3604 3609//3600
f 3609//3600 3613//3604 3601//3592
f 3609//3600 3601//3592 3600//3591
f 3609//3600 3600//3591 3610//3601
f 3605//3596 3603//3594 3579//3570
f 3578//3569 3579//3570 3603//3594
f 3578//3569 3603//3594 3602//3593
f 3578//3569 3602//3593 3614//3605
f 3601//3592 3613//3604 3602//3593
f 3602//3593 3613//3604 3614//3605
f 3614//3605 3577//3568 3578//3569
f 3577//3568 3614//3605 3576//3567
f 3576//3567 3614//3605 3615//3606
f 3576//3567 3615//3606 3616//3607
f 3618//3609 3619//3610 3617//3608
f 3617//3608 3619//3610 3626//3617
f 3622//3613 3620//3611 3621//3612
f 3622//3613 3621//3612 3623//3614
f 3619//3610 3624//3615 3625//3616
f 3619//3610 3625//3616 3626//3617
f 3627//3618 4818//4808 3628//3619
f 3631//3622 3637//3628 3632//3623
f 3631//3622 3632//3623 3633//3624
f 3633//3624 3632//3623 3634//3625
f 3633//3624 3634//3625 3635//3626
f 3635//3626 3634//3625 3636//3627
f 3636//3627 3634//3625 3637//3628
f 3636//3627 3637//3628 3631//3622
f 3634//3625 3638//3629 3637//3628
f 3637//3628 3638//3629 3632//3623
f 3632//3623 3639//3630 3634//3625
f 3634//3625 3640//3631 3641//3632
f 3634//3625 3641//3632 3638//3629
f 3638//3629 3641//3632 3642//3633
f 3638//3629 3642//3633 3643//3634
f 3638//3629 3643//3634 3632//3623
f 3632//3623 3643//3634 3639//3630
f 3639//3630 3643//3634 3640//3631
f 3639//3630 3640//3631 3634//3625
f 3640//3631 3644//3635 3641//3632
f 3641//3632 3644//3635 3645//3636
f 3641//3632 3645//3636 3642//3633
f 3642//3633 3645//3636 3646//3637
f 3642//3633 3646//3637 3647//3638
f 3642//3633 3647//3638 3643//3634
f 3643//3634 3647//3638 3648//3639
f 3643//3634 3648//3639 3640//3631
f 3640//3631 3648//3639 3644//3635
f 3649//3640 3650//3641 3651//3642
f 3653//3644 3654//3645 3652//3643
f 3653//3644 3652//3643 3655//3646
f 3648//3639 3654//3645 3653//3644
f 3648//3639 3653//3644 3644//3635
f 3648//3639 3649//3640 3654//3645
f 3650//3641 3649//3640 3648//3639
f 3650//3641 3648//3639 3647//3638
f 3650//3641 3647//3638 3656//3647
f 3656//3647 3647//3638 4938//4928
f 3644//3635 3653//3644 3655//3646
f 3656//3647 3651//3642 3650//3641
f 3658//3649 3649//3640 3651//3642
f 3651//3642 3657//3648 3658//3649
f 3658//3649 3657//3648 3659//3650
f 3651//3642 3656//3647 3660//3651
f 3657//3648 3660//3651 3659//3650
f 3660//3651 3657//3648 3651//3642
f 3662//3653 3661//3652 3663//3654
f 3664//3655 3663//3654 3665//3656
f 3664//3655 3665//3656 3666//3657
f 3667//3658 3662//3653 3664//3655
f 3664//3655 3662//3653 3663//3654
f 3675//3666 3670//3661 3671//3662
f 3671//3662 3670//3661 3674//3665
f 3672//3663 3668//3659 3675//3666
f 3672//3663 3675//3666 3671//3662
f 3673//3664 3669//3660 3668//3659
f 3673//3664 3668//3659 3672//3663
f 3674//3665 3676//3667 3671//3662
f 3673//3664 3672//3663 3677//3668
f 3677//3668 3672//3663 3671//3662
f 3668//3659 3669//3660 3677//3668
f 3677//3668 3669//3660 3673//3664
f 3679//3670 3668//3659 3677//3668
f 3679//3670 3677//3668 3680//3671
f 3680//3671 3677//3668 3671//3662
f 3671//3662 3676//3667 3678//3669
f 3671//3662 3678//3669 3680//3671
f 3683//3674 3684//3675 3681//3672
f 3682//3673 3681//3672 3684//3675
f 3682//3673 3684//3675 3686//3677
f 3686//3677 3687//3678 3685//3676
f 3685//3676 3687//3678 3688//3679
f 3685//3676 3688//3679 3689//3680
f 3684//3675 3687//3678 3686//3677
f 3683//3674 3681//3672 3682//3673
f 3683//3674 3682//3673 3686//3677
f 3690//3681 3683//3674 3686//3677
f 3690//3681 3686//3677 3691//3682
f 3691//3682 3686//3677 3685//3676
f 3691//3682 3685//3676 3692//3683
f 3692//3683 3685//3676 3689//3680
f 3694//3685 3706//3697 3693//3684
f 3693//3684 3696//3687 3694//3685
f 3694//3685 3696//3687 3695//3686
f 3697//3688 3702//3693 3703//3694
f 3697//3688 3703//3694 3704//3695
f 3697//3688 3704//3695 3701//3692
f 3701//3692 3704//3695 3705//3696
f 3694//3685 3695//3686 3700//3691
f 3694//3685 3700//3691 3703//3694
f 3703//3694 3706//3697 3694//3685
f 3703//3694 3702//3693 3706//3697
f 3709//3700 3710//3701 3707//3698
f 3712//3703 3711//3702 3710//3701
f 3725//3716 3712//3703 3710//3701
f 3711//3702 3713//3704 3710//3701
f 3710//3701 3713//3704 3707//3698
f 3714//3705 3698//3689 3701//3692
f 3701//3692 3698//3689 3697//3688
f 3707//3698 3713//3704 3708//3699
f 3708//3699 3713//3704 3715//3706
f 3716//3707 3699//3690 3717//3708
f 3717//3708 3699//3690 3698//3689
f 3698//3689 3714//3705 3717//3708
f 3717//3708 3714//3705 3718//3709
f 3717//3708 3718//3709 3719//3710
f 3718//3709 3714//3705 4947//4937
f 3720//3711 3721//3712 3702//3693
f 3716//3707 3719//3710 3720//3711
f 3699//3690 3716//3707 3698//3689
f 3698//3689 3716//3707 3702//3693
f 3702//3693 3716//3707 3720//3711
f 3708//3699 3722//3713 3707//3698
f 3698//3689 3702//3693 3697//3688
f 3724//3715 3723//3714 3725//3716
f 3724//3715 3709//3700 3707//3698
f 3724//3715 3707//3698 3722//3713
f 3724//3715 3722//3713 3723//3714
f 3709//3700 3724//3715 3710//3701
f 3728//3719 3729//3720 3730//3721
f 3729//3720 3728//3719 3731//3722
f 3733//3724 3732//3723 3734//3725
f 3733//3724 3734//3725 4935//4925
f 3735//3726 3733//3724 4935//4925
f 3735//3726 4935//4925 3736//3727
f 3735//3726 3736//3727 3737//3728
f 3739//3730 3737//3728 3738//3729
f 3738//3729 3737//3728 3736//3727
f 3732//3723 3733//3724 4352//4342
f 3740//3731 3742//3733 3743//3734
f 3745//3736 3741//3732 3740//3731
f 3743//3734 3744//3735 3745//3736
f 3745//3736 3744//3735 3746//3737
f 3740//3731 3743//3734 3745//3736
f 3744//3735 3747//3738 3746//3737
f 3746//3737 3747//3738 3748//3739
f 3742//3733 3745//3736 3750//3741
f 3750//3741 3745//3736 3746//3737
f 3742//3733 3740//3731 3741//3732
f 3742//3733 3741//3732 3745//3736
f 3748//3739 3749//3740 3746//3737
f 3746//3737 3749//3740 3750//3741
f 3759//3750 3751//3742 4365//4355
f 3981//3971 3754//3745 3755//3746
f 3755//3746 3756//3747 3981//3971
f 3981//3971 3756//3747 3757//3748
f 3755//3746 3974//3964 3756//3747
f 3758//3749 3930//3921 3760//3751
f 3763//3754 3764//3755 3761//3752
f 3767//3758 3768//3759 3769//3760
f 3771//3762 3772//3763 3773//3764
f 3775//3766 3772//3763 3771//3762
f 3775//3766 3771//3762 3774//3765
f 3774//3765 3771//3762 3776//3767
f 3777//3768 3773//3764 3774//3765
f 3774//3765 3773//3764 3775//3766
f 3775//3766 3773//3764 3772//3763
f 3778//3769 3787//3778 3779//3770
f 3780//3771 3778//3769 3779//3770
f 3780//3771 3779//3770 3781//3772
f 3781//3772 3881//3872 3787//3778
f 3781//3772 3787//3778 3780//3771
f 3780//3771 3787//3778 3778//3769
f 3784//3775 3782//3773 3976//3966
f 3782//3773 3784//3775 3785//3776
f 3785//3776 3784//3775 3786//3777
f 3997//3987 3788//3779 3786//3777
f 3788//3779 3787//3778 3785//3776
f 3788//3779 3785//3776 3786//3777
f 3787//3778 3788//3779 3779//3770
f 3788//3779 3773//3764 3779//3770
f 3789//3780 3771//3762 3788//3779
f 3788//3779 3771//3762 3773//3764
f 3771//3762 3789//3780 3791//3782
f 3790//3781 3792//3783 3789//3780
f 3789//3780 3792//3783 3791//3782
f 3791//3782 3792//3783 3793//3784
f 3793//3784 3792//3783 3795//3786
f 3794//3785 3795//3786 3792//3783
f 3808//3799 3812//3803 3804//3795
f 3804//3795 3812//3803 3798//3789
f 3810//3801 3799//3790 3800//3791
f 3810//3801 3800//3791 3801//3792
f 3803//3794 3802//3793 3804//3795
f 3803//3794 3804//3795 3807//3798
f 3805//3796 3801//3792 3800//3791
f 3802//3793 3803//3794 3806//3797
f 3802//3793 3806//3797 3805//3796
f 3805//3796 3806//3797 3801//3792
f 3798//3789 3807//3798 3804//3795
f 3802//3793 3808//3799 3804//3795
f 3800//3791 3799//3790 3797//3788
f 3797//3788 3799//3790 3810//3801
f 3802//3793 3809//3800 3808//3799
f 3802//3793 3805//3796 3811//3802
f 3802//3793 3811//3802 3809//3800
f 3800//3791 3797//3788 3805//3796
f 3805//3796 3797//3788 3813//3804
f 3805//3796 3813//3804 3811//3802
f 3808//3799 3809//3800 3814//3805
f 3808//3799 3814//3805 3812//3803
f 3816//3807 3815//3806 3818//3809
f 3818//3809 3824//3815 3817//3808
f 3818//3809 3817//3808 3816//3807
f 3819//3810 3816//3807 3817//3808
f 3820//3811 3815//3806 3819//3810
f 3819//3810 3815//3806 3816//3807
f 3821//3812 3815//3806 3820//3811
f 3821//3812 4171//4161 3815//3806
f 3821//3812 3822//3813 4171//4161
f 3823//3814 4159//4149 3825//3816
f 4159//4149 3823//3814 3824//3815
f 3817//3808 3824//3815 3819//3810
f 3819//3810 3824//3815 3823//3814
f 3822//3813 3821//3812 3823//3814
f 3822//3813 3823//3814 3825//3816
f 3820//3811 3819//3810 3826//3817
f 3826//3817 3819//3810 3823//3814
f 3826//3817 3823//3814 3827//3818
f 3827//3818 3823//3814 3821//3812
f 3827//3818 3821//3812 3820//3811
f 3826//3817 3828//3819 3820//3811
f 3820//3811 3828//3819 3829//3820
f 3820//3811 3829//3820 3827//3818
f 3827//3818 3829//3820 3830//3821
f 3827//3818 3830//3821 3826//3817
f 3826//3817 3830//3821 3828//3819
f 3830//3821 3831//3822 3828//3819
f 3828//3819 3831//3822 3810//3801
f 3828//3819 3810//3801 3832//3823
f 3828//3819 3832//3823 3829//3820
f 3829//3820 3832//3823 3833//3824
f 3829//3820 3833//3824 3834//3825
f 3829//3820 3834//3825 3830//3821
f 3830//3821 3834//3825 3835//3826
f 3830//3821 3835//3826 3831//3822
f 3845//3836 3836//3827 3837//3828
f 3837//3828 3836//3827 3838//3829
f 3840//3831 3839//3830 3834//3825
f 3840//3831 3834//3825 3841//3832
f 3844//3835 3845//3836 3843//3834
f 3843//3834 3845//3836 3842//3833
f 3846//3837 3847//3838 3842//3833
f 3842//3833 3847//3838 3843//3834
f 3840//3831 3841//3832 3846//3837
f 3846//3837 3841//3832 3847//3838
f 3845//3836 3848//3839 3836//3827
f 3845//3836 3844//3835 3848//3839
f 3845//3836 3837//3828 3842//3833
f 3834//3825 3839//3830 3849//3840
f 3849//3840 3839//3830 3840//3831
f 3837//3828 3850//3841 3842//3833
f 3851//3842 3842//3833 3850//3841
f 3846//3837 3849//3840 3840//3831
f 3842//3833 3851//3842 3846//3837
f 3846//3837 3851//3842 3849//3840
f 3837//3828 4665//4655 3850//3841
f 3837//3828 3838//3829 3852//3843
f 3837//3828 3852//3843 4665//4655
f 3797//3788 3810//3801 3853//3844
f 3853//3844 3810//3801 3831//3822
f 3853//3844 3831//3822 3835//3826
f 3834//3825 3849//3840 3854//3845
f 3834//3825 3854//3845 3835//3826
f 3862//3853 3814//3805 3863//3854
f 3814//3805 3864//3855 3863//3854
f 3813//3804 3797//3788 3853//3844
f 3811//3802 3864//3855 3809//3800
f 3864//3855 3814//3805 3809//3800
f 3865//3856 3801//3792 3806//3797
f 3868//3859 3866//3857 3867//3858
f 3868//3859 3867//3858 3875//3866
f 3875//3866 3867//3858 3859//3850
f 3875//3866 3859//3850 3860//3851
f 3870//3861 3871//3862 3869//3860
f 3871//3862 3870//3861 3872//3863
f 3871//3862 3872//3863 3774//3765
f 3858//3849 3774//3765 3872//3863
f 3857//3848 3781//3772 3858//3849
f 3858//3849 3781//3772 3774//3765
f 3812//3803 3814//3805 3861//3852
f 3861//3852 3814//3805 3862//3853
f 3803//3794 3873//3864 3874//3865
f 3874//3865 3873//3864 3872//3863
f 3874//3865 3872//3863 3870//3861
f 3876//3867 3866//3857 3868//3859
f 3875//3866 3860//3851 3865//3856
f 3865//3856 3860//3851 3801//3792
f 3868//3859 3869//3860 3876//3867
f 3865//3856 3806//3797 3874//3865
f 3865//3856 3874//3865 3875//3866
f 3875//3866 3874//3865 3870//3861
f 3875//3866 3870//3861 3868//3859
f 3868//3859 3870//3861 3869//3860
f 3873//3864 3803//3794 3807//3798
f 3873//3864 3807//3798 3858//3849
f 3858//3849 3807//3798 3857//3848
f 3857//3848 3807//3798 3798//3789
f 3872//3863 3873//3864 3858//3849
f 3806//3797 3803//3794 3874//3865
f 3877//3868 3878//3869 3757//3748
f 3877//3868 3757//3748 3879//3870
f 3812//3803 3880//3871 3798//3789
f 3890//3881 3857//3848 3798//3789
f 3857//3848 3891//3882 3781//3772
f 3871//3862 3882//3873 3869//3860
f 3869//3860 3882//3873 3883//3874
f 3869//3860 3883//3874 3886//3877
f 3869//3860 3886//3877 3876//3867
f 3777//3768 3774//3765 3781//3772
f 3777//3768 3781//3772 3779//3770
f 3777//3768 3779//3770 3773//3764
f 3798//3789 3880//3871 3890//3881
f 3781//3772 3891//3882 3881//3872
f 3857//3848 3890//3881 3891//3882
f 3891//3882 3787//3778 3881//3872
f 3890//3881 3880//3871 3782//3773
f 3890//3881 3782//3773 3891//3882
f 3891//3882 3782//3773 3785//3776
f 3891//3882 3785//3776 3787//3778
f 3889//3880 3888//3879 3892//3883
f 3793//3784 3892//3883 3882//3873
f 3793//3784 3882//3873 3893//3884
f 3776//3767 3771//3762 3893//3884
f 3893//3884 3771//3762 3791//3782
f 3893//3884 3791//3782 3793//3784
f 3892//3883 3793//3784 3795//3786
f 3892//3883 3795//3786 3889//3880
f 3871//3862 3776//3767 3893//3884
f 3886//3877 3883//3874 3888//3879
f 3774//3765 3776//3767 3871//3862
f 3876//3867 3886//3877 3887//3878
f 3871//3862 3893//3884 3882//3873
f 3883//3874 3882//3873 3892//3883
f 3883//3874 3892//3883 3888//3879
f 3894//3885 3895//3886 3884//3875
f 3894//3885 3884//3875 3886//3877
f 3884//3875 3885//3876 3886//3877
f 3884//3875 3895//3886 3889//3880
f 3888//3879 3889//3880 3886//3877
f 3886//3877 3889//3880 3894//3885
f 3894//3885 3889//3880 3895//3886
f 3897//3888 3898//3889 3899//3890
f 3887//3878 3900//3891 3898//3889
f 3887//3878 3898//3889 3896//3887
f 3896//3887 3898//3889 3897//3888
f 3896//3887 3897//3888 3899//3890
f 3896//3887 3899//3890 3887//3878
f 3899//3890 3901//3892 3887//3878
f 3908//3899 3907//3898 3909//3900
f 3908//3899 3909//3900 3906//3897
f 3909//3900 3905//3896 3906//3897
f 3911//3902 3910//3901 3906//3897
f 3906//3897 3910//3901 3908//3899
f 3908//3899 3910//3901 3907//3898
f 3913//3904 3903//3894 3912//3903
f 3909//3900 3907//3898 3910//3901
f 3904//3895 3912//3903 3902//3893
f 3902//3893 3912//3903 3903//3894
f 3902//3893 3903//3894 3913//3904
f 3902//3893 3913//3904 3904//3895
f 3913//3904 3914//3905 3904//3895
f 3918//3909 3919//3910 3836//3827
f 3905//3896 3912//3903 3904//3895
f 3905//3896 3909//3900 3912//3903
f 3905//3896 3904//3895 3906//3897
f 3900//3891 3885//3876 3898//3889
f 3898//3889 3885//3876 3884//3875
f 3925//3916 3924//3915 3926//3917
f 3910//3901 3911//3902 3921//3912
f 3922//3913 3921//3912 3927//3918
f 3922//3913 3927//3918 3928//3919
f 3899//3890 3928//3919 3901//3892
f 3922//3913 3910//3901 3921//3912
f 3923//3914 3922//3913 3928//3919
f 3923//3914 3928//3919 3899//3890
f 3920//3911 3918//3909 3915//3906
f 3915//3906 3918//3909 3929//3920
f 3914//3905 3913//3904 3929//3920
f 3929//3920 3913//3904 3915//3906
f 3929//3920 3918//3909 3917//3908
f 3929//3920 3917//3908 3914//3905
f 3914//3905 3917//3908 3904//3895
f 3919//3910 3918//3909 3920//3911
f 3927//3918 3921//3912 3925//3916
f 3927//3918 3925//3916 3926//3917
f 3901//3892 3926//3917 3887//3878
f 3900//3891 3887//3878 3886//3877
f 3900//3891 3886//3877 3885//3876
f 3911//3902 3906//3897 3921//3912
f 3921//3912 3906//3897 3916//3907
f 3921//3912 3916//3907 3925//3916
f 3926//3917 3924//3915 3887//3878
f 3887//3878 3924//3915 3876//3867
f 3926//3917 3901//3892 3928//3919
f 3926//3917 3928//3919 3927//3918
f 3930//3921 3931//3922 3920//3911
f 3932//3923 3769//3760 3930//3921
f 3920//3911 3932//3923 3930//3921
f 3915//3906 3932//3923 3920//3911
f 3932//3923 3767//3758 3769//3760
f 3933//3924 3767//3758 3932//3923
f 3915//3906 3933//3924 3932//3923
f 3913//3904 3933//3924 3915//3906
f 3933//3924 3766//3757 3767//3758
f 3913//3904 3912//3903 3933//3924
f 3909//3900 3933//3924 3912//3903
f 3909//3900 3910//3901 3933//3924
f 3765//3756 3766//3757 3933//3924
f 3910//3901 3765//3756 3933//3924
f 3922//3913 3765//3756 3910//3901
f 3922//3913 3764//3755 3765//3756
f 3922//3913 3761//3752 3764//3755
f 3923//3914 3761//3752 3922//3913
f 3762//3753 3923//3914 3899//3890
f 3762//3753 3899//3890 3796//3787
f 3923//3914 3762//3753 3761//3752
f 3899//3890 3898//3889 3796//3787
f 3796//3787 3898//3889 3884//3875
f 3794//3785 3796//3787 3795//3786
f 3795//3786 3796//3787 3889//3880
f 3889//3880 3796//3787 3884//3875
f 3938//3929 3935//3926 3945//3935
f 3940//3930 3938//3929 3939//2424
f 3940//3930 3939//2424 3938//3929
f 3944//3934 3946//3936 3947//3937
f 3953//3943 3948//3938 3949//3939
f 3954//3944 3951//3941 3955//3945
f 3955//3945 3951//3941 3956//3946
f 3955//3945 3956//3946 3761//3752
f 3765//3756 3764//3755 3763//3754
f 3761//3752 3762//3753 3955//3945
f 3770//3761 3769//3760 3937//3928
f 3768//3759 3767//3758 3957//3947
f 3957//3947 3767//3758 3766//3757
f 3944//3934 3945//3935 3946//3936
f 3946//3936 3945//3935 3936//3927
f 3946//3936 3936//3927 3947//3937
f 3947//3937 3936//3927 3945//3935
f 3947//3937 3945//3935 3958//3948
f 3941//3931 3938//3929 3960//3950
f 3943//3933 3938//3929 3960//3950
f 3943//3933 3960//3950 3942//3932
f 3942//3932 3960//3950 3938//3929
f 3942//3932 3938//3929 3940//3930
f 3942//3932 3940//3930 3945//3935
f 3945//3935 3940//3930 3938//3929
f 3937//3928 3935//3926 3938//3929
f 3768//3759 3937//3928 3769//3760
f 3952//3942 3953//3943 3934//3925
f 3934//3925 3953//3943 3949//3939
f 3951//3941 3952//3942 3934//3925
f 3951//3941 3934//3925 3956//3946
f 3956//3946 3934//3925 3761//3752
f 3761//3752 3934//3925 3763//3754
f 3763//3754 3934//3925 3949//3939
f 3763//3754 3949//3939 3765//3756
f 3935//3926 3937//3928 3768//3759
f 3935//3926 3768//3759 3950//3940
f 3950//3940 3768//3759 3957//3947
f 3950//3940 3957//3947 3948//3938
f 3948//3938 3957//3947 3949//3939
f 3949//3939 3957//3947 3766//3757
f 3949//3939 3766//3757 3765//3756
f 3945//3935 3935//3926 3959//3949
f 3959//3949 3935//3926 3944//3934
f 3959//3949 3944//3934 3958//3948
f 3942//3932 3945//3935 3943//3933
f 3943//3933 3945//3935 3944//3934
f 3943//3933 3944//3934 3938//3929
f 3945//3935 3959//3949 3958//3948
f 3947//3937 3958//3948 3936//3927
f 3947//3937 3936//3927 3944//3934
f 3944//3934 3936//3927 3958//3948
f 3930//3921 3769//3760 3770//3761
f 3760//3751 3930//3921 3770//3761
f 3961//3951 3962//3952 3930//3921
f 3930//3921 3962//3952 3931//3922
f 3963//3953 3967//3957 3879//3870
f 3879//3870 3967//3957 3965//3955
f 3879//3870 3966//3956 3964//3954
f 3964//3954 3963//3953 3879//3870
f 3931//3922 3969//3959 3968//3958
f 4629//4619 3971//3961 3968//3958
f 3968//3958 3971//3961 3931//3922
f 3970//3960 3971//3961 4629//4619
f 3962//3952 3969//3959 3931//3922
f 3964//3954 3974//3964 3975//3965
f 3976//3966 3964//3954 3975//3965
f 3967//3957 3963//3953 3964//3954
f 3862//3853 3978//3968 3977//3967
f 3967//3957 3964//3954 3978//3968
f 3978//3968 3964//3954 3977//3967
f 3967//3957 3978//3968 3965//3955
f 3978//3968 3980//3970 3965//3955
f 3981//3971 3856//3847 3982//3972
f 3755//3746 3754//3745 3974//3964
f 3981//3971 3982//3972 3754//3745
f 3754//3745 3982//3972 3974//3964
f 3974//3964 3984//3974 3975//3965
f 3975//3965 3984//3974 3983//3973
f 3987//3977 3988//3978 3989//3979
f 3989//3979 3988//3978 3990//3980
f 3994//3984 3983//3973 3993//3983
f 3964//3954 3976//3966 3782//3773
f 3976//3966 3783//3774 3784//3775
f 3784//3775 3783//3774 3995//3985
f 3786//3777 3784//3775 3995//3985
f 3786//3777 3995//3985 3996//3986
f 3954//3944 3955//3945 4014//4004
f 3955//3945 3762//3753 3796//3787
f 4004//3994 4005//3995 4006//3996
f 4007//3997 4006//3996 4008//3998
f 4008//3998 4006//3996 4009//3999
f 4010//4000 4009//3999 4011//4001
f 4011//4001 4009//3999 4006//3996
f 4011//4001 4006//3996 4012//4002
f 4012//4002 4006//3996 4005//3995
f 4012//4002 4005//3995 4013//4003
f 4003//3993 4013//4003 4005//3995
f 3790//3781 4016//4006 3792//3783
f 3792//3783 4016//4006 4015//4005
f 3792//3783 4015//4005 3794//3785
f 3794//3785 4015//4005 4014//4004
f 3794//3785 4014//4004 3796//3787
f 3796//3787 4014//4004 3955//3945
f 4001//3991 4000//3990 4016//4006
f 4016//4006 4000//3990 3998//3988
f 3999//3989 3954//3944 4014//4004
f 3999//3989 4014//4004 4015//4005
f 4016//4006 3790//3781 3789//3780
f 4016//4006 3789//3780 4017//4007
f 4017//4007 3789//3780 3788//3779
f 4017//4007 3788//3779 3997//3987
f 4017//4007 3997//3987 4002//3992
f 4002//3992 3997//3987 3996//3986
f 4002//3992 3996//3986 4003//3993
f 4003//3993 3996//3986 3995//3985
f 4003//3993 3995//3985 4013//4003
f 4013//4003 3995//3985 3783//3774
f 4017//4007 4002//3992 4001//3991
f 4017//4007 4001//3991 4016//4006
f 4015//4005 4016//4006 3998//3988
f 4015//4005 3998//3988 3999//3989
f 4009//3999 4010//4000 4043//4033
f 4018//4008 4019//4009 4020//4010
f 4022//4012 4023//4013 4024//4014
f 4027//4017 4028//4018 4029//4019
f 4010//4000 4011//4001 4043//4033
f 4043//4033 4011//4001 4012//4002
f 4043//4033 4012//4002 4013//4003
f 4034//4024 4037//4027 4043//4033
f 4035//4025 4004//3994 4036//4026
f 4006//3996 4008//3998 4037//4027
f 4006//3996 4037//4027 4004//3994
f 4005//3995 4030//4020 4031//4021
f 4005//3995 4031//4021 4040//4030
f 4041//4031 4042//4032 4005//3995
f 4045//4035 4033//4023 4044//4034
f 3994//3984 4046//4036 3983//3973
f 3975//3965 3983//3973 4046//4036
f 3975//3965 4046//4036 4033//4023
f 4039//4029 4047//4037 4048//4038
f 4049//4039 4005//3995 4035//4025
f 4049//4039 4035//4025 4050//4040
f 4004//3994 4032//4022 4005//3995
f 4005//3995 4032//4022 4038//4028
f 4005//3995 4038//4028 4035//4025
f 4035//4025 4038//4028 4051//4041
f 4035//4025 4051//4041 4050//4040
f 4050//4040 4052//4042 4049//4039
f 4049//4039 4052//4042 4036//4026
f 4049//4039 4036//4026 4005//3995
f 4005//3995 4036//4026 4039//4029
f 4005//3995 4039//4029 4048//4038
f 4005//3995 4048//4038 4030//4020
f 4032//4022 4004//3994 4035//4025
f 4038//4028 4032//4022 4051//4041
f 4051//4041 4032//4022 4035//4025
f 4050//4040 4035//4025 4036//4026
f 4050//4040 4036//4026 4052//4042
f 4025//4015 4026//4016 4053//4043
f 4054//4044 4055//4045 4056//4046
f 4057//4047 4025//4015 4053//4043
f 4057//4047 4053//4043 4058//4048
f 4059//4049 4060//4050 4061//4051
f 4027//4017 4062//4052 4063//4053
f 4027//4017 4063//4053 4064//4054
f 4064//4054 4063//4053 4030//4020
f 4064//4054 4030//4020 4065//4055
f 4029//4019 4027//4017 4062//4052
f 4063//4053 4064//4054 4066//4056
f 4066//4056 4064//4054 4065//4055
f 4067//4057 4068//4058 4065//4055
f 4067//4057 4065//4055 4069//4059
f 4067//4057 4069//4059 4025//4015
f 4025//4015 4069//4059 4030//4020
f 4070//4060 4056//4046 4071//4061
f 4071//4061 4056//4046 4055//4045
f 4072//4062 4040//4030 4073//4063
f 4074//4064 4075//4065 4076//4066
f 4076//4066 4075//4065 4072//4062
f 4077//4067 4078//4068 4079//4069
f 4079//4069 4078//4068 4080//4070
f 4080//4070 4081//4071 4082//4072
f 4076//4066 4074//4064 4083//4073
f 4074//4064 4083//4073 4084//4074
f 4075//4065 4085//4075 4074//4064
f 4074//4064 4085//4075 4083//4073
f 4083//4073 4082//4072 4084//4074
f 4084//4074 4082//4072 4081//4071
f 4021//4011 4078//4068 4079//4069
f 4055//4045 4071//4061 4086//4076
f 4071//4061 4086//4076 4070//4060
f 4070//4060 4086//4076 4087//4077
f 4086//4076 4087//4077 4088//4078
f 4073//4063 4088//4078 4087//4077
f 4073//4063 4087//4077 4089//4079
f 4072//4062 4088//4078 4075//4065
f 4075//4065 4072//4062 4085//4075
f 4083//4073 4085//4075 4082//4072
f 4062//4052 4063//4053 4068//4058
f 4062//4052 4068//4058 4029//4019
f 4090//4080 4058//4048 4057//4047
f 4057//4047 4053//4043 4026//4016
f 4134//4124 4091//4081 4092//4082
f 4092//4082 4091//4081 4093//4083
f 4092//4082 4093//4083 4094//4084
f 4094//4084 4093//4083 4095//4085
f 4094//4084 4095//4085 4096//4086
f 4096//4086 4095//4085 4097//4087
f 4098//4088 4099//4089 4048//4038
f 4048//4038 4099//4089 4134//4124
f 4048//4038 4134//4124 4092//4082
f 4048//4038 4092//4082 4095//4085
f 4095//4085 4092//4082 4094//4084
f 4095//4085 4094//4084 4100//4090
f 4100//4090 4094//4084 4096//4086
f 4059//4049 4025//4015 4057//4047
f 4059//4049 4057//4047 4058//4048
f 4059//4049 4058//4048 4090//4080
f 4101//4091 4026//4016 4102//4092
f 4102//4092 4026//4016 4103//4093
f 4102//4092 4103//4093 4104//4094
f 4104//4094 4103//4093 4101//4091
f 4104//4094 4101//4091 4102//4092
f 4102//4092 4105//4095 4104//4094
f 4104//4094 4105//4095 4106//4096
f 4104//4094 4106//4096 4102//4092
f 4102//4092 4106//4096 4107//4097
f 4102//4092 4107//4097 4101//4091
f 4109//4099 4110//4100 4111//4101
f 4111//4101 4110//4100 4112//4102
f 4111//4101 4112//4102 4113//4103
f 4113//4103 4105//4095 4111//4101
f 4111//4101 4105//4095 4114//4104
f 4111//4101 4114//4104 4109//4099
f 4109//4099 4114//4104 4113//4103
f 4109//4099 4113//4103 4108//4098
f 4134//4124 4115//4105 4116//4106
f 4134//4124 4116//4106 4091//4081
f 4091//4081 4116//4106 4093//4083
f 4093//4083 4116//4106 4117//4107
f 4093//4083 4117//4107 4095//4085
f 4095//4085 4117//4107 4100//4090
f 4095//4085 4100//4090 4097//4087
f 4118//4108 4119//4109 4120//4110
f 4120//4110 4119//4109 4121//4111
f 4120//4110 4121//4111 4122//4112
f 4122//4112 4121//4111 4118//4108
f 4122//4112 4118//4108 4110//4100
f 4095//4085 4092//4082 4091//4081
f 4091//4081 4092//4082 4123//4113
f 4091//4081 4123//4113 4124//4114
f 4124//4114 4123//4113 4125//4115
f 4124//4114 4125//4115 4126//4116
f 4126//4116 4125//4115 4127//4117
f 4024//4014 4099//4089 4023//4013
f 4023//4013 4099//4089 4098//4088
f 4023//4013 4098//4088 4128//4118
f 4128//4118 4098//4088 4129//4119
f 4128//4118 4129//4119 4130//4120
f 4128//4118 4130//4120 4131//4121
f 4131//4121 4132//4122 4128//4118
f 4023//4013 4128//4118 4024//4014
f 4132//4122 4022//4012 4128//4118
f 4024//4014 4128//4118 4134//4124
f 4024//4014 4134//4124 4099//4089
f 4022//4012 4024//4014 4099//4089
f 4099//4089 4024//4014 4135//4125
f 4047//4037 4037//4027 4136//4126
f 4047//4037 4136//4126 4131//4121
f 4136//4126 4037//4027 4133//4123
f 4023//4013 4098//4088 4024//4014
f 4024//4014 4098//4088 4135//4125
f 4130//4120 4034//4024 4132//4122
f 4130//4120 4132//4122 4129//4119
f 4107//4097 4137//4127 4101//4091
f 4101//4091 4137//4127 4026//4016
f 4101//4091 4103//4093 4025//4015
f 4101//4091 4025//4015 4102//4092
f 4025//4015 4061//4051 4067//4057
f 4067//4057 4061//4051 4060//4050
f 4067//4057 4060//4050 4138//4128
f 4067//4057 4138//4128 4068//4058
f 4068//4058 4138//4128 4026//4016
f 4137//4127 4110//4100 4119//4109
f 4119//4109 4110//4100 4118//4108
f 4119//4109 4118//4108 4139//4129
f 4139//4129 4118//4108 4121//4111
f 4139//4129 4121//4111 4140//4130
f 4140//4130 4121//4111 4119//4109
f 4140//4130 4119//4109 4141//4131
f 4141//4131 4119//4109 4118//4108
f 4141//4131 4118//4108 4048//4038
f 4141//4131 4097//4087 4140//4130
f 4140//4130 4141//4131 4139//4129
f 4139//4129 4141//4131 4142//4132
f 4139//4129 4142//4132 4119//4109
f 4119//4109 4142//4132 4141//4131
f 4119//4109 4141//4131 4137//4127
f 4137//4127 4141//4131 4095//4085
f 4137//4127 4095//4085 4091//4081
f 4137//4127 4091//4081 4125//4115
f 4125//4115 4091//4081 4124//4114
f 4125//4115 4124//4114 4115//4105
f 4115//4105 4124//4114 4126//4116
f 4126//4116 4135//4125 4115//4105
f 4115//4105 4135//4125 4127//4117
f 4115//4105 4127//4117 4125//4115
f 4125//4115 4127//4117 4135//4125
f 4125//4115 4135//4125 4137//4127
f 4137//4127 4135//4125 4034//4024
f 4034//4024 4135//4125 4098//4088
f 4034//4024 4098//4088 4132//4122
f 4027//4017 4028//4018 4054//4044
f 4054//4044 4028//4018 4056//4046
f 4056//4046 4028//4018 4031//4021
f 4056//4046 4031//4021 4089//4079
f 4089//4079 4031//4021 4043//4033
f 4089//4079 4043//4033 4073//4063
f 4063//4053 4062//4052 4030//4020
f 4030//4020 4069//4059 4065//4055
f 4065//4055 4069//4059 4066//4056
f 4064//4054 4065//4055 4068//4058
f 4064//4054 4068//4058 4063//4053
f 4068//4058 4026//4016 4043//4033
f 4043//4033 4026//4016 4137//4127
f 4034//4024 4043//4033 4137//4127
f 4026//4016 4025//4015 4103//4093
f 4102//4092 4025//4015 4108//4098
f 4102//4092 4108//4098 4105//4095
f 4105//4095 4108//4098 4113//4103
f 4105//4095 4113//4103 4106//4096
f 4106//4096 4113//4103 4114//4104
f 4106//4096 4114//4104 4107//4097
f 4107//4097 4114//4104 4105//4095
f 4107//4097 4105//4095 4137//4127
f 4137//4127 4105//4095 4113//4103
f 4137//4127 4113//4103 4110//4100
f 4110//4100 4113//4103 4112//4102
f 4110//4100 4112//4102 4122//4112
f 4122//4112 4110//4100 4120//4110
f 4120//4110 4110//4100 4109//4099
f 4120//4110 4109//4099 4118//4108
f 4118//4108 4109//4099 4108//4098
f 4118//4108 4108//4098 4048//4038
f 4048//4038 4108//4098 4025//4015
f 4048//4038 4025//4015 4030//4020
f 4025//4015 4059//4049 4061//4051
f 4060//4050 4061//4051 4138//4128
f 4138//4128 4060//4050 4059//4049
f 4138//4128 4059//4049 4026//4016
f 4026//4016 4059//4049 4090//4080
f 4026//4016 4090//4080 4058//4048
f 4058//4048 4057//4047 4026//4016
f 4021//4011 4018//4008 4040//4030
f 4040//4030 4018//4008 4020//4010
f 4040//4030 4020//4010 4019//4009
f 4040//4030 4019//4009 4005//3995
f 4144//4134 4145//4135 4146//4136
f 4146//4136 4145//4135 4147//4137
f 4146//4136 4147//4137 4148//4138
f 4148//4138 4147//4137 4149//4139
f 4148//4138 4145//4135 4146//4136
f 4146//4136 4145//4135 4150//4140
f 4146//4136 4150//4140 4144//4134
f 4151//4141 4152//4142 4149//4139
f 4149//4139 4152//4142 4043//4033
f 4144//4134 4150//4140 4043//4033
f 4144//4134 4043//4033 4145//4135
f 4145//4135 4043//4033 4152//4142
f 4145//4135 4152//4142 4147//4137
f 4147//4137 4152//4142 4151//4141
f 4147//4137 4151//4141 4149//4139
f 4143//4133 4082//4072 4081//4071
f 4143//4133 4081//4071 4080//4070
f 4143//4133 4080//4070 4078//4068
f 4143//4133 4078//4068 4040//4030
f 4040//4030 4078//4068 4077//4067
f 4040//4030 4077//4067 4021//4011
f 4080//4070 4082//4072 4085//4075
f 4080//4070 4085//4075 4079//4069
f 4079//4069 4085//4075 4021//4011
f 4150//4140 4020//4010 4043//4033
f 4043//4033 4020//4010 4021//4011
f 4021//4011 4085//4075 4043//4033
f 4043//4033 4085//4075 4073//4063
f 4073//4063 4085//4075 4072//4062
f 4073//4063 4072//4062 4088//4078
f 4013//4003 3783//3774 3976//3966
f 4013//4003 3976//3966 4033//4023
f 4033//4023 3976//3966 3975//3965
f 4043//4033 4013//4003 4045//4035
f 4045//4035 4013//4003 4033//4023
f 4004//3994 4037//4027 4036//4026
f 4036//4026 4037//4027 4052//4042
f 4052//4042 4037//4027 4039//4029
f 4052//4042 4039//4029 4036//4026
f 4028//4018 4030//4020 4029//4019
f 4029//4019 4030//4020 4062//4052
f 4028//4018 4029//4019 4068//4058
f 4028//4018 4068//4058 4031//4021
f 4031//4021 4068//4058 4043//4033
f 4131//4121 4129//4119 4132//4122
f 4132//4122 4098//4088 4023//4013
f 4132//4122 4023//4013 4022//4012
f 4128//4118 4022//4012 4099//4089
f 4128//4118 4099//4089 4135//4125
f 4128//4118 4135//4125 4134//4124
f 4134//4124 4135//4125 4126//4116
f 4134//4124 4126//4116 4127//4117
f 4134//4124 4127//4117 4115//4105
f 4115//4105 4125//4115 4116//4106
f 4116//4106 4125//4115 4123//4113
f 4116//4106 4123//4113 4092//4082
f 4116//4106 4092//4082 4117//4107
f 4117//4107 4092//4082 4095//4085
f 4100//4090 4095//4085 4141//4131
f 4100//4090 4141//4131 4097//4087
f 4097//4087 4141//4131 4142//4132
f 4097//4087 4142//4132 4096//4086
f 4096//4086 4142//4132 4141//4131
f 4096//4086 4141//4131 4100//4090
f 4095//4085 4097//4087 4141//4131
f 4095//4085 4141//4131 4048//4038
f 4098//4088 4048//4038 4047//4037
f 4098//4088 4047//4037 4129//4119
f 4129//4119 4047//4037 4133//4123
f 4129//4119 4133//4123 4130//4120
f 4130//4120 4133//4123 4047//4037
f 4130//4120 4047//4037 4131//4121
f 4129//4119 4131//4121 4136//4126
f 4129//4119 4136//4126 4130//4120
f 4130//4120 4136//4126 4133//4123
f 4130//4120 4133//4123 4034//4024
f 4034//4024 4133//4123 4037//4027
f 4037//4027 4047//4037 4039//4029
f 4043//4033 4037//4027 4009//3999
f 4009//3999 4037//4027 4008//3998
f 4087//4077 4073//4063 4040//4030
f 4087//4077 4040//4030 4070//4060
f 4070//4060 4040//4030 4031//4021
f 4070//4060 4031//4021 4056//4046
f 4056//4046 4031//4021 4030//4020
f 4056//4046 4030//4020 4054//4044
f 4054//4044 4030//4020 4028//4018
f 4054//4044 4027//4017 4055//4045
f 4071//4061 4056//4046 4089//4079
f 4071//4061 4089//4079 4070//4060
f 4070//4060 4089//4079 4087//4077
f 4072//4062 4075//4065 4040//4030
f 4040//4030 4075//4065 4074//4064
f 4040//4030 4074//4064 4143//4133
f 4143//4133 4074//4064 4084//4074
f 4143//4133 4084//4074 4082//4072
f 4077//4067 4078//4068 4021//4011
f 4021//4011 4020//4010 4018//4008
f 4018//4008 4020//4010 4150//4140
f 4018//4008 4150//4140 4019//4009
f 4019//4009 4150//4140 4145//4135
f 4019//4009 4145//4135 4005//3995
f 4005//3995 4145//4135 4148//4138
f 4005//3995 4148//4138 4149//4139
f 4005//3995 4149//4139 4041//4031
f 4041//4031 4149//4139 4151//4141
f 4041//4031 4151//4141 4042//4032
f 4042//4032 4151//4141 4149//4139
f 4042//4032 4149//4139 4043//4033
f 4042//4032 4043//4033 4005//3995
f 4045//4035 4044//4034 4155//4145
f 3818//3809 3815//3806 4158//4148
f 4158//4148 3824//3815 3818//3809
f 4160//4150 4161//4151 4158//4148
f 4158//4148 4161//4151 3824//3815
f 4162//4152 4163//4153 4160//4150
f 4160//4150 4163//4153 4161//4151
f 4157//4147 4156//4146 4162//4152
f 4162//4152 4156//4146 4163//4153
f 4156//4146 4157//4147 4155//4145
f 4164//4154 4002//3992 4003//3993
f 3998//3988 4000//3990 4168//4158
f 3998//3988 4168//4158 3999//3989
f 3954//3944 3999//3989 4153//4143
f 4158//4148 4165//4155 4166//4156
f 4158//4148 4166//4156 4160//4150
f 3815//3806 4165//4155 4158//4148
f 4160//4150 4167//4157 4162//4152
f 4155//4145 4157//4147 4045//4035
f 4002//3992 4164//4154 4001//3991
f 4045//4035 4164//4154 4003//3993
f 4045//4035 4003//3993 4005//3995
f 4045//4035 4005//3995 4043//4033
f 4154//4144 4153//4143 3999//3989
f 4154//4144 3999//3989 4166//4156
f 4166//4156 3999//3989 4168//4158
f 4168//4158 4000//3990 4169//4159
f 4169//4159 4000//3990 4001//3991
f 4169//4159 4001//3991 4164//4154
f 4165//4155 4153//4143 4154//4144
f 4165//4155 4154//4144 4166//4156
f 4160//4150 4166//4156 4168//4158
f 4160//4150 4168//4158 4167//4157
f 4167//4157 4168//4158 4162//4152
f 4162//4152 4168//4158 4169//4159
f 4162//4152 4169//4159 4157//4147
f 4157//4147 4169//4159 4164//4154
f 4157//4147 4164//4154 4045//4035
f 3815//3806 4171//4161 4170//4160
f 3822//3813 4170//4160 4171//4161
f 4165//4155 4172//4162 4173//4163
f 4174//4164 4175//4165 4188//4178
f 4172//4162 3822//3813 3825//3816
f 4170//4160 4172//4162 3815//3806
f 3815//3806 4172//4162 4165//4155
f 3954//3944 4153//4143 3951//3941
f 4153//4143 3952//3942 3951//3941
f 3938//3929 3944//3934 4176//4166
f 4176//4166 3944//3934 3935//3926
f 4188//4178 4175//4165 4176//4166
f 4180//4170 4179//4169 4181//4171
f 4181//4171 4179//4169 4178//4168
f 4179//4169 4180//4170 4182//4172
f 4182//4172 4180//4170 4183//4173
f 4172//4162 4170//4160 3822//3813
f 4183//4173 4173//4163 4182//4172
f 4178//4168 4174//4164 4188//4178
f 4178//4168 4188//4178 4181//4171
f 4185//4175 4165//4155 4173//4163
f 4185//4175 4173//4163 4183//4173
f 4185//4175 4183//4173 4184//4174
f 4184//4174 4183//4173 4180//4170
f 3952//3942 4153//4143 4186//4176
f 3952//3942 4186//4176 3953//3943
f 3953//3943 4186//4176 4184//4174
f 3953//3943 4184//4174 3948//3938
f 3948//3938 4184//4174 4187//4177
f 3948//3938 4187//4177 3950//3940
f 3950//3940 4187//4177 4188//4178
f 3950//3940 4188//4178 3935//3926
f 3935//3926 4188//4178 4176//4166
f 4153//4143 4165//4155 4186//4176
f 4186//4176 4165//4155 4185//4175
f 4186//4176 4185//4175 4184//4174
f 4187//4177 4184//4174 4180//4170
f 4187//4177 4180//4170 4188//4178
f 4188//4178 4180//4170 4181//4171
f 4189//4179 4190//4180 4191//4181
f 4192//4182 4193//4183 4194//4184
f 4195//4185 4196//4186 4197//4187
f 4201//4191 3759//3750 3758//3749
f 4201//4191 3758//3749 4202//4192
f 3937//3928 4203//4193 4204//4194
f 4200//4190 3938//3929 4176//4166
f 4205//4195 3938//3929 4206//4196
f 4206//4196 4207//4197 4281//4271
f 4208//4198 3938//3929 4209//4199
f 4209//4199 3938//3929 4210//4200
f 4209//4199 4210//4200 4211//4201
f 4238//4228 4203//4193 3938//3929
f 3938//3929 4203//4193 3937//3928
f 3760//3751 4202//4192 3758//3749
f 4200//4190 4213//4203 4214//4204
f 4214//4204 4213//4203 4215//4205
f 4215//4205 4213//4203 4216//4206
f 4215//4205 4216//4206 4217//4207
f 4217//4207 4216//4206 4213//4203
f 4218//4208 4213//4203 4200//4190
f 4219//4209 4220//4210 4221//4211
f 4221//4211 4220//4210 4203//4193
f 4221//4211 4203//4193 4222//4212
f 4221//4211 4222//4212 4219//4209
f 4200//4190 4226//4216 4227//4217
f 4227//4217 4226//4216 4225//4215
f 4227//4217 4225//4215 4228//4218
f 4199//4189 4226//4216 4228//4218
f 4228//4218 4226//4216 4203//4193
f 4228//4218 4203//4193 4227//4217
f 4225//4215 4199//4189 4228//4218
f 4225//4215 4226//4216 4200//4190
f 4230//4220 4229//4219 4231//4221
f 4231//4221 4229//4219 4199//4189
f 4231//4221 4199//4189 4224//4214
f 4230//4220 4223//4213 4229//4219
f 4229//4219 4223//4213 4199//4189
f 4203//4193 4219//4209 4222//4212
f 4232//4222 4197//4187 4233//4223
f 4237//4227 4238//4228 4239//4229
f 4241//4231 4242//4232 4243//4233
f 4243//4233 4242//4232 4244//4234
f 4243//4233 4244//4234 4245//4235
f 4245//4235 4244//4234 4246//4236
f 4245//4235 4246//4236 4242//4232
f 4247//4237 4241//4231 4248//4238
f 4248//4238 4241//4231 4243//4233
f 4241//4231 4243//4233 4245//4235
f 4241//4231 4245//4235 4249//4239
f 4249//4239 4245//4235 4242//4232
f 4249//4239 4242//4232 4241//4231
f 4250//4240 4237//4227 4239//4229
f 4250//4240 4239//4229 4236//4226
f 4237//4227 4251//4241 4238//4228
f 4238//4228 4251//4241 4239//4229
f 4239//4229 4251//4241 4240//4230
f 4239//4229 4240//4230 4236//4226
f 4236//4226 4240//4230 4250//4240
f 4250//4240 4240//4230 4238//4228
f 4252//4242 4253//4243 4254//4244
f 4254//4244 4253//4243 4255//4245
f 4253//4243 4255//4245 4256//4246
f 4253//4243 4256//4246 4257//4247
f 4257//4247 4256//4246 4246//4236
f 4236//4226 4258//4248 4259//4249
f 4259//4249 4261//4251 4236//4226
f 4236//4226 4261//4251 4251//4241
f 4262//4252 4251//4241 4263//4253
f 4197//4187 4260//4250 4236//4226
f 4236//4226 4260//4250 4258//4248
f 4258//4248 4260//4250 4263//4253
f 4258//4248 4263//4253 4259//4249
f 4259//4249 4258//4248 4261//4251
f 4261//4251 4259//4249 4251//4241
f 4262//4252 4260//4250 4264//4254
f 4265//4255 4266//4256 4267//4257
f 4267//4257 4266//4256 4235//4225
f 4267//4257 4235//4225 4268//4258
f 4268//4258 4235//4225 4269//4259
f 4268//4258 4269//4259 4270//4260
f 4270//4260 4269//4259 4271//4261
f 4270//4260 4271//4261 4260//4250
f 4265//4255 4232//4222 4266//4256
f 4235//4225 4266//4256 4269//4259
f 4264//4254 4240//4230 4262//4252
f 4273//4263 4250//4240 4238//4228
f 4238//4228 4272//4262 4273//4263
f 4250//4240 4273//4263 4252//4242
f 4250//4240 4252//4242 4272//4262
f 4274//4264 4281//4271 4275//4265
f 4281//4271 4207//4197 4276//4266
f 4276//4266 4207//4197 4277//4267
f 4276//4266 4277//4267 4278//4268
f 4278//4268 4277//4267 4279//4269
f 4278//4268 4279//4269 4280//4270
f 4280//4270 4277//4267 4278//4268
f 4278//4268 4277//4267 4207//4197
f 4278//4268 4207//4197 4276//4266
f 4276//4266 4207//4197 4275//4265
f 4276//4266 4275//4265 4281//4271
f 4205//4195 4208//4198 4275//4265
f 4275//4265 4208//4198 4274//4264
f 4274//4264 3938//3929 4205//4195
f 4274//4264 4205//4195 4281//4271
f 4205//4195 3938//3929 4208//4198
f 4274//4264 4208//4198 4209//4199
f 4274//4264 4209//4199 3938//3929
f 3938//3929 4209//4199 4211//4201
f 3938//3929 4211//4201 4210//4200
f 4210//4200 4282//4272 3938//3929
f 4247//4237 4284//4274 4285//4275
f 4285//4275 4284//4274 4286//4276
f 4285//4275 4286//4276 4287//4277
f 4287//4277 4286//4276 4248//4238
f 4287//4277 4248//4238 4284//4274
f 4247//4237 4248//4238 4284//4274
f 4284//4274 4248//4238 4241//4231
f 4284//4274 4241//4231 4286//4276
f 4286//4276 4241//4231 4249//4239
f 4286//4276 4249//4239 4248//4238
f 4248//4238 4249//4239 4241//4231
f 4252//4242 4254//4244 4288//4278
f 4288//4278 4254//4244 4253//4243
f 4288//4278 4253//4243 4257//4247
f 4206//4196 4257//4247 4246//4236
f 4206//4196 4246//4236 4241//4231
f 4206//4196 4241//4231 4247//4237
f 4206//4196 4247//4237 4285//4275
f 4287//4277 4284//4274 4247//4237
f 4247//4237 4284//4274 4241//4231
f 4247//4237 4241//4231 4238//4228
f 4238//4228 4241//4231 4242//4232
f 4238//4228 4242//4232 4253//4243
f 4253//4243 4242//4232 4246//4236
f 4253//4243 4246//4236 4255//4245
f 4255//4245 4246//4236 4244//4234
f 4255//4245 4244//4234 4256//4246
f 4256//4246 4244//4234 4242//4232
f 4256//4246 4242//4232 4246//4236
f 4246//4236 4242//4232 4241//4231
f 3938//3929 4289//4279 4212//4202
f 4275//4265 4279//4269 4238//4228
f 4236//4226 4251//4241 4237//4227
f 4236//4226 4237//4227 4206//4196
f 4290//4280 4291//4281 4292//4282
f 4197//4187 3938//3929 4200//4190
f 4197//4187 4200//4190 4293//4283
f 4294//4284 4295//4285 4293//4283
f 4191//4181 4295//4285 4294//4284
f 4297//4287 4294//4284 4296//4286
f 4294//4284 4322//4312 4191//4181
f 4191//4181 4322//4312 4297//4287
f 4191//4181 4297//4287 4295//4285
f 4295//4285 4297//4287 4296//4286
f 4293//4283 4295//4285 4296//4286
f 4298//4288 4299//4289 4197//4187
f 4300//4290 4301//4291 4193//4183
f 4193//4183 4192//4182 4300//4290
f 4290//4280 4292//4282 4301//4291
f 4301//4291 4292//4282 4302//4292
f 4194//4184 4298//4288 4192//4182
f 4193//4183 4194//4184 4198//4188
f 4193//4183 4198//4188 4300//4290
f 4300//4290 4198//4188 4197//4187
f 4302//4292 4303//4293 4292//4282
f 4292//4282 4303//4293 4304//4294
f 4234//4224 4305//4295 4197//4187
f 4197//4187 4305//4295 4306//4296
f 4197//4187 4306//4296 4233//4223
f 4233//4223 4306//4296 4307//4297
f 4233//4223 4307//4297 4232//4222
f 4232//4222 4307//4297 4265//4255
f 4232//4222 4265//4255 4197//4187
f 4197//4187 4265//4255 4267//4257
f 4197//4187 4267//4257 4235//4225
f 4234//4224 4308//4298 4305//4295
f 4305//4295 4234//4224 4306//4296
f 4306//4296 4234//4224 4233//4223
f 4265//4255 4232//4222 4309//4299
f 4265//4255 4309//4299 4267//4257
f 4267//4257 4309//4299 4235//4225
f 4235//4225 4310//4300 4197//4187
f 4197//4187 4310//4300 4271//4261
f 4197//4187 4271//4261 4260//4250
f 4196//4186 4195//4185 4311//4301
f 4197//4187 4312//4302 4195//4185
f 4195//4185 4312//4302 4311//4301
f 4291//4281 4304//4294 4292//4282
f 4299//4289 4298//4288 4313//4303
f 4299//4289 4313//4303 4338//4328
f 4338//4328 4312//4302 4299//4289
f 4299//4289 4312//4302 4314//4304
f 4299//4289 4314//4304 4197//4187
f 4302//4292 4338//4328 4192//4182
f 4302//4292 4192//4182 4301//4291
f 4315//4305 4316//4306 4317//4307
f 4315//4305 4317//4307 4318//4308
f 4318//4308 4317//4307 4319//4309
f 4200//4190 4315//4305 4320//4310
f 4320//4310 4315//4305 4318//4308
f 4321//4311 4190//4180 4322//4312
f 4322//4312 4190//4180 4297//4287
f 4316//4306 4315//4305 4323//4313
f 4316//4306 4323//4313 4317//4307
f 4317//4307 4323//4313 4320//4310
f 4317//4307 4320//4310 4319//4309
f 4200//4190 4203//4193 4220//4210
f 4200//4190 4220//4210 4324//4314
f 4200//4190 4324//4314 4218//4208
f 4218//4208 4324//4314 4325//4315
f 4218//4208 4325//4315 4213//4203
f 4213//4203 4325//4315 4217//4207
f 4217//4207 4338//4328 4215//4205
f 4326//4316 4327//4317 4328//4318
f 4328//4318 4327//4317 4329//4319
f 4330//4320 4326//4316 4329//4319
f 4329//4319 4326//4316 4328//4318
f 4329//4319 4328//4318 4331//4321
f 4332//4322 4190//4180 4333//4323
f 4189//4179 4297//4287 4190//4180
f 4333//4323 4190//4180 4321//4311
f 4333//4323 4321//4311 4332//4322
f 4227//4217 4203//4193 4200//4190
f 4200//4190 4214//4204 4327//4317
f 4200//4190 4327//4317 4315//4305
f 4315//4305 4327//4317 4334//4324
f 4315//4305 4334//4324 4335//4325
f 4315//4305 4335//4325 4323//4313
f 4323//4313 4335//4325 4316//4306
f 4323//4313 4316//4306 4320//4310
f 4320//4310 4316//4306 4190//4180
f 4320//4310 4190//4180 4319//4309
f 4319//4309 4190//4180 4318//4308
f 4318//4308 4190//4180 4332//4322
f 4318//4308 4332//4322 4320//4310
f 4320//4310 4332//4322 4319//4309
f 4320//4310 4319//4309 4200//4190
f 4200//4190 4319//4309 4333//4323
f 4200//4190 4333//4323 4294//4284
f 4200//4190 4294//4284 4293//4283
f 4293//4283 4296//4286 4191//4181
f 4191//4181 4296//4286 4294//4284
f 4191//4181 4294//4284 4189//4179
f 4189//4179 4294//4284 4297//4287
f 4322//4312 4294//4284 4333//4323
f 4322//4312 4333//4323 4321//4311
f 4321//4311 4333//4323 4319//4309
f 4321//4311 4319//4309 4332//4322
f 4197//4187 4198//4188 4298//4288
f 4298//4288 4198//4188 4194//4184
f 4298//4288 4194//4184 4313//4303
f 4313//4303 4298//4288 4338//4328
f 4338//4328 4298//4288 4194//4184
f 4338//4328 4194//4184 4192//4182
f 4192//4182 4193//4183 4301//4291
f 4301//4291 4300//4290 4290//4280
f 4290//4280 4300//4290 4197//4187
f 4290//4280 4197//4187 4291//4281
f 4291//4281 4197//4187 4336//4326
f 4291//4281 4336//4326 4304//4294
f 4292//4282 4304//4294 4302//4292
f 4302//4292 4304//4294 4293//4283
f 4302//4292 4293//4283 4338//4328
f 4337//4327 4324//4314 4338//4328
f 4339//4329 4337//4327 4340//4330
f 4340//4330 4337//4327 4338//4328
f 4340//4330 4338//4328 4218//4208
f 4339//4329 4341//4331 4337//4327
f 4337//4327 4341//4331 4220//4210
f 4337//4327 4220//4210 4324//4314
f 4324//4314 4220//4210 4339//4329
f 4324//4314 4339//4329 4338//4328
f 4266//4256 4240//4230 4269//4259
f 4269//4259 4240//4230 4264//4254
f 4269//4259 4264//4254 4270//4260
f 4270//4260 4264//4254 4260//4250
f 4312//4302 4197//4187 4314//4304
f 4312//4302 4314//4304 4311//4301
f 4195//4185 4312//4302 4338//4328
f 4195//4185 4338//4328 4266//4256
f 4338//4328 4329//4319 4330//4320
f 4330//4320 4329//4319 4327//4317
f 4330//4320 4327//4317 4214//4204
f 4214//4204 4327//4317 4326//4316
f 4214//4204 4326//4316 4342//4332
f 4342//4332 4326//4316 4330//4320
f 4280//4270 4279//4269 4277//4267
f 4277//4267 4279//4269 4275//4265
f 4277//4267 4275//4265 4207//4197
f 4206//4196 4281//4271 4283//4273
f 4206//4196 4283//4273 4205//4195
f 4205//4195 4283//4273 4281//4271
f 4205//4195 4275//4265 4283//4273
f 4205//4195 4283//4273 3938//3929
f 3938//3929 4283//4273 4275//4265
f 3938//3929 4275//4265 4289//4279
f 4289//4279 4275//4265 4238//4228
f 4289//4279 4238//4228 3938//3929
f 4251//4241 4262//4252 4240//4230
f 4238//4228 4240//4230 4266//4256
f 4238//4228 4266//4256 4203//4193
f 4203//4193 4266//4256 4338//4328
f 4203//4193 4199//4189 4204//4194
f 4224//4214 4200//4190 4223//4213
f 4224//4214 4223//4213 4229//4219
f 4200//4190 4224//4214 4225//4215
f 4230//4220 4343//4333 4223//4213
f 4223//4213 4343//4333 4204//4194
f 4223//4213 4204//4194 4199//4189
f 3937//3928 4204//4194 4176//4166
f 4204//4194 4200//4190 4176//4166
f 4175//4165 4174//4164 4176//4166
f 4174//4164 4177//4167 4202//4192
f 4174//4164 4202//4192 4176//4166
f 4176//4166 4202//4192 3760//3751
f 4176//4166 3760//3751 3937//3928
f 3937//3928 3760//3751 3770//3761
f 4200//4190 4204//4194 4343//4333
f 4200//4190 4343//4333 4223//4213
f 4229//4219 4231//4221 4224//4214
f 4224//4214 4199//4189 4225//4215
f 4226//4216 4199//4189 4203//4193
f 4203//4193 4338//4328 4219//4209
f 4219//4209 4338//4328 4339//4329
f 4219//4209 4339//4329 4222//4212
f 4222//4212 4339//4329 4220//4210
f 4222//4212 4220//4210 4219//4209
f 4219//4209 4220//4210 4341//4331
f 4220//4210 4341//4331 4339//4329
f 4324//4314 4339//4329 4340//4330
f 4324//4314 4340//4330 4325//4315
f 4325//4315 4340//4330 4218//4208
f 4325//4315 4218//4208 4217//4207
f 4217//4207 4218//4208 4338//4328
f 4215//4205 4338//4328 4330//4320
f 4215//4205 4330//4320 4216//4206
f 4216//4206 4330//4320 4214//4204
f 4216//4206 4214//4204 4215//4205
f 4215//4205 4214//4204 4342//4332
f 4214//4204 4342//4332 4330//4320
f 4327//4317 4329//4319 4334//4324
f 4334//4324 4329//4319 4331//4321
f 4334//4324 4331//4321 4335//4325
f 4335//4325 4331//4321 4329//4319
f 4335//4325 4329//4319 4316//4306
f 4316//4306 4329//4319 4338//4328
f 4316//4306 4338//4328 4190//4180
f 4190//4180 4338//4328 4191//4181
f 4191//4181 4338//4328 4293//4283
f 4293//4283 4304//4294 4291//4281
f 4293//4283 4291//4281 4336//4326
f 4293//4283 4336//4326 4197//4187
f 4197//4187 4196//4186 4234//4224
f 4234//4224 4196//4186 4308//4298
f 4308//4298 4196//4186 4195//4185
f 4308//4298 4195//4185 4234//4224
f 4234//4224 4195//4185 4266//4256
f 4234//4224 4266//4256 4233//4223
f 4233//4223 4266//4256 4232//4222
f 4235//4225 4268//4258 4310//4300
f 4310//4300 4268//4258 4270//4260
f 4310//4300 4270//4260 4271//4261
f 4263//4253 4260//4250 4262//4252
f 4263//4253 4262//4252 4258//4248
f 4259//4249 4263//4253 4251//4241
f 4236//4226 4206//4196 4197//4187
f 4197//4187 4206//4196 3938//3929
f 4207//4197 4206//4196 4277//4267
f 4277//4267 4206//4196 4285//4275
f 4277//4267 4285//4275 4279//4269
f 4279//4269 4285//4275 4280//4270
f 4280//4270 4285//4275 4287//4277
f 4280//4270 4287//4277 4279//4269
f 4279//4269 4287//4277 4247//4237
f 4279//4269 4247//4237 4238//4228
f 4238//4228 4253//4243 4252//4242
f 4238//4228 4252//4242 4272//4262
f 4272//4262 4252//4242 4288//4278
f 4272//4262 4288//4278 4273//4263
f 4273//4263 4288//4278 4257//4247
f 4273//4263 4257//4247 4252//4242
f 4252//4242 4257//4247 4206//4196
f 4252//4242 4206//4196 4272//4262
f 4272//4262 4206//4196 4250//4240
f 4250//4240 4206//4196 4237//4227
f 4345//4335 4346//4336 4344//4334
f 4348//4338 4347//4337 3985//3975
f 4350//4340 4351//4341 4346//4336
f 4351//4341 4352//4342 4346//4336
f 4346//4336 4352//4342 4353//4343
f 4353//4343 4344//4334 4346//4336
f 4352//4342 3733//3724 4353//4343
f 4353//4343 3733//3724 3743//3734
f 3742//3733 4353//4343 3743//3734
f 4365//4355 4360//4350 4362//4352
f 4360//4350 4357//4347 4358//4348
f 4360//4350 4358//4348 4361//4351
f 4361//4351 4362//4352 4360//4350
f 4357//4347 4360//4350 4363//4353
f 4357//4347 4363//4353 4358//4348
f 4364//4354 4363//4353 4365//4355
f 4363//4353 4364//4354 4366//4356
f 4363//4353 4366//4356 4358//4348
f 4367//4357 4355//4345 4354//4344
f 4358//4348 4366//4356 4359//4349
f 4371//4361 4356//4346 4368//4358
f 4368//4358 4356//4346 4355//4345
f 4368//4358 4355//4345 4367//4357
f 4367//4357 4369//4359 4368//4358
f 4367//4357 4370//4360 4369//4359
f 3742//3733 4344//4334 4353//4343
f 4368//4358 4369//4359 4371//4361
f 3742//3733 4369//4359 4344//4334
f 4344//4334 4369//4359 3730//3721
f 4356//4346 4371//4361 4355//4345
f 4355//4345 4371//4361 4372//4362
f 4369//4359 4374//4364 4371//4361
f 4371//4361 4374//4364 4373//4363
f 4371//4361 4373//4363 4372//4362
f 4359//4349 4828//4818 4358//4348
f 4358//4348 4828//4818 4361//4351
f 4355//4345 4372//4362 4354//4344
f 4354//4344 4372//4362 4375//4365
f 4377//4367 4376//4366 3729//3720
f 4377//4367 3729//3720 4378//4368
f 4379//4369 4375//4365 4380//4370
f 4379//4369 4354//4344 4375//4365
f 4382//4372 4367//4357 4354//4344
f 4354//4344 4379//4369 4381//4371
f 4354//4344 4381//4371 4382//4372
f 4381//4371 4378//4368 4382//4372
f 4382//4372 4378//4368 3731//3722
f 3731//3722 4378//4368 3729//3720
f 3730//3721 3729//3720 4383//4373
f 4376//4366 4383//4373 3729//3720
f 4344//4334 3730//3721 4365//4355
f 4365//4355 3751//3742 4344//4334
f 4365//4355 4363//4353 4360//4350
f 3759//3750 4365//4355 4384//4374
f 3759//3750 4384//4374 3758//3749
f 4384//4374 3961//3951 3758//3749
f 3961//3951 3930//3921 3758//3749
f 4386//4376 4385//4375 4387//4377
f 3973//3963 3972//3962 3961//3951
f 3973//3963 3961//3951 4386//4376
f 4386//4376 3961//3951 4385//4375
f 4388//4378 3973//3963 4386//4376
f 3972//3962 3973//3963 4388//4378
f 3961//3951 3972//3962 4388//4378
f 3961//3951 4388//4378 4389//4379
f 3961//3951 4384//4374 4390//4380
f 4385//4375 3961//3951 4390//4380
f 4390//4380 4387//4377 4385//4375
f 4391//4381 4392//4382 4393//4383
f 4395//4385 4396//4386 4397//4387
f 4403//4393 4402//4392 4404//4394
f 4405//4395 4406//4396 4407//4397
f 4413//4403 4414//4404 4548//4538
f 4415//4405 4416//4406 4437//4427
f 4417//4407 4418//4408 4419//4409
f 4499//4489 4420//4410 4421//4411
f 4422//4412 4423//4413 4424//4414
f 4425//4415 4427//4417 4433//4423
f 3971//3961 3970//3960 4429//4419
f 3931//3922 3971//3961 3919//3910
f 3920//3911 3931//3922 3919//3910
f 4412//4402 3838//3829 3836//3827
f 4428//4418 4430//4420 4431//4421
f 3838//3829 4435//4425 4410//4400
f 3838//3829 4410//4400 4617//4607
f 4438//4428 4439//4429 4440//4430
f 4438//4428 4440//4430 4441//4431
f 4442//4432 4441//4431 4443//4433
f 4443//4433 4441//4431 4440//4430
f 4443//4433 4440//4430 4437//4427
f 4437//4427 4440//4430 4439//4429
f 4437//4427 4439//4429 4436//4426
f 4436//4426 4439//4429 4438//4428
f 4444//4434 4445//4435 4446//4436
f 4446//4436 4444//4434 4447//4437
f 4442//4432 4439//4429 4441//4431
f 4426//4416 4427//4417 4437//4427
f 4448//4438 4449//4439 4450//4440
f 4450//4440 4449//4439 4451//4441
f 4450//4440 4451//4441 4452//4442
f 4452//4442 4451//4441 4437//4427
f 4452//4442 4437//4427 4453//4443
f 4437//4427 4427//4417 4454//4444
f 4455//4445 4433//4423 4437//4427
f 4455//4445 4437//4427 4425//4415
f 4425//4415 4437//4427 4454//4444
f 4425//4415 4454//4444 4456//4446
f 4425//4415 4454//4444 4427//4417
f 4433//4423 4455//4445 4425//4415
f 4425//4415 4455//4445 4456//4446
f 4426//4416 4436//4426 4427//4417
f 4412//4402 4437//4427 3838//3829
f 3838//3829 4437//4427 4435//4425
f 4458//4448 4412//4402 4457//4447
f 4459//4449 4460//4450 4461//4451
f 4460//4450 4459//4449 4462//4452
f 4462//4452 4459//4449 4463//4453
f 4460//4450 4459//4449 4464//4454
f 4460//4450 4464//4454 4461//4451
f 4458//4448 4465//4455 4466//4456
f 4466//4456 4465//4455 4467//4457
f 4412//4402 4468//4458 4469//4459
f 4412//4402 4469//4459 4470//4460
f 4412//4402 4472//4462 4468//4458
f 4468//4458 4472//4462 4473//4463
f 4468//4458 4473//4463 4469//4459
f 4469//4459 4468//4458 4470//4460
f 4462//4452 4474//4464 4463//4453
f 4463//4453 4474//4464 4475//4465
f 4463//4453 4475//4465 4459//4449
f 4459//4449 4475//4465 4461//4451
f 4459//4449 4461//4451 4464//4454
f 4464//4454 4461//4451 4476//4466
f 4477//4467 4478//4468 4479//4469
f 4479//4469 4478//4468 4476//4466
f 4481//4471 4480//4470 4482//4472
f 4481//4471 4482//4472 4471//4461
f 4471//4461 4481//4471 4479//4469
f 4476//4466 4478//4468 4461//4451
f 4461//4451 4478//4468 4471//4461
f 4461//4451 4471//4461 4459//4449
f 4459//4449 4471//4461 4412//4402
f 4459//4449 4412//4402 4463//4453
f 4463//4453 4412//4402 4474//4464
f 4462//4452 4474//4464 4475//4465
f 4474//4464 4475//4465 4466//4456
f 4458//4448 4483//4473 4465//4455
f 4465//4455 4483//4473 4484//4474
f 4465//4455 4484//4474 4485//4475
f 4465//4455 4485//4475 4467//4457
f 4467//4457 4485//4475 4458//4448
f 4486//4476 4487//4477 4488//4478
f 4488//4478 4487//4477 4489//4479
f 4488//4478 4489//4479 4490//4480
f 4490//4480 4488//4478 4483//4473
f 4423//4413 4491//4481 4492//4482
f 4492//4482 4491//4481 4493//4483
f 4421//4411 4499//4489 4494//4484
f 4421//4411 4494//4484 4457//4447
f 4457//4447 4495//4485 4421//4411
f 4421//4411 4495//4485 4420//4410
f 4495//4485 4496//4486 4420//4410
f 4420//4410 4496//4486 4421//4411
f 4486//4476 4493//4483 4487//4477
f 4487//4477 4486//4476 4489//4479
f 4488//4478 4487//4477 4490//4480
f 4497//4487 4498//4488 4499//4489
f 4498//4488 4499//4489 4494//4484
f 4498//4488 4494//4484 4496//4486
f 4423//4413 4422//4412 4491//4481
f 4491//4481 4422//4412 4497//4487
f 4491//4481 4497//4487 4424//4414
f 4491//4481 4424//4414 4493//4483
f 4424//4414 4497//4487 4422//4412
f 4422//4412 4497//4487 4499//4489
f 4497//4487 4498//4488 4424//4414
f 4424//4414 4498//4488 4496//4486
f 4424//4414 4496//4486 3836//3827
f 4476//4466 3836//3827 4470//4460
f 4479//4469 4477//4467 4471//4461
f 4481//4471 4479//4469 4476//4466
f 4481//4471 4476//4466 4480//4470
f 4480//4470 4476//4466 4470//4460
f 4500//4490 4501//4491 4502//4492
f 4502//4492 4501//4491 4503//4493
f 4504//4494 4505//4495 4506//4496
f 4506//4496 4505//4495 4507//4497
f 4506//4496 4507//4497 4508//4498
f 4508//4498 4507//4497 4509//4499
f 4504//4494 4510//4500 4511//4501
f 4504//4494 4511//4501 4512//4502
f 4512//4502 4511//4501 4506//4496
f 4512//4502 4506//4496 4513//4503
f 4505//4495 4504//4494 4512//4502
f 4505//4495 4512//4502 4507//4497
f 4507//4497 4512//4502 4513//4503
f 4507//4497 4513//4503 4509//4499
f 4514//4504 4515//4505 4413//4403
f 4516//4506 4515//4505 4532//4522
f 4532//4522 4515//4505 4519//4509
f 4519//4509 4515//4505 4514//4504
f 4517//4507 4518//4508 4414//4404
f 4414//4404 4518//4508 4519//4509
f 4415//4405 4521//4511 4416//4406
f 4416//4406 4521//4511 4520//4510
f 4521//4511 4523//4513 4520//4510
f 4521//4511 4515//4505 4415//4405
f 4437//4427 4416//4406 4524//4514
f 4524//4514 4416//4406 4520//4510
f 4524//4514 4520//4510 4525//4515
f 4525//4515 4520//4510 4523//4513
f 4525//4515 4523//4513 4524//4514
f 4524//4514 4523//4513 4522//4512
f 4526//4516 4527//4517 4528//4518
f 4528//4518 4527//4517 4529//4519
f 4528//4518 4529//4519 4530//4520
f 4530//4520 4529//4519 4531//4521
f 4530//4520 4531//4521 4528//4518
f 4528//4518 4531//4521 4522//4512
f 4416//4406 4522//4512 4521//4511
f 4521//4511 4522//4512 4515//4505
f 4414//4404 4519//4509 4514//4504
f 4532//4522 4514//4504 4516//4506
f 4527//4517 4528//4518 4530//4520
f 4527//4517 4530//4520 4533//4523
f 4533//4523 4530//4520 4528//4518
f 4533//4523 4528//4518 4529//4519
f 4529//4519 4528//4518 4522//4512
f 4529//4519 4522//4512 4416//4406
f 4419//4409 4533//4523 4417//4407
f 4417//4407 4533//4523 4534//4524
f 4417//4407 4534//4524 4535//4525
f 4535//4525 4534//4524 4419//4409
f 4535//4525 4419//4409 4417//4407
f 4452//4442 4536//4526 4450//4440
f 4450//4440 4536//4526 4451//4441
f 4450//4440 4451//4441 4448//4438
f 4448//4438 4451//4441 4445//4435
f 4437//4427 4500//4490 4453//4443
f 4453//4443 4500//4490 4502//4492
f 4453//4443 4502//4492 4537//4527
f 4537//4527 4502//4492 4503//4493
f 4537//4527 4503//4493 4538//4528
f 4500//4490 4539//4529 4540//4530
f 4540//4530 4500//4490 4541//4531
f 4541//4531 4500//4490 4502//4492
f 4541//4531 4502//4492 4542//4532
f 4500//4490 4540//4530 4501//4491
f 4501//4491 4540//4530 4541//4531
f 4501//4491 4541//4531 4503//4493
f 4503//4493 4541//4531 4542//4532
f 4503//4493 4542//4532 4538//4528
f 4445//4435 4447//4437 4448//4438
f 4448//4438 4447//4437 4444//4434
f 4448//4438 4444//4434 4449//4439
f 4449//4439 4444//4434 4445//4435
f 4449//4439 4445//4435 4451//4441
f 4451//4441 4445//4435 4444//4434
f 4451//4441 4444//4434 4437//4427
f 4543//4533 4452//4442 4544//4534
f 4544//4534 4452//4442 4536//4526
f 4539//4529 4501//4491 4545//4535
f 4503//4493 4501//4491 4509//4499
f 4509//4499 4501//4491 4539//4529
f 4509//4499 4539//4529 4507//4497
f 4418//4408 4546//4536 4547//4537
f 4547//4537 4546//4536 4510//4500
f 4547//4537 4510//4500 4505//4495
f 4505//4495 4510//4500 4548//4538
f 4549//4539 4536//4526 4452//4442
f 4549//4539 4452//4442 4550//4540
f 4550//4540 4452//4442 4543//4533
f 4550//4540 4543//4533 4551//4541
f 4551//4541 4453//4443 4550//4540
f 4550//4540 4453//4443 4552//4542
f 4550//4540 4552//4542 4549//4539
f 4549//4539 4552//4542 4453//4443
f 4549//4539 4453//4443 4503//4493
f 4549//4539 4503//4493 4548//4538
f 4548//4538 4503//4493 4509//4499
f 4548//4538 4509//4499 4507//4497
f 4548//4538 4507//4497 4505//4495
f 4553//4543 4451//4441 4548//4538
f 4519//4509 4517//4507 4532//4522
f 4518//4508 4517//4507 4519//4509
f 4413//4403 4415//4405 4514//4504
f 4514//4504 4415//4405 4437//4427
f 4514//4504 4437//4427 4414//4404
f 4414//4404 4437//4427 4517//4507
f 4517//4507 4437//4427 4412//4402
f 4532//4522 4517//4507 4412//4402
f 4418//4408 4417//4407 4546//4536
f 4546//4536 4417//4407 4535//4525
f 4546//4536 4535//4525 4510//4500
f 4510//4500 4535//4525 4417//4407
f 4510//4500 4417//4407 4548//4538
f 4549//4539 4548//4538 4451//4441
f 4549//4539 4451//4441 4536//4526
f 4536//4526 4451//4441 4449//4439
f 4536//4526 4449//4439 4544//4534
f 4515//4505 4516//4506 4415//4405
f 4415//4405 4516//4506 4413//4403
f 4415//4405 4413//4403 4521//4511
f 4521//4511 4413//4403 4548//4538
f 4521//4511 4548//4538 4416//4406
f 4416//4406 4548//4538 4529//4519
f 4529//4519 4548//4538 4417//4407
f 4529//4519 4417//4407 4533//4523
f 4533//4523 4419//4409 4527//4517
f 4527//4517 4419//4409 4534//4524
f 4527//4517 4534//4524 4526//4516
f 4526//4516 4534//4524 4533//4523
f 4526//4516 4533//4523 4527//4517
f 4527//4517 4419//4409 4504//4494
f 4504//4494 4419//4409 4418//4408
f 4504//4494 4418//4408 4510//4500
f 4510//4500 4418//4408 4547//4537
f 4510//4500 4547//4537 4511//4501
f 4511//4501 4547//4537 4505//4495
f 4511//4501 4505//4495 4506//4496
f 4506//4496 4507//4497 4513//4503
f 4513//4503 4507//4497 4539//4529
f 4513//4503 4539//4529 4509//4499
f 4509//4499 4539//4529 4545//4535
f 4509//4499 4545//4535 4508//4498
f 4414//4404 4532//4522 4470//4460
f 4414//4404 4470//4460 4548//4538
f 4412//4402 4458//4448 4474//4464
f 4474//4464 4458//4448 4466//4456
f 4475//4465 4466//4456 4467//4457
f 4466//4456 4467//4457 4458//4448
f 4466//4456 4458//4448 4475//4465
f 4475//4465 4458//4448 3836//3827
f 4475//4465 3836//3827 4461//4451
f 4457//4447 4486//4476 4458//4448
f 4458//4448 4486//4476 4488//4478
f 4458//4448 4488//4478 4483//4473
f 4483//4473 4490//4480 4484//4474
f 4484//4474 4483//4473 4485//4475
f 4485//4475 4483//4473 4490//4480
f 4485//4475 4490//4480 4458//4448
f 4458//4448 4490//4480 3836//3827
f 3836//3827 4476//4466 4461//4451
f 4476//4466 4478//4468 4477//4467
f 4478//4468 4479//4469 4471//4461
f 4471//4461 4481//4471 4412//4402
f 4412//4402 4481//4471 4482//4472
f 4412//4402 4482//4472 4472//4462
f 4472//4462 4482//4472 4480//4470
f 4472//4462 4480//4470 4473//4463
f 4473//4463 4480//4470 4468//4458
f 4468//4458 4480//4470 4470//4460
f 4554//4544 4555//4545 4556//4546
f 4556//4546 4555//4545 4411//4401
f 4556//4546 4411//4401 4557//4547
f 4557//4547 4411//4401 3836//3827
f 4554//4544 4496//4486 4558//4548
f 4555//4545 4556//4546 4557//4547
f 4556//4546 4557//4547 3836//3827
f 4556//4546 3836//3827 4496//4486
f 4432//4422 4548//4538 4470//4460
f 4495//4485 4558//4548 4496//4486
f 4421//4411 4496//4486 4494//4484
f 4494//4484 4498//4488 4457//4447
f 4457//4447 4498//4488 4497//4487
f 4457//4447 4497//4487 4424//4414
f 4457//4447 4424//4414 4486//4476
f 4486//4476 4424//4414 4423//4413
f 4486//4476 4423//4413 4493//4483
f 4493//4483 4423//4413 4492//4482
f 4493//4483 4492//4482 4486//4476
f 4487//4477 4493//4483 4424//4414
f 4487//4477 4424//4414 4490//4480
f 4490//4480 4424//4414 3836//3827
f 4532//4522 4412//4402 4518//4508
f 4518//4508 4412//4402 4470//4460
f 4518//4508 4470//4460 4532//4522
f 4532//4522 4414//4404 4514//4504
f 4514//4504 4414//4404 4413//4403
f 4514//4504 4413//4403 4516//4506
f 4413//4403 4515//4505 4523//4513
f 4413//4403 4523//4513 4415//4405
f 4415//4405 4523//4513 4521//4511
f 4523//4513 4515//4505 4522//4512
f 4524//4514 4522//4512 4531//4521
f 4524//4514 4531//4521 4525//4515
f 4525//4515 4531//4521 4529//4519
f 4525//4515 4529//4519 4524//4514
f 4524//4514 4529//4519 4527//4517
f 4524//4514 4527//4517 4437//4427
f 4437//4427 4527//4517 4504//4494
f 4437//4427 4504//4494 4506//4496
f 4437//4427 4506//4496 4500//4490
f 4500//4490 4506//4496 4508//4498
f 4500//4490 4508//4498 4539//4529
f 4539//4529 4508//4498 4545//4535
f 4539//4529 4545//4535 4500//4490
f 4500//4490 4545//4535 4501//4491
f 4502//4492 4503//4493 4542//4532
f 4542//4532 4503//4493 4453//4443
f 4542//4532 4453//4443 4538//4528
f 4538//4528 4453//4443 4552//4542
f 4538//4528 4552//4542 4537//4527
f 4537//4527 4552//4542 4453//4443
f 4453//4443 4551//4541 4452//4442
f 4452//4442 4551//4541 4543//4533
f 4452//4442 4543//4533 4536//4526
f 4536//4526 4543//4533 4544//4534
f 4536//4526 4544//4534 4451//4441
f 4451//4441 4544//4534 4449//4439
f 4445//4435 4451//4441 4447//4437
f 4447//4437 4451//4441 4553//4543
f 4447//4437 4553//4543 4559//4549
f 4447//4437 4559//4549 4446//4436
f 4446//4436 4559//4549 4553//4543
f 4446//4436 4553//4543 4444//4434
f 4561//4551 4560//4550 4562//4552
f 4561//4551 4562//4552 4563//4553
f 4565//4555 4566//4556 4567//4557
f 4404//4394 4402//4392 4569//4559
f 4435//4425 4572//4562 4406//4396
f 4406//4396 4572//4562 4573//4563
f 4406//4396 4573//4563 4574//4564
f 4574//4564 4573//4563 4572//4562
f 4574//4564 4572//4562 4575//4565
f 4407//4397 4406//4396 4574//4564
f 4407//4397 4574//4564 4405//4395
f 4405//4395 4574//4564 4575//4565
f 4408//4398 4576//4566 4577//4567
f 4408//4398 4578//4568 4409//4399
f 4409//4399 4578//4568 4576//4566
f 4398//4388 4571//4561 4579//4569
f 4398//4388 4579//4569 4399//4389
f 4399//4389 4579//4569 4580//4570
f 4435//4425 4577//4567 4404//4394
f 4404//4394 4569//4559 4435//4425
f 4435//4425 4569//4559 4410//4400
f 4569//4559 4402//4392 4401//4391
f 4569//4559 4401//4391 4410//4400
f 4576//4566 4571//4561 4409//4399
f 4409//4399 4571//4561 4398//4388
f 4409//4399 4398//4388 4408//4398
f 4408//4398 4398//4388 4576//4566
f 4576//4566 4398//4388 4578//4568
f 4576//4566 4578//4568 4577//4567
f 4410//4400 4581//4571 4570//4560
f 4570//4560 4581//4571 4617//4607
f 4582//4572 4583//4573 4391//4381
f 4584//4574 4585//4575 4586//4576
f 4584//4574 4586//4576 4587//4577
f 4588//4578 4589//4579 4434//4424
f 4434//4424 4589//4579 4590//4580
f 4594//4584 4433//4423 4591//4581
f 4592//4582 4584//4574 4587//4577
f 4592//4582 4587//4577 4593//4583
f 4565//4555 4567//4557 4590//4580
f 4590//4580 4567//4557 4435//4425
f 4590//4580 4435//4425 4434//4424
f 4585//4575 4434//4424 4593//4583
f 4585//4575 4593//4583 4586//4576
f 4586//4576 4593//4583 4594//4584
f 4586//4576 4594//4584 4587//4577
f 4589//4579 4595//4585 4590//4580
f 4590//4580 4595//4585 4596//4586
f 4590//4580 4596//4586 4565//4555
f 4565//4555 4596//4586 4567//4557
f 4588//4578 4597//4587 4589//4579
f 4589//4579 4597//4587 4598//4588
f 4589//4579 4598//4588 4595//4585
f 4595//4585 4598//4588 4599//4589
f 4595//4585 4599//4589 4596//4586
f 4596//4586 4599//4589 4590//4580
f 4596//4586 4590//4580 4567//4557
f 4600//4590 4601//4591 4602//4592
f 4602//4592 4601//4591 4568//4558
f 4602//4592 4568//4558 4603//4593
f 4603//4593 4604//4594 4602//4592
f 4602//4592 4604//4594 4608//4598
f 4602//4592 4608//4598 4600//4590
f 4605//4595 4600//4590 4606//4596
f 4606//4596 4600//4590 4608//4598
f 4606//4596 4608//4598 4605//4595
f 4597//4587 4582//4572 4598//4588
f 4598//4588 4582//4572 4589//4579
f 4598//4588 4589//4579 4599//4589
f 4590//4580 4599//4589 4567//4557
f 4567//4557 4599//4589 4607//4597
f 4567//4557 4607//4597 4566//4556
f 4566//4556 4607//4597 4608//4598
f 4566//4556 4608//4598 4567//4557
f 4609//4599 4565//4555 4566//4556
f 4600//4590 4397//4387 4601//4591
f 4601//4591 4397//4387 4604//4594
f 4601//4591 4604//4594 4568//4558
f 4393//4383 4392//4382 4583//4573
f 4391//4381 4583//4573 4392//4382
f 4392//4382 4583//4573 4610//4600
f 4594//4584 4591//4581 4394//4384
f 4394//4384 4612//4602 4587//4577
f 4394//4384 4587//4577 4594//4584
f 4394//4384 4611//4601 4433//4423
f 4433//4423 4611//4601 4612//4602
f 4433//4423 4612//4602 4394//4384
f 4582//4572 4393//4383 4583//4573
f 4583//4573 4393//4383 4584//4574
f 4583//4573 4584//4574 4610//4600
f 4610//4600 4584//4574 4592//4582
f 4610//4600 4592//4582 4583//4573
f 4583//4573 4592//4582 4586//4576
f 4583//4573 4586//4576 4585//4575
f 4433//4423 4613//4603 4591//4581
f 4612//4602 4585//4575 4587//4577
f 4612//4602 4611//4601 4616//4606
f 4611//4601 4613//4603 4616//4606
f 4611//4601 4591//4581 4614//4604
f 4611//4601 4614//4604 4613//4603
f 4613//4603 4614//4604 4615//4605
f 4613//4603 4615//4605 4616//4606
f 4605//4595 4609//4599 4606//4596
f 4606//4596 4609//4599 4566//4556
f 4606//4596 4566//4556 4605//4595
f 4605//4595 4566//4556 4609//4599
f 4605//4595 4609//4599 4616//4606
f 4433//4423 4616//4606 4615//4605
f 4433//4423 4615//4605 4613//4603
f 4613//4603 4614//4604 4591//4581
f 4394//4384 4591//4581 4611//4601
f 4612//4602 4616//4606 4585//4575
f 4585//4575 4616//4606 4583//4573
f 4400//4390 4401//4391 4581//4571
f 4562//4552 4564//4554 4617//4607
f 4617//4607 4564//4554 4560//4550
f 4562//4552 4563//4553 4564//4554
f 4564//4554 4562//4552 4560//4550
f 4428//4418 4618//4608 4432//4422
f 4432//4422 4618//4608 4430//4420
f 4430//4420 4619//4609 4432//4422
f 4432//4422 4619//4609 4620//4610
f 4432//4422 4620//4610 4621//4611
f 4621//4611 4561//4551 4432//4422
f 4432//4422 4561//4551 4622//4612
f 4567//4557 4608//4598 4435//4425
f 4435//4425 4576//4566 4577//4567
f 4577//4567 4578//4568 4404//4394
f 4404//4394 4578//4568 4408//4398
f 4404//4394 4408//4398 4403//4393
f 4403//4393 4408//4398 4577//4567
f 4403//4393 4577//4567 4578//4568
f 4403//4393 4578//4568 4581//4571
f 4403//4393 4581//4571 4569//4559
f 4569//4559 4581//4571 4401//4391
f 4569//4559 4401//4391 4403//4393
f 4403//4393 4401//4391 4400//4390
f 4403//4393 4400//4390 4402//4392
f 4401//4391 4402//4392 4410//4400
f 4617//4607 4410//4400 4402//4392
f 4617//4607 4402//4392 4570//4560
f 4570//4560 4402//4392 4400//4390
f 4570//4560 4400//4390 4410//4400
f 4410//4400 4400//4390 4581//4571
f 4560//4550 3838//3829 4617//4607
f 4571//4561 4399//4389 4579//4569
f 4579//4569 4399//4389 4406//4396
f 4579//4569 4406//4396 4580//4570
f 4399//4389 4580//4570 4407//4397
f 4399//4389 4407//4397 4432//4422
f 4568//4558 4623//4613 4395//4385
f 4395//4385 4623//4613 4396//4386
f 4601//4591 4608//4598 4604//4594
f 4568//4558 4604//4594 4603//4593
f 4568//4558 4603//4593 4623//4613
f 4623//4613 4568//4558 4396//4386
f 4396//4386 4568//4558 4604//4594
f 4396//4386 4604//4594 4397//4387
f 4622//4612 4617//4607 4432//4422
f 4432//4422 4617//4607 4581//4571
f 4432//4422 4581//4571 4578//4568
f 4432//4422 4578//4568 4399//4389
f 4399//4389 4578//4568 4398//4388
f 4571//4561 4576//4566 4435//4425
f 4571//4561 4435//4425 4399//4389
f 4399//4389 4435//4425 4406//4396
f 4580//4570 4406//4396 4405//4395
f 4580//4570 4405//4395 4407//4397
f 4407//4397 4405//4395 4575//4565
f 4407//4397 4575//4565 4432//4422
f 4432//4422 4575//4565 4572//4562
f 4432//4422 4572//4562 4397//4387
f 4397//4387 4572//4562 4573//4563
f 4397//4387 4573//4563 4395//4385
f 4395//4385 4573//4563 4572//4562
f 4395//4385 4572//4562 4435//4425
f 4395//4385 4435//4425 4568//4558
f 4568//4558 4435//4425 4601//4591
f 4601//4591 4435//4425 4608//4598
f 4432//4422 4433//4423 4427//4417
f 4437//4427 4436//4426 4438//4428
f 4437//4427 4438//4428 4426//4416
f 4426//4416 4438//4428 4441//4431
f 4426//4416 4441//4431 4436//4426
f 4436//4426 4441//4431 4427//4417
f 4427//4417 4441//4431 4439//4429
f 4427//4417 4439//4429 4440//4430
f 4440//4430 4439//4429 4442//4432
f 4437//4427 4433//4423 4435//4425
f 4435//4425 4433//4423 4434//4424
f 4434//4424 4433//4423 4593//4583
f 4593//4583 4433//4423 4594//4584
f 4587//4577 4585//4575 4593//4583
f 4593//4583 4586//4576 4592//4582
f 4585//4575 4584//4574 4393//4383
f 4585//4575 4393//4383 4434//4424
f 4434//4424 4393//4383 4582//4572
f 4434//4424 4582//4572 4588//4578
f 4588//4578 4582//4572 4391//4381
f 4588//4578 4391//4381 4597//4587
f 4597//4587 4391//4381 4393//4383
f 4597//4587 4393//4383 4582//4572
f 4582//4572 4583//4573 4589//4579
f 4589//4579 4583//4573 4616//4606
f 4589//4579 4616//4606 4599//4589
f 4599//4589 4616//4606 4609//4599
f 4599//4589 4609//4599 4565//4555
f 4599//4589 4565//4555 4607//4597
f 4607//4597 4565//4555 4609//4599
f 4607//4597 4609//4599 4608//4598
f 4608//4598 4609//4599 4605//4595
f 4600//4590 4605//4595 4397//4387
f 4397//4387 4605//4595 4616//4606
f 4397//4387 4616//4606 4432//4422
f 4432//4422 4616//4606 4433//4423
f 4437//4427 4444//4434 4443//4433
f 4443//4433 4444//4434 4553//4543
f 4443//4433 4553//4543 4442//4432
f 4442//4432 4553//4543 4559//4549
f 4442//4432 4559//4549 4440//4430
f 4440//4430 4559//4549 4553//4543
f 4440//4430 4553//4543 4427//4417
f 4427//4417 4553//4543 4548//4538
f 4427//4417 4548//4538 4432//4422
f 3919//3910 3971//3961 4429//4419
f 4429//4419 4432//4422 3919//3910
f 3919//3910 4432//4422 3836//3827
f 3836//3827 4432//4422 4470//4460
f 4556//4546 4496//4486 4554//4544
f 4555//4545 4554//4544 4558//4548
f 4554//4544 4558//4548 4495//4485
f 4554//4544 4495//4485 4555//4545
f 4555//4545 4495//4485 4457//4447
f 4555//4545 4457//4447 4411//4401
f 4411//4401 4457//4447 4412//4402
f 4411//4401 4412//4402 3836//3827
f 4428//4418 4431//4421 4618//4608
f 4618//4608 4431//4421 4624//4614
f 4618//4608 4624//4614 4430//4420
f 4430//4420 4624//4614 4625//4615
f 4430//4420 4625//4615 4619//4609
f 4619//4609 4625//4615 4620//4610
f 4620//4610 4625//4615 4621//4611
f 4621//4611 4625//4615 4626//4616
f 4621//4611 4626//4616 4561//4551
f 4430//4420 4428//4418 4619//4609
f 4619//4609 4428//4418 4620//4610
f 4620//4610 4428//4418 4621//4611
f 4621//4611 4428//4418 4627//4617
f 4627//4617 4428//4418 3838//3829
f 4627//4617 3838//3829 4560//4550
f 4624//4614 4431//4421 4430//4420
f 4626//4616 4621//4611 4560//4550
f 4626//4616 4560//4550 4561//4551
f 4561//4551 4563//4553 4622//4612
f 4622//4612 4563//4553 4562//4552
f 4622//4612 4562//4552 4617//4607
f 4627//4617 4560//4550 4621//4611
f 3962//3952 3961//3951 4628//4618
f 4628//4618 3961//3951 4389//4379
f 3968//3958 3969//3959 3962//3952
f 3968//3958 3962//3952 4629//4619
f 4629//4619 3962//3952 4628//4618
f 4386//4376 3727//3718 4388//4378
f 3864//3855 4636//4626 3979//3969
f 3864//3855 3979//3969 3863//3854
f 3980//3970 3863//3854 3979//3969
f 3980//3970 3862//3853 3863//3854
f 4637//4627 4638//4628 4639//4629
f 4639//4629 4636//4626 3864//3855
f 4640//4630 4641//4631 4637//4627
f 4640//4630 4637//4627 4639//4629
f 4636//4626 4639//4629 4638//4628
f 3862//3853 3980//3970 3978//3968
f 4631//4621 4642//4632 4630//4620
f 4631//4621 4643//4633 4642//4632
f 4643//4633 4631//4621 4644//4634
f 4644//4634 4631//4621 4635//4625
f 4642//4632 3970//3960 4630//4620
f 4630//4620 3970//3960 4629//4619
f 4641//4631 4645//4635 4634//4624
f 4634//4624 4645//4635 4635//4625
f 4635//4625 4645//4635 4644//4634
f 3726//3717 3727//3718 4649//4639
f 4649//4639 3727//3718 4387//4377
f 4386//4376 4387//4377 3727//3718
f 3726//3717 4649//4639 4650//4640
f 3856//3847 3981//3971 3753//3744
f 3856//3847 3753//3744 3855//3846
f 4646//4636 4651//4641 3752//3743
f 3752//3743 4651//4641 3753//3744
f 3753//3744 4651//4641 3855//3846
f 4646//4636 4652//4642 4651//4641
f 4648//4638 4653//4643 4647//4637
f 4647//4637 4653//4643 4646//4636
f 4646//4636 4653//4643 4652//4642
f 3726//3717 4650//4640 4633//4623
f 4633//4623 4650//4640 4654//4644
f 4633//4623 4654//4644 4632//4622
f 4654//4644 4655//4645 4632//4622
f 4632//4622 4655//4645 4648//4638
f 4648//4638 4655//4645 4653//4643
f 3752//3743 4656//4646 4646//4636
f 4646//4636 4656//4646 4657//4647
f 4656//4646 3752//3743 3878//3869
f 3878//3869 3752//3743 3753//3744
f 3753//3744 3981//3971 3757//3748
f 3753//3744 3757//3748 3878//3869
f 4648//4638 4647//4637 4658//4648
f 4646//4636 4657//4647 4647//4637
f 4647//4637 4657//4647 4658//4648
f 4659//4649 4660//4650 4648//4638
f 4659//4649 4648//4638 4658//4648
f 3726//3717 4662//4652 4661//4651
f 3726//3717 4661//4651 3727//3718
f 4389//4379 4388//4378 3727//3718
f 4389//4379 3727//3718 4661//4651
f 4662//4652 3726//3717 4633//4623
f 4633//4623 4663//4653 4662//4652
f 4660//4650 4664//4654 4632//4622
f 4632//4622 4664//4654 4663//4653
f 4632//4622 4663//4653 4633//4623
f 4428//4418 4432//4422 3838//3829
f 3836//3827 3848//3839 3918//3909
f 3918//3909 3848//3839 3917//3908
f 3917//3908 4674//4664 3904//3895
f 3904//3895 4674//4664 3906//3897
f 3906//3897 4674//4664 3916//3907
f 3916//3907 4666//4656 3925//3916
f 3925//3916 4666//4656 3924//3915
f 3924//3915 3866//3857 3876//3867
f 4667//4657 4668//4658 3859//3850
f 3841//3832 4667//4657 4669//4659
f 3841//3832 4669//4659 3847//3838
f 3850//3841 4671//4661 3851//3842
f 4672//4662 3849//3840 3851//3842
f 3849//3840 4672//4662 3854//3845
f 3850//3841 4642//4632 4671//4661
f 3970//3960 4642//4632 4665//4655
f 4432//4422 4429//4419 3838//3829
f 3838//3829 4429//4419 3852//3843
f 3852//3843 4429//4419 3970//3960
f 3852//3843 3970//3960 4665//4655
f 3850//3841 4665//4655 4642//4632
f 3859//3850 3867//3858 4667//4657
f 4667//4657 3867//3858 4669//4659
f 3847//3838 4669//4659 4673//4663
f 3844//3835 4670//4660 4674//4664
f 3843//3834 3847//3838 4673//4663
f 3843//3834 4673//4663 4670//4660
f 3843//3834 4670//4660 3844//3835
f 3867//3858 3866//3857 4675//4665
f 4673//4663 4675//4665 4666//4656
f 4673//4663 4666//4656 4670//4660
f 3848//3839 4674//4664 3917//3908
f 3866//3857 3924//3915 4675//4665
f 4675//4665 3924//3915 4666//4656
f 4670//4660 4666//4656 3916//3907
f 4670//4660 3916//3907 4674//4664
f 4669//4659 3867//3858 4675//4665
f 4669//4659 4675//4665 4673//4663
f 3844//3835 4674//4664 3848//3839
f 4628//4618 4389//4379 4676//4666
f 4676//4666 4389//4379 4661//4651
f 3860//3851 3859//3850 3833//3824
f 3833//3824 3859//3850 4677//4667
f 3832//3823 3860//3851 3833//3824
f 3860//3851 3832//3823 3810//3801
f 3860//3851 3810//3801 3801//3792
f 3841//3832 3834//3825 4667//4657
f 4667//4657 3834//3825 3833//3824
f 3833//3824 4668//4658 4667//4657
f 3859//3850 4668//4658 4677//4667
f 4677//4667 4668//4658 3833//3824
f 4660//4650 4659//4649 4641//4631
f 4641//4631 4659//4649 4679//4669
f 3853//3844 4680//4670 4640//4630
f 4640//4630 4680//4670 4641//4631
f 3835//3826 4678//4668 4681//4671
f 3835//3826 4681//4671 3853//3844
f 3853//3844 4681//4671 4680//4670
f 4678//4668 4682//4672 4681//4671
f 4681//4671 4682//4672 4680//4670
f 4632//4622 4648//4638 4660//4650
f 4680//4670 3854//3845 4641//4631
f 4641//4631 3854//3845 4645//4635
f 4680//4670 4682//4672 3854//3845
f 3854//3845 4682//4672 3835//3826
f 3835//3826 4682//4672 4678//4668
f 4641//4631 4683//4673 4660//4650
f 4660//4650 4683//4673 4664//4654
f 3877//3868 3980//3970 4684//4674
f 4684//4674 3980//3970 3979//3969
f 4684//4674 3979//3969 4636//4626
f 3980//3970 3877//3868 3879//3870
f 3980//3970 3879//3870 3965//3955
f 4638//4628 4685//4675 4636//4626
f 4636//4626 4685//4675 4684//4674
f 4641//4631 4679//4669 4637//4627
f 4637//4627 4679//4669 4685//4675
f 4637//4627 4685//4675 4638//4628
f 4635//4625 4631//4621 4686//4676
f 4630//4620 4676//4666 4631//4621
f 4631//4621 4676//4666 4686//4676
f 4676//4666 4630//4620 4628//4618
f 4628//4618 4630//4620 4629//4619
f 4635//4625 4686//4676 4687//4677
f 4635//4625 4687//4677 4634//4624
f 4683//4673 4641//4631 4634//4624
f 4683//4673 4634//4624 4687//4677
f 4689//4679 3982//3972 3856//3847
f 3982//3972 3984//3974 3974//3964
f 4690//4680 4688//4678 3984//3974
f 4690//4680 3984//3974 3982//3972
f 4690//4680 3982//3972 4689//4679
f 4694//4684 4693//4683 4695//4685
f 4788//4778 4696//4686 4743//4733
f 4697//4687 4698//4688 4699//4689
f 4700//4690 4701//4691 4702//4692
f 4703//4693 4704//4694 4705//4695
f 4762//4752 4711//4701 4759//4749
f 4713//4703 4714//4704 4715//4705
f 3812//3803 3861//3852 4718//4708
f 3880//3871 3964//3954 3782//3773
f 4740//4730 4725//4715 4724//4714
f 4724//4714 4725//4715 4726//4716
f 4724//4714 4726//4716 4723//4713
f 4730//4720 4717//4707 4728//4718
f 4728//4718 4717//4707 4731//4721
f 4731//4721 4717//4707 4716//4706
f 4731//4721 4716//4706 4730//4720
f 4732//4722 4727//4717 4733//4723
f 4733//4723 4734//4724 4735//4725
f 4735//4725 4736//4726 4733//4723
f 4733//4723 4736//4726 4732//4722
f 4732//4722 4735//4725 4727//4717
f 4724//4714 4737//4727 4738//4728
f 4728//4718 4729//4719 4739//4729
f 4729//4719 4737//4727 4739//4729
f 4738//4728 4740//4730 4724//4714
f 4724//4714 4728//4718 4737//4727
f 4725//4715 4726//4716 4741//4731
f 4726//4716 4741//4731 4723//4713
f 4741//4731 4726//4716 4722//4712
f 4726//4716 4725//4715 4722//4712
f 4737//4727 4729//4719 4722//4712
f 4744//4734 4714//4704 4745//4735
f 4745//4735 4714//4704 4713//4703
f 4745//4735 4713//4703 4746//4736
f 4747//4737 4700//4690 4748//4738
f 4748//4738 4749//4739 4750//4740
f 4748//4738 4750//4740 4751//4741
f 4744//4734 4699//4689 4714//4704
f 4714//4704 4699//4689 4697//4687
f 4714//4704 4697//4687 4715//4705
f 4715//4705 4697//4687 4752//4742
f 4699//4689 4753//4743 4697//4687
f 4697//4687 4753//4743 4754//4744
f 4697//4687 4754//4744 4752//4742
f 4752//4742 4754//4744 4715//4705
f 4749//4739 4755//4745 4746//4736
f 4746//4736 4755//4745 4745//4735
f 4745//4735 4755//4745 4744//4734
f 4744//4734 4755//4745 4699//4689
f 4699//4689 4755//4745 4756//4746
f 4699//4689 4756//4746 4753//4743
f 4753//4743 4756//4746 4754//4744
f 4754//4744 4756//4746 4715//4705
f 4715//4705 4756//4746 4721//4711
f 4757//4747 4712//4702 4758//4748
f 4766//4756 4758//4748 4705//4695
f 4757//4747 4759//4749 4760//4750
f 4757//4747 4760//4750 4761//4751
f 4762//4752 4761//4751 4760//4750
f 4762//4752 4760//4750 4711//4701
f 4711//4701 4760//4750 4759//4749
f 4757//4747 4761//4751 4709//4699
f 4709//4699 4761//4751 4708//4698
f 4708//4698 4758//4748 4709//4699
f 4709//4699 4758//4748 4706//4696
f 4709//4699 4706//4696 4712//4702
f 4712//4702 4706//4696 4705//4695
f 4705//4695 4758//4748 4712//4702
f 4709//4699 4710//4700 4757//4747
f 4740//4730 4722//4712 4725//4715
f 4741//4731 4722//4712 4723//4713
f 4759//4749 4723//4713 4762//4752
f 4762//4752 4723//4713 4761//4751
f 4761//4751 4723//4713 4711//4701
f 4761//4751 4711//4701 4710//4700
f 4710//4700 4711//4701 4723//4713
f 4761//4751 4710//4700 4708//4698
f 4708//4698 4710//4700 4705//4695
f 4766//4756 4763//4753 4719//4709
f 4751//4741 4720//4710 4748//4738
f 4748//4738 4720//4710 3880//3871
f 4748//4738 3880//3871 4747//4737
f 4747//4737 3880//3871 4719//4709
f 4747//4737 4719//4709 4764//4754
f 4764//4754 4719//4709 4763//4753
f 4764//4754 4763//4753 4765//4755
f 4765//4755 4763//4753 4766//4756
f 4766//4756 4703//4693 4707//4697
f 4757//4747 4758//4748 4707//4697
f 4707//4697 4758//4748 4766//4756
f 3812//3803 4759//4749 3880//3871
f 3880//3871 4759//4749 4757//4747
f 3880//3871 4757//4747 4719//4709
f 4719//4709 4757//4747 4707//4697
f 4719//4709 4707//4697 4703//4693
f 4719//4709 4703//4693 4766//4756
f 4706//4696 4707//4697 4767//4757
f 4706//4696 4704//4694 4707//4697
f 4707//4697 4704//4694 4703//4693
f 4707//4697 4703//4693 4767//4757
f 4701//4691 4768//4758 4769//4759
f 4769//4759 4768//4758 4770//4760
f 4769//4759 4770//4760 4747//4737
f 4747//4737 4770//4760 4766//4756
f 4747//4737 4766//4756 4764//4754
f 4748//4738 4771//4761 4702//4692
f 4702//4692 4771//4761 4772//4762
f 4702//4692 4772//4762 4773//4763
f 4714//4704 4774//4764 4745//4735
f 4745//4735 4774//4764 4713//4703
f 4746//4736 4713//4703 4775//4765
f 4700//4690 4702//4692 4769//4759
f 4748//4738 4769//4759 4771//4761
f 4771//4761 4769//4759 4702//4692
f 4772//4762 4702//4692 4750//4740
f 4772//4762 4750//4740 4773//4763
f 4773//4763 4750//4740 4751//4741
f 4701//4691 4776//4766 4702//4692
f 4702//4692 4776//4766 4750//4740
f 4750//4740 4776//4766 4775//4765
f 4750//4740 4775//4765 4751//4741
f 4748//4738 4701//4691 4769//4759
f 4700//4690 4769//4759 4747//4737
f 4700//4690 4747//4737 4701//4691
f 4701//4691 4747//4737 4764//4754
f 4701//4691 4764//4754 4765//4755
f 4698//4688 4714//4704 4699//4689
f 4699//4689 4714//4704 4745//4735
f 4699//4689 4745//4735 4776//4766
f 4776//4766 4745//4735 4746//4736
f 4776//4766 4746//4736 4775//4765
f 4721//4711 4752//4742 3880//3871
f 3880//3871 4752//4742 4754//4744
f 3880//3871 4754//4744 4776//4766
f 4765//4755 4776//4766 4701//4691
f 4699//4689 4776//4766 4754//4744
f 4699//4689 4754//4744 4697//4687
f 4722//4712 3880//3871 4723//4713
f 4728//4718 4722//4712 4729//4719
f 4743//4733 4777//4767 4778//4768
f 4779//4769 4777//4767 3812//3803
f 4780//4770 4781//4771 4782//4772
f 4780//4770 4782//4772 4783//4773
f 4783//4773 4780//4770 4784//4774
f 4784//4774 4782//4772 4781//4771
f 4785//4775 4786//4776 4787//4777
f 4787//4777 4785//4775 4808//4798
f 4780//4770 4782//4772 4784//4774
f 4788//4778 4743//4733 4789//4779
f 4790//4780 4791//4781 4792//4782
f 4792//4782 4791//4781 4793//4783
f 4743//4733 4695//4685 4790//4780
f 4790//4780 4695//4685 4794//4784
f 4790//4780 4794//4784 4791//4781
f 4791//4781 4794//4784 4795//4785
f 4791//4781 4795//4785 4793//4783
f 4793//4783 4795//4785 4796//4786
f 4797//4787 4792//4782 4791//4781
f 4798//4788 4799//4789 4796//4786
f 4796//4786 4799//4789 4734//4724
f 4796//4786 4734//4724 4793//4783
f 4793//4783 4734//4724 4798//4788
f 4793//4783 4798//4788 4797//4787
f 4800//4790 4790//4780 4801//4791
f 4693//4683 4802//4792 4695//4685
f 4779//4769 4803//4793 4788//4778
f 4779//4769 4788//4778 4777//4767
f 4777//4767 4788//4778 4789//4779
f 4777//4767 4789//4779 4778//4768
f 4778//4768 4789//4779 4743//4733
f 4743//4733 4790//4780 4797//4787
f 4797//4787 4790//4780 4792//4782
f 4797//4787 4792//4782 4793//4783
f 4790//4780 4800//4790 4791//4781
f 4791//4781 4800//4790 4804//4794
f 4791//4781 4804//4794 4797//4787
f 4693//4683 4696//4686 4804//4794
f 4693//4683 4804//4794 4802//4792
f 4802//4792 4804//4794 4695//4685
f 4695//4685 4804//4794 4800//4790
f 4695//4685 4800//4790 4694//4684
f 4694//4684 4800//4790 4801//4791
f 4694//4684 4801//4791 4802//4792
f 4803//4793 4805//4795 4804//4794
f 4805//4795 4803//4793 4789//4779
f 4805//4795 4789//4779 4779//4769
f 4779//4769 4789//4779 4778//4768
f 4728//4718 4742//4732 4805//4795
f 4727//4717 4799//4789 4733//4723
f 4734//4724 4805//4795 4735//4725
f 4735//4725 4805//4795 4742//4732
f 4735//4725 4742//4732 4736//4726
f 4736//4726 4742//4732 4716//4706
f 4736//4726 4716//4706 4732//4722
f 4732//4722 4716//4706 4717//4707
f 4732//4722 4717//4707 4735//4725
f 4735//4725 4717//4707 4736//4726
f 4735//4725 4736//4726 4727//4717
f 4693//4683 4803//4793 4696//4686
f 4696//4686 4803//4793 4804//4794
f 4804//4794 4805//4795 4797//4787
f 4722//4712 4728//4718 4805//4795
f 4785//4775 4786//4776 3812//3803
f 4785//4775 3812//3803 4787//4777
f 4787//4777 3812//3803 4808//4798
f 4805//4795 4779//4769 4722//4712
f 4691//4681 4806//4796 4807//4797
f 4806//4796 4718//4708 4807//4797
f 4806//4796 4691//4681 4692//4682
f 4777//4767 4743//4733 3812//3803
f 4808//4798 3812//3803 4692//4682
f 4692//4682 3812//3803 4718//4708
f 4806//4796 4692//4682 4718//4708
f 4807//4797 4718//4708 4691//4681
f 4809//4799 4692//4682 4691//4681
f 4692//4682 4810//4800 4808//4798
f 4691//4681 4718//4708 4810//4800
f 4737//4727 4728//4718 4739//4729
f 4737//4727 4739//4729 4738//4728
f 4738//4728 4737//4727 4740//4730
f 4740//4730 4737//4727 4722//4712
f 4779//4769 4778//4768 4803//4793
f 4803//4793 4778//4768 4789//4779
f 4788//4778 4803//4793 4693//4683
f 4788//4778 4693//4683 4694//4684
f 4788//4778 4694//4684 4696//4686
f 4696//4686 4694//4684 4743//4733
f 4743//4733 4694//4684 4802//4792
f 4743//4733 4802//4792 4695//4685
f 4695//4685 4802//4792 4801//4791
f 4695//4685 4801//4791 4794//4784
f 4794//4784 4801//4791 4790//4780
f 4794//4784 4790//4780 4795//4785
f 4795//4785 4790//4780 4792//4782
f 4795//4785 4792//4782 4796//4786
f 4796//4786 4792//4782 4797//4787
f 4796//4786 4797//4787 4798//4788
f 4798//4788 4797//4787 4805//4795
f 4798//4788 4805//4795 4799//4789
f 4799//4789 4805//4795 4734//4724
f 4734//4724 4733//4723 4798//4788
f 4798//4788 4733//4723 4799//4789
f 4798//4788 4799//4789 4797//4787
f 4797//4787 4799//4789 4727//4717
f 4797//4787 4727//4717 4743//4733
f 4743//4733 4727//4717 3812//3803
f 3812//3803 4727//4717 4728//4718
f 3812//3803 4728//4718 4724//4714
f 3812//3803 4724//4714 4723//4713
f 3812//3803 4723//4713 4759//4749
f 4757//4747 4710//4700 4712//4702
f 4712//4702 4710//4700 4709//4699
f 4708//4698 4705//4695 4758//4748
f 4758//4748 4705//4695 4704//4694
f 4758//4748 4704//4694 4706//4696
f 4705//4695 4706//4696 4766//4756
f 4766//4756 4706//4696 4767//4757
f 4691//4681 4810//4800 4809//4799
f 4809//4799 4810//4800 4807//4797
f 3861//3852 3880//3871 4718//4708
f 3880//3871 3977//3967 3964//3954
f 3862//3853 3977//3967 3861//3852
f 3861//3852 3977//3967 3880//3871
f 4718//4708 3880//3871 4722//4712
f 4718//4708 4722//4712 4808//4798
f 4808//4798 4722//4712 4779//4769
f 4808//4798 4779//4769 4784//4774
f 4808//4798 4784//4774 4785//4775
f 4785//4775 4784//4774 4781//4771
f 4785//4775 4781//4771 4786//4776
f 4786//4776 4781//4771 3812//3803
f 3812//3803 4781//4771 4780//4770
f 3812//3803 4780//4770 4779//4769
f 4779//4769 4780//4770 4783//4773
f 4779//4769 4783//4773 4784//4774
f 4810//4800 4692//4682 4807//4797
f 4807//4797 4692//4682 4809//4799
f 4808//4798 4810//4800 4718//4708
f 4750//4740 4749//4739 4746//4736
f 4750//4740 4746//4736 4751//4741
f 4751//4741 4746//4736 4713//4703
f 4751//4741 4713//4703 4720//4710
f 4720//4710 4713//4703 4715//4705
f 4720//4710 4715//4705 3880//3871
f 3880//3871 4715//4705 4721//4711
f 4730//4720 4728//4718 4727//4717
f 4730//4720 4727//4717 4736//4726
f 4730//4720 4736//4726 4717//4707
f 4730//4720 4716//4706 4742//4732
f 4730//4720 4742//4732 4731//4721
f 4731//4721 4742//4732 4728//4718
f 4723//4713 3880//3871 4710//4700
f 4710//4700 3880//3871 4776//4766
f 4710//4700 4776//4766 4705//4695
f 4705//4695 4776//4766 4703//4693
f 4703//4693 4776//4766 4765//4755
f 4703//4693 4765//4755 4767//4757
f 4767//4757 4765//4755 4764//4754
f 4767//4757 4764//4754 4766//4756
f 4765//4755 4766//4756 4770//4760
f 4765//4755 4770//4760 4764//4754
f 4764//4754 4770//4760 4768//4758
f 4764//4754 4768//4758 4747//4737
f 4747//4737 4768//4758 4701//4691
f 4700//4690 4701//4691 4748//4738
f 4748//4738 4702//4692 4773//4763
f 4748//4738 4773//4763 4749//4739
f 4749//4739 4773//4763 4751//4741
f 4749//4739 4751//4741 4775//4765
f 4749//4739 4775//4765 4755//4745
f 4755//4745 4775//4765 4713//4703
f 4755//4745 4713//4703 4774//4764
f 4755//4745 4774//4764 4714//4704
f 4755//4745 4714//4704 4698//4688
f 4755//4745 4698//4688 4756//4746
f 4756//4746 4698//4688 4697//4687
f 4756//4746 4697//4687 4752//4742
f 4756//4746 4752//4742 4721//4711
f 3756//3747 3966//3956 3757//3748
f 3757//3748 3966//3956 3879//3870
f 3964//3954 3966//3956 3756//3747
f 3964//3954 3756//3747 3974//3964
f 3983//3973 3984//3974 4811//4801
f 3993//3983 3983//3973 4811//4801
f 4811//4801 3984//3974 4688//4678
f 3725//3716 3993//3983 4811//4801
f 3725//3716 3710//3701 3724//3715
f 4811//4801 4688//4678 3725//3716
f 3993//3983 3725//3716 3992//3982
f 3992//3982 3725//3716 3693//3684
f 3719//3710 3992//3982 3693//3684
f 3719//3710 3716//3707 3717//3708
f 3668//3659 4812//4802 3719//3710
f 3719//3710 4812//4802 3992//3982
f 4812//4802 3991//3981 3992//3982
f 3683//3674 4812//4802 3684//3675
f 3684//3675 4812//4802 3668//3659
f 4812//4802 3683//3674 3991//3981
f 3991//3981 3683//3674 4813//4803
f 3991//3981 4813//4803 3990//3980
f 3987//3977 4814//4804 3986//3976
f 4814//4804 3626//3617 3986//3976
f 3986//3976 3626//3617 3661//3652
f 3986//3976 3661//3652 3985//3975
f 3661//3652 3662//3653 3985//3975
f 3985//3975 3662//3653 3628//3619
f 3989//3979 3652//3643 3659//3650
f 4814//4804 3987//3977 3659//3650
f 3659//3650 3987//3977 3989//3979
f 3990//3980 4813//4803 3630//3621
f 3990//3980 3630//3621 3989//3979
f 3989//3979 3630//3621 3629//3620
f 3989//3979 3629//3620 3652//3643
f 3666//3657 3665//3656 3663//3654
f 3661//3652 4815//4805 3666//3657
f 3661//3652 3666//3657 3663//3654
f 4816//4806 4817//4807 3627//3618
f 4819//4809 4818//4808 4817//4807
f 4817//4807 4818//4808 3627//3618
f 3620//3611 4820//4810 3621//3612
f 3621//3612 4820//4810 4819//4809
f 3624//3615 3619//3610 3666//3657
f 3624//3615 3666//3657 4815//4805
f 4822//4812 3667//3658 3664//3655
f 4821//4811 4822//4812 3664//3655
f 4819//4809 4817//4807 3621//3612
f 3627//3618 4821//4811 4816//4806
f 3628//3619 4823//4813 4822//4812
f 3628//3619 4822//4812 4821//4811
f 3628//3619 4821//4811 3627//3618
f 3618//3609 3666//3657 3619//3610
f 4817//4807 3618//3609 3621//3612
f 3621//3612 3618//3609 3623//3614
f 4817//4807 4816//4806 4821//4811
f 4817//4807 4821//4811 3618//3609
f 3618//3609 4821//4811 3666//3657
f 3985//3975 3628//3619 4818//4808
f 3985//3975 4818//4808 3620//3611
f 3985//3975 3620//3611 4824//4814
f 3985//3975 4824//4814 4348//4338
f 4348//4338 4824//4814 3580//3571
f 4348//4338 3580//3571 4349//4339
f 3580//3571 3607//3598 4349//4339
f 4349//4339 3607//3598 4350//4340
f 4351//4341 4350//4340 3616//3607
f 3616//3607 4350//4340 3607//3598
f 4821//4811 3664//3655 3666//3657
f 3576//3567 3616//3607 3577//3568
f 3577//3568 3616//3607 3579//3570
f 3616//3607 4825//4815 3579//3570
f 4676//4666 4661//4651 4662//4652
f 4662//4652 4686//4676 4676//4666
f 4683//4673 4687//4677 4664//4654
f 4664//4654 4687//4677 4663//4653
f 4663//4653 4687//4677 4686//4676
f 4663//4653 4686//4676 4662//4652
f 4645//4635 3854//3845 4672//4662
f 4645//4635 4672//4662 4644//4634
f 4642//4632 4643//4633 4671//4661
f 4671//4661 4643//4633 4644//4634
f 4671//4661 4644//4634 3851//3842
f 4644//4634 4672//4662 3851//3842
f 3568//3559 4836//4826 4837//4827
f 4650//4640 4830//4820 4654//4644
f 4654//4644 4830//4820 4655//4645
f 3568//3559 4835//4825 4836//4826
f 4837//4827 3571//3562 3568//3559
f 3571//3562 4837//4827 4841//4831
f 3571//3562 4841//4831 3573//3564
f 3573//3564 4841//4831 3570//3561
f 3570//3561 4841//4831 4831//4821
f 4829//4819 3575//3566 4361//4351
f 4361//4351 3575//3566 4831//4821
f 4831//4821 3575//3566 3570//3561
f 4829//4819 3555//3546 3575//3566
f 3575//3566 3555//3546 3566//3557
f 3566//3557 3555//3546 4380//4370
f 3566//3557 4380//4370 4375//4365
f 4375//4365 4833//4823 4832//4822
f 4375//4365 4832//4822 3566//3557
f 4369//4359 3742//3733 4374//4364
f 4827//4817 3750//3741 4373//4363
f 4833//4823 4375//4365 4372//4362
f 4365//4355 4390//4380 4384//4374
f 4830//4820 4836//4826 4835//4825
f 4830//4820 4835//4825 4655//4645
f 4655//4645 4835//4825 4834//4824
f 4840//4830 4844//4834 4841//4831
f 4840//4830 4841//4831 4839//4829
f 4387//4377 4826//4816 4649//4639
f 4649//4639 4826//4816 4842//4832
f 4649//4639 4842//4832 4843//4833
f 4649//4639 4843//4833 4650//4640
f 4361//4351 4844//4834 4845//4835
f 4361//4351 4845//4835 4362//4352
f 3750//3741 4827//4817 3742//3733
f 4827//4817 4373//4363 4374//4364
f 4827//4817 4374//4364 3742//3733
f 4841//4831 4837//4827 4839//4829
f 4839//4829 4837//4827 4838//4828
f 4844//4834 4840//4830 4826//4816
f 4844//4834 4826//4816 4845//4835
f 4387//4377 4390//4380 4826//4816
f 4826//4816 4390//4380 4845//4835
f 4365//4355 4362//4352 4390//4380
f 4390//4380 4362//4352 4845//4835
f 4842//4832 4826//4816 4840//4830
f 4842//4832 4840//4830 4843//4833
f 4843//4833 4840//4830 4839//4829
f 4843//4833 4839//4829 4838//4828
f 4650//4640 4843//4833 4838//4828
f 4650//4640 4838//4828 4830//4820
f 4830//4820 4838//4828 4837//4827
f 4830//4820 4837//4827 4836//4826
f 4373//4363 3749//3740 4833//4823
f 4373//4363 3750//3741 3749//3740
f 4372//4362 4373//4363 4833//4823
f 4828//4818 4829//4819 4361//4351
f 4844//4834 4361//4351 4831//4821
f 4844//4834 4831//4821 4841//4831
f 4834//4824 4835//4825 3568//3559
f 4834//4824 3568//3559 3563//3554
f 4847//4837 4846//4836 4849//4839
f 4849//4839 4846//4836 4848//4838
f 4849//4839 3615//3606 3614//3605
f 4849//4839 3614//3605 3613//3604
f 4848//4838 3615//3606 4849//4839
f 4352//4342 4850//4840 4846//4836
f 4850//4840 4848//4838 4846//4836
f 3616//3607 3615//3606 4351//4341
f 4351//4341 3615//3606 4850//4840
f 4351//4341 4850//4840 4352//4342
f 4850//4840 3615//3606 4848//4838
f 3744//3735 3737//3728 3747//3738
f 3747//3738 3737//3728 3739//3730
f 3743//3734 3733//3724 3735//3726
f 3743//3734 3735//3726 3744//3735
f 3737//3728 3744//3735 3735//3726
f 4369//4359 4370//4360 3728//3719
f 4367//4357 4382//4372 4370//4360
f 3728//3719 4370//4360 3731//3722
f 3728//3719 3730//3721 4369//4359
f 4382//4372 3731//3722 4370//4360
f 4364//4354 4376//4366 4366//4356
f 4365//4355 3730//3721 4383//4373
f 4365//4355 4383//4373 4364//4354
f 4364//4354 4383//4373 4376//4366
f 3622//3613 3623//3614 4851//4841
f 3580//3571 4824//4814 3585//3576
f 3586//3577 4852//4842 3610//3601
f 4851//4841 4853//4843 4852//4842
f 4824//4814 4851//4841 3585//3576
f 4851//4841 3623//3614 4853//4843
f 4853//4843 3623//3614 3618//3609
f 4851//4841 4852//4842 3586//3577
f 3620//3611 3622//3613 4824//4814
f 4824//4814 3622//3613 4851//4841
f 3585//3576 4851//4841 3586//3577
f 4819//4809 4820//4810 4818//4808
f 4820//4810 3620//3611 4818//4808
f 3583//3574 3608//3599 3584//3575
f 3584//3575 3608//3599 3607//3598
f 3584//3575 3607//3598 3580//3571
f 3616//3607 3607//3598 4825//4815
f 4825//4815 3607//3598 3605//3596
f 4825//4815 3605//3596 3579//3570
f 3566//3557 4832//4822 4854//4844
f 4855//4845 4856//4846 4857//4847
f 4857//4847 4854//4844 4858//4848
f 4858//4848 4854//4844 4832//4822
f 4857//4847 4858//4848 4855//4845
f 4862//4852 4861//4851 4856//4846
f 4862//4852 4856//4846 4855//4845
f 4861//4851 4862//4852 4860//4850
f 4860//4850 4862//4852 4859//4849
f 4860//4850 4859//4849 4863//4853
f 4863//4853 4859//4849 4864//4854
f 4863//4853 4864//4854 4865//4855
f 4865//4855 4864//4854 4866//4856
f 4866//4856 4864//4854 3552//3543
f 3552//3543 4864//4854 3553//3544
f 3529//3520 4864//4854 3527//3518
f 3529//3520 4867//4857 4864//4854
f 3531//3522 4867//4857 3529//3520
f 3533//3524 4868//4858 3531//3522
f 3531//3522 4868//4858 4867//4857
f 3534//3525 4869//4859 4868//4858
f 3534//3525 4868//4858 3533//3524
f 3536//3527 4869//4859 3534//3525
f 3539//3530 4871//4861 3538//3529
f 3538//3529 4871//4861 4870//4860
f 3538//3529 4870//4860 3536//3527
f 3536//3527 4870//4860 4869//4859
f 3542//3533 4873//4863 4871//4861
f 3542//3533 4871//4861 3539//3530
f 4872//4862 4873//4863 3542//3533
f 4873//4863 4872//4862 4874//4864
f 4874//4864 4872//4862 4875//4865
f 4874//4864 4875//4865 4876//4866
f 4877//4867 4876//4866 4875//4865
f 4879//4869 4878//4868 4877//4867
f 4877//4867 4878//4868 4876//4866
f 4880//4870 4881//4871 4879//4869
f 4879//4869 4881//4871 4878//4868
f 4882//4872 4883//4873 4884//4874
f 4883//4873 4882//4872 4880//4870
f 4880//4870 4882//4872 4881//4871
f 3527//3518 4864//4854 4884//4874
f 4884//4874 4864//4854 4882//4872
f 3528//3519 3527//3518 4884//4874
f 3528//3519 4884//4874 4885//4875
f 4885//4875 4884//4874 4883//4873
f 4885//4875 4883//4873 4886//4876
f 4886//4876 4883//4873 4880//4870
f 4886//4876 4880//4870 4887//4877
f 4887//4877 4880//4870 4879//4869
f 4887//4877 4879//4869 4877//4867
f 4887//4877 4877//4867 4888//4878
f 4888//4878 4877//4867 4875//4865
f 4888//4878 4875//4865 4872//4862
f 4888//4878 4872//4862 3541//3532
f 3541//3532 4872//4862 3542//3533
f 3540//3531 4889//4879 3541//3532
f 3541//3532 4889//4879 4890//4880
f 4890//4880 4891//4881 3541//3532
f 3541//3532 4891//4881 4888//4878
f 4888//4878 4891//4881 4892//4882
f 4888//4878 4892//4882 4893//4883
f 3540//3531 3537//3528 4889//4879
f 4889//4879 3537//3528 4914//4904
f 4914//4904 3537//3528 3535//3526
f 4914//4904 3535//3526 4894//4884
f 4894//4884 3535//3526 3532//3523
f 4894//4884 3532//3523 4895//4885
f 4895//4885 3532//3523 3530//3521
f 4895//4885 3530//3521 4896//4886
f 4896//4886 3530//3521 3528//3519
f 4896//4886 3528//3519 4897//4887
f 4897//4887 3528//3519 4885//4875
f 4897//4887 4885//4875 4898//4888
f 4898//4888 4885//4875 4899//4889
f 4899//4889 4885//4875 4886//4876
f 4899//4889 4886//4876 4887//4877
f 4899//4889 4887//4877 4893//4883
f 4893//4883 4887//4877 4888//4878
f 4902//4892 4901//4891 4900//4890
f 4901//4891 4902//4892 4903//4893
f 4901//4891 4903//4893 4904//4894
f 4903//4893 4905//4895 4904//4894
f 4908//4898 4907//4897 4906//4896
f 4909//4899 4910//4900 4908//4898
f 4908//4898 4910//4900 4907//4897
f 4909//4899 4911//4901 4910//4900
f 4912//4902 4905//4895 4903//4893
f 4912//4902 4903//4893 4914//4904
f 4914//4904 4903//4893 4902//4892
f 4914//4904 4902//4892 4913//4903
f 4913//4903 4902//4892 4900//4890
f 4906//4896 4898//4888 4908//4898
f 4908//4898 4898//4888 4915//4905
f 4908//4898 4915//4905 4909//4899
f 4909//4899 4915//4905 4893//4883
f 4909//4899 4893//4883 4911//4901
f 4889//4879 4913//4903 4890//4880
f 4913//4903 4889//4879 4914//4904
f 4890//4880 4916//4906 4891//4881
f 4894//4884 4895//4885 4912//4902
f 4894//4884 4912//4902 4914//4904
f 4899//4889 4893//4883 4915//4905
f 4899//4889 4915//4905 4898//4888
f 4917//4907 4918//4908 3546//3537
f 4895//4885 4896//4886 3552//3543
f 3552//3543 4896//4886 4866//4856
f 4912//4902 4895//4885 4905//4895
f 4905//4895 4895//4885 3552//3543
f 3551//3542 4904//4894 4905//4895
f 3551//3542 4905//4895 3552//3543
f 4901//4891 4919//4909 4920//4910
f 4919//4909 4901//4891 3551//3542
f 3551//3542 4901//4891 4904//4894
f 4920//4910 4900//4890 4901//4891
f 4890//4880 4900//4890 4921//4911
f 4890//4880 4921//4911 4916//4906
f 4890//4880 4913//4903 4900//4890
f 4922//4912 4921//4911 4900//4890
f 4922//4912 4900//4890 4920//4910
f 4923//4913 4919//4909 3551//3542
f 4923//4913 3551//3542 3550//3541
f 3550//3541 4918//4908 4923//4913
f 3546//3537 4918//4908 3550//3541
f 3546//3537 3543//3534 4917//4907
f 4917//4907 3543//3534 3558//3549
f 3558//3549 3543//3534 3545//3536
f 4896//4886 4865//4855 4866//4856
f 4916//4906 4921//4911 4924//4914
f 4924//4914 4921//4911 4925//4915
f 4865//4855 4896//4886 4863//4853
f 4926//4916 4927//4917 4924//4914
f 4891//4881 4916//4906 4924//4914
f 4891//4881 4924//4914 4928//4918
f 4925//4915 4926//4916 4924//4914
f 4911//4901 4924//4914 4927//4917
f 4929//4919 4911//4901 4927//4917
f 4893//4883 4892//4882 4911//4901
f 4911//4901 4892//4882 4924//4914
f 4924//4914 4892//4882 4928//4918
f 4928//4918 4892//4882 4891//4881
f 4911//4901 4929//4919 4910//4900
f 3520//3511 3521//3512 4861//4851
f 4930//4920 3515//3506 4907//4897
f 4907//4897 4910//4900 4930//4920
f 4930//4920 4910//4900 4929//4919
f 4907//4897 3515//3506 3518//3509
f 4907//4897 3518//3509 4906//4896
f 4897//4887 4860//4850 4896//4886
f 4896//4886 4860//4850 4863//4853
f 4897//4887 4898//4888 4906//4896
f 3520//3511 4861//4851 4860//4850
f 3520//3511 4860//4850 3518//3509
f 3518//3509 4860//4850 4906//4896
f 4906//4896 4860//4850 4897//4887
f 4930//4920 4931//4921 4932//4922
f 4932//4922 3524//3515 4930//4920
f 4930//4920 3524//3515 3526//3517
f 3521//3512 3515//3506 4861//4851
f 4861//4851 3515//3506 4930//4920
f 4861//4851 4930//4920 3526//3517
f 4861//4851 3526//3517 4856//4846
f 4932//4922 4856//4846 3526//3517
f 4856//4846 4932//4922 4931//4921
f 4931//4921 4933//4923 4856//4846
f 4856//4846 4933//4923 4857//4847
f 4857//4847 4933//4923 4934//4924
f 4857//4847 4934//4924 4854//4844
f 3574//3565 3566//3557 4854//4844
f 4854//4844 4934//4924 3574//3565
f 3526//3517 3525//3516 3522//3513
f 3526//3517 3522//3513 4932//4922
f 4858//4848 3748//3739 4855//4845
f 4847//4837 4849//4839 3738//3729
f 3738//3729 4855//4845 3748//3739
f 3738//3729 3748//3739 3739//3730
f 3739//3730 3748//3739 3747//3738
f 4833//4823 3749//3740 4858//4848
f 4858//4848 3749//3740 3748//3739
f 4833//4823 4858//4848 4832//4822
f 4855//4845 3738//3729 4849//4839
f 3613//3604 3525//3516 3523//3514
f 3613//3604 3523//3514 4849//4839
f 3522//3513 4855//4845 4849//4839
f 3522//3513 4849//4839 3523//3514
f 4855//4845 3522//3513 4862//4852
f 4862//4852 3522//3513 3525//3516
f 3611//3602 4862//4852 3613//3604
f 3613//3604 4862//4852 3525//3516
f 3611//3602 4876//4866 4878//4868
f 4881//4871 3517//3508 4878//4868
f 4878//4868 3517//3508 3611//3602
f 3611//3602 3517//3508 3516//3507
f 3611//3602 3516//3507 4862//4852
f 4862//4852 3516//3507 3519//3510
f 3610//3601 4852//4842 3611//3602
f 3519//3510 4859//4849 4862//4852
f 4882//4872 3519//3510 3517//3508
f 4882//4872 3517//3508 4881//4871
f 4859//4849 3519//3510 4882//4872
f 4864//4854 4859//4849 4882//4872
f 4876//4866 3611//3602 4852//4842
f 4853//4843 4874//4864 4852//4842
f 4852//4842 4874//4864 4876//4866
f 4853//4843 4873//4863 4874//4864
f 3734//3725 3732//3723 4352//4342
f 3734//3725 4352//4342 4935//4925
f 4352//4342 4846//4836 4935//4925
f 4935//4925 4846//4836 3736//3727
f 3736//3727 4846//4836 4847//4837
f 3736//3727 4847//4837 3738//3729
f 3512//3503 3514//3505 3549//3540
f 3689//3680 3688//3679 3676//3667
f 3676//3667 3688//3679 3678//3669
f 3692//3683 3689//3680 4936//4926
f 4936//4926 3689//3680 3547//3538
f 3547//3538 4937//4927 4936//4926
f 3547//3538 3549//3540 4937//4927
f 4937//4927 3549//3540 3514//3505
f 4939//4929 4938//4928 3512//3503
f 3549//3540 4868//4858 4869//4859
f 4868//4858 3549//3540 3553//3544
f 3549//3540 4869//4859 3512//3503
f 3512//3503 4869//4859 4939//4929
f 4939//4929 4869//4859 4870//4860
f 4939//4929 4870//4860 4940//4930
f 4940//4930 4870//4860 4871//4861
f 4940//4930 4871//4861 4873//4863
f 4940//4930 4873//4863 4853//4843
f 3553//3544 4864//4854 4867//4857
f 3553//3544 4867//4857 4868//4858
f 3547//3538 3689//3680 3676//3667
f 3547//3538 3676//3667 3548//3539
f 3548//3539 3676//3667 3674//3665
f 3548//3539 3674//3665 4941//4931
f 3548//3539 4941//4931 3544//3535
f 3513//3504 3512//3503 4938//4928
f 3513//3504 4938//4928 4942//4932
f 4937//4927 3514//3505 4942//4932
f 3646//3637 4942//4932 3647//3638
f 4937//4927 4942//4932 3646//3637
f 4937//4927 3646//3637 3645//3636
f 4937//4927 3645//3636 3509//3500
f 3510//3501 3509//3500 3645//3636
f 3510//3501 3645//3636 3644//3635
f 3510//3501 3644//3635 4943//4933
f 4943//4933 3644//3635 3655//3646
f 3647//3638 4942//4932 4938//4928
f 4943//4933 3511//3502 3510//3501
f 3629//3620 3630//3621 3511//3502
f 3511//3502 3630//3621 3509//3500
f 3630//3621 4944//4934 3509//3500
f 3511//3502 4943//4933 3629//3620
f 3629//3620 4943//4933 4945//4935
f 3813//3804 3853//3844 4640//4630
f 4639//4629 3811//3802 3813//3804
f 3864//3855 3811//3802 4639//4629
f 3813//3804 4640//4630 4639//4629
f 4657//4647 4685//4675 4658//4648
f 4658//4648 4685//4675 4679//4669
f 4658//4648 4679//4669 4659//4649
f 4657//4647 4684//4674 4685//4675
f 3877//3868 4684//4674 4656//4646
f 3877//3868 4656//4646 3878//3869
f 4656//4646 4684//4674 4657//4647
f 4949//4939 4652//4642 4653//4643
f 4950//4940 3855//3846 4651//4641
f 3545//3536 4951//4941 3557//3548
f 3715//3706 4951//4941 4952//4942
f 3544//3535 3714//3705 3701//3692
f 3705//3696 4951//4941 3545//3536
f 3705//3696 3545//3536 3544//3535
f 3705//3696 3544//3535 3701//3692
f 3675//3666 3668//3659 4953//4943
f 4953//4943 3668//3659 3719//3710
f 3557//3548 4951//4941 3715//3706
f 3557//3548 3715//3706 3713//3704
f 3557//3548 3713//3704 3560//3551
f 3560//3551 3713//3704 4948//4938
f 4956//4946 3562//3553 3560//3551
f 4956//4946 3560//3551 4948//4938
f 4956//4946 4957//4947 3562//3553
f 3562//3553 4957//4947 4958//4948
f 3562//3553 4958//4948 3563//3554
f 4947//4937 3714//3705 4941//4931
f 3675//3666 4947//4937 3670//3661
f 4947//4937 4941//4931 3670//3661
f 3670//3661 4941//4931 3674//3665
f 3544//3535 4941//4931 3714//3705
f 4955//4945 4954//4944 3711//3702
f 4953//4943 3718//3709 3675//3666
f 3675//3666 3718//3709 4947//4937
f 3718//3709 4953//4943 3719//3710
f 4956//4946 4954//4944 4959//4949
f 3713//3704 3711//3702 4948//4938
f 4948//4938 3711//3702 4954//4944
f 4948//4938 4954//4944 4956//4946
f 4834//4824 4958//4948 4653//4643
f 4834//4824 4653//4643 4655//4645
f 4652//4642 4957//4947 4946//4936
f 4950//4940 4946//4936 4959//4949
f 4950//4940 4959//4949 4955//4945
f 4689//4679 3712//3703 4690//4680
f 3712//3703 3725//3716 4688//4678
f 4651//4641 4652//4642 4946//4936
f 4651//4641 4946//4936 4950//4940
f 3855//3846 4950//4940 3856//3847
f 4950//4940 4955//4945 3856//3847
f 3856//3847 4955//4945 4689//4679
f 4690//4680 3712//3703 4688//4678
f 4653//4643 4958//4948 4949//4939
f 4949//4939 4958//4948 4957//4947
f 4949//4939 4957//4947 4652//4642
f 4946//4936 4957//4947 4956//4946
f 4946//4936 4956//4946 4959//4949
f 4959//4949 4954//4944 4955//4945
f 4689//4679 4955//4945 3711//3702
f 4689//4679 3711//3702 3712//3703
f 3563//3554 4958//4948 4834//4824
f 3668//3659 3679//3670 3684//3675
f 3684//3675 3679//3670 3687//3678
f 3688//3679 3687//3678 3680//3671
f 3688//3679 3680//3671 3678//3669
f 3679//3670 3680//3671 3687//3678
f 4944//4934 3630//3621 4813//4803
f 4937//4927 3509//3500 4936//4926
f 3691//3682 3692//3683 4936//4926
f 3691//3682 4936//4926 4960//4950
f 4960//4950 4936//4926 3509//3500
f 4813//4803 3683//3674 3690//3681
f 4960//4950 4813//4803 3690//3681
f 4960//4950 3690//3681 3691//3682
f 4944//4934 4813//4803 4960//4950
f 4944//4934 4960//4950 3509//3500
f 4961//4951 3723//3714 3722//3713
f 3723//3714 3695//3686 3696//3687
f 3723//3714 3696//3687 3725//3716
f 3725//3716 3696//3687 3693//3684
f 3723//3714 4961//4951 3695//3686
f 3720//3711 3719//3710 3693//3684
f 3706//3697 3721//3712 3720//3711
f 3706//3697 3702//3693 3721//3712
f 3706//3697 3720//3711 3693//3684
f 4822//4812 4823//4813 3667//3658
f 3667//3658 4823//4813 3628//3619
f 3667//3658 3628//3619 3662//3653
f 3626//3617 3625//3616 3661//3652
f 3661//3652 3625//3616 3624//3615
f 3661//3652 3624//3615 4815//4805
f 3659//3650 3660//3651 4814//4804
f 3618//3609 4940//4930 4853//4843
f 4940//4930 3618//3609 4962//4952
f 4939//4929 3656//3647 4938//4928
f 3617//3608 3626//3617 4814//4804
f 3617//3608 4814//4804 4962//4952
f 4939//4929 4940//4930 4962//4952
f 4962//4952 3618//3609 3617//3608
f 4814//4804 3660//3651 4962//4952
f 3656//3647 4939//4929 3660//3651
f 3660//3651 4939//4929 4962//4952
f 3658//3649 3654//3645 3649//3640
f 3659//3650 3652//3643 3654//3645
f 3659//3650 3654//3645 3658//3649
f 4945//4935 4943//4933 3655//3646
f 3629//3620 4945//4935 3652//3643
f 3652//3643 4945//4935 3655//3646
f 4963//4953 4964//4954 4952//4942
f 4963//4953 4952//4942 4951//4941
f 4964//4954 3705//3696 3704//3695
f 4964//4954 3704//3695 4965//4955
f 4964//4954 4965//4955 4952//4942
f 4965//4955 3715//3706 4952//4942
f 3708//3699 3715//3706 4965//4955
f 3708//3699 4961//4951 3722//3713
f 3708//3699 4965//4955 4966//4956
f 3708//3699 4966//4956 4961//4951
f 3695//3686 4961//4951 3700//3691
f 3700//3691 4961//4951 4966//4956
f 4951//4941 3705//3696 4963//4953
f 4963//4953 3705//3696 4964//4954
f 3556//3547 4967//4957 4379//4369
f 3556//3547 4379//4369 4380//4370
f 4377//4367 4366//4356 4376//4366
f 4359//4349 4366//4356 4377//4367
f 4359//4349 4377//4367 4968//4958
f 4359//4349 4968//4958 4828//4818
f 4828//4818 4968//4958 4829//4819
f 4829//4819 4968//4958 4967//4957
f 4829//4819 4967//4957 3556//3547
f 3501//3492 3700//3691 3502//3493
f 3502//3493 3700//3691 4966//4956
f 3502//3493 4966//4956 3506//3497
f 3506//3497 4966//4956 4965//4955
f 3506//3497 4965//4955 3704//3695
f 3506//3497 3704//3695 3507//3498
f 3507//3498 3704//3695 3703//3694
f 3507//3498 3703//3694 3501//3492
f 3501//3492 3703//3694 3700//3691
f 4970//4960 4379//4369 3498//3489
f 3498//3489 4379//4369 4967//4957
f 3498//3489 4967//4957 4968//4958
f 3498//3489 4968//4958 3500//3491
f 3500//3491 4968//4958 4377//4367
f 3500//3491 4377//4367 4969//4959
f 4969//4959 4377//4367 4378//4368
f 4969//4959 4378//4368 4381//4371
f 4969//4959 4381//4371 4970//4960
f 4970//4960 4381//4371 4379//4369
f 3499//3490 3500//3491 3493//3484
f 3493//3484 3500//3491 4969//4959
f 3493//3484 4969//4959 4971//4961
f 4971//4961 4969//4959 4970//4960
f 4971//4961 4970//4960 3489//3480
f 3504//3495 3496//3487 3503//3494
f 3503//3494 3496//3487 3494//3485
f 3503//3494 3494//3485 3508//3499
f 3508//3499 3494//3485 4972//4962
f 3508//3499 4972//4962 3505//3496
f 3505//3496 4972//4962 3496//3487
f 3505//3496 3496//3487 3504//3495
f 3491//3482 3489//3480 3499//3490
f 3489//3480 3488//3479 4971//4961
f 4971//4961 3488//3479 3493//3484
f 3493//3484 3491//3482 3499//3490
f 3497//3488 3496//3487 4972//4962
f 3497//3488 4972//4962 4973//4963
f 4973//4963 4972//4962 3494//3485
f 4981//4971 4974//4964 4975//4965
f 4976//4966 4983//4973 4975//4965
f 4975//4965 4983//4973 4981//4971
f 4978//4968 4976//4966 4975//4965
f 4977//4967 4978//4968 4975//4965
f 4977//4967 4986//4976 4978//4968
f 4982//4972 4983//4973 4976//4966
f 4981//4971 4982//4972 4979//4969
f 4986//4976 4980//4970 4978//4968
f 4976//4966 4978//4968 4980//4970
f 4983//4973 4982//4972 4981//4971
f 4976//4966 4980//4970 4982//4972
f 4981//4971 4979//4969 4987//4977
f 4987//4977 4979//4969 4984//4974
f 4985//4975 4980//4970 4986//4976
f 4977//4967 4985//4975 4986//4976
f 4988//4978 4985//4975 4977//4967
f 4988//4978 4984//4974 4985//4975
f 4974//4964 4987//4977 4984//4974
f 4974//4964 4984//4974 4988//4978
f 4974//4964 4981//4971 4987//4977
f 3487//3478 4977//4967 3492//3483
f 3492//3483 4977//4967 4975//4965
f 3492//3483 4975//4965 3490//3481
f 3490//3481 4975//4965 4974//4964
f 3490//3481 4974//4964 3487//3478
f 3487//3478 4974//4964 4988//4978
f 3487//3478 4988//4978 4977//4967
f 4973//4963 4989//4979 4990//4980
f 4973//4963 4990//4980 3497//3488
f 3497//3488 4990//4980 4991//4981
f 3497//3488 4991//4981 4992//4982
f 3497//3488 4992//4982 3495//3486
f 3495//3486 4992//4982 4993//4983
f 3495//3486 4993//4983 4989//4979
f 3495//3486 4989//4979 4973//4963
f 4991//4981 5000//4990 4992//4982
f 4991//4981 4994//4984 5000//4990
f 4995//4985 4994//4984 4990//4980
f 4990//4980 4994//4984 4991//4981
f 4995//4985 4990//4980 5003//4993
f 4989//4979 5001//4991 4990//4980
f 4990//4980 5001//4991 5003//4993
f 5001//4991 4989//4979 4996//4986
f 4993//4983 4998//4988 4989//4979
f 4989//4979 4998//4988 4996//4986
f 4992//4982 4997//4987 4998//4988
f 4992//4982 4998//4988 4993//4983
f 5000//4990 4997//4987 4992//4982
f 5001//4991 4996//4986 4999//4989
f 5003//4993 4999//4989 5002//4992
f 4994//4984 4995//4985 5002//4992
f 5002//4992 4995//4985 5003//4993
f 5001//4991 4999//4989 5003//4993
f 5005//4995 5004//4994 5006//4996
f 5006//4996 5004//4994 5009//4999
f 5005//4995 5007//4997 5004//4994
f 5007//4997 5005//4995 3633//3624
f 5007//4997 3633//3624 5008//4998
f 5009//4999 5004//4994 5012//5002
f 5004//4994 5007//4997 5012//5002
f 5008//4998 5010//5000 5007//4997
f 5007//4997 5010//5000 5011//5001
f 5007//4997 5011//5001 5012//5002
f 4922//4912 4920//4910 5015//5005
f 4918//4908 4917//4907 5016//5006
f 3992//3982 3991//3981 5019//5009
f 3986//3976 5020//5010 3987//3977
f 3988//3978 3987//3977 5020//5010
f 3991//3981 5021//5011 5019//5009
f 3992//3982 5019//5009 3993//3983
f 5022//5012 3994//3984 3993//3983
f 4033//4023 4046//4036 5022//5012
f 5022//5012 4046//4036 3994//3984
f 5022//5012 5023//5013 4033//4023
f 4033//4023 5023//5013 4044//4034
f 4163//4153 5024//5014 4161//4151
f 4161//4151 5024//5014 5025//5015
f 4161//4151 5025//5015 5026//5016
f 4161//4151 5026//5016 3824//3815
f 3824//3815 5026//5016 4159//4149
f 4159//4149 5026//5016 3825//3816
f 3565//3556 5017//5007 5018//5008
f 3565//3556 5018//5008 3564//3555
f 3564//3555 5018//5008 5034//5024
f 3564//3555 5034//5024 5040//5030
f 3564//3555 5040//5030 5037//5027
f 3564//3555 5037//5027 3561//3552
f 5035//5025 3561//3552 5037//5027
f 5035//5025 3559//3550 3561//3552
f 5035//5025 4998//4988 3559//3550
f 3559//3550 4998//4988 4997//4987
f 3559//3550 4997//4987 3558//3549
f 4997//4987 5000//4990 3558//3549
f 5033//5023 4923//4913 4918//4908
f 5010//5000 5047//5037 5028//5018
f 5047//5037 5029//5019 4923//4913
f 4923//4913 5029//5019 4919//4909
f 5009//4999 4919//4909 5029//5019
f 5009//4999 5012//5002 5030//5020
f 4920//4910 5030//5020 5020//5010
f 4919//4909 5009//4999 5030//5020
f 4919//4909 5030//5020 4920//4910
f 4922//4912 5015//5005 4921//4911
f 4921//4911 5015//5005 4925//4915
f 4999//4989 5031//5021 5013//5003
f 3558//3549 5000//4990 4994//4984
f 3558//3549 4994//4984 5027//5017
f 4917//4907 3558//3549 5027//5017
f 5002//4992 5027//5017 4994//4984
f 5016//5006 4917//4907 5027//5017
f 5032//5022 5027//5017 5002//4992
f 5032//5022 5002//4992 4999//4989
f 5028//5018 4923//4913 5033//5023
f 5028//5018 5011//5001 5010//5000
f 5012//5002 5028//5018 5030//5020
f 3985//3975 5015//5005 3986//3976
f 3986//3976 5015//5005 5020//5010
f 5012//5002 5011//5001 5028//5018
f 5014//5004 3990//3980 5028//5018
f 5028//5018 3990//3980 3988//3978
f 5028//5018 3988//3978 5030//5020
f 5030//5020 3988//3978 5020//5010
f 5020//5010 5015//5005 4920//4910
f 3990//3980 5014//5004 3991//3981
f 5047//5037 4923//4913 5028//5018
f 5028//5018 5033//5023 5014//5004
f 5014//5004 5033//5023 5021//5011
f 5014//5004 5021//5011 3991//3981
f 4999//4989 5013//5003 5032//5022
f 5016//5006 5027//5017 5033//5023
f 5016//5006 5033//5023 4918//4908
f 5033//5023 5032//5022 5021//5011
f 5021//5011 5032//5022 5019//5009
f 5032//5022 5013//5003 5019//5009
f 5019//5009 5022//5012 3993//3983
f 4999//4989 4996//4986 5031//5021
f 5031//5021 4996//4986 5035//5025
f 5031//5021 5035//5025 5036//5026
f 5036//5026 5035//5025 5037//5027
f 5036//5026 5037//5027 5038//5028
f 5038//5028 5037//5027 5039//5029
f 5039//5029 5037//5027 5040//5030
f 5039//5029 5040//5030 5034//5024
f 5033//5023 5027//5017 5032//5022
f 5017//5007 5041//5031 5042//5032
f 5039//5029 5043//5033 5024//5014
f 5039//5029 5024//5014 5044//5034
f 5039//5029 5044//5034 5038//5028
f 5038//5028 5044//5034 5045//5035
f 5038//5028 5045//5035 5036//5026
f 5036//5026 5045//5035 5046//5036
f 5036//5026 5046//5036 5031//5021
f 5031//5021 5046//5036 5023//5013
f 5031//5021 5023//5013 5013//5003
f 4044//4034 5023//5013 5046//5036
f 4044//4034 5046//5036 4155//4145
f 4155//4145 5046//5036 5045//5035
f 4155//4145 5045//5035 4156//4146
f 4156//4146 5045//5035 5044//5034
f 4156//4146 5044//5034 4163//4153
f 4163//4153 5044//5034 5024//5014
f 5022//5012 5013//5003 5023//5013
f 5024//5014 5043//5033 5025//5015
f 5025//5015 5043//5033 5042//5032
f 5025//5015 5042//5032 5026//5016
f 5026//5016 5042//5032 5041//5031
f 5018//5008 5017//5007 5042//5032
f 5018//5008 5042//5032 5034//5024
f 5034//5024 5042//5032 5043//5033
f 5034//5024 5043//5033 5039//5029
f 5019//5009 5013//5003 5022//5012
f 5035//5025 4996//4986 4998//4988
f 5008//4998 5047//5037 5010//5000
f 5008//4998 3633//3624 3636//3627
f 5008//4998 3636//3627 5047//5037
f 5048//5038 5029//5019 3636//3627
f 3636//3627 5029//5019 5047//5037
f 5029//5019 5048//5038 5006//4996
f 5029//5019 5006//4996 5009//4999
f 3635//3626 3636//3627 3633//3624
f 3633//3624 5005//4995 3631//3622
f 3631//3622 5005//4995 5006//4996
f 3631//3622 5006//4996 3636//3627
f 3636//3627 5006//4996 5048//5038
f 3591//3582 5049//5039 3589//3580
f 3589//3580 5049//5039 5050//5040
f 3589//3580 5050//5040 3587//3578
f 3587//3578 5050//5040 5051//5041
f 3587//3578 5051//5041 5052//5042
f 3587//3578 5052//5042 3591//3582
f 3591//3582 5052//5042 5049//5039
f 5052//5042 5053//5043 5059//5049
f 5051//5041 5053//5043 5052//5042
f 5051//5041 5054//5044 5053//5043
f 5050//5040 5055//5045 5054//5044
f 5050//5040 5054//5044 5051//5041
f 5055//5045 5050//5040 5060//5050
f 5049//5039 5060//5050 5050//5040
f 5049//5039 5057//5047 5060//5050
f 5049//5039 5056//5046 5057//5047
f 5052//5042 5059//5049 5049//5039
f 5049//5039 5059//5049 5056//5046
f 5056//5046 5059//5049 5058//5048
f 5062//5052 5054//5044 5061//5051
f 5061//5051 5054//5044 5055//5045
f 5061//5051 5055//5045 5060//5050
f 5054//5044 5062//5052 5053//5043
f 5059//5049 5053//5043 5058//5048
f 5058//5048 5053//5043 5062//5052
f 5073//5063 4349//4339 4350//4340
f 4348//4338 5065//5055 5066//5056
f 4348//4338 5066//5056 4347//4337
f 4929//4919 4927//4917 5015//5005
f 5015//5005 4927//4917 4926//4916
f 5015//5005 4926//4916 4925//4915
f 4929//4919 5015//5005 5066//5056
f 4930//4920 4929//4919 5066//5056
f 5062//5052 5061//5051 5066//5056
f 5066//5056 5061//5051 4930//4920
f 4930//4920 5061//5051 5060//5050
f 4930//4920 5060//5050 5057//5047
f 4930//4920 5057//5047 4931//4921
f 4931//4921 5057//5047 5056//5046
f 4931//4921 5056//5046 5058//5048
f 4931//4921 5058//5048 5067//5057
f 4934//4924 5068//5058 3574//3565
f 5069//5059 3569//3560 3574//3565
f 5082//5072 3569//3560 5069//5059
f 5080//5070 3572//3563 5082//5072
f 5082//5072 3572//3563 3569//3560
f 5077//5067 3572//3563 5080//5070
f 5075//5065 3567//3558 5077//5067
f 5077//5067 3567//3558 3572//3563
f 3567//3558 5075//5065 5074//5064
f 3567//3558 5017//5007 3565//3556
f 5070//5060 4172//4162 5026//5016
f 5026//5016 4172//4162 3825//3816
f 5070//5060 4173//4163 4172//4162
f 5070//5060 4182//4172 4173//4163
f 4179//4169 5071//5061 4178//4168
f 4178//4168 5071//5061 4177//4167
f 4178//4168 4177//4167 4174//4164
f 4201//4191 3751//3742 3759//3750
f 5072//5062 4984//4974 4979//4969
f 4980//4970 4985//4975 3574//3565
f 3574//3565 4985//4975 5069//5059
f 5068//5058 4982//4972 4980//4970
f 5068//5058 4980//4970 3574//3565
f 5058//5048 5062//5052 5073//5063
f 5076//5066 5075//5065 5077//5067
f 5076//5066 5077//5067 5078//5068
f 5079//5069 5078//5068 5080//5070
f 5079//5069 5080//5070 5064//5054
f 5041//5031 5017//5007 5074//5064
f 5041//5031 5074//5064 5081//5071
f 5081//5071 5074//5064 5075//5065
f 5081//5071 5075//5065 5076//5066
f 5082//5072 4984//4974 5063//5053
f 5083//5073 5081//5071 5076//5066
f 5083//5073 5076//5066 5084//5074
f 5084//5074 5076//5066 5078//5068
f 5084//5074 5078//5068 5079//5069
f 5084//5074 5079//5069 5071//5061
f 5071//5061 5079//5069 5064//5054
f 5071//5061 5064//5054 4177//4167
f 4177//4167 5064//5054 5063//5053
f 4177//4167 5063//5053 5086//5076
f 5026//5016 5041//5031 5070//5060
f 5070//5060 5041//5031 5081//5071
f 5070//5060 5081//5071 5083//5073
f 4182//4172 5070//5060 5083//5073
f 4182//4172 5083//5073 4179//4169
f 4179//4169 5083//5073 5084//5074
f 4179//4169 5084//5074 5071//5061
f 4202//4192 4177//4167 5086//5076
f 5085//5075 4201//4191 4202//4192
f 5085//5075 4202//4192 5086//5076
f 5082//5072 5064//5054 5080//5070
f 5087//5077 5088//5078 5072//5062
f 5087//5077 5072//5062 4979//4969
f 4345//4335 4344//4334 5088//5078
f 5088//5078 5089//5079 4345//4335
f 4345//4335 5089//5079 4346//4336
f 5063//5053 4984//4974 5072//5062
f 4344//4334 3751//3742 5085//5075
f 5086//5076 5063//5053 5072//5062
f 5086//5076 5072//5062 5085//5075
f 5064//5054 5082//5072 5063//5053
f 4201//4191 5085//5075 3751//3742
f 5068//5058 4934//4924 4933//4923
f 5067//5057 5068//5058 4933//4923
f 5067//5057 4933//4923 4931//4921
f 4979//4969 4982//4972 5087//5077
f 5089//5079 5087//5077 5067//5057
f 5089//5079 5067//5057 5090//5080
f 5058//5048 5073//5063 5067//5057
f 5090//5080 5073//5063 4350//4340
f 5073//5063 5065//5055 4349//4339
f 4349//4339 5065//5055 4348//4338
f 4982//4972 5068//5058 5087//5077
f 5087//5077 5068//5058 5067//5057
f 5090//5080 5067//5057 5073//5063
f 5073//5063 5062//5052 5066//5056
f 5073//5063 5066//5056 5065//5055
f 4347//4337 5066//5056 5015//5005
f 4347//4337 5015//5005 3985//3975
f 4350//4340 4346//4336 5090//5080
f 5090//5080 4346//4336 5089//5079
f 5087//5077 5089//5079 5088//5078
f 5088//5078 4344//4334 5085//5075
f 5088//5078 5085//5075 5072//5062
f 3567//3558 5074//5064 5017//5007
f 5069//5059 4985//4975 4984//4974
f 5069//5059 4984//4974 5082//5072
f 5080//5070 5078//5068 5077//5067
f 5093//5083 5094//5084 5091//5081
f 5091//5081 5094//5084 5095//5085
f 5091//5081 5092//5082 5093//5083
f 5093//5083 5092//5082 5096//5086
f 5093//5083 5096//5086 5097//5087
f 5097//5087 5096//5086 5098//5088
f 5097//5087 5098//5088 5099//5089
f 5099//5089 5098//5088 5100//5090
f 5099//5089 5100//5090 5101//5091
f 5101//5091 5100//5090 5102//5092
f 5101//5091 5102//5092 5103//5093
f 5104//5094 5105//5095 5106//5096
f 5104//5094 5107//5097 5108//5098
f 5108//5098 5107//5097 5109//5099
f 5104//5094 5106//5096 5107//5097
f 5107//5097 5106//5096 5110//5100
f 5107//5097 5110//5100 5111//5101
f 5111//5101 5110//5100 5112//5102
f 5111//5101 5112//5102 5113//5103
f 5113//5103 5112//5102 5114//5104
f 5113//5103 5114//5104 5115//5105
f 5115//5105 5114//5104 5116//5106
f 5115//5105 5116//5106 5117//5107
f 5117//5107 5116//5106 5118//5108
f 5119//5109 4928//4918 4927//4917
f 4927//4917 5121//5111 5119//5109
f 5130//5120 4925//4915 4928//4918
f 4928//4918 4925//4915 4927//4917
f 4922//4912 4925//4915 5130//5120
f 5124//5114 5123//5113 5143//5133
f 4927//4917 4928//4918 5121//5111
f 4863//4853 5142//5132 4928//4918
f 4928//4918 5142//5132 5121//5111
f 4860//4850 5121//5111 5142//5132
f 4860//4850 5120//5110 5121//5111
f 4860//4850 5122//5112 5120//5110
f 5143//5133 5122//5112 4860//4850
f 5143//5133 5123//5113 5122//5112
f 5125//5115 5124//5114 5143//5133
f 5125//5115 5143//5133 4856//4846
f 4856//4846 5144//5134 5127//5117
f 5125//5115 4856//4846 5126//5116
f 5126//5116 4856//4846 5127//5117
f 4854//4844 5129//5119 5144//5134
f 5129//5119 5127//5117 5144//5134
f 5146//5136 5145//5135 5128//5118
f 5146//5136 5128//5118 4854//4844
f 4854//4844 5128//5118 5129//5119
f 4865//4855 4863//4853 4916//4906
f 4916//4906 4863//4853 4928//4918
f 4916//4906 4928//4918 4925//4915
f 4925//4915 4922//4912 4916//4906
f 4916//4906 4922//4912 4866//4856
f 4916//4906 4866//4856 4865//4855
f 3543//3534 5131//5121 5132//5122
f 3543//3534 5132//5122 5148//5138
f 5148//5138 5132//5122 5149//5139
f 5134//5124 5131//5121 5147//5137
f 5147//5137 5131//5121 3543//3534
f 5134//5124 5147//5137 5133//5123
f 5135//5125 5133//5123 3550//3541
f 3550//3541 5133//5123 5147//5137
f 5136//5126 5135//5125 5150//5140
f 5135//5125 3550//3541 5150//5140
f 5137//5127 5136//5126 5150//5140
f 3552//3543 5138//5128 5150//5140
f 5150//5140 5138//5128 5137//5127
f 5138//5128 3552//3543 5139//5129
f 5139//5129 3552//3543 5140//5130
f 5140//5130 3552//3543 5141//5131
f 5141//5131 3552//3543 5151//5141
f 4922//4912 5130//5120 4866//4856
f 4866//4856 5130//5120 5141//5131
f 4866//4856 5141//5131 5151//5141
f 5162//5152 5159//5149 5155//5145
f 5155//5145 5159//5149 5152//5142
f 5162//5152 5164//5154 5159//5149
f 5152//5142 5158//5148 5154//5144
f 5152//5142 5154//5144 5155//5145
f 5160//5150 5163//5153 5161//5151
f 5163//5153 5160//5150 5162//5152
f 5164//5154 5162//5152 5160//5150
f 5157//5147 5153//5143 5156//5146
f 5153//5143 5157//5147 5152//5142
f 5158//5148 5152//5142 5157//5147
f 5159//5149 5166//5156 5165//5155
f 5166//5156 5159//5149 5164//5154
f 5166//5156 5164//5154 5167//5157
f 5167//5157 5164//5154 5160//5150
f 5160//5150 5161//5151 5167//5157
f 5167//5157 5161//5151 5168//5158
f 5168//5158 5161//5151 5163//5153
f 5163//5153 5169//5159 5168//5158
f 5169//5159 5163//5153 5162//5152
f 5155//5145 5170//5160 5162//5152
f 5162//5152 5170//5160 5169//5159
f 5154//5144 5171//5161 5170//5160
f 5154//5144 5170//5160 5155//5145
f 5171//5161 5154//5144 5172//5162
f 5172//5162 5154//5144 5158//5148
f 5172//5162 5158//5148 5157//5147
f 5172//5162 5157//5147 5173//5163
f 5157//5147 5156//5146 5173//5163
f 5173//5163 5156//5146 5174//5164
f 5174//5164 5156//5146 5153//5143
f 5174//5164 5153//5143 5152//5142
f 5174//5164 5152//5142 5175//5165
f 5159//5149 5165//5155 5152//5142
f 5152//5142 5165//5155 5175//5165
f 5165//5155 5184//5174 5176//5166
f 5185//5175 5184//5174 5166//5156
f 5166//5156 5184//5174 5165//5155
f 5166//5156 5167//5157 5187//5177
f 5166//5156 5187//5177 5185//5175
f 5167//5157 5188//5178 5187//5177
f 5168//5158 5190//5180 5167//5157
f 5167//5157 5190//5180 5188//5178
f 5169//5159 5186//5176 5168//5158
f 5168//5158 5186//5176 5190//5180
f 5170//5160 5182//5172 5186//5176
f 5170//5160 5186//5176 5169//5159
f 5182//5172 5170//5160 5171//5161
f 5182//5172 5171//5161 5181//5171
f 5181//5171 5171//5161 5172//5162
f 5181//5171 5172//5162 5180//5170
f 5180//5170 5172//5162 5173//5163
f 5180//5170 5173//5163 5179//5169
f 5179//5169 5173//5163 5178//5168
f 5178//5168 5173//5163 5174//5164
f 5178//5168 5174//5164 5177//5167
f 5177//5167 5174//5164 5175//5165
f 5165//5155 5176//5166 5175//5165
f 5175//5165 5176//5166 5177//5167
f 5194//5184 5182//5172 5183//5173
f 5213//5203 5184//5174 5231//5221
f 5231//5221 5184//5174 5185//5175
f 5189//5179 5186//5176 5194//5184
f 5231//5221 5185//5175 5187//5177
f 5194//5184 5186//5176 5182//5172
f 5189//5179 5188//5178 5190//5180
f 5189//5179 5190//5180 5186//5176
f 5233//5223 5177//5167 5232//5222
f 5231//5221 5187//5177 5193//5183
f 5193//5183 5187//5177 5188//5178
f 5193//5183 5188//5178 5189//5179
f 5183//5173 5182//5172 5181//5171
f 5183//5173 5181//5171 5191//5181
f 5191//5181 5181//5171 5180//5170
f 5179//5169 5192//5182 5180//5170
f 5180//5170 5192//5182 5191//5181
f 5232//5222 5177//5167 5213//5203
f 5213//5203 5177//5167 5184//5174
f 5192//5182 5179//5169 5178//5168
f 5192//5182 5178//5168 5233//5223
f 5233//5223 5178//5168 5177//5167
f 5183//5173 5195//5185 5194//5184
f 5204//5194 5205//5195 5206//5196
f 5208//5198 5204//5194 5206//5196
f 5208//5198 5206//5196 5201//5191
f 5195//5185 5199//5189 5209//5199
f 5209//5199 5199//5189 5198//5188
f 5209//5199 5198//5188 5207//5197
f 5209//5199 5207//5197 5210//5200
f 5192//5182 5203//5193 5204//5194
f 5204//5194 5203//5193 5205//5195
f 5204//5194 5208//5198 5191//5181
f 5204//5194 5191//5181 5192//5182
f 5201//5191 5196//5186 5208//5198
f 5201//5191 5200//5190 5196//5186
f 5208//5198 5196//5186 5191//5181
f 5196//5186 5183//5173 5191//5181
f 5200//5190 5199//5189 5195//5185
f 5200//5190 5195//5185 5196//5186
f 5196//5186 5195//5185 5183//5173
f 5189//5179 5194//5184 5210//5200
f 5210//5200 5194//5184 5209//5199
f 5209//5199 5194//5184 5195//5185
f 5212//5202 5211//5201 5210//5200
f 5212//5202 5210//5200 5207//5197
f 5211//5201 5189//5179 5210//5200
f 5212//5202 5197//5187 5202//5192
f 5212//5202 5202//5192 5211//5201
f 5211//5201 5202//5192 5189//5179
f 5202//5192 5193//5183 5189//5179
f 5217//5207 5216//5206 5227//5217
f 5202//5192 5197//5187 5219//5209
f 5219//5209 5220//5210 5221//5211
f 5221//5211 5220//5210 5222//5212
f 5222//5212 5220//5210 5223//5213
f 5205//5195 5203//5193 5224//5214
f 5223//5213 5218//5208 5225//5215
f 5225//5215 5218//5208 5214//5204
f 5202//5192 5219//5209 5226//5216
f 5226//5216 5219//5209 5221//5211
f 5222//5212 5223//5213 5225//5215
f 5227//5217 5216//5206 5224//5214
f 5227//5217 5224//5214 5228//5218
f 5228//5218 5224//5214 5203//5193
f 5193//5183 5202//5192 5226//5216
f 5225//5215 5230//5220 5222//5212
f 5222//5212 5230//5220 5231//5221
f 5222//5212 5231//5221 5221//5211
f 5221//5211 5231//5221 5226//5216
f 5226//5216 5231//5221 5193//5183
f 5218//5208 5215//5205 5214//5204
f 5225//5215 5214//5204 5213//5203
f 5225//5215 5213//5203 5230//5220
f 5218//5208 5217//5207 5215//5205
f 5214//5204 5215//5205 5232//5222
f 5214//5204 5232//5222 5213//5203
f 5217//5207 5227//5217 5229//5219
f 5217//5207 5229//5219 5215//5205
f 5215//5205 5229//5219 5232//5222
f 5203//5193 5192//5182 5228//5218
f 5228//5218 5192//5182 5233//5223
f 5228//5218 5233//5223 5227//5217
f 5227//5217 5233//5223 5229//5219
f 5229//5219 5233//5223 5232//5222
f 5230//5220 5213//5203 5231//5221
f 5205//5195 5239//5229 5246//5236
f 5242//5232 5234//5224 5219//5209
f 5219//5209 5234//5224 5220//5210
f 5220//5210 5234//5224 5223//5213
f 5234//5224 5235//5225 5223//5213
f 5235//5225 5236//5226 5223//5213
f 5236//5226 5237//5227 5218//5208
f 5218//5208 5237//5227 5217//5207
f 5237//5227 5238//5228 5217//5207
f 5217//5207 5238//5228 5216//5206
f 5238//5228 5239//5229 5216//5206
f 5216//5206 5239//5229 5224//5214
f 5239//5229 5205//5195 5224//5214
f 5236//5226 5218//5208 5223//5213
f 5242//5232 5219//5209 5197//5187
f 5237//5227 5236//5226 5248//5238
f 5254//5244 5251//5241 5256//5246
f 5255//5245 5248//5238 5254//5244
f 5292//5282 5255//5245 5256//5246
f 5257//5247 5258//5248 5259//5249
f 5259//5249 5258//5248 5260//5250
f 5259//5249 5260//5250 5261//5251
f 5261//5251 5260//5250 5262//5252
f 5262//5252 5263//5253 5264//5254
f 5264//5254 5263//5253 5265//5255
f 5265//5255 5263//5253 5266//5256
f 5265//5255 5266//5256 5267//5257
f 5267//5257 5266//5256 5268//5258
f 5267//5257 5268//5258 5269//5259
f 5269//5259 5268//5258 5270//5260
f 5270//5260 5268//5258 5271//5261
f 5297//5287 5270//5260 5279//5269
f 5279//5269 5270//5260 5271//5261
f 5249//5239 5258//5248 5257//5247
f 5249//5239 5242//5232 5241//5231
f 5258//5248 5249//5239 5241//5231
f 5239//5229 5247//5237 5272//5262
f 5297//5287 5274//5264 5273//5263
f 5256//5246 5250//5240 5292//5282
f 5250//5240 5253//5243 5294//5284
f 5294//5284 5253//5243 5285//5275
f 5242//5232 5249//5239 5275//5265
f 5275//5265 5249//5239 5257//5247
f 5234//5224 5242//5232 5276//5266
f 5276//5266 5242//5232 5275//5265
f 5276//5266 5275//5265 5298//5288
f 5235//5225 5234//5224 5252//5242
f 5252//5242 5234//5224 5276//5266
f 5252//5242 5276//5266 5253//5243
f 5253//5243 5276//5266 5285//5275
f 5285//5275 5276//5266 5298//5288
f 5236//5226 5235//5225 5251//5241
f 5251//5241 5235//5225 5252//5242
f 5256//5246 5251//5241 5250//5240
f 5248//5238 5236//5226 5251//5241
f 5248//5238 5251//5241 5254//5244
f 5248//5238 5255//5245 5292//5282
f 5237//5227 5248//5238 5277//5267
f 5277//5267 5248//5238 5292//5282
f 5238//5228 5237//5227 5247//5237
f 5247//5237 5237//5227 5277//5267
f 5247//5237 5277//5267 5296//5286
f 5239//5229 5238//5228 5247//5237
f 5272//5262 5247//5237 5273//5263
f 5273//5263 5247//5237 5297//5287
f 5297//5287 5247//5237 5296//5286
f 5279//5269 5271//5261 5278//5268
f 5274//5264 5297//5287 5279//5269
f 5263//5253 5240//5230 5243//5233
f 5258//5248 5241//5231 5240//5230
f 5258//5248 5240//5230 5260//5250
f 5260//5250 5240//5230 5262//5252
f 5262//5252 5240//5230 5263//5253
f 5263//5253 5243//5233 5244//5234
f 5263//5253 5244//5234 5266//5256
f 5266//5256 5244//5234 5245//5235
f 5266//5256 5245//5235 5268//5258
f 5268//5258 5245//5235 5246//5236
f 5268//5258 5246//5236 5271//5261
f 5271//5261 5246//5236 5239//5229
f 5271//5261 5239//5229 5278//5268
f 5278//5268 5239//5229 5272//5262
f 5270//5260 5280//5270 5269//5259
f 5265//5255 5267//5257 5264//5254
f 5261//5251 5281//5271 5259//5249
f 5259//5249 5281//5271 5257//5247
f 5262//5252 5264//5254 5261//5251
f 5281//5271 5283//5273 5257//5247
f 5284//5274 5285//5275 5286//5276
f 5286//5276 5285//5275 5283//5273
f 5284//5274 5294//5284 5285//5275
f 5282//5272 5264//5254 5267//5257
f 5282//5272 5267//5257 5287//5277
f 5288//5278 5261//5251 5306//5296
f 5306//5296 5261//5251 5264//5254
f 5306//5296 5264//5254 5282//5272
f 5288//5278 5281//5271 5261//5251
f 5289//5279 5280//5270 5270//5260
f 5287//5277 5267//5257 5269//5259
f 5287//5277 5269//5259 5290//5280
f 5290//5280 5269//5259 5280//5270
f 5291//5281 5292//5282 5293//5283
f 5293//5283 5292//5282 5294//5284
f 5293//5283 5294//5284 5295//5285
f 5295//5285 5294//5284 5284//5274
f 5270//5260 5296//5286 5289//5279
f 5289//5279 5296//5286 5291//5281
f 5291//5281 5296//5286 5292//5282
f 5285//5275 5298//5288 5283//5273
f 5270//5260 5297//5287 5296//5286
f 5298//5288 5275//5265 5283//5273
f 5283//5273 5275//5265 5257//5247
f 5296//5286 5277//5267 5292//5282
f 5294//5284 5292//5282 5250//5240
f 5299//5289 5281//5271 5288//5278
f 5300//5290 5287//5277 5290//5280
f 5301//5291 5289//5279 5291//5281
f 5301//5291 5291//5281 5302//5292
f 5302//5292 5291//5281 5293//5283
f 5303//5293 5283//5273 5281//5271
f 5303//5293 5281//5271 5299//5289
f 5283//5273 5303//5293 5353//5343
f 5283//5273 5304//5294 5286//5276
f 5301//5291 5358//5348 5289//5279
f 5300//5290 5349//5339 5287//5277
f 5287//5277 5349//5339 5305//5295
f 5287//5277 5305//5295 5282//5272
f 5282//5272 5349//5339 5300//5290
f 5303//5293 5304//5294 5353//5343
f 5289//5279 5358//5348 5302//5292
f 5299//5289 5315//5305 5303//5293
f 5303//5293 5315//5305 5314//5304
f 5303//5293 5314//5304 5304//5294
f 5304//5294 5314//5304 5286//5276
f 5286//5276 5314//5304 5320//5310
f 5286//5276 5320//5310 5284//5274
f 5284//5274 5320//5310 5319//5309
f 5284//5274 5319//5309 5295//5285
f 5295//5285 5319//5309 5293//5283
f 5293//5283 5319//5309 5318//5308
f 5293//5283 5318//5308 5302//5292
f 5302//5292 5318//5308 5317//5307
f 5302//5292 5317//5307 5289//5279
f 5289//5279 5317//5307 5307//5297
f 5289//5279 5307//5297 5280//5270
f 5280//5270 5307//5297 5308//5298
f 5280//5270 5308//5298 5309//5299
f 5280//5270 5309//5299 5290//5280
f 5290//5280 5309//5299 5310//5300
f 5290//5280 5310//5300 5300//5290
f 5300//5290 5310//5300 5282//5272
f 5282//5272 5310//5300 5311//5301
f 5282//5272 5311//5301 5306//5296
f 5306//5296 5311//5301 5312//5302
f 5306//5296 5312//5302 5288//5278
f 5288//5278 5312//5302 5313//5303
f 5288//5278 5313//5303 5299//5289
f 5299//5289 5313//5303 5315//5305
f 5327//5317 5320//5310 5326//5316
f 5326//5316 5320//5310 5314//5304
f 5326//5316 5314//5304 5315//5305
f 5326//5316 5315//5305 5325//5315
f 5325//5315 5315//5305 5313//5303
f 5325//5315 5313//5303 5316//5306
f 5313//5303 5312//5302 5316//5306
f 5316//5306 5312//5302 5311//5301
f 5316//5306 5311//5301 5324//5314
f 5324//5314 5311//5301 5310//5300
f 5324//5314 5310//5300 5323//5313
f 5323//5313 5310//5300 5321//5311
f 5331//5321 5317//5307 5330//5320
f 5330//5320 5317//5307 5318//5308
f 5330//5320 5318//5308 5329//5319
f 5329//5319 5318//5308 5319//5309
f 5329//5319 5319//5309 5320//5310
f 5329//5319 5320//5310 5327//5317
f 5310//5300 5309//5299 5321//5311
f 5321//5311 5309//5299 5308//5298
f 5321//5311 5308//5298 5322//5312
f 5322//5312 5308//5298 5307//5297
f 5322//5312 5307//5297 5331//5321
f 5331//5321 5307//5297 5317//5307
f 5328//5318 5329//5319 5327//5317
f 5348//5338 5322//5312 5332//5322
f 5332//5322 5322//5312 5331//5321
f 5332//5322 5331//5321 5361//5351
f 5361//5351 5331//5321 5333//5323
f 5333//5323 5331//5321 5330//5320
f 5333//5323 5330//5320 5336//5326
f 5336//5326 5330//5320 5329//5319
f 5336//5326 5329//5319 5337//5327
f 5337//5327 5329//5319 5328//5318
f 5334//5324 5328//5318 5327//5317
f 5334//5324 5327//5317 5335//5325
f 5335//5325 5327//5317 5326//5316
f 5325//5315 5338//5328 5326//5316
f 5326//5316 5338//5328 5335//5325
f 5335//5325 5356//5346 5334//5324
f 5341//5331 5340//5330 5342//5332
f 5338//5328 5334//5324 5356//5346
f 5347//5337 5349//5339 5342//5332
f 5342//5332 5349//5339 5282//5272
f 5342//5332 5350//5340 5341//5331
f 5351//5341 5349//5339 5347//5337
f 5351//5341 5347//5337 5341//5331
f 5350//5340 5282//5272 5351//5341
f 5351//5341 5282//5272 5305//5295
f 5351//5341 5305//5295 5349//5339
f 5350//5340 5342//5332 5282//5272
f 5351//5341 5341//5331 5350//5340
f 5338//5328 5325//5315 5339//5329
f 5339//5329 5325//5315 5343//5333
f 5343//5333 5325//5315 5316//5306
f 5343//5333 5316//5306 5344//5334
f 5344//5334 5316//5306 5340//5330
f 5340//5330 5316//5306 5324//5314
f 5340//5330 5324//5314 5342//5332
f 5342//5332 5324//5314 5347//5337
f 5347//5337 5324//5314 5323//5313
f 5347//5337 5323//5313 5345//5335
f 5345//5335 5323//5313 5321//5311
f 5345//5335 5321//5311 5346//5336
f 5322//5312 5348//5338 5321//5311
f 5321//5311 5348//5338 5346//5336
f 5338//5328 5352//5342 5335//5325
f 5335//5325 5352//5342 5353//5343
f 5353//5343 5352//5342 5354//5344
f 5353//5343 5354//5344 5355//5345
f 5353//5343 5355//5345 5283//5273
f 5283//5273 5355//5345 5304//5294
f 5304//5294 5355//5345 5356//5346
f 5356//5346 5355//5345 5352//5342
f 5356//5346 5352//5342 5338//5328
f 5352//5342 5355//5345 5354//5344
f 5353//5343 5304//5294 5335//5325
f 5335//5325 5304//5294 5356//5346
f 5358//5348 5359//5349 5360//5350
f 5358//5348 5360//5350 5361//5351
f 5357//5347 5333//5323 5360//5350
f 5360//5350 5333//5323 5332//5322
f 5360//5350 5332//5322 5361//5351
f 5333//5323 5357//5347 5302//5292
f 5302//5292 5357//5347 5359//5349
f 5359//5349 5358//5348 5301//5291
f 5359//5349 5301//5291 5302//5292
f 5359//5349 5357//5347 5360//5350
f 5302//5292 5361//5351 5333//5323
f 5358//5348 5361//5351 5302//5292
f 5347//5337 5365//5355 5340//5330
f 5340//5330 5365//5355 5362//5352
f 5344//5334 5362//5352 5339//5329
f 5348//5338 5363//5353 5346//5336
f 5346//5336 5363//5353 5345//5335
f 5362//5352 5368//5358 5339//5329
f 5339//5329 5368//5358 5338//5328
f 5338//5328 5364//5354 5334//5324
f 5345//5335 5363//5353 5365//5355
f 5345//5335 5365//5355 5347//5337
f 5340//5330 5362//5352 5344//5334
f 5334//5324 5364//5354 5328//5318
f 5348//5338 5332//5322 5367//5357
f 5338//5328 5368//5358 5364//5354
f 5328//5318 5364//5354 5366//5356
f 5328//5318 5366//5356 5337//5327
f 5333//5323 5367//5357 5332//5322
f 5367//5357 5363//5353 5348//5338
f 5337//5327 5366//5356 5336//5326
f 5336//5326 5366//5356 5333//5323
f 5333//5323 5366//5356 5367//5357
f 5347//5337 5340//5330 5341//5331
f 5343//5333 5344//5334 5339//5329
f 5363//5353 5369//5359 5365//5355
f 5370//5360 5362//5352 5365//5355
f 5362//5352 5370//5360 5368//5358
f 5368//5358 5370//5360 5371//5361
f 5368//5358 5371//5361 5364//5354
f 5364//5354 5371//5361 5372//5362
f 5364//5354 5372//5362 5366//5356
f 5366//5356 5372//5362 5369//5359
f 5366//5356 5369//5359 5367//5357
f 5367//5357 5369//5359 5363//5353
f 5374//5364 5371//5361 5373//5363
f 5373//5363 5371//5361 5370//5360
f 5375//5365 5372//5362 5374//5364
f 5374//5364 5372//5362 5371//5361
f 5376//5366 5369//5359 5377//5367
f 5377//5367 5369//5359 5375//5365
f 5375//5365 5369//5359 5372//5362
f 5378//5368 5369//5359 5376//5366
f 5373//5363 5370//5360 5378//5368
f 5378//5368 5370//5360 5365//5355
f 5378//5368 5365//5355 5369//5359
f 5377//5367 5379//5369 5376//5366
f 5375//5365 5379//5369 5377//5367
f 5375//5365 5380//5370 5379//5369
f 5374//5364 5380//5370 5375//5365
f 5380//5370 5374//5364 5383//5373
f 5381//5371 5382//5372 5378//5368
f 5373//5363 5382//5372 5383//5373
f 5373//5363 5383//5373 5374//5364
f 5382//5372 5373//5363 5378//5368
f 5381//5371 5378//5368 5376//5366
f 5381//5371 5376//5366 5379//5369
f 5379//5369 5387//5377 5381//5371
f 5390//5380 5381//5371 5386//5376
f 5390//5380 5382//5372 5381//5371
f 5385//5375 5383//5373 5390//5380
f 5390//5380 5383//5373 5382//5372
f 5389//5379 5386//5376 5387//5377
f 5384//5374 5383//5373 5385//5375
f 5384//5374 5380//5370 5383//5373
f 5387//5377 5386//5376 5381//5371
f 5388//5378 5379//5369 5380//5370
f 5388//5378 5380//5370 5384//5374
f 5388//5378 5384//5374 5389//5379
f 5389//5379 5384//5374 5385//5375
f 5389//5379 5385//5375 5390//5380
f 5389//5379 5390//5380 5386//5376
f 5379//5369 5388//5378 5387//5377
f 5387//5377 5388//5378 5389//5379
f 5395//5385 5273//5263 5391//5381
f 5391//5381 5273//5263 5274//5264
f 5391//5381 5274//5264 5392//5382
f 5392//5382 5274//5264 5279//5269
f 5279//5269 5393//5383 5394//5384
f 5279//5269 5394//5384 5392//5382
f 5391//5381 5394//5384 5393//5383
f 5395//5385 5391//5381 5396//5386
f 5391//5381 5393//5383 5396//5386
f 5400//5390 5401//5391 5402//5392
f 5397//5387 5399//5389 5398//5388
f 5398//5388 5400//5390 5397//5387
f 5397//5387 5400//5390 5402//5392
f 5397//5387 5402//5392 5403//5393
f 5403//5393 5402//5392 5404//5394
f 5404//5394 5402//5392 5401//5391
f 5406//5396 5427//5417 5407//5397
f 5411//5401 5412//5402 5413//5403
f 5412//5402 5409//5399 5410//5400
f 5412//5402 5410//5400 5414//5404
f 5414//5404 5410//5400 5415//5405
f 5414//5404 5415//5405 5416//5406
f 5416//5406 5415//5405 5405//5395
f 5419//5409 5421//5411 5420//5410
f 5420//5410 5421//5411 5422//5412
f 5425//5415 5422//5412 5463//5453
f 5425//5415 5463//5453 5462//5452
f 5425//5415 5462//5452 5426//5416
f 5426//5416 5462//5452 5427//5417
f 5412//5402 5428//5418 5429//5419
f 5430//5420 5509//5499 5431//5421
f 5431//5421 5509//5499 5432//5422
f 5433//5423 5431//5421 5432//5422
f 5431//5421 5412//5402 5429//5419
f 5409//5399 5412//5402 5434//5424
f 5435//5425 5438//5428 5436//5426
f 5437//5427 5409//5399 5435//5425
f 5409//5399 5434//5424 5435//5425
f 5435//5425 5434//5424 5438//5428
f 5410//5400 5409//5399 5437//5427
f 5437//5427 5439//5429 5410//5400
f 5405//5395 5442//5432 5443//5433
f 5444//5434 5440//5430 5441//5431
f 5445//5435 5405//5395 5443//5433
f 5444//5434 5446//5436 5440//5430
f 5440//5430 5446//5436 5443//5433
f 5443//5433 5446//5436 5447//5437
f 5443//5433 5447//5437 5445//5435
f 5400//5390 5398//5388 5445//5435
f 5445//5435 5398//5388 5405//5395
f 5445//5435 5447//5437 5400//5390
f 5401//5391 5448//5438 5404//5394
f 5404//5394 5448//5438 5441//5431
f 5448//5438 5444//5434 5441//5431
f 5400//5390 5447//5437 5401//5391
f 5392//5382 5403//5393 5441//5431
f 5441//5431 5403//5393 5450//5440
f 5392//5382 5441//5431 5453//5443
f 5453//5443 5441//5431 5452//5442
f 5453//5443 5452//5442 5451//5441
f 5450//5440 5404//5394 5441//5431
f 5449//5439 5404//5394 5450//5440
f 5403//5393 5404//5394 5449//5439
f 5403//5393 5449//5439 5450//5440
f 5394//5384 5403//5393 5392//5382
f 5391//5381 5392//5382 5440//5430
f 5440//5430 5392//5382 5453//5443
f 5440//5430 5453//5443 5454//5444
f 5454//5444 5453//5443 5451//5441
f 5454//5444 5451//5441 5452//5442
f 5441//5431 5440//5430 5454//5444
f 5441//5431 5454//5444 5452//5442
f 5446//5436 5444//5434 5447//5437
f 5455//5445 5401//5391 5447//5437
f 5455//5445 5447//5437 5456//5446
f 5456//5446 5447//5437 5444//5434
f 5456//5446 5444//5434 5391//5381
f 5391//5381 5444//5434 5448//5438
f 5391//5381 5448//5438 5394//5384
f 5394//5384 5448//5438 5401//5391
f 5394//5384 5401//5391 5455//5445
f 5397//5387 5455//5445 5443//5433
f 5455//5445 5456//5446 5443//5433
f 5443//5433 5456//5446 5440//5430
f 5440//5430 5456//5446 5391//5381
f 5403//5393 5394//5384 5455//5445
f 5403//5393 5455//5445 5397//5387
f 5399//5389 5397//5387 5442//5432
f 5442//5432 5397//5387 5443//5433
f 5457//5447 5398//5388 5399//5389
f 5399//5389 5442//5432 5457//5447
f 5457//5447 5442//5432 5405//5395
f 5458//5448 5427//5417 5462//5452
f 5434//5424 5412//5402 5459//5449
f 5407//5397 5427//5417 5460//5450
f 5407//5397 5460//5450 5408//5398
f 5408//5398 5460//5450 5459//5449
f 5457//5447 5405//5395 5415//5405
f 5461//5451 5415//5405 5410//5400
f 5461//5451 5410//5400 5434//5424
f 5464//5454 5463//5453 5422//5412
f 5464//5454 5422//5412 5465//5455
f 5465//5455 5422//5412 5421//5411
f 5466//5456 5421//5411 5419//5409
f 5466//5456 5419//5409 5467//5457
f 5467//5457 5419//5409 5418//5408
f 5467//5457 5418//5408 5468//5458
f 5468//5458 5418//5408 5417//5407
f 5468//5458 5417//5407 5457//5447
f 5457//5447 5417//5407 5398//5388
f 5427//5417 5406//5396 5469//5459
f 5406//5396 5476//5466 5469//5459
f 5469//5459 5476//5466 5458//5448
f 5427//5417 5458//5448 5476//5466
f 5468//5458 5477//5467 5467//5457
f 5467//5457 5477//5467 5481//5471
f 5467//5457 5481//5471 5466//5456
f 5466//5456 5481//5471 5480//5470
f 5466//5456 5480//5470 5421//5411
f 5421//5411 5480//5470 5479//5469
f 5421//5411 5479//5469 5465//5455
f 5465//5455 5479//5469 5478//5468
f 5465//5455 5478//5468 5464//5454
f 5464//5454 5478//5468 5471//5461
f 5464//5454 5471//5461 5463//5453
f 5463//5453 5471//5461 5470//5460
f 5463//5453 5470//5460 5462//5452
f 5462//5452 5470//5460 5469//5459
f 5462//5452 5469//5459 5458//5448
f 5427//5417 5476//5466 5460//5450
f 5460//5450 5476//5466 5475//5465
f 5460//5450 5475//5465 5459//5449
f 5459//5449 5475//5465 5474//5464
f 5459//5449 5474//5464 5434//5424
f 5434//5424 5474//5464 5414//5404
f 5434//5424 5414//5404 5461//5451
f 5415//5405 5461//5451 5473//5463
f 5415//5405 5473//5463 5457//5447
f 5457//5447 5473//5463 5472//5462
f 5457//5447 5472//5462 5468//5458
f 5468//5458 5472//5462 5477//5467
f 5426//5416 5427//5417 5469//5459
f 5475//5465 5476//5466 5406//5396
f 5426//5416 5469//5459 5470//5460
f 5426//5416 5470//5460 5425//5415
f 5425//5415 5470//5460 5471//5461
f 5425//5415 5471//5461 5422//5412
f 5422//5412 5471//5461 5478//5468
f 5422//5412 5478//5468 5479//5469
f 5422//5412 5479//5469 5420//5410
f 5420//5410 5479//5469 5480//5470
f 5420//5410 5480//5470 5419//5409
f 5419//5409 5480//5470 5481//5471
f 5419//5409 5481//5471 5418//5408
f 5418//5408 5481//5471 5477//5467
f 5418//5408 5477//5467 5417//5407
f 5406//5396 5407//5397 5475//5465
f 5475//5465 5407//5397 5408//5398
f 5475//5465 5408//5398 5474//5464
f 5474//5464 5408//5398 5413//5403
f 5474//5464 5413//5403 5412//5402
f 5474//5464 5412//5402 5414//5404
f 5461//5451 5414//5404 5416//5406
f 5461//5451 5416//5406 5473//5463
f 5473//5463 5416//5406 5405//5395
f 5473//5463 5405//5395 5472//5462
f 5472//5462 5405//5395 5398//5388
f 5472//5462 5398//5388 5417//5407
f 5472//5462 5417//5407 5477//5467
f 5483//5473 5408//5398 5484//5474
f 5485//5475 5486//5476 5487//5477
f 5487//5477 5486//5476 5482//5472
f 5488//5478 5482//5472 5484//5474
f 5488//5478 5484//5474 5408//5398
f 5489//5479 5413//5403 5408//5398
f 5413//5403 5489//5479 5424//5414
f 5490//5480 5411//5401 5423//5413
f 5490//5480 5423//5413 5424//5414
f 5490//5480 5424//5414 5489//5479
f 5412//5402 5411//5401 5490//5480
f 5412//5402 5490//5480 5428//5418
f 5428//5418 5490//5480 5491//5481
f 5483//5473 5489//5479 5408//5398
f 5491//5481 5490//5480 5483//5473
f 5483//5473 5490//5480 5489//5479
f 5484//5474 5429//5419 5483//5473
f 5483//5473 5429//5419 5428//5418
f 5483//5473 5428//5418 5493//5483
f 5493//5483 5428//5418 5492//5482
f 5495//5485 5494//5484 5493//5483
f 5498//5488 5493//5483 5494//5484
f 5496//5486 5497//5487 5498//5488
f 5498//5488 5497//5487 5492//5482
f 5498//5488 5492//5482 5491//5481
f 5498//5488 5491//5481 5493//5483
f 5492//5482 5500//5490 5493//5483
f 5493//5483 5500//5490 5499//5489
f 5493//5483 5499//5489 5495//5485
f 5497//5487 5496//5486 5500//5490
f 5497//5487 5500//5490 5492//5482
f 5500//5490 5496//5486 5498//5488
f 5500//5490 5498//5488 5499//5489
f 5494//5484 5499//5489 5498//5488
f 5499//5489 5494//5484 5495//5485
f 5483//5473 5493//5483 5491//5481
f 5428//5418 5491//5481 5492//5482
f 5431//5421 5429//5419 5484//5474
f 5431//5421 5484//5474 5482//5472
f 5431//5421 5501//5491 5430//5420
f 5501//5491 5482//5472 5486//5476
f 5509//5499 5430//5420 5486//5476
f 5509//5499 5486//5476 5485//5475
f 5485//5475 5487//5477 5508//5498
f 5508//5498 5487//5477 5504//5494
f 5508//5498 5504//5494 5509//5499
f 5432//5422 5509//5499 5504//5494
f 5502//5492 5432//5422 5504//5494
f 5505//5495 5504//5494 5487//5477
f 5433//5423 5432//5422 5502//5492
f 5433//5423 5504//5494 5503//5493
f 5433//5423 5503//5493 5431//5421
f 5506//5496 5505//5495 5482//5472
f 5482//5472 5505//5495 5487//5477
f 5504//5494 5433//5423 5502//5492
f 5431//5421 5503//5493 5507//5497
f 5506//5496 5482//5472 5503//5493
f 5503//5493 5482//5472 5507//5497
f 5412//5402 5431//5421 5507//5497
f 5412//5402 5507//5497 5459//5449
f 5459//5449 5507//5497 5488//5478
f 5459//5449 5488//5478 5408//5398
f 5482//5472 5488//5478 5507//5497
f 5253//5243 5505//5495 5506//5496
f 5253//5243 5506//5496 5252//5242
f 5252//5242 5506//5496 5251//5241
f 5251//5241 5506//5496 5503//5493
f 5503//5493 5250//5240 5251//5241
f 5250//5240 5503//5493 5504//5494
f 5505//5495 5253//5243 5504//5494
f 5504//5494 5253//5243 5250//5240
f 5508//5498 5509//5499 5485//5475
f 5501//5491 5431//5421 5482//5472
f 5510//5500 5430//5420 5501//5491
f 5430//5420 5512//5502 5486//5476
f 5486//5476 5512//5502 5511//5501
f 5430//5420 5510//5500 5512//5502
f 5512//5502 5510//5500 5514//5504
f 5512//5502 5514//5504 5511//5501
f 5511//5501 5514//5504 5513//5503
f 5511//5501 5513//5503 5486//5476
f 5486//5476 5513//5503 5501//5491
f 5514//5504 5515//5505 5513//5503
f 5513//5503 5515//5505 5518//5508
f 5518//5508 5515//5505 5516//5506
f 5516//5506 5517//5507 5518//5508
f 5513//5503 5518//5508 5501//5491
f 5501//5491 5518//5508 5517//5507
f 5501//5491 5517//5507 5510//5500
f 5510//5500 5517//5507 5516//5506
f 5510//5500 5516//5506 5514//5504
f 5514//5504 5516//5506 5515//5505
f 5439//5429 5438//5428 5434//5424
f 5439//5429 5434//5424 5410//5400
f 5437//5427 5435//5425 5439//5429
f 5436//5426 5439//5429 5435//5425
f 5439//5429 5255//5245 5254//5244
f 5439//5429 5254//5244 5438//5428
f 5254//5244 5256//5246 5438//5428
f 5438//5428 5256//5246 5436//5426
f 5436//5426 5256//5246 5255//5245
f 5436//5426 5255//5245 5439//5429
f 5519//5509 5411//5401 5413//5403
f 5519//5509 5413//5403 5520//5510
f 5520//5510 5413//5403 5521//5511
f 5521//5511 5413//5403 5424//5414
f 5521//5511 5424//5414 5522//5512
f 5522//5512 5424//5414 5423//5413
f 5522//5512 5423//5413 5411//5401
f 5522//5512 5411//5401 5519//5509
f 5519//5509 5520//5510 5521//5511
f 5521//5511 5523//5513 5524//5514
f 5521//5511 5524//5514 5519//5509
f 5519//5509 5524//5514 5525//5515
f 5519//5509 5525//5515 5522//5512
f 5522//5512 5525//5515 5523//5513
f 5522//5512 5523//5513 5521//5511
f 5523//5513 5526//5516 5524//5514
f 5524//5514 5527//5517 5525//5515
f 5525//5515 5527//5517 5528//5518
f 5525//5515 5528//5518 5523//5513
f 5523//5513 5528//5518 5529//5519
f 5523//5513 5529//5519 5526//5516
f 5526//5516 5529//5519 5530//5520
f 5526//5516 5530//5520 5524//5514
f 5524//5514 5530//5520 5527//5517
f 5531//5521 5528//5518 5527//5517
f 5531//5521 5527//5517 5530//5520
f 5531//5521 5530//5520 5532//5522
f 5532//5522 5530//5520 5529//5519
f 5532//5522 5529//5519 5533//5523
f 5533//5523 5529//5519 5528//5518
f 5533//5523 5528//5518 5531//5521
f 5531//5521 5534//5524 5533//5523
f 5533//5523 5534//5524 5535//5525
f 5533//5523 5535//5525 5532//5522
f 5532//5522 5535//5525 5531//5521
f 5531//5521 5535//5525 5534//5524
f 5393//5383 5279//5269 5278//5268
f 5273//5263 5395//5385 5272//5262
f 5272//5262 5395//5385 5396//5386
f 5272//5262 5396//5386 5278//5268
f 5278//5268 5396//5386 5393//5383
f 5246//5236 5245//5235 5206//5196
f 5206//5196 5245//5235 5201//5191
f 5245//5235 5244//5234 5201//5191
f 5201//5191 5244//5234 5200//5190
f 5244//5234 5243//5233 5199//5189
f 5243//5233 5240//5230 5198//5188
f 5240//5230 5241//5231 5207//5197
f 5207//5197 5241//5231 5212//5202
f 5212//5202 5241//5231 5197//5187
f 5241//5231 5242//5232 5197//5187
f 5240//5230 5207//5197 5198//5188
f 5243//5233 5198//5188 5199//5189
f 5244//5234 5199//5189 5200//5190
f 5246//5236 5206//5196 5205//5195
f 5176//5166 5184//5174 5177//5167
f 5536//5526 5538//5528 5537//5527
f 5538//5528 5536//5526 5537//5527
f 5540//5530 5541//5531 5539//5529
f 5539//5529 5541//5531 5540//5530
f 5544//5534 5543//5533 5542//5532
f 5542//5532 5543//5533 5544//5534
f 5549//5539 5547//5537 5551//5541
f 5548//5538 5546//5536 5547//5537
f 5546//5536 5551//5541 5547//5537
f 5551//5541 5545//5535 5549//5539
f 5549//5539 5545//5535 5550//5540
f 5549//5539 5550//5540 5547//5537
f 5547//5537 5550//5540 5548//5538
f 5551//5541 5550//5540 5545//5535
f 5546//5536 5548//5538 5550//5540
f 5546//5536 5550//5540 5551//5541
f 5552//5542 5553//5543 5554//5544
f 5554//5544 5553//5543 5555//5545
f 5555//5545 5553//5543 5559//5549
f 5555//5545 5559//5549 5556//5546
f 5554//5544 5558//5548 5552//5542
f 5556//5546 5557//5547 5555//5545
f 5554//5544 5555//5545 5558//5548
f 5556//5546 5559//5549 5557//5547
f 5553//5543 5558//5548 5557//5547
f 5558//5548 5553//5543 5552//5542
f 5557//5547 5559//5549 5553//5543
f 5555//5545 5557//5547 5558//5548
f 5562//5552 5580//5570 5561//5551
f 5562//5552 5561//5551 5560//5550
f 5561//5551 5564//5554 5563//5553
f 5563//5553 5564//5554 5565//5555
f 5566//5556 5567//5557 5568//5558
f 5560//5550 5568//5558 5567//5557
f 5570//5560 5569//5559 5571//5561
f 5571//5561 5569//5559 5572//5562
f 5567//5557 5566//5556 5573//5563
f 5573//5563 5566//5556 5574//5564
f 5568//5558 5560//5550 5561//5551
f 5568//5558 5561//5551 5563//5553
f 5573//5563 5574//5564 5569//5559
f 5573//5563 5569//5559 5570//5560
f 5565//5555 5564//5554 5576//5566
f 5565//5555 5576//5566 5575//5565
f 5575//5565 5576//5566 5572//5562
f 5572//5562 5576//5566 5571//5561
f 5566//5556 5577//5567 5574//5564
f 5572//5562 5569//5559 5578//5568
f 5578//5568 5569//5559 5574//5564
f 5577//5567 5578//5568 5574//5564
f 5566//5556 5568//5558 5579//5569
f 5579//5569 5568//5558 5563//5553
f 5579//5569 5560//5550 5581//5571
f 5579//5569 5581//5571 5566//5556
f 5565//5555 5580//5570 5563//5553
f 5580//5570 5562//5552 5563//5553
f 5560//5550 5579//5569 5562//5552
f 5562//5552 5579//5569 5563//5553
f 5578//5568 5573//5563 5570//5560
f 5570//5560 5572//5562 5578//5568
f 5580//5570 5565//5555 5582//5572
f 5582//5572 5565//5555 5575//5565
f 5573//5563 5577//5567 5581//5571
f 5581//5571 5577//5567 5566//5556
f 5573//5563 5578//5568 5577//5567
f 5572//5562 5570//5560 5582//5572
f 5572//5562 5582//5572 5575//5565
f 5561//5551 5580//5570 5564//5554
f 5570//5560 5571//5561 5576//5566
f 5570//5560 5576//5566 5582//5572
f 5582//5572 5576//5566 5564//5554
f 5582//5572 5564//5554 5580//5570
f 5581//5571 5567//5557 5573//5563
f 5567//5557 5581//5571 5560//5550
f 5584//5574 5583//5573 5585//5575
f 5585//5575 5583//5573 5584//5574
f 5588//5578 5587//5577 5586//5576
f 5586//5576 5587//5577 5588//5578
f 5589//5579 5590//5580 5591//5581
f 5590//5580 5589//5579 5591//5581
f 5592//2424 5594//2424 5593//2424
f 5592//2424 5593//2424 5594//2424
f 5596//5583 5595//5582 5597//5583
f 5597//5583 5595//5582 5596//5583
f 5599//5585 5600//5586 5598//5584
f 5598//5584 5600//5586 5601//5587
f 5598//5584 5601//5587 5599//5585
f 5599//5585 5601//5587 5600//5586
f 5603//2424 5604//2424 5602//2424
f 5603//2424 5602//2424 5604//2424
f 5605//5588 5606//5589 5607//5590
f 5608//5591 5673//5656 5609//5592
f 5609//5592 5673//5656 5610//5593
f 5611//5594 5609//5592 5612//5595
f 5612//5595 5609//5592 5610//5593
f 5612//5595 5610//5593 5696//5679
f 5696//5679 5610//5593 5607//5590
f 5613//5596 5683//5666 5612//5595
f 5614//5597 5605//5588 5615//5598
f 5615//5598 5605//5588 5701//5684
f 5612//5595 5615//5598 5613//5596
f 5613//5596 5615//5598 5701//5684
f 5613//5596 5701//5684 5616//5599
f 5616//5599 5701//5684 5610//5593
f 5616//5599 5610//5593 5617//5600
f 5696//5679 5607//5590 5618//5601
f 5618//5601 5607//5590 5606//5589
f 5618//5601 5619//5602 5620//5603
f 5618//5601 5620//5603 5689//5672
f 5689//5672 5620//5603 5621//5604
f 5689//5672 5621//5604 5622//5605
f 5621//5604 5623//5606 5622//5605
f 5622//5605 5623//5606 5606//5589
f 5606//5589 5623//5606 5618//5601
f 5618//5601 5623//5606 5619//5602
f 5619//5602 5614//5597 5620//5603
f 5620//5603 5614//5597 5688//5671
f 5614//5597 5619//5602 5605//5588
f 5605//5588 5619//5602 5624//5607
f 5605//5588 5624//5607 5625//5608
f 5624//5607 5621//5604 5625//5608
f 5625//5608 5621//5604 5688//5671
f 5688//5671 5621//5604 5620//5603
f 5688//5671 5689//5672 5625//5608
f 5625//5608 5689//5672 5622//5605
f 5614//5597 5696//5679 5618//5601
f 5627//5610 5631//5614 5628//5611
f 5630//5613 5629//5612 5627//5610
f 5631//5614 5632//5615 5628//5611
f 5668//5651 5633//5616 5628//5611
f 5634//5617 5633//5616 5668//5651
f 5634//5617 5636//5619 5635//5618
f 5630//5613 5637//5620 5632//5615
f 5630//5613 5632//5615 5629//5612
f 5629//5612 5632//5615 5631//5614
f 5632//5615 5637//5620 5638//5621
f 5632//5615 5638//5621 5678//5661
f 5640//5623 5639//5622 5630//5613
f 5630//5613 5639//5622 5637//5620
f 5639//5622 5640//5623 5638//5621
f 5638//5621 5640//5623 5678//5661
f 5641//5624 5634//5617 5642//5625
f 5634//5617 5641//5624 5643//5626
f 5640//5623 5626//5609 5642//5625
f 5642//5625 5626//5609 5641//5624
f 5642//5625 5634//5617 5668//5651
f 5635//5618 5628//5611 5633//5616
f 5627//5610 5628//5611 5630//5613
f 5630//5613 5628//5611 5644//5627
f 5645//5628 5635//5618 5636//5619
f 5635//5618 5645//5628 5628//5611
f 5628//5611 5645//5628 5644//5627
f 5646//5629 5630//5613 5634//5617
f 5634//5617 5630//5613 5636//5619
f 5636//5619 5630//5613 5644//5627
f 5643//5626 5640//5623 5646//5629
f 5643//5626 5646//5629 5634//5617
f 5640//5623 5643//5626 5626//5609
f 5647//5630 5648//5631 5649//5632
f 5648//5631 5647//5630 5650//5633
f 5648//5631 5650//5633 5651//5634
f 5649//5632 5651//5634 5652//5635
f 5652//5635 5651//5634 5650//5633
f 5653//5636 5654//5637 5669//5652
f 5647//5630 5655//5638 5669//5652
f 5669//5652 5655//5638 5653//5636
f 5649//5632 5657//5640 5659//5642
f 5659//5642 5657//5640 5660//5643
f 5652//5635 5658//5641 5649//5632
f 5649//5632 5658//5641 5657//5640
f 5659//5642 5660//5643 5652//5635
f 5652//5635 5660//5643 5658//5641
f 5654//5637 5661//5644 5662//5645
f 5654//5637 5662//5645 5677//5660
f 5655//5638 5656//5639 5654//5637
f 5654//5637 5663//5646 5661//5644
f 5677//5660 5662//5645 5659//5642
f 5647//5630 5656//5639 5655//5638
f 5649//5632 5664//5647 5647//5630
f 5654//5637 5656//5639 5664//5647
f 5664//5647 5649//5632 5654//5637
f 5654//5637 5649//5632 5666//5649
f 5654//5637 5666//5649 5646//5629
f 5663//5646 5665//5648 5659//5642
f 5659//5642 5665//5648 5666//5649
f 5659//5642 5666//5649 5649//5632
f 5654//5637 5646//5629 5663//5646
f 5663//5646 5646//5629 5665//5648
f 5663//5646 5659//5642 5662//5645
f 5669//5652 5654//5637 5677//5660
f 5677//5660 5642//5625 5669//5652
f 5669//5652 5642//5625 5668//5651
f 5678//5661 5652//5635 5613//5596
f 5613//5596 5652//5635 5609//5592
f 5616//5599 5608//5591 5632//5615
f 5632//5615 5608//5591 5650//5633
f 5652//5635 5650//5633 5608//5591
f 5652//5635 5608//5591 5609//5592
f 5613//5596 5616//5599 5632//5615
f 5613//5596 5632//5615 5678//5661
f 5667//5650 5632//5615 5650//5633
f 5647//5630 5669//5652 5650//5633
f 5650//5633 5669//5652 5667//5650
f 5632//5615 5668//5651 5628//5611
f 5670//5653 5671//5654 5667//5650
f 5669//5652 5670//5653 5667//5650
f 5632//5615 5671//5654 5668//5651
f 5668//5651 5671//5654 5672//5655
f 5672//5655 5671//5654 5670//5653
f 5670//5653 5669//5652 5672//5655
f 5672//5655 5669//5652 5668//5651
f 5667//5650 5671//5654 5632//5615
f 5608//5591 5675//5658 5673//5656
f 5673//5656 5675//5658 5674//5657
f 5616//5599 5617//5600 5676//5659
f 5675//5658 5616//5599 5676//5659
f 5674//5657 5675//5658 5676//5659
f 5675//5658 5608//5591 5616//5599
f 5678//5661 5679//5662 5652//5635
f 5659//5642 5652//5635 5677//5660
f 5677//5660 5652//5635 5679//5662
f 5678//5661 5640//5623 5642//5625
f 5679//5662 5681//5664 5677//5660
f 5677//5660 5681//5664 5680//5663
f 5678//5661 5642//5625 5682//5665
f 5681//5664 5678//5661 5682//5665
f 5680//5663 5681//5664 5682//5665
f 5682//5665 5642//5625 5680//5663
f 5680//5663 5642//5625 5677//5660
f 5681//5664 5679//5662 5678//5661
f 5609//5592 5611//5594 5684//5667
f 5685//5668 5609//5592 5684//5667
f 5613//5596 5685//5668 5683//5666
f 5683//5666 5685//5668 5686//5669
f 5686//5669 5685//5668 5684//5667
f 5609//5592 5685//5668 5613//5596
f 5687//5670 5614//5597 5618//5601
f 5618//5601 5689//5672 5687//5670
f 5690//5673 5689//5672 5692//5675
f 5692//5675 5689//5672 5688//5671
f 5687//5670 5691//5674 5614//5597
f 5687//5670 5689//5672 5690//5673
f 5691//5674 5687//5670 5690//5673
f 5688//5671 5614//5597 5692//5675
f 5692//5675 5614//5597 5691//5674
f 5692//5675 5691//5674 5690//5673
f 5605//5588 5693//5676 5606//5589
f 5694//5677 5625//5608 5695//5678
f 5695//5678 5625//5608 5622//5605
f 5622//5605 5606//5589 5695//5678
f 5695//5678 5606//5589 5693//5676
f 5694//5677 5693//5676 5605//5588
f 5605//5588 5625//5608 5694//5677
f 5695//5678 5693//5676 5694//5677
f 5624//5607 5619//5602 5623//5606
f 5624//5607 5623//5606 5621//5604
f 5630//5613 5646//5629 5666//5649
f 5630//5613 5666//5649 5640//5623
f 5640//5623 5666//5649 5665//5648
f 5640//5623 5665//5648 5646//5629
f 5645//5628 5647//5630 5644//5627
f 5644//5627 5647//5630 5664//5647
f 5644//5627 5664//5647 5636//5619
f 5636//5619 5664//5647 5645//5628
f 5645//5628 5664//5647 5656//5639
f 5645//5628 5656//5639 5647//5630
f 5631//5614 5648//5631 5651//5634
f 5631//5614 5651//5634 5629//5612
f 5629//5612 5651//5634 5627//5610
f 5627//5610 5651//5634 5649//5632
f 5627//5610 5649//5632 5648//5631
f 5627//5610 5648//5631 5631//5614
f 5633//5616 5655//5638 5635//5618
f 5635//5618 5655//5638 5634//5617
f 5634//5617 5655//5638 5654//5637
f 5634//5617 5654//5637 5633//5616
f 5633//5616 5654//5637 5653//5636
f 5633//5616 5653//5636 5655//5638
f 5637//5620 5658//5641 5638//5621
f 5638//5621 5658//5641 5660//5643
f 5638//5621 5660//5643 5639//5622
f 5639//5622 5660//5643 5657//5640
f 5639//5622 5657//5640 5637//5620
f 5637//5620 5657//5640 5658//5641
f 5641//5624 5661//5644 5663//5646
f 5641//5624 5663//5646 5643//5626
f 5643//5626 5663//5646 5626//5609
f 5626//5609 5663//5646 5662//5645
f 5626//5609 5662//5645 5641//5624
f 5641//5624 5662//5645 5661//5644
f 5686//5669 5684//5667 5683//5666
f 5683//5666 5684//5667 5611//5594
f 5683//5666 5611//5594 5612//5595
f 5617//5600 5610//5593 5673//5656
f 5617//5600 5673//5656 5676//5659
f 5676//5659 5673//5656 5674//5657
f 5614//5597 5697//5680 5696//5679
f 5698//5681 5615//5598 5699//5682
f 5699//5682 5615//5598 5612//5595
f 5699//5682 5612//5595 5696//5679
f 5697//5680 5699//5682 5696//5679
f 5614//5597 5615//5598 5698//5681
f 5697//5680 5614//5597 5698//5681
f 5699//5682 5697//5680 5698//5681
f 5605//5588 5607//5590 5700//5683
f 5610//5593 5700//5683 5607//5590
f 5702//5685 5610//5593 5703//5686
f 5703//5686 5610//5593 5701//5684
f 5700//5683 5704//5687 5605//5588
f 5702//5685 5704//5687 5700//5683
f 5610//5593 5702//5685 5700//5683
f 5703//5686 5701//5684 5605//5588
f 5704//5687 5703//5686 5605//5588
f 5703//5686 5704//5687 5702//5685
f 5705//5688 5706//5689 5707//5690
f 5707//5690 5706//5689 5708//5691
f 5707//5690 5708//5691 5709//5692
f 5709//5692 5708//5691 5710//5693
f 5709//5692 5710//5693 5711//5694
f 5711//5694 5710//5693 5712//5695
f 5711//5694 5712//5695 5713//5696
f 5711//5694 5713//5696 5705//5688
f 5705//5688 5713//5696 5706//5689
f 5714//5697 5706//5689 5713//5696
f 5714//5697 5708//5691 5706//5689
f 5712//5695 5710//5693 5715//5698
f 5715//5698 5710//5693 5708//5691
f 5717//5700 5711//5694 5718//5701
f 5717//5700 5709//5692 5711//5694
f 5707//5690 5709//5692 5716//5699
f 5716//5699 5709//5692 5717//5700
f 5718//5701 5711//5694 5705//5688
f 5716//5699 5718//5701 5705//5688
f 5716//5699 5705//5688 5707//5690
f 5715//5698 5719//5702 5720//5703
f 5715//5698 5720//5703 5712//5695
f 5712//5695 5720//5703 5721//5704
f 5712//5695 5721//5704 5713//5696
f 5713//5696 5721//5704 5722//5705
f 5713//5696 5722//5705 5723//5706
f 5713//5696 5723//5706 5714//5697
f 5714//5697 5723//5706 5724//5707
f 5714//5697 5724//5707 5708//5691
f 5708//5691 5724//5707 5719//5702
f 5708//5691 5719//5702 5715//5698
f 5726//5709 5722//5705 5725//5708
f 5725//5708 5720//5703 5727//5710
f 5727//5710 5720//5703 5728//5711
f 5725//5708 5722//5705 5720//5703
f 5727//5710 5723//5706 5726//5709
f 5727//5710 5728//5711 5723//5706
f 5726//5709 5723//5706 5722//5705
f 5719//5702 5728//5711 5720//5703
f 5720//5703 5722//5705 5721//5704
f 5724//5707 5723//5706 5728//5711
f 5724//5707 5728//5711 5719//5702
f 5717//5700 5727//5710 5716//5699
f 5716//5699 5727//5710 5726//5709
f 5716//5699 5726//5709 5718//5701
f 5718//5701 5726//5709 5725//5708
f 5718//5701 5725//5708 5717//5700
f 5717//5700 5725//5708 5727//5710
