# Blender 5.2.1 LTS
# www.blender.org
o head_pitch_link
v -0.016009 0.020368 -0.012849
v -0.015986 0.020683 -0.012078
v -0.018737 0.020377 -0.008191
v -0.020406 0.020381 -0.001192
v -0.020113 0.020356 -0.003734
v -0.019933 0.020814 -0.000971
v -0.019580 0.020673 -0.004255
v -0.018276 0.020684 -0.008299
v -0.010535 0.022400 -0.019947
v -0.008128 0.030400 -0.020981
v -0.014842 0.022301 -0.016937
v -0.015158 0.030400 -0.016628
v -0.004156 0.021314 0.022118
v -0.004134 0.030400 0.022117
v 0.009596 0.022400 -0.020417
v 0.008128 0.030400 -0.020981
v 0.011845 0.030400 -0.019130
v 0.014847 0.022299 0.016938
v 0.015553 0.035108 0.016278
v -0.019911 0.003396 -0.010616
v -0.020141 0.030400 -0.010029
v 0.004057 0.020970 0.022129
v 0.005475 0.030400 0.021812
v 0.000000 0.030400 0.022500
v 0.022230 -0.003666 0.003405
v 0.021641 -0.000914 0.006157
v 0.022174 0.000869 0.004188
v 0.022336 0.002774 0.003249
v 0.021670 0.035253 0.005862
v 0.022462 0.003793 0.002141
v 0.020265 0.035103 0.009801
v 0.019902 0.003395 0.010614
v 0.015960 0.013884 0.015861
v 0.017604 0.004767 0.013993
v 0.018119 0.035103 0.013372
v 0.015940 0.021002 0.015883
v 0.014968 0.012568 0.016840
v 0.015378 0.005007 0.016436
v 0.011845 0.005000 0.019130
v 0.009596 0.012400 0.020417
v 0.008128 0.005000 0.020981
v 0.004134 0.005000 0.022117
v 0.005436 0.012456 0.021843
v 0.004156 0.013486 0.022118
v 0.000000 0.005000 0.022500
v -0.004057 0.013829 0.022129
v -0.004134 0.005000 0.022117
v -0.005084 0.012560 0.021934
v -0.008128 0.005000 0.020981
v -0.010613 0.012400 0.019905
v -0.014893 0.012536 0.016903
v -0.015302 0.005011 0.016506
v -0.011845 0.005000 0.019130
v -0.017655 0.004761 0.013938
v -0.015956 0.020925 0.015865
v -0.017955 0.030400 0.013559
v -0.015939 0.013804 0.015884
v -0.014910 0.022273 0.016897
v -0.014811 0.030400 0.016954
v -0.019206 0.003955 0.011733
v -0.020141 0.030400 0.010029
v -0.020307 0.002582 0.009676
v -0.021641 0.030400 0.006157
v -0.021505 0.022321 0.006837
v -0.021387 0.019504 0.007169
v -0.022294 0.002481 0.003535
v -0.022457 0.003834 0.002090
v -0.022020 0.014691 0.004949
v -0.022403 0.013131 0.002719
v -0.021616 0.016605 0.006381
v -0.021641 -0.000914 0.006157
v -0.022165 -0.000400 0.004249
v -0.022258 -0.003848 0.003182
v -0.022435 -0.004785 0.001526
v -0.022466 -0.004919 -0.001167
v -0.022230 -0.003666 -0.003405
v -0.021641 -0.000914 -0.006157
v -0.022173 0.000869 -0.004191
v -0.021690 0.016090 -0.006106
v -0.022339 0.002776 -0.003243
v -0.022452 0.003793 -0.002165
v -0.022488 0.012256 -0.001465
v -0.022114 0.014300 -0.004522
v -0.021399 0.018984 -0.007141
v -0.021527 0.022597 -0.006714
v -0.017955 0.030400 -0.013559
v -0.017682 0.004748 -0.013907
v -0.015940 0.021002 -0.015883
v -0.015960 0.013884 -0.015861
v -0.014968 0.012568 -0.016840
v -0.015378 0.005007 -0.016436
v -0.011845 0.005000 -0.019130
v -0.009596 0.012400 -0.020417
v -0.008128 0.005000 -0.020981
v -0.004134 0.005000 -0.022117
v -0.005436 0.012456 -0.021843
v -0.004156 0.013486 -0.022118
v 0.000000 0.005000 -0.022500
v 0.000000 0.030400 -0.022500
v 0.004057 0.013829 -0.022129
v 0.004134 0.005000 -0.022117
v 0.005084 0.012560 -0.021934
v 0.008128 0.005000 -0.020981
v 0.010613 0.012400 -0.019905
v 0.014918 0.012546 -0.016892
v 0.015302 0.005011 -0.016506
v 0.011845 0.005000 -0.019130
v 0.017700 0.004745 -0.013881
v 0.015939 0.013803 -0.015883
v 0.015956 0.020924 -0.015866
v 0.014915 0.022271 -0.016876
v 0.015637 0.030400 -0.016159
v 0.020238 0.035102 -0.009851
v 0.018033 0.035282 -0.013350
v 0.019947 0.003322 -0.010520
v 0.022291 0.002483 -0.003538
v 0.021669 0.035107 -0.006061
v 0.021641 -0.000914 -0.006157
v 0.022165 -0.000400 -0.004249
v 0.022258 -0.003848 -0.003182
v 0.022435 -0.004785 -0.001526
v 0.022466 -0.004919 0.001167
v 0.005084 0.022240 0.021930
v 0.009967 0.022400 0.020253
v 0.012419 0.035108 0.018781
v 0.005432 0.035117 0.021760
v 0.008756 0.035270 0.020672
v 0.005436 0.022344 -0.021843
v 0.004156 0.021314 -0.022118
v 0.004134 0.030400 -0.022117
v -0.009748 0.022400 0.020363
v -0.005436 0.022344 0.021843
v -0.008128 0.030400 0.020981
v -0.012049 0.030400 0.019020
v -0.012445 0.030400 -0.018768
v -0.004057 0.020971 -0.022129
v -0.004134 0.030400 -0.022117
v -0.005084 0.022240 -0.021934
v 0.022412 0.035102 0.002007
v 0.022471 0.003852 -0.002025
v 0.022410 0.035100 -0.002007
v 0.022518 0.004820 -0.000110
v -0.022517 0.004825 0.000105
v -0.021641 0.030400 -0.006157
v -0.021876 0.024656 -0.005546
v -0.022284 0.026374 -0.003632
v -0.022557 0.030398 -0.000046
v -0.022530 0.027825 -0.000429
v -0.021969 0.025085 0.005166
v -0.022358 0.026639 0.003126
v -0.030200 0.021049 -0.002831
v -0.030764 0.020072 -0.003119
v -0.030200 0.018997 -0.002716
v -0.030885 0.018691 -0.002984
v -0.030886 0.021888 0.002648
v -0.030727 0.022750 0.001436
v -0.025900 0.021871 0.002624
v -0.025900 0.022710 0.001286
v -0.025900 0.022994 -0.000663
v -0.030600 0.022999 -0.000325
v -0.030889 0.021880 -0.002670
v -0.025900 0.021804 -0.002780
v -0.030770 0.022622 -0.001663
v -0.030883 0.018112 -0.002647
v -0.030727 0.017250 -0.001436
v -0.025900 0.018129 -0.002624
v -0.025900 0.017006 -0.000663
v -0.030600 0.017001 0.000325
v -0.025900 0.017290 0.001286
v -0.030889 0.018120 0.002670
v -0.025900 0.018196 0.002780
v -0.030770 0.017378 0.001663
v -0.030200 0.018951 0.002831
v -0.030794 0.019919 0.003136
v -0.030200 0.021003 0.002716
v -0.030883 0.021309 0.002983
v -0.030873 0.021268 -0.002960
v -0.030895 0.023342 -0.000096
v -0.030896 0.016657 0.000096
v -0.030869 0.018733 0.002959
v -0.025900 0.018975 0.002776
v -0.025900 0.021198 0.002927
v -0.025900 0.021025 -0.002776
v -0.025900 0.018802 -0.002927
v -0.019939 0.020821 0.000953
v -0.019582 0.020677 0.004238
v -0.015974 0.020709 0.012088
v -0.016004 0.020375 0.012667
v -0.017070 0.020376 0.011253
v -0.020379 0.020372 0.001194
v -0.020051 0.020377 0.004248
v -0.018291 0.020675 0.008256
v -0.012317 0.030400 0.009593
v -0.013339 0.030397 0.009181
v -0.013909 0.030419 0.007255
v 0.009726 0.030400 -0.012197
v 0.006769 0.030400 -0.014055
v 0.008449 0.030425 0.013309
v 0.012197 0.030400 0.009726
v 0.002801 0.030398 -0.018669
v -0.018669 0.030399 -0.002800
v 0.008819 0.030395 0.017835
v 0.007700 0.030400 0.017932
v 0.007128 0.030400 0.016806
v 0.006668 0.030404 0.015818
v 0.011181 0.030400 0.015301
v 0.010279 0.030392 0.013735
v 0.000000 0.030400 0.015600
v -0.002408 0.030399 0.017568
v 0.003471 0.030400 0.015209
v 0.007683 0.030427 0.013623
v 0.004490 0.030400 0.016572
v -0.010008 0.030400 0.015974
v -0.005501 0.030400 0.019419
v -0.012937 0.030399 0.013835
v -0.016430 0.030400 0.011033
v -0.012436 0.030323 0.016438
v -0.017627 0.030397 0.009968
v -0.019633 0.030394 -0.004840
v -0.009287 0.030400 -0.017770
v 0.004840 0.030394 -0.019633
v 0.013724 0.030403 -0.010374
v 0.012034 0.030400 -0.009952
v 0.012175 0.030400 -0.012082
v 0.016928 0.030400 -0.007255
v 0.015407 0.030395 -0.006753
v 0.015600 0.030400 -0.000000
v 0.013527 0.030417 -0.007894
v 0.015209 0.030400 -0.003471
v 0.019636 0.030400 -0.007444
v 0.017752 0.030400 -0.011183
v 0.017334 0.030400 -0.010339
v 0.015883 0.030396 -0.011211
v 0.016074 0.030400 -0.011855
v 0.016421 0.030394 0.002623
v 0.018229 0.030400 0.002626
v 0.021010 0.030400 -0.001662
v 0.019422 0.030394 0.003693
v 0.020268 0.030400 0.005778
v 0.019419 0.030400 0.005501
v 0.018353 0.030395 0.006695
v 0.018126 0.030400 0.010603
v 0.015086 0.030410 0.004345
v 0.014055 0.030400 0.006769
v 0.016107 0.030394 0.006513
v 0.017834 0.030394 -0.008819
v 0.010373 0.030400 0.018297
v 0.010855 0.030395 0.016869
v 0.014861 0.030400 0.014894
v 0.008891 0.030400 0.018625
v -0.006691 0.030400 0.016545
v -0.005625 0.030395 0.015350
v -0.009726 0.030400 0.012197
v -0.006769 0.030400 0.014055
v -0.003538 0.030422 0.015289
v -0.003692 0.030395 0.019423
v -0.006694 0.030394 0.018353
v -0.016554 0.030392 0.006966
v -0.015209 0.030400 0.003471
v -0.015600 0.030400 -0.000000
v -0.017621 0.030400 0.008158
v -0.014622 0.030394 0.011036
v -0.016420 0.030395 -0.002622
v -0.015197 0.030428 -0.003841
v -0.015351 0.030394 -0.005625
v -0.014055 0.030400 -0.006769
v -0.012256 0.030400 -0.009659
v -0.018354 0.030398 -0.006698
v -0.016545 0.030400 -0.006691
v -0.007720 0.030395 -0.017444
v -0.007237 0.030427 -0.013927
v -0.003471 0.030400 -0.015209
v -0.006819 0.030400 -0.015876
v 0.000000 0.030400 -0.015600
v -0.011036 0.030394 -0.014622
v -0.010854 0.030394 -0.016868
v 0.006695 0.030395 -0.018353
v 0.006513 0.030394 -0.016107
v 0.002623 0.030394 -0.016421
v 0.004345 0.030410 -0.015086
v -0.009353 0.030399 -0.012536
v -0.009181 0.030396 -0.013340
v -0.011180 0.030395 0.013271
v -0.009812 0.030395 0.014507
v -0.013321 0.030395 0.015640
v -0.011000 0.030395 0.016828
v -0.018940 0.020400 0.007845
v -0.004000 0.020400 0.020106
v -0.003981 0.020624 0.019644
v 0.000097 0.020379 0.020422
v 0.003993 0.020356 0.020039
v 0.003999 0.020400 -0.020106
v 0.003981 0.020624 -0.019644
v -0.000097 0.020379 -0.020422
v -0.004000 0.020400 -0.020106
v -0.003994 0.020611 -0.019645
v 0.014486 0.022370 -0.013859
v 0.015513 0.021729 -0.012661
v 0.016312 0.028400 -0.011624
v 0.015971 0.020721 -0.012084
v 0.014037 0.028400 -0.014307
v 0.010070 0.022400 -0.017382
v 0.011275 0.028400 -0.016579
v 0.005683 0.028400 -0.019257
v 0.005082 0.022240 -0.019382
v -0.005593 0.022388 -0.019262
v -0.003817 0.028400 -0.019658
v -0.004586 0.021814 -0.019493
v -0.007493 0.028400 -0.018570
v -0.010895 0.022400 -0.016802
v -0.016267 0.028400 -0.011689
v -0.015741 0.021462 -0.012377
v -0.014548 0.022359 -0.013800
v -0.012777 0.028400 -0.015533
v -0.019141 0.028400 -0.006228
v -0.020283 0.028400 0.000006
v 0.020047 0.020663 -0.000757
v 0.020229 0.028400 0.000000
v 0.019103 0.028400 -0.006302
v 0.019382 0.020675 -0.005120
v 0.018051 0.020675 -0.008720
v 0.000031 0.020670 -0.020080
v 0.000683 0.028400 -0.020034
v 0.022955 -0.003106 0.002230
v 0.023064 -0.003706 0.001026
v 0.025500 -0.003379 0.001627
v 0.022717 0.001292 -0.003603
v 0.025500 0.000834 -0.003656
v 0.023055 0.003529 -0.001527
v 0.025500 0.003379 -0.001627
v 0.023115 0.003830 0.000001
v 0.025500 0.003750 -0.000000
v 0.022878 0.002584 -0.002811
v 0.025500 0.002338 -0.002932
v 0.022639 0.000293 -0.003820
v 0.025500 -0.000834 -0.003656
v 0.025500 -0.002338 -0.002932
v 0.022818 -0.002397 -0.003000
v 0.022708 -0.001044 -0.003669
v 0.023000 -0.003284 -0.001964
v 0.025500 -0.003379 -0.001627
v 0.025500 -0.003750 -0.000000
v 0.023495 -0.003766 0.000076
v 0.023040 -0.003790 -0.000838
v 0.025500 -0.002338 0.002932
v 0.022708 -0.001040 0.003669
v 0.025500 -0.000834 0.003656
v 0.022824 -0.002202 0.003118
v 0.022672 0.000315 0.003804
v 0.025500 0.000834 0.003656
v 0.022837 0.002324 0.003032
v 0.025500 0.002338 0.002932
v 0.022738 0.001397 0.003541
v 0.022964 0.003175 0.002155
v 0.025500 0.003379 0.001627
v 0.023011 0.003650 0.001255
v -0.022955 -0.003106 -0.002230
v -0.023064 -0.003706 -0.001026
v -0.025500 -0.003379 -0.001627
v -0.022717 0.001292 0.003603
v -0.025500 0.000834 0.003656
v -0.023055 0.003529 0.001527
v -0.025500 0.003379 0.001627
v -0.023115 0.003830 -0.000001
v -0.025500 0.003750 -0.000000
v -0.022878 0.002584 0.002811
v -0.025500 0.002338 0.002932
v -0.022639 0.000293 0.003820
v -0.025500 -0.000834 0.003656
v -0.025500 -0.002338 0.002932
v -0.022818 -0.002397 0.003000
v -0.022708 -0.001044 0.003669
v -0.023000 -0.003284 0.001964
v -0.025500 -0.003379 0.001627
v -0.025500 -0.003750 -0.000000
v -0.023495 -0.003766 -0.000076
v -0.023040 -0.003790 0.000838
v -0.025500 -0.002338 -0.002932
v -0.022708 -0.001040 -0.003669
v -0.025500 -0.000834 -0.003656
v -0.022824 -0.002202 -0.003118
v -0.022672 0.000315 -0.003804
v -0.025500 0.000834 -0.003656
v -0.022837 0.002324 -0.003032
v -0.025500 0.002338 -0.002932
v -0.022738 0.001397 -0.003541
v -0.022964 0.003175 -0.002155
v -0.025500 0.003379 -0.001627
v -0.023011 0.003650 -0.001255
v 0.012297 0.005014 -0.016449
v 0.014842 0.004798 -0.014154
v 0.014594 0.012465 -0.014426
v 0.016008 0.020369 0.012849
v -0.012297 0.005014 0.016449
v -0.014842 0.004798 0.014154
v -0.014594 0.012465 0.014426
v -0.020474 -0.000321 0.000999
v -0.020237 -0.003887 0.003172
v -0.020484 0.000757 0.000790
v -0.020462 0.019547 0.001213
v -0.016850 0.003926 0.011690
v -0.017979 0.002747 0.009874
v -0.019277 -0.000087 0.006984
v -0.015891 0.013554 0.012951
v -0.011389 0.012400 0.017045
v -0.004270 0.013333 0.020052
v -0.003999 0.005000 0.020106
v -0.007845 0.005000 0.018940
v -0.005624 0.012407 0.019757
v 0.003999 0.005000 0.020106
v 0.000000 0.005000 0.020500
v -0.004000 0.014400 0.020106
v 0.004056 0.013832 0.020095
v 0.005084 0.012560 0.019875
v 0.007845 0.005000 0.018940
v 0.010350 0.012400 0.017770
v 0.012126 0.005019 0.016585
v 0.015859 0.013472 0.012998
v 0.016740 0.004003 0.011804
v 0.014538 0.012444 0.014479
v 0.014839 0.004798 0.014152
v 0.018176 0.002487 0.009555
v 0.018804 0.020377 0.008067
v 0.020083 0.020381 0.004007
v 0.020495 0.001024 0.000295
v 0.020466 -0.000065 0.001105
v 0.020102 -0.002919 0.004186
v 0.020518 -0.001101 -0.000067
v 0.020383 -0.004475 0.002278
v 0.020450 -0.004796 -0.001473
v 0.020501 -0.005005 0.000409
v 0.020474 -0.000321 -0.000999
v 0.020237 -0.003887 -0.003172
v 0.020485 0.000756 -0.000791
v 0.020080 0.020379 -0.004037
v 0.020418 0.020400 0.000315
v 0.016013 0.020373 -0.012806
v 0.016758 0.004001 -0.011816
v 0.018753 0.020378 -0.008151
v 0.017979 0.002747 -0.009874
v 0.019277 -0.000087 -0.006984
v 0.015891 0.013554 -0.012951
v 0.011389 0.012400 -0.017045
v 0.004270 0.013333 -0.020052
v 0.003999 0.005000 -0.020106
v 0.007845 0.005000 -0.018940
v 0.005624 0.012407 -0.019757
v -0.003999 0.005000 -0.020106
v 0.000000 0.005000 -0.020500
v 0.004000 0.014400 -0.020106
v -0.004000 0.014400 -0.020106
v -0.004352 0.013208 -0.020034
v -0.005429 0.012475 -0.019777
v -0.007845 0.005000 -0.018940
v -0.010350 0.012400 -0.017770
v -0.012126 0.005019 -0.016585
v -0.015859 0.013472 -0.012998
v -0.016740 0.004003 -0.011804
v -0.014538 0.012444 -0.014479
v -0.014839 0.004798 -0.014152
v -0.018176 0.002487 -0.009555
v -0.020102 -0.002919 -0.004185
v -0.020501 0.001023 -0.000299
v -0.020462 0.019562 -0.001242
v -0.020505 0.018657 0.000033
v -0.020466 -0.000065 -0.001105
v -0.020518 -0.001101 0.000067
v -0.020383 -0.004475 -0.002278
v -0.020450 -0.004796 0.001473
v -0.020501 -0.005005 -0.000409
v 0.020282 0.020445 -0.000116
v -0.011289 0.027900 0.016572
v -0.011188 0.028399 0.016584
v -0.014463 0.022374 0.013891
v -0.015243 0.028400 0.013060
v -0.015514 0.021729 0.012661
v -0.013075 0.028400 0.015150
v -0.013051 0.027900 0.015206
v -0.009846 0.022400 0.017493
v -0.003817 0.028400 0.019658
v -0.005082 0.022240 0.019382
v -0.007493 0.028400 0.018570
v 0.005593 0.022388 0.019262
v 0.003817 0.028400 0.019658
v 0.007493 0.028400 0.018570
v 0.010895 0.022400 0.016802
v 0.004586 0.021814 0.019493
v 0.004019 0.020720 0.019612
v 0.011341 0.028400 0.016527
v 0.015991 0.020686 0.012076
v 0.016313 0.028400 0.011621
v 0.015741 0.021462 0.012377
v 0.014557 0.022357 0.013786
v 0.014035 0.028400 0.014309
v -0.019505 0.028400 0.004535
v -0.018050 0.028400 0.008725
v 0.000070 0.020671 0.020078
v 0.000000 0.028400 0.020025
v 0.018051 0.020675 0.008720
v 0.019103 0.028400 0.006302
v 0.019382 0.020675 0.005120
v 0.020054 0.020665 0.000692
v -0.017800 0.028400 -0.005820
v 0.001746 0.028400 0.016153
v 0.013677 0.028400 0.009265
v 0.013752 0.028400 0.007428
v -0.016749 0.028400 0.009414
v -0.015811 0.028400 0.010212
v -0.009414 0.028400 -0.016749
v -0.010212 0.028400 -0.015811
v 0.004665 0.028400 0.014976
v 0.000000 0.028400 0.015600
v 0.015209 0.028400 -0.003471
v 0.014055 0.028400 -0.006769
v 0.015366 0.028400 -0.007788
v 0.011561 0.028401 -0.010563
v 0.010634 0.028400 -0.012513
v 0.012327 0.028400 -0.013116
v 0.007428 0.028400 -0.013752
v 0.010354 0.028400 -0.015973
v -0.009726 0.028400 -0.012197
v -0.012513 0.028400 -0.010634
v -0.013116 0.028400 -0.012327
v -0.012197 0.028400 -0.009726
v -0.014790 0.028400 0.008061
v -0.015745 0.028400 0.007810
v 0.019011 0.028400 -0.003718
v 0.017618 0.028400 -0.004085
v 0.016463 0.028400 -0.003507
v 0.016153 0.028400 -0.001746
v 0.017176 0.028400 -0.000733
v 0.018449 0.028400 -0.000656
v 0.019614 0.028400 -0.002025
v -0.009652 0.028400 0.015446
v -0.009173 0.028400 0.014402
v -0.008578 0.028400 0.013155
v -0.014055 0.028400 0.006769
v -0.014376 0.028400 0.009222
v -0.012197 0.028400 0.009726
v -0.009806 0.028400 0.012911
v -0.011385 0.028400 0.012543
v -0.014858 0.028400 0.009952
v -0.012521 0.028400 0.013604
v -0.015209 0.028400 0.003471
v -0.016153 0.028400 0.001746
v -0.015600 0.028400 0.000000
v -0.015973 0.028400 -0.010354
v -0.014950 0.028400 -0.009341
v -0.014055 0.028400 -0.006769
v -0.015209 0.028400 -0.003471
v -0.009222 0.028400 -0.014376
v -0.006769 0.028400 -0.014055
v 0.003471 0.028400 -0.015209
v -0.000000 0.028400 -0.015600
v -0.003471 0.028400 -0.015209
v -0.007788 0.028400 -0.015366
v 0.014858 0.028400 -0.009952
v 0.014376 0.028400 -0.009222
v 0.015600 0.028400 -0.000000
v 0.015209 0.028400 0.003471
v 0.009092 0.028400 0.012732
v 0.012197 0.028400 0.009726
v 0.009952 0.028400 0.014858
v 0.012513 0.028400 0.010634
v 0.007788 0.028400 0.015366
v 0.008201 0.028400 0.016527
v 0.008269 0.028400 0.014636
v -0.003471 0.028400 0.015209
v 0.003720 0.028400 -0.018185
v 0.003498 0.028400 -0.016973
v 0.004437 0.028400 -0.016174
v 0.005820 0.028400 -0.017800
v 0.005597 0.028400 -0.016588
v 0.004881 0.028400 -0.018599
v -0.009952 0.028400 -0.014858
v -0.008201 0.028400 -0.016527
v -0.008269 0.028400 -0.014636
v -0.016973 0.028400 -0.003498
v -0.016174 0.028400 -0.004437
v -0.016588 0.028400 -0.005597
v -0.018185 0.028400 -0.003720
v -0.018449 0.028400 0.000656
v -0.018599 0.028400 -0.004881
v -0.016527 0.028400 0.008201
v 0.010212 0.028400 0.015811
v 0.009414 0.028400 0.016749
v 0.009222 0.028400 0.014376
v 0.015811 0.028400 -0.010212
v 0.016749 0.028400 -0.009414
v 0.016527 0.028400 -0.008201
v 0.014636 0.028400 -0.008269
v 0.013116 0.028400 0.012327
v 0.014509 0.028400 0.012693
v 0.015649 0.028400 0.012122
v 0.015973 0.028400 0.010354
v 0.014950 0.028400 0.009341
v 0.004085 0.028400 0.017618
v 0.003718 0.028400 0.019011
v 0.002025 0.028400 0.019614
v 0.003507 0.028400 0.016463
v 0.000733 0.028400 0.017176
v 0.000656 0.028400 0.018449
v -0.000656 0.028400 -0.018449
v -0.013677 0.028400 -0.009265
v -0.003498 0.028400 0.016973
v -0.004437 0.028400 0.016174
v -0.005597 0.028400 0.016588
v -0.005820 0.028400 0.017800
v -0.004881 0.028400 0.018599
v -0.003720 0.028400 0.018185
v 0.018599 0.028400 0.004881
v 0.018185 0.028400 0.003720
v 0.016973 0.028400 0.003498
v 0.016174 0.028400 0.004437
v 0.016588 0.028400 0.005597
v 0.017800 0.028400 0.005820
v -0.002025 0.028400 -0.019614
v -0.003718 0.028400 -0.019011
v -0.004085 0.028400 -0.017618
v -0.003507 0.028400 -0.016463
v -0.001746 0.028400 -0.016153
v -0.000733 0.028400 -0.017176
v 0.009341 0.028400 -0.014950
v 0.012122 0.028400 -0.015649
v 0.009265 0.028400 -0.013677
v 0.012693 0.028400 -0.014509
v -0.019614 0.028400 0.002025
v -0.019011 0.028400 0.003718
v -0.017618 0.028400 0.004085
v -0.016463 0.028400 0.003507
v -0.017176 0.028400 0.000733
v -0.014509 0.028400 -0.012693
v -0.015649 0.028400 -0.012122
v -0.025500 -0.000789 0.002443
v -0.025500 0.001722 0.001905
v -0.025500 0.002500 -0.000000
v -0.025500 0.001905 -0.001722
v -0.025500 -0.000539 -0.002510
v -0.025500 -0.002165 -0.001250
v -0.025500 -0.002510 0.000539
v -0.029100 0.002500 -0.000000
v -0.029100 0.002165 -0.001250
v -0.029100 0.001250 -0.002165
v -0.029100 -0.000000 -0.002500
v -0.029305 -0.001253 -0.002039
v -0.029100 -0.002165 -0.001250
v -0.029100 -0.002500 -0.000000
v -0.029100 -0.002165 0.001250
v -0.029100 -0.001250 0.002165
v -0.029100 -0.000000 0.002500
v -0.029100 0.001250 0.002165
v -0.029305 0.002105 0.001140
v -0.029334 -0.000304 0.001127
v -0.029405 0.000692 0.002145
v -0.029332 0.000866 0.000734
v -0.029397 0.001243 -0.000401
v -0.029405 0.002145 -0.000692
v -0.029312 0.000531 -0.000958
v -0.029405 0.000473 -0.002204
v -0.029397 -0.000401 -0.001243
v -0.029307 -0.000928 -0.000565
v -0.029405 -0.002204 -0.000473
v -0.029397 -0.001243 0.000401
v -0.029405 -0.001512 0.001672
v 0.025500 -0.000789 -0.002443
v 0.025500 0.001722 -0.001905
v 0.025500 0.002500 -0.000000
v 0.025500 0.001905 0.001722
v 0.025500 -0.000539 0.002510
v 0.025500 -0.002165 0.001250
v 0.025500 -0.002510 -0.000539
v 0.029100 -0.002500 -0.000000
v 0.029100 -0.002165 -0.001250
v 0.029100 -0.001250 -0.002165
v 0.029100 -0.000000 -0.002500
v 0.029100 0.001250 -0.002165
v 0.029305 0.002105 -0.001140
v 0.029100 0.002500 -0.000000
v 0.029100 0.002165 0.001250
v 0.029100 0.001250 0.002165
v 0.029100 -0.000000 0.002500
v 0.029305 -0.001253 0.002039
v 0.029100 -0.002165 0.001250
v 0.029397 -0.000274 -0.001279
v 0.029405 -0.001512 -0.001672
v 0.029405 0.000692 -0.002145
v 0.029397 0.000970 -0.000877
v 0.029397 0.001245 0.000402
v 0.029405 0.002145 0.000692
v 0.029321 0.000546 0.000994
v 0.029405 0.000473 0.002204
v 0.029397 -0.000402 0.001245
v 0.029314 -0.000954 0.000591
v 0.029405 -0.002204 0.000473
v 0.029397 -0.001245 -0.000402
v -0.020275 0.021272 -0.000038
v 0.028948 -0.000235 0.001021
v 0.028936 -0.001012 -0.000246
v 0.028967 -0.000512 -0.000888
v 0.028948 0.000235 -0.001021
v 0.028967 0.000888 -0.000513
v 0.028936 0.001012 0.000246
v -0.029140 -0.000238 -0.001021
v -0.029133 -0.001012 0.000250
v -0.029140 0.000238 0.001021
v -0.029133 0.001012 -0.000250
v 0.004521 0.029387 -0.016163
v 0.005649 0.029387 -0.016655
v 0.005787 0.029387 -0.017879
v 0.004797 0.029387 -0.018610
v 0.003669 0.029387 -0.018118
v 0.003530 0.029387 -0.016895
v -0.009138 0.029387 -0.014365
v -0.008269 0.029400 -0.014636
v -0.007777 0.029387 -0.015450
v -0.008269 0.029387 -0.016579
v -0.009157 0.029400 -0.016778
v -0.009990 0.029387 -0.016320
v -0.010128 0.029387 -0.015097
v -0.016895 0.029387 -0.003530
v -0.016163 0.029387 -0.004521
v -0.016655 0.029387 -0.005649
v -0.017879 0.029387 -0.005787
v -0.018610 0.029387 -0.004797
v -0.018118 0.029387 -0.003669
v -0.015097 0.029387 0.010128
v -0.014365 0.029387 0.009138
v -0.014636 0.029400 0.008269
v -0.015450 0.029387 0.007777
v -0.016579 0.029387 0.008269
v -0.016778 0.029400 0.009157
v -0.016320 0.029387 0.009990
v -0.004797 0.029387 0.018610
v -0.003669 0.029387 0.018118
v -0.003530 0.029387 0.016895
v -0.004521 0.029387 0.016163
v -0.005649 0.029387 0.016655
v -0.005787 0.029387 0.017879
v 0.009157 0.029400 0.016778
v 0.009990 0.029387 0.016320
v 0.010128 0.029387 0.015097
v 0.009138 0.029387 0.014365
v 0.008010 0.029387 0.014857
v 0.007810 0.029400 0.015745
v 0.008282 0.029392 0.016587
v 0.017879 0.029387 0.005787
v 0.018610 0.029387 0.004797
v 0.018118 0.029387 0.003669
v 0.016895 0.029387 0.003530
v 0.016163 0.029387 0.004521
v 0.016655 0.029387 0.005649
v 0.015450 0.029387 -0.007777
v 0.016579 0.029387 -0.008269
v 0.016778 0.029400 -0.009157
v 0.016320 0.029387 -0.009990
v 0.015432 0.029400 -0.010190
v 0.014586 0.029400 -0.009714
v 0.014460 0.029387 -0.008508
v 0.014425 0.029400 0.009166
v 0.015904 0.029400 0.010187
v 0.015760 0.029400 0.011979
v 0.014509 0.029400 0.012693
v 0.013260 0.029400 0.012437
v 0.012545 0.029400 0.011186
v 0.012801 0.029400 0.009937
v 0.017618 0.029400 -0.004085
v 0.018867 0.029400 -0.003829
v 0.019637 0.029400 -0.002205
v 0.018617 0.029400 -0.000726
v 0.016825 0.029400 -0.000870
v 0.016111 0.029400 -0.002121
v 0.016370 0.029400 -0.003386
v -0.018617 0.029400 0.000726
v -0.016825 0.029400 0.000870
v -0.016111 0.029400 0.002121
v -0.016370 0.029400 0.003386
v -0.017618 0.029400 0.004085
v -0.018867 0.029400 0.003829
v -0.019637 0.029400 0.002205
v 0.002121 0.029400 0.016111
v 0.003386 0.029400 0.016370
v 0.004085 0.029400 0.017618
v 0.003829 0.029400 0.018867
v 0.002205 0.029400 0.019637
v 0.000726 0.029400 0.018617
v 0.000870 0.029400 0.016825
v -0.012606 0.029399 0.013874
v -0.011538 0.029400 0.012588
v -0.010245 0.029400 0.012682
v -0.009380 0.029400 0.013437
v -0.009346 0.029400 0.015058
v -0.010424 0.029400 0.014041
v -0.010131 0.029397 0.015686
v -0.011566 0.029400 0.013574
v -0.014509 0.029400 -0.012693
v -0.013260 0.029400 -0.012437
v -0.012545 0.029400 -0.011186
v -0.012801 0.029400 -0.009937
v -0.014425 0.029400 -0.009166
v -0.015904 0.029400 -0.010187
v -0.015760 0.029400 -0.011979
v -0.002205 0.029400 -0.019637
v -0.000726 0.029400 -0.018617
v -0.000870 0.029400 -0.016825
v -0.002121 0.029400 -0.016111
v -0.003386 0.029400 -0.016370
v -0.004085 0.029400 -0.017618
v -0.003829 0.029400 -0.018867
v 0.010187 0.029400 -0.015904
v 0.011979 0.029400 -0.015760
v 0.012693 0.029400 -0.014509
v 0.012437 0.029400 -0.013260
v 0.011186 0.029400 -0.012545
v 0.009937 0.029400 -0.012801
v 0.009166 0.029400 -0.014425
v -0.022656 0.004308 -0.000089
v -0.022308 -0.001982 -0.003735
v -0.022558 -0.003843 -0.001878
v -0.022641 -0.004270 0.000610
v -0.022430 -0.002990 0.003023
v 0.022656 0.004308 0.000089
v 0.022308 -0.001982 0.003735
v 0.022558 -0.003843 0.001878
v 0.022641 -0.004270 -0.000610
v 0.022430 -0.002990 -0.003023
v 0.013677 0.035199 -0.010418
v 0.015605 0.035102 -0.011681
v 0.017678 0.035089 -0.011254
v 0.019803 0.035302 -0.007299
v 0.020645 0.035100 -0.003843
v 0.021000 0.035100 -0.000119
v 0.020688 0.035100 0.003607
v 0.019720 0.035100 0.007220
v 0.018126 0.035100 0.010603
v 0.015958 0.035100 0.013650
v 0.013310 0.035291 0.016349
v 0.009708 0.035096 0.018578
v 0.006648 0.035168 0.015856
v 0.007667 0.035104 0.017920
v 0.004536 0.035201 0.016572
v 0.015587 0.035119 -0.016125
v 0.012198 0.035166 -0.012105
v 0.015850 0.035395 -0.012122
v 0.015602 0.035400 -0.015793
v 0.007502 0.035399 0.018174
v 0.005615 0.035400 0.021478
v 0.008470 0.035276 0.018569
v 0.009864 0.035398 0.018851
v 0.013978 0.035400 0.017347
v 0.017611 0.035399 0.012115
v 0.019105 0.035401 0.011460
v 0.020733 0.035399 0.005204
v 0.017847 0.035398 -0.011509
v 0.020899 0.035401 -0.007671
v 0.021245 0.035399 -0.002362
v 0.022279 0.035401 -0.000348
v 0.016672 0.035100 -0.011743
v -0.011082 0.030092 0.016542
v -0.010073 0.030084 0.015445
v -0.010499 0.030084 0.013966
v -0.011970 0.030086 0.013591
v -0.013044 0.030096 0.014631
v -0.012866 0.030100 0.015824
v -0.012627 0.027900 0.016165
v -0.022042 0.017418 0.006291
v -0.021898 0.018900 0.006727
v -0.030900 0.018343 0.006543
v -0.022102 0.023035 -0.006115
v -0.030900 0.022711 -0.006181
v -0.021878 0.020868 -0.006767
v -0.030900 0.020557 -0.006727
v -0.023042 0.013354 -0.001619
v -0.030900 0.013271 -0.001148
v -0.023123 0.013183 0.000167
v -0.022879 0.013887 -0.002990
v -0.030900 0.014673 -0.004146
v -0.022209 0.016405 -0.005802
v -0.030900 0.016308 -0.005651
v -0.022608 0.014724 -0.004340
v -0.030900 0.018343 -0.006543
v -0.021918 0.018536 -0.006663
v -0.022862 0.026144 -0.003016
v -0.030900 0.024572 -0.004966
v -0.030900 0.025936 -0.003213
v -0.022481 0.024834 -0.004831
v -0.030900 0.026658 -0.001111
v -0.023067 0.026720 -0.001199
v -0.030900 0.026443 0.002244
v -0.023106 0.026818 0.000540
v -0.022927 0.026307 0.002639
v -0.022709 0.025562 0.003916
v -0.030900 0.024572 0.004966
v -0.022040 0.022583 0.006316
v -0.030900 0.022711 0.006181
v -0.022408 0.024508 0.005129
v -0.030900 0.020557 0.006727
v -0.021879 0.020768 0.006760
v -0.022680 0.014445 0.003990
v -0.030900 0.016308 0.005651
v -0.030900 0.014673 0.004146
v -0.022280 0.016019 0.005550
v -0.030900 0.013616 0.002192
v -0.023002 0.013438 0.001962
v -0.025772 0.020885 -0.000987
v -0.025897 0.021528 0.000328
v -0.025886 0.018656 0.000911
v -0.025896 0.020480 0.001486
v -0.025896 0.020328 -0.001527
v -0.025825 0.018965 -0.000906
v -0.025611 0.019673 -0.001237
v -0.025612 0.018765 0.000347
v -0.025617 0.019665 0.001241
v -0.025610 0.020931 0.000882
v -0.025610 0.021237 -0.000319
v -0.022628 0.012756 0.000705
v -0.022601 0.027140 0.001338
v -0.022619 0.027209 -0.000972
v -0.022562 0.012988 -0.001958
v -0.008960 -0.003590 0.017890
v -0.005658 -0.005383 0.019184
v -0.004613 -0.003402 0.019369
v -0.005938 -0.006310 0.019092
v -0.005225 -0.006973 0.019311
v -0.005467 -0.008818 0.019198
v 0.005224 -0.006967 -0.019308
v 0.004839 -0.008831 -0.019360
v 0.001433 -0.003587 -0.019949
v 0.004599 -0.005471 -0.019458
v 0.004390 -0.006335 -0.019510
v 0.001001 -0.008803 -0.019947
v 0.004613 -0.003402 -0.019369
v -0.009361 -0.008808 0.017622
v -0.012208 -0.003602 0.015865
v -0.012609 -0.008808 0.015466
v -0.014975 -0.003602 0.013287
v -0.015332 -0.008808 0.012773
v -0.017208 -0.003602 0.010234
v -0.017479 -0.008856 0.009586
v -0.018827 -0.003602 0.006815
v -0.019004 -0.008808 0.006091
v -0.019773 -0.003602 0.003152
v -0.019819 -0.008808 0.002348
v -0.020014 -0.003602 -0.000624
v -0.019903 -0.008808 -0.001480
v -0.019352 -0.003603 -0.005286
v -0.019254 -0.008808 -0.005255
v -0.017897 -0.008808 -0.008836
v -0.017516 -0.003600 -0.009700
v -0.015880 -0.008808 -0.012092
v -0.015372 -0.003601 -0.012828
v -0.013279 -0.008808 -0.014902
v -0.012679 -0.003601 -0.015496
v -0.010180 -0.008855 -0.017146
v -0.009531 -0.003601 -0.017607
v -0.006723 -0.008808 -0.018795
v -0.006043 -0.003602 -0.019086
v -0.003011 -0.008808 -0.019734
v -0.002318 -0.003600 -0.019885
v -0.004598 -0.005472 0.019459
v -0.001679 -0.003593 0.019931
v -0.004391 -0.006335 0.019512
v -0.001656 -0.008821 0.019891
v 0.008519 -0.008822 -0.018048
v 0.006012 -0.006045 -0.019075
v 0.007927 -0.003399 -0.018260
v 0.005421 -0.005311 -0.019254
v 0.001976 -0.003602 0.019911
v 0.002231 -0.008828 0.019819
v 0.005612 -0.003602 0.019205
v 0.005857 -0.008869 0.019046
v 0.009055 -0.003602 0.017841
v 0.009234 -0.008809 0.017687
v 0.012188 -0.003602 0.015866
v 0.012333 -0.008828 0.015674
v 0.014904 -0.003602 0.013347
v 0.015003 -0.008828 0.013140
v 0.017108 -0.003602 0.010371
v 0.017163 -0.008828 0.010158
v 0.018730 -0.003602 0.007031
v 0.018693 -0.008834 0.006920
v 0.019624 -0.008835 0.003486
v 0.019930 -0.008835 -0.000175
v 0.019558 -0.008835 -0.003835
v 0.018520 -0.008835 -0.007365
v 0.016851 -0.008835 -0.010643
v 0.014618 -0.008872 -0.013520
v 0.014041 -0.003400 -0.014096
v 0.011867 -0.008835 -0.016013
v 0.011202 -0.003400 -0.016443
v 0.015724 0.013453 0.012237
v 0.013220 0.013465 0.014915
v 0.010255 0.013465 0.017090
v 0.006960 0.013484 0.018687
v 0.003388 0.013465 0.019641
v -0.000278 0.013465 0.019929
v -0.003935 0.013465 0.019538
v -0.007459 0.013465 0.018483
v -0.010728 0.013465 0.016797
v -0.013632 0.013465 0.014540
v -0.016071 0.013465 0.011788
v -0.017964 0.013465 0.008634
v -0.019249 0.013484 0.005206
v -0.019870 0.013465 0.001562
v -0.019818 0.013465 -0.002116
v -0.019092 0.013465 -0.005721
v -0.017716 0.013465 -0.009132
v -0.015724 0.013453 -0.012237
v 0.003286 0.013400 0.016047
v -0.003525 0.013400 0.015996
v -0.009726 0.013400 0.013180
v -0.014246 0.013400 0.008084
v -0.016027 0.013400 0.002970
v 0.009529 0.013400 0.013323
v -0.006075 0.013400 -0.015207
v -0.010255 0.013465 -0.017090
v -0.013220 0.013465 -0.014915
v -0.010081 0.013400 -0.012808
v 0.013207 0.013400 0.009584
v 0.017716 0.013465 0.009132
v 0.014981 0.013400 0.006423
v 0.019092 0.013465 0.005721
v 0.016321 0.013400 0.001340
v -0.016277 0.013400 -0.001833
v -0.014712 0.013400 -0.007017
v -0.012759 0.013400 -0.010173
v -0.006960 0.013484 -0.018687
v -0.003388 0.013465 -0.019641
v 0.000434 0.013400 -0.016370
v 0.000278 0.013465 -0.019929
v 0.003935 0.013465 -0.019538
v 0.006872 0.013400 -0.014864
v 0.007459 0.013465 -0.018483
v 0.010728 0.013465 -0.016797
v 0.012190 0.013400 -0.010935
v 0.013632 0.013465 -0.014540
v 0.016071 0.013465 -0.011788
v 0.015520 0.013400 -0.005223
v 0.017964 0.013465 -0.008634
v 0.019244 0.013465 -0.005186
v 0.019870 0.013465 -0.001562
v 0.019830 0.013484 0.002099
v 0.015896 0.019413 0.011878
v 0.013440 0.019396 0.014637
v 0.010502 0.019394 0.016872
v 0.007199 0.019392 0.018527
v 0.003644 0.019390 0.019543
v -0.000041 0.019387 0.019882
v -0.003729 0.019385 0.019533
v -0.007290 0.019383 0.018505
v -0.010602 0.019381 0.016832
v -0.013449 0.019335 0.014710
v -0.015724 0.019407 0.012126
v -0.017686 0.019407 0.009026
v -0.019043 0.019408 0.005620
v -0.019751 0.019409 0.002023
v -0.019786 0.019409 -0.001642
v -0.019147 0.019409 -0.005251
v -0.017856 0.019409 -0.008681
v -0.015917 0.019417 -0.011838
v 0.013128 0.012100 0.009691
v 0.009023 0.012100 0.013671
v 0.002683 0.012100 0.016159
v -0.004122 0.012100 0.015853
v -0.010213 0.012100 0.012806
v -0.013433 0.012100 0.009232
v -0.015790 0.012100 0.004357
v -0.016197 0.012100 -0.002442
v -0.014712 0.012100 -0.007017
v -0.012675 0.012100 -0.010277
v 0.014981 0.012100 0.006423
v 0.016261 0.012100 0.001932
v 0.015700 0.012100 -0.004656
v 0.013347 0.012100 -0.009356
v 0.010203 0.012100 -0.012808
v 0.004306 0.012100 -0.015799
v -0.002292 0.012100 -0.016214
v -0.008517 0.012100 -0.013986
v -0.013499 0.019405 -0.014567
v -0.010592 0.019405 -0.016799
v -0.007325 0.019405 -0.018459
v -0.003808 0.019405 -0.019491
v -0.000162 0.019405 -0.019859
v 0.003490 0.019405 -0.019550
v 0.007023 0.019405 -0.018576
v 0.010316 0.019405 -0.016970
v 0.013259 0.019405 -0.014785
v 0.015750 0.019405 -0.012097
v 0.017705 0.019405 -0.008997
v 0.019056 0.019405 -0.005591
v 0.019759 0.019405 -0.001994
v 0.019789 0.019405 0.001671
v 0.019145 0.019405 0.005279
v 0.017849 0.019405 0.008707
v -0.018217 0.012046 -0.008189
v -0.015816 0.012043 -0.012136
v -0.019915 0.011989 -0.001615
v -0.019777 0.012044 0.002817
v -0.017371 0.012044 0.009864
v -0.012336 0.011988 0.015777
v -0.008697 0.012038 0.017990
v -0.001493 0.012034 0.019925
v -0.009879 0.011996 -0.017362
v -0.013031 0.011997 -0.015144
v 0.018217 0.012046 0.008189
v 0.015816 0.012043 0.012136
v 0.019915 0.011989 0.001615
v 0.019777 0.012044 -0.002817
v 0.017371 0.012044 -0.009864
v 0.012336 0.011988 -0.015777
v 0.008697 0.012038 -0.017990
v 0.001490 0.012040 -0.019922
v -0.005903 0.012035 -0.019084
v 0.005905 0.012041 0.019079
v 0.009879 0.011996 0.017362
v 0.013031 0.011997 0.015144
v 0.019338 0.011900 0.005177
v 0.019107 0.011900 -0.005983
v 0.015566 0.011900 -0.012594
v 0.004762 0.011887 -0.019457
v -0.002776 0.011891 -0.019834
v -0.019338 0.011900 -0.005177
v -0.019107 0.011900 0.005983
v -0.015566 0.011900 0.012594
v -0.004762 0.011887 0.019457
v 0.002776 0.011891 0.019834
v -0.000309 0.019335 0.019019
v -0.003676 0.019376 0.018774
v -0.003355 0.016400 0.018718
v -0.006408 0.016400 0.017912
v -0.006243 0.019370 0.018064
v -0.004950 0.016400 0.019105
v -0.005022 0.019400 0.019034
v -0.009167 0.019314 0.016677
v -0.009635 0.019327 0.015116
v -0.009604 0.019336 0.015978
v -0.008810 0.019319 0.013754
v -0.011002 0.019321 0.012072
v -0.012094 0.019324 0.013205
v -0.013724 0.019336 0.013192
v -0.012845 0.019317 0.013402
v -0.015874 0.019376 0.010676
v -0.015608 0.016400 0.010863
v -0.017196 0.016400 0.008135
v -0.017188 0.019370 0.008358
v -0.017009 0.016400 0.010009
v -0.017011 0.019400 0.009908
v -0.018281 0.019313 0.005221
v -0.017664 0.019192 0.004028
v -0.017822 0.019398 0.003889
v -0.015955 0.019331 0.003492
v -0.016315 0.019324 0.000757
v -0.017903 0.019316 0.000781
v -0.019031 0.019334 -0.000383
v -0.018621 0.019317 0.000333
v -0.018773 0.019375 -0.003676
v -0.018714 0.016400 -0.003406
v -0.019011 0.016400 -0.005206
v -0.019055 0.019400 -0.005053
v -0.017911 0.016400 -0.006420
v -0.018052 0.019355 -0.006250
v -0.016798 0.019319 -0.009009
v -0.015189 0.019339 -0.009661
v -0.016114 0.019318 -0.009544
v -0.013754 0.019320 -0.008808
v -0.012072 0.019324 -0.011001
v -0.013262 0.019326 -0.012178
v -0.013006 0.019308 -0.013938
v -0.013385 0.019337 -0.013181
v -0.010670 0.019377 -0.015880
v -0.010820 0.016400 -0.015645
v -0.008142 0.016400 -0.017192
v -0.008356 0.019365 -0.017185
v -0.009812 0.016400 -0.017098
v -0.009949 0.019400 -0.017015
v -0.005297 0.019326 -0.018283
v -0.003874 0.019314 -0.017478
v -0.004415 0.019317 -0.018025
v -0.003497 0.019320 -0.015954
v -0.000757 0.019324 -0.016315
v -0.000695 0.019194 -0.018069
v -0.000898 0.019398 -0.018105
v 0.000310 0.019327 -0.019016
v 0.003680 0.019379 -0.018775
v 0.003355 0.016400 -0.018718
v 0.006408 0.016400 -0.017912
v 0.006247 0.019365 -0.018060
v 0.004950 0.016400 -0.019105
v 0.005022 0.019400 -0.019034
v 0.009169 0.019325 -0.016683
v 0.009629 0.019316 -0.015117
v 0.009604 0.019336 -0.015978
v 0.008810 0.019319 -0.013754
v 0.011002 0.019321 -0.012072
v 0.012094 0.019324 -0.013205
v 0.013724 0.019336 -0.013192
v 0.012845 0.019317 -0.013402
v 0.015874 0.019376 -0.010676
v 0.015608 0.016400 -0.010863
v 0.017196 0.016400 -0.008135
v 0.017188 0.019365 -0.008353
v 0.017009 0.016400 -0.010009
v 0.017011 0.019400 -0.009908
v 0.018288 0.019325 -0.005220
v 0.017664 0.019192 -0.004028
v 0.017822 0.019398 -0.003889
v 0.015955 0.019331 -0.003492
v 0.016315 0.019324 -0.000757
v 0.017903 0.019316 -0.000781
v 0.019031 0.019334 0.000383
v 0.018621 0.019317 -0.000333
v 0.018773 0.019375 0.003676
v 0.018714 0.016400 0.003406
v 0.019011 0.016400 0.005206
v 0.019055 0.019400 0.005053
v 0.017923 0.016400 0.006390
v 0.018044 0.019359 0.006257
v 0.016798 0.019319 0.009009
v 0.015189 0.019339 0.009661
v 0.016114 0.019318 0.009544
v 0.013754 0.019320 0.008808
v 0.012072 0.019324 0.011001
v 0.013262 0.019326 0.012178
v 0.013006 0.019308 0.013938
v 0.013385 0.019337 0.013181
v 0.010670 0.019377 0.015880
v 0.010820 0.016400 0.015645
v 0.008142 0.016400 0.017192
v 0.008356 0.019365 0.017185
v 0.009812 0.016400 0.017098
v 0.009949 0.019400 0.017015
v 0.005298 0.019315 0.018277
v 0.003868 0.019325 0.017478
v 0.004404 0.019336 0.018030
v 0.003497 0.019320 0.015954
v 0.000757 0.019324 0.016315
v 0.000695 0.019194 0.018069
v 0.000898 0.019398 0.018105
v -0.015833 0.011065 -0.012149
v -0.012681 0.011064 -0.015375
v -0.009609 0.011069 -0.017471
v -0.006099 0.011068 -0.018982
v -0.002365 0.011068 -0.019797
v 0.001456 0.011067 -0.019884
v 0.005224 0.011067 -0.019240
v 0.008800 0.011067 -0.017889
v 0.012099 0.011089 -0.015865
v 0.014927 0.011067 -0.013217
v 0.017170 0.011067 -0.010134
v 0.018786 0.011067 -0.006679
v 0.019714 0.011067 -0.002980
v 0.019921 0.011067 0.000828
v 0.019399 0.011068 0.004607
v 0.018167 0.011068 0.008217
v 0.015833 0.011065 0.012149
v 0.012681 0.011064 0.015375
v 0.009609 0.011069 0.017471
v 0.006099 0.011068 0.018982
v 0.002365 0.011068 0.019797
v -0.001456 0.011067 0.019884
v -0.005224 0.011067 0.019240
v -0.008800 0.011067 0.017889
v -0.012099 0.011089 0.015865
v -0.014927 0.011067 0.013217
v -0.017170 0.011067 0.010134
v -0.018786 0.011067 0.006679
v -0.019714 0.011067 0.002980
v -0.019921 0.011067 -0.000828
v -0.019399 0.011068 -0.004607
v -0.018167 0.011068 -0.008217
v -0.009081 0.014400 0.016677
v -0.004983 0.014400 0.018372
v -0.000437 0.014399 0.018984
v -0.009675 0.014400 0.015409
v -0.008760 0.014400 0.013794
v -0.013795 0.014400 -0.008752
v -0.018372 0.014400 -0.004983
v -0.015765 0.014400 -0.004548
v -0.016322 0.014400 0.000688
v -0.018224 0.014400 0.000640
v -0.018989 0.014399 -0.000496
v -0.015151 0.014400 -0.009578
v -0.016536 0.014400 -0.009296
v -0.015943 0.014400 0.003566
v -0.012372 0.014400 0.013301
v -0.011053 0.014400 0.012032
v -0.014363 0.014400 0.007932
v -0.016515 0.014400 0.009468
v -0.013740 0.014399 0.013116
v -0.017600 0.014400 0.003983
v -0.018239 0.014400 0.005253
v 0.000688 0.014400 0.016322
v -0.004548 0.014400 0.015765
v 0.000671 0.014400 0.018133
v 0.012028 0.014400 0.011055
v 0.007978 0.014400 0.014346
v 0.003566 0.014400 0.015943
v 0.013197 0.014399 0.013644
v 0.013220 0.014400 0.012249
v 0.009468 0.014400 0.016515
v 0.004020 0.014400 0.017667
v 0.005320 0.014400 0.018228
v 0.013795 0.014400 0.008752
v 0.018372 0.014400 0.004983
v 0.015765 0.014400 0.004548
v 0.016322 0.014400 -0.000688
v 0.018224 0.014400 -0.000640
v 0.018989 0.014399 0.000496
v 0.015151 0.014400 0.009578
v 0.016536 0.014400 0.009296
v 0.015943 0.014400 -0.003566
v 0.012372 0.014400 -0.013301
v 0.011053 0.014400 -0.012032
v 0.014363 0.014400 -0.007932
v 0.016515 0.014400 -0.009468
v 0.013740 0.014399 -0.013116
v 0.017600 0.014400 -0.003983
v 0.018239 0.014400 -0.005253
v 0.008760 0.014400 -0.013794
v -0.000688 0.014400 -0.016322
v 0.004548 0.014400 -0.015765
v 0.000437 0.014399 -0.018984
v -0.000671 0.014400 -0.018133
v 0.009675 0.014400 -0.015409
v 0.004983 0.014400 -0.018372
v 0.009081 0.014400 -0.016677
v -0.012028 0.014400 -0.011055
v -0.009058 0.014400 -0.013643
v -0.013220 0.014400 -0.012249
v -0.003587 0.014400 -0.016024
v -0.004020 0.014400 -0.017667
v -0.013197 0.014399 -0.013644
v -0.009468 0.014400 -0.016515
v -0.005320 0.014400 -0.018228
v -0.009731 0.011000 0.013171
v -0.013347 0.011000 0.009356
v -0.015520 0.011000 0.005223
v -0.016321 0.011000 -0.001340
v -0.014981 0.011000 -0.006423
v -0.012908 0.011003 -0.010014
v -0.008756 0.011000 -0.013806
v -0.004194 0.011000 -0.015751
v 0.000434 0.011000 -0.016370
v 0.005583 0.011000 -0.015314
v 0.009731 0.011000 -0.013171
v 0.013347 0.011000 -0.009356
v 0.015520 0.011000 -0.005223
v 0.016321 0.011000 0.001340
v 0.014981 0.011000 0.006423
v 0.012912 0.011003 0.010010
v 0.008756 0.011000 0.013806
v 0.004194 0.011000 0.015751
v -0.000434 0.011000 0.016370
v -0.005583 0.011000 0.015314
v 0.012382 0.008908 0.010601
v 0.013016 0.007496 0.009876
v -0.014981 0.008600 -0.006423
v -0.014171 0.008707 -0.008062
v -0.013018 0.007496 -0.009870
v -0.013443 0.009506 -0.009219
v -0.014198 0.009635 -0.008047
v -0.015602 0.007500 -0.004884
v -0.016321 0.008600 -0.001340
v -0.016316 0.007500 0.001390
v -0.015520 0.008600 0.005223
v -0.014437 0.007500 0.007729
v -0.012190 0.008600 0.010935
v -0.010203 0.007500 0.012808
v -0.006872 0.008600 0.014864
v -0.004306 0.007500 0.015799
v -0.000434 0.008600 0.016370
v 0.002292 0.007500 0.016214
v 0.006075 0.008600 0.015207
v 0.007288 0.007500 0.014580
v 0.010081 0.007500 0.012808
v 0.011455 0.009593 0.011601
v 0.008641 0.009702 0.013930
v 0.011448 0.008665 0.011631
v -0.016261 0.009700 -0.001932
v -0.015700 0.009700 0.004656
v -0.013347 0.009700 0.009356
v -0.010203 0.009700 0.012808
v -0.004306 0.009700 0.015799
v 0.002292 0.009700 0.016214
v -0.013119 0.008366 -0.009679
v -0.012744 0.010034 -0.010167
v 0.012745 0.010035 0.010166
v 0.013118 0.008364 0.009680
v 0.013444 0.009492 0.009216
v 0.014981 0.008600 0.006423
v 0.014171 0.008707 0.008062
v 0.014198 0.009635 0.008047
v 0.015602 0.007500 0.004884
v 0.016321 0.008600 0.001340
v 0.016316 0.007500 -0.001390
v 0.015520 0.008600 -0.005223
v 0.014437 0.007500 -0.007729
v 0.012190 0.008600 -0.010935
v 0.010203 0.007500 -0.012808
v 0.006872 0.008600 -0.014864
v 0.004306 0.007500 -0.015799
v 0.000434 0.008600 -0.016370
v -0.002292 0.007500 -0.016214
v -0.006075 0.008600 -0.015207
v -0.007288 0.007500 -0.014580
v -0.010081 0.007500 -0.012808
v -0.011455 0.009593 -0.011601
v -0.008641 0.009702 -0.013930
v -0.012384 0.008894 -0.010599
v -0.011448 0.008665 -0.011631
v 0.016261 0.009700 0.001932
v 0.015700 0.009700 -0.004656
v 0.013347 0.009700 -0.009356
v 0.010203 0.009700 -0.012808
v 0.004306 0.009700 -0.015799
v -0.002292 0.009700 -0.016214
v -0.019915 0.007389 -0.001615
v -0.019777 0.007444 0.002817
v -0.005903 0.007435 -0.019084
v -0.009879 0.007396 -0.017362
v -0.013031 0.007397 -0.015144
v -0.015813 0.007452 -0.012134
v 0.019906 0.007408 0.001622
v 0.019777 0.007444 -0.002817
v 0.017371 0.007444 -0.009864
v 0.012336 0.007388 -0.015777
v 0.008697 0.007438 -0.017990
v 0.001490 0.007440 -0.019922
v 0.015813 0.007452 0.012134
v 0.017928 0.007409 0.008787
v 0.019262 0.007389 0.005305
v -0.017371 0.007444 0.009864
v -0.012336 0.007388 0.015777
v -0.008697 0.007438 0.017990
v -0.001490 0.007440 0.019922
v -0.018217 0.007446 -0.008189
v 0.005903 0.007435 0.019084
v 0.009879 0.007396 0.017362
v 0.013031 0.007397 0.015144
v 0.012360 0.009574 0.008483
v 0.012286 0.008675 0.008590
v 0.011884 0.008353 0.009139
v 0.011393 0.008826 0.009744
v 0.011477 0.009725 0.009644
v 0.011903 0.010047 0.009114
v -0.011389 0.008827 -0.009750
v -0.011474 0.009720 -0.009647
v -0.011898 0.010047 -0.009120
v -0.012365 0.009573 -0.008478
v -0.012288 0.008680 -0.008586
v -0.011889 0.008353 -0.009133
v -0.017237 0.009643 -0.009734
v -0.018908 0.009603 -0.006412
v -0.019778 0.009604 -0.002713
v -0.019932 0.009605 0.001083
v -0.019364 0.009605 0.004840
v -0.018090 0.009607 0.008432
v -0.016174 0.009608 0.011691
v -0.013662 0.009608 0.014544
v -0.010656 0.009608 0.016870
v -0.007272 0.009608 0.018584
v -0.003626 0.009608 0.019626
v 0.000151 0.009608 0.019960
v 0.003924 0.009608 0.019573
v 0.007555 0.009608 0.018479
v 0.010914 0.009608 0.016719
v 0.013978 0.009553 0.014071
v 0.013864 0.008657 0.014130
v 0.011087 0.008697 0.016604
v 0.007740 0.008696 0.018402
v 0.004113 0.008695 0.019534
v 0.000336 0.008695 0.019957
v -0.003463 0.008693 0.019656
v -0.007106 0.008692 0.018648
v -0.010512 0.008692 0.016960
v -0.013537 0.008692 0.014659
v -0.016069 0.008692 0.011834
v -0.018019 0.008692 0.008582
v -0.019319 0.008692 0.005020
v -0.019922 0.008692 0.001276
v -0.019805 0.008692 -0.002515
v -0.018974 0.008692 -0.006216
v -0.017209 0.008747 -0.009860
v 0.017238 0.009643 0.009735
v 0.018908 0.009604 0.006413
v 0.019779 0.009605 0.002714
v 0.019933 0.009605 -0.001083
v 0.019365 0.009606 -0.004841
v 0.018090 0.009607 -0.008433
v 0.016174 0.009609 -0.011692
v 0.013662 0.009609 -0.014545
v 0.010656 0.009609 -0.016872
v 0.007271 0.009609 -0.018585
v 0.003625 0.009609 -0.019627
v -0.000153 0.009609 -0.019961
v -0.003926 0.009609 -0.019573
v -0.007557 0.009609 -0.018479
v -0.010917 0.009609 -0.016718
v -0.013979 0.009553 -0.014072
v -0.013865 0.008657 -0.014131
v -0.011088 0.008696 -0.016604
v -0.007741 0.008695 -0.018403
v -0.004113 0.008695 -0.019534
v -0.000336 0.008694 -0.019958
v 0.003463 0.008693 -0.019656
v 0.007107 0.008691 -0.018649
v 0.010514 0.008691 -0.016961
v 0.013539 0.008691 -0.014659
v 0.016070 0.008691 -0.011833
v 0.018020 0.008691 -0.008581
v 0.019320 0.008691 -0.005019
v 0.019922 0.008691 -0.001274
v 0.019806 0.008691 0.002517
v 0.018974 0.008691 0.006218
v 0.017210 0.008747 0.009861
v 0.019107 0.007300 -0.005983
v 0.015566 0.007300 -0.012594
v 0.004762 0.007287 -0.019457
v -0.002776 0.007291 -0.019834
v -0.019338 0.007300 -0.005177
v -0.019107 0.007300 0.005983
v -0.015566 0.007300 0.012594
v -0.004762 0.007287 0.019457
v 0.002776 0.007291 0.019834
v -0.017456 0.008868 -0.009771
v -0.017462 0.009450 -0.009757
v 0.013955 0.009432 0.014332
v 0.013944 0.008850 0.014342
v 0.017461 0.009452 0.009759
v 0.017455 0.008866 0.009773
v -0.013957 0.009434 -0.014331
v -0.013946 0.008848 -0.014340
v -0.015833 0.006465 -0.012149
v -0.012681 0.006464 -0.015375
v -0.009609 0.006469 -0.017471
v -0.006099 0.006468 -0.018982
v -0.002365 0.006468 -0.019797
v 0.001456 0.006467 -0.019884
v 0.005224 0.006467 -0.019240
v 0.008817 0.006486 -0.017890
v 0.012086 0.006470 -0.015864
v 0.014927 0.006467 -0.013217
v 0.017170 0.006467 -0.010134
v 0.018786 0.006467 -0.006679
v 0.019714 0.006467 -0.002980
v 0.019921 0.006467 0.000828
v 0.019399 0.006468 0.004607
v 0.018167 0.006468 0.008217
v 0.015836 0.006471 0.012151
v 0.012681 0.006464 0.015375
v 0.009609 0.006469 0.017471
v 0.006099 0.006468 0.018982
v 0.002365 0.006468 0.019797
v -0.001456 0.006467 0.019884
v -0.005224 0.006467 0.019240
v -0.008817 0.006486 0.017890
v -0.012086 0.006470 0.015864
v -0.014927 0.006467 0.013217
v -0.017170 0.006467 0.010134
v -0.018786 0.006467 0.006679
v -0.019714 0.006467 0.002980
v -0.019921 0.006467 -0.000828
v -0.019399 0.006468 -0.004607
v -0.018172 0.006487 -0.008228
v -0.009726 0.006400 0.013180
v -0.014246 0.006400 0.008084
v -0.016027 0.006400 0.002970
v -0.016277 0.006400 -0.001833
v -0.014712 0.006400 -0.007017
v 0.013207 0.006400 0.009584
v 0.009529 0.006400 0.013323
v 0.003286 0.006400 0.016047
v -0.003525 0.006400 0.015996
v -0.012759 0.006400 -0.010173
v -0.010081 0.006400 -0.012808
v -0.006075 0.006400 -0.015207
v 0.000434 0.006400 -0.016370
v 0.005583 0.006400 -0.015314
v 0.009731 0.006400 -0.013171
v 0.013347 0.006400 -0.009356
v 0.015520 0.006400 -0.005223
v 0.016321 0.006400 0.001340
v 0.014981 0.006400 0.006423
v 0.013128 0.005100 0.009691
v 0.009023 0.005100 0.013671
v 0.002683 0.005100 0.016159
v -0.004122 0.005100 0.015853
v -0.010213 0.005100 0.012806
v -0.013433 0.005100 0.009232
v -0.015790 0.005100 0.004357
v -0.016197 0.005100 -0.002442
v -0.014712 0.005100 -0.007017
v -0.012675 0.005100 -0.010277
v 0.014981 0.005100 0.006423
v 0.016261 0.005100 0.001932
v 0.015700 0.005100 -0.004656
v 0.013347 0.005100 -0.009356
v 0.010203 0.005100 -0.012808
v 0.004306 0.005100 -0.015799
v -0.002292 0.005100 -0.016214
v -0.008517 0.005100 -0.013986
v -0.018217 0.005046 -0.008189
v -0.015816 0.005043 -0.012136
v -0.019915 0.004989 -0.001615
v -0.019777 0.005044 0.002817
v -0.017371 0.005044 0.009864
v -0.012336 0.004988 0.015777
v -0.008697 0.005038 0.017990
v -0.001493 0.005034 0.019925
v -0.009879 0.004996 -0.017362
v -0.013031 0.004997 -0.015144
v 0.018217 0.005046 0.008189
v 0.015816 0.005043 0.012136
v 0.019915 0.004989 0.001615
v 0.019777 0.005044 -0.002817
v 0.017371 0.005044 -0.009864
v 0.012336 0.004988 -0.015777
v 0.008697 0.005038 -0.017990
v 0.001490 0.005040 -0.019922
v -0.005903 0.005035 -0.019084
v 0.005905 0.005041 0.019079
v 0.009879 0.004996 0.017362
v 0.013031 0.004997 0.015144
v 0.019338 0.004900 0.005177
v 0.019107 0.004900 -0.005983
v 0.015566 0.004900 -0.012594
v 0.004762 0.004887 -0.019457
v -0.002776 0.004891 -0.019834
v -0.019338 0.004900 -0.005177
v -0.019107 0.004900 0.005983
v -0.015566 0.004900 0.012594
v -0.004762 0.004887 0.019457
v 0.002776 0.004891 0.019834
v -0.015612 -0.003391 -0.012313
v -0.013079 -0.003390 -0.014977
v -0.010097 -0.003390 -0.017130
v -0.006769 -0.003389 -0.018697
v -0.003267 -0.003394 -0.019612
v 0.000425 -0.003401 -0.019873
v 0.016398 -0.003400 -0.011267
v 0.018194 -0.003400 -0.008052
v 0.019367 -0.003400 -0.004561
v 0.019876 -0.003400 -0.000913
v 0.019707 -0.003400 0.002734
v 0.018998 -0.003396 0.005848
v 0.017600 -0.003396 0.009239
v 0.015603 -0.003396 0.012317
v 0.013074 -0.003396 0.014974
v 0.010100 -0.003396 0.017122
v 0.006781 -0.003396 0.018687
v 0.003232 -0.003396 0.019615
v -0.000428 -0.003396 0.019875
v -0.007573 -0.003395 0.018378
v -0.010802 -0.003395 0.016688
v -0.013684 -0.003394 0.014420
v -0.016100 -0.003394 0.011661
v -0.017970 -0.003394 0.008504
v -0.019227 -0.003393 0.005057
v -0.019830 -0.003393 0.001436
v -0.019756 -0.003392 -0.002235
v -0.019008 -0.003392 -0.005831
v -0.017611 -0.003391 -0.009229
v -0.015836 0.004071 -0.012151
v -0.012681 0.004064 -0.015375
v -0.009609 0.004069 -0.017471
v -0.006099 0.004068 -0.018982
v -0.002365 0.004068 -0.019797
v 0.001456 0.004067 -0.019884
v 0.005224 0.004067 -0.019240
v 0.008817 0.004086 -0.017890
v 0.012086 0.004070 -0.015864
v 0.014927 0.004067 -0.013217
v 0.017170 0.004067 -0.010134
v 0.018786 0.004067 -0.006679
v 0.019714 0.004067 -0.002980
v 0.019921 0.004067 0.000828
v 0.019399 0.004068 0.004607
v 0.018172 0.004087 0.008228
v 0.015836 0.004071 0.012151
v 0.012681 0.004064 0.015375
v 0.009609 0.004069 0.017471
v 0.006099 0.004068 0.018982
v 0.002365 0.004068 0.019797
v -0.001456 0.004067 0.019884
v -0.005224 0.004067 0.019240
v -0.008817 0.004086 0.017890
v -0.012086 0.004070 0.015864
v -0.014927 0.004067 0.013217
v -0.017170 0.004067 0.010134
v -0.018786 0.004067 0.006679
v -0.019714 0.004067 0.002980
v -0.019921 0.004067 -0.000828
v -0.019399 0.004068 -0.004607
v -0.018172 0.004087 -0.008228
v -0.015888 0.002635 -0.012034
v -0.013406 0.002635 -0.014748
v -0.010468 0.002635 -0.016961
v -0.007173 0.002635 -0.018595
v -0.003634 0.002635 -0.019597
v 0.000046 0.002616 -0.019940
v 0.003691 0.002635 -0.019586
v 0.007227 0.002635 -0.018575
v 0.010517 0.002635 -0.016930
v 0.013449 0.002635 -0.014710
v 0.015922 0.002635 -0.011988
v 0.017854 0.002635 -0.008858
v 0.019178 0.002635 -0.005427
v 0.019848 0.002635 -0.001810
v 0.019851 0.002616 0.001886
v 0.019162 0.002635 0.005482
v 0.017829 0.002635 0.008910
v 0.015888 0.002635 0.012034
v 0.013406 0.002635 0.014748
v 0.010468 0.002635 0.016961
v 0.007173 0.002635 0.018595
v 0.003634 0.002635 0.019597
v -0.000046 0.002616 0.019940
v -0.003691 0.002635 0.019586
v -0.007227 0.002635 0.018575
v -0.010517 0.002635 0.016930
v -0.013449 0.002635 0.014710
v -0.015922 0.002635 0.011988
v -0.017854 0.002635 0.008858
v -0.019178 0.002635 0.005427
v -0.019848 0.002635 0.001810
v -0.019851 0.002616 -0.001886
v -0.019162 0.002635 -0.005482
v -0.017829 0.002635 -0.008910
v 0.012091 0.004000 0.011051
v 0.014712 0.004000 0.007017
v 0.007778 0.004000 0.014325
v 0.003286 0.004000 0.016047
v -0.003525 0.004000 0.015996
v -0.009726 0.004000 0.013180
v 0.009726 0.004000 -0.013180
v 0.014246 0.004000 -0.008084
v 0.016027 0.004000 -0.002970
v 0.016277 0.004000 0.001833
v -0.012091 0.004000 -0.011051
v -0.014712 0.004000 -0.007017
v -0.007778 0.004000 -0.014325
v -0.003286 0.004000 -0.016047
v 0.003525 0.004000 -0.015996
v -0.014246 0.004000 0.008084
v -0.016027 0.004000 0.002970
v -0.016277 0.004000 -0.001833
v 0.016197 0.002700 0.002442
v 0.015790 0.002700 -0.004357
v 0.013433 0.002700 -0.009232
v 0.010213 0.002700 -0.012806
v 0.004122 0.002700 -0.015853
v -0.002683 0.002700 -0.016159
v -0.007778 0.002700 -0.014325
v -0.011668 0.002700 -0.011496
v -0.014712 0.002700 -0.007017
v -0.016197 0.002700 -0.002442
v 0.002683 0.002700 0.016159
v 0.007778 0.002700 0.014325
v 0.011668 0.002700 0.011496
v 0.014712 0.002700 0.007017
v -0.015790 0.002700 0.004357
v -0.013433 0.002700 0.009232
v -0.010213 0.002700 0.012806
v -0.004122 0.002700 0.015853
v -0.018973 0.027244 0.003548
v -0.019431 0.027244 0.002797
v -0.019405 0.027255 0.001739
v -0.018553 0.027236 0.000837
v -0.017471 0.027236 0.000744
v -0.016688 0.027234 0.001177
v -0.018074 0.027246 0.004004
v -0.016218 0.027377 0.001939
v -0.016163 0.027396 0.002529
v -0.016249 0.027211 0.002401
v -0.016545 0.027242 0.003371
v -0.017191 0.027244 0.003890
v -0.018517 0.028345 0.003883
v -0.019283 0.028356 0.003153
v -0.019492 0.028358 0.002327
v -0.019261 0.028356 0.001507
v -0.018787 0.028364 0.001021
v -0.018212 0.028366 0.000745
v -0.017390 0.028278 0.000736
v -0.016134 0.027898 0.002414
v -0.016232 0.028366 0.002697
v -0.016234 0.028286 0.001912
v -0.017470 0.028365 0.003955
v -0.016722 0.028367 0.003547
v -0.016692 0.028375 0.001177
v -0.018589 0.028400 0.001675
v -0.017171 0.028400 0.001607
v -0.017892 0.028400 0.001999
v -0.017053 0.028400 0.002958
v -0.017800 0.028400 0.002700
v -0.018455 0.028400 0.003143
v -0.017495 0.028400 0.002303
v -0.018197 0.028400 0.002396
v -0.017628 0.027600 0.002202
v -0.017303 0.027600 0.001505
v -0.016900 0.027600 0.002760
v -0.017205 0.027600 0.003157
v -0.017998 0.027600 0.002548
v -0.018256 0.027600 0.003295
v -0.018653 0.027600 0.002991
v -0.018690 0.027600 0.001807
v -0.013115 -0.019836 0.014204
v -0.011989 -0.019859 0.014238
v -0.013307 -0.017900 0.014260
v -0.011895 -0.017900 0.014318
v -0.011348 -0.019759 0.013974
v -0.011028 -0.017900 0.013786
v -0.010861 -0.019860 0.013407
v -0.010546 -0.017900 0.012897
v -0.010595 -0.019772 0.012765
v -0.010629 -0.019835 0.012041
v -0.010562 -0.017900 0.011923
v -0.011020 -0.019865 0.011282
v -0.011080 -0.017900 0.011050
v -0.012129 -0.019841 0.010627
v -0.011961 -0.017900 0.010560
v -0.011396 -0.019743 0.010867
v -0.013255 -0.017900 0.010618
v -0.013510 -0.019841 0.010924
v -0.014030 -0.019833 0.011476
v -0.014159 -0.017900 0.011520
v -0.014325 -0.019844 0.012502
v -0.014399 -0.017900 0.012819
v -0.013937 -0.019860 0.013544
v -0.012836 -0.019843 0.010638
v -0.013258 -0.019900 0.012742
v -0.011781 -0.019900 0.013001
v -0.011632 -0.019900 0.012148
v -0.013109 -0.019900 0.011889
v -0.012594 -0.019900 0.013298
v -0.012296 -0.019900 0.011592
v -0.012297 -0.018906 0.011601
v -0.011662 -0.018912 0.012158
v -0.013084 -0.018912 0.011910
v -0.013246 -0.018905 0.012751
v -0.012590 -0.018910 0.013274
v -0.011795 -0.018905 0.013004
v -0.012445 -0.018467 0.012445
v 0.003293 -0.007502 0.018903
v 0.003557 -0.007500 0.018664
v -0.015560 -0.007500 0.010925
v -0.015055 -0.007487 0.011715
v -0.015550 -0.007500 0.011740
v 0.002460 -0.007500 0.019192
v 0.003661 -0.007500 0.019144
v -0.000722 -0.007503 0.019545
v 0.003320 -0.007500 0.019012
v 0.002970 -0.007500 0.019068
v 0.004236 -0.007500 0.018586
v -0.006566 -0.007499 0.018424
v 0.001905 -0.007480 0.019185
v -0.012285 -0.007508 0.015240
v -0.011449 -0.007503 0.015600
v -0.005480 -0.007494 0.018581
v -0.003452 -0.007502 0.018774
v -0.005056 -0.007493 0.018668
v -0.010196 -0.007556 0.016106
v 0.001395 -0.007500 0.018949
v 0.014910 -0.007483 0.012200
v 0.015450 -0.007493 0.011774
v 0.015204 -0.007500 -0.011440
v 0.015775 -0.007496 -0.010690
v 0.015995 -0.007500 -0.011135
v 0.012042 -0.007513 0.015435
v 0.011605 -0.007500 0.015421
v 0.008331 -0.007484 0.017162
v 0.008249 -0.007500 0.017651
v 0.007448 -0.007500 0.017493
v 0.019069 -0.007493 -0.003058
v 0.018976 -0.007488 -0.003161
v 0.019368 -0.007500 -0.002262
v 0.018146 -0.007513 -0.007346
v 0.017761 -0.007500 -0.007553
v 0.015645 -0.007478 0.011257
v 0.017552 -0.007500 0.008497
v 0.018725 -0.007499 0.005017
v 0.018836 -0.007500 0.005047
v 0.019448 -0.007500 0.001417
v 0.019182 -0.007480 -0.001941
v 0.014373 -0.007490 0.012461
v 0.012458 -0.007500 0.014610
v 0.009382 -0.007534 0.016604
v -0.014369 -0.007496 -0.012456
v -0.014792 -0.007500 -0.012260
v -0.018051 -0.007492 0.007514
v -0.018922 -0.007500 0.003802
v -0.017722 -0.007547 0.007280
v -0.010933 -0.007499 -0.015551
v -0.011873 -0.007486 -0.015150
v -0.015562 -0.007492 -0.011619
v -0.015049 -0.007498 -0.012097
v -0.011887 -0.007492 -0.015533
v -0.019321 -0.007496 0.002168
v -0.019169 -0.007488 0.001930
v -0.019003 -0.007489 0.003122
v -0.017290 -0.007499 0.007984
v -0.018665 -0.007500 0.003557
v -0.015649 -0.007477 -0.011269
v -0.018381 -0.007500 -0.006743
v -0.018104 -0.007500 -0.006687
v -0.019273 -0.007503 -0.001859
v -0.019433 -0.007500 -0.001618
v 0.017013 -0.007581 0.008545
v 0.015718 -0.007499 0.010685
v -0.019188 -0.007505 -0.000859
v -0.018949 -0.007500 0.001395
v -0.019016 -0.007466 -0.000476
v 0.018954 -0.007498 -0.001392
v 0.019007 -0.007583 0.001099
v -0.017041 -0.007506 -0.008857
v -0.016812 -0.007383 -0.008895
v -0.015715 -0.007500 -0.010687
v 0.016423 -0.007560 -0.009688
v 0.018079 -0.007500 -0.006464
v 0.018689 -0.007489 -0.003562
v 0.012896 -0.007500 -0.013949
v 0.012762 -0.007500 -0.014733
v 0.012382 -0.007500 -0.014805
v 0.012299 -0.007503 -0.014725
v 0.012110 -0.007500 -0.015025
v 0.011704 -0.007500 -0.015406
v 0.008793 -0.007495 -0.017456
v 0.011239 -0.007493 -0.015646
v 0.008781 -0.007500 -0.017208
v 0.003593 -0.007497 -0.019209
v -0.008028 -0.007501 -0.017249
v -0.007171 -0.007485 -0.017667
v -0.007561 -0.007500 -0.017964
v -0.003069 -0.007500 -0.019111
v -0.002992 -0.007502 -0.019359
v 0.003457 -0.007500 -0.019056
v -0.000779 -0.007556 -0.019046
v 0.004947 -0.007492 -0.018697
v 0.006394 -0.007503 -0.017986
v 0.010682 -0.007500 -0.015713
v -0.015368 -0.008796 0.012004
v -0.007359 -0.007697 0.018072
v -0.003578 -0.007698 0.019207
v -0.011625 -0.007695 0.015755
v -0.015599 -0.008873 0.010888
v -0.015597 -0.008870 0.011726
v -0.018073 -0.008793 0.007321
v -0.017936 -0.008865 0.007677
v -0.011887 -0.007704 -0.015420
v -0.012004 -0.008795 -0.015367
v -0.015645 -0.007714 -0.011764
v -0.018345 -0.007692 -0.006749
v -0.019366 -0.007699 -0.002444
v -0.019445 -0.007732 0.002242
v -0.010842 -0.008914 -0.015605
v -0.011657 -0.008868 -0.015624
v -0.007611 -0.008860 -0.017968
v -0.008052 -0.008857 -0.017226
v -0.007275 -0.008800 -0.018092
v -0.004889 -0.007697 -0.018885
v 0.006269 -0.007693 -0.018532
v -0.000286 -0.007698 -0.019571
v 0.012534 -0.008796 -0.014938
v 0.010701 -0.007700 -0.016301
v 0.012813 -0.008870 -0.014722
v 0.011432 -0.005200 -0.015585
v 0.012320 -0.005200 -0.014662
v 0.010754 -0.005200 -0.015694
v 0.015856 -0.008859 -0.011320
v 0.016153 -0.008795 -0.010925
v 0.008430 -0.007696 0.017552
v 0.008549 -0.008796 0.017526
v 0.012992 -0.007698 0.014651
v 0.016173 -0.007706 0.010934
v 0.017951 -0.007700 0.007671
v 0.019280 -0.007693 0.003252
v 0.019468 -0.007699 -0.001471
v 0.018593 -0.007724 -0.006135
v 0.008030 -0.008866 0.017728
v 0.003557 -0.005200 0.018664
v 0.002846 -0.005200 0.019138
v 0.001427 -0.005200 0.019004
v 0.003711 -0.008860 0.019157
v 0.004382 -0.008935 0.018477
v 0.003355 -0.008800 0.019209
v -0.000030 -0.007700 0.019500
v -0.018517 -0.007495 -0.005231
v -0.018355 -0.007278 -0.005108
v 0.018964 -0.005200 -0.001439
v 0.019229 -0.005199 -0.002594
v 0.018664 -0.005200 -0.003557
v 0.014417 -0.005200 0.012395
v 0.015385 -0.005199 0.011809
v 0.015713 -0.005200 0.010682
v -0.018949 -0.005200 0.001395
v -0.019229 -0.005199 0.002594
v -0.018698 -0.005200 0.003496
v -0.014385 -0.005200 -0.012413
v -0.015431 -0.005199 -0.011763
v -0.015693 -0.005200 -0.010749
v -0.005057 -0.008922 0.018875
v -0.008033 -0.008913 0.017809
v -0.010802 -0.008912 0.016279
v -0.013295 -0.008912 0.014316
v 0.013035 -0.008936 -0.013812
v 0.015121 -0.008929 -0.011506
v 0.007333 -0.008936 0.017535
v -0.017167 -0.008936 0.008108
v -0.014634 -0.008913 -0.012944
v -0.016781 -0.008913 -0.010006
v -0.018343 -0.008913 -0.006730
v -0.019273 -0.008914 -0.003220
v -0.019537 -0.008914 0.000401
v -0.019131 -0.008914 0.003983
v 0.017959 -0.008914 -0.007698
v 0.019090 -0.008913 -0.004166
v 0.019533 -0.008913 -0.000474
v 0.019268 -0.008913 0.003235
v 0.018306 -0.008913 0.006827
v 0.016681 -0.008913 0.010171
v 0.014451 -0.008912 0.013146
v 0.011692 -0.008912 0.015652
v 0.010291 -0.008912 -0.016607
v 0.007751 -0.008913 -0.017934
v 0.005090 -0.008921 -0.018864
v 0.002188 -0.008912 -0.019412
v -0.001266 -0.008915 -0.019499
v -0.004585 -0.008915 -0.018997
v -0.002271 -0.008913 0.019406
v 0.000589 -0.008913 0.019529
v 0.011482 0.027248 -0.015829
v 0.010563 0.027246 -0.015889
v 0.012101 0.027242 -0.015445
v 0.012495 0.027247 -0.014835
v 0.012581 0.027242 -0.014112
v 0.012305 0.027244 -0.013300
v 0.011729 0.027246 -0.012806
v 0.010983 0.027240 -0.012632
v 0.010103 0.027376 -0.012834
v 0.009848 0.027364 -0.013027
v 0.009666 0.027230 -0.013270
v 0.009769 0.027249 -0.015419
v 0.009336 0.027241 -0.014067
v 0.009350 0.027248 -0.014780
v 0.011177 0.028361 -0.015921
v 0.012079 0.028358 -0.015466
v 0.012482 0.028358 -0.014863
v 0.012586 0.028353 -0.014142
v 0.012363 0.028358 -0.013452
v 0.009846 0.027899 -0.012950
v 0.009628 0.028357 -0.013273
v 0.010488 0.028352 -0.012697
v 0.009514 0.028275 -0.015136
v 0.009317 0.028367 -0.014332
v 0.011597 0.028355 -0.012739
v 0.010085 0.028368 -0.015677
v 0.010827 0.028400 -0.015272
v 0.011173 0.028400 -0.014561
v 0.011960 0.028400 -0.014328
v 0.011006 0.028400 -0.013278
v 0.010742 0.028400 -0.014000
v 0.009966 0.028400 -0.014150
v 0.011238 0.028400 -0.014065
v 0.010677 0.028400 -0.014496
v 0.010710 0.027600 -0.014248
v 0.011171 0.027600 -0.013300
v 0.009999 0.027600 -0.013902
v 0.009934 0.027600 -0.014398
v 0.010579 0.027600 -0.015239
v 0.011075 0.027600 -0.015304
v 0.011216 0.027600 -0.014230
v 0.011938 0.027600 -0.014494
v -0.011483 0.027243 0.015826
v -0.010563 0.027246 0.015889
v -0.012101 0.027242 0.015445
v -0.012495 0.027247 0.014835
v -0.012581 0.027242 0.014112
v -0.012303 0.027244 0.013297
v -0.011720 0.027243 0.012809
v -0.011174 0.027268 0.012651
v -0.010774 0.027234 0.012660
v -0.010097 0.027377 0.012838
v -0.009843 0.027367 0.013032
v -0.009666 0.027230 0.013271
v -0.009769 0.027249 0.015419
v -0.009336 0.027241 0.014067
v -0.009380 0.027244 0.014833
v -0.011177 0.028361 0.015921
v -0.012079 0.028358 0.015466
v -0.012482 0.028358 0.014863
v -0.012586 0.028353 0.014142
v -0.012363 0.028358 0.013452
v -0.009854 0.027901 0.012956
v -0.009628 0.028357 0.013273
v -0.010488 0.028352 0.012697
v -0.009514 0.028275 0.015136
v -0.009317 0.028367 0.014332
v -0.011597 0.028355 0.012739
v -0.010085 0.028368 0.015677
v -0.010827 0.028400 0.015272
v -0.011173 0.028400 0.014561
v -0.011960 0.028400 0.014328
v -0.011006 0.028400 0.013278
v -0.011238 0.028400 0.014065
v -0.009966 0.028400 0.014150
v -0.010742 0.028400 0.014000
v -0.010677 0.028400 0.014496
v -0.010710 0.027600 0.014248
v -0.011171 0.027600 0.013300
v -0.009999 0.027600 0.013902
v -0.009934 0.027600 0.014398
v -0.010579 0.027600 0.015239
v -0.011075 0.027600 0.015304
v -0.011216 0.027600 0.014230
v -0.011938 0.027600 0.014494
v 0.018879 -0.017900 0.004022
v 0.018658 -0.019868 0.003717
v 0.018367 -0.017900 0.003160
v 0.018007 -0.019748 0.002945
v 0.017486 -0.017900 0.002663
v 0.017157 -0.019856 0.002699
v 0.016226 -0.017901 0.002729
v 0.016087 -0.019858 0.002938
v 0.015327 -0.017900 0.003539
v 0.015399 -0.019856 0.003606
v 0.015048 -0.017900 0.004474
v 0.015255 -0.017900 0.005425
v 0.015102 -0.019748 0.004488
v 0.016194 -0.017900 0.006379
v 0.015993 -0.019748 0.006166
v 0.016845 -0.019858 0.006410
v 0.017561 -0.017900 0.006424
v 0.017914 -0.019858 0.006173
v 0.018414 -0.017900 0.005900
v 0.018601 -0.019856 0.005504
v 0.018896 -0.017900 0.005023
v 0.018898 -0.019748 0.004622
v 0.015341 -0.019867 0.005394
v 0.017149 -0.019900 0.003702
v 0.017814 -0.019900 0.004258
v 0.016187 -0.019900 0.004853
v 0.016851 -0.019900 0.005408
v 0.017665 -0.019900 0.005111
v 0.016336 -0.019900 0.004000
v 0.016196 -0.018906 0.004849
v 0.016360 -0.018912 0.004021
v 0.016856 -0.018912 0.005376
v 0.017665 -0.018905 0.005097
v 0.017791 -0.018910 0.004266
v 0.017159 -0.018905 0.003713
v 0.017000 -0.018467 0.004555
v -0.003555 0.027246 -0.018970
v -0.002784 0.027244 -0.019434
v -0.001937 0.027247 -0.019441
v -0.001037 0.027244 -0.018877
v -0.000674 0.027245 -0.017720
v -0.000975 0.027235 -0.016922
v -0.003997 0.027245 -0.018090
v -0.001951 0.027375 -0.016216
v -0.002255 0.027367 -0.016175
v -0.002727 0.027248 -0.016250
v -0.001580 0.027235 -0.016386
v -0.003345 0.027241 -0.016548
v -0.003871 0.027244 -0.017151
v -0.003641 0.028359 -0.018844
v -0.003080 0.028348 -0.019320
v -0.002331 0.028348 -0.019490
v -0.001665 0.028357 -0.019322
v -0.001126 0.028344 -0.018952
v -0.000762 0.028350 -0.018277
v -0.001863 0.027899 -0.016210
v -0.002358 0.028348 -0.016202
v -0.001628 0.028352 -0.016368
v -0.003030 0.028352 -0.016364
v -0.003933 0.028350 -0.017395
v -0.003562 0.028350 -0.016735
v -0.001056 0.028355 -0.016847
v -0.000738 0.028348 -0.017515
v -0.003965 0.028347 -0.018171
v -0.001607 0.028400 -0.017171
v -0.002303 0.028400 -0.017495
v -0.002958 0.028400 -0.017053
v -0.003143 0.028400 -0.018455
v -0.002396 0.028400 -0.018197
v -0.001675 0.028400 -0.018589
v -0.002700 0.028400 -0.017800
v -0.001999 0.028400 -0.017892
v -0.002202 0.027600 -0.017628
v -0.001505 0.027600 -0.017303
v -0.002760 0.027600 -0.016900
v -0.003157 0.027600 -0.017205
v -0.002548 0.027600 -0.017998
v -0.003295 0.027600 -0.018256
v -0.002991 0.027600 -0.018653
v -0.001807 0.027600 -0.018690
v -0.002527 0.031236 -0.011563
v -0.003181 0.031224 -0.012506
v -0.003078 0.031233 -0.013601
v -0.002567 0.031230 -0.014171
v -0.001923 0.031231 -0.014407
v -0.001237 0.031231 -0.014369
v -0.000680 0.031228 -0.014041
v -0.000264 0.031230 -0.013455
v -0.000307 0.031210 -0.012267
v -0.001009 0.031243 -0.011435
v -0.001838 0.031269 -0.011287
v -0.001013 0.031781 -0.014241
v -0.002776 0.031786 -0.011833
v -0.003202 0.031789 -0.013100
v -0.002353 0.031785 -0.014264
v -0.001456 0.031790 -0.011385
v -0.000274 0.031789 -0.012345
v -0.000332 0.031784 -0.013466
v -0.001166 0.031800 -0.012425
v -0.001672 0.031800 -0.012699
v -0.002161 0.031800 -0.012358
v -0.001887 0.031800 -0.012864
v -0.002228 0.031800 -0.013353
v -0.001233 0.031800 -0.013419
v -0.001507 0.031800 -0.012914
v -0.001722 0.031800 -0.013079
v -0.001304 0.030800 -0.013474
v -0.001579 0.030800 -0.012969
v -0.001111 0.030800 -0.012496
v -0.001815 0.030800 -0.012809
v -0.002089 0.030800 -0.012303
v -0.002283 0.030800 -0.013281
v 0.015883 0.020853 0.011904
v 0.017848 0.020854 0.008641
v 0.019132 0.020854 0.005214
v 0.019765 0.020854 0.001610
v 0.019724 0.020854 -0.002049
v 0.019012 0.020854 -0.005639
v 0.017652 0.020854 -0.009036
v 0.015691 0.020854 -0.012126
v 0.013196 0.020854 -0.014802
v 0.010251 0.020854 -0.016975
v 0.006957 0.020854 -0.018570
v 0.003427 0.020854 -0.019532
v -0.000221 0.020854 -0.019829
v -0.003860 0.020854 -0.019451
v -0.007369 0.020854 -0.018410
v -0.010626 0.020854 -0.016743
v -0.013522 0.020854 -0.014505
v -0.015804 0.020878 -0.011952
v -0.018006 0.020602 -0.008745
v -0.017769 0.020895 -0.008548
v -0.019491 0.020905 -0.003481
v -0.019346 0.020597 -0.005151
v -0.019970 0.020597 -0.001433
v -0.019581 0.020916 0.003057
v -0.019885 0.020597 0.002338
v -0.018346 0.020898 0.007466
v -0.019094 0.020597 0.006027
v -0.017625 0.020597 0.009502
v -0.015383 0.020899 0.012340
v -0.015530 0.020598 0.012640
v -0.012121 0.020895 0.015609
v -0.012169 0.020587 0.015956
v -0.008087 0.020899 0.017988
v -0.008286 0.020587 0.018241
v -0.002731 0.020898 0.019620
v -0.004702 0.020588 0.019473
v -0.000954 0.020590 0.020008
v 0.002442 0.020905 0.019654
v 0.002827 0.020591 0.019828
v 0.008215 0.020898 0.018022
v 0.006504 0.020592 0.018941
v 0.009946 0.020593 0.017379
v 0.012908 0.020901 0.014907
v 0.013056 0.020590 0.015181
v -0.005608 0.020834 0.016633
v -0.004804 0.020808 0.016220
v -0.003951 0.020831 0.016460
v -0.003465 0.020856 0.017172
v -0.003837 0.020856 0.018286
v -0.003537 0.020691 0.017282
v -0.004385 0.020706 0.018487
v -0.005135 0.020895 0.018677
v -0.005351 0.020686 0.018258
v -0.005835 0.020833 0.017500
v 0.009287 0.020894 0.014237
v 0.009587 0.020697 0.014613
v 0.010308 0.020896 0.015367
v 0.010122 0.020691 0.015484
v 0.009804 0.020856 0.016506
v 0.009148 0.020820 0.016750
v 0.008175 0.020843 0.016471
v 0.007914 0.020697 0.015925
v 0.007821 0.020856 0.015380
v 0.008061 0.020805 0.014888
v 0.008573 0.020698 0.014540
v 0.018209 0.020858 0.003825
v 0.017974 0.020697 0.003683
v 0.018571 0.020820 0.004524
v 0.018191 0.020856 0.005577
v 0.017478 0.020844 0.005836
v 0.016561 0.020843 0.005541
v 0.016301 0.020697 0.004995
v 0.016204 0.020830 0.004404
v 0.016539 0.020852 0.003859
v 0.016960 0.020698 0.003610
v 0.017350 0.020898 0.003328
v 0.014503 0.020820 -0.009489
v 0.015400 0.020827 -0.010177
v 0.016296 0.020805 -0.009931
v 0.016342 0.020818 -0.008082
v 0.016773 0.020820 -0.009135
v 0.015419 0.020850 -0.007823
v 0.015286 0.020698 -0.007904
v 0.014549 0.020817 -0.008445
v 0.005486 0.020858 -0.016486
v 0.005800 0.020849 -0.017300
v 0.005608 0.020832 -0.018124
v 0.004928 0.020854 -0.018516
v 0.003978 0.020843 -0.018387
v 0.003666 0.020687 -0.017893
v 0.004902 0.020802 -0.016243
v 0.003944 0.020837 -0.016454
v 0.003483 0.020833 -0.017273
v -0.008411 0.020813 -0.016629
v -0.007815 0.020820 -0.015723
v -0.008196 0.020856 -0.014671
v -0.008806 0.020702 -0.014466
v -0.009386 0.020838 -0.014437
v -0.010137 0.020818 -0.015230
v -0.010043 0.020800 -0.016091
v -0.009470 0.020813 -0.016680
v -0.016860 0.020877 -0.005832
v -0.016799 0.020697 -0.005634
v -0.016193 0.020856 -0.004873
v -0.016265 0.020691 -0.004764
v -0.016583 0.020856 -0.003741
v -0.017193 0.020702 -0.003536
v -0.017773 0.020838 -0.003507
v -0.018524 0.020818 -0.004300
v -0.018437 0.020814 -0.005163
v -0.017857 0.020813 -0.005750
v -0.014539 0.020689 0.009407
v -0.014903 0.020859 0.009968
v -0.014405 0.020858 0.008786
v -0.014684 0.020693 0.008322
v -0.015148 0.020855 0.007896
v -0.016305 0.020827 0.008050
v -0.015315 0.020706 0.010100
v -0.016064 0.020895 0.010291
v -0.016281 0.020686 0.009871
v -0.016778 0.020853 0.009105
v -0.016711 0.020693 0.009036
v 0.015670 0.019701 0.012456
v 0.017834 0.019700 0.009052
v 0.019194 0.019700 0.005621
v 0.019900 0.019700 0.001999
v 0.019928 0.019700 -0.001692
v 0.019278 0.019700 -0.005325
v 0.017971 0.019700 -0.008777
v 0.016053 0.019700 -0.011929
v 0.013587 0.019700 -0.014676
v 0.010659 0.019700 -0.016923
v 0.007368 0.019700 -0.018593
v 0.003826 0.019700 -0.019631
v 0.000154 0.019700 -0.019999
v -0.003524 0.019700 -0.019687
v -0.007081 0.019700 -0.018705
v -0.010397 0.019700 -0.017085
v -0.013360 0.019700 -0.014883
v -0.016094 0.019704 -0.011909
v -0.018199 0.019700 -0.008294
v -0.019447 0.019700 -0.004669
v -0.019981 0.019700 -0.000872
v -0.019780 0.019700 0.002956
v -0.018853 0.019700 0.006676
v -0.017233 0.019700 0.010151
v -0.014979 0.019700 0.013252
v -0.012175 0.019700 0.015867
v -0.008924 0.019700 0.017899
v -0.005345 0.019700 0.019273
v -0.001569 0.019700 0.019938
v 0.002264 0.019700 0.019871
v 0.006014 0.019700 0.019074
v 0.009543 0.019700 0.017576
v 0.012722 0.019700 0.015432
v -0.003704 0.019598 0.018029
v -0.005463 0.019448 0.016497
v -0.004528 0.019512 0.016234
v -0.003649 0.019609 0.016895
v -0.005847 0.019459 0.017325
v -0.004856 0.019472 0.018561
v -0.005568 0.019471 0.018099
v 0.007994 0.019599 0.015098
v 0.008486 0.019482 0.014520
v 0.009955 0.019596 0.016231
v 0.009261 0.019443 0.014415
v 0.010010 0.019609 0.015097
v 0.008811 0.019467 0.016762
v 0.007980 0.019604 0.016071
v 0.016381 0.019599 0.004169
v 0.017042 0.019603 0.003587
v 0.018342 0.019596 0.005301
v 0.018125 0.019451 0.003694
v 0.018396 0.019609 0.004167
v 0.017197 0.019467 0.005833
v 0.016366 0.019604 0.005141
v 0.016646 0.019459 -0.008446
v 0.014763 0.019444 -0.009877
v 0.015777 0.019474 -0.010171
v 0.016676 0.019467 -0.009483
v 0.015652 0.019610 -0.007845
v 0.014608 0.019602 -0.008424
v 0.014460 0.019511 -0.009185
v 0.003655 0.019592 -0.017907
v 0.004170 0.019463 -0.018452
v 0.005125 0.019468 -0.018494
v 0.005857 0.019456 -0.017539
v 0.005432 0.019610 -0.016587
v 0.004523 0.019607 -0.016270
v 0.003650 0.019604 -0.016881
v -0.010006 0.019599 -0.016078
v -0.009345 0.019603 -0.016660
v -0.008045 0.019596 -0.014946
v -0.008262 0.019451 -0.016553
v -0.007990 0.019609 -0.016080
v -0.009190 0.019461 -0.014412
v -0.010020 0.019604 -0.015106
v -0.018529 0.019472 -0.004985
v -0.017907 0.019473 -0.005729
v -0.016432 0.019596 -0.004016
v -0.017124 0.019448 -0.005829
v -0.016377 0.019609 -0.005151
v -0.017549 0.019602 -0.003539
v -0.018407 0.019604 -0.004176
v -0.016640 0.019465 0.008438
v -0.015834 0.019460 0.007821
v -0.014866 0.019476 0.008058
v -0.014407 0.019507 0.008940
v -0.014769 0.019444 0.009881
v -0.015785 0.019472 0.010174
v -0.016674 0.019464 0.009500
v -0.003983 0.019375 0.016049
v -0.003419 0.019407 0.018038
v 0.010362 0.019405 0.015392
v 0.009841 0.019401 0.016604
v 0.007638 0.019405 0.015785
v 0.016823 0.019404 0.003415
v 0.018623 0.019410 0.005309
v 0.016026 0.019407 0.004855
v 0.014498 0.019410 -0.008201
v 0.015832 0.019401 -0.007694
v 0.005259 0.019404 -0.016156
v 0.003983 0.019375 -0.016049
v 0.003359 0.019403 -0.017805
v -0.009563 0.019404 -0.016831
v -0.007761 0.019408 -0.014937
v -0.010362 0.019405 -0.015392
v -0.016026 0.019407 -0.004855
v -0.016823 0.019404 -0.003415
v -0.018245 0.019402 -0.003643
v -0.015237 0.019400 -0.005879
v -0.016135 0.019400 -0.002528
v -0.005829 0.019400 -0.015256
v -0.009586 0.019401 -0.013294
v 0.005879 0.019400 -0.015237
v -0.013197 0.019400 0.009622
v -0.014931 0.019400 0.006618
v -0.005879 0.019400 0.015237
v 0.013197 0.019400 -0.009622
v 0.014931 0.019400 -0.006618
v 0.007037 0.019401 0.014773
v 0.009622 0.019400 0.013197
v 0.015237 0.019400 0.005879
v 0.016135 0.019400 0.002528
v -0.009827 0.030200 0.011378
v -0.007250 0.030203 0.013170
v -0.004353 0.030203 0.014390
v -0.001266 0.030203 0.014980
v 0.001876 0.030203 0.014916
v 0.004937 0.030203 0.014200
v 0.007781 0.030203 0.012863
v 0.010286 0.030203 0.010965
v 0.012432 0.030202 0.008455
v 0.014068 0.030202 0.005245
v 0.014855 0.030201 0.002164
v 0.014976 0.030201 -0.001013
v 0.014427 0.030199 -0.004137
v 0.013230 0.030200 -0.007081
v 0.011406 0.030200 -0.009742
v 0.009131 0.030200 -0.011900
v 0.006458 0.030200 -0.013539
v 0.003419 0.030201 -0.014611
v 0.000255 0.030200 -0.015006
v -0.002917 0.030200 -0.014724
v -0.005958 0.030200 -0.013780
v -0.008771 0.030196 -0.012190
v -0.011944 0.030217 -0.009169
v -0.013931 0.030210 -0.005613
v -0.014766 0.030203 -0.002825
v -0.015031 0.030203 0.000307
v -0.014638 0.030203 0.003425
v -0.013606 0.030203 0.006394
v -0.012042 0.030189 0.008996
v 0.012010 0.030476 0.002646
v 0.012776 0.030461 0.002497
v 0.013323 0.030459 0.002912
v 0.013457 0.030483 0.003298
v 0.013360 0.030462 0.003753
v 0.011665 0.030474 0.003478
v 0.012066 0.030483 0.004099
v 0.012698 0.030474 0.004253
v 0.007140 0.030483 0.011877
v 0.007399 0.030475 0.011160
v 0.006880 0.030476 0.010435
v 0.006194 0.030483 0.010433
v 0.005675 0.030470 0.010905
v 0.006691 0.030461 0.012138
v 0.005963 0.030471 0.011971
v 0.005661 0.030470 0.011512
v -0.002641 0.030470 0.012010
v -0.002502 0.030469 0.012812
v -0.002952 0.030470 0.013350
v -0.003751 0.030471 0.013371
v -0.003077 0.030480 0.011712
v -0.003903 0.030479 0.011829
v -0.004255 0.030473 0.012669
v -0.011812 0.030482 0.005774
v -0.011342 0.030452 0.005599
v -0.010724 0.030474 0.005787
v -0.010418 0.030469 0.006250
v -0.010434 0.030466 0.006864
v -0.012117 0.030483 0.006290
v -0.011958 0.030474 0.007067
v -0.011354 0.030475 0.007369
v -0.010784 0.030482 0.007250
v -0.011710 0.030452 -0.003685
v -0.012219 0.030467 -0.004190
v -0.011687 0.030484 -0.003106
v -0.011985 0.030478 -0.002646
v -0.012546 0.030461 -0.002467
v -0.013291 0.030473 -0.002850
v -0.012872 0.030482 -0.004183
v -0.013381 0.030472 -0.003713
v -0.005861 0.030470 -0.011879
v -0.005598 0.030469 -0.011324
v -0.005957 0.030466 -0.010524
v -0.006837 0.030471 -0.010425
v -0.006588 0.030479 -0.012159
v -0.007207 0.030474 -0.011768
v -0.007387 0.030473 -0.011112
v 0.004206 0.030462 -0.012258
v 0.003908 0.030487 -0.011824
v 0.004093 0.030474 -0.013086
v 0.003509 0.030475 -0.013419
v 0.002841 0.030478 -0.013291
v 0.003436 0.030465 -0.011647
v 0.002780 0.030466 -0.011893
v 0.002468 0.030468 -0.012498
v 0.011953 0.030460 -0.007080
v 0.012150 0.030473 -0.006336
v 0.011749 0.030469 -0.005752
v 0.011221 0.030473 -0.005604
v 0.010524 0.030475 -0.005976
v 0.011581 0.030481 -0.007342
v 0.010936 0.030482 -0.007316
v 0.010425 0.030473 -0.006835
v -0.011621 0.028201 -0.009525
v -0.013539 0.028200 -0.006458
v -0.014586 0.028200 -0.003502
v -0.014907 0.028002 -0.000186
v -0.014749 0.028200 0.002734
v -0.013858 0.028200 0.005740
v -0.012169 0.028002 0.008611
v -0.010325 0.028200 0.010881
v -0.007837 0.028200 0.012790
v -0.005007 0.028200 0.014140
v -0.001958 0.028200 0.014872
v 0.001177 0.028200 0.014954
v 0.004260 0.028200 0.014382
v 0.007157 0.028200 0.013182
v 0.009742 0.028200 0.011406
v 0.012102 0.028003 0.008712
v 0.013932 0.028200 0.005558
v 0.014800 0.028200 0.002443
v 0.014899 0.028006 -0.000682
v 0.014463 0.028200 -0.003977
v 0.013275 0.028200 -0.006984
v 0.006369 0.028200 -0.013581
v 0.009131 0.028200 -0.011900
v 0.011470 0.028200 -0.009667
v 0.003310 0.028200 -0.014630
v 0.000098 0.028200 -0.015000
v -0.003119 0.028200 -0.014672
v -0.006191 0.028200 -0.013663
v -0.008975 0.028200 -0.012019
v 0.011980 0.027927 0.002649
v 0.012739 0.027928 0.002487
v 0.013364 0.027932 0.002960
v 0.013378 0.027940 0.003745
v 0.012995 0.027921 0.004137
v 0.012187 0.027927 0.004188
v 0.011723 0.027915 0.003696
v 0.011611 0.027846 0.003418
v 0.005674 0.027930 0.010908
v 0.006852 0.027932 0.010427
v 0.007393 0.027932 0.011148
v 0.007068 0.027935 0.011962
v 0.006550 0.027926 0.012142
v 0.005941 0.027935 0.011953
v 0.005658 0.027935 0.011505
v -0.004208 0.027929 0.012231
v -0.003757 0.027934 0.011741
v -0.003411 0.027847 0.011613
v -0.002647 0.027913 0.011960
v -0.002483 0.027918 0.012751
v -0.002974 0.027930 0.013374
v -0.003745 0.027940 0.013378
v -0.004138 0.027922 0.012988
v -0.012109 0.027939 0.006160
v -0.011505 0.027929 0.005647
v -0.010860 0.027938 0.005673
v -0.010323 0.027913 0.006406
v -0.010692 0.027928 0.007208
v -0.011378 0.027917 0.007369
v -0.011960 0.027939 0.007072
v -0.013381 0.027939 -0.003744
v -0.012995 0.027921 -0.004137
v -0.012189 0.027927 -0.004189
v -0.011644 0.027964 -0.003394
v -0.011984 0.027940 -0.002662
v -0.012559 0.027932 -0.002484
v -0.013083 0.027931 -0.002637
v -0.013412 0.027930 -0.003153
v -0.007073 0.027935 -0.011958
v -0.006372 0.027922 -0.012159
v -0.005755 0.027932 -0.011814
v -0.005672 0.027930 -0.010914
v -0.006849 0.027932 -0.010426
v -0.007393 0.027932 -0.011148
v 0.002513 0.027944 -0.012900
v 0.003232 0.027942 -0.013449
v 0.004024 0.027941 -0.013191
v 0.004208 0.027929 -0.012234
v 0.003747 0.027934 -0.011750
v 0.003419 0.027853 -0.011619
v 0.002643 0.027913 -0.011968
v 0.011696 0.027939 -0.005713
v 0.012126 0.027936 -0.006299
v 0.011921 0.027926 -0.007128
v 0.011163 0.027939 -0.007392
v 0.010571 0.027928 -0.007029
v 0.010830 0.027985 -0.005705
v 0.010324 0.027923 -0.006369
v 0.008137 0.027899 0.012328
v 0.002419 0.027899 0.014572
v -0.003717 0.027899 0.014296
v -0.009210 0.027899 0.011548
v -0.014239 0.027899 0.003929
v -0.013829 0.027899 -0.005191
v -0.011357 0.027900 -0.009367
v 0.014155 0.027899 0.004239
v 0.013844 0.027899 -0.005164
v 0.010411 0.027899 -0.010485
v 0.005065 0.027899 -0.013881
v -0.001212 0.027899 -0.014726
v -0.007266 0.027899 -0.012866
v -0.011713 0.027907 -0.003722
v 0.010940 0.027909 -0.005603
v 0.012480 0.027945 0.009476
v 0.010234 0.027956 0.011869
v 0.007543 0.027956 0.013737
v 0.004491 0.027961 0.015015
v 0.001259 0.027970 0.015617
v -0.001973 0.027956 0.015547
v -0.005162 0.027956 0.014797
v -0.008126 0.027956 0.013401
v -0.010734 0.027956 0.011418
v -0.012874 0.027956 0.008937
v -0.014451 0.027956 0.006065
v -0.015384 0.027971 0.002972
v -0.015668 0.027956 -0.000337
v -0.015256 0.027956 -0.003587
v -0.014177 0.027956 -0.006680
v -0.012480 0.027945 -0.009476
v -0.010234 0.027956 -0.011869
v -0.007543 0.027956 -0.013737
v -0.004491 0.027961 -0.015015
v -0.001259 0.027970 -0.015617
v 0.001973 0.027956 -0.015547
v 0.005162 0.027956 -0.014797
v 0.008126 0.027956 -0.013401
v 0.010743 0.027974 -0.011415
v 0.012874 0.027956 -0.008937
v 0.014451 0.027956 -0.006065
v 0.015384 0.027971 -0.002972
v 0.015668 0.027956 0.000337
v 0.015256 0.027956 0.003587
v 0.014177 0.027956 0.006680
v 0.012838 0.028407 0.009778
v 0.009353 0.028399 0.013077
v 0.004054 0.028400 0.015519
v -0.015967 0.028398 0.002147
v -0.014782 0.028400 0.006123
v -0.012028 0.028399 0.010669
v -0.008360 0.028400 0.013642
v -0.003460 0.028399 0.015701
v 0.001766 0.028399 0.016082
v -0.012828 0.028407 -0.009793
v -0.013488 0.028389 -0.009324
v -0.015937 0.028398 -0.001988
v -0.010391 0.028400 -0.012166
v -0.007635 0.028400 -0.014061
v -0.002489 0.028402 -0.015994
v 0.015967 0.028398 -0.002147
v 0.014782 0.028400 -0.006123
v 0.012028 0.028399 -0.010669
v 0.008360 0.028400 -0.013642
v 0.003460 0.028399 -0.015701
v -0.001766 0.028399 -0.016082
v 0.014441 0.028400 0.006888
v 0.015935 0.028396 0.001989
v -0.007238 0.028341 -0.018482
v -0.003979 0.028351 -0.017021
v -0.004320 0.028240 -0.019433
v -0.017470 0.028355 0.000559
v -0.019814 0.028315 0.000818
v -0.018605 0.028306 0.007044
v -0.017128 0.028352 0.004022
v -0.019434 0.028239 0.004320
v 0.004355 0.028349 0.019342
v 0.003989 0.028367 0.017021
v 0.017469 0.028367 -0.000552
v 0.019810 0.028314 -0.000817
v 0.019340 0.028348 -0.004354
v 0.017128 0.028352 -0.004022
v -0.019348 0.028399 -0.003882
v 0.019303 0.028401 0.004133
v 0.013684 0.028348 0.009228
v 0.016918 0.028332 0.003882
v 0.017754 0.028314 0.003856
v 0.016378 0.028398 0.004510
v 0.018268 0.028324 0.004542
v 0.017980 0.028358 0.005364
v 0.017987 0.028258 0.008598
v 0.016750 0.028313 0.010616
v 0.016875 0.028392 0.005581
v 0.014949 0.028340 0.009271
v 0.009616 0.028395 0.014720
v 0.008479 0.028398 0.014714
v 0.008129 0.028290 0.015710
v 0.010921 0.028402 0.016461
v 0.009138 0.028317 0.016456
v 0.012512 0.028341 0.010732
v 0.012713 0.028343 0.011897
v 0.009826 0.028339 0.015957
v 0.008369 0.028342 0.016234
v 0.014724 0.028313 -0.008922
v 0.015127 0.028394 -0.009960
v 0.015221 0.028396 -0.008007
v 0.016497 0.028393 -0.008454
v 0.016441 0.028338 -0.003470
v 0.011957 0.028345 -0.012752
v 0.013471 0.028235 -0.014690
v 0.016369 0.028400 -0.011093
v 0.016293 0.028324 -0.009542
v -0.009195 0.028349 0.014779
v -0.005678 0.028385 0.016970
v -0.004285 0.028322 0.016564
v -0.003774 0.028334 0.017290
v -0.003773 0.028401 0.019373
v 0.000547 0.028353 0.017574
v 0.000817 0.028314 0.019808
v 0.000944 0.028352 0.016717
v -0.004056 0.028351 0.018071
v -0.005025 0.028394 0.018378
v -0.008300 0.028290 0.018094
v -0.010647 0.028294 0.016778
v 0.003638 0.028386 -0.017804
v 0.003988 0.028399 -0.019340
v -0.000547 0.028353 -0.017574
v -0.000819 0.028313 -0.019815
v 0.009849 0.028331 -0.012830
v 0.010917 0.028319 -0.012487
v 0.009238 0.028327 -0.013768
v 0.009220 0.028350 -0.014851
v -0.000944 0.028352 -0.016717
v 0.005481 0.028343 -0.017789
v 0.005425 0.028328 -0.016909
v 0.004292 0.028395 -0.016395
v 0.010435 0.028412 -0.016770
v 0.004713 0.028327 -0.018292
v -0.014721 0.028299 0.008903
v -0.014984 0.028366 0.009697
v -0.011899 0.028349 0.012711
v -0.010731 0.028326 0.012518
v -0.009840 0.028348 0.012872
v -0.009289 0.028330 0.013642
v -0.015215 0.028341 0.008165
v -0.016287 0.028337 0.008423
v -0.016189 0.028320 0.003092
v -0.016293 0.028401 0.011150
v -0.016459 0.028324 0.009075
v -0.015955 0.028394 0.009991
v -0.009841 0.028316 -0.015324
v -0.011163 0.028400 -0.016288
v -0.009733 0.028393 -0.016343
v -0.008633 0.028314 -0.016391
v -0.008107 0.028345 -0.015704
v -0.003281 0.028354 -0.016306
v -0.012713 0.028343 -0.011897
v -0.009274 0.028338 -0.014723
v -0.012506 0.028358 -0.010732
v -0.008407 0.028358 -0.014884
v -0.016796 0.028362 -0.003952
v -0.016509 0.028320 -0.004755
v -0.014385 0.028353 -0.009149
v -0.018197 0.028292 -0.008046
v -0.018102 0.028394 -0.005443
v -0.016952 0.028313 -0.005429
v -0.018224 0.028307 -0.004395
v -0.016778 0.028295 -0.010645
v -0.015399 0.028343 -0.009533
v -0.016562 0.028342 0.001111
v -0.017662 0.028330 -0.003799
v 0.002433 0.028352 0.016045
v 0.003272 0.028345 0.016306
v 0.016562 0.028342 -0.001111
v 0.010744 0.028133 -0.016856
v 0.000992 0.028111 -0.019984
v 0.006437 0.028121 -0.019030
v -0.014611 0.028294 -0.013439
v -0.012968 0.028101 -0.015253
v -0.010167 0.028101 -0.017234
v -0.019966 0.028095 -0.001515
v -0.019382 0.028102 -0.004977
v -0.015309 0.028101 0.012901
v -0.013439 0.028294 0.014611
v -0.017287 0.028100 0.010065
v -0.005276 0.028100 0.019296
v -0.001900 0.028098 0.019923
v 0.014609 0.028295 0.013438
v 0.012633 0.028101 0.015513
v 0.006711 0.028101 0.018864
v 0.009753 0.028097 0.017475
v 0.019712 0.028075 0.003873
v 0.016137 0.028082 -0.002547
v 0.018964 0.028103 -0.006425
v 0.016740 0.028117 -0.011069
v -0.017245 0.028201 -0.003843
v -0.017921 0.028185 -0.005328
v -0.008858 0.028201 -0.014773
v -0.009561 0.028191 -0.016235
v -0.015731 0.028201 0.008184
v -0.015389 0.028204 0.009800
v -0.016092 0.028190 0.009633
v 0.003827 0.028185 -0.017549
v 0.004858 0.028204 -0.016586
v 0.004156 0.028190 -0.016753
v -0.005490 0.028185 0.017225
v -0.004801 0.028201 0.016571
v -0.004460 0.028204 0.018187
v -0.005162 0.028190 0.018020
v 0.016355 0.028191 -0.008712
v 0.015466 0.028191 -0.009812
v 0.014866 0.028192 -0.009369
v 0.015788 0.028204 -0.008200
v 0.015085 0.028190 -0.008367
v 0.009338 0.028198 0.014837
v 0.009815 0.028194 0.015483
v 0.008437 0.028189 0.014949
v 0.017529 0.028201 0.005475
v 0.016649 0.028190 0.005102
v 0.016717 0.028196 0.004184
v 0.013517 0.027200 -0.014741
v 0.009442 0.027200 -0.013340
v 0.010445 0.027200 -0.012573
v 0.010740 0.027200 -0.016872
v -0.000865 0.027200 -0.019981
v 0.019983 0.027200 -0.000871
v 0.015668 0.021193 0.012452
v 0.016872 0.027200 0.010740
v 0.017834 0.021200 0.009052
v 0.019278 0.021200 -0.005325
v 0.019524 0.027200 -0.004336
v 0.019928 0.021200 -0.001692
v 0.019900 0.021200 0.001999
v 0.013587 0.021200 -0.014676
v 0.010659 0.021200 -0.016923
v -0.007081 0.021200 -0.018705
v -0.004332 0.027200 -0.019554
v -0.003524 0.021200 -0.019687
v 0.000154 0.021200 -0.019999
v -0.016098 0.021195 -0.011890
v -0.013360 0.021200 -0.014883
v -0.014741 0.027200 -0.013517
v 0.019194 0.021200 0.005621
v 0.017971 0.021200 -0.008777
v 0.016053 0.021200 -0.011929
v 0.007368 0.021200 -0.018593
v 0.003826 0.021200 -0.019631
v -0.010397 0.021200 -0.017085
v -0.002535 0.027899 -0.016104
v -0.002852 0.027200 -0.016108
v -0.001621 0.027200 -0.016252
v -0.012868 0.027250 -0.011864
v -0.012941 0.027902 -0.009876
v -0.012577 0.027200 -0.010437
v -0.014864 0.027245 -0.009386
v -0.014048 0.027242 -0.009320
v -0.013285 0.027200 -0.009504
v -0.016906 0.027200 -0.010794
v -0.005345 0.021200 0.019273
v -0.018199 0.021200 -0.008294
v 0.014769 0.027200 0.013522
v -0.019981 0.027200 0.000865
v -0.019981 0.021200 -0.000872
v -0.019578 0.027200 0.004327
v -0.018853 0.021200 0.006676
v -0.013516 0.027200 0.014756
v -0.014979 0.021200 0.013252
v -0.012175 0.021200 0.015867
v -0.010740 0.027200 0.016872
v -0.008924 0.021200 0.017899
v 0.000875 0.027200 0.019987
v -0.001569 0.021200 0.019938
v 0.004336 0.027200 0.019524
v 0.006014 0.021200 0.019074
v 0.012722 0.021200 0.015432
v -0.019447 0.021200 -0.004669
v -0.017233 0.021200 0.010151
v 0.009543 0.021200 0.017576
v -0.017471 0.027200 0.000608
v -0.016118 0.027200 0.002644
v -0.016209 0.027900 0.001715
v -0.016284 0.027200 0.001469
v -0.009419 0.027200 0.013363
v -0.010437 0.027200 0.012577
v 0.000713 0.027255 0.018178
v 0.000793 0.027200 0.016979
v 0.002535 0.027899 0.016104
v 0.002848 0.027200 0.016105
v 0.001863 0.027899 0.016210
v 0.003871 0.027244 0.017151
v 0.001621 0.027200 0.016252
v 0.012868 0.027250 0.011864
v 0.012929 0.027901 0.009893
v 0.012577 0.027200 0.010440
v 0.013292 0.027200 0.009496
v 0.014906 0.027243 0.009406
v 0.014087 0.027242 0.009315
v 0.018169 0.027255 -0.000710
v 0.016118 0.027200 -0.002644
v 0.016212 0.027900 -0.001792
v 0.016284 0.027200 -0.001469
v 0.016545 0.027242 -0.003370
v 0.016950 0.027222 -0.000969
v 0.017190 0.027243 -0.003889
v -0.018118 0.021100 -0.005015
v -0.017638 0.021102 -0.005438
v -0.016693 0.021100 -0.004192
v -0.017207 0.020952 -0.005536
v -0.016652 0.021106 -0.005016
v -0.017505 0.021101 -0.003845
v -0.018108 0.020973 -0.004142
v -0.009725 0.021102 -0.015962
v -0.009130 0.021105 -0.016400
v -0.008594 0.020952 -0.016385
v -0.008384 0.020964 -0.014949
v -0.008114 0.020967 -0.015705
v -0.009141 0.020973 -0.014721
v -0.009800 0.020973 -0.015229
v -0.014895 0.021101 0.009467
v -0.016386 0.021124 0.008680
v -0.015470 0.021101 0.008186
v -0.014854 0.021106 0.008642
v -0.015687 0.021105 0.009812
v -0.016180 0.020953 0.009665
v 0.003818 0.020961 -0.017717
v 0.004285 0.020963 -0.018175
v 0.004987 0.021109 -0.018139
v 0.005474 0.021109 -0.017479
v 0.005136 0.020960 -0.016597
v 0.004560 0.021105 -0.016575
v 0.003925 0.021102 -0.017019
v -0.003965 0.021101 0.017853
v -0.005102 0.020959 0.016577
v -0.004541 0.021101 0.016573
v -0.003924 0.021106 0.017029
v -0.005536 0.020971 0.017343
v -0.004757 0.021105 0.018198
v -0.005250 0.020953 0.018052
v 0.014810 0.020967 -0.009418
v 0.015215 0.020963 -0.009788
v 0.015930 0.020967 -0.009826
v 0.016474 0.020967 -0.009117
v 0.016201 0.020964 -0.008357
v 0.015490 0.021105 -0.008188
v 0.014784 0.020970 -0.008632
v 0.008273 0.021101 0.015222
v 0.008825 0.020990 0.014732
v 0.009486 0.021100 0.014932
v 0.009826 0.021102 0.015542
v 0.009738 0.020956 0.016141
v 0.008882 0.021101 0.016402
v 0.008279 0.020973 0.016105
v 0.016662 0.021102 0.004286
v 0.017272 0.020974 0.003787
v 0.018184 0.021108 0.004315
v 0.018117 0.020956 0.005214
v 0.017269 0.021101 0.005473
v 0.016586 0.020973 0.005019
v 0.015788 0.027217 0.011574
v 0.013486 0.027224 0.012377
v 0.012630 0.027246 0.010996
v -0.013486 0.027224 -0.012377
v -0.012627 0.027248 -0.010983
v -0.015825 0.027241 -0.011482
v 0.018888 0.027243 -0.001100
v 0.001100 0.027243 0.018888
v 0.003344 0.027241 0.016548
v -0.018337 0.020909 -0.005158
v -0.016953 0.020903 -0.003703
v -0.009730 0.020905 -0.016349
v -0.016022 0.020903 0.008044
v -0.004226 0.020903 0.018343
v 0.009839 0.020907 0.014972
v -0.003063 0.027838 0.011908
v 0.006207 0.027888 0.010473
v 0.010639 0.027827 -0.006131
v 0.010341 0.027661 -0.006210
v 0.003063 0.027840 -0.011907
v -0.006206 0.027888 -0.010473
v -0.011593 0.027595 -0.003110
v -0.010592 0.027828 0.006107
v -0.010388 0.027593 0.006009
v -0.006053 0.027874 -0.011897
v -0.011938 0.027824 0.006643
v 0.002519 0.027892 -0.012734
v -0.004025 0.027704 0.012709
v -0.003680 0.027719 0.011993
v -0.002733 0.027716 0.012428
v -0.003088 0.027713 0.013192
v 0.006111 0.027722 0.011811
v 0.006616 0.027717 0.010600
v 0.005892 0.027724 0.010996
v 0.012175 0.027722 0.003919
v 0.011950 0.027718 0.003094
v 0.012672 0.027718 0.002706
v 0.011522 0.027721 -0.007083
v 0.011939 0.027710 -0.006375
v 0.011292 0.027718 -0.005856
v 0.010631 0.027721 -0.006613
v 0.010945 0.027721 -0.007068
v 0.003680 0.027719 -0.011993
v 0.004025 0.027704 -0.012709
v 0.002733 0.027716 -0.012428
v 0.003088 0.027713 -0.013192
v -0.006074 0.027729 -0.010742
v -0.006772 0.027719 -0.010680
v -0.005906 0.027717 -0.011564
v -0.011927 0.027720 -0.003282
v -0.012826 0.027724 -0.002779
v -0.012186 0.027718 -0.003923
v -0.012217 0.027724 -0.002809
v -0.011035 0.027731 0.005902
v -0.011522 0.027721 0.007083
v -0.011666 0.027720 0.005981
v -0.010607 0.027719 0.006398
v -0.010919 0.027723 0.007060
v -0.006898 0.027718 -0.011760
v -0.007134 0.027718 -0.011163
v 0.012954 0.027718 0.003868
v 0.013194 0.027721 0.003283
v 0.006895 0.027718 0.011762
v 0.007137 0.027721 0.011176
v -0.012952 0.027718 -0.003868
v -0.013194 0.027721 -0.003283
v -0.003629 0.022898 0.011941
v -0.002848 0.022898 0.012147
v -0.002774 0.022899 0.012815
v -0.003451 0.022894 0.013227
v -0.004004 0.022898 0.012637
v 0.006241 0.022899 0.010641
v 0.007023 0.022899 0.010853
v 0.007022 0.022895 0.011694
v 0.006292 0.022899 0.011871
v 0.005855 0.022896 0.011374
v 0.012157 0.022899 0.002860
v 0.012828 0.022898 0.002763
v 0.013203 0.022899 0.003336
v 0.012767 0.022891 0.004000
v 0.011931 0.022889 0.003594
v 0.011170 0.022898 -0.007138
v 0.011883 0.022894 -0.006757
v 0.011660 0.022899 -0.005997
v 0.011054 0.022901 -0.005883
v 0.010580 0.022892 -0.006529
v 0.002774 0.022899 -0.012815
v 0.003451 0.022894 -0.013227
v 0.004004 0.022898 -0.012637
v 0.003629 0.022898 -0.011941
v 0.002848 0.022898 -0.012147
v -0.006877 0.022898 -0.011777
v -0.006207 0.022898 -0.011850
v -0.005856 0.022898 -0.011274
v -0.006127 0.022896 -0.010740
v -0.006757 0.022900 -0.010664
v -0.007139 0.022896 -0.011202
v -0.013140 0.022899 -0.003639
v -0.012401 0.022893 -0.004039
v -0.011913 0.022898 -0.003381
v -0.012322 0.022896 -0.002745
v -0.013080 0.022899 -0.002959
v -0.011660 0.022899 0.005997
v -0.010972 0.022901 0.005900
v -0.010614 0.022898 0.006484
v -0.010885 0.022896 0.007019
v -0.011512 0.022900 0.007095
v -0.011897 0.022897 0.006574
v -0.003365 0.022524 0.012557
v 0.006500 0.022524 0.011258
v 0.012557 0.022524 0.003365
v 0.011258 0.022524 -0.006500
v 0.003365 0.022524 -0.012557
v -0.006500 0.022524 -0.011258
v -0.012557 0.022524 -0.003365
v -0.011258 0.022524 0.006500
v 0.015888 0.027245 0.010573
v 0.015474 0.027304 0.012111
v 0.014837 0.027245 0.012494
v 0.014123 0.027304 0.012610
v 0.012834 0.027376 0.010103
v 0.013027 0.027364 0.009848
v 0.013260 0.027223 0.009677
v 0.015418 0.027249 0.009769
v 0.015921 0.028361 0.011177
v 0.015466 0.028358 0.012079
v 0.014863 0.028358 0.012482
v 0.014142 0.028353 0.012586
v 0.013452 0.028358 0.012363
v 0.013273 0.028357 0.009628
v 0.012697 0.028352 0.010488
v 0.015136 0.028275 0.009514
v 0.014332 0.028367 0.009317
v 0.012739 0.028355 0.011597
v 0.015677 0.028368 0.010085
v 0.015272 0.028400 0.010827
v 0.014561 0.028400 0.011173
v 0.014328 0.028400 0.011960
v 0.013278 0.028400 0.011006
v 0.014000 0.028400 0.010742
v 0.014150 0.028400 0.009966
v 0.014065 0.028400 0.011238
v 0.014496 0.028400 0.010677
v 0.014248 0.027600 0.010710
v 0.013300 0.027600 0.011171
v 0.013902 0.027600 0.009999
v 0.014398 0.027600 0.009934
v 0.015239 0.027600 0.010579
v 0.015304 0.027600 0.011075
v 0.014230 0.027600 0.011216
v 0.014494 0.027600 0.011938
v -0.006084 -0.019856 -0.018064
v -0.006121 -0.017901 -0.018218
v -0.006503 -0.017900 -0.017116
v -0.006414 -0.019871 -0.016861
v -0.006335 -0.017900 -0.016218
v -0.006233 -0.019748 -0.016109
v -0.005393 -0.017900 -0.015188
v -0.005545 -0.019842 -0.015422
v -0.004573 -0.019858 -0.015143
v -0.003993 -0.017900 -0.015132
v -0.003140 -0.017900 -0.015656
v -0.003664 -0.019748 -0.015323
v -0.002659 -0.017900 -0.016534
v -0.002657 -0.019748 -0.016933
v -0.002677 -0.017900 -0.017535
v -0.002871 -0.019858 -0.017793
v -0.003188 -0.017900 -0.018396
v -0.003611 -0.019858 -0.018600
v -0.004080 -0.017900 -0.018894
v -0.004534 -0.019856 -0.018861
v -0.005051 -0.017900 -0.018881
v -0.005446 -0.019748 -0.018678
v -0.003000 -0.019867 -0.015983
v -0.005219 -0.019900 -0.017556
v -0.003891 -0.019900 -0.016445
v -0.004704 -0.019900 -0.016147
v -0.003742 -0.019900 -0.017298
v -0.005369 -0.019900 -0.016703
v -0.004406 -0.019900 -0.017853
v -0.003889 -0.018907 -0.016483
v -0.004692 -0.018905 -0.016154
v -0.003772 -0.018912 -0.017286
v -0.004419 -0.018905 -0.017847
v -0.005222 -0.018907 -0.017518
v -0.005338 -0.018912 -0.016715
v -0.004555 -0.018467 -0.017000
v 0.018689 0.027240 -0.003771
v 0.019316 0.027247 -0.003084
v 0.019491 0.027249 -0.002341
v 0.019313 0.027256 -0.001595
v 0.017527 0.027282 -0.000723
v 0.016175 0.027368 -0.002255
v 0.016251 0.027244 -0.002726
v 0.016282 0.027306 -0.001718
v 0.017822 0.027247 -0.003993
v 0.018850 0.028359 -0.003637
v 0.019324 0.028347 -0.003073
v 0.019490 0.028348 -0.002327
v 0.019322 0.028357 -0.001664
v 0.018953 0.028344 -0.001127
v 0.018279 0.028350 -0.000762
v 0.016202 0.028348 -0.002358
v 0.016368 0.028352 -0.001628
v 0.016366 0.028357 -0.003028
v 0.017395 0.028350 -0.003933
v 0.016734 0.028345 -0.003565
v 0.016847 0.028355 -0.001056
v 0.017515 0.028348 -0.000737
v 0.018171 0.028347 -0.003965
v 0.017171 0.028400 -0.001607
v 0.017495 0.028400 -0.002303
v 0.017053 0.028400 -0.002958
v 0.018455 0.028400 -0.003143
v 0.017800 0.028400 -0.002700
v 0.018197 0.028400 -0.002396
v 0.018589 0.028400 -0.001675
v 0.017892 0.028400 -0.001999
v 0.017628 0.027600 -0.002202
v 0.017303 0.027600 -0.001505
v 0.016900 0.027600 -0.002760
v 0.017205 0.027600 -0.003157
v 0.017998 0.027600 -0.002548
v 0.018256 0.027600 -0.003295
v 0.018653 0.027600 -0.002991
v 0.018690 0.027600 -0.001807
v 0.003771 0.027240 0.018689
v 0.003084 0.027247 0.019316
v 0.002341 0.027249 0.019491
v 0.001595 0.027256 0.019313
v 0.000723 0.027282 0.017527
v 0.001161 0.027230 0.016701
v 0.002248 0.027364 0.016175
v 0.002722 0.027248 0.016248
v 0.001967 0.027301 0.016224
v 0.003993 0.027247 0.017822
v 0.003637 0.028359 0.018850
v 0.003073 0.028347 0.019324
v 0.002327 0.028348 0.019490
v 0.001664 0.028357 0.019322
v 0.001127 0.028344 0.018953
v 0.000762 0.028350 0.018279
v 0.002358 0.028348 0.016202
v 0.001628 0.028352 0.016368
v 0.003030 0.028352 0.016364
v 0.003933 0.028350 0.017395
v 0.003562 0.028350 0.016735
v 0.001056 0.028355 0.016847
v 0.000737 0.028348 0.017515
v 0.003965 0.028347 0.018171
v 0.001607 0.028400 0.017171
v 0.002303 0.028400 0.017495
v 0.002958 0.028400 0.017053
v 0.002700 0.028400 0.017800
v 0.003143 0.028400 0.018455
v 0.002396 0.028400 0.018197
v 0.001675 0.028400 0.018589
v 0.001999 0.028400 0.017892
v 0.002202 0.027600 0.017628
v 0.001505 0.027600 0.017303
v 0.002760 0.027600 0.016900
v 0.003157 0.027600 0.017205
v 0.002548 0.027600 0.017998
v 0.003295 0.027600 0.018256
v 0.002991 0.027600 0.018653
v 0.001807 0.027600 0.018690
v -0.015887 0.027243 -0.010574
v -0.015447 0.027240 -0.012099
v -0.014837 0.027245 -0.012494
v -0.014123 0.027304 -0.012610
v -0.013032 0.027368 -0.009843
v -0.013261 0.027223 -0.009677
v -0.012838 0.027377 -0.010097
v -0.015418 0.027249 -0.009769
v -0.015921 0.028361 -0.011177
v -0.015466 0.028358 -0.012079
v -0.014863 0.028358 -0.012482
v -0.014142 0.028353 -0.012586
v -0.013452 0.028358 -0.012363
v -0.013273 0.028357 -0.009628
v -0.012697 0.028352 -0.010488
v -0.015136 0.028275 -0.009514
v -0.014332 0.028367 -0.009317
v -0.012739 0.028355 -0.011597
v -0.015677 0.028368 -0.010085
v -0.015272 0.028400 -0.010827
v -0.014561 0.028400 -0.011173
v -0.014328 0.028400 -0.011960
v -0.014065 0.028400 -0.011238
v -0.013278 0.028400 -0.011006
v -0.014000 0.028400 -0.010742
v -0.014150 0.028400 -0.009966
v -0.014496 0.028400 -0.010677
v -0.014248 0.027600 -0.010710
v -0.013300 0.027600 -0.011171
v -0.013902 0.027600 -0.009999
v -0.014398 0.027600 -0.009934
v -0.015239 0.027600 -0.010579
v -0.015304 0.027600 -0.011075
v -0.014230 0.027600 -0.011216
v -0.014494 0.027600 -0.011938
v -0.002844 -0.020363 0.004753
v -0.002941 -0.020462 0.004461
v -0.006201 -0.020403 0.002747
v -0.007458 -0.020440 0.003269
v -0.003749 -0.020389 0.003390
v -0.004880 -0.020387 0.002805
v -0.007684 -0.020361 0.003553
v -0.008503 -0.020371 0.006565
v -0.008430 -0.020440 0.006993
v -0.003767 -0.020366 0.008085
v -0.005151 -0.020402 0.008709
v -0.006629 -0.020439 0.008619
v -0.007609 -0.020378 0.008054
v -0.004214 -0.020507 0.003162
v -0.003842 -0.020506 0.007967
v -0.006829 -0.020470 0.004228
v -0.006404 -0.020468 0.003823
v -0.005144 -0.020457 0.003742
v -0.004102 -0.020469 0.004430
v -0.003929 -0.020468 0.005003
v -0.004522 -0.020470 0.007225
v -0.004947 -0.020468 0.007629
v -0.006186 -0.020458 0.007718
v -0.007249 -0.020469 0.007023
v -0.007422 -0.020468 0.006449
v -0.006428 -0.022473 0.007563
v -0.007362 -0.022470 0.006717
v -0.005168 -0.022450 0.003766
v -0.005742 -0.022505 0.004902
v -0.004240 -0.022485 0.004374
v -0.004995 -0.022505 0.005257
v -0.006623 -0.022472 0.004015
v -0.006356 -0.022505 0.006196
v -0.005609 -0.022505 0.006550
v -0.004686 -0.022477 0.007370
v -0.003979 -0.022462 0.004967
v -0.004928 -0.022505 0.006081
v -0.006422 -0.022505 0.005372
v -0.005368 -0.022399 0.007729
v 0.000295 -0.019600 -0.001101
v 0.001050 -0.019598 -0.000509
v 0.000995 -0.019597 0.000610
v 0.000040 -0.019598 0.001163
v -0.000398 -0.019624 -0.001065
v -0.000999 -0.019608 -0.000579
v -0.001130 -0.019602 0.000244
v -0.000748 -0.019602 0.000860
v 0.000856 -0.019999 0.000596
v 0.000292 -0.019988 -0.000998
v 0.000671 -0.020170 -0.000599
v 0.000919 -0.020144 -0.000053
v 0.000053 -0.020145 0.000942
v -0.000718 -0.019986 0.000757
v -0.001027 -0.020001 -0.000087
v -0.000595 -0.020127 -0.000732
v -0.000769 -0.020191 0.000279
v -0.003421 -0.022455 -0.006310
v -0.002281 -0.022463 -0.005823
v -0.003740 -0.022480 -0.006930
v -0.001545 -0.022450 -0.009757
v -0.001878 -0.022505 -0.008644
v -0.000616 -0.022485 -0.009149
v -0.002999 -0.022472 -0.009509
v -0.002406 -0.022505 -0.007050
v -0.002899 -0.022505 -0.007971
v -0.001105 -0.022471 -0.006085
v -0.001582 -0.022505 -0.007116
v -0.001228 -0.022505 -0.007863
v -0.000356 -0.022462 -0.008556
v -0.002780 -0.020468 -0.009700
v -0.001520 -0.020457 -0.009781
v -0.003784 -0.020460 -0.006754
v -0.002606 -0.020458 -0.005816
v -0.001313 -0.020466 -0.005897
v -0.000479 -0.020469 -0.009093
v -0.003206 -0.020470 -0.009295
v -0.000306 -0.020468 -0.008520
v -0.000883 -0.020471 -0.006332
v 0.000781 -0.020363 -0.008881
v -0.000254 -0.020434 -0.010243
v -0.003959 -0.020361 -0.010155
v -0.002573 -0.020403 -0.010777
v -0.001267 -0.020361 -0.010717
v -0.004885 -0.020363 -0.006712
v -0.001550 -0.020403 -0.004812
v -0.000145 -0.020362 -0.005437
v -0.003847 -0.020434 -0.005348
v -0.002831 -0.020361 -0.004875
v 0.000647 -0.020506 -0.008849
v -0.003884 -0.020506 -0.010039
v -0.004751 -0.020506 -0.006744
v -0.000219 -0.020506 -0.005555
v 0.016079 -0.007696 -0.010983
v 0.016069 -0.009000 -0.010989
v 0.015658 -0.009000 -0.010762
v 0.006011 -0.009000 0.018233
v 0.008750 -0.009000 0.018083
v 0.012324 -0.008999 -0.014498
v -0.016010 -0.009000 0.010234
v -0.016609 -0.009000 0.009632
v -0.018438 -0.009000 0.007977
v 0.015321 -0.009000 -0.012856
v 0.008180 -0.009000 0.017149
v 0.008413 -0.009000 0.017545
v -0.017998 -0.009000 0.007410
v -0.011620 -0.009000 -0.015066
v 0.014322 -0.009000 -0.012785
v -0.015412 -0.009000 0.011875
v -0.017593 -0.009000 0.007223
v -0.007410 -0.009001 -0.018001
v -0.008750 -0.009000 -0.018083
v 0.012604 -0.009000 -0.014827
v 0.012586 -0.009000 -0.015543
v 0.003413 -0.009000 0.018714
v 0.003505 -0.009000 0.019148
v 0.001465 -0.009000 0.020024
v -0.020083 -0.009000 0.000527
v -0.018831 -0.009000 -0.007000
v -0.014863 -0.009000 -0.013516
v -0.011879 -0.009000 -0.015410
v -0.014134 -0.009000 0.014277
v -0.015074 -0.009000 0.011566
v -0.009567 -0.009000 -0.016646
v -0.007271 -0.009000 -0.017554
v -0.008747 -0.009000 -0.016870
v -0.009389 -0.009000 0.017659
v -0.004923 -0.009000 0.019419
v -0.003129 -0.009000 -0.019754
v 0.000698 -0.009000 -0.019988
v 0.005052 -0.009000 -0.019377
v 0.018438 -0.009000 -0.007977
v 0.020083 -0.009000 -0.000527
v 0.018831 -0.009000 0.007000
v 0.014863 -0.009000 0.013516
v 0.009389 -0.009000 -0.017659
v 0.017939 -0.007717 -0.006403
v 0.018897 -0.007700 -0.002183
v 0.015319 -0.007701 0.011259
v 0.012424 -0.007712 0.014448
v 0.004979 -0.012200 -0.019411
v 0.005175 -0.020328 -0.019262
v 0.001123 -0.020367 -0.019913
v -0.000220 -0.010277 -0.020011
v -0.000181 -0.012134 -0.020005
v -0.002478 -0.020358 -0.019780
v 0.005314 -0.010200 -0.019307
v -0.005139 -0.020334 0.019259
v -0.008507 -0.020319 0.018069
v -0.005560 -0.020393 -0.019092
v -0.010213 -0.020360 -0.017154
v -0.012884 -0.020200 -0.015326
v -0.015761 -0.020382 -0.012233
v -0.017631 -0.020200 -0.009491
v -0.019165 -0.020371 -0.005544
v -0.019884 -0.020205 -0.002356
v -0.019905 -0.020389 0.000526
v -0.019658 -0.020311 0.003532
v -0.018757 -0.020200 0.007007
v -0.017262 -0.020388 0.009997
v -0.014344 -0.020395 0.013771
v -0.011907 -0.020349 0.015998
v 0.010195 -0.012124 -0.017213
v 0.012194 -0.020225 -0.015844
v 0.010169 -0.010270 -0.017230
v 0.008837 -0.020197 -0.017969
v -0.001273 -0.020360 0.019891
v 0.002622 -0.020308 0.019794
v 0.005950 -0.020358 0.019029
v 0.010172 -0.020383 0.017162
v 0.012884 -0.020200 0.015326
v 0.015752 -0.020388 0.012240
v 0.017631 -0.020200 0.009491
v 0.019059 -0.020361 0.005828
v 0.019885 -0.020203 0.002346
v 0.019951 -0.020367 0.000561
v 0.019739 -0.020200 -0.003358
v 0.018829 -0.020388 -0.006589
v 0.017082 -0.020205 -0.010447
v 0.015089 -0.020381 -0.013026
v 0.005872 -0.014900 0.018197
v 0.003406 -0.007703 0.018725
v 0.003517 -0.007689 0.019141
v -0.015417 -0.007695 0.011894
v -0.016027 -0.014900 0.010223
v -0.016622 -0.014900 0.009616
v -0.016948 -0.014900 0.008589
v -0.017629 -0.007700 0.007088
v -0.018006 -0.007692 0.007405
v -0.011627 -0.007698 -0.015078
v -0.010382 -0.014900 -0.015912
v -0.009596 -0.014900 -0.016636
v -0.008762 -0.014900 -0.016866
v -0.007402 -0.007695 -0.018007
v 0.012608 -0.007693 -0.014835
v 0.012328 -0.007694 -0.014505
v 0.014183 -0.014900 -0.012823
v 0.003903 -0.010200 -0.018641
v 0.009621 -0.010195 -0.016405
v -0.000490 -0.010302 -0.018997
v -0.000486 -0.012098 -0.018996
v 0.009921 -0.012100 -0.016207
v 0.006170 -0.012200 -0.018000
v 0.001902 -0.012200 -0.018905
v 0.009702 -0.020401 -0.017346
v 0.019140 -0.020393 0.005204
v 0.009997 -0.010484 -0.016157
v -0.006689 -0.007707 0.017856
v -0.001201 -0.007698 0.019006
v -0.016167 -0.014900 0.009981
v -0.018628 -0.007700 0.003742
v -0.019002 -0.007702 0.000171
v -0.018711 -0.007702 -0.003340
v -0.017762 -0.007700 -0.006777
v -0.016187 -0.007707 -0.009961
v -0.014071 -0.007704 -0.012782
v -0.009010 -0.014900 -0.016728
v -0.009500 -0.014900 -0.016454
v 0.008546 -0.007699 -0.017021
v 0.017112 -0.020348 0.002428
v 0.018691 -0.020199 0.003362
v 0.018988 -0.020206 0.005044
v 0.018294 -0.020200 0.006099
v 0.016102 -0.020333 0.006459
v 0.017445 -0.020315 0.006572
v 0.015183 -0.020337 0.005551
v 0.014938 -0.020318 0.004564
v 0.014890 -0.020394 0.003858
v 0.015843 -0.020320 0.002850
v -0.006416 -0.020399 -0.015745
v -0.002240 -0.020400 -0.012739
v -0.013861 -0.020400 -0.006313
v -0.006398 -0.020318 -0.017924
v -0.006617 -0.020318 -0.017033
v 0.002664 -0.020400 0.010341
v 0.003583 -0.020400 0.010810
v -0.001075 -0.020400 0.011419
v -0.005136 -0.020400 0.010356
v 0.001050 -0.020377 -0.000727
v 0.000013 -0.020355 -0.001259
v 0.005201 -0.020400 0.008854
v 0.007479 -0.020373 0.007704
v -0.008950 -0.020400 -0.003995
v 0.001046 -0.020386 0.005629
v -0.006465 -0.020400 0.013738
v -0.010395 -0.020347 0.012982
v -0.011569 -0.020397 0.014521
v -0.006674 -0.020400 0.012888
v -0.011869 -0.020317 0.010466
v -0.010567 -0.020398 0.011213
v -0.014504 -0.020317 0.012348
v -0.013263 -0.020398 0.010356
v -0.014255 -0.020317 0.011459
v 0.004209 -0.020378 -0.004600
v 0.003785 -0.020360 -0.004423
v 0.010212 -0.020388 -0.003018
v 0.010548 -0.020386 -0.002597
v 0.014604 -0.020400 0.000695
v 0.011608 -0.020400 0.000671
v 0.010392 -0.020400 0.005175
v 0.007863 -0.020376 0.007473
v 0.004353 -0.020400 0.007897
v 0.001285 -0.020380 0.006047
v 0.001213 -0.020352 0.000319
v 0.002500 -0.020400 -0.000058
v -0.000015 -0.020349 0.001256
v 0.000788 -0.020358 0.000953
v -0.001048 -0.020356 0.000713
v 0.015145 -0.020400 0.001385
v 0.013861 -0.020400 0.006313
v 0.013019 -0.020400 0.006718
v -0.000781 -0.020348 -0.000953
v -0.000819 -0.020400 -0.002605
v -0.001226 -0.020385 -0.000331
v 0.001077 -0.020400 -0.011418
v 0.004247 -0.020400 -0.007554
v 0.000561 -0.020400 -0.012026
v 0.005136 -0.020400 -0.010356
v 0.001692 -0.020400 -0.015222
v 0.000730 -0.020400 -0.014678
v 0.006726 -0.020400 -0.013088
v 0.006278 -0.020400 -0.013884
v 0.008456 -0.020400 -0.013285
v -0.010392 -0.020400 -0.005175
v -0.015228 -0.020400 -0.001622
v -0.013019 -0.020400 -0.006718
v -0.011608 -0.020400 -0.000671
v -0.014604 -0.020400 -0.000695
v -0.001803 -0.020400 0.015250
v -0.000730 -0.020400 0.014678
v -0.000563 -0.020400 0.012019
v 0.004893 -0.020400 0.010280
v 0.002980 -0.020400 0.007913
v 0.002181 -0.020400 0.009274
v 0.009411 -0.020400 -0.006166
v 0.008927 -0.020400 -0.007235
v 0.008009 -0.020400 -0.007704
v 0.008608 -0.020400 -0.004805
v 0.006699 -0.020400 -0.007174
v 0.007238 -0.020400 -0.004791
v 0.006390 -0.020400 -0.005749
v -0.013089 -0.020345 0.014457
v 0.004254 -0.020400 0.016097
v 0.003706 -0.020400 0.016900
v 0.004116 -0.020400 0.017621
v 0.005385 -0.020400 0.016678
v 0.004888 -0.020400 0.017637
v 0.018883 -0.020398 0.003329
v -0.004189 -0.020362 -0.019107
v -0.002678 -0.020398 -0.018233
v -0.002515 -0.020324 -0.016466
v -0.003680 -0.020395 -0.014926
v -0.005042 -0.020336 -0.014987
v -0.017624 -0.020400 -0.004131
v -0.016752 -0.020400 -0.003683
v -0.016943 -0.020400 -0.005347
v -0.017619 -0.020400 -0.004938
v -0.016107 -0.020400 -0.004351
v -0.016268 -0.020400 -0.005042
v 0.011961 -0.020400 -0.011657
v 0.011551 -0.020400 -0.012378
v 0.012099 -0.020400 -0.013181
v 0.012733 -0.020400 -0.011641
v 0.013230 -0.020400 -0.012600
v 0.001105 -0.019247 0.005905
v 0.003888 -0.019240 -0.004563
v 0.010496 -0.019242 -0.002803
v 0.007702 -0.019240 0.007670
v 0.003206 -0.007719 -0.018796
v -0.014035 -0.020205 0.013728
v -0.013345 -0.020192 0.010615
v -0.011540 -0.020197 0.014304
v -0.010757 -0.020199 0.011248
v -0.005338 -0.020182 -0.018886
v -0.006215 -0.020187 -0.015813
v -0.003650 -0.020197 -0.015141
v -0.002867 -0.020199 -0.018197
v 0.007998 -0.022143 -0.007611
v 0.007256 -0.022129 -0.004837
v 0.006829 -0.022120 -0.007244
v 0.006461 -0.022170 -0.006411
v 0.006582 -0.022137 -0.005546
v 0.008512 -0.022117 -0.004835
v 0.009297 -0.022113 -0.005791
v 0.009084 -0.022112 -0.007045
v 0.004333 -0.022130 0.007942
v 0.003068 -0.022118 0.007947
v 0.002241 -0.021987 0.008891
v 0.002451 -0.022003 0.010166
v 0.003474 -0.022164 0.010699
v 0.004762 -0.022120 0.010350
v 0.005132 -0.022165 0.009519
v 0.005009 -0.022137 0.008652
v -0.000576 -0.022713 0.012015
v -0.001038 -0.022695 0.011406
v -0.004808 -0.022690 0.010422
v -0.005481 -0.022811 0.010726
v -0.006705 -0.022724 0.013085
v -0.006300 -0.022697 0.013875
v -0.003925 -0.022843 0.014647
v -0.001529 -0.022836 0.015096
v -0.000777 -0.022827 0.014663
v -0.011985 -0.022716 -0.000585
v -0.011594 -0.022865 -0.000896
v -0.011040 -0.022847 -0.003137
v -0.010415 -0.022704 -0.004809
v -0.010663 -0.022688 -0.005497
v -0.013007 -0.022717 -0.006701
v -0.013823 -0.022708 -0.006356
v -0.014623 -0.022835 -0.004080
v -0.015093 -0.022836 -0.001483
v -0.014604 -0.022820 -0.000748
v 0.000573 -0.022712 -0.012023
v 0.001041 -0.022695 -0.011404
v 0.004806 -0.022689 -0.010422
v 0.005480 -0.022811 -0.010725
v 0.006705 -0.022723 -0.013082
v 0.006317 -0.022705 -0.013853
v 0.004080 -0.022835 -0.014623
v 0.001529 -0.022836 -0.015096
v 0.000777 -0.022827 -0.014663
v 0.004931 -0.015397 0.016193
v 0.005335 -0.015397 0.016772
v 0.004881 -0.015376 0.017696
v 0.003854 -0.015399 0.017383
v 0.003738 -0.015401 0.016695
v 0.004178 -0.015399 0.016155
v -0.016494 -0.015397 -0.005235
v -0.016096 -0.015397 -0.004648
v -0.016562 -0.015377 -0.003733
v -0.017582 -0.015399 -0.004057
v -0.017693 -0.015401 -0.004745
v -0.017248 -0.015399 -0.005282
v 0.011985 -0.022716 0.000585
v 0.011594 -0.022865 0.000896
v 0.011040 -0.022847 0.003137
v 0.010415 -0.022704 0.004809
v 0.010663 -0.022688 0.005497
v 0.013005 -0.022717 0.006700
v 0.013822 -0.022708 0.006357
v 0.014623 -0.022835 0.004080
v 0.015093 -0.022836 0.001483
v 0.014604 -0.022820 0.000748
v 0.012776 -0.015397 -0.013085
v 0.013180 -0.015397 -0.012506
v 0.012726 -0.015376 -0.011582
v 0.011700 -0.015399 -0.011895
v 0.011583 -0.015401 -0.012583
v 0.012023 -0.015399 -0.013123
v 0.002346 -0.022206 0.009260
v -0.000896 -0.022905 0.011694
v -0.004790 -0.022901 0.010630
v -0.006506 -0.022908 0.013380
v -0.010622 -0.022905 -0.005163
v -0.013345 -0.022909 -0.006528
v 0.000893 -0.022905 -0.011695
v 0.004788 -0.022901 -0.010631
v 0.006506 -0.022908 -0.013379
v 0.004529 -0.014919 0.016904
v -0.016904 -0.014919 -0.004529
v 0.010622 -0.022905 0.005163
v 0.013345 -0.022909 0.006528
v 0.012374 -0.014919 -0.012374
v 0.008405 -0.022200 -0.005826
v 0.007843 -0.022200 -0.005534
v 0.007179 -0.022200 -0.006093
v 0.007636 -0.022200 -0.006769
v 0.008378 -0.022200 -0.006608
v 0.004366 -0.022200 0.009313
v 0.003862 -0.022200 0.009937
v 0.003104 -0.022200 0.009508
v 0.003259 -0.022200 0.008844
v 0.003969 -0.022200 0.008659
v -0.004188 -0.022900 0.012554
v -0.003778 -0.022900 0.013275
v -0.003006 -0.022900 0.013291
v -0.003640 -0.022900 0.011750
v -0.002509 -0.022900 0.012332
v -0.013278 -0.022900 -0.002966
v -0.012405 -0.022900 -0.002518
v -0.013272 -0.022900 -0.003774
v -0.012597 -0.022900 -0.004183
v -0.011699 -0.022900 -0.003587
v 0.004188 -0.022900 -0.012554
v 0.003640 -0.022900 -0.011750
v 0.003778 -0.022900 -0.013275
v 0.003006 -0.022900 -0.013291
v 0.002509 -0.022900 -0.012332
v 0.012597 -0.022900 0.004183
v 0.013272 -0.022900 0.003774
v 0.013278 -0.022900 0.002966
v 0.012405 -0.022900 0.002518
v 0.011699 -0.022900 0.003587
v 0.008313 -0.019200 -0.006674
v 0.008437 -0.019200 -0.005882
v 0.007907 -0.019200 -0.005535
v 0.007197 -0.019200 -0.006000
v 0.007587 -0.019200 -0.006748
v 0.003885 -0.019200 0.008634
v 0.004366 -0.019200 0.009248
v 0.003952 -0.019200 0.009912
v 0.003136 -0.019200 0.009581
v 0.003224 -0.019200 0.008885
v -0.002963 -0.018897 0.011847
v -0.002559 -0.018897 0.012425
v -0.003013 -0.018876 0.013349
v -0.004040 -0.018899 0.013036
v -0.004156 -0.018901 0.012349
v -0.003716 -0.018899 0.011808
v -0.012147 -0.018897 -0.004070
v -0.011749 -0.018897 -0.003483
v -0.012215 -0.018877 -0.002568
v -0.013236 -0.018899 -0.002892
v -0.013346 -0.018901 -0.003580
v -0.012902 -0.018899 -0.004117
v 0.004040 -0.018899 -0.013036
v 0.004156 -0.018901 -0.012349
v 0.003716 -0.018899 -0.011808
v 0.002963 -0.018897 -0.011847
v 0.002559 -0.018897 -0.012425
v 0.003013 -0.018876 -0.013349
v 0.013236 -0.018899 0.002892
v 0.013346 -0.018901 0.003580
v 0.012902 -0.018899 0.004117
v 0.012147 -0.018897 0.004070
v 0.011749 -0.018897 0.003483
v 0.012215 -0.018877 0.002568
v -0.003365 -0.018419 0.012557
v -0.012557 -0.018419 -0.003365
v 0.003365 -0.018419 -0.012557
v 0.012557 -0.018419 0.003365
v 0.002527 0.031236 0.011563
v 0.003181 0.031224 0.012506
v 0.003078 0.031233 0.013601
v 0.002567 0.031230 0.014171
v 0.001923 0.031231 0.014407
v 0.001237 0.031231 0.014369
v 0.000680 0.031228 0.014041
v 0.000264 0.031230 0.013455
v 0.000307 0.031210 0.012267
v 0.001009 0.031243 0.011435
v 0.001838 0.031269 0.011287
v 0.001013 0.031781 0.014241
v 0.002776 0.031786 0.011833
v 0.003202 0.031789 0.013100
v 0.002353 0.031785 0.014264
v 0.001456 0.031790 0.011385
v 0.000274 0.031789 0.012345
v 0.000332 0.031784 0.013466
v 0.002161 0.031800 0.012358
v 0.001887 0.031800 0.012864
v 0.002228 0.031800 0.013353
v 0.001233 0.031800 0.013419
v 0.001507 0.031800 0.012914
v 0.001166 0.031800 0.012425
v 0.001722 0.031800 0.013079
v 0.001672 0.031800 0.012699
v 0.001304 0.030800 0.013474
v 0.001579 0.030800 0.012969
v 0.001111 0.030800 0.012496
v 0.001815 0.030800 0.012809
v 0.002089 0.030800 0.012303
v 0.002283 0.030800 0.013281
v 0.000151 0.031327 0.001451
v 0.001313 0.031317 0.000549
v -0.000757 0.031343 0.001296
v -0.001417 0.031314 0.000150
v -0.000913 0.031316 -0.001092
v 0.000036 0.031323 -0.001397
v 0.000843 0.031318 -0.001137
v 0.001330 0.031326 -0.000429
v -0.001266 0.031876 -0.000645
v 0.000951 0.031890 0.001026
v -0.001285 0.031890 0.000580
v -0.000261 0.031885 0.001402
v 0.001433 0.031876 -0.000058
v 0.000879 0.031877 -0.001109
v -0.000268 0.031876 -0.001408
v 0.000532 0.031900 0.000463
v 0.000025 0.031900 0.000190
v -0.000463 0.031900 0.000532
v -0.000532 0.031900 -0.000463
v -0.000190 0.031900 0.000025
v -0.000025 0.031900 -0.000190
v 0.000463 0.031900 -0.000532
v 0.000190 0.031900 -0.000025
v -0.000586 0.031300 -0.000391
v -0.000118 0.031300 0.000080
v 0.000118 0.031300 -0.000080
v 0.000391 0.031300 -0.000586
v 0.000586 0.031300 0.000391
v -0.000391 0.031300 0.000586
v 0.002023 0.032444 0.011201
v 0.000530 0.032456 0.011636
v 0.003193 0.032488 0.012019
v 0.003336 0.032464 0.013458
v 0.002195 0.032465 0.014535
v -0.000017 0.032459 0.013005
v 0.000725 0.032471 0.014313
v 0.000847 0.032491 -0.014897
v -0.010083 0.032477 -0.010983
v -0.006552 0.032500 -0.008301
v -0.000869 0.032489 0.014896
v -0.002573 0.032487 0.012100
v 0.012838 0.032485 0.004231
v 0.011895 0.032457 0.004028
v 0.005210 0.032420 0.009024
v 0.002682 0.032425 0.010074
v 0.010122 0.032479 0.002712
v 0.009093 0.032500 0.005250
v 0.007425 0.032500 0.007425
v 0.014888 0.032489 -0.000200
v 0.010414 0.032414 -0.000000
v 0.002692 0.032400 -0.010046
v -0.000000 0.032443 -0.010443
v -0.000725 0.032471 -0.014313
v 0.000017 0.032459 -0.013005
v -0.000530 0.032456 -0.011636
v -0.002700 0.032433 -0.010078
v -0.002023 0.032444 -0.011201
v -0.003179 0.032452 -0.012027
v -0.003336 0.032464 -0.013458
v -0.008993 0.032481 -0.005382
v -0.010026 0.032420 -0.002839
v -0.014742 0.032501 0.001811
v -0.010413 0.032414 -0.000131
v -0.000033 0.032443 0.010443
v -0.002739 0.032400 0.010033
v -0.005295 0.032476 0.009039
v -0.007471 0.032483 0.007354
v 0.004606 0.032491 0.014185
v -0.002195 0.032465 -0.014535
v -0.012762 0.032459 -0.002487
v -0.013323 0.032446 -0.002916
v -0.014620 0.032455 -0.002978
v -0.013424 0.032453 -0.003610
v -0.013679 0.032472 -0.005937
v -0.012835 0.032460 -0.004220
v -0.011900 0.032445 -0.004024
v -0.011777 0.032457 -0.002850
v 0.004131 0.032446 -0.013006
v 0.004232 0.032453 -0.012312
v 0.007253 0.032478 -0.013015
v 0.005240 0.032481 -0.009077
v 0.003433 0.032453 -0.011624
v 0.003570 0.032463 -0.013437
v 0.004560 0.032437 -0.014220
v 0.002581 0.032466 -0.013076
v 0.002573 0.032487 -0.012100
v 0.012126 0.032453 -0.006255
v 0.013579 0.032455 -0.006184
v 0.012028 0.032456 -0.006949
v 0.011930 0.032453 -0.008971
v 0.010510 0.032456 -0.007042
v 0.009986 0.032477 -0.011075
v 0.011463 0.032459 -0.007378
v 0.010393 0.032485 -0.006169
v 0.010994 0.032463 -0.005625
v 0.007409 0.032478 -0.007409
v 0.011592 0.032474 -0.005653
v 0.011780 0.032449 0.002852
v 0.012762 0.032459 0.002487
v 0.014613 0.032477 0.002959
v 0.013323 0.032446 0.002916
v 0.011330 0.032499 0.007049
v 0.013424 0.032453 0.003610
v 0.010086 0.032488 0.010973
v 0.007499 0.032449 0.012890
v -0.003569 0.032459 0.013435
v -0.004490 0.032455 0.014229
v -0.002587 0.032449 0.013070
v -0.004135 0.032456 0.013006
v -0.004232 0.032453 0.012312
v -0.007325 0.032481 0.012983
v -0.003433 0.032449 0.011626
v -0.007104 0.032451 0.011227
v -0.008424 0.032434 0.011407
v -0.009897 0.032447 0.011171
v -0.009099 0.032423 0.010478
v -0.011973 0.032481 0.008881
v -0.011280 0.032468 0.007386
v -0.011891 0.032460 0.007149
v -0.013579 0.032455 0.006184
v -0.012137 0.032460 0.006277
v -0.011596 0.032471 0.005655
v -0.011020 0.032455 0.005630
v -0.010350 0.032449 0.006323
v -0.010656 0.032461 0.007171
v -0.012144 0.032447 -0.008675
v -0.011328 0.032496 -0.007051
v -0.010479 0.032411 -0.009093
v -0.011407 0.032434 -0.008424
v -0.009566 0.032437 -0.008817
v -0.009134 0.032411 -0.008079
v -0.009411 0.032437 -0.007166
v -0.010069 0.032451 -0.006718
v -0.007331 0.032500 -0.010990
v -0.006683 0.032500 -0.010405
v -0.007063 0.032500 -0.011961
v -0.007566 0.032447 -0.012865
v -0.005632 0.032500 -0.011325
v -0.006078 0.032500 -0.012020
v -0.004505 0.032484 -0.014218
v -0.005930 0.032500 -0.010607
v 0.006718 0.032451 -0.010069
v 0.008079 0.032411 -0.009134
v 0.007166 0.032437 -0.009411
v 0.007051 0.032496 -0.011328
v 0.008817 0.032437 -0.009566
v 0.008424 0.032434 -0.011407
v 0.009099 0.032423 -0.010478
v 0.013682 0.032455 0.005953
v 0.009559 0.032449 0.008819
v 0.010478 0.032423 0.009099
v 0.009134 0.032411 0.008079
v 0.009411 0.032437 0.007166
v 0.010069 0.032451 0.006718
v -0.008079 0.032411 0.009134
v -0.008817 0.032437 0.009566
v -0.006969 0.032423 0.009578
v -0.006758 0.032437 0.010510
v -0.009055 0.032400 0.005115
v -0.010094 0.032420 0.002586
v 0.014530 0.032489 -0.003221
v 0.009007 0.032400 -0.005200
v 0.010065 0.032420 -0.002697
v 0.006922 0.032500 0.010497
v 0.007368 0.032500 0.011191
v 0.005638 0.032500 0.011360
v 0.006955 0.032500 0.012025
v 0.006042 0.032500 0.011995
v 0.005980 0.032500 0.010533
v 0.011412 0.032442 0.008425
v 0.012144 0.032435 0.008687
v 0.003335 0.031200 0.012439
v 0.000104 0.031200 0.012342
v -0.001568 0.032300 -0.014918
v -0.015000 0.032300 -0.000000
v -0.014672 0.032300 0.003119
v 0.001568 0.032300 0.014918
v -0.006061 0.032299 -0.008417
v 0.008081 0.032299 0.006509
v 0.007368 0.030485 0.012894
v 0.009888 0.030485 0.011081
v 0.011976 0.030485 0.008783
v 0.013525 0.030488 0.006137
v 0.014504 0.030489 0.003195
v 0.014852 0.030489 0.000113
v 0.014548 0.030491 -0.003002
v 0.013653 0.030505 -0.005899
v 0.012117 0.030512 -0.008639
v 0.010056 0.030512 -0.010970
v 0.007555 0.030512 -0.012820
v 0.004773 0.030505 -0.014085
v 0.001696 0.030492 -0.014758
v -0.001403 0.030493 -0.014790
v -0.004441 0.030493 -0.014178
v -0.007288 0.030494 -0.012948
v -0.009828 0.030496 -0.011148
v -0.011932 0.030501 -0.008873
v -0.013540 0.030485 -0.006101
v -0.014513 0.030485 -0.003152
v -0.014851 0.030485 -0.000066
v -0.014540 0.030485 0.003023
v -0.013594 0.030485 0.005980
v -0.012065 0.030485 0.008657
v -0.010072 0.030501 0.010939
v -0.007483 0.030485 0.012828
v -0.004652 0.030485 0.014104
v -0.001618 0.030485 0.014763
v 0.001487 0.030485 0.014776
v 0.004526 0.030485 0.014144
v -0.000104 0.031200 -0.012342
v -0.003335 0.031200 -0.012439
v -0.001066 0.032262 0.001374
v 0.000490 0.032269 0.001663
v -0.001720 0.032269 0.000083
v 0.001611 0.032268 0.000609
v 0.000952 0.032268 -0.001435
v -0.000501 0.032269 -0.001643
v -0.001410 0.032261 -0.000923
v 0.001622 0.032274 -0.000471
v 0.000355 0.031300 0.001652
v 0.001540 0.031300 0.000681
v 0.001493 0.031300 -0.000780
v 0.000321 0.031300 -0.001653
v -0.001207 0.031300 -0.001209
v -0.001639 0.031300 0.000447
v -0.001422 -0.017305 -0.008332
v -0.001273 -0.017305 -0.007519
v -0.002103 -0.017305 -0.006933
v -0.002916 -0.017305 -0.007847
v -0.002201 -0.017305 -0.008610
v -0.005199 -0.017305 0.005004
v -0.004897 -0.017305 0.006004
v -0.005526 -0.017305 0.006540
v -0.006305 -0.017305 0.006262
v -0.006398 -0.017305 0.005250
v -0.003709 -0.006100 0.013844
v -0.004268 -0.006854 0.014173
v -0.003117 -0.006557 0.014473
v -0.003359 -0.005355 0.014421
v -0.004533 -0.005639 0.014093
v 0.003709 -0.006100 -0.013844
v 0.004301 -0.006850 -0.014171
v 0.003117 -0.006557 -0.014473
v 0.003359 -0.005355 -0.014421
v 0.004537 -0.005643 -0.014093
v 0.009436 0.030500 0.008547
v 0.010423 0.030500 0.008990
v 0.011300 0.030500 0.008358
v 0.011429 0.032288 0.007746
v 0.011191 0.030500 0.007281
v 0.010726 0.032288 0.006864
v 0.010204 0.030500 0.006837
v 0.009327 0.030500 0.007470
v 0.009468 0.027900 0.008497
v 0.010396 0.027900 0.008938
v 0.011241 0.027900 0.008354
v 0.011159 0.027900 0.007331
v 0.010231 0.027900 0.006890
v 0.009386 0.027900 0.007474
v -0.008990 0.030500 0.010423
v -0.008358 0.030500 0.011300
v -0.007281 0.030500 0.011191
v -0.006837 0.030500 0.010204
v -0.007470 0.030500 0.009327
v -0.008547 0.030500 0.009436
v -0.007746 0.032288 0.011429
v -0.009327 0.030500 -0.007470
v -0.009436 0.030500 -0.008547
v -0.010423 0.030500 -0.008990
v -0.011300 0.030500 -0.008358
v -0.011191 0.030500 -0.007281
v -0.010204 0.030500 -0.006837
v -0.011429 0.032288 -0.007746
v -0.010726 0.032288 -0.006864
v 0.008990 0.030500 -0.010423
v 0.008358 0.030500 -0.011300
v 0.007281 0.030500 -0.011191
v 0.006837 0.030500 -0.010204
v 0.007470 0.030500 -0.009327
v 0.008547 0.030500 -0.009436
v 0.007746 0.032288 -0.011429
v 0.006864 0.032288 -0.010726
v 0.008497 0.027900 -0.009468
v 0.008938 0.027900 -0.010396
v 0.008354 0.027900 -0.011241
v 0.007331 0.027900 -0.011159
v 0.006890 0.027900 -0.010231
v 0.007474 0.027900 -0.009386
v -0.009468 0.027900 -0.008497
v -0.010396 0.027900 -0.008938
v -0.011241 0.027900 -0.008354
v -0.011159 0.027900 -0.007331
v -0.010231 0.027900 -0.006890
v -0.009386 0.027900 -0.007474
v -0.008497 0.027900 0.009468
v -0.008938 0.027900 0.010396
v -0.008354 0.027900 0.011241
v -0.007331 0.027900 0.011159
v -0.006890 0.027900 0.010231
v -0.007474 0.027900 0.009386
v -0.003674 0.031475 -0.009630
v -0.001533 0.031477 -0.003006
v -0.003073 0.031480 -0.001417
v -0.007489 0.031433 -0.007066
v 0.009518 0.031476 0.003698
v 0.003073 0.031480 0.001417
v 0.001245 0.031478 -0.010130
v 0.000479 0.031477 -0.003331
v 0.004772 0.031476 -0.009027
v 0.002283 0.031480 -0.002486
v 0.003674 0.031475 0.009630
v 0.001533 0.031477 0.003006
v 0.007489 0.031433 0.007066
v 0.007663 0.031480 -0.006736
v 0.009567 0.031476 -0.003568
v 0.003303 0.031477 -0.000710
v 0.010206 0.031478 0.000067
v -0.009518 0.031476 -0.003698
v -0.001245 0.031478 0.010130
v -0.000479 0.031477 0.003331
v -0.004772 0.031476 0.009027
v -0.002283 0.031480 0.002486
v -0.007663 0.031480 0.006736
v -0.009567 0.031476 0.003568
v -0.003303 0.031477 0.000710
v -0.010206 0.031478 -0.000067
v 0.004257 0.031300 0.009554
v 0.000291 0.031300 0.010434
v -0.003441 0.031300 0.009855
v -0.006722 0.031300 0.007986
v -0.009123 0.031300 0.005072
v -0.010331 0.031300 0.001494
v -0.010186 0.031300 -0.002279
v -0.008709 0.031300 -0.005754
v -0.004257 0.031300 -0.009554
v -0.000291 0.031300 -0.010434
v 0.003441 0.031300 -0.009855
v 0.006722 0.031300 -0.007986
v 0.009123 0.031300 -0.005072
v 0.010331 0.031300 -0.001494
v 0.010186 0.031300 0.002279
v 0.008709 0.031300 0.005754
v -0.001634 0.031300 -0.002676
v 0.000700 0.031297 -0.003113
v 0.002667 0.031299 -0.001643
v 0.003113 0.031298 0.000700
v 0.001634 0.031300 0.002676
v -0.000700 0.031297 0.003113
v -0.002667 0.031299 0.001643
v -0.003113 0.031298 -0.000700
v -0.000081 -0.019603 -0.001013
v -0.000510 -0.019543 -0.000880
v -0.000862 -0.019601 -0.000562
v -0.001020 -0.019549 -0.000189
v -0.000943 -0.019601 0.000411
v -0.000769 -0.019542 0.000673
v -0.000254 -0.019603 0.000983
v -0.000061 -0.019549 0.001015
v 0.001015 -0.019542 -0.000140
v 0.000995 -0.019600 0.000098
v 0.000413 -0.019600 0.000911
v 0.000722 -0.019540 0.000734
v 0.000813 -0.019600 0.000582
v 0.000911 -0.019600 -0.000413
v 0.000383 -0.019556 -0.000977
v 0.000582 -0.019600 -0.000813
v 0.000965 -0.019600 -0.000415
v 0.000687 -0.019600 -0.000794
v 0.000107 -0.019602 -0.001066
v -0.000553 -0.019600 -0.000893
v -0.000911 -0.019600 -0.000521
v -0.001050 -0.019600 -0.000024
v -0.000934 -0.019600 0.000479
v -0.000467 -0.019603 0.000971
v 0.000179 -0.019600 0.001035
v 0.000770 -0.019597 0.000731
v 0.001049 -0.019600 0.000048
v -0.018379 0.013998 0.001735
v -0.018672 0.013999 0.002386
v -0.018625 0.015200 0.002744
v -0.018348 0.014001 0.002994
v -0.017696 0.015200 0.003156
v -0.017116 0.015200 0.002710
v -0.017136 0.013999 0.002748
v -0.017725 0.013999 0.003168
v -0.017087 0.014000 0.002025
v -0.017134 0.015200 0.001924
v -0.017699 0.013995 0.001546
v -0.018159 0.015200 0.001524
v -0.017846 0.013519 0.002349
v -0.018322 -0.000400 0.005057
v -0.018538 -0.003400 0.005373
v -0.018599 -0.000400 0.005786
v -0.014327 -0.000400 0.013197
v -0.014376 -0.003400 0.013162
v -0.016803 -0.000400 0.009978
v -0.017043 -0.003400 0.009562
v -0.013574 -0.000400 0.013351
v -0.013556 -0.003400 0.013367
v -0.016362 -0.000400 0.009778
v -0.016649 -0.003400 0.009281
v -0.008993 -0.000400 0.017293
v -0.009039 -0.003400 0.017254
v -0.009403 -0.000400 0.016553
v -0.009383 -0.003400 0.016567
v -0.000392 -0.000400 0.019297
v -0.000775 -0.003400 0.019463
v -0.004825 -0.000400 0.018937
v -0.005290 -0.003400 0.018813
v -0.000142 -0.003400 0.019006
v -0.004655 -0.000400 0.018484
v -0.005210 -0.003400 0.018335
v 0.005869 -0.000400 0.018587
v 0.005809 -0.003400 0.018592
v 0.005056 -0.000400 0.018354
v 0.005080 -0.003400 0.018350
v 0.013288 -0.000400 0.014216
v 0.013248 -0.003400 0.014279
v 0.009978 -0.000400 0.016803
v 0.009562 -0.003400 0.017043
v 0.013329 -0.000400 0.013541
v 0.013329 -0.003400 0.013541
v 0.009747 -0.000400 0.016385
v 0.009316 -0.003400 0.016633
v 0.018322 -0.000400 -0.005057
v 0.018538 -0.003400 -0.005373
v 0.018599 -0.000400 -0.005786
v 0.014327 -0.000400 -0.013197
v 0.014376 -0.003400 -0.013162
v 0.016803 -0.000400 -0.009978
v 0.017043 -0.003400 -0.009562
v 0.013574 -0.000400 -0.013351
v 0.013556 -0.003400 -0.013367
v 0.016362 -0.000400 -0.009778
v 0.016649 -0.003400 -0.009281
v 0.008993 -0.000400 -0.017293
v 0.009039 -0.003400 -0.017254
v 0.009403 -0.000400 -0.016553
v 0.009383 -0.003400 -0.016567
v 0.000392 -0.000400 -0.019297
v 0.000775 -0.003400 -0.019463
v 0.004825 -0.000400 -0.018937
v 0.005290 -0.003400 -0.018813
v 0.000142 -0.003400 -0.019006
v 0.004655 -0.000400 -0.018484
v 0.005210 -0.003400 -0.018335
v 0.010126 0.015200 -0.014418
v 0.010144 0.013997 -0.014344
v 0.010434 0.013996 -0.013651
v 0.010490 0.015200 -0.013607
v 0.011310 0.013995 -0.013516
v 0.011789 0.015200 -0.014142
v 0.011231 0.015200 -0.013507
v 0.011772 0.013997 -0.014217
v 0.011482 0.013996 -0.014910
v 0.011425 0.015200 -0.014953
v 0.010605 0.013995 -0.015045
v 0.010684 0.015200 -0.015054
v 0.010958 0.013519 -0.014280
v -0.011789 0.015200 0.014142
v -0.011772 0.013997 0.014217
v -0.011482 0.013996 0.014910
v -0.011425 0.015200 0.014953
v -0.010605 0.013995 0.015045
v -0.010126 0.015200 0.014418
v -0.010684 0.015200 0.015054
v -0.010144 0.013997 0.014344
v -0.010434 0.013996 0.013651
v -0.010490 0.015200 0.013607
v -0.011310 0.013995 0.013516
v -0.011231 0.015200 0.013507
v -0.010958 0.013519 0.014280
v 0.017221 -0.000400 0.009101
v 0.017171 -0.003400 0.009155
v 0.016529 -0.000400 0.009370
v 0.016529 -0.003400 0.009370
v 0.019462 -0.000400 0.000799
v 0.019472 -0.003400 0.000858
v 0.018937 -0.000400 0.004825
v 0.018813 -0.003400 0.005290
v 0.019039 -0.000400 0.000157
v 0.019037 -0.003400 0.000133
v 0.018484 -0.000400 0.004655
v 0.018335 -0.003400 0.005210
v -0.002890 0.013998 -0.018455
v -0.002925 0.015200 -0.018423
v -0.003167 0.013995 -0.017774
v -0.003158 0.015200 -0.017698
v -0.002696 0.013995 -0.017102
v -0.002625 0.015200 -0.017072
v -0.001758 0.013993 -0.017241
v -0.001695 0.015200 -0.017313
v -0.001590 0.013996 -0.018152
v -0.001619 0.015200 -0.018217
v -0.002186 0.013996 -0.018649
v -0.002256 0.015200 -0.018660
v -0.002349 0.013519 -0.017846
v -0.003532 0.019492 -0.017776
v -0.003067 0.019486 -0.016907
v -0.002566 0.019400 -0.016793
v -0.002106 0.019484 -0.016678
v -0.001347 0.019400 -0.017524
v -0.001297 0.019464 -0.017282
v -0.001265 0.019474 -0.018329
v -0.001688 0.019400 -0.018629
v -0.002159 0.019475 -0.019015
v -0.002812 0.019400 -0.018795
v -0.003144 0.019473 -0.018712
v -0.003373 0.019400 -0.017763
v -0.001532 0.027200 -0.017180
v -0.002694 0.027200 -0.016879
v -0.003426 0.027155 -0.017572
v -0.002882 0.027166 -0.018826
v -0.001345 0.027158 -0.018279
v -0.002201 0.027162 -0.018929
v -0.001616 0.027161 -0.018743
v -0.001247 0.027148 -0.017421
v -0.002104 0.027131 -0.016700
v -0.003055 0.027131 -0.016923
v -0.003425 0.027140 -0.018321
v -0.001565 0.020867 -0.018756
v -0.001092 0.020892 -0.018017
v -0.002790 0.020695 -0.016806
v -0.003057 0.020925 -0.016885
v -0.002358 0.020910 -0.016662
v -0.001673 0.020700 -0.016933
v -0.001518 0.020891 -0.016836
v -0.001227 0.020691 -0.017951
v -0.003653 0.020891 -0.017653
v -0.003467 0.020698 -0.017640
v -0.003267 0.020849 -0.018628
v -0.002438 0.020889 -0.019106
v -0.002285 0.020698 -0.018981
v -0.003005 0.021062 -0.018762
v -0.001442 0.021062 -0.018516
v -0.001656 0.021056 -0.016953
v -0.003483 0.021054 -0.017783
v -0.010833 0.019400 0.015321
v -0.010373 0.019405 0.015515
v -0.009912 0.019400 0.014442
v -0.009766 0.019486 0.014219
v -0.010394 0.019400 0.013429
v -0.010235 0.019476 0.013338
v -0.011234 0.019400 0.013301
v -0.011202 0.019484 0.013113
v -0.011897 0.019400 0.013872
v -0.012260 0.019405 0.013883
v -0.011816 0.019400 0.014840
v -0.011816 0.019402 0.015296
v -0.011107 0.027200 0.013243
v -0.009963 0.027163 0.013808
v -0.009881 0.027161 0.014465
v -0.010718 0.027200 0.015303
v -0.012024 0.027200 0.014228
v -0.011979 0.027147 0.014832
v -0.011124 0.027153 0.013106
v -0.012033 0.027140 0.013805
v -0.011245 0.027135 0.015417
v -0.010204 0.027140 0.015184
v -0.010229 0.027153 0.013385
v -0.010285 0.020901 0.013281
v -0.010505 0.020694 0.013244
v -0.009875 0.020901 0.013751
v -0.009836 0.020692 0.014136
v -0.009756 0.020901 0.014363
v -0.010170 0.020889 0.015271
v -0.010764 0.020702 0.015403
v -0.010951 0.020905 0.015470
v -0.012001 0.020896 0.015115
v -0.011637 0.020696 0.015173
v -0.010875 0.020901 0.013078
v -0.011635 0.020700 0.013368
v -0.011487 0.020901 0.013198
v -0.012133 0.020894 0.013800
v -0.012080 0.020691 0.014385
v -0.011972 0.019597 0.013799
v -0.010193 0.019610 0.015085
v -0.011120 0.019602 0.015400
v -0.011967 0.019609 0.014772
v -0.010264 0.021056 0.015174
v -0.012091 0.021054 0.014344
v -0.011641 0.021056 0.015169
v 0.010714 0.019484 -0.015448
v 0.009656 0.019406 -0.014677
v 0.010175 0.019400 -0.014946
v 0.010060 0.019400 -0.013689
v 0.010100 0.019402 -0.013265
v 0.011223 0.019400 -0.013297
v 0.011543 0.019405 -0.013046
v 0.011897 0.019400 -0.013872
v 0.012149 0.019486 -0.014342
v 0.011816 0.019400 -0.014840
v 0.011680 0.019476 -0.015223
v 0.011023 0.019400 -0.015297
v 0.011549 0.027200 -0.013405
v 0.010374 0.027200 -0.013435
v 0.009934 0.027200 -0.014363
v 0.010547 0.027169 -0.015335
v 0.011999 0.027162 -0.014627
v 0.011180 0.027200 -0.015309
v 0.011399 0.027148 -0.015379
v 0.012097 0.027153 -0.014097
v 0.011711 0.027140 -0.013377
v 0.010670 0.027135 -0.013144
v 0.009931 0.027137 -0.013730
v 0.009884 0.027133 -0.014753
v 0.011630 0.020901 -0.015280
v 0.011410 0.020694 -0.015316
v 0.012040 0.020901 -0.014810
v 0.012079 0.020692 -0.014425
v 0.012160 0.020901 -0.014197
v 0.011746 0.020889 -0.013290
v 0.011151 0.020702 -0.013158
v 0.010964 0.020905 -0.013090
v 0.009914 0.020896 -0.013446
v 0.010278 0.020696 -0.013388
v 0.011041 0.020901 -0.015482
v 0.010281 0.020700 -0.015193
v 0.010429 0.020901 -0.015363
v 0.009783 0.020894 -0.014761
v 0.009836 0.020691 -0.014175
v 0.009943 0.019597 -0.014761
v 0.011722 0.019610 -0.013476
v 0.010796 0.019602 -0.013161
v 0.009948 0.019609 -0.013789
v 0.011651 0.021056 -0.013387
v 0.010274 0.021056 -0.013392
v 0.009824 0.021054 -0.014217
v -0.018360 0.019482 0.001281
v -0.018629 0.019400 0.001688
v -0.019206 0.019407 0.002546
v -0.018795 0.019400 0.002812
v -0.018035 0.019474 0.003520
v -0.017763 0.019400 0.003373
v -0.016817 0.019403 0.003224
v -0.016793 0.019400 0.002566
v -0.016762 0.019474 0.001867
v -0.017524 0.019400 0.001347
v -0.017582 0.019454 0.001183
v -0.017200 0.027163 0.001460
v -0.016808 0.027153 0.001968
v -0.016772 0.027162 0.002580
v -0.017661 0.027200 0.003360
v -0.018567 0.027200 0.003068
v -0.018278 0.027162 0.001344
v -0.018864 0.027200 0.002233
v -0.018873 0.027137 0.002900
v -0.018922 0.027140 0.001874
v -0.017663 0.027153 0.001210
v -0.017092 0.027140 0.003253
v -0.018133 0.027135 0.003486
v -0.017322 0.020889 0.001196
v -0.017259 0.020697 0.001374
v -0.016545 0.020892 0.002177
v -0.016724 0.020691 0.002245
v -0.017062 0.020888 0.003341
v -0.017652 0.020702 0.003472
v -0.018211 0.020889 0.003596
v -0.018898 0.020891 0.003076
v -0.018932 0.020697 0.002686
v -0.019116 0.020892 0.001978
v -0.018843 0.020699 0.001860
v -0.018494 0.020889 0.001202
v -0.018273 0.020698 0.001301
v -0.018852 0.019599 0.001859
v -0.016891 0.019596 0.002992
v -0.018866 0.019604 0.002832
v -0.018877 0.021054 0.001880
v -0.017973 0.021062 0.001228
v -0.016725 0.021062 0.002223
v -0.017153 0.021056 0.003243
v -0.018826 0.021052 0.002925
v -0.018046 0.021053 0.003450
v 0.013165 0.019472 0.010551
v 0.013429 0.019400 0.010394
v 0.013524 0.019403 0.009861
v 0.014442 0.019400 0.009912
v 0.014825 0.019442 0.009861
v 0.015350 0.019451 0.010463
v 0.015321 0.019400 0.010833
v 0.015388 0.019468 0.011424
v 0.014840 0.019400 0.011816
v 0.014430 0.019468 0.012150
v 0.013872 0.019400 0.011897
v 0.013323 0.019468 0.011683
v 0.013301 0.019400 0.011234
v 0.015331 0.020688 0.011370
v 0.015280 0.020901 0.011630
v 0.015482 0.020901 0.011041
v 0.015163 0.020688 0.010254
v 0.015363 0.020901 0.010429
v 0.014953 0.020901 0.009958
v 0.014436 0.020888 0.009779
v 0.013577 0.020688 0.010075
v 0.013751 0.020901 0.009875
v 0.013281 0.020901 0.010285
v 0.013165 0.020688 0.011126
v 0.013078 0.020901 0.010875
v 0.013198 0.020901 0.011487
v 0.013557 0.020888 0.011901
v 0.014448 0.020688 0.012074
v 0.014197 0.020901 0.012160
v 0.014810 0.020901 0.012040
v 0.014154 0.019612 0.009836
v 0.013385 0.027153 0.010229
v 0.013106 0.027153 0.011124
v 0.013566 0.027154 0.011806
v 0.014097 0.027153 0.012097
v 0.014627 0.027162 0.011999
v 0.015133 0.027152 0.011656
v 0.015455 0.027153 0.010791
v 0.015009 0.027153 0.010062
v 0.014465 0.027161 0.009881
v 0.013808 0.027163 0.009963
v 0.013243 0.027200 0.011107
v 0.015303 0.027200 0.010718
v 0.013567 0.013997 0.010490
v 0.013496 0.015200 0.010596
v 0.013620 0.013994 0.011441
v 0.013686 0.015200 0.011517
v 0.014353 0.013995 0.011776
v 0.014756 0.015200 0.011696
v 0.015002 0.014001 0.011346
v 0.015042 0.015200 0.010626
v 0.015025 0.013993 0.010630
v 0.014444 0.013996 0.010155
v 0.014373 0.015200 0.010143
v 0.014280 0.013519 0.010958
v -0.005869 -0.000400 -0.018587
v -0.005443 -0.003400 -0.018553
v -0.005057 -0.000400 -0.018354
v -0.013288 -0.000400 -0.014216
v -0.013248 -0.003400 -0.014279
v -0.009978 -0.000400 -0.016803
v -0.009562 -0.003400 -0.017043
v -0.013295 -0.000400 -0.013674
v -0.013303 -0.003400 -0.013724
v -0.008644 -0.000400 -0.016959
v -0.008260 -0.003400 -0.017149
v 0.017649 0.019472 -0.001175
v 0.019081 0.019411 -0.001700
v 0.018629 0.019400 -0.001688
v 0.018795 0.019400 -0.002812
v 0.018704 0.019402 -0.003365
v 0.017763 0.019400 -0.003373
v 0.017974 0.019493 -0.003509
v 0.016928 0.019455 -0.003149
v 0.016793 0.019400 -0.002566
v 0.016753 0.019456 -0.001828
v 0.017524 0.019400 -0.001347
v 0.016822 0.020874 -0.002979
v 0.017317 0.020901 -0.003432
v 0.017777 0.020875 -0.003555
v 0.018557 0.020867 -0.003311
v 0.019147 0.020892 -0.002522
v 0.018638 0.020889 -0.001363
v 0.018968 0.020691 -0.002454
v 0.018120 0.020706 -0.001249
v 0.017939 0.020904 -0.001154
v 0.017077 0.020881 -0.001377
v 0.016608 0.020885 -0.002326
v 0.018800 0.019598 -0.001707
v 0.018856 0.019609 -0.002841
v 0.016727 0.019608 -0.002400
v 0.018091 0.027131 -0.001203
v 0.018948 0.027148 -0.001924
v 0.017138 0.027138 -0.001425
v 0.016752 0.027147 -0.002084
v 0.016770 0.027140 -0.002825
v 0.018942 0.027165 -0.002590
v 0.018536 0.027161 -0.003193
v 0.017679 0.027148 -0.003521
v 0.018967 0.021062 -0.002476
v 0.018539 0.021056 -0.001456
v 0.016712 0.021054 -0.002286
v 0.017163 0.021056 -0.001461
v 0.017395 0.027200 -0.001436
v 0.016879 0.027200 -0.002694
v 0.017661 0.027200 -0.003360
v 0.018310 0.027200 -0.001436
v 0.017158 0.013992 -0.002836
v 0.017103 0.015200 -0.002758
v 0.017174 0.013995 -0.001878
v 0.017220 0.015200 -0.001817
v 0.017918 0.013995 -0.001532
v 0.017994 0.015200 -0.001541
v 0.018554 0.013998 -0.001947
v 0.018576 0.015200 -0.001988
v 0.018605 0.014000 -0.002674
v 0.018559 0.015200 -0.002775
v 0.017993 0.013995 -0.003152
v 0.017900 0.015200 -0.003162
v 0.017846 0.013519 -0.002349
v 0.003485 0.019410 0.017065
v 0.002790 0.019400 0.016918
v 0.002464 0.019470 0.016696
v 0.001250 0.019404 0.017028
v 0.001347 0.019400 0.017524
v 0.001258 0.019409 0.018646
v 0.001688 0.019400 0.018629
v 0.002812 0.019400 0.018795
v 0.002592 0.019402 0.019151
v 0.003405 0.019465 0.018398
v 0.003373 0.019400 0.017763
v 0.001156 0.020891 0.017307
v 0.001307 0.020694 0.017407
v 0.001820 0.020901 0.016764
v 0.002281 0.020875 0.016641
v 0.003092 0.020859 0.016900
v 0.003607 0.020892 0.017675
v 0.003058 0.020696 0.018727
v 0.003196 0.020891 0.018847
v 0.003472 0.020691 0.017741
v 0.002062 0.020890 0.019117
v 0.002047 0.020698 0.018942
v 0.001209 0.020891 0.018481
v 0.001338 0.020697 0.018325
v 0.001363 0.019614 0.017245
v 0.003359 0.019609 0.017354
v 0.002413 0.019610 0.019001
v 0.001369 0.019602 0.018422
v 0.003103 0.027140 0.018749
v 0.002062 0.027135 0.018982
v 0.001323 0.027137 0.018396
v 0.001274 0.027140 0.017371
v 0.003456 0.027163 0.017861
v 0.003281 0.027148 0.017116
v 0.002580 0.027162 0.016772
v 0.001968 0.027153 0.016808
v 0.001318 0.021054 0.017376
v 0.003257 0.021062 0.017176
v 0.003043 0.021056 0.018739
v 0.001369 0.021052 0.018422
v 0.002149 0.021053 0.018947
v 0.001436 0.027200 0.017395
v 0.003068 0.027200 0.018567
v 0.001436 0.027200 0.018310
v 0.002233 0.027200 0.018864
v 0.001816 0.013998 0.017232
v 0.001523 0.013999 0.017882
v 0.001571 0.015200 0.018240
v 0.001848 0.014001 0.018490
v 0.002499 0.015200 0.018652
v 0.003080 0.015200 0.018207
v 0.003060 0.013999 0.018244
v 0.002471 0.013999 0.018664
v 0.003109 0.013996 0.017540
v 0.003080 0.015200 0.017475
v 0.002513 0.013996 0.017043
v 0.002060 0.015200 0.017009
v 0.002349 0.013519 0.017846
v -0.013165 0.019472 -0.010551
v -0.013429 0.019400 -0.010394
v -0.013524 0.019403 -0.009861
v -0.014442 0.019400 -0.009912
v -0.014825 0.019442 -0.009861
v -0.015350 0.019451 -0.010463
v -0.015321 0.019400 -0.010833
v -0.015388 0.019468 -0.011424
v -0.014840 0.019400 -0.011816
v -0.014430 0.019468 -0.012150
v -0.013872 0.019400 -0.011897
v -0.013323 0.019468 -0.011683
v -0.013301 0.019400 -0.011234
v -0.013577 0.020688 -0.010075
v -0.013281 0.020901 -0.010285
v -0.013165 0.020688 -0.011126
v -0.013078 0.020901 -0.010875
v -0.013198 0.020901 -0.011487
v -0.013557 0.020888 -0.011901
v -0.014448 0.020688 -0.012074
v -0.014197 0.020901 -0.012160
v -0.014810 0.020901 -0.012040
v -0.015331 0.020688 -0.011370
v -0.015280 0.020901 -0.011630
v -0.015482 0.020901 -0.011041
v -0.015163 0.020688 -0.010254
v -0.015363 0.020901 -0.010429
v -0.014953 0.020901 -0.009958
v -0.014436 0.020888 -0.009779
v -0.013751 0.020901 -0.009875
v -0.014154 0.019612 -0.009836
v -0.015133 0.027152 -0.011656
v -0.015455 0.027153 -0.010791
v -0.015009 0.027153 -0.010062
v -0.014465 0.027161 -0.009881
v -0.013808 0.027163 -0.009963
v -0.013385 0.027153 -0.010229
v -0.013106 0.027153 -0.011124
v -0.013566 0.027154 -0.011806
v -0.014097 0.027153 -0.012097
v -0.014627 0.027162 -0.011999
v -0.013243 0.027200 -0.011107
v -0.015303 0.027200 -0.010718
v -0.014994 0.013997 -0.011426
v -0.015065 0.015200 -0.011320
v -0.014940 0.013994 -0.010474
v -0.014875 0.015200 -0.010398
v -0.014208 0.013995 -0.010140
v -0.013805 0.015200 -0.010219
v -0.013558 0.014001 -0.010569
v -0.013518 0.015200 -0.011289
v -0.013536 0.013993 -0.011286
v -0.014117 0.013996 -0.011760
v -0.014187 0.015200 -0.011772
v -0.014280 0.013519 -0.010958
v -0.003603 -0.014900 -0.016615
v -0.003548 -0.017900 -0.016606
v -0.003678 -0.017900 -0.017626
v -0.003746 -0.014900 -0.017632
v -0.004666 -0.017900 -0.018098
v -0.004698 -0.014900 -0.018017
v -0.005563 -0.017900 -0.017395
v -0.005507 -0.014900 -0.017385
v -0.005432 -0.017900 -0.016375
v -0.005365 -0.014900 -0.016368
v -0.004444 -0.017900 -0.015902
v -0.004413 -0.014900 -0.015983
v -0.004293 -0.014900 -0.015872
v -0.003454 -0.014900 -0.016760
v -0.003726 -0.014900 -0.017758
v -0.004817 -0.014900 -0.018129
v -0.005656 -0.014900 -0.017240
v -0.005384 -0.014900 -0.016243
v 0.016061 -0.014900 0.004899
v 0.016123 -0.017900 0.005181
v 0.016615 -0.014900 0.005507
v 0.017111 -0.017900 0.005653
v 0.017632 -0.014900 0.005365
v 0.018008 -0.017900 0.004950
v 0.017985 -0.014900 0.004727
v 0.017877 -0.017900 0.003929
v 0.017939 -0.014900 0.004212
v 0.017109 -0.014900 0.003486
v 0.016889 -0.017900 0.003457
v 0.015993 -0.017900 0.004161
v 0.016048 -0.014900 0.004170
v 0.016958 -0.014900 0.005671
v 0.017592 -0.014900 0.005482
v 0.018101 -0.014900 0.004795
v 0.017829 -0.014900 0.003798
v 0.017042 -0.014900 0.003440
v 0.016408 -0.014900 0.003628
v 0.015899 -0.014900 0.004315
v 0.016171 -0.014900 0.005313
v -0.012282 -0.014900 0.011393
v -0.012364 -0.017900 0.011364
v -0.012960 -0.017900 0.011507
v -0.013249 -0.017900 0.011816
v -0.013031 -0.014900 0.011562
v -0.013500 -0.014900 0.012238
v -0.013438 -0.017900 0.012681
v -0.013180 -0.014900 0.013153
v -0.012794 -0.017900 0.013487
v -0.012289 -0.014900 0.013458
v -0.011924 -0.017900 0.013371
v -0.011438 -0.017900 0.012840
v -0.011678 -0.014900 0.013087
v -0.011428 -0.014900 0.012303
v -0.011568 -0.017900 0.011819
v -0.013519 -0.017900 0.012102
v -0.013421 -0.017900 0.012952
v -0.012487 -0.014900 0.013560
v -0.011589 -0.014900 0.013178
v -0.011345 -0.014900 0.012462
v -0.011616 -0.014900 0.011688
v -0.012403 -0.014900 0.011330
v -0.013274 -0.014900 0.013202
v -0.013379 0.023800 -0.010266
v -0.013083 0.024335 -0.009792
v -0.015221 0.023800 -0.007260
v -0.014833 0.024335 -0.006858
v -0.016398 0.023800 -0.003937
v -0.015935 0.024335 -0.003624
v -0.016858 0.023800 -0.000441
v -0.016340 0.024335 -0.000232
v -0.016582 0.023800 0.003073
v -0.016031 0.024335 0.003170
v -0.015581 0.023800 0.006454
v -0.015022 0.024335 0.006434
v -0.013898 0.023800 0.009552
v -0.013356 0.024335 0.009417
v -0.011609 0.023800 0.012233
v -0.011106 0.024335 0.011988
v -0.008812 0.023800 0.014379
v -0.008371 0.024335 0.014035
v -0.005629 0.023800 0.015897
v -0.005270 0.024335 0.015468
v -0.002201 0.023800 0.016720
v -0.001939 0.024335 0.016226
v 0.001323 0.023800 0.016812
v 0.001477 0.024335 0.016275
v 0.004790 0.023800 0.016170
v 0.004829 0.024335 0.015612
v 0.008047 0.023800 0.014821
v 0.007969 0.024335 0.014267
v 0.010952 0.023800 0.012824
v 0.013083 0.024335 0.009792
v 0.013379 0.023800 0.010266
v 0.010761 0.024335 0.012298
v 0.015221 0.023800 0.007260
v 0.014833 0.024335 0.006858
v 0.016398 0.023800 0.003937
v 0.015935 0.024335 0.003624
v 0.016858 0.023800 0.000441
v 0.016340 0.024335 0.000232
v 0.016582 0.023800 -0.003073
v 0.016031 0.024335 -0.003170
v 0.015581 0.023800 -0.006454
v 0.015022 0.024335 -0.006434
v 0.013898 0.023800 -0.009552
v 0.013356 0.024335 -0.009417
v 0.011609 0.023800 -0.012233
v 0.011106 0.024335 -0.011988
v 0.008812 0.023800 -0.014379
v 0.008371 0.024335 -0.014035
v 0.005629 0.023800 -0.015897
v 0.005270 0.024335 -0.015468
v 0.002201 0.023800 -0.016720
v 0.001939 0.024335 -0.016226
v -0.001323 0.023800 -0.016812
v -0.001477 0.024335 -0.016275
v -0.004790 0.023800 -0.016170
v -0.004829 0.024335 -0.015612
v -0.008047 0.023800 -0.014821
v -0.007969 0.024335 -0.014267
v -0.010952 0.023800 -0.012824
v -0.010761 0.024335 -0.012298
v 0.013100 0.023265 0.009769
v 0.010783 0.023265 0.012279
v 0.007994 0.023265 0.014253
v 0.004856 0.023265 0.015604
v 0.001506 0.023265 0.016272
v -0.001910 0.023265 0.016230
v -0.005243 0.023265 0.015478
v -0.008346 0.023265 0.014049
v -0.011085 0.023265 0.012007
v -0.013339 0.023265 0.009440
v -0.015010 0.023265 0.006460
v -0.016026 0.023265 0.003198
v -0.016340 0.023265 -0.000204
v -0.015941 0.023265 -0.003596
v -0.014845 0.023265 -0.006832
v -0.013100 0.023265 -0.009769
v -0.010783 0.023265 -0.012279
v -0.007994 0.023265 -0.014253
v -0.004856 0.023265 -0.015604
v -0.001506 0.023265 -0.016272
v 0.001910 0.023265 -0.016230
v 0.005243 0.023265 -0.015478
v 0.008346 0.023265 -0.014049
v 0.011085 0.023265 -0.012007
v 0.013339 0.023265 -0.009440
v 0.015010 0.023265 -0.006460
v 0.016026 0.023265 -0.003198
v 0.016340 0.023265 0.000204
v 0.015941 0.023265 0.003596
v 0.014845 0.023265 0.006832
v -0.002863 -0.019303 0.004658
v -0.002874 -0.019200 0.004663
v -0.006168 -0.019300 0.002767
v -0.007565 -0.019303 0.003399
v -0.007573 -0.019201 0.003386
v -0.003679 -0.019200 0.003487
v -0.004287 -0.019372 0.003045
v -0.004899 -0.019200 0.002829
v -0.006285 -0.019200 0.002789
v -0.008488 -0.019302 0.006794
v -0.008476 -0.019200 0.006790
v -0.007672 -0.019200 0.007965
v -0.007052 -0.019374 0.008415
v -0.006452 -0.019200 0.008624
v -0.005066 -0.019300 0.008664
v -0.005066 -0.019200 0.008664
v -0.003804 -0.019302 0.008087
v -0.003757 -0.019200 0.008026
v -0.007647 -0.019201 0.003313
v -0.004873 -0.019200 0.002732
v -0.006184 -0.019200 0.002668
v -0.003718 -0.019200 0.003322
v -0.002775 -0.019201 0.004590
v -0.003682 -0.019201 0.008096
v -0.005175 -0.019200 0.008785
v -0.006478 -0.019200 0.008721
v -0.008576 -0.019201 0.006862
v -0.007645 -0.019200 0.008120
v 0.000760 -0.019303 -0.008865
v 0.000749 -0.019200 -0.008860
v -0.002537 -0.019300 -0.010757
v -0.003941 -0.019303 -0.010124
v -0.003950 -0.019202 -0.010137
v -0.000055 -0.019200 -0.010036
v -0.000663 -0.019372 -0.010477
v -0.001275 -0.019200 -0.010694
v -0.002662 -0.019200 -0.010734
v -0.004864 -0.019302 -0.006729
v -0.004853 -0.019200 -0.006733
v -0.001567 -0.019300 -0.004836
v -0.000173 -0.019310 -0.005456
v -0.000154 -0.019202 -0.005457
v -0.004049 -0.019200 -0.005558
v -0.003445 -0.019372 -0.005119
v -0.002828 -0.019200 -0.004899
v -0.001442 -0.019200 -0.004859
v -0.004024 -0.019201 -0.010210
v -0.001250 -0.019200 -0.010791
v -0.002553 -0.019200 -0.010856
v -0.000095 -0.019200 -0.010201
v 0.000849 -0.019201 -0.008933
v -0.000058 -0.019201 -0.005427
v -0.001551 -0.019200 -0.004737
v -0.002854 -0.019200 -0.004802
v -0.004953 -0.019201 -0.006661
v -0.004015 -0.019200 -0.005398
v 0.008986 -0.014900 0.016728
v 0.008804 -0.019200 0.016784
v 0.007163 -0.019200 0.016608
v 0.007589 -0.014968 0.016819
v 0.000756 -0.015026 0.018980
v -0.000524 -0.019200 0.019060
v -0.004918 -0.019200 0.018353
v -0.006200 -0.014900 0.018033
v -0.001891 -0.014900 0.018906
v -0.014229 -0.014900 0.011193
v -0.014381 -0.016700 0.011176
v -0.005251 -0.014900 -0.015515
v -0.006726 -0.016700 -0.016808
v -0.006866 -0.014900 -0.016869
v 0.009232 -0.019200 -0.016665
v 0.010187 -0.015024 -0.016008
v 0.007815 -0.014900 -0.017318
v 0.003279 -0.014899 -0.018771
v 0.004918 -0.019200 -0.018353
v 0.014972 -0.014961 -0.010779
v 0.014461 -0.019200 -0.010826
v 0.016094 -0.019200 -0.010048
v 0.016050 -0.014900 -0.010068
v 0.018924 -0.014900 0.001235
v 0.018913 -0.014900 -0.001813
v 0.019019 -0.019200 -0.000717
v 0.017999 -0.014900 -0.006228
v 0.018160 -0.019200 -0.005739
v 0.016100 -0.016700 0.003233
v 0.016100 -0.014900 0.003233
v 0.018298 -0.016700 0.002296
v 0.017897 -0.014900 0.002555
v 0.018986 -0.016812 0.000311
v 0.015440 -0.016700 0.004061
v 0.015402 -0.014900 0.004203
v 0.015559 -0.016700 0.005250
v 0.015559 -0.014900 0.005250
v 0.016642 -0.016791 0.009182
v 0.016567 -0.014901 0.009385
v 0.016998 -0.014900 0.007169
v 0.017045 -0.016700 0.007388
v 0.016075 -0.019200 0.010215
v 0.012865 -0.014900 0.014043
v 0.012478 -0.019200 0.014389
v -0.003624 -0.019200 0.010950
v 0.015618 -0.019200 0.002474
v -0.007501 -0.019200 -0.016354
v -0.009532 -0.019200 -0.016481
v 0.018359 -0.019201 0.001372
v 0.016592 -0.019200 0.008106
v 0.014779 -0.019200 0.005716
v 0.010918 -0.019200 0.003503
v 0.009336 -0.019200 0.006692
v -0.015134 -0.019200 -0.005474
v -0.013445 -0.019200 -0.004749
v -0.002123 -0.019200 -0.011221
v 0.002376 -0.019200 -0.011263
v -0.003607 -0.019200 -0.014655
v 0.011158 -0.019200 -0.010787
v 0.010334 -0.019200 -0.012102
v 0.004937 -0.019200 -0.012259
v 0.011198 -0.019200 0.002431
v 0.004139 -0.019200 0.010725
v -0.001786 -0.019200 0.012298
v -0.001982 -0.019200 0.013447
v -0.009951 -0.019200 0.012404
v -0.004953 -0.019200 0.012938
v -0.010370 -0.019200 0.010966
v -0.004647 -0.019200 0.011548
v -0.016857 -0.019200 -0.007760
v -0.016310 -0.019200 -0.009845
v 0.010738 -0.019200 -0.015037
v 0.004781 -0.019200 -0.013383
v 0.012289 -0.019200 -0.010340
v 0.004340 -0.019200 -0.011233
v 0.011794 -0.019200 0.004827
v 0.012971 -0.019200 0.004910
v 0.013987 -0.019200 0.004182
v 0.014562 -0.019200 0.003780
v 0.005471 -0.019200 0.015094
v 0.003828 -0.019200 0.014989
v 0.002789 -0.019200 0.015916
v -0.014952 -0.019200 -0.003908
v -0.014184 -0.019200 -0.003499
v -0.013858 -0.019200 -0.002434
v -0.015811 -0.019200 -0.002855
v -0.012245 -0.019200 0.009886
v -0.018435 -0.019200 0.004599
v 0.001873 -0.019200 -0.011980
v 0.001839 -0.019200 -0.013158
v -0.002354 -0.019200 -0.015824
v 0.003244 -0.019201 -0.014231
v -0.001276 -0.019200 -0.018422
v 0.000914 -0.019200 -0.019038
v 0.011399 -0.019200 -0.001503
v 0.012629 -0.019200 0.001717
v 0.001708 -0.019200 0.018479
v -0.002989 -0.019200 0.014112
v -0.004042 -0.019200 0.014048
v -0.008826 -0.019200 0.016873
v -0.010367 -0.019200 0.015215
v -0.012715 -0.019200 0.003252
v 0.003237 -0.019200 -0.010966
v 0.006003 -0.019200 -0.009715
v 0.009190 -0.019200 -0.006943
v 0.013998 -0.019200 0.002567
v 0.006272 -0.019200 0.009568
v 0.000444 -0.019200 0.011411
v -0.002423 -0.019198 0.011204
v -0.008491 -0.019200 0.007748
v -0.010528 -0.019200 0.004426
v -0.012222 -0.019200 0.003942
v -0.019037 -0.019200 0.000236
v -0.011461 -0.019200 -0.005188
v -0.010350 -0.019199 -0.006131
v -0.005053 -0.019200 -0.010263
v -0.005662 -0.019200 -0.014692
v -0.006904 -0.019200 -0.009097
v -0.012036 -0.019199 -0.000012
v -0.012519 -0.019200 -0.001238
v -0.008764 -0.019200 -0.009533
v -0.016641 -0.019200 0.009314
v -0.014831 -0.019200 0.010396
v -0.018329 -0.019200 -0.001872
v -0.009434 -0.019200 -0.009062
v -0.013666 -0.019200 -0.013200
v 0.006814 -0.014987 0.016465
v 0.002229 -0.014982 0.017904
v 0.002847 -0.014935 0.015995
v 0.001314 -0.015098 0.018701
v -0.009755 -0.016813 0.016294
v -0.010512 -0.014900 0.015800
v -0.012345 -0.014900 0.010820
v -0.012305 -0.016700 0.010811
v -0.015431 -0.016682 0.010664
v -0.012250 -0.016748 0.009994
v -0.010415 -0.016727 0.011105
v -0.011126 -0.016700 0.011487
v -0.010003 -0.016764 0.012430
v -0.010848 -0.016700 0.012394
v -0.010474 -0.016772 0.014756
v -0.011137 -0.016700 0.014698
v -0.014645 -0.016918 0.010425
v -0.016338 -0.016835 0.009695
v -0.018955 -0.015003 -0.000850
v -0.017981 -0.014993 -0.002174
v -0.015870 -0.014965 -0.002880
v -0.016813 -0.014982 -0.008904
v -0.016634 -0.014963 -0.007025
v -0.015215 -0.014967 -0.005470
v -0.016852 -0.015098 -0.008212
v -0.009240 -0.016806 -0.016599
v -0.007495 -0.016903 -0.016383
v -0.008114 -0.016681 -0.016943
v -0.001758 -0.016787 -0.017906
v -0.002124 -0.016700 -0.018456
v -0.002466 -0.016735 -0.015843
v -0.003202 -0.016700 -0.016153
v -0.003137 -0.016763 -0.015028
v -0.004013 -0.016700 -0.015463
v -0.004258 -0.016771 -0.014574
v -0.005571 -0.016741 -0.014779
v -0.005281 -0.016700 -0.015543
v -0.000360 -0.016792 -0.019006
v -0.001318 -0.014900 -0.018918
v 0.010873 -0.014993 -0.014478
v 0.010454 -0.014932 -0.012435
v 0.014002 -0.014968 -0.010849
v 0.018425 -0.016761 0.001272
v 0.017632 -0.016746 0.001921
v 0.015697 -0.016787 0.002465
v 0.014850 -0.016763 0.003425
v 0.014571 -0.016763 0.004553
v 0.014851 -0.016787 0.005730
v 0.016406 -0.016755 0.007426
v 0.016620 -0.016886 0.008691
v -0.003198 -0.014900 -0.016157
v -0.002555 -0.014900 -0.017897
v -0.015197 -0.014952 -0.003643
v -0.014974 -0.014963 -0.004542
v -0.010845 -0.016900 0.010524
v 0.005376 -0.014965 0.015112
v 0.003717 -0.014961 0.015109
v 0.012243 -0.014980 -0.010388
v 0.010832 -0.014950 -0.011177
v -0.000783 -0.016886 -0.018738
v 0.009016 -0.017962 -0.007075
v 0.004270 -0.017962 0.010635
v -0.002928 -0.018571 0.011033
v -0.003899 -0.018435 0.014006
v -0.004008 -0.018594 0.011041
v -0.004875 -0.018475 0.012996
v -0.004668 -0.018483 0.011660
v -0.002684 -0.018596 0.014060
v -0.002079 -0.018604 0.011560
v -0.001742 -0.018597 0.012879
v -0.011957 -0.018474 0.000063
v -0.012713 -0.014900 0.003071
v -0.009483 -0.014900 -0.008989
v -0.010321 -0.018484 -0.006042
v -0.012527 -0.018483 -0.001352
v -0.013215 -0.018465 -0.004752
v -0.013974 -0.018479 -0.004046
v -0.013963 -0.018466 -0.002646
v -0.011426 -0.018444 -0.005115
v -0.008843 -0.014900 -0.009520
v -0.006904 -0.014900 -0.009097
v -0.010528 -0.014900 0.004426
v -0.012379 -0.014900 0.003846
v 0.002929 -0.018467 -0.011074
v 0.002047 -0.018594 -0.011569
v 0.003466 -0.018471 -0.014115
v 0.002200 -0.018476 -0.013620
v 0.001831 -0.018453 -0.012358
v 0.003826 -0.018468 -0.011077
v 0.004609 -0.018537 -0.011547
v 0.004952 -0.018507 -0.012816
v 0.004315 -0.018452 -0.013749
v 0.010983 -0.018594 0.002952
v 0.011815 -0.018582 0.004814
v 0.011105 -0.018465 0.003918
v 0.012633 -0.018466 0.001804
v 0.011523 -0.018472 0.002190
v 0.013262 -0.018597 0.004862
v 0.014136 -0.018614 0.003797
v 0.013924 -0.018596 0.002435
v -0.010849 -0.014900 0.012388
v -0.011161 -0.014900 0.014222
v -0.011207 -0.014900 0.011384
v -0.003892 -0.014900 -0.015511
v -0.002833 -0.018395 0.011193
v -0.002311 -0.018398 0.013529
v -0.001953 -0.018399 0.012326
v 0.012244 -0.018393 0.004786
v 0.013853 -0.018392 0.004087
v 0.013686 -0.018398 0.002481
v 0.011479 -0.014899 0.000942
v 0.009726 -0.014900 0.006144
v 0.006177 -0.014900 0.009649
v 0.000683 -0.014900 -0.011400
v 0.004636 -0.014899 -0.010520
v 0.010522 -0.014899 -0.004625
v 0.008195 -0.014900 -0.007954
v -0.002123 -0.014900 -0.011221
v -0.005199 -0.014900 -0.010193
v 0.002007 -0.014899 0.011315
v -0.002307 -0.014900 0.011185
v -0.005965 -0.014900 0.009831
v -0.009158 -0.014900 0.006823
v -0.018947 -0.014900 0.001418
v -0.018063 -0.014900 0.006030
v -0.015659 -0.014900 0.010599
v -0.012727 -0.014900 -0.014210
v -0.008262 -0.014900 -0.016997
v 0.013321 0.027069 0.010158
v 0.011523 0.027058 0.012185
v -0.014819 0.027060 -0.007855
v -0.015734 0.027067 -0.005742
v -0.016403 0.027063 -0.003469
v -0.016674 0.027069 0.001581
v -0.016749 0.027062 -0.000782
v -0.016315 0.027058 0.003887
v -0.012840 0.027067 0.010755
v -0.014212 0.027060 0.008907
v -0.015457 0.027069 0.006457
v -0.011205 0.027063 0.012471
v -0.006968 0.027069 0.015230
v -0.009051 0.027062 0.014114
v -0.004791 0.027058 0.016072
v 0.002894 0.027067 0.016497
v 0.000607 0.027060 0.016761
v -0.002136 0.027069 0.016615
v 0.005198 0.027063 0.015940
v 0.009706 0.027069 0.013650
v 0.007697 0.027062 0.014896
v -0.013321 0.027069 -0.010158
v 0.011518 0.025862 0.012246
v 0.000454 0.025862 0.016802
v -0.014324 0.025862 0.008794
v -0.011523 0.027058 -0.012185
v 0.014819 0.027060 0.007855
v 0.015734 0.027067 0.005742
v 0.016403 0.027063 0.003469
v 0.016674 0.027069 -0.001581
v 0.016749 0.027062 0.000782
v 0.016315 0.027058 -0.003887
v 0.012840 0.027067 -0.010755
v 0.014212 0.027060 -0.008907
v 0.015457 0.027069 -0.006457
v 0.011205 0.027063 -0.012471
v 0.006968 0.027069 -0.015230
v 0.009051 0.027062 -0.014114
v 0.004791 0.027058 -0.016072
v -0.002894 0.027067 -0.016497
v -0.000607 0.027060 -0.016761
v 0.002136 0.027069 -0.016615
v -0.005198 0.027063 -0.015940
v -0.009706 0.027069 -0.013650
v -0.007697 0.027062 -0.014896
v -0.003712 0.027100 -0.015987
v 0.003111 0.027100 -0.016115
v -0.009894 0.027100 -0.013095
v 0.014365 0.027100 0.007938
v 0.009894 0.027100 0.013095
v 0.014057 0.027100 -0.008471
v 0.015975 0.027100 -0.003396
v 0.009396 0.027100 -0.013456
v 0.003712 0.027100 0.015987
v -0.003111 0.027100 0.016115
v 0.016352 0.027100 0.001409
v -0.015975 0.027100 0.003396
v -0.016352 0.027100 -0.001409
v -0.014365 0.027100 -0.007938
v -0.014057 0.027100 0.008471
v -0.009396 0.027100 0.013456
v -0.011518 0.025862 -0.012246
v -0.000454 0.025862 -0.016802
v 0.014324 0.025862 -0.008794
v 0.007549 0.025768 0.014986
v 0.005197 0.025763 0.015955
v -0.011219 0.025763 0.012479
v -0.016416 0.025763 -0.003476
v -0.015715 0.025756 -0.005839
v -0.016641 0.025733 0.002121
v -0.013292 0.025753 -0.010227
v -0.014736 0.025768 -0.008035
v -0.016753 0.025768 -0.000955
v -0.015503 0.025753 0.006397
v -0.013162 0.025733 0.010380
v -0.009204 0.025768 0.014031
v 0.010009 0.025733 0.013451
v -0.016370 0.025870 0.003828
v -0.006484 0.025733 0.015472
v 0.002408 0.025733 0.016589
v -0.002211 0.025753 0.016625
v -0.004870 0.025870 0.016091
v 0.013292 0.025753 0.010227
v -0.007549 0.025768 -0.014986
v -0.005197 0.025763 -0.015955
v 0.011219 0.025763 -0.012479
v 0.016416 0.025763 0.003476
v 0.015715 0.025756 0.005839
v 0.016641 0.025733 -0.002121
v 0.014736 0.025768 0.008035
v 0.016753 0.025768 0.000955
v 0.015503 0.025753 -0.006397
v 0.013162 0.025733 -0.010380
v 0.009204 0.025768 -0.014031
v -0.010009 0.025733 -0.013451
v 0.016370 0.025870 -0.003828
v 0.006484 0.025733 -0.015472
v -0.002408 0.025733 -0.016589
v 0.002211 0.025753 -0.016625
v 0.004870 0.025870 -0.016091
v -0.009396 0.025700 -0.013456
v -0.014057 0.025700 -0.008471
v -0.003712 0.025700 0.015987
v 0.003111 0.025700 0.016115
v 0.009396 0.025700 0.013456
v -0.014365 0.025700 0.007938
v -0.009894 0.025700 0.013095
v 0.003712 0.025700 -0.015987
v -0.003111 0.025700 -0.016115
v 0.014057 0.025700 0.008471
v 0.009894 0.025700 -0.013095
v 0.014365 0.025700 -0.007938
v -0.016287 0.025700 -0.002021
v -0.015975 0.025700 0.003396
v 0.016287 0.025700 0.002021
v 0.015975 0.025700 -0.003396
v -0.013893 0.030464 0.000487
v -0.012924 0.030433 0.000166
v -0.011953 0.030450 0.000444
v -0.011293 0.030470 0.001671
v -0.011954 0.030449 0.002944
v -0.012937 0.030459 0.003235
v -0.013834 0.030444 0.002935
v -0.014471 0.030473 0.001788
v -0.011699 0.029300 0.002610
v -0.011357 0.029300 0.001484
v -0.012293 0.029300 0.000269
v -0.013849 0.029300 0.000476
v -0.014376 0.029300 0.001501
v -0.014108 0.029300 0.002644
v -0.012714 0.029300 0.003231
v -0.012700 0.029254 0.002579
v -0.013595 0.029250 0.002288
v -0.013717 0.029260 0.001334
v -0.013208 0.029268 0.000870
v -0.012551 0.029265 0.000853
v -0.012062 0.029268 0.001378
v -0.012042 0.029265 0.002022
v -0.012142 0.027918 0.002207
v -0.011993 0.027946 0.001593
v -0.012354 0.027923 0.000974
v -0.013614 0.027919 0.001175
v -0.012992 0.027954 0.000804
v -0.013785 0.027956 0.001742
v -0.013435 0.027946 0.002403
v -0.012727 0.027961 0.002577
v 0.002948 0.030460 0.011949
v 0.003235 0.030459 0.012937
v 0.002942 0.030462 0.013839
v 0.001789 0.030463 0.014466
v 0.000488 0.030459 0.013890
v 0.000152 0.030467 0.012927
v 0.000440 0.030461 0.011950
v 0.001671 0.030466 0.011295
v 0.002644 0.029300 0.014108
v 0.003231 0.029300 0.012714
v 0.002610 0.029300 0.011699
v 0.001484 0.029300 0.011357
v 0.000269 0.029300 0.012293
v 0.000476 0.029300 0.013849
v 0.001501 0.029300 0.014376
v 0.001886 0.029254 0.013771
v 0.000991 0.029250 0.013480
v 0.000869 0.029260 0.012526
v 0.001567 0.029265 0.011989
v 0.002411 0.029265 0.012327
v 0.002544 0.029265 0.013214
v 0.002262 0.027940 0.013594
v 0.002529 0.027923 0.013123
v 0.002380 0.027922 0.012307
v 0.001583 0.027917 0.012005
v 0.001128 0.027936 0.012182
v 0.000804 0.027936 0.012903
v 0.001147 0.027933 0.013579
v 0.001718 0.027927 0.013755
v 0.002269 0.031200 0.012225
v 0.001404 0.031200 0.012066
v 0.000851 0.031200 0.012661
v 0.000980 0.031200 0.013390
v 0.002544 0.031200 0.013103
v 0.001829 0.031200 0.013779
v 0.001515 0.030500 0.011984
v 0.002383 0.030500 0.012269
v 0.002504 0.030500 0.013418
v 0.001522 0.030500 0.013791
v 0.000883 0.030500 0.013314
v 0.000857 0.030500 0.012517
v 0.014436 0.030464 -0.002028
v 0.013545 0.030464 -0.003125
v 0.014132 0.030458 -0.000748
v 0.012981 0.030446 -0.000127
v 0.011684 0.030459 -0.000695
v 0.011323 0.030475 -0.001550
v 0.011661 0.030450 -0.002665
v 0.012526 0.030450 -0.003192
v 0.013836 0.029300 -0.000477
v 0.014423 0.029300 -0.001872
v 0.013802 0.029300 -0.002887
v 0.012676 0.029300 -0.003229
v 0.011461 0.029300 -0.002292
v 0.011668 0.029300 -0.000736
v 0.012693 0.029300 -0.000210
v 0.012700 0.029254 -0.002579
v 0.013595 0.029250 -0.002288
v 0.013717 0.029260 -0.001334
v 0.013208 0.029268 -0.000870
v 0.012551 0.029265 -0.000853
v 0.012062 0.029268 -0.001378
v 0.012042 0.029265 -0.002022
v 0.013713 0.027915 -0.001273
v 0.013783 0.027952 -0.001833
v 0.013399 0.027973 -0.002408
v 0.012722 0.027944 -0.002583
v 0.012149 0.027926 -0.002207
v 0.011993 0.027946 -0.001593
v 0.012354 0.027923 -0.000974
v 0.012992 0.027954 -0.000804
v -0.001460 0.027931 -0.013743
v -0.001292 0.031200 -0.013666
v -0.000833 0.031200 -0.013008
v -0.000925 0.027943 -0.013334
v -0.001058 0.027900 -0.012313
v -0.001100 0.031200 -0.012258
v -0.001910 0.031200 -0.012045
v -0.002153 0.027920 -0.012149
v -0.002432 0.031200 -0.012466
v -0.002480 0.027930 -0.012534
v -0.002544 0.031200 -0.013103
v -0.002529 0.027923 -0.013123
v -0.001985 0.031200 -0.013722
v -0.002027 0.030457 -0.014432
v -0.003124 0.030459 -0.013543
v -0.000747 0.030462 -0.014134
v -0.000120 0.030463 -0.012981
v -0.000697 0.030454 -0.011686
v -0.001550 0.030475 -0.011323
v -0.002668 0.030461 -0.011657
v -0.003196 0.030460 -0.012526
v -0.000736 0.029300 -0.011668
v -0.000210 0.029300 -0.012693
v -0.000477 0.029300 -0.013836
v -0.001872 0.029300 -0.014423
v -0.002887 0.029300 -0.013802
v -0.003229 0.029300 -0.012676
v -0.002292 0.029300 -0.011461
v -0.001886 0.029254 -0.013771
v -0.000991 0.029250 -0.013480
v -0.000869 0.029260 -0.012526
v -0.001567 0.029265 -0.011989
v -0.002411 0.029265 -0.012327
v -0.002544 0.029265 -0.013214
v -0.000875 0.027934 -0.012495
v -0.002253 0.027935 -0.013593
v -0.001591 0.027936 -0.011988
v -0.001515 0.030500 -0.011984
v -0.002383 0.030500 -0.012269
v -0.002504 0.030500 -0.013418
v -0.001522 0.030500 -0.013791
v -0.000883 0.030500 -0.013314
v -0.000857 0.030500 -0.012517
v -0.017221 -0.000400 -0.009101
v -0.017171 -0.003400 -0.009155
v -0.016529 -0.000400 -0.009370
v -0.016666 -0.003423 -0.009224
v -0.019462 -0.000400 -0.000799
v -0.018937 -0.000400 -0.004825
v -0.018813 -0.003400 -0.005290
v -0.019010 -0.000400 -0.000129
v -0.019045 -0.003418 -0.000279
v -0.019458 -0.003400 -0.000690
v -0.018358 -0.000401 -0.005110
v -0.018487 -0.003466 -0.004857
v -0.005090 -0.006895 0.019341
v -0.005120 -0.006898 0.019333
v -0.005213 -0.006904 0.019309
v -0.005151 -0.006900 0.019325
v -0.005152 -0.006909 0.019325
v -0.005128 -0.006905 0.019331
v 0.014153 -0.017800 -0.016254
v 0.014424 -0.017800 -0.017268
v 0.011225 -0.017800 -0.019500
v 0.012925 -0.017981 -0.015545
v 0.008510 -0.017801 -0.018753
v 0.006299 -0.017800 -0.021652
v 0.002107 -0.017767 -0.020441
v 0.000789 -0.017713 -0.022511
v -0.014153 -0.017800 0.016254
v -0.014424 -0.017800 0.017268
v -0.011225 -0.017800 0.019500
v -0.012925 -0.017981 0.015545
v -0.008510 -0.017801 0.018753
v -0.006299 -0.017800 0.021652
v -0.002107 -0.017767 0.020441
v -0.000789 -0.017713 0.022511
v 0.001267 -0.022900 -0.014402
v 0.001271 -0.027400 -0.014363
v 0.000559 -0.027400 -0.012472
v 0.000576 -0.022900 -0.012236
v 0.001678 -0.027400 -0.010314
v 0.001872 -0.022900 -0.010180
v 0.004061 -0.027400 -0.009838
v 0.004288 -0.022900 -0.009906
v 0.006166 -0.027400 -0.011443
v 0.006207 -0.022900 -0.011461
v 0.007342 -0.027400 -0.011167
v 0.007342 -0.022900 -0.011167
v 0.013342 -0.027400 -0.000775
v 0.013029 -0.027400 0.000355
v 0.013342 -0.022900 -0.000775
v 0.012993 -0.022900 0.000382
v 0.011166 -0.027400 0.000992
v 0.011166 -0.022900 0.000992
v 0.009984 -0.027400 0.002244
v 0.009899 -0.022900 0.002464
v 0.009932 -0.027400 0.004185
v 0.009932 -0.022900 0.004185
v 0.010885 -0.027400 0.005619
v 0.011081 -0.022900 0.005752
v 0.013106 -0.027400 0.006104
v 0.013074 -0.022900 0.006081
v -0.001267 -0.022900 0.014402
v -0.001271 -0.027400 0.014363
v -0.000559 -0.027400 0.012472
v -0.000576 -0.022900 0.012236
v -0.001678 -0.027400 0.010314
v -0.001872 -0.022900 0.010180
v -0.003554 -0.027400 0.009814
v -0.004288 -0.022900 0.009906
v -0.004724 -0.027400 0.010166
v -0.006166 -0.027400 0.011443
v -0.006207 -0.022900 0.011461
v -0.007342 -0.027400 0.011167
v -0.007342 -0.022900 0.011167
v -0.013342 -0.027400 0.000775
v -0.013029 -0.027400 -0.000355
v -0.013342 -0.022900 0.000775
v -0.012993 -0.022900 -0.000382
v -0.011166 -0.027400 -0.000992
v -0.011166 -0.022900 -0.000992
v -0.009984 -0.027400 -0.002244
v -0.009899 -0.022900 -0.002464
v -0.010074 -0.027400 -0.004673
v -0.009932 -0.022900 -0.004185
v -0.011081 -0.022900 -0.005752
v -0.011557 -0.027400 -0.005926
v -0.013106 -0.027400 -0.006104
v -0.013074 -0.022900 -0.006081
v -0.012247 -0.022900 -0.004235
v -0.012161 -0.025800 -0.004200
v -0.011591 -0.022900 -0.003308
v -0.011610 -0.025800 -0.003170
v -0.012390 -0.022900 -0.002456
v -0.012483 -0.025800 -0.002443
v -0.013261 -0.022900 -0.002766
v -0.013318 -0.025800 -0.002840
v -0.013365 -0.022900 -0.003897
v -0.013280 -0.025800 -0.004007
v 0.003897 -0.022900 -0.013365
v 0.004007 -0.025800 -0.013280
v 0.004235 -0.022900 -0.012247
v 0.004200 -0.025800 -0.012161
v 0.003308 -0.022900 -0.011591
v 0.003170 -0.025800 -0.011610
v 0.002456 -0.022900 -0.012390
v 0.002443 -0.025800 -0.012483
v 0.002766 -0.022900 -0.013261
v 0.002840 -0.025800 -0.013318
v 0.013261 -0.022900 0.002766
v 0.013318 -0.025800 0.002840
v 0.013365 -0.022900 0.003897
v 0.013280 -0.025800 0.004007
v 0.012247 -0.022900 0.004235
v 0.012161 -0.025800 0.004200
v 0.011591 -0.022900 0.003308
v 0.011610 -0.025800 0.003170
v 0.012390 -0.022900 0.002456
v 0.012483 -0.025800 0.002443
v -0.003308 -0.022900 0.011591
v -0.003170 -0.025800 0.011610
v -0.002456 -0.022900 0.012390
v -0.002443 -0.025800 0.012483
v -0.002766 -0.022900 0.013261
v -0.002840 -0.025800 0.013318
v -0.003897 -0.022900 0.013365
v -0.004007 -0.025800 0.013280
v -0.004235 -0.022900 0.012247
v -0.004200 -0.025800 0.012161
v 0.002428 -0.031400 -0.002956
v 0.002227 -0.029900 -0.003110
v -0.000549 -0.031400 -0.003779
v -0.000842 -0.029900 -0.003725
v -0.003176 -0.031400 -0.002121
v -0.003332 -0.029900 -0.001867
v -0.003738 -0.031400 0.000294
v -0.003738 -0.029900 0.000294
v -0.002999 -0.031400 0.002365
v -0.002805 -0.029900 0.002592
v -0.000249 -0.031400 0.003811
v 0.000049 -0.029900 0.003818
v 0.002665 -0.031400 0.002735
v 0.002871 -0.029900 0.002518
v 0.003816 -0.031400 -0.000151
v 0.003792 -0.029900 -0.000448
v 0.000957 -0.031400 0.002310
v -0.000862 -0.031400 0.002419
v -0.002310 -0.031400 0.000957
v -0.002419 -0.031400 -0.000862
v 0.000862 -0.031400 -0.002419
v -0.000957 -0.031400 -0.002310
v 0.002310 -0.031400 -0.000957
v 0.002419 -0.031400 0.000862
v -0.000360 -0.035137 0.002402
v 0.000889 -0.035137 0.002260
v 0.001900 -0.035137 0.001513
v 0.002402 -0.035137 0.000360
v 0.002260 -0.035137 -0.000889
v 0.001513 -0.035137 -0.001900
v 0.000360 -0.035137 -0.002402
v -0.000889 -0.035137 -0.002260
v -0.001900 -0.035137 -0.001513
v -0.002402 -0.035137 -0.000360
v -0.002260 -0.035137 0.000889
v -0.001513 -0.035137 0.001900
v 0.001079 -0.035200 0.000222
v -0.000222 -0.035200 0.001079
v -0.001079 -0.035200 -0.000222
v 0.000222 -0.035200 -0.001079
v 0.000000 -0.028084 -0.000000
v 0.001036 -0.028694 -0.000182
v 0.000361 -0.028694 -0.000988
v 0.000675 -0.028694 0.000806
v -0.000361 -0.028694 0.000988
v -0.001036 -0.028694 0.000182
v -0.000675 -0.028694 -0.000806
v -0.002227 -0.025400 0.003110
v -0.003647 -0.025400 -0.001133
v -0.003596 -0.025400 0.001065
v -0.001598 -0.025400 -0.003468
v 0.002805 -0.025400 -0.002592
v 0.000875 -0.025400 -0.003646
v 0.002284 -0.025400 0.003060
v 0.003803 -0.025400 0.000350
v -0.000098 -0.025400 0.003749
v -0.014289 -0.020300 0.001321
v -0.014289 -0.022900 0.001321
v -0.017260 -0.020300 -0.003825
v -0.017260 -0.022900 -0.003825
v -0.005317 -0.020300 0.016860
v -0.005317 -0.022900 0.016860
v -0.008289 -0.020300 0.011714
v -0.008289 -0.022900 0.011714
v 0.014289 -0.020300 -0.001321
v 0.014289 -0.022900 -0.001321
v 0.017260 -0.020300 0.003825
v 0.017260 -0.022900 0.003825
v 0.018654 -0.027400 -0.002471
v 0.019884 -0.027400 0.000212
v 0.018603 -0.020300 -0.002484
v 0.019925 -0.020300 0.000237
v 0.017343 -0.027400 0.001720
v 0.017294 -0.020300 0.001707
v 0.015155 -0.027400 -0.001821
v 0.015155 -0.020300 -0.001821
v 0.018331 -0.020300 0.003249
v 0.018359 -0.027400 0.003237
v 0.019561 -0.027400 0.004198
v 0.019572 -0.020300 0.004164
v 0.019190 -0.027400 0.003441
v 0.019118 -0.020300 0.003388
v -0.006340 -0.027400 0.017482
v -0.006377 -0.020300 0.017518
v -0.006625 -0.027400 0.018251
v -0.006615 -0.020300 0.018339
v -0.006205 -0.027400 0.018999
v -0.006127 -0.020300 0.019059
v -0.009155 -0.020300 0.012214
v -0.009155 -0.027400 0.012214
v -0.007167 -0.027400 0.015836
v -0.007178 -0.020300 0.015876
v -0.009710 -0.027400 0.017339
v -0.009790 -0.020300 0.017360
v -0.011453 -0.027400 0.014868
v -0.011467 -0.020300 0.014920
v -0.018654 -0.027400 0.002471
v -0.019885 -0.027400 -0.000217
v -0.018603 -0.020300 0.002484
v -0.019919 -0.020300 -0.000237
v -0.017343 -0.027400 -0.001720
v -0.017294 -0.020300 -0.001707
v -0.015155 -0.027400 0.001821
v -0.015155 -0.020300 0.001821
v -0.018331 -0.020300 -0.003249
v -0.018359 -0.027400 -0.003237
v -0.002428 -0.027400 0.002956
v -0.003596 -0.027400 0.001065
v -0.003547 -0.027400 -0.001414
v -0.001322 -0.027400 -0.003583
v 0.000875 -0.027400 -0.003646
v 0.002999 -0.027400 -0.002365
v 0.003738 -0.027400 -0.000294
v 0.003176 -0.027400 0.002121
v 0.000549 -0.027400 0.003779
v 0.009710 -0.027400 -0.017339
v 0.011453 -0.027400 -0.014868
v 0.009790 -0.020300 -0.017360
v 0.011467 -0.020300 -0.014920
v 0.007169 -0.027400 -0.015831
v 0.007182 -0.020300 -0.015879
v 0.009155 -0.027400 -0.012214
v 0.009155 -0.020300 -0.012214
v 0.008289 -0.020300 -0.011714
v 0.008289 -0.022900 -0.011714
v 0.005317 -0.020300 -0.016860
v 0.005317 -0.022900 -0.016860
v 0.006377 -0.020300 -0.017518
v 0.006340 -0.027400 -0.017482
v 0.006625 -0.027400 -0.018251
v 0.006615 -0.020300 -0.018339
v 0.006205 -0.027400 -0.018999
v 0.006127 -0.020300 -0.019059
v -0.019561 -0.027400 -0.004198
v -0.019572 -0.020300 -0.004164
v -0.019190 -0.027400 -0.003441
v -0.019118 -0.020300 -0.003388
v -0.020431 -0.017827 -0.009515
v -0.019049 -0.017222 -0.011979
v -0.019861 -0.028411 -0.010597
v -0.015696 0.001466 -0.016120
v -0.015292 -0.028410 -0.016525
v -0.017674 -0.028424 -0.013918
v -0.016902 -0.000096 -0.014858
v -0.018143 -0.016006 -0.013311
v -0.017443 -0.014029 -0.014215
v -0.017359 -0.002175 -0.014315
v -0.021354 -0.028400 -0.007154
v -0.022467 -0.017800 -0.002274
v -0.022258 -0.028400 -0.003426
v -0.022199 -0.028400 0.003667
v -0.022199 -0.017800 0.003667
v -0.022514 -0.028406 0.000448
v 0.014424 -0.028400 -0.017268
v 0.011680 -0.028404 -0.019250
v 0.008218 -0.028400 -0.020965
v 0.004512 -0.028398 -0.022065
v 0.000732 -0.028408 -0.022500
v -0.003298 -0.014469 -0.022261
v -0.003181 -0.028420 -0.022273
v -0.003515 -0.002228 -0.022224
v -0.004064 -0.000458 -0.022133
v -0.001387 -0.016797 -0.022451
v -0.006689 -0.028407 -0.021505
v -0.005682 0.001339 -0.021777
v -0.014383 0.002156 -0.017335
v -0.011302 -0.028397 -0.019529
v -0.011166 0.002200 -0.019534
v -0.007674 0.002156 -0.021169
v -0.019748 -0.020300 0.003319
v -0.021332 -0.029152 0.004233
v -0.021332 -0.017800 0.004233
v -0.012748 -0.020300 0.015443
v -0.014424 -0.028400 0.017268
v -0.013775 -0.029855 0.016017
v 0.015696 0.001466 0.016120
v 0.017182 -0.028439 0.014569
v 0.020431 -0.017827 0.009515
v 0.019049 -0.017222 0.011979
v 0.019861 -0.028411 0.010597
v 0.017443 -0.014029 0.014215
v 0.018143 -0.016006 0.013311
v 0.017359 -0.002175 0.014315
v 0.016902 -0.000096 0.014858
v 0.021354 -0.028400 0.007154
v 0.022467 -0.017800 0.002274
v 0.022258 -0.028400 0.003426
v 0.022199 -0.028400 -0.003667
v 0.022199 -0.017800 -0.003667
v 0.022514 -0.028406 -0.000448
v -0.011680 -0.028404 0.019250
v -0.008218 -0.028400 0.020965
v -0.004512 -0.028398 0.022065
v -0.000732 -0.028408 0.022500
v 0.003298 -0.014469 0.022261
v 0.003181 -0.028420 0.022273
v 0.003515 -0.002228 0.022224
v 0.004064 -0.000458 0.022133
v 0.001387 -0.016797 0.022451
v 0.006689 -0.028407 0.021505
v 0.005682 0.001339 0.021777
v 0.007706 0.002165 0.021157
v 0.010450 -0.028409 0.019956
v 0.011166 0.002200 0.019534
v 0.014383 0.002156 0.017335
v 0.013736 -0.028403 0.017852
v 0.019748 -0.020300 -0.003319
v 0.021332 -0.017800 -0.004233
v 0.021332 -0.029152 -0.004233
v 0.019967 -0.017912 -0.003445
v 0.020553 -0.017801 0.001428
v 0.018729 -0.017761 0.008609
v -0.010002 -0.018301 0.017365
v 0.020039 -0.018300 0.000046
v 0.019704 -0.018300 0.003664
v 0.018765 -0.018294 0.007061
v 0.017114 -0.018298 0.010438
v 0.015703 -0.017804 0.013218
v 0.014948 -0.018298 0.013357
v 0.013185 -0.017799 0.015735
v 0.011448 -0.018306 0.016509
v 0.010225 -0.017800 0.017799
v 0.006977 -0.017800 0.019303
v 0.007477 -0.018309 0.018601
v 0.003473 -0.017800 0.020229
v 0.004008 -0.018307 0.019642
v -0.000138 -0.017800 0.020525
v 0.000419 -0.018305 0.020042
v -0.003222 -0.018295 0.019784
v -0.006722 -0.018303 0.018880
v 0.017704 -0.027400 0.009531
v -0.002595 -0.027400 0.019856
v 0.003068 -0.027400 0.019874
v 0.010055 -0.027400 0.017415
v 0.014416 -0.027400 0.013899
v 0.014153 -0.029348 -0.016254
v -0.012726 -0.027400 0.015375
v 0.012731 -0.027400 -0.015387
v 0.012411 -0.027400 -0.014182
v 0.019746 -0.027400 -0.003359
v -0.019746 -0.027400 0.003359
v -0.018516 -0.027400 0.003623
v 0.018461 -0.027400 -0.003650
v -0.012412 -0.027400 0.014078
v -0.017704 -0.027400 -0.009531
v -0.010055 -0.027400 -0.017415
v -0.003068 -0.027400 -0.019874
v 0.002595 -0.027400 -0.019856
v -0.014416 -0.027400 -0.013899
v 0.012748 -0.020300 -0.015443
v 0.010002 -0.018301 -0.017365
v 0.006722 -0.018303 -0.018880
v 0.003222 -0.018295 -0.019784
v -0.018765 -0.018294 -0.007061
v -0.019704 -0.018300 -0.003664
v -0.019967 -0.017912 0.003445
v -0.020039 -0.018300 -0.000046
v -0.000419 -0.018305 -0.020042
v -0.004008 -0.018307 -0.019642
v -0.007477 -0.018309 -0.018601
v -0.011448 -0.018306 -0.016509
v -0.014948 -0.018298 -0.013357
v -0.017114 -0.018298 -0.010438
v -0.020553 -0.017801 -0.001428
v -0.018729 -0.017761 -0.008609
v -0.015703 -0.017804 -0.013218
v -0.013185 -0.017799 -0.015735
v -0.010225 -0.017800 -0.017799
v -0.006977 -0.017800 -0.019303
v -0.003473 -0.017800 -0.020229
v 0.000138 -0.017800 -0.020525
v 0.013564 -0.029905 -0.015953
v 0.009861 -0.029900 -0.018625
v -0.020751 -0.029910 0.003808
v -0.020637 -0.029900 -0.004270
v -0.018064 -0.029900 -0.010854
v -0.013558 -0.029900 -0.016119
v -0.007784 -0.029900 -0.019570
v -0.002229 -0.029900 -0.020881
v 0.003146 -0.029900 -0.020837
v -0.018680 -0.029900 0.003444
v -0.012389 -0.029900 0.014131
v -0.012609 -0.029900 0.015131
v -0.009861 -0.029900 0.018625
v 0.021063 -0.029900 0.000730
v 0.020570 -0.029912 -0.003737
v 0.019629 -0.029900 0.007671
v 0.016193 -0.029900 0.013454
v 0.012490 -0.029900 0.016905
v 0.007784 -0.029900 0.019570
v 0.002229 -0.029900 0.020881
v -0.003146 -0.029900 0.020837
v 0.018754 -0.029900 -0.003426
v 0.012391 -0.029900 -0.014163
v 0.012609 -0.029900 -0.015131
v -0.011188 -0.025800 -0.004529
v -0.011786 -0.029900 -0.004988
v -0.010766 -0.029900 -0.003509
v -0.010864 -0.025800 -0.002761
v -0.011169 -0.029900 -0.002299
v -0.012233 -0.025800 -0.001597
v -0.012413 -0.029900 -0.001573
v -0.013926 -0.025800 -0.002200
v -0.013622 -0.029900 -0.001976
v -0.014348 -0.029900 -0.003220
v -0.014250 -0.025800 -0.003968
v -0.013578 -0.029900 -0.004844
v -0.012881 -0.025800 -0.005132
v 0.003075 -0.029900 -0.014305
v 0.003593 -0.025800 -0.014292
v 0.004775 -0.029900 -0.013738
v 0.004763 -0.025800 -0.013671
v 0.005100 -0.025800 -0.012329
v 0.004988 -0.029900 -0.011786
v 0.004529 -0.025800 -0.011188
v 0.003509 -0.029900 -0.010766
v 0.002761 -0.025800 -0.010864
v 0.002299 -0.029900 -0.011169
v 0.001597 -0.025800 -0.012233
v 0.001573 -0.029900 -0.012413
v 0.002200 -0.025800 -0.013926
v 0.001976 -0.029900 -0.013622
v 0.013926 -0.025800 0.002200
v 0.013622 -0.029900 0.001976
v 0.014348 -0.029900 0.003220
v 0.014250 -0.025800 0.003968
v 0.013578 -0.029900 0.004844
v 0.012881 -0.025800 0.005132
v 0.011786 -0.029900 0.004988
v 0.011188 -0.025800 0.004529
v 0.010940 -0.029900 0.004034
v 0.010864 -0.025800 0.002761
v 0.010933 -0.029900 0.002594
v 0.012233 -0.025800 0.001597
v 0.012413 -0.029900 0.001573
v -0.002761 -0.025800 0.010864
v -0.002299 -0.029900 0.011169
v -0.001597 -0.025800 0.012233
v -0.001573 -0.029900 0.012413
v -0.002200 -0.025800 0.013926
v -0.001976 -0.029900 0.013622
v -0.003220 -0.029900 0.014348
v -0.003968 -0.025800 0.014250
v -0.004844 -0.029900 0.013578
v -0.005132 -0.025800 0.012881
v -0.004988 -0.029900 0.011786
v -0.004529 -0.025800 0.011188
v -0.003509 -0.029900 0.010766
v 0.016374 -0.013819 0.012377
v 0.016264 -0.001502 0.012526
v 0.000302 -0.016767 0.020523
v 0.002564 -0.001506 0.020367
v 0.003886 0.000695 0.020161
v 0.001603 -0.015482 0.020464
v 0.002377 -0.013757 0.020387
v 0.016828 -0.015509 0.011743
v 0.017851 -0.017183 0.010175
v 0.014463 0.001672 0.014564
v 0.015514 0.000471 0.013445
v 0.011732 0.001698 0.016903
v 0.007661 0.001710 0.019071
v 0.005454 0.001746 0.019820
v 0.007454 0.002205 0.019714
v 0.013207 0.002204 0.016421
v -0.016374 -0.013819 -0.012377
v -0.016264 -0.001502 -0.012526
v -0.000302 -0.016767 -0.020523
v -0.001603 -0.015482 -0.020464
v -0.002377 -0.013757 -0.020387
v -0.002564 -0.001506 -0.020367
v -0.003886 0.000695 -0.020161
v -0.016828 -0.015509 -0.011743
v -0.017851 -0.017183 -0.010175
v -0.014463 0.001672 -0.014564
v -0.015514 0.000471 -0.013445
v -0.011732 0.001698 -0.016903
v -0.007661 0.001710 -0.019071
v -0.005454 0.001746 -0.019820
v -0.007450 0.002204 -0.019715
v -0.013205 0.002205 -0.016423
vn 0.9668 -0.1874 0.1736
vn 0.8243 -0.4325 0.3653
vn 0.8320 -0.4286 0.3522
vn 0.5002 -0.4774 0.7225
vn 0.8810 -0.4354 0.1851
vn 0.7384 -0.5283 0.4191
vn 0.8765 -0.4358 0.2044
vn 0.8144 -0.4287 0.3911
vn -0.3387 -0.6807 -0.6496
vn -0.2632 0.6888 -0.6755
vn -0.3896 -0.6516 -0.6508
vn -0.4947 0.6898 -0.5286
vn -0.5851 -0.2299 0.7777
vn -0.1367 0.6868 0.7139
vn 0.3213 -0.6762 -0.6630
vn 0.2546 0.6870 -0.6806
vn 0.3883 0.6879 -0.6132
vn 0.3842 -0.6499 0.6558
vn 0.6274 0.4682 0.6222
vn -0.6290 -0.4533 -0.6315
vn -0.6476 0.6888 -0.3259
vn 0.6326 -0.1796 0.7534
vn -0.0592 0.3016 0.9516
vn 0.0086 0.6856 0.7279
vn 0.6027 -0.5774 0.5508
vn 0.6355 -0.4514 0.6264
vn 0.8706 0.0487 0.4895
vn 0.8899 0.2091 0.4054
vn 0.7413 0.6398 0.2026
vn 0.9203 0.2994 0.2518
vn 0.8178 0.4386 0.3727
vn 0.6306 -0.4533 0.6300
vn -0.1377 0.4014 0.9055
vn 0.5447 -0.5882 0.5977
vn 0.6947 0.4778 0.5377
vn -0.0990 -0.4481 0.8885
vn 0.3669 0.6548 0.6608
vn 0.4855 -0.6610 0.5722
vn 0.3860 -0.6904 0.6119
vn 0.3209 0.6755 0.6639
vn 0.2544 -0.6862 0.6815
vn 0.1367 -0.6863 0.7144
vn 0.4133 0.5343 0.7374
vn 0.5870 0.2251 0.7776
vn -0.0000 -0.6871 0.7266
vn -0.6368 0.1801 0.7497
vn -0.1308 -0.6889 0.7130
vn -0.4607 0.4687 0.7537
vn -0.2603 -0.6895 0.6759
vn -0.3448 0.6789 0.6482
vn -0.3784 0.6496 0.6594
vn -0.4819 -0.6588 0.5777
vn -0.3901 -0.6886 0.6113
vn -0.5437 -0.5852 0.6016
vn 0.1184 -0.4202 0.8997
vn -0.5778 0.6878 0.4394
vn 0.1057 0.4274 0.8979
vn -0.3799 -0.6513 0.6569
vn -0.4772 0.6922 0.5414
vn -0.5781 -0.5182 0.6304
vn -0.6469 0.6900 0.3247
vn -0.6132 -0.4500 0.6492
vn -0.6930 0.6942 0.1944
vn -0.8244 0.0883 0.5590
vn -0.8089 -0.0168 0.5877
vn -0.8922 0.1665 0.4198
vn -0.9252 0.2769 0.2593
vn -0.8540 -0.2426 0.4603
vn -0.9224 -0.3001 0.2431
vn -0.8360 -0.1381 0.5311
vn -0.6312 -0.4550 0.6281
vn -0.8675 -0.0334 0.4964
vn -0.5952 -0.5991 0.5356
vn -0.6041 -0.7497 0.2702
vn -0.6127 -0.7652 -0.1977
vn -0.6027 -0.5774 -0.5508
vn -0.6353 -0.4526 -0.6258
vn -0.8718 0.0477 -0.4875
vn -0.8411 -0.1619 -0.5160
vn -0.8876 0.2132 -0.4084
vn -0.9201 0.2973 -0.2550
vn -0.9956 -0.0678 -0.0652
vn -0.8632 -0.2741 -0.4240
vn -0.8186 -0.0324 -0.5735
vn -0.8219 0.0954 -0.5617
vn -0.5801 0.6868 -0.4379
vn -0.5477 -0.5844 -0.5987
vn 0.0985 -0.4460 -0.8896
vn 0.1381 0.4010 -0.9056
vn -0.3671 0.6547 -0.6607
vn -0.4852 -0.6608 -0.5727
vn -0.3860 -0.6904 -0.6119
vn -0.3209 0.6755 -0.6639
vn -0.2544 -0.6862 -0.6815
vn -0.1367 -0.6863 -0.7144
vn -0.4194 0.5279 -0.7385
vn -0.5883 0.2302 -0.7752
vn -0.0000 -0.6871 -0.7266
vn 0.0001 0.6872 -0.7264
vn 0.6368 0.1801 -0.7497
vn 0.1308 -0.6889 -0.7130
vn 0.4607 0.4688 -0.7537
vn 0.2603 -0.6895 -0.6759
vn 0.3444 0.6789 -0.6485
vn 0.3789 0.6495 -0.6592
vn 0.4816 -0.6589 -0.5779
vn 0.3901 -0.6886 -0.6113
vn 0.5484 -0.5820 -0.6004
vn -0.1114 0.4232 -0.8991
vn -0.0972 -0.4321 -0.8966
vn 0.3631 -0.6521 -0.6655
vn 0.4283 0.3098 -0.8489
vn 0.7969 0.4485 -0.4046
vn 0.5969 0.6675 -0.4451
vn 0.6285 -0.4494 -0.6349
vn 0.8923 0.1644 -0.4205
vn 0.8628 0.4561 -0.2182
vn 0.6322 -0.4545 -0.6275
vn 0.8674 -0.0333 -0.4965
vn 0.5952 -0.5991 -0.5356
vn 0.6041 -0.7497 -0.2702
vn 0.6127 -0.7652 0.1977
vn 0.4599 -0.4675 0.7549
vn 0.3281 -0.6781 0.6576
vn 0.4797 0.4478 0.7546
vn -0.4871 0.3579 0.7966
vn 0.3067 0.6449 0.7000
vn 0.4161 -0.5321 -0.7374
vn 0.5851 -0.2300 -0.7777
vn 0.1370 0.6867 -0.7139
vn -0.3225 -0.6761 0.6624
vn -0.4164 -0.5321 0.7372
vn -0.2546 0.6863 0.6814
vn -0.3883 0.6926 0.6079
vn -0.3948 0.6893 -0.6075
vn -0.6318 -0.1834 -0.7532
vn -0.1309 0.6888 -0.7130
vn -0.4630 -0.4680 -0.7528
vn 0.8905 0.4450 0.0946
vn 0.9246 0.2840 -0.2538
vn 0.8941 0.4354 -0.1048
vn 0.9957 0.0917 -0.0091
vn -0.9957 0.0917 0.0117
vn -0.6930 0.6942 -0.1945
vn -0.8575 0.1900 -0.4782
vn -0.9000 0.2933 -0.3224
vn -0.7269 0.6867 -0.0017
vn -0.9971 0.0731 -0.0224
vn -0.8605 0.2274 0.4559
vn -0.8973 0.3302 0.2930
vn -0.1113 0.2152 0.9702
vn -0.8491 0.0172 0.5279
vn -0.1512 -0.2653 0.9522
vn -0.8101 0.1358 0.5704
vn -0.7589 -0.4238 -0.4944
vn -0.7252 -0.6306 -0.2762
vn -0.6540 -0.4962 -0.5710
vn -0.6696 -0.6980 -0.2539
vn -0.6409 -0.7559 0.1338
vn -0.3769 -0.9200 0.1072
vn -0.7674 -0.4011 0.5002
vn -0.6211 -0.3948 0.6770
vn -0.7210 -0.6088 0.3310
vn -0.7611 0.4110 0.5018
vn -0.7178 0.6475 0.2559
vn -0.6526 0.5063 0.5637
vn -0.6504 0.7465 0.1407
vn -0.3749 0.9195 -0.1186
vn -0.6693 0.6983 -0.2539
vn -0.7684 0.3946 -0.5039
vn -0.6197 0.3858 -0.6834
vn -0.7265 0.6108 -0.3149
vn -0.1132 -0.2140 -0.9703
vn -0.8604 -0.0156 -0.5095
vn -0.1516 0.2652 -0.9522
vn -0.8101 -0.1366 -0.5702
vn -0.7736 -0.1677 0.6111
vn -0.9604 -0.2785 -0.0057
vn -0.9585 0.2849 0.0102
vn -0.7725 0.1697 -0.6119
vn -0.7143 0.0039 -0.6998
vn -0.6510 -0.1188 -0.7498
vn -0.7141 -0.0105 0.7000
vn -0.6429 0.1248 0.7557
vn 0.7470 -0.5181 -0.4165
vn 0.8520 -0.4901 -0.1842
vn 0.8286 -0.4145 -0.3763
vn 0.9656 -0.1377 -0.2204
vn 0.7504 -0.4639 -0.4709
vn 0.5131 -0.4890 -0.7054
vn 0.8632 -0.4704 -0.1836
vn 0.9084 -0.1201 -0.4005
vn 0.5220 0.7334 -0.4353
vn -0.2809 0.9592 -0.0314
vn 0.4988 0.8618 -0.0923
vn -0.4134 0.7408 0.5295
vn -0.2912 0.7311 0.6170
vn -0.3524 0.9018 -0.2501
vn -0.5227 0.7326 -0.4360
vn 0.2177 0.9644 0.1500
vn 0.1491 0.9645 -0.2179
vn 0.0137 0.9579 -0.2868
vn 0.5527 0.6483 -0.5236
vn 0.7711 0.4418 -0.4585
vn 0.4812 0.7744 -0.4108
vn -0.2989 0.9536 0.0346
vn -0.1705 0.9548 0.2434
vn -0.0125 0.7327 -0.6804
vn -0.2758 0.9611 -0.0176
vn -0.1312 0.7350 -0.6653
vn -0.0725 0.8762 -0.4764
vn -0.3987 0.8885 -0.2273
vn -0.2202 0.9616 -0.1640
vn 0.1216 0.9540 -0.2739
vn 0.1835 0.9680 0.1712
vn 0.1072 0.9504 -0.2919
vn 0.2948 0.8008 -0.5214
vn 0.2682 0.9559 -0.1201
vn 0.2645 0.9641 0.0216
vn 0.0455 0.9523 0.3016
vn -0.0204 0.9641 0.2648
vn 0.1733 0.7709 0.6130
vn -0.5338 0.7217 0.4407
vn -0.4580 0.8889 0.0069
vn -0.1781 0.9537 -0.2424
vn 0.0286 0.9604 -0.2771
vn -0.6789 0.7342 -0.0014
vn -0.3945 0.8854 0.2458
vn -0.6584 0.7367 0.1543
vn -0.6800 0.6887 0.2516
vn -0.5203 0.6377 0.5680
vn -0.2447 0.9531 0.1781
vn -0.0249 0.9552 0.2951
vn 0.0676 0.6217 0.7804
vn 0.1277 0.9605 0.2472
vn -0.1072 0.9508 0.2908
vn -0.7336 0.6776 0.0514
vn -0.2690 0.9555 0.1213
vn -0.7098 0.6766 -0.1960
vn -0.2754 0.9538 -0.1200
vn -0.1101 0.9624 -0.2485
vn -0.6301 0.6842 -0.3673
vn -0.4077 0.8912 -0.1991
vn -0.6169 0.7313 -0.2908
vn 0.1519 0.9645 -0.2161
vn -0.2886 0.9573 -0.0164
vn -0.3105 0.6676 -0.6767
vn -0.2198 0.9620 -0.1621
vn -0.5172 0.6858 -0.5121
vn 0.1244 0.6398 -0.7584
vn 0.2913 0.9506 0.1075
vn 0.1195 0.9541 0.2747
vn 0.4440 0.7402 -0.5049
vn 0.2739 0.7431 -0.6106
vn -0.0117 0.8773 -0.4797
vn -0.1280 0.9587 -0.2541
vn 0.2664 0.9538 -0.1392
vn 0.1080 0.9579 0.2661
vn 0.6711 0.7245 -0.1575
vn 0.6808 0.7325 -0.0023
vn 0.2891 0.9506 0.1128
vn -0.1249 0.9615 -0.2446
vn -0.1157 0.9608 -0.2519
vn 0.4418 0.8957 0.0505
vn -0.2784 0.9523 0.1250
vn 0.6125 0.7323 0.2975
vn 0.5312 0.7347 0.4220
vn 0.1250 0.9619 0.2431
vn -0.1075 0.9506 0.2912
vn -0.1655 0.9571 0.2378
vn 0.0861 0.8693 0.4868
vn 0.1512 0.7330 0.6632
vn -0.3060 0.9510 0.0448
vn -0.0019 0.7343 0.6788
vn 0.2424 0.9627 -0.1198
vn 0.2307 0.9615 0.1494
vn -0.2390 0.9643 0.1140
vn -0.2157 0.9645 -0.1520
vn 0.2435 0.9630 -0.1158
vn -0.1991 0.8912 0.4077
vn 0.4153 0.7384 0.5313
vn 0.0291 0.9594 -0.2807
vn -0.0522 0.9666 0.2511
vn -0.2407 0.9674 0.0786
vn 0.2605 0.9638 -0.0575
vn -0.0935 0.9612 -0.2595
vn 0.6499 -0.7082 -0.2759
vn -0.8084 -0.3100 -0.5003
vn -0.4075 -0.5684 -0.7147
vn -0.0056 -0.4183 -0.9083
vn 0.7678 -0.2968 -0.5679
vn 0.8081 -0.3111 0.5001
vn 0.4095 -0.5739 0.7092
vn 0.0094 -0.4229 0.9061
vn -0.8260 -0.3091 0.4714
vn -0.4424 -0.5527 0.7062
vn -0.6870 -0.5641 0.4581
vn -0.8806 -0.2680 0.3909
vn -0.6003 -0.6876 0.4086
vn -0.8352 -0.4143 0.3617
vn -0.5060 -0.6854 0.5236
vn -0.3381 -0.7384 0.5836
vn -0.4047 -0.6811 0.6102
vn -0.2111 -0.6779 0.7042
vn 0.0242 -0.5930 0.8048
vn 0.1016 -0.6717 0.7338
vn 0.1317 -0.6897 0.7120
vn -0.3071 -0.4995 0.8101
vn 0.2866 -0.6847 0.6702
vn 0.3717 -0.7253 0.5795
vn 0.5958 -0.6862 0.4174
vn 0.8914 -0.1938 0.4097
vn 0.7241 -0.5235 0.4491
vn 0.4617 -0.6775 0.5725
vn 0.6998 -0.6758 0.2316
vn 0.7495 -0.6620 0.0038
vn -0.9454 -0.2529 0.2056
vn -0.7446 -0.6675 -0.0002
vn -0.6984 -0.6768 0.2325
vn -0.8818 -0.3984 0.2523
vn -0.8064 -0.4178 0.4184
vn -0.0122 -0.4299 0.9028
vn -0.0305 -0.6822 0.7305
vn 0.3188 -0.7203 0.6160
vn 0.3280 -0.9141 0.2384
vn 0.6823 -0.6575 0.3197
vn 0.2788 0.2951 -0.9139
vn 0.6793 0.1640 -0.7153
vn 0.3756 0.8395 -0.3926
vn 0.6768 0.6624 -0.3211
vn 0.4169 0.9088 -0.0146
vn 0.6748 0.7380 0.0038
vn 0.3495 0.6342 -0.6896
vn 0.6760 0.4607 -0.5752
vn 0.3428 0.0759 -0.9364
vn 0.6751 -0.1693 -0.7181
vn 0.6753 -0.4561 -0.5796
vn 0.3622 -0.5064 -0.7825
vn 0.3032 -0.2877 -0.9085
vn 0.2809 -0.8074 -0.5189
vn 0.6782 -0.6654 -0.3120
vn 0.6711 -0.7412 -0.0174
vn 0.0212 -0.9998 0.0039
vn 0.4311 -0.8775 -0.2103
vn 0.6771 -0.4550 0.5784
vn 0.2863 -0.2099 0.9349
vn 0.6752 -0.1665 0.7186
vn 0.3306 -0.5386 0.7750
vn 0.3475 0.0288 0.9373
vn 0.6774 0.1641 0.7171
vn 0.3589 0.5171 0.7771
vn 0.6789 0.4551 0.5762
vn 0.3263 0.3482 0.8788
vn 0.3867 0.7204 0.5758
vn 0.6808 0.6627 0.3121
vn 0.3904 0.8721 0.2950
vn -0.3188 -0.7203 -0.6160
vn -0.3280 -0.9141 -0.2384
vn -0.6823 -0.6575 -0.3197
vn -0.2776 0.2954 0.9141
vn -0.6793 0.1640 0.7153
vn -0.3743 0.8412 0.3903
vn -0.6768 0.6624 0.3211
vn -0.4169 0.9088 0.0146
vn -0.6748 0.7380 -0.0038
vn -0.3484 0.6347 0.6897
vn -0.6760 0.4607 0.5752
vn -0.3428 0.0759 0.9364
vn -0.6751 -0.1693 0.7181
vn -0.6753 -0.4561 0.5796
vn -0.3622 -0.5064 0.7825
vn -0.3032 -0.2877 0.9085
vn -0.2809 -0.8074 0.5189
vn -0.6782 -0.6654 0.3120
vn -0.6711 -0.7412 0.0174
vn -0.0212 -0.9998 -0.0039
vn -0.4311 -0.8775 0.2103
vn -0.6771 -0.4550 -0.5784
vn -0.2868 -0.2101 -0.9347
vn -0.6752 -0.1665 -0.7186
vn -0.3306 -0.5386 -0.7750
vn -0.3484 0.0290 -0.9369
vn -0.6774 0.1641 -0.7171
vn -0.3579 0.5174 -0.7773
vn -0.6789 0.4551 -0.5762
vn -0.3271 0.3480 -0.8786
vn -0.3892 0.7193 -0.5754
vn -0.6808 0.6627 -0.3121
vn -0.3906 0.8721 -0.2948
vn -0.4072 -0.7291 0.5500
vn -0.5488 -0.7344 0.3994
vn -0.7292 0.5084 0.4580
vn -0.9668 -0.1865 -0.1745
vn 0.4072 -0.7291 -0.5500
vn 0.5501 -0.7348 -0.3968
vn 0.7303 0.5073 -0.4576
vn 0.7980 0.1690 -0.5784
vn 0.6882 -0.6229 0.3720
vn 0.8220 -0.3570 -0.4437
vn 0.7805 0.2054 -0.5905
vn 0.6690 -0.7322 -0.1275
vn 0.7460 -0.6554 0.1180
vn 0.7472 -0.5708 0.3404
vn 0.9040 0.1108 -0.4129
vn 0.3838 0.7197 -0.5785
vn -0.3933 0.4017 -0.8270
vn 0.1300 -0.7271 -0.6741
vn 0.2680 -0.7311 -0.6275
vn 0.0902 0.6611 -0.7448
vn -0.1300 -0.7287 -0.6724
vn -0.0009 -0.7307 -0.6826
vn -0.6018 0.0781 -0.7948
vn 0.7510 0.1762 -0.6363
vn 0.0336 0.6069 -0.7940
vn -0.2634 -0.7279 -0.6330
vn -0.3415 0.7325 -0.5889
vn -0.4068 -0.7272 -0.5530
vn -0.8948 0.1254 -0.4284
vn -0.6719 -0.7240 -0.1562
vn -0.7111 0.5289 -0.4632
vn -0.5489 -0.7360 -0.3963
vn -0.7501 -0.6295 0.2029
vn -0.8118 -0.4768 -0.3372
vn -0.8523 -0.4996 -0.1548
vn -0.8411 -0.5030 -0.1987
vn -0.8533 0.0537 -0.5186
vn -0.7140 -0.5696 0.4072
vn -0.8719 0.4896 -0.0055
vn -0.6633 -0.6851 0.3011
vn -0.6608 -0.7286 -0.1805
vn -0.6564 -0.7536 0.0338
vn -0.7988 0.1704 0.5769
vn -0.6881 -0.6230 -0.3719
vn -0.8223 -0.3591 0.4415
vn -0.8513 -0.5028 0.1501
vn -0.8835 -0.4683 0.0130
vn -0.9750 -0.1335 0.1779
vn -0.6704 -0.7276 0.1454
vn -0.8138 -0.4684 0.3440
vn -0.7447 -0.6511 -0.1465
vn -0.7486 -0.5729 -0.3336
vn -0.8957 0.1140 0.4297
vn -0.3849 0.7190 0.5787
vn 0.3933 0.4017 0.8270
vn -0.1300 -0.7271 0.6741
vn -0.2680 -0.7311 0.6275
vn -0.0902 0.6611 0.7448
vn 0.1299 -0.7285 0.6727
vn 0.0009 -0.7307 0.6826
vn 0.5974 0.0786 0.7981
vn -0.5866 0.0840 0.8055
vn -0.3629 0.4309 0.8262
vn 0.0536 0.6582 0.7509
vn 0.2638 -0.7275 0.6334
vn 0.3442 0.7320 0.5880
vn 0.4068 -0.7272 0.5530
vn 0.8948 0.1255 0.4285
vn 0.6712 -0.7251 0.1541
vn 0.7111 0.5289 0.4632
vn 0.5491 -0.7355 0.3968
vn 0.7498 -0.6296 -0.2035
vn 0.7138 -0.5699 -0.4071
vn 0.8411 -0.5015 0.2027
vn 0.7888 0.1935 0.5834
vn 0.8537 0.5206 -0.0149
vn 0.8539 0.0546 0.5175
vn 0.8726 0.4884 0.0060
vn 0.6633 -0.6851 -0.3011
vn 0.6608 -0.7286 0.1805
vn 0.6564 -0.7536 -0.0338
vn -0.7778 -0.6264 0.0515
vn 0.4114 0.0565 -0.9097
vn 0.1383 -0.2348 -0.9621
vn 0.6839 -0.5631 -0.4639
vn 0.5626 -0.6857 -0.4619
vn 0.8789 -0.2602 -0.3997
vn 0.9371 -0.1913 -0.2920
vn 0.7452 0.0861 -0.6613
vn 0.3340 -0.7339 -0.5914
vn 0.1359 -0.6894 -0.7115
vn -0.0326 -0.5949 -0.8031
vn 0.2737 -0.6883 -0.6718
vn -0.1003 -0.6725 -0.7333
vn -0.1350 -0.6901 -0.7111
vn -0.2789 -0.6858 -0.6722
vn -0.3766 -0.7250 -0.5767
vn 0.3256 -0.4980 -0.8037
vn 0.4638 -0.4743 -0.7483
vn -0.4083 -0.6838 -0.6047
vn -0.8236 -0.4294 -0.3704
vn -0.6002 -0.6878 -0.4082
vn -0.8904 -0.1953 -0.4113
vn -0.7221 -0.5240 -0.4516
vn -0.5067 -0.6868 -0.5211
vn 0.7050 -0.6875 -0.1744
vn 0.6557 -0.6838 -0.3202
vn 0.0022 -0.4323 -0.9017
vn 0.0004 -0.6886 -0.7251
vn -0.8072 -0.4130 -0.4217
vn -0.6985 -0.6768 -0.2324
vn -0.8835 -0.3937 -0.2538
vn -0.9042 -0.3944 -0.1639
vn 0.1819 -0.8333 0.5220
vn 0.1739 -0.8185 0.5476
vn 0.2206 -0.8175 0.5321
vn -0.5965 -0.7379 -0.3156
vn 0.5413 -0.8219 -0.1771
vn 0.1147 -0.8148 -0.5683
vn 0.1771 -0.8220 0.5413
vn 0.5682 -0.8148 0.1146
vn -0.1942 -0.7547 -0.6267
vn -0.0126 -0.7331 -0.6800
vn -0.6630 -0.7332 0.1513
vn -0.6178 -0.7337 0.2830
vn 0.0895 -0.8283 -0.5530
vn -0.4921 -0.7399 0.4586
vn 0.0956 -0.8123 -0.5753
vn -0.4306 -0.8140 -0.3899
vn -0.3222 -0.7393 0.5913
vn 0.1623 -0.8222 0.5456
vn 0.4394 -0.7279 0.5264
vn -0.5757 -0.8120 -0.0959
vn -0.3901 -0.8139 0.4305
vn 0.5298 -0.7330 0.4267
vn -0.3944 -0.8172 0.4203
vn 0.1008 -0.8002 0.5912
vn -0.3913 -0.8222 0.4133
vn 0.0729 -0.7905 0.6081
vn 0.4502 -0.8191 0.3555
vn 0.5476 -0.8185 -0.1739
vn 0.2002 -0.7989 -0.5672
vn -0.1899 -0.8269 -0.5292
vn -0.5460 -0.8304 -0.1109
vn -0.4657 -0.7743 -0.4284
vn -0.6045 -0.7964 -0.0208
vn 0.3592 -0.7554 -0.5481
vn 0.6290 -0.7221 -0.2878
vn -0.5530 -0.8283 -0.0895
vn 0.5192 -0.7320 -0.4410
vn -0.3787 -0.8008 0.4639
vn 0.1508 -0.8150 0.5595
vn -0.3829 -0.8002 -0.4616
vn 0.5320 -0.7651 0.3627
vn 0.6630 -0.7332 -0.1513
vn -0.5476 -0.8185 0.1739
vn 0.6809 -0.7324 -0.0018
vn 0.5455 -0.8222 -0.1623
vn 0.2678 -0.7936 -0.5463
vn 0.6136 -0.7327 0.2944
vn 0.6721 -0.7248 0.1513
vn 0.1119 -0.8193 -0.5624
vn 0.2881 -0.7210 0.6302
vn -0.1435 -0.7283 0.6701
vn -0.0014 -0.7338 0.6794
vn 0.1513 -0.7332 0.6630
vn -0.5682 -0.8193 -0.0772
vn 0.3622 -0.7808 0.5091
vn 0.5855 -0.8053 0.0931
vn -0.6794 -0.7338 -0.0014
vn -0.6701 -0.7283 -0.1435
vn -0.4110 -0.7339 -0.5408
vn -0.5210 -0.7318 -0.4394
vn -0.4616 -0.8002 0.3829
vn 0.5757 -0.8120 0.0959
vn 0.5868 -0.8063 0.0746
vn 0.3607 -0.8256 -0.4340
vn 0.3470 -0.7896 0.5061
vn 0.1644 -0.7211 -0.6731
vn 0.4186 -0.8333 0.3610
vn 0.5220 -0.8333 -0.1820
vn 0.1033 -0.8333 -0.5431
vn -0.5220 -0.8332 0.1822
vn -0.4186 -0.8333 -0.3610
vn -0.1035 -0.8332 0.5433
vn 0.4616 -0.8002 -0.3829
vn -0.3610 -0.8333 0.4186
vn -0.3619 -0.7927 -0.4906
vn -0.1820 -0.8333 -0.5220
vn -0.5431 -0.8333 -0.1033
vn 0.3610 -0.8333 -0.4186
vn 0.1899 -0.8270 0.5292
vn 0.5428 -0.8335 0.1033
vn 0.4341 -0.8284 0.3540
vn -0.5683 -0.8148 -0.1147
vn -0.1779 -0.8216 -0.5416
vn -0.1119 -0.8192 0.5624
vn -0.1150 -0.8085 0.5771
vn -0.5413 -0.8220 0.1771
vn 0.3900 -0.8140 -0.4305
vn -0.0729 -0.7904 -0.6082
vn -0.4488 -0.8177 -0.3604
vn -0.5455 -0.8222 0.1623
vn -0.2679 -0.7935 0.5464
vn -0.6081 -0.7905 0.0729
vn -0.4134 -0.8222 -0.3913
vn 0.1110 -0.8305 -0.5458
vn -0.3555 -0.8191 0.4502
vn 0.5672 -0.7989 0.2002
vn 0.5292 -0.8270 -0.1899
vn -0.5292 -0.8270 0.1899
vn -0.2206 -0.8175 -0.5320
vn -0.5220 -0.8333 0.1820
vn -0.1033 -0.8333 0.5431
vn -0.3611 -0.8333 0.4186
vn 0.1820 -0.8333 0.5220
vn 0.5431 -0.8333 0.1033
vn -0.1110 -0.8305 0.5458
vn 0.4134 -0.8222 0.3913
vn 0.6081 -0.7905 -0.0729
vn 0.3555 -0.8191 -0.4502
vn -0.1739 -0.8185 -0.5476
vn -0.5672 -0.7989 -0.2002
vn 0.5464 -0.7935 0.2679
vn -0.3605 -0.8176 0.4490
vn 0.5321 -0.8175 -0.2205
vn -0.6082 -0.7904 0.0729
vn 0.5458 -0.8305 0.1110
vn 0.3913 -0.8222 -0.4134
vn -0.0729 -0.7905 -0.6081
vn -0.4502 -0.8191 -0.3555
vn -0.2002 -0.7989 0.5672
vn 0.4488 -0.8178 0.3604
vn -0.8242 -0.1741 0.5388
vn -0.8201 0.3733 0.4336
vn -0.7935 0.6084 0.0135
vn -0.8148 0.4133 -0.4066
vn -0.8201 -0.1065 -0.5622
vn -0.7935 -0.5201 -0.3159
vn -0.8148 -0.5612 0.1455
vn -0.3731 0.9273 0.0306
vn -0.3910 0.7836 -0.4827
vn -0.4216 0.4701 -0.7754
vn -0.3555 -0.0328 -0.9341
vn -0.6555 -0.4033 -0.6385
vn -0.3731 -0.7878 -0.4901
vn -0.3910 -0.9200 0.0263
vn -0.4216 -0.7948 0.4365
vn -0.3910 -0.4373 0.8099
vn -0.4216 -0.0194 0.9066
vn -0.3556 0.4955 0.7925
vn -0.6584 0.6608 0.3604
vn -0.8197 0.1878 -0.5411
vn -0.8717 0.1415 0.4691
vn -0.8274 -0.4391 -0.3500
vn -0.9695 -0.2383 0.0567
vn -0.8668 0.4754 -0.1506
vn -0.7772 -0.3093 0.5480
vn -0.8689 0.1204 -0.4801
vn -0.9721 0.0394 0.2313
vn -0.7922 0.5331 0.2972
vn -0.8707 -0.4779 -0.1163
vn -0.9643 0.2463 -0.0976
vn -0.8653 -0.3380 0.3702
vn 0.8242 -0.1741 -0.5388
vn 0.8201 0.3733 -0.4336
vn 0.7935 0.6084 -0.0135
vn 0.8148 0.4133 0.4066
vn 0.8201 -0.1065 0.5622
vn 0.7935 -0.5201 0.3159
vn 0.8148 -0.5612 -0.1455
vn 0.3910 -0.9200 -0.0263
vn 0.4216 -0.7948 -0.4365
vn 0.3910 -0.4373 -0.8099
vn 0.4216 -0.0194 -0.9066
vn 0.3555 0.4955 -0.7925
vn 0.6468 0.6722 -0.3603
vn 0.3731 0.9273 -0.0306
vn 0.3910 0.7836 0.4827
vn 0.4216 0.4701 0.7754
vn 0.3555 -0.0328 0.9341
vn 0.6546 -0.4032 0.6394
vn 0.3731 -0.7878 0.4901
vn 0.9226 0.0864 0.3758
vn 0.8594 -0.3477 -0.3748
vn 0.8606 0.1451 -0.4881
vn 0.9411 -0.2392 0.2391
vn 0.9399 -0.3287 -0.0924
vn 0.8663 0.4763 0.1504
vn 0.7865 -0.2997 -0.5400
vn 0.8682 0.1204 0.4813
vn 0.9456 0.0687 -0.3179
vn 0.7999 0.5254 -0.2902
vn 0.8700 -0.4792 0.1161
vn 0.9268 0.3549 0.1226
vn 0.7354 -0.6773 0.0220
vn 0.1913 0.2284 -0.9546
vn 0.2284 0.9459 0.2303
vn 0.2475 0.5320 0.8098
vn 0.2139 -0.2441 0.9459
vn 0.2481 -0.8651 0.4359
vn 0.2206 -0.9551 -0.1977
vn -0.3500 0.1969 0.9158
vn -0.3649 0.9016 -0.2322
vn 0.1386 -0.3027 -0.9430
vn -0.3548 -0.9187 0.1733
vn 0.0935 0.4407 -0.8928
vn -0.7245 0.4315 -0.5376
vn -0.8265 0.4328 0.3600
vn -0.1014 0.4328 0.8958
vn 0.7250 0.4328 0.5357
vn 0.8265 0.4328 -0.3600
vn 0.1482 0.4270 -0.8920
vn -0.5245 0.4492 -0.7233
vn -0.8932 0.4469 -0.0497
vn -0.5493 0.4492 0.7046
vn 0.1019 0.4239 0.8999
vn 0.7478 0.4176 0.5161
vn 0.8301 0.4162 -0.3711
vn -0.3600 0.4328 -0.8265
vn -0.8773 0.4669 -0.1113
vn -0.5148 0.4612 0.7227
vn 0.3704 0.4431 0.8164
vn 0.8958 0.4328 0.1014
vn 0.5357 0.4328 -0.7250
vn -0.3815 0.4265 -0.8201
vn -0.8880 0.4389 -0.1373
vn -0.7329 0.4584 0.5027
vn -0.0617 0.4150 0.9077
vn 0.7048 0.4615 0.5388
vn 0.8958 0.4361 -0.0862
vn 0.5069 0.4370 -0.7430
vn 0.1150 0.4508 -0.8852
vn -0.7236 0.4447 -0.5278
vn -0.8220 0.4399 0.3617
vn -0.0846 0.4717 0.8777
vn 0.7227 0.4612 0.5148
vn 0.8164 0.4431 -0.3704
vn -0.1421 0.4104 -0.9008
vn -0.7433 0.4069 -0.5310
vn -0.8281 0.4344 0.3543
vn -0.1097 0.4645 0.8788
vn 0.7131 0.4254 0.5573
vn 0.8807 0.4519 -0.1422
vn 0.5169 0.4413 -0.7335
vn -0.8852 0.4508 -0.1150
vn 0.8928 0.4407 0.0935
vn 0.5376 0.4315 -0.7245
vn 0.0909 0.4400 -0.8934
vn -0.6962 0.4472 -0.5615
vn -0.9004 0.4117 0.1409
vn -0.5631 0.4190 0.7123
vn 0.1598 0.3966 0.9040
vn 0.7556 0.4211 0.5016
vn 0.8289 0.4302 -0.3575
vn -0.0749 -0.6312 0.7720
vn -0.7063 -0.6247 0.3329
vn -0.6694 -0.6186 -0.4113
vn -0.1091 -0.6407 -0.7600
vn 0.4391 -0.6267 -0.6438
vn 0.7619 -0.6302 -0.1497
vn 0.6301 -0.6074 0.4839
vn 0.1077 -0.6407 0.7602
vn -0.4624 -0.6230 0.6309
vn -0.7869 -0.6153 -0.0482
vn -0.3517 -0.6153 -0.7055
vn 0.4231 -0.6180 -0.6626
vn 0.7742 -0.6301 -0.0600
vn 0.6577 -0.6172 0.4319
vn 0.3517 -0.6153 0.7055
vn -0.4231 -0.6180 0.6626
vn -0.7742 -0.6301 0.0600
vn -0.6577 -0.6172 -0.4319
vn -0.1077 -0.6407 -0.7602
vn 0.4624 -0.6230 -0.6309
vn 0.7869 -0.6153 0.0482
vn 0.0600 -0.6301 0.7742
vn -0.4319 -0.6172 0.6577
vn -0.7602 -0.6407 0.1077
vn -0.6309 -0.6230 -0.4624
vn 0.0482 -0.6153 -0.7869
vn 0.7055 -0.6153 -0.3517
vn 0.6626 -0.6180 0.4231
vn 0.7132 -0.2205 0.6654
vn 0.3077 -0.6228 0.7193
vn -0.2753 -0.6409 0.7165
vn -0.7063 -0.6220 0.3380
vn -0.6898 -0.6399 -0.3386
vn -0.4412 -0.8256 0.3516
vn -0.7640 -0.2315 -0.6023
vn -0.0581 -0.7938 0.6053
vn 0.1091 -0.6407 0.7600
vn -0.4391 -0.6267 0.6438
vn -0.7619 -0.6302 0.1497
vn -0.6301 -0.6074 -0.4839
vn 0.0749 -0.6312 -0.7720
vn 0.7063 -0.6247 -0.3329
vn 0.6694 -0.6186 0.4113
vn -0.0482 -0.6153 0.7869
vn -0.7055 -0.6153 0.3517
vn -0.6626 -0.6180 -0.4231
vn -0.0600 -0.6301 -0.7742
vn 0.4319 -0.6172 -0.6577
vn 0.7602 -0.6407 -0.1077
vn 0.6309 -0.6230 0.4624
vn 0.3329 -0.6247 0.7063
vn -0.4113 -0.6186 0.6694
vn -0.7600 -0.6407 0.1091
vn -0.6437 -0.6267 -0.4391
vn -0.1497 -0.6302 -0.7619
vn 0.4839 -0.6074 -0.6301
vn 0.7720 -0.6312 0.0749
vn -0.8689 0.4937 -0.0350
vn -0.2214 -0.2680 -0.9376
vn -0.8720 -0.3966 -0.2869
vn -0.8860 -0.4578 0.0739
vn -0.8393 -0.2834 0.4639
vn 0.8689 0.4936 0.0361
vn 0.2162 -0.2682 0.9388
vn 0.8720 -0.3966 0.2869
vn 0.8860 -0.4578 -0.0739
vn 0.8393 -0.2834 -0.4639
vn -0.1230 0.5761 0.8081
vn 0.3596 0.3879 0.8487
vn -0.6450 0.4019 0.6500
vn -0.6624 0.7065 0.2491
vn -0.9338 0.2906 0.2088
vn -0.9832 0.1791 -0.0354
vn -0.9470 0.2975 -0.1211
vn -0.9090 0.1791 -0.3764
vn -0.8429 0.2949 -0.4501
vn -0.7336 0.1482 -0.6632
vn -0.4555 0.7011 -0.5487
vn -0.2112 0.3758 -0.9023
vn 0.3119 0.5526 -0.7729
vn 0.7093 0.3867 -0.5894
vn -0.7018 0.5702 -0.4270
vn -0.0190 0.3568 -0.9340
vn -0.8237 0.5670 0.0098
vn 0.0195 0.9684 0.2487
vn -0.0059 0.8825 -0.4702
vn 0.2154 0.9559 -0.1997
vn -0.2398 0.8819 0.4059
vn 0.2128 0.7564 -0.6186
vn -0.0182 0.9770 -0.2125
vn 0.2980 0.8735 0.3850
vn -0.2343 0.9583 -0.1637
vn 0.4593 0.8443 0.2761
vn -0.2132 0.9755 -0.0546
vn -0.1801 0.9638 0.1965
vn 0.4604 0.8708 -0.1726
vn -0.2849 0.9581 0.0284
vn 0.5457 0.8380 -0.0027
vn -0.2319 0.2754 0.9329
vn -0.3041 0.3851 -0.8713
vn -0.9171 0.3531 -0.1849
vn -0.6684 0.2418 0.7034
vn 0.2511 0.2195 0.9428
vn 0.9461 0.2090 0.2474
vn 0.8246 0.3334 -0.4571
vn 0.5152 0.6463 -0.5630
vn -0.3147 -0.3029 0.8996
vn -0.3006 -0.1521 0.9415
vn -0.6818 -0.1787 0.7094
vn -0.3309 0.3766 -0.8653
vn -0.6758 0.2956 -0.6752
vn -0.2306 0.1094 -0.9669
vn -0.6789 0.0632 -0.7315
vn -0.3694 -0.9003 -0.2304
vn -0.6614 -0.7395 -0.1251
vn -0.3464 -0.9381 0.0062
vn -0.3089 -0.8267 -0.4702
vn -0.6780 -0.5913 -0.4367
vn -0.3425 -0.4324 -0.8341
vn -0.6777 -0.4020 -0.6158
vn -0.3575 -0.6620 -0.6587
vn -0.6773 -0.1807 -0.7132
vn -0.3195 -0.2073 -0.9246
vn -0.3640 0.8198 -0.4420
vn -0.6755 0.4985 -0.5434
vn -0.6830 0.6443 -0.3440
vn -0.3437 0.6205 -0.7049
vn -0.6787 0.7263 -0.1086
vn -0.3676 0.9053 -0.2130
vn -0.6664 0.7038 0.2463
vn -0.3415 0.9365 0.0802
vn -0.3780 0.8404 0.3883
vn -0.3293 0.7288 0.6003
vn -0.6742 0.5136 0.5308
vn -0.3307 0.3452 0.8783
vn -0.6774 0.2952 0.6737
vn -0.3278 0.5434 0.7728
vn -0.6826 0.0569 0.7286
vn -0.3053 0.0942 0.9476
vn -0.3387 -0.7270 0.5973
vn -0.6756 -0.4019 0.6181
vn -0.6814 -0.5810 0.4451
vn -0.3260 -0.5076 0.7976
vn -0.6783 -0.6987 0.2275
vn -0.3877 -0.8719 0.2990
vn -0.7057 -0.4041 0.5820
vn -0.9657 -0.2496 -0.0710
vn -0.9763 0.1702 -0.1334
vn -0.9684 -0.0709 -0.2391
vn -0.9793 -0.0761 0.1874
vn -0.8003 0.4811 0.3578
vn -0.0812 0.2191 0.9723
vn -0.1671 0.9758 -0.1410
vn -0.1430 0.2663 -0.9532
vn -0.2826 -0.6960 -0.6600
vn -0.0638 -0.9656 0.2520
vn -0.5180 -0.8429 0.1457
vn -0.6363 0.7348 0.2348
vn -0.8495 0.5043 -0.1550
vn -0.8385 -0.4775 -0.2624
vn -0.4173 0.3711 0.8295
vn -0.0175 -0.3782 0.9256
vn -0.2322 0.0315 0.9722
vn 0.2075 0.1396 0.9682
vn -0.1984 0.4590 0.8660
vn -0.2242 -0.6115 0.7588
vn 0.2148 0.4345 -0.8747
vn 0.1853 -0.6253 -0.7580
vn 0.0816 0.3699 -0.9255
vn 0.5313 -0.3672 -0.7635
vn 0.6431 0.1708 -0.7465
vn 0.0358 -0.6093 -0.7921
vn 0.2288 0.0310 -0.9730
vn -0.3725 -0.6103 0.6991
vn -0.5683 0.3686 0.7357
vn -0.4986 -0.6115 0.6144
vn -0.6956 0.3702 0.6156
vn -0.5948 -0.6377 0.4893
vn -0.7988 0.3697 0.4745
vn -0.6444 -0.6746 0.3601
vn -0.8728 0.3702 0.3180
vn -0.7324 -0.6362 0.2426
vn -0.9169 0.3702 0.1488
vn -0.7838 -0.6141 0.0922
vn -0.9296 0.3673 -0.0292
vn -0.7875 -0.6134 -0.0601
vn -0.9034 0.3600 -0.2330
vn -0.7608 -0.6151 -0.2069
vn -0.7091 -0.6140 -0.3467
vn -0.8168 0.3277 -0.4749
vn -0.6283 -0.6155 -0.4758
vn -0.7056 0.3406 -0.6214
vn -0.5070 -0.6391 -0.5783
vn -0.5724 0.3505 -0.7413
vn -0.3683 -0.6823 -0.6316
vn -0.4214 0.3600 -0.8324
vn -0.2670 -0.6391 -0.7213
vn -0.2549 0.3703 -0.8933
vn -0.1188 -0.6113 -0.7824
vn -0.0946 0.3534 -0.9307
vn -0.5060 -0.3651 0.7815
vn -0.0870 0.3687 0.9255
vn -0.6499 0.1594 0.7431
vn -0.0578 -0.6181 0.7840
vn 0.3472 -0.6137 -0.7091
vn -0.1606 0.0040 -0.9870
vn 0.4089 0.0095 -0.9126
vn 0.0769 -0.4852 -0.8710
vn 0.0837 0.3517 0.9324
vn 0.0947 -0.6476 0.7561
vn 0.2547 0.3503 0.9013
vn 0.2173 -0.6702 0.7096
vn 0.4153 0.3508 0.8393
vn 0.3516 -0.6538 0.6700
vn 0.5635 0.3504 0.7481
vn 0.4854 -0.6254 0.6110
vn 0.6917 0.3496 0.6319
vn 0.5913 -0.6229 0.5121
vn 0.7965 0.3490 0.4938
vn 0.6762 -0.6208 0.3968
vn 0.8784 0.3452 0.3305
vn 0.7344 -0.6228 0.2698
vn 0.7736 -0.6186 0.1376
vn 0.7861 -0.6181 -0.0033
vn 0.7717 -0.6188 -0.1471
vn 0.7311 -0.6194 -0.2861
vn 0.6326 -0.6591 -0.4067
vn 0.5481 -0.6666 -0.5053
vn 0.7060 -0.0008 -0.7082
vn 0.4634 -0.6422 -0.6106
vn 0.5636 0.0006 -0.8260
vn 0.5798 -0.6793 0.4499
vn 0.4874 -0.6775 0.5509
vn 0.3775 -0.6786 0.6301
vn 0.2569 -0.6744 0.6922
vn 0.1253 -0.6790 0.7233
vn -0.0104 -0.6787 0.7343
vn -0.1451 -0.6785 0.7201
vn -0.2750 -0.6789 0.6808
vn -0.3932 -0.6798 0.6191
vn -0.5030 -0.6805 0.5329
vn -0.5929 -0.6778 0.4349
vn -0.6629 -0.6778 0.3180
vn -0.7137 -0.6736 0.1923
vn -0.7328 -0.6780 0.0578
vn -0.7315 -0.6773 -0.0783
vn -0.7045 -0.6775 -0.2114
vn -0.6539 -0.6768 -0.3381
vn -0.5800 -0.6791 -0.4499
vn 0.1558 -0.7534 0.6388
vn -0.1181 -0.7539 0.6462
vn -0.3708 -0.7539 0.5423
vn -0.5598 -0.7682 0.3106
vn -0.6560 -0.7504 0.0804
vn 0.3964 -0.7489 0.5310
vn -0.2156 -0.7843 -0.5816
vn -0.3779 -0.6784 -0.6300
vn -0.4873 -0.6772 -0.5513
vn -0.4269 -0.7464 -0.5105
vn 0.5481 -0.7318 0.4051
vn 0.6538 -0.6770 0.3379
vn 0.6334 -0.7280 0.2624
vn 0.7040 -0.6781 0.2110
vn 0.6619 -0.7491 0.0254
vn -0.6577 -0.7519 -0.0454
vn -0.6218 -0.7288 -0.2869
vn -0.5377 -0.7291 -0.4235
vn -0.2579 -0.6736 -0.6927
vn -0.1248 -0.6782 -0.7242
vn 0.0279 -0.7858 -0.6179
vn 0.0105 -0.6776 -0.7354
vn 0.1455 -0.6779 -0.7206
vn 0.2700 -0.7858 -0.5565
vn 0.2753 -0.6776 -0.6819
vn 0.3961 -0.6778 -0.6194
vn 0.4858 -0.7598 -0.4322
vn 0.5029 -0.6777 -0.5364
vn 0.5932 -0.6778 -0.4344
vn 0.6267 -0.7461 -0.2247
vn 0.6626 -0.6779 -0.3186
vn 0.7101 -0.6778 -0.1907
vn 0.7324 -0.6784 -0.0575
vn 0.7350 -0.6736 0.0779
vn 0.8011 -0.1999 0.5642
vn 0.7062 -0.0105 0.7079
vn 0.5601 0.0110 0.8283
vn 0.3974 0.0445 0.9166
vn 0.2202 0.0767 0.9724
vn 0.0363 0.1081 0.9935
vn -0.1481 0.1385 0.9792
vn -0.3260 0.1674 0.9304
vn -0.4885 0.1969 0.8500
vn -0.5277 0.6251 0.5752
vn -0.7940 -0.1183 0.5962
vn -0.8893 -0.1293 0.4387
vn -0.9541 -0.1389 0.2653
vn -0.9852 -0.1504 0.0828
vn -0.9815 -0.1628 -0.1009
vn -0.9438 -0.1757 -0.2800
vn -0.8731 -0.1865 -0.4505
vn -0.7677 -0.2741 -0.5792
vn 0.5384 0.7319 0.4177
vn 0.3417 0.7492 0.5674
vn 0.0836 0.7540 0.6515
vn -0.1880 0.7537 0.6297
vn -0.4292 0.7508 0.5021
vn -0.5188 0.7518 0.4070
vn -0.6147 0.7689 0.1761
vn -0.6578 0.7450 -0.1103
vn -0.6202 0.7297 -0.2880
vn -0.5275 0.7280 -0.4379
vn 0.6319 0.7288 0.2636
vn 0.6631 0.7432 0.0894
vn 0.6410 0.7507 -0.1599
vn 0.5513 0.7581 -0.3484
vn 0.3764 0.7825 -0.4960
vn 0.1516 0.7859 -0.5995
vn -0.0983 0.7857 -0.6107
vn -0.3417 0.7563 -0.5579
vn -0.6855 -0.1873 -0.7036
vn -0.5411 -0.1903 -0.8192
vn -0.3816 -0.1898 -0.9046
vn -0.2084 -0.1901 -0.9594
vn -0.0288 -0.1903 -0.9813
vn 0.1520 -0.1903 -0.9699
vn 0.3276 -0.1903 -0.9254
vn 0.4921 -0.1903 -0.8495
vn 0.6398 -0.1903 -0.7446
vn 0.7657 -0.1903 -0.6143
vn 0.8656 -0.1903 -0.4632
vn 0.9360 -0.1903 -0.2962
vn 0.9745 -0.1903 -0.1192
vn 0.9799 -0.1898 0.0617
vn 0.9517 -0.1901 0.2411
vn 0.8903 -0.1910 0.4133
vn -0.6706 0.6708 -0.3168
vn -0.5762 0.6891 -0.4394
vn -0.7571 0.6492 -0.0733
vn -0.7371 0.6699 0.0889
vn -0.6544 0.6681 0.3542
vn -0.4779 0.6401 0.6016
vn -0.3236 0.6633 0.6748
vn -0.0559 0.6638 0.7458
vn -0.3833 0.6565 -0.6497
vn -0.5023 0.6519 -0.5681
vn 0.6705 0.6708 0.3169
vn 0.5756 0.6896 0.4395
vn 0.7570 0.6494 0.0730
vn 0.7371 0.6699 -0.0888
vn 0.6544 0.6681 -0.3542
vn 0.4779 0.6401 -0.6016
vn 0.3238 0.6632 -0.6747
vn 0.0557 0.6661 -0.7438
vn -0.2210 0.6652 -0.7132
vn 0.2202 0.6676 0.7112
vn 0.3840 0.6560 0.6497
vn 0.5025 0.6520 0.5678
vn 0.8325 0.5051 0.2277
vn 0.8303 0.4950 -0.2560
vn 0.6665 0.5173 -0.5368
vn 0.1932 0.4769 -0.8575
vn -0.1316 0.4890 -0.8623
vn -0.8325 0.5051 -0.2277
vn -0.8303 0.4950 0.2560
vn -0.6665 0.5173 0.5368
vn -0.1931 0.4801 0.8557
vn 0.1317 0.4882 0.8628
vn -0.2517 -0.5955 -0.7629
vn -0.0815 -0.7091 -0.7004
vn 0.0476 0.0941 -0.9944
vn 0.4337 0.0878 -0.8967
vn 0.4168 -0.6808 -0.6023
vn 0.1718 0.6167 -0.7682
vn 0.1959 -0.5868 -0.7857
vn 0.5362 -0.6044 -0.5893
vn 0.7441 -0.6353 0.2069
vn 0.7333 -0.6374 -0.2366
vn 0.2408 -0.5674 0.7874
vn -0.8231 -0.5675 -0.0214
vn -0.3911 -0.6406 -0.6608
vn 0.3956 -0.6310 -0.6673
vn -0.0057 -0.6387 -0.7694
vn 0.4984 -0.6545 -0.5685
vn 0.7381 0.0944 -0.6680
vn 0.9419 0.0886 -0.3240
vn 0.7152 -0.6882 -0.1221
vn 0.6647 0.6167 -0.4217
vn 0.6865 -0.5966 -0.4157
vn 0.8097 -0.5856 0.0388
vn 0.5802 0.4040 0.7073
vn 0.6369 -0.3170 0.7027
vn -0.3793 -0.5603 0.7364
vn -0.5633 -0.5720 -0.5962
vn 0.2012 -0.6396 -0.7419
vn 0.7506 -0.6348 -0.1834
vn 0.5571 -0.6415 -0.5273
vn 0.7005 -0.7099 -0.0729
vn 0.9940 0.0881 0.0643
vn 0.7479 0.6237 0.2273
vn 0.7890 -0.5844 0.1898
vn 0.8867 0.0952 0.4524
vn 0.5847 -0.6820 0.4394
vn 0.6059 -0.6425 0.4691
vn -0.1507 -0.6296 0.7622
vn 0.2925 -0.6287 0.7206
vn -0.7859 -0.5707 0.2382
vn 0.0217 -0.5655 -0.8245
vn 0.6989 -0.6261 -0.3458
vn 0.6076 -0.6172 0.4998
vn 0.7561 -0.6425 0.1248
vn 0.5317 -0.7204 0.4455
vn 0.6590 0.0959 0.7460
vn 0.3161 0.0938 0.9441
vn 0.1453 -0.6836 0.7152
vn 0.3773 0.6232 0.6850
vn 0.4222 -0.6240 0.6576
vn 0.0134 -0.6334 0.7737
vn -0.6721 -0.6415 0.3699
vn -0.3909 -0.6459 0.6558
vn -0.7183 -0.5652 -0.4057
vn 0.6088 -0.5583 -0.5636
vn 0.8267 0.3916 0.4040
vn 0.8779 -0.3277 0.3491
vn 0.2498 -0.5953 0.7637
vn 0.0929 -0.7056 0.7025
vn -0.0473 0.0940 0.9944
vn -0.4339 0.0875 0.8967
vn -0.4001 -0.6783 0.6163
vn -0.1719 0.6167 0.7682
vn -0.1936 -0.5961 0.7792
vn -0.5282 -0.6251 0.5746
vn -0.7421 -0.6369 -0.2088
vn -0.7294 -0.6453 0.2271
vn -0.2411 -0.5724 -0.7837
vn 0.8231 -0.5676 0.0214
vn 0.3910 -0.6407 0.6608
vn -0.3956 -0.6311 0.6673
vn 0.0057 -0.6387 0.7694
vn -0.4987 -0.6540 0.5688
vn -0.7381 0.0944 0.6680
vn -0.9420 0.0884 0.3239
vn -0.7332 -0.6613 0.1580
vn -0.6647 0.6167 0.4217
vn -0.6869 -0.5963 0.4153
vn -0.8019 -0.5960 -0.0421
vn -0.5803 0.4031 -0.7077
vn -0.6360 -0.3210 -0.7018
vn 0.3793 -0.5649 -0.7328
vn 0.5633 -0.5720 0.5962
vn -0.2012 -0.6396 0.7419
vn -0.7507 -0.6342 0.1850
vn -0.5571 -0.6415 0.5273
vn -0.7180 -0.6941 0.0516
vn -0.9940 0.0881 -0.0642
vn -0.7474 0.6235 -0.2294
vn -0.7622 -0.6214 -0.1816
vn -0.8857 0.0968 -0.4540
vn -0.5912 -0.6942 -0.4105
vn -0.6066 -0.6415 -0.4695
vn 0.1511 -0.6292 -0.7624
vn -0.2925 -0.6287 -0.7206
vn 0.7859 -0.5707 -0.2382
vn -0.0269 -0.5673 0.8231
vn -0.6981 -0.6269 0.3460
vn -0.6076 -0.6172 -0.4998
vn -0.7561 -0.6425 -0.1248
vn -0.5328 -0.7198 -0.4449
vn -0.6590 0.0959 -0.7460
vn -0.3161 0.0938 -0.9441
vn -0.1011 -0.7011 -0.7059
vn -0.3773 0.6232 -0.6850
vn -0.4314 -0.6151 -0.6600
vn -0.0311 -0.6227 -0.7819
vn 0.6766 -0.6415 -0.3616
vn 0.3859 -0.6486 -0.6560
vn 0.7242 -0.5713 0.3862
vn -0.6087 -0.5586 0.5634
vn -0.8271 0.3908 -0.4040
vn -0.8790 -0.3270 -0.3470
vn -0.5910 -0.6713 -0.4473
vn -0.4481 -0.6942 -0.5633
vn -0.3397 -0.6901 -0.6391
vn -0.2304 -0.6923 -0.6838
vn -0.0698 -0.7113 -0.6994
vn 0.0527 -0.6952 -0.7169
vn 0.2009 -0.7102 -0.6748
vn 0.3209 -0.6972 -0.6410
vn 0.4206 -0.7025 -0.5742
vn 0.5193 -0.7000 -0.4902
vn 0.6172 -0.6989 -0.3614
vn 0.6638 -0.7005 -0.2619
vn 0.7083 -0.6986 -0.1015
vn 0.7290 -0.6845 0.0101
vn 0.6906 -0.7080 0.1475
vn 0.6497 -0.6934 0.3115
vn 0.5910 -0.6713 0.4473
vn 0.4481 -0.6942 0.5633
vn 0.3397 -0.6901 0.6391
vn 0.2303 -0.6910 0.6852
vn 0.0701 -0.7112 0.6995
vn -0.0522 -0.6966 0.7156
vn -0.2011 -0.7102 0.6746
vn -0.3209 -0.6972 0.6410
vn -0.4206 -0.7025 0.5742
vn -0.5193 -0.7000 0.4902
vn -0.6172 -0.6989 0.3614
vn -0.6638 -0.7005 0.2619
vn -0.7083 -0.6986 0.1015
vn -0.7290 -0.6845 -0.0101
vn -0.6906 -0.7080 -0.1475
vn -0.6497 -0.6934 -0.3115
vn 0.5344 0.6429 -0.5488
vn 0.1895 0.6852 -0.7033
vn -0.2034 0.6393 -0.7416
vn 0.7811 0.6236 0.0311
vn 0.2439 0.5856 0.7731
vn -0.7757 0.5874 0.2306
vn 0.7018 0.6860 0.1920
vn -0.6427 0.7434 -0.1851
vn -0.5455 0.5839 -0.6012
vn 0.3763 0.6264 -0.6827
vn 0.7439 0.6439 -0.1789
vn -0.1334 0.6395 0.7571
vn 0.4863 0.6267 0.6089
vn -0.3827 0.5873 0.7132
vn -0.2429 0.6321 -0.7358
vn -0.8110 0.5839 -0.0375
vn -0.5854 0.7434 0.3236
vn 0.6320 0.6851 -0.3622
vn 0.3838 0.6415 -0.6642
vn 0.4879 0.6280 0.6063
vn 0.7739 0.6320 0.0400
vn -0.6010 0.5804 0.5495
vn -0.1899 0.7379 0.6476
vn -0.7006 0.6248 -0.3447
vn -0.0313 0.5833 0.8117
vn 0.3248 0.7433 0.5848
vn 0.7160 0.5864 0.3788
vn -0.6919 0.6350 -0.3435
vn -0.7116 0.6385 0.2931
vn -0.3630 0.6858 -0.6308
vn 0.5918 0.6305 -0.5022
vn 0.0081 0.6415 -0.7671
vn 0.7757 0.5874 -0.2306
vn -0.7016 0.6862 -0.1920
vn 0.6427 0.7434 0.1851
vn 0.5455 0.5839 0.6012
vn -0.3763 0.6264 0.6827
vn -0.7439 0.6439 0.1789
vn 0.1334 0.6395 -0.7571
vn -0.4865 0.6266 -0.6088
vn 0.3827 0.5873 -0.7132
vn 0.2429 0.6321 0.7358
vn 0.8110 0.5839 0.0375
vn 0.5854 0.7434 -0.3236
vn -0.6320 0.6851 0.3622
vn -0.3838 0.6415 0.6642
vn -0.4879 0.6280 -0.6063
vn -0.7738 0.6322 -0.0400
vn -0.2439 0.5856 -0.7731
vn 0.6010 0.5804 -0.5495
vn 0.1899 0.7379 -0.6476
vn 0.2036 0.6391 0.7417
vn 0.7006 0.6247 0.3449
vn -0.7811 0.6237 -0.0313
vn -0.1895 0.6852 0.7033
vn -0.5341 0.6431 0.5488
vn 0.0202 0.5830 -0.8122
vn -0.3636 0.7374 -0.5692
vn 0.7114 0.6388 -0.2930
vn -0.7242 0.5852 -0.3648
vn -0.5918 0.6301 0.5028
vn 0.6919 0.6351 0.3434
vn 0.3630 0.6858 0.6308
vn -0.0085 0.6413 0.7672
vn -0.3721 -0.7485 0.5489
vn -0.5587 -0.7303 0.3931
vn -0.6280 -0.7457 0.2224
vn -0.6611 -0.7499 -0.0252
vn -0.6079 -0.7601 -0.2294
vn -0.5385 -0.7253 -0.4288
vn -0.3772 -0.7298 -0.5701
vn -0.1983 -0.7578 -0.6216
vn 0.0301 -0.7848 -0.6191
vn 0.2641 -0.7482 -0.6087
vn 0.3721 -0.7485 -0.5489
vn 0.5587 -0.7303 -0.3931
vn 0.6280 -0.7457 -0.2224
vn 0.6611 -0.7499 0.0252
vn 0.6080 -0.7601 0.2294
vn 0.5384 -0.7257 0.4284
vn 0.3772 -0.7298 0.5702
vn 0.1983 -0.7578 0.6216
vn -0.0301 -0.7848 0.6191
vn -0.2641 -0.7482 0.6087
vn 0.9536 0.1623 0.2536
vn 0.5493 0.7261 0.4136
vn -0.6029 -0.7361 -0.3078
vn -0.6129 -0.3861 -0.6894
vn -0.5497 0.7257 -0.4137
vn -0.4931 -0.1664 -0.8539
vn -0.6175 0.3604 -0.6992
vn -0.6143 0.7684 -0.1795
vn -0.6076 -0.7921 -0.0593
vn -0.6006 0.7972 0.0616
vn -0.5781 -0.7956 0.1813
vn -0.5245 0.7987 0.2950
vn -0.4592 -0.7956 0.3951
vn -0.3685 0.7954 0.4812
vn -0.2654 -0.7956 0.5445
vn -0.1465 0.7982 0.5844
vn -0.0284 -0.7954 0.6054
vn 0.0954 0.7979 0.5952
vn 0.2270 -0.7698 0.5966
vn 0.3295 0.7410 0.5851
vn 0.3756 0.7650 0.5231
vn 0.8102 0.4036 0.4250
vn 0.3570 0.7462 0.5620
vn 0.8335 -0.3677 0.4124
vn -0.6626 0.7431 -0.0941
vn -0.6448 0.7472 0.1609
vn -0.5623 0.7278 0.3927
vn -0.4250 0.7433 0.5167
vn -0.1630 0.7627 0.6259
vn 0.0943 0.7572 0.6464
vn -0.5516 0.4854 -0.6783
vn -0.7959 -0.4802 -0.3687
vn 0.7937 -0.4819 0.3712
vn 0.5536 0.4873 0.6753
vn 0.4914 -0.1621 0.8557
vn 0.6028 -0.7362 0.3077
vn 0.6129 -0.3860 0.6895
vn 0.6176 0.3601 0.6992
vn 0.6182 0.7650 0.1806
vn 0.6075 -0.7921 0.0593
vn 0.5999 0.7977 -0.0621
vn 0.5780 -0.7957 -0.1813
vn 0.5245 0.7987 -0.2950
vn 0.4591 -0.7957 -0.3951
vn 0.3685 0.7954 -0.4812
vn 0.2654 -0.7957 -0.5445
vn 0.1465 0.7982 -0.5844
vn 0.0284 -0.7955 -0.6053
vn -0.0954 0.7979 -0.5952
vn -0.2269 -0.7698 -0.5966
vn -0.3295 0.7410 -0.5851
vn -0.3757 0.7650 -0.5231
vn -0.8102 0.4036 -0.4250
vn -0.3569 0.7463 -0.5619
vn -0.9523 0.1666 -0.2558
vn -0.8334 -0.3681 -0.4121
vn 0.6625 0.7431 0.0940
vn 0.6447 0.7473 -0.1609
vn 0.5622 0.7278 -0.3926
vn 0.4249 0.7433 -0.5166
vn 0.1630 0.7627 -0.6259
vn -0.0943 0.7572 -0.6463
vn -0.7563 0.6504 -0.0710
vn -0.7368 0.6704 0.0877
vn -0.2212 0.6653 -0.7131
vn -0.3826 0.6572 -0.6494
vn -0.5733 0.6924 -0.4381
vn 0.7495 0.6579 0.0733
vn 0.7369 0.6701 -0.0887
vn 0.6543 0.6681 -0.3542
vn 0.4789 0.6375 -0.6035
vn 0.3230 0.6659 -0.6725
vn 0.5683 0.6953 0.4400
vn 0.6697 0.6575 0.3454
vn 0.7266 0.6529 0.2139
vn -0.6543 0.6681 0.3542
vn -0.4789 0.6375 0.6035
vn -0.3230 0.6659 0.6725
vn -0.0557 0.6661 0.7438
vn -0.6684 0.6736 -0.3155
vn 0.2212 0.6653 0.7131
vn 0.3826 0.6572 0.6494
vn 0.5020 0.6520 0.5681
vn 0.0697 -0.3575 0.9313
vn 0.1081 0.4602 0.8812
vn 0.5259 0.7927 0.3083
vn 0.9176 0.3575 -0.1737
vn 0.8792 -0.4601 -0.1236
vn 0.4339 -0.7928 0.4281
vn -0.9159 0.3565 0.1847
vn -0.8808 -0.4577 0.1216
vn -0.4399 -0.7944 -0.4188
vn -0.0587 -0.3565 -0.9324
vn -0.1105 0.4577 -0.8822
vn -0.5184 0.7944 -0.3165
vn -0.0068 0.7308 -0.6825
vn -0.6917 0.6816 -0.2388
vn -0.7280 0.6774 -0.1056
vn -0.7343 0.6779 0.0347
vn -0.7148 0.6776 0.1732
vn -0.6683 0.6778 0.3064
vn -0.5986 0.6778 0.4269
vn -0.5070 0.6779 0.5323
vn -0.3966 0.6781 0.6188
vn -0.2736 0.6780 0.6823
vn -0.1382 0.6780 0.7219
vn -0.0009 0.6778 0.7352
vn 0.1391 0.6776 0.7222
vn 0.2719 0.6778 0.6831
vn 0.3997 0.6811 0.6135
vn 0.7674 0.6021 -0.2206
vn 0.6610 -0.7308 -0.1701
vn 0.4097 -0.6816 0.6063
vn 0.2904 -0.6774 0.6758
vn 0.1565 -0.6779 0.7183
vn 0.0177 -0.6776 0.7352
vn -0.1231 -0.6780 0.7247
vn -0.2570 -0.6778 0.6889
vn -0.3835 -0.6781 0.6270
vn -0.4945 -0.6780 0.5438
vn -0.5887 -0.6780 0.4401
vn -0.6611 -0.6781 0.3211
vn -0.7104 -0.6776 0.1902
vn -0.7332 -0.6779 0.0536
vn -0.7304 -0.6774 -0.0868
vn -0.6970 -0.6805 -0.2263
vn 0.0144 -0.6020 -0.7983
vn 0.0048 0.7316 0.6818
vn 0.6916 0.6816 0.2389
vn 0.7279 0.6775 0.1056
vn 0.7343 0.6780 -0.0348
vn 0.7147 0.6777 -0.1732
vn 0.6682 0.6779 -0.3064
vn 0.5985 0.6779 -0.4269
vn 0.5069 0.6780 -0.5323
vn 0.3965 0.6781 -0.6188
vn 0.2734 0.6781 -0.6822
vn 0.1381 0.6781 -0.7219
vn 0.0008 0.6779 -0.7351
vn -0.1392 0.6776 -0.7221
vn -0.2720 0.6779 -0.6830
vn -0.3998 0.6812 -0.6133
vn -0.7669 0.6022 0.2219
vn -0.6598 -0.7316 0.1718
vn -0.4097 -0.6816 -0.6062
vn -0.2904 -0.6775 -0.6758
vn -0.1565 -0.6780 -0.7182
vn -0.0177 -0.6777 -0.7352
vn 0.1231 -0.6781 -0.7246
vn 0.2571 -0.6778 -0.6888
vn 0.3835 -0.6781 -0.6269
vn 0.4946 -0.6781 -0.5437
vn 0.5887 -0.6781 -0.4400
vn 0.6611 -0.6782 -0.3210
vn 0.7103 -0.6777 -0.1901
vn 0.7331 -0.6780 -0.0534
vn 0.7303 -0.6775 0.0869
vn 0.6968 -0.6805 0.2264
vn -0.0158 -0.6022 0.7982
vn 0.1929 0.4770 -0.8575
vn -0.8324 0.5055 -0.2271
vn -0.1929 0.4770 0.8575
vn 0.1316 0.4890 0.8623
vn -0.6704 -0.3735 -0.6411
vn -0.5860 0.3406 -0.7353
vn 0.7928 0.3735 0.4817
vn 0.8619 -0.3406 0.3757
vn 0.5827 0.3424 0.7371
vn 0.6689 -0.3757 0.6415
vn -0.7927 0.3757 -0.4801
vn -0.8627 -0.3424 -0.3721
vn -0.5923 -0.6699 -0.4476
vn -0.4479 -0.6940 -0.5637
vn -0.3400 -0.6901 -0.6389
vn -0.2301 -0.6922 -0.6840
vn 0.2006 -0.7107 -0.6743
vn 0.3263 -0.6899 -0.6461
vn 0.4154 -0.7085 -0.5705
vn 0.5199 -0.6998 -0.4898
vn 0.7317 -0.6815 0.0113
vn 0.7069 -0.6902 0.1547
vn 0.6645 -0.6872 0.2936
vn 0.5890 -0.6698 0.4523
vn 0.4482 -0.6942 0.5632
vn 0.3396 -0.6902 0.6390
vn 0.2308 -0.6922 0.6838
vn 0.0690 -0.7111 0.6997
vn -0.0520 -0.6955 0.7167
vn -0.2010 -0.7105 0.6744
vn -0.3263 -0.6899 0.6462
vn -0.4154 -0.7085 0.5705
vn -0.5199 -0.7000 0.4897
vn -0.6173 -0.6987 0.3616
vn -0.6637 -0.7007 0.2617
vn -0.7084 -0.6985 0.1015
vn -0.7289 -0.6846 -0.0100
vn -0.6903 -0.7082 -0.1481
vn -0.6548 -0.6871 -0.3150
vn -0.3706 -0.7531 0.5435
vn -0.5599 -0.7681 0.3107
vn -0.6555 -0.7510 0.0796
vn -0.6580 -0.7516 -0.0455
vn -0.6231 -0.7275 -0.2874
vn 0.5487 -0.7305 0.4066
vn 0.3969 -0.7487 0.5310
vn 0.1550 -0.7536 0.6388
vn -0.1183 -0.7536 0.6466
vn -0.5381 -0.7281 -0.4246
vn -0.4274 -0.7465 -0.5100
vn -0.2152 -0.7849 -0.5810
vn 0.0261 -0.7853 -0.6186
vn 0.3710 -0.7491 -0.5489
vn 0.6337 -0.7277 0.2626
vn 0.5591 0.7310 -0.3911
vn 0.4259 0.7429 -0.5163
vn 0.1623 0.7654 -0.6227
vn -0.6681 0.6738 -0.3156
vn -0.5754 0.6902 -0.4387
vn -0.3228 0.6660 0.6725
vn -0.5021 0.6520 -0.5682
vn 0.6680 0.6738 0.3157
vn 0.5748 0.6907 0.4389
vn 0.5023 0.6521 0.5678
vn 0.8324 0.5055 0.2271
vn -0.1928 0.4801 0.8557
vn -0.7883 0.2014 -0.5814
vn -0.6724 0.1767 -0.7188
vn -0.5321 0.1503 -0.8332
vn -0.3721 0.1222 -0.9201
vn -0.2012 0.0811 -0.9762
vn 0.0069 0.1730 -0.9849
vn 0.8239 -0.0004 -0.5668
vn 0.9144 0.0001 -0.4048
vn 0.9734 0.0001 -0.2293
vn 0.9989 -0.0002 -0.0464
vn 0.9908 -0.0001 0.1354
vn 0.9635 0.0227 0.2666
vn 0.8818 0.1454 0.4486
vn 0.7842 0.1455 0.6032
vn 0.6599 0.1454 0.7372
vn 0.5130 0.1453 0.8460
vn 0.3486 0.1452 0.9260
vn 0.1725 0.1449 0.9743
vn -0.0116 0.1434 0.9896
vn -0.3581 -0.0358 0.9330
vn -0.5328 0.1349 0.8354
vn -0.6784 0.1441 0.7204
vn -0.8003 0.1443 0.5820
vn -0.8944 0.1448 0.4233
vn -0.9573 0.1455 0.2499
vn -0.9869 0.1462 0.0680
vn -0.9881 0.0906 -0.1244
vn -0.9134 0.2568 -0.3158
vn -0.8763 0.2243 -0.4263
vn -0.5930 -0.6693 -0.4478
vn -0.3397 -0.6901 -0.6390
vn -0.2308 -0.6922 -0.6838
vn -0.0690 -0.7111 -0.6997
vn 0.0520 -0.6955 -0.7167
vn 0.2010 -0.7105 -0.6744
vn 0.3263 -0.6899 -0.6462
vn 0.5199 -0.7000 -0.4896
vn 0.6173 -0.6987 -0.3616
vn 0.6637 -0.7007 -0.2617
vn 0.7084 -0.6985 -0.1015
vn 0.7289 -0.6846 0.0100
vn 0.6903 -0.7082 0.1481
vn 0.6546 -0.6872 0.3151
vn 0.5930 -0.6693 0.4478
vn 0.4479 -0.6940 0.5637
vn 0.3397 -0.6901 0.6390
vn 0.2307 -0.6909 0.6851
vn 0.0693 -0.7110 0.6998
vn -0.0515 -0.6969 0.7154
vn -0.2012 -0.7105 0.6743
vn -0.5199 -0.7000 0.4896
vn -0.6546 -0.6872 -0.3151
vn -0.5854 0.6791 -0.4429
vn -0.4938 0.6790 -0.5432
vn -0.3858 0.6792 -0.6244
vn -0.2643 0.6793 -0.6846
vn -0.1330 0.6797 -0.7214
vn 0.0008 0.6749 -0.7379
vn 0.1327 0.6805 -0.7207
vn 0.2657 0.6819 -0.6815
vn 0.3860 0.6811 -0.6221
vn 0.4942 0.6808 -0.5406
vn 0.5848 0.6809 -0.4408
vn 0.6559 0.6810 -0.3257
vn 0.7047 0.6808 -0.1997
vn 0.7288 0.6815 -0.0665
vn 0.7328 0.6769 0.0696
vn 0.7040 0.6805 0.2030
vn 0.6569 0.6789 0.3279
vn 0.5856 0.6789 0.4430
vn 0.4940 0.6787 0.5434
vn 0.3859 0.6789 0.6247
vn 0.2644 0.6789 0.6850
vn 0.1333 0.6795 0.7215
vn -0.0008 0.6750 0.7378
vn -0.1328 0.6805 0.7206
vn -0.2681 0.6805 0.6820
vn -0.3870 0.6789 0.6240
vn -0.4955 0.6787 0.5420
vn -0.5864 0.6788 0.4419
vn -0.6576 0.6789 0.3265
vn -0.7066 0.6787 0.2002
vn -0.7307 0.6794 0.0667
vn -0.7347 0.6748 -0.0699
vn -0.7054 0.6796 -0.2016
vn -0.6568 0.6791 -0.3278
vn 0.5045 -0.7455 0.4356
vn 0.6173 -0.7300 0.2932
vn 0.3263 -0.7311 0.5992
vn 0.1447 -0.7473 0.6485
vn 0.3706 -0.7531 -0.5435
vn 0.5599 -0.7681 -0.3107
vn 0.6555 -0.7510 -0.0796
vn 0.6580 -0.7516 0.0455
vn -0.5045 -0.7455 -0.4356
vn -0.6173 -0.7300 -0.2932
vn -0.3263 -0.7311 -0.5992
vn -0.1447 -0.7473 -0.6485
vn 0.1183 -0.7536 -0.6466
vn 0.6559 0.7468 0.1103
vn 0.6154 0.7683 -0.1762
vn 0.5196 0.7512 -0.4070
vn 0.4265 0.7537 -0.5000
vn 0.1881 0.7539 -0.6295
vn -0.0771 0.7516 -0.6551
vn -0.3243 0.7314 -0.5999
vn -0.4614 0.7458 -0.4805
vn -0.6152 0.7313 -0.2945
vn -0.6559 0.7468 -0.1103
vn 0.0771 0.7516 0.6551
vn 0.3243 0.7314 0.5999
vn 0.4614 0.7458 0.4805
vn 0.6152 0.7313 0.2945
vn -0.6154 0.7683 0.1762
vn -0.5196 0.7512 0.4070
vn -0.4265 0.7537 0.5000
vn -0.1881 0.7539 0.6295
vn -0.4575 0.7455 0.4847
vn -0.6737 0.7188 0.1718
vn -0.6133 0.7532 -0.2378
vn -0.2641 0.6871 -0.6769
vn 0.1685 0.6526 -0.7387
vn 0.6499 0.0959 -0.7540
vn -0.0588 0.6389 0.7670
vn -0.6329 -0.6113 -0.4751
vn -0.0103 -0.3266 0.9451
vn 0.8456 0.5339 -0.0021
vn 0.2103 0.8659 -0.4538
vn -0.0808 0.9940 -0.0744
vn -0.3214 0.6198 0.7160
vn -0.6638 0.6413 0.3847
vn -0.7620 0.6476 -0.0063
vn -0.6589 0.6340 -0.4048
vn -0.4606 0.6529 -0.6012
vn -0.1487 0.6526 -0.7430
vn 0.2363 0.4849 -0.8420
vn -0.1004 -0.4534 0.8856
vn 0.7098 0.6732 0.2073
vn 0.8047 0.5272 -0.2729
vn 0.1590 0.6560 0.7378
vn 0.5297 0.6515 0.5431
vn 0.5360 0.6536 -0.5343
vn 0.0931 0.9887 0.1179
vn -0.1110 0.9899 0.0877
vn 0.0539 0.6784 0.7327
vn -0.2118 0.9628 -0.1676
vn -0.0839 0.6127 -0.7858
vn 0.1535 0.9676 -0.2005
vn -0.7525 0.6353 0.1738
vn 0.7664 0.6397 -0.0584
vn -0.3152 0.8367 0.4479
vn -0.3170 0.7076 0.6314
vn -0.8407 0.5278 0.1206
vn -0.1011 0.5278 -0.8433
vn 0.2401 0.9402 -0.2416
vn -0.1891 0.5424 -0.8186
vn 0.8396 0.5424 -0.0292
vn 0.7080 0.5793 0.4038
vn -0.2534 -0.6398 0.7256
vn 0.1361 -0.6694 0.7303
vn -0.0522 -0.9688 -0.2422
vn 0.2435 -0.9426 -0.2284
vn 0.5213 -0.4560 0.7213
vn -0.1015 -0.9857 -0.1344
vn 0.6263 -0.6814 0.3787
vn -0.1294 -0.9900 -0.0555
vn 0.8607 -0.4909 0.1350
vn 0.7366 -0.6535 -0.1744
vn -0.1861 -0.9825 -0.0093
vn 0.5844 -0.6915 -0.4246
vn 0.3394 -0.8000 0.4947
vn 0.1137 -0.6675 -0.7359
vn -0.4036 -0.9149 0.0068
vn 0.4787 -0.4258 -0.7678
vn 0.0737 -0.9747 0.2110
vn -0.4438 -0.6643 -0.6014
vn -0.6570 -0.6480 -0.3853
vn 0.1525 -0.9869 0.0525
vn -0.7602 -0.6496 0.0142
vn 0.2289 -0.9725 0.0422
vn -0.6059 -0.6613 0.4422
vn -0.1411 -0.6700 -0.7288
vn 0.4841 -0.8563 -0.1802
vn -0.3991 -0.8547 -0.3319
vn -0.4775 -0.8599 0.1805
vn 0.3877 -0.8632 0.3233
vn 0.0860 -0.8580 -0.5063
vn -0.0938 -0.8589 0.5035
vn -0.1524 -0.4673 0.8709
vn -0.8310 -0.4674 0.3016
vn 0.6793 -0.4673 0.5658
vn 0.8288 -0.4671 -0.3080
vn 0.1523 -0.4661 -0.8715
vn -0.6754 -0.4670 -0.5707
vn -0.0005 -1.0000 0.0026
vn -0.1053 0.1550 -0.9823
vn 0.0934 -0.6274 0.7730
vn 0.2396 -0.5671 0.7880
vn -0.7968 -0.5903 0.1288
vn 0.7149 -0.6389 -0.2839
vn -0.0575 -0.7418 -0.6681
vn -0.2988 -0.6425 -0.7057
vn 0.0596 -0.5053 -0.8609
vn 0.6240 -0.6655 0.4096
vn -0.3931 0.9023 -0.1769
vn -0.7321 -0.5928 0.3356
vn 0.2625 -0.5042 -0.8227
vn 0.2234 0.2269 -0.9479
vn 0.6073 -0.4879 -0.6270
vn -0.5369 -0.4009 0.7423
vn -0.2264 -0.6568 0.7192
vn -0.0897 -0.7490 0.6565
vn 0.2135 -0.2343 -0.9484
vn 0.9073 -0.0065 0.4204
vn 0.1834 -0.7654 0.6169
vn -0.4280 0.3204 -0.8451
vn -0.7826 -0.1028 -0.6139
vn 0.6567 -0.5894 0.4704
vn 0.3636 -0.5657 -0.7401
vn -0.5103 -0.6542 0.5582
vn -0.5045 -0.4081 -0.7609
vn 0.2994 -0.7752 0.5563
vn -0.0400 -0.5942 0.8033
vn -0.1392 -0.6459 -0.7506
vn 0.8030 -0.5936 -0.0541
vn -0.3460 0.3876 0.8544
vn -0.7779 0.4461 0.4426
vn -0.7947 -0.5907 0.1399
vn -0.8127 -0.4193 0.4047
vn 0.7249 -0.5841 -0.3651
vn -0.9160 0.3581 -0.1810
vn -0.6950 -0.6177 -0.3680
vn 0.7147 -0.6664 0.2123
vn -0.8098 -0.5353 -0.2402
vn -0.8532 -0.5200 -0.0398
vn -0.9146 0.3308 -0.2328
vn 0.5202 -0.8032 0.2904
vn -0.5440 -0.4510 -0.7075
vn 0.8090 -0.0108 -0.5878
vn -0.6365 -0.7062 -0.3099
vn 0.5576 0.4166 0.7180
vn 0.6624 -0.6441 -0.3826
vn -0.9084 -0.3455 0.2354
vn 0.3413 -0.8721 0.3507
vn -0.7927 -0.5549 0.2525
vn 0.2451 -0.9260 -0.2870
vn 0.7847 -0.3657 0.5006
vn -0.0893 0.9683 0.2331
vn 0.3947 -0.5916 0.7030
vn 0.9142 -0.4046 0.0210
vn 0.7446 0.5507 0.3772
vn 0.7998 0.3985 -0.4490
vn -0.5241 -0.5793 -0.6243
vn -0.7589 -0.6502 -0.0368
vn 0.8674 0.4673 0.1710
vn 0.7374 -0.6181 0.2725
vn -0.8721 -0.3495 -0.3424
vn -0.8591 -0.5106 -0.0360
vn 0.7845 -0.6196 0.0259
vn -0.4999 0.0103 0.8660
vn 0.5005 -0.6961 0.5147
vn 0.9798 -0.1934 0.0517
vn -0.6523 -0.7296 0.2054
vn -0.5086 -0.8598 -0.0458
vn 0.6903 -0.6983 -0.1895
vn 0.0002 0.0113 -0.9999
vn 0.8943 -0.0382 0.4459
vn -0.3062 -0.9468 -0.0987
vn -0.4661 -0.7115 -0.5258
vn 0.4081 -0.0053 0.9129
vn -0.8250 -0.4605 0.3275
vn 0.5952 -0.8035 0.0082
vn -0.4490 -0.4228 -0.7872
vn -0.6388 -0.6443 0.4205
vn 0.7496 -0.6605 -0.0440
vn -0.5172 0.2625 0.8146
vn -0.5118 0.8590 -0.0133
vn -0.3887 -0.7584 0.5233
vn -0.4068 -0.4252 0.8085
vn -0.1752 0.4517 0.8748
vn 0.3618 -0.5988 -0.7145
vn -0.1490 -0.3361 0.9300
vn 0.6204 -0.5549 -0.5542
vn -0.6357 -0.5786 -0.5110
vn 0.4549 -0.6365 0.6229
vn -0.1169 -0.6290 -0.7686
vn 0.1377 -0.3871 0.9117
vn 0.0901 -0.8215 -0.5630
vn 0.9959 -0.0074 0.0896
vn -0.2949 -0.2452 0.9235
vn 0.2738 -0.7006 -0.6589
vn 0.4536 -0.7849 -0.4221
vn -0.4305 -0.0811 -0.8989
vn 0.3132 0.7385 -0.5971
vn 0.2538 0.5516 -0.7945
vn 0.1764 0.6890 -0.7029
vn -0.4428 -0.7103 0.5472
vn 0.5259 -0.8361 -0.1558
vn 0.4310 0.3898 0.8138
vn 0.3872 -0.8251 -0.4115
vn 0.9273 0.2869 -0.2403
vn 0.4635 0.7350 -0.4950
vn 0.5321 0.7094 0.4621
vn 0.3922 0.9055 0.1622
vn 0.6087 0.7872 0.0989
vn 0.6615 0.7349 -0.1498
vn -0.6957 -0.3416 -0.6319
vn 0.1152 -0.8230 0.5563
vn 0.3785 -0.8241 0.4214
vn -0.1269 -0.6828 -0.7195
vn -0.8465 -0.1257 0.5173
vn 0.2646 0.6118 0.7455
vn -0.2558 0.5518 0.7938
vn -0.0375 0.4865 0.8729
vn 0.5814 -0.2771 0.7650
vn -0.4200 0.7393 0.5263
vn -0.5039 -0.8140 0.2890
vn -0.3474 -0.6479 0.6779
vn -0.5558 -0.7175 -0.4199
vn 0.7631 -0.5616 0.3198
vn -0.2987 -0.8076 0.5085
vn 0.0064 0.8546 -0.5192
vn -0.7892 0.2000 -0.5806
vn -0.1017 0.8560 0.5069
vn -0.6089 0.6116 -0.5051
vn -0.5481 0.7023 -0.4543
vn -0.6761 0.7055 -0.2128
vn -0.7531 0.6297 -0.1907
vn -0.6228 0.7807 0.0514
vn -0.7315 0.6682 0.1358
vn 0.0283 -0.8194 -0.5725
vn -0.7893 -0.5282 0.3130
vn -0.1953 -0.6461 -0.7378
vn 0.8052 -0.5928 -0.0117
vn -0.2925 -0.8040 -0.5177
vn -0.0081 -0.2116 0.9773
vn 0.9398 -0.0911 -0.3294
vn -0.1148 0.8043 -0.5830
vn 0.9538 0.1057 0.2813
vn -0.1708 -0.9836 -0.0579
vn 0.0514 -0.5621 -0.8255
vn -0.7577 -0.6408 0.1236
vn 0.2843 -0.5364 0.7946
vn 0.6235 -0.5623 -0.5432
vn -0.6031 -0.6486 -0.4643
vn -0.3586 -0.5589 0.7476
vn -0.0568 -0.5670 0.8218
vn 0.7557 -0.6429 -0.1247
vn -0.2681 -0.5469 -0.7931
vn -0.6232 -0.5642 0.5416
vn 0.6214 -0.6429 0.4478
vn 0.3702 -0.5452 -0.7521
vn -0.2473 0.0506 0.9676
vn -0.3836 0.0315 0.9230
vn -0.5641 0.0161 0.8255
vn -0.6910 0.0601 0.7203
vn 0.4865 -0.2090 -0.8483
vn 0.9315 0.3637 0.0072
vn 0.7819 0.3805 0.4937
vn -0.9551 -0.2127 0.2061
vn -0.7304 0.0646 -0.6800
vn -0.8517 -0.0645 -0.5201
vn -0.9357 0.0721 -0.3453
vn -0.9842 -0.0626 -0.1656
vn -0.9970 0.0752 0.0166
vn -0.9746 -0.0596 0.2161
vn 0.8962 0.0249 -0.4430
vn 0.9682 -0.1097 -0.2248
vn 0.9990 0.0238 -0.0390
vn 0.9811 -0.1135 0.1569
vn 0.9344 0.0215 0.3557
vn 0.8425 -0.1068 0.5279
vn 0.7215 0.0306 0.6918
vn 0.5586 -0.0870 0.8248
vn 0.5342 0.0169 -0.8452
vn 0.3688 -0.0034 -0.9295
vn 0.2875 0.0343 -0.9572
vn 0.1248 0.0201 -0.9920
vn -0.0559 0.0467 -0.9973
vn -0.2629 0.0232 -0.9645
vn -0.1241 -0.0360 0.9916
vn 0.0198 0.0397 0.9990
vn 0.2403 0.7216 -0.6492
vn -0.1568 0.7535 -0.6385
vn 0.4854 0.7124 -0.5068
vn 0.6323 0.7386 -0.2339
vn 0.6690 0.7395 0.0752
vn 0.1972 0.8621 -0.4668
vn 0.2810 0.9355 -0.2142
vn 0.0574 -0.4523 0.8900
vn 0.6982 -0.6980 -0.1592
vn -0.0791 -0.8397 -0.5372
vn -0.6344 0.6020 0.4850
vn -0.7617 -0.1007 -0.6401
vn -0.8217 -0.5578 0.1169
vn -0.0374 0.9991 -0.0195
vn 0.1068 0.6339 -0.7660
vn 0.5134 0.6445 -0.5666
vn 0.7144 0.6432 -0.2755
vn 0.7699 0.6347 0.0663
vn 0.6485 0.6494 0.3971
vn 0.0448 0.8706 -0.4899
vn -0.6367 0.6537 0.4092
vn -0.1759 0.6492 0.7400
vn -0.7444 0.5003 -0.4422
vn -0.7549 0.6558 0.0087
vn 0.2997 0.6326 0.7141
vn -0.3785 0.6530 -0.6560
vn 0.0319 0.9644 0.2625
vn -0.5370 0.6307 0.5602
vn -0.1250 0.9920 -0.0164
vn 0.0105 0.9898 -0.1421
vn 0.4468 0.6508 -0.6138
vn 0.2649 0.9639 -0.0270
vn -0.6103 0.6481 -0.4555
vn 0.6395 0.6124 0.4648
vn 0.3232 0.9393 -0.1152
vn -0.2211 0.5747 -0.7879
vn 0.4451 0.5424 -0.7125
vn 0.6144 0.5424 0.5730
vn 0.6797 0.5278 0.5092
vn -0.5248 0.5278 0.6678
vn -0.5554 0.8313 -0.0226
vn -0.6707 0.7076 0.2223
vn -0.2416 0.7227 0.6476
vn 0.1543 0.7534 0.6392
vn -0.4953 0.6735 0.5488
vn -0.6321 0.7388 0.2337
vn -0.6690 0.7394 -0.0756
vn -0.2095 0.8495 0.4843
vn -0.5481 0.7864 0.2850
vn -0.0962 -0.4894 -0.8668
vn 0.0195 0.4346 -0.9004
vn -0.6795 -0.7235 0.1218
vn 0.0945 -0.8401 0.5341
vn 0.6360 0.6003 -0.4849
vn 0.7646 -0.0011 0.6445
vn 0.8327 -0.5442 -0.1025
vn 0.0478 0.9988 -0.0145
vn -0.1074 0.6333 0.7664
vn -0.5132 0.6442 0.5672
vn -0.7144 0.6432 0.2755
vn -0.7699 0.6347 -0.0663
vn -0.6486 0.6494 -0.3970
vn -0.0659 0.8786 0.4730
vn 0.6359 0.6523 -0.4126
vn 0.1725 0.6466 -0.7430
vn 0.7469 0.4986 0.4399
vn 0.7577 0.6526 -0.0056
vn -0.2954 0.6313 -0.7171
vn 0.3785 0.6530 0.6560
vn -0.0319 0.9644 -0.2625
vn 0.5370 0.6307 -0.5602
vn 0.1250 0.9920 0.0164
vn -0.0105 0.9898 0.1421
vn 0.6103 0.6481 0.4555
vn -0.2649 0.9639 0.0270
vn -0.4468 0.6508 0.6138
vn -0.6395 0.6124 -0.4648
vn -0.3232 0.9393 0.1152
vn 0.2211 0.5747 0.7879
vn -0.4451 0.5424 0.7125
vn -0.6144 0.5424 -0.5730
vn -0.6798 0.5278 -0.5092
vn 0.5248 0.5278 -0.6678
vn 0.5554 0.8313 0.0226
vn 0.6707 0.7076 -0.2223
vn -0.2337 -0.9393 -0.2513
vn 0.6535 -0.6771 -0.3382
vn 0.3388 -0.8116 0.4759
vn 0.4675 -0.5100 -0.7220
vn -0.5614 -0.8272 -0.0254
vn 0.0405 -0.6661 -0.7448
vn 0.2274 -0.9685 0.1013
vn -0.3640 -0.6623 -0.6549
vn 0.0594 -0.9829 0.1743
vn -0.6428 -0.6615 -0.3863
vn 0.1564 -0.9871 -0.0338
vn 0.1874 -0.9823 0.0027
vn -0.8664 -0.4982 -0.0346
vn -0.0138 -0.9705 -0.2409
vn -0.4900 -0.4981 0.7154
vn -0.0382 -0.6678 0.7433
vn -0.0370 -0.9897 -0.1381
vn 0.3568 -0.6644 0.6567
vn -0.1444 -0.9875 -0.0628
vn 0.6374 -0.6684 0.3833
vn -0.1489 -0.9862 0.0720
vn 0.8613 -0.5071 0.0314
vn -0.6576 -0.6663 0.3515
vn -0.0873 -0.8555 0.5104
vn -0.4876 -0.8538 0.1825
vn 0.4879 -0.8544 -0.1788
vn 0.0824 -0.8588 -0.5056
vn -0.3953 -0.8551 -0.3355
vn 0.3930 -0.8575 0.3320
vn 0.8304 -0.4673 -0.3034
vn 0.6767 -0.4674 0.5689
vn 0.1505 -0.4674 -0.8711
vn -0.6808 -0.4670 -0.5643
vn -0.8310 -0.4661 0.3038
vn -0.1565 -0.4670 0.8703
vn 0.0025 -1.0000 -0.0009
vn -0.4881 0.7509 -0.4448
vn -0.1784 0.7132 -0.6779
vn 0.1733 0.7362 -0.6542
vn 0.5230 0.7556 -0.3944
vn -0.1340 0.8792 -0.4572
vn -0.2160 0.9678 0.1295
vn -0.7425 0.6659 -0.0729
vn 0.2240 -0.8647 -0.4496
vn -0.2433 -0.8390 -0.4867
vn -0.1620 0.6047 0.7798
vn 0.4356 0.5733 0.6940
vn -0.5638 -0.4967 0.6599
vn -0.0373 0.9690 -0.2443
vn -0.6108 0.6478 -0.4553
vn -0.3405 0.6405 -0.6884
vn 0.0044 0.6458 -0.7635
vn 0.3212 0.6539 -0.6851
vn 0.5716 0.6315 -0.5240
vn 0.7386 0.6427 -0.2035
vn 0.9219 0.3178 -0.2215
vn -0.0363 0.6655 0.7455
vn 0.3635 0.6643 0.6531
vn -0.3101 0.6529 0.6911
vn -0.7343 0.6493 0.1982
vn -0.5638 0.6437 0.5174
vn 0.5997 0.6489 0.4683
vn 0.7433 0.6497 0.1594
vn -0.7549 0.6351 -0.1634
vn -0.0743 0.9923 -0.0992
vn -0.1716 0.6274 -0.7595
vn 0.1522 0.9682 -0.1987
vn 0.2013 0.9673 0.1541
vn 0.0587 0.6292 0.7750
vn -0.1047 0.9908 0.0860
vn 0.7924 0.6039 -0.0855
vn -0.7397 0.6707 0.0545
vn -0.4479 0.8367 -0.3152
vn -0.6314 0.7077 -0.3170
vn -0.1206 0.5278 -0.8407
vn 0.8433 0.5278 -0.1011
vn 0.2416 0.9402 0.2401
vn 0.8186 0.5424 -0.1891
vn 0.0292 0.5424 0.8396
vn -0.4038 0.5793 0.7080
vn 0.1781 0.9720 -0.1534
vn -0.6201 0.7661 0.1691
vn 0.1717 0.9774 0.1230
vn -0.0116 0.9766 0.2148
vn 0.1400 0.9823 0.1241
vn -0.1877 0.9738 0.1283
vn -0.0532 0.9936 0.1001
vn -0.0639 0.9074 0.4155
vn 0.5400 0.7996 0.2629
vn 0.1534 0.8575 -0.4912
vn -0.2282 0.9339 -0.2754
vn 0.3211 0.6735 -0.6657
vn -0.5589 0.6539 0.5100
vn -0.7590 0.6430 -0.1024
vn -0.3196 0.6689 -0.6711
vn 0.1461 0.7066 0.6924
vn 0.7175 0.6234 0.3107
vn 0.6807 0.6833 -0.2641
vn -0.0878 0.9924 -0.0866
vn -0.0652 0.6184 -0.7831
vn 0.0792 0.9937 -0.0791
vn 0.7832 0.6158 -0.0859
vn 0.0877 0.9926 0.0838
vn -0.0787 0.9940 0.0757
vn -0.7832 0.6158 0.0859
vn 0.0652 0.6184 0.7831
vn -0.3285 0.7564 0.5656
vn -0.3920 0.7572 0.5225
vn -0.6852 0.5779 -0.4433
vn 0.3920 0.7572 -0.5225
vn 0.3285 0.7564 -0.5656
vn 0.6852 0.5779 0.4433
vn 0.8195 -0.0993 0.5644
vn 0.9030 -0.1303 0.4093
vn 0.9629 -0.1305 0.2361
vn 0.9899 -0.1305 0.0552
vn 0.9832 -0.1305 -0.1276
vn 0.9430 -0.1305 -0.3061
vn 0.8707 -0.1305 -0.4742
vn 0.7687 -0.1305 -0.6261
vn 0.6406 -0.1305 -0.7567
vn 0.4906 -0.1305 -0.8615
vn 0.3240 -0.1305 -0.9370
vn 0.1463 -0.1305 -0.9806
vn -0.0364 -0.1305 -0.9908
vn -0.2178 -0.1305 -0.9672
vn -0.3918 -0.1305 -0.9107
vn -0.5525 -0.1305 -0.8232
vn -0.6951 -0.1308 -0.7069
vn -0.7724 -0.1776 -0.6098
vn -0.8331 0.3666 -0.4141
vn -0.9000 0.0416 -0.4340
vn -0.9872 0.0080 -0.1596
vn -0.8652 0.4249 -0.2663
vn -0.9039 0.4235 -0.0604
vn -0.9709 0.1490 0.1876
vn -0.9453 0.3165 0.0789
vn -0.9174 0.0055 0.3978
vn -0.8767 0.4175 0.2390
vn -0.7970 0.4213 0.4328
vn -0.7924 0.0658 0.6064
vn -0.7246 0.3565 0.5898
vn -0.6279 0.0521 0.7765
vn -0.5571 0.3412 0.7571
vn -0.3821 0.0540 0.9225
vn -0.3729 0.3381 0.8641
vn -0.1538 0.0260 0.9878
vn -0.2180 0.4257 0.8782
vn -0.0167 0.3652 0.9308
vn 0.1077 0.2653 0.9581
vn 0.1771 0.2983 0.9379
vn 0.4053 0.0276 0.9138
vn 0.2832 0.4349 0.8548
vn 0.4800 0.4057 0.7778
vn 0.6680 0.0330 0.7434
vn 0.6138 0.3525 0.7064
vn 0.6701 -0.5406 0.5086
vn 0.0667 -0.5040 0.8611
vn -0.5461 -0.4043 0.7337
vn -0.9603 -0.2068 0.1871
vn -0.5984 -0.5445 -0.5878
vn -0.9844 0.1752 0.0181
vn -0.2159 0.0074 -0.9764
vn 0.3232 -0.2174 -0.9210
vn 0.6898 0.1509 -0.7081
vn 0.8525 -0.5097 -0.1158
vn -0.1820 -0.1997 0.9628
vn -0.5880 0.2030 0.7830
vn -0.9420 -0.2871 0.1735
vn -0.9321 0.3610 0.0290
vn -0.5641 -0.5006 -0.6567
vn -0.1045 -0.4312 -0.8962
vn 0.5588 -0.5163 -0.6490
vn 0.9664 -0.1486 -0.2095
vn 0.9761 -0.0975 0.1943
vn 0.7177 -0.4502 0.5312
vn 0.3748 -0.1024 0.9215
vn -0.7531 -0.2435 0.6111
vn -0.5079 0.0988 0.8557
vn -0.8490 -0.5171 0.1091
vn -0.5685 -0.4994 -0.6538
vn -0.0729 -0.4528 -0.8886
vn 0.5621 -0.5334 -0.6321
vn 0.9475 -0.1915 -0.2562
vn 0.8471 -0.4899 0.2059
vn 0.7684 -0.1137 0.6297
vn 0.4255 0.1956 0.8836
vn -0.0021 -0.2358 0.9718
vn 0.8083 -0.4866 0.3314
vn 0.1558 -0.5010 0.8513
vn -0.5446 -0.4771 0.6898
vn -0.5531 -0.4727 -0.6860
vn -0.8682 -0.4905 0.0753
vn 0.0630 -0.2347 -0.9700
vn 0.3368 0.0603 -0.9396
vn 0.7913 -0.4504 -0.4134
vn -0.6105 -0.5120 -0.6042
vn -0.8762 -0.4752 -0.0802
vn -0.6357 -0.6081 0.4755
vn -0.1787 -0.4793 0.8593
vn 0.4832 -0.5094 0.7120
vn 0.8906 -0.2182 0.3990
vn -0.0869 -0.4683 -0.8793
vn 0.5437 -0.4227 -0.7250
vn 0.8420 -0.5305 -0.0980
vn -0.4243 -0.4788 0.7686
vn -0.8815 -0.4612 0.1009
vn -0.5759 -0.4948 -0.6508
vn -0.2237 -0.1810 -0.9577
vn 0.3170 -0.4994 -0.8063
vn 0.8478 -0.4667 -0.2518
vn 0.8104 -0.4754 0.3424
vn 0.3053 -0.4821 0.8212
vn -0.3039 -0.2154 0.9280
vn -0.5584 0.2746 0.7828
vn -0.9622 -0.2090 0.1746
vn -0.9827 0.1831 0.0290
vn -0.5803 -0.5403 -0.6094
vn -0.2150 -0.1653 -0.9625
vn 0.2972 -0.5183 -0.8019
vn 0.8310 -0.4819 -0.2777
vn 0.8453 -0.3552 0.3991
vn 0.3152 -0.4902 0.8126
vn -0.9103 -0.2156 -0.3534
vn -0.5962 -0.1542 -0.7879
vn -0.9822 -0.1139 0.1493
vn -0.8282 -0.1689 0.5344
vn -0.3113 -0.4482 0.8380
vn 0.5454 -0.5233 0.6548
vn -0.2626 0.0488 -0.9637
vn 0.3101 -0.2247 -0.9238
vn 0.7009 0.1671 -0.6934
vn 0.9536 -0.2733 -0.1261
vn 0.9905 0.1352 0.0236
vn 0.7392 -0.2544 0.6236
vn 0.8675 -0.1699 0.4675
vn 0.9394 -0.1679 0.2990
vn 0.9783 -0.1679 0.1213
vn 0.9839 -0.1679 -0.0605
vn 0.9561 -0.1679 -0.2403
vn 0.8956 -0.1679 -0.4119
vn 0.8047 -0.1679 -0.5695
vn 0.6864 -0.1679 -0.7076
vn 0.5446 -0.1679 -0.8217
vn 0.3844 -0.1679 -0.9078
vn 0.2110 -0.1679 -0.9630
vn 0.0305 -0.1679 -0.9853
vn -0.1511 -0.1679 -0.9742
vn -0.3275 -0.1679 -0.9298
vn -0.4928 -0.1679 -0.8538
vn -0.6425 -0.1678 -0.7477
vn -0.7835 -0.2013 -0.5879
vn -0.8884 -0.2592 -0.3790
vn -0.9414 -0.2705 -0.2013
vn -0.9603 -0.2784 -0.0183
vn -0.9445 -0.2846 0.1639
vn -0.8952 -0.2889 0.3393
vn -0.8143 -0.2916 0.5019
vn -0.6647 -0.3727 0.6476
vn -0.5709 -0.4192 0.7060
vn -0.4551 -0.3741 0.8081
vn -0.2923 -0.3671 0.8831
vn -0.1176 -0.3593 0.9258
vn 0.0627 -0.3507 0.9344
vn 0.2422 -0.3413 0.9082
vn 0.4142 -0.3310 0.8479
vn 0.5697 -0.3210 0.7566
vn -0.6875 -0.3863 -0.6149
vn 0.4099 -0.7918 0.4528
vn -0.1491 -0.6884 0.7098
vn -0.9261 0.0898 0.3664
vn 0.6393 -0.7690 0.0022
vn 0.0533 -0.7696 -0.6363
vn 0.5511 -0.7061 -0.4446
vn 0.8776 0.1505 0.4552
vn 0.3158 0.0150 0.9487
vn -0.8257 -0.2415 -0.5098
vn -0.1263 -0.8260 0.5493
vn -0.8345 -0.1498 0.5303
vn 0.0991 -0.7476 -0.6567
vn 0.8337 -0.0914 -0.5446
vn 0.8901 -0.0544 0.4526
vn 0.1762 -0.3910 0.9034
vn -0.6833 -0.3806 -0.6231
vn -0.3593 -0.8136 0.4571
vn -0.9240 0.2229 0.3107
vn 0.0491 -0.8012 -0.5964
vn 0.8339 -0.0891 -0.5447
vn -0.5701 -0.7707 -0.2845
vn 0.3962 -0.7953 0.4588
vn -0.1703 -0.7428 0.6474
vn -0.6208 -0.7376 0.2655
vn 0.0281 -0.2879 -0.9573
vn 0.8031 -0.4039 -0.4380
vn 0.6832 -0.7289 0.0448
vn 0.8152 -0.3451 0.4651
vn 0.2699 -0.7116 0.6487
vn -0.3219 -0.7210 0.6137
vn -0.6021 -0.7936 0.0882
vn -0.7800 -0.1098 -0.6160
vn 0.0738 -0.4351 -0.8974
vn 0.9131 -0.0207 -0.4071
vn 0.8930 -0.0429 0.4481
vn 0.1803 -0.3667 0.9127
vn -0.6847 -0.3798 -0.6220
vn -0.3296 -0.7992 0.5027
vn -0.9250 0.2292 0.3032
vn 0.0550 -0.8072 -0.5876
vn 0.8230 -0.1013 -0.5589
vn 0.6371 -0.7494 0.1804
vn 0.2960 -0.7304 0.6155
vn -0.8455 -0.0036 -0.5339
vn -0.1236 -0.8168 0.5635
vn -0.8344 -0.1475 0.5310
vn 0.1343 -0.1310 -0.9822
vn 0.9167 0.0567 -0.3956
vn 0.6014 -0.7296 0.3255
vn 0.1459 -0.7972 0.5859
vn -0.4136 -0.7666 0.4912
vn -0.6482 -0.7588 0.0639
vn -0.3934 -0.8116 -0.4319
vn 0.1670 -0.7604 -0.6276
vn 0.5931 -0.7610 -0.2629
vn -0.2412 -0.6434 0.7265
vn -0.1951 -0.9754 -0.1024
vn -0.2379 -0.9712 0.0126
vn -0.1408 -0.9730 -0.1829
vn 0.2255 -0.9731 -0.0466
vn 0.1019 -0.9687 0.2265
vn -0.2264 -0.9642 -0.1379
vn 0.2246 -0.9741 -0.0261
vn 0.1949 -0.9651 -0.1747
vn -0.0682 -0.9590 -0.2751
vn -0.1070 -0.9703 -0.2169
vn 0.2429 -0.6170 -0.7485
vn 0.2378 -0.9693 0.0620
vn 0.1328 -0.9763 0.1707
vn -0.1886 -0.9776 -0.0937
vn 0.2437 -0.9698 -0.0099
vn -0.2173 -0.9758 0.0237
vn -0.0815 -0.9773 -0.1953
vn 0.1738 -0.9636 -0.2030
vn -0.6068 -0.7638 -0.2202
vn -0.6665 -0.7367 -0.1141
vn -0.2647 -0.7984 -0.5408
vn -0.3992 -0.7136 -0.5756
vn 0.2782 -0.7333 -0.6204
vn -0.5726 -0.7196 0.3927
vn -0.6645 -0.6882 0.2913
vn -0.2811 -0.7099 0.6458
vn 0.5715 -0.7195 -0.3946
vn 0.5107 -0.8208 -0.2559
vn 0.2992 -0.7298 0.6147
vn 0.4092 -0.7178 0.5633
vn 0.6068 -0.7638 0.2202
vn 0.6665 -0.7367 0.1141
vn -0.6170 0.2540 0.7449
vn -0.4450 0.2755 0.8521
vn -0.2581 0.2755 0.9260
vn -0.0600 0.2755 0.9594
vn 0.1408 0.2755 0.9509
vn 0.3355 0.2755 0.9009
vn 0.5154 0.2755 0.8114
vn 0.6744 0.2742 0.6856
vn 0.8019 0.2782 0.5287
vn 0.8965 0.3022 0.3239
vn 0.9466 0.2984 0.1223
vn 0.9554 0.2867 -0.0711
vn 0.8835 0.3702 -0.2870
vn 0.8058 0.3639 -0.4673
vn 0.6912 0.3532 -0.6304
vn 0.5453 0.3526 -0.7604
vn 0.3768 0.3536 -0.8561
vn 0.2163 0.2857 -0.9336
vn 0.0159 0.2988 -0.9542
vn -0.1845 0.2997 -0.9360
vn -0.3767 0.3002 -0.8763
vn -0.5607 0.2949 -0.7737
vn -0.7554 0.2775 -0.5936
vn -0.8968 0.2847 -0.3388
vn -0.9480 0.2754 -0.1593
vn -0.9640 0.2626 0.0405
vn -0.9321 0.2738 0.2370
vn -0.8611 0.2763 0.4268
vn -0.7591 0.2538 0.5995
vn 0.6214 0.0064 0.7835
vn -0.2289 0.0025 0.9734
vn -0.8480 0.0463 0.5280
vn -0.8151 0.5770 0.0514
vn -0.8751 0.0492 -0.4814
vn 0.9949 0.0129 -0.1001
vn 0.5748 0.0066 -0.8183
vn -0.1956 -0.0046 -0.9807
vn -0.7774 -0.0154 -0.6288
vn -0.9912 -0.0165 0.1316
vn -0.4558 -0.0075 0.8900
vn 0.3473 0.0037 0.9378
vn 0.9108 0.0057 0.4127
vn -0.1474 -0.0065 -0.9891
vn 0.5759 -0.0116 -0.8175
vn 0.9592 -0.0067 -0.2826
vn -0.8409 -0.0068 0.5412
vn -0.9702 -0.0068 -0.2422
vn -0.4338 0.0110 -0.9010
vn 0.4441 0.0169 -0.8958
vn -0.2515 0.0124 0.9678
vn 0.6095 0.0044 0.7928
vn 0.9925 0.0124 -0.1217
vn 0.5700 -0.0410 0.8206
vn 0.0491 -0.5727 0.8183
vn -0.5532 -0.0379 0.8322
vn -0.9583 0.0022 0.2857
vn -0.9156 -0.0479 -0.3992
vn 0.9854 -0.0121 0.1701
vn 0.7963 0.0077 -0.6049
vn 0.1257 0.0095 -0.9920
vn -0.5148 -0.0242 -0.8570
vn -0.9454 0.0343 0.3241
vn -0.3659 0.0149 0.9305
vn -0.7767 0.5961 -0.2033
vn -0.6491 0.0387 -0.7597
vn 0.0635 -0.0086 -0.9979
vn 0.8269 -0.0030 -0.5624
vn 0.3686 0.0071 0.9296
vn 0.9327 -0.0050 0.3606
vn -0.6809 -0.0049 0.7323
vn -0.9997 -0.0195 0.0142
vn -0.5870 -0.0077 -0.8095
vn 0.3815 0.0044 -0.9244
vn 0.0880 0.0019 0.9961
vn 0.8142 -0.0109 0.5804
vn 0.9810 -0.0104 -0.1940
vn -0.9518 0.0585 -0.3010
vn -0.5053 0.5783 -0.6406
vn -0.8272 0.0221 0.5614
vn -0.1723 0.0111 0.9850
vn 0.6016 -0.0040 0.7988
vn -0.0783 0.0527 -0.9955
vn 0.6572 -0.0015 -0.7537
vn 0.9997 0.0038 -0.0254
vn -0.6589 -0.5869 0.4706
vn -0.9925 -0.0166 -0.1212
vn -0.5781 -0.0053 -0.8159
vn 0.1040 -0.0270 -0.9942
vn 0.8229 -0.0443 -0.5664
vn -0.3897 -0.0346 0.9203
vn 0.3849 0.0007 0.9230
vn 0.9418 -0.0219 0.3354
vn -0.7130 -0.3822 -0.5878
vn -0.8010 -0.4315 -0.4149
vn -0.8785 -0.4336 -0.2007
vn -0.7286 0.6850 0.0016
vn -0.9154 -0.3772 0.1404
vn -0.8287 -0.4338 0.3535
vn -0.5882 0.6844 0.4309
vn -0.6581 -0.3772 0.6516
vn -0.4518 -0.4602 0.7643
vn -0.3332 -0.4233 0.8425
vn -0.1019 -0.4602 0.8820
vn 0.0383 -0.4233 0.9052
vn 0.2657 -0.4602 0.8471
vn 0.4031 -0.4233 0.8113
vn 0.5930 -0.4406 0.6739
vn 0.6050 0.6751 0.4222
vn 0.8365 -0.4110 0.3624
vn 0.8919 -0.4328 0.1313
vn 0.7493 0.6597 -0.0579
vn 0.8883 -0.4013 -0.2231
vn 0.7716 -0.4693 -0.4294
vn 0.4081 -0.4297 -0.8055
vn 0.5209 -0.4673 -0.7144
vn 0.7077 -0.4301 -0.5605
vn 0.1741 -0.4692 -0.8658
vn 0.0325 -0.4324 -0.9011
vn -0.2047 -0.4709 -0.8581
vn -0.3481 -0.4338 -0.8310
vn -0.5526 -0.4518 -0.7004
vn 0.5327 0.4545 0.7139
vn -0.1777 0.3905 0.9033
vn -0.8184 0.4155 0.3970
vn -0.7446 0.5960 -0.3007
vn -0.4226 0.4316 -0.7970
vn 0.3304 0.3904 -0.8593
vn 0.7617 0.4748 -0.4409
vn 0.6455 0.7636 -0.0159
vn 0.8387 0.3752 0.3947
vn -0.4137 0.3837 0.8256
vn -0.9106 0.3928 0.1289
vn -0.6351 0.3931 -0.6649
vn -0.0211 0.4331 -0.9011
vn 0.5771 0.3598 -0.7331
vn 0.8716 0.4279 -0.2392
vn 0.8253 0.4601 0.3274
vn 0.4718 0.4395 0.7644
vn 0.0596 0.6830 0.7279
vn -0.6705 0.5444 0.5040
vn -0.8824 0.4300 -0.1909
vn -0.3700 0.3778 -0.8487
vn 0.3115 0.5958 -0.7403
vn 0.7709 0.4230 -0.4762
vn 0.8583 0.4135 0.3038
vn 0.2671 0.4056 0.8742
vn -0.3575 0.5159 0.7785
vn -0.8530 0.5216 0.0193
vn -0.5922 0.4055 -0.6963
vn 0.1343 0.4182 -0.8984
vn 0.6857 0.4986 -0.5302
vn 0.7288 0.6043 0.3220
vn 0.4074 0.4305 0.8054
vn -0.3485 0.3722 0.8603
vn -0.9909 -0.1240 0.0521
vn -0.6038 0.3786 -0.7015
vn 0.0214 0.4658 -0.8846
vn 0.5363 0.4295 -0.7266
vn 0.8809 0.4271 -0.2041
vn 0.6194 0.3934 0.6794
vn -0.1294 0.4864 0.8641
vn -0.7507 0.3900 0.5333
vn -0.8460 0.4162 -0.3331
vn 0.3818 0.3768 -0.8440
vn 0.9135 0.3882 -0.1214
vn 0.7903 0.4772 0.3843
vn 0.1159 0.3755 0.9195
vn -0.6577 0.4004 0.6381
vn -0.8461 0.4327 -0.3113
vn -0.5030 0.4339 -0.7474
vn -0.0587 0.6919 -0.7196
vn 0.6761 0.5452 -0.4957
vn -0.4014 0.4726 -0.7845
vn -0.9239 0.3275 -0.1976
vn -0.6617 0.4148 0.6246
vn 0.0575 0.4247 0.9035
vn 0.7246 0.4041 0.5582
vn 0.5670 0.0234 -0.8234
vn 0.8725 0.4874 -0.0339
vn 0.4625 0.5581 0.6889
vn 0.1473 0.5635 0.8129
vn -0.1986 0.5582 0.8056
vn -0.5049 0.5578 0.6587
vn -0.7934 0.5620 0.2336
vn -0.7787 0.5581 -0.2867
vn -0.6985 0.4368 -0.5668
vn 0.7901 0.5686 0.2288
vn 0.7635 0.5697 -0.3042
vn 0.5685 0.5750 -0.5884
vn 0.2710 0.5680 -0.7772
vn -0.0779 0.5739 -0.8152
vn -0.4140 0.5680 -0.7113
vn -0.8549 -0.0674 0.5144
vn 0.2053 0.1162 -0.9718
vn -0.2908 0.9267 -0.2381
vn -0.4055 0.8274 -0.3885
vn -0.2558 0.8023 -0.5394
vn -0.1673 0.8684 -0.4668
vn -0.0079 0.9064 -0.4224
vn 0.0244 0.8175 -0.5755
vn 0.2208 0.8110 -0.5418
vn 0.2587 0.8673 -0.4254
vn 0.3611 0.8179 -0.4480
vn 0.4652 0.8396 -0.2806
vn 0.4400 0.8761 -0.1970
vn 0.4663 0.8774 -0.1127
vn 0.5822 0.8122 -0.0373
vn 0.5720 0.8023 0.1709
vn 0.5111 0.8378 0.1919
vn 0.3346 0.9057 0.2601
vn 0.3257 0.8687 0.3732
vn 0.2382 0.8643 0.4430
vn 0.2276 0.7864 0.5743
vn 0.0009 0.9062 0.4229
vn -0.0257 0.8182 0.5744
vn -0.2195 0.8091 0.5451
vn -0.2598 0.8678 0.4235
vn -0.3639 0.8141 0.4526
vn -0.4926 0.8147 0.3059
vn -0.4570 0.8672 0.1978
vn -0.4616 0.8800 0.1120
vn -0.5817 0.8123 0.0423
vn -0.5495 0.8219 -0.1503
vn -0.4504 0.8702 -0.1999
vn 0.1391 0.9841 0.1105
vn -0.1983 0.9364 -0.2895
vn -0.0971 0.9281 -0.3593
vn -0.1494 0.9888 -0.0073
vn 0.3670 0.9175 -0.1530
vn 0.2583 0.9403 -0.2216
vn 0.2023 0.9186 -0.3396
vn 0.0808 0.9472 -0.3103
vn 0.1579 0.9559 0.2475
vn -0.1626 0.9827 -0.0881
vn -0.2014 0.8470 -0.4919
vn 0.3441 0.9380 0.0430
vn 0.2455 0.9222 0.2989
vn 0.1826 0.9152 0.3593
vn 0.1541 0.9490 -0.2752
vn 0.1866 0.9823 -0.0175
vn -0.3910 0.9062 0.1609
vn -0.2599 0.9404 0.2192
vn -0.1995 0.9187 0.3408
vn -0.0733 0.9361 0.3439
vn -0.2201 0.9536 -0.2052
vn -0.3829 0.9087 -0.1661
vn -0.3440 0.9380 -0.0417
vn -0.2462 0.7069 -0.6631
vn 0.5006 0.8232 -0.2680
vn 0.4254 0.5687 -0.7040
vn -0.1321 0.7973 0.5889
vn -0.4906 0.6139 0.6185
vn -0.6769 0.6933 0.2474
vn -0.2436 0.8201 -0.5178
vn -0.6977 0.5730 -0.4300
vn -0.4479 0.6300 0.6344
vn -0.5021 0.8223 0.2679
vn 0.1224 0.8247 -0.5521
vn 0.5168 0.6134 -0.5972
vn 0.6281 0.6303 0.4563
vn 0.2315 0.8076 0.5424
vn -0.4286 0.8999 -0.0806
vn 0.3642 0.9259 0.1003
vn 0.2264 0.7805 0.5827
vn 0.3563 0.7903 0.4984
vn -0.2671 0.8104 0.5214
vn 0.2543 0.9668 0.0258
vn -0.6029 0.7963 0.0495
vn -0.3637 0.8413 -0.3999
vn 0.6890 0.6576 0.3048
vn 0.1332 0.6189 0.7741
vn 0.1113 0.9764 -0.1852
vn -0.1949 0.8078 0.5563
vn -0.1208 0.9767 0.1772
vn 0.1013 0.9654 0.2401
vn 0.6314 0.7754 0.0109
vn 0.2645 0.8763 0.4026
vn -0.1212 0.7891 -0.6021
vn 0.6396 0.7625 0.0973
vn 0.4904 0.8284 -0.2706
vn -0.5551 0.8039 -0.2136
vn 0.3721 0.8167 -0.4411
vn 0.6380 0.7579 -0.1360
vn 0.0874 0.9760 0.1994
vn 0.0814 0.9727 -0.2173
vn -0.1191 0.9802 -0.1580
vn 0.5183 0.7771 0.3571
vn -0.3021 0.8120 -0.4994
vn -0.0198 0.5556 -0.8312
vn 0.3174 0.9199 -0.2303
vn -0.4390 0.8243 0.3576
vn -0.5500 0.8240 -0.1364
vn 0.1579 0.9839 0.0832
vn -0.1892 0.7847 0.5903
vn -0.5654 0.8228 0.0580
vn -0.0857 0.8874 0.4531
vn 0.5992 0.7969 0.0767
vn 0.6097 0.6192 0.4949
vn 0.4691 0.7604 0.4491
vn -0.3815 0.8124 -0.4410
vn 0.0702 0.9787 -0.1931
vn -0.3147 0.6807 0.6615
vn -0.7887 0.5852 0.1883
vn 0.1508 0.9861 0.0700
vn 0.1017 0.8392 -0.5342
vn -0.5757 0.8107 -0.1068
vn -0.6191 0.6173 -0.4854
vn 0.3676 0.7843 -0.4997
vn 0.0178 0.7788 -0.6270
vn 0.6187 0.7675 -0.1678
vn 0.5455 0.8190 0.1778
vn -0.4634 0.7776 -0.4251
vn -0.4913 0.8381 0.2374
vn -0.4750 0.8237 -0.3098
vn 0.1406 0.9807 -0.1358
vn 0.4644 0.8778 -0.1180
vn 0.0238 0.8360 0.5483
vn -0.6282 0.7672 0.1292
vn -0.3513 0.8348 -0.4239
vn 0.2710 0.8221 0.5006
vn -0.0783 0.7662 0.6379
vn -0.3839 0.7768 0.4992
vn -0.6160 0.7545 0.2262
vn -0.2576 0.8271 0.4996
vn 0.4074 0.8276 0.3861
vn -0.6183 0.7511 -0.2313
vn -0.3807 0.8853 0.2669
vn 0.5909 0.7985 -0.1151
vn 0.0518 0.9747 -0.2174
vn 0.5467 0.8304 -0.1077
vn -0.2652 0.8938 -0.3617
vn 0.1665 0.9716 0.1680
vn -0.1743 0.8270 0.5345
vn -0.5554 0.8300 0.0507
vn 0.3294 0.7624 -0.5569
vn -0.4891 0.8317 0.2627
vn 0.1644 0.8172 -0.5524
vn -0.6269 0.7737 -0.0916
vn -0.3803 0.8195 -0.4287
vn -0.3466 0.8367 -0.4240
vn -0.5874 0.8078 0.0495
vn 0.0172 0.7979 -0.6026
vn -0.6735 0.6697 -0.3130
vn 0.1520 0.9779 0.1437
vn -0.2202 0.8385 0.4985
vn 0.5971 0.7949 -0.1080
vn -0.1849 0.6007 -0.7778
vn 0.3106 0.7951 -0.5209
vn -0.4814 0.7529 0.4487
vn 0.1931 0.8122 -0.5506
vn 0.0132 0.6747 0.7380
vn -0.3535 0.7682 0.5338
vn 0.4797 0.7577 -0.4425
vn 0.9063 0.3524 -0.2331
vn 0.0617 0.4473 -0.8922
vn 0.2847 0.5053 -0.8146
vn -0.7863 0.6139 0.0700
vn -0.5852 0.4355 -0.6840
vn -0.4481 0.3994 -0.7998
vn -0.8932 0.4443 -0.0694
vn -0.8840 0.3973 -0.2464
vn -0.6872 0.4349 0.5820
vn 0.0783 0.6131 0.7861
vn -0.7995 0.4038 0.4446
vn -0.2565 0.4077 0.8764
vn -0.0807 0.4334 0.8976
vn 0.7831 0.6185 -0.0654
vn 0.5744 0.4299 0.6966
vn 0.3070 0.4945 0.8132
vn 0.4220 0.4355 0.7952
vn 0.9049 0.3906 0.1690
vn 0.9793 0.0853 0.1838
vn 0.8149 0.4940 -0.3031
vn 0.7745 0.3897 -0.4982
vn -0.1761 -0.0705 -0.9818
vn 0.5376 0.3790 0.7532
vn -0.1805 -0.0705 -0.9810
vn 0.5754 0.3777 0.7255
vn 0.2229 -0.2509 0.9420
vn -0.1315 0.1359 -0.9820
vn 0.6614 0.2531 -0.7060
vn 0.9238 0.3733 0.0855
vn -0.2562 -0.0724 -0.9639
vn 0.7337 0.2090 -0.6466
vn 0.9307 0.3639 0.0378
vn 0.3077 -0.2764 0.9105
vn -0.1457 0.1199 -0.9820
vn 0.7343 0.2080 -0.6462
vn -0.9074 0.3527 -0.2283
vn -0.0071 0.2109 0.9775
vn 0.8703 -0.0001 0.4925
vn -0.2751 0.1356 -0.9518
vn 0.6621 0.2548 -0.7047
vn -0.2444 0.3558 0.9020
vn -0.9624 -0.1061 0.2501
vn 0.6820 0.2409 0.6905
vn -0.0431 0.0385 -0.9983
vn 0.8582 0.1944 -0.4751
vn 0.8692 0.2192 0.4433
vn 0.8315 0.4992 -0.2439
vn 0.6135 0.7070 -0.3519
vn 0.1832 0.6840 -0.7061
vn 0.0495 0.4748 -0.8787
vn -0.3187 0.3293 -0.8888
vn 0.8952 0.3506 -0.2751
vn 0.7330 -0.2797 0.6201
vn 0.6271 0.3394 0.7011
vn 0.8580 -0.2450 0.4515
vn 0.9378 -0.2504 -0.2405
vn 0.9382 0.3382 0.0730
vn 0.9665 -0.2486 -0.0645
vn 0.9617 -0.2506 0.1115
vn 0.6733 -0.2427 -0.6984
vn 0.5307 -0.2445 -0.8116
vn -0.3281 -0.2445 -0.9125
vn -0.0561 0.3590 -0.9317
vn -0.1494 -0.2454 -0.9578
vn 0.0221 -0.2470 -0.9688
vn -0.7781 -0.2807 -0.5620
vn -0.6386 -0.2457 -0.7293
vn -0.8545 0.3177 -0.4110
vn 0.9233 -0.2435 0.2969
vn 0.8781 -0.2495 -0.4083
vn 0.7851 -0.2467 -0.5681
vn 0.3772 -0.2489 -0.8921
vn 0.2004 -0.2487 -0.9476
vn -0.4881 -0.2477 -0.8369
vn 0.0376 0.0875 -0.9955
vn 0.2132 0.7223 -0.6580
vn -0.3286 0.7384 -0.5889
vn -0.3439 0.8772 -0.3349
vn -0.3517 0.9360 0.0138
vn -0.7059 0.6899 -0.1607
vn 0.2463 0.9692 0.0016
vn 0.3569 0.9209 -0.1565
vn -0.3893 0.7223 -0.5715
vn -0.7146 0.3911 -0.5800
vn -0.2484 -0.4358 0.8651
vn -0.8508 -0.3747 -0.3685
vn 0.8401 0.3397 0.4229
vn -0.8900 0.3322 0.3124
vn -0.8907 -0.4542 -0.0179
vn -0.9252 0.3689 0.0887
vn -0.8963 -0.3354 0.2900
vn -0.4149 0.3385 0.8446
vn -0.6780 -0.4008 0.6162
vn -0.5699 -0.3259 0.7543
vn -0.5906 0.3713 0.7165
vn -0.4224 -0.3899 0.8182
vn 0.3016 0.3345 0.8928
vn -0.0423 -0.3643 0.9303
vn -0.0714 0.3306 0.9411
vn 0.2550 -0.4282 0.8669
vn 0.5701 -0.3884 0.7239
vn -0.8888 -0.3906 -0.2398
vn -0.7708 -0.4433 0.4575
vn 0.4588 -0.4051 0.7908
vn -0.1729 0.7354 0.6552
vn -0.7263 0.6815 -0.0901
vn -0.9520 0.0374 0.3039
vn -0.6315 0.6791 0.3741
vn -0.6263 0.7009 0.3413
vn -0.1726 0.6879 0.7050
vn 0.1932 0.8207 0.5377
vn 0.6169 0.7103 0.3390
vn -0.0353 0.0453 0.9984
vn -0.2210 0.7183 0.6597
vn -0.9285 0.2814 0.2424
vn 0.0229 0.9910 0.1316
vn 0.2985 0.6862 0.6633
vn 0.3437 0.8758 0.3389
vn 0.2407 0.9663 0.0915
vn 0.7087 0.6869 0.1608
vn 0.3981 0.7168 0.5725
vn -0.1503 0.9885 0.0177
vn -0.5132 0.8416 0.1680
vn 0.6758 0.7154 -0.1774
vn 0.6677 0.7256 0.1662
vn 0.5445 0.7227 0.4256
vn 0.6750 0.6467 -0.3551
vn -0.1605 0.9273 0.3381
vn -0.5534 0.7089 -0.4372
vn 0.0575 0.9961 0.0662
vn 0.8274 -0.4740 0.3012
vn 0.3859 0.0495 0.9212
vn -0.7909 -0.2877 -0.5401
vn -0.0438 -0.7146 0.6981
vn -0.7658 -0.5419 0.3463
vn 0.1616 0.0592 -0.9851
vn 0.6487 -0.6092 -0.4562
vn 0.9146 -0.2110 0.3450
vn 0.1878 -0.0082 0.9822
vn -0.3446 -0.6257 0.6998
vn -0.5340 -0.6744 -0.5099
vn -0.7820 -0.6130 0.1125
vn 0.1058 -0.6371 -0.7635
vn 0.7215 -0.6202 -0.3080
vn -0.7362 -0.4931 -0.4635
vn 0.8397 -0.3456 0.4189
vn -0.0496 -0.5500 0.8337
vn -0.7556 -0.5233 0.3939
vn 0.0676 -0.0333 -0.9972
vn 0.4993 -0.7369 -0.4558
vn 0.7909 -0.5441 0.2802
vn 0.2848 -0.6526 0.7022
vn -0.4719 -0.4039 0.7837
vn -0.8973 -0.4013 0.1840
vn -0.3639 -0.6816 -0.6348
vn 0.1397 -0.2117 -0.9673
vn 0.9015 -0.2134 -0.3766
vn -0.7924 -0.2865 -0.5385
vn 0.3811 -0.6051 0.6990
vn -0.1652 -0.2214 0.9611
vn -0.7462 -0.5466 0.3800
vn 0.8088 -0.5750 0.1235
vn 0.0762 -0.0916 -0.9929
vn 0.5021 -0.7159 -0.4852
vn 0.7206 -0.5990 0.3492
vn 0.3670 -0.5653 0.7387
vn -0.3314 -0.5811 0.7433
vn -0.7772 -0.6188 0.1144
vn -0.5617 -0.6162 -0.5521
vn 0.1334 -0.4692 -0.8730
vn 0.7287 -0.6045 -0.3217
vn 0.7910 -0.3817 0.4781
vn 0.2364 -0.6440 0.7276
vn -0.4957 -0.2451 0.8332
vn -0.9972 0.0047 0.0741
vn -0.5488 -0.7064 -0.4470
vn 0.1692 -0.3420 -0.9243
vn 0.6382 -0.6481 -0.4156
vn 0.8701 -0.3517 0.3454
vn 0.0705 -0.7686 0.6358
vn -0.9440 -0.1551 0.2912
vn -0.6113 -0.6859 -0.3947
vn 0.2303 -0.3850 -0.8937
vn 0.7232 -0.6169 -0.3106
vn 0.6258 0.7401 0.2460
vn -0.1557 0.8874 0.4340
vn -0.8716 -0.4859 0.0646
vn 0.1906 0.8659 -0.4624
vn 0.8786 -0.4735 -0.0627
vn -0.6399 0.7340 -0.2275
vn 0.4266 0.7303 0.5336
vn -0.5331 0.7300 0.4277
vn 0.5628 -0.4980 -0.6597
vn 0.5641 -0.7652 0.3102
vn -0.1828 -0.7487 -0.6372
vn 0.5157 -0.6919 0.5053
vn 0.2196 -0.6992 0.6804
vn -0.1936 -0.8718 -0.4500
vn -0.2516 -0.9489 0.1905
vn -0.3306 0.7399 0.5859
vn 0.3407 0.4457 0.8278
vn 0.2710 0.9550 -0.1208
vn 0.6230 0.7714 0.1298
vn 0.3274 0.7306 -0.5992
vn -0.2978 0.4297 -0.8524
vn -0.4592 0.8372 -0.2969
vn 0.1054 0.9900 -0.0940
vn -0.5120 0.8219 0.2497
vn -0.3497 0.6468 0.6778
vn 0.8379 0.5164 -0.1767
vn 0.9204 0.3899 0.0286
vn 0.8190 0.5216 -0.2392
vn 0.5279 0.4458 0.7229
vn -0.9439 0.2190 0.2472
vn -0.2212 0.4923 -0.8418
vn 0.4818 0.5416 -0.6889
vn -0.1591 0.5154 0.8421
vn 0.7689 0.5462 0.3325
vn 0.4698 0.5460 -0.6937
vn 0.8524 0.3940 0.3437
vn -0.0811 0.4818 0.8725
vn -0.3008 0.2483 0.9208
vn -0.8595 0.4859 -0.1584
vn -0.3110 0.0937 -0.9458
vn 0.9693 0.1799 0.1679
vn 0.4098 0.4553 0.7904
vn -0.5383 0.4275 -0.7263
vn -0.8647 0.4460 0.2309
vn 0.9503 0.1874 -0.2485
vn 0.3762 0.4339 0.8187
vn -0.5689 0.5036 -0.6501
vn 0.3858 0.4993 -0.7758
vn -0.8961 0.4065 0.1779
vn -0.9162 0.3757 -0.1395
vn 0.3094 0.4099 -0.8581
vn -0.4309 0.5351 0.7267
vn -0.4309 0.5014 -0.7503
vn -0.3718 0.2154 0.9030
vn 0.4846 0.3072 -0.8190
vn 0.5537 0.4674 0.6892
vn -0.9883 0.1430 0.0528
vn -0.4634 0.5174 -0.7194
vn 0.5482 0.5057 0.6662
vn 0.8650 0.4853 -0.1276
vn -0.5898 0.4483 -0.6717
vn -0.9437 0.3300 0.0251
vn -0.5246 0.5282 -0.6677
vn -0.8590 0.4867 0.1593
vn 0.5891 0.4452 0.6743
vn 0.9007 0.4321 -0.0441
vn 0.3640 0.4427 0.8195
vn -0.6803 0.4509 0.5779
vn -0.8056 0.4467 -0.3892
vn 0.1243 0.4476 -0.8855
vn 0.8937 0.4345 -0.1118
vn 0.3558 0.4471 0.8207
vn -0.7116 0.4453 0.5434
vn -0.6988 0.4402 -0.5639
vn 0.2635 0.4376 -0.8597
vn 0.8865 0.4493 -0.1108
vn 0.5782 0.4446 0.6841
vn -0.3710 0.4455 0.8148
vn -0.8982 0.4396 0.0051
vn -0.2463 0.4479 -0.8595
vn 0.8207 0.4519 -0.3496
vn 0.1372 0.4412 0.8868
vn -0.8223 0.4513 0.3466
vn -0.5934 0.4480 -0.6687
vn 0.3201 0.4484 -0.8345
vn 0.8889 0.4538 0.0620
vn 0.8056 0.4467 0.3892
vn -0.1243 0.4476 0.8855
vn -0.8937 0.4345 0.1118
vn -0.3640 0.4428 -0.8194
vn 0.6803 0.4509 -0.5778
vn 0.5260 0.4418 0.7267
vn -0.3918 0.4483 0.8034
vn -0.8932 0.4485 0.0323
vn -0.5117 0.4465 -0.7340
vn 0.3632 0.4391 -0.8218
vn 0.8924 0.4432 -0.0848
vn 0.7915 0.4444 0.4196
vn -0.1939 0.4500 0.8717
vn -0.8973 0.4406 0.0268
vn -0.3190 0.4450 -0.8368
vn 0.6914 0.4461 -0.5683
vn 0.5505 0.4418 0.7083
vn -0.3811 0.4419 0.8121
vn -0.8954 0.4439 0.0342
vn -0.5160 0.4452 -0.7318
vn 0.3531 0.4442 -0.8234
vn 0.8883 0.4465 -0.1076
vn 0.0070 1.0000 -0.0003
vn -0.0006 1.0000 0.0096
vn 0.0048 0.9999 -0.0147
vn 0.0021 1.0000 0.0095
vn -0.0070 1.0000 0.0003
vn 0.0029 1.0000 -0.0005
vn -0.0022 1.0000 0.0009
vn 0.0016 1.0000 0.0009
vn 0.6422 0.7543 -0.1367
vn 0.6216 -0.4740 0.6236
vn 0.2478 0.7271 0.6402
vn -0.0716 -0.4907 0.8684
vn 0.1628 -0.7147 0.6802
vn 0.5387 -0.8333 -0.1244
vn -0.4678 0.6320 -0.6178
vn 0.6207 0.3691 -0.6917
vn 0.7684 0.6311 0.1063
vn 0.5646 0.6517 0.5064
vn 0.2702 0.6458 0.7141
vn -0.0610 0.6413 0.7649
vn -0.4214 0.6385 0.6440
vn -0.4158 0.6516 -0.6344
vn -0.7397 0.6492 -0.1771
vn 0.4386 0.4994 -0.7471
vn -0.0013 0.6542 -0.7563
vn -0.7126 0.6283 0.3122
vn 0.6568 0.6523 -0.3784
vn -0.2625 0.9644 0.0319
vn -0.5602 0.6307 -0.5370
vn 0.0164 0.9920 -0.1250
vn 0.1421 0.9898 0.0105
vn 0.6138 0.6508 0.4468
vn 0.0270 0.9639 0.2649
vn 0.4555 0.6481 -0.6103
vn -0.4648 0.6123 0.6395
vn 0.1152 0.9393 0.3232
vn 0.7879 0.5747 -0.2211
vn 0.7125 0.5424 0.4451
vn -0.5730 0.5424 0.6144
vn -0.5092 0.5278 0.6797
vn -0.6678 0.5278 -0.5248
vn 0.0226 0.8313 -0.5554
vn -0.2223 0.7077 -0.6707
vn -0.6329 -0.6646 -0.3971
vn 0.0691 -0.9719 0.2249
vn 0.1464 -0.9310 -0.3343
vn -0.7421 -0.6702 0.0138
vn 0.3524 -0.8382 0.4162
vn -0.7572 -0.4804 0.4426
vn -0.2701 -0.9164 -0.2953
vn -0.4031 -0.6589 0.6351
vn -0.0168 -0.6688 0.7433
vn 0.5627 -0.7887 -0.2478
vn -0.0880 -0.9861 -0.1407
vn 0.4028 -0.5064 0.7624
vn -0.1464 -0.9859 0.0807
vn 0.8594 -0.5094 0.0439
vn -0.2063 -0.9683 -0.1412
vn 0.6629 -0.6694 -0.3354
vn 0.2124 -0.9010 0.3784
vn 0.3899 -0.6647 -0.6373
vn -0.0974 -0.9941 0.0467
vn 0.0121 -0.6685 -0.7436
vn -0.1924 -0.9643 0.1819
vn -0.3986 -0.5047 -0.7657
vn 0.6204 -0.6767 0.3965
vn 0.3998 -0.8559 0.3279
vn -0.3980 -0.8545 -0.3338
vn 0.0869 -0.8567 -0.5085
vn -0.4794 -0.8584 0.1823
vn 0.4869 -0.8569 -0.1693
vn -0.0929 -0.8551 0.5101
vn -0.6979 -0.4696 -0.5407
vn 0.1448 -0.4675 -0.8721
vn -0.8287 -0.4678 0.3074
vn -0.1448 -0.4675 0.8721
vn 0.6979 -0.4696 0.5407
vn 0.8287 -0.4678 -0.3074
vn -0.0000 -1.0000 -0.0000
vn 0.3409 0.7541 -0.5613
vn 0.6211 0.7239 -0.3004
vn 0.7744 0.6309 -0.0472
vn 0.6064 0.7352 0.3028
vn -0.1595 -0.5173 0.8408
vn 0.3971 -0.7922 -0.4634
vn -0.8033 0.5590 -0.2054
vn 0.5300 -0.8267 0.1889
vn -0.0451 0.4467 -0.8935
vn 0.4745 0.6503 -0.5932
vn 0.6954 0.6340 -0.3385
vn 0.7687 0.6395 0.0071
vn 0.6878 0.6593 0.3038
vn 0.5131 0.6267 0.5865
vn 0.2039 0.6429 0.7383
vn -0.7453 0.6655 -0.0398
vn -0.6396 0.6740 0.3696
vn -0.6862 0.6607 -0.3041
vn -0.2000 0.6534 -0.7301
vn -0.5159 0.6407 -0.5687
vn -0.4710 0.6452 0.6016
vn -0.1502 0.6423 0.7516
vn 0.1511 0.6383 -0.7548
vn 0.0992 0.9923 -0.0742
vn 0.7595 0.6274 -0.1716
vn 0.1995 0.9683 0.1505
vn -0.1537 0.9674 0.2012
vn 0.0855 0.6039 0.7924
vn -0.7750 0.6292 0.0587
vn -0.0859 0.9908 -0.1047
vn -0.0545 0.6707 -0.7397
vn 0.3152 0.8367 -0.4479
vn 0.3170 0.7076 -0.6314
vn 0.8407 0.5278 -0.1206
vn 0.1011 0.5278 0.8433
vn -0.2401 0.9402 0.2416
vn 0.1891 0.5424 0.8186
vn -0.8396 0.5424 0.0292
vn -0.7080 0.5793 -0.4038
vn 0.5613 0.7541 0.3409
vn 0.3005 0.7240 0.6209
vn 0.0460 0.6351 0.7711
vn -0.3028 0.7353 0.6063
vn -0.7994 -0.5688 -0.1935
vn -0.6139 0.4852 -0.6227
vn 0.4803 -0.8165 0.3205
vn 0.1223 0.5754 -0.8087
vn -0.0045 -0.9713 0.2377
vn 0.9508 0.3019 -0.0690
vn 0.5932 0.6503 0.4745
vn 0.3385 0.6340 0.6954
vn -0.0071 0.6395 0.7687
vn -0.3038 0.6593 0.6878
vn -0.5861 0.6269 0.5133
vn -0.7382 0.6432 0.2033
vn 0.0362 0.6656 -0.7454
vn -0.3607 0.6610 -0.6580
vn 0.3103 0.6529 -0.6910
vn 0.7310 0.6524 -0.1998
vn 0.5639 0.6437 -0.5175
vn -0.6168 0.6417 -0.4559
vn -0.7546 0.6356 -0.1631
vn 0.7548 0.6383 0.1511
vn 0.0742 0.9923 0.0992
vn 0.1716 0.6274 0.7595
vn -0.1522 0.9682 0.1987
vn -0.7924 0.6039 0.0855
vn -0.2012 0.9674 -0.1537
vn -0.0587 0.6292 -0.7750
vn 0.1047 0.9908 -0.0859
vn 0.7397 0.6707 -0.0545
vn 0.4479 0.8367 0.3152
vn 0.6314 0.7077 0.3170
vn 0.1206 0.5278 0.8407
vn -0.8433 0.5278 0.1011
vn -0.2416 0.9402 -0.2401
vn -0.8186 0.5424 0.1891
vn -0.0292 0.5424 -0.8396
vn 0.4038 0.5793 -0.7080
vn -0.6385 0.7548 0.1502
vn -0.5026 0.7182 -0.4812
vn -0.2332 0.7373 -0.6341
vn 0.0716 -0.4907 -0.8684
vn -0.5463 -0.8194 0.1734
vn 0.4702 0.6314 0.6166
vn -0.1548 -0.7120 -0.6849
vn -0.6536 0.0502 0.7552
vn -0.7668 0.6330 -0.1069
vn -0.5672 0.6441 -0.5132
vn -0.2755 0.6431 -0.7145
vn 0.0610 0.6413 -0.7649
vn 0.4214 0.6385 -0.6440
vn 0.4159 0.6530 0.6330
vn 0.7393 0.6492 0.1786
vn -0.4399 0.4999 0.7460
vn 0.0017 0.6559 0.7548
vn 0.7123 0.6284 -0.3126
vn -0.6571 0.6521 0.3782
vn 0.2625 0.9644 -0.0319
vn 0.5602 0.6307 0.5370
vn -0.0164 0.9920 0.1250
vn -0.4555 0.6481 0.6103
vn -0.1421 0.9898 -0.0105
vn -0.6138 0.6508 -0.4468
vn -0.0270 0.9639 -0.2649
vn 0.4648 0.6123 -0.6395
vn -0.1152 0.9393 -0.3232
vn -0.7879 0.5747 0.2211
vn -0.7125 0.5424 -0.4451
vn 0.5730 0.5424 -0.6144
vn 0.5092 0.5278 -0.6798
vn 0.6678 0.5278 0.5248
vn -0.0226 0.8313 0.5554
vn 0.2223 0.7077 0.6707
vn 0.2475 -0.9684 0.0321
vn 0.8019 -0.4180 -0.4269
vn 0.0080 -0.9994 -0.0333
vn -0.0168 -0.9999 0.0040
vn 0.1957 -0.9619 -0.1910
vn 0.0256 -0.9831 -0.1814
vn -0.0634 -0.9805 0.1859
vn -0.1765 -0.9829 -0.0520
vn -0.1297 -0.9908 -0.0384
vn 0.2189 -0.9576 0.1875
vn 0.0106 -0.9995 0.0303
vn -0.0665 -0.9942 0.0841
vn -0.0703 -0.9927 0.0975
vn 0.2984 -0.7562 -0.5823
vn 0.3751 -0.8856 0.2740
vn -0.5538 -0.7726 -0.3105
vn -0.2340 -0.7796 -0.5810
vn 0.1310 -0.7944 -0.5930
vn 0.4845 -0.8031 -0.3468
vn 0.6261 -0.7797 -0.0077
vn 0.5283 -0.7934 0.3023
vn 0.2309 -0.7804 0.5810
vn -0.1539 -0.7747 0.6134
vn -0.4953 -0.7827 0.3769
vn -0.6349 -0.7726 -0.0063
vn -0.3155 -0.6601 0.6817
vn -0.7516 -0.6222 0.2189
vn 0.1675 -0.6260 -0.7616
vn 0.0452 -0.8461 0.5312
vn 0.5687 -0.6605 -0.4902
vn -0.4379 -0.8442 0.3092
vn -0.5222 -0.6244 -0.5809
vn 0.4346 -0.8491 -0.3003
vn -0.0433 -0.8464 -0.5308
vn 0.5823 -0.6446 0.4954
vn 0.7716 -0.6347 -0.0420
vn -0.4682 -0.8530 -0.2306
vn 0.4692 -0.8543 0.2237
vn 0.1300 -0.5509 0.8244
vn -0.1348 -0.9595 0.2472
vn -0.3160 -0.9404 0.1255
vn -0.2666 -0.9445 -0.1918
vn 0.0496 -0.9363 -0.3476
vn 0.1507 -0.9541 0.2589
vn 0.2460 -0.9593 0.1386
vn 0.3060 -0.9519 0.0141
vn 0.0849 -0.9464 -0.3116
vn 0.6336 -0.5913 0.4989
vn 0.2175 -0.5684 -0.7935
vn 0.4323 -0.8012 -0.4138
vn 0.6556 -0.7551 0.0003
vn 0.0553 -0.7590 0.6488
vn -0.5515 -0.5393 0.6363
vn -0.8225 -0.5626 -0.0836
vn -0.3894 -0.7605 -0.5197
vn -0.4463 -0.8796 0.1646
vn -0.5226 -0.6315 0.5728
vn -0.0723 -0.6530 0.7539
vn -0.7582 -0.6467 0.0836
vn 0.1679 -0.6257 -0.7618
vn -0.0687 -0.8959 0.4390
vn 0.5684 -0.6595 -0.4920
vn -0.5184 -0.6248 -0.5839
vn 0.2493 -0.8603 -0.4446
vn 0.4197 -0.9019 0.1016
vn 0.5280 -0.6272 0.5726
vn -0.2959 -0.8458 -0.4439
vn -0.4944 -0.8648 0.0872
vn 0.7742 -0.6317 -0.0395
vn -0.2133 -0.7887 -0.5766
vn 0.1560 -0.7741 -0.6136
vn -0.4876 -0.8531 0.1859
vn -0.1735 -0.7762 0.6061
vn 0.2225 -0.7914 0.5694
vn 0.4705 -0.7979 -0.3769
vn -0.5255 -0.7978 -0.2955
vn 0.6045 -0.7965 -0.0110
vn 0.5336 -0.7909 0.2995
vn 0.2633 -0.9646 -0.0139
vn 0.0134 -0.9993 -0.0362
vn -0.1545 -0.9770 -0.1470
vn -0.0017 -0.9991 -0.0433
vn -0.0171 -0.9968 -0.0783
vn -0.2825 -0.9584 0.0404
vn -0.0056 -0.9991 0.0428
vn 0.2156 -0.9577 0.1906
vn -0.0076 -0.9998 0.0176
vn 0.0355 -0.9981 0.0510
vn 0.4515 -0.8887 -0.0792
vn -0.3840 -0.8795 -0.2812
vn -0.4475 -0.8906 0.0808
vn 0.3839 -0.8800 0.2795
vn -0.9721 0.2211 0.0790
vn 0.1040 0.8947 -0.4344
vn 0.2129 0.6184 -0.7565
vn -0.2106 0.7509 -0.6259
vn 0.3244 0.6641 0.6736
vn 0.8139 0.5794 -0.0430
vn -0.5827 0.7808 0.2256
vn 0.5499 0.7585 -0.3497
vn -0.6788 0.6705 0.2993
vn 0.5652 0.6731 -0.4769
vn -0.2022 0.6177 0.7600
vn -0.1320 0.9031 0.4086
vn -0.1356 0.9010 0.4122
vn 0.1272 0.5780 -0.8061
vn -0.5020 0.7503 0.4302
vn -0.4511 0.8896 -0.0715
vn -0.2858 0.5772 0.7650
vn -0.4205 0.8986 -0.1251
vn -0.3297 0.6721 -0.6630
vn 0.4539 0.8909 -0.0140
vn 0.4782 0.6780 -0.5582
vn 0.6918 0.5797 0.4304
vn 0.3739 0.8971 0.2353
vn 0.0771 0.6342 0.7693
vn -0.7872 0.6163 0.0222
vn -0.7380 0.6163 -0.2748
vn -0.5719 0.6226 -0.5341
vn 0.0773 0.8938 -0.4418
vn -0.5636 0.6285 0.5360
vn -0.8016 0.5958 -0.0503
vn 0.2993 0.7567 0.5812
vn -0.7182 0.5911 -0.3671
vn -0.3857 0.7809 -0.4913
vn -0.3737 0.6200 0.6899
vn -0.1845 0.6215 0.7614
vn -0.1391 0.6249 -0.7682
vn 0.0567 0.6096 -0.7907
vn 0.1848 0.6186 -0.7636
vn 0.7190 0.6224 -0.3094
vn 0.7868 0.6168 -0.0209
vn 0.7384 0.6161 0.2743
vn 0.5829 0.6159 0.5300
vn 0.3516 0.6115 -0.7089
vn -0.1872 0.9800 0.0677
vn 0.3850 0.9220 -0.0414
vn 0.3117 0.9170 0.2490
vn -0.1326 0.9801 -0.1477
vn 0.1828 0.6786 -0.7114
vn 0.1837 -0.6832 -0.7068
vn 0.0455 -0.6884 -0.7239
vn 0.2849 -0.3444 -0.8945
vn 0.2965 0.3694 -0.8807
vn -0.0958 -0.6824 -0.7247
vn 0.1986 -0.6794 -0.7064
vn -0.1847 -0.6867 0.7031
vn -0.3114 -0.6796 0.6642
vn -0.0806 -0.8316 -0.5495
vn -0.3527 -0.6843 -0.6383
vn -0.5523 -0.5258 -0.6469
vn -0.5667 -0.6924 -0.4465
vn -0.7525 -0.5253 -0.3972
vn -0.6947 -0.6885 -0.2082
vn -0.8679 -0.4852 -0.1063
vn -0.7117 -0.7020 0.0259
vn -0.7570 -0.6377 0.1424
vn -0.7979 -0.5295 0.2882
vn -0.6121 -0.6892 0.3878
vn -0.3607 -0.8249 0.4353
vn -0.4361 -0.6803 0.5891
vn 0.1835 0.3672 -0.9119
vn 0.5304 -0.5245 -0.6660
vn 0.1757 -0.3854 -0.9059
vn 0.3818 -0.4046 -0.8310
vn -0.0516 -0.6883 0.7235
vn 0.0978 -0.6720 0.7341
vn 0.2222 -0.6813 0.6975
vn 0.3571 -0.6900 0.6296
vn 0.5555 -0.5169 0.6513
vn 0.5668 -0.6940 0.4438
vn 0.7539 -0.5223 0.3985
vn 0.6343 -0.7460 0.2028
vn 0.8936 -0.4293 0.1311
vn 0.7161 -0.6980 -0.0040
vn 0.8450 -0.5160 -0.1405
vn 0.6786 -0.6935 -0.2421
vn 0.7282 -0.5274 -0.4378
vn 0.5410 -0.6899 -0.4810
vn 0.0071 0.9999 -0.0155
vn 0.7358 0.2769 0.6180
vn 0.4731 0.2159 -0.8541
vn 0.3976 0.1953 -0.8965
vn -0.5090 0.5404 -0.6699
vn 0.6425 0.6602 -0.3890
vn 0.7178 -0.6499 -0.2499
vn -0.2285 0.8077 0.5436
vn 0.7684 0.3222 0.5530
vn -0.0583 0.5510 -0.8324
vn 0.4917 -0.6531 0.5759
vn 0.3615 0.6599 0.6587
vn -0.7797 0.5388 0.3192
vn -0.1509 0.2058 0.9669
vn -0.0677 0.2584 0.9636
vn 0.9128 0.3050 -0.2715
vn -0.0014 0.9998 0.0175
vn 0.1503 -0.7484 -0.6460
vn 0.0926 -0.7627 -0.6401
vn 0.6768 -0.5496 -0.4898
vn 0.6793 0.5465 -0.4897
vn -0.3247 0.5645 -0.7589
vn 0.2125 0.7590 -0.6154
vn 0.0800 0.7446 -0.6627
vn 0.3036 -0.8112 -0.4997
vn 0.0695 -0.9975 -0.0095
vn -0.3988 -0.3341 -0.8540
vn 0.2555 0.8537 -0.4538
vn 0.0977 0.8988 -0.4273
vn -0.4426 0.6385 -0.6296
vn -0.2885 0.9555 0.0613
vn -0.3325 0.9427 0.0268
vn -0.0779 0.9969 0.0104
vn -0.1441 0.9875 -0.0633
vn -0.2536 0.9514 -0.1747
vn -0.1337 0.9787 -0.1558
vn -0.7234 0.6086 0.3260
vn 0.1181 0.9908 -0.0658
vn -0.1403 0.8848 0.4443
vn -0.1456 -0.7230 0.6754
vn -0.7253 -0.3617 0.5858
vn -0.9089 -0.3913 -0.1439
vn -0.5564 -0.3266 -0.7640
vn 0.2679 -0.7992 -0.5380
vn -0.1398 -0.7778 -0.6127
vn 0.5435 -0.7767 -0.3183
vn 0.7272 -0.6858 -0.0273
vn 0.9213 -0.2737 0.2761
vn 0.3811 -0.7534 0.5359
vn 0.2402 -0.9548 -0.1749
vn -0.0010 -1.0000 -0.0026
vn -0.4485 -0.8058 -0.3867
vn 0.5457 -0.7681 0.3351
vn 0.6222 -0.7818 -0.0400
vn -0.4320 -0.7846 0.4447
vn -0.0318 -0.8206 0.5707
vn 0.3320 -0.7761 -0.5361
vn -0.1877 -0.8650 -0.4653
vn -0.4311 -0.8448 0.3171
vn -0.0520 -0.8106 0.5833
vn 0.5463 -0.8227 -0.1573
vn -0.0516 -0.8061 -0.5896
vn 0.0002 -1.0000 -0.0012
vn 0.5802 -0.8134 -0.0418
vn -0.4153 -0.8225 0.3887
vn -0.5597 -0.8134 -0.1585
vn -0.1082 -0.9612 -0.2536
vn -0.6030 -0.7921 -0.0946
vn -0.1507 -0.7855 0.6003
vn -0.2506 -0.9575 0.1426
vn 0.6428 -0.7656 -0.0245
vn 0.0773 -0.9619 0.2623
vn 0.5295 -0.7785 0.3369
vn -0.0145 -0.7963 0.6047
vn 0.4550 -0.8085 0.3732
vn -0.2978 -0.7955 0.5278
vn -0.5552 -0.8272 0.0865
vn 0.2508 -0.8231 -0.5096
vn -0.2984 -0.8749 -0.3814
vn -0.4720 -0.8640 0.1753
vn -0.4931 -0.8072 -0.3245
vn 0.2342 -0.8141 -0.5314
vn 0.3441 -0.8042 -0.4846
vn -0.5706 -0.8122 -0.1214
vn 0.1337 -0.9903 0.0365
vn 0.0424 -0.8405 -0.5401
vn -0.3596 -0.8122 -0.4593
vn 0.4462 -0.8368 -0.3173
vn 0.5901 -0.7891 -0.1707
vn 0.4606 -0.7946 0.3955
vn -0.0178 -0.8232 0.5675
vn 0.4186 -0.7723 0.4779
vn 0.0041 -1.0000 0.0068
vn 0.5470 -0.8264 0.1333
vn -0.3337 -0.7777 0.5327
vn -0.0027 -1.0000 0.0026
vn -0.5691 -0.8019 0.1821
vn 0.1863 -0.8664 0.4634
vn -0.0739 -0.8064 -0.5867
vn -0.4664 -0.8343 -0.2939
vn 0.5523 -0.8337 -0.0005
vn 0.3777 -0.7965 -0.4721
vn -0.0009 -1.0000 -0.0019
vn 0.4681 -0.8652 -0.1797
vn -0.5680 -0.8176 0.0940
vn 0.0180 -0.8228 -0.5681
vn 0.2965 -0.8755 0.3816
vn -0.2609 -0.8329 0.4881
vn 0.0548 -0.8069 0.5881
vn 0.4615 -0.8357 0.2979
vn 0.5683 -0.8022 -0.1831
vn 0.4298 -0.8242 0.3688
vn -0.2636 -0.8304 -0.4909
vn -0.5839 -0.8114 -0.0261
vn 0.5708 -0.8206 0.0263
vn 0.4278 -0.7935 -0.4328
vn 0.0352 -0.8229 -0.5671
vn 0.2622 -0.8339 0.4856
vn -0.4293 -0.8250 -0.3676
vn -0.2220 -0.7818 0.5826
vn -0.5435 -0.8254 0.1526
vn 0.1796 -0.7893 -0.5871
vn 0.1160 -0.8833 0.4542
vn 0.5301 -0.8475 0.0261
vn 0.2703 -0.8454 -0.4608
vn -0.4123 -0.9014 0.1325
vn -0.2680 -0.8542 -0.4455
vn -0.2409 -0.9580 0.1556
vn -0.1030 -0.8076 0.5806
vn -0.2447 -0.9582 0.1485
vn -0.5677 -0.8093 -0.1509
vn -0.1041 -0.9604 -0.2583
vn 0.2183 -0.7051 -0.6747
vn 0.4528 -0.8459 -0.2819
vn -0.0735 -0.8688 -0.4898
vn 0.0281 -0.8258 0.5632
vn 0.4768 -0.8371 0.2681
vn -0.5390 -0.8298 -0.1447
vn -0.4459 -0.8174 0.3647
vn 0.2807 -0.8348 -0.4737
vn 0.5383 -0.8425 0.0227
vn 0.1194 -0.8827 0.4546
vn -0.2739 -0.8458 -0.4579
vn -0.4125 -0.9025 0.1239
vn 0.6827 -0.6086 -0.4045
vn 0.4083 -0.6030 0.6854
vn -0.6885 -0.6099 0.3923
vn -0.3954 -0.6065 -0.6898
vn -0.0027 0.8730 0.4877
vn 0.6822 -0.4689 -0.5610
vn 0.4538 -0.3567 0.8166
vn -0.4682 -0.3540 -0.8096
vn -0.7478 -0.3683 0.5524
vn 0.3390 -0.4601 0.8206
vn 0.7329 -0.3844 -0.5614
vn -0.4714 -0.3544 -0.8076
vn -0.7441 -0.3655 0.5592
vn 0.0690 -0.6311 -0.7727
vn -0.3153 -0.6099 0.7270
vn -0.5243 -0.6017 -0.6026
vn -0.7420 -0.6602 -0.1166
vn -0.6810 -0.6338 0.3668
vn 0.3340 -0.6057 0.7222
vn 0.7617 -0.6117 0.2134
vn 0.6422 -0.6054 -0.4702
vn 0.3137 -0.6102 -0.7275
vn -0.3251 -0.6070 -0.7252
vn -0.8840 -0.3604 -0.2978
vn -0.7070 -0.4691 0.5292
vn -0.1030 -0.6451 0.7571
vn 0.5189 -0.6019 0.6070
vn 0.7438 -0.6583 0.1162
vn 0.6783 -0.6375 -0.3654
vn 0.8827 -0.4157 -0.2193
vn 0.4743 -0.3451 -0.8099
vn -0.0345 -0.3577 -0.9332
vn -0.5489 -0.6235 -0.5567
vn -0.9115 -0.4083 -0.0498
vn -0.5479 -0.4135 0.7272
vn -0.1980 -0.6767 0.7091
vn 0.1538 -0.6444 0.7491
vn 0.6704 -0.6081 0.4252
vn 0.1974 -0.4487 0.8716
vn 0.6076 -0.6635 0.4366
vn 0.6832 -0.7005 0.2063
vn 0.9224 -0.3820 0.0571
vn 0.6556 -0.3657 -0.6606
vn 0.0929 -0.4006 -0.9115
vn -0.6900 -0.4189 -0.5902
vn -0.7168 -0.6693 -0.1954
vn -0.7466 -0.6422 0.1738
vn -0.3853 -0.6092 0.6931
vn -0.8839 -0.4136 0.2182
vn -0.4738 -0.3451 0.8102
vn 0.0334 -0.3576 0.9333
vn 0.5523 -0.6210 0.5562
vn 0.9145 -0.4012 0.0533
vn 0.5667 -0.4178 -0.7102
vn 0.1943 -0.6714 -0.7152
vn -0.1464 -0.6441 -0.7508
vn -0.6706 -0.6099 -0.4223
vn -0.4316 -0.4503 0.7817
vn -0.8946 -0.4411 0.0719
vn -0.3608 -0.4513 -0.8162
vn 0.6803 -0.4458 -0.5817
vn 0.8636 -0.4480 0.2313
vn 0.3682 -0.4475 0.8150
vn -0.4421 -0.4525 0.7745
vn -0.8929 -0.4455 0.0645
vn -0.3432 -0.4548 -0.8218
vn 0.6871 -0.4420 -0.5767
vn 0.8618 -0.4504 0.2332
vn 0.3571 -0.4518 0.8175
vn -0.1974 -0.4487 -0.8716
vn -0.6076 -0.6635 -0.4366
vn -0.6832 -0.7005 -0.2063
vn -0.9224 -0.3820 -0.0571
vn -0.6556 -0.3657 0.6606
vn -0.0941 -0.4006 0.9114
vn 0.6894 -0.4189 0.5910
vn 0.6926 -0.6944 0.1953
vn 0.7454 -0.6446 -0.1700
vn 0.3783 -0.6133 -0.6934
vn -0.6212 -0.7826 0.0406
vn 0.4516 -0.8092 -0.3759
vn -0.0339 -0.9231 -0.3830
vn -0.5604 -0.7906 0.2467
vn 0.5245 -0.8208 -0.2263
vn -0.2261 -0.7660 -0.6018
vn -0.4576 -0.8046 0.3786
vn 0.0337 -0.9231 0.3830
vn 0.5578 -0.7943 -0.2407
vn -0.0040 -0.9999 -0.0098
vn -0.0039 -0.9999 -0.0099
vn -0.5245 -0.8208 0.2263
vn 0.2254 -0.7658 0.6023
vn -0.4072 -0.8799 -0.2449
vn 0.0557 -0.8819 -0.4681
vn 0.4211 -0.9061 -0.0400
vn 0.1782 -0.8810 0.4384
vn -0.3192 -0.9024 0.2894
vn -0.4800 -0.8761 -0.0448
vn -0.0671 -0.9020 -0.4264
vn 0.4575 -0.8706 -0.1807
vn 0.3823 -0.8630 0.3302
vn -0.1650 -0.8953 0.4137
vn 0.5424 -0.8398 0.0238
vn 0.2862 -0.8413 -0.4586
vn -0.2689 -0.8550 -0.4434
vn 0.1111 -0.8831 0.4559
vn -0.4135 -0.9001 0.1371
vn 0.4453 -0.8527 -0.2731
vn -0.1038 -0.8950 -0.4337
vn 0.4651 -0.8403 0.2785
vn -0.0097 -0.8398 0.5429
vn -0.4051 -0.9073 0.1129
vn -0.5424 -0.8398 -0.0238
vn -0.1111 -0.8831 -0.4558
vn -0.2856 -0.8427 0.4563
vn 0.2689 -0.8550 0.4434
vn 0.4136 -0.9000 -0.1373
vn 0.0097 -0.8398 -0.5429
vn -0.4651 -0.8403 -0.2785
vn -0.4453 -0.8527 0.2731
vn 0.1038 -0.8950 0.4337
vn 0.4051 -0.9073 -0.1129
vn -0.5494 -0.5971 0.5845
vn -0.7251 -0.6077 -0.3240
vn -0.0006 -0.6063 -0.7952
vn 0.7817 -0.5885 -0.2064
vn 0.3758 -0.6049 0.7020
vn -0.2125 -0.5997 0.7715
vn -0.7967 -0.6030 0.0414
vn -0.2506 -0.5926 -0.7655
vn 0.6924 -0.5979 -0.4039
vn 0.6209 -0.6115 0.4905
vn -0.4312 -0.4507 0.7816
vn -0.8940 -0.4424 0.0709
vn -0.3619 -0.4526 -0.8150
vn 0.6801 -0.4478 -0.5804
vn 0.8633 -0.4482 0.2322
vn 0.3689 -0.4479 0.8144
vn -0.4410 -0.4536 0.7744
vn -0.8951 -0.4422 0.0574
vn -0.3504 -0.4486 -0.8222
vn 0.6871 -0.4431 -0.5758
vn 0.8616 -0.4512 0.2327
vn 0.3570 -0.4531 0.8169
vn -0.6801 -0.4478 0.5804
vn -0.8633 -0.4482 -0.2322
vn -0.3689 -0.4479 -0.8144
vn 0.4312 -0.4507 -0.7816
vn 0.8940 -0.4424 -0.0709
vn 0.3619 -0.4526 0.8150
vn -0.6871 -0.4431 0.5758
vn -0.8616 -0.4512 -0.2327
vn -0.3570 -0.4531 -0.8169
vn 0.4410 -0.4536 -0.7744
vn 0.8951 -0.4422 -0.0574
vn 0.3504 -0.4486 0.8222
vn 0.0040 -0.9999 0.0098
vn 0.0039 -0.9999 0.0099
vn -0.1677 0.9733 0.1569
vn 0.6201 0.7661 -0.1691
vn -0.1717 0.9774 -0.1230
vn 0.0116 0.9766 -0.2148
vn -0.1400 0.9823 -0.1241
vn 0.1877 0.9738 -0.1283
vn 0.0531 0.9936 -0.1001
vn 0.0639 0.9074 -0.4155
vn -0.5400 0.7996 -0.2629
vn -0.1534 0.8575 0.4912
vn 0.2282 0.9339 0.2754
vn -0.3211 0.6735 0.6657
vn 0.5589 0.6539 -0.5100
vn 0.7590 0.6430 0.1024
vn 0.3196 0.6689 0.6711
vn -0.1461 0.7066 -0.6924
vn -0.7175 0.6234 -0.3107
vn -0.6807 0.6833 0.2641
vn -0.0792 0.9937 0.0791
vn -0.0877 0.9926 -0.0838
vn 0.0787 0.9940 -0.0757
vn 0.0878 0.9924 0.0866
vn 0.1318 0.7847 0.6058
vn 0.5550 0.7879 0.2670
vn -0.0408 0.9630 -0.2664
vn -0.6166 0.7869 0.0245
vn -0.3947 0.7897 -0.4698
vn 0.0332 0.7424 -0.6692
vn 0.3846 0.7391 -0.5531
vn 0.6431 0.7343 -0.2174
vn -0.7313 0.5828 -0.3543
vn 0.5283 0.5968 0.6039
vn -0.7072 0.6276 0.3255
vn -0.1191 0.6739 0.7292
vn 0.7925 0.6087 -0.0367
vn 0.4719 0.6289 -0.6179
vn -0.1401 0.6069 -0.7823
vn -0.0823 0.9924 -0.0912
vn -0.0650 0.6425 -0.7636
vn 0.0825 0.9939 -0.0731
vn 0.0796 0.9936 0.0802
vn 0.7703 0.6281 -0.1099
vn 0.0650 0.6425 0.7636
vn -0.0752 0.9949 0.0673
vn -0.7703 0.6281 0.1099
vn 0.6991 0.5748 0.4252
vn 0.3727 0.8013 -0.4681
vn -0.3727 0.8013 0.4681
vn -0.3465 0.7093 0.6139
vn -0.6991 0.5748 -0.4252
vn 0.3465 0.7093 -0.6139
vn -0.1087 0.8257 0.5535
vn 0.3821 0.8197 0.4268
vn -0.4980 0.8164 0.2924
vn -0.5374 0.8191 -0.2004
vn -0.2193 -0.3141 -0.9237
vn 0.5762 0.8143 -0.0703
vn 0.3176 0.8285 -0.4612
vn 0.0510 0.6789 -0.7324
vn -0.5048 0.6802 -0.5316
vn 0.1911 0.9605 0.2020
vn -0.0526 0.6772 0.7339
vn -0.4694 0.8481 0.2459
vn -0.1621 0.8341 -0.5272
vn 0.3773 0.8504 -0.3666
vn -0.0496 0.9969 -0.0614
vn -0.0047 0.9997 -0.0220
vn -0.0147 0.9999 -0.0048
vn -0.1873 0.9790 -0.0805
vn -0.1690 0.9616 -0.2161
vn 0.7291 0.6842 -0.0139
vn -0.0170 0.9998 -0.0109
vn -0.0184 0.9994 0.0301
vn 0.0022 0.9998 0.0179
vn -0.3178 0.8274 0.4630
vn -0.5762 0.8143 0.0703
vn -0.3812 0.8196 -0.4277
vn 0.0036 0.9997 0.0249
vn 0.1050 0.8238 -0.5571
vn 0.5079 0.8029 -0.3121
vn 0.5275 0.8236 0.2084
vn 0.0143 0.9999 0.0017
vn 0.0375 0.9988 0.0305
vn -0.5737 0.8167 0.0620
vn 0.0189 0.9998 0.0011
vn -0.0009 0.9998 -0.0181
vn 0.0179 0.9994 -0.0306
vn 0.0068 1.0000 -0.0051
vn 0.0043 1.0000 -0.0052
vn 0.2309 0.6779 0.6980
vn 0.2162 -0.2364 0.9473
vn 0.0902 0.8212 -0.5635
vn 0.5226 0.7916 -0.3166
vn -0.7247 0.6717 -0.1536
vn 0.5471 0.8180 0.1776
vn -0.6784 0.6756 -0.2888
vn 0.1677 0.8233 0.5422
vn -0.3872 0.8435 0.3724
vn -0.4513 0.8433 -0.2919
vn -0.5252 0.7882 0.3209
vn -0.5380 0.8218 -0.1875
vn 0.3563 0.6843 -0.6362
vn -0.0094 0.9999 0.0061
vn -0.0056 0.8272 -0.5619
vn -0.0831 0.8282 0.5542
vn 0.2222 0.6596 -0.7180
vn 0.4529 0.8414 0.2949
vn 0.4758 0.8379 -0.2676
vn -0.5630 0.8068 -0.1788
vn 0.6714 0.6739 -0.3083
vn -0.5130 0.8037 0.3014
vn 0.5931 0.6733 -0.4416
vn 0.4994 0.8115 0.3033
vn 0.4713 0.6915 -0.5474
vn -0.0905 0.8212 0.5634
vn 0.4881 0.8614 -0.1406
vn 0.2139 0.7978 -0.5638
vn -0.0088 0.9997 0.0217
vn -0.2434 0.8128 -0.5293
vn 0.4440 0.8493 0.2856
vn -0.0991 0.8246 0.5569
vn 0.7192 0.6797 0.1439
vn -0.5298 0.7774 0.3390
vn -0.1659 0.9729 0.1611
vn -0.5936 0.7635 -0.2545
vn 0.5045 0.6784 0.5341
vn 0.3921 0.6298 0.6705
vn 0.0849 0.8202 -0.5657
vn -0.2204 0.6701 0.7088
vn -0.4661 0.8405 -0.2762
vn 0.5228 0.7949 -0.3079
vn 0.5434 0.8166 0.1949
vn -0.3622 0.6810 0.6365
vn 0.0048 0.8250 0.5651
vn -0.3635 0.8279 -0.4272
vn 0.2543 0.8247 -0.5051
vn -0.4817 0.6797 0.5531
vn 0.5491 0.8305 -0.0938
vn -0.5884 0.6802 0.4372
vn 0.0159 0.7899 -0.6131
vn 0.4199 0.8163 -0.3967
vn -0.6703 0.6706 0.3177
vn 0.5401 0.8307 0.1350
vn 0.2529 0.8182 0.5163
vn -0.2032 0.8017 0.5621
vn -0.5381 0.8361 0.1070
vn -0.4055 0.8182 -0.4076
vn -0.6003 0.6713 -0.4348
vn 0.1810 0.9749 -0.1293
vn 0.1072 0.8169 0.5668
vn 0.5065 0.8266 0.2454
vn -0.3697 0.7990 0.4742
vn -0.5973 0.7985 0.0748
vn -0.4692 0.7973 -0.3796
vn -0.1083 0.8224 -0.5585
vn 0.5221 0.8395 -0.1508
vn 0.1282 0.8232 -0.5530
vn 0.3259 0.8629 0.3863
vn -0.3839 0.6520 -0.6538
vn -0.5640 0.8245 0.0471
vn -0.2610 0.8259 0.4998
vn -0.2274 0.6798 -0.6972
vn -0.3855 0.8142 -0.4341
vn 0.5625 0.8203 -0.1038
vn -0.0557 0.7977 -0.6004
vn 0.3776 0.7967 -0.4719
vn 0.0047 0.9875 0.1575
vn -0.4834 0.8013 -0.3526
vn -0.2651 0.8167 0.5125
vn -0.5801 0.8106 0.0804
vn 0.6855 0.6648 0.2969
vn 0.3800 0.7958 -0.4715
vn -0.1043 0.8184 -0.5651
vn 0.6180 0.7792 -0.1045
vn 0.4713 0.7942 0.3837
vn 0.0840 0.8080 0.5831
vn 0.0765 0.7991 0.5964
vn 0.4671 0.8019 0.3725
vn -0.4445 0.8184 0.3643
vn -0.6066 0.7882 -0.1038
vn 0.0349 0.9984 -0.0444
vn 0.0176 0.9998 -0.0014
vn 0.7092 0.6873 -0.1572
vn -0.0219 0.9992 0.0330
vn -0.0160 0.9999 0.0014
vn -0.2623 0.8322 0.4884
vn -0.5464 0.8369 0.0312
vn 0.5747 0.8163 -0.0583
vn -0.2807 0.8461 -0.4532
vn 0.2890 0.8193 -0.4952
vn 0.3065 0.8388 0.4500
vn -0.4824 0.8391 -0.2514
vn 0.6089 0.6638 0.4342
vn -0.6982 0.6908 0.1880
vn 0.7059 0.6659 0.2414
vn -0.1001 0.4351 -0.8948
vn -0.9056 0.4237 -0.0177
vn -0.8933 0.3965 0.2116
vn 0.0994 0.4379 0.8935
vn 0.2457 0.8587 0.4498
vn -0.5032 0.7730 -0.3864
vn 0.4636 0.2515 0.8496
vn 0.6297 0.2530 0.7345
vn 0.7705 0.2290 0.5949
vn 0.8935 0.1468 0.4244
vn 0.9614 0.1588 0.2248
vn 0.9873 0.1577 0.0190
vn 0.9702 0.1514 -0.1890
vn 0.9335 -0.0679 -0.3521
vn 0.8353 -0.1059 -0.5395
vn 0.7013 -0.0979 -0.7061
vn 0.5423 -0.0931 -0.8350
vn 0.3586 -0.1153 -0.9263
vn 0.1214 0.1317 -0.9838
vn -0.0879 0.1100 -0.9900
vn -0.3004 0.1298 -0.9449
vn -0.4837 0.1321 -0.8652
vn -0.6703 0.0626 -0.7394
vn -0.7873 0.2616 -0.5583
vn -0.8826 0.1936 -0.4285
vn -0.9418 0.2514 -0.2231
vn -0.9726 0.2309 -0.0274
vn -0.9571 0.2270 0.1800
vn -0.8934 0.2452 0.3765
vn -0.7951 0.2487 0.5532
vn -0.6904 0.1808 0.7005
vn -0.5032 0.2511 0.8269
vn -0.3221 0.2494 0.9133
vn -0.1288 0.2514 0.9593
vn 0.0766 0.2291 0.9704
vn 0.2826 0.2472 0.9268
vn -0.7059 0.6659 -0.2414
vn 0.7002 0.6881 -0.1906
vn 0.3177 0.8399 -0.4400
vn -0.1637 0.8256 -0.5399
vn 0.5846 0.8113 -0.0090
vn -0.5378 0.8176 -0.2056
vn -0.3235 0.8047 0.4978
vn 0.1521 0.8081 0.5690
vn 0.5403 0.7817 0.3115
vn -0.5923 0.7929 0.1429
vn -0.1280 0.6705 -0.7308
vn -0.6839 0.6599 -0.3111
vn -0.6654 0.6724 0.3241
vn -0.1315 0.6644 0.7357
vn 0.5456 0.6540 0.5241
vn 0.7214 0.6619 -0.2039
vn -0.5996 -0.6184 0.5080
vn -0.7323 -0.6132 -0.2963
vn 0.0919 -0.5956 -0.7980
vn 0.8065 -0.5911 0.0144
vn 0.1901 -0.6092 0.7699
vn -0.4144 -0.5958 0.6879
vn -0.7605 -0.6081 -0.2278
vn -0.1425 -0.6127 -0.7773
vn 0.6278 -0.6067 -0.4876
vn 0.6512 -0.5935 0.4729
vn -0.2550 -0.0012 0.9670
vn 0.3334 0.7595 0.5586
vn -0.8482 0.4711 0.2419
vn -0.5851 -0.7512 0.3057
vn 0.6095 -0.4731 0.6362
vn 0.2584 -0.0003 -0.9660
vn -0.3465 0.7528 -0.5596
vn 0.8460 0.4746 -0.2429
vn 0.5848 -0.7507 -0.3074
vn -0.6050 -0.4779 -0.6369
vn 0.8065 0.0677 -0.5874
vn -0.1067 0.0518 -0.9929
vn -0.9079 0.0546 -0.4157
vn -0.9813 -0.0336 0.1896
vn -0.8098 0.0512 0.5844
vn -0.4038 0.0464 0.9137
vn 0.1032 0.0618 0.9927
vn 0.9077 0.0637 0.4148
vn 0.6463 0.6192 -0.4459
vn -0.0630 0.6192 -0.7827
vn -0.7094 0.6192 -0.3368
vn -0.6463 0.6192 0.4459
vn 0.0630 0.6192 0.7827
vn 0.7094 0.6192 0.3368
vn 0.9930 0.0514 -0.1064
vn 0.4157 0.0543 -0.9079
vn -0.5857 0.0618 -0.8081
vn -0.9935 0.0644 0.0942
vn -0.4084 0.0678 0.9103
vn 0.5877 0.0669 0.8063
vn -0.1272 -0.2299 -0.9649
vn -0.9077 0.0637 -0.4148
vn -0.8063 0.0669 0.5877
vn 0.1067 0.0506 0.9930
vn 0.9078 0.0539 0.4160
vn 0.8098 0.0512 -0.5844
vn -0.1032 0.0618 -0.9927
vn 0.9814 -0.0476 -0.1862
vn 0.4043 0.0430 -0.9136
vn -0.9930 0.0514 0.1064
vn -0.4157 0.0543 0.9079
vn 0.5844 0.0512 0.8098
vn 0.9927 0.0618 -0.1032
vn 0.4148 0.0637 -0.9077
vn -0.5877 0.0669 -0.8063
vn 0.1862 -0.0476 0.9814
vn 0.9136 0.0430 0.4043
vn -0.4459 0.6192 -0.6463
vn -0.7827 0.6192 0.0630
vn -0.3368 0.6192 0.7094
vn 0.4459 0.6192 0.6463
vn 0.7827 0.6192 -0.0630
vn 0.3368 0.6192 -0.7094
vn 0.1518 -0.8030 0.5763
vn -0.0866 -0.9722 -0.2174
vn -0.1740 -0.9790 -0.1058
vn 0.4750 -0.0283 0.8795
vn -0.5330 -0.8150 -0.2274
vn 0.1740 -0.9790 0.1058
vn -0.0847 -0.8196 0.5667
vn 0.0054 -0.9596 -0.2813
vn -0.2852 -0.8141 0.5059
vn 0.1197 -0.9822 -0.1448
vn -0.1518 -0.8030 -0.5763
vn 0.0866 -0.9722 0.2174
vn -0.4750 -0.0283 -0.8795
vn -0.4363 -0.8235 0.3626
vn -0.5495 -0.8141 0.1878
vn 0.1805 -0.9829 -0.0370
vn -0.5729 -0.8194 -0.0195
vn 0.5330 -0.8150 0.2274
vn 0.0847 -0.8196 -0.5667
vn -0.0054 -0.9596 0.2813
vn 0.2852 -0.8141 -0.5059
vn -0.1197 -0.9822 0.1448
vn 0.4363 -0.8235 -0.3626
vn 0.5495 -0.8141 -0.1878
vn -0.1805 -0.9829 0.0370
vn 0.5729 -0.8194 0.0195
vn -0.5134 0.2853 -0.8093
vn -0.0812 0.1828 -0.9798
vn 0.3017 0.2091 -0.9302
vn 0.6128 0.2096 -0.7619
vn 0.8439 0.2093 -0.4940
vn 0.9644 0.2093 -0.1617
vn 0.9588 0.2091 0.1922
vn 0.7737 0.2049 0.5995
vn 0.5134 0.2853 0.8093
vn 0.0812 0.1828 0.9798
vn -0.3017 0.2091 0.9302
vn -0.6128 0.2096 0.7619
vn -0.8439 0.2093 0.4940
vn -0.9644 0.2093 0.1617
vn -0.9588 0.2091 -0.1922
vn -0.7737 0.2049 -0.5995
vn -0.5482 0.4356 -0.7140
vn 0.2700 0.5178 -0.8118
vn 0.7282 0.5348 -0.4285
vn 0.7630 0.6384 0.1011
vn 0.5482 0.4356 0.7140
vn -0.2700 0.5178 0.8118
vn -0.7282 0.5348 0.4285
vn -0.7630 0.6384 -0.1011
vn 0.0387 0.9983 -0.0435
vn 0.1185 -0.9387 0.3238
vn -0.1800 0.9764 -0.1196
vn 0.6392 -0.7397 0.2102
vn -0.2030 0.9766 0.0717
vn 0.4643 -0.8169 -0.3422
vn -0.1434 0.9409 0.3069
vn 0.1735 -0.8945 -0.4121
vn -0.3837 -0.9206 0.0726
vn 0.3314 0.9381 0.1008
vn 0.0449 0.9789 0.1995
vn -0.1387 -0.9675 -0.2114
vn 0.3487 0.9258 0.1461
vn 0.2339 0.9583 -0.1642
vn -0.3970 -0.6045 0.6907
vn 0.2608 0.9352 -0.2394
vn -0.8243 0.2196 0.5219
vn -0.7347 0.1744 0.6556
vn 0.0118 0.1934 0.9810
vn 0.5079 0.4304 0.7462
vn 0.8128 0.2160 0.5410
vn 0.9366 0.3211 -0.1402
vn 0.9146 0.2316 -0.3315
vn 0.4165 0.2008 -0.8867
vn -0.2660 0.2367 -0.9345
vn -0.7272 0.4003 -0.5576
vn -0.9338 0.2775 -0.2257
vn 0.6160 0.4441 0.6506
vn 0.9013 0.4332 0.0091
vn 0.7222 -0.6077 -0.3304
vn 0.5270 0.4300 -0.7331
vn -0.0949 -0.6132 -0.7842
vn -0.7026 -0.6243 -0.3417
vn -0.7793 0.4488 -0.4374
vn -0.1296 0.4296 -0.8937
vn -0.8185 0.4507 0.3562
vn -0.6530 -0.6198 0.4353
vn -0.1898 0.4574 0.8688
vn 0.3171 -0.6075 0.7283
vn -0.0025 1.0000 0.0029
vn -0.0078 -0.5160 0.8566
vn 0.2781 0.7373 0.6157
vn 0.7774 -0.6286 -0.0250
vn 0.4078 -0.6379 -0.6533
vn 0.4259 0.6403 -0.6392
vn 0.6292 -0.6811 -0.3743
vn 0.6441 0.6805 -0.3494
vn -0.7112 -0.5479 -0.4405
vn -0.7038 0.5436 -0.4574
vn -0.5793 -0.7379 0.3463
vn -0.5879 0.7370 0.3335
vn 0.5072 -0.6403 -0.5768
vn 0.5255 0.6379 -0.5630
vn 0.6239 -0.5436 0.5614
vn 0.6096 0.5479 0.5729
vn -0.6667 -0.7373 -0.1093
vn -0.1771 0.6286 -0.7573
vn 0.1707 -0.6805 -0.7126
vn 0.1987 0.6811 -0.7047
vn -0.8254 0.5160 0.2292
vn -0.1700 -0.7370 0.6542
vn -0.1845 0.7379 0.6492
vn -0.0492 -0.6403 -0.7665
vn -0.0265 0.6379 -0.7697
vn 0.8380 -0.5439 -0.0440
vn 0.8361 0.5479 -0.0261
vn -0.6908 -0.6266 -0.3608
vn -0.6748 0.6298 -0.3847
vn -0.3781 -0.6807 -0.6274
vn -0.3581 0.6811 -0.6387
vn -0.3864 -0.5483 0.7417
vn -0.4031 0.5494 0.7319
vn 0.3485 -0.7386 0.5771
vn 0.3301 0.7382 0.5884
vn 0.0078 -0.5160 -0.8566
vn -0.2781 0.7373 -0.6157
vn -0.7774 -0.6286 0.0250
vn -0.4078 -0.6379 0.6533
vn -0.4259 0.6403 0.6392
vn -0.6292 -0.6811 0.3743
vn -0.6441 0.6805 0.3494
vn 0.7112 -0.5479 0.4405
vn 0.7038 0.5436 0.4574
vn 0.5793 -0.7379 -0.3463
vn 0.5879 0.7370 -0.3335
vn -0.5072 -0.6403 0.5768
vn -0.5255 0.6379 0.5630
vn -0.6239 -0.5436 -0.5614
vn -0.6096 0.5479 -0.5729
vn 0.6667 -0.7373 0.1093
vn 0.1771 0.6286 0.7573
vn -0.1707 -0.6805 0.7126
vn -0.1987 0.6811 0.7047
vn 0.8254 0.5160 -0.2292
vn 0.1700 -0.7370 -0.6542
vn 0.1845 0.7379 -0.6492
vn 0.7855 -0.6079 0.1162
vn 0.8901 0.4502 0.0707
vn 0.5605 0.4433 -0.6995
vn 0.4638 -0.6132 -0.6394
vn -0.3619 0.4483 -0.8173
vn -0.7855 -0.6079 -0.1162
vn -0.2603 -0.6201 -0.7401
vn -0.8901 0.4502 -0.0707
vn -0.5605 0.4433 0.6995
vn -0.4638 -0.6132 0.6394
vn 0.3619 0.4483 0.8173
vn 0.2603 -0.6201 0.7401
vn -0.0000 1.0000 -0.0000
vn -0.5463 -0.6298 -0.5523
vn -0.5273 0.6266 -0.5739
vn 0.6027 -0.5491 -0.5790
vn 0.6165 0.5483 -0.5650
vn -0.7503 -0.6379 0.1736
vn -0.7532 0.6403 0.1508
vn -0.7096 -0.6811 -0.1806
vn -0.7039 0.6807 -0.2028
vn 0.1914 -0.5479 0.8144
vn 0.1742 0.5436 0.8211
vn 0.6543 -0.7380 0.1651
vn 0.6473 0.7385 0.1887
vn 0.5938 0.4499 0.6671
vn 0.5592 -0.6247 0.5449
vn 0.8879 0.4500 -0.0953
vn 0.7706 -0.6182 -0.1549
vn 0.3567 0.4470 -0.8203
vn 0.2397 -0.6120 -0.7536
vn -0.6185 0.4475 -0.6459
vn -0.6124 -0.6052 -0.5086
vn -0.8398 0.4476 0.3071
vn -0.7117 -0.6164 0.3368
vn -0.1885 0.4512 0.8723
vn -0.1006 -0.6222 0.7764
vn -0.0037 1.0000 -0.0061
vn 0.8859 0.4591 -0.0659
vn 0.5488 0.5335 -0.6435
vn 0.1788 0.9156 -0.3602
vn -0.1960 0.5130 -0.8357
vn 0.0174 0.9832 0.1816
vn -0.7445 0.5152 -0.4246
vn -0.7719 0.5380 0.3386
vn -0.0538 0.9826 0.1779
vn -0.1269 0.5303 0.8382
vn -0.0917 0.9593 0.2669
vn 0.5886 0.5187 0.6201
vn -0.1925 0.9774 -0.0871
vn -0.0908 -0.8856 -0.4555
vn -0.0058 -0.9998 0.0200
vn 0.4800 -0.8264 -0.2944
vn -0.4856 -0.5498 0.6796
vn -0.5491 -0.8340 -0.0542
vn 0.7431 -0.5533 0.3764
vn -0.4830 -0.6406 0.5969
vn -0.7882 -0.5473 -0.2814
vn -0.1960 -0.5359 -0.8212
vn 0.5273 -0.5289 -0.6650
vn 0.7326 -0.6021 0.3174
vn -0.5882 -0.2556 0.7673
vn -0.9643 0.2413 0.1088
vn 0.3756 0.1055 -0.9208
vn 0.6470 0.1919 -0.7380
vn -0.0344 0.2642 -0.9639
vn -0.5326 0.3450 -0.7729
vn -0.6726 -0.0386 -0.7390
vn -0.9655 0.2604 0.0080
vn 0.9863 -0.0491 -0.1576
vn 0.9116 0.3425 -0.2272
vn 0.7701 -0.2325 0.5940
vn 0.0843 0.2639 0.9609
vn -0.0446 0.2082 0.9771
vn 0.6601 -0.1215 0.7413
vn -0.7326 -0.1393 0.6663
vn -0.5998 -0.3875 -0.7000
vn 0.9246 -0.3761 0.0607
vn 0.0793 0.8676 0.4909
vn -0.4244 0.2496 -0.8704
vn -0.0301 0.9914 -0.1273
vn -0.8803 0.4693 0.0690
vn 0.2471 0.9514 -0.1838
vn -0.5538 0.4789 0.6811
vn -0.0180 0.9500 -0.3116
vn 0.1861 0.4660 0.8650
vn -0.5157 0.8432 -0.1522
vn 0.9182 0.2667 0.2928
vn -0.4459 0.8387 0.3126
vn 0.6099 0.2680 -0.7458
vn -0.0933 -0.9559 -0.2786
vn -0.6166 -0.5673 -0.5458
vn -0.4719 -0.5916 0.6537
vn -0.0923 -0.9012 -0.4234
vn 0.2928 -0.1013 -0.9508
vn 0.7144 -0.5711 0.4043
vn 0.1370 -0.5305 0.8366
vn 0.7546 -0.5401 0.3727
vn 0.2045 -0.5577 -0.8044
vn -0.5374 -0.5532 -0.6366
vn -0.4736 -0.6279 0.6176
vn -0.5824 0.2337 0.7786
vn -0.3895 0.1852 0.9022
vn -0.8395 0.2989 0.4539
vn -0.9738 0.1741 0.1463
vn -0.9513 0.2411 -0.1923
vn -0.6315 -0.2472 -0.7349
vn -0.0864 0.1355 -0.9870
vn 0.0689 0.1689 -0.9832
vn 0.7884 -0.0489 -0.6132
vn 0.4882 0.2006 -0.8494
vn -0.0297 0.3149 0.9487
vn 0.5947 0.1722 0.7853
vn 0.3991 0.2301 0.8876
vn 0.8721 0.3416 0.3503
vn 0.9916 0.1084 -0.0699
vn 0.7941 -0.3694 0.4826
vn -0.7594 -0.1248 -0.6386
vn 0.1532 -0.1284 -0.9798
vn 0.9068 -0.1480 -0.3948
vn -0.6027 -0.3214 -0.7304
vn 0.9803 -0.0250 -0.1958
vn 0.5385 -0.2895 -0.7914
vn 0.2079 0.4771 0.8539
vn 0.9230 0.2631 0.2809
vn -0.3633 0.9248 -0.1126
vn -0.3940 0.8800 0.2653
vn 0.6094 0.2679 -0.7462
vn 0.1046 0.8383 0.5351
vn -0.4235 0.2490 -0.8710
vn 0.0068 0.9998 0.0180
vn -0.8713 0.4895 0.0358
vn 0.0601 0.9922 -0.1090
vn -0.5312 0.4933 0.6888
vn -0.0678 0.9798 -0.1880
vn 0.1936 -0.9804 0.0374
vn 0.0291 -0.9964 0.0797
vn 0.0125 -0.9958 -0.0912
vn -0.1400 -0.8038 0.5781
vn -0.2967 -0.7519 0.5887
vn 0.2518 -0.9351 -0.2492
vn -0.3673 -0.5296 0.7646
vn -0.7847 -0.6078 -0.1213
vn -0.5495 -0.4822 -0.6823
vn 0.1735 -0.5306 -0.8297
vn 0.7522 -0.5351 -0.3846
vn 0.7704 -0.5337 0.3488
vn -0.5853 0.2355 0.7759
vn -0.8379 0.2992 0.4565
vn -0.9503 0.2439 -0.1938
vn -0.0216 0.3111 0.9501
vn 0.3927 0.2263 0.8914
vn 0.8721 0.3442 0.3478
vn 0.9917 0.1084 -0.0699
vn 0.7941 -0.3692 0.4828
vn 0.9069 -0.1476 -0.3947
vn 0.5384 -0.2893 -0.7915
vn 0.9804 -0.0250 -0.1956
vn 0.3796 0.4989 0.7791
vn 0.3590 0.9310 0.0668
vn 0.9617 0.2456 -0.1216
vn -0.3565 0.9343 0.0049
vn 0.1448 0.5042 -0.8514
vn 0.0367 0.9784 0.2035
vn -0.6793 0.2756 -0.6801
vn -0.4044 0.8914 0.2046
vn -0.7772 0.5347 0.3318
vn 0.0248 0.9728 -0.2301
vn -0.1680 0.4921 0.8542
vn -0.7787 -0.5926 -0.2063
vn -0.2597 -0.9512 -0.1668
vn -0.5193 -0.5510 0.6533
vn -0.0407 -0.9928 -0.1131
vn -0.1582 -0.9836 0.0864
vn 0.2782 -0.8524 0.4428
vn -0.0832 -0.9869 -0.1385
vn 0.7676 -0.5137 -0.3833
vn 0.7646 -0.5347 0.3598
vn -0.1180 -0.6123 0.7818
vn -0.5321 -0.5536 -0.6406
vn 0.1977 -0.5193 -0.8314
vn -0.4062 0.2463 0.8800
vn -0.5418 0.2476 0.8032
vn -0.9895 -0.0434 0.1382
vn -0.9375 0.3450 0.0464
vn -0.6202 -0.2375 -0.7476
vn -0.1247 0.1107 -0.9860
vn 0.3417 0.0992 -0.9346
vn 0.7804 -0.2725 -0.5628
vn 0.9836 0.1599 -0.0832
vn 0.9716 -0.0696 0.2260
vn 0.8056 0.4040 0.4334
vn 0.5332 -0.1372 0.8348
vn 0.2614 0.3482 0.9002
vn 0.8768 0.1479 0.4575
vn -0.8282 -0.3168 -0.4624
vn 0.8364 -0.0735 -0.5432
vn 0.7941 -0.3266 0.5125
vn 0.1980 -0.1821 0.9631
vn -0.9030 -0.4243 0.0671
vn -0.5906 -0.3639 -0.7203
vn 0.8562 -0.3438 -0.3856
vn 0.0926 -0.3936 -0.9146
vn 0.8303 0.4776 0.2874
vn -0.3014 0.8922 -0.3362
vn 0.6308 0.2009 0.7495
vn 0.0762 0.9694 -0.2334
vn -0.3515 0.5179 0.7799
vn -0.7716 0.5488 0.3216
vn 0.0280 0.9949 -0.0972
vn -0.7807 0.5044 -0.3690
vn -0.1361 0.9877 -0.0766
vn -0.1274 0.5084 -0.8516
vn 0.0585 0.9898 -0.1302
vn 0.6766 0.5242 -0.5171
vn -0.0327 0.9877 0.1528
vn -0.9101 0.2013 -0.3623
vn -0.7730 0.2520 -0.5823
vn -0.9538 0.2996 -0.0247
vn -0.7771 0.1824 0.6023
vn -0.8872 0.2569 0.3831
vn -0.4945 0.3022 0.8150
vn -0.1240 0.0983 0.9874
vn 0.6362 0.1898 0.7478
vn 0.3553 0.2601 0.8978
vn 0.8163 0.2968 0.4956
vn 0.9813 0.1630 -0.1025
vn 0.9581 0.2604 0.1196
vn 0.8311 0.3052 -0.4649
vn 0.5880 0.0481 -0.8074
vn -0.2008 0.1755 -0.9638
vn 0.1414 0.2618 -0.9547
vn -0.4617 0.2947 -0.8366
vn 0.1123 -0.0507 0.9924
vn 0.6176 -0.6279 0.4736
vn 0.8396 -0.5320 -0.1098
vn 0.5058 -0.8487 -0.1544
vn 0.1296 -0.6300 -0.7657
vn -0.8104 -0.5859 -0.0056
vn 0.1902 -0.6114 -0.7681
vn -0.8446 -0.5310 0.0682
vn -0.4940 -0.5998 0.6294
vn 0.6864 -0.5803 0.4383
vn -0.5458 -0.5673 0.6166
vn -0.3752 -0.9269 0.0108
vn 0.3314 -0.9394 -0.0883
vn 0.7442 0.4492 0.4944
vn 0.7241 -0.6006 0.3391
vn 0.7341 0.4519 -0.5069
vn 0.5565 -0.6193 -0.5539
vn -0.0507 0.4556 -0.8887
vn -0.4287 -0.6088 -0.6675
vn -0.7918 0.4495 -0.4136
vn -0.7348 -0.6154 0.2853
vn -0.8116 0.4536 0.3681
vn -0.1483 0.4455 0.8829
vn -0.0622 -0.6140 0.7868
vn 0.0070 1.0000 0.0019
vn 0.0583 -0.6361 0.7694
vn -0.6104 0.7377 0.2884
vn -0.8579 -0.5132 0.0235
vn 0.7012 -0.6234 0.3459
vn 0.6773 0.6290 0.3816
vn 0.3781 -0.6807 0.6275
vn 0.3530 0.6807 0.6419
vn 0.3857 -0.5463 -0.7435
vn 0.4207 0.5574 -0.7158
vn -0.3230 -0.7352 -0.5959
vn -0.3242 0.7304 -0.6011
vn 0.0611 0.5018 -0.8628
vn -0.8593 0.2401 -0.4516
vn 0.4033 0.8812 0.2466
vn 0.3879 0.8940 -0.2242
vn -0.5740 0.2254 0.7872
vn 0.1366 0.9894 -0.0485
vn -0.0722 0.3876 0.9190
vn 0.6082 0.5649 0.5577
vn -0.2528 -0.9584 -0.1323
vn 0.7199 0.5934 -0.3600
vn 0.0409 0.9934 0.1073
vn 0.8396 0.0033 0.5432
vn 0.4018 0.5735 0.7139
vn 0.0412 0.0384 0.9984
vn -0.6374 0.0055 0.7705
vn -0.9883 -0.0361 0.1481
vn -0.6403 -0.2319 -0.7323
vn -0.9382 0.3436 0.0421
vn -0.1684 0.1774 -0.9696
vn 0.0147 0.1937 -0.9810
vn 0.5858 -0.2613 -0.7672
vn 0.9689 -0.2460 -0.0257
vn -0.6886 -0.3827 -0.6159
vn -0.9343 -0.0241 0.3557
vn 0.9513 0.2824 0.1239
vn -0.1828 -0.5067 -0.8425
vn -0.7415 -0.5837 -0.3309
vn 0.5267 -0.5256 -0.6681
vn 0.5451 -0.8368 0.0514
vn 0.7628 -0.5079 0.4002
vn -0.2095 -0.5511 0.8077
vn -0.7703 -0.6063 -0.1977
vn 0.1169 -0.5169 0.8480
vn -0.9118 -0.4075 0.0502
vn -0.6570 -0.3304 -0.6776
vn 0.9558 -0.2495 -0.1556
vn 0.6092 -0.2913 -0.7376
vn -0.1596 -0.9643 0.2115
vn -0.3025 -0.9088 -0.2876
vn -0.0777 -0.9266 -0.3679
vn -0.0921 -0.9927 0.0779
vn 0.7358 0.4509 0.5053
vn 0.7058 -0.6035 0.3709
vn 0.7483 0.4469 -0.4903
vn 0.6149 -0.6129 -0.4962
vn -0.0643 0.4503 -0.8905
vn -0.1264 -0.6189 -0.7752
vn -0.7714 0.4505 -0.4494
vn -0.7027 -0.6246 -0.3408
vn -0.8188 0.4508 0.3556
vn -0.6756 -0.6194 0.3999
vn -0.1369 0.4529 0.8810
vn -0.0234 -0.6204 0.7840
vn 0.0070 1.0000 0.0006
vn -0.7578 0.2280 0.6114
vn 0.4759 0.8491 -0.2293
vn -0.4107 0.7647 0.4966
vn 0.7006 0.2977 0.6485
vn -0.4683 0.8703 -0.1526
vn 0.7655 0.2692 -0.5844
vn -0.3463 0.8701 0.3506
vn 0.1228 0.9020 0.4139
vn -0.2736 0.3203 -0.9069
vn -0.7545 0.5241 -0.3951
vn 0.2906 0.9519 -0.0968
vn 0.9068 -0.0350 0.4202
vn 0.8501 0.3892 0.3547
vn 0.4407 0.4371 0.7840
vn 0.0259 0.0332 0.9991
vn -0.5585 -0.2764 0.7821
vn -0.9627 0.2482 0.1074
vn -0.5757 0.3691 -0.7296
vn -0.6806 -0.0455 -0.7313
vn -0.9593 0.2807 0.0314
vn 0.1967 -0.0523 -0.9791
vn 0.2628 0.3780 -0.8877
vn 0.8798 -0.0236 -0.4748
vn 0.8527 0.3909 -0.3466
vn 0.8255 -0.3711 0.4251
vn -0.8776 -0.3393 0.3388
vn 0.0218 -0.2983 -0.9542
vn 0.8380 -0.3925 -0.3790
vn -0.5496 -0.4989 -0.6701
vn 0.2152 -0.4986 -0.8397
vn 0.7749 -0.4886 -0.4010
vn 0.7953 -0.5006 0.3420
vn -0.4784 -0.7287 -0.4901
vn -0.6252 -0.6014 0.4975
vn 0.6627 -0.5324 0.5267
vn -0.6173 -0.5303 0.5812
vn 0.8475 -0.4211 0.3231
vn -0.7199 -0.1102 0.6853
vn -0.5469 -0.4226 -0.7227
vn 0.7775 -0.4429 -0.4464
vn 0.1283 -0.4439 -0.8868
vn -0.3914 -0.9150 -0.0975
vn 0.1794 -0.9198 0.3489
vn -0.2608 -0.9470 0.1876
vn -0.1510 -0.9592 0.2389
vn 0.6176 0.4405 0.6516
vn 0.9024 0.4308 0.0116
vn 0.7239 -0.6079 -0.3262
vn -0.0949 -0.6134 -0.7840
vn -0.6995 -0.6246 -0.3473
vn -0.7784 0.4484 -0.4394
vn -0.8228 0.4509 0.3459
vn -0.6710 -0.6221 0.4034
vn -0.2099 0.4524 0.8667
vn 0.2922 -0.6074 0.7387
vn -0.0020 1.0000 0.0034
vn -0.8303 0.4776 -0.2874
vn 0.3014 0.8922 0.3362
vn -0.6308 0.2009 -0.7495
vn -0.0762 0.9694 0.2334
vn 0.3515 0.5179 -0.7799
vn 0.7716 0.5488 -0.3216
vn -0.0280 0.9949 0.0972
vn 0.7807 0.5044 0.3690
vn 0.1361 0.9877 0.0766
vn 0.1274 0.5084 0.8516
vn -0.0585 0.9898 0.1302
vn -0.6766 0.5242 0.5171
vn 0.0327 0.9877 -0.1528
vn -0.6362 0.1898 -0.7478
vn -0.8163 0.2968 -0.4956
vn -0.9813 0.1630 0.1025
vn -0.9581 0.2604 -0.1196
vn -0.8311 0.3052 0.4649
vn -0.5880 0.0481 0.8074
vn 0.2008 0.1755 0.9638
vn -0.1414 0.2618 0.9547
vn 0.4617 0.2947 0.8366
vn 0.9101 0.2013 0.3623
vn 0.7730 0.2520 0.5823
vn 0.9538 0.2996 0.0247
vn 0.7771 0.1824 -0.6023
vn 0.8872 0.2569 -0.3831
vn 0.4945 0.3022 -0.8150
vn 0.1240 0.0983 -0.9874
vn -0.3553 0.2601 -0.8978
vn -0.1123 -0.0507 -0.9924
vn -0.1902 -0.6114 0.7681
vn 0.8446 -0.5310 -0.0682
vn 0.4940 -0.5998 -0.6294
vn -0.6864 -0.5803 -0.4383
vn 0.5458 -0.5673 -0.6166
vn -0.6176 -0.6279 -0.4736
vn -0.8396 -0.5320 0.1098
vn -0.5058 -0.8487 0.1544
vn -0.1296 -0.6300 0.7657
vn 0.8104 -0.5859 0.0056
vn 0.3752 -0.9269 -0.0108
vn -0.3314 -0.9394 0.0883
vn -0.0621 -0.6140 0.7868
vn 0.5114 -0.8337 0.2084
vn -0.2921 0.9460 -0.1403
vn -0.1969 0.9494 0.2446
vn 0.4381 -0.8319 -0.3405
vn -0.0455 0.9427 0.3305
vn -0.0795 -0.8326 -0.5481
vn 0.2921 0.9460 0.1403
vn -0.5114 -0.8337 -0.2084
vn 0.1970 0.9494 -0.2446
vn -0.4381 -0.8320 0.3405
vn 0.0455 0.9427 -0.3305
vn 0.0795 -0.8326 0.5481
vn -0.1907 -0.6041 -0.7737
vn -0.7672 -0.6128 -0.1894
vn -0.5747 -0.6151 0.5398
vn 0.1907 -0.6041 0.7737
vn 0.7672 -0.6128 0.1894
vn 0.5747 -0.6151 -0.5398
vn -0.5722 -0.7919 0.2133
vn -0.0178 0.8751 -0.4836
vn -0.2017 -0.8135 0.5455
vn 0.2006 0.9512 -0.2345
vn 0.3379 -0.8083 0.4822
vn -0.2115 0.9541 -0.2123
vn 0.6209 -0.7747 0.1202
vn -0.0637 0.9442 0.3231
vn 0.5464 -0.7951 -0.2632
vn 0.0302 -0.8619 -0.5062
vn -0.3701 0.8624 0.3453
vn 0.3651 0.9302 -0.0384
vn -0.4885 -0.8346 -0.2546
vn 0.0622 -0.6324 -0.7722
vn -0.4407 -0.6418 -0.6276
vn -0.7709 -0.6204 -0.1441
vn -0.5940 -0.6176 0.5155
vn -0.0622 -0.6324 0.7722
vn 0.4407 -0.6418 0.6276
vn 0.7709 -0.6204 0.1441
vn 0.5940 -0.6176 -0.5155
vn 0.1384 -0.8349 -0.5327
vn -0.0928 0.9699 0.2253
vn -0.1819 0.9189 0.3501
vn -0.5344 0.7827 -0.3192
vn 0.6757 -0.7218 -0.1501
vn 0.2544 -0.6977 0.6697
vn -0.5739 0.8072 0.1380
vn -0.4199 -0.8080 0.4133
vn -0.5002 0.6494 -0.5728
vn 0.0798 -0.8101 0.5808
vn 0.2109 0.9119 -0.3521
vn -0.3677 0.8885 0.2747
vn 0.4696 -0.7924 0.3893
vn 0.5529 -0.8245 -0.1204
vn -0.1999 0.9772 0.0721
vn 0.7431 0.6228 0.2448
vn 0.6839 0.6375 -0.3547
vn 0.0082 -0.6314 -0.7754
vn -0.5702 -0.6293 -0.5281
vn -0.7681 -0.6403 0.0061
vn -0.5745 -0.6264 0.5269
vn -0.0314 -0.6307 0.7754
vn 0.6004 -0.6277 -0.4954
vn 0.7860 0.0028 0.6182
vn -0.2498 -0.9467 -0.2036
vn 0.8974 0.0028 0.4412
vn -0.2867 -0.9467 -0.1472
vn 0.9695 0.0028 0.2450
vn -0.3110 -0.9467 -0.0843
vn 0.9993 0.0028 0.0381
vn -0.3218 -0.9467 -0.0178
vn 0.9854 0.0028 -0.1705
vn -0.3184 -0.9467 0.0495
vn 0.9284 0.0028 -0.3716
vn -0.3012 -0.9466 0.1146
vn 0.8308 0.0028 -0.5565
vn -0.2708 -0.9467 0.1747
vn 0.6969 0.0028 -0.7171
vn -0.2286 -0.9466 0.2272
vn 0.5326 0.0028 -0.8464
vn -0.1763 -0.9467 0.2697
vn 0.3450 0.0028 -0.9386
vn -0.1164 -0.9467 0.3005
vn 0.1423 0.0028 -0.9898
vn -0.0514 -0.9466 0.3181
vn -0.0666 0.0028 -0.9978
vn 0.0159 -0.9467 0.3219
vn -0.2726 0.0028 -0.9621
vn 0.0825 -0.9466 0.3115
vn -0.4666 0.0028 -0.8844
vn 0.1454 -0.9467 0.2876
vn -0.6403 0.0028 -0.7681
vn 0.2498 -0.9467 0.2036
vn -0.7860 0.0028 -0.6182
vn 0.2021 -0.9466 0.2511
vn -0.8974 0.0028 -0.4412
vn 0.2867 -0.9467 0.1472
vn -0.9695 0.0028 -0.2450
vn 0.3110 -0.9467 0.0843
vn -0.9993 0.0028 -0.0381
vn 0.3218 -0.9467 0.0178
vn -0.9854 0.0028 0.1705
vn 0.3184 -0.9467 -0.0495
vn -0.9284 0.0028 0.3716
vn 0.3012 -0.9466 -0.1146
vn -0.8308 0.0028 0.5565
vn 0.2708 -0.9467 -0.1747
vn -0.6969 0.0028 0.7171
vn 0.2286 -0.9466 -0.2272
vn -0.5326 0.0028 0.8464
vn 0.1763 -0.9467 -0.2697
vn -0.3450 0.0028 0.9386
vn 0.1164 -0.9467 -0.3005
vn -0.1423 0.0028 0.9898
vn 0.0514 -0.9466 -0.3181
vn 0.0666 0.0028 0.9978
vn -0.0159 -0.9467 -0.3219
vn 0.2726 0.0028 0.9621
vn -0.0825 -0.9466 -0.3115
vn 0.4666 0.0028 0.8844
vn -0.1454 -0.9467 -0.2876
vn 0.6403 0.0028 0.7681
vn -0.2021 -0.9466 -0.2511
vn 0.2460 0.9479 0.2022
vn 0.1986 0.9479 0.2489
vn 0.1425 0.9479 0.2848
vn 0.0802 0.9479 0.3082
vn 0.0144 0.9479 0.3181
vn -0.0521 0.9479 0.3142
vn -0.1162 0.9479 0.2965
vn -0.1753 0.9479 0.2658
vn -0.2268 0.9479 0.2236
vn -0.2683 0.9479 0.1715
vn -0.2981 0.9479 0.1120
vn -0.3149 0.9479 0.0476
vn -0.3179 0.9479 -0.0189
vn -0.3070 0.9479 -0.0846
vn -0.2827 0.9479 -0.1466
vn -0.2460 0.9479 -0.2022
vn -0.1986 0.9479 -0.2489
vn -0.1425 0.9479 -0.2848
vn -0.0802 0.9479 -0.3082
vn -0.0144 0.9479 -0.3181
vn 0.0521 0.9479 -0.3142
vn 0.1162 0.9479 -0.2965
vn 0.1753 0.9479 -0.2658
vn 0.2268 0.9479 -0.2236
vn 0.2683 0.9479 -0.1715
vn 0.2981 0.9479 -0.1120
vn 0.3149 0.9479 -0.0476
vn 0.3179 0.9479 0.0189
vn 0.3070 0.9479 0.0846
vn 0.2827 0.9479 0.1466
vn 0.0465 0.9936 -0.1025
vn 0.6093 -0.7863 -0.1024
vn 0.0771 0.9749 -0.2090
vn -0.1702 0.9719 -0.1627
vn -0.3935 -0.8530 -0.3428
vn 0.2674 -0.9340 -0.2371
vn -0.0907 0.9735 0.2100
vn 0.0637 -0.9080 -0.4140
vn -0.1875 -0.8118 -0.5530
vn -0.0457 0.9940 0.0996
vn -0.6101 -0.7856 0.1028
vn -0.2657 -0.9348 0.2356
vn 0.0965 0.9712 -0.2178
vn -0.0550 -0.9130 0.4043
vn -0.1007 0.9684 0.2283
vn 0.1283 -0.7624 0.6343
vn 0.0295 0.9995 0.0088
vn 0.4692 -0.8408 0.2700
vn 0.7199 -0.2837 0.6334
vn -0.1365 -0.2880 0.9479
vn 0.1696 -0.3420 0.9243
vn -0.7279 -0.2633 0.6332
vn -0.9147 -0.3017 0.2688
vn -0.7843 -0.3012 -0.5423
vn -0.0868 -0.3170 -0.9444
vn 0.1228 -0.2847 -0.9507
vn 0.9154 -0.3011 -0.2671
vn 0.7313 -0.2584 -0.6312
vn 0.0460 0.9938 -0.1010
vn 0.6087 -0.7868 -0.1018
vn 0.0799 0.9758 -0.2037
vn -0.1686 0.9720 -0.1635
vn -0.3939 -0.8528 -0.3430
vn 0.2676 -0.9338 -0.2373
vn -0.0906 0.9736 0.2097
vn 0.0642 -0.9079 -0.4143
vn -0.1876 -0.8165 -0.5460
vn -0.0453 0.9938 0.1014
vn -0.6095 -0.7861 0.1025
vn -0.0796 0.9754 0.2055
vn 0.1830 0.9826 0.0318
vn 0.4106 -0.8486 0.3336
vn -0.2684 -0.9335 0.2378
vn 0.0921 0.9733 -0.2103
vn -0.0639 -0.9093 0.4112
vn 0.1872 -0.8175 0.5446
vn 0.7194 -0.2839 0.6339
vn -0.1376 -0.2880 0.9477
vn 0.1683 -0.3420 0.9245
vn -0.7278 -0.2635 0.6331
vn -0.9147 -0.3018 0.2687
vn -0.7654 -0.3151 -0.5611
vn -0.1684 -0.3422 -0.9244
vn 0.1383 -0.2864 -0.9481
vn 0.9153 -0.3015 -0.2669
vn 0.7290 -0.2625 -0.6322
vn -0.2311 -0.6631 -0.7120
vn -0.1839 0.6467 -0.7402
vn 0.3084 0.6566 -0.6883
vn 0.1596 -0.6497 -0.7433
vn -0.1927 -0.6132 -0.7660
vn -0.0194 0.6705 -0.7417
vn 0.1744 0.6848 -0.7076
vn 0.2324 -0.6793 -0.6960
vn 0.0888 -0.6900 -0.7183
vn 0.0681 -0.6486 -0.7580
vn 0.1159 0.6452 -0.7552
vn -0.2167 -0.7923 0.5703
vn -0.3039 0.6547 0.6921
vn -0.2833 -0.6447 0.7099
vn -0.4105 0.6703 0.6183
vn -0.5902 -0.6059 0.5335
vn -0.2894 -0.6931 0.6602
vn -0.1305 -0.6841 0.7176
vn -0.1972 0.6887 0.6977
vn -0.2338 -0.6495 0.7235
vn -0.0786 0.6515 0.7545
vn -0.5441 0.6462 0.5351
vn -0.5396 -0.6719 0.5073
vn -0.7331 -0.6363 -0.2402
vn -0.7208 -0.6885 0.0804
vn -0.7375 0.6748 -0.0288
vn -0.6914 -0.6797 0.2450
vn -0.6988 0.6801 0.2218
vn -0.4197 0.7272 -0.5431
vn -0.3896 -0.7713 -0.5033
vn -0.5554 0.6092 -0.5660
vn -0.4219 -0.6523 -0.6297
vn -0.9799 0.0579 -0.1908
vn -0.6093 0.7695 -0.1914
vn -0.5851 -0.7996 -0.1353
vn -0.6321 0.7325 0.2527
vn -0.5925 -0.7666 0.2477
vn -0.9626 0.1127 -0.2463
vn -0.6757 -0.6668 -0.3142
vn -0.7547 -0.6282 0.1892
vn -0.7909 0.5938 0.1480
vn -0.6526 0.6687 -0.3562
vn -0.5013 -0.6787 -0.5367
vn -0.4818 0.6789 -0.5540
vn -0.7571 0.6523 -0.0372
vn -0.3790 0.7735 -0.5080
vn -0.2972 0.6445 0.7045
vn 0.2267 0.6425 0.7319
vn -0.5469 0.6477 -0.5305
vn -0.7470 0.6485 0.1460
vn -0.5717 0.7803 0.2535
vn 0.0412 0.6743 0.7373
vn 0.5289 0.7480 0.4011
vn 0.5781 0.7778 -0.2465
vn -0.3120 0.8266 -0.4684
vn -0.1157 0.7393 -0.6634
vn -0.6969 0.6289 -0.3448
vn 0.2194 0.7971 0.5626
vn -0.3930 0.7844 0.4799
vn -0.5922 0.7976 0.1150
vn 0.5959 0.7929 0.1270
vn 0.4277 0.6322 -0.6461
vn 0.2340 0.7427 0.6274
vn 0.6086 0.7839 -0.1226
vn 0.4745 0.8169 0.3279
vn 0.6419 0.7655 -0.0446
vn -0.5355 0.8352 0.1255
vn 0.4834 0.7985 -0.3589
vn -0.4917 0.8050 -0.3319
vn 0.7535 0.6407 -0.1476
vn 0.6588 0.6652 0.3513
vn -0.7337 0.6399 0.2283
vn 0.4660 0.8249 -0.3200
vn -0.0472 0.7827 0.6206
vn 0.3411 0.8088 0.4790
vn -0.2665 0.8255 0.4975
vn 0.1080 0.7895 0.6042
vn 0.5005 0.8165 0.2877
vn -0.5660 0.8057 -0.1749
vn 0.2394 0.7937 -0.5592
vn -0.1921 0.8072 -0.5581
vn -0.5260 0.7693 -0.3626
vn 0.5656 0.8069 0.1703
vn -0.5569 0.8292 -0.0478
vn -0.4997 0.7887 0.3581
vn 0.3740 0.7732 0.5122
vn 0.0830 0.7960 -0.5995
vn 0.7053 0.6870 -0.1746
vn -0.6152 0.7665 0.1844
vn -0.5063 0.8362 -0.2109
vn 0.5364 0.7700 0.3456
vn -0.0426 0.8578 -0.5122
vn 0.5013 0.6466 0.5750
vn 0.0266 0.6730 0.7391
vn 0.6486 0.7540 -0.1043
vn 0.0271 0.8422 -0.5385
vn -0.5027 0.6393 -0.5819
vn 0.1020 0.7859 0.6099
vn -0.2477 0.8379 0.4863
vn 0.3955 0.6743 -0.6236
vn 0.7371 0.6423 -0.2098
vn -0.5761 0.8096 0.1121
vn 0.7960 0.6022 0.0604
vn 0.3694 0.7353 -0.5682
vn 0.5278 0.7549 -0.3892
vn 0.5077 0.8167 -0.2744
vn 0.3949 0.7373 0.5481
vn 0.0270 0.7349 0.6776
vn 0.6679 0.6325 0.3923
vn -0.4801 0.7543 0.4478
vn -0.4677 0.6338 0.6160
vn -0.3527 0.7873 0.5057
vn 0.7399 0.6702 0.0583
vn -0.3173 0.6964 -0.6437
vn -0.6287 0.6772 -0.3823
vn -0.2871 0.7355 -0.6137
vn -0.2311 0.7973 0.5576
vn -0.1294 0.6291 -0.7665
vn -0.7266 0.6825 0.0794
vn -0.6040 0.6885 0.4015
vn -0.1094 0.8106 -0.5753
vn 0.5891 0.6508 -0.4791
vn 0.1229 0.6458 -0.7536
vn 0.5503 0.6361 0.5408
vn -0.4999 0.7854 -0.3649
vn 0.5289 0.6832 0.5035
vn 0.4266 -0.6593 -0.6192
vn -0.6458 -0.6320 -0.4285
vn -0.5630 -0.7557 -0.3347
vn -0.5094 -0.3933 -0.7654
vn 0.6519 0.0569 -0.7561
vn 0.5658 -0.6345 -0.5265
vn 0.0791 -0.7849 -0.6146
vn 0.1004 0.7704 -0.6296
vn 0.4455 0.5495 -0.7068
vn 0.0754 0.6493 -0.7568
vn 0.6446 0.6815 -0.3464
vn 0.4952 0.7813 -0.3800
vn 0.7634 0.6447 -0.0410
vn 0.6839 0.7273 -0.0571
vn 0.6553 0.7536 -0.0510
vn 0.7774 0.5972 -0.1974
vn -0.0176 0.2562 -0.9665
vn 0.7573 0.0779 -0.6484
vn 0.7313 -0.6360 0.2466
vn 0.4452 -0.6362 0.6301
vn 0.3746 -0.7602 0.5308
vn 0.7236 -0.6429 0.2511
vn 0.6824 -0.6457 -0.3426
vn 0.5755 -0.7560 -0.3118
vn 0.9471 -0.3150 -0.0617
vn 0.3224 0.0941 0.9419
vn -0.4949 0.1707 0.8520
vn 0.0328 0.5439 0.8385
vn 0.5950 0.7178 0.3617
vn 0.5420 0.5989 0.5895
vn 0.6422 0.6722 0.3684
vn 0.5389 0.7428 0.3973
vn 0.4541 0.6444 0.6153
vn 0.2008 0.7680 0.6082
vn 0.0845 0.6326 0.7699
vn -0.3038 0.6522 0.6945
vn -0.2398 0.7675 0.5946
vn 0.2020 0.1096 0.9732
vn 0.2429 -0.6409 0.7282
vn -0.7778 -0.6228 0.0850
vn -0.6541 -0.7562 0.0206
vn 0.0809 -0.6644 0.7430
vn -0.5033 0.7302 -0.4620
vn -0.2772 0.7551 -0.5941
vn -0.4382 0.6260 -0.6451
vn -0.6616 0.6476 -0.3780
vn -0.7631 0.6461 0.0132
vn -0.6866 0.6265 0.3689
vn -0.5862 0.7514 0.3030
vn -0.9898 -0.1291 0.0598
vn 0.5375 -0.7640 0.3568
vn 0.6313 -0.6524 0.4195
vn 0.5791 -0.7542 0.3096
vn 0.6630 -0.7486 0.0033
vn 0.5231 0.4262 -0.7380
vn 0.2197 -0.7907 -0.5714
vn -0.2408 -0.7934 -0.5591
vn -0.0842 -0.7862 0.6122
vn -0.4869 -0.7857 0.3816
vn 0.5463 -0.1796 0.8181
vn 0.8165 0.0533 -0.5748
vn 0.3988 0.0273 0.9166
vn -0.2127 0.8939 0.3946
vn -0.2775 0.6749 0.6837
vn -0.3393 0.4835 -0.8069
vn -0.7333 0.6416 0.2252
vn -0.6696 0.6475 -0.3638
vn 0.3523 0.4238 0.8344
vn 0.7445 0.4062 -0.5298
vn 0.8997 0.3963 0.1832
vn -0.9832 0.1540 -0.0980
vn -0.6150 -0.7871 0.0473
vn -0.3825 -0.9234 -0.0331
vn -0.9105 0.1623 -0.3802
vn -0.5076 0.7809 0.3639
vn -0.3042 0.6936 -0.6530
vn -0.6991 0.6345 -0.3296
vn -0.6769 0.6584 0.3292
vn -0.2447 0.8068 -0.5377
vn -0.1320 -0.8188 -0.5587
vn -0.1362 -0.6293 -0.7652
vn -0.4783 -0.6345 0.6071
vn -0.3914 -0.8103 0.4362
vn 0.2074 0.6940 -0.6895
vn -0.6950 0.4802 0.5352
vn 0.0615 0.6756 -0.7347
vn -0.5549 0.6173 -0.5577
vn -0.7226 0.6900 0.0426
vn 0.2035 0.6796 0.7048
vn 0.6547 0.5975 0.4629
vn 0.7767 0.6214 -0.1029
vn 0.4424 0.6567 -0.6108
vn 0.5566 0.8023 0.2156
vn -0.4346 0.4077 0.8031
vn -0.6962 0.6476 0.3097
vn 0.0387 0.6617 -0.7488
vn -0.4475 0.6523 -0.6118
vn 0.3697 0.4263 0.8256
vn 0.9256 0.3484 0.1482
vn 0.7608 0.3719 -0.5318
vn 0.6444 -0.7623 -0.0595
vn 0.7573 -0.6512 -0.0497
vn 0.4465 -0.8007 -0.3994
vn 0.2251 -0.7989 0.5578
vn 0.2064 0.8454 -0.4927
vn 0.4732 0.7796 0.4102
vn 0.5679 0.8126 -0.1309
vn -0.0691 0.7905 0.6086
vn 0.5391 0.7650 0.3525
vn 0.3317 0.8965 -0.2935
vn 0.6530 -0.7554 0.0555
vn 0.5553 -0.7547 0.3494
vn 0.3665 -0.7519 0.5480
vn 0.0407 -0.7406 -0.6707
vn 0.2726 -0.7515 -0.6008
vn 0.5998 -0.7608 -0.2477
vn 0.4734 -0.7423 -0.4743
vn -0.1288 -0.7369 -0.6637
vn -0.2938 -0.7355 -0.6105
vn 0.1096 -0.7533 0.6485
vn -0.1300 -0.7424 0.6573
vn -0.3427 -0.7586 0.5542
vn -0.5382 -0.7402 0.4032
vn 0.7137 -0.6985 -0.0514
vn 0.6964 -0.6808 -0.2269
vn 0.4622 -0.6485 -0.6048
vn 0.5056 -0.6749 0.5375
vn 0.0971 -0.6506 0.7531
vn -0.5824 -0.6800 -0.4455
vn -0.5149 -0.6708 -0.5338
vn 0.6685 -0.6541 0.3539
vn 0.6879 -0.6832 0.2450
vn 0.7225 -0.6736 0.1557
vn 0.7345 -0.6761 -0.0578
vn 0.7529 -0.6575 0.0286
vn 0.7228 -0.6672 -0.1802
vn 0.5552 -0.6809 -0.4776
vn 0.6351 -0.6612 -0.3993
vn 0.6784 -0.6790 -0.2806
vn 0.4961 -0.6736 -0.5479
vn 0.3147 -0.6800 -0.6622
vn 0.4013 -0.6575 -0.6377
vn 0.2074 -0.6682 -0.7145
vn -0.1315 -0.6694 -0.7312
vn -0.0259 -0.6794 -0.7333
vn 0.0915 -0.6757 -0.7315
vn -0.2334 -0.6690 -0.7056
vn -0.4214 -0.6682 -0.6132
vn -0.3424 -0.6728 -0.6558
vn 0.5824 -0.6800 0.4454
vn -0.6206 0.4497 -0.6423
vn -0.0127 0.4542 -0.8908
vn 0.7651 0.4542 -0.4564
vn 0.5149 -0.6708 0.5338
vn -0.6685 -0.6541 -0.3539
vn -0.6879 -0.6832 -0.2450
vn -0.7225 -0.6736 -0.1557
vn -0.7345 -0.6761 0.0578
vn -0.7529 -0.6575 -0.0286
vn -0.7228 -0.6672 0.1802
vn -0.5552 -0.6809 0.4776
vn -0.6351 -0.6612 0.3993
vn -0.6784 -0.6790 0.2806
vn -0.4961 -0.6736 0.5479
vn -0.3147 -0.6800 0.6622
vn -0.4013 -0.6575 0.6377
vn -0.2074 -0.6682 0.7145
vn 0.1315 -0.6694 0.7312
vn 0.0259 -0.6794 0.7333
vn -0.0915 -0.6757 0.7315
vn 0.2334 -0.6690 0.7056
vn 0.4214 -0.6682 0.6132
vn 0.3424 -0.6728 0.6558
vn -0.1583 -0.7952 -0.5854
vn 0.0888 -0.7968 -0.5977
vn -0.3829 -0.7929 -0.4740
vn 0.5408 -0.7963 0.2712
vn 0.3829 -0.7929 0.4740
vn 0.5034 -0.7944 -0.3400
vn 0.6238 -0.7701 -0.1332
vn 0.3246 -0.7970 -0.5093
vn 0.1583 -0.7952 0.5854
vn -0.0888 -0.7968 0.5977
vn 0.6100 -0.7914 0.0396
vn -0.6238 -0.7701 0.1332
vn -0.6100 -0.7914 -0.0396
vn -0.5408 -0.7963 -0.2712
vn -0.5034 -0.7944 0.3400
vn -0.3246 -0.7970 0.5093
vn 0.6206 0.4497 0.6423
vn 0.0127 0.4542 0.8908
vn -0.7651 0.4542 0.4564
vn -0.3411 0.6479 -0.6811
vn -0.2375 0.6511 -0.7209
vn 0.5193 0.6338 -0.5732
vn 0.7508 0.6399 0.1636
vn 0.7050 0.6603 0.2590
vn 0.7415 0.6659 -0.0821
vn 0.5962 0.6549 0.4644
vn 0.6841 0.6257 0.3748
vn 0.7786 0.6262 0.0407
vn 0.7008 0.6550 -0.2825
vn 0.5752 0.6738 -0.4639
vn 0.4246 0.6262 -0.6540
vn -0.4427 0.6636 -0.6030
vn 0.8825 0.4144 -0.2225
vn 0.2982 0.6692 -0.6806
vn -0.1090 0.6669 -0.7371
vn 0.0980 0.6532 -0.7508
vn 0.2486 0.4144 -0.8755
vn -0.5962 0.6549 -0.4644
vn 0.3411 0.6479 0.6811
vn 0.2375 0.6511 0.7209
vn -0.5193 0.6338 0.5732
vn -0.7508 0.6399 -0.1636
vn -0.7050 0.6603 -0.2590
vn -0.7415 0.6659 0.0821
vn -0.6841 0.6257 -0.3748
vn -0.7786 0.6262 -0.0407
vn -0.7008 0.6550 0.2825
vn -0.5752 0.6738 0.4639
vn -0.4246 0.6262 0.6540
vn 0.4427 0.6636 0.6030
vn -0.8825 0.4144 0.2225
vn -0.2982 0.6692 0.6806
vn 0.1090 0.6669 0.7371
vn -0.0980 0.6532 0.7508
vn -0.2486 0.4144 0.8755
vn -0.3328 0.7981 -0.5023
vn -0.4787 0.8190 -0.3164
vn -0.1516 0.8213 0.5500
vn 0.0822 0.8014 0.5924
vn 0.3328 0.7981 0.5023
vn -0.5048 0.8213 0.2657
vn -0.3626 0.8218 0.4395
vn 0.1516 0.8213 -0.5500
vn -0.0822 0.8014 -0.5924
vn 0.4787 0.8190 0.3164
vn 0.3626 0.8218 -0.4395
vn 0.5048 0.8213 -0.2657
vn -0.5633 0.8200 -0.1016
vn -0.6022 0.7904 0.1121
vn 0.5633 0.8200 0.1016
vn 0.6022 0.7904 -0.1121
vn 0.5290 -0.6186 0.5809
vn 0.0311 -0.5958 0.8025
vn -0.5050 -0.6120 0.6086
vn -0.7876 -0.6162 0.0070
vn -0.4927 -0.6194 -0.6113
vn 0.0380 -0.6412 -0.7665
vn 0.4803 -0.5982 -0.6414
vn 0.7888 -0.6143 -0.0205
vn -0.6155 0.6384 -0.4623
vn -0.7663 0.6272 0.1397
vn -0.2983 0.6292 0.7177
vn 0.4833 0.6165 0.6216
vn 0.7659 0.6286 0.1354
vn 0.6054 0.6183 -0.5012
vn -0.0637 0.6250 -0.7780
vn -0.1222 0.7954 -0.5936
vn 0.4411 0.8065 -0.3937
vn 0.5737 0.7867 0.2279
vn 0.2363 0.7636 0.6008
vn -0.2421 0.7784 0.5793
vn -0.5949 0.7633 0.2519
vn -0.5686 0.7837 -0.2500
vn -0.6156 0.6459 -0.4515
vn -0.7714 0.6250 0.1192
vn -0.4680 0.6501 0.5986
vn 0.6019 0.6546 0.4575
vn 0.1130 0.5920 0.7979
vn 0.7830 0.6162 -0.0850
vn 0.4613 0.6223 -0.6325
vn -0.1075 0.5802 -0.8074
vn -0.6199 -0.6057 0.4989
vn -0.7809 -0.6237 -0.0355
vn -0.6383 -0.5988 -0.4837
vn -0.0185 -0.5974 -0.8017
vn 0.5810 -0.6018 -0.5479
vn 0.7931 -0.6080 -0.0356
vn 0.6106 -0.5990 0.5180
vn 0.0072 -0.5992 0.8006
vn -0.4983 0.6226 -0.6034
vn -0.7756 0.6281 0.0627
vn -0.4588 0.6382 0.6182
vn 0.1376 0.6265 0.7672
vn 0.7169 0.6293 0.3002
vn 0.6211 0.6121 -0.4895
vn 0.1385 0.6274 -0.7662
vn -0.1087 0.7931 -0.5994
vn 0.4471 0.8057 -0.3886
vn 0.5572 0.7952 0.2392
vn 0.0650 0.8069 0.5871
vn -0.4504 0.8198 0.3537
vn -0.5632 0.8036 -0.1925
vn -0.4918 0.6094 -0.6219
vn -0.5255 0.5537 0.6459
vn 0.6832 -0.7225 0.1065
vn -0.7059 0.5325 0.4671
vn 0.5388 0.6172 0.5734
vn 0.4834 0.6978 -0.5285
vn -0.2595 0.8153 -0.5176
vn 0.7450 0.5587 -0.3644
vn -0.1315 -0.9275 0.3498
vn 0.0446 -0.9453 0.3232
vn 0.3231 -0.9463 -0.0119
vn 0.2408 -0.9485 -0.2057
vn -0.4762 -0.7511 0.4573
vn -0.0517 -0.8547 -0.5166
vn 0.1016 -0.8210 0.5618
vn -0.4325 -0.8299 0.3526
vn -0.4415 -0.8520 -0.2813
vn 0.1221 -0.8050 -0.5805
vn 0.5258 -0.8035 -0.2790
vn 0.5312 -0.8090 0.2516
vn -0.7672 -0.6175 0.1733
vn -0.3537 -0.6200 0.7003
vn -0.6366 -0.6164 -0.4635
vn -0.0173 -0.6068 -0.7947
vn 0.5478 -0.6231 -0.5582
vn 0.7835 -0.6186 -0.0593
vn 0.6046 -0.6077 0.5150
vn 0.2064 -0.6352 0.7443
vn -0.4944 0.6239 -0.6052
vn -0.7811 0.6210 0.0650
vn -0.4847 0.6326 0.6041
vn 0.1365 0.6239 0.7695
vn 0.7142 0.6314 0.3021
vn 0.6108 0.6220 -0.4900
vn 0.1349 0.6285 -0.7661
vn 0.1236 0.7964 0.5920
vn -0.4458 0.8064 0.3886
vn -0.5786 0.7820 -0.2317
vn -0.2386 0.7670 -0.5956
vn 0.2411 0.7788 -0.5790
vn 0.6000 0.7627 -0.2415
vn 0.5690 0.7841 0.2480
vn -0.6629 0.6371 -0.3933
vn -0.7688 0.6116 0.1865
vn -0.4413 0.5968 0.6701
vn 0.1051 0.6111 0.7846
vn 0.6195 0.6426 0.4508
vn 0.7708 0.6272 -0.1117
vn 0.4684 0.6488 -0.5997
vn -0.1273 0.5936 -0.7946
vn -0.0776 0.9428 0.3243
vn -0.1617 -0.9471 0.2772
vn -0.3420 -0.9388 -0.0420
vn -0.2837 0.8093 0.5144
vn 0.4398 -0.8789 0.1845
vn -0.2770 -0.9346 -0.2233
vn 0.3415 -0.8934 -0.2920
vn 0.8508 0.5253 -0.0145
vn 0.4779 -0.6329 0.6091
vn 0.4042 0.7366 0.5422
vn 0.3844 -0.4598 -0.8005
vn 0.2863 0.8269 -0.4840
vn 0.0727 -0.8906 0.4490
vn 0.1800 -0.5985 0.7807
vn 0.7125 -0.6008 0.3625
vn -0.4681 -0.5989 0.6498
vn -0.8035 -0.5950 0.0169
vn -0.5640 -0.6040 -0.5631
vn -0.0634 -0.6046 -0.7940
vn 0.5171 -0.5986 -0.6118
vn 0.7506 -0.6286 -0.2038
vn -0.4903 0.6199 -0.6127
vn -0.7670 0.6271 -0.1359
vn -0.6058 0.6195 0.4993
vn 0.0681 0.6226 0.7796
vn 0.5959 0.6397 0.4854
vn 0.7668 0.6277 -0.1341
vn 0.3013 0.6314 -0.7146
vn 0.1330 0.7853 0.6047
vn -0.4551 0.8048 0.3810
vn -0.5413 0.8081 -0.2323
vn -0.0784 0.8100 -0.5812
vn 0.4600 0.8087 -0.3667
vn 0.5619 0.8014 0.2049
vn -0.7670 0.5509 -0.3289
vn 0.2422 0.9405 0.2383
vn -0.1109 0.5701 -0.8140
vn -0.1170 -0.8167 -0.5651
vn 0.4640 -0.8142 -0.3490
vn 0.4554 -0.8438 0.2839
vn -0.0947 -0.7978 0.5954
vn -0.5297 -0.8000 0.2819
vn -0.5477 -0.7987 -0.2492
vn 0.5463 -0.6298 0.5523
vn 0.4998 0.5969 0.6276
vn -0.6125 -0.5379 0.5792
vn -0.6433 0.5864 0.4923
vn 0.7507 -0.6381 -0.1708
vn 0.7105 -0.6807 0.1787
vn 0.7471 0.6293 0.2142
vn -0.2046 -0.5406 -0.8160
vn -0.2669 0.5765 -0.7723
vn 0.7534 0.6110 -0.2430
vn -0.6570 -0.7312 -0.1836
vn -0.5722 0.8038 -0.1628
vn -0.2514 -0.0055 0.9679
vn -0.2515 -0.0055 0.9678
vn -0.2582 0.0002 0.9661
vn -0.2579 -0.0000 0.9662
vn -0.2580 0.0003 0.9661
vn -0.2533 -0.0030 0.9674
vn 0.5933 0.6404 0.4877
vn 0.7528 0.5987 -0.2734
vn 0.3558 0.6885 -0.6320
vn -0.0184 0.5627 0.8265
vn -0.1342 0.9455 0.2966
vn 0.2082 0.6804 -0.7026
vn 0.0298 0.9196 0.3917
vn 0.1940 0.5553 -0.8087
vn -0.5936 0.6398 -0.4881
vn -0.7528 0.5988 0.2734
vn -0.3558 0.6885 0.6320
vn 0.0184 0.5627 -0.8265
vn 0.1342 0.9455 -0.2966
vn -0.2082 0.6804 0.7026
vn -0.0298 0.9196 -0.3917
vn -0.1940 0.5553 0.8087
vn -0.6023 0.6374 -0.4806
vn -0.4776 0.7858 -0.3929
vn -0.5879 0.8083 0.0313
vn -0.7716 0.6283 0.0989
vn -0.3494 0.8141 0.4637
vn -0.4137 0.6267 0.6604
vn 0.1326 0.8082 0.5738
vn 0.2231 0.6318 0.7423
vn 0.1696 0.6212 0.7651
vn 0.1200 0.8235 0.5545
vn 0.0865 0.8008 0.5926
vn 0.1046 0.6310 0.7687
vn -0.4712 0.8030 -0.3648
vn -0.5737 0.6160 -0.5398
vn -0.6082 0.6319 -0.4804
vn -0.4039 0.8257 -0.3939
vn -0.3475 0.7656 -0.5413
vn -0.4180 0.6545 -0.6300
vn -0.5593 0.7950 -0.2349
vn -0.7267 0.6371 -0.2569
vn -0.6011 0.7795 0.1763
vn -0.7231 0.6476 0.2402
vn -0.3420 0.7997 0.4934
vn -0.4018 0.6337 0.6611
vn 0.0905 0.7935 0.6018
vn 0.1251 0.6435 0.7552
vn 0.6023 0.6374 0.4806
vn 0.4776 0.7858 0.3929
vn 0.5879 0.8083 -0.0313
vn 0.7716 0.6283 -0.0989
vn 0.3704 0.8062 -0.4614
vn 0.4161 0.6301 -0.6556
vn -0.0080 0.7696 -0.6384
vn -0.2255 0.6362 -0.7378
vn -0.3263 0.7581 -0.5646
vn -0.1888 0.6206 -0.7610
vn -0.1200 0.8235 -0.5545
vn -0.0865 0.8008 -0.5926
vn -0.1046 0.6310 -0.7687
vn 0.4712 0.8030 0.3648
vn 0.5737 0.6160 0.5398
vn 0.6082 0.6319 0.4804
vn 0.4039 0.8257 0.3939
vn 0.3475 0.7656 0.5413
vn 0.4180 0.6545 0.6300
vn 0.5565 0.8028 0.2139
vn 0.7323 0.6328 0.2516
vn 0.5365 0.8035 -0.2580
vn 0.7282 0.6460 -0.2289
vn 0.3972 0.6364 -0.6612
vn 0.2377 0.7771 -0.5827
vn -0.1142 0.7860 -0.6076
vn -0.1251 0.6435 -0.7552
vn -0.1671 0.8601 0.4820
vn -0.2227 -0.8601 0.4590
vn -0.4824 0.8754 -0.0314
vn -0.4741 -0.8754 -0.0945
vn -0.1227 0.8487 -0.5145
vn -0.0660 -0.8466 -0.5281
vn 0.4201 0.8466 -0.3267
vn 0.4506 -0.8487 -0.2771
vn 0.4021 0.8754 0.2684
vn 0.3633 -0.8754 0.3189
vn -0.2684 0.8754 0.4021
vn -0.3188 -0.8754 0.3633
vn -0.4820 0.8601 -0.1671
vn -0.4590 -0.8601 -0.2227
vn 0.0314 0.8754 -0.4824
vn 0.0945 -0.8754 -0.4741
vn 0.5145 0.8487 -0.1227
vn 0.5281 -0.8466 -0.0660
vn 0.3267 0.8466 0.4201
vn 0.2771 -0.8487 0.4506
vn -0.4201 0.8466 0.3267
vn -0.4506 -0.8487 0.2771
vn -0.4021 0.8754 -0.2684
vn -0.3633 -0.8754 -0.3189
vn 0.1671 0.8601 -0.4820
vn 0.2227 -0.8601 -0.4590
vn 0.4824 0.8754 0.0314
vn 0.4741 -0.8754 0.0945
vn 0.1227 0.8487 0.5145
vn 0.0660 -0.8466 0.5281
vn -0.0314 0.8754 0.4824
vn -0.0945 -0.8754 0.4741
vn -0.5145 0.8487 0.1227
vn -0.5281 -0.8466 0.0660
vn -0.3267 0.8466 -0.4201
vn -0.2771 -0.8487 -0.4506
vn 0.2684 0.8754 -0.4021
vn 0.3189 -0.8754 -0.3633
vn 0.4820 0.8601 0.1671
vn 0.4590 -0.8601 0.2227
vn 0.5039 -0.6296 -0.5913
vn 0.3362 -0.8055 -0.4880
vn -0.0970 -0.6293 -0.7711
vn -0.1417 -0.8051 -0.5759
vn -0.6239 -0.6325 -0.4590
vn -0.5240 -0.7950 -0.3057
vn -0.7556 -0.6528 0.0533
vn -0.6330 -0.7722 0.0550
vn -0.5972 -0.6365 0.4881
vn -0.4228 -0.7988 0.4279
vn -0.0657 -0.6295 0.7742
vn 0.0192 -0.8050 0.5929
vn 0.5314 -0.6295 0.5669
vn 0.4535 -0.8050 0.3825
vn 0.7769 -0.6295 -0.0159
vn 0.5877 -0.8050 -0.0808
vn 0.2405 -0.7951 0.5567
vn -0.2018 -0.8120 0.5476
vn -0.5567 -0.7951 0.2405
vn -0.5476 -0.8120 -0.2018
vn 0.2018 -0.8120 -0.5476
vn -0.2405 -0.7951 -0.5567
vn 0.5567 -0.7951 -0.2405
vn 0.5476 -0.8120 0.2018
vn -0.0973 -0.6458 0.7573
vn 0.2747 -0.6435 0.7144
vn 0.5879 -0.6503 0.4811
vn 0.7573 -0.6458 0.0973
vn 0.7144 -0.6435 -0.2747
vn 0.4811 -0.6503 -0.5879
vn 0.0973 -0.6458 -0.7573
vn -0.2747 -0.6435 -0.7144
vn -0.5879 -0.6503 -0.4811
vn -0.7573 -0.6458 -0.0973
vn -0.7144 -0.6435 0.2747
vn -0.4811 -0.6503 0.5879
vn -0.4069 -0.9098 -0.0817
vn 0.0852 -0.9099 -0.4060
vn 0.4069 -0.9098 0.0817
vn -0.0852 -0.9099 0.4060
vn -0.8811 -0.4444 0.1618
vn -0.3122 -0.4431 0.8404
vn -0.5721 -0.4491 -0.6863
vn 0.3122 -0.4431 -0.8404
vn 0.8811 -0.4444 -0.1618
vn 0.5721 -0.4491 0.6863
vn -0.4380 0.6335 0.6378
vn -0.7298 0.6372 -0.2478
vn -0.7246 0.6526 0.2216
vn -0.3500 0.6344 -0.6893
vn 0.5795 0.6372 -0.5081
vn 0.1695 0.6526 -0.7385
vn 0.4684 0.6308 0.6187
vn 0.7698 0.6356 0.0582
vn -0.0468 0.6467 0.7613
vn 0.7887 0.5773 0.2113
vn 0.7134 0.3015 0.6326
vn 0.2228 0.5790 -0.7843
vn -0.1672 0.2957 -0.9405
vn 0.7908 0.5790 0.1983
vn 0.7297 0.2950 0.6168
vn 0.2113 0.5774 -0.7887
vn -0.1911 0.3015 -0.9341
vn -0.7887 0.5773 -0.2113
vn -0.7134 0.3015 -0.6326
vn -0.2228 0.5789 0.7843
vn 0.1672 0.2957 0.9405
vn -0.4764 0.8722 -0.1111
vn -0.7757 0.5840 -0.2392
vn -0.7848 0.5881 -0.1954
vn -0.9514 0.2765 -0.1357
vn 0.1944 0.5801 -0.7910
vn 0.1120 0.8999 -0.4214
vn 0.1064 0.9014 -0.4196
vn 0.2026 0.5785 -0.7901
vn 0.0979 0.7886 0.6070
vn 0.1000 0.6352 0.7659
vn -0.7719 0.6337 0.0510
vn -0.9930 0.1114 -0.0399
vn -0.4901 0.6247 0.6079
vn -0.3319 0.8137 0.4772
vn 0.5925 0.6405 0.4885
vn 0.4812 0.7966 0.3658
vn 0.7780 0.6253 -0.0605
vn 0.5724 0.8150 -0.0903
vn 0.4686 0.6289 -0.6204
vn 0.4407 0.0982 -0.8923
vn -0.7852 0.5783 -0.2215
vn -0.4158 0.9020 -0.1163
vn -0.7862 0.5797 -0.2143
vn -0.4163 0.9013 -0.1197
vn 0.1682 0.5849 -0.7935
vn 0.3616 0.2702 -0.8923
vn 0.1368 0.8779 -0.4588
vn 0.2309 0.5923 -0.7719
vn 0.4765 0.8721 0.1112
vn 0.7757 0.5836 0.2403
vn 0.7847 0.5881 0.1959
vn 0.9510 0.2774 0.1362
vn -0.1948 0.5800 0.7910
vn -0.1118 0.9000 0.4212
vn -0.1064 0.9014 0.4196
vn -0.2026 0.5785 0.7901
vn -0.0979 0.7887 -0.6070
vn -0.1000 0.6352 -0.7659
vn -0.3723 0.7958 0.4777
vn -0.6105 0.7726 0.1743
vn -0.5508 0.7981 -0.2443
vn -0.2249 0.7948 -0.5636
vn 0.1544 0.7726 -0.6159
vn 0.4833 0.7952 -0.3661
vn 0.6247 0.7776 -0.0712
vn 0.5019 0.7952 0.3402
vn 0.0774 0.7975 0.5983
vn -0.1678 0.5849 0.7936
vn -0.1351 0.8786 0.4580
vn -0.3617 0.2701 0.8923
vn -0.2309 0.5923 0.7719
vn 0.7863 0.5799 0.2133
vn 0.4165 0.9011 0.1202
vn 0.4158 0.9020 0.1162
vn 0.7851 0.5782 0.2218
vn -0.2113 0.5774 0.7887
vn 0.1911 0.3015 0.9341
vn -0.7908 0.5790 -0.1983
vn -0.7297 0.2950 -0.6168
vn -0.4812 0.7966 -0.3658
vn -0.5925 0.6405 -0.4885
vn -0.7780 0.6253 0.0605
vn -0.5724 0.8150 0.0903
vn -0.4686 0.6289 0.6204
vn -0.4407 0.0982 0.8923
vn 0.7719 0.6337 -0.0510
vn 0.9930 0.1112 0.0396
vn 0.4901 0.6247 -0.6079
vn 0.3319 0.8137 -0.4772
vn -0.7439 0.6288 -0.2261
vn -0.8380 0.4957 -0.2279
vn -0.8189 -0.3785 -0.4314
vn -0.7597 0.5903 -0.2726
vn -0.6296 -0.3757 -0.6800
vn -0.7187 -0.3963 -0.5713
vn -0.9125 0.3926 -0.1147
vn -0.9221 0.3433 -0.1783
vn -0.9743 0.1230 -0.1887
vn -0.9948 0.0863 -0.0549
vn -0.8712 -0.3903 -0.2977
vn -0.7294 0.6790 -0.0835
vn -0.9166 -0.3765 -0.1347
vn -0.8469 -0.3104 0.4317
vn -0.6677 0.6322 0.3931
vn -0.9140 -0.4055 0.0122
vn 0.8744 -0.2965 -0.3842
vn 0.4867 -0.3772 -0.7879
vn 0.3288 -0.3927 -0.8589
vn 0.1932 -0.3768 -0.9059
vn 0.0231 -0.3835 -0.9233
vn 0.3190 0.1558 -0.9349
vn -0.1322 -0.3837 -0.9139
vn 0.4634 0.0804 -0.8825
vn 0.3850 0.3313 -0.8614
vn 0.2695 0.4182 -0.8674
vn -0.2720 -0.3828 -0.8829
vn 0.1632 0.5819 -0.7968
vn -0.5279 0.7083 -0.4687
vn -0.4631 -0.3899 -0.7959
vn -0.3590 0.6893 -0.6292
vn -0.1374 0.7071 -0.6936
vn 0.7134 0.2005 0.6714
vn -0.2598 -0.4525 0.8531
vn -0.0064 0.6344 0.7730
vn -0.2203 0.1915 -0.9565
vn -0.9104 -0.2904 0.2948
vn -0.6896 -0.6856 -0.2332
vn 0.7598 0.5898 0.2736
vn 0.7036 -0.3804 0.6002
vn 0.7439 0.6288 0.2261
vn 0.8381 0.4950 0.2293
vn 0.8045 -0.3924 0.4458
vn 0.9790 0.1229 0.1624
vn 0.9224 0.3429 0.1776
vn 0.9948 0.0863 0.0549
vn 0.9125 0.3928 0.1144
vn 0.8834 -0.3731 0.2835
vn 0.7294 0.6790 0.0835
vn 0.9070 -0.3929 0.1512
vn 0.8469 -0.3104 -0.4317
vn 0.6677 0.6322 -0.3931
vn 0.9250 -0.3789 -0.0273
vn -0.4841 -0.3719 0.7921
vn -0.3288 -0.3927 0.8589
vn -0.1932 -0.3768 0.9059
vn -0.0231 -0.3835 0.9233
vn -0.3190 0.1558 0.9349
vn 0.1322 -0.3837 0.9139
vn -0.4634 0.0804 0.8825
vn -0.3850 0.3313 0.8614
vn -0.2695 0.4182 0.8674
vn 0.2665 -0.3841 0.8840
vn -0.1624 0.5822 0.7966
vn 0.1415 0.7098 0.6900
vn 0.4379 -0.4000 0.8052
vn 0.3545 0.6946 0.6259
vn 0.5281 0.7074 0.4698
vn 0.5670 -0.3806 0.7305
vn -0.7135 0.2006 -0.6714
vn 0.0064 0.6344 -0.7730
vn 0.2587 -0.4875 -0.8339
vn -0.6893 0.6044 -0.3995
vn -0.3215 0.9466 -0.0255
vn -0.2884 0.9277 -0.2372
vn 0.4951 0.3029 -0.8143
vn -0.9330 0.3594 0.0204
vn -0.9404 0.2811 -0.1914
vn -0.8926 0.3314 -0.3058
vn -0.8032 0.3172 -0.5043
vn -0.7115 0.3805 -0.5907
vn -0.6820 0.3803 -0.6247
vn -0.5975 0.3951 -0.6977
vn -0.5386 0.3377 -0.7719
vn -0.4328 0.4203 -0.7975
vn -0.3023 0.3824 -0.8732
vn -0.3701 0.3455 -0.8624
vn -0.1495 0.3837 -0.9113
vn -0.2057 0.3535 -0.9125
vn 0.0023 0.3749 -0.9271
vn -0.0346 0.3609 -0.9320
vn 0.1798 0.3177 -0.9310
vn 0.2976 0.3188 -0.8999
vn -0.6475 0.6780 -0.3480
vn 0.0887 0.6860 -0.7222
vn -0.1208 0.6769 -0.7261
vn -0.3601 0.6772 -0.6417
vn -0.5251 0.6845 -0.5058
vn 0.8232 -0.5246 0.2173
vn -0.6328 0.1658 -0.7564
vn 0.6271 0.1562 0.7631
vn 0.5934 0.8013 -0.0769
vn -0.3674 0.1452 -0.9187
vn 0.3686 0.1467 0.9179
vn -0.3596 0.8053 0.4713
vn 0.3641 0.8084 -0.4625
vn -0.5925 0.8004 0.0910
vn 0.6475 0.6780 0.3480
vn 0.3601 0.6772 0.6417
vn 0.1208 0.6769 0.7261
vn -0.0887 0.6859 0.7222
vn 0.5251 0.6845 0.5058
vn 0.2167 0.1930 0.9570
vn -0.4951 0.3029 0.8143
vn -0.2976 0.3188 0.8999
vn -0.1798 0.3177 0.9310
vn 0.8926 0.3314 0.3058
vn 0.9404 0.2814 0.1911
vn 0.6893 0.6044 0.3995
vn 0.9326 0.3604 -0.0201
vn 0.0346 0.3609 0.9320
vn 0.2057 0.3535 0.9125
vn 0.3701 0.3455 0.8624
vn 0.5386 0.3377 0.7719
vn 0.6820 0.3803 0.6247
vn 0.8032 0.3172 0.5043
vn 0.3215 0.9466 0.0255
vn 0.2884 0.9277 0.2372
vn 0.7115 0.3805 0.5907
vn 0.5975 0.3951 0.6977
vn 0.4328 0.4203 0.7975
vn 0.3023 0.3824 0.8732
vn 0.1495 0.3837 0.9113
vn -0.0023 0.3749 0.9271
vn 0.5987 -0.7588 0.2562
vn 0.1899 -0.9116 -0.3645
vn -0.1740 -0.7535 0.6341
vn -0.4022 -0.9118 -0.0826
vn -0.3521 -0.9116 -0.2120
vn -0.2633 -0.9117 -0.3155
vn -0.1535 -0.9112 -0.3823
vn -0.0429 -0.9175 -0.3955
vn 0.0636 -0.9120 -0.4053
vn -0.2322 -0.8475 0.4773
vn -0.5902 -0.8024 0.0887
vn -0.5283 -0.7915 -0.3073
vn -0.1870 -0.9121 0.3648
vn 0.4104 -0.9118 0.0163
vn 0.1239 -0.7610 -0.6368
vn 0.3820 -0.9121 0.1488
vn 0.3121 -0.9146 0.2570
vn 0.2358 -0.9132 0.3323
vn 0.1525 -0.9128 0.3790
vn 0.0429 -0.9175 0.3955
vn -0.0636 -0.9120 0.4053
vn 0.2288 -0.8439 -0.4853
vn 0.5890 -0.8035 -0.0870
vn 0.5423 -0.7788 0.3151
vn -0.5944 -0.6257 0.5052
vn -0.2415 -0.8259 0.5095
vn -0.5777 -0.8125 0.0783
vn -0.7333 -0.6256 -0.2662
vn -0.4738 -0.7898 -0.3895
vn -0.1376 -0.6193 -0.7730
vn -0.0516 -0.8143 -0.5782
vn 0.5909 -0.6218 -0.5140
vn 0.3726 -0.7950 -0.4787
vn 0.5743 -0.8182 -0.0285
vn 0.7347 -0.6257 0.2621
vn 0.3205 -0.8259 0.4639
vn 0.1403 -0.6257 0.7674
vn 0.0696 -0.8077 0.5855
vn -0.0935 -0.6401 0.7626
vn -0.4195 -0.8420 0.3391
vn -0.6123 -0.6308 0.4766
vn -0.7637 -0.6411 -0.0764
vn -0.5080 -0.8303 -0.2293
vn -0.4700 -0.6307 -0.6175
vn -0.0783 -0.8125 -0.5777
vn 0.2662 -0.6256 -0.7333
vn 0.3895 -0.7898 -0.4738
vn 0.7730 -0.6193 -0.1376
vn 0.5782 -0.8143 -0.0516
vn 0.5309 -0.6242 0.5731
vn 0.4870 -0.7917 0.3688
vn -0.5909 -0.6218 0.5140
vn -0.3726 -0.7950 0.4787
vn -0.5741 -0.8183 0.0284
vn -0.7347 -0.6257 -0.2621
vn -0.3205 -0.8259 -0.4639
vn -0.1403 -0.6257 -0.7674
vn 0.2210 -0.8125 -0.5395
vn 0.5972 -0.6256 -0.5020
vn 0.5743 -0.7898 -0.2156
vn 0.7383 -0.6193 0.2673
vn 0.5018 -0.8245 0.2616
vn 0.1426 -0.6157 0.7749
vn 0.0712 -0.8238 0.5624
vn -0.2662 -0.6256 0.7333
vn -0.3895 -0.7898 0.4738
vn -0.7730 -0.6193 0.1376
vn -0.5782 -0.8142 0.0516
vn -0.5140 -0.6218 -0.5909
vn -0.4787 -0.7950 -0.3726
vn -0.0284 -0.8183 -0.5741
vn 0.2621 -0.6257 -0.7347
vn 0.4639 -0.8259 -0.3205
vn 0.7674 -0.6257 -0.1403
vn 0.5095 -0.8259 0.2415
vn 0.5052 -0.6257 0.5944
vn 0.0783 -0.8125 0.5777
vn -0.0027 0.1738 -0.9848
vn 0.1226 0.2147 -0.9690
vn -0.4235 0.6623 -0.6181
vn -0.8937 0.2194 -0.3914
vn -0.7226 0.5545 -0.4127
vn -0.6800 0.4853 -0.5496
vn -0.8511 0.1458 -0.5043
vn -0.1312 0.4926 -0.8603
vn -0.3693 0.7325 -0.5719
vn -0.1400 0.7003 -0.7000
vn -0.0135 0.5531 -0.8330
vn -0.5155 0.3052 -0.8007
vn -0.3630 0.3952 -0.8438
vn -0.4584 0.7588 -0.4628
vn -0.1769 0.9469 -0.2685
vn -0.1414 0.9470 -0.2884
vn 0.0027 0.1738 0.9848
vn -0.1226 0.2147 0.9690
vn 0.4235 0.6623 0.6181
vn 0.6800 0.4853 0.5496
vn 0.8511 0.1458 0.5043
vn 0.8937 0.2194 0.3914
vn 0.7226 0.5545 0.4127
vn 0.1312 0.4926 0.8603
vn 0.3693 0.7325 0.5719
vn 0.1400 0.7003 0.7000
vn 0.0135 0.5531 0.8330
vn 0.5154 0.3054 0.8007
vn 0.3631 0.3951 0.8438
vn 0.4584 0.7586 0.4630
vn 0.1800 0.9464 0.2681
vn 0.1411 0.9470 0.2885
s 1
f 1//1 2//2 3//3
f 4//4 5//5 6//6
f 6//6 5//5 7//7
f 2//2 8//8 3//3
f 3//3 8//8 5//5
f 5//5 8//8 7//7
f 9//9 135//135 10//10
f 15//15 16//16 17//17
f 22//22 23//23 24//24
f 25//25 27//27 26//26
f 28//28 29//29 27//27
f 28//28 30//30 29//29
f 31//31 32//32 29//29
f 29//29 32//32 26//26
f 29//29 26//26 27//27
f 19//19 18//18 35//35
f 35//35 18//18 36//36
f 33//33 34//34 36//36
f 35//35 36//36 34//34
f 35//35 34//34 32//32
f 35//35 32//32 31//31
f 34//34 33//33 37//37
f 37//37 38//38 34//34
f 38//38 37//37 39//39
f 37//37 40//40 39//39
f 39//39 40//40 41//41
f 41//41 40//40 42//42
f 42//42 40//40 43//43
f 43//43 44//44 42//42
f 42//42 44//44 45//45
f 45//45 44//44 24//24
f 24//24 44//44 22//22
f 14//14 13//13 24//24
f 24//24 13//13 45//45
f 13//13 46//46 45//45
f 45//45 46//46 47//47
f 47//47 46//46 48//48
f 47//47 48//48 49//49
f 49//49 48//48 50//50
f 51//51 52//52 50//50
f 50//50 52//52 53//53
f 50//50 53//53 49//49
f 52//52 51//51 54//54
f 54//54 51//51 57//57
f 55//55 56//56 57//57
f 58//58 59//59 56//56
f 58//58 56//56 55//55
f 54//54 57//57 56//56
f 54//54 56//56 60//60
f 60//60 56//56 61//61
f 60//60 61//61 62//62
f 63//63 64//64 61//61
f 61//61 64//64 65//65
f 61//61 65//65 62//62
f 66//66 70//70 67//67
f 67//67 70//70 68//68
f 67//67 68//68 69//69
f 65//65 70//70 62//62
f 62//62 70//70 71//71
f 71//71 70//70 66//66
f 66//66 72//72 71//71
f 71//71 72//72 73//73
f 77//77 76//76 78//78
f 79//79 78//78 80//80
f 82//82 83//83 81//81
f 80//80 81//81 79//79
f 79//79 81//81 83//83
f 77//77 78//78 79//79
f 77//77 79//79 20//20
f 20//20 79//79 84//84
f 84//84 21//21 20//20
f 21//21 84//84 85//85
f 86//86 87//87 21//21
f 21//21 87//87 20//20
f 12//12 11//11 86//86
f 86//86 11//11 88//88
f 86//86 88//88 87//87
f 87//87 88//88 89//89
f 87//87 89//89 90//90
f 90//90 91//91 87//87
f 91//91 90//90 92//92
f 90//90 93//93 92//92
f 92//92 93//93 94//94
f 94//94 93//93 95//95
f 95//95 93//93 96//96
f 96//96 97//97 95//95
f 95//95 97//97 98//98
f 98//98 97//97 99//99
f 98//98 100//100 101//101
f 101//101 100//100 102//102
f 101//101 102//102 103//103
f 103//103 102//102 104//104
f 105//105 106//106 104//104
f 104//104 106//106 107//107
f 104//104 107//107 103//103
f 106//106 105//105 108//108
f 108//108 105//105 109//109
f 110//110 112//112 108//108
f 110//110 108//108 109//109
f 111//111 112//112 110//110
f 113//113 115//115 114//114
f 114//114 115//115 108//108
f 114//114 108//108 112//112
f 114//114 112//112 841//827
f 115//115 113//113 117//117
f 115//115 117//117 118//118
f 118//118 117//117 116//116
f 116//116 119//119 118//118
f 118//118 119//119 120//120
f 22//22 123//123 23//23
f 23//23 123//123 124//124
f 18//18 19//19 125//125
f 18//18 125//125 124//124
f 126//126 23//23 127//127
f 127//127 23//23 124//124
f 127//127 124//124 125//125
f 128//128 129//129 130//130
f 130//130 129//129 99//99
f 99//99 129//129 98//98
f 98//98 129//129 100//100
f 16//16 15//15 130//130
f 130//130 15//15 128//128
f 112//112 111//111 17//17
f 17//17 111//111 15//15
f 131//131 132//132 14//14
f 14//14 132//132 13//13
f 14//14 133//133 131//131
f 131//131 133//133 134//134
f 131//131 134//134 58//58
f 58//58 134//134 59//59
f 11//11 12//12 135//135
f 11//11 135//135 9//9
f 97//97 136//136 99//99
f 99//99 136//136 137//137
f 137//137 136//136 138//138
f 137//137 138//138 10//10
f 10//10 138//138 9//9
f 29//29 30//30 139//139
f 142//142 140//140 141//141
f 141//141 140//140 117//117
f 117//117 140//140 116//116
f 30//30 142//142 139//139
f 139//139 142//142 141//141
f 143//143 82//82 81//81
f 69//69 82//82 143//143
f 67//67 69//69 143//143
f 21//21 85//85 144//144
f 144//144 85//85 145//145
f 144//144 145//145 146//146
f 144//144 146//146 147//147
f 147//147 146//146 148//148
f 150//150 149//149 63//63
f 148//148 150//150 147//147
f 147//147 150//150 63//63
f 63//63 149//149 64//64
f 151//151 177//177 152//152
f 151//151 152//152 153//153
f 153//153 152//152 154//154
f 155//155 156//156 157//157
f 157//157 156//156 158//158
f 158//158 156//156 159//159
f 156//156 160//160 159//159
f 161//161 162//162 163//163
f 163//163 162//162 159//159
f 163//163 159//159 160//160
f 164//164 165//165 166//166
f 166//166 165//165 167//167
f 165//165 168//168 167//167
f 167//167 168//168 169//169
f 170//170 171//171 172//172
f 172//172 171//171 169//169
f 172//172 169//169 168//168
f 173//173 180//180 174//174
f 173//173 174//174 175//175
f 175//175 174//174 176//176
f 163//163 160//160 178//178
f 178//178 160//160 156//156
f 172//172 168//168 179//179
f 179//179 168//168 165//165
f 173//173 175//175 181//181
f 181//181 175//175 182//182
f 151//151 153//153 183//183
f 183//183 153//153 184//184
f 187//187 188//188 189//189
f 185//185 186//186 190//190
f 190//190 186//186 191//191
f 186//186 192//192 191//191
f 191//191 192//192 189//189
f 189//189 192//192 187//187
f 194//194 193//193 195//195
f 196//196 224//224 197//197
f 203//203 202//202 204//204
f 206//206 199//199 207//207
f 208//208 209//209 210//210
f 210//210 209//209 205//205
f 210//210 205//205 211//211
f 207//207 199//199 198//198
f 209//209 212//212 205//205
f 212//212 209//209 23//23
f 23//23 209//209 24//24
f 213//213 133//133 214//214
f 213//213 134//134 133//133
f 59//59 215//215 216//216
f 134//134 217//217 59//59
f 59//59 216//216 56//56
f 61//61 56//56 218//218
f 63//63 201//201 147//147
f 147//147 201//201 219//219
f 147//147 219//219 144//144
f 137//137 10//10 220//220
f 220//220 10//10 135//135
f 137//137 200//200 99//99
f 99//99 200//200 130//130
f 130//130 200//200 221//221
f 130//130 221//221 16//16
f 112//112 17//17 224//224
f 223//223 222//222 224//224
f 223//223 224//224 196//196
f 225//225 226//226 227//227
f 223//223 228//228 222//222
f 226//226 228//228 229//229
f 226//226 229//229 227//227
f 230//230 231//231 232//232
f 232//232 231//231 233//233
f 231//231 234//234 233//233
f 233//233 234//234 222//222
f 235//235 236//236 237//237
f 237//237 236//236 238//238
f 237//237 238//238 239//239
f 239//239 238//238 240//240
f 239//239 240//240 241//241
f 239//239 241//241 242//242
f 235//235 227//227 243//243
f 243//243 244//244 245//245
f 245//245 244//244 199//199
f 227//227 235//235 237//237
f 227//227 237//237 225//225
f 225//225 237//237 246//246
f 246//246 237//237 230//230
f 246//246 230//230 232//232
f 202//202 247//247 248//248
f 248//248 247//247 249//249
f 248//248 249//249 206//206
f 206//206 249//249 199//199
f 199//199 249//249 242//242
f 199//199 242//242 241//241
f 199//199 241//241 245//245
f 202//202 203//203 247//247
f 247//247 203//203 250//250
f 251//251 252//252 253//253
f 253//253 252//252 254//254
f 254//254 252//252 255//255
f 214//214 133//133 256//256
f 256//256 133//133 14//14
f 256//256 14//14 24//24
f 256//256 24//24 209//209
f 255//255 209//209 208//208
f 214//214 257//257 213//213
f 213//213 257//257 251//251
f 259//259 260//260 201//201
f 258//258 195//195 201//201
f 201//201 195//195 259//259
f 258//258 201//201 261//261
f 261//261 201//201 218//218
f 218//218 201//201 63//63
f 218//218 63//63 61//61
f 194//194 262//262 215//215
f 215//215 262//262 216//216
f 56//56 216//216 218//218
f 263//263 201//201 260//260
f 263//263 260//260 264//264
f 265//265 264//264 266//266
f 267//267 268//268 269//269
f 137//137 220//220 200//200
f 200//200 220//220 270//270
f 271//271 272//272 273//273
f 273//273 272//272 274//274
f 273//273 274//274 270//270
f 275//275 135//135 12//12
f 275//275 276//276 135//135
f 135//135 276//276 220//220
f 16//16 221//221 277//277
f 16//16 277//277 17//17
f 17//17 277//277 224//224
f 224//224 277//277 278//278
f 224//224 278//278 197//197
f 270//270 274//274 200//200
f 200//200 274//274 279//279
f 197//197 278//278 280//280
f 274//274 280//280 279//279
f 281//281 271//271 282//282
f 281//281 282//282 267//267
f 266//266 267//267 269//269
f 266//266 269//269 265//265
f 194//194 215//215 193//193
f 193//193 215//215 253//253
f 253//253 215//215 283//283
f 283//283 284//284 253//253
f 253//253 284//284 251//251
f 217//217 285//285 59//59
f 59//59 285//285 215//215
f 251//251 284//284 213//213
f 213//213 286//286 134//134
f 134//134 286//286 217//217
f 144//144 219//219 268//268
f 144//144 268//268 21//21
f 86//86 21//21 268//268
f 86//86 268//268 267//267
f 86//86 267//267 12//12
f 12//12 267//267 282//282
f 12//12 282//282 275//275
f 287//287 191//191 189//189
f 288//288 289//289 290//290
f 292//292 293//293 294//294
f 295//295 294//294 296//296
f 297//297 298//298 299//299
f 299//299 298//298 300//300
f 297//297 299//299 301//301
f 297//297 301//301 302//302
f 302//302 301//301 303//303
f 304//304 293//293 305//305
f 302//302 303//303 304//304
f 302//302 304//304 305//305
f 307//307 306//306 308//308
f 307//307 308//308 296//296
f 306//306 307//307 309//309
f 306//306 309//309 310//310
f 310//310 309//309 314//314
f 311//311 2//2 312//312
f 311//311 312//312 313//313
f 310//310 314//314 313//313
f 313//313 314//314 311//311
f 315//315 316//316 6//6
f 317//317 318//318 319//319
f 317//317 319//319 320//320
f 320//320 319//319 321//321
f 321//321 319//319 299//299
f 321//321 299//299 300//300
f 293//293 304//304 322//322
f 322//322 304//304 323//323
f 322//322 323//323 307//307
f 322//322 307//307 296//296
f 2//2 311//311 8//8
f 8//8 311//311 315//315
f 8//8 315//315 7//7
f 7//7 315//315 6//6
f 324//324 325//325 326//326
f 331//331 332//332 329//329
f 329//329 332//332 330//330
f 329//329 330//330 333//333
f 333//333 330//330 334//334
f 328//328 327//327 334//334
f 334//334 327//327 333//333
f 327//327 328//328 335//335
f 335//335 328//328 336//336
f 335//335 336//336 339//339
f 337//337 338//338 336//336
f 338//338 339//339 336//336
f 341//341 340//340 337//337
f 337//337 340//340 338//338
f 342//342 343//343 341//341
f 341//341 343//343 344//344
f 341//341 344//344 340//340
f 326//326 325//325 342//342
f 342//342 325//325 343//343
f 324//324 326//326 345//345
f 324//324 345//345 348//348
f 347//347 346//346 348//348
f 347//347 348//348 345//345
f 350//350 349//349 347//347
f 347//347 349//349 346//346
f 352//352 351//351 353//353
f 352//352 353//353 350//350
f 350//350 353//353 349//349
f 355//355 354//354 352//352
f 352//352 354//354 351//351
f 332//332 331//331 355//355
f 355//355 331//331 356//356
f 355//355 356//356 354//354
f 357//357 358//358 359//359
f 364//364 365//365 362//362
f 362//362 365//365 363//363
f 362//362 363//363 366//366
f 366//366 363//363 367//367
f 361//361 360//360 367//367
f 367//367 360//360 366//366
f 360//360 361//361 368//368
f 368//368 361//361 369//369
f 368//368 369//369 372//372
f 370//370 371//371 369//369
f 371//371 372//372 369//369
f 374//374 373//373 370//370
f 370//370 373//373 371//371
f 375//375 376//376 374//374
f 374//374 376//376 377//377
f 374//374 377//377 373//373
f 359//359 358//358 375//375
f 375//375 358//358 376//376
f 357//357 359//359 378//378
f 357//357 378//378 381//381
f 380//380 379//379 381//381
f 380//380 381//381 378//378
f 383//383 382//382 380//380
f 380//380 382//382 379//379
f 385//385 384//384 386//386
f 385//385 386//386 383//383
f 383//383 386//386 382//382
f 388//388 387//387 385//385
f 385//385 387//387 384//384
f 365//365 364//364 388//388
f 388//388 364//364 389//389
f 388//388 389//389 387//387
f 390//390 391//391 392//392
f 394//394 395//395 396//396
f 397//397 398//398 467//467
f 398//398 397//397 399//399
f 398//398 399//399 191//191
f 400//400 191//191 399//399
f 400//400 399//399 465//465
f 191//191 400//400 190//190
f 189//189 401//401 287//287
f 287//287 401//401 402//402
f 287//287 402//402 403//403
f 287//287 403//403 191//191
f 191//191 403//403 398//398
f 189//189 188//188 404//404
f 189//189 404//404 401//401
f 401//401 404//404 396//396
f 401//401 396//396 395//395
f 394//394 396//396 405//405
f 406//406 407//407 409//409
f 394//394 405//405 408//408
f 408//408 405//405 409//409
f 408//408 409//409 407//407
f 291//291 410//410 290//290
f 290//290 410//410 411//411
f 290//290 411//411 288//288
f 288//288 411//411 407//407
f 288//288 407//407 412//412
f 412//412 407//407 406//406
f 291//291 413//413 410//410
f 410//410 413//413 414//414
f 410//410 414//414 415//415
f 415//415 414//414 416//416
f 415//415 416//416 417//417
f 417//417 416//416 420//420
f 417//417 420//420 421//421
f 421//421 420//420 419//419
f 419//419 420//420 418//418
f 419//419 418//418 393//393
f 419//419 393//393 422//422
f 422//422 393//393 423//423
f 424//424 425//425 426//426
f 422//422 423//423 427//427
f 427//427 423//423 424//424
f 427//427 424//424 426//426
f 427//427 426//426 428//428
f 428//428 429//429 427//427
f 428//428 430//430 431//431
f 428//428 431//431 429//429
f 432//432 433//433 428//428
f 428//428 433//433 430//430
f 434//434 435//435 433//433
f 434//434 433//433 432//432
f 435//435 434//434 436//436
f 436//436 434//434 425//425
f 436//436 425//425 424//424
f 437//437 438//438 439//439
f 439//439 438//438 440//440
f 439//439 440//440 441//441
f 439//439 441//441 435//435
f 435//435 441//441 433//433
f 437//437 442//442 438//438
f 438//438 442//442 392//392
f 438//438 392//392 391//391
f 390//390 392//392 443//443
f 444//444 445//445 447//447
f 390//390 443//443 446//446
f 446//446 443//443 447//447
f 446//446 447//447 445//445
f 295//295 448//448 294//294
f 294//294 448//448 449//449
f 294//294 449//449 292//292
f 292//292 449//449 445//445
f 292//292 445//445 450//450
f 450//450 445//445 444//444
f 295//295 451//451 448//448
f 448//448 451//451 452//452
f 452//452 453//453 448//448
f 448//448 453//453 454//454
f 454//454 453//453 455//455
f 454//454 455//455 456//456
f 456//456 455//455 459//459
f 456//456 459//459 460//460
f 460//460 459//459 458//458
f 458//458 459//459 457//457
f 458//458 457//457 1//1
f 458//458 1//1 461//461
f 461//461 1//1 3//3
f 461//461 3//3 462//462
f 462//462 3//3 5//5
f 4//4 464//464 5//5
f 464//464 465//465 463//463
f 463//463 465//465 399//399
f 464//464 463//463 5//5
f 5//5 463//463 466//466
f 5//5 466//466 462//462
f 462//462 466//466 467//467
f 467//467 468//468 462//462
f 467//467 398//398 469//469
f 467//467 469//469 470//470
f 467//467 470//470 468//468
f 436//436 471//471 435//435
f 476//476 475//475 474//474
f 475//475 477//477 478//478
f 475//475 478//478 474//474
f 474//474 478//478 479//479
f 480//480 289//289 481//481
f 478//478 472//472 479//479
f 479//479 472//472 473//473
f 479//479 473//473 482//482
f 479//479 482//482 481//481
f 481//481 482//482 480//480
f 483//483 484//484 485//485
f 483//483 485//485 486//486
f 484//484 483//483 487//487
f 484//484 487//487 488//488
f 485//485 489//489 486//486
f 491//491 490//490 492//492
f 491//491 492//492 493//493
f 486//486 489//489 494//494
f 486//486 494//494 493//493
f 493//493 494//494 491//491
f 316//316 495//495 185//185
f 185//185 495//495 186//186
f 496//496 192//192 495//495
f 495//495 192//192 186//186
f 476//476 187//187 475//475
f 475//475 187//187 496//496
f 496//496 187//187 192//192
f 289//289 480//480 497//497
f 497//497 480//480 498//498
f 497//497 498//498 484//484
f 497//497 484//484 488//488
f 490//490 491//491 499//499
f 499//499 491//491 500//500
f 499//499 500//500 501//501
f 501//501 500//500 502//502
f 502//502 500//500 318//318
f 507//507 508//508 475//475
f 314//314 509//509 510//510
f 511//511 504//504 512//512
f 513//513 514//514 515//515
f 516//516 517//517 518//518
f 521//521 522//522 523//523
f 522//522 521//521 524//524
f 319//319 527//527 515//515
f 515//515 527//527 528//528
f 515//515 528//528 529//529
f 515//515 529//529 530//530
f 559//559 530//530 531//531
f 559//559 531//531 532//532
f 318//318 533//533 319//319
f 319//319 533//533 527//527
f 318//318 532//532 533//533
f 534//534 535//535 536//536
f 525//525 537//537 538//538
f 538//538 537//537 539//539
f 536//536 535//535 540//540
f 536//536 540//540 539//539
f 539//539 540//540 541//541
f 539//539 541//541 538//538
f 538//538 541//541 542//542
f 542//542 541//541 543//543
f 542//542 543//543 508//508
f 508//508 543//543 475//475
f 537//537 525//525 526//526
f 537//537 526//526 544//544
f 544//544 526//526 545//545
f 544//544 545//545 546//546
f 548//548 549//549 547//547
f 547//547 549//549 550//550
f 547//547 550//550 546//546
f 523//523 551//551 552//552
f 523//523 552//552 521//521
f 520//520 519//519 553//553
f 520//520 553//553 554//554
f 554//554 555//555 556//556
f 556//556 555//555 552//552
f 557//557 558//558 518//518
f 518//518 558//558 514//514
f 518//518 514//514 516//516
f 513//513 515//515 559//559
f 595//592 506//506 560//560
f 595//592 560//560 559//559
f 561//561 562//562 563//563
f 563//563 562//562 564//564
f 562//562 506//506 505//505
f 562//562 505//505 564//564
f 561//561 565//565 511//511
f 511//511 565//565 566//566
f 561//561 567//567 565//565
f 534//534 536//536 568//568
f 534//534 568//568 512//512
f 571//571 520//520 554//554
f 554//554 570//570 571//571
f 573//573 572//572 520//520
f 573//573 520//520 571//571
f 574//574 569//569 323//323
f 304//304 572//572 574//574
f 314//314 510//510 523//523
f 523//523 510//510 575//575
f 523//523 575//575 551//551
f 509//509 314//314 309//309
f 509//509 309//309 576//576
f 551//551 577//577 552//552
f 552//552 577//577 556//556
f 578//578 579//579 546//546
f 546//546 579//579 547//547
f 547//547 579//579 580//576
f 578//578 546//546 581//580
f 581//580 546//546 582//581
f 581//580 582//581 583//582
f 315//315 503//503 583//582
f 507//507 475//475 496//496
f 507//507 496//496 584//583
f 584//583 496//496 526//526
f 485//485 566//566 586//585
f 485//485 586//585 489//489
f 489//489 586//585 585//584
f 489//489 585//584 563//563
f 563//563 587//586 561//561
f 561//561 587//586 567//567
f 557//557 518//518 588//587
f 588//587 518//518 299//299
f 588//587 299//299 589//588
f 558//558 591//575 514//514
f 514//514 591//575 515//515
f 563//563 564//564 592//589
f 592//589 593//590 494//494
f 494//494 593//590 594//591
f 494//494 594//591 491//491
f 491//491 594//591 595//592
f 506//506 595//592 596//593
f 506//506 596//593 505//505
f 597//594 566//566 598//595
f 598//595 566//566 485//485
f 598//595 485//485 484//484
f 598//595 484//484 599//596
f 599//596 484//484 498//498
f 597//594 600//597 566//566
f 504//504 601//598 512//512
f 512//512 601//598 602//599
f 512//512 602//599 498//498
f 498//498 602//599 599//596
f 600//597 504//504 566//566
f 566//566 504//504 511//511
f 532//532 318//318 559//559
f 590//573 589//588 319//319
f 319//319 589//588 299//299
f 299//299 518//518 301//301
f 304//304 303//303 520//520
f 304//304 574//574 323//323
f 548//548 604//601 549//549
f 549//549 604//601 524//524
f 524//524 604//601 522//522
f 315//315 311//311 547//547
f 315//315 547//547 503//503
f 503//503 547//547 580//576
f 315//315 583//582 582//581
f 315//315 582//581 316//316
f 475//475 543//543 477//477
f 473//473 534//534 482//482
f 605//602 606//603 512//512
f 512//512 606//603 534//534
f 606//603 607//569 534//534
f 534//534 607//569 482//482
f 482//482 607//569 608//570
f 482//482 608//570 609//571
f 482//482 609//571 480//480
f 480//480 609//571 498//498
f 609//571 610//573 498//498
f 498//498 610//573 512//512
f 512//512 610//573 605//602
f 592//589 494//494 563//563
f 563//563 494//494 489//489
f 318//318 500//500 611//579
f 611//579 612//604 318//318
f 318//318 612//604 559//559
f 559//559 612//604 613//605
f 613//605 614//606 559//559
f 559//559 614//606 595//592
f 595//592 614//606 615//580
f 595//592 615//580 500//500
f 595//592 500//500 491//491
f 615//580 616//578 500//500
f 500//500 616//578 611//579
f 323//323 617//607 307//307
f 307//307 617//607 618//608
f 307//307 618//608 309//309
f 309//309 618//608 619//609
f 309//309 619//609 556//556
f 556//556 619//609 620//610
f 556//556 620//610 621//611
f 556//556 621//611 554//554
f 554//554 621//611 622//612
f 520//520 623//613 519//519
f 301//301 624//614 303//303
f 303//303 624//614 520//520
f 623//613 625//615 519//519
f 519//519 625//615 516//516
f 516//516 625//615 517//517
f 301//301 518//518 626//616
f 301//301 626//616 624//614
f 582//581 627//617 316//316
f 316//316 627//617 495//495
f 495//495 627//617 628//618
f 495//495 628//618 496//496
f 496//496 628//618 629//619
f 496//496 629//619 526//526
f 526//526 629//619 630//620
f 526//526 630//620 545//545
f 546//546 545//545 631//621
f 546//546 631//621 582//581
f 523//523 632//528 314//314
f 314//314 632//528 633//622
f 314//314 633//622 311//311
f 311//311 633//622 547//547
f 570//570 554//554 569//569
f 569//569 554//554 603//600
f 603//600 554//554 622//612
f 323//323 569//569 603//600
f 323//323 603//600 617//607
f 576//576 309//309 556//556
f 304//304 520//520 572//572
f 590//573 319//319 515//515
f 515//515 530//530 559//559
f 524//524 521//521 281//281
f 198//198 561//561 211//211
f 199//199 562//562 198//198
f 198//198 562//562 561//561
f 244//244 506//506 199//199
f 199//199 506//506 562//562
f 506//506 244//244 560//560
f 560//560 244//244 243//243
f 560//560 243//243 559//559
f 559//559 243//243 227//227
f 559//559 227//227 513//513
f 513//513 227//227 229//229
f 513//513 229//229 514//514
f 514//514 229//229 228//228
f 514//514 228//228 516//516
f 197//197 519//519 196//196
f 228//228 223//223 516//516
f 516//516 223//223 196//196
f 516//516 196//196 519//519
f 519//519 197//197 553//553
f 553//553 197//197 280//280
f 553//553 280//280 554//554
f 554//554 280//280 274//274
f 554//554 274//274 555//555
f 555//555 274//274 272//272
f 555//555 272//272 552//552
f 552//552 272//272 271//271
f 552//552 271//271 521//521
f 521//521 271//271 281//281
f 281//281 267//267 524//524
f 524//524 267//267 549//549
f 549//549 267//267 266//266
f 549//549 266//266 550//550
f 550//550 266//266 264//264
f 550//550 264//264 546//546
f 546//546 264//264 260//260
f 546//546 260//260 544//544
f 544//544 260//260 259//259
f 544//544 259//259 537//537
f 259//259 195//195 537//537
f 537//537 195//195 539//539
f 539//539 195//195 193//193
f 539//539 193//193 536//536
f 536//536 193//193 253//253
f 536//536 253//253 254//254
f 561//561 511//511 211//211
f 211//211 511//511 210//210
f 210//210 511//511 208//208
f 208//208 511//511 512//512
f 208//208 512//512 255//255
f 255//255 512//512 568//568
f 255//255 568//568 254//254
f 254//254 568//568 536//536
f 433//433 120//120 121//121
f 433//433 121//121 430//430
f 430//430 121//121 431//431
f 431//431 121//121 122//122
f 431//431 122//122 429//429
f 25//25 427//427 429//429
f 25//25 429//429 122//122
f 398//398 73//73 74//74
f 398//398 74//74 469//469
f 469//469 74//74 470//470
f 470//470 74//74 75//75
f 470//470 75//75 468//468
f 76//76 462//462 468//468
f 76//76 468//468 75//75
f 417//417 38//38 39//39
f 417//417 39//39 415//415
f 415//415 39//39 41//41
f 415//415 41//41 410//410
f 410//410 41//41 42//42
f 410//410 42//42 411//411
f 411//411 42//42 45//45
f 411//411 45//45 407//407
f 407//407 45//45 47//47
f 407//407 47//47 408//408
f 408//408 47//47 49//49
f 408//408 49//49 394//394
f 394//394 49//49 53//53
f 394//394 53//53 52//52
f 32//32 422//422 26//26
f 26//26 422//422 427//427
f 26//26 427//427 25//25
f 73//73 398//398 71//71
f 71//71 398//398 403//403
f 71//71 403//403 62//62
f 62//62 403//403 402//402
f 120//120 433//433 118//118
f 118//118 433//433 441//441
f 118//118 441//441 115//115
f 115//115 441//441 440//440
f 20//20 461//461 77//77
f 77//77 461//461 462//462
f 77//77 462//462 76//76
f 106//106 390//390 107//107
f 107//107 390//390 103//103
f 103//103 390//390 446//446
f 103//103 446//446 101//101
f 101//101 446//446 445//445
f 101//101 445//445 98//98
f 98//98 445//445 449//449
f 98//98 449//449 95//95
f 95//95 449//449 448//448
f 95//95 448//448 94//94
f 94//94 448//448 454//454
f 94//94 454//454 92//92
f 92//92 454//454 456//456
f 92//92 456//456 91//91
f 91//91 456//456 460//460
f 91//91 460//460 87//87
f 87//87 460//460 458//458
f 87//87 458//458 20//20
f 20//20 458//458 461//461
f 54//54 395//395 52//52
f 52//52 395//395 394//394
f 62//62 402//402 60//60
f 60//60 402//402 401//401
f 60//60 401//401 54//54
f 54//54 401//401 395//395
f 38//38 417//417 421//421
f 38//38 421//421 34//34
f 34//34 421//421 419//419
f 34//34 419//419 32//32
f 32//32 419//419 422//422
f 115//115 440//440 438//438
f 115//115 438//438 108//108
f 108//108 438//438 391//391
f 108//108 391//391 106//106
f 106//106 391//391 390//390
f 634//623 361//361 635//624
f 635//624 361//361 367//367
f 635//624 367//367 363//363
f 635//624 363//363 636//625
f 636//625 363//363 365//365
f 636//625 365//365 637//626
f 637//626 365//365 388//388
f 637//626 388//388 385//385
f 637//626 385//385 638//627
f 385//385 383//383 638//627
f 638//627 383//383 380//380
f 638//627 380//380 378//378
f 638//627 378//378 639//628
f 639//628 378//378 359//359
f 639//628 359//359 640//629
f 640//629 359//359 375//375
f 640//629 375//375 374//374
f 640//629 374//374 634//623
f 634//623 374//374 370//370
f 634//623 370//370 369//369
f 634//623 369//369 361//361
f 641//630 637//626 642//631
f 642//631 637//626 643//632
f 643//632 637//626 638//627
f 643//632 638//627 644//633
f 644//633 638//627 645//634
f 645//634 638//627 639//628
f 645//634 639//628 646//635
f 646//635 639//628 640//629
f 646//635 640//629 647//636
f 647//636 640//629 648//637
f 648//637 640//629 634//623
f 648//637 634//623 649//638
f 649//638 634//623 650//639
f 650//639 634//623 635//624
f 650//639 635//624 651//640
f 651//640 635//624 652//641
f 652//641 635//624 636//625
f 652//641 636//625 641//630
f 641//630 636//625 637//626
f 653//642 654//643 655//644
f 655//644 654//643 652//641
f 655//644 652//641 656//645
f 656//645 652//641 657//646
f 656//645 657//646 658//647
f 658//647 657//646 659//648
f 658//647 659//648 660//649
f 660//649 659//648 645//634
f 660//649 645//634 661//650
f 661//650 645//634 662//651
f 661//650 662//651 663//652
f 663//652 662//651 664//653
f 663//652 664//653 653//642
f 653//642 664//653 654//643
f 665//654 328//328 666//655
f 666//655 328//328 334//334
f 666//655 334//334 330//330
f 666//655 330//330 667//656
f 667//656 330//330 332//332
f 667//656 332//332 668//657
f 668//657 332//332 355//355
f 668//657 355//355 352//352
f 668//657 352//352 669//658
f 352//352 350//350 669//658
f 669//658 350//350 347//347
f 669//658 347//347 345//345
f 669//658 345//345 670//659
f 670//659 345//345 326//326
f 670//659 326//326 671//660
f 671//660 326//326 342//342
f 671//660 342//342 341//341
f 671//660 341//341 665//654
f 665//654 341//341 337//337
f 665//654 337//337 336//336
f 665//654 336//336 328//328
f 672//661 671//660 673//662
f 673//662 671//660 665//654
f 673//662 665//654 674//663
f 674//663 665//654 675//664
f 675//664 665//654 666//655
f 675//664 666//655 676//665
f 676//665 666//655 677//666
f 677//666 666//655 667//656
f 677//666 667//656 678//667
f 678//667 667//656 668//657
f 678//667 668//657 679//668
f 679//668 668//657 680//669
f 680//669 668//657 669//658
f 680//669 669//658 681//670
f 681//670 669//658 682//671
f 682//671 669//658 670//659
f 682//671 670//659 683//672
f 683//672 670//659 671//660
f 683//672 671//660 672//661
f 684//673 685//674 686//675
f 684//673 686//675 687//676
f 687//676 686//675 677//666
f 687//676 677//666 688//677
f 688//677 677//666 689//678
f 688//677 689//678 690//679
f 690//679 689//678 691//680
f 690//679 691//680 692//681
f 692//681 691//680 682//671
f 692//681 682//671 693//682
f 693//682 682//671 694//683
f 693//682 694//683 695//684
f 695//684 694//683 685//674
f 695//684 685//674 684//673
f 6//6 316//316 696//685
f 696//685 316//316 185//185
f 502//502 318//318 471//471
f 471//471 318//318 317//317
f 690//679 697//686 426//426
f 693//682 428//428 426//426
f 693//682 426//426 697//686
f 428//428 693//682 698//687
f 428//428 698//687 699//688
f 428//428 699//688 432//432
f 432//432 699//688 700//689
f 432//432 700//689 434//434
f 434//434 700//689 701//690
f 690//679 426//426 425//425
f 690//679 425//425 702//691
f 702//691 425//425 701//690
f 701//690 425//425 434//434
f 658//647 703//692 466//466
f 661//650 467//467 466//466
f 661//650 466//466 703//692
f 467//467 661//650 704//693
f 467//467 704//693 653//642
f 467//467 653//642 397//397
f 397//397 653//642 705//694
f 397//397 705//694 399//399
f 399//399 705//694 655//644
f 658//647 466//466 463//463
f 658//647 463//463 706//695
f 706//695 463//463 655//644
f 655//644 463//463 399//399
f 706//695 656//645 658//647
f 703//692 658//647 660//649
f 703//692 660//649 661//650
f 704//693 661//650 663//652
f 704//693 663//652 653//642
f 705//694 653//642 655//644
f 706//695 655//644 656//645
f 677//666 686//675 676//665
f 676//665 686//675 675//664
f 675//664 686//675 685//674
f 675//664 685//674 674//663
f 674//663 685//674 673//662
f 673//662 685//674 694//683
f 673//662 694//683 672//661
f 672//661 694//683 683//672
f 683//672 694//683 682//671
f 682//671 691//680 681//670
f 681//670 691//680 680//669
f 680//669 691//680 689//678
f 680//669 689//678 679//668
f 679//668 689//678 678//667
f 678//667 689//678 677//666
f 647//636 662//651 646//635
f 646//635 662//651 645//634
f 645//634 659//648 644//633
f 644//633 659//648 643//632
f 643//632 659//648 657//646
f 643//632 657//646 642//631
f 642//631 657//646 641//630
f 641//630 657//646 652//641
f 652//641 654//643 651//640
f 651//640 654//643 650//639
f 650//639 654//643 664//653
f 650//639 664//653 649//638
f 649//638 664//653 648//637
f 648//637 664//653 662//651
f 648//637 662//651 647//636
f 571//571 707//696 573//573
f 573//573 707//696 708//697
f 573//573 708//697 572//572
f 572//572 708//697 709//698
f 572//572 709//698 574//574
f 574//574 709//698 710//699
f 574//574 710//699 569//569
f 569//569 710//699 711//700
f 569//569 711//700 570//570
f 570//570 711//700 712//701
f 570//570 712//701 571//571
f 571//571 712//701 707//696
f 708//697 278//278 709//698
f 709//698 278//278 277//277
f 709//698 277//277 710//699
f 710//699 277//277 221//221
f 710//699 221//221 711//700
f 711//700 221//221 200//200
f 711//700 200//200 712//701
f 712//701 200//200 279//279
f 712//701 279//279 707//696
f 707//696 279//279 280//280
f 707//696 280//280 708//697
f 708//697 280//280 278//278
f 551//551 713//702 577//577
f 577//577 713//702 714//703
f 577//577 714//703 556//556
f 556//556 714//703 715//704
f 556//556 715//704 576//576
f 576//576 715//704 716//705
f 576//576 716//705 509//509
f 509//509 716//705 717//706
f 509//509 717//706 718//707
f 509//509 718//707 510//510
f 510//510 718//707 719//708
f 510//510 719//708 575//575
f 575//575 719//708 551//551
f 551//551 719//708 713//702
f 714//703 271//271 715//704
f 715//704 271//271 273//273
f 715//704 273//273 716//705
f 716//705 273//273 270//270
f 716//705 270//270 717//706
f 717//706 270//270 220//220
f 717//706 220//220 718//707
f 718//707 220//220 276//276
f 718//707 276//276 719//708
f 719//708 276//276 275//275
f 719//708 275//275 713//702
f 713//702 275//275 282//282
f 713//702 282//282 714//703
f 714//703 282//282 271//271
f 578//578 720//709 579//579
f 579//579 720//709 721//710
f 579//579 721//710 580//576
f 580//576 721//710 722//711
f 580//576 722//711 503//503
f 503//503 722//711 723//712
f 503//503 723//712 583//582
f 583//582 723//712 724//713
f 583//582 724//713 581//580
f 581//580 724//713 725//714
f 581//580 725//714 578//578
f 578//578 725//714 720//709
f 720//709 263//263 721//710
f 721//710 263//263 264//264
f 721//710 264//264 265//265
f 721//710 265//265 722//711
f 722//711 265//265 269//269
f 722//711 269//269 723//712
f 723//712 269//269 268//268
f 723//712 268//268 724//713
f 724//713 268//268 219//219
f 724//713 219//219 725//714
f 725//714 219//219 201//201
f 725//714 201//201 720//709
f 720//709 201//201 263//263
f 508//508 726//715 542//542
f 542//542 726//715 538//538
f 538//538 726//715 727//716
f 538//538 727//716 525//525
f 525//525 727//716 728//717
f 525//525 728//717 729//718
f 525//525 729//718 526//526
f 526//526 729//718 584//583
f 584//583 729//718 730//719
f 584//583 730//719 507//507
f 507//507 730//719 731//720
f 507//507 731//720 732//721
f 507//507 732//721 508//508
f 508//508 732//721 726//715
f 726//715 262//262 727//716
f 727//716 262//262 194//194
f 727//716 194//194 728//717
f 728//717 194//194 195//195
f 728//717 195//195 729//718
f 729//718 195//195 258//258
f 729//718 258//258 730//719
f 730//719 258//258 261//261
f 730//719 261//261 731//720
f 731//720 261//261 218//218
f 731//720 218//218 732//721
f 732//721 218//218 216//216
f 732//721 216//216 726//715
f 726//715 216//216 262//262
f 609//571 733//722 610//573
f 610//573 733//722 734//723
f 610//573 734//723 605//602
f 605//602 734//723 735//724
f 605//602 735//724 606//603
f 606//603 735//724 736//725
f 606//603 736//725 607//569
f 607//569 736//725 737//726
f 607//569 737//726 608//570
f 608//570 737//726 738//727
f 608//570 738//727 609//571
f 609//571 738//727 733//722
f 734//723 256//256 209//209
f 734//723 209//209 735//724
f 735//724 209//209 255//255
f 735//724 255//255 736//725
f 736//725 255//255 252//252
f 736//725 252//252 737//726
f 737//726 252//252 251//251
f 737//726 251//251 738//727
f 738//727 251//251 257//257
f 738//727 257//257 733//722
f 733//722 257//257 214//214
f 733//722 214//214 256//256
f 733//722 256//256 734//723
f 586//585 739//728 740//729
f 586//585 740//729 585//584
f 585//584 740//729 741//730
f 585//584 741//730 563//563
f 563//563 741//730 587//586
f 587//586 741//730 742//731
f 587//586 742//731 567//567
f 567//567 742//731 743//732
f 567//567 743//732 565//565
f 565//565 743//732 744//733
f 565//565 744//733 566//566
f 566//566 744//733 745//734
f 566//566 745//734 586//585
f 586//585 745//734 739//728
f 744//733 205//205 204//204
f 744//733 204//204 745//734
f 745//734 204//204 202//202
f 745//734 202//202 739//728
f 739//728 202//202 740//729
f 740//729 202//202 248//248
f 740//729 248//248 741//730
f 741//730 248//248 206//206
f 741//730 206//206 207//207
f 741//730 207//207 742//731
f 742//731 207//207 198//198
f 742//731 198//198 743//732
f 743//732 198//198 211//211
f 743//732 211//211 205//205
f 743//732 205//205 744//733
f 616//578 746//709 611//579
f 611//579 746//709 747//735
f 611//579 747//735 612//604
f 612//604 747//735 748//711
f 612//604 748//711 613//605
f 613//605 748//711 749//712
f 613//605 749//712 614//606
f 614//606 749//712 750//736
f 614//606 750//736 615//580
f 615//580 750//736 751//737
f 615//580 751//737 616//578
f 616//578 751//737 746//709
f 746//709 241//241 747//735
f 747//735 241//241 240//240
f 747//735 240//240 238//238
f 747//735 238//238 748//711
f 748//711 238//238 236//236
f 748//711 236//236 749//712
f 749//712 236//236 235//235
f 749//712 235//235 750//736
f 750//736 235//235 243//243
f 750//736 243//243 751//737
f 751//737 243//243 245//245
f 751//737 245//245 746//709
f 746//709 245//245 241//241
f 515//515 752//738 590//573
f 590//573 752//738 753//739
f 590//573 753//739 589//588
f 589//588 753//739 754//740
f 589//588 754//740 755//741
f 589//588 755//741 588//587
f 588//587 755//741 756//742
f 588//587 756//742 557//557
f 557//557 756//742 757//743
f 557//557 757//743 558//558
f 558//558 757//743 758//744
f 558//558 758//744 591//575
f 591//575 758//744 515//515
f 515//515 758//744 752//738
f 756//742 233//233 222//222
f 756//742 222//222 757//743
f 757//743 222//222 758//744
f 758//744 222//222 228//228
f 758//744 228//228 752//738
f 752//738 228//228 226//226
f 752//738 226//226 753//739
f 753//739 226//226 225//225
f 753//739 225//225 246//246
f 753//739 246//246 754//740
f 754//740 246//246 755//741
f 755//741 246//246 232//232
f 755//741 232//232 233//233
f 755//741 233//233 756//742
f 291//291 488//488 22//22
f 22//22 488//488 487//487
f 22//22 487//487 123//123
f 123//123 487//487 483//483
f 123//123 483//483 124//124
f 124//124 483//483 486//486
f 124//124 486//486 18//18
f 18//18 486//486 493//493
f 18//18 493//493 492//492
f 18//18 492//492 36//36
f 490//490 393//393 492//492
f 36//36 492//492 393//393
f 418//418 33//33 393//393
f 393//393 33//33 36//36
f 420//420 37//37 418//418
f 418//418 37//37 33//33
f 414//414 43//43 416//416
f 416//416 43//43 40//40
f 416//416 40//40 420//420
f 420//420 40//40 37//37
f 43//43 414//414 44//44
f 44//44 414//414 413//413
f 291//291 22//22 413//413
f 413//413 22//22 44//44
f 188//188 187//187 55//55
f 55//55 187//187 476//476
f 55//55 476//476 58//58
f 58//58 476//476 474//474
f 481//481 132//132 479//479
f 479//479 132//132 131//131
f 479//479 131//131 474//474
f 474//474 131//131 58//58
f 132//132 481//481 13//13
f 13//13 481//481 289//289
f 13//13 289//289 288//288
f 412//412 46//46 288//288
f 288//288 46//46 13//13
f 46//46 412//412 406//406
f 46//46 406//406 48//48
f 48//48 406//406 409//409
f 396//396 51//51 405//405
f 405//405 51//51 50//50
f 405//405 50//50 409//409
f 409//409 50//50 48//48
f 51//51 396//396 404//404
f 51//51 404//404 57//57
f 188//188 55//55 404//404
f 404//404 55//55 57//57
f 100//100 450//450 444//444
f 100//100 444//444 102//102
f 102//102 444//444 447//447
f 392//392 105//105 443//443
f 443//443 105//105 104//104
f 443//443 104//104 447//447
f 447//447 104//104 102//102
f 105//105 392//392 442//442
f 105//105 442//442 109//109
f 450//450 100//100 292//292
f 292//292 100//100 129//129
f 437//437 110//110 442//442
f 442//442 110//110 109//109
f 437//437 300//300 110//110
f 110//110 300//300 298//298
f 110//110 298//298 111//111
f 111//111 298//298 297//297
f 305//305 128//128 302//302
f 302//302 128//128 15//15
f 302//302 15//15 297//297
f 297//297 15//15 111//111
f 128//128 305//305 129//129
f 129//129 305//305 293//293
f 129//129 293//293 292//292
f 459//459 90//90 457//457
f 457//457 90//90 89//89
f 453//453 96//96 455//455
f 455//455 96//96 93//93
f 455//455 93//93 459//459
f 459//459 93//93 90//90
f 96//96 453//453 452//452
f 96//96 452//452 97//97
f 97//97 452//452 451//451
f 457//457 89//89 1//1
f 1//1 89//89 88//88
f 295//295 136//136 451//451
f 451//451 136//136 97//97
f 295//295 296//296 136//136
f 136//136 296//296 308//308
f 136//136 308//308 138//138
f 138//138 308//308 306//306
f 138//138 306//306 9//9
f 9//9 306//306 310//310
f 9//9 310//310 11//11
f 11//11 310//310 313//313
f 11//11 313//313 312//312
f 11//11 312//312 88//88
f 2//2 1//1 312//312
f 88//88 312//312 1//1
f 759//745 505//505 596//593
f 759//745 596//593 760//746
f 760//746 596//593 595//592
f 760//746 595//592 761//747
f 761//747 595//592 594//591
f 761//747 594//591 762//748
f 762//748 594//591 593//590
f 762//748 593//590 763//749
f 763//749 593//590 592//589
f 763//749 592//589 764//750
f 764//750 592//589 564//564
f 764//750 564//564 765//751
f 765//751 564//564 505//505
f 765//751 505//505 759//745
f 763//749 765//751 759//745
f 763//749 764//750 765//751
f 763//749 761//747 762//748
f 759//745 760//746 763//749
f 763//749 760//746 761//747
f 766//752 528//528 767//753
f 767//753 528//528 527//527
f 767//753 527//527 768//754
f 768//754 527//527 533//533
f 768//754 533//533 769//755
f 769//755 533//533 532//532
f 769//755 532//532 770//756
f 770//756 532//532 531//531
f 770//756 531//531 530//530
f 770//756 530//530 771//757
f 771//757 530//530 772//758
f 772//758 530//530 529//529
f 772//758 529//529 766//752
f 766//752 529//529 528//528
f 770//756 771//757 772//758
f 772//758 769//755 770//756
f 767//753 768//754 772//758
f 772//758 768//754 769//755
f 772//758 766//752 767//753
f 773//759 582//581 774//760
f 774//760 582//581 631//621
f 774//760 631//621 545//545
f 774//760 545//545 775//761
f 775//761 545//545 776//762
f 776//762 545//545 630//620
f 776//762 630//620 777//763
f 777//763 630//620 629//619
f 777//763 629//619 778//764
f 778//764 629//619 628//618
f 778//764 628//618 779//765
f 779//765 628//618 627//617
f 779//765 627//617 773//759
f 773//759 627//617 582//581
f 774//760 775//761 776//762
f 776//762 773//759 774//760
f 778//764 779//765 776//762
f 776//762 779//765 773//759
f 776//762 777//763 778//764
f 780//766 504//504 781//767
f 781//767 504//504 600//597
f 781//767 600//597 782//768
f 782//768 600//597 597//594
f 782//768 597//594 783//769
f 783//769 597//594 598//595
f 783//769 598//595 784//770
f 784//770 598//595 599//596
f 784//770 599//596 785//771
f 785//771 599//596 602//599
f 785//771 602//599 786//772
f 786//772 602//599 601//598
f 786//772 601//598 504//504
f 786//772 504//504 780//766
f 786//772 780//766 781//767
f 781//767 785//771 786//772
f 783//769 784//770 781//767
f 781//767 784//770 785//771
f 781//767 782//768 783//769
f 787//773 543//543 788//774
f 788//774 543//543 541//541
f 788//774 541//541 789//775
f 789//775 541//541 540//540
f 789//775 540//540 790//776
f 790//776 540//540 535//535
f 790//776 535//535 791//777
f 791//777 535//535 534//534
f 791//777 534//534 793//779
f 793//779 534//534 473//473
f 788//774 789//775 792//778
f 792//778 789//775 790//776
f 792//778 790//776 793//779
f 793//779 790//776 791//777
f 788//774 792//778 794//780
f 788//774 794//780 787//773
f 795//781 632//528 796//782
f 796//782 632//528 523//523
f 796//782 523//523 797//783
f 797//783 523//523 522//522
f 797//783 522//522 798//784
f 798//784 522//522 604//601
f 798//784 604//601 799//785
f 799//785 604//601 548//548
f 799//785 548//548 800//786
f 800//786 548//548 547//547
f 800//786 547//547 801//787
f 801//787 547//547 633//622
f 801//787 633//622 795//781
f 795//781 633//622 632//528
f 796//782 798//784 799//785
f 796//782 797//783 798//784
f 796//782 801//787 795//781
f 799//785 800//786 796//782
f 796//782 800//786 801//787
f 802//788 617//607 803//789
f 803//789 617//607 603//600
f 803//789 603//600 804//790
f 804//790 603//600 622//612
f 804//790 622//612 621//611
f 804//790 621//611 805//791
f 805//791 621//611 806//792
f 806//792 621//611 620//610
f 806//792 620//610 807//793
f 807//793 620//610 619//609
f 807//793 619//609 808//794
f 808//794 619//609 618//608
f 808//794 618//608 802//788
f 802//788 618//608 617//607
f 804//790 805//791 806//792
f 806//792 803//789 804//790
f 808//794 802//788 806//792
f 806//792 802//788 803//789
f 806//792 807//793 808//794
f 809//795 520//520 810//796
f 810//796 520//520 624//614
f 810//796 624//614 811//797
f 811//797 624//614 626//616
f 811//797 626//616 812//798
f 812//798 626//616 518//518
f 812//798 518//518 813//799
f 813//799 518//518 517//517
f 813//799 517//517 814//800
f 814//800 517//517 625//615
f 814//800 625//615 815//801
f 815//801 625//615 623//613
f 815//801 623//613 809//795
f 809//795 623//613 520//520
f 814//800 812//798 813//799
f 814//800 810//796 811//797
f 814//800 811//797 812//798
f 815//801 809//795 814//800
f 814//800 809//795 810//796
f 293//293 322//322 294//294
f 294//294 322//322 296//296
f 289//289 497//497 290//290
f 290//290 497//497 291//291
f 291//291 497//497 488//488
f 393//393 490//490 423//423
f 300//300 437//437 439//439
f 471//471 436//436 502//502
f 490//490 499//499 423//423
f 423//423 499//499 424//424
f 499//499 501//501 424//424
f 424//424 501//501 436//436
f 436//436 501//501 502//502
f 435//435 321//321 439//439
f 439//439 321//321 300//300
f 471//471 317//317 320//320
f 471//471 320//320 435//435
f 435//435 320//320 321//321
f 698//687 695//684 699//688
f 699//688 695//684 684//673
f 699//688 684//673 700//689
f 700//689 684//673 687//676
f 700//689 687//676 701//690
f 701//690 687//676 702//691
f 702//691 687//676 688//677
f 702//691 688//677 690//679
f 697//686 690//679 692//681
f 697//686 692//681 693//682
f 698//687 693//682 695//684
f 67//67 143//143 816//802
f 816//802 143//143 81//81
f 817//803 78//78 76//76
f 817//803 76//76 818//804
f 818//804 76//76 75//75
f 377//377 376//376 358//358
f 818//804 75//75 819//805
f 819//805 75//75 74//74
f 819//805 74//74 820//806
f 820//806 74//74 73//73
f 820//806 73//73 72//72
f 67//67 362//362 66//66
f 66//66 362//362 366//366
f 66//66 366//366 360//360
f 66//66 360//360 72//72
f 72//72 360//360 368//368
f 72//72 368//368 372//372
f 72//72 372//372 820//806
f 820//806 372//372 371//371
f 820//806 371//371 373//373
f 820//806 373//373 819//805
f 819//805 373//373 377//377
f 819//805 377//377 358//358
f 819//805 358//358 818//804
f 818//804 358//358 357//357
f 818//804 357//357 817//803
f 817//803 357//357 381//381
f 817//803 381//381 379//379
f 817//803 379//379 78//78
f 78//78 379//379 382//382
f 78//78 382//382 386//386
f 78//78 386//386 384//384
f 78//78 384//384 80//80
f 80//80 384//384 387//387
f 80//80 387//387 81//81
f 81//81 387//387 389//389
f 81//81 389//389 816//802
f 816//802 389//389 364//364
f 816//802 364//364 362//362
f 816//802 362//362 67//67
f 140//140 142//142 821//807
f 821//807 142//142 30//30
f 822//808 27//27 25//25
f 822//808 25//25 823//809
f 823//809 25//25 122//122
f 344//344 343//343 325//325
f 823//809 122//122 824//810
f 824//810 122//122 121//121
f 824//810 121//121 825//811
f 825//811 121//121 120//120
f 825//811 120//120 119//119
f 140//140 329//329 116//116
f 116//116 329//329 333//333
f 116//116 333//333 327//327
f 116//116 327//327 119//119
f 119//119 327//327 335//335
f 119//119 335//335 339//339
f 119//119 339//339 825//811
f 825//811 339//339 338//338
f 825//811 338//338 340//340
f 825//811 340//340 824//810
f 824//810 340//340 344//344
f 824//810 344//344 325//325
f 824//810 325//325 823//809
f 823//809 325//325 324//324
f 823//809 324//324 822//808
f 822//808 324//324 348//348
f 822//808 348//348 346//346
f 822//808 346//346 27//27
f 27//27 346//346 349//349
f 27//27 349//349 353//353
f 27//27 353//353 351//351
f 27//27 351//351 28//28
f 28//28 351//351 354//354
f 28//28 354//354 30//30
f 30//30 354//354 356//356
f 30//30 356//356 821//807
f 821//807 356//356 331//331
f 821//807 331//331 329//329
f 821//807 329//329 140//140
f 842//828 224//224 826//812
f 826//812 224//224 222//222
f 234//234 827//813 222//222
f 222//222 827//813 826//812
f 828//814 231//231 829//815
f 829//815 231//231 230//230
f 829//815 230//230 830//816
f 830//816 230//230 237//237
f 830//816 237//237 831//817
f 831//817 237//237 832//818
f 832//818 237//237 239//239
f 832//818 239//239 833//819
f 833//819 239//239 834//820
f 834//820 239//239 242//242
f 834//820 242//242 835//821
f 835//821 242//242 249//249
f 835//821 249//249 836//822
f 247//247 837//823 836//822
f 247//247 836//822 249//249
f 205//205 838//824 204//204
f 204//204 838//824 839//825
f 204//204 839//825 203//203
f 838//824 205//205 840//826
f 840//826 205//205 212//212
f 840//826 212//212 126//126
f 126//126 212//212 23//23
f 841//827 112//112 842//828
f 842//828 112//112 224//224
f 844//830 843//829 114//114
f 838//824 840//826 845//831
f 845//831 840//826 846//832
f 845//831 846//832 847//833
f 842//828 826//812 844//830
f 844//830 826//812 843//829
f 847//833 846//832 848//834
f 848//834 846//832 127//127
f 848//834 127//127 836//822
f 836//822 127//127 849//835
f 836//822 849//835 850//836
f 850//836 849//835 851//837
f 850//836 851//837 852//838
f 843//829 853//839 114//114
f 114//114 853//839 854//840
f 854//840 853//839 829//815
f 854//840 829//815 855//841
f 854//840 855//841 856//842
f 856//842 855//841 852//838
f 856//842 852//838 29//29
f 29//29 852//838 851//837
f 837//823 247//247 250//250
f 837//823 250//250 847//833
f 847//833 250//250 839//825
f 839//825 250//250 203//203
f 827//813 234//234 857//843
f 857//843 234//234 828//814
f 828//814 234//234 231//231
f 793//779 473//473 858//844
f 793//779 858//844 859//845
f 793//779 859//845 792//778
f 792//778 859//845 860//846
f 792//778 860//846 794//780
f 794//780 860//846 861//847
f 794//780 861//847 787//773
f 787//773 861//847 862//848
f 787//773 862//848 543//543
f 543//543 862//848 477//477
f 477//477 862//848 863//849
f 477//477 863//849 478//478
f 858//844 473//473 472//472
f 858//844 472//472 217//217
f 217//217 472//472 864//850
f 217//217 864//850 863//849
f 863//849 864//850 478//478
f 478//478 864//850 472//472
f 858//844 286//286 859//845
f 859//845 286//286 213//213
f 859//845 213//213 284//284
f 859//845 284//284 860//846
f 860//846 284//284 283//283
f 860//846 283//283 861//847
f 861//847 283//283 215//215
f 861//847 215//215 862//848
f 862//848 215//215 285//285
f 862//848 285//285 863//849
f 863//849 285//285 217//217
f 858//844 217//217 286//286
f 865//851 866//852 867//853
f 873//859 872//858 874//860
f 872//858 873//859 875//861
f 875//861 873//859 876//862
f 875//861 876//862 879//865
f 878//864 877//863 879//865
f 878//864 879//865 876//862
f 877//863 878//864 880//866
f 877//863 880//866 881//867
f 871//857 870//856 881//867
f 871//857 881//867 880//866
f 869//855 868//854 871//857
f 871//857 868//854 870//856
f 882//868 883//869 884//870
f 882//868 885//871 883//869
f 883//869 885//871 869//855
f 869//855 885//871 868//854
f 886//872 887//873 884//870
f 884//870 887//873 882//868
f 888//874 889//875 886//872
f 886//872 889//875 887//873
f 888//874 890//876 889//875
f 890//876 888//874 891//877
f 891//877 888//874 892//878
f 891//877 892//878 895//881
f 894//880 893//879 895//881
f 894//880 895//881 892//878
f 893//879 894//880 896//882
f 893//879 896//882 897//883
f 867//853 866//852 896//882
f 896//882 866//852 897//883
f 898//884 899//885 900//886
f 898//884 901//887 899//885
f 899//885 901//887 867//853
f 867//853 901//887 865//851
f 902//888 903//889 900//886
f 900//886 903//889 898//884
f 873//859 874//860 902//888
f 902//888 874//860 903//889
f 871//857 177//177 869//855
f 869//855 177//177 883//869
f 177//177 161//161 883//869
f 883//869 161//161 884//870
f 884//870 161//161 163//163
f 884//870 163//163 886//872
f 886//872 163//163 178//178
f 886//872 178//178 888//874
f 178//178 156//156 888//874
f 888//874 156//156 155//155
f 888//874 155//155 892//878
f 892//878 155//155 894//880
f 179//179 165//165 876//862
f 876//862 165//165 164//164
f 876//862 164//164 878//864
f 878//864 164//164 154//154
f 878//864 154//154 880//866
f 880//866 154//154 871//857
f 871//857 154//154 152//152
f 871//857 152//152 177//177
f 180//180 899//885 867//853
f 180//180 867//853 174//174
f 174//174 867//853 896//882
f 174//174 896//882 176//176
f 176//176 896//882 894//880
f 176//176 894//880 155//155
f 876//862 873//859 179//179
f 179//179 873//859 902//888
f 179//179 902//888 172//172
f 172//172 902//888 900//886
f 172//172 900//886 170//170
f 170//170 900//886 899//885
f 170//170 899//885 180//180
f 167//167 169//169 184//184
f 167//167 184//184 166//166
f 159//159 162//162 183//183
f 904//890 905//891 159//159
f 182//182 157//157 905//891
f 905//891 157//157 158//158
f 905//891 158//158 159//159
f 182//182 905//891 907//893
f 182//182 907//893 181//181
f 181//181 907//893 906//892
f 159//159 183//183 908//894
f 159//159 908//894 904//890
f 171//171 181//181 906//892
f 171//171 906//892 169//169
f 169//169 906//892 909//895
f 169//169 909//895 184//184
f 184//184 909//895 183//183
f 183//183 909//895 908//894
f 4//4 6//6 904//890
f 4//4 904//890 464//464
f 464//464 904//890 910//896
f 909//895 465//465 464//464
f 909//895 464//464 910//896
f 465//465 909//895 911//897
f 465//465 911//897 400//400
f 400//400 911//897 912//898
f 400//400 912//898 190//190
f 190//190 912//898 913//899
f 190//190 913//899 185//185
f 914//900 696//685 913//899
f 913//899 696//685 185//185
f 904//890 6//6 914//900
f 914//900 6//6 696//685
f 904//890 908//894 910//896
f 910//896 908//894 909//895
f 911//897 909//895 906//892
f 911//897 906//892 912//898
f 912//898 906//892 907//893
f 912//898 907//893 913//899
f 913//899 907//893 905//891
f 913//899 905//891 914//900
f 914//900 905//891 904//890
f 153//153 154//154 184//184
f 184//184 154//154 166//166
f 166//166 154//154 164//164
f 183//183 177//177 151//151
f 162//162 177//177 183//183
f 162//162 161//161 177//177
f 175//175 176//176 182//182
f 182//182 176//176 157//157
f 157//157 176//176 155//155
f 181//181 180//180 173//173
f 171//171 180//180 181//181
f 171//171 170//170 180//180
f 127//127 846//832 126//126
f 127//127 125//125 849//835
f 125//125 19//19 849//835
f 849//835 19//19 851//837
f 19//19 35//35 851//837
f 35//35 31//31 851//837
f 851//837 31//31 29//29
f 29//29 139//139 856//842
f 856//842 139//139 141//141
f 856//842 141//141 117//117
f 856//842 117//117 854//840
f 117//117 113//113 854//840
f 854//840 113//113 114//114
f 841//827 844//830 114//114
f 841//827 842//828 844//830
f 846//832 840//826 126//126
f 827//813 843//829 826//812
f 845//831 839//825 838//824
f 828//814 853//839 857//843
f 857//843 853//839 843//829
f 857//843 843//829 827//813
f 839//825 845//831 847//833
f 837//823 847//833 848//834
f 837//823 848//834 836//822
f 835//821 836//822 850//836
f 835//821 850//836 834//820
f 834//820 850//836 833//819
f 833//819 850//836 852//838
f 833//819 852//838 832//818
f 832//818 852//838 831//817
f 831//817 852//838 855//841
f 831//817 855//841 830//816
f 830//816 855//841 829//815
f 828//814 829//815 853//839
f 150//150 148//148 916//902
f 916//902 148//148 917//903
f 917//903 148//148 146//146
f 83//83 82//82 918//904
f 918//904 82//82 915//901
f 915//901 82//82 69//69
f 915//901 903//889 874//860
f 915//901 874//860 918//904
f 918//904 874//860 872//858
f 918//904 872//858 875//861
f 918//904 875//861 83//83
f 83//83 875//861 879//865
f 83//83 879//865 79//79
f 79//79 879//865 877//863
f 79//79 877//863 84//84
f 84//84 877//863 881//867
f 84//84 881//867 870//856
f 84//84 870//856 85//85
f 85//85 870//856 868//854
f 85//85 868//854 145//145
f 145//145 868//854 885//871
f 145//145 885//871 146//146
f 146//146 885//871 882//868
f 146//146 882//868 917//903
f 917//903 882//868 887//873
f 917//903 887//873 889//875
f 917//903 889//875 916//902
f 916//902 889//875 890//876
f 916//902 890//876 150//150
f 150//150 890//876 891//877
f 150//150 891//877 149//149
f 149//149 891//877 895//881
f 149//149 895//881 64//64
f 64//64 895//881 893//879
f 64//64 893//879 897//883
f 64//64 897//883 65//65
f 65//65 897//883 866//852
f 65//65 866//852 70//70
f 70//70 866//852 865//851
f 70//70 865//851 901//887
f 70//70 901//887 68//68
f 68//68 901//887 898//884
f 68//68 898//884 69//69
f 69//69 898//884 903//889
f 69//69 903//889 915//901
f 919//905 920//906 921//907
f 920//906 919//905 922//908
f 929//915 927//913 928//914
f 925//911 926//912 929//915
f 929//915 926//912 930//916
f 928//914 927//913 931//917
f 928//914 931//917 966//952
f 923//909 922//908 924//910
f 924//910 922//908 932//918
f 932//918 922//908 919//905
f 932//918 919//905 933//919
f 932//918 933//919 934//920
f 934//920 933//919 935//921
f 934//920 935//921 936//922
f 936//922 935//921 937//923
f 936//922 937//923 938//924
f 938//924 937//923 939//925
f 938//924 939//925 940//926
f 940//926 939//925 941//927
f 940//926 941//927 942//928
f 942//928 941//927 943//929
f 942//928 943//929 944//930
f 944//930 943//929 945//931
f 944//930 945//931 946//932
f 946//932 945//931 947//933
f 947//933 945//931 948//934
f 947//933 948//934 949//935
f 949//935 948//934 950//936
f 949//935 950//936 951//937
f 951//937 950//936 952//938
f 951//937 952//938 953//939
f 953//939 952//938 954//940
f 953//939 954//940 955//941
f 955//941 954//940 956//942
f 955//941 956//942 957//943
f 957//943 956//942 958//944
f 957//943 958//944 930//916
f 930//916 958//944 927//913
f 930//916 927//913 929//915
f 921//907 920//906 959//945
f 921//907 959//945 960//946
f 962//948 961//947 923//909
f 962//948 923//909 924//910
f 926//912 925//911 963//949
f 963//949 925//911 964//950
f 965//951 964//950 966//952
f 965//951 966//952 931//917
f 959//945 961//947 960//946
f 960//946 961//947 962//948
f 960//946 962//948 967//953
f 967//953 962//948 968//954
f 967//953 968//954 969//955
f 969//955 968//954 970//956
f 969//955 970//956 971//957
f 971//957 970//956 972//958
f 971//957 972//958 973//959
f 973//959 972//958 974//960
f 973//959 974//960 975//961
f 975//961 974//960 976//962
f 975//961 976//962 977//963
f 977//963 976//962 978//964
f 977//963 978//964 979//965
f 979//965 978//964 980//966
f 979//965 980//966 981//967
f 979//965 981//967 1643//1575
f 1643//1575 981//967 982//968
f 1643//1575 982//968 1642//1574
f 1642//1574 982//968 983//969
f 1642//1574 983//969 1641//1573
f 1641//1573 983//969 984//970
f 1641//1573 984//970 1640//1572
f 1640//1572 984//970 985//971
f 1640//1572 985//971 1639//1571
f 1639//1571 985//971 986//972
f 1639//1571 986//972 987//973
f 987//973 986//972 988//974
f 987//973 988//974 989//975
f 989//975 988//974 963//949
f 989//975 963//949 965//951
f 965//951 963//949 964//950
f 1008//994 993//979 994//980
f 1008//994 994//980 995//981
f 1008//994 995//981 1009//995
f 1009//995 995//981 996//982
f 1009//995 996//982 997//983
f 1009//995 997//983 1010//996
f 1010//996 997//983 998//984
f 1010//996 998//984 999//985
f 1010//996 999//985 1011//997
f 1011//997 999//985 1000//986
f 1011//997 1000//986 1001//987
f 1011//997 1001//987 1012//998
f 993//979 1008//994 992//978
f 992//978 1008//994 1013//999
f 992//978 1013//999 991//977
f 991//977 1013//999 990//976
f 1015//1001 1014//1000 1016//1002
f 1016//1002 1014//1000 1017//1003
f 1016//1002 1017//1003 1007//993
f 1013//999 1018//1004 990//976
f 990//976 1018//1004 1019//1005
f 1019//1005 1018//1004 1020//1006
f 1019//1005 1020//1006 1021//1007
f 1021//1007 1020//1006 1022//1008
f 1001//987 1002//988 1012//998
f 1012//998 1002//988 1003//989
f 1012//998 1003//989 1023//1009
f 1023//1009 1003//989 1004//990
f 1023//1009 1004//990 1005//991
f 1023//1009 1005//991 1024//1010
f 1024//1010 1005//991 1006//992
f 1024//1010 1006//992 1025//1011
f 1025//1011 1006//992 1007//993
f 1025//1011 1007//993 1017//1003
f 1015//1001 1026//1012 1014//1000
f 1014//1000 1026//1012 1027//1013
f 1014//1000 1027//1013 1028//1014
f 1028//1014 1027//1013 1029//1015
f 1028//1014 1029//1015 1030//1016
f 1028//1014 1030//1016 1031//1017
f 1031//1017 1030//1016 1032//1018
f 1031//1017 1032//1018 1033//1019
f 1031//1017 1033//1019 1034//1020
f 1034//1020 1033//1019 1035//1021
f 1034//1020 1035//1021 1036//1022
f 1034//1020 1036//1022 1037//1023
f 1037//1023 1036//1022 1038//1024
f 1037//1023 1038//1024 1039//1025
f 1037//1023 1039//1025 1022//1008
f 1022//1008 1039//1025 1040//1026
f 1022//1008 1040//1026 1041//1027
f 1022//1008 1041//1027 1021//1007
f 990//976 1042//1028 1043//1029
f 990//976 1043//1029 991//977
f 991//977 1043//1029 1044//1030
f 991//977 1044//1030 992//978
f 992//978 1044//1030 1045//1031
f 992//978 1045//1031 993//979
f 993//979 1045//1031 1046//1032
f 993//979 1046//1032 994//980
f 994//980 1046//1032 1047//1033
f 994//980 1047//1033 995//981
f 995//981 1047//1033 1048//1034
f 995//981 1048//1034 996//982
f 996//982 1048//1034 1049//1035
f 996//982 1049//1035 997//983
f 997//983 1049//1035 1050//1036
f 997//983 1050//1036 998//984
f 998//984 1050//1036 1051//1037
f 998//984 1051//1037 999//985
f 999//985 1051//1037 1052//1038
f 999//985 1052//1038 1000//986
f 1000//986 1052//1038 1053//1039
f 1000//986 1053//1039 1001//987
f 1001//987 1053//1039 1054//1040
f 1001//987 1054//1040 1002//988
f 1002//988 1054//1040 1055//1041
f 1002//988 1055//1041 1003//989
f 1003//989 1055//1041 1056//1042
f 1003//989 1056//1042 1004//990
f 1004//990 1056//1042 1057//1043
f 1004//990 1057//1043 1005//991
f 1005//991 1057//1043 1058//1044
f 1005//991 1058//1044 1006//992
f 1006//992 1058//1044 1059//1045
f 1006//992 1059//1045 1007//993
f 1060//1046 1018//1004 1013//999
f 1060//1046 1013//999 1061//1047
f 1061//1047 1013//999 1008//994
f 1061//1047 1008//994 1062//1048
f 1062//1048 1008//994 1009//995
f 1062//1048 1009//995 1063//1049
f 1063//1049 1009//995 1010//996
f 1063//1049 1010//996 1064//1050
f 1064//1050 1010//996 1011//997
f 1064//1050 1011//997 1065//1051
f 1065//1051 1011//997 1066//1052
f 1066//1052 1011//997 1012//998
f 1066//1052 1012//998 1023//1009
f 1066//1052 1023//1009 1067//1053
f 1067//1053 1023//1009 1024//1010
f 1067//1053 1024//1010 1068//1054
f 1068//1054 1024//1010 1025//1011
f 1068//1054 1025//1011 1069//1055
f 1018//1004 1060//1046 1070//1056
f 1018//1004 1070//1056 1020//1006
f 1020//1006 1070//1056 1071//1057
f 1020//1006 1071//1057 1022//1008
f 1022//1008 1071//1057 1072//1058
f 1022//1008 1072//1058 1037//1023
f 1037//1023 1072//1058 1073//1059
f 1037//1023 1073//1059 1034//1020
f 1034//1020 1073//1059 1074//1060
f 1034//1020 1074//1060 1031//1017
f 1031//1017 1074//1060 1075//1061
f 1031//1017 1075//1061 1028//1014
f 1028//1014 1075//1061 1076//1062
f 1028//1014 1076//1062 1014//1000
f 1014//1000 1076//1062 1077//1063
f 1014//1000 1077//1063 1017//1003
f 1017//1003 1077//1063 1069//1055
f 1017//1003 1069//1055 1025//1011
f 1007//993 1059//1045 1078//1064
f 1007//993 1078//1064 1016//1002
f 1016//1002 1078//1064 1079//1065
f 1016//1002 1079//1065 1015//1001
f 1015//1001 1079//1065 1080//1066
f 1015//1001 1080//1066 1026//1012
f 1026//1012 1080//1066 1081//1067
f 1026//1012 1081//1067 1027//1013
f 1027//1013 1081//1067 1082//1068
f 1027//1013 1082//1068 1029//1015
f 1029//1015 1082//1068 1083//1069
f 1029//1015 1083//1069 1030//1016
f 1030//1016 1083//1069 1084//1070
f 1030//1016 1084//1070 1032//1018
f 1032//1018 1084//1070 1085//1071
f 1032//1018 1085//1071 1033//1019
f 1033//1019 1085//1071 1086//1072
f 1033//1019 1086//1072 1035//1021
f 1035//1021 1086//1072 1087//1073
f 1035//1021 1087//1073 1036//1022
f 1036//1022 1087//1073 1088//1074
f 1036//1022 1088//1074 1038//1024
f 1038//1024 1088//1074 1089//1075
f 1038//1024 1089//1075 1039//1025
f 1039//1025 1089//1075 1090//1076
f 1039//1025 1090//1076 1040//1026
f 1040//1026 1090//1076 1091//1077
f 1040//1026 1091//1077 1041//1027
f 1041//1027 1091//1077 1092//1078
f 1041//1027 1092//1078 1021//1007
f 1021//1007 1092//1078 1093//1079
f 1021//1007 1093//1079 1019//1005
f 1019//1005 1093//1079 1042//1028
f 1019//1005 1042//1028 990//976
f 1094//1080 1067//1053 1068//1054
f 1094//1080 1068//1054 1095//1081
f 1094//1080 1096//1082 1067//1053
f 1067//1053 1096//1082 1097//1083
f 1067//1053 1097//1083 1066//1052
f 1066//1052 1097//1083 1098//1084
f 1066//1052 1098//1084 1065//1051
f 1065//1051 1098//1084 1064//1050
f 1064//1050 1098//1084 1099//1085
f 1064//1050 1099//1085 1100//1086
f 1064//1050 1100//1086 1063//1049
f 1063//1049 1100//1086 1101//1087
f 1063//1049 1101//1087 1062//1048
f 1077//1063 1102//1088 1103//1089
f 1077//1063 1103//1089 1069//1055
f 1069//1055 1103//1089 1095//1081
f 1069//1055 1095//1081 1068//1054
f 1104//1090 1071//1057 1070//1056
f 1104//1090 1070//1056 1105//1091
f 1104//1090 1106//1092 1071//1057
f 1071//1057 1106//1092 1107//1093
f 1071//1057 1107//1093 1072//1058
f 1072//1058 1107//1093 1108//1094
f 1072//1058 1108//1094 1073//1059
f 1073//1059 1108//1094 1074//1060
f 1074//1060 1108//1094 1109//1095
f 1074//1060 1109//1095 1110//1096
f 1074//1060 1110//1096 1075//1061
f 1075//1061 1110//1096 1111//1097
f 1075//1061 1111//1097 1076//1062
f 1076//1062 1111//1097 1112//1098
f 1076//1062 1112//1098 1077//1063
f 1077//1063 1112//1098 1102//1088
f 1062//1048 1101//1087 1113//1099
f 1062//1048 1113//1099 1061//1047
f 1061//1047 1113//1099 1114//1100
f 1061//1047 1114//1100 1115//1101
f 1061//1047 1115//1101 1060//1046
f 1060//1046 1115//1101 1105//1091
f 1060//1046 1105//1091 1070//1056
f 1051//1037 1050//1036 1052//1038
f 1104//1090 1116//1102 1106//1092
f 1107//1093 1117//1103 1108//1094
f 1108//1094 1118//1104 1109//1095
f 1119//1105 1111//1097 1110//1096
f 1120//1106 1112//1098 1111//1097
f 1094//1080 1121//1107 1096//1082
f 1097//1083 1122//1108 1098//1084
f 1098//1084 1123//1109 1099//1085
f 1124//1110 1101//1087 1100//1086
f 1125//1111 1113//1099 1101//1087
f 1127//1113 1128//1114 1131//1117
f 1129//1115 1130//1116 1131//1117
f 1131//1117 1130//1116 1132//1118
f 1131//1117 1132//1118 1127//1113
f 1141//1127 1142//1128 1145//1131
f 1143//1129 1144//1130 1145//1131
f 1145//1131 1144//1130 1146//1132
f 1145//1131 1146//1132 1141//1127
f 1148//1134 1149//1135 1147//1133
f 1148//1134 1150//1136 1149//1135
f 1157//1143 1158//1144 1156//1142
f 1156//1142 1158//1144 1155//1141
f 1159//1145 1160//1146 1157//1143
f 1157//1143 1160//1146 1158//1144
f 1173//1159 1174//1160 1170//1156
f 1170//1156 1174//1160 1169//1155
f 1171//1157 1172//1158 1173//1159
f 1173//1159 1172//1158 1174//1160
f 1180//1166 1181//1167 1179//1165
f 1180//1166 1182//1168 1181//1167
f 1183//1169 1184//1170 1187//1173
f 1185//1171 1186//1172 1187//1173
f 1187//1173 1186//1172 1188//1174
f 1187//1173 1188//1174 1183//1169
f 1197//1183 1198//1184 1201//1187
f 1199//1185 1200//1186 1201//1187
f 1201//1187 1200//1186 1202//1188
f 1201//1187 1202//1188 1197//1183
f 1204//1190 1205//1191 1203//1189
f 1204//1190 1206//1192 1205//1191
f 1213//1199 1214//1200 1212//1198
f 1212//1198 1214//1200 1211//1197
f 1215//1201 1216//1202 1213//1199
f 1213//1199 1216//1202 1214//1200
f 1229//1215 1230//1216 1226//1212
f 1226//1212 1230//1216 1225//1211
f 1227//1213 1228//1214 1229//1215
f 1229//1215 1228//1214 1230//1216
f 1236//1222 1237//1223 1235//1221
f 1236//1222 1126//1112 1237//1223
f 1238//1224 1095//1081 1103//1089
f 1238//1224 1103//1089 1239//1225
f 1239//1225 1103//1089 1240//1226
f 1103//1089 1102//1088 1240//1226
f 1240//1226 1102//1088 1241//1227
f 1102//1088 1112//1098 1241//1227
f 1241//1227 1112//1098 1242//1228
f 1112//1098 1120//1106 1242//1228
f 1242//1228 1120//1106 1243//1229
f 1120//1106 1111//1097 1243//1229
f 1243//1229 1111//1097 1244//1230
f 1111//1097 1119//1105 1244//1230
f 1244//1230 1119//1105 1245//1231
f 1119//1105 1110//1096 1245//1231
f 1245//1231 1110//1096 1246//1232
f 1246//1232 1110//1096 1109//1095
f 1246//1232 1109//1095 1247//1233
f 1109//1095 1118//1104 1247//1233
f 1247//1233 1118//1104 1248//1234
f 1118//1104 1108//1094 1248//1234
f 1248//1234 1108//1094 1249//1235
f 1108//1094 1117//1103 1249//1235
f 1249//1235 1117//1103 1250//1236
f 1117//1103 1107//1093 1250//1236
f 1250//1236 1107//1093 1251//1237
f 1107//1093 1106//1092 1251//1237
f 1251//1237 1106//1092 1252//1238
f 1106//1092 1116//1102 1252//1238
f 1252//1238 1116//1102 1253//1239
f 1116//1102 1104//1090 1253//1239
f 1253//1239 1104//1090 1254//1240
f 1254//1240 1104//1090 1105//1091
f 1254//1240 1105//1091 1115//1101
f 1254//1240 1115//1101 1255//1241
f 1255//1241 1115//1101 1256//1242
f 1115//1101 1114//1100 1256//1242
f 1256//1242 1114//1100 1257//1243
f 1114//1100 1113//1099 1257//1243
f 1257//1243 1113//1099 1258//1244
f 1113//1099 1125//1111 1258//1244
f 1258//1244 1125//1111 1259//1245
f 1125//1111 1101//1087 1259//1245
f 1259//1245 1101//1087 1260//1246
f 1101//1087 1124//1110 1260//1246
f 1260//1246 1124//1110 1261//1247
f 1124//1110 1100//1086 1261//1247
f 1261//1247 1100//1086 1262//1248
f 1262//1248 1100//1086 1099//1085
f 1262//1248 1099//1085 1263//1249
f 1099//1085 1123//1109 1263//1249
f 1263//1249 1123//1109 1264//1250
f 1123//1109 1098//1084 1264//1250
f 1264//1250 1098//1084 1265//1251
f 1098//1084 1122//1108 1265//1251
f 1265//1251 1122//1108 1266//1252
f 1122//1108 1097//1083 1266//1252
f 1266//1252 1097//1083 1267//1253
f 1097//1083 1096//1082 1267//1253
f 1267//1253 1096//1082 1268//1254
f 1096//1082 1121//1107 1268//1254
f 1268//1254 1121//1107 1269//1255
f 1121//1107 1094//1080 1269//1255
f 1269//1255 1094//1080 1238//1224
f 1238//1224 1094//1080 1095//1081
f 1133//1119 1130//1116 1270//1256
f 1270//1256 1130//1116 1129//1115
f 1270//1256 1129//1115 1271//1257
f 1271//1257 1129//1115 1128//1114
f 1271//1257 1128//1114 1272//1258
f 1272//1258 1128//1114 1126//1112
f 1126//1112 1128//1114 1127//1113
f 1129//1115 1131//1117 1128//1114
f 1273//1259 1134//1120 1135//1121
f 1273//1259 1135//1121 1133//1119
f 1273//1259 1133//1119 1270//1256
f 1134//1120 1273//1259 1136//1122
f 1136//1122 1273//1259 1274//1260
f 1282//1268 1276//1262 1277//1263
f 1278//1264 1277//1263 1279//1265
f 1277//1263 1276//1262 1280//1266
f 1281//1267 1282//1268 1275//1261
f 1275//1261 1282//1268 1277//1263
f 1279//1265 1277//1263 1280//1266
f 1284//1270 1285//1271 1286//1272
f 1286//1272 1287//1273 1288//1274
f 1289//1275 1290//1276 1287//1273
f 1289//1275 1287//1273 1283//1269
f 1283//1269 1287//1273 1286//1272
f 1284//1270 1286//1272 1288//1274
f 1291//1277 1292//1278 1293//1279
f 1274//1260 1273//1259 1292//1278
f 1272//1258 1293//1279 1271//1257
f 1271//1257 1293//1279 1292//1278
f 1271//1257 1292//1278 1270//1256
f 1270//1256 1292//1278 1273//1259
f 1297//1283 1298//1284 1294//1280
f 1297//1283 1294//1280 1299//1285
f 1296//1282 1300//1286 1295//1281
f 1294//1280 1295//1281 1299//1285
f 1299//1285 1295//1281 1301//1287
f 1301//1287 1295//1281 1300//1286
f 1137//1123 1285//1271 1138//1124
f 1138//1124 1285//1271 1284//1270
f 1288//1274 1139//1125 1140//1126
f 1288//1274 1140//1126 1284//1270
f 1284//1270 1140//1126 1138//1124
f 1141//1127 1139//1125 1142//1128
f 1142//1128 1139//1125 1288//1274
f 1142//1128 1288//1274 1287//1273
f 1142//1128 1287//1273 1143//1129
f 1143//1129 1287//1273 1290//1276
f 1143//1129 1290//1276 1144//1130
f 1144//1130 1290//1276 1147//1133
f 1143//1129 1145//1131 1142//1128
f 1289//1275 1148//1134 1290//1276
f 1290//1276 1148//1134 1147//1133
f 1148//1134 1289//1275 1150//1136
f 1150//1136 1289//1275 1283//1269
f 1151//1137 1278//1264 1152//1138
f 1152//1138 1278//1264 1279//1265
f 1280//1266 1153//1139 1279//1265
f 1279//1265 1153//1139 1154//1140
f 1279//1265 1154//1140 1152//1138
f 1161//1147 1160//1146 1282//1268
f 1282//1268 1160//1146 1159//1145
f 1282//1268 1159//1145 1276//1262
f 1276//1262 1159//1145 1156//1142
f 1276//1262 1156//1142 1280//1266
f 1280//1266 1156//1142 1153//1139
f 1153//1139 1156//1142 1155//1141
f 1157//1143 1156//1142 1159//1145
f 1281//1267 1162//1148 1282//1268
f 1282//1268 1162//1148 1163//1149
f 1282//1268 1163//1149 1161//1147
f 1162//1148 1281//1267 1164//1150
f 1164//1150 1281//1267 1275//1261
f 1309//1295 1303//1289 1304//1290
f 1305//1291 1304//1290 1306//1292
f 1304//1290 1303//1289 1307//1293
f 1308//1294 1309//1295 1302//1288
f 1302//1288 1309//1295 1304//1290
f 1306//1292 1304//1290 1307//1293
f 1311//1297 1312//1298 1313//1299
f 1313//1299 1314//1300 1315//1301
f 1316//1302 1317//1303 1314//1300
f 1316//1302 1314//1300 1310//1296
f 1310//1296 1314//1300 1313//1299
f 1311//1297 1313//1299 1315//1301
f 1319//1305 1320//1306 1322//1308
f 1318//1304 1323//1309 1320//1306
f 1321//1307 1322//1308 1324//1310
f 1324//1310 1322//1308 1320//1306
f 1324//1310 1320//1306 1325//1311
f 1325//1311 1320//1306 1323//1309
f 1326//1312 1327//1313 1328//1314
f 1331//1317 1328//1314 1327//1313
f 1331//1317 1327//1313 1332//1318
f 1332//1318 1327//1313 1329//1315
f 1332//1318 1329//1315 1333//1319
f 1333//1319 1329//1315 1330//1316
f 1165//1151 1326//1312 1166//1152
f 1166//1152 1326//1312 1328//1314
f 1331//1317 1167//1153 1168//1154
f 1331//1317 1168//1154 1328//1314
f 1328//1314 1168//1154 1166//1152
f 1175//1161 1172//1158 1333//1319
f 1333//1319 1172//1158 1171//1157
f 1333//1319 1171//1157 1332//1318
f 1332//1318 1171//1157 1170//1156
f 1332//1318 1170//1156 1331//1317
f 1331//1317 1170//1156 1167//1153
f 1167//1153 1170//1156 1169//1155
f 1171//1157 1173//1159 1170//1156
f 1330//1316 1176//1162 1177//1163
f 1330//1316 1177//1163 1333//1319
f 1333//1319 1177//1163 1175//1161
f 1176//1162 1330//1316 1178//1164
f 1178//1164 1330//1316 1329//1315
f 1179//1165 1319//1305 1180//1166
f 1180//1166 1319//1305 1322//1308
f 1321//1307 1182//1168 1322//1308
f 1322//1308 1182//1168 1180//1166
f 1189//1175 1186//1172 1325//1311
f 1325//1311 1186//1172 1185//1171
f 1325//1311 1185//1171 1324//1310
f 1324//1310 1185//1171 1184//1170
f 1324//1310 1184//1170 1321//1307
f 1321//1307 1184//1170 1182//1168
f 1182//1168 1184//1170 1183//1169
f 1185//1171 1187//1173 1184//1170
f 1323//1309 1190//1176 1191//1177
f 1323//1309 1191//1177 1189//1175
f 1323//1309 1189//1175 1325//1311
f 1190//1176 1323//1309 1192//1178
f 1192//1178 1323//1309 1318//1304
f 1193//1179 1312//1298 1194//1180
f 1194//1180 1312//1298 1311//1297
f 1315//1301 1195//1181 1196//1182
f 1315//1301 1196//1182 1311//1297
f 1311//1297 1196//1182 1194//1180
f 1203//1189 1200//1186 1317//1303
f 1317//1303 1200//1186 1199//1185
f 1317//1303 1199//1185 1314//1300
f 1314//1300 1199//1185 1198//1184
f 1314//1300 1198//1184 1315//1301
f 1315//1301 1198//1184 1195//1181
f 1195//1181 1198//1184 1197//1183
f 1199//1185 1201//1187 1198//1184
f 1316//1302 1204//1190 1317//1303
f 1317//1303 1204//1190 1203//1189
f 1204//1190 1316//1302 1206//1192
f 1206//1192 1316//1302 1310//1296
f 1207//1193 1305//1291 1208//1194
f 1208//1194 1305//1291 1306//1292
f 1307//1293 1209//1195 1306//1292
f 1306//1292 1209//1195 1210//1196
f 1306//1292 1210//1196 1208//1194
f 1217//1203 1216//1202 1309//1295
f 1309//1295 1216//1202 1215//1201
f 1309//1295 1215//1201 1303//1289
f 1303//1289 1215//1201 1212//1198
f 1303//1289 1212//1198 1307//1293
f 1307//1293 1212//1198 1209//1195
f 1209//1195 1212//1198 1211//1197
f 1213//1199 1212//1198 1215//1201
f 1308//1294 1218//1204 1309//1295
f 1309//1295 1218//1204 1219//1205
f 1309//1295 1219//1205 1217//1203
f 1218//1204 1308//1294 1220//1206
f 1220//1206 1308//1294 1302//1288
f 1221//1207 1294//1280 1222//1208
f 1222//1208 1294//1280 1298//1284
f 1297//1283 1223//1209 1224//1210
f 1297//1283 1224//1210 1298//1284
f 1298//1284 1224//1210 1222//1208
f 1225//1211 1223//1209 1226//1212
f 1226//1212 1223//1209 1297//1283
f 1226//1212 1297//1283 1299//1285
f 1226//1212 1299//1285 1227//1213
f 1227//1213 1299//1285 1301//1287
f 1227//1213 1301//1287 1228//1214
f 1228//1214 1301//1287 1231//1217
f 1227//1213 1229//1215 1226//1212
f 1300//1286 1232//1218 1233//1219
f 1300//1286 1233//1219 1301//1287
f 1301//1287 1233//1219 1231//1217
f 1232//1218 1300//1286 1234//1220
f 1234//1220 1300//1286 1296//1282
f 1235//1221 1291//1277 1236//1222
f 1236//1222 1291//1277 1293//1279
f 1272//1258 1126//1112 1293//1279
f 1293//1279 1126//1112 1236//1222
f 1334//1320 1263//1249 1335//1321
f 1335//1321 1263//1249 1264//1250
f 1335//1321 1264//1250 1336//1322
f 1336//1322 1264//1250 1265//1251
f 1336//1322 1265//1251 1266//1252
f 1336//1322 1266//1252 1337//1323
f 1337//1323 1266//1252 1267//1253
f 1337//1323 1267//1253 1268//1254
f 1337//1323 1268//1254 1338//1324
f 1338//1324 1268//1254 1269//1255
f 1338//1324 1269//1255 1339//1325
f 1339//1325 1269//1255 1238//1224
f 1339//1325 1238//1224 1340//1326
f 1340//1326 1238//1224 1239//1225
f 1340//1326 1239//1225 1240//1226
f 1340//1326 1240//1226 1341//1327
f 1341//1327 1240//1226 1241//1227
f 1341//1327 1241//1227 1342//1328
f 1342//1328 1241//1227 1242//1228
f 1342//1328 1242//1228 1243//1229
f 1342//1328 1243//1229 1343//1329
f 1343//1329 1243//1229 1244//1230
f 1343//1329 1244//1230 1344//1330
f 1344//1330 1244//1230 1245//1231
f 1245//1231 1246//1232 1344//1330
f 1344//1330 1246//1232 1247//1233
f 1344//1330 1247//1233 1345//1331
f 1345//1331 1247//1233 1248//1234
f 1345//1331 1248//1234 1346//1332
f 1346//1332 1248//1234 1249//1235
f 1346//1332 1249//1235 1250//1236
f 1346//1332 1250//1236 1347//1333
f 1347//1333 1250//1236 1251//1237
f 1347//1333 1251//1237 1252//1238
f 1347//1333 1252//1238 1348//1334
f 1348//1334 1252//1238 1253//1239
f 1348//1334 1253//1239 1349//1335
f 1349//1335 1253//1239 1254//1240
f 1349//1335 1254//1240 1350//1336
f 1350//1336 1254//1240 1255//1241
f 1350//1336 1255//1241 1256//1242
f 1350//1336 1256//1242 1351//1337
f 1351//1337 1256//1242 1257//1243
f 1351//1337 1257//1243 1352//1338
f 1352//1338 1257//1243 1258//1244
f 1352//1338 1258//1244 1259//1245
f 1352//1338 1259//1245 1353//1339
f 1353//1339 1259//1245 1260//1246
f 1353//1339 1260//1246 1334//1320
f 1334//1320 1260//1246 1261//1247
f 1334//1320 1261//1247 1262//1248
f 1334//1320 1262//1248 1263//1249
f 1356//1342 1357//1343 1358//1344
f 1358//1344 1357//1343 1359//1345
f 1359//1345 1357//1343 1360//1346
f 1339//1325 1360//1346 1338//1324
f 1358//1344 1361//1347 1356//1342
f 1356//1342 1361//1347 1362//1348
f 1362//1348 1361//1347 1363//1349
f 1362//1348 1363//1349 1364//1350
f 1364//1350 1363//1349 1365//1351
f 1364//1350 1365//1351 1366//1352
f 1366//1352 1365//1351 1367//1353
f 1366//1352 1367//1353 1368//1354
f 1368//1354 1367//1353 1369//1355
f 1368//1354 1369//1355 1370//1356
f 1370//1356 1369//1355 1371//1357
f 1370//1356 1371//1357 1372//1358
f 1372//1358 1371//1357 1373//1359
f 1372//1358 1373//1359 1374//1360
f 1372//1358 1374//1360 1377//1363
f 1375//1361 1349//1335 1376//1362
f 1349//1335 1375//1361 1354//1340
f 1354//1340 1375//1361 1377//1363
f 1354//1340 1377//1363 1355//1341
f 1355//1341 1377//1363 1374//1360
f 1338//1324 1360//1346 1378//1364
f 1338//1324 1378//1364 1337//1323
f 1337//1323 1378//1364 1379//1365
f 1337//1323 1379//1365 1336//1322
f 1336//1322 1379//1365 1380//1366
f 1336//1322 1380//1366 1335//1321
f 1335//1321 1380//1366 1381//1367
f 1335//1321 1381//1367 1334//1320
f 1334//1320 1381//1367 1382//1368
f 1334//1320 1382//1368 1353//1339
f 1353//1339 1382//1368 1352//1338
f 1352//1338 1382//1368 1383//1369
f 1352//1338 1383//1369 1351//1337
f 1351//1337 1383//1369 1376//1362
f 1351//1337 1376//1362 1350//1336
f 1350//1336 1376//1362 1349//1335
f 1358//1344 1359//1345 1384//1370
f 1339//1325 1385//1371 1359//1345
f 1359//1345 1360//1346 1339//1325
f 1349//1335 1354//1340 1386//1372
f 1355//1341 1387//1373 1354//1340
f 1389//1375 1390//1376 1355//1341
f 1355//1341 1390//1376 1388//1374
f 1388//1374 1390//1376 1391//1377
f 1388//1374 1391//1377 1349//1335
f 1349//1335 1391//1377 1348//1334
f 1355//1341 1392//1378 1389//1375
f 1389//1375 1392//1378 1393//1379
f 1393//1379 1392//1378 1394//1380
f 1393//1379 1394//1380 1395//1381
f 1395//1381 1394//1380 1396//1382
f 1395//1381 1396//1382 1397//1383
f 1397//1383 1396//1382 1398//1384
f 1397//1383 1398//1384 1399//1385
f 1399//1385 1398//1384 1400//1386
f 1399//1385 1400//1386 1401//1387
f 1401//1387 1400//1386 1402//1388
f 1401//1387 1402//1388 1403//1389
f 1403//1389 1402//1388 1404//1390
f 1403//1389 1404//1390 1405//1391
f 1403//1389 1405//1391 1409//1395
f 1406//1392 1339//1325 1407//1393
f 1339//1325 1406//1392 1408//1394
f 1408//1394 1406//1392 1409//1395
f 1358//1344 1409//1395 1405//1391
f 1348//1334 1391//1377 1410//1396
f 1348//1334 1410//1396 1347//1333
f 1347//1333 1410//1396 1411//1397
f 1347//1333 1411//1397 1346//1332
f 1346//1332 1411//1397 1412//1398
f 1346//1332 1412//1398 1345//1331
f 1345//1331 1412//1398 1413//1399
f 1345//1331 1413//1399 1344//1330
f 1344//1330 1413//1399 1414//1400
f 1344//1330 1414//1400 1343//1329
f 1343//1329 1414//1400 1342//1328
f 1342//1328 1414//1400 1415//1401
f 1342//1328 1415//1401 1341//1327
f 1341//1327 1415//1401 1407//1393
f 1341//1327 1407//1393 1340//1326
f 1340//1326 1407//1393 1339//1325
f 1355//1341 1388//1374 1387//1373
f 1349//1335 1386//1372 1388//1374
f 1339//1325 1408//1394 1385//1371
f 1358//1344 1384//1370 1408//1394
f 1408//1394 1409//1395 1358//1344
f 1416//1402 1417//1403 1363//1349
f 1402//1388 1418//1404 1404//1390
f 1404//1390 1418//1404 1419//1405
f 1404//1390 1419//1405 1405//1391
f 1405//1391 1419//1405 1420//1089
f 1405//1391 1420//1089 1358//1344
f 1358//1344 1420//1089 1421//1406
f 1392//1378 1422//1407 1394//1380
f 1394//1380 1422//1407 1423//1408
f 1394//1380 1423//1408 1396//1382
f 1396//1382 1423//1408 1424//1409
f 1396//1382 1424//1409 1398//1384
f 1398//1384 1424//1409 1425//1410
f 1398//1384 1425//1410 1426//1411
f 1398//1384 1426//1411 1400//1386
f 1400//1386 1426//1411 1427//1097
f 1400//1386 1427//1097 1402//1388
f 1402//1388 1427//1097 1418//1404
f 1355//1341 1428//1412 1392//1378
f 1392//1378 1428//1412 1429//1413
f 1392//1378 1429//1413 1430//1414
f 1392//1378 1430//1414 1422//1407
f 1363//1349 1417//1403 1365//1351
f 1365//1351 1417//1403 1431//1415
f 1365//1351 1431//1415 1367//1353
f 1367//1353 1431//1415 1432//1416
f 1367//1353 1432//1416 1433//1417
f 1367//1353 1433//1417 1369//1355
f 1369//1355 1433//1417 1434//1418
f 1369//1355 1434//1418 1371//1357
f 1416//1402 1363//1349 1435//1419
f 1435//1419 1363//1349 1361//1347
f 1435//1419 1361//1347 1421//1406
f 1421//1406 1361//1347 1358//1344
f 1434//1418 1436//1420 1371//1357
f 1371//1357 1436//1420 1373//1359
f 1373//1359 1436//1420 1437//1421
f 1373//1359 1437//1421 1374//1360
f 1374//1360 1437//1421 1438//1422
f 1374//1360 1438//1422 1355//1341
f 1355//1341 1438//1422 1428//1412
f 1388//1374 1439//1423 1440//1424
f 1441//1425 1387//1373 1440//1424
f 1440//1424 1387//1373 1388//1374
f 1442//1426 1354//1340 1441//1425
f 1441//1425 1354//1340 1387//1373
f 1354//1340 1442//1426 1443//1427
f 1444//1428 1386//1372 1443//1427
f 1443//1427 1386//1372 1354//1340
f 1439//1423 1388//1374 1444//1428
f 1444//1428 1388//1374 1386//1372
f 1408//1394 1445//1429 1446//1430
f 1408//1394 1446//1430 1385//1371
f 1385//1371 1446//1430 1447//1431
f 1385//1371 1447//1431 1359//1345
f 1359//1345 1447//1431 1448//1432
f 1359//1345 1448//1432 1449//1433
f 1359//1345 1449//1433 1384//1370
f 1384//1370 1449//1433 1450//1434
f 1384//1370 1450//1434 1408//1394
f 1408//1394 1450//1434 1445//1429
f 1482//1466 1360//1346 1357//1343
f 1360//1346 1482//1466 1451//1435
f 1360//1346 1451//1435 1452//1436
f 1360//1346 1452//1436 1378//1364
f 1378//1364 1452//1436 1453//1437
f 1378//1364 1453//1437 1454//1438
f 1378//1364 1454//1438 1379//1365
f 1379//1365 1454//1438 1455//1439
f 1379//1365 1455//1439 1456//1440
f 1379//1365 1456//1440 1380//1366
f 1380//1366 1456//1440 1457//1441
f 1380//1366 1457//1441 1381//1367
f 1381//1367 1457//1441 1458//1442
f 1381//1367 1458//1442 1459//1443
f 1381//1367 1459//1443 1382//1368
f 1382//1368 1459//1443 1460//1444
f 1382//1368 1460//1444 1461//1445
f 1382//1368 1461//1445 1383//1369
f 1383//1369 1461//1445 1462//1446
f 1383//1369 1462//1446 1463//1447
f 1383//1369 1463//1447 1376//1362
f 1376//1362 1463//1447 1464//1448
f 1376//1362 1464//1448 1465//1449
f 1376//1362 1465//1449 1375//1361
f 1375//1361 1465//1449 1466//1450
f 1466//1450 1377//1363 1375//1361
f 1377//1363 1466//1450 1467//1451
f 1377//1363 1467//1451 1468//1452
f 1377//1363 1468//1452 1372//1358
f 1372//1358 1468//1452 1469//1453
f 1372//1358 1469//1453 1470//1454
f 1372//1358 1470//1454 1370//1356
f 1370//1356 1470//1454 1471//1455
f 1370//1356 1471//1455 1472//1456
f 1370//1356 1472//1456 1368//1354
f 1368//1354 1472//1456 1473//1457
f 1368//1354 1473//1457 1474//1458
f 1368//1354 1474//1458 1366//1352
f 1366//1352 1474//1458 1475//1459
f 1366//1352 1475//1459 1476//1460
f 1366//1352 1476//1460 1364//1350
f 1364//1350 1476//1460 1477//1461
f 1364//1350 1477//1461 1478//1462
f 1364//1350 1478//1462 1362//1348
f 1362//1348 1478//1462 1479//1463
f 1362//1348 1479//1463 1480//1464
f 1362//1348 1480//1464 1356//1342
f 1356//1342 1480//1464 1481//1465
f 1356//1342 1481//1465 1357//1343
f 1357//1343 1481//1465 1482//1466
f 1514//1498 1391//1377 1390//1376
f 1391//1377 1514//1498 1483//1467
f 1391//1377 1483//1467 1484//1468
f 1391//1377 1484//1468 1410//1396
f 1410//1396 1484//1468 1485//1469
f 1410//1396 1485//1469 1486//1470
f 1410//1396 1486//1470 1411//1397
f 1411//1397 1486//1470 1487//1471
f 1411//1397 1487//1471 1488//1472
f 1411//1397 1488//1472 1412//1398
f 1412//1398 1488//1472 1489//1473
f 1412//1398 1489//1473 1413//1399
f 1413//1399 1489//1473 1490//1474
f 1413//1399 1490//1474 1491//1475
f 1413//1399 1491//1475 1414//1400
f 1414//1400 1491//1475 1492//1476
f 1414//1400 1492//1476 1493//1477
f 1414//1400 1493//1477 1415//1401
f 1415//1401 1493//1477 1494//1478
f 1415//1401 1494//1478 1495//1479
f 1415//1401 1495//1479 1407//1393
f 1407//1393 1495//1479 1496//1480
f 1407//1393 1496//1480 1497//1481
f 1407//1393 1497//1481 1406//1392
f 1406//1392 1497//1481 1498//1482
f 1498//1482 1409//1395 1406//1392
f 1409//1395 1498//1482 1499//1483
f 1409//1395 1499//1483 1500//1484
f 1409//1395 1500//1484 1403//1389
f 1403//1389 1500//1484 1501//1485
f 1403//1389 1501//1485 1502//1486
f 1403//1389 1502//1486 1401//1387
f 1401//1387 1502//1486 1503//1487
f 1401//1387 1503//1487 1504//1488
f 1401//1387 1504//1488 1399//1385
f 1399//1385 1504//1488 1505//1489
f 1399//1385 1505//1489 1506//1490
f 1399//1385 1506//1490 1397//1383
f 1397//1383 1506//1490 1507//1491
f 1397//1383 1507//1491 1508//1492
f 1397//1383 1508//1492 1395//1381
f 1395//1381 1508//1492 1509//1493
f 1395//1381 1509//1493 1510//1494
f 1395//1381 1510//1494 1393//1379
f 1393//1379 1510//1494 1511//1495
f 1393//1379 1511//1495 1512//1496
f 1393//1379 1512//1496 1389//1375
f 1389//1375 1512//1496 1513//1497
f 1389//1375 1513//1497 1390//1376
f 1390//1376 1513//1497 1514//1498
f 1423//1408 1515//1103 1424//1409
f 1424//1409 1516//1104 1425//1410
f 1517//1499 1427//1097 1426//1411
f 1518//1106 1418//1404 1427//1097
f 1435//1419 1519//1500 1416//1402
f 1417//1403 1520//1108 1431//1415
f 1431//1415 1521//1109 1432//1416
f 1522//1501 1434//1418 1433//1417
f 1523//1502 1436//1420 1434//1418
f 1482//1466 1524//1503 1525//1504
f 1482//1466 1525//1504 1451//1435
f 1452//1436 1451//1435 1525//1504
f 1526//1505 1466//1450 1465//1449
f 1527//1506 1466//1450 1526//1505
f 1466//1450 1527//1506 1467//1451
f 1468//1452 1467//1451 1527//1506
f 1524//1503 1482//1466 1481//1465
f 1528//1507 1514//1498 1529//1508
f 1514//1498 1528//1507 1483//1467
f 1484//1468 1483//1467 1528//1507
f 1530//1509 1498//1482 1497//1481
f 1498//1482 1530//1509 1531//1510
f 1498//1482 1531//1510 1499//1483
f 1500//1484 1499//1483 1531//1510
f 1529//1508 1514//1498 1513//1497
f 1532//1511 1421//1406 1420//1089
f 1532//1511 1420//1089 1533//1512
f 1533//1512 1420//1089 1534//1513
f 1420//1089 1419//1405 1534//1513
f 1534//1513 1419//1405 1535//1514
f 1419//1405 1418//1404 1535//1514
f 1535//1514 1418//1404 1536//1228
f 1418//1404 1518//1106 1536//1228
f 1536//1228 1518//1106 1537//1229
f 1518//1106 1427//1097 1537//1229
f 1537//1229 1427//1097 1538//1515
f 1427//1097 1517//1499 1538//1515
f 1538//1515 1517//1499 1539//1516
f 1517//1499 1426//1411 1539//1516
f 1539//1516 1426//1411 1540//1517
f 1540//1517 1426//1411 1425//1410
f 1540//1517 1425//1410 1541//1518
f 1425//1410 1516//1104 1541//1518
f 1541//1518 1516//1104 1542//1234
f 1516//1104 1424//1409 1542//1234
f 1542//1234 1424//1409 1543//1235
f 1424//1409 1515//1103 1543//1235
f 1543//1235 1515//1103 1544//1236
f 1515//1103 1423//1408 1544//1236
f 1544//1236 1423//1408 1545//1519
f 1423//1408 1422//1407 1545//1519
f 1545//1519 1422//1407 1546//1520
f 1422//1407 1430//1414 1546//1520
f 1546//1520 1430//1414 1547//1521
f 1430//1414 1429//1413 1547//1521
f 1547//1521 1429//1413 1548//1522
f 1548//1522 1429//1413 1428//1412
f 1548//1522 1428//1412 1438//1422
f 1548//1522 1438//1422 1549//1523
f 1549//1523 1438//1422 1550//1524
f 1438//1422 1437//1421 1550//1524
f 1550//1524 1437//1421 1551//1525
f 1437//1421 1436//1420 1551//1525
f 1551//1525 1436//1420 1552//1526
f 1436//1420 1523//1502 1552//1526
f 1552//1526 1523//1502 1553//1527
f 1523//1502 1434//1418 1553//1527
f 1553//1527 1434//1418 1554//1528
f 1434//1418 1522//1501 1554//1528
f 1554//1528 1522//1501 1555//1529
f 1522//1501 1433//1417 1555//1529
f 1555//1529 1433//1417 1556//1530
f 1556//1530 1433//1417 1432//1416
f 1556//1530 1432//1416 1557//1531
f 1432//1416 1521//1109 1557//1531
f 1557//1531 1521//1109 1558//1532
f 1521//1109 1431//1415 1558//1532
f 1558//1532 1431//1415 1559//1533
f 1431//1415 1520//1108 1559//1533
f 1559//1533 1520//1108 1560//1534
f 1520//1108 1417//1403 1560//1534
f 1560//1534 1417//1403 1561//1535
f 1417//1403 1416//1402 1561//1535
f 1561//1535 1416//1402 1562//1536
f 1416//1402 1519//1500 1562//1536
f 1562//1536 1519//1500 1563//1537
f 1519//1500 1435//1419 1563//1537
f 1563//1537 1435//1419 1532//1511
f 1532//1511 1435//1419 1421//1406
f 1525//1504 1524//1503 1452//1436
f 1452//1436 1524//1503 1481//1465
f 1452//1436 1481//1465 1453//1437
f 1453//1437 1481//1465 1480//1464
f 1453//1437 1480//1464 1454//1438
f 1454//1438 1480//1464 1479//1463
f 1454//1438 1479//1463 1455//1439
f 1455//1439 1479//1463 1478//1462
f 1455//1439 1478//1462 1456//1440
f 1456//1440 1478//1462 1477//1461
f 1456//1440 1477//1461 1457//1441
f 1457//1441 1477//1461 1476//1460
f 1457//1441 1476//1460 1458//1442
f 1458//1442 1476//1460 1475//1459
f 1458//1442 1475//1459 1459//1443
f 1459//1443 1475//1459 1474//1458
f 1459//1443 1474//1458 1460//1444
f 1460//1444 1474//1458 1473//1457
f 1460//1444 1473//1457 1461//1445
f 1461//1445 1473//1457 1472//1456
f 1461//1445 1472//1456 1462//1446
f 1462//1446 1472//1456 1471//1455
f 1462//1446 1471//1455 1463//1447
f 1463//1447 1471//1455 1470//1454
f 1463//1447 1470//1454 1464//1448
f 1464//1448 1470//1454 1469//1453
f 1464//1448 1469//1453 1465//1449
f 1465//1449 1469//1453 1468//1452
f 1465//1449 1468//1452 1526//1505
f 1526//1505 1468//1452 1527//1506
f 1531//1510 1530//1509 1500//1484
f 1500//1484 1530//1509 1497//1481
f 1500//1484 1497//1481 1501//1485
f 1501//1485 1497//1481 1496//1480
f 1501//1485 1496//1480 1502//1486
f 1502//1486 1496//1480 1495//1479
f 1502//1486 1495//1479 1503//1487
f 1503//1487 1495//1479 1494//1478
f 1503//1487 1494//1478 1504//1488
f 1504//1488 1494//1478 1493//1477
f 1504//1488 1493//1477 1505//1489
f 1505//1489 1493//1477 1492//1476
f 1505//1489 1492//1476 1506//1490
f 1506//1490 1492//1476 1491//1475
f 1506//1490 1491//1475 1507//1491
f 1507//1491 1491//1475 1490//1474
f 1507//1491 1490//1474 1508//1492
f 1508//1492 1490//1474 1489//1473
f 1508//1492 1489//1473 1509//1493
f 1509//1493 1489//1473 1488//1472
f 1509//1493 1488//1472 1510//1494
f 1510//1494 1488//1472 1487//1471
f 1510//1494 1487//1471 1511//1495
f 1511//1495 1487//1471 1486//1470
f 1511//1495 1486//1470 1512//1496
f 1512//1496 1486//1470 1485//1469
f 1512//1496 1485//1469 1513//1497
f 1513//1497 1485//1469 1484//1468
f 1513//1497 1484//1468 1529//1508
f 1529//1508 1484//1468 1528//1507
f 1564//1538 1556//1530 1557//1531
f 1564//1538 1557//1531 1565//1539
f 1565//1539 1557//1531 1558//1532
f 1565//1539 1558//1532 1559//1533
f 1565//1539 1559//1533 1566//1540
f 1566//1540 1559//1533 1560//1534
f 1566//1540 1560//1534 1567//1541
f 1567//1541 1560//1534 1561//1535
f 1567//1541 1561//1535 1562//1536
f 1567//1541 1562//1536 1568//1542
f 1569//1543 1548//1522 1570//1544
f 1570//1544 1548//1522 1549//1523
f 1570//1544 1549//1523 1550//1524
f 1570//1544 1550//1524 1571//1545
f 1571//1545 1550//1524 1551//1525
f 1571//1545 1551//1525 1552//1526
f 1571//1545 1552//1526 1572//1546
f 1572//1546 1552//1526 1553//1527
f 1572//1546 1553//1527 1554//1528
f 1572//1546 1554//1528 1564//1538
f 1564//1538 1554//1528 1555//1529
f 1564//1538 1555//1529 1556//1530
f 1562//1536 1563//1537 1568//1542
f 1568//1542 1563//1537 1532//1511
f 1568//1542 1532//1511 1573//1547
f 1573//1547 1532//1511 1574//1548
f 1574//1548 1532//1511 1533//1512
f 1574//1548 1533//1512 1575//1549
f 1575//1549 1533//1512 1534//1513
f 1575//1549 1534//1513 1535//1514
f 1575//1549 1535//1514 1576//1550
f 1576//1550 1535//1514 1536//1228
f 1576//1550 1536//1228 1537//1229
f 1576//1550 1537//1229 1577//1329
f 1577//1329 1537//1229 1538//1515
f 1577//1329 1538//1515 1578//1551
f 1538//1515 1539//1516 1578//1551
f 1578//1551 1539//1516 1540//1517
f 1578//1551 1540//1517 1541//1518
f 1578//1551 1541//1518 1579//1331
f 1579//1331 1541//1518 1542//1234
f 1579//1331 1542//1234 1580//1332
f 1580//1332 1542//1234 1543//1235
f 1580//1332 1543//1235 1544//1236
f 1580//1332 1544//1236 1581//1333
f 1581//1333 1544//1236 1545//1519
f 1581//1333 1545//1519 1546//1520
f 1581//1333 1546//1520 1582//1552
f 1582//1552 1546//1520 1547//1521
f 1582//1552 1547//1521 1569//1543
f 1569//1543 1547//1521 1548//1522
f 1583//1046 1569//1543 1570//1544
f 1583//1046 1570//1544 1584//1047
f 1584//1047 1570//1544 1571//1545
f 1584//1047 1571//1545 1585//1048
f 1585//1048 1571//1545 1572//1546
f 1585//1048 1572//1546 1586//1049
f 1586//1049 1572//1546 1564//1538
f 1586//1049 1564//1538 1587//1050
f 1587//1050 1564//1538 1565//1539
f 1587//1050 1565//1539 1588//1051
f 1588//1051 1565//1539 1589//1052
f 1589//1052 1565//1539 1566//1540
f 1589//1052 1566//1540 1567//1541
f 1589//1052 1567//1541 1590//1053
f 1590//1053 1567//1541 1568//1542
f 1590//1053 1568//1542 1591//1054
f 1591//1054 1568//1542 1573//1547
f 1591//1054 1573//1547 1592//1055
f 1569//1543 1583//1046 1593//1056
f 1569//1543 1593//1056 1582//1552
f 1582//1552 1593//1056 1594//1057
f 1582//1552 1594//1057 1581//1333
f 1581//1333 1594//1057 1595//1058
f 1581//1333 1595//1058 1580//1332
f 1580//1332 1595//1058 1596//1553
f 1580//1332 1596//1553 1579//1331
f 1579//1331 1596//1553 1597//1554
f 1579//1331 1597//1554 1578//1551
f 1578//1551 1597//1554 1598//1555
f 1578//1551 1598//1555 1577//1329
f 1577//1329 1598//1555 1576//1550
f 1576//1550 1598//1555 1599//1062
f 1576//1550 1599//1062 1575//1549
f 1575//1549 1599//1062 1600//1063
f 1575//1549 1600//1063 1574//1548
f 1574//1548 1600//1063 1592//1055
f 1574//1548 1592//1055 1573//1547
f 1601//1556 1590//1053 1591//1054
f 1601//1556 1591//1054 1602//1557
f 1601//1556 1603//1082 1590//1053
f 1590//1053 1603//1082 1604//1083
f 1590//1053 1604//1083 1589//1052
f 1589//1052 1604//1083 1605//1084
f 1589//1052 1605//1084 1588//1051
f 1588//1051 1605//1084 1587//1050
f 1587//1050 1605//1084 1606//1416
f 1587//1050 1606//1416 1607//1558
f 1587//1050 1607//1558 1586//1049
f 1586//1049 1607//1558 1608//1087
f 1586//1049 1608//1087 1585//1048
f 1600//1063 1609//1088 1610//1559
f 1600//1063 1610//1559 1592//1055
f 1592//1055 1610//1559 1602//1557
f 1592//1055 1602//1557 1591//1054
f 1611//1560 1594//1057 1593//1056
f 1611//1560 1593//1056 1612//1561
f 1611//1560 1613//1092 1594//1057
f 1594//1057 1613//1092 1614//1093
f 1594//1057 1614//1093 1595//1058
f 1595//1058 1614//1093 1615//1094
f 1595//1058 1615//1094 1596//1553
f 1596//1553 1615//1094 1597//1554
f 1597//1554 1615//1094 1616//1410
f 1597//1554 1616//1410 1617//1411
f 1597//1554 1617//1411 1598//1555
f 1598//1555 1617//1411 1618//1097
f 1598//1555 1618//1097 1599//1062
f 1599//1062 1618//1097 1619//1098
f 1599//1062 1619//1098 1600//1063
f 1600//1063 1619//1098 1609//1088
f 1585//1048 1608//1087 1620//1099
f 1585//1048 1620//1099 1584//1047
f 1584//1047 1620//1099 1621//1100
f 1584//1047 1621//1100 1622//1562
f 1584//1047 1622//1562 1583//1046
f 1583//1046 1622//1562 1612//1561
f 1583//1046 1612//1561 1593//1056
f 1611//1560 1623//1563 1613//1092
f 1614//1093 1624//1103 1615//1094
f 1615//1094 1625//1104 1616//1410
f 1626//1499 1618//1097 1617//1411
f 1627//1106 1619//1098 1618//1097
f 1601//1556 1628//1500 1603//1082
f 1604//1083 1629//1108 1605//1084
f 1605//1084 1630//1109 1606//1416
f 1631//1564 1608//1087 1607//1558
f 1632//1111 1620//1099 1608//1087
f 1662//1594 1602//1557 1610//1559
f 1662//1594 1610//1559 1663//1512
f 1663//1512 1610//1559 1664//1595
f 1610//1559 1609//1088 1664//1595
f 1664//1595 1609//1088 1665//1596
f 1609//1088 1619//1098 1665//1596
f 1665//1596 1619//1098 1666//1597
f 1619//1098 1627//1106 1666//1597
f 1666//1597 1627//1106 1667//1598
f 1627//1106 1618//1097 1667//1598
f 1667//1598 1618//1097 1668//1599
f 1618//1097 1626//1499 1668//1599
f 1668//1599 1626//1499 1669//1600
f 1626//1499 1617//1411 1669//1600
f 1669//1600 1617//1411 1670//1517
f 1670//1517 1617//1411 1616//1410
f 1670//1517 1616//1410 1671//1601
f 1616//1410 1625//1104 1671//1601
f 1671//1601 1625//1104 1672//1602
f 1625//1104 1615//1094 1672//1602
f 1672//1602 1615//1094 1673//1603
f 1615//1094 1624//1103 1673//1603
f 1673//1603 1624//1103 1674//1604
f 1624//1103 1614//1093 1674//1604
f 1674//1604 1614//1093 1675//1605
f 1614//1093 1613//1092 1675//1605
f 1675//1605 1613//1092 1676//1606
f 1613//1092 1623//1563 1676//1606
f 1676//1606 1623//1563 1677//1607
f 1623//1563 1611//1560 1677//1607
f 1677//1607 1611//1560 1678//1608
f 1678//1608 1611//1560 1612//1561
f 1678//1608 1612//1561 1622//1562
f 1678//1608 1622//1562 1679//1609
f 1679//1609 1622//1562 1680//1610
f 1622//1562 1621//1100 1680//1610
f 1680//1610 1621//1100 1681//1611
f 1621//1100 1620//1099 1681//1611
f 1681//1611 1620//1099 1682//1612
f 1620//1099 1632//1111 1682//1612
f 1682//1612 1632//1111 1683//1613
f 1632//1111 1608//1087 1683//1613
f 1683//1613 1608//1087 1684//1614
f 1608//1087 1631//1564 1684//1614
f 1684//1614 1631//1564 1685//1529
f 1631//1564 1607//1558 1685//1529
f 1685//1529 1607//1558 1686//1530
f 1686//1530 1607//1558 1606//1416
f 1686//1530 1606//1416 1687//1615
f 1606//1416 1630//1109 1687//1615
f 1687//1615 1630//1109 1688//1532
f 1630//1109 1605//1084 1688//1532
f 1688//1532 1605//1084 1689//1533
f 1605//1084 1629//1108 1689//1533
f 1689//1533 1629//1108 1690//1534
f 1629//1108 1604//1083 1690//1534
f 1690//1534 1604//1083 1691//1535
f 1604//1083 1603//1082 1691//1535
f 1691//1535 1603//1082 1692//1536
f 1603//1082 1628//1500 1692//1536
f 1692//1536 1628//1500 1693//1616
f 1628//1500 1601//1556 1693//1616
f 1693//1616 1601//1556 1662//1594
f 1662//1594 1601//1556 1602//1557
f 1633//1565 1694//1617 1695//1618
f 1633//1565 1695//1618 1634//1566
f 1634//1566 1695//1618 1696//1619
f 1634//1566 1696//1619 1635//1567
f 1635//1567 1696//1619 1697//1620
f 1635//1567 1697//1620 1636//1568
f 1636//1568 1697//1620 1698//1621
f 1636//1568 1698//1621 1637//1569
f 1637//1569 1698//1621 1699//1622
f 1637//1569 1699//1622 1638//1570
f 1638//1570 1699//1622 1700//1623
f 1638//1570 1700//1623 931//917
f 931//917 1700//1623 1701//1624
f 931//917 1701//1624 965//951
f 965//951 1701//1624 1702//1625
f 965//951 1702//1625 989//975
f 989//975 1702//1625 1703//1626
f 989//975 1703//1626 987//973
f 987//973 1703//1626 1704//1627
f 987//973 1704//1627 1639//1571
f 1639//1571 1704//1627 1705//1628
f 1639//1571 1705//1628 1640//1572
f 1640//1572 1705//1628 1706//1629
f 1640//1572 1706//1629 1641//1573
f 1641//1573 1706//1629 1707//1630
f 1641//1573 1707//1630 1642//1574
f 1642//1574 1707//1630 1708//1631
f 1642//1574 1708//1631 1643//1575
f 1643//1575 1708//1631 1709//1632
f 1643//1575 1709//1632 1644//1576
f 1644//1576 1709//1632 1710//1633
f 1644//1576 1710//1633 1645//1577
f 1645//1577 1710//1633 1711//1634
f 1645//1577 1711//1634 1646//1578
f 1646//1578 1711//1634 1712//1635
f 1646//1578 1712//1635 1647//1579
f 1647//1579 1712//1635 1713//1636
f 1647//1579 1713//1636 1648//1580
f 1648//1580 1713//1636 1714//1637
f 1648//1580 1714//1637 1649//1581
f 1649//1581 1714//1637 1715//1638
f 1649//1581 1715//1638 1650//1582
f 1650//1582 1715//1638 1716//1639
f 1650//1582 1716//1639 1651//1583
f 1651//1583 1716//1639 1717//1640
f 1651//1583 1717//1640 921//907
f 921//907 1717//1640 1718//1641
f 921//907 1718//1641 1652//1584
f 1652//1584 1718//1641 1719//1642
f 1652//1584 1719//1642 1653//1585
f 1653//1585 1719//1642 1720//1643
f 1653//1585 1720//1643 1654//1586
f 1654//1586 1720//1643 1721//1644
f 1654//1586 1721//1644 1655//1587
f 1655//1587 1721//1644 1722//1645
f 1655//1587 1722//1645 1656//1588
f 1656//1588 1722//1645 1723//1646
f 1656//1588 1723//1646 1657//1589
f 1657//1589 1723//1646 1724//1647
f 1657//1589 1724//1647 1658//1590
f 1658//1590 1724//1647 1725//1648
f 1658//1590 1725//1648 1659//1591
f 1659//1591 1725//1648 1726//1649
f 1659//1591 1726//1649 1660//1592
f 1660//1592 1726//1649 1727//1650
f 1660//1592 1727//1650 1661//1593
f 1661//1593 1727//1650 1694//1617
f 1661//1593 1694//1617 1633//1565
f 1678//1608 1728//1651 1729//1652
f 1728//1651 1678//1608 1679//1609
f 1728//1651 1679//1609 1730//1653
f 1730//1653 1679//1609 1680//1610
f 1730//1653 1680//1610 1731//1654
f 1731//1654 1680//1610 1681//1611
f 1731//1654 1681//1611 1682//1612
f 1731//1654 1682//1612 1732//1546
f 1732//1546 1682//1612 1683//1613
f 1732//1546 1683//1613 1684//1614
f 1732//1546 1684//1614 1733//1538
f 1734//1655 1670//1517 1671//1601
f 1734//1655 1671//1601 1735//1656
f 1735//1656 1671//1601 1672//1602
f 1735//1656 1672//1602 1673//1603
f 1735//1656 1673//1603 1736//1657
f 1736//1657 1673//1603 1674//1604
f 1736//1657 1674//1604 1737//1658
f 1737//1658 1674//1604 1675//1605
f 1737//1658 1675//1605 1676//1606
f 1737//1658 1676//1606 1729//1652
f 1729//1652 1676//1606 1677//1607
f 1729//1652 1677//1607 1678//1608
f 1662//1594 1738//1659 1739//1660
f 1738//1659 1662//1594 1663//1512
f 1738//1659 1663//1512 1740//1661
f 1740//1661 1663//1512 1664//1595
f 1740//1661 1664//1595 1741//1662
f 1741//1662 1664//1595 1665//1596
f 1741//1662 1665//1596 1666//1597
f 1741//1662 1666//1597 1742//1663
f 1742//1663 1666//1597 1667//1598
f 1742//1663 1667//1598 1668//1599
f 1742//1663 1668//1599 1734//1655
f 1734//1655 1668//1599 1669//1600
f 1734//1655 1669//1600 1670//1517
f 1684//1614 1685//1529 1733//1538
f 1733//1538 1685//1529 1686//1530
f 1733//1538 1686//1530 1687//1615
f 1733//1538 1687//1615 1743//1539
f 1743//1539 1687//1615 1688//1532
f 1743//1539 1688//1532 1689//1533
f 1743//1539 1689//1533 1744//1540
f 1744//1540 1689//1533 1690//1534
f 1744//1540 1690//1534 1745//1541
f 1745//1541 1690//1534 1691//1535
f 1745//1541 1691//1535 1692//1536
f 1745//1541 1692//1536 1739//1660
f 1739//1660 1692//1536 1693//1616
f 1739//1660 1693//1616 1662//1594
f 1746//1664 1707//1630 1747//1665
f 1747//1665 1707//1630 1706//1629
f 1747//1665 1706//1629 1705//1628
f 1747//1665 1705//1628 1748//1666
f 1748//1666 1705//1628 1704//1627
f 1748//1666 1704//1627 1749//1667
f 1749//1667 1704//1627 1703//1626
f 1749//1667 1703//1626 1702//1625
f 1749//1667 1702//1625 1750//1668
f 1750//1668 1702//1625 1701//1624
f 1750//1668 1701//1624 1700//1623
f 1750//1668 1700//1623 1751//1669
f 1700//1623 1699//1622 1751//1669
f 1751//1669 1699//1622 1698//1621
f 1751//1669 1698//1621 1697//1620
f 1751//1669 1697//1620 1752//1670
f 1752//1670 1697//1620 1696//1619
f 1752//1670 1696//1619 1753//1671
f 1753//1671 1696//1619 1695//1618
f 1753//1671 1695//1618 1694//1617
f 1753//1671 1694//1617 1754//1672
f 1754//1672 1694//1617 1727//1650
f 1754//1672 1727//1650 1755//1673
f 1755//1673 1727//1650 1726//1649
f 1756//1674 1715//1638 1714//1637
f 1756//1674 1714//1637 1757//1675
f 1757//1675 1714//1637 1713//1636
f 1757//1675 1713//1636 1758//1676
f 1758//1676 1713//1636 1712//1635
f 1758//1676 1712//1635 1711//1634
f 1758//1676 1711//1634 1759//1677
f 1759//1677 1711//1634 1710//1633
f 1759//1677 1710//1633 1746//1664
f 1746//1664 1710//1633 1709//1632
f 1746//1664 1709//1632 1708//1631
f 1746//1664 1708//1631 1707//1630
f 1726//1649 1725//1648 1755//1673
f 1755//1673 1725//1648 1724//1647
f 1755//1673 1724//1647 1760//1678
f 1760//1678 1724//1647 1723//1646
f 1760//1678 1723//1646 1722//1645
f 1760//1678 1722//1645 1761//1679
f 1761//1679 1722//1645 1721//1644
f 1761//1679 1721//1644 1762//1680
f 1762//1680 1721//1644 1720//1643
f 1762//1680 1720//1643 1719//1642
f 1762//1680 1719//1642 1763//1681
f 1763//1681 1719//1642 1718//1641
f 1763//1681 1718//1641 1717//1640
f 1763//1681 1717//1640 1756//1674
f 1756//1674 1717//1640 1716//1639
f 1756//1674 1716//1639 1715//1638
f 1758//1676 1728//1651 1730//1653
f 1758//1676 1730//1653 1757//1675
f 1757//1675 1730//1653 1731//1654
f 1757//1675 1731//1654 1756//1674
f 1756//1674 1731//1654 1732//1546
f 1756//1674 1732//1546 1763//1681
f 1763//1681 1732//1546 1733//1538
f 1763//1681 1733//1538 1762//1680
f 1762//1680 1733//1538 1743//1539
f 1762//1680 1743//1539 1761//1679
f 1761//1679 1743//1539 1760//1678
f 1760//1678 1743//1539 1744//1540
f 1760//1678 1744//1540 1745//1541
f 1760//1678 1745//1541 1755//1673
f 1755//1673 1745//1541 1739//1660
f 1755//1673 1739//1660 1754//1672
f 1754//1672 1739//1660 1738//1659
f 1754//1672 1738//1659 1753//1671
f 1753//1671 1738//1659 1740//1661
f 1753//1671 1740//1661 1752//1670
f 1752//1670 1740//1661 1741//1662
f 1752//1670 1741//1662 1751//1669
f 1751//1669 1741//1662 1742//1663
f 1751//1669 1742//1663 1750//1668
f 1750//1668 1742//1663 1734//1655
f 1750//1668 1734//1655 1749//1667
f 1749//1667 1734//1655 1735//1656
f 1749//1667 1735//1656 1748//1666
f 1748//1666 1735//1656 1747//1665
f 1747//1665 1735//1656 1736//1657
f 1747//1665 1736//1657 1737//1658
f 1747//1665 1737//1658 1746//1664
f 1746//1664 1737//1658 1729//1652
f 1746//1664 1729//1652 1759//1677
f 1759//1677 1729//1652 1728//1651
f 1759//1677 1728//1651 1758//1676
f 1774//1692 1773//1691 1772//1690
f 1772//1690 1773//1691 1771//1689
f 1771//1689 1773//1691 1769//1687
f 1764//1682 1776//1694 1777//1695
f 1764//1682 1777//1695 1765//1683
f 1765//1683 1777//1695 1778//1696
f 1765//1683 1778//1696 1766//1684
f 1766//1684 1778//1696 1779//1697
f 1766//1684 1779//1697 1767//1685
f 1767//1685 1779//1697 1780//1698
f 1767//1685 1780//1698 1781//1699
f 1767//1685 1781//1699 1768//1686
f 1768//1686 1781//1699 1782//1700
f 1768//1686 1782//1700 1769//1687
f 1769//1687 1782//1700 1788//1706
f 1784//1702 1772//1690 1783//1701
f 1784//1702 1783//1701 1785//1703
f 1769//1687 1788//1706 1771//1689
f 1771//1689 1788//1706 1785//1703
f 1771//1689 1785//1703 1783//1701
f 1772//1690 1784//1702 1774//1692
f 1786//1704 1775//1693 1787//1705
f 1787//1705 1775//1693 1774//1692
f 1787//1705 1774//1692 1784//1702
f 1776//1694 1764//1682 1770//1688
f 1776//1694 1770//1688 1786//1704
f 1786//1704 1770//1688 1775//1693
f 1788//1706 1782//1700 1781//1699
f 1784//1702 1785//1703 1788//1706
f 1780//1698 1779//1697 1789//1707
f 1790//1708 1781//1699 1791//1709
f 1791//1709 1781//1699 1789//1707
f 1789//1707 1781//1699 1780//1698
f 1787//1705 1792//1710 1786//1704
f 1786//1704 1792//1710 1793//1711
f 1786//1704 1793//1711 1794//1712
f 1786//1704 1794//1712 1776//1694
f 1788//1706 1790//1708 1784//1702
f 1784//1702 1790//1708 1795//1713
f 1784//1702 1795//1713 1792//1710
f 1792//1710 1787//1705 1784//1702
f 1789//1707 1779//1697 1778//1696
f 1789//1707 1778//1696 1796//1714
f 1796//1714 1778//1696 1794//1712
f 1790//1708 1788//1706 1781//1699
f 1778//1696 1777//1695 1794//1712
f 1794//1712 1777//1695 1776//1694
f 1795//1713 1790//1708 1797//1715
f 1797//1715 1790//1708 1798//1716
f 1792//1710 1795//1713 1799//1717
f 1799//1717 1795//1713 1797//1715
f 1799//1717 1800//1718 1792//1710
f 1792//1710 1800//1718 1793//1711
f 1793//1711 1800//1718 1801//1719
f 1794//1712 1793//1711 1802//1720
f 1802//1720 1793//1711 1801//1719
f 1802//1720 1803//1721 1794//1712
f 1794//1712 1803//1721 1796//1714
f 1796//1714 1803//1721 1801//1719
f 1789//1707 1796//1714 1804//1722
f 1804//1722 1796//1714 1801//1719
f 1804//1722 1797//1715 1789//1707
f 1789//1707 1797//1715 1791//1709
f 1797//1715 1798//1716 1791//1709
f 1791//1709 1798//1716 1790//1708
f 1803//1721 1802//1720 1801//1719
f 1797//1715 1804//1722 1801//1719
f 1797//1715 1801//1719 1799//1717
f 1799//1717 1801//1719 1800//1718
f 1805//1723 1806//1724 1807//1725
f 1807//1725 1806//1724 1808//1726
f 1808//1726 1806//1724 1809//1727
f 1808//1726 1809//1727 1810//1728
f 1809//1727 1811//1729 1810//1728
f 1810//1728 1811//1729 1812//1730
f 1811//1729 1813//1731 1812//1730
f 1812//1730 1813//1731 1814//1732
f 1812//1730 1814//1732 1815//1733
f 1815//1733 1814//1732 1816//1734
f 1815//1733 1816//1734 1817//1735
f 1818//1736 1819//1737 1820//1738
f 1820//1738 1819//1737 1817//1735
f 1820//1738 1817//1735 1816//1734
f 1819//1737 1818//1736 1828//1746
f 1819//1737 1828//1746 1821//1739
f 1821//1739 1828//1746 1822//1740
f 1821//1739 1822//1740 1823//1741
f 1821//1739 1823//1741 1824//1742
f 1824//1742 1823//1741 1825//1743
f 1824//1742 1825//1743 1826//1744
f 1825//1743 1827//1745 1826//1744
f 1826//1744 1827//1745 1807//1725
f 1807//1725 1827//1745 1805//1723
f 1818//1736 1820//1738 1816//1734
f 1814//1732 1813//1731 1811//1729
f 1811//1729 1809//1727 1806//1724
f 1811//1729 1830//1748 1831//1749
f 1829//1747 1825//1743 1832//1750
f 1811//1729 1806//1724 1830//1748
f 1830//1748 1806//1724 1833//1751
f 1806//1724 1805//1723 1833//1751
f 1833//1751 1805//1723 1827//1745
f 1833//1751 1827//1745 1829//1747
f 1829//1747 1827//1745 1825//1743
f 1818//1736 1816//1734 1834//1752
f 1834//1752 1816//1734 1831//1749
f 1831//1749 1816//1734 1814//1732
f 1831//1749 1814//1732 1811//1729
f 1825//1743 1823//1741 1832//1750
f 1832//1750 1823//1741 1822//1740
f 1832//1750 1822//1740 1834//1752
f 1834//1752 1822//1740 1828//1746
f 1834//1752 1828//1746 1818//1736
f 1835//1753 1834//1752 1831//1749
f 1835//1753 1831//1749 1836//1754
f 1837//1755 1832//1750 1835//1753
f 1835//1753 1832//1750 1834//1752
f 1838//1756 1829//1747 1832//1750
f 1838//1756 1832//1750 1837//1755
f 1839//1757 1833//1751 1838//1756
f 1838//1756 1833//1751 1829//1747
f 1840//1758 1830//1748 1833//1751
f 1840//1758 1833//1751 1839//1757
f 1836//1754 1831//1749 1840//1758
f 1840//1758 1831//1749 1830//1748
f 1835//1753 1836//1754 1841//1759
f 1841//1759 1840//1758 1839//1757
f 1836//1754 1840//1758 1841//1759
f 1838//1756 1837//1755 1841//1759
f 1839//1757 1838//1756 1841//1759
f 1837//1755 1835//1753 1841//1759
f 1844//1762 1845//1763 1846//1764
f 1847//1765 1848//1766 1849//1767
f 1842//1760 1843//1761 1850//1768
f 1847//1765 1851//1769 1848//1766
f 1848//1766 1851//1769 1850//1768
f 1848//1766 1850//1768 1843//1761
f 1848//1766 1843//1761 1852//1770
f 1853//1771 1857//1775 1849//1767
f 1849//1767 1857//1775 1854//1772
f 1849//1767 1854//1772 1847//1765
f 1846//1764 1845//1763 1855//1773
f 1855//1773 1845//1763 1856//1774
f 1855//1773 1856//1774 1853//1771
f 1853//1771 1856//1774 1857//1775
f 1858//1776 1859//1777 1860//1778
f 1861//1779 1854//1772 1858//1776
f 1858//1776 1854//1772 1859//1777
f 1865//1783 1864//1782 1866//1784
f 1862//1780 1867//1785 1868//1786
f 1868//1786 1867//1785 1869//1787
f 1869//1787 1867//1785 1870//1788
f 1869//1787 1870//1788 1871//1789
f 1862//1780 1863//1781 1867//1785
f 1882//1800 1872//1790 1874//1792
f 1874//1792 1872//1790 1875//1793
f 1875//1793 1872//1790 1876//1794
f 1875//1793 1876//1794 1865//1783
f 1875//1793 1865//1783 1866//1784
f 1863//1781 1877//1795 1878//1796
f 1878//1796 1877//1795 1879//1797
f 1878//1796 1879//1797 1880//1798
f 1880//1798 1879//1797 1881//1799
f 1881//1799 1879//1797 1882//1800
f 1881//1799 1882//1800 1874//1792
f 1883//1801 1862//1780 1884//1802
f 1883//1801 1884//1802 1885//1803
f 1888//1806 1889//1807 1890//1808
f 1886//1804 1887//1805 1892//1810
f 1886//1804 1892//1810 1891//1809
f 1891//1809 1892//1810 1895//1813
f 1894//1812 1893//1811 1895//1813
f 1894//1812 1895//1813 1892//1810
f 1898//1816 1889//1807 1896//1814
f 1896//1814 1889//1807 1888//1806
f 1890//1808 1899//1817 1888//1806
f 1898//1816 1900//1818 1890//1808
f 1890//1808 1900//1818 1899//1817
f 1893//1811 1901//1819 1902//1820
f 1902//1820 1901//1819 1903//1821
f 1902//1820 1903//1821 1904//1822
f 1902//1820 1904//1822 1905//1823
f 1905//1823 1904//1822 1896//1814
f 1896//1814 1904//1822 1897//1815
f 1907//1825 1906//1824 1877//1795
f 1909//1827 1897//1815 1910//1828
f 1910//1828 1897//1815 1908//1826
f 1911//1829 1882//1800 1912//1830
f 1914//1832 1913//1831 1915//1833
f 1915//1833 1913//1831 1901//1819
f 1916//1834 1917//1835 1918//1836
f 1918//1836 1917//1835 1873//1791
f 1921//1839 1920//1838 1919//1837
f 1921//1839 1919//1837 1922//1840
f 1921//1839 1923//1841 1920//1838
f 1920//1838 1923//1841 1924//1842
f 1920//1838 1924//1842 1925//1843
f 1924//1842 1926//1844 1925//1843
f 1925//1843 1926//1844 1927//1845
f 1925//1843 1927//1845 1928//1846
f 1930//1848 1929//1847 1931//1849
f 1930//1848 1931//1849 1932//1850
f 1932//1850 1931//1849 1933//1851
f 1932//1850 1933//1851 1934//1852
f 1934//1852 1933//1851 1928//1846
f 1934//1852 1928//1846 1927//1845
f 1935//1853 1936//1854 1937//1855
f 1926//1844 1938//1856 1937//1855
f 1926//1844 1937//1855 1936//1854
f 931//917 927//913 1638//1570
f 958//944 1637//1569 1638//1570
f 1638//1570 927//913 958//944
f 1637//1569 958//944 1636//1568
f 1636//1568 958//944 956//942
f 1636//1568 956//942 1635//1567
f 1635//1567 956//942 954//940
f 1635//1567 954//940 1634//1566
f 1634//1566 954//940 952//938
f 1634//1566 952//938 1633//1565
f 1633//1565 952//938 950//936
f 1633//1565 950//936 1661//1593
f 1661//1593 950//936 948//934
f 1661//1593 948//934 1660//1592
f 1660//1592 948//934 945//931
f 1660//1592 945//931 1659//1591
f 1659//1591 945//931 943//929
f 1659//1591 943//929 1658//1590
f 1658//1590 943//929 941//927
f 1658//1590 941//927 1657//1589
f 1657//1589 941//927 939//925
f 1657//1589 939//925 1656//1588
f 1656//1588 939//925 937//923
f 1656//1588 937//923 1655//1587
f 1655//1587 937//923 935//921
f 1655//1587 935//921 1654//1586
f 1654//1586 935//921 933//919
f 1654//1586 933//919 1653//1585
f 1653//1585 933//919 919//905
f 1653//1585 919//905 1652//1584
f 1652//1584 919//905 921//907
f 921//907 960//946 1651//1583
f 1651//1583 960//946 967//953
f 1651//1583 967//953 1650//1582
f 1650//1582 967//953 969//955
f 1650//1582 969//955 1649//1581
f 1649//1581 969//955 971//957
f 1649//1581 971//957 1648//1580
f 1648//1580 971//957 973//959
f 1648//1580 973//959 1647//1579
f 1647//1579 973//959 975//961
f 1647//1579 975//961 1646//1578
f 1646//1578 975//961 977//963
f 1646//1578 977//963 1645//1577
f 1645//1577 977//963 979//965
f 1645//1577 979//965 1644//1576
f 1644//1576 979//965 1643//1575
f 1940//1858 1853//1771 1941//1859
f 1855//1773 1942//1860 3490//3408
f 1855//1773 3490//3408 1846//1764
f 1846//1764 3490//3408 1939//1857
f 1853//1771 1940//1858 1942//1860
f 1853//1771 1942//1860 1855//1773
f 1943//1861 1844//1762 1846//1764
f 1943//1861 1846//1764 1944//1862
f 1944//1862 1846//1764 1939//1857
f 1945//1863 1888//1806 1946//1864
f 1946//1864 1888//1806 2006//1924
f 2006//1924 1888//1806 1899//1817
f 1893//1811 1949//1867 1895//1813
f 1895//1813 1949//1867 1947//1865
f 1895//1813 1947//1865 1948//1866
f 1902//1820 1949//1867 1893//1811
f 1902//1820 1950//1868 1949//1867
f 1905//1823 1951//1869 1902//1820
f 1902//1820 1951//1869 1950//1868
f 1896//1814 1952//1870 1905//1823
f 1905//1823 1952//1870 1951//1869
f 1888//1806 1945//1863 3495//3413
f 1888//1806 3495//3413 1952//1870
f 1888//1806 1952//1870 1896//1814
f 1953//1871 1891//1809 1895//1813
f 1953//1871 1895//1813 1954//1872
f 1954//1872 1895//1813 1948//1866
f 1955//1873 1931//1849 1929//1847
f 1955//1873 1929//1847 1956//1874
f 1955//1873 1957//1875 1931//1849
f 1931//1849 1957//1875 3500//3418
f 1931//1849 3500//3418 1933//1851
f 1933//1851 3500//3418 1958//1876
f 1959//1877 1928//1846 1960//1878
f 1960//1878 1928//1846 1933//1851
f 1933//1851 1958//1876 1960//1878
f 1925//1843 1928//1846 1959//1877
f 3501//3419 1961//1879 1920//1838
f 3501//3419 1920//1838 1962//1880
f 1925//1843 1959//1877 1962//1880
f 1925//1843 1962//1880 1920//1838
f 2003//1921 1919//1837 1920//1838
f 2003//1921 1920//1838 1963//1881
f 1963//1881 1920//1838 1961//1879
f 1919//1837 1965//1883 1922//1840
f 1922//1840 1965//1883 1923//1841
f 1964//1882 1926//1844 1924//1842
f 1964//1882 1924//1842 1965//1883
f 1965//1883 1924//1842 1923//1841
f 1966//1884 1938//1856 1964//1882
f 1964//1882 1938//1856 1926//1844
f 1967//1885 1864//1782 2004//1922
f 1968//1886 1866//1784 1967//1885
f 1967//1885 1866//1784 1864//1782
f 1867//1785 1971//1889 1969//1887
f 1867//1785 1969//1887 1870//1788
f 1870//1788 1969//1887 1970//1888
f 1863//1781 1971//1889 1867//1785
f 1878//1796 1972//1890 1863//1781
f 1863//1781 1972//1890 1971//1889
f 1880//1798 1973//1891 1878//1796
f 1878//1796 1973//1891 1972//1890
f 1881//1799 1974//1892 1880//1798
f 1880//1798 1974//1892 1973//1891
f 1874//1792 1975//1893 1881//1799
f 1881//1799 1975//1893 1974//1892
f 1875//1793 1976//1894 1874//1792
f 1874//1792 1976//1894 1975//1893
f 1866//1784 1968//1886 3400//3318
f 1866//1784 3400//3318 1875//1793
f 1875//1793 3400//3318 1976//1894
f 1977//1895 1871//1789 1870//1788
f 1977//1895 1870//1788 1970//1888
f 2005//1923 1871//1789 1977//1895
f 1978//1896 1843//1761 1979//1897
f 1979//1897 1843//1761 1842//1760
f 1842//1760 1851//1769 1979//1897
f 1979//1897 1851//1769 1847//1765
f 1979//1897 1847//1765 1980//1898
f 1980//1898 1847//1765 1854//1772
f 1861//1779 1980//1898 1854//1772
f 1981//1899 1848//1766 1852//1770
f 1981//1899 1852//1770 1982//1900
f 1941//1859 1853//1771 1849//1767
f 1981//1899 1983//1901 1848//1766
f 1848//1766 1983//1901 3489//3407
f 1848//1766 3489//3407 1849//1767
f 1849//1767 3489//3407 1984//1902
f 1849//1767 1984//1902 1941//1859
f 1910//1828 1908//1826 1986//1904
f 1986//1904 1908//1826 1985//1903
f 1985//1903 1913//1831 1914//1832
f 1914//1832 1986//1904 1985//1903
f 1911//1829 1987//1905 1882//1800
f 1882//1800 1987//1905 1988//1906
f 1989//1907 1918//1836 1988//1906
f 1988//1906 1918//1836 1873//1791
f 1988//1906 1873//1791 1872//1790
f 1988//1906 1872//1790 1882//1800
f 1883//1801 1990//1908 1862//1780
f 1862//1780 1990//1908 1991//1909
f 1907//1825 1877//1795 1992//1910
f 1992//1910 1877//1795 1991//1909
f 1991//1909 1877//1795 1863//1781
f 1991//1909 1863//1781 1862//1780
f 1909//1827 1993//1911 1897//1815
f 1897//1815 1993//1911 1994//1912
f 1995//1913 1900//1818 1994//1912
f 1994//1912 1900//1818 1898//1816
f 1994//1912 1898//1816 1896//1814
f 1994//1912 1896//1814 1897//1815
f 1886//1804 1996//1914 1887//1805
f 1887//1805 1996//1914 1997//1915
f 1887//1805 1997//1915 1894//1812
f 1998//1916 1915//1833 1997//1915
f 1997//1915 1915//1833 1901//1819
f 1997//1915 1901//1819 1893//1811
f 1997//1915 1893//1811 1894//1812
f 1991//1909 1990//1908 1992//1910
f 1978//1896 1979//1897 1980//1898
f 1994//1912 1993//1911 1995//1913
f 1997//1915 1996//1914 1998//1916
f 1964//1882 1965//1883 1966//1884
f 1988//1906 1987//1905 1989//1907
f 1939//1857 2002//1920 1944//1862
f 2004//1922 2003//1921 986//972
f 2004//1922 986//972 1967//1885
f 1953//1871 953//939 1956//1874
f 2005//1923 1977//1895 970//956
f 2005//1923 970//956 1982//1900
f 1943//1861 938//924 2006//1924
f 1953//1871 1954//1872 953//939
f 953//939 1954//1872 951//937
f 951//937 1954//1872 2007//1925
f 951//937 2007//1925 949//935
f 949//935 2007//1925 2008//1926
f 949//935 2008//1926 947//933
f 947//933 2008//1926 2009//1927
f 947//933 2009//1927 946//932
f 946//932 2009//1927 2010//1928
f 946//932 2010//1928 944//930
f 944//930 2010//1928 2011//1929
f 944//930 2011//1929 942//928
f 942//928 2011//1929 2012//1930
f 942//928 2012//1930 940//926
f 940//926 2012//1930 1946//1864
f 940//926 1946//1864 938//924
f 938//924 1946//1864 2006//1924
f 1967//1885 986//972 985//971
f 1967//1885 985//971 2013//1931
f 2013//1931 985//971 984//970
f 2013//1931 984//970 2014//1932
f 2014//1932 984//970 983//969
f 2014//1932 983//969 2015//1933
f 2015//1933 983//969 982//968
f 2015//1933 982//968 2016//1934
f 2016//1934 982//968 981//967
f 2016//1934 981//967 2017//1935
f 2017//1935 981//967 980//966
f 2017//1935 980//966 2018//1936
f 2018//1936 980//966 978//964
f 2018//1936 978//964 2019//1937
f 2019//1937 978//964 976//962
f 2019//1937 976//962 2020//1938
f 2020//1938 976//962 974//960
f 2020//1938 974//960 1977//1895
f 1977//1895 974//960 972//958
f 1977//1895 972//958 970//956
f 2003//1921 1963//1881 986//972
f 986//972 1963//1881 988//974
f 988//974 1963//1881 2021//1939
f 988//974 2021//1939 963//949
f 963//949 2021//1939 2022//1940
f 963//949 2022//1940 926//912
f 926//912 2022//1940 2023//1941
f 926//912 2023//1941 2024//1942
f 926//912 2024//1942 930//916
f 930//916 2024//1942 2025//1943
f 930//916 2025//1943 957//943
f 957//943 2025//1943 2026//1944
f 957//943 2026//1944 955//941
f 955//941 2026//1944 1955//1873
f 955//941 1955//1873 953//939
f 953//939 1955//1873 1956//1874
f 1943//1861 1944//1862 938//924
f 938//924 1944//1862 936//922
f 936//922 1944//1862 2002//1920
f 936//922 2002//1920 934//920
f 934//920 2002//1920 2001//1919
f 934//920 2001//1919 932//918
f 932//918 2001//1919 2000//1918
f 932//918 2000//1918 924//910
f 924//910 2000//1918 1999//1917
f 924//910 1999//1917 2027//1945
f 924//910 2027//1945 962//948
f 962//948 2027//1945 2028//1946
f 962//948 2028//1946 968//954
f 968//954 2028//1946 1981//1899
f 968//954 1981//1899 970//956
f 970//956 1981//1899 1982//1900
f 1945//1863 1946//1864 2012//1930
f 1948//1866 2007//1925 1954//1872
f 1955//1873 2026//1944 1957//1875
f 1961//1879 2021//1939 1963//1881
f 1977//1895 1970//1888 2020//1938
f 1967//1885 2013//1931 1968//1886
f 1981//1899 2028//1946 1983//1901
f 2037//1955 2038//1956 2039//1957
f 2037//1955 2039//1957 2036//1954
f 2030//1948 2043//1961 2029//1947
f 2029//1947 2043//1961 2044//1962
f 2029//1947 2044//1962 2031//1949
f 2031//1949 2044//1962 2045//1963
f 2031//1949 2045//1963 2032//1950
f 2032//1950 2045//1963 2046//1964
f 2032//1950 2046//1964 2033//1951
f 2033//1951 2046//1964 2047//1965
f 2033//1951 2047//1965 2034//1952
f 2034//1952 2047//1965 2053//1971
f 2034//1952 2053//1971 2035//1953
f 2035//1953 2053//1971 2036//1954
f 2039//1957 2038//1956 2049//1967
f 2049//1967 2038//1956 2048//1966
f 2049//1967 2048//1966 2050//1968
f 2036//1954 2053//1971 2050//1968
f 2036//1954 2050//1968 2037//1955
f 2037//1955 2050//1968 2048//1966
f 2039//1957 2049//1967 2041//1959
f 2051//1969 2042//1960 2052//1970
f 2052//1970 2042//1960 2041//1959
f 2052//1970 2041//1959 2049//1967
f 2043//1961 2030//1948 2054//1972
f 2054//1972 2030//1948 2040//1958
f 2054//1972 2040//1958 2051//1969
f 2051//1969 2040//1958 2042//1960
f 2054//1972 2051//1969 2052//1970
f 2055//1973 2056//1974 2057//1975
f 2050//1968 2058//1976 2049//1967
f 2049//1967 2058//1976 2059//1977
f 2049//1967 2059//1977 2060//1978
f 2061//1979 2058//1976 2057//1975
f 2057//1975 2058//1976 2047//1965
f 2060//1978 2052//1970 2049//1967
f 2052//1970 2060//1978 2054//1972
f 2054//1972 2060//1978 2062//1980
f 2054//1972 2062//1980 2055//1973
f 2047//1965 2046//1964 2057//1975
f 2057//1975 2046//1964 2045//1963
f 2057//1975 2045//1963 2044//1962
f 2057//1975 2044//1962 2055//1973
f 2055//1973 2044//1962 2043//1961
f 2055//1973 2043//1961 2054//1972
f 2058//1976 2050//1968 2053//1971
f 2058//1976 2053//1971 2047//1965
f 2059//1977 2058//1976 2063//1981
f 2063//1981 2058//1976 2064//1982
f 2060//1978 2059//1977 2065//1983
f 2065//1983 2059//1977 2063//1981
f 2065//1983 2066//1984 2060//1978
f 2060//1978 2066//1984 2062//1980
f 2062//1980 2066//1984 2063//1981
f 2055//1973 2062//1980 2067//1985
f 2067//1985 2062//1980 2063//1981
f 2067//1985 2068//1986 2055//1973
f 2055//1973 2068//1986 2056//1974
f 2056//1974 2068//1986 2069//1987
f 2057//1975 2056//1974 2070//1988
f 2070//1988 2056//1974 2069//1987
f 2070//1988 2069//1987 2057//1975
f 2057//1975 2069//1987 2061//1979
f 2069//1987 2064//1982 2061//1979
f 2061//1979 2064//1982 2058//1976
f 2067//1985 2063//1981 2068//1986
f 2068//1986 2063//1981 2069//1987
f 2063//1981 2064//1982 2069//1987
f 2065//1983 2063//1981 2066//1984
f 2077//1995 2078//1996 2079//1997
f 2080//1998 2081//1999 2082//2000
f 2080//1998 2082//2000 2079//1997
f 2072//1990 2086//2004 2071//1989
f 2071//1989 2086//2004 2087//2005
f 2071//1989 2087//2005 2073//1991
f 2073//1991 2087//2005 2088//2006
f 2073//1991 2088//2006 2074//1992
f 2074//1992 2088//2006 2089//2007
f 2074//1992 2089//2007 2075//1993
f 2075//1993 2089//2007 2090//2008
f 2075//1993 2090//2008 2076//1994
f 2076//1994 2090//2008 2096//2014
f 2076//1994 2096//2014 2077//1995
f 2077//1995 2096//2014 2078//1996
f 2082//2000 2081//1999 2092//2010
f 2092//2010 2081//1999 2091//2009
f 2092//2010 2091//2009 2093//2011
f 2078//1996 2096//2014 2079//1997
f 2079//1997 2096//2014 2093//2011
f 2079//1997 2093//2011 2080//1998
f 2080//1998 2093//2011 2091//2009
f 2082//2000 2092//2010 2084//2002
f 2094//2012 2085//2003 2095//2013
f 2095//2013 2085//2003 2084//2002
f 2095//2013 2084//2002 2092//2010
f 2086//2004 2072//1990 2097//2015
f 2097//2015 2072//1990 2083//2001
f 2097//2015 2083//2001 2094//2012
f 2094//2012 2083//2001 2085//2003
f 2097//2015 2094//2012 2095//2013
f 2098//2016 2099//2017 2100//2018
f 2096//2014 2090//2008 2101//2019
f 2101//2019 2090//2008 2100//2018
f 2101//2019 2100//2018 2102//2020
f 2096//2014 2101//2019 2093//2011
f 2103//2021 2092//2010 2104//2022
f 2104//2022 2092//2010 2101//2019
f 2101//2019 2092//2010 2093//2011
f 2095//2013 2103//2021 2097//2015
f 2097//2015 2103//2021 2105//2023
f 2097//2015 2105//2023 2098//2016
f 2090//2008 2089//2007 2100//2018
f 2100//2018 2089//2007 2088//2006
f 2100//2018 2088//2006 2087//2005
f 2100//2018 2087//2005 2098//2016
f 2098//2016 2087//2005 2086//2004
f 2098//2016 2086//2004 2097//2015
f 2103//2021 2095//2013 2092//2010
f 2104//2022 2101//2019 2106//2024
f 2106//2024 2101//2019 2107//2025
f 2103//2021 2104//2022 2108//2026
f 2108//2026 2104//2022 2106//2024
f 2108//2026 2109//2027 2103//2021
f 2103//2021 2109//2027 2105//2023
f 2105//2023 2109//2027 2106//2024
f 2098//2016 2105//2023 2110//2028
f 2110//2028 2105//2023 2106//2024
f 2110//2028 2111//2029 2098//2016
f 2098//2016 2111//2029 2099//2017
f 2099//2017 2111//2029 2112//2030
f 2100//2018 2099//2017 2113//2031
f 2113//2031 2099//2017 2112//2030
f 2113//2031 2112//2030 2100//2018
f 2100//2018 2112//2030 2102//2020
f 2112//2030 2107//2025 2102//2020
f 2102//2020 2107//2025 2101//2019
f 2111//2029 2110//2028 2112//2030
f 2112//2030 2110//2028 2106//2024
f 2106//2024 2107//2025 2112//2030
f 2108//2026 2106//2024 2109//2027
f 2114//2032 2115//2033 2116//2034
f 2115//2033 2117//2035 2116//2034
f 2116//2034 2117//2035 2118//2036
f 2117//2035 2119//2037 2118//2036
f 2118//2036 2119//2037 2120//2038
f 2119//2037 2121//2039 2120//2038
f 2120//2038 2121//2039 2122//2040
f 2121//2039 2123//2041 2122//2040
f 2122//2040 2123//2041 2124//2042
f 2136//2054 2125//2043 2126//2044
f 2126//2044 2125//2043 2124//2042
f 2126//2044 2124//2042 2123//2041
f 2125//2043 2136//2054 2127//2045
f 2136//2054 2128//2046 2127//2045
f 2128//2046 2129//2047 2127//2045
f 2127//2045 2129//2047 2130//2048
f 2129//2047 2131//2049 2130//2048
f 2130//2048 2131//2049 2132//2050
f 2131//2049 2133//2051 2132//2050
f 2132//2050 2133//2051 2134//2052
f 2115//2033 2114//2032 2135//2053
f 2135//2053 2114//2032 2134//2052
f 2135//2053 2134//2052 2133//2051
f 2136//2054 2126//2044 2123//2041
f 2119//2037 2117//2035 2115//2033
f 2115//2033 2135//2053 2133//2051
f 2129//2047 2128//2046 2136//2054
f 2137//2055 2119//2037 2115//2033
f 2137//2055 2115//2033 2138//2056
f 2129//2047 2140//2058 2131//2049
f 2131//2049 2140//2058 2141//2059
f 2138//2056 2115//2033 2133//2051
f 2138//2056 2133//2051 2141//2059
f 2141//2059 2133//2051 2131//2049
f 2119//2037 2137//2055 2121//2039
f 2121//2039 2137//2055 2142//2060
f 2136//2054 2123//2041 2139//2057
f 2139//2057 2123//2041 2142//2060
f 2142//2060 2123//2041 2121//2039
f 2140//2058 2129//2047 2139//2057
f 2139//2057 2129//2047 2136//2054
f 2143//2061 2139//2057 2142//2060
f 2143//2061 2142//2060 2144//2062
f 2145//2063 2140//2058 2143//2061
f 2143//2061 2140//2058 2139//2057
f 2146//2064 2141//2059 2140//2058
f 2146//2064 2140//2058 2145//2063
f 2147//2065 2138//2056 2146//2064
f 2146//2064 2138//2056 2141//2059
f 2148//2066 2137//2055 2138//2056
f 2148//2066 2138//2056 2147//2065
f 2144//2062 2142//2060 2148//2066
f 2148//2066 2142//2060 2137//2055
f 2143//2061 2144//2062 2149//2067
f 2149//2067 2148//2066 2147//2065
f 2144//2062 2148//2066 2149//2067
f 2149//2067 2147//2065 2146//2064
f 2146//2064 2145//2063 2149//2067
f 2145//2063 2143//2061 2149//2067
f 2157//2075 2158//2076 2159//2077
f 2159//2077 2160//2078 2157//2075
f 2150//2068 2163//2081 2164//2082
f 2150//2068 2164//2082 2151//2069
f 2151//2069 2164//2082 2165//2083
f 2151//2069 2165//2083 2152//2070
f 2152//2070 2165//2083 2166//2084
f 2152//2070 2166//2084 2153//2071
f 2153//2071 2166//2084 2167//2085
f 2153//2071 2167//2085 2168//2086
f 2153//2071 2168//2086 2154//2072
f 2154//2072 2168//2086 2176//2094
f 2154//2072 2176//2094 2155//2073
f 2155//2073 2176//2094 2175//2093
f 2159//2077 2158//2076 2170//2088
f 2170//2088 2158//2076 2169//2087
f 2170//2088 2169//2087 2171//2089
f 2155//2073 2175//2093 2160//2078
f 2160//2078 2175//2093 2171//2089
f 2160//2078 2171//2089 2157//2075
f 2157//2075 2171//2089 2169//2087
f 2159//2077 2170//2088 2172//2090
f 2159//2077 2172//2090 2161//2079
f 2177//2095 2156//2074 2173//2091
f 2173//2091 2156//2074 2162//2080
f 2173//2091 2162//2080 2174//2092
f 2174//2092 2162//2080 2161//2079
f 2174//2092 2161//2079 2172//2090
f 2163//2081 2150//2068 2177//2095
f 2177//2095 2150//2068 2156//2074
f 2178//2096 2179//2097 2180//2098
f 2181//2099 2182//2100 2183//2101
f 2180//2098 2184//2102 2181//2099
f 2174//2092 2180//2098 2173//2091
f 2173//2091 2180//2098 2181//2099
f 2173//2091 2181//2099 2177//2095
f 2177//2095 2181//2099 2163//2081
f 2163//2081 2181//2099 2164//2082
f 2164//2082 2181//2099 2165//2083
f 2165//2083 2181//2099 2183//2101
f 2165//2083 2183//2101 2166//2084
f 2166//2084 2183//2101 2167//2085
f 2183//2101 2185//2103 2178//2096
f 2167//2085 2183//2101 2168//2086
f 2168//2086 2183//2101 2178//2096
f 2168//2086 2178//2096 2176//2094
f 2174//2092 2172//2090 2180//2098
f 2180//2098 2172//2090 2170//2088
f 2180//2098 2170//2088 2178//2096
f 2178//2096 2170//2088 2171//2089
f 2178//2096 2171//2089 2175//2093
f 2178//2096 2175//2093 2176//2094
f 2179//2097 2178//2096 2186//2104
f 2186//2104 2178//2096 2187//2105
f 2180//2098 2179//2097 2188//2106
f 2188//2106 2179//2097 2186//2104
f 2188//2106 2189//2107 2180//2098
f 2180//2098 2189//2107 2184//2102
f 2184//2102 2189//2107 2190//2108
f 2181//2099 2184//2102 2191//2109
f 2191//2109 2184//2102 2190//2108
f 2191//2109 2192//2110 2181//2099
f 2181//2099 2192//2110 2182//2100
f 2182//2100 2192//2110 2190//2108
f 2183//2101 2182//2100 2193//2111
f 2193//2111 2182//2100 2190//2108
f 2193//2111 2186//2104 2183//2101
f 2183//2101 2186//2104 2185//2103
f 2186//2104 2187//2105 2185//2103
f 2185//2103 2187//2105 2178//2096
f 2192//2110 2191//2109 2190//2108
f 2186//2104 2193//2111 2190//2108
f 2186//2104 2190//2108 2188//2106
f 2188//2106 2190//2108 2189//2107
f 2194//2112 2206//2124 2195//2113
f 2195//2113 2206//2124 2207//2125
f 2200//2118 2199//2117 2205//2123
f 2205//2123 2199//2117 2198//2116
f 2205//2123 2198//2116 2208//2126
f 2198//2116 2197//2115 2208//2126
f 2208//2126 2197//2115 2196//2114
f 2208//2126 2196//2114 2207//2125
f 2207//2125 2196//2114 2195//2113
f 2206//2124 2194//2112 2204//2122
f 2206//2124 2204//2122 2209//2127
f 2209//2127 2204//2122 2203//2121
f 2209//2127 2203//2121 2202//2120
f 2209//2127 2202//2120 2210//2128
f 2210//2128 2202//2120 2201//2119
f 2210//2128 2201//2119 2211//2129
f 2211//2129 2201//2119 2200//2118
f 2211//2129 2200//2118 2205//2123
f 2212//2130 2213//2131 2214//2132
f 2214//2132 2215//2133 2216//2134
f 2217//2135 2218//2136 2212//2130
f 2212//2130 2210//2128 2217//2135
f 2217//2135 2210//2128 2211//2129
f 2217//2135 2211//2129 2205//2123
f 2205//2123 2208//2126 2217//2135
f 2217//2135 2208//2126 2216//2134
f 2217//2135 2216//2134 2219//2137
f 2216//2134 2208//2126 2207//2125
f 2216//2134 2207//2125 2214//2132
f 2207//2125 2206//2124 2214//2132
f 2214//2132 2206//2124 2209//2127
f 2214//2132 2209//2127 2212//2130
f 2212//2130 2209//2127 2210//2128
f 2217//2135 2219//2137 2220//2138
f 2220//2138 2219//2137 2221//2139
f 2220//2138 2221//2139 2217//2135
f 2217//2135 2221//2139 2218//2136
f 2221//2139 2222//2140 2218//2136
f 2218//2136 2222//2140 2212//2130
f 2213//2131 2212//2130 2223//2141
f 2223//2141 2212//2130 2222//2140
f 2214//2132 2213//2131 2224//2142
f 2224//2142 2213//2131 2223//2141
f 2224//2142 2223//2141 2214//2132
f 2214//2132 2223//2141 2215//2133
f 2223//2141 2225//2143 2215//2133
f 2215//2133 2225//2143 2216//2134
f 2219//2137 2216//2134 2221//2139
f 2221//2139 2216//2134 2225//2143
f 2223//2141 2222//2140 2221//2139
f 2225//2143 2223//2141 2221//2139
f 2243//2161 2244//2162 2245//2163
f 2245//2163 2244//2162 2246//2164
f 2246//2164 2244//2162 2247//2165
f 2246//2164 2247//2165 2248//2166
f 2246//2164 2248//2166 2249//2167
f 2249//2167 2248//2166 2250//2168
f 2249//2167 2250//2168 2251//2169
f 2251//2169 2250//2168 2252//2170
f 2251//2169 2252//2170 2253//2171
f 2251//2169 2253//2171 2254//2172
f 2254//2172 2253//2171 2255//2173
f 2254//2172 2255//2173 2256//2174
f 2256//2174 2255//2173 2257//2175
f 2256//2174 2257//2175 2258//2176
f 2258//2176 2257//2175 2259//2177
f 2258//2176 2259//2177 2260//2178
f 2260//2178 2259//2177 2261//2179
f 2260//2178 2261//2179 2262//2180
f 2260//2178 2262//2180 2263//2181
f 2263//2181 2262//2180 2264//2182
f 2263//2181 2264//2182 2265//2183
f 2265//2183 2264//2182 2266//2184
f 2265//2183 2266//2184 2267//2185
f 2265//2183 2267//2185 2268//2186
f 2268//2186 2267//2185 2269//2187
f 2268//2186 2269//2187 2226//2144
f 2275//2193 2274//2192 2273//2191
f 2275//2193 2273//2191 2272//2190
f 2274//2192 2276//2194 2277//2195
f 2277//2195 2276//2194 2278//2196
f 2277//2195 2278//2196 2279//2197
f 2280//2198 2281//2199 2282//2200
f 2281//2199 2283//2201 2282//2200
f 2282//2200 2283//2201 2284//2202
f 2286//2204 2287//2205 2288//2206
f 2287//2205 2289//2207 2288//2206
f 2289//2207 2290//2208 2280//2198
f 2281//2199 2280//2198 2290//2208
f 2291//2209 2292//2210 2293//2211
f 2296//2214 2297//2215 2298//2216
f 2298//2216 2300//2218 2299//2217
f 2299//2217 2300//2218 2301//2219
f 2292//2210 2291//2209 2301//2219
f 2292//2210 2301//2219 2300//2218
f 2305//2223 2308//2226 2307//2225
f 2307//2225 2308//2226 2309//2227
f 2315//2233 2314//2232 2318//2236
f 2321//2239 2322//2240 2323//2241
f 2327//2245 2328//2246 2329//2247
f 2328//2246 2330//2248 2329//2247
f 2329//2247 2330//2248 2331//2249
f 2331//2249 2332//2250 2333//2251
f 2328//2246 2327//2245 2336//2254
f 2337//2255 2338//2256 2339//2257
f 2337//2255 2339//2257 2340//2258
f 2340//2258 2339//2257 2341//2259
f 2338//2256 2337//2255 2343//2261
f 2338//2256 2343//2261 2344//2262
f 2344//2262 2343//2261 2345//2263
f 2344//2262 2345//2263 2346//2264
f 2347//2265 2342//2260 2346//2264
f 2347//2265 2346//2264 2345//2263
f 2226//2144 2348//2266 2349//2267
f 2226//2144 2349//2267 2227//2145
f 2227//2145 2349//2267 2350//2268
f 2227//2145 2350//2268 2228//2146
f 2228//2146 2350//2268 2351//2269
f 2228//2146 2351//2269 2229//2147
f 2229//2147 2351//2269 2352//2270
f 2229//2147 2352//2270 2230//2148
f 2230//2148 2352//2270 2353//2271
f 2230//2148 2353//2271 2231//2149
f 2231//2149 2353//2271 2354//2272
f 2231//2149 2354//2272 2232//2150
f 2232//2150 2354//2272 2355//2273
f 2232//2150 2355//2273 2233//2151
f 2233//2151 2355//2273 2356//2274
f 2233//2151 2356//2274 2234//2152
f 2234//2152 2356//2274 2357//2275
f 2234//2152 2357//2275 2235//2153
f 2235//2153 2357//2275 2358//2276
f 2235//2153 2358//2276 2236//2154
f 2236//2154 2358//2276 2359//2277
f 2236//2154 2359//2277 2237//2155
f 2237//2155 2359//2277 2360//2278
f 2237//2155 2360//2278 2238//2156
f 2238//2156 2360//2278 2361//2279
f 2238//2156 2361//2279 2239//2157
f 2239//2157 2361//2279 2362//2280
f 2239//2157 2362//2280 2240//2158
f 2240//2158 2362//2280 2363//2281
f 2240//2158 2363//2281 2241//2159
f 2241//2159 2363//2281 2364//2282
f 2241//2159 2364//2282 2242//2160
f 2242//2160 2364//2282 2365//2283
f 2242//2160 2365//2283 2243//2161
f 2243//2161 2365//2283 2244//2162
f 2244//2162 2365//2283 2366//2284
f 2244//2162 2366//2284 2247//2165
f 2247//2165 2366//2284 2367//2285
f 2247//2165 2367//2285 2248//2166
f 2248//2166 2367//2285 2368//2286
f 2248//2166 2368//2286 2250//2168
f 2250//2168 2368//2286 2369//2287
f 2250//2168 2369//2287 2252//2170
f 2252//2170 2369//2287 2370//2288
f 2252//2170 2370//2288 2253//2171
f 2253//2171 2370//2288 2371//2289
f 2253//2171 2371//2289 2255//2173
f 2255//2173 2371//2289 2372//2290
f 2255//2173 2372//2290 2257//2175
f 2257//2175 2372//2290 2373//2291
f 2374//2292 2375//2293 2261//2179
f 2261//2179 2259//2177 2374//2292
f 2374//2292 2259//2177 2373//2291
f 2373//2291 2259//2177 2257//2175
f 2376//2294 2377//2295 2264//2182
f 2264//2182 2262//2180 2376//2294
f 2376//2294 2262//2180 2375//2293
f 2375//2293 2262//2180 2261//2179
f 2378//2296 2379//2297 2267//2185
f 2267//2185 2266//2184 2378//2296
f 2378//2296 2266//2184 2377//2295
f 2377//2295 2266//2184 2264//2182
f 2348//2266 2226//2144 2269//2187
f 2348//2266 2269//2187 2380//2298
f 2380//2298 2269//2187 2379//2297
f 2379//2297 2269//2187 2267//2185
f 2270//2188 2382//2300 2271//2189
f 2271//2189 2382//2300 2383//2301
f 2384//2302 2272//2190 2383//2301
f 2383//2301 2272//2190 2271//2189
f 2274//2192 2275//2193 2381//2299
f 2381//2299 2275//2193 2384//2302
f 2384//2302 2275//2193 2272//2190
f 2385//2303 2382//2300 2270//2188
f 2274//2192 2381//2299 2276//2194
f 2276//2194 2381//2299 2386//2304
f 2387//2305 2278//2196 2386//2304
f 2386//2304 2278//2196 2276//2194
f 2385//2303 2270//2188 2279//2197
f 2385//2303 2279//2197 2387//2305
f 2387//2305 2279//2197 2278//2196
f 2289//2207 2388//2306 2290//2208
f 2290//2208 2388//2306 2389//2307
f 2391//2309 2281//2199 2389//2307
f 2389//2307 2281//2199 2290//2208
f 2392//2310 2281//2199 2391//2309
f 2284//2202 2283//2201 2390//2308
f 2390//2308 2283//2201 2392//2310
f 2392//2310 2283//2201 2281//2199
f 2284//2202 2390//2308 2285//2203
f 2285//2203 2390//2308 2393//2311
f 2394//2312 2286//2204 2393//2311
f 2393//2311 2286//2204 2285//2203
f 2394//2312 2287//2205 2286//2204
f 2388//2306 2289//2207 2287//2205
f 2388//2306 2287//2205 2394//2312
f 2298//2216 2395//2313 2300//2218
f 2300//2218 2395//2313 2396//2314
f 2398//2316 2292//2210 2396//2314
f 2396//2314 2292//2210 2300//2218
f 2399//2317 2292//2210 2398//2316
f 2294//2212 2293//2211 2397//2315
f 2397//2315 2293//2211 2399//2317
f 2399//2317 2293//2211 2292//2210
f 2294//2212 2397//2315 2295//2213
f 2295//2213 2397//2315 2400//2318
f 2401//2319 2296//2214 2400//2318
f 2400//2318 2296//2214 2295//2213
f 2401//2319 2297//2215 2296//2214
f 2395//2313 2298//2216 2297//2215
f 2395//2313 2297//2215 2401//2319
f 2302//2220 2403//2321 2303//2221
f 2303//2221 2403//2321 2404//2322
f 2405//2323 2304//2222 2404//2322
f 2404//2322 2304//2222 2303//2221
f 2305//2223 2306//2224 2402//2320
f 2402//2320 2306//2224 2405//2323
f 2405//2323 2306//2224 2304//2222
f 2305//2223 2402//2320 2406//2324
f 2305//2223 2406//2324 2308//2226
f 2308//2226 2406//2324 2407//2325
f 2308//2226 2407//2325 2309//2227
f 2309//2227 2407//2325 2302//2220
f 2302//2220 2407//2325 2408//2326
f 2302//2220 2408//2326 2403//2321
f 2315//2233 2409//2327 2314//2232
f 2314//2232 2409//2327 2410//2328
f 2314//2232 2410//2328 2313//2231
f 2313//2231 2410//2328 2411//2329
f 2313//2231 2411//2329 2312//2230
f 2312//2230 2411//2329 2412//2330
f 2312//2230 2412//2330 2311//2229
f 2311//2229 2412//2330 2310//2228
f 2310//2228 2412//2330 2413//2331
f 2310//2228 2413//2331 2316//2234
f 2316//2234 2413//2331 2414//2332
f 2415//2333 2317//2235 2414//2332
f 2414//2332 2317//2235 2316//2234
f 2409//2327 2315//2233 2318//2236
f 2409//2327 2318//2236 2415//2333
f 2415//2333 2318//2236 2317//2235
f 2325//2243 2416//2334 2326//2244
f 2326//2244 2416//2334 2417//2335
f 2419//2337 2319//2237 2417//2335
f 2417//2335 2319//2237 2326//2244
f 2420//2338 2319//2237 2419//2337
f 2321//2239 2320//2238 2418//2336
f 2418//2336 2320//2238 2420//2338
f 2420//2338 2320//2238 2319//2237
f 2321//2239 2418//2336 2322//2240
f 2322//2240 2418//2336 2421//2339
f 2422//2340 2323//2241 2421//2339
f 2421//2339 2323//2241 2322//2240
f 2422//2340 2324//2242 2323//2241
f 2416//2334 2325//2243 2324//2242
f 2416//2334 2324//2242 2422//2340
f 2335//2253 2423//2341 2336//2254
f 2336//2254 2423//2341 2424//2342
f 2426//2344 2328//2246 2424//2342
f 2424//2342 2328//2246 2336//2254
f 2427//2345 2328//2246 2426//2344
f 2331//2249 2330//2248 2425//2343
f 2425//2343 2330//2248 2427//2345
f 2427//2345 2330//2248 2328//2246
f 2331//2249 2425//2343 2332//2250
f 2332//2250 2425//2343 2428//2346
f 2429//2347 2333//2251 2428//2346
f 2428//2346 2333//2251 2332//2250
f 2429//2347 2334//2252 2333//2251
f 2423//2341 2335//2253 2334//2252
f 2423//2341 2334//2252 2429//2347
f 2430//2348 2431//2349 2342//2260
f 2342//2260 2431//2349 2341//2259
f 2341//2259 2431//2349 2432//2350
f 2341//2259 2432//2350 2340//2258
f 2432//2350 2433//2351 2340//2258
f 2340//2258 2433//2351 2337//2255
f 2434//2352 2337//2255 2433//2351
f 2337//2255 2434//2352 2343//2261
f 2343//2261 2434//2352 2435//2353
f 2436//2354 2345//2263 2435//2353
f 2435//2353 2345//2263 2343//2261
f 2342//2260 2347//2265 2430//2348
f 2430//2348 2347//2265 2436//2354
f 2436//2354 2347//2265 2345//2263
f 1059//1045 2365//2283 2364//2282
f 1059//1045 2364//2282 1078//1064
f 1078//1064 2364//2282 2363//2281
f 1078//1064 2363//2281 1079//1065
f 1079//1065 2363//2281 2362//2280
f 1079//1065 2362//2280 1080//1066
f 1080//1066 2362//2280 2361//2279
f 1080//1066 2361//2279 1081//1067
f 1081//1067 2361//2279 2360//2278
f 1081//1067 2360//2278 1082//1068
f 1082//1068 2360//2278 2359//2277
f 1082//1068 2359//2277 1083//1069
f 1083//1069 2359//2277 2358//2276
f 1083//1069 2358//2276 1084//1070
f 1084//1070 2358//2276 2357//2275
f 1084//1070 2357//2275 1085//1071
f 1085//1071 2357//2275 2356//2274
f 1085//1071 2356//2274 1086//1072
f 1086//1072 2356//2274 2355//2273
f 1086//1072 2355//2273 1087//1073
f 1087//1073 2355//2273 2354//2272
f 1087//1073 2354//2272 1088//1074
f 1088//1074 2354//2272 2353//2271
f 1088//1074 2353//2271 1089//1075
f 1089//1075 2353//2271 2352//2270
f 1089//1075 2352//2270 1090//1076
f 1090//1076 2352//2270 2351//2269
f 1090//1076 2351//2269 1091//1077
f 1091//1077 2351//2269 2350//2268
f 1091//1077 2350//2268 1092//1078
f 1092//1078 2350//2268 2349//2267
f 1092//1078 2349//2267 1093//1079
f 1093//1079 2349//2267 2348//2266
f 1093//1079 2348//2266 1042//1028
f 2365//2283 1059//1045 1058//1044
f 2365//2283 1058//1044 2366//2284
f 2366//2284 1058//1044 1057//1043
f 2366//2284 1057//1043 2367//2285
f 2367//2285 1057//1043 1056//1042
f 2367//2285 1056//1042 2368//2286
f 2368//2286 1056//1042 1055//1041
f 2368//2286 1055//1041 2369//2287
f 2369//2287 1055//1041 1054//1040
f 2369//2287 1054//1040 2370//2288
f 2370//2288 1054//1040 1053//1039
f 2370//2288 1053//1039 2371//2289
f 2371//2289 1053//1039 1052//1038
f 2371//2289 1052//1038 2372//2290
f 2372//2290 1052//1038 1050//1036
f 2372//2290 1050//1036 2373//2291
f 2373//2291 1050//1036 1049//1035
f 2373//2291 1049//1035 2374//2292
f 2374//2292 1049//1035 1048//1034
f 2374//2292 1048//1034 2375//2293
f 2375//2293 1048//1034 1047//1033
f 2375//2293 1047//1033 2376//2294
f 2376//2294 1047//1033 1046//1032
f 2376//2294 1046//1032 2377//2295
f 2377//2295 1046//1032 1045//1031
f 2377//2295 1045//1031 2378//2296
f 2378//2296 1045//1031 1044//1030
f 2378//2296 1044//1030 2379//2297
f 2379//2297 1044//1030 1043//1029
f 2379//2297 1043//1029 2380//2298
f 2380//2298 1043//1029 1042//1028
f 2380//2298 1042//1028 2348//2266
f 2383//2301 2437//2355 2384//2302
f 2384//2302 2437//2355 2438//2356
f 2384//2302 2438//2356 2381//2299
f 2381//2299 2438//2356 2386//2304
f 2392//2310 2391//2309 2439//2357
f 2392//2310 2439//2357 2390//2308
f 2390//2308 2439//2357 2440//2358
f 2390//2308 2440//2358 2393//2311
f 2394//2312 2393//2311 2441//2359
f 2394//2312 2441//2359 2388//2306
f 2388//2306 2441//2359 2389//2307
f 2395//2313 2442//2360 2396//2314
f 2396//2314 2442//2360 2398//2316
f 2399//2317 2398//2316 2443//2361
f 2399//2317 2443//2361 2397//2315
f 2397//2315 2443//2361 2400//2318
f 2401//2319 2400//2318 2444//2362
f 2401//2319 2444//2362 2395//2313
f 2395//2313 2444//2362 2442//2360
f 2408//2326 2407//2325 2445//2363
f 2445//2363 2407//2325 2406//2324
f 2445//2363 2406//2324 2446//2364
f 2406//2324 2402//2320 2446//2364
f 2409//2327 2449//2367 2410//2328
f 2413//2331 2412//2330 2447//2365
f 2413//2331 2447//2365 2414//2332
f 2414//2332 2447//2365 2448//2366
f 2414//2332 2448//2366 2415//2333
f 2415//2333 2448//2366 2449//2367
f 2415//2333 2449//2367 2409//2327
f 2416//2334 2450//2368 2417//2335
f 2417//2335 2450//2368 2419//2337
f 2420//2338 2419//2337 2451//2369
f 2420//2338 2451//2369 2418//2336
f 2418//2336 2451//2369 2421//2339
f 2422//2340 2421//2339 2452//2370
f 2422//2340 2452//2370 2416//2334
f 2416//2334 2452//2370 2450//2368
f 2427//2345 2426//2344 2453//2371
f 2427//2345 2453//2371 2425//2343
f 2425//2343 2453//2371 2454//2372
f 2425//2343 2454//2372 2428//2346
f 2428//2346 2454//2372 2455//2373
f 2428//2346 2455//2373 2429//2347
f 2429//2347 2455//2373 2423//2341
f 2453//2371 1164//1150 2456//2374
f 2457//2375 2454//2372 2453//2371
f 2457//2375 2453//2371 2456//2374
f 2426//2344 1162//1148 2453//2371
f 2453//2371 1162//1148 1164//1150
f 1161//1147 1163//1149 1162//1148
f 1161//1147 1162//1148 1160//1146
f 1152//1138 2454//2372 1151//1137
f 1151//1137 2454//2372 2457//2375
f 1152//1138 1154//1140 2454//2372
f 2454//2372 1154//1140 1153//1139
f 2454//2372 1153//1139 2455//2373
f 1153//1139 1155//1141 2455//2373
f 2455//2373 1155//1141 2423//2341
f 2423//2341 1155//1141 1158//1144
f 2423//2341 1158//1144 2424//2342
f 2424//2342 1158//1144 1160//1146
f 2424//2342 1160//1146 2426//2344
f 2426//2344 1160//1146 1162//1148
f 2451//2369 2458//2376 2459//2377
f 2451//2369 2459//2377 2421//2339
f 2421//2339 2459//2377 1165//1151
f 1167//1153 2452//2370 1168//1154
f 2421//2339 1165//1151 1166//1152
f 2421//2339 1166//1152 2452//2370
f 2452//2370 1166//1152 1168//1154
f 2451//2369 1178//1164 2458//2376
f 1177//1163 1176//1162 2451//2369
f 2451//2369 1176//1162 1178//1164
f 2452//2370 1167//1153 1169//1155
f 2452//2370 1169//1155 2450//2368
f 2450//2368 1169//1155 1174//1160
f 2450//2368 1174//1160 2419//2337
f 1174//1160 1172//1158 2419//2337
f 2419//2337 1172//1158 1175//1161
f 2419//2337 1175//1161 2451//2369
f 2451//2369 1175//1161 1177//1163
f 2449//2367 1183//1169 2410//2328
f 2410//2328 1183//1169 2411//2329
f 2411//2329 1183//1169 1188//1174
f 2411//2329 1188//1174 2412//2330
f 2412//2330 1188//1174 1186//1172
f 1186//1172 1189//1175 2412//2330
f 2412//2330 1189//1175 2447//2365
f 2447//2365 1189//1175 1191//1177
f 2447//2365 2460//2378 2448//2366
f 1191//1177 1190//1176 2447//2365
f 2447//2365 1190//1176 1192//1178
f 2448//2366 1179//1165 2449//2367
f 2449//2367 1179//1165 1181//1167
f 2447//2365 1192//1178 2460//2378
f 2449//2367 1181//1167 1182//1168
f 2449//2367 1182//1168 1183//1169
f 2434//2352 1139//1125 2435//2353
f 2435//2353 1139//1125 1141//1127
f 2435//2353 1141//1127 2436//2354
f 2436//2354 1141//1127 1146//1132
f 2436//2354 1146//1132 2430//2348
f 2430//2348 1146//1132 1144//1130
f 2461//2379 1137//1123 2434//2352
f 2461//2379 2434//2352 2433//2351
f 1147//1133 2431//2349 1144//1130
f 1144//1130 2431//2349 2430//2348
f 1149//1135 1150//1136 2431//2349
f 2431//2349 1150//1136 2432//2350
f 2432//2350 1150//1136 2462//2380
f 2432//2350 2462//2380 2461//2379
f 2432//2350 2461//2379 2433//2351
f 1137//1123 1138//1124 2434//2352
f 2434//2352 1138//1124 1140//1126
f 2434//2352 1140//1126 1139//1125
f 1149//1135 2431//2349 1147//1133
f 2437//2355 1235//1221 2438//2356
f 2438//2356 1235//1221 1237//1223
f 2383//2301 2463//2381 2437//2355
f 1136//1122 2382//2300 1134//1120
f 2438//2356 1237//1223 1126//1112
f 2382//2300 1136//1122 2463//2381
f 2382//2300 2463//2381 2383//2301
f 1134//1120 2382//2300 2385//2303
f 1134//1120 2385//2303 1135//1121
f 1133//1119 1135//1121 2385//2303
f 1133//1119 2385//2303 1130//1116
f 1130//1116 2385//2303 2387//2305
f 1130//1116 2387//2305 1132//1118
f 1132//1118 2387//2305 2386//2304
f 1132//1118 2386//2304 1127//1113
f 1127//1113 2386//2304 2438//2356
f 1127//1113 2438//2356 1126//1112
f 2405//2323 1202//1188 2402//2320
f 2408//2326 2445//2363 2464//2382
f 2464//2382 2445//2363 2465//2383
f 2465//2383 2445//2363 1206//1192
f 1206//1192 2445//2363 2446//2364
f 1202//1188 1200//1186 2402//2320
f 2402//2320 1200//1186 1203//1189
f 2402//2320 1203//1189 2446//2364
f 1203//1189 1205//1191 2446//2364
f 2446//2364 1205//1191 1206//1192
f 2403//2321 1195//1181 2404//2322
f 2404//2322 1195//1181 1197//1183
f 2404//2322 1197//1183 2405//2323
f 2405//2323 1197//1183 1202//1188
f 2408//2326 2464//2382 2403//2321
f 2403//2321 2464//2382 1193//1179
f 1193//1179 1194//1180 2403//2321
f 2403//2321 1194//1180 1196//1182
f 2403//2321 1196//1182 1195//1181
f 2439//2357 1223//1209 1225//1211
f 2439//2357 1225//1211 2440//2358
f 2440//2358 1225//1211 1230//1216
f 2440//2358 1230//1216 2393//2311
f 1223//1209 2439//2357 1224//1210
f 1224//1210 2439//2357 1222//1208
f 1222//1208 2439//2357 2391//2309
f 1222//1208 2391//2309 1221//1207
f 1232//1218 1234//1220 2441//2359
f 1232//1218 2441//2359 1233//1219
f 1231//1217 1233//1219 2441//2359
f 1231//1217 2441//2359 1228//1214
f 1228//1214 2441//2359 2393//2311
f 1228//1214 2393//2311 1230//1216
f 2389//2307 2466//2384 2391//2309
f 2391//2309 2466//2384 2467//2385
f 2391//2309 2467//2385 1221//1207
f 2441//2359 1234//1220 2466//2384
f 2441//2359 2466//2384 2389//2307
f 2444//2362 1220//1206 2468//2386
f 1216//1202 2400//2318 2443//2361
f 1216//1202 2443//2361 1214//1200
f 1214//1200 2443//2361 1211//1197
f 1211//1197 2443//2361 2398//2316
f 1220//1206 2444//2362 1218//1204
f 1218//1204 2444//2362 2400//2318
f 1217//1203 1219//1205 1218//1204
f 1217//1203 1218//1204 1216//1202
f 1216//1202 1218//1204 2400//2318
f 2469//2387 2442//2360 2444//2362
f 2469//2387 2444//2362 2468//2386
f 1208//1194 2442//2360 1207//1193
f 1207//1193 2442//2360 2469//2387
f 1208//1194 1210//1196 2442//2360
f 2442//2360 1210//1196 1209//1195
f 2442//2360 1209//1195 2398//2316
f 2398//2316 1209//1195 1211//1197
f 4034//3933 4033//3932 2470//2388
f 2470//2388 2471//2389 4034//3933
f 4034//3933 2471//2389 4035//3934
f 2471//2389 2472//2390 4035//3934
f 4035//3934 2472//2390 4036//3935
f 2472//2390 2473//2391 4036//3935
f 4036//3935 2473//2391 4037//3936
f 2473//2391 2474//2392 4037//3936
f 4037//3936 2474//2392 4038//3937
f 2474//2392 2475//2393 4038//3937
f 4038//3937 2475//2393 4009//3908
f 2475//2393 2476//2394 4009//3908
f 4009//3908 2476//2394 4010//3909
f 2476//2394 2477//2395 4010//3909
f 4010//3909 2477//2395 4011//3910
f 2477//2395 2478//2396 4011//3910
f 4011//3910 2478//2396 4012//3911
f 2478//2396 2479//2397 4012//3911
f 4012//3911 2479//2397 4013//3912
f 2479//2397 2480//2398 4013//3912
f 4013//3912 2480//2398 4014//3913
f 2480//2398 2481//2399 4014//3913
f 4014//3913 2481//2399 4015//3914
f 4015//3914 2481//2399 2482//2400
f 4015//3914 2482//2400 2483//2401
f 4015//3914 2483//2401 4016//3915
f 4016//3915 2483//2401 2484//2402
f 4016//3915 2484//2402 4017//3916
f 4017//3916 2484//2402 2485//2403
f 4017//3916 2485//2403 4018//3917
f 4018//3917 2485//2403 2486//2404
f 4018//3917 2486//2404 4019//3918
f 4019//3918 2486//2404 2487//2405
f 4019//3918 2487//2405 4020//3919
f 4020//3919 2487//2405 4021//3920
f 2487//2405 2488//2406 4021//3920
f 4021//3920 2488//2406 4022//3921
f 2488//2406 2489//2407 4022//3921
f 4022//3921 2489//2407 4023//3922
f 2489//2407 2490//2408 4023//3922
f 4023//3922 2490//2408 4024//3923
f 2490//2408 2491//2409 4024//3923
f 4024//3923 2491//2409 4025//3924
f 2491//2409 2492//2410 4025//3924
f 4025//3924 2492//2410 4026//3925
f 4026//3925 2492//2410 4027//3926
f 2492//2410 2493//2411 4027//3926
f 4027//3926 2493//2411 4028//3927
f 2493//2411 2494//2412 4028//3927
f 4028//3927 2494//2412 4029//3928
f 2494//2412 2495//2413 4029//3928
f 4029//3928 2495//2413 4030//3929
f 2495//2413 2496//2414 4030//3929
f 4030//3929 2496//2414 4031//3930
f 2496//2414 2497//2415 4031//3930
f 4031//3930 2497//2415 4032//3931
f 4032//3931 2497//2415 2498//2416
f 2470//2388 4033//3932 4032//3931
f 2470//2388 4032//3931 2498//2416
f 2503//2421 2502//2420 2501//2419
f 2533//2451 2531//2449 2534//2452
f 2546//2464 2551//2469 2547//2465
f 2492//2410 2562//2480 2563//2481
f 2492//2410 2563//2481 2493//2411
f 2564//2482 2565//2483 2495//2413
f 2495//2413 2494//2412 2564//2482
f 2564//2482 2494//2412 2563//2481
f 2563//2481 2494//2412 2493//2411
f 2566//2484 2567//2485 2497//2415
f 2497//2415 2496//2414 2566//2484
f 2566//2484 2496//2414 2565//2483
f 2565//2483 2496//2414 2495//2413
f 2568//2486 2569//2487 2470//2388
f 2470//2388 2498//2416 2568//2486
f 2568//2486 2498//2416 2567//2485
f 2567//2485 2498//2416 2497//2415
f 2570//2488 2571//2489 2472//2390
f 2472//2390 2471//2389 2570//2488
f 2570//2488 2471//2389 2569//2487
f 2569//2487 2471//2389 2470//2388
f 2572//2490 2573//2491 2474//2392
f 2474//2392 2473//2391 2572//2490
f 2572//2490 2473//2391 2571//2489
f 2571//2489 2473//2391 2472//2390
f 2574//2492 2575//2493 2476//2394
f 2476//2394 2475//2393 2574//2492
f 2574//2492 2475//2393 2573//2491
f 2573//2491 2475//2393 2474//2392
f 2576//2494 2577//2495 2478//2396
f 2478//2396 2477//2395 2576//2494
f 2576//2494 2477//2395 2575//2493
f 2575//2493 2477//2395 2476//2394
f 2478//2396 2577//2495 2578//2496
f 2579//2497 2479//2397 2578//2496
f 2578//2496 2479//2397 2478//2396
f 2580//2498 2480//2398 2579//2497
f 2579//2497 2480//2398 2479//2397
f 2581//2499 2481//2399 2580//2498
f 2580//2498 2481//2399 2480//2398
f 2582//2500 2482//2400 2581//2499
f 2581//2499 2482//2400 2481//2399
f 2583//2501 2485//2403 2584//2502
f 2584//2502 2485//2403 2484//2402
f 2584//2502 2484//2402 2585//2503
f 2585//2503 2484//2402 2483//2401
f 2585//2503 2483//2401 2582//2500
f 2582//2500 2483//2401 2482//2400
f 2586//2504 2487//2405 2583//2501
f 2583//2501 2487//2405 2486//2404
f 2583//2501 2486//2404 2485//2403
f 2587//2505 2488//2406 2586//2504
f 2586//2504 2488//2406 2487//2405
f 2588//2506 2489//2407 2587//2505
f 2587//2505 2489//2407 2488//2406
f 2589//2507 2490//2408 2588//2506
f 2588//2506 2490//2408 2489//2407
f 2562//2480 2492//2410 2491//2409
f 2562//2480 2491//2409 2590//2508
f 2590//2508 2491//2409 2589//2507
f 2589//2507 2491//2409 2490//2408
f 2499//2417 2591//2509 2500//2418
f 2500//2418 2591//2509 2592//2510
f 2500//2418 2592//2510 2593//2511
f 2500//2418 2593//2511 2501//2419
f 2501//2419 2593//2511 2503//2421
f 2503//2421 2593//2511 2594//2512
f 2503//2421 2594//2512 2506//2424
f 2506//2424 2594//2512 2595//2513
f 2506//2424 2595//2513 2596//2514
f 2506//2424 2596//2514 2505//2423
f 2505//2423 2596//2514 2504//2422
f 2504//2422 2596//2514 2597//2515
f 2504//2422 2597//2515 2598//2516
f 2504//2422 2598//2516 2499//2417
f 2499//2417 2598//2516 2591//2509
f 2511//2429 2599//2517 2510//2428
f 2510//2428 2599//2517 3023//2941
f 2510//2428 3023//2941 2509//2427
f 2509//2427 3023//2941 2600//2518
f 2509//2427 2600//2518 2508//2426
f 2508//2426 2600//2518 2601//2519
f 2508//2426 2601//2519 2507//2425
f 2507//2425 2601//2519 2602//2520
f 2507//2425 2602//2520 2512//2430
f 2512//2430 2602//2520 2603//2521
f 2512//2430 2603//2521 2513//2431
f 2513//2431 2603//2521 2604//2522
f 2513//2431 2604//2522 2514//2432
f 2514//2432 2604//2522 2605//2523
f 2514//2432 2605//2523 2511//2429
f 2511//2429 2605//2523 2599//2517
f 2520//2438 2606//2524 2607//2525
f 2520//2438 2607//2525 2519//2437
f 2519//2437 2607//2525 2608//2526
f 2519//2437 2608//2526 2515//2433
f 2515//2433 2608//2526 2609//2527
f 2515//2433 2609//2527 2516//2434
f 2516//2434 2609//2527 2610//2528
f 2516//2434 2610//2528 2611//2529
f 2516//2434 2611//2529 2517//2435
f 2517//2435 2611//2529 2518//2436
f 2518//2436 2611//2529 2612//2530
f 2518//2436 2612//2530 2521//2439
f 2521//2439 2612//2530 2613//2531
f 2521//2439 2613//2531 2606//2524
f 2521//2439 2606//2524 2520//2438
f 2522//2440 2614//2532 2523//2441
f 2523//2441 2614//2532 2615//2533
f 2523//2441 2615//2533 2616//2534
f 2523//2441 2616//2534 2524//2442
f 2524//2442 2616//2534 2617//2535
f 2524//2442 2617//2535 2525//2443
f 2525//2443 2617//2535 2526//2444
f 2526//2444 2617//2535 2618//2536
f 2526//2444 2618//2536 2530//2448
f 2530//2448 2618//2536 2529//2447
f 2529//2447 2618//2536 2619//2537
f 2529//2447 2619//2537 2528//2446
f 2619//2537 2620//2538 2528//2446
f 2528//2446 2620//2538 2614//2532
f 2528//2446 2614//2532 2527//2445
f 2614//2532 2522//2440 2527//2445
f 2538//2456 2621//2539 2537//2455
f 2537//2455 2621//2539 2622//2540
f 2537//2455 2622//2540 2532//2450
f 2532//2450 2622//2540 2623//2541
f 2532//2450 2623//2541 2531//2449
f 2531//2449 2623//2541 2624//2542
f 2531//2449 2624//2542 2534//2452
f 2534//2452 2624//2542 2625//2543
f 2534//2452 2625//2543 2535//2453
f 2535//2453 2625//2543 2626//2544
f 2535//2453 2626//2544 2627//2545
f 2535//2453 2627//2545 2536//2454
f 2627//2545 2628//2546 2536//2454
f 2536//2454 2628//2546 2538//2456
f 2621//2539 2538//2456 2628//2546
f 2544//2462 2629//2547 2543//2461
f 2543//2461 2629//2547 2630//2548
f 2543//2461 2630//2548 2631//2549
f 2543//2461 2631//2549 2539//2457
f 2539//2457 2631//2549 2540//2458
f 2540//2458 2631//2549 2632//2550
f 2540//2458 2632//2550 2541//2459
f 2541//2459 2632//2550 3027//2945
f 2633//2551 2541//2459 3027//2945
f 2633//2551 2542//2460 2541//2459
f 2629//2547 2544//2462 2634//2552
f 2634//2552 2544//2462 2545//2463
f 2634//2552 2545//2463 2633//2551
f 2633//2551 2545//2463 2542//2460
f 2635//2553 2636//2554 2550//2468
f 2550//2468 2636//2554 2549//2467
f 2549//2467 2636//2554 2548//2466
f 2548//2466 2636//2554 2637//2555
f 2548//2466 2637//2555 2546//2464
f 2546//2464 2637//2555 2638//2556
f 2546//2464 2638//2556 2551//2469
f 2551//2469 2638//2556 2639//2557
f 2640//2558 2551//2469 2639//2557
f 2641//2559 2552//2470 2640//2558
f 2640//2558 2552//2470 2551//2469
f 2635//2553 2550//2468 2553//2471
f 2635//2553 2553//2471 2641//2559
f 2641//2559 2553//2471 2552//2470
f 2642//2560 2555//2473 2643//2561
f 2643//2561 2555//2473 2644//2562
f 2644//2562 2555//2473 2554//2472
f 2644//2562 2554//2472 2645//2563
f 2645//2563 2554//2472 2559//2477
f 2645//2563 2559//2477 2560//2478
f 2645//2563 2560//2478 2646//2564
f 2646//2564 2560//2478 2561//2479
f 2555//2473 2642//2560 2556//2474
f 2556//2474 2642//2560 2557//2475
f 2557//2475 2642//2560 2647//2565
f 2557//2475 2647//2565 2558//2476
f 2558//2476 2647//2565 2648//2566
f 2558//2476 2648//2566 2561//2479
f 2561//2479 2648//2566 2646//2564
f 2577//2495 2576//2494 2649//2567
f 2649//2567 2576//2494 2575//2493
f 2649//2567 2575//2493 2574//2492
f 2649//2567 2574//2492 2650//2568
f 2650//2568 2574//2492 2573//2491
f 2650//2568 2573//2491 2572//2490
f 2650//2568 2572//2490 2651//2569
f 2651//2569 2572//2490 2571//2489
f 2651//2569 2571//2489 2570//2488
f 2651//2569 2570//2488 2652//2570
f 2652//2570 2570//2488 2569//2487
f 2652//2570 2569//2487 2568//2486
f 2568//2486 2567//2485 2653//2571
f 2653//2571 2567//2485 2566//2484
f 2653//2571 2566//2484 2565//2483
f 2565//2483 2564//2482 2654//2572
f 2654//2572 2564//2482 2563//2481
f 2654//2572 2563//2481 2562//2480
f 2654//2572 2562//2480 2655//2573
f 2577//2495 2656//2574 2578//2496
f 2578//2496 2656//2574 2579//2497
f 2579//2497 2656//2574 2580//2498
f 2580//2498 2657//2575 2581//2499
f 2581//2499 2657//2575 2582//2500
f 2582//2500 2657//2575 2658//2576
f 2582//2500 2658//2576 2585//2503
f 2585//2503 2658//2576 2584//2502
f 2584//2502 2658//2576 2659//2577
f 2584//2502 2659//2577 2583//2501
f 2583//2501 2659//2577 2586//2504
f 2586//2504 2659//2577 2660//2578
f 2586//2504 2660//2578 2587//2505
f 2587//2505 2660//2578 2588//2506
f 2588//2506 2660//2578 2661//2579
f 2588//2506 2661//2579 2589//2507
f 2589//2507 2661//2579 2590//2508
f 2590//2508 2661//2579 2655//2573
f 2590//2508 2655//2573 2562//2480
f 2623//2541 2662//2580 2624//2542
f 2663//2581 2647//2565 2642//2560
f 2694//2612 2664//2582 2695//2613
f 2695//2613 2664//2582 2665//2583
f 2695//2613 2665//2583 2666//2584
f 2695//2613 2666//2584 2696//2614
f 2696//2614 2666//2584 2667//2585
f 2696//2614 2667//2585 2668//2586
f 2675//2593 2697//2615 2674//2592
f 2674//2592 2697//2615 2698//2616
f 2674//2592 2698//2616 2673//2591
f 2673//2591 2698//2616 2699//2617
f 2673//2591 2699//2617 2672//2590
f 2672//2590 2699//2617 2671//2589
f 2671//2589 2699//2617 2700//2618
f 2671//2589 2700//2618 2670//2588
f 2670//2588 2700//2618 2701//2619
f 2670//2588 2701//2619 2669//2587
f 2669//2587 2701//2619 2668//2586
f 2668//2586 2701//2619 2702//2620
f 2668//2586 2702//2620 2696//2614
f 2679//2597 2703//2621 2678//2596
f 2678//2596 2703//2621 2704//2622
f 2678//2596 2704//2622 2677//2595
f 2677//2595 2704//2622 2705//2623
f 2677//2595 2705//2623 2676//2594
f 2676//2594 2705//2623 2675//2593
f 2675//2593 2705//2623 2697//2615
f 2703//2621 2679//2597 2706//2624
f 2706//2624 2679//2597 2680//2598
f 2706//2624 2680//2598 2707//2625
f 2707//2625 2680//2598 2681//2599
f 2707//2625 2681//2599 2708//2626
f 2708//2626 2681//2599 2682//2600
f 2708//2626 2682//2600 2683//2601
f 2690//2608 2709//2627 2689//2607
f 2689//2607 2709//2627 2710//2628
f 2689//2607 2710//2628 2688//2606
f 2688//2606 2710//2628 2711//2629
f 2688//2606 2711//2629 2687//2605
f 2687//2605 2711//2629 2686//2604
f 2686//2604 2711//2629 2712//2630
f 2686//2604 2712//2630 2685//2603
f 2685//2603 2712//2630 2713//2631
f 2685//2603 2713//2631 2684//2602
f 2684//2602 2713//2631 2683//2601
f 2683//2601 2713//2631 2714//2632
f 2683//2601 2714//2632 2708//2626
f 2664//2582 2694//2612 2693//2611
f 2693//2611 2694//2612 2715//2633
f 2693//2611 2715//2633 2692//2610
f 2692//2610 2715//2633 2716//2634
f 2692//2610 2716//2634 2691//2609
f 2691//2609 2716//2634 2690//2608
f 2690//2608 2716//2634 2709//2627
f 2717//2635 2718//2636 2719//2637
f 2722//2640 2723//2641 2724//2642
f 2721//2639 2720//2638 2731//2649
f 2728//2646 2727//2645 2732//2650
f 2727//2645 2734//2652 2735//2653
f 2727//2645 2735//2653 2732//2650
f 2734//2652 2727//2645 2736//2654
f 2736//2654 2727//2645 2715//2633
f 2732//2650 2735//2653 2737//2655
f 2732//2650 2737//2655 2738//2656
f 2732//2650 2738//2656 2739//2657
f 2739//2657 2738//2656 2740//2658
f 2740//2658 2738//2656 2741//2659
f 2736//2654 2715//2633 2741//2659
f 2741//2659 2715//2633 2733//2651
f 2741//2659 2733//2651 2742//2660
f 2741//2659 2742//2660 2740//2658
f 2743//2661 2695//2613 2744//2662
f 2744//2662 2695//2613 2726//2644
f 2744//2662 2726//2644 2745//2663
f 2725//2643 2746//2664 2747//2665
f 2733//2651 2715//2633 2694//2612
f 2748//2666 2694//2612 2695//2613
f 2748//2666 2695//2613 2749//2667
f 2749//2667 2695//2613 2743//2661
f 2749//2667 2743//2661 2836//2754
f 2836//2754 2743//2661 2746//2664
f 2746//2664 2743//2661 2750//2668
f 2746//2664 2750//2668 2747//2665
f 2725//2643 2747//2665 2751//2669
f 2725//2643 2751//2669 2726//2644
f 2726//2644 2751//2669 2745//2663
f 2711//2629 2752//2670 2753//2671
f 2710//2628 2709//2627 2754//2672
f 2710//2628 2754//2672 2711//2629
f 2711//2629 2754//2672 2752//2670
f 2729//2647 2755//2673 2730//2648
f 2730//2648 2755//2673 2754//2672
f 2730//2648 2754//2672 2756//2674
f 2757//2675 2711//2629 2753//2671
f 2757//2675 2753//2671 2758//2676
f 2759//2677 2760//2678 2729//2647
f 2729//2647 2760//2678 2755//2673
f 2758//2676 2753//2671 2759//2677
f 2759//2677 2753//2671 2760//2678
f 2701//2619 2700//2618 2761//2679
f 2701//2619 2762//2680 2763//2681
f 2764//2682 2765//2683 2766//2684
f 2766//2684 2765//2683 2767//2685
f 2701//2619 2763//2681 2702//2620
f 2702//2620 2763//2681 2764//2682
f 2702//2620 2764//2682 2768//2686
f 2764//2682 2766//2684 2768//2686
f 2762//2680 2701//2619 2761//2679
f 2764//2682 2769//2687 2765//2683
f 2769//2687 2770//2688 2765//2683
f 2765//2683 2770//2688 2771//2689
f 2762//2680 2761//2679 2772//2690
f 2762//2680 2772//2690 2771//2689
f 2762//2680 2771//2689 2770//2688
f 2773//2691 2774//2692 2775//2693
f 2775//2693 2774//2692 2776//2694
f 2777//2695 2712//2630 2711//2629
f 2777//2695 2711//2629 2778//2696
f 2778//2696 2711//2629 2757//2675
f 2777//2695 2779//2697 2712//2630
f 2712//2630 2779//2697 2780//2698
f 2712//2630 2780//2698 2713//2631
f 2713//2631 2784//2702 2714//2632
f 2714//2632 2784//2702 2773//2691
f 2714//2632 2773//2691 2781//2699
f 2773//2691 2775//2693 2781//2699
f 2782//2700 2783//2701 2780//2698
f 2780//2698 2783//2701 2713//2631
f 2713//2631 2783//2701 2784//2702
f 2782//2700 2780//2698 2785//2703
f 2782//2700 2785//2703 2786//2704
f 2786//2704 2785//2703 2774//2692
f 2786//2704 2774//2692 2773//2691
f 2699//2617 2787//2705 2788//2706
f 2789//2707 2790//2708 2699//2617
f 2699//2617 2790//2708 2791//2709
f 2699//2617 2791//2709 2700//2618
f 2700//2618 2791//2709 2792//2710
f 2700//2618 2792//2710 2761//2679
f 2697//2615 2793//2711 2698//2616
f 2698//2616 2793//2711 2699//2617
f 2699//2617 2793//2711 2787//2705
f 2722//2640 2794//2712 2723//2641
f 2723//2641 2794//2712 2793//2711
f 2723//2641 2793//2711 2795//2713
f 2789//2707 2699//2617 2788//2706
f 2789//2707 2788//2706 2832//2750
f 2832//2750 2788//2706 2796//2714
f 2796//2714 2797//2715 2722//2640
f 2722//2640 2797//2715 2794//2712
f 2788//2706 2798//2716 2796//2714
f 2796//2714 2798//2716 2797//2715
f 2800//2718 2799//2717 2801//2719
f 2800//2718 2801//2719 2717//2635
f 2801//2719 2802//2720 2717//2635
f 2717//2635 2802//2720 2718//2636
f 2718//2636 2802//2720 2803//2721
f 2718//2636 2803//2721 2804//2722
f 2800//2718 2826//2744 2799//2717
f 2799//2717 2826//2744 2805//2723
f 2799//2717 2805//2723 2806//2724
f 2806//2724 2805//2723 2807//2725
f 2806//2724 2807//2725 2808//2726
f 2809//2727 2705//2623 2810//2728
f 2707//2625 2808//2726 2706//2624
f 2706//2624 2808//2726 2807//2725
f 2706//2624 2807//2725 2703//2621
f 2812//2730 2731//2649 2813//2731
f 2705//2623 2704//2622 2810//2728
f 2810//2728 2704//2622 2811//2729
f 2810//2728 2811//2729 2814//2732
f 2731//2649 2815//2733 2813//2731
f 2812//2730 2813//2731 2816//2734
f 2816//2734 2813//2731 2814//2732
f 2816//2734 2814//2732 2817//2735
f 2817//2735 2814//2732 2811//2729
f 2795//2713 2793//2711 2697//2615
f 2818//2736 2697//2615 2705//2623
f 2818//2736 2705//2623 2720//2638
f 2720//2638 2705//2623 2809//2727
f 2720//2638 2809//2727 2819//2737
f 2720//2638 2819//2737 2731//2649
f 2731//2649 2819//2737 2815//2733
f 2702//2620 2820//2738 2696//2614
f 2696//2614 2820//2738 2821//2739
f 2696//2614 2821//2739 2726//2644
f 2696//2614 2726//2644 2695//2613
f 2756//2674 2754//2672 2709//2627
f 2822//2740 2709//2627 2716//2634
f 2822//2740 2716//2634 2727//2645
f 2727//2645 2716//2634 2715//2633
f 2708//2626 2804//2722 2803//2721
f 2708//2626 2803//2721 2707//2625
f 2707//2625 2803//2721 2808//2726
f 2785//2703 2780//2698 2823//2741
f 2785//2703 2823//2741 2825//2743
f 2785//2703 2825//2743 2774//2692
f 2824//2742 2776//2694 2774//2692
f 2824//2742 2774//2692 2825//2743
f 2827//2745 2826//2744 2800//2718
f 2827//2745 2800//2718 2828//2746
f 2828//2746 2800//2718 2717//2635
f 2829//2747 2721//2639 2731//2649
f 2829//2747 2731//2649 2830//2748
f 2830//2748 2731//2649 2812//2730
f 2831//2749 2832//2750 2796//2714
f 2722//2640 2833//2751 2796//2714
f 2796//2714 2833//2751 2831//2749
f 2771//2689 2834//2752 2765//2683
f 2765//2683 2834//2752 2835//2753
f 2765//2683 2835//2753 2767//2685
f 2725//2643 2838//2756 2746//2664
f 2746//2664 2838//2756 2839//2757
f 2837//2755 2836//2754 2746//2664
f 2837//2755 2746//2664 2839//2757
f 2732//2650 2739//2657 2840//2758
f 2728//2646 2732//2650 2840//2758
f 2841//2759 2756//2674 2709//2627
f 2729//2647 2842//2760 2759//2677
f 2842//2760 2843//2761 2759//2677
f 2843//2761 2758//2676 2759//2677
f 2809//2727 2844//2762 2819//2737
f 2813//2731 2815//2733 2845//2763
f 2813//2731 2845//2763 2814//2732
f 2808//2726 2846//2764 2806//2724
f 2801//2719 2799//2717 2847//2765
f 2801//2719 2847//2765 2802//2720
f 2794//2712 2848//2766 2793//2711
f 2788//2706 2849//2767 2798//2716
f 2798//2716 2849//2767 2850//2768
f 2798//2716 2850//2768 2797//2715
f 2786//2704 2773//2691 2851//2769
f 2783//2701 2852//2770 2784//2702
f 2784//2702 2852//2770 2853//2771
f 2784//2702 2853//2771 2773//2691
f 2851//2769 2773//2691 2853//2771
f 2762//2680 2854//2772 2855//2773
f 2762//2680 2855//2773 2763//2681
f 2769//2687 2856//2774 2770//2688
f 2770//2688 2856//2774 2857//2775
f 2770//2688 2857//2775 2762//2680
f 2854//2772 2762//2680 2857//2775
f 2858//2776 2755//2673 2760//2678
f 2859//2777 2760//2678 2753//2671
f 2859//2777 2753//2671 2860//2778
f 2755//2673 2858//2776 2861//2779
f 2755//2673 2861//2779 2754//2672
f 2754//2672 2861//2779 2862//2780
f 2754//2672 2862//2780 2752//2670
f 2860//2778 2753//2671 2752//2670
f 2743//2661 2863//2781 2864//2782
f 2743//2661 2864//2782 2750//2668
f 2745//2663 2865//2783 2744//2662
f 2744//2662 2865//2783 2743//2661
f 2863//2781 2743//2661 2865//2783
f 2738//2656 2866//2784 2741//2659
f 2741//2659 2866//2784 2867//2785
f 2741//2659 2867//2785 2736//2654
f 2867//2785 2868//2786 2736//2654
f 2736//2654 2868//2786 2734//2652
f 2758//2676 2869//2787 2034//1952
f 2758//2676 2034//1952 2757//2675
f 2048//1966 2777//2695 2778//2696
f 2048//1966 2778//2696 2871//2789
f 2042//1960 2780//2698 2779//2697
f 2042//1960 2779//2697 2870//2788
f 2870//2788 2779//2697 2048//1966
f 2048//1966 2779//2697 2777//2695
f 2871//2789 2778//2696 2035//1953
f 2757//2675 2034//1952 2035//1953
f 2757//2675 2035//1953 2778//2696
f 2780//2698 2042//1960 2823//2741
f 2823//2741 2042//1960 2872//2790
f 2873//2791 2776//2694 2824//2742
f 2874//2792 2728//2646 2840//2758
f 2909//2827 2875//2793 2876//2794
f 2876//2794 2875//2793 2877//2795
f 2878//2796 2879//2797 2880//2798
f 2880//2798 2879//2797 2874//2792
f 2880//2798 2874//2792 2881//2799
f 2882//2800 2883//2801 2872//2790
f 2717//2635 2719//2637 2884//2802
f 2884//2802 2719//2637 2885//2803
f 2884//2802 2885//2803 2886//2804
f 2886//2804 2885//2803 2887//2805
f 2888//2806 2906//2824 2889//2807
f 2889//2807 2906//2824 2890//2808
f 2877//2795 2891//2809 2840//2758
f 2740//2658 2876//2794 2739//2657
f 2739//2657 2876//2794 2877//2795
f 2739//2657 2877//2795 2840//2758
f 2881//2799 2874//2792 2840//2758
f 2881//2799 2840//2758 2891//2809
f 2729//2647 2879//2797 2842//2760
f 2842//2760 2879//2797 2878//2796
f 2842//2760 2878//2796 2892//2810
f 2842//2760 2892//2810 2843//2761
f 2893//2811 2843//2761 2892//2810
f 2872//2790 2869//2787 2882//2800
f 2882//2800 2869//2787 2758//2676
f 2882//2800 2758//2676 2893//2811
f 2893//2811 2758//2676 2843//2761
f 2823//2741 2872//2790 2883//2801
f 2823//2741 2883//2801 2825//2743
f 2825//2743 2883//2801 2894//2812
f 2825//2743 2894//2812 2895//2813
f 2885//2803 2873//2791 2887//2805
f 2887//2805 2873//2791 2824//2742
f 2887//2805 2824//2742 2895//2813
f 2895//2813 2824//2742 2825//2743
f 2717//2635 2884//2802 2828//2746
f 2828//2746 2884//2802 2896//2814
f 2828//2746 2896//2814 2827//2745
f 2827//2745 2896//2814 2889//2807
f 2827//2745 2889//2807 2890//2808
f 2827//2745 2890//2808 2826//2744
f 2776//2694 2873//2791 2154//2072
f 2776//2694 2154//2072 2775//2693
f 2155//2073 2781//2699 2154//2072
f 2154//2072 2781//2699 2775//2693
f 2714//2632 2169//2087 2708//2626
f 2708//2626 2169//2087 2897//2815
f 2708//2626 2897//2815 2804//2722
f 2162//2080 2718//2636 2898//2816
f 2898//2816 2718//2636 2804//2722
f 2898//2816 2804//2722 2897//2815
f 2899//2817 2169//2087 2714//2632
f 2899//2817 2714//2632 2155//2073
f 2155//2073 2714//2632 2781//2699
f 2718//2636 2162//2080 2719//2637
f 2719//2637 2162//2080 2885//2803
f 2826//2744 2890//2808 2900//2818
f 2826//2744 2900//2818 2805//2723
f 2901//2819 2703//2621 2807//2725
f 2901//2819 2807//2725 2902//2820
f 2805//2723 2900//2818 2807//2725
f 2807//2725 2900//2818 2902//2820
f 2703//2621 2901//2819 2704//2622
f 2903//2821 2817//2735 2811//2729
f 2903//2821 2811//2729 2904//2822
f 2904//2822 2811//2729 2704//2622
f 2904//2822 2704//2622 2905//2823
f 2905//2823 2704//2622 2901//2819
f 2817//2735 2903//2821 2816//2734
f 2816//2734 2903//2821 2906//2824
f 2909//2827 2836//2754 2837//2755
f 2812//2730 2816//2734 2908//2826
f 2908//2826 2816//2734 2906//2824
f 2908//2826 2906//2824 2888//2806
f 2910//2828 2911//2829 2912//2830
f 2912//2830 2911//2829 2249//2167
f 2912//2830 2249//2167 2913//2831
f 2912//2830 2913//2831 2724//2642
f 2724//2642 2913//2831 2722//2640
f 2914//2832 2915//2833 2916//2834
f 2914//2832 2916//2834 2917//2835
f 2917//2835 2916//2834 2918//2836
f 2917//2835 2918//2836 2772//2690
f 2772//2690 2918//2836 2771//2689
f 2919//2837 2920//2838 2263//2181
f 2919//2837 2263//2181 2921//2839
f 2921//2839 2263//2181 2922//2840
f 2923//2841 2875//2793 2909//2827
f 2812//2730 2908//2826 2830//2748
f 2830//2748 2908//2826 2924//2842
f 2830//2748 2924//2842 2829//2747
f 2829//2747 2924//2842 2911//2829
f 2829//2747 2911//2829 2910//2828
f 2829//2747 2910//2828 2721//2639
f 2925//2843 2833//2751 2913//2831
f 2913//2831 2833//2751 2722//2640
f 2833//2751 2925//2843 2831//2749
f 2831//2749 2925//2843 2915//2833
f 2831//2749 2915//2833 2914//2832
f 2831//2749 2914//2832 2832//2750
f 2907//2825 2834//2752 2918//2836
f 2918//2836 2834//2752 2771//2689
f 2834//2752 2907//2825 2835//2753
f 2835//2753 2907//2825 2920//2838
f 2835//2753 2920//2838 2919//2837
f 2835//2753 2919//2837 2767//2685
f 2922//2840 2926//2844 2839//2757
f 2725//2643 2921//2839 2838//2756
f 2838//2756 2921//2839 2922//2840
f 2838//2756 2922//2840 2839//2757
f 2909//2827 2837//2755 2923//2841
f 2923//2841 2837//2755 2926//2844
f 2926//2844 2837//2755 2839//2757
f 2721//2639 2910//2828 2927//2845
f 2721//2639 2927//2845 2720//2638
f 2795//2713 2697//2615 2929//2847
f 2929//2847 2697//2615 2818//2736
f 2929//2847 2818//2736 2930//2848
f 1774//1692 2795//2713 2928//2846
f 2928//2846 2795//2713 1783//1701
f 1783//1701 2795//2713 2929//2847
f 2720//2638 2927//2845 2818//2736
f 2818//2736 2927//2845 2930//2848
f 1775//1693 2723//2641 1774//1692
f 1774//1692 2723//2641 2795//2713
f 2723//2641 1775//1693 2724//2642
f 2724//2642 1775//1693 2912//2830
f 2832//2750 2914//2832 2076//1994
f 2832//2750 2076//1994 2789//2707
f 2792//2710 2791//2709 2091//2009
f 2091//2009 2791//2709 2790//2708
f 2091//2009 2790//2708 2932//2850
f 2085//2003 2761//2679 2931//2849
f 2931//2849 2761//2679 2792//2710
f 2931//2849 2792//2710 2091//2009
f 2789//2707 2076//1994 2077//1995
f 2789//2707 2077//1995 2790//2708
f 2790//2708 2077//1995 2932//2850
f 2761//2679 2085//2003 2772//2690
f 2772//2690 2085//2003 2917//2835
f 2767//2685 2919//2837 2933//2851
f 2767//2685 2933//2851 2766//2684
f 2934//2852 2768//2686 2766//2684
f 2934//2852 2766//2684 2933//2851
f 2702//2620 2937//2855 2820//2738
f 2820//2738 2937//2855 2935//2853
f 2820//2738 2935//2853 2821//2739
f 2938//2856 2726//2644 2936//2854
f 2936//2854 2726//2644 2821//2739
f 2936//2854 2821//2739 2935//2853
f 2939//2857 2937//2855 2702//2620
f 2939//2857 2702//2620 2934//2852
f 2934//2852 2702//2620 2768//2686
f 2726//2644 2938//2856 2725//2643
f 2725//2643 2938//2856 2921//2839
f 2836//2754 2909//2827 2940//2858
f 2836//2754 2940//2858 2749//2667
f 2941//2859 2694//2612 2748//2666
f 2941//2859 2748//2666 2942//2860
f 2749//2667 2940//2858 2748//2666
f 2748//2666 2940//2858 2942//2860
f 2733//2651 2694//2612 2941//2859
f 2944//2862 2742//2660 2945//2863
f 2945//2863 2742//2660 2733//2651
f 2945//2863 2733//2651 2943//2861
f 2943//2861 2733//2651 2941//2859
f 2742//2660 2944//2862 2740//2658
f 2740//2658 2944//2862 2876//2794
f 2728//2646 2874//2792 2946//2864
f 2728//2646 2946//2864 2727//2645
f 2841//2759 2709//2627 2948//2866
f 2948//2866 2709//2627 2822//2740
f 2948//2866 2822//2740 2949//2867
f 2950//2868 2756//2674 2947//2865
f 2947//2865 2756//2674 2841//2759
f 2727//2645 2946//2864 2951//2869
f 2727//2645 2951//2869 2822//2740
f 2822//2740 2951//2869 2949//2867
f 2952//2870 2730//2648 2950//2868
f 2950//2868 2730//2648 2756//2674
f 2730//2648 2952//2870 2729//2647
f 2729//2647 2952//2870 2879//2797
f 2845//2763 2953//2871 2954//2872
f 2956//2874 2814//2732 2954//2872
f 2954//2872 2814//2732 2845//2763
f 2957//2875 2814//2732 2956//2874
f 2809//2727 2810//2728 2955//2873
f 2955//2873 2810//2728 2957//2875
f 2957//2875 2810//2728 2814//2732
f 2809//2727 2955//2873 2844//2762
f 2844//2762 2955//2873 2958//2876
f 2959//2877 2819//2737 2958//2876
f 2958//2876 2819//2737 2844//2762
f 2959//2877 2815//2733 2819//2737
f 2953//2871 2845//2763 2815//2733
f 2953//2871 2815//2733 2959//2877
f 2847//2765 2960//2878 2961//2879
f 2962//2880 2802//2720 2961//2879
f 2961//2879 2802//2720 2847//2765
f 2963//2881 2808//2726 2964//2882
f 2964//2882 2808//2726 2803//2721
f 2964//2882 2803//2721 2962//2880
f 2962//2880 2803//2721 2802//2720
f 2808//2726 2963//2881 2846//2764
f 2846//2764 2963//2881 2965//2883
f 2966//2884 2806//2724 2965//2883
f 2965//2883 2806//2724 2846//2764
f 2966//2884 2799//2717 2806//2724
f 2960//2878 2847//2765 2799//2717
f 2960//2878 2799//2717 2966//2884
f 2794//2712 2968//2886 2848//2766
f 2848//2766 2968//2886 2969//2887
f 2970//2888 2793//2711 2969//2887
f 2969//2887 2793//2711 2848//2766
f 2788//2706 2787//2705 2967//2885
f 2967//2885 2787//2705 2970//2888
f 2970//2888 2787//2705 2793//2711
f 2788//2706 2967//2885 2849//2767
f 2849//2767 2967//2885 2971//2889
f 2972//2890 2850//2768 2971//2889
f 2971//2889 2850//2768 2849//2767
f 2968//2886 2794//2712 2797//2715
f 2968//2886 2797//2715 2972//2890
f 2972//2890 2797//2715 2850//2768
f 2851//2769 2973//2891 2786//2704
f 2786//2704 2973//2891 2974//2892
f 2786//2704 2974//2892 2975//2893
f 2786//2704 2975//2893 2782//2700
f 2782//2700 2975//2893 2976//2894
f 2782//2700 2976//2894 2783//2701
f 2783//2701 2976//2894 2977//2895
f 2783//2701 2977//2895 2852//2770
f 2852//2770 2977//2895 2978//2896
f 2979//2897 2853//2771 2978//2896
f 2978//2896 2853//2771 2852//2770
f 2973//2891 2851//2769 2979//2897
f 2979//2897 2851//2769 2853//2771
f 2854//2772 2981//2899 2855//2773
f 2855//2773 2981//2899 2982//2900
f 2983//2901 2763//2681 2982//2900
f 2982//2900 2763//2681 2855//2773
f 2769//2687 2764//2682 2980//2898
f 2980//2898 2764//2682 2983//2901
f 2983//2901 2764//2682 2763//2681
f 2984//2902 2981//2899 2854//2772
f 2769//2687 2980//2898 2856//2774
f 2856//2774 2980//2898 2985//2903
f 2986//2904 2857//2775 2985//2903
f 2985//2903 2857//2775 2856//2774
f 2984//2902 2854//2772 2986//2904
f 2986//2904 2854//2772 2857//2775
f 2860//2778 2987//2905 2859//2777
f 2859//2777 2987//2905 2988//2906
f 2859//2777 2988//2906 2989//2907
f 2859//2777 2989//2907 2760//2678
f 2760//2678 2989//2907 2990//2908
f 2760//2678 2990//2908 2858//2776
f 2858//2776 2990//2908 2991//2909
f 2858//2776 2991//2909 2861//2779
f 2861//2779 2991//2909 2992//2910
f 2993//2911 2862//2780 2992//2910
f 2992//2910 2862//2780 2861//2779
f 2987//2905 2860//2778 2752//2670
f 2987//2905 2752//2670 2993//2911
f 2993//2911 2752//2670 2862//2780
f 2865//2783 2994//2912 2995//2913
f 2865//2783 2995//2913 2863//2781
f 2863//2781 2995//2913 2996//2914
f 2863//2781 2996//2914 2864//2782
f 2996//2914 2997//2915 2864//2782
f 2998//2916 2750//2668 2997//2915
f 2997//2915 2750//2668 2864//2782
f 2750//2668 2998//2916 2747//2665
f 2747//2665 2998//2916 2999//2917
f 3000//2918 2751//2669 2999//2917
f 2999//2917 2751//2669 2747//2665
f 3000//2918 2745//2663 2751//2669
f 2994//2912 2865//2783 2745//2663
f 2994//2912 2745//2663 3000//2918
f 2868//2786 3001//2919 3002//2920
f 3002//2920 2734//2652 2868//2786
f 3003//2921 2735//2653 3002//2920
f 3002//2920 2735//2653 2734//2652
f 3004//2922 2738//2656 3003//2921
f 3003//2921 2738//2656 2737//2655
f 3003//2921 2737//2655 2735//2653
f 2738//2656 3004//2922 2866//2784
f 2866//2784 3004//2922 3005//2923
f 3006//2924 2867//2785 3005//2923
f 3005//2923 2867//2785 2866//2784
f 3001//2919 2868//2786 2867//2785
f 3001//2919 2867//2785 3006//2924
f 2030//1948 2029//1947 2872//2790
f 2872//2790 2029//1947 2031//1949
f 2872//2790 2031//1949 2869//2787
f 2031//1949 2032//1950 2869//2787
f 2869//2787 2032//1950 2033//1951
f 2869//2787 2033//1951 2034//1952
f 2035//1953 2036//1954 2871//2789
f 2871//2789 2036//1954 2039//1957
f 2871//2789 2039//1957 2870//2788
f 2870//2788 2039//1957 2041//1959
f 2870//2788 2041//1959 2042//1960
f 2042//1960 2040//1958 2872//2790
f 2872//2790 2040//1958 2030//1948
f 3007//2925 2909//2827 2876//2794
f 3007//2925 2876//2794 3123//3041
f 3123//3041 2876//2794 3130//3048
f 3130//3048 2876//2794 2944//2862
f 3007//2925 3125//3043 2909//2827
f 2909//2827 3125//3043 3008//2926
f 2909//2827 3008//2926 2940//2858
f 2945//2863 2943//2861 3129//3047
f 3129//3047 2943//2861 2942//2860
f 3129//3047 2942//2860 3009//2927
f 3009//2927 2942//2860 2940//2858
f 2243//2161 2888//2806 2889//2807
f 2243//2161 2889//2807 2242//2160
f 2242//2160 2889//2807 2896//2814
f 2242//2160 2896//2814 2241//2159
f 2241//2159 2896//2814 2884//2802
f 2241//2159 2884//2802 2240//2158
f 2240//2158 2884//2802 2886//2804
f 2240//2158 2886//2804 2239//2157
f 2239//2157 2886//2804 2887//2805
f 2239//2157 2887//2805 2238//2156
f 2238//2156 2887//2805 2895//2813
f 2238//2156 2895//2813 2237//2155
f 2237//2155 2895//2813 2894//2812
f 2237//2155 2894//2812 2236//2154
f 2236//2154 2894//2812 2883//2801
f 2236//2154 2883//2801 2235//2153
f 2235//2153 2883//2801 2882//2800
f 2235//2153 2882//2800 2234//2152
f 2234//2152 2882//2800 2893//2811
f 2234//2152 2893//2811 2233//2151
f 2233//2151 2893//2811 2892//2810
f 2233//2151 2892//2810 2232//2150
f 2232//2150 2892//2810 2878//2796
f 2232//2150 2878//2796 2231//2149
f 2231//2149 2878//2796 2880//2798
f 2231//2149 2880//2798 2230//2148
f 2230//2148 2880//2798 2881//2799
f 2230//2148 2881//2799 2229//2147
f 2229//2147 2881//2799 2891//2809
f 2229//2147 2891//2809 2228//2146
f 2228//2146 2891//2809 2877//2795
f 2228//2146 2877//2795 2227//2145
f 2227//2145 2877//2795 2875//2793
f 2227//2145 2875//2793 2226//2144
f 2906//2824 2903//2821 3280//3198
f 2890//2808 3010//2928 2900//2818
f 3278//3196 2905//2823 2902//2820
f 3278//3196 2902//2820 3011//2929
f 3011//2929 2902//2820 2900//2818
f 3278//3196 2904//2822 2905//2823
f 3280//3198 3273//3191 2906//2824
f 2906//2824 3273//3191 3012//2930
f 2906//2824 3012//2930 3274//3192
f 2906//2824 3274//3192 2890//2808
f 2890//2808 3274//3192 3275//3193
f 2890//2808 3275//3193 3010//2928
f 2899//2817 2155//2073 2160//2078
f 2899//2817 2160//2078 2898//2816
f 2898//2816 2160//2078 2159//2077
f 2898//2816 2159//2077 2161//2079
f 2898//2816 2161//2079 2162//2080
f 2162//2080 2156//2074 2885//2803
f 2885//2803 2156//2074 2150//2068
f 2152//2070 2153//2071 2873//2791
f 2873//2791 2153//2071 2154//2072
f 2150//2068 2151//2069 2885//2803
f 2885//2803 2151//2069 2873//2791
f 2873//2791 2151//2069 2152//2070
f 3194//3112 3195//3113 2879//2797
f 2879//2797 3195//3113 2874//2792
f 2874//2792 3195//3113 3196//3114
f 2952//2870 3202//3120 2879//2797
f 2879//2797 3202//3120 3194//3112
f 2950//2868 2947//2865 3200//3118
f 3200//3118 2947//2865 2951//2869
f 2951//2869 2947//2865 2949//2867
f 3013//2931 2946//2864 2874//2792
f 3013//2931 2874//2792 3197//3115
f 3197//3115 2874//2792 3196//3114
f 2921//2839 3233//3151 3234//3152
f 2921//2839 3234//3152 2919//2837
f 2919//2837 3234//3152 3235//3153
f 3238//3156 2939//2857 2934//2852
f 3238//3156 2934//2852 2933//2851
f 3014//2932 2933//2851 2919//2837
f 3014//2932 2919//2837 3236//3154
f 3236//3154 2919//2837 3235//3153
f 3233//3151 2921//2839 3242//3160
f 3242//3160 2921//2839 2938//2856
f 3015//2933 2938//2856 2936//2854
f 3015//2933 2936//2854 3240//3158
f 3240//3158 2936//2854 3238//3156
f 3238//3156 2936//2854 2939//2857
f 2075//1993 2076//1994 2914//2832
f 2075//1993 2914//2832 2074//1992
f 2074//1992 2914//2832 2073//1991
f 2073//1991 2914//2832 2071//1989
f 2071//1989 2914//2832 2917//2835
f 2071//1989 2917//2835 2072//1990
f 2077//1995 2079//1997 2932//2850
f 2932//2850 2079//1997 2082//2000
f 2932//2850 2082//2000 2931//2849
f 2931//2849 2082//2000 2084//2002
f 2931//2849 2084//2002 2085//2003
f 2085//2003 2083//2001 2917//2835
f 2917//2835 2083//2001 2072//1990
f 1766//1684 1767//1685 2910//2828
f 1770//1688 2912//2830 1775//1693
f 2930//2848 2927//2845 1769//1687
f 2930//2848 1769//1687 1773//1691
f 2930//2848 1773//1691 2928//2846
f 2928//2846 1773//1691 1774//1692
f 2910//2828 1767//1685 2927//2845
f 2927//2845 1767//1685 1768//1686
f 2927//2845 1768//1686 1769//1687
f 1770//1688 1764//1682 2912//2830
f 1764//1682 1765//1683 2912//2830
f 2912//2830 1765//1683 2910//2828
f 2910//2828 1765//1683 1766//1684
f 2226//2144 2875//2793 2268//2186
f 2268//2186 2875//2793 2923//2841
f 2268//2186 2923//2841 2265//2183
f 2265//2183 2923//2841 2926//2844
f 2265//2183 2926//2844 2922//2840
f 2265//2183 2922//2840 2263//2181
f 2260//2178 2263//2181 2920//2838
f 2260//2178 2920//2838 2907//2825
f 2260//2178 2907//2825 2258//2176
f 2258//2176 2907//2825 2918//2836
f 2258//2176 2918//2836 2256//2174
f 2256//2174 2918//2836 2916//2834
f 2256//2174 2916//2834 2915//2833
f 2256//2174 2915//2833 2254//2172
f 2254//2172 2915//2833 2925//2843
f 2254//2172 2925//2843 2251//2169
f 2251//2169 2925//2843 2913//2831
f 2251//2169 2913//2831 2249//2167
f 2249//2167 2911//2829 2246//2164
f 2246//2164 2911//2829 2924//2842
f 2888//2806 2243//2161 2245//2163
f 2888//2806 2245//2163 2908//2826
f 2908//2826 2245//2163 2924//2842
f 2924//2842 2245//2163 2246//2164
f 2953//2871 3016//2934 2954//2872
f 2954//2872 3016//2934 2956//2874
f 2957//2875 2956//2874 2327//2245
f 2957//2875 2327//2245 2329//2247
f 2957//2875 2329//2247 2955//2873
f 2955//2873 2329//2247 3017//2935
f 2955//2873 3017//2935 2958//2876
f 2958//2876 3017//2935 2959//2877
f 2959//2877 3016//2934 2953//2871
f 2960//2878 3018//2936 2961//2879
f 2961//2879 3018//2936 2962//2880
f 2960//2878 2966//2884 3018//2936
f 2968//2886 3019//2937 2969//2887
f 2969//2887 3019//2937 2341//2259
f 2969//2887 2341//2259 2970//2888
f 2970//2888 2341//2259 2339//2257
f 2970//2888 2339//2257 2967//2885
f 2967//2885 2339//2257 2338//2256
f 2967//2885 2338//2256 2971//2889
f 2971//2889 2338//2256 2972//2890
f 2968//2886 2972//2890 2346//2264
f 2968//2886 2346//2264 3019//2937
f 2975//2893 2974//2892 2313//2231
f 2975//2893 2313//2231 2976//2894
f 2976//2894 2313//2231 2311//2229
f 2976//2894 2311//2229 2977//2895
f 2978//2896 2977//2895 2317//2235
f 2978//2896 2317//2235 2979//2897
f 2979//2897 2317//2235 2973//2891
f 2982//2900 2981//2899 2272//2190
f 2982//2900 2272//2190 2983//2901
f 2983//2901 2272//2190 2273//2191
f 2983//2901 2273//2191 2980//2898
f 2980//2898 2273//2191 3020//2938
f 2980//2898 3020//2938 2985//2903
f 2985//2903 3020//2938 2986//2904
f 2992//2910 2991//2909 2307//2225
f 2992//2910 2307//2225 2993//2911
f 2998//2916 2997//2915 3021//2939
f 3021//2939 2997//2915 2996//2914
f 3021//2939 2996//2914 2995//2913
f 2994//2912 2288//2206 2995//2913
f 2999//2917 2998//2916 2285//2203
f 2999//2917 2285//2203 3000//2918
f 3000//2918 2288//2206 2994//2912
f 3001//2919 2299//2217 3002//2920
f 3003//2921 3002//2920 2291//2209
f 3003//2921 2291//2209 3004//2922
f 3005//2923 3004//2922 2295//2213
f 3005//2923 2295//2213 3006//2924
f 3001//2919 3006//2924 2299//2217
f 2335//2253 3016//2934 2334//2252
f 2334//2252 3016//2934 2959//2877
f 2334//2252 2959//2877 2333//2251
f 2333//2251 2959//2877 3017//2935
f 2333//2251 3017//2935 2331//2249
f 2331//2249 3017//2935 2329//2247
f 2327//2245 2956//2874 2336//2254
f 2336//2254 2956//2874 3016//2934
f 2336//2254 3016//2934 2335//2253
f 2963//2881 2321//2239 2965//2883
f 2965//2883 2321//2239 2323//2241
f 2965//2883 2323//2241 2966//2884
f 2966//2884 2323//2241 2324//2242
f 2966//2884 2324//2242 3018//2936
f 3018//2936 2324//2242 2325//2243
f 3018//2936 2325//2243 2326//2244
f 3018//2936 2326//2244 2962//2880
f 2962//2880 2326//2244 2319//2237
f 2962//2880 2319//2237 2964//2882
f 2964//2882 2319//2237 2320//2238
f 2964//2882 2320//2238 2963//2881
f 2963//2881 2320//2238 2321//2239
f 2341//2259 3019//2937 2342//2260
f 2342//2260 3019//2937 2346//2264
f 2344//2262 2346//2264 2972//2890
f 2344//2262 2972//2890 2338//2256
f 2973//2891 2318//2236 2314//2232
f 2973//2891 2314//2232 2974//2892
f 2974//2892 2314//2232 2313//2231
f 2313//2231 2312//2230 2311//2229
f 2977//2895 2311//2229 2310//2228
f 2977//2895 2310//2228 2316//2234
f 2977//2895 2316//2234 2317//2235
f 2973//2891 2317//2235 2318//2236
f 2271//2189 2272//2190 2981//2899
f 2271//2189 2981//2899 2270//2188
f 2270//2188 2981//2899 2279//2197
f 2279//2197 2981//2899 2984//2902
f 2279//2197 2984//2902 2277//2195
f 2277//2195 2984//2902 2986//2904
f 2277//2195 2986//2904 3020//2938
f 2277//2195 3020//2938 2274//2192
f 2274//2192 3020//2938 2273//2191
f 2993//2911 2309//2227 2987//2905
f 2987//2905 2309//2227 2302//2220
f 2987//2905 2302//2220 2988//2906
f 2988//2906 2302//2220 2303//2221
f 2988//2906 2303//2221 2989//2907
f 2989//2907 2303//2221 2304//2222
f 2989//2907 2304//2222 2990//2908
f 2990//2908 2304//2222 2306//2224
f 2990//2908 2306//2224 2991//2909
f 2991//2909 2306//2224 2305//2223
f 2991//2909 2305//2223 2307//2225
f 2993//2911 2307//2225 2309//2227
f 2280//2198 3021//2939 2995//2913
f 2280//2198 2995//2913 2289//2207
f 2289//2207 2995//2913 2288//2206
f 2286//2204 2288//2206 3000//2918
f 2286//2204 3000//2918 2285//2203
f 2284//2202 2285//2203 2998//2916
f 2284//2202 2998//2916 2282//2200
f 2282//2200 2998//2916 3021//2939
f 2282//2200 3021//2939 2280//2198
f 3006//2924 2296//2214 2298//2216
f 3006//2924 2298//2216 2299//2217
f 3002//2920 2299//2217 2301//2219
f 3002//2920 2301//2219 2291//2209
f 2291//2209 2293//2211 3004//2922
f 3004//2922 2293//2211 2294//2212
f 3004//2922 2294//2212 2295//2213
f 2295//2213 2296//2214 3006//2924
f 3022//2940 2609//2527 2608//2526
f 3022//2940 2608//2526 2607//2525
f 2597//2515 2591//2509 2598//2516
f 2663//2581 3024//2942 3025//2943
f 3025//2943 3024//2942 2648//2566
f 2640//2558 2639//2557 3026//2944
f 2640//2558 3026//2944 2641//2559
f 2625//2543 3028//2946 2662//2580
f 2616//2534 3029//2947 3030//2948
f 3030//2948 3029//2947 2617//2535
f 2688//2606 2658//2576 2689//2607
f 2689//2607 2658//2576 2657//2575
f 2689//2607 2657//2575 2690//2608
f 2690//2608 2657//2575 2691//2609
f 2691//2609 2657//2575 2580//2498
f 2691//2609 2580//2498 2692//2610
f 2692//2610 2580//2498 2656//2574
f 2692//2610 2656//2574 2693//2611
f 2693//2611 2656//2574 2664//2582
f 2679//2597 2655//2573 2680//2598
f 2680//2598 2655//2573 2661//2579
f 2680//2598 2661//2579 2681//2599
f 2681//2599 2661//2579 2682//2600
f 2682//2600 2661//2579 2660//2578
f 2682//2600 2660//2578 2683//2601
f 2683//2601 2660//2578 2684//2602
f 2684//2602 2660//2578 2659//2577
f 2684//2602 2659//2577 2685//2603
f 2685//2603 2659//2577 2686//2604
f 2686//2604 2659//2577 2658//2576
f 2686//2604 2658//2576 2687//2605
f 2687//2605 2658//2576 2688//2606
f 2656//2574 2577//2495 2664//2582
f 2664//2582 2577//2495 2665//2583
f 2665//2583 2577//2495 2649//2567
f 2665//2583 2649//2567 2666//2584
f 2666//2584 2649//2567 2667//2585
f 2667//2585 2649//2567 2650//2568
f 2667//2585 2650//2568 2668//2586
f 2668//2586 2650//2568 2669//2587
f 2669//2587 2650//2568 2651//2569
f 2669//2587 2651//2569 2670//2588
f 2670//2588 2651//2569 2671//2589
f 2671//2589 2651//2569 2652//2570
f 2671//2589 2652//2570 2672//2590
f 2672//2590 2652//2570 2673//2591
f 2673//2591 2652//2570 2568//2486
f 2673//2591 2568//2486 2674//2592
f 2674//2592 2568//2486 2653//2571
f 2674//2592 2653//2571 2675//2593
f 2675//2593 2653//2571 2676//2594
f 2676//2594 2653//2571 2565//2483
f 2676//2594 2565//2483 2677//2595
f 2677//2595 2565//2483 2654//2572
f 2677//2595 2654//2572 2678//2596
f 2678//2596 2654//2572 2679//2597
f 2679//2597 2654//2572 2655//2573
f 2621//2539 2628//2546 2622//2540
f 3031//2949 2631//2549 2630//2548
f 3029//2947 2616//2534 2615//2533
f 3032//2950 2614//2532 2620//2538
f 3032//2950 2620//2538 2619//2537
f 2618//2536 2617//2535 3029//2947
f 2641//2559 3026//2944 3033//2951
f 2641//2559 3033//2951 2635//2553
f 2635//2553 3033//2951 2636//2554
f 2609//2527 3022//2940 2610//2528
f 2612//2530 2611//2529 2613//2531
f 2646//2564 2648//2566 3024//2942
f 2595//2513 2594//2512 2593//2511
f 2607//2525 3035//2953 3022//2940
f 2613//2531 3034//2952 2606//2524
f 2606//2524 3034//2952 2607//2525
f 2607//2525 3034//2952 3035//2953
f 3022//2940 3036//2954 2610//2528
f 3036//2954 3037//2955 2610//2528
f 2610//2528 3037//2955 2611//2529
f 3034//2952 2613//2531 3037//2955
f 3037//2955 2613//2531 2611//2529
f 3039//2957 2600//2518 3023//2941
f 2604//2522 3038//2956 2605//2523
f 3038//2956 3040//2958 2605//2523
f 2605//2523 3040//2958 2599//2517
f 2599//2517 3040//2958 3023//2941
f 3023//2941 3040//2958 3039//2957
f 2596//2514 3041//2959 2597//2515
f 2597//2515 3041//2959 3042//2960
f 2597//2515 3042//2960 2591//2509
f 2591//2509 3042//2960 2592//2510
f 3042//2960 3043//2961 2592//2510
f 3024//2942 2663//2581 3046//2964
f 3044//2962 3045//2963 2644//2562
f 2644//2562 3045//2963 2643//2561
f 2643//2561 3045//2963 2642//2560
f 2642//2560 3045//2963 2663//2581
f 3045//2963 3046//2964 2663//2581
f 3024//2942 3047//2965 2646//2564
f 3047//2965 3048//2966 2646//2564
f 2646//2564 3048//2966 2645//2563
f 2645//2563 3048//2966 2644//2562
f 2644//2562 3048//2966 3044//2962
f 2639//2557 3049//2967 3026//2944
f 2637//2555 3050//2968 2638//2556
f 2638//2556 3050//2968 2639//2557
f 2639//2557 3050//2968 3049//2967
f 3026//2944 3051//2969 3033//2951
f 3051//2969 3052//2970 3033//2951
f 3033//2951 3052//2970 2636//2554
f 3050//2968 2637//2555 3052//2970
f 3052//2970 2637//2555 2636//2554
f 3054//2972 2633//2551 3027//2945
f 3054//2972 3027//2945 3053//2971
f 3031//2949 3055//2973 2631//2549
f 2631//2549 3055//2973 2632//2550
f 2632//2550 3055//2973 3053//2971
f 2632//2550 3053//2971 3027//2945
f 2623//2541 3058//2976 2662//2580
f 2662//2580 3058//2976 3056//2974
f 2662//2580 3056//2974 2625//2543
f 2625//2543 3056//2974 3059//2977
f 2625//2543 3059//2977 2626//2544
f 2626//2544 3059//2977 2627//2545
f 2627//2545 3059//2977 3057//2975
f 3029//2947 2615//2533 3060//2978
f 3032//2950 2619//2537 3061//2979
f 3032//2950 3062//2980 2614//2532
f 2614//2532 3062//2980 2615//2533
f 2615//2533 3062//2980 3060//2978
f 3029//2947 3060//2978 3063//2981
f 3029//2947 3063//2981 2618//2536
f 2618//2536 3063//2981 3064//2982
f 2618//2536 3064//2982 2619//2537
f 2619//2537 3064//2982 3061//2979
f 3031//2949 2630//2548 3065//2983
f 3065//2983 2630//2548 2629//2547
f 3065//2983 2629//2547 3066//2984
f 3066//2984 2629//2547 2634//2552
f 3066//2984 2634//2552 3054//2972
f 3054//2972 2634//2552 2633//2551
f 3041//2959 2596//2514 3067//2985
f 3067//2985 2596//2514 2595//2513
f 3067//2985 2595//2513 3068//2986
f 3068//2986 2595//2513 2593//2511
f 3068//2986 2593//2511 3043//2961
f 3043//2961 2593//2511 2592//2510
f 3038//2956 2604//2522 2603//2521
f 3038//2956 2603//2521 3069//2987
f 3069//2987 2603//2521 2602//2520
f 3069//2987 2602//2520 3070//2988
f 3070//2988 2602//2520 2601//2519
f 3070//2988 2601//2519 3039//2957
f 3039//2957 2601//2519 2600//2518
f 3058//2976 2623//2541 3071//2989
f 3071//2989 2623//2541 2622//2540
f 3071//2989 2622//2540 3072//2990
f 3072//2990 2622//2540 2628//2546
f 3072//2990 2628//2546 3057//2975
f 3057//2975 2628//2546 2627//2545
f 3035//2953 3073//2991 3022//2940
f 3022//2940 3073//2991 3074//2992
f 3022//2940 3074//2992 3036//2954
f 3036//2954 3074//2992 3075//2993
f 3036//2954 3075//2993 3037//2955
f 3037//2955 3075//2993 3076//2994
f 3037//2955 3076//2994 3034//2952
f 3034//2952 3076//2994 3077//2995
f 3034//2952 3077//2995 3073//2991
f 3034//2952 3073//2991 3035//2953
f 3040//2958 3078//2996 3039//2957
f 3039//2957 3078//2996 3079//2997
f 3039//2957 3079//2997 3070//2988
f 3080//2998 3069//2987 3070//2988
f 3080//2998 3070//2988 3079//2997
f 3069//2987 3080//2998 3038//2956
f 3080//2998 3081//2999 3038//2956
f 3038//2956 3081//2999 3082//3000
f 3038//2956 3082//3000 3040//2958
f 3040//2958 3082//3000 3078//2996
f 3042//2960 3083//3001 3043//2961
f 3043//2961 3083//3001 3084//3002
f 3043//2961 3084//3002 3068//2986
f 3084//3002 3085//3003 3068//2986
f 3086//3004 3067//2985 3085//3003
f 3085//3003 3067//2985 3068//2986
f 3067//2985 3086//3004 3041//2959
f 3041//2959 3086//3004 3087//3005
f 3041//2959 3087//3005 3042//2960
f 3042//2960 3087//3005 3083//3001
f 3048//2966 3092//3010 3088//3006
f 3048//2966 3088//3006 3044//2962
f 3044//2962 3088//3006 3089//3007
f 3044//2962 3089//3007 3045//2963
f 3045//2963 3089//3007 3090//3008
f 3045//2963 3090//3008 3046//2964
f 3046//2964 3090//3008 3091//3009
f 3046//2964 3091//3009 3024//2942
f 3024//2942 3091//3009 3092//3010
f 3024//2942 3092//3010 3047//2965
f 3047//2965 3092//3010 3048//2966
f 3052//2970 3093//3011 3094//3012
f 3052//2970 3094//3012 3050//2968
f 3050//2968 3094//3012 3095//3013
f 3050//2968 3095//3013 3096//3014
f 3050//2968 3096//3014 3049//2967
f 3049//2967 3096//3014 3026//2944
f 3026//2944 3096//3014 3097//3015
f 3026//2944 3097//3015 3051//2969
f 3051//2969 3097//3015 3093//3011
f 3051//2969 3093//3011 3052//2970
f 3065//2983 3098//3016 3031//2949
f 3098//3016 3099//3017 3031//2949
f 3031//2949 3099//3017 3055//2973
f 3055//2973 3099//3017 3100//3018
f 3055//2973 3100//3018 3053//2971
f 3053//2971 3100//3018 3101//3019
f 3102//3020 3053//2971 3101//3019
f 3102//3020 3054//2972 3053//2971
f 3098//3016 3065//2983 3103//3021
f 3103//3021 3065//2983 3066//2984
f 3103//3021 3066//2984 3102//3020
f 3102//3020 3066//2984 3054//2972
f 3104//3022 3105//3023 3071//2989
f 3071//2989 3105//3023 3058//2976
f 3058//2976 3105//3023 3106//3024
f 3058//2976 3106//3024 3056//2974
f 3056//2974 3106//3024 3059//2977
f 3059//2977 3106//3024 3107//3025
f 3059//2977 3107//3025 3057//2975
f 3057//2975 3107//3025 3108//3026
f 3057//2975 3108//3026 3072//2990
f 3104//3022 3071//2989 3072//2990
f 3104//3022 3072//2990 3108//3026
f 3062//2980 3109//3027 3110//3028
f 3062//2980 3110//3028 3060//2978
f 3060//2978 3110//3028 3063//2981
f 3063//2981 3110//3028 3111//3029
f 3063//2981 3111//3029 3064//2982
f 3064//2982 3111//3029 3112//3030
f 3064//2982 3112//3030 3113//3031
f 3064//2982 3113//3031 3061//2979
f 3061//2979 3113//3031 3032//2950
f 3032//2950 3113//3031 3114//3032
f 3032//2950 3114//3032 3062//2980
f 3062//2980 3114//3032 3109//3027
f 3075//2993 3074//2992 3115//3033
f 3074//2992 3073//2991 3115//3033
f 3115//3033 3077//2995 3076//2994
f 3073//2991 3077//2995 3115//3033
f 3115//3033 3076//2994 3075//2993
f 3080//2998 3079//2997 3116//3034
f 3079//2997 3078//2996 3116//3034
f 3116//3034 3078//2996 3082//3000
f 3081//2999 3080//2998 3116//3034
f 3082//3000 3081//2999 3116//3034
f 3117//3035 3086//3004 3085//3003
f 3085//3003 3084//3002 3117//3035
f 3084//3002 3083//3001 3117//3035
f 3083//3001 3087//3005 3117//3035
f 3087//3005 3086//3004 3117//3035
f 3090//3008 3089//3007 3118//3036
f 3118//3036 3088//3006 3092//3010
f 3089//3007 3088//3006 3118//3036
f 3091//3009 3090//3008 3118//3036
f 3092//3010 3091//3009 3118//3036
f 3119//3037 3095//3013 3094//3012
f 3096//3014 3095//3013 3119//3037
f 3119//3037 3094//3012 3093//3011
f 3093//3011 3097//3015 3119//3037
f 3097//3015 3096//3014 3119//3037
f 3120//3038 3101//3019 3100//3018
f 3100//3018 3099//3017 3120//3038
f 3099//3017 3098//3016 3120//3038
f 3120//3038 3103//3021 3102//3020
f 3098//3016 3103//3021 3120//3038
f 3102//3020 3101//3019 3120//3038
f 3121//3039 3107//3025 3106//3024
f 3106//3024 3105//3023 3121//3039
f 3121//3039 3105//3023 3104//3022
f 3104//3022 3108//3026 3121//3039
f 3108//3026 3107//3025 3121//3039
f 3122//3040 3112//3030 3111//3029
f 3111//3029 3110//3028 3122//3040
f 3110//3028 3109//3027 3122//3040
f 3122//3040 3114//3032 3113//3031
f 3109//3027 3114//3032 3122//3040
f 3113//3031 3112//3030 3122//3040
f 3126//3044 3008//2926 3125//3043
f 3125//3043 3007//2925 3124//3042
f 3127//3045 3128//3046 3129//3047
f 3127//3045 3129//3047 3009//2927
f 3123//3041 3131//3049 3007//2925
f 3007//2925 3131//3049 3132//3050
f 3007//2925 3132//3050 3124//3042
f 3124//3042 3132//3050 3133//3051
f 3124//3042 3133//3051 3125//3043
f 3125//3043 3133//3051 3134//3052
f 3125//3043 3134//3052 3126//3044
f 3126//3044 3134//3052 3135//3053
f 3126//3044 3135//3053 3008//2926
f 3008//2926 3135//3053 3140//3058
f 3008//2926 3140//3058 2940//2858
f 2940//2858 3140//3058 3009//2927
f 3129//3047 3128//3046 3136//3054
f 3136//3054 3128//3046 2941//2859
f 3136//3054 2941//2859 3137//3055
f 3009//2927 3140//3058 3137//3055
f 3009//2927 3137//3055 3127//3045
f 3127//3045 3137//3055 2941//2859
f 3129//3047 3136//3054 2945//2863
f 3138//3056 2944//2862 3139//3057
f 3139//3057 2944//2862 2945//2863
f 3139//3057 2945//2863 3136//3054
f 3131//3049 3123//3041 3141//3059
f 3141//3059 3123//3041 3130//3048
f 3141//3059 3130//3048 3138//3056
f 3138//3056 3130//3048 2944//2862
f 3141//3059 3138//3056 3139//3057
f 3142//3060 3143//3061 3144//3062
f 3137//3055 3145//3063 3136//3054
f 3136//3054 3145//3063 3146//3064
f 3136//3054 3146//3064 3147//3065
f 3148//3066 3145//3063 3144//3062
f 3144//3062 3145//3063 3135//3053
f 3139//3057 3147//3065 3141//3059
f 3141//3059 3147//3065 3149//3067
f 3141//3059 3149//3067 3142//3060
f 3135//3053 3134//3052 3144//3062
f 3144//3062 3134//3052 3133//3051
f 3144//3062 3133//3051 3132//3050
f 3144//3062 3132//3050 3142//3060
f 3142//3060 3132//3050 3131//3049
f 3142//3060 3131//3049 3141//3059
f 3145//3063 3137//3055 3140//3058
f 3145//3063 3140//3058 3135//3053
f 3147//3065 3139//3057 3136//3054
f 3146//3064 3145//3063 3150//3068
f 3150//3068 3145//3063 3151//3069
f 3147//3065 3146//3064 3152//3070
f 3152//3070 3146//3064 3150//3068
f 3152//3070 3153//3071 3147//3065
f 3147//3065 3153//3071 3149//3067
f 3149//3067 3153//3071 3150//3068
f 3142//3060 3149//3067 3154//3072
f 3154//3072 3149//3067 3150//3068
f 3154//3072 3155//3073 3142//3060
f 3142//3060 3155//3073 3143//3061
f 3143//3061 3155//3073 3156//3074
f 3144//3062 3143//3061 3157//3075
f 3157//3075 3143//3061 3156//3074
f 3157//3075 3156//3074 3144//3062
f 3144//3062 3156//3074 3148//3066
f 3156//3074 3151//3069 3148//3066
f 3148//3066 3151//3069 3145//3063
f 3154//3072 3150//3068 3155//3073
f 3155//3073 3150//3068 3156//3074
f 3150//3068 3151//3069 3156//3074
f 3152//3070 3150//3068 3153//3071
f 3159//3077 3158//3076 3160//3078
f 3158//3076 3161//3079 3160//3078
f 3160//3078 3161//3079 3162//3080
f 3161//3079 3163//3081 3162//3080
f 3162//3080 3163//3081 3164//3082
f 3163//3081 3165//3083 3164//3082
f 3165//3083 3166//3084 3164//3082
f 3164//3082 3166//3084 3167//3085
f 3180//3098 3168//3086 3169//3087
f 3169//3087 3168//3086 3167//3085
f 3169//3087 3167//3085 3166//3084
f 3168//3086 3180//3098 3170//3088
f 3180//3098 3171//3089 3170//3088
f 3170//3088 3171//3089 3172//3090
f 3171//3089 3173//3091 3172//3090
f 3172//3090 3173//3091 3174//3092
f 3173//3091 3175//3093 3174//3092
f 3174//3092 3175//3093 3176//3094
f 3175//3093 3177//3095 3176//3094
f 3176//3094 3177//3095 3178//3096
f 3158//3076 3159//3077 3179//3097
f 3179//3097 3159//3077 3178//3096
f 3179//3097 3178//3096 3177//3095
f 3180//3098 3169//3087 3166//3084
f 3165//3083 3163//3081 3161//3079
f 3158//3076 3179//3097 3177//3095
f 3173//3091 3171//3089 3180//3098
f 3180//3098 3166//3084 3182//3100
f 3182//3100 3166//3084 3183//3101
f 3183//3101 3166//3084 3165//3083
f 3184//3102 3175//3093 3173//3091
f 3183//3101 3165//3083 3161//3079
f 3183//3101 3161//3079 3185//3103
f 3175//3093 3184//3102 3186//3104
f 3184//3102 3173//3091 3182//3100
f 3182//3100 3173//3091 3180//3098
f 3181//3099 3158//3076 3177//3095
f 3181//3099 3177//3095 3186//3104
f 3186//3104 3177//3095 3175//3093
f 3185//3103 3161//3079 3181//3099
f 3181//3099 3161//3079 3158//3076
f 3187//3105 3182//3100 3188//3106
f 3188//3106 3182//3100 3183//3101
f 3189//3107 3184//3102 3187//3105
f 3187//3105 3184//3102 3182//3100
f 3190//3108 3186//3104 3184//3102
f 3190//3108 3184//3102 3189//3107
f 3191//3109 3181//3099 3190//3108
f 3190//3108 3181//3099 3186//3104
f 3192//3110 3185//3103 3191//3109
f 3191//3109 3185//3103 3181//3099
f 3188//3106 3183//3101 3185//3103
f 3188//3106 3185//3103 3192//3110
f 3193//3111 3187//3105 3188//3106
f 3188//3106 3192//3110 3193//3111
f 3192//3110 3191//3109 3193//3111
f 3193//3111 3191//3109 3190//3108
f 3190//3108 3189//3107 3193//3111
f 3189//3107 3187//3105 3193//3111
f 2946//2864 3198//3116 2951//2869
f 3201//3119 3199//3117 3200//3118
f 2951//2869 3201//3119 3200//3118
f 3194//3112 3203//3121 3195//3113
f 3195//3113 3203//3121 3204//3122
f 3195//3113 3204//3122 3196//3114
f 3196//3114 3204//3122 3205//3123
f 3196//3114 3205//3123 3197//3115
f 3197//3115 3205//3123 3206//3124
f 3197//3115 3206//3124 3207//3125
f 3197//3115 3207//3125 3013//2931
f 3013//2931 3207//3125 2946//2864
f 2946//2864 3207//3125 3208//3126
f 2946//2864 3208//3126 3198//3116
f 3198//3116 3208//3126 3215//3133
f 3198//3116 3215//3133 2951//2869
f 2951//2869 3215//3133 3214//3132
f 3200//3118 3199//3117 3209//3127
f 3209//3127 3199//3117 2948//2866
f 3209//3127 2948//2866 3210//3128
f 2951//2869 3214//3132 3201//3119
f 3201//3119 3214//3132 3210//3128
f 3201//3119 3210//3128 2948//2866
f 3200//3118 3209//3127 3211//3129
f 3200//3118 3211//3129 2950//2868
f 3216//3134 3202//3120 3212//3130
f 3212//3130 3202//3120 2952//2870
f 3212//3130 2952//2870 3213//3131
f 3213//3131 2952//2870 2950//2868
f 3213//3131 2950//2868 3211//3129
f 3203//3121 3194//3112 3216//3134
f 3216//3134 3194//3112 3202//3120
f 3217//3135 3218//3136 3219//3137
f 3216//3134 3212//3130 3220//3138
f 3220//3138 3212//3130 3219//3137
f 3220//3138 3219//3137 3221//3139
f 3220//3138 3222//3140 3223//3141
f 3216//3134 3220//3138 3203//3121
f 3203//3121 3220//3138 3204//3122
f 3204//3122 3220//3138 3205//3123
f 3205//3123 3220//3138 3223//3141
f 3205//3123 3223//3141 3206//3124
f 3206//3124 3223//3141 3207//3125
f 3223//3141 3224//3142 3217//3135
f 3207//3125 3223//3141 3208//3126
f 3208//3126 3223//3141 3217//3135
f 3208//3126 3217//3135 3215//3133
f 3212//3130 3213//3131 3219//3137
f 3219//3137 3213//3131 3211//3129
f 3219//3137 3211//3129 3209//3127
f 3219//3137 3209//3127 3217//3135
f 3217//3135 3209//3127 3210//3128
f 3217//3135 3210//3128 3214//3132
f 3217//3135 3214//3132 3215//3133
f 3218//3136 3217//3135 3225//3143
f 3225//3143 3217//3135 3226//3144
f 3219//3137 3218//3136 3227//3145
f 3227//3145 3218//3136 3225//3143
f 3227//3145 3228//3146 3219//3137
f 3219//3137 3228//3146 3221//3139
f 3221//3139 3228//3146 3229//3147
f 3220//3138 3221//3139 3230//3148
f 3230//3148 3221//3139 3229//3147
f 3230//3148 3231//3149 3220//3138
f 3220//3138 3231//3149 3222//3140
f 3222//3140 3231//3149 3229//3147
f 3223//3141 3222//3140 3232//3150
f 3232//3150 3222//3140 3229//3147
f 3232//3150 3225//3143 3223//3141
f 3223//3141 3225//3143 3224//3142
f 3225//3143 3226//3144 3224//3142
f 3224//3142 3226//3144 3217//3135
f 3231//3149 3230//3148 3229//3147
f 3225//3143 3232//3150 3229//3147
f 3225//3143 3229//3147 3227//3145
f 3227//3145 3229//3147 3228//3146
f 2933//2851 3237//3155 3238//3156
f 3241//3159 3239//3157 3240//3158
f 3238//3156 3241//3159 3240//3158
f 3233//3151 3243//3161 3234//3152
f 3234//3152 3243//3161 3244//3162
f 3234//3152 3244//3162 3235//3153
f 3235//3153 3244//3162 3245//3163
f 3235//3153 3245//3163 3236//3154
f 3236//3154 3245//3163 3246//3164
f 3236//3154 3246//3164 3247//3165
f 3236//3154 3247//3165 3014//2932
f 3014//2932 3247//3165 2933//2851
f 2933//2851 3247//3165 3248//3166
f 2933//2851 3248//3166 3237//3155
f 3237//3155 3248//3166 3255//3173
f 3237//3155 3255//3173 3238//3156
f 3238//3156 3255//3173 3254//3172
f 3240//3158 3239//3157 3249//3167
f 3249//3167 3239//3157 2937//2855
f 3249//3167 2937//2855 3250//3168
f 3238//3156 3254//3172 3250//3168
f 3238//3156 3250//3168 3241//3159
f 3241//3159 3250//3168 2937//2855
f 3240//3158 3249//3167 3251//3169
f 3240//3158 3251//3169 3015//2933
f 3256//3174 3242//3160 3252//3170
f 3252//3170 3242//3160 2938//2856
f 3252//3170 2938//2856 3253//3171
f 3253//3171 2938//2856 3015//2933
f 3253//3171 3015//2933 3251//3169
f 3243//3161 3233//3151 3256//3174
f 3256//3174 3233//3151 3242//3160
f 3257//3175 3258//3176 3259//3177
f 3260//3178 3261//3179 3259//3177
f 3259//3177 3261//3179 3252//3170
f 3259//3177 3252//3170 3253//3171
f 3253//3171 3251//3169 3259//3177
f 3259//3177 3251//3169 3249//3167
f 3259//3177 3249//3167 3257//3175
f 3257//3175 3249//3167 3250//3168
f 3257//3175 3250//3168 3254//3172
f 3257//3175 3254//3172 3255//3173
f 3261//3179 3262//3180 3263//3181
f 3261//3179 3243//3161 3256//3174
f 3261//3179 3256//3174 3252//3170
f 3255//3173 3248//3166 3257//3175
f 3257//3175 3248//3166 3263//3181
f 3257//3175 3263//3181 3264//3182
f 3248//3166 3247//3165 3263//3181
f 3263//3181 3247//3165 3246//3164
f 3263//3181 3246//3164 3245//3163
f 3263//3181 3245//3163 3261//3179
f 3261//3179 3245//3163 3244//3162
f 3261//3179 3244//3162 3243//3161
f 3258//3176 3257//3175 3265//3183
f 3265//3183 3257//3175 3266//3184
f 3259//3177 3258//3176 3267//3185
f 3267//3185 3258//3176 3265//3183
f 3267//3185 3268//3186 3259//3177
f 3259//3177 3268//3186 3260//3178
f 3260//3178 3268//3186 3269//3187
f 3261//3179 3260//3178 3270//3188
f 3270//3188 3260//3178 3269//3187
f 3270//3188 3271//3189 3261//3179
f 3261//3179 3271//3189 3262//3180
f 3262//3180 3271//3189 3269//3187
f 3263//3181 3262//3180 3272//3190
f 3272//3190 3262//3180 3269//3187
f 3272//3190 3265//3183 3263//3181
f 3263//3181 3265//3183 3264//3182
f 3265//3183 3266//3184 3264//3182
f 3264//3182 3266//3184 3257//3175
f 3271//3189 3270//3188 3269//3187
f 3265//3183 3272//3190 3269//3187
f 3265//3183 3269//3187 3267//3185
f 3267//3185 3269//3187 3268//3186
f 3276//3194 3010//2928 3275//3193
f 3279//3197 3277//3195 3278//3196
f 3279//3197 3278//3196 3011//2929
f 3273//3191 3281//3199 3012//2930
f 3012//2930 3281//3199 3282//3200
f 3012//2930 3282//3200 3274//3192
f 3274//3192 3282//3200 3283//3201
f 3274//3192 3283//3201 3275//3193
f 3275//3193 3283//3201 3284//3202
f 3275//3193 3284//3202 3276//3194
f 3276//3194 3284//3202 3285//3203
f 3276//3194 3285//3203 3010//2928
f 3010//2928 3285//3203 3290//3208
f 3010//2928 3290//3208 2900//2818
f 2900//2818 3290//3208 3011//2929
f 3278//3196 3277//3195 3286//3204
f 3286//3204 3277//3195 2901//2819
f 3286//3204 2901//2819 3287//3205
f 3011//2929 3290//3208 3287//3205
f 3011//2929 3287//3205 3279//3197
f 3279//3197 3287//3205 2901//2819
f 3278//3196 3286//3204 2904//2822
f 3288//3206 2903//2821 3289//3207
f 3289//3207 2903//2821 2904//2822
f 3289//3207 2904//2822 3286//3204
f 3281//3199 3273//3191 3291//3209
f 3291//3209 3273//3191 3280//3198
f 3291//3209 3280//3198 3288//3206
f 3288//3206 3280//3198 2903//2821
f 3291//3209 3288//3206 3289//3207
f 3292//3210 3293//3211 3294//3212
f 3295//3213 3296//3214 3294//3212
f 3294//3212 3296//3214 3285//3203
f 3287//3205 3296//3214 3286//3204
f 3286//3204 3296//3214 3297//3215
f 3286//3204 3297//3215 3298//3216
f 3296//3214 3287//3205 3290//3208
f 3296//3214 3290//3208 3285//3203
f 3289//3207 3298//3216 3291//3209
f 3291//3209 3298//3216 3299//3217
f 3291//3209 3299//3217 3292//3210
f 3285//3203 3284//3202 3294//3212
f 3294//3212 3284//3202 3283//3201
f 3294//3212 3283//3201 3282//3200
f 3294//3212 3282//3200 3292//3210
f 3292//3210 3282//3200 3281//3199
f 3292//3210 3281//3199 3291//3209
f 3298//3216 3289//3207 3286//3204
f 3297//3215 3296//3214 3300//3218
f 3300//3218 3296//3214 3301//3219
f 3298//3216 3297//3215 3302//3220
f 3302//3220 3297//3215 3300//3218
f 3302//3220 3303//3221 3298//3216
f 3298//3216 3303//3221 3299//3217
f 3299//3217 3303//3221 3300//3218
f 3292//3210 3299//3217 3304//3222
f 3304//3222 3299//3217 3300//3218
f 3304//3222 3305//3223 3292//3210
f 3292//3210 3305//3223 3293//3211
f 3293//3211 3305//3223 3306//3224
f 3294//3212 3293//3211 3307//3225
f 3307//3225 3293//3211 3306//3224
f 3307//3225 3306//3224 3294//3212
f 3294//3212 3306//3224 3295//3213
f 3306//3224 3301//3219 3295//3213
f 3295//3213 3301//3219 3296//3214
f 3305//3223 3304//3222 3306//3224
f 3306//3224 3304//3222 3300//3218
f 3300//3218 3301//3219 3306//3224
f 3302//3220 3300//3218 3303//3221
f 3310//3228 3313//3231 3321//3239
f 3321//3239 3313//3231 3312//3230
f 3321//3239 3312//3230 3309//3227
f 3314//3232 3311//3229 3315//3233
f 3315//3233 3311//3229 3316//3234
f 3318//3236 3322//3240 3317//3235
f 3320//3238 3316//3234 3319//3237
f 3309//3227 3308//3226 3322//3240
f 3322//3240 3308//3226 3317//3235
f 3321//3239 3325//3243 3310//3228
f 3310//3228 3325//3243 3324//3242
f 3310//3228 3324//3242 3311//3229
f 3311//3229 3324//3242 3323//3241
f 3311//3229 3323//3241 3316//3234
f 3316//3234 3323//3241 3332//3250
f 3316//3234 3332//3250 3331//3249
f 3316//3234 3331//3249 3319//3237
f 3331//3249 3330//3248 3319//3237
f 3319//3237 3330//3248 3318//3236
f 3318//3236 3330//3248 3329//3247
f 3318//3236 3329//3247 3322//3240
f 3322//3240 3329//3247 3328//3246
f 3322//3240 3328//3246 3309//3227
f 3309//3227 3328//3246 3327//3245
f 3309//3227 3327//3245 3326//3244
f 3309//3227 3326//3244 3321//3239
f 3321//3239 3326//3244 3325//3243
f 3336//3254 3335//3253 3337//3255
f 3336//3254 3337//3255 3338//3256
f 3335//3253 3336//3254 3339//3257
f 3333//3251 3340//3258 3341//3259
f 3333//3251 3341//3259 3342//3260
f 3338//3256 3337//3255 3343//3261
f 3338//3256 3343//3261 3344//3262
f 3344//3262 3343//3261 3342//3260
f 3344//3262 3342//3260 3341//3259
f 3333//3251 3334//3252 3340//3258
f 3340//3258 3334//3252 3345//3263
f 3345//3263 3334//3252 3339//3257
f 3345//3263 3339//3257 3336//3254
f 3342//3260 3346//3264 3333//3251
f 3339//3257 3324//3242 3335//3253
f 3335//3253 3324//3242 3325//3243
f 3333//3251 3330//3248 3331//3249
f 3333//3251 3331//3249 3334//3252
f 3346//3264 3329//3247 3330//3248
f 3346//3264 3330//3248 3333//3251
f 3335//3253 3325//3243 3326//3244
f 3335//3253 3326//3244 3337//3255
f 3324//3242 3339//3257 3323//3241
f 3332//3250 3334//3252 3331//3249
f 3327//3245 3343//3261 3326//3244
f 3326//3244 3343//3261 3337//3255
f 3342//3260 3343//3261 3328//3246
f 3328//3246 3343//3261 3327//3245
f 3329//3247 3346//3264 3342//3260
f 3329//3247 3342//3260 3328//3246
f 3339//3257 3334//3252 3323//3241
f 3323//3241 3334//3252 3332//3250
f 3350//3268 3359//3277 3355//3273
f 3350//3268 3355//3273 3349//3267
f 3349//3267 3355//3273 3358//3276
f 3349//3267 3358//3276 3348//3266
f 3348//3266 3358//3276 3357//3275
f 3348//3266 3357//3275 3356//3274
f 3348//3266 3356//3274 3347//3265
f 3355//3273 3359//3277 3358//3276
f 3359//3277 3350//3268 3354//3272
f 3359//3277 3354//3272 3360//3278
f 3354//3272 3353//3271 3360//3278
f 3360//3278 3353//3271 3361//3279
f 3361//3279 3353//3271 3352//3270
f 3361//3279 3352//3270 3362//3280
f 3362//3280 3352//3270 3351//3269
f 3351//3269 3347//3265 3356//3274
f 3362//3280 3351//3269 3356//3274
f 3359//3277 3360//3278 3363//3281
f 3363//3281 3360//3278 3361//3279
f 3363//3281 3361//3279 3362//3280
f 3362//3280 3356//3274 3357//3275
f 3359//3277 3363//3281 3357//3275
f 3357//3275 3363//3281 3362//3280
f 3357//3275 3358//3276 3359//3277
f 3368//3286 3367//3285 3369//3287
f 3367//3285 3368//3286 3370//3288
f 3371//3289 3366//3284 3372//3290
f 3372//3290 3366//3284 3370//3288
f 3372//3290 3370//3288 3368//3286
f 3371//3289 3365//3283 3364//3282
f 3371//3289 3364//3282 3366//3284
f 3365//3283 3371//3289 3373//3291
f 3373//3291 3371//3289 3374//3292
f 3368//3286 3369//3287 3375//3293
f 3375//3293 3369//3287 3376//3294
f 3375//3293 3376//3294 3374//3292
f 3374//3292 3376//3294 3373//3291
f 3370//3288 3377//3295 3367//3285
f 3367//3285 3377//3295 3378//3296
f 3379//3297 3364//3282 3380//3298
f 3380//3298 3364//3282 3365//3283
f 3373//3291 3381//3299 3365//3283
f 3365//3283 3381//3299 3380//3298
f 3367//3285 3378//3296 3382//3300
f 3367//3285 3382//3300 3369//3287
f 3377//3295 3370//3288 3383//3301
f 3364//3282 3379//3297 3366//3284
f 3384//3302 3376//3294 3382//3300
f 3382//3300 3376//3294 3369//3287
f 3373//3291 3376//3294 3385//3303
f 3385//3303 3376//3294 3384//3302
f 3381//3299 3373//3291 3385//3303
f 3370//3288 3366//3284 3383//3301
f 3383//3301 3366//3284 3379//3297
f 3397//3315 3388//3306 3389//3307
f 3389//3307 3390//3308 3387//3305
f 3387//3305 3386//3304 3396//3314
f 3388//3306 3397//3315 3391//3309
f 3391//3309 3397//3315 3398//3316
f 3392//3310 3399//3317 3393//3311
f 3392//3310 3395//3313 3394//3312
f 3394//3312 3391//3309 3398//3316
f 3396//3314 3386//3304 3399//3317
f 3399//3317 3386//3304 3393//3311
f 3394//3312 3380//3298 3392//3310
f 3392//3310 3380//3298 3381//3299
f 3392//3310 3381//3299 3399//3317
f 3399//3317 3381//3299 3385//3303
f 3399//3317 3385//3303 3396//3314
f 3396//3314 3385//3303 3384//3302
f 3396//3314 3384//3302 3382//3300
f 3396//3314 3382//3300 3387//3305
f 3382//3300 3378//3296 3387//3305
f 3387//3305 3378//3296 3389//3307
f 3389//3307 3378//3296 3377//3295
f 3389//3307 3377//3295 3397//3315
f 3397//3315 3377//3295 3383//3301
f 3397//3315 3383//3301 3398//3316
f 3398//3316 3383//3301 3379//3297
f 3398//3316 3379//3297 3394//3312
f 3394//3312 3379//3297 3380//3298
f 3400//3318 3401//3319 1865//1783
f 1865//1783 3401//3319 3402//3320
f 1972//1890 1877//1795 1862//1780
f 1972//1890 1862//1780 1971//1889
f 1971//1889 1862//1780 1868//1786
f 1971//1889 1868//1786 1869//1787
f 1971//1889 1869//1787 1969//1887
f 1877//1795 1972//1890 1973//1891
f 1877//1795 1973//1891 1879//1797
f 1879//1797 1973//1891 1974//1892
f 1879//1797 1974//1892 1882//1800
f 1882//1800 1974//1892 1975//1893
f 1882//1800 1975//1893 1873//1791
f 1873//1791 1975//1893 1872//1790
f 1975//1893 1976//1894 1872//1790
f 1872//1790 1976//1894 1876//1794
f 1876//1794 1976//1894 3400//3318
f 1876//1794 3400//3318 1865//1783
f 3401//3319 3400//3318 1968//1886
f 2005//1923 3403//3321 3404//3322
f 3406//3324 3407//3325 3408//3326
f 3410//3328 2005//1923 3411//3329
f 3411//3329 2005//1923 3404//3322
f 3409//3327 3414//3332 2004//1922
f 3401//3319 3409//3327 2004//1922
f 3401//3319 2004//1922 3402//3320
f 3419//3337 3409//3327 3420//3338
f 3422//3340 3423//3341 3404//3322
f 3408//3326 3412//3330 2012//1930
f 3408//3326 2012//1930 3424//3342
f 3424//3342 2012//1930 2011//1929
f 3424//3342 2011//1929 2010//1928
f 3424//3342 2010//1928 3425//3343
f 3425//3343 2010//1928 2009//1927
f 3425//3343 2009//1927 2008//1926
f 3425//3343 2008//1926 3426//3344
f 3426//3344 2008//1926 2007//1925
f 3426//3344 2007//1925 3427//3345
f 3426//3344 3427//3345 3418//3336
f 3415//3333 3408//3326 3428//3346
f 3406//3324 3408//3326 3429//3347
f 3429//3347 3408//3326 3415//3333
f 3407//3325 2006//1924 3416//3334
f 3407//3325 3416//3334 3408//3326
f 3408//3326 3416//3334 3412//3330
f 3413//3331 1953//1871 3430//3348
f 3413//3331 3430//3348 3427//3345
f 3427//3345 3430//3348 3418//3336
f 3431//3349 3417//3335 3432//3350
f 3432//3350 3417//3335 3418//3336
f 3432//3350 3418//3336 3430//3348
f 3409//3327 3419//3337 3414//3332
f 3414//3332 3419//3337 3405//3323
f 3414//3332 3405//3323 2003//1921
f 3403//3321 1982//1900 3421//3339
f 3403//3321 3421//3339 3404//3322
f 3404//3322 3421//3339 3422//3340
f 3415//3333 3428//3346 2002//1920
f 2002//1920 3428//3346 2001//1919
f 2001//1919 3428//3346 3433//3351
f 2001//1919 3433//3351 2000//1918
f 2000//1918 3433//3351 3434//3352
f 2000//1918 3434//3352 1999//1917
f 3418//3336 3417//3335 2026//1944
f 3418//3336 2026//1944 3435//3353
f 3435//3353 2026//1944 2025//1943
f 3435//3353 2025//1943 3436//3354
f 3436//3354 2025//1943 2024//1942
f 3436//3354 2024//1942 3437//3355
f 3437//3355 2024//1942 2023//1941
f 3409//3327 3401//3319 3438//3356
f 3438//3356 3401//3319 2013//1931
f 3438//3356 2013//1931 2014//1932
f 3438//3356 2014//1932 3439//3357
f 3439//3357 2014//1932 2015//1933
f 3439//3357 2015//1933 2016//1934
f 3439//3357 2016//1934 3440//3358
f 3440//3358 2016//1934 2017//1935
f 3440//3358 2017//1935 2018//1936
f 3440//3358 2018//1936 3441//3359
f 3441//3359 2018//1936 2019//1937
f 3441//3359 2019//1937 2020//1938
f 3441//3359 2020//1938 3404//3322
f 3404//3322 2020//1938 3411//3329
f 1999//1917 3434//3352 2027//1945
f 2027//1945 3434//3352 3423//3341
f 2027//1945 3423//3341 2028//1946
f 2028//1946 3423//3341 3422//3340
f 3437//3355 2023//1941 2022//1940
f 3437//3355 2022//1940 3442//3360
f 3442//3360 2022//1940 2021//1939
f 3442//3360 2021//1939 3420//3338
f 3420//3338 2021//1939 3419//3337
f 1916//1834 3443//3361 1917//1835
f 1917//1835 3443//3361 1873//1791
f 1873//1791 3443//3361 3444//3362
f 3444//3362 1912//1830 1882//1800
f 3444//3362 1882//1800 1873//1791
f 3446//3364 1885//1803 1884//1802
f 1877//1795 1906//1824 3445//3363
f 1877//1795 3445//3363 1862//1780
f 1862//1780 3445//3363 3446//3364
f 1862//1780 3446//3364 1884//1802
f 3401//3319 1968//1886 2013//1931
f 2020//1938 1970//1888 3411//3329
f 3448//3366 3449//3367 3447//3365
f 3447//3365 3449//3367 3451//3369
f 3435//3353 3450//3368 3451//3369
f 3452//3370 3451//3369 3449//3367
f 3450//3368 3435//3353 3436//3354
f 3450//3368 3436//3354 3437//3355
f 3450//3368 3437//3355 3453//3371
f 3454//3372 3434//3352 3455//3373
f 3455//3373 3434//3352 3433//3351
f 3451//3369 3452//3370 3435//3353
f 3435//3353 3452//3370 3456//3374
f 3435//3353 3456//3374 3418//3336
f 3418//3336 3456//3374 3457//3375
f 3418//3336 3457//3375 3458//3376
f 3418//3336 3458//3376 3426//3344
f 3426//3344 3458//3376 3459//3377
f 3426//3344 3459//3377 3460//3378
f 3426//3344 3460//3378 3425//3343
f 3425//3343 3460//3378 3461//3379
f 3425//3343 3461//3379 3462//3380
f 3425//3343 3462//3380 3424//3342
f 3424//3342 3462//3380 3463//3381
f 3463//3381 3464//3382 3424//3342
f 3424//3342 3464//3382 3408//3326
f 3464//3382 3465//3383 3408//3326
f 3465//3383 3466//3384 3408//3326
f 3408//3326 3466//3384 3428//3346
f 3466//3384 3467//3385 3428//3346
f 3467//3385 3468//3386 3428//3346
f 3428//3346 3468//3386 3433//3351
f 3433//3351 3468//3386 3455//3373
f 3442//3360 3471//3389 3453//3371
f 3442//3360 3453//3371 3437//3355
f 3469//3387 3471//3389 3420//3338
f 3420//3338 3471//3389 3442//3360
f 3470//3388 3472//3390 3469//3387
f 3469//3387 3472//3390 3447//3365
f 3447//3365 3472//3390 3448//3366
f 3454//3372 3473//3391 3434//3352
f 3434//3352 3473//3391 3423//3341
f 3423//3341 3473//3391 3474//3392
f 3423//3341 3474//3392 3475//3393
f 3423//3341 3475//3393 3404//3322
f 3404//3322 3475//3393 3476//3394
f 3404//3322 3476//3394 3477//3395
f 3404//3322 3477//3395 3441//3359
f 3441//3359 3477//3395 3478//3396
f 3441//3359 3478//3396 3479//3397
f 3441//3359 3479//3397 3440//3358
f 3440//3358 3479//3397 3480//3398
f 3440//3358 3480//3398 3481//3399
f 3440//3358 3481//3399 3439//3357
f 3439//3357 3481//3399 3482//3400
f 3482//3400 3483//3401 3439//3357
f 3439//3357 3483//3401 3438//3356
f 3483//3401 3484//3402 3438//3356
f 3484//3402 3485//3403 3438//3356
f 3438//3356 3485//3403 3409//3327
f 3470//3388 3469//3387 3420//3338
f 3470//3388 3420//3338 3486//3404
f 3486//3404 3420//3338 3409//3327
f 3486//3404 3409//3327 3485//3403
f 3487//3405 1982//1900 3403//3321
f 3487//3405 3403//3321 2005//1923
f 3488//3406 3489//3407 3421//3339
f 3489//3407 3422//3340 3421//3339
f 3422//3340 3489//3407 1983//1901
f 3422//3340 1983//1901 2028//1946
f 2002//1920 1939//1857 3415//3333
f 3490//3408 3415//3333 1939//1857
f 3490//3408 1845//1763 3415//3333
f 3415//3333 1845//1763 3429//3347
f 3492//3410 2006//1924 3407//3325
f 3492//3410 3407//3325 3491//3409
f 3491//3409 3407//3325 3406//3324
f 3492//3410 3493//3411 2006//1924
f 1890//1808 3416//3334 3494//3412
f 3495//3413 3412//3330 1890//1808
f 1890//1808 3412//3330 3416//3334
f 1945//1863 3412//3330 3495//3413
f 3412//3330 1945//1863 2012//1930
f 2007//1925 1948//1866 3427//3345
f 3427//3345 1948//1866 1947//1865
f 3496//3414 3413//3331 1947//1865
f 1947//1865 3413//3331 3427//3345
f 3497//3415 3498//3416 1953//1871
f 3499//3417 3432//3350 3498//3416
f 3498//3416 3432//3350 3430//3348
f 3498//3416 3430//3348 1953//1871
f 3500//3418 3417//3335 1930//1848
f 1930//1848 3417//3335 3431//3349
f 3417//3335 3500//3418 1957//1875
f 3417//3335 1957//1875 2026//1944
f 2021//1939 1961//1879 3419//3337
f 3501//3419 3419//3337 1961//1879
f 3502//3420 3405//3323 3501//3419
f 3501//3419 3405//3323 3419//3337
f 3503//3421 2004//1922 3414//3332
f 3503//3421 3414//3332 2003//1921
f 1970//1888 1969//1887 3411//3329
f 1969//1887 1869//1787 3411//3329
f 3411//3329 1869//1787 3410//3328
f 3506//3424 3450//3368 3504//3422
f 3471//3389 3505//3423 3453//3371
f 3453//3371 3505//3423 3504//3422
f 3453//3371 3504//3422 3450//3368
f 3506//3424 3507//3425 3450//3368
f 3450//3368 3507//3425 3451//3369
f 3508//3426 3469//3387 3509//3427
f 3451//3369 3507//3425 3510//3428
f 3451//3369 3510//3428 3447//3365
f 3447//3365 3510//3428 3509//3427
f 3447//3365 3509//3427 3469//3387
f 3466//3384 3465//3383 3464//3382
f 3460//3378 3459//3377 3461//3379
f 3463//3381 3462//3380 3461//3379
f 3458//3376 3457//3375 3459//3377
f 3511//3429 3448//3366 3472//3390
f 3472//3390 3470//3388 3511//3429
f 3511//3429 3470//3388 3486//3404
f 3486//3404 3485//3403 3484//3402
f 3484//3402 3483//3401 3482//3400
f 3480//3398 3512//3430 3481//3399
f 3482//3400 3481//3399 3512//3430
f 3479//3397 3478//3396 3480//3398
f 3477//3395 3476//3394 3478//3396
f 3508//3426 3513//3431 3469//3387
f 3469//3387 3513//3431 3471//3389
f 3471//3389 3513//3431 3505//3423
f 1842//1760 3488//3406 1854//1772
f 3514//3432 1859//1777 3515//3433
f 3515//3433 1859//1777 1854//1772
f 3515//3433 1854//1772 3488//3406
f 3489//3407 3488//3406 1842//1760
f 3489//3407 1842//1760 1850//1768
f 1942//1860 1856//1774 1845//1763
f 1942//1860 1845//1763 3490//3408
f 1856//1774 1942//1860 1857//1775
f 1942//1860 1940//1858 1857//1775
f 1857//1775 1940//1858 1941//1859
f 1850//1768 1851//1769 3489//3407
f 3489//3407 1851//1769 1854//1772
f 3489//3407 1854//1772 1984//1902
f 1984//1902 1854//1772 1941//1859
f 1941//1859 1854//1772 1857//1775
f 3493//3411 3492//3410 3516//3434
f 3516//3434 3492//3410 3491//3409
f 1890//1808 3494//3412 1898//1816
f 1898//1816 3494//3412 3517//3435
f 1898//1816 3517//3435 1897//1815
f 1897//1815 3517//3435 3518//3436
f 1897//1815 3518//3436 1908//1826
f 1908//1826 3518//3436 3519//3437
f 1908//1826 3519//3437 1985//1903
f 3519//3437 3520//3438 1985//1903
f 1985//1903 3520//3438 1913//1831
f 1913//1831 3520//3438 3521//3439
f 3496//3414 1892//1810 3522//3440
f 3522//3440 1892//1810 1887//1805
f 3522//3440 1887//1805 3521//3439
f 3521//3439 1887//1805 1901//1819
f 3521//3439 1901//1819 1913//1831
f 3523//3441 3499//3417 3498//3416
f 3523//3441 3498//3416 3524//3442
f 3524//3442 3498//3416 3497//3415
f 1892//1810 1947//1865 1949//1867
f 1949//1867 1901//1819 1894//1812
f 1949//1867 1894//1812 1892//1810
f 1950//1868 1904//1822 1903//1821
f 1901//1819 1949//1867 1950//1868
f 1901//1819 1950//1868 1903//1821
f 1950//1868 1951//1869 1904//1822
f 1904//1822 1951//1869 1952//1870
f 1904//1822 1952//1870 1897//1815
f 1897//1815 1952//1870 1898//1816
f 1898//1816 1952//1870 1889//1807
f 1889//1807 1952//1870 3495//3413
f 1889//1807 3495//3413 1890//1808
f 1892//1810 3496//3414 1947//1865
f 1923//1841 1921//1839 3501//3419
f 1932//1850 1958//1876 1930//1848
f 1930//1848 1958//1876 3500//3418
f 1923//1841 3501//3419 1926//1844
f 1926//1844 3501//3419 1962//1880
f 1926//1844 1962//1880 1927//1845
f 1927//1845 1962//1880 1959//1877
f 1927//1845 1959//1877 1934//1852
f 1934//1852 1959//1877 1960//1878
f 1934//1852 1960//1878 1932//1850
f 1932//1850 1960//1878 1958//1876
f 1922//1840 3502//3420 1921//1839
f 1921//1839 3502//3420 3501//3419
f 3635//3553 3525//3443 1936//1854
f 1936//1854 3525//3443 1926//1844
f 1926//1844 3525//3443 3502//3420
f 1926//1844 3502//3420 1922//1840
f 3526//3444 3527//3445 2118//2036
f 2118//2036 3527//3445 2116//2034
f 2116//2034 3527//3445 2114//2032
f 2114//2032 3527//3445 3528//3446
f 2114//2032 3528//3446 2134//2052
f 2134//2052 3528//3446 2132//2050
f 3528//3446 3529//3447 2132//2050
f 2132//2050 3529//3447 2130//2048
f 3530//3448 2127//2045 3531//3449
f 3531//3449 2127//2045 2130//2048
f 3531//3449 2130//2048 3529//3447
f 2127//2045 3530//3448 2125//2043
f 2125//2043 3530//3448 3532//3450
f 2125//2043 3532//3450 2124//2042
f 2124//2042 3532//3450 3533//3451
f 2124//2042 3533//3451 2122//2040
f 2122//2040 3533//3451 3534//3452
f 2122//2040 3534//3452 2120//2038
f 2120//2038 3534//3452 3535//3453
f 2120//2038 3535//3453 3526//3444
f 2120//2038 3526//3444 2118//2036
f 3539//3457 3540//3458 3457//3375
f 3311//3229 3314//3232 3466//3384
f 3313//3231 3310//3228 3549//3467
f 3544//3462 3318//3236 3543//3461
f 3543//3461 3318//3236 3317//3235
f 3543//3461 3317//3235 3550//3468
f 3550//3468 3317//3235 3308//3226
f 3552//3470 3551//3469 3553//3471
f 3318//3236 3544//3462 3319//3237
f 3319//3237 3544//3462 3320//3238
f 3551//3469 3552//3470 3554//3472
f 3555//3473 3315//3233 3556//3474
f 3556//3474 3315//3233 3316//3234
f 3556//3474 3316//3234 3320//3238
f 3556//3474 3320//3238 3552//3470
f 3552//3470 3320//3238 3544//3462
f 3552//3470 3544//3462 3554//3472
f 3467//3385 3466//3384 3557//3475
f 3466//3384 3558//3476 3559//3477
f 3466//3384 3559//3477 3557//3475
f 3555//3473 3558//3476 3315//3233
f 3315//3233 3558//3476 3466//3384
f 3466//3384 3314//3232 3315//3233
f 3560//3478 3561//3479 3582//3500
f 3582//3500 3561//3479 3545//3463
f 3604//3522 3562//3480 3560//3478
f 3563//3481 3564//3482 3565//3483
f 3563//3481 3565//3483 3567//3485
f 3567//3485 3565//3483 3566//3484
f 3478//3396 3548//3466 3567//3485
f 3478//3396 3567//3485 3566//3484
f 3547//3465 3568//3486 3548//3466
f 3548//3466 3568//3486 3569//3487
f 3308//3226 3312//3230 3550//3468
f 3570//3488 3545//3463 3571//3489
f 3550//3468 3572//3490 3573//3491
f 3550//3468 3573//3491 3571//3489
f 3571//3489 3573//3491 3570//3488
f 3545//3463 3561//3479 3571//3489
f 3572//3490 3550//3468 3574//3492
f 3574//3492 3550//3468 3312//3230
f 3575//3493 3564//3482 3526//3444
f 3526//3444 3535//3453 3575//3493
f 3575//3493 3535//3453 3534//3452
f 3531//3449 3480//3398 3478//3396
f 3531//3449 3478//3396 3530//3448
f 3534//3452 3533//3451 3576//3494
f 3576//3494 3533//3451 3532//3450
f 3576//3494 3532//3450 3530//3448
f 3576//3494 3530//3448 3478//3396
f 3478//3396 3577//3495 3576//3494
f 3546//3464 3578//3496 3579//3497
f 3574//3492 3312//3230 3580//3498
f 3586//3504 3583//3501 3537//3455
f 3537//3455 3583//3501 3581//3499
f 3582//3500 3581//3499 3584//3502
f 3449//3367 3585//3503 3586//3504
f 3449//3367 3586//3504 3537//3455
f 3587//3505 3588//3506 3589//3507
f 3589//3507 3588//3506 3449//3367
f 3449//3367 3588//3506 3585//3503
f 3582//3500 3584//3502 3589//3507
f 3589//3507 3584//3502 3587//3505
f 3591//3509 3463//3381 3538//3456
f 3538//3456 3459//3377 3592//3510
f 3549//3467 3590//3508 3459//3377
f 3459//3377 3590//3508 3592//3510
f 3463//3381 3591//3509 3594//3512
f 3463//3381 3594//3512 3466//3384
f 3466//3384 3594//3512 3593//3511
f 3310//3228 3311//3229 3549//3467
f 3549//3467 3311//3229 3466//3384
f 3549//3467 3466//3384 3593//3511
f 3455//3373 3595//3513 3454//3372
f 3454//3372 3595//3513 3473//3391
f 3473//3391 3595//3513 3596//3514
f 3596//3514 3597//3515 3541//3459
f 3598//3516 3547//3465 3478//3396
f 3478//3396 3547//3465 3548//3466
f 3568//3486 3599//3517 3569//3487
f 3569//3487 3599//3517 3543//3461
f 3543//3461 3599//3517 3600//3518
f 3484//3402 3601//3519 3602//3520
f 3484//3402 3602//3520 3589//3507
f 3602//3520 3603//3521 3589//3507
f 3589//3507 3603//3521 3582//3500
f 3601//3519 3484//3402 3604//3522
f 3603//3521 3605//3523 3582//3500
f 3606//3524 3604//3522 3560//3478
f 3606//3524 3560//3478 3582//3500
f 3606//3524 3582//3500 3607//3525
f 3607//3525 3582//3500 3605//3523
f 3608//3526 3468//3386 3467//3385
f 3468//3386 3608//3526 3553//3471
f 3468//3386 3553//3471 3455//3373
f 3455//3373 3553//3471 3551//3469
f 3455//3373 3551//3469 3595//3513
f 3612//3530 3609//3527 3542//3460
f 3473//3391 3610//3528 3474//3392
f 3474//3392 3610//3528 3611//3529
f 3474//3392 3611//3529 3475//3393
f 3475//3393 3611//3529 3613//3531
f 3542//3460 3609//3527 3473//3391
f 3473//3391 3609//3527 3610//3528
f 3613//3531 3612//3530 3475//3393
f 3475//3393 3612//3530 3476//3394
f 3482//3400 3614//3532 3564//3482
f 3512//3430 3614//3532 3482//3400
f 3564//3482 3484//3402 3482//3400
f 3449//3367 3448//3366 3589//3507
f 3589//3507 3448//3366 3511//3429
f 3615//3533 3452//3370 3616//3534
f 3616//3534 3452//3370 3449//3367
f 3616//3534 3449//3367 3617//3535
f 3617//3535 3449//3367 3537//3455
f 3617//3535 3537//3455 3618//3536
f 3452//3370 3615//3533 3456//3374
f 3618//3536 3537//3455 3619//3537
f 3619//3537 3537//3455 3536//3454
f 3539//3457 3457//3375 3456//3374
f 3461//3379 3620//3538 3463//3381
f 3463//3381 3620//3538 3621//3539
f 3459//3377 3622//3540 3461//3379
f 3461//3379 3622//3540 3623//3541
f 3461//3379 3623//3541 3620//3538
f 3463//3381 3621//3539 3624//3542
f 3463//3381 3624//3542 3538//3456
f 3624//3542 3625//3543 3538//3456
f 3538//3456 3625//3543 3459//3377
f 3459//3377 3625//3543 3622//3540
f 3464//3382 3463//3381 3466//3384
f 3626//3544 3484//3402 3589//3507
f 3626//3544 3589//3507 3627//3545
f 3627//3545 3589//3507 3628//3546
f 3628//3546 3589//3507 3511//3429
f 3626//3544 3629//3547 3484//3402
f 3484//3402 3629//3547 3630//3548
f 3486//3404 3484//3402 3630//3548
f 3486//3404 3630//3548 3511//3429
f 3511//3429 3630//3548 3628//3546
f 3484//3402 3564//3482 3563//3481
f 3484//3402 3563//3481 3562//3480
f 3484//3402 3562//3480 3604//3522
f 3614//3532 3526//3444 3564//3482
f 3459//3377 3457//3375 3536//3454
f 3459//3377 3536//3454 3549//3467
f 3579//3497 3395//3313 3392//3310
f 3395//3313 3579//3497 3394//3312
f 3394//3312 3579//3497 3549//3467
f 3394//3312 3549//3467 3391//3309
f 3582//3500 3386//3304 3387//3305
f 3581//3499 3582//3500 3537//3455
f 3537//3455 3582//3500 3387//3305
f 3537//3455 3387//3305 3390//3308
f 3390//3308 3389//3307 3537//3455
f 3537//3455 3389//3307 3388//3306
f 3392//3310 3393//3311 3579//3497
f 3579//3497 3393//3311 3582//3500
f 3582//3500 3393//3311 3386//3304
f 3388//3306 3391//3309 3549//3467
f 3540//3458 3536//3454 3457//3375
f 3536//3454 3537//3455 3549//3467
f 3549//3467 3537//3455 3388//3306
f 3546//3464 3579//3497 3545//3463
f 3545//3463 3579//3497 3582//3500
f 3578//3496 3580//3498 3579//3497
f 3579//3497 3580//3498 3549//3467
f 3580//3498 3312//3230 3313//3231
f 3580//3498 3313//3231 3549//3467
f 3590//3508 3549//3467 3593//3511
f 3597//3515 3543//3461 3541//3459
f 3541//3459 3543//3461 3600//3518
f 3543//3461 3550//3468 3569//3487
f 3473//3391 3596//3514 3541//3459
f 3473//3391 3541//3459 3542//3460
f 3612//3530 3542//3460 3476//3394
f 3476//3394 3542//3460 3598//3516
f 3476//3394 3598//3516 3478//3396
f 3478//3396 3566//3484 3577//3495
f 3514//3432 1860//1778 1859//1777
f 1854//1772 1851//1769 1842//1760
f 1887//1805 1894//1812 1901//1819
f 1926//1844 1922//1840 1923//1841
f 1935//1853 3635//3553 1936//1854
f 3614//3532 3527//3445 3526//3444
f 3531//3449 3529//3447 3480//3398
f 3480//3398 3529//3447 3512//3430
f 3512//3430 3529//3447 3528//3446
f 3512//3430 3528//3446 3614//3532
f 3528//3446 3527//3445 3614//3532
f 3467//3385 3636//3554 3608//3526
f 3558//3476 3555//3473 3637//3555
f 3558//3476 3637//3555 3559//3477
f 3467//3385 3557//3475 3636//3554
f 3556//3474 3639//3557 3555//3473
f 3608//3526 3638//3556 3553//3471
f 3553//3471 3638//3556 3552//3470
f 3552//3470 3639//3557 3556//3474
f 3640//3558 3456//3374 3615//3533
f 3641//3559 3619//3537 3536//3454
f 3641//3559 3536//3454 3540//3458
f 3640//3558 3539//3457 3456//3374
f 3616//3534 3643//3561 3615//3533
f 3619//3537 3642//3560 3618//3536
f 3618//3536 3642//3560 3617//3535
f 3617//3535 3643//3561 3616//3534
f 3603//3521 3644//3562 3646//3564
f 3603//3521 3646//3564 3605//3523
f 3605//3523 3646//3564 3647//3565
f 3605//3523 3647//3565 3607//3525
f 3607//3525 3647//3565 3648//3566
f 3607//3525 3648//3566 3645//3563
f 3607//3525 3645//3563 3606//3524
f 3606//3524 3645//3563 3604//3522
f 3604//3522 3645//3563 3649//3567
f 3604//3522 3649//3567 3650//3568
f 3604//3522 3650//3568 3601//3519
f 3650//3568 3651//3569 3601//3519
f 3601//3519 3651//3569 3602//3520
f 3644//3562 3603//3521 3651//3569
f 3651//3569 3603//3521 3602//3520
f 3568//3486 3652//3570 3599//3517
f 3599//3517 3652//3570 3653//3571
f 3599//3517 3653//3571 3654//3572
f 3599//3517 3654//3572 3600//3518
f 3654//3572 3655//3573 3600//3518
f 3600//3518 3655//3573 3541//3459
f 3656//3574 3542//3460 3655//3573
f 3655//3573 3542//3460 3541//3459
f 3542//3460 3656//3574 3657//3575
f 3542//3460 3657//3575 3598//3516
f 3598//3516 3657//3575 3658//3576
f 3598//3516 3658//3576 3547//3465
f 3547//3465 3658//3576 3659//3577
f 3547//3465 3659//3577 3652//3570
f 3547//3465 3652//3570 3568//3486
f 3660//3578 3597//3515 3668//3586
f 3668//3586 3597//3515 3596//3514
f 3597//3515 3660//3578 3661//3579
f 3597//3515 3661//3579 3543//3461
f 3543//3461 3661//3579 3662//3580
f 3662//3580 3544//3462 3543//3461
f 3544//3462 3662//3580 3663//3581
f 3664//3582 3554//3472 3663//3581
f 3663//3581 3554//3472 3544//3462
f 3554//3472 3664//3582 3551//3469
f 3551//3469 3664//3582 3665//3583
f 3666//3584 3595//3513 3665//3583
f 3665//3583 3595//3513 3551//3469
f 3666//3584 3667//3585 3595//3513
f 3595//3513 3667//3585 3668//3586
f 3595//3513 3668//3586 3596//3514
f 3669//3587 3593//3511 3678//3596
f 3678//3596 3593//3511 3594//3512
f 3593//3511 3669//3587 3670//3588
f 3593//3511 3670//3588 3671//3589
f 3593//3511 3671//3589 3590//3508
f 3590//3508 3671//3589 3672//3590
f 3590//3508 3672//3590 3673//3591
f 3674//3592 3592//3510 3673//3591
f 3673//3591 3592//3510 3590//3508
f 3592//3510 3674//3592 3675//3593
f 3592//3510 3675//3593 3538//3456
f 3538//3456 3675//3593 3676//3594
f 3538//3456 3676//3594 3591//3509
f 3591//3509 3676//3594 3677//3595
f 3591//3509 3677//3595 3678//3596
f 3591//3509 3678//3596 3594//3512
f 3679//3597 3583//3501 3687//3605
f 3687//3605 3583//3501 3586//3504
f 3583//3501 3679//3597 3680//3598
f 3583//3501 3680//3598 3581//3499
f 3581//3499 3680//3598 3681//3599
f 3581//3499 3681//3599 3584//3502
f 3584//3502 3681//3599 3682//3600
f 3683//3601 3587//3505 3682//3600
f 3682//3600 3587//3505 3584//3502
f 3587//3505 3683//3601 3684//3602
f 3587//3505 3684//3602 3588//3506
f 3684//3602 3685//3603 3588//3506
f 3588//3506 3685//3603 3585//3503
f 3685//3603 3686//3604 3585//3503
f 3585//3503 3686//3604 3687//3605
f 3585//3503 3687//3605 3586//3504
f 3688//3606 3609//3527 3612//3530
f 3688//3606 3612//3530 3689//3607
f 3689//3607 3612//3530 3690//3608
f 3690//3608 3612//3530 3613//3531
f 3690//3608 3613//3531 3611//3529
f 3690//3608 3611//3529 3691//3609
f 3691//3609 3611//3529 3610//3528
f 3691//3609 3610//3528 3692//3610
f 3692//3610 3610//3528 3609//3527
f 3692//3610 3609//3527 3693//3611
f 3693//3611 3609//3527 3688//3606
f 3694//3612 3622//3540 3625//3543
f 3694//3612 3625//3543 3695//3613
f 3695//3613 3625//3543 3624//3542
f 3695//3613 3624//3542 3696//3614
f 3696//3614 3624//3542 3621//3539
f 3696//3614 3621//3539 3697//3615
f 3697//3615 3621//3539 3620//3538
f 3697//3615 3620//3538 3698//3616
f 3698//3616 3620//3538 3623//3541
f 3698//3616 3623//3541 3699//3617
f 3699//3617 3623//3541 3622//3540
f 3699//3617 3622//3540 3694//3612
f 3700//3618 3565//3483 3709//3627
f 3709//3627 3565//3483 3564//3482
f 3565//3483 3700//3618 3701//3619
f 3565//3483 3701//3619 3702//3620
f 3565//3483 3702//3620 3566//3484
f 3566//3484 3702//3620 3703//3621
f 3566//3484 3703//3621 3704//3622
f 3705//3623 3577//3495 3704//3622
f 3704//3622 3577//3495 3566//3484
f 3577//3495 3705//3623 3706//3624
f 3577//3495 3706//3624 3576//3494
f 3576//3494 3706//3624 3707//3625
f 3576//3494 3707//3625 3534//3452
f 3534//3452 3707//3625 3708//3626
f 3534//3452 3708//3626 3575//3493
f 3575//3493 3708//3626 3709//3627
f 3575//3493 3709//3627 3564//3482
f 3550//3468 3571//3489 3561//3479
f 3308//3226 3309//3227 3312//3230
f 3710//3606 3628//3546 3630//3548
f 3710//3606 3630//3548 3711//3607
f 3711//3607 3630//3548 3712//3608
f 3712//3608 3630//3548 3629//3547
f 3712//3608 3629//3547 3626//3544
f 3712//3608 3626//3544 3713//3609
f 3713//3609 3626//3544 3627//3545
f 3713//3609 3627//3545 3714//3610
f 3714//3610 3627//3545 3628//3546
f 3714//3610 3628//3546 3715//3611
f 3715//3611 3628//3546 3710//3606
f 3550//3468 3631//3549 3569//3487
f 3561//3479 3632//3550 3550//3468
f 3550//3468 3632//3550 3631//3549
f 3560//3478 3632//3550 3561//3479
f 3562//3480 3633//3551 3560//3478
f 3560//3478 3633//3551 3632//3550
f 3563//3481 3633//3551 3562//3480
f 3567//3485 3634//3552 3563//3481
f 3563//3481 3634//3552 3633//3551
f 3548//3466 3634//3552 3567//3485
f 3569//3487 3631//3549 3548//3466
f 3548//3466 3631//3549 3634//3552
f 1807//1725 3608//3526 3636//3554
f 1807//1725 3636//3554 1826//1744
f 1826//1744 3636//3554 3557//3475
f 1826//1744 3557//3475 3559//3477
f 1826//1744 3559//3477 1824//1742
f 1824//1742 3559//3477 3637//3555
f 1824//1742 3637//3555 1821//1739
f 1821//1739 3637//3555 3555//3473
f 1821//1739 3555//3473 1819//1737
f 3555//3473 3639//3557 1819//1737
f 1819//1737 3639//3557 1817//1735
f 1817//1735 3639//3557 1815//1733
f 1815//1733 3639//3557 3552//3470
f 1815//1733 3552//3470 1812//1730
f 1812//1730 3552//3470 1810//1728
f 3552//3470 3638//3556 1810//1728
f 1810//1728 3638//3556 1808//1726
f 3608//3526 1807//1725 3638//3556
f 3638//3556 1807//1725 1808//1726
f 3164//3082 3619//3537 3641//3559
f 3164//3082 3641//3559 3162//3080
f 3162//3080 3641//3559 3160//3078
f 3160//3078 3641//3559 3540//3458
f 3160//3078 3540//3458 3159//3077
f 3159//3077 3540//3458 3539//3457
f 3159//3077 3539//3457 3640//3558
f 3159//3077 3640//3558 3178//3096
f 3178//3096 3640//3558 3176//3094
f 3176//3094 3640//3558 3615//3533
f 3615//3533 3643//3561 3176//3094
f 3176//3094 3643//3561 3174//3092
f 3174//3092 3643//3561 3172//3090
f 3172//3090 3643//3561 3617//3535
f 3172//3090 3617//3535 3170//3088
f 3170//3088 3617//3535 3168//3086
f 3617//3535 3642//3560 3168//3086
f 3168//3086 3642//3560 3167//3085
f 3619//3537 3164//3082 3642//3560
f 3642//3560 3164//3082 3167//3085
f 3656//3574 3655//3573 3716//3628
f 3716//3628 3655//3573 3654//3572
f 3716//3628 3654//3572 3653//3571
f 3717//3629 3660//3578 3668//3586
f 3717//3629 3661//3579 3660//3578
f 3661//3579 3717//3629 3662//3580
f 3662//3580 3717//3629 3718//3630
f 3663//3581 3662//3580 3718//3630
f 3664//3582 3663//3581 3719//3631
f 3719//3631 3665//3583 3664//3582
f 3666//3584 3665//3583 3719//3631
f 3670//3588 3669//3587 3678//3596
f 3672//3590 3671//3589 3720//3632
f 3720//3632 3673//3591 3672//3590
f 3673//3591 3720//3632 3674//3592
f 3674//3592 3720//3632 3721//3633
f 3721//3633 3675//3593 3674//3592
f 3676//3594 3675//3593 3721//3633
f 3679//3597 3687//3605 3722//3634
f 3679//3597 3722//3634 3680//3598
f 3723//3635 3681//3599 3722//3634
f 3722//3634 3681//3599 3680//3598
f 3681//3599 3723//3635 3682//3600
f 3724//3636 3683//3601 3682//3600
f 3724//3636 3684//3602 3683//3601
f 3685//3603 3684//3602 3724//3636
f 3725//3637 3689//3607 3690//3608
f 3688//3606 3689//3607 3725//3637
f 3691//3609 3692//3610 3725//3637
f 3725//3637 3693//3611 3688//3606
f 3690//3608 3691//3609 3725//3637
f 3692//3610 3693//3611 3725//3637
f 3726//3638 3695//3613 3696//3614
f 3694//3612 3695//3613 3726//3638
f 3726//3638 3696//3614 3697//3615
f 3697//3615 3698//3616 3726//3638
f 3726//3638 3699//3617 3694//3612
f 3698//3616 3699//3617 3726//3638
f 3572//3490 3574//3492 3350//3268
f 3350//3268 3574//3492 3354//3272
f 3354//3272 3574//3492 3353//3271
f 3353//3271 3574//3492 3580//3498
f 3353//3271 3580//3498 3352//3270
f 3580//3498 3578//3496 3352//3270
f 3352//3270 3578//3496 3351//3269
f 3546//3464 3347//3265 3351//3269
f 3546//3464 3351//3269 3578//3496
f 3546//3464 3545//3463 3347//3265
f 3347//3265 3545//3463 3348//3266
f 3348//3266 3545//3463 3570//3488
f 3348//3266 3570//3488 3349//3267
f 3570//3488 3573//3491 3349//3267
f 3349//3267 3573//3491 3350//3268
f 3572//3490 3350//3268 3573//3491
f 3700//3618 3709//3627 3701//3619
f 3703//3621 3702//3620 3727//3639
f 3727//3639 3704//3622 3703//3621
f 3728//3640 3705//3623 3727//3639
f 3727//3639 3705//3623 3704//3622
f 3705//3623 3728//3640 3706//3624
f 3707//3625 3706//3624 3728//3640
f 3729//3637 3711//3607 3712//3608
f 3710//3606 3711//3607 3729//3637
f 3713//3609 3714//3610 3729//3637
f 3729//3637 3715//3611 3710//3606
f 3712//3608 3713//3609 3729//3637
f 3714//3610 3715//3611 3729//3637
f 3651//3569 3650//3568 3730//3641
f 3730//3641 3650//3568 3649//3567
f 3730//3641 3649//3567 3731//3642
f 3731//3642 3649//3567 3645//3563
f 3731//3642 3645//3563 3732//3643
f 3732//3643 3645//3563 3648//3566
f 3732//3643 3648//3566 3647//3565
f 3732//3643 3647//3565 3733//3644
f 3733//3644 3647//3565 3646//3564
f 3733//3644 3646//3564 3644//3562
f 3733//3644 3644//3562 3734//3645
f 3734//3645 3644//3562 3651//3569
f 3734//3645 3651//3569 3730//3641
f 3659//3577 3658//3576 3735//3646
f 3735//3646 3658//3576 3736//3647
f 3736//3647 3658//3576 3657//3575
f 3736//3647 3657//3575 3656//3574
f 3736//3647 3656//3574 3737//3648
f 3737//3648 3656//3574 3716//3628
f 3737//3648 3716//3628 3738//3649
f 3738//3649 3716//3628 3653//3571
f 3738//3649 3653//3571 3739//3650
f 3739//3650 3653//3571 3652//3570
f 3739//3650 3652//3570 3735//3646
f 3735//3646 3652//3570 3659//3577
f 3719//3631 3740//3651 3741//3652
f 3719//3631 3741//3652 3666//3584
f 3666//3584 3741//3652 3667//3585
f 3667//3585 3741//3652 3742//3653
f 3740//3651 3719//3631 3743//3654
f 3743//3654 3719//3631 3663//3581
f 3744//3655 3717//3629 3668//3586
f 3744//3655 3668//3586 3742//3653
f 3668//3586 3667//3585 3742//3653
f 3663//3581 3718//3630 3743//3654
f 3743//3654 3718//3630 3744//3655
f 3744//3655 3718//3630 3717//3629
f 3678//3596 3745//3656 3746//3657
f 3678//3596 3746//3657 3670//3588
f 3671//3589 3670//3588 3746//3657
f 3745//3656 3678//3596 3677//3595
f 3745//3656 3677//3595 3747//3658
f 3747//3658 3677//3595 3676//3594
f 3747//3658 3676//3594 3721//3633
f 3747//3658 3721//3633 3748//3659
f 3746//3657 3749//3660 3671//3589
f 3671//3589 3749//3660 3720//3632
f 3748//3659 3721//3633 3749//3660
f 3749//3660 3721//3633 3720//3632
f 3750//3661 3724//3636 3751//3662
f 3751//3662 3724//3636 3682//3600
f 3724//3636 3750//3661 3752//3663
f 3724//3636 3752//3663 3685//3603
f 3685//3603 3752//3663 3686//3604
f 3686//3604 3752//3663 3753//3664
f 3754//3665 3722//3634 3687//3605
f 3754//3665 3687//3605 3753//3664
f 3682//3600 3723//3635 3751//3662
f 3751//3662 3723//3635 3754//3665
f 3754//3665 3723//3635 3722//3634
f 3687//3605 3686//3604 3753//3664
f 3728//3640 3755//3666 3756//3667
f 3728//3640 3756//3667 3707//3625
f 3707//3625 3756//3667 3708//3626
f 3708//3626 3756//3667 3757//3668
f 3708//3626 3757//3668 3709//3627
f 3758//3669 3701//3619 3709//3627
f 3758//3669 3709//3627 3757//3668
f 3701//3619 3758//3669 3702//3620
f 3758//3669 3759//3670 3702//3620
f 3702//3620 3759//3670 3727//3639
f 3755//3666 3728//3640 3759//3670
f 3759//3670 3728//3640 3727//3639
f 3760//3671 3734//3645 3761//3672
f 3761//3672 3734//3645 3730//3641
f 3761//3672 3730//3641 3762//3673
f 3762//3673 3730//3641 3731//3642
f 3762//3673 3731//3642 3763//3674
f 3763//3674 3731//3642 3732//3643
f 3763//3674 3732//3643 3764//3675
f 3764//3675 3732//3643 3733//3644
f 3764//3675 3733//3644 3760//3671
f 3760//3671 3733//3644 3734//3645
f 3765//3676 3739//3650 3766//3677
f 3766//3677 3739//3650 3735//3646
f 3766//3677 3735//3646 3767//3678
f 3767//3678 3735//3646 3736//3647
f 3767//3678 3736//3647 3768//3679
f 3768//3679 3736//3647 3737//3648
f 3768//3679 3737//3648 3769//3680
f 3769//3680 3737//3648 3738//3649
f 3769//3680 3738//3649 3765//3676
f 3765//3676 3738//3649 3739//3650
f 3770//3681 3743//3654 3744//3655
f 3770//3681 3744//3655 3771//3682
f 3771//3682 3744//3655 3772//3683
f 3772//3683 3744//3655 3742//3653
f 3772//3683 3742//3653 3741//3652
f 3772//3683 3741//3652 3773//3684
f 3773//3684 3741//3652 3740//3651
f 3773//3684 3740//3651 3774//3685
f 3774//3685 3740//3651 3743//3654
f 3774//3685 3743//3654 3775//3686
f 3775//3686 3743//3654 3770//3681
f 3776//3687 3748//3659 3749//3660
f 3776//3687 3749//3660 3777//3688
f 3777//3688 3749//3660 3778//3689
f 3778//3689 3749//3660 3746//3657
f 3778//3689 3746//3657 3779//3690
f 3779//3690 3746//3657 3745//3656
f 3779//3690 3745//3656 3780//3691
f 3780//3691 3745//3656 3747//3658
f 3780//3691 3747//3658 3781//3692
f 3781//3692 3747//3658 3748//3659
f 3781//3692 3748//3659 3776//3687
f 3787//3698 3752//3663 3782//3693
f 3782//3693 3752//3663 3750//3661
f 3782//3693 3750//3661 3783//3694
f 3783//3694 3750//3661 3751//3662
f 3783//3694 3751//3662 3784//3695
f 3784//3695 3751//3662 3785//3696
f 3785//3696 3751//3662 3754//3665
f 3785//3696 3754//3665 3786//3697
f 3786//3697 3754//3665 3787//3698
f 3787//3698 3754//3665 3753//3664
f 3787//3698 3753//3664 3752//3663
f 3793//3704 3758//3669 3788//3699
f 3788//3699 3758//3669 3757//3668
f 3788//3699 3757//3668 3789//3700
f 3789//3700 3757//3668 3756//3667
f 3789//3700 3756//3667 3790//3701
f 3790//3701 3756//3667 3755//3666
f 3790//3701 3755//3666 3791//3702
f 3791//3702 3755//3666 3759//3670
f 3791//3702 3759//3670 3792//3703
f 3792//3703 3759//3670 3793//3704
f 3793//3704 3759//3670 3758//3669
f 3794//3637 3771//3682 3772//3683
f 3770//3681 3771//3682 3794//3637
f 3773//3684 3774//3685 3794//3637
f 3794//3637 3775//3686 3770//3681
f 3772//3683 3773//3684 3794//3637
f 3774//3685 3775//3686 3794//3637
f 3795//3638 3777//3688 3778//3689
f 3776//3687 3777//3688 3795//3638
f 3795//3638 3778//3689 3779//3690
f 3779//3690 3780//3691 3795//3638
f 3795//3638 3781//3692 3776//3687
f 3780//3691 3781//3692 3795//3638
f 3782//3693 3783//3694 3796//3705
f 3796//3705 3784//3695 3785//3696
f 3787//3698 3782//3693 3796//3705
f 3783//3694 3784//3695 3796//3705
f 3796//3705 3786//3697 3787//3698
f 3785//3696 3786//3697 3796//3705
f 3797//3706 3793//3704 3788//3699
f 3788//3699 3789//3700 3797//3706
f 3797//3706 3790//3701 3791//3702
f 3789//3700 3790//3701 3797//3706
f 3797//3706 3792//3703 3793//3704
f 3791//3702 3792//3703 3797//3706
f 3798//3707 3810//3719 3799//3708
f 3799//3708 3810//3719 3811//3720
f 3804//3713 3803//3712 3809//3718
f 3809//3718 3803//3712 3802//3711
f 3809//3718 3802//3711 3812//3721
f 3802//3711 3801//3710 3812//3721
f 3812//3721 3801//3710 3800//3709
f 3812//3721 3800//3709 3811//3720
f 3811//3720 3800//3709 3799//3708
f 3810//3719 3798//3707 3808//3717
f 3810//3719 3808//3717 3813//3722
f 3813//3722 3808//3717 3807//3716
f 3813//3722 3807//3716 3806//3715
f 3813//3722 3806//3715 3814//3723
f 3814//3723 3806//3715 3805//3714
f 3814//3723 3805//3714 3815//3724
f 3815//3724 3805//3714 3804//3713
f 3815//3724 3804//3713 3809//3718
f 3816//3725 3817//2136 3818//3726
f 3819//3727 3820//2133 3821//3728
f 3821//3728 3814//3723 3819//3727
f 3819//3727 3814//3723 3815//3724
f 3819//3727 3815//3724 3809//3718
f 3809//3718 3812//3721 3819//3727
f 3819//3727 3812//3721 3818//3726
f 3819//3727 3818//3726 3822//2131
f 3818//3726 3812//3721 3811//3720
f 3818//3726 3811//3720 3816//3725
f 3823//2137 3816//3725 3821//3728
f 3821//3728 3816//3725 3813//3722
f 3821//3728 3813//3722 3814//3723
f 3811//3720 3810//3719 3816//3725
f 3816//3725 3810//3719 3813//3722
f 3819//3727 3822//2131 3824//2142
f 3824//2142 3822//2131 3825//2141
f 3824//2142 3825//2141 3819//3727
f 3819//3727 3825//2141 3820//2133
f 3825//2141 3826//2143 3820//2133
f 3820//2133 3826//2143 3821//3728
f 3823//2137 3821//3728 3827//2139
f 3827//2139 3821//3728 3826//2143
f 3816//3725 3823//2137 3828//2138
f 3828//2138 3823//2137 3827//2139
f 3828//2138 3827//2139 3816//3725
f 3816//3725 3827//2139 3817//2136
f 3827//2139 3829//2140 3817//2136
f 3817//2136 3829//2140 3818//3726
f 3822//2131 3818//3726 3825//2141
f 3825//2141 3818//3726 3829//2140
f 3827//2139 3826//2143 3825//2141
f 3829//2140 3827//2139 3825//2141
f 3830//3729 3831//3730 3839//3738
f 3834//3733 3833//3732 3838//3737
f 3838//3737 3833//3732 3840//3739
f 3840//3739 3833//3732 3832//3731
f 3840//3739 3832//3731 3841//3740
f 3841//3740 3832//3731 3830//3729
f 3841//3740 3830//3729 3839//3738
f 3839//3738 3831//3730 3842//3741
f 3842//3741 3831//3730 3837//3736
f 3842//3741 3837//3736 3843//3742
f 3843//3742 3837//3736 3836//3735
f 3843//3742 3836//3735 3844//3743
f 3844//3743 3836//3735 3835//3734
f 3844//3743 3835//3734 3834//3733
f 3844//3743 3834//3733 3838//3737
f 3845//3744 3846//3745 3847//3746
f 3838//3737 3840//3739 3848//3747
f 3848//3747 3840//3739 3847//3746
f 3848//3747 3847//3746 3849//3748
f 3847//3746 3840//3739 3841//3740
f 3847//3746 3841//3740 3845//3744
f 3848//3747 3850//3749 3851//3750
f 3851//3750 3852//3751 3845//3744
f 3851//3750 3843//3742 3844//3743
f 3851//3750 3844//3743 3848//3747
f 3848//3747 3844//3743 3838//3737
f 3845//3744 3842//3741 3851//3750
f 3851//3750 3842//3741 3843//3742
f 3841//3740 3839//3738 3845//3744
f 3845//3744 3839//3738 3842//3741
f 3848//3747 3849//3748 3853//3752
f 3853//3752 3849//3748 3854//3753
f 3850//3749 3848//3747 3855//3754
f 3855//3754 3848//3747 3853//3752
f 3851//3750 3850//3749 3856//3755
f 3856//3755 3850//3749 3855//3754
f 3852//3751 3851//3750 3855//3754
f 3855//3754 3851//3750 3856//3755
f 3845//3744 3852//3751 3857//3756
f 3857//3756 3852//3751 3855//3754
f 3846//3745 3845//3744 3854//3753
f 3854//3753 3845//3744 3857//3756
f 3847//3746 3846//3745 3858//3757
f 3858//3757 3846//3745 3854//3753
f 3849//3748 3847//3746 3854//3753
f 3854//3753 3847//3746 3858//3757
f 3873//3772 3874//3773 3861//3760
f 3875//3774 3878//3777 3879//3778
f 3910//3809 3915//3814 3880//3779
f 3880//3779 3915//3814 3881//3780
f 3882//3781 3883//3782 3915//3814
f 3915//3814 3883//3782 3881//3780
f 3883//3782 3884//3783 3881//3780
f 3881//3780 3884//3783 3885//3784
f 3885//3784 3884//3783 3886//3785
f 3886//3785 3887//3786 3967//3866
f 3967//3866 3887//3786 3888//3787
f 3886//3785 3967//3866 3885//3784
f 3885//3784 3967//3866 3868//3767
f 3890//3789 3889//3788 3891//3790
f 3890//3789 3891//3790 3892//3791
f 3865//3764 3864//3763 3870//3769
f 3864//3763 3893//3792 3870//3769
f 3870//3769 3893//3792 3894//3793
f 3870//3769 3894//3793 3895//3794
f 3864//3763 3860//3759 3893//3792
f 3893//3792 3860//3759 3874//3773
f 3860//3759 3859//3758 3874//3773
f 3874//3773 3859//3758 3861//3760
f 3897//3796 3863//3762 3869//3768
f 3869//3768 3863//3762 3865//3764
f 3969//3868 3898//3797 3866//3765
f 3866//3765 3898//3797 3882//3781
f 3899//3798 3900//3799 3901//3800
f 3901//3800 3900//3799 3902//3801
f 3901//3800 3902//3801 3903//3802
f 3902//3801 3904//3803 3903//3802
f 3903//3802 3904//3803 3889//3788
f 3889//3788 3904//3803 3905//3804
f 3889//3788 3905//3804 3906//3805
f 3907//3806 3908//3807 3909//3808
f 3910//3809 3908//3807 3911//3810
f 3907//3806 3909//3808 3912//3811
f 3912//3811 3909//3808 3913//3812
f 3912//3811 3913//3812 3866//3765
f 3912//3811 3866//3765 3914//3813
f 3910//3809 3911//3810 3915//3814
f 3916//3815 3917//3816 3918//3817
f 3918//3817 3917//3816 3919//3818
f 3921//3820 3920//3819 3922//3821
f 3921//3820 3922//3821 3919//3818
f 3919//3818 3922//3821 3918//3817
f 3924//3823 3925//3824 3990//3889
f 3916//3815 3926//3825 3990//3889
f 3990//3889 3926//3825 3924//3823
f 3927//3826 3878//3777 3875//3774
f 3927//3826 3875//3774 3872//3771
f 3927//3826 3928//3827 3878//3777
f 3878//3777 3928//3827 3929//3828
f 3929//3828 3928//3827 3930//3829
f 3872//3771 3875//3774 3876//3775
f 3872//3771 3876//3775 3931//3830
f 3872//3771 3931//3830 3871//3770
f 3930//3829 3932//3831 3929//3828
f 3929//3828 3932//3831 3871//3770
f 3897//3796 3861//3760 3862//3761
f 3897//3796 3862//3761 3863//3762
f 3935//3834 3936//3835 3869//3768
f 3935//3834 3869//3768 3937//3836
f 3938//3837 3939//3838 3940//3839
f 3940//3839 3939//3838 3895//3794
f 3895//3794 3939//3838 3941//3840
f 3895//3794 3941//3840 3870//3769
f 3870//3769 3937//3836 3869//3768
f 3935//3834 3938//3837 3936//3835
f 3936//3835 3938//3837 3940//3839
f 3942//3841 3943//3842 3940//3839
f 3940//3839 3943//3842 3944//3843
f 3943//3842 3945//3844 3944//3843
f 3944//3843 3945//3844 3946//3845
f 3947//3846 3948//3847 3946//3845
f 3946//3845 3948//3847 3949//3848
f 3949//3848 3948//3847 3950//3849
f 3950//3849 3951//3850 3891//3790
f 3951//3850 3952//3851 3891//3790
f 3891//3790 3952//3851 3896//3795
f 3896//3795 3952//3851 3953//3852
f 3896//3795 3953//3852 3954//3853
f 3896//3795 3954//3853 3946//3845
f 3946//3845 3954//3853 3947//3846
f 3949//3848 3950//3849 3891//3790
f 3899//3798 3901//3800 3891//3790
f 3955//3854 3903//3802 3956//3855
f 3957//3856 3867//3766 3958//3857
f 3958//3857 3867//3766 3955//3854
f 3958//3857 3955//3854 3956//3855
f 3867//3766 3957//3856 3959//3858
f 3867//3766 3959//3858 3868//3767
f 3868//3767 3959//3858 3960//3859
f 3868//3767 3960//3859 3961//3860
f 3868//3767 3961//3860 3889//3788
f 3961//3860 3962//3861 3889//3788
f 3889//3788 3962//3861 3903//3802
f 3903//3802 3962//3861 3956//3855
f 3963//3862 3867//3766 3964//3863
f 3964//3863 3867//3766 3868//3767
f 3867//3766 3963//3862 3965//3864
f 3867//3766 3965//3864 3966//3865
f 3968//3867 3967//3866 3969//3868
f 3966//3865 3965//3864 3969//3868
f 3969//3868 3965//3864 3968//3867
f 3967//3866 3970//3869 3868//3767
f 3868//3767 3970//3869 3964//3863
f 3969//3868 3967//3866 3888//3787
f 3969//3868 3888//3787 3898//3797
f 3915//3814 3914//3813 3866//3765
f 3971//3870 3909//3808 3910//3809
f 3910//3809 3909//3808 3908//3807
f 3923//3822 3972//3871 3973//3872
f 3923//3822 3973//3872 3910//3809
f 3910//3809 3973//3872 3971//3870
f 3971//3870 3974//3873 3909//3808
f 3920//3819 3921//3820 3923//3822
f 3923//3822 3921//3820 3975//3874
f 3923//3822 3975//3874 3972//3871
f 3974//3873 3976//3875 3909//3808
f 3909//3808 3976//3875 3921//3820
f 3921//3820 3976//3875 3977//3876
f 3921//3820 3977//3876 3975//3874
f 3917//3816 3916//3815 3990//3889
f 3931//3830 3978//3877 3871//3770
f 3871//3770 3978//3877 3929//3828
f 3897//3796 3934//3833 3933//3832
f 3979//3878 3933//3832 3980//3879
f 3979//3878 3981//3880 3877//3776
f 3877//3776 3981//3880 3982//3881
f 3877//3776 3982//3881 3876//3775
f 3982//3881 3983//3882 3876//3775
f 3876//3775 3983//3882 3931//3830
f 3984//3883 3896//3795 3985//3884
f 3985//3884 3896//3795 3946//3845
f 3985//3884 3946//3845 3945//3844
f 3896//3795 3984//3883 3986//3885
f 3896//3795 3986//3885 3895//3794
f 3895//3794 3986//3885 3987//3886
f 3895//3794 3987//3886 3940//3839
f 3940//3839 3987//3886 3942//3841
f 3899//3798 3891//3790 3906//3805
f 3906//3805 3891//3790 3889//3788
f 3896//3795 3988//3887 3891//3790
f 3891//3790 3988//3887 3989//3888
f 3891//3790 3989//3888 3892//3791
f 3923//3822 3910//3809 3925//3824
f 3923//3822 3925//3824 3924//3823
f 3882//3781 3915//3814 3866//3765
f 3865//3764 3870//3769 3869//3768
f 3925//3824 3991//3890 3990//3889
f 3990//3889 3991//3890 3992//3891
f 3990//3889 3992//3891 3879//3778
f 3990//3889 3879//3778 3878//3777
f 3993//3892 3994//3893 3933//3832
f 3979//3878 3877//3776 3933//3832
f 3933//3832 3877//3776 3993//3892
f 3933//3832 3994//3893 3996//3895
f 3933//3832 3996//3895 3897//3796
f 3897//3796 3996//3895 3997//3896
f 3897//3796 3997//3896 3861//3760
f 3861//3760 3997//3896 3995//3894
f 3877//3776 3998//3897 3993//3892
f 3995//3894 3998//3897 3861//3760
f 3861//3760 3998//3897 3877//3776
f 3861//3760 3877//3776 3873//3772
f 3980//3879 3933//3832 3999//3898
f 3999//3898 3933//3832 4000//3899
f 3999//3898 4000//3899 3978//3877
f 3999//3898 3978//3877 3931//3830
f 3808//3717 3859//3758 3807//3716
f 3807//3716 3859//3758 3860//3759
f 3863//3762 3862//3761 3801//3710
f 3801//3710 3862//3761 3800//3709
f 3800//3709 3862//3761 4001//3900
f 4001//3900 3862//3761 3861//3760
f 4001//3900 3861//3760 3798//3707
f 3798//3707 3861//3760 3859//3758
f 3798//3707 3859//3758 3808//3717
f 3807//3716 3860//3759 4002//3901
f 4002//3901 3860//3759 3864//3763
f 4002//3901 3864//3763 3805//3714
f 3805//3714 3864//3763 3865//3764
f 3805//3714 3865//3764 3804//3713
f 3804//3713 3865//3764 3803//3712
f 3803//3712 3865//3764 3863//3762
f 3803//3712 3863//3762 3802//3711
f 3802//3711 3863//3762 3801//3710
f 3969//3868 3866//3765 4003//3902
f 4004//3903 3891//3790 3901//3800
f 4005//3904 3891//3790 4004//3903
f 3949//3848 3891//3790 4005//3904
f 3897//3796 3869//3768 4006//3905
f 2510//2428 3998//3897 2511//2429
f 2511//2429 3998//3897 3995//3894
f 2511//2429 3995//3894 2514//2432
f 2514//2432 3995//3894 2513//2431
f 2513//2431 3995//3894 3997//3896
f 2513//2431 3997//3896 2512//2430
f 2512//2430 3997//3896 3996//3895
f 2512//2430 3996//3895 2507//2425
f 2507//2425 3996//3895 2508//2426
f 2508//2426 3996//3895 3994//3893
f 2508//2426 3994//3893 2509//2427
f 2509//2427 3994//3893 3993//3892
f 2509//2427 3993//3892 2510//2428
f 2510//2428 3993//3892 3998//3897
f 2543//2461 3965//3864 2544//2462
f 2544//2462 3965//3864 2545//2463
f 2545//2463 3965//3864 3963//3862
f 2545//2463 3963//3862 2542//2460
f 2542//2460 3963//3862 3964//3863
f 2542//2460 3964//3863 2541//2459
f 2541//2459 3964//3863 3970//3869
f 2541//2459 3970//3869 2540//2458
f 2540//2458 3970//3869 3967//3866
f 2540//2458 3967//3866 2539//2457
f 2539//2457 3967//3866 3968//3867
f 2539//2457 3968//3867 2543//2461
f 2543//2461 3968//3867 3965//3864
f 4007//3906 3868//3767 3889//3788
f 4008//3907 3873//3772 3877//3776
f 4008//3907 3877//3776 3876//3775
f 4008//3907 3876//3775 3875//3774
f 4007//3906 3885//3784 3868//3767
f 3806//3715 3807//3716 4002//3901
f 3806//3715 4002//3901 3805//3714
f 3799//3708 3800//3709 4001//3900
f 3799//3708 4001//3900 3798//3707
f 3934//3833 4009//3908 4010//3909
f 3934//3833 4010//3909 3933//3832
f 3933//3832 4010//3909 4011//3910
f 3933//3832 4011//3910 4000//3899
f 4000//3899 4011//3910 4012//3911
f 4000//3899 4012//3911 3978//3877
f 3978//3877 4012//3911 4013//3912
f 3978//3877 4013//3912 3929//3828
f 3929//3828 4013//3912 4014//3913
f 3929//3828 4014//3913 3878//3777
f 3878//3777 4014//3913 4015//3914
f 3878//3777 4015//3914 3990//3889
f 3990//3889 4015//3914 4016//3915
f 3990//3889 4016//3915 3917//3816
f 3917//3816 4016//3915 4017//3916
f 3917//3816 4017//3916 3919//3818
f 3919//3818 4017//3916 4018//3917
f 3919//3818 4018//3917 3921//3820
f 3921//3820 4018//3917 4019//3918
f 3921//3820 4019//3918 3909//3808
f 3909//3808 4019//3918 4020//3919
f 3909//3808 4020//3919 3913//3812
f 3913//3812 4020//3919 4021//3920
f 3913//3812 4021//3920 3866//3765
f 3866//3765 4021//3920 4022//3921
f 3866//3765 4022//3921 4003//3902
f 4003//3902 4022//3921 4023//3922
f 4003//3902 4023//3922 3969//3868
f 3969//3868 4023//3922 4024//3923
f 3969//3868 4024//3923 3966//3865
f 3966//3865 4024//3923 4025//3924
f 3966//3865 4025//3924 3867//3766
f 3867//3766 4025//3924 4026//3925
f 3867//3766 4026//3925 3955//3854
f 3955//3854 4026//3925 4027//3926
f 3955//3854 4027//3926 3903//3802
f 3903//3802 4027//3926 4028//3927
f 3903//3802 4028//3927 3901//3800
f 3901//3800 4028//3927 4029//3928
f 3901//3800 4029//3928 4004//3903
f 4004//3903 4029//3928 4030//3929
f 4004//3903 4030//3929 4005//3904
f 4005//3904 4030//3929 4031//3930
f 4005//3904 4031//3930 3949//3848
f 3949//3848 4031//3930 4032//3931
f 3949//3848 4032//3931 3946//3845
f 3946//3845 4032//3931 4033//3932
f 3946//3845 4033//3932 3944//3843
f 3944//3843 4033//3932 4034//3933
f 3944//3843 4034//3933 3940//3839
f 3940//3839 4034//3933 4035//3934
f 3940//3839 4035//3934 3936//3835
f 3936//3835 4035//3934 4036//3935
f 3936//3835 4036//3935 3869//3768
f 3869//3768 4036//3935 4037//3936
f 3869//3768 4037//3936 4006//3905
f 4006//3905 4037//3936 4038//3937
f 4006//3905 4038//3937 3897//3796
f 3897//3796 4038//3937 4009//3908
f 3897//3796 4009//3908 3934//3833
f 3927//3826 2499//2417 3928//3827
f 3928//3827 2499//2417 2500//2418
f 2503//2421 2506//2424 3871//3770
f 3871//3770 3932//3831 2503//2421
f 2503//2421 3932//3831 2502//2420
f 3932//3831 3930//3829 2502//2420
f 2502//2420 3930//3829 2501//2419
f 2501//2419 3930//3829 3928//3827
f 2501//2419 3928//3827 2500//2418
f 3871//3770 2506//2424 2505//2423
f 2499//2417 3927//3826 2504//2422
f 3927//3826 3872//3771 2504//2422
f 2504//2422 3872//3771 2505//2423
f 2505//2423 3872//3771 3871//3770
f 3920//3819 2560//2478 3922//3821
f 3922//3821 2560//2478 2559//2477
f 3926//3825 3916//3815 2556//2474
f 2556//2474 3916//3815 2555//2473
f 3916//3815 3918//3817 2555//2473
f 2555//2473 3918//3817 2559//2477
f 2559//2477 3918//3817 3922//3821
f 2560//2478 3920//3819 2561//2479
f 2561//2479 3920//3819 2558//2476
f 2558//2476 3920//3819 3923//3822
f 2558//2476 3923//3822 2557//2475
f 2557//2475 3923//3822 3924//3823
f 2557//2475 3924//3823 2556//2474
f 2556//2474 3924//3823 3926//3825
f 3914//3813 2550//2468 3912//3811
f 3912//3811 2550//2468 2549//2467
f 3911//3810 3908//3807 2547//2465
f 2547//2465 3908//3807 2546//2464
f 2546//2464 3908//3807 2548//2466
f 3908//3807 3907//3806 2548//2466
f 2548//2466 3907//3806 3912//3811
f 2548//2466 3912//3811 2549//2467
f 3911//3810 2547//2465 2551//2469
f 2550//2468 3914//3813 2553//2471
f 3914//3813 3915//3814 2553//2471
f 2553//2471 3915//3814 2552//2470
f 2552//2470 3915//3814 3911//3810
f 2552//2470 3911//3810 2551//2469
f 3904//3803 2537//2455 2532//2450
f 2533//2451 2534//2452 3906//3805
f 2533//2451 3906//3805 2531//2449
f 3906//3805 3905//3804 2531//2449
f 2531//2449 3905//3804 2532//2450
f 2532//2450 3905//3804 3904//3803
f 2538//2456 2537//2455 3904//3803
f 3906//3805 2534//2452 3899//3798
f 3899//3798 2534//2452 2535//2453
f 3904//3803 3902//3801 2538//2456
f 2538//2456 3902//3801 2536//2454
f 3902//3801 3900//3799 2536//2454
f 2536//2454 3900//3799 3899//3798
f 2536//2454 3899//3798 2535//2453
f 3951//3850 2522//2440 3952//3851
f 3952//3851 2522//2440 2524//2442
f 2530//2448 3954//3853 3953//3852
f 2530//2448 3953//3852 2526//2444
f 2526//2444 3953//3852 2525//2443
f 2525//2443 3953//3852 2524//2442
f 2524//2442 3953//3852 3952//3851
f 2522//2440 3951//3850 2527//2445
f 2527//2445 3951//3850 3950//3849
f 2527//2445 3950//3849 2528//2446
f 2528//2446 3950//3849 3948//3847
f 2528//2446 3948//3847 2529//2447
f 2529//2447 3948//3847 3947//3846
f 2529//2447 3947//3846 2530//2448
f 2530//2448 3947//3846 3954//3853
f 3941//3840 2520//2438 2519//2437
f 2516//2434 2517//2435 3937//3836
f 2516//2434 3937//3836 2515//2433
f 3937//3836 3870//3769 2515//2433
f 2515//2433 3870//3769 2519//2437
f 2519//2437 3870//3769 3941//3840
f 3937//3836 2517//2435 3935//3834
f 3935//3834 2517//2435 2518//2436
f 3941//3840 3939//3838 2520//2438
f 2520//2438 3939//3838 2521//2439
f 3939//3838 3938//3837 2521//2439
f 2521//2439 3938//3837 2518//2436
f 2518//2436 3938//3837 3935//3834
f 2203//2121 3884//3783 4039//3938
f 4039//3938 3884//3783 3883//3782
f 4039//3938 3883//3782 2201//2119
f 2201//2119 3883//3782 3882//3781
f 2201//2119 3882//3781 2200//2118
f 2200//2118 3882//3781 2199//2117
f 2199//2117 3882//3781 3898//3797
f 2199//2117 3898//3797 2198//2116
f 2198//2116 3898//3797 2197//2115
f 2204//2122 3886//3785 2203//2121
f 2203//2121 3886//3785 3884//3783
f 3898//3797 3888//3787 2197//2115
f 2197//2115 3888//3787 2196//2114
f 2196//2114 3888//3787 4040//3939
f 4040//3939 3888//3787 3887//3786
f 4040//3939 3887//3786 2194//2112
f 2194//2112 3887//3786 3886//3785
f 2194//2112 3886//3785 2204//2122
f 2555//2473 2559//2477 2554//2472
f 2522//2440 2523//2441 2524//2442
f 4041//3940 3895//3794 3894//3793
f 4041//3940 3894//3793 4042//3941
f 4043//3942 3988//3887 4041//3940
f 4041//3940 3988//3887 3896//3795
f 4041//3940 3896//3795 3895//3794
f 4043//3942 3892//3791 3989//3888
f 4043//3942 3989//3888 3988//3887
f 4042//3941 4008//3907 4044//3943
f 3894//3793 3893//3792 4042//3941
f 4042//3941 3893//3792 3874//3773
f 4042//3941 3874//3773 3873//3772
f 4042//3941 3873//3772 4008//3907
f 4045//3944 3910//3809 3880//3779
f 4045//3944 3880//3779 4046//3945
f 4046//3945 4007//3906 4047//3946
f 4047//3946 4007//3906 3889//3788
f 4047//3946 3889//3788 4043//3942
f 4043//3942 3889//3788 3890//3789
f 4043//3942 3890//3789 3892//3791
f 4048//3947 3991//3890 4045//3944
f 4045//3944 3991//3890 3925//3824
f 4045//3944 3925//3824 3910//3809
f 3880//3779 3881//3780 4046//3945
f 4046//3945 3881//3780 3885//3784
f 4046//3945 3885//3784 4007//3906
f 4008//3907 3875//3774 4044//3943
f 4044//3943 3875//3774 3879//3778
f 4044//3943 3879//3778 4048//3947
f 4048//3947 3879//3778 3992//3891
f 4048//3947 3992//3891 3991//3890
f 2202//2120 2203//2121 4039//3938
f 2202//2120 4039//3938 2201//2119
f 2195//2113 2196//2114 4040//3939
f 2195//2113 4040//3939 2194//2112
f 4049//3948 4042//3941 4050//3949
f 4050//3949 4042//3941 4044//3943
f 4050//3949 4044//3943 4051//3950
f 4051//3950 4044//3943 4048//3947
f 4051//3950 4048//3947 4045//3944
f 4051//3950 4045//3944 4052//3951
f 4052//3951 4045//3944 4046//3945
f 4052//3951 4046//3945 4053//3952
f 4046//3945 4047//3946 4053//3952
f 4053//3952 4047//3946 4043//3942
f 4053//3952 4043//3942 4054//3953
f 4043//3942 4041//3940 4054//3953
f 4054//3953 4041//3940 3832//3731
f 3832//3731 4041//3940 4049//3948
f 4042//3941 4049//3948 4041//3940
f 1326//1312 1165//1151 2459//2377
f 1326//1312 2459//2377 1327//1313
f 2905//2823 2901//2819 3277//3195
f 3279//3197 2902//2820 3277//3195
f 3277//3195 2902//2820 2905//2823
f 3279//3197 2901//2819 2902//2820
f 1164//1150 1275//1261 1277//1263
f 1164//1150 1277//1263 2456//2374
f 2456//2374 1277//1263 2457//2375
f 2457//2375 1277//1263 1278//1264
f 2457//2375 1278//1264 1151//1137
f 2928//2846 1783//1701 1772//1690
f 2928//2846 1772//1690 2930//2848
f 2930//2848 1772//1690 1771//1689
f 1783//1701 2929//2847 1771//1689
f 1771//1689 2929//2847 2930//2848
f 1150//1136 1283//1269 1286//1272
f 1150//1136 1286//1272 2462//2380
f 2462//2380 1286//1272 2461//2379
f 2461//2379 1286//1272 1285//1271
f 2461//2379 1285//1271 1137//1123
f 2931//2849 2091//2009 2081//1999
f 2931//2849 2081//1999 2932//2850
f 2932//2850 2081//1999 2080//1998
f 2080//1998 2091//2009 2932//2850
f 1136//1122 1274//1260 1292//1278
f 1136//1122 1292//1278 2463//2381
f 2463//2381 1292//1278 2437//2355
f 2437//2355 1292//1278 1291//1277
f 2437//2355 1291//1277 1235//1221
f 2935//2853 2937//2855 2936//2854
f 2936//2854 2937//2855 3239//3157
f 2936//2854 3239//3157 2939//2857
f 2939//2857 3239//3157 3241//3159
f 3241//3159 2937//2855 2939//2857
f 1234//1220 1296//1282 1295//1281
f 1294//1280 1221//1207 2467//2385
f 2466//2384 1234//1220 1295//1281
f 2466//2384 1295//1281 2467//2385
f 2467//2385 1295//1281 1294//1280
f 2943//2861 2941//2859 3128//3046
f 2943//2861 3128//3046 2942//2860
f 2942//2860 3128//3046 3127//3045
f 3127//3045 2941//2859 2942//2860
f 1220//1206 1302//1288 1304//1290
f 1220//1206 1304//1290 2468//2386
f 2468//2386 1304//1290 2469//2387
f 2469//2387 1304//1290 1305//1291
f 2469//2387 1305//1291 1207//1193
f 2841//2759 2948//2866 2947//2865
f 2947//2865 2948//2866 3199//3117
f 3201//3119 2949//2867 3199//3117
f 3199//3117 2949//2867 2947//2865
f 3201//3119 2948//2866 2949//2867
f 1206//1192 1310//1296 1313//1299
f 1206//1192 1313//1299 2465//2383
f 2465//2383 1313//1299 2464//2382
f 2464//2382 1313//1299 1312//1298
f 2464//2382 1312//1298 1193//1179
f 2870//2788 2048//1966 2038//1956
f 2870//2788 2038//1956 2871//2789
f 2871//2789 2038//1956 2037//1955
f 2037//1955 2048//1966 2871//2789
f 1192//1178 1318//1304 1320//1306
f 1192//1178 1320//1306 2460//2378
f 2460//2378 1320//1306 2448//2366
f 2448//2366 1320//1306 1319//1305
f 2448//2366 1319//1305 1179//1165
f 2897//2815 2169//2087 2898//2816
f 2898//2816 2169//2087 2158//2076
f 2898//2816 2158//2076 2899//2817
f 2899//2817 2158//2076 2157//2075
f 2157//2075 2169//2087 2899//2817
f 1178//1164 1329//1315 2458//2376
f 2458//2376 1329//1315 1327//1313
f 2458//2376 1327//1313 2459//2377
f 3836//3735 4052//3951 3835//3734
f 3835//3734 4052//3951 3834//3733
f 3834//3733 4052//3951 4053//3952
f 3834//3733 4053//3952 3833//3732
f 3833//3732 4053//3952 4054//3953
f 3833//3732 4054//3953 3832//3731
f 3830//3729 3832//3731 4049//3948
f 3830//3729 4049//3948 3831//3730
f 3831//3730 4049//3948 4050//3949
f 3831//3730 4050//3949 3837//3736
f 3837//3736 4050//3949 4051//3950
f 3837//3736 4051//3950 3836//3735
f 3836//3735 4051//3950 4052//3951
f 3855//3754 3853//3752 3854//3753
f 3855//3754 3854//3753 3857//3756
f 1440//1424 1439//1423 1444//1428
f 1444//1428 1443//1427 1440//1424
f 1440//1424 1443//1427 1441//1425
f 1443//1427 1442//1426 1441//1425
f 1447//1431 1446//1430 1445//1429
f 1450//1434 1449//1433 1448//1432
f 1450//1434 1448//1432 1445//1429
f 1445//1429 1448//1432 1447//1431
f 1914//1832 3520//3438 1986//1904
f 3519//3437 1910//1828 1986//1904
f 3519//3437 1986//1904 3520//3438
f 1993//1911 1909//1827 1995//1913
f 1995//1913 1909//1827 1900//1818
f 1910//1828 3519//3437 3518//3436
f 1910//1828 3518//3436 1909//1827
f 1909//1827 3518//3436 3517//3435
f 1909//1827 3517//3435 1900//1818
f 3494//3412 3416//3334 1899//1817
f 3494//3412 1899//1817 3517//3435
f 3517//3435 1899//1817 1900//1818
f 2006//1924 1899//1817 3416//3334
f 3516//3434 3491//3409 3406//3324
f 1844//1762 1943//1861 3429//3347
f 3429//3347 1845//1763 1844//1762
f 3493//3411 3516//3434 2006//1924
f 2006//1924 3516//3434 3406//3324
f 2006//1924 3406//3324 1943//1861
f 1943//1861 3406//3324 3429//3347
f 1996//1914 1886//1804 1998//1916
f 1998//1916 1886//1804 1915//1833
f 3520//3438 1914//1832 3521//3439
f 3521//3439 1914//1832 1915//1833
f 3521//3439 1915//1833 3522//3440
f 3522//3440 1915//1833 1886//1804
f 3522//3440 1886//1804 3496//3414
f 3496//3414 1886//1804 1891//1809
f 3496//3414 1891//1809 3413//3331
f 3413//3331 1891//1809 1953//1871
f 3497//3415 1953//1871 3524//3442
f 3514//3432 1858//1776 1860//1778
f 3488//3406 1861//1779 3515//3433
f 3515//3433 1861//1779 1858//1776
f 1858//1776 3514//3432 3515//3433
f 3488//3406 3421//3339 1843//1761
f 1843//1761 3421//3339 1982//1900
f 1843//1761 1982//1900 1852//1770
f 3487//3405 2005//1923 1982//1900
f 1843//1761 1978//1896 3488//3406
f 3488//3406 1978//1896 1980//1898
f 3488//3406 1980//1898 1861//1779
f 1871//1789 2005//1923 3410//3328
f 3410//3328 1869//1787 1871//1789
f 1885//1803 3446//3364 1883//1801
f 1883//1801 3446//3364 3445//3363
f 1883//1801 3445//3363 1990//1908
f 1990//1908 3445//3363 1992//1910
f 1992//1910 3445//3363 1907//1825
f 1907//1825 3445//3363 1906//1824
f 3444//3362 1918//1836 1989//1907
f 1911//1829 1912//1830 3444//3362
f 1911//1829 3444//3362 1987//1905
f 1987//1905 3444//3362 1989//1907
f 3444//3362 3443//3361 1918//1836
f 1918//1836 3443//3361 1916//1834
f 3402//3320 2004//1922 1865//1783
f 1865//1783 2004//1922 1864//1782
f 1966//1884 1965//1883 1919//1837
f 2003//1921 3405//3323 3502//3420
f 2003//1921 2004//1922 3503//3421
f 1919//1837 2003//1921 3502//3420
f 1919//1837 3502//3420 1966//1884
f 1966//1884 3502//3420 1938//1856
f 1938//1856 3502//3420 3525//3443
f 1938//1856 3525//3443 1937//1855
f 3635//3553 1937//1855 3525//3443
f 1937//1855 3635//3553 1935//1853
f 3504//3422 3510//3428 3506//3424
f 3506//3424 3510//3428 3507//3425
f 3513//3431 3508//3426 3505//3423
f 3505//3423 3508//3426 3509//3427
f 3505//3423 3509//3427 3504//3422
f 3504//3422 3509//3427 3510//3428
f 1929//1847 1930//1848 1956//1874
f 1956//1874 1930//1848 3431//3349
f 3432//3350 3499//3417 3523//3441
f 1956//1874 3431//3349 3432//3350
f 1956//1874 3432//3350 1953//1871
f 1953//1871 3432//3350 3523//3441
f 1953//1871 3523//3441 3524//3442
f 3762//3673 3764//3675 3760//3671
f 3763//3674 3764//3675 3762//3673
f 3760//3671 3761//3672 3762//3673
f 3633//3551 3634//3552 3632//3550
f 3632//3550 3634//3552 3631//3549
f 3769//3680 3765//3676 3767//3678
f 3768//3679 3769//3680 3767//3678
f 3765//3676 3766//3677 3767//3678
f 2616//2534 3030//2948 2617//2535
f 2647//2565 2663//2581 2648//2566
f 2648//2566 2663//2581 3025//2943
f 2662//2580 3028//2946 2624//2542
f 2624//2542 3028//2946 2625//2543
f 4055//3954 3368//3286 3375//3293
f 4055//3954 3375//3293 4056//3955
f 4056//3955 3375//3293 3374//3292
f 4056//3955 3374//3292 4057//3956
f 4057//3956 3374//3292 3371//3289
f 4057//3956 3371//3289 4058//3957
f 4058//3957 3371//3289 3372//3290
f 4058//3957 3372//3290 4059//3958
f 4059//3958 3372//3290 3368//3286
f 4059//3958 3368//3286 4055//3954
f 4058//3957 4059//3958 4055//3954
f 4055//3954 4056//3955 4058//3957
f 4058//3957 4056//3955 4057//3956
f 4060//3959 3338//3256 4061//3960
f 4061//3960 3338//3256 3344//3262
f 4061//3960 3344//3262 4062//3961
f 4062//3961 3344//3262 3341//3259
f 4062//3961 3341//3259 4063//3962
f 4063//3962 3341//3259 3340//3258
f 4063//3962 3340//3258 4064//3963
f 4064//3963 3340//3258 3345//3263
f 4064//3963 3345//3263 3336//3254
f 4064//3963 3336//3254 4060//3959
f 4060//3959 3336//3254 3338//3256
f 4063//3962 4064//3963 4060//3959
f 4060//3959 4062//3961 4063//3962
f 4060//3959 4061//3960 4062//3961
f 4069//3968 4066//3965 4065//3964
f 4066//3965 4067//3966 4065//3964
f 4067//3966 4068//3967 4065//3964
f 4068//3967 4069//3968 4065//3964
f 923//909 4066//3965 922//908
f 4069//3968 920//906 922//908
f 4069//3968 922//908 4066//3965
f 920//906 4069//3968 4068//3967
f 920//906 4068//3967 959//945
f 4067//3966 961//947 4068//3967
f 4068//3967 961//947 959//945
f 4066//3965 923//909 4067//3966
f 4067//3966 923//909 961//947
f 4074//3973 4071//3970 4070//3969
f 4071//3970 4072//3971 4070//3969
f 4072//3971 4073//3972 4070//3969
f 4073//3972 4074//3973 4070//3969
f 4071//3970 964//950 925//911
f 964//950 4071//3970 4074//3973
f 964//950 4074//3973 966//952
f 966//952 4074//3973 4073//3972
f 966//952 4073//3972 928//914
f 4072//3971 929//915 4073//3972
f 4073//3972 929//915 928//914
f 4071//3970 925//911 4072//3971
f 4072//3971 925//911 929//915
f 4075//3974 3979//3878 4076//3975
f 4076//3975 3979//3878 3980//3879
f 4076//3975 3980//3879 4077//3976
f 4077//3976 3980//3879 3999//3898
f 4077//3976 3999//3898 4078//3977
f 4077//3976 4078//3977 4079//3978
f 4079//3978 4078//3977 4080//3979
f 4079//3978 4080//3979 4081//3980
f 4081//3980 4080//3979 3983//3882
f 4081//3980 3983//3882 4082//3981
f 4082//3981 3983//3882 3982//3881
f 4082//3981 3982//3881 3981//3880
f 4082//3981 3981//3880 4075//3974
f 4075//3974 3981//3880 3979//3878
f 4083//3982 4075//3974 4084//3983
f 4084//3983 4075//3974 4076//3975
f 4084//3983 4076//3975 4085//3984
f 4085//3984 4076//3975 4077//3976
f 4085//3984 4077//3976 4086//3985
f 4086//3985 4077//3976 4079//3978
f 4086//3985 4079//3978 4087//3986
f 4087//3986 4079//3978 4081//3980
f 4087//3986 4081//3980 4088//3987
f 4088//3987 4081//3980 4082//3981
f 4088//3987 4082//3981 4083//3982
f 4083//3982 4082//3981 4075//3974
f 4088//3987 4083//3982 4084//3983
f 4084//3983 4087//3986 4088//3987
f 4085//3984 4086//3985 4084//3983
f 4084//3983 4086//3985 4087//3986
f 4078//3977 3999//3898 3931//3830
f 4078//3977 3931//3830 4080//3979
f 4080//3979 3931//3830 3983//3882
f 4094//3993 3985//3884 4089//3988
f 4089//3988 3985//3884 3945//3844
f 4089//3988 3945//3844 4090//3989
f 4090//3989 3945//3844 3943//3842
f 4090//3989 3943//3842 4095//3994
f 4090//3989 4095//3994 4091//3990
f 4091//3990 4095//3994 3942//3841
f 4091//3990 3942//3841 4092//3991
f 4092//3991 3942//3841 3987//3886
f 4092//3991 3987//3886 3986//3885
f 4092//3991 3986//3885 4093//3992
f 4093//3992 3986//3885 3984//3883
f 4093//3992 3984//3883 4094//3993
f 4094//3993 3984//3883 3985//3884
f 4095//3994 3943//3842 3942//3841
f 4097//3996 3959//3858 4098//3997
f 4098//3997 3959//3858 3957//3856
f 4098//3997 3957//3856 4099//3998
f 4099//3998 3957//3856 3958//3857
f 4099//3998 3958//3857 4102//4001
f 4099//3998 4102//4001 4100//3999
f 4100//3999 4102//4001 4103//4002
f 4100//3999 4103//4002 4101//4000
f 4101//4000 4103//4002 3962//3861
f 4101//4000 3962//3861 4096//3995
f 4096//3995 3962//3861 3961//3860
f 4096//3995 3961//3860 3960//3859
f 4096//3995 3960//3859 4097//3996
f 4097//3996 3960//3859 3959//3858
f 4102//4001 3958//3857 3956//3855
f 4102//4001 3956//3855 4103//4002
f 4103//4002 3956//3855 3962//3861
f 4109//4008 3975//3874 4104//4003
f 4104//4003 3975//3874 3977//3876
f 4104//4003 3977//3876 4105//4004
f 4105//4004 3977//3876 3976//3875
f 4105//4004 3976//3875 4110//4009
f 4105//4004 4110//4009 4106//4005
f 4106//4005 4110//4009 4111//4010
f 4106//4005 4111//4010 4107//4006
f 4107//4006 4111//4010 3971//3870
f 4107//4006 3971//3870 4108//4007
f 4108//4007 3971//3870 3973//3872
f 4108//4007 3973//3872 3972//3871
f 4108//4007 3972//3871 4109//4008
f 4109//4008 3972//3871 3975//3874
f 4110//4009 3976//3875 3974//3873
f 4110//4009 3974//3873 4111//4010
f 4111//4010 3974//3873 3971//3870
f 4112//4011 4109//4008 4113//4012
f 4113//4012 4109//4008 4104//4003
f 4113//4012 4104//4003 4114//4013
f 4114//4013 4104//4003 4105//4004
f 4114//4013 4105//4004 4115//4014
f 4115//4014 4105//4004 4106//4005
f 4115//4014 4106//4005 4116//4015
f 4116//4015 4106//4005 4107//4006
f 4116//4015 4107//4006 4117//4016
f 4117//4016 4107//4006 4108//4007
f 4117//4016 4108//4007 4112//4011
f 4112//4011 4108//4007 4109//4008
f 4117//4016 4112//4011 4114//4013
f 4114//4013 4112//4011 4113//4012
f 4114//4013 4116//4015 4117//4016
f 4114//4013 4115//4014 4116//4015
f 4118//3985 4097//3996 4119//3986
f 4119//3986 4097//3996 4098//3997
f 4119//3986 4098//3997 4120//3987
f 4120//3987 4098//3997 4099//3998
f 4120//3987 4099//3998 4121//3982
f 4121//3982 4099//3998 4100//3999
f 4121//3982 4100//3999 4122//3983
f 4122//3983 4100//3999 4101//4000
f 4122//3983 4101//4000 4123//3984
f 4123//3984 4101//4000 4096//3995
f 4123//3984 4096//3995 4118//3985
f 4118//3985 4096//3995 4097//3996
f 4123//3984 4118//3985 4119//3986
f 4119//3986 4122//3983 4123//3984
f 4120//3987 4121//3982 4119//3986
f 4119//3986 4121//3982 4122//3983
f 4124//4014 4094//3993 4125//4015
f 4125//4015 4094//3993 4089//3988
f 4125//4015 4089//3988 4126//4016
f 4126//4016 4089//3988 4090//3989
f 4126//4016 4090//3989 4127//4011
f 4127//4011 4090//3989 4091//3990
f 4127//4011 4091//3990 4128//4012
f 4128//4012 4091//3990 4092//3991
f 4128//4012 4092//3991 4129//4013
f 4129//4013 4092//3991 4093//3992
f 4129//4013 4093//3992 4124//4014
f 4124//4014 4093//3992 4094//3993
f 4129//4013 4124//4014 4126//4016
f 4126//4016 4124//4014 4125//4015
f 4126//4016 4128//4012 4129//4013
f 4126//4016 4127//4011 4128//4012
f 4132//4019 4133//4020 4131//4018
f 4131//4018 4133//4020 4130//4017
f 4131//4018 4130//4017 4136//4023
f 4131//4018 4136//4023 4137//4024
f 4137//4024 4136//4023 4138//4025
f 4137//4024 4138//4025 4139//4026
f 4134//4021 4142//4029 4135//4022
f 4135//4022 4142//4029 4141//4028
f 4141//4028 4142//4029 4140//4027
f 4143//4030 4144//4031 4145//4032
f 4145//4032 4144//4031 4146//4033
f 4145//4032 4146//4033 4135//4022
f 4135//4022 4146//4033 4134//4021
f 4139//4026 4138//4025 4143//4030
f 4139//4026 4143//4030 4145//4032
f 4132//4019 4147//4034 4133//4020
f 4141//4028 4140//4027 4148//4035
f 4141//4028 4148//4035 4149//4036
f 4149//4036 4148//4035 4150//4037
f 4149//4036 4150//4037 4151//4038
f 4152//4039 4153//4040 4154//4041
f 4154//4041 4153//4040 4155//4042
f 4154//4041 4155//4042 4132//4019
f 4132//4019 4155//4042 4147//4034
f 4151//4038 4150//4037 4152//4039
f 4151//4038 4152//4039 4154//4041
f 4140//4027 4156//4043 4157//4044
f 4140//4027 4157//4044 4148//4035
f 4148//4035 4157//4044 4158//4045
f 4148//4035 4158//4045 4150//4037
f 4150//4037 4158//4045 4159//4046
f 4150//4037 4159//4046 4152//4039
f 4152//4039 4159//4046 4160//4047
f 4152//4039 4160//4047 4153//4040
f 4153//4040 4160//4047 4161//4048
f 4153//4040 4161//4048 4155//4042
f 4155//4042 4161//4048 4162//4049
f 4155//4042 4162//4049 4147//4034
f 4147//4034 4162//4049 4163//4050
f 4147//4034 4163//4050 4133//4020
f 4130//4017 4133//4020 4164//4051
f 4130//4017 4164//4051 4165//4052
f 4130//4017 4165//4052 4136//4023
f 4136//4023 4165//4052 4166//4053
f 4136//4023 4166//4053 4138//4025
f 4138//4025 4166//4053 4167//4054
f 4138//4025 4167//4054 4143//4030
f 4143//4030 4167//4054 4168//4055
f 4143//4030 4168//4055 4144//4031
f 4144//4031 4168//4055 4169//4056
f 4144//4031 4169//4056 4146//4033
f 4146//4033 4169//4056 4170//4057
f 4146//4033 4170//4057 4134//4021
f 4134//4021 4170//4057 4171//4058
f 4134//4021 4171//4058 4142//4029
f 4140//4027 4142//4029 4156//4043
f 4172//4059 4131//4018 4173//4060
f 4173//4060 4131//4018 4137//4024
f 4173//4060 4137//4024 4139//4026
f 4173//4060 4139//4026 4174//4061
f 4174//4061 4139//4026 4145//4032
f 4174//4061 4145//4032 4175//4062
f 4175//4062 4145//4032 4135//4022
f 4175//4062 4135//4022 4176//4063
f 4176//4063 4135//4022 4141//4028
f 4176//4063 4141//4028 4177//4064
f 4177//4064 4141//4028 4149//4036
f 4177//4064 4149//4036 4151//4038
f 4177//4064 4151//4038 4178//4065
f 4178//4065 4151//4038 4154//4041
f 4178//4065 4154//4041 4179//4066
f 4179//4066 4154//4041 4132//4019
f 4179//4066 4132//4019 4172//4059
f 4172//4059 4132//4019 4131//4018
f 4177//4064 4178//4065 4159//4046
f 4179//4066 4161//4048 4178//4065
f 4178//4065 4161//4048 4160//4047
f 4178//4065 4160//4047 4159//4046
f 4175//4062 4169//4056 4174//4061
f 4174//4061 4169//4056 4168//4055
f 4177//4064 4157//4044 4176//4063
f 4177//4064 4159//4046 4158//4045
f 4177//4064 4158//4045 4157//4044
f 4179//4066 4162//4049 4161//4048
f 4179//4066 4163//4050 4162//4049
f 4174//4061 4168//4055 4167//4054
f 4174//4061 4167//4054 4173//4060
f 4173//4060 4165//4052 4172//4059
f 4173//4060 4167//4054 4166//4053
f 4173//4060 4166//4053 4165//4052
f 4175//4062 4170//4057 4169//4056
f 4175//4062 4171//4058 4170//4057
f 4157//4044 4156//4043 4176//4063
f 4176//4063 4156//4043 4142//4029
f 4176//4063 4142//4029 4175//4062
f 4175//4062 4142//4029 4171//4058
f 4165//4052 4164//4051 4172//4059
f 4172//4059 4164//4051 4133//4020
f 4172//4059 4133//4020 4179//4066
f 4179//4066 4133//4020 4163//4050
f 4194//4081 4180//4067 4181//4068
f 4181//4068 4180//4067 4182//4069
f 4181//4068 4182//4069 4183//4070
f 4183//4070 4182//4069 4184//4071
f 4183//4070 4184//4071 4185//4072
f 4185//4072 4184//4071 4186//4073
f 4185//4072 4186//4073 4187//4074
f 4187//4074 4186//4073 4190//4077
f 4187//4074 4190//4077 4191//4078
f 4191//4078 4190//4077 4192//4079
f 4189//4076 4188//4075 4192//4079
f 4192//4079 4188//4075 4191//4078
f 4188//4075 4189//4076 4193//4080
f 4188//4075 4193//4080 4194//4081
f 4194//4081 4193//4080 4195//4082
f 4194//4081 4195//4082 4180//4067
f 4196//4083 4197//4084 4195//4082
f 4195//4082 4197//4084 4198//4085
f 4195//4082 4198//4085 4180//4067
f 4180//4067 4198//4085 4199//4086
f 4180//4067 4199//4086 4182//4069
f 4182//4069 4199//4086 4200//4087
f 4182//4069 4200//4087 4201//4088
f 4182//4069 4201//4088 4184//4071
f 4184//4071 4201//4088 4202//4089
f 4184//4071 4202//4089 4203//4090
f 4184//4071 4203//4090 4186//4073
f 4186//4073 4203//4090 4204//4091
f 4186//4073 4204//4091 4190//4077
f 4190//4077 4204//4091 4205//4092
f 4190//4077 4205//4092 4192//4079
f 4192//4079 4205//4092 4189//4076
f 4189//4076 4205//4092 4206//4093
f 4189//4076 4206//4093 4193//4080
f 4193//4080 4206//4093 4196//4083
f 4193//4080 4196//4083 4195//4082
f 4198//4085 4194//4081 4181//4068
f 4198//4085 4181//4068 4199//4086
f 4199//4086 4181//4068 4200//4087
f 4181//4068 4183//4070 4200//4087
f 4200//4087 4183//4070 4201//4088
f 4201//4088 4183//4070 4202//4089
f 4187//4074 4203//4090 4185//4072
f 4185//4072 4203//4090 4202//4089
f 4185//4072 4202//4089 4183//4070
f 4203//4090 4187//4074 4204//4091
f 4204//4091 4187//4074 4191//4078
f 4204//4091 4191//4078 4205//4092
f 4205//4092 4191//4078 4206//4093
f 4191//4078 4188//4075 4206//4093
f 4206//4093 4188//4075 4196//4083
f 4196//4083 4188//4075 4197//4084
f 4194//4081 4198//4085 4197//4084
f 4194//4081 4197//4084 4188//4075
f 4207//4094 4218//4105 4208//4095
f 4208//4095 4218//4105 4209//4096
f 4208//4095 4209//4096 4210//4097
f 4211//4098 4214//4101 4209//4096
f 4209//4096 4214//4101 4210//4097
f 4211//4098 4212//4099 4213//4100
f 4213//4100 4214//4101 4211//4098
f 4213//4100 4212//4099 4215//4102
f 4215//4102 4212//4099 4216//4103
f 4215//4102 4216//4103 4217//4104
f 4217//4104 4216//4103 4218//4105
f 4217//4104 4218//4105 4207//4094
f 4219//4106 4207//4094 4208//4095
f 4208//4095 4210//4097 4219//4106
f 4219//4106 4214//4101 4213//4100
f 4210//4097 4214//4101 4219//4106
f 4219//4106 4215//4102 4217//4104
f 4213//4100 4215//4102 4219//4106
f 4217//4104 4207//4094 4219//4106
f 4218//4105 4216//4103 4209//4096
f 4212//4099 4211//4098 4209//4096
f 4212//4099 4209//4096 4216//4103
f 4222//4109 4221//4108 4220//4107
f 4223//4110 4224//4111 4225//4112
f 4225//4112 4224//4111 4226//4113
f 4225//4112 4226//4113 4222//4109
f 4222//4109 4226//4113 4221//4108
f 4227//4114 4228//4115 4223//4110
f 4223//4110 4228//4115 4224//4111
f 4227//4114 4223//4110 4229//4116
f 4229//4116 4223//4110 4225//4112
f 4229//4116 4225//4112 4220//4107
f 4220//4107 4225//4112 4222//4109
f 4224//4111 4228//4115 4226//4113
f 4226//4113 4228//4115 4230//4117
f 4226//4113 4230//4117 4221//4108
f 4228//4115 4227//4114 4229//4116
f 4228//4115 4229//4116 4230//4117
f 4230//4117 4229//4116 4220//4107
f 4230//4117 4220//4107 4221//4108
f 4231//4118 4232//4119 4233//4120
f 4233//4120 4232//4119 4234//4121
f 4235//4122 4236//4123 4237//4124
f 4237//4124 4236//4123 4238//4125
f 4237//4124 4238//4125 4231//4118
f 4231//4118 4238//4125 4232//4119
f 4235//4122 4239//4126 4236//4123
f 4231//4118 4233//4120 4237//4124
f 4237//4124 4233//4120 4240//4127
f 4237//4124 4240//4127 4235//4122
f 4234//4121 4232//4119 4241//4128
f 4241//4128 4232//4119 4238//4125
f 4241//4128 4238//4125 4239//4126
f 4239//4126 4238//4125 4236//4123
f 4239//4126 4235//4122 4240//4127
f 4239//4126 4240//4127 4241//4128
f 4241//4128 4240//4127 4233//4120
f 4241//4128 4233//4120 4234//4121
f 4242//4129 4243//4130 4244//4131
f 4244//4131 4243//4130 4245//4132
f 4246//4133 4247//4134 4248//4135
f 4248//4135 4247//4134 4249//4136
f 4248//4135 4249//4136 4242//4129
f 4242//4129 4249//4136 4243//4130
f 4250//4137 4251//4138 4246//4133
f 4246//4133 4251//4138 4247//4134
f 4242//4129 4244//4131 4248//4135
f 4244//4131 4252//4139 4248//4135
f 4248//4135 4252//4139 4246//4133
f 4246//4133 4252//4139 4250//4137
f 4249//4136 4247//4134 4251//4138
f 4251//4138 4253//4140 4249//4136
f 4249//4136 4253//4140 4243//4130
f 4243//4130 4253//4140 4245//4132
f 4250//4137 4252//4139 4251//4138
f 4251//4138 4252//4139 4253//4140
f 4253//4140 4252//4139 4244//4131
f 4253//4140 4244//4131 4245//4132
f 4256//4143 4255//4142 4254//4141
f 4257//4144 4258//4145 4259//4146
f 4259//4146 4258//4145 4260//4147
f 4259//4146 4260//4147 4256//4143
f 4256//4143 4260//4147 4255//4142
f 4261//4148 4262//4149 4257//4144
f 4257//4144 4262//4149 4258//4145
f 4261//4148 4257//4144 4263//4150
f 4263//4150 4257//4144 4259//4146
f 4263//4150 4259//4146 4254//4141
f 4254//4141 4259//4146 4256//4143
f 4258//4145 4262//4149 4260//4147
f 4260//4147 4262//4149 4264//4151
f 4260//4147 4264//4151 4255//4142
f 4262//4149 4261//4148 4263//4150
f 4262//4149 4263//4150 4264//4151
f 4264//4151 4263//4150 4254//4141
f 4264//4151 4254//4141 4255//4142
f 4265//4152 4266//4153 4267//4154
f 4267//4154 4266//4153 4268//4155
f 4269//4156 4270//4157 4271//4158
f 4271//4158 4270//4157 4272//4159
f 4271//4158 4272//4159 4265//4152
f 4265//4152 4272//4159 4266//4153
f 4269//4156 4273//4160 4270//4157
f 4265//4152 4267//4154 4271//4158
f 4271//4158 4267//4154 4274//4161
f 4271//4158 4274//4161 4269//4156
f 4268//4155 4266//4153 4275//4162
f 4275//4162 4266//4153 4272//4159
f 4275//4162 4272//4159 4273//4160
f 4273//4160 4272//4159 4270//4157
f 4273//4160 4269//4156 4274//4161
f 4273//4160 4274//4161 4275//4162
f 4275//4162 4274//4161 4267//4154
f 4275//4162 4267//4154 4268//4155
f 4286//4173 4276//4163 4277//4164
f 4277//4164 4276//4163 4278//4165
f 4278//4165 4276//4163 4279//4166
f 4278//4165 4279//4166 4280//4167
f 4281//4168 4280//4167 4282//4169
f 4282//4169 4280//4167 4279//4166
f 4280//4167 4281//4168 4283//4170
f 4283//4170 4281//4168 4284//4171
f 4284//4171 4281//4168 4285//4172
f 4284//4171 4285//4172 4286//4173
f 4276//4163 4286//4173 4287//4174
f 4287//4174 4286//4173 4285//4172
f 4277//4164 4278//4165 4288//4175
f 4278//4165 4280//4167 4288//4175
f 4286//4173 4277//4164 4288//4175
f 4283//4170 4284//4171 4288//4175
f 4284//4171 4286//4173 4288//4175
f 4280//4167 4283//4170 4288//4175
f 4287//4174 4281//4168 4282//4169
f 4279//4166 4276//4163 4282//4169
f 4282//4169 4276//4163 4287//4174
f 4287//4174 4285//4172 4281//4168
f 4299//4173 4289//4163 4290//4164
f 4290//4164 4289//4163 4291//4165
f 4291//4165 4289//4163 4292//4166
f 4291//4165 4292//4166 4293//4167
f 4294//4168 4293//4167 4295//4169
f 4295//4169 4293//4167 4292//4166
f 4293//4167 4294//4168 4296//4170
f 4296//4170 4294//4168 4297//4171
f 4297//4171 4294//4168 4298//4172
f 4297//4171 4298//4172 4299//4173
f 4289//4163 4299//4173 4300//4174
f 4300//4174 4299//4173 4298//4172
f 4290//4164 4291//4165 4301//4175
f 4291//4165 4293//4167 4301//4175
f 4299//4173 4290//4164 4301//4175
f 4296//4170 4297//4171 4301//4175
f 4297//4171 4299//4173 4301//4175
f 4293//4167 4296//4170 4301//4175
f 4300//4174 4294//4168 4295//4169
f 4300//4174 4298//4172 4294//4168
f 4292//4166 4289//4163 4295//4169
f 4295//4169 4289//4163 4300//4174
f 4302//4176 4303//4177 4304//4178
f 4304//4178 4303//4177 4305//4179
f 4306//4180 4307//4181 4308//4182
f 4308//4182 4307//4181 4309//4183
f 4308//4182 4309//4183 4302//4176
f 4302//4176 4309//4183 4303//4177
f 4310//4184 4311//4185 4306//4180
f 4306//4180 4311//4185 4307//4181
f 4310//4184 4306//4180 4312//4186
f 4312//4186 4306//4180 4308//4182
f 4312//4186 4308//4182 4304//4178
f 4304//4178 4308//4182 4302//4176
f 4307//4181 4311//4185 4309//4183
f 4309//4183 4311//4185 4313//4187
f 4309//4183 4313//4187 4303//4177
f 4303//4177 4313//4187 4305//4179
f 4311//4185 4310//4184 4312//4186
f 4311//4185 4312//4186 4313//4187
f 4313//4187 4312//4186 4304//4178
f 4313//4187 4304//4178 4305//4179
f 4314//4188 4315//4189 4316//4190
f 4316//4190 4315//4189 4317//4191
f 4316//4190 4317//4191 4318//4192
f 4318//4192 4317//4191 4319//4193
f 4318//4192 4319//4193 4320//4194
f 4320//4194 4319//4193 4321//4195
f 4320//4194 4321//4195 4322//4196
f 4322//4196 4321//4195 4323//4197
f 4322//4196 4323//4197 4324//4198
f 4324//4198 4323//4197 4325//4199
f 4324//4198 4325//4199 4314//4188
f 4314//4188 4325//4199 4315//4189
f 4326//4200 4316//4190 4318//4192
f 4314//4188 4316//4190 4326//4200
f 4318//4192 4320//4194 4326//4200
f 4326//4200 4322//4196 4324//4198
f 4320//4194 4322//4196 4326//4200
f 4324//4198 4314//4188 4326//4200
f 4319//4193 4317//4191 4321//4195
f 4325//4199 4323//4197 4315//4189
f 4315//4189 4323//4197 4321//4195
f 4315//4189 4321//4195 4317//4191
f 4327//4201 4328//4202 4329//4203
f 4329//4203 4328//4202 4330//4204
f 4329//4203 4330//4204 4331//4205
f 4331//4205 4330//4204 4332//4206
f 4331//4205 4332//4206 4333//4207
f 4331//4205 4333//4207 4334//4208
f 4334//4208 4333//4207 4335//4209
f 4334//4208 4335//4209 4336//4210
f 4336//4210 4335//4209 4337//4211
f 4336//4210 4337//4211 4338//4212
f 4338//4212 4337//4211 4327//4201
f 4338//4212 4327//4201 4329//4203
f 4331//4205 4339//4213 4329//4203
f 4329//4203 4339//4213 4340//4214
f 4329//4203 4340//4214 4341//4215
f 4329//4203 4341//4215 4338//4212
f 4338//4212 4341//4215 4342//4216
f 4338//4212 4342//4216 4336//4210
f 4339//4213 4331//4205 4343//4217
f 4343//4217 4331//4205 4334//4208
f 4343//4217 4334//4208 4344//4218
f 4344//4218 4334//4208 4336//4210
f 4344//4218 4336//4210 4342//4216
f 4339//4213 4343//4217 4346//4220
f 4339//4213 4346//4220 4347//4221
f 4339//4213 4347//4221 4340//4214
f 4347//4221 4348//4222 4340//4214
f 4340//4214 4348//4222 4341//4215
f 4341//4215 4349//4223 4342//4216
f 4344//4218 4345//4219 4343//4217
f 4352//4226 4353//4227 4354//4228
f 4352//4226 4354//4228 4355//4229
f 4355//4229 4354//4228 4356//4230
f 4355//4229 4356//4230 4357//4231
f 4357//4231 4356//4230 4351//4225
f 4357//4231 4351//4225 4350//4224
f 4358//4232 4353//4227 4352//4226
f 4352//4226 4359//4233 4358//4232
f 4358//4232 4359//4233 4360//4234
f 4360//4234 4362//4236 4361//4235
f 4362//4236 4350//4224 4361//4235
f 4335//4209 4362//4236 4337//4211
f 4337//4211 4362//4236 4360//4234
f 4333//4207 4350//4224 4335//4209
f 4335//4209 4350//4224 4362//4236
f 4355//4229 4357//4231 4332//4206
f 4332//4206 4357//4231 4333//4207
f 4333//4207 4357//4231 4350//4224
f 4332//4206 4330//4204 4355//4229
f 4355//4229 4330//4204 4352//4226
f 4352//4226 4330//4204 4328//4202
f 4352//4226 4328//4202 4359//4233
f 4359//4233 4328//4202 4327//4201
f 4359//4233 4327//4201 4360//4234
f 4360//4234 4327//4201 4337//4211
f 4363//4237 4360//4234 4361//4235
f 4364//4238 4361//4235 4350//4224
f 4364//4238 4350//4224 4351//4225
f 4365//4239 4351//4225 4356//4230
f 4358//4232 4360//4234 4363//4237
f 4363//4237 4366//4240 4358//4232
f 4358//4232 4366//4240 4353//4227
f 4365//4239 4356//4230 4354//4228
f 4363//4237 4349//4223 4366//4240
f 4366//4240 4349//4223 4341//4215
f 4366//4240 4341//4215 4353//4227
f 4353//4227 4341//4215 4348//4222
f 4353//4227 4348//4222 4354//4228
f 4354//4228 4348//4222 4347//4221
f 4354//4228 4347//4221 4365//4239
f 4365//4239 4347//4221 4346//4220
f 4365//4239 4346//4220 4351//4225
f 4351//4225 4346//4220 4364//4238
f 4364//4238 4346//4220 4343//4217
f 4364//4238 4343//4217 4345//4219
f 4364//4238 4345//4219 4361//4235
f 4361//4235 4345//4219 4344//4218
f 4361//4235 4344//4218 4363//4237
f 4363//4237 4344//4218 4342//4216
f 4363//4237 4342//4216 4349//4223
f 4367//4241 4368//4242 4369//4243
f 4369//4243 4368//4242 4370//4244
f 4369//4243 4370//4244 4371//4245
f 4371//4245 4370//4244 4372//4246
f 4371//4245 4372//4246 4373//4247
f 4373//4247 4372//4246 4374//4248
f 4373//4247 4374//4248 4375//4249
f 4375//4249 4374//4248 4376//4250
f 4375//4249 4376//4250 4377//4251
f 4377//4251 4376//4250 4378//4252
f 4377//4251 4378//4252 4367//4241
f 4367//4241 4378//4252 4368//4242
f 4373//4247 4379//4253 4371//4245
f 4371//4245 4379//4253 4380//4254
f 4371//4245 4380//4254 4369//4243
f 4369//4243 4380//4254 4381//4255
f 4369//4243 4381//4255 4382//4256
f 4369//4243 4382//4256 4367//4241
f 4379//4253 4373//4247 4375//4249
f 4379//4253 4375//4249 4383//4257
f 4383//4257 4375//4249 4377//4251
f 4383//4257 4377//4251 4384//4258
f 4384//4258 4377//4251 4367//4241
f 4384//4258 4367//4241 4382//4256
f 4380//4254 4379//4253 4385//4259
f 4385//4259 4379//4253 4386//4260
f 4386//4260 4379//4253 4383//4257
f 4386//4260 4383//4257 4384//4258
f 4387//4261 4384//4258 4382//4256
f 4387//4261 4382//4256 4388//4262
f 4388//4262 4382//4256 4381//4255
f 4389//4263 4380//4254 4385//4259
f 4390//4264 4391//4265 4392//4266
f 4392//4266 4391//4265 4393//4267
f 4392//4266 4393//4267 4394//4268
f 4394//4268 4393//4267 4395//4269
f 4395//4269 4396//4270 4397//4271
f 4397//4271 4396//4270 4398//4272
f 4398//4272 4396//4270 4399//4273
f 4391//4265 4390//4264 4400//4274
f 4391//4265 4400//4274 4401//4275
f 4401//4275 4400//4274 4402//4276
f 4401//4275 4402//4276 4403//4277
f 4401//4275 4403//4277 4404//4278
f 4404//4278 4403//4277 4398//4272
f 4404//4278 4398//4272 4399//4273
f 4405//4279 4374//4248 4401//4275
f 4401//4275 4374//4248 4391//4265
f 4391//4265 4374//4248 4372//4246
f 4391//4265 4372//4246 4393//4267
f 4372//4246 4370//4244 4393//4267
f 4406//4280 4395//4269 4370//4244
f 4370//4244 4395//4269 4393//4267
f 4395//4269 4406//4280 4396//4270
f 4396//4270 4406//4280 4407//4281
f 4408//4282 4399//4273 4407//4281
f 4407//4281 4399//4273 4396//4270
f 4401//4275 4404//4278 4405//4279
f 4405//4279 4404//4278 4408//4282
f 4408//4282 4404//4278 4399//4273
f 4370//4244 4368//4242 4406//4280
f 4405//4279 4376//4250 4374//4248
f 4406//4280 4368//4242 4407//4281
f 4407//4281 4368//4242 4378//4252
f 4407//4281 4378//4252 4408//4282
f 4408//4282 4378//4252 4376//4250
f 4408//4282 4376//4250 4405//4279
f 4409//4283 4394//4268 4395//4269
f 4403//4277 4410//4284 4398//4272
f 4410//4284 4411//4285 4398//4272
f 4398//4272 4411//4285 4397//4271
f 4409//4283 4395//4269 4397//4271
f 4403//4277 4386//4260 4410//4284
f 4410//4284 4386//4260 4384//4258
f 4410//4284 4384//4258 4411//4285
f 4411//4285 4384//4258 4387//4261
f 4411//4285 4387//4261 4397//4271
f 4397//4271 4387//4261 4409//4283
f 4409//4283 4387//4261 4388//4262
f 4409//4283 4388//4262 4394//4268
f 4394//4268 4388//4262 4381//4255
f 4394//4268 4381//4255 4392//4266
f 4392//4266 4381//4255 4380//4254
f 4392//4266 4380//4254 4390//4264
f 4390//4264 4380//4254 4389//4263
f 4390//4264 4389//4263 4400//4274
f 4400//4274 4389//4263 4385//4259
f 4400//4274 4385//4259 4402//4276
f 4402//4276 4385//4259 4403//4277
f 4403//4277 4385//4259 4386//4260
f 4412//4286 4413//4287 4414//4288
f 4414//4288 4413//4287 4415//4289
f 4415//4289 4413//4287 4416//4290
f 4415//4289 4416//4290 4417//4291
f 4417//4291 4416//4290 4418//4292
f 4417//4291 4418//4292 4419//4293
f 4419//4293 4418//4292 4420//4294
f 4419//4293 4420//4294 4421//4295
f 4421//4295 4420//4294 4422//4296
f 4421//4295 4422//4296 4423//4297
f 4423//4297 4422//4296 4412//4286
f 4423//4297 4412//4286 4414//4288
f 4417//4291 4424//4298 4425//4299
f 4417//4291 4425//4299 4415//4289
f 4415//4289 4425//4299 4426//4300
f 4415//4289 4426//4300 4414//4288
f 4414//4288 4426//4300 4427//4301
f 4414//4288 4427//4301 4429//4303
f 4414//4288 4429//4303 4423//4297
f 4424//4298 4417//4291 4419//4293
f 4424//4298 4419//4293 4428//4302
f 4428//4302 4419//4293 4421//4295
f 4428//4302 4421//4295 4429//4303
f 4429//4303 4421//4295 4423//4297
f 4429//4303 4427//4301 4430//4304
f 4429//4303 4430//4304 4428//4302
f 4428//4302 4431//4305 4424//4298
f 4424//4298 4431//4305 4432//4306
f 4424//4298 4432//4306 4433//4307
f 4424//4298 4433//4307 4425//4299
f 4425//4299 4433//4307 4434//4308
f 4425//4299 4434//4308 4426//4300
f 4426//4300 4434//4308 4435//4309
f 4426//4300 4435//4309 4427//4301
f 4436//4310 4437//4265 4438//4311
f 4438//4311 4437//4265 4439//4267
f 4438//4311 4439//4267 4440//4312
f 4440//4312 4439//4267 4441//4269
f 4441//4269 4442//4270 4443//4271
f 4443//4271 4442//4270 4444//4272
f 4444//4272 4442//4270 4445//4273
f 4437//4265 4436//4310 4446//4313
f 4437//4265 4446//4313 4447//4275
f 4447//4275 4446//4313 4448//4314
f 4447//4275 4448//4314 4449//4315
f 4447//4275 4449//4315 4450//4316
f 4450//4316 4449//4315 4444//4272
f 4450//4316 4444//4272 4445//4273
f 4451//4317 4412//4286 4447//4275
f 4447//4275 4412//4286 4437//4265
f 4437//4265 4412//4286 4422//4296
f 4437//4265 4422//4296 4439//4267
f 4422//4296 4420//4294 4439//4267
f 4452//4280 4441//4269 4420//4294
f 4420//4294 4441//4269 4439//4267
f 4441//4269 4452//4280 4442//4270
f 4442//4270 4452//4280 4453//4281
f 4454//4318 4445//4273 4453//4281
f 4453//4281 4445//4273 4442//4270
f 4447//4275 4450//4316 4451//4317
f 4451//4317 4450//4316 4454//4318
f 4454//4318 4450//4316 4445//4273
f 4420//4294 4418//4292 4452//4280
f 4451//4317 4413//4287 4412//4286
f 4452//4280 4418//4292 4453//4281
f 4453//4281 4418//4292 4416//4290
f 4453//4281 4416//4290 4454//4318
f 4454//4318 4416//4290 4413//4287
f 4454//4318 4413//4287 4451//4317
f 4432//4306 4455//4283 4433//4307
f 4433//4307 4455//4283 4443//4271
f 4433//4307 4443//4271 4456//4319
f 4433//4307 4456//4319 4434//4308
f 4434//4308 4456//4319 4457//4320
f 4434//4308 4457//4320 4435//4309
f 4435//4309 4457//4320 4449//4315
f 4455//4283 4432//4306 4440//4312
f 4440//4312 4432//4306 4431//4305
f 4440//4312 4431//4305 4438//4311
f 4438//4311 4431//4305 4428//4302
f 4438//4311 4428//4302 4436//4310
f 4436//4310 4428//4302 4430//4304
f 4436//4310 4430//4304 4446//4313
f 4446//4313 4430//4304 4448//4314
f 4448//4314 4430//4304 4427//4301
f 4448//4314 4427//4301 4449//4315
f 4449//4315 4427//4301 4435//4309
f 4455//4283 4440//4312 4441//4269
f 4449//4315 4457//4320 4444//4272
f 4457//4320 4456//4319 4444//4272
f 4444//4272 4456//4319 4443//4271
f 4455//4283 4441//4269 4443//4271
f 4459//4322 4458//4321 4460//4323
f 4459//4322 4460//4323 4461//4324
f 4461//4324 4460//4323 4462//4325
f 4461//4324 4462//4325 4463//4326
f 4463//4326 4462//4325 4464//4327
f 4463//4326 4464//4327 4465//4328
f 4465//4328 4464//4327 4466//4329
f 4465//4328 4466//4329 4467//4330
f 4467//4330 4466//4329 4468//4331
f 4467//4330 4468//4331 4459//4322
f 4459//4322 4468//4331 4458//4321
f 4467//4330 4469//4332 4470//4333
f 4467//4330 4470//4333 4465//4328
f 4465//4328 4470//4333 4471//4334
f 4465//4328 4471//4334 4472//4335
f 4465//4328 4472//4335 4463//4326
f 4463//4326 4472//4335 4473//4336
f 4463//4326 4473//4336 4461//4324
f 4469//4332 4467//4330 4474//4337
f 4474//4337 4467//4330 4459//4322
f 4474//4337 4459//4322 4475//4338
f 4475//4338 4459//4322 4461//4324
f 4475//4338 4461//4324 4473//4336
f 4473//4336 4476//4339 4475//4338
f 4475//4338 4476//4339 4477//4340
f 4475//4338 4477//4340 4474//4337
f 4469//4332 4474//4337 4478//4341
f 4471//4334 4479//4342 4472//4335
f 4472//4335 4479//4342 4480//4343
f 4472//4335 4480//4343 4473//4336
f 4473//4336 4480//4343 4476//4339
f 4481//4344 4482//4345 4483//4346
f 4482//4345 4484//4347 4483//4346
f 4483//4346 4484//4347 4485//4348
f 4485//4348 4486//4349 4487//4350
f 4487//4350 4486//4349 4488//4351
f 4488//4351 4489//4352 4490//4353
f 4489//4352 4491//4354 4490//4353
f 4490//4353 4491//4354 4492//4355
f 4491//4354 4493//4356 4492//4355
f 4492//4355 4493//4356 4481//4344
f 4482//4345 4481//4344 4493//4356
f 4491//4354 4494//4357 4493//4356
f 4493//4356 4494//4357 4458//4321
f 4468//4331 4482//4345 4458//4321
f 4458//4321 4482//4345 4493//4356
f 4466//4329 4482//4345 4468//4331
f 4485//4348 4484//4347 4495//4358
f 4495//4358 4484//4347 4466//4329
f 4466//4329 4484//4347 4482//4345
f 4485//4348 4495//4358 4486//4349
f 4486//4349 4495//4358 4462//4325
f 4496//4359 4488//4351 4462//4325
f 4462//4325 4488//4351 4486//4349
f 4496//4359 4489//4352 4488//4351
f 4494//4357 4491//4354 4489//4352
f 4494//4357 4489//4352 4496//4359
f 4495//4358 4466//4329 4464//4327
f 4495//4358 4464//4327 4462//4325
f 4496//4359 4462//4325 4460//4323
f 4496//4359 4460//4323 4494//4357
f 4494//4357 4460//4323 4458//4321
f 4497//4360 4490//4353 4498//4361
f 4498//4361 4490//4353 4492//4355
f 4498//4361 4492//4355 4481//4344
f 4499//4362 4481//4344 4483//4346
f 4499//4362 4483//4346 4500//4363
f 4500//4363 4483//4346 4485//4348
f 4490//4353 4497//4360 4488//4351
f 4497//4360 4501//4364 4488//4351
f 4488//4351 4501//4364 4487//4350
f 4487//4350 4501//4364 4502//4365
f 4487//4350 4502//4365 4485//4348
f 4500//4363 4485//4348 4502//4365
f 4497//4360 4477//4340 4501//4364
f 4501//4364 4477//4340 4476//4339
f 4501//4364 4476//4339 4480//4343
f 4501//4364 4480//4343 4502//4365
f 4502//4365 4480//4343 4500//4363
f 4500//4363 4480//4343 4479//4342
f 4500//4363 4479//4342 4499//4362
f 4499//4362 4479//4342 4471//4334
f 4499//4362 4471//4334 4470//4333
f 4499//4362 4470//4333 4481//4344
f 4481//4344 4470//4333 4469//4332
f 4481//4344 4469//4332 4498//4361
f 4498//4361 4469//4332 4478//4341
f 4498//4361 4478//4341 4474//4337
f 4498//4361 4474//4337 4497//4360
f 4497//4360 4474//4337 4477//4340
f 4503//4366 4504//4367 4505//4368
f 4505//4368 4504//4367 4506//4369
f 4505//4368 4506//4369 4507//4370
f 4507//4370 4506//4369 4508//4371
f 4506//4369 4509//4372 4508//4371
f 4508//4371 4509//4372 4510//4373
f 4510//4373 4509//4372 4511//4374
f 4510//4373 4511//4374 4512//4375
f 4512//4375 4511//4374 4513//4376
f 4512//4375 4513//4376 4514//4377
f 4514//4377 4513//4376 4515//4378
f 4514//4377 4515//4378 4503//4366
f 4503//4366 4515//4378 4504//4367
f 4516//4379 4517//4380 4518//4381
f 4516//4379 4518//4381 4519//4382
f 4519//4382 4518//4381 4520//4383
f 4519//4382 4520//4383 4521//4384
f 4519//4382 4521//4384 4522//4385
f 4523//4386 4522//4385 4524//4387
f 4523//4386 4524//4387 4525//4388
f 4523//4386 4525//4388 4526//4389
f 4526//4389 4525//4388 4527//4390
f 4526//4389 4527//4390 4528//4391
f 4526//4389 4528//4391 4529//4392
f 4530//4393 4529//4392 4531//4394
f 4530//4393 4531//4394 4532//4395
f 4530//4393 4532//4395 4516//4379
f 4516//4379 4532//4395 4517//4380
f 4523//4386 4503//4366 4533//4396
f 4523//4386 4533//4396 4522//4385
f 4522//4385 4533//4396 4519//4382
f 4519//4382 4533//4396 4507//4370
f 4519//4382 4507//4370 4508//4371
f 4519//4382 4508//4371 4516//4379
f 4516//4379 4508//4371 4510//4373
f 4516//4379 4510//4373 4530//4393
f 4530//4393 4510//4373 4512//4375
f 4530//4393 4512//4375 4529//4392
f 4529//4392 4512//4375 4514//4377
f 4529//4392 4514//4377 4526//4389
f 4526//4389 4514//4377 4503//4366
f 4526//4389 4503//4366 4523//4386
f 4503//4366 4505//4368 4533//4396
f 4533//4396 4505//4368 4507//4370
f 4525//4388 4534//4397 4527//4390
f 4527//4390 4534//4397 4535//4398
f 4527//4390 4535//4398 4528//4391
f 4528//4391 4535//4398 4529//4392
f 4529//4392 4535//4398 4536//4399
f 4529//4392 4536//4399 4531//4394
f 4531//4394 4536//4399 4537//4400
f 4531//4394 4537//4400 4532//4395
f 4532//4395 4537//4400 4538//4401
f 4532//4395 4538//4401 4517//4380
f 4517//4380 4538//4401 4539//4402
f 4517//4380 4539//4402 4518//4381
f 4518//4381 4539//4402 4540//4403
f 4518//4381 4540//4403 4520//4383
f 4520//4383 4540//4403 4521//4384
f 4521//4384 4540//4403 4541//4404
f 4521//4384 4541//4404 4522//4385
f 4522//4385 4541//4404 4542//4405
f 4522//4385 4542//4405 4524//4387
f 4524//4387 4542//4405 4543//4406
f 4524//4387 4543//4406 4525//4388
f 4525//4388 4543//4406 4534//4397
f 4515//4378 4544//4407 4504//4367
f 4504//4367 4544//4407 4543//4406
f 4504//4367 4543//4406 4506//4369
f 4506//4369 4543//4406 4542//4405
f 4506//4369 4542//4405 4545//4408
f 4506//4369 4545//4408 4509//4372
f 4544//4407 4515//4378 4513//4376
f 4544//4407 4513//4376 4536//4399
f 4536//4399 4513//4376 4538//4401
f 4538//4401 4513//4376 4511//4374
f 4538//4401 4511//4374 4539//4402
f 4539//4402 4511//4374 4509//4372
f 4539//4402 4509//4372 4545//4408
f 4540//4403 4545//4408 4541//4404
f 4541//4404 4545//4408 4542//4405
f 4534//4397 4543//4406 4535//4398
f 4543//4406 4544//4407 4535//4398
f 4535//4398 4544//4407 4536//4399
f 4537//4400 4536//4399 4538//4401
f 4540//4403 4539//4402 4545//4408
f 4546//4409 4547//4410 4548//4411
f 4548//4411 4547//4410 4549//4412
f 4548//4411 4549//4412 4550//4413
f 4550//4413 4549//4412 4551//4414
f 4550//4413 4551//4414 4552//4415
f 4552//4415 4551//4414 4553//4416
f 4552//4415 4553//4416 4554//4417
f 4554//4417 4553//4416 4555//4418
f 4555//4418 4553//4416 4556//4419
f 4555//4418 4556//4419 4546//4409
f 4546//4409 4556//4419 4547//4410
f 4546//4409 4548//4411 4557//4420
f 4557//4420 4550//4413 4552//4415
f 4548//4411 4550//4413 4557//4420
f 4557//4420 4554//4417 4555//4418
f 4552//4415 4554//4417 4557//4420
f 4555//4418 4546//4409 4557//4420
f 4547//4410 4553//4416 4551//4414
f 4547//4410 4551//4414 4549//4412
f 4556//4419 4553//4416 4547//4410
f 4558//4421 4559//4422 4560//4423
f 4561//4424 4562//4425 4563//4426
f 4563//4426 4562//4425 4564//4427
f 4563//4426 4564//4427 4558//4421
f 4558//4421 4564//4427 4559//4422
f 4565//4428 4566//4429 4561//4424
f 4561//4424 4566//4429 4562//4425
f 4558//4421 4560//4423 4563//4426
f 4560//4423 4567//4430 4563//4426
f 4563//4426 4567//4430 4565//4428
f 4563//4426 4565//4428 4561//4424
f 4564//4427 4562//4425 4566//4429
f 4564//4427 4566//4429 4568//4431
f 4564//4427 4568//4431 4559//4422
f 4566//4429 4565//4428 4567//4430
f 4566//4429 4567//4430 4568//4431
f 4568//4431 4567//4430 4560//4423
f 4568//4431 4560//4423 4559//4422
f 4569//4432 4570//4433 4571//4434
f 4571//4434 4570//4433 4572//4435
f 4572//4435 4570//4433 4573//4436
f 4572//4435 4573//4436 4574//4437
f 4574//4437 4573//4436 4575//4438
f 4574//4437 4575//4438 4576//4439
f 4574//4437 4576//4439 4577//4440
f 4577//4440 4576//4439 4578//4441
f 4577//4440 4578//4441 4579//4442
f 4579//4442 4578//4441 4569//4432
f 4579//4442 4569//4432 4571//4434
f 4581//4444 4580//4443 4582//4445
f 4586//4449 4585//4448 4584//4447
f 4586//4449 4584//4447 4583//4446
f 4585//4448 4587//4450 4588//4451
f 4588//4451 4587//4450 4589//4452
f 4580//4443 4576//4439 4582//4445
f 4582//4445 4576//4439 4575//4438
f 4592//4455 4583//4446 4575//4438
f 4575//4438 4583//4446 4582//4445
f 4585//4448 4586//4449 4591//4454
f 4591//4454 4586//4449 4592//4455
f 4592//4455 4586//4449 4583//4446
f 4593//4456 4576//4439 4580//4443
f 4585//4448 4591//4454 4587//4450
f 4587//4450 4591//4454 4569//4432
f 4578//4441 4589//4452 4569//4432
f 4569//4432 4589//4452 4587//4450
f 4593//4456 4580//4443 4590//4453
f 4593//4456 4590//4453 4578//4441
f 4578//4441 4590//4453 4589//4452
f 4575//4438 4573//4436 4592//4455
f 4592//4455 4573//4436 4570//4433
f 4592//4455 4570//4433 4591//4454
f 4591//4454 4570//4433 4569//4432
f 4593//4456 4578//4441 4576//4439
f 4602//4465 4583//4446 4584//4447
f 4602//4465 4584//4447 4603//4466
f 4603//4466 4584//4447 4585//4448
f 4580//4443 4604//4467 4590//4453
f 4590//4453 4604//4467 4589//4452
f 4604//4467 4605//4468 4589//4452
f 4589//4452 4605//4468 4588//4451
f 4603//4466 4585//4448 4588//4451
f 4580//4443 4598//4461 4604//4467
f 4604//4467 4598//4461 4597//4460
f 4604//4467 4597//4460 4605//4468
f 4605//4468 4597//4460 4596//4459
f 4605//4468 4596//4459 4588//4451
f 4588//4451 4596//4459 4594//4457
f 4588//4451 4594//4457 4603//4466
f 4603//4466 4594//4457 4595//4458
f 4603//4466 4595//4458 4602//4465
f 4602//4465 4595//4458 4599//4462
f 4602//4465 4599//4462 4583//4446
f 4583//4446 4599//4462 4600//4463
f 4583//4446 4600//4463 4582//4445
f 4582//4445 4600//4463 4601//4464
f 4582//4445 4601//4464 4581//4444
f 4581//4444 4601//4464 4580//4443
f 4580//4443 4601//4464 4598//4461
f 4579//4442 4606//4469 4597//4460
f 4579//4442 4597//4460 4577//4440
f 4577//4440 4597//4460 4607//4470
f 4577//4440 4607//4470 4608//4471
f 4577//4440 4608//4471 4574//4437
f 4574//4437 4608//4471 4600//4463
f 4574//4437 4600//4463 4572//4435
f 4606//4469 4579//4442 4609//4472
f 4609//4472 4579//4442 4571//4434
f 4609//4472 4571//4434 4599//4462
f 4599//4462 4571//4434 4572//4435
f 4599//4462 4572//4435 4600//4463
f 4606//4469 4596//4459 4597//4460
f 4607//4470 4597//4460 4598//4461
f 4607//4470 4598//4461 4608//4471
f 4608//4471 4598//4461 4601//4464
f 4608//4471 4601//4464 4600//4463
f 4599//4462 4595//4458 4609//4472
f 4609//4472 4595//4458 4594//4457
f 4609//4472 4594//4457 4606//4469
f 4606//4469 4594//4457 4596//4459
f 4610//4473 4611//4474 4612//4475
f 4612//4475 4611//4474 4613//4476
f 4612//4475 4613//4476 4614//4477
f 4614//4477 4613//4476 4615//4478
f 4614//4477 4615//4478 4616//4479
f 4616//4479 4615//4478 4617//4480
f 4616//4479 4617//4480 4618//4481
f 4618//4481 4617//4480 4619//4482
f 4618//4481 4619//4482 4620//4483
f 4620//4483 4619//4482 4621//4484
f 4620//4483 4621//4484 4610//4473
f 4610//4473 4621//4484 4611//4474
f 4610//4473 4612//4475 4622//4485
f 4622//4485 4614//4477 4616//4479
f 4612//4475 4614//4477 4622//4485
f 4622//4485 4618//4481 4620//4483
f 4616//4479 4618//4481 4622//4485
f 4620//4483 4610//4473 4622//4485
f 4621//4484 4619//4482 4613//4476
f 4611//4474 4621//4484 4613//4476
f 4617//4480 4615//4478 4613//4476
f 4617//4480 4613//4476 4619//4482
f 4624//4487 4623//4486 4625//4488
f 4625//4488 4626//4489 4627//4490
f 4627//4490 4626//4489 4628//4491
f 4627//4490 4628//4491 4629//4492
f 4629//4492 4628//4491 4630//4493
f 4630//4493 4628//4491 4631//4494
f 4630//4493 4631//4494 4632//4495
f 4630//4493 4632//4495 4633//4496
f 4633//4496 4632//4495 4623//4486
f 4633//4496 4623//4486 4624//4487
f 4634//4497 4635//4498 4636//4499
f 4636//4499 4635//4498 4637//4500
f 4640//4503 4641//4504 4642//4505
f 4642//4505 4641//4504 4639//4502
f 4642//4505 4639//4502 4638//4501
f 4641//4504 4640//4503 4643//4506
f 4640//4503 4644//4507 4643//4506
f 4643//4506 4644//4507 4645//4508
f 4645//4508 4644//4507 4646//4509
f 4645//4508 4646//4509 4634//4497
f 4635//4498 4634//4497 4646//4509
f 4635//4498 4647//4510 4637//4500
f 4637//4500 4647//4510 4625//4488
f 4648//4511 4638//4501 4625//4488
f 4625//4488 4638//4501 4637//4500
f 4640//4503 4642//4505 4632//4495
f 4632//4495 4642//4505 4648//4511
f 4648//4511 4642//4505 4638//4501
f 4640//4503 4632//4495 4649//4512
f 4640//4503 4649//4512 4644//4507
f 4644//4507 4649//4512 4650//4513
f 4644//4507 4650//4513 4646//4509
f 4646//4509 4650//4513 4635//4498
f 4635//4498 4650//4513 4647//4510
f 4647//4510 4626//4489 4625//4488
f 4625//4488 4623//4486 4648//4511
f 4648//4511 4623//4486 4632//4495
f 4626//4489 4647//4510 4628//4491
f 4647//4510 4650//4513 4628//4491
f 4628//4491 4650//4513 4649//4512
f 4628//4491 4649//4512 4631//4494
f 4649//4512 4632//4495 4631//4494
f 4659//4522 4634//4497 4636//4499
f 4660//4523 4637//4500 4638//4501
f 4660//4523 4638//4501 4639//4502
f 4661//4524 4639//4502 4641//4504
f 4634//4497 4659//4522 4645//4508
f 4659//4522 4662//4525 4645//4508
f 4645//4508 4662//4525 4643//4506
f 4643//4506 4662//4525 4663//4526
f 4643//4506 4663//4526 4641//4504
f 4661//4524 4641//4504 4663//4526
f 4659//4522 4654//4517 4662//4525
f 4662//4525 4654//4517 4653//4516
f 4662//4525 4653//4516 4652//4515
f 4662//4525 4652//4515 4663//4526
f 4663//4526 4652//4515 4661//4524
f 4661//4524 4652//4515 4651//4514
f 4661//4524 4651//4514 4639//4502
f 4639//4502 4651//4514 4655//4518
f 4639//4502 4655//4518 4660//4523
f 4660//4523 4655//4518 4656//4519
f 4660//4523 4656//4519 4637//4500
f 4637//4500 4656//4519 4657//4520
f 4637//4500 4657//4520 4636//4499
f 4636//4499 4657//4520 4658//4521
f 4636//4499 4658//4521 4659//4522
f 4659//4522 4658//4521 4654//4517
f 4627//4490 4664//4527 4658//4521
f 4627//4490 4658//4521 4625//4488
f 4625//4488 4658//4521 4657//4520
f 4625//4488 4657//4520 4624//4487
f 4624//4487 4657//4520 4655//4518
f 4624//4487 4655//4518 4633//4496
f 4633//4496 4655//4518 4665//4528
f 4633//4496 4665//4528 4630//4493
f 4664//4527 4627//4490 4666//4529
f 4666//4529 4627//4490 4629//4492
f 4666//4529 4629//4492 4667//4530
f 4667//4530 4629//4492 4630//4493
f 4667//4530 4630//4493 4665//4528
f 4665//4528 4651//4514 4667//4530
f 4667//4530 4651//4514 4652//4515
f 4667//4530 4652//4515 4666//4529
f 4666//4529 4652//4515 4653//4516
f 4666//4529 4653//4516 4664//4527
f 4664//4527 4653//4516 4654//4517
f 4664//4527 4654//4517 4658//4521
f 4657//4520 4656//4519 4655//4518
f 4665//4528 4655//4518 4651//4514
f 4668//4531 4679//4540 4669//4532
f 4669//4532 4679//4540 4670//4533
f 4669//4532 4670//4533 4671//4097
f 4672//4534 4675//4101 4670//4533
f 4670//4533 4675//4101 4671//4097
f 4672//4534 4673//4535 4674//4536
f 4674//4536 4675//4101 4672//4534
f 4674//4536 4673//4535 4676//4537
f 4676//4537 4673//4535 4677//4538
f 4676//4537 4677//4538 4678//4539
f 4678//4539 4677//4538 4679//4540
f 4678//4539 4679//4540 4668//4531
f 4680//4541 4668//4531 4669//4532
f 4669//4532 4671//4097 4680//4541
f 4680//4541 4675//4101 4674//4536
f 4671//4097 4675//4101 4680//4541
f 4680//4541 4676//4537 4678//4539
f 4674//4536 4676//4537 4680//4541
f 4678//4539 4668//4531 4680//4541
f 4672//4534 4670//4533 4679//4540
f 4679//4540 4677//4538 4673//4535
f 4679//4540 4673//4535 4672//4534
f 4681//4542 4682//4543 4683//4544
f 4683//4544 4682//4543 4684//4545
f 4683//4544 4684//4545 4685//4546
f 4685//4546 4684//4545 4686//4547
f 4684//4545 4687//4548 4686//4547
f 4686//4547 4687//4548 4688//4549
f 4688//4549 4687//4548 4689//4550
f 4688//4549 4689//4550 4690//4551
f 4690//4551 4689//4550 4691//4552
f 4690//4551 4691//4552 4692//4553
f 4692//4553 4691//4552 4693//4554
f 4692//4553 4693//4554 4681//4542
f 4681//4542 4693//4554 4682//4543
f 4694//4555 4695//4556 4696//4557
f 4696//4557 4695//4556 4697//4558
f 4696//4557 4697//4558 4698//4559
f 4696//4557 4698//4559 4699//4560
f 4700//4561 4699//4560 4701//4562
f 4700//4561 4701//4562 4702//4563
f 4700//4561 4702//4563 4703//4564
f 4703//4564 4702//4563 4704//4565
f 4703//4564 4704//4565 4705//4566
f 4703//4564 4705//4566 4706//4567
f 4706//4567 4705//4566 4707//4568
f 4706//4567 4707//4568 4708//4569
f 4706//4567 4708//4569 4709//4570
f 4694//4555 4709//4570 4710//4571
f 4694//4555 4710//4571 4695//4556
f 4703//4564 4688//4549 4700//4561
f 4700//4561 4688//4549 4690//4551
f 4700//4561 4690//4551 4699//4560
f 4699//4560 4690//4551 4692//4553
f 4699//4560 4692//4553 4696//4557
f 4696//4557 4692//4553 4681//4542
f 4696//4557 4681//4542 4694//4555
f 4694//4555 4681//4542 4711//4572
f 4694//4555 4711//4572 4709//4570
f 4709//4570 4711//4572 4706//4567
f 4706//4567 4711//4572 4685//4546
f 4706//4567 4685//4546 4686//4547
f 4706//4567 4686//4547 4703//4564
f 4703//4564 4686//4547 4688//4549
f 4681//4542 4683//4544 4711//4572
f 4711//4572 4683//4544 4685//4546
f 4704//4565 4712//4573 4705//4566
f 4705//4566 4712//4573 4713//4574
f 4705//4566 4713//4574 4707//4568
f 4707//4568 4713//4574 4708//4569
f 4708//4569 4713//4574 4714//4575
f 4708//4569 4714//4575 4709//4570
f 4709//4570 4714//4575 4715//4576
f 4709//4570 4715//4576 4710//4571
f 4710//4571 4715//4576 4716//4577
f 4710//4571 4716//4577 4695//4556
f 4695//4556 4716//4577 4717//4578
f 4695//4556 4717//4578 4697//4558
f 4697//4558 4717//4578 4718//4579
f 4697//4558 4718//4579 4698//4559
f 4698//4559 4718//4579 4699//4560
f 4699//4560 4718//4579 4719//4580
f 4699//4560 4719//4580 4701//4562
f 4701//4562 4719//4580 4720//4581
f 4701//4562 4720//4581 4702//4563
f 4702//4563 4720//4581 4721//4582
f 4702//4563 4721//4582 4704//4565
f 4704//4565 4721//4582 4712//4573
f 4693//4554 4722//4583 4682//4543
f 4682//4543 4722//4583 4716//4577
f 4682//4543 4716//4577 4684//4545
f 4684//4545 4716//4577 4715//4576
f 4684//4545 4715//4576 4723//4584
f 4684//4545 4723//4584 4687//4548
f 4722//4583 4693//4554 4691//4552
f 4722//4583 4691//4552 4719//4580
f 4719//4580 4691//4552 4721//4582
f 4721//4582 4691//4552 4689//4550
f 4721//4582 4689//4550 4712//4573
f 4712//4573 4689//4550 4687//4548
f 4712//4573 4687//4548 4723//4584
f 4713//4574 4723//4584 4714//4575
f 4714//4575 4723//4584 4715//4576
f 4717//4578 4716//4577 4718//4579
f 4716//4577 4722//4583 4718//4579
f 4718//4579 4722//4583 4719//4580
f 4720//4581 4719//4580 4721//4582
f 4713//4574 4712//4573 4723//4584
f 4724//4409 4725//4410 4726//4411
f 4726//4411 4725//4410 4727//4412
f 4726//4411 4727//4412 4728//4413
f 4728//4413 4727//4412 4729//4414
f 4728//4413 4729//4414 4730//4415
f 4730//4415 4729//4414 4731//4416
f 4730//4415 4731//4416 4732//4417
f 4732//4417 4731//4416 4733//4418
f 4733//4418 4731//4416 4734//4585
f 4733//4418 4734//4585 4724//4409
f 4724//4409 4734//4585 4725//4410
f 4724//4409 4726//4411 4735//4420
f 4735//4420 4728//4413 4730//4415
f 4726//4411 4728//4413 4735//4420
f 4735//4420 4732//4417 4733//4418
f 4730//4415 4732//4417 4735//4420
f 4733//4418 4724//4409 4735//4420
f 4725//4410 4731//4416 4729//4414
f 4725//4410 4729//4414 4727//4412
f 4734//4585 4731//4416 4725//4410
f 4736//4586 4737//4587 4738//4588
f 4736//4586 4738//4588 4739//4589
f 4739//4589 4738//4588 4740//4590
f 4739//4589 4740//4590 4741//4591
f 4741//4591 4740//4590 4742//4592
f 4741//4591 4742//4592 4743//4593
f 4743//4593 4742//4592 4744//4594
f 4743//4593 4744//4594 4745//4595
f 4745//4595 4744//4594 4746//4596
f 4745//4595 4746//4596 4747//4597
f 4747//4597 4746//4596 4737//4587
f 4747//4597 4737//4587 4736//4586
f 4746//4596 4748//4598 4737//4587
f 4737//4587 4748//4598 4749//4599
f 4737//4587 4749//4599 4738//4588
f 4738//4588 4749//4599 4750//4600
f 4738//4588 4750//4600 4740//4590
f 4740//4590 4750//4600 4751//4601
f 4740//4590 4751//4601 4742//4592
f 4742//4592 4751//4601 4752//4602
f 4742//4592 4752//4602 4744//4594
f 4744//4594 4752//4602 4753//4603
f 4744//4594 4753//4603 4746//4596
f 4746//4596 4753//4603 4748//4598
f 4745//4595 4752//4602 4743//4593
f 4743//4593 4752//4602 4751//4601
f 4743//4593 4751//4601 4741//4591
f 4741//4591 4751//4601 4739//4589
f 4739//4589 4751//4601 4750//4600
f 4739//4589 4750//4600 4749//4599
f 4739//4589 4749//4599 4736//4586
f 4736//4586 4749//4599 4748//4598
f 4736//4586 4748//4598 4747//4597
f 4747//4597 4748//4598 4745//4595
f 4745//4595 4748//4598 4753//4603
f 4745//4595 4753//4603 4752//4602
f 4754//4604 4755//4605 4756//4606
f 4756//4606 4755//4605 4757//4607
f 4756//4606 4757//4607 4758//4608
f 4758//4608 4757//4607 4759//4609
f 4758//4608 4759//4609 4760//4610
f 4760//4610 4759//4609 4761//4611
f 4760//4610 4761//4611 4762//4612
f 4762//4612 4761//4611 4763//4613
f 4763//4613 4761//4611 4764//4614
f 4763//4613 4764//4614 4765//4615
f 4763//4613 4765//4615 4766//4616
f 4766//4616 4765//4615 4755//4605
f 4766//4616 4755//4605 4754//4604
f 4757//4607 4767//4617 4768//4618
f 4757//4607 4768//4618 4759//4609
f 4759//4609 4768//4618 4769//4619
f 4759//4609 4769//4619 4761//4611
f 4761//4611 4769//4619 4770//4620
f 4761//4611 4770//4620 4764//4614
f 4764//4614 4770//4620 4771//4621
f 4764//4614 4771//4621 4772//4622
f 4764//4614 4772//4622 4765//4615
f 4765//4615 4772//4622 4773//4623
f 4765//4615 4773//4623 4755//4605
f 4755//4605 4773//4623 4774//4624
f 4755//4605 4774//4624 4757//4607
f 4757//4607 4774//4624 4767//4617
f 4762//4612 4769//4619 4760//4610
f 4760//4610 4769//4619 4758//4608
f 4758//4608 4769//4619 4768//4618
f 4758//4608 4768//4618 4767//4617
f 4758//4608 4767//4617 4756//4606
f 4756//4606 4767//4617 4774//4624
f 4756//4606 4774//4624 4754//4604
f 4754//4604 4774//4624 4773//4623
f 4754//4604 4773//4623 4766//4616
f 4766//4616 4773//4623 4772//4622
f 4766//4616 4772//4622 4763//4613
f 4763//4613 4772//4622 4771//4621
f 4763//4613 4771//4621 4770//4620
f 4763//4613 4770//4620 4762//4612
f 4762//4612 4770//4620 4769//4619
f 4775//4625 4776//4626 4777//4627
f 4775//4625 4777//4627 4778//4628
f 4775//4625 4778//4628 4779//4629
f 4779//4629 4778//4628 4780//4630
f 4780//4630 4778//4628 4781//4631
f 4780//4630 4781//4631 4782//4632
f 4782//4632 4781//4631 4783//4633
f 4782//4632 4783//4633 4784//4634
f 4784//4634 4783//4633 4785//4635
f 4784//4634 4785//4635 4786//4636
f 4784//4634 4786//4636 4787//4637
f 4787//4637 4786//4636 4788//4638
f 4788//4638 4786//4636 4789//4639
f 4788//4638 4789//4639 4775//4625
f 4775//4625 4789//4639 4776//4626
f 4778//4628 4777//4627 4790//4640
f 4778//4628 4790//4640 4781//4631
f 4781//4631 4790//4640 4791//4641
f 4781//4631 4791//4641 4783//4633
f 4783//4633 4792//4642 4785//4635
f 4785//4635 4792//4642 4793//4643
f 4785//4635 4793//4643 4786//4636
f 4786//4636 4793//4643 4794//4644
f 4786//4636 4794//4644 4789//4639
f 4789//4639 4794//4644 4795//4645
f 4789//4639 4795//4645 4776//4626
f 4776//4626 4795//4645 4796//4646
f 4776//4626 4796//4646 4777//4627
f 4777//4627 4796//4646 4779//4629
f 4777//4627 4779//4629 4790//4640
f 4790//4640 4779//4629 4780//4630
f 4790//4640 4780//4630 4791//4641
f 4791//4641 4780//4630 4797//4647
f 4791//4641 4797//4647 4783//4633
f 4783//4633 4797//4647 4792//4642
f 4788//4638 4795//4645 4794//4644
f 4788//4638 4794//4644 4793//4643
f 4788//4638 4793//4643 4787//4637
f 4787//4637 4793//4643 4784//4634
f 4784//4634 4793//4643 4792//4642
f 4784//4634 4792//4642 4782//4632
f 4782//4632 4792//4642 4797//4647
f 4782//4632 4797//4647 4780//4630
f 4775//4625 4779//4629 4796//4646
f 4775//4625 4796//4646 4795//4645
f 4775//4625 4795//4645 4788//4638
f 4798//4648 4799//4649 4800//4650
f 4799//4649 4801//4651 4800//4650
f 4800//4650 4801//4651 4802//4652
f 4801//4651 4803//4653 4802//4652
f 4802//4652 4803//4653 4804//4654
f 4803//4653 4805//4655 4804//4654
f 4804//4654 4805//4655 4806//4656
f 4805//4655 4807//4657 4806//4656
f 4806//4656 4807//4657 4808//4658
f 4807//4657 4809//4659 4808//4658
f 4808//4658 4809//4659 4810//4660
f 4809//4659 4811//4661 4810//4660
f 4810//4660 4811//4661 4812//4662
f 4811//4661 4813//4663 4812//4662
f 4812//4662 4813//4663 4814//4664
f 4813//4663 4815//4665 4814//4664
f 4814//4664 4815//4665 4816//4666
f 4815//4665 4817//4667 4816//4666
f 4816//4666 4817//4667 4818//4668
f 4817//4667 4819//4669 4818//4668
f 4818//4668 4819//4669 4820//4670
f 4819//4669 4821//4671 4820//4670
f 4820//4670 4821//4671 4822//4672
f 4821//4671 4823//4673 4822//4672
f 4822//4672 4823//4673 4824//4674
f 4823//4673 4825//4675 4824//4674
f 4824//4674 4825//4675 4826//4676
f 4827//4677 4828//4678 4829//4679
f 4829//4679 4828//4678 4826//4676
f 4829//4679 4826//4676 4825//4675
f 4828//4678 4827//4677 4830//4680
f 4827//4677 4831//4681 4830//4680
f 4830//4680 4831//4681 4832//4682
f 4831//4681 4833//4683 4832//4682
f 4832//4682 4833//4683 4834//4684
f 4833//4683 4835//4685 4834//4684
f 4834//4684 4835//4685 4836//4686
f 4835//4685 4837//4687 4836//4686
f 4836//4686 4837//4687 4838//4688
f 4837//4687 4839//4689 4838//4688
f 4838//4688 4839//4689 4840//4690
f 4839//4689 4841//4691 4840//4690
f 4840//4690 4841//4691 4842//4692
f 4841//4691 4843//4693 4842//4692
f 4842//4692 4843//4693 4844//4694
f 4843//4693 4845//4695 4844//4694
f 4844//4694 4845//4695 4846//4696
f 4845//4695 4847//4697 4846//4696
f 4846//4696 4847//4697 4848//4698
f 4847//4697 4849//4699 4848//4698
f 4848//4698 4849//4699 4850//4700
f 4849//4699 4851//4701 4850//4700
f 4850//4700 4851//4701 4852//4702
f 4851//4701 4853//4703 4852//4702
f 4852//4702 4853//4703 4854//4704
f 4853//4703 4855//4705 4854//4704
f 4854//4704 4855//4705 4856//4706
f 4799//4649 4798//4648 4857//4707
f 4857//4707 4798//4648 4856//4706
f 4857//4707 4856//4706 4855//4705
f 4826//4676 4828//4678 4858//4708
f 4858//4708 4859//4709 4826//4676
f 4826//4676 4859//4709 4824//4674
f 4859//4709 4860//4710 4824//4674
f 4824//4674 4860//4710 4822//4672
f 4860//4710 4861//4711 4822//4672
f 4822//4672 4861//4711 4820//4670
f 4861//4711 4862//4712 4820//4670
f 4820//4670 4862//4712 4818//4668
f 4862//4712 4863//4713 4818//4668
f 4818//4668 4863//4713 4816//4666
f 4863//4713 4864//4714 4816//4666
f 4816//4666 4864//4714 4814//4664
f 4864//4714 4865//4715 4814//4664
f 4814//4664 4865//4715 4812//4662
f 4865//4715 4866//4716 4812//4662
f 4812//4662 4866//4716 4810//4660
f 4866//4716 4867//4717 4810//4660
f 4810//4660 4867//4717 4808//4658
f 4867//4717 4868//4718 4808//4658
f 4808//4658 4868//4718 4806//4656
f 4868//4718 4869//4719 4806//4656
f 4806//4656 4869//4719 4804//4654
f 4869//4719 4870//4720 4804//4654
f 4804//4654 4870//4720 4802//4652
f 4870//4720 4871//4721 4802//4652
f 4802//4652 4871//4721 4800//4650
f 4871//4721 4872//4722 4800//4650
f 4800//4650 4872//4722 4798//4648
f 4798//4648 4872//4722 4873//4723
f 4856//4706 4798//4648 4873//4723
f 4873//4723 4874//4724 4856//4706
f 4856//4706 4874//4724 4854//4704
f 4874//4724 4875//4725 4854//4704
f 4854//4704 4875//4725 4852//4702
f 4875//4725 4876//4726 4852//4702
f 4852//4702 4876//4726 4850//4700
f 4876//4726 4877//4727 4850//4700
f 4850//4700 4877//4727 4848//4698
f 4877//4727 4878//4728 4848//4698
f 4848//4698 4878//4728 4846//4696
f 4878//4728 4879//4729 4846//4696
f 4846//4696 4879//4729 4844//4694
f 4879//4729 4880//4730 4844//4694
f 4844//4694 4880//4730 4842//4692
f 4880//4730 4881//4731 4842//4692
f 4842//4692 4881//4731 4840//4690
f 4881//4731 4882//4732 4840//4690
f 4840//4690 4882//4732 4838//4688
f 4882//4732 4883//4733 4838//4688
f 4838//4688 4883//4733 4836//4686
f 4883//4733 4884//4734 4836//4686
f 4836//4686 4884//4734 4834//4684
f 4884//4734 4885//4735 4834//4684
f 4834//4684 4885//4735 4832//4682
f 4885//4735 4886//4736 4832//4682
f 4832//4682 4886//4736 4830//4680
f 4886//4736 4887//4737 4830//4680
f 4830//4680 4887//4737 4828//4678
f 4828//4678 4887//4737 4858//4708
f 4860//4710 4825//4675 4861//4711
f 4861//4711 4825//4675 4823//4673
f 4861//4711 4823//4673 4862//4712
f 4862//4712 4823//4673 4821//4671
f 4862//4712 4821//4671 4863//4713
f 4863//4713 4821//4671 4819//4669
f 4863//4713 4819//4669 4864//4714
f 4864//4714 4819//4669 4817//4667
f 4864//4714 4817//4667 4865//4715
f 4865//4715 4817//4667 4815//4665
f 4865//4715 4815//4665 4866//4716
f 4866//4716 4815//4665 4813//4663
f 4866//4716 4813//4663 4867//4717
f 4867//4717 4813//4663 4811//4661
f 4867//4717 4811//4661 4868//4718
f 4868//4718 4811//4661 4809//4659
f 4868//4718 4809//4659 4869//4719
f 4869//4719 4809//4659 4807//4657
f 4869//4719 4807//4657 4870//4720
f 4870//4720 4807//4657 4805//4655
f 4870//4720 4805//4655 4871//4721
f 4871//4721 4805//4655 4803//4653
f 4871//4721 4803//4653 4872//4722
f 4872//4722 4803//4653 4801//4651
f 4872//4722 4801//4651 4873//4723
f 4873//4723 4801//4651 4799//4649
f 4873//4723 4799//4649 4874//4724
f 4874//4724 4799//4649 4857//4707
f 4874//4724 4857//4707 4875//4725
f 4875//4725 4857//4707 4855//4705
f 4875//4725 4855//4705 4876//4726
f 4876//4726 4855//4705 4853//4703
f 4876//4726 4853//4703 4877//4727
f 4877//4727 4853//4703 4851//4701
f 4877//4727 4851//4701 4878//4728
f 4878//4728 4851//4701 4849//4699
f 4878//4728 4849//4699 4879//4729
f 4879//4729 4849//4699 4847//4697
f 4879//4729 4847//4697 4880//4730
f 4880//4730 4847//4697 4845//4695
f 4880//4730 4845//4695 4881//4731
f 4881//4731 4845//4695 4843//4693
f 4881//4731 4843//4693 4882//4732
f 4882//4732 4843//4693 4841//4691
f 4882//4732 4841//4691 4883//4733
f 4883//4733 4841//4691 4839//4689
f 4883//4733 4839//4689 4884//4734
f 4884//4734 4839//4689 4837//4687
f 4884//4734 4837//4687 4885//4735
f 4885//4735 4837//4687 4835//4685
f 4885//4735 4835//4685 4886//4736
f 4886//4736 4835//4685 4833//4683
f 4886//4736 4833//4683 4887//4737
f 4887//4737 4833//4683 4831//4681
f 4887//4737 4831//4681 4858//4708
f 4858//4708 4831//4681 4827//4677
f 4858//4708 4827//4677 4859//4709
f 4859//4709 4827//4677 4829//4679
f 4859//4709 4829//4679 4860//4710
f 4860//4710 4829//4679 4825//4675
f 4890//4740 4891//4741 4892//4742
f 4893//4743 4889//4739 4888//4738
f 4888//4738 4894//4744 4893//4743
f 4893//4743 4894//4744 4895//4745
f 4895//4745 4894//4744 4890//4740
f 4895//4745 4890//4740 4896//4746
f 4896//4746 4890//4740 4892//4742
f 4891//4741 4897//4747 4892//4742
f 4892//4742 4897//4747 4898//4748
f 4899//4749 4898//4748 4897//4747
f 4897//4747 4900//4750 4899//4749
f 4899//4749 4900//4750 4901//4751
f 4901//4751 4900//4750 4902//4752
f 4901//4751 4902//4752 4903//4753
f 4903//4753 4902//4752 4904//4754
f 4903//4753 4904//4754 4905//4755
f 4904//4754 4888//4738 4905//4755
f 4905//4755 4888//4738 4889//4739
f 4890//4740 4894//4744 4907//4757
f 4907//4757 4908//4758 4890//4740
f 4890//4740 4908//4758 4906//4756
f 4890//4740 4906//4756 4891//4741
f 4907//4757 4894//4744 4909//4759
f 4909//4759 4894//4744 4910//4760
f 4910//4760 4894//4744 4888//4738
f 4910//4760 4888//4738 4911//4761
f 4911//4761 4888//4738 4904//4754
f 4911//4761 4904//4754 4912//4762
f 4912//4762 4904//4754 4902//4752
f 4912//4762 4902//4752 4913//4763
f 4913//4763 4902//4752 4900//4750
f 4897//4747 4914//4764 4900//4750
f 4900//4750 4914//4764 4915//4765
f 4900//4750 4915//4765 4913//4763
f 4891//4741 4906//4756 4897//4747
f 4897//4747 4906//4756 4914//4764
f 4892//4742 4906//4756 4896//4746
f 4896//4746 4906//4756 4908//4758
f 4896//4746 4908//4758 4895//4745
f 4895//4745 4908//4758 4907//4757
f 4895//4745 4907//4757 4893//4743
f 4893//4743 4907//4757 4909//4759
f 4893//4743 4909//4759 4889//4739
f 4889//4739 4909//4759 4910//4760
f 4889//4739 4910//4760 4905//4755
f 4905//4755 4910//4760 4911//4761
f 4905//4755 4911//4761 4903//4753
f 4903//4753 4911//4761 4912//4762
f 4903//4753 4912//4762 4901//4751
f 4901//4751 4912//4762 4913//4763
f 4901//4751 4913//4763 4899//4749
f 4899//4749 4913//4763 4915//4765
f 4899//4749 4915//4765 4898//4748
f 4898//4748 4915//4765 4914//4764
f 4898//4748 4914//4764 4892//4742
f 4892//4742 4914//4764 4906//4756
f 4918//4768 4919//4769 4920//4770
f 4921//4771 4917//4767 4916//4766
f 4916//4766 4922//4772 4921//4771
f 4921//4771 4922//4772 4923//4773
f 4923//4773 4922//4772 4918//4768
f 4923//4773 4918//4768 4924//4774
f 4924//4774 4918//4768 4920//4770
f 4919//4769 4925//4775 4920//4770
f 4920//4770 4925//4775 4926//4776
f 4927//4777 4928//4778 4929//4779
f 4930//4780 4926//4776 4925//4775
f 4925//4775 4931//4781 4930//4780
f 4930//4780 4931//4781 4932//4782
f 4932//4782 4931//4781 4927//4777
f 4932//4782 4927//4777 4933//4783
f 4933//4783 4927//4777 4929//4779
f 4928//4778 4916//4766 4929//4779
f 4929//4779 4916//4766 4917//4767
f 4918//4768 4922//4772 4935//4785
f 4935//4785 4936//4786 4918//4768
f 4918//4768 4936//4786 4934//4784
f 4918//4768 4934//4784 4919//4769
f 4935//4785 4922//4772 4937//4787
f 4937//4787 4922//4772 4938//4788
f 4938//4788 4922//4772 4916//4766
f 4938//4788 4916//4766 4939//4789
f 4939//4789 4916//4766 4928//4778
f 4939//4789 4928//4778 4940//4790
f 4940//4790 4928//4778 4927//4777
f 4940//4790 4927//4777 4941//4791
f 4941//4791 4927//4777 4931//4781
f 4925//4775 4942//4792 4931//4781
f 4931//4781 4942//4792 4943//4793
f 4931//4781 4943//4793 4941//4791
f 4919//4769 4934//4784 4925//4775
f 4925//4775 4934//4784 4942//4792
f 4920//4770 4934//4784 4924//4774
f 4924//4774 4934//4784 4936//4786
f 4924//4774 4936//4786 4923//4773
f 4923//4773 4936//4786 4935//4785
f 4923//4773 4935//4785 4921//4771
f 4921//4771 4935//4785 4937//4787
f 4921//4771 4937//4787 4917//4767
f 4917//4767 4937//4787 4938//4788
f 4917//4767 4938//4788 4929//4779
f 4929//4779 4938//4788 4939//4789
f 4929//4779 4939//4789 4933//4783
f 4933//4783 4939//4789 4940//4790
f 4933//4783 4940//4790 4932//4782
f 4932//4782 4940//4790 4941//4791
f 4932//4782 4941//4791 4930//4780
f 4930//4780 4941//4791 4943//4793
f 4930//4780 4943//4793 4926//4776
f 4926//4776 4943//4793 4942//4792
f 4926//4776 4942//4792 4920//4770
f 4920//4770 4942//4792 4934//4784
f 4945//4795 4946//4796 4947//4797
f 4944//4794 4945//4795 4947//4797
f 4950//4800 4951//4801 4949//4799
f 4949//4799 4951//4801 4952//4802
f 4949//4799 4952//4802 4948//4798
f 5076//4926 5077//4927 4953//4803
f 4953//4803 5077//4927 4954//4804
f 5106//4956 4955//4805 4956//4806
f 4956//4806 4955//4805 4957//4807
f 4958//4808 4959//4809 4960//4810
f 4961//4811 4962//4812 4960//4810
f 4960//4810 4962//4812 4958//4808
f 4963//4813 4964//4814 4965//4815
f 4965//4815 4966//4816 4963//4813
f 4976//4826 4967//4817 4968//4818
f 4976//4826 4968//4818 4969//4819
f 4966//4816 4965//4815 4970//4820
f 4970//4820 4965//4815 4971//4821
f 4970//4820 4971//4821 4968//4818
f 4968//4818 4971//4821 4969//4819
f 4972//4822 4973//4823 4974//4824
f 4974//4824 4973//4823 4975//4825
f 4974//4824 4975//4825 4967//4817
f 4974//4824 4967//4817 4976//4826
f 4973//4823 4972//4822 4977//4827
f 4973//4823 4977//4827 4978//4828
f 4978//4828 4977//4827 4979//4829
f 4978//4828 4979//4829 4980//4830
f 4980//4830 4979//4829 4983//4833
f 4983//4833 4979//4829 4984//4834
f 4983//4833 4984//4834 4982//4832
f 4982//4832 4984//4834 4981//4831
f 4982//4832 4981//4831 4985//4835
f 4982//4832 4985//4835 4986//4836
f 4986//4836 4985//4835 4987//4837
f 4986//4836 4987//4837 4944//4794
f 4944//4794 4987//4837 4945//4795
f 4989//4839 4992//4842 4969//4819
f 4985//4835 4993//4843 4994//4844
f 4999//4849 5000//4850 5001//4851
f 5002//4852 5003//4853 5004//4854
f 4985//4835 5007//4857 5008//4858
f 5009//4859 5010//4860 5011//4861
f 5011//4861 5010//4860 5012//4862
f 5014//4864 5013//4863 4997//4847
f 5014//4864 4997//4847 4998//4848
f 5015//4865 5016//4866 5003//4853
f 5003//4853 5016//4866 5004//4854
f 5002//4852 5004//4854 5017//4867
f 5017//4867 5004//4854 5018//4868
f 5017//4867 5018//4868 4969//4819
f 5019//4869 4985//4835 5020//4870
f 5020//4870 4985//4835 4994//4844
f 5020//4870 4994//4844 5021//4871
f 5021//4871 4994//4844 5022//4872
f 5023//4873 4985//4835 5024//4874
f 5024//4874 4985//4835 5008//4858
f 5024//4874 5008//4858 5025//4875
f 4985//4835 5023//4873 4987//4837
f 4998//4848 4997//4847 5026//4876
f 4998//4848 5026//4876 5027//4877
f 5027//4877 5026//4876 5028//4878
f 5028//4878 5026//4876 5029//4879
f 5000//4850 5032//4882 5001//4851
f 5001//4851 5032//4882 5033//4883
f 5001//4851 5033//4883 5034//4884
f 5034//4884 5033//4883 5035//4885
f 5034//4884 5035//4885 5036//4886
f 5035//4885 5037//4887 5036//4886
f 5016//4866 5015//4865 4958//4808
f 5016//4866 4958//4808 5035//4885
f 5035//4885 4958//4808 4962//4812
f 5035//4885 4962//4812 5037//4887
f 4971//4821 5017//4867 4969//4819
f 5038//4888 5005//4855 5039//4889
f 4969//4819 5048//4898 5038//4888
f 5025//4875 5008//4858 5040//4890
f 4949//4799 5040//4890 5008//4858
f 4949//4799 5008//4858 5041//4891
f 4949//4799 5041//4891 4950//4800
f 4950//4800 5041//4891 5042//4892
f 4950//4800 5042//4892 5043//4893
f 5043//4893 5042//4892 5010//4860
f 5043//4893 5010//4860 5044//4894
f 5044//4894 5010//4860 5009//4859
f 5018//4868 5046//4896 5047//4897
f 5018//4868 5047//4897 5048//4898
f 5018//4868 5048//4898 4969//4819
f 5021//4871 5022//4872 4989//4839
f 5021//4871 4989//4839 5049//4899
f 5049//4899 4989//4839 4969//4819
f 5049//4899 4969//4819 5038//4888
f 5049//4899 5038//4888 5039//4889
f 4995//4845 4996//4846 5019//4869
f 5019//4869 4996//4846 5050//4900
f 5019//4869 5050//4900 4985//4835
f 4985//4835 5050//4900 5006//4856
f 4985//4835 5006//4856 5007//4857
f 5007//4857 5006//4856 5051//4901
f 5007//4857 5051//4901 5052//4902
f 4988//4838 5053//4903 5012//4862
f 5012//4862 5053//4903 5031//4881
f 5012//4862 5031//4881 5030//4880
f 5012//4862 5030//4880 5011//4861
f 5031//4881 5053//4903 5054//4904
f 5031//4881 5054//4904 5055//4905
f 5031//4881 5055//4905 5045//4895
f 5031//4881 5045//4895 5056//4906
f 5017//4867 4971//4821 4965//4815
f 5017//4867 4965//4815 4964//4814
f 5014//4864 4998//4848 5057//4907
f 5014//4864 5057//4907 5058//4908
f 4999//4849 5001//4851 5059//4909
f 5059//4909 5001//4851 5060//4910
f 5059//4909 5060//4910 5061//4911
f 4946//4796 4945//4795 5023//4873
f 5023//4873 4945//4795 4987//4837
f 5062//4912 5063//4913 5028//4878
f 5062//4912 5028//4878 5045//4895
f 5045//4895 5028//4878 5029//4879
f 5061//4911 5060//4910 5064//4914
f 5064//4914 5060//4910 4990//4840
f 5029//4879 5067//4917 5045//4895
f 5045//4895 5067//4917 5056//4906
f 5031//4881 5065//4915 5030//4880
f 5030//4880 5065//4915 5066//4916
f 5064//4914 4990//4840 4991//4841
f 5064//4914 4991//4841 5068//4918
f 5068//4918 4991//4841 5069//4919
f 5068//4918 5069//4919 5014//4864
f 5068//4918 5014//4864 5058//4908
f 4947//4797 4946//4796 5070//4920
f 5070//4920 4946//4796 5023//4873
f 5070//4920 5023//4873 5125//4975
f 5071//4921 5073//4923 4948//4798
f 4949//4799 4948//4798 5040//4890
f 5040//4890 4948//4798 5073//4923
f 5072//4922 5025//4875 5071//4921
f 5071//4921 5025//4875 5040//4890
f 5071//4921 5040//4890 5073//4923
f 5043//4893 5074//4924 4951//4801
f 4951//4801 5074//4924 5075//4925
f 4951//4801 4950//4800 5043//4893
f 5078//4928 4954//4804 5079//4929
f 5079//4929 4954//4804 5077//4927
f 5079//4929 5077//4927 5080//4930
f 5080//4930 5077//4927 5081//4931
f 5080//4930 5081//4931 5082//4932
f 5082//4932 5081//4931 5083//4933
f 5082//4932 5083//4933 5084//4934
f 5084//4934 5083//4933 5085//4935
f 5084//4934 5085//4935 5074//4924
f 5078//4928 5086//4936 5087//4937
f 5086//4936 5066//4916 5087//4937
f 5087//4937 5066//4916 5065//4915
f 5088//4938 5056//4906 5067//4917
f 5088//4938 5067//4917 5089//4939
f 5029//4879 5090//4940 5067//4917
f 5067//4917 5090//4940 5089//4939
f 5092//4942 5094//4944 5091//4941
f 5014//4864 5091//4941 5013//4863
f 5013//4863 5091//4941 5094//4944
f 5093//4943 4997//4847 5092//4942
f 5092//4942 4997//4847 5013//4863
f 5092//4942 5013//4863 5094//4944
f 5095//4945 4991//4841 5096//4946
f 5096//4946 4991//4841 4990//4840
f 5096//4946 5097//4947 5095//4945
f 5098//4948 5107//4957 5099//4949
f 5098//4948 5099//4949 5100//4950
f 5100//4950 5099//4949 5101//4951
f 5100//4950 5101//4951 5102//4952
f 5102//4952 5101//4951 5103//4953
f 5102//4952 5103//4953 5104//4954
f 5104//4954 5103//4953 5105//4955
f 5105//4955 5103//4953 5106//4956
f 5105//4955 5106//4956 5097//4947
f 5097//4947 5106//4956 4956//4806
f 4961//4811 5037//4887 4962//4812
f 5107//4957 5037//4887 4961//4811
f 5107//4957 4961//4811 5108//4958
f 4959//4809 4958//4808 5015//4865
f 4959//4809 5015//4865 5109//4959
f 5109//4959 5015//4865 5003//4853
f 5109//4959 5003//4853 5110//4960
f 4964//4814 4963//4813 5111//4961
f 4964//4814 5111//4961 5127//4977
f 4964//4814 5127//4977 5017//4867
f 4976//4826 4969//4819 4992//4842
f 4976//4826 4992//4842 5112//4962
f 5112//4962 4992//4842 5113//4963
f 4989//4839 5114//4964 4992//4842
f 4992//4842 5114//4964 5113//4963
f 4974//4824 4976//4826 5112//4962
f 4974//4824 5112//4962 5113//4963
f 4974//4824 5113//4963 4972//4822
f 4972//4822 5113//4963 5114//4964
f 4972//4822 5114//4964 4977//4827
f 4977//4827 5114//4964 5115//4965
f 4977//4827 5115//4965 5116//4966
f 4977//4827 5116//4966 4979//4829
f 4979//4829 5116//4966 5117//4967
f 4979//4829 5117//4967 5118//4968
f 4979//4829 5118//4968 4984//4834
f 4984//4834 5118//4968 4981//4831
f 5119//4969 4981//4831 5118//4968
f 5117//4967 4994//4844 5118//4968
f 5118//4968 4994//4844 4993//4843
f 5118//4968 4993//4843 5119//4969
f 5119//4969 4993//4843 4985//4835
f 5119//4969 4985//4835 4981//4831
f 5120//4970 5101//4951 5121//4971
f 5121//4971 5101//4951 5099//4949
f 5121//4971 5099//4949 5108//4958
f 5108//4958 5099//4949 5107//4957
f 5090//4940 5029//4879 5026//4876
f 5090//4940 5026//4876 5122//4972
f 5122//4972 5026//4876 5123//4973
f 5123//4973 5026//4876 4997//4847
f 5123//4973 4997//4847 5093//4943
f 5086//4936 5030//4880 5066//4916
f 5079//4929 5030//4880 5086//4936
f 5082//4932 5009//4859 5011//4861
f 5082//4932 5011//4861 5080//4930
f 5080//4930 5011//4861 5124//4974
f 5124//4974 5011//4861 5030//4880
f 5124//4974 5030//4880 5079//4929
f 5074//4924 5043//4893 5044//4894
f 5074//4924 5044//4894 5084//4934
f 5009//4859 5082//4932 5044//4894
f 5044//4894 5082//4932 5084//4934
f 5125//4975 5023//4873 5024//4874
f 5125//4975 5024//4874 5126//4976
f 5126//4976 5024//4874 5025//4875
f 5126//4976 5025//4875 5072//4922
f 5114//4964 4989//4839 5022//4872
f 5114//4964 5022//4872 5115//4965
f 5115//4965 5022//4872 5116//4966
f 5116//4966 5022//4872 4994//4844
f 5116//4966 4994//4844 5117//4967
f 5002//4852 5017//4867 5127//4977
f 5127//4977 5128//4978 5002//4852
f 5002//4852 5128//4978 5003//4853
f 5003//4853 5128//4978 5110//4960
f 5098//4948 5034//4884 5036//4886
f 5098//4948 5036//4886 5129//4979
f 5129//4979 5036//4886 5037//4887
f 5129//4979 5037//4887 5107//4957
f 5104//4954 5105//4955 5060//4910
f 5060//4910 5001//4851 5104//4954
f 5104//4954 5001//4851 5102//4952
f 5102//4952 5001//4851 5034//4884
f 5102//4952 5034//4884 5100//4950
f 5100//4950 5034//4884 5098//4948
f 5096//4946 5060//4910 5105//4955
f 5096//4946 4990//4840 5060//4910
f 5132//4982 4988//4838 5134//4984
f 5012//4862 5134//4984 4988//4838
f 5042//4892 5133//4983 5135//4985
f 5042//4892 5135//4985 5010//4860
f 5010//4860 5135//4985 5136//4986
f 5010//4860 5136//4986 5012//4862
f 5012//4862 5136//4986 5134//4984
f 5133//4983 5042//4892 5137//4987
f 5137//4987 5042//4892 5041//4891
f 5008//4858 5137//4987 5041//4891
f 5008//4858 5139//4989 5137//4987
f 5138//4988 5139//4989 5007//4857
f 5007//4857 5139//4989 5008//4858
f 5138//4988 5007//4857 5052//4902
f 5138//4988 5052//4902 5132//4982
f 5062//4912 5045//4895 5140//4990
f 5140//4990 5045//4895 5141//4991
f 5068//4918 5058//4908 5142//4992
f 5142//4992 5058//4908 5143//4993
f 5142//4992 5143//4993 5141//4991
f 5141//4991 5143//4993 5140//4990
f 5147//4997 5028//4878 5063//4913
f 5147//4997 5063//4913 5144//4994
f 5144//4994 5063//4913 5062//4912
f 5144//4994 5062//4912 5140//4990
f 5145//4995 4998//4848 5146//4996
f 5146//4996 4998//4848 5027//4877
f 5146//4996 5027//4877 5147//4997
f 5147//4997 5027//4877 5028//4878
f 5143//4993 5058//4908 5057//4907
f 5143//4993 5057//4907 5148//4998
f 5148//4998 5057//4907 4998//4848
f 5148//4998 4998//4848 5145//4995
f 5149//4999 5064//4914 5068//4918
f 5149//4999 5068//4918 5142//4992
f 5061//4911 5064//4914 5150//5000
f 5150//5000 5064//4914 5149//4999
f 5152//5002 5055//4905 5151//5001
f 5151//5001 5055//4905 5054//4904
f 5141//4991 5045//4895 5152//5002
f 5152//5002 5045//4895 5055//4905
f 5153//5003 5154//5004 5000//4850
f 5155//5005 5035//4885 5156//5006
f 5156//5006 5035//4885 5033//4883
f 5156//5006 5033//4883 5157//5007
f 5157//5007 5033//4883 5032//4882
f 5000//4850 5154//5004 5032//4882
f 5032//4882 5154//5004 5157//5007
f 5153//5003 5046//4896 5158//5008
f 5158//5008 5046//4896 5018//4868
f 5158//5008 5018//4868 5159//5009
f 5159//5009 5018//4868 5004//4854
f 5159//5009 5004//4854 5160//5010
f 5160//5010 5004//4854 5016//4866
f 5160//5010 5016//4866 5161//5011
f 5161//5011 5016//4866 5035//4885
f 5161//5011 5035//4885 5155//5005
f 5019//4869 5163//5013 5164//5014
f 5019//4869 5164//5014 4995//4845
f 4995//4845 5164//5014 5162//5012
f 5162//5012 5166//5016 5005//4855
f 5005//4855 5166//5016 5039//4889
f 5039//4889 5166//5016 5165//5015
f 5163//5013 5019//4869 5167//5017
f 5167//5017 5019//4869 5020//4870
f 5167//5017 5020//4870 5021//4871
f 5167//5017 5021//4871 5168//5018
f 5168//5018 5021//4871 5049//4899
f 5168//5018 5049//4899 5169//5019
f 5169//5019 5049//4899 5039//4889
f 5169//5019 5039//4889 5165//5015
f 5083//4933 5170//5020 5085//4935
f 5085//4935 5170//5020 5171//5021
f 5085//4935 5171//5021 5075//4925
f 5085//4935 5075//4925 5074//4924
f 5170//5020 5083//4933 5081//4931
f 5170//5020 5081//4931 5172//5022
f 5172//5022 5081//4931 5077//4927
f 5172//5022 5077//4927 5076//4926
f 5080//4930 5124//4974 5079//4929
f 5086//4936 5078//4928 5079//4929
f 5096//4946 5105//4955 5097//4947
f 5129//4979 5107//4957 5098//4948
f 4955//4805 5106//4956 5103//4953
f 4955//4805 5103//4953 5173//5023
f 5173//5023 5103//4953 5101//4951
f 5173//5023 5101//4951 5120//4970
f 5132//4982 5134//4984 5174//5024
f 5174//5024 5134//4984 5136//4986
f 5132//4982 5174//5024 5138//4988
f 5133//4983 5137//4987 5175//5025
f 5137//4987 5139//4989 5175//5025
f 5175//5025 5139//4989 5176//5026
f 5176//5026 5139//4989 5138//4988
f 5176//5026 5138//4988 5174//5024
f 5140//4990 5143//4993 5148//4998
f 5146//4996 5147//4997 5145//4995
f 5145//4995 5147//4997 5148//4998
f 5148//4998 5147//4997 5144//4994
f 5148//4998 5144//4994 5140//4990
f 5157//5007 5154//5004 5153//5003
f 5166//5016 5162//5012 5164//5014
f 5163//5013 5177//5027 5164//5014
f 5163//5013 5167//5017 5177//5027
f 5177//5027 5167//5017 5178//5028
f 5178//5028 5167//5017 5168//5018
f 5178//5028 5168//5018 5169//5019
f 5178//5028 5169//5019 5179//5029
f 5179//5029 5169//5019 5165//5015
f 5136//4986 5135//4985 5174//5024
f 5174//5024 5135//4985 5133//4983
f 5175//5025 5176//5026 5174//5024
f 5175//5025 5174//5024 5133//4983
f 5153//5003 5155//5005 5156//5006
f 5159//5009 5160//5010 5158//5008
f 5158//5008 5160//5010 5161//5011
f 5158//5008 5161//5011 5153//5003
f 5153//5003 5161//5011 5155//5005
f 5153//5003 5156//5006 5157//5007
f 5166//5016 5164//5014 5165//5015
f 5165//5015 5164//5014 5177//5027
f 5178//5028 5179//5029 5177//5027
f 5177//5027 5179//5029 5165//5015
f 5162//5012 5180//5030 5181//5031
f 5153//5003 5183//5033 5184//5034
f 5185//5035 5130//4980 5186//5036
f 5153//5003 5000//4850 5183//5033
f 5183//5033 5000//4850 4999//4849
f 5183//5033 4999//4849 5187//5037
f 5187//5037 4999//4849 5059//4909
f 5187//5037 5059//4909 5188//5038
f 5130//4980 5048//4898 5186//5036
f 5186//5036 5048//4898 5047//4897
f 5186//5036 5047//4897 5184//5034
f 5184//5034 5047//4897 5046//4896
f 5184//5034 5046//4896 5153//5003
f 5162//5012 5005//4855 5180//5030
f 5180//5030 5005//4855 5038//4888
f 5180//5030 5038//4888 5185//5035
f 5185//5035 5038//4888 5048//4898
f 5185//5035 5048//4898 5130//4980
f 5182//5032 5050//4900 4996//4846
f 5182//5032 4996//4846 5181//5031
f 5181//5031 4996//4846 4995//4845
f 5181//5031 4995//4845 5162//5012
f 5150//5000 5188//5038 5061//4911
f 5061//4911 5188//5038 5059//4909
f 5006//4856 5050//4900 5131//4981
f 5131//4981 5050//4900 5182//5032
f 5131//4981 5182//5032 5189//5039
f 5132//4982 5190//5040 5191//5041
f 5132//4982 5191//5041 4988//4838
f 5132//4982 5052//4902 5190//5040
f 5190//5040 5052//4902 5051//4901
f 5190//5040 5051//4901 5189//5039
f 5189//5039 5051//4901 5006//4856
f 5189//5039 5006//4856 5131//4981
f 4988//4838 5191//5041 5053//4903
f 5053//4903 5191//5041 5192//5042
f 5053//4903 5192//5042 5151//5001
f 5053//4903 5151//5001 5054//4904
f 5056//4906 5088//4938 5193//5043
f 3516//3434 5087//4937 3493//3411
f 3493//3411 5087//4937 5194//5044
f 5194//5044 5087//4937 5065//4915
f 5194//5044 5065//4915 5031//4881
f 5194//5044 5031//4881 5193//5043
f 5193//5043 5031//4881 5056//4906
f 4953//4803 4954//4804 5195//5045
f 5195//5045 4954//4804 5078//4928
f 5195//5045 5078//4928 5087//4937
f 5195//5045 5087//4937 3516//3434
f 4991//4841 5095//4945 5196//5046
f 5095//4945 3523//3441 3524//3442
f 5095//4945 3524//3442 3497//3415
f 5095//4945 3497//3415 5196//5046
f 5091//4941 5014//4864 5196//5046
f 5196//5046 5014//4864 5069//4919
f 5196//5046 5069//4919 4991//4841
f 4982//4832 4986//4836 5181//5031
f 5125//4975 5182//5032 5181//5031
f 5181//5031 4986//4836 4944//4794
f 5181//5031 4947//4797 5070//4920
f 5181//5031 5070//4920 5125//4975
f 5192//5042 5191//5041 5194//5044
f 5194//5044 5191//5041 5072//4922
f 5072//4922 5191//5041 5190//5040
f 5072//4922 5190//5040 5126//4976
f 5126//4976 5190//5040 5189//5039
f 5126//4976 5189//5039 5125//4975
f 5125//4975 5189//5039 5182//5032
f 5076//4926 5194//5044 5172//5022
f 5172//5022 5194//5044 5072//4922
f 5172//5022 5072//4922 5170//5020
f 5184//5034 5183//5033 5110//4960
f 5181//5031 4944//4794 4947//4797
f 5152//5002 5194//5044 5141//4991
f 5141//4991 5194//5044 5193//5043
f 5141//4991 5193//5043 5088//4938
f 5110//4960 5173//5023 5120//4970
f 5110//4960 5120//4970 4961//4811
f 5088//4938 5089//4939 5141//4991
f 5141//4991 5089//4939 5090//4940
f 5141//4991 5090//4940 5122//4972
f 5151//5001 5192//5042 5152//5002
f 5152//5002 5192//5042 5194//5044
f 5071//4921 4948//4798 4952//4802
f 5075//4925 5171//5021 5170//5020
f 5075//4925 5170//5020 4951//4801
f 3516//3434 3493//3411 5076//4926
f 5196//5046 4955//4805 5173//5023
f 5121//4971 5108//4958 5120//4970
f 5120//4970 5108//4958 4961//4811
f 5173//5023 5110//4960 5196//5046
f 5196//5046 5110//4960 5183//5033
f 5196//5046 5183//5033 5187//5037
f 5093//4943 5092//4942 5149//4999
f 5093//4943 5149//4999 5123//4973
f 5123//4973 5149//4999 5142//4992
f 5123//4973 5142//4992 5122//4972
f 5122//4972 5142//4992 5141//4991
f 4980//4830 5181//5031 4978//4828
f 4978//4828 5181//5031 5180//5030
f 4978//4828 5180//5030 4973//4823
f 4973//4823 5180//5030 5185//5035
f 4983//4833 4982//4832 5181//5031
f 4983//4833 5181//5031 4980//4830
f 3516//3434 5076//4926 5195//5045
f 5194//5044 5076//4926 3493//3411
f 5196//5046 5149//4999 5091//4941
f 5091//4941 5149//4999 5092//4942
f 5184//5034 5110//4960 5128//4978
f 5184//5034 5128//4978 5186//5036
f 5186//5036 5128//4978 5185//5035
f 5185//5035 5128//4978 5127//4977
f 5185//5035 5127//4977 4973//4823
f 4951//4801 5170//5020 5072//4922
f 4951//4801 5072//4922 4952//4802
f 4952//4802 5072//4922 5071//4921
f 4959//4809 5109//4959 4960//4810
f 4960//4810 5109//4959 5110//4960
f 4960//4810 5110//4960 4961//4811
f 3497//3415 3524//3442 4955//4805
f 4955//4805 3524//3442 3523//3441
f 5150//5000 5149//4999 5188//5038
f 5188//5038 5149//4999 5196//5046
f 5188//5038 5196//5046 5187//5037
f 5076//4926 4953//4803 5195//5045
f 4955//4805 5196//5046 3497//3415
f 4973//4823 5127//4977 5111//4961
f 5197//5047 4957//4807 4955//4805
f 5197//5047 4955//4805 3523//3441
f 4966//4816 4970//4820 4973//4823
f 4967//4817 4975//4825 4973//4823
f 4967//4817 4973//4823 4968//4818
f 4968//4818 4973//4823 4970//4820
f 5111//4961 4963//4813 4973//4823
f 4973//4823 4963//4813 4966//4816
f 4956//4806 4957//4807 5097//4947
f 5097//4947 4957//4807 5197//5047
f 5097//4947 5197//5047 5095//4945
f 5095//4945 5197//5047 3523//3441
f 5198//5048 5280//5130 5199//5049
f 5199//5049 5280//5130 5220//5070
f 5199//5049 5220//5070 5217//5067
f 5217//5067 5220//5070 5274//5124
f 5217//5067 5274//5124 5218//5068
f 5218//5068 5274//5124 5262//5112
f 5218//5068 5262//5112 5216//5066
f 5216//5066 5262//5112 5263//5113
f 5216//5066 5263//5113 5213//5063
f 5213//5063 5263//5113 5277//5127
f 5213//5063 5277//5127 5214//5064
f 5214//5064 5277//5127 5221//5071
f 5214//5064 5221//5071 5215//5065
f 5215//5065 5221//5071 5278//5128
f 5215//5065 5278//5128 5212//5062
f 5212//5062 5278//5128 5279//5129
f 5212//5062 5279//5129 5210//5060
f 5210//5060 5279//5129 5276//5126
f 5210//5060 5276//5126 5211//5061
f 5211//5061 5276//5126 5273//5123
f 5211//5061 5273//5123 5209//5059
f 5209//5059 5273//5123 5264//5114
f 5209//5059 5264//5114 5206//5056
f 5206//5056 5264//5114 5272//5122
f 5206//5056 5272//5122 5207//5057
f 5207//5057 5272//5122 5222//5072
f 5207//5057 5222//5072 5208//5058
f 5208//5058 5222//5072 5271//5121
f 5208//5058 5271//5121 5205//5055
f 5205//5055 5271//5121 5275//5125
f 5205//5055 5275//5125 5203//5053
f 5203//5053 5275//5125 5267//5117
f 5203//5053 5267//5117 5204//5054
f 5204//5054 5267//5117 5270//5120
f 5204//5054 5270//5120 5202//5052
f 5202//5052 5270//5120 5265//5115
f 5202//5052 5265//5115 5201//5051
f 5201//5051 5265//5115 5266//5116
f 5201//5051 5266//5116 5200//5050
f 5200//5050 5266//5116 5269//5119
f 5200//5050 5269//5119 5219//5069
f 5219//5069 5269//5119 5268//5118
f 5243//5093 5238//5088 5244//5094
f 5244//5094 5238//5088 5239//5089
f 5245//5095 5241//5091 5242//5092
f 5245//5095 5242//5092 5243//5093
f 5243//5093 5242//5092 5240//5090
f 5243//5093 5240//5090 5237//5087
f 5243//5093 5237//5087 5238//5088
f 5246//5096 5224//5074 5198//5048
f 5246//5096 5198//5048 5247//5097
f 5248//5098 5231//5081 5232//5082
f 5248//5098 5232//5082 5249//5099
f 5239//5089 5236//5086 5244//5094
f 5244//5094 5236//5086 5234//5084
f 5244//5094 5234//5084 5250//5100
f 5250//5100 5234//5084 5235//5085
f 5250//5100 5235//5085 5233//5083
f 5250//5100 5233//5083 5248//5098
f 5248//5098 5233//5083 5230//5080
f 5248//5098 5230//5080 5231//5081
f 5251//5101 5214//5064 5252//5102
f 5252//5102 5214//5064 5215//5065
f 5198//5048 5199//5049 5247//5097
f 5247//5097 5199//5049 5217//5067
f 5247//5097 5217//5067 5218//5068
f 5247//5097 5218//5068 5251//5101
f 5251//5101 5218//5068 5216//5066
f 5251//5101 5216//5066 5213//5063
f 5251//5101 5213//5063 5214//5064
f 5232//5082 5229//5079 5249//5099
f 5249//5099 5229//5079 5227//5077
f 5249//5099 5227//5077 5253//5103
f 5253//5103 5227//5077 5228//5078
f 5253//5103 5228//5078 5226//5076
f 5253//5103 5226//5076 5246//5096
f 5246//5096 5226//5076 5225//5075
f 5246//5096 5225//5075 5224//5074
f 5254//5104 5203//5053 5255//5105
f 5255//5105 5203//5053 5204//5054
f 5255//5105 5204//5054 5202//5052
f 5255//5105 5202//5052 5256//5106
f 5202//5052 5201//5051 5256//5106
f 5256//5106 5201//5051 5200//5050
f 5256//5106 5200//5050 5219//5069
f 5256//5106 5219//5069 5245//5095
f 5245//5095 5219//5069 5223//5073
f 5245//5095 5223//5073 5241//5091
f 5257//5107 5207//5057 5208//5058
f 5257//5107 5208//5058 5254//5104
f 5254//5104 5208//5058 5205//5055
f 5254//5104 5205//5055 5203//5053
f 5215//5065 5212//5062 5252//5102
f 5252//5102 5212//5062 5210//5060
f 5252//5102 5210//5060 5258//5108
f 5258//5108 5210//5060 5211//5061
f 5258//5108 5211//5061 5209//5059
f 5258//5108 5209//5059 5257//5107
f 5257//5107 5209//5059 5206//5056
f 5257//5107 5206//5056 5207//5057
f 5219//5069 5268//5118 5223//5073
f 5223//5073 5268//5118 5259//5109
f 5223//5073 5259//5109 5241//5091
f 5241//5091 5259//5109 5292//5142
f 5241//5091 5292//5142 5242//5092
f 5242//5092 5292//5142 5281//5131
f 5242//5092 5281//5131 5240//5090
f 5240//5090 5281//5131 5282//5132
f 5240//5090 5282//5132 5237//5087
f 5237//5087 5282//5132 5295//5145
f 5237//5087 5295//5145 5238//5088
f 5238//5088 5295//5145 5260//5110
f 5238//5088 5260//5110 5239//5089
f 5239//5089 5260//5110 5296//5146
f 5239//5089 5296//5146 5236//5086
f 5236//5086 5296//5146 5297//5147
f 5236//5086 5297//5147 5234//5084
f 5234//5084 5297//5147 5294//5144
f 5234//5084 5294//5144 5235//5085
f 5235//5085 5294//5144 5291//5141
f 5235//5085 5291//5141 5233//5083
f 5233//5083 5291//5141 5283//5133
f 5233//5083 5283//5133 5230//5080
f 5230//5080 5283//5133 5290//5140
f 5230//5080 5290//5140 5231//5081
f 5231//5081 5290//5140 5261//5111
f 5231//5081 5261//5111 5232//5082
f 5232//5082 5261//5111 5289//5139
f 5232//5082 5289//5139 5229//5079
f 5229//5079 5289//5139 5293//5143
f 5229//5079 5293//5143 5227//5077
f 5227//5077 5293//5143 5286//5136
f 5227//5077 5286//5136 5228//5078
f 5228//5078 5286//5136 5288//5138
f 5228//5078 5288//5138 5226//5076
f 5226//5076 5288//5138 5284//5134
f 5226//5076 5284//5134 5225//5075
f 5225//5075 5284//5134 5285//5135
f 5225//5075 5285//5135 5224//5074
f 5224//5074 5285//5135 5287//5137
f 5224//5074 5287//5137 5198//5048
f 5198//5048 5287//5137 5280//5130
f 5271//5121 5267//5117 5275//5125
f 5278//5128 5276//5126 5279//5129
f 5277//5127 5278//5128 5221//5071
f 5272//5122 5271//5121 5222//5072
f 5280//5130 5274//5124 5220//5070
f 5289//5139 5286//5136 5293//5143
f 5296//5146 5294//5144 5297//5147
f 5295//5145 5296//5146 5260//5110
f 5290//5140 5289//5139 5261//5111
f 5268//5118 5292//5142 5259//5109
f 5298//5148 5292//5142 5299//5149
f 5300//5150 5277//5127 5301//5151
f 5301//5151 5277//5127 5263//5113
f 5301//5151 5263//5113 5302//5152
f 5303//5153 5272//5122 5304//5154
f 5304//5154 5272//5122 5264//5114
f 5305//5155 5295//5145 5306//5156
f 5306//5156 5295//5145 5282//5132
f 5306//5156 5282//5132 5298//5148
f 5298//5148 5282//5132 5281//5131
f 5298//5148 5281//5131 5292//5142
f 5263//5113 5262//5112 5302//5152
f 5302//5152 5262//5112 5274//5124
f 5302//5152 5274//5124 5307//5157
f 5308//5158 5294//5144 5305//5155
f 5305//5155 5294//5144 5296//5146
f 5305//5155 5296//5146 5295//5145
f 5309//5159 5290//5140 5308//5158
f 5308//5158 5290//5140 5283//5133
f 5308//5158 5283//5133 5291//5141
f 5308//5158 5291//5141 5294//5144
f 5264//5114 5273//5123 5304//5154
f 5304//5154 5273//5123 5276//5126
f 5304//5154 5276//5126 5300//5150
f 5300//5150 5276//5126 5278//5128
f 5300//5150 5278//5128 5277//5127
f 5310//5160 5267//5117 5311//5161
f 5311//5161 5267//5117 5303//5153
f 5303//5153 5267//5117 5271//5121
f 5303//5153 5271//5121 5272//5122
f 5312//5162 5286//5136 5313//5163
f 5313//5163 5286//5136 5309//5159
f 5309//5159 5286//5136 5289//5139
f 5309//5159 5289//5139 5290//5140
f 5274//5124 5280//5130 5307//5157
f 5307//5157 5280//5130 5287//5137
f 5307//5157 5287//5137 5285//5135
f 5307//5157 5285//5135 5312//5162
f 5312//5162 5285//5135 5284//5134
f 5312//5162 5284//5134 5288//5138
f 5312//5162 5288//5138 5286//5136
f 5292//5142 5268//5118 5299//5149
f 5299//5149 5268//5118 5269//5119
f 5299//5149 5269//5119 5266//5116
f 5299//5149 5266//5116 5310//5160
f 5310//5160 5266//5116 5265//5115
f 5310//5160 5265//5115 5270//5120
f 5310//5160 5270//5120 5267//5117
f 5302//5152 5247//5097 5251//5101
f 5302//5152 5251//5101 5301//5151
f 5301//5151 5251//5101 5252//5102
f 5301//5151 5252//5102 5300//5150
f 5300//5150 5252//5102 5258//5108
f 5300//5150 5258//5108 5304//5154
f 5304//5154 5258//5108 5257//5107
f 5304//5154 5257//5107 5303//5153
f 5303//5153 5257//5107 5254//5104
f 5303//5153 5254//5104 5311//5161
f 5311//5161 5254//5104 5255//5105
f 5311//5161 5255//5105 5310//5160
f 5310//5160 5255//5105 5256//5106
f 5310//5160 5256//5106 5299//5149
f 5299//5149 5256//5106 5245//5095
f 5299//5149 5245//5095 5298//5148
f 5298//5148 5245//5095 5243//5093
f 5298//5148 5243//5093 5306//5156
f 5306//5156 5243//5093 5244//5094
f 5306//5156 5244//5094 5305//5155
f 5305//5155 5244//5094 5250//5100
f 5305//5155 5250//5100 5308//5158
f 5308//5158 5250//5100 5248//5098
f 5308//5158 5248//5098 5309//5159
f 5309//5159 5248//5098 5249//5099
f 5309//5159 5249//5099 5313//5163
f 5313//5163 5249//5099 5253//5103
f 5313//5163 5253//5103 5312//5162
f 5312//5162 5253//5103 5246//5096
f 5312//5162 5246//5096 5307//5157
f 5307//5157 5246//5096 5247//5097
f 5307//5157 5247//5097 5302//5152
f 5318//5168 5317//5167 5322//5172
f 5322//5172 5317//5167 5323//5173
f 5323//5173 5317//5167 5316//5166
f 5323//5173 5316//5166 5324//5174
f 5316//5166 5315//5165 5324//5174
f 5324//5174 5315//5165 5325//5175
f 5314//5164 5325//5175 5315//5165
f 5314//5164 5321//5171 5325//5175
f 5325//5175 5321//5171 5326//5176
f 5326//5176 5321//5171 5327//5177
f 5327//5177 5321//5171 5320//5170
f 5327//5177 5320//5170 5328//5178
f 5320//5170 5319//5169 5328//5178
f 5318//5168 5322//5172 5328//5178
f 5318//5168 5328//5178 5319//5169
f 5329//5179 5330//5180 5327//5177
f 5327//5177 5330//5180 5326//5176
f 5326//5176 5330//5180 5331//5181
f 5326//5176 5331//5181 5325//5175
f 5325//5175 5331//5181 5332//5182
f 5325//5175 5332//5182 5324//5174
f 5324//5174 5332//5182 5333//5183
f 5324//5174 5333//5183 5323//5173
f 5323//5173 5333//5183 5334//5184
f 5323//5173 5334//5184 5335//5185
f 5323//5173 5335//5185 5322//5172
f 5322//5172 5335//5185 5328//5178
f 5328//5178 5335//5185 5329//5179
f 5328//5178 5329//5179 5327//5177
f 5335//5185 5336//5186 5329//5179
f 5329//5179 5336//5186 5343//5193
f 5329//5179 5343//5193 5330//5180
f 5330//5180 5343//5193 5342//5192
f 5330//5180 5342//5192 5341//5191
f 5330//5180 5341//5191 5331//5181
f 5331//5181 5341//5191 5339//5189
f 5331//5181 5339//5189 5332//5182
f 5332//5182 5339//5189 5340//5190
f 5332//5182 5340//5190 5333//5183
f 5333//5183 5340//5190 5338//5188
f 5333//5183 5338//5188 5334//5184
f 5334//5184 5338//5188 5337//5187
f 5334//5184 5337//5187 5335//5185
f 5335//5185 5337//5187 5336//5186
f 5342//5192 5343//5193 5336//5186
f 5342//5192 5336//5186 5341//5191
f 5341//5191 5336//5186 5339//5189
f 5339//5189 5336//5186 5337//5187
f 5338//5188 5340//5190 5339//5189
f 5338//5188 5339//5189 5337//5187
f 5321//5171 5317//5167 5318//5168
f 5314//5164 5315//5165 5316//5166
f 5321//5171 5314//5164 5317//5167
f 5317//5167 5314//5164 5316//5166
f 5319//5169 5320//5170 5321//5171
f 5319//5169 5321//5171 5318//5168
f 5352//5202 5346//5196 5353//5203
f 5346//5196 5345//5195 5353//5203
f 5345//5195 5344//5194 5353//5203
f 5353//5203 5344//5194 5354//5204
f 5354//5204 5344//5194 5351//5201
f 5354//5204 5351//5201 5355//5205
f 5350//5200 5356//5206 5355//5205
f 5350//5200 5355//5205 5351//5201
f 5350//5200 5349//5199 5356//5206
f 5356//5206 5349//5199 5357//5207
f 5349//5199 5348//5198 5357//5207
f 5357//5207 5348//5198 5347//5197
f 5357//5207 5347//5197 5358//5208
f 5358//5208 5347//5197 5352//5202
f 5346//5196 5352//5202 5347//5197
f 5359//5209 5360//5210 5357//5207
f 5357//5207 5360//5210 5356//5206
f 5356//5206 5360//5210 5361//5211
f 5356//5206 5361//5211 5355//5205
f 5355//5205 5361//5211 5362//5212
f 5355//5205 5362//5212 5354//5204
f 5354//5204 5362//5212 5363//5213
f 5354//5204 5363//5213 5353//5203
f 5353//5203 5363//5213 5364//5214
f 5353//5203 5364//5214 5352//5202
f 5352//5202 5364//5214 5359//5209
f 5352//5202 5359//5209 5358//5208
f 5358//5208 5359//5209 5357//5207
f 5364//5214 5365//5215 5359//5209
f 5359//5209 5365//5215 5372//5222
f 5359//5209 5372//5222 5360//5210
f 5360//5210 5372//5222 5371//5221
f 5360//5210 5371//5221 5370//5220
f 5360//5210 5370//5220 5361//5211
f 5361//5211 5370//5220 5369//5219
f 5361//5211 5369//5219 5362//5212
f 5362//5212 5369//5219 5368//5218
f 5362//5212 5368//5218 5363//5213
f 5363//5213 5368//5218 5367//5217
f 5363//5213 5367//5217 5364//5214
f 5364//5214 5367//5217 5366//5216
f 5364//5214 5366//5216 5365//5215
f 5368//5218 5369//5219 5370//5220
f 5372//5222 5365//5215 5366//5216
f 5374//5224 5370//5220 5375//5225
f 5375//5225 5370//5220 5371//5221
f 5375//5225 5371//5221 5376//5226
f 5373//5223 5367//5217 5368//5218
f 5373//5223 5368//5218 5374//5224
f 5374//5224 5368//5218 5370//5220
f 5367//5217 5373//5223 5377//5227
f 5367//5217 5377//5227 5366//5216
f 5366//5216 5377//5227 5378//5228
f 5366//5216 5378//5228 5372//5222
f 5372//5222 5378//5228 5376//5226
f 5372//5222 5376//5226 5371//5221
f 5379//5229 5351//5201 5380//5230
f 5380//5230 5351//5201 5344//5194
f 5380//5230 5344//5194 5381//5231
f 5381//5231 5344//5194 5345//5195
f 5381//5231 5345//5195 5346//5196
f 5381//5231 5346//5196 5382//5232
f 5382//5232 5346//5196 5347//5197
f 5382//5232 5347//5197 5383//5233
f 5351//5201 5379//5229 5350//5200
f 5350//5200 5379//5229 5384//5234
f 5350//5200 5384//5234 5349//5199
f 5347//5197 5348//5198 5383//5233
f 5383//5233 5348//5198 5349//5199
f 5383//5233 5349//5199 5384//5234
f 5379//5229 5374//5224 5384//5234
f 5384//5234 5374//5224 5375//5225
f 5384//5234 5375//5225 5383//5233
f 5383//5233 5375//5225 5376//5226
f 5383//5233 5376//5226 5382//5232
f 5382//5232 5376//5226 5378//5228
f 5382//5232 5378//5228 5381//5231
f 5381//5231 5378//5228 5377//5227
f 5381//5231 5377//5227 5380//5230
f 5380//5230 5377//5227 5373//5223
f 5380//5230 5373//5223 5379//5229
f 5379//5229 5373//5223 5374//5224
f 5393//5243 5387//5237 5394//5244
f 5387//5237 5385//5235 5394//5244
f 5394//5244 5385//5235 5395//5245
f 5385//5235 5386//5236 5395//5245
f 5395//5245 5386//5236 5396//5246
f 5396//5246 5386//5236 5392//5242
f 5391//5241 5397//5247 5396//5246
f 5391//5241 5396//5246 5392//5242
f 5391//5241 5390//5240 5397//5247
f 5397//5247 5390//5240 5398//5248
f 5390//5240 5389//5239 5398//5248
f 5398//5248 5389//5239 5388//5238
f 5398//5248 5388//5238 5399//5249
f 5399//5249 5388//5238 5393//5243
f 5387//5237 5393//5243 5388//5238
f 5400//5250 5401//5251 5395//5245
f 5395//5245 5401//5251 5394//5244
f 5394//5244 5401//5251 5402//5252
f 5394//5244 5402//5252 5393//5243
f 5393//5243 5402//5252 5403//5253
f 5393//5243 5403//5253 5399//5249
f 5399//5249 5403//5253 5404//5254
f 5399//5249 5404//5254 5398//5248
f 5398//5248 5404//5254 5405//5255
f 5398//5248 5405//5255 5397//5247
f 5397//5247 5405//5255 5406//5256
f 5397//5247 5406//5256 5396//5246
f 5396//5246 5406//5256 5400//5250
f 5396//5246 5400//5250 5395//5245
f 5402//5252 5407//5257 5403//5253
f 5403//5253 5407//5257 5414//5264
f 5403//5253 5414//5264 5404//5254
f 5404//5254 5414//5264 5413//5263
f 5404//5254 5413//5263 5405//5255
f 5405//5255 5413//5263 5412//5262
f 5405//5255 5412//5262 5406//5256
f 5406//5256 5412//5262 5411//5261
f 5406//5256 5411//5261 5400//5250
f 5400//5250 5411//5261 5410//5260
f 5400//5250 5410//5260 5401//5251
f 5401//5251 5410//5260 5409//5259
f 5401//5251 5409//5259 5408//5258
f 5401//5251 5408//5258 5402//5252
f 5402//5252 5408//5258 5407//5257
f 5410//5260 5411//5261 5407//5257
f 5407//5257 5411//5261 5412//5262
f 5409//5259 5410//5260 5408//5258
f 5408//5258 5410//5260 5407//5257
f 5413//5263 5414//5264 5407//5257
f 5413//5263 5407//5257 5412//5262
f 5385//5235 5389//5239 5390//5240
f 5387//5237 5388//5238 5389//5239
f 5387//5237 5389//5239 5385//5235
f 5391//5241 5392//5242 5386//5236
f 5391//5241 5386//5236 5390//5240
f 5390//5240 5386//5236 5385//5235
f 5415//5265 5416//5266 5417//5267
f 5415//5265 5417//5267 5418//5268
f 5418//5268 5417//5267 5419//5269
f 5419//5269 5417//5267 5420//5270
f 5419//5269 5420//5270 5421//5271
f 5419//5269 5421//5271 5422//5272
f 5422//5272 5421//5271 5423//5273
f 5422//5272 5423//5273 5424//5274
f 5424//5274 5423//5273 5425//5275
f 5424//5274 5425//5275 5426//5276
f 5426//5276 5425//5275 5427//5277
f 5426//5276 5427//5277 5450//5300
f 5450//5300 5427//5277 5416//5266
f 5450//5300 5416//5266 5415//5265
f 5432//5282 5431//5281 5436//5286
f 5436//5286 5431//5281 5437//5287
f 5437//5287 5431//5281 5438//5288
f 5438//5288 5431//5281 5430//5280
f 5438//5288 5430//5280 5439//5289
f 5430//5280 5428//5278 5439//5289
f 5429//5279 5440//5290 5428//5278
f 5428//5278 5440//5290 5439//5289
f 5440//5290 5429//5279 5441//5291
f 5441//5291 5429//5279 5435//5285
f 5441//5291 5435//5285 5434//5284
f 5441//5291 5434//5284 5442//5292
f 5434//5284 5433//5283 5442//5292
f 5442//5292 5433//5283 5436//5286
f 5432//5282 5436//5286 5433//5283
f 5443//5293 5444//5294 5438//5288
f 5438//5288 5444//5294 5437//5287
f 5437//5287 5444//5294 5445//5295
f 5437//5287 5445//5295 5436//5286
f 5436//5286 5445//5295 5446//5296
f 5436//5286 5446//5296 5442//5292
f 5442//5292 5446//5296 5447//5297
f 5442//5292 5447//5297 5441//5291
f 5441//5291 5447//5297 5448//5298
f 5441//5291 5448//5298 5440//5290
f 5440//5290 5448//5298 5439//5289
f 5439//5289 5448//5298 5443//5293
f 5439//5289 5443//5293 5438//5288
f 5445//5295 5449//5299 5446//5296
f 5446//5296 5449//5299 5451//5301
f 5446//5296 5451//5301 5447//5297
f 5447//5297 5451//5301 5422//5272
f 5447//5297 5422//5272 5424//5274
f 5447//5297 5424//5274 5448//5298
f 5448//5298 5424//5274 5426//5276
f 5448//5298 5426//5276 5450//5300
f 5448//5298 5450//5300 5443//5293
f 5443//5293 5450//5300 5415//5265
f 5443//5293 5415//5265 5444//5294
f 5444//5294 5415//5265 5418//5268
f 5444//5294 5418//5268 5445//5295
f 5445//5295 5418//5268 5449//5299
f 5422//5272 5451//5301 5419//5269
f 5419//5269 5451//5301 5449//5299
f 5419//5269 5449//5299 5418//5268
f 5452//5302 5433//5283 5453//5303
f 5453//5303 5433//5283 5434//5284
f 5453//5303 5434//5284 5454//5304
f 5454//5304 5434//5284 5435//5285
f 5435//5285 5429//5279 5454//5304
f 5454//5304 5429//5279 5428//5278
f 5454//5304 5428//5278 5455//5305
f 5455//5305 5428//5278 5430//5280
f 5455//5305 5430//5280 5456//5306
f 5456//5306 5430//5280 5431//5281
f 5456//5306 5431//5281 5457//5307
f 5457//5307 5431//5281 5432//5282
f 5457//5307 5432//5282 5452//5302
f 5452//5302 5432//5282 5433//5283
f 5452//5302 5420//5270 5457//5307
f 5457//5307 5420//5270 5417//5267
f 5457//5307 5417//5267 5456//5306
f 5456//5306 5417//5267 5416//5266
f 5456//5306 5416//5266 5455//5305
f 5455//5305 5416//5266 5427//5277
f 5455//5305 5427//5277 5454//5304
f 5454//5304 5427//5277 5425//5275
f 5454//5304 5425//5275 5453//5303
f 5453//5303 5425//5275 5423//5273
f 5453//5303 5423//5273 5421//5271
f 5453//5303 5421//5271 5452//5302
f 5452//5302 5421//5271 5420//5270
f 5458//5308 5459//5309 5460//5310
f 5460//5310 5459//5309 5461//5311
f 5462//5312 5467//5317 5463//5313
f 5463//5313 5467//5317 5464//5314
f 5463//5313 5464//5314 5458//5308
f 5458//5308 5464//5314 5459//5309
f 5465//5315 5466//5316 5467//5317
f 5465//5315 5467//5317 5462//5312
f 5465//5315 5462//5312 5468//5318
f 5468//5318 5462//5312 5463//5313
f 5468//5318 5463//5313 5460//5310
f 5460//5310 5463//5313 5458//5308
f 5461//5311 5459//5309 5469//5319
f 5469//5319 5459//5309 5464//5314
f 5469//5319 5464//5314 5466//5316
f 5466//5316 5464//5314 5467//5317
f 5460//5310 5461//5311 5468//5318
f 5469//5319 5466//5316 5465//5315
f 5465//5315 5468//5318 5469//5319
f 5469//5319 5468//5318 5461//5311
f 5473//5323 5472//5322 5474//5324
f 5473//5323 5474//5324 5471//5321
f 5471//5321 5474//5324 5475//5325
f 5471//5321 5475//5325 5470//5320
f 5471//5321 5475//5325 5473//5323
f 5473//5323 5475//5325 5474//5324
f 5476//5326 5477//5327 5478//5328
f 5479//5329 5476//5326 5480//5330
f 5480//5330 5476//5326 5478//5328
f 5480//5330 5478//5328 5481//5331
f 5480//5330 5481//5331 5482//5332
f 5482//5332 5481//5331 5483//5333
f 5484//5334 5485//5335 5486//5336
f 5487//5337 5484//5334 5488//5338
f 5488//5338 5484//5334 5486//5336
f 5488//5338 5486//5336 5489//5339
f 5488//5338 5489//5339 5490//5340
f 5490//5340 5489//5339 5491//5341
f 5492//5342 5493//5343 5494//5344
f 5492//5342 5494//5344 5495//5345
f 5495//5345 5494//5344 5496//5346
f 5495//5345 5496//5346 5497//5347
f 5497//5347 5496//5346 5498//5348
f 5497//5347 5498//5348 5499//5349
f 5499//5349 5498//5348 5500//5350
f 5499//5349 5500//5350 5501//5351
f 5500//5350 5502//5352 5501//5351
f 5501//5351 5502//5352 5503//5353
f 5504//5354 5505//5355 5506//5356
f 5506//5356 5505//5355 5507//5357
f 5507//5357 5505//5355 5508//5358
f 5507//5357 5508//5358 5509//5359
f 5509//5359 5508//5358 5510//5360
f 5509//5359 5510//5360 5511//5361
f 5511//5361 5510//5360 5512//5362
f 5511//5361 5512//5362 5513//5363
f 5513//5363 5512//5362 5514//5364
f 5513//5363 5514//5364 5515//5365
f 5515//5365 5514//5364 5516//5366
f 5515//5365 5516//5366 5517//5367
f 5518//5368 5519//5369 5520//5370
f 5518//5368 5520//5370 5521//5371
f 5521//5371 5520//5370 5522//5372
f 5521//5371 5522//5372 5523//5373
f 5523//5373 5522//5372 5524//5374
f 5523//5373 5524//5374 5525//5375
f 5525//5375 5524//5374 5526//5376
f 5525//5375 5526//5376 5527//5377
f 5525//5375 5527//5377 5528//5378
f 5527//5377 5529//5379 5528//5378
f 5528//5378 5529//5379 5530//5380
f 5531//5381 5532//5382 5533//5383
f 5533//5383 5532//5382 5534//5384
f 5534//5384 5532//5382 5535//5385
f 5534//5384 5535//5385 5536//5386
f 5536//5386 5535//5385 5537//5387
f 5536//5386 5537//5387 5538//5388
f 5538//5388 5537//5387 5539//5389
f 5538//5388 5539//5389 5540//5390
f 5540//5390 5539//5389 5541//5391
f 5541//5391 5539//5389 5542//5392
f 5541//5391 5542//5392 5543//5393
f 5541//5391 5543//5393 5544//5394
f 5545//5395 5546//5396 5547//5397
f 5547//5397 5546//5396 5548//5398
f 5547//5397 5548//5398 5549//5399
f 5549//5399 5548//5398 5550//5400
f 5549//5399 5550//5400 5551//5401
f 5551//5401 5550//5400 5552//5402
f 5551//5401 5552//5402 5553//5403
f 5553//5403 5552//5402 5554//5404
f 5553//5403 5554//5404 5545//5395
f 5545//5395 5554//5404 5546//5396
f 5555//5405 5556//5406 5557//5407
f 5557//5407 5556//5406 5558//5408
f 5557//5407 5558//5408 5559//5409
f 5559//5409 5558//5408 5560//5410
f 5559//5409 5560//5410 5561//5411
f 5561//5411 5560//5410 5562//5412
f 5561//5411 5562//5412 5563//5413
f 5563//5413 5562//5412 5564//5414
f 5563//5413 5564//5414 5555//5405
f 5555//5405 5564//5414 5556//5406
f 5565//5415 5566//5416 5567//5417
f 5567//5417 5566//5416 5568//5418
f 5567//5417 5568//5418 5569//5419
f 5569//5419 5568//5418 5570//5420
f 5569//5419 5570//5420 5571//5421
f 5571//5421 5570//5420 5572//5422
f 5571//5421 5572//5422 5573//5423
f 5573//5423 5572//5422 5574//5424
f 5573//5423 5574//5424 5565//5415
f 5565//5415 5574//5424 5566//5416
f 5575//5425 5576//5426 5577//5427
f 5577//5427 5576//5426 5578//5428
f 5577//5427 5578//5428 5579//5429
f 5579//5429 5578//5428 5580//5430
f 5579//5429 5580//5430 5581//5431
f 5581//5431 5580//5430 5582//5432
f 5581//5431 5582//5432 5583//5433
f 5583//5433 5582//5432 5584//5434
f 5583//5433 5584//5434 5575//5425
f 5575//5425 5584//5434 5576//5426
f 5586//5436 5585//5435 5587//5437
f 5586//5436 5587//5437 5588//5438
f 5588//5438 5587//5437 5589//5439
f 5588//5438 5589//5439 5590//5440
f 5590//5440 5589//5439 5591//5441
f 5590//5440 5591//5441 5592//5442
f 5592//5442 5591//5441 5593//5443
f 5592//5442 5593//5443 5594//5444
f 5594//5444 5593//5443 5595//5445
f 5594//5444 5595//5445 5596//5446
f 5596//5446 5595//5445 5597//5447
f 5596//5446 5597//5447 5598//5448
f 5598//5448 5597//5447 5599//5449
f 5598//5448 5599//5449 5600//5450
f 5600//5450 5599//5449 5585//5435
f 5600//5450 5585//5435 5586//5436
f 5601//5451 5595//5445 5602//5452
f 5602//5452 5595//5445 5593//5443
f 5602//5452 5593//5443 5603//5453
f 5603//5453 5593//5443 5604//5454
f 5585//5435 5605//5455 5587//5437
f 5587//5437 5605//5455 5606//5456
f 5587//5437 5606//5456 5589//5439
f 5589//5439 5606//5456 5604//5454
f 5589//5439 5604//5454 5591//5441
f 5591//5441 5604//5454 5593//5443
f 5605//5455 5585//5435 5607//5457
f 5607//5457 5585//5435 5599//5449
f 5607//5457 5599//5449 5608//5458
f 5608//5458 5599//5449 5597//5447
f 5608//5458 5597//5447 5601//5451
f 5601//5451 5597//5447 5595//5445
f 5602//5452 5609//5459 5610//5460
f 5602//5452 5610//5460 5601//5451
f 5601//5451 5610//5460 5611//5461
f 5601//5451 5611//5461 5608//5458
f 5608//5458 5611//5461 5612//5462
f 5608//5458 5612//5462 5613//5463
f 5608//5458 5613//5463 5607//5457
f 5607//5457 5613//5463 5614//5464
f 5607//5457 5614//5464 5605//5455
f 5605//5455 5614//5464 5615//5465
f 5605//5455 5615//5465 5616//5466
f 5605//5455 5616//5466 5606//5456
f 5606//5456 5616//5466 5617//5467
f 5606//5456 5617//5467 5604//5454
f 5604//5454 5617//5467 5618//5468
f 5604//5454 5618//5468 5619//5469
f 5604//5454 5619//5469 5603//5453
f 5603//5453 5619//5469 5620//5470
f 5603//5453 5620//5470 5602//5452
f 5602//5452 5620//5470 5609//5459
f 5621//5471 5613//5463 5612//5462
f 5621//5471 5612//5462 5611//5461
f 5621//5471 5611//5461 5622//5472
f 5622//5472 5611//5461 5610//5460
f 5622//5472 5610//5460 5609//5459
f 5622//5472 5609//5459 5620//5470
f 5622//5472 5620//5470 5623//5473
f 5623//5473 5620//5470 5619//5469
f 5623//5473 5619//5469 5618//5468
f 5623//5473 5618//5468 5617//5467
f 5623//5473 5617//5467 5624//5474
f 5624//5474 5617//5467 5616//5466
f 5624//5474 5616//5466 5615//5465
f 5624//5474 5615//5465 5614//5464
f 5624//5474 5614//5464 5621//5471
f 5621//5471 5614//5464 5613//5463
f 5627//5476 5626//5475 5625//3111
f 5625//3111 5628//5477 5629//5478
f 5626//5475 5628//5477 5625//3111
f 5629//5478 5630//5479 5625//3111
f 5625//3111 5631//5480 5627//5476
f 5630//5479 5631//5480 5625//3111
f 5627//5476 5624//5474 5626//5475
f 5626//5475 5624//5474 5621//5471
f 5626//5475 5621//5471 5628//5477
f 5628//5477 5621//5471 5622//5472
f 5628//5477 5622//5472 5629//5478
f 5629//5478 5622//5472 5630//5479
f 5630//5479 5622//5472 5623//5473
f 5630//5479 5623//5473 5631//5480
f 5631//5480 5623//5473 5624//5474
f 5631//5480 5624//5474 5627//5476
f 5633//5482 5634//5483 5632//5481
f 5632//5481 5635//5484 5633//5482
f 5632//5481 5636//5485 5637//5486
f 5632//5481 5637//5486 5635//5484
f 5638//5487 5639//5488 5632//5481
f 5632//5481 5639//5488 5636//5485
f 5632//5481 5640//5489 5638//5487
f 5641//5490 5642//5491 5643//5492
f 5643//5492 5642//5491 5644//5493
f 5645//5494 5646//5495 5647//5496
f 5647//5496 5646//5495 5648//5497
f 5649//5498 5650//5499 5651//5500
f 5651//5500 5650//5499 5652//5501
f 5653//5502 5654//5503 5655//5504
f 5655//5504 5654//5503 5656//5505
f 5654//5503 5657//5506 5656//5505
f 5656//5505 5657//5506 5658//5507
f 5657//5506 5659//5508 5658//5507
f 5658//5507 5659//5508 5660//5509
f 5649//5498 5660//5509 5650//5499
f 5650//5499 5660//5509 5659//5508
f 5650//5499 5659//5508 5506//5356
f 5506//5356 5659//5508 5504//5354
f 5661//5510 5651//5500 5652//5501
f 5517//5367 5516//5366 5652//5501
f 5652//5501 5516//5366 5662//5511
f 5652//5501 5662//5511 5661//5510
f 5663//5512 5664//5513 5665//5514
f 5665//5514 5664//5513 5666//5515
f 5665//5514 5666//5515 5662//5511
f 5662//5511 5666//5515 5661//5510
f 5667//5516 5668//5517 5669//5518
f 5669//5518 5668//5517 5670//5519
f 5669//5518 5670//5519 5671//5520
f 5671//5520 5670//5519 5672//5521
f 5645//5494 5668//5517 5646//5495
f 5646//5495 5668//5517 5667//5516
f 5646//5495 5667//5516 5518//5368
f 5518//5368 5667//5516 5519//5369
f 5673//5522 5647//5496 5648//5497
f 5530//5380 5529//5379 5648//5497
f 5648//5497 5529//5379 5674//5523
f 5648//5497 5674//5523 5673//5522
f 5674//5523 5675//5524 5673//5522
f 5673//5522 5675//5524 5676//5525
f 5675//5524 5677//5526 5676//5525
f 5676//5525 5677//5526 5678//5527
f 5677//5526 5679//5528 5678//5527
f 5678//5527 5679//5528 5680//5529
f 5681//5530 5682//5531 5683//5532
f 5683//5532 5682//5531 5684//5533
f 5682//5531 5685//5534 5684//5533
f 5684//5533 5685//5534 5686//5535
f 5685//5534 5687//5536 5686//5535
f 5686//5535 5687//5536 5688//5537
f 5641//5490 5688//5537 5642//5491
f 5642//5491 5688//5537 5687//5536
f 5642//5491 5687//5536 5533//5383
f 5533//5383 5687//5536 5531//5381
f 5689//5538 5643//5492 5644//5493
f 5544//5394 5543//5393 5644//5493
f 5644//5493 5543//5393 5690//5539
f 5644//5493 5690//5539 5689//5538
f 5691//5540 5632//5481 5634//5483
f 5691//5540 5634//5483 5692//5541
f 5692//5541 5634//5483 5633//5482
f 5692//5541 5633//5482 5693//5542
f 5693//5542 5633//5482 5635//5484
f 5693//5542 5635//5484 5694//5543
f 5694//5543 5635//5484 5637//5486
f 5694//5543 5637//5486 5695//5544
f 5695//5544 5637//5486 5636//5485
f 5695//5544 5636//5485 5696//5545
f 5696//5545 5636//5485 5639//5488
f 5696//5545 5639//5488 5697//5546
f 5697//5546 5639//5488 5698//5547
f 5698//5547 5639//5488 5638//5487
f 5698//5547 5638//5487 5699//5548
f 5699//5548 5638//5487 5640//5489
f 5699//5548 5640//5489 5632//5481
f 5699//5548 5632//5481 5691//5540
f 5700//5549 5701//5550 5702//5551
f 5702//5551 5701//5550 5703//5552
f 5704//5553 5700//5549 5705//5554
f 5705//5554 5700//5549 5702//5551
f 5706//5555 5704//5553 5707//5556
f 5707//5556 5704//5553 5705//5554
f 5707//5556 5708//5557 5709//5558
f 5503//5353 5502//5352 5709//5558
f 5709//5558 5502//5352 5706//5555
f 5709//5558 5706//5555 5707//5556
f 5710//5559 5711//5560 5708//5557
f 5708//5557 5711//5560 5709//5558
f 5710//5559 5712//5561 5711//5560
f 5711//5560 5712//5561 5713//5562
f 5711//5560 5713//5562 5492//5342
f 5492//5342 5713//5562 5493//5343
f 5713//5562 5712//5561 5714//5563
f 5714//5563 5712//5561 5715//5564
f 5714//5563 5715//5564 5716//5565
f 5716//5565 5715//5564 5717//5566
f 5718//5567 5719//5568 5720//5569
f 5720//5569 5719//5568 5721//5570
f 5720//5569 5721//5570 5690//5539
f 5690//5539 5721//5570 5689//5538
f 5722//5571 5723//5572 5724//5573
f 5725//5574 5726//5575 5728//5577
f 5727//5576 5728//5577 5726//5575
f 5727//5576 5729//5578 5730//5579
f 5724//5573 5723//5572 5727//5576
f 5727//5576 5723//5572 5729//5578
f 5727//5576 5730//5579 5728//5577
f 5728//5577 5730//5579 5731//5580
f 5724//5573 5732//5581 5722//5571
f 5722//5571 5732//5581 5733//5582
f 5732//5581 5734//5583 5733//5582
f 5735//5584 5736//5585 5737//5586
f 5737//5586 5736//5585 5733//5582
f 5737//5586 5733//5582 5734//5583
f 5738//5587 5739//5588 5477//5327
f 5477//5327 5739//5588 5478//5328
f 5478//5328 5739//5588 5740//5589
f 5478//5328 5740//5589 5481//5331
f 5481//5331 5740//5589 5741//5590
f 5481//5331 5741//5590 5483//5333
f 5483//5333 5741//5590 5742//5591
f 5744//5593 5743//5592 5747//5596
f 5744//5593 5747//5596 5483//5333
f 5744//5593 5483//5333 5742//5591
f 5745//5594 5743//5592 5746//5595
f 5746//5595 5743//5592 5744//5593
f 5746//5595 5744//5593 5748//5597
f 5746//5595 5748//5597 5749//5598
f 5748//5597 5753//5602 5749//5598
f 5725//5574 5750//5599 5726//5575
f 5726//5575 5750//5599 5751//5600
f 5751//5600 5750//5599 5752//5601
f 5751//5600 5752//5601 5753//5602
f 5751//5600 5753//5602 5748//5597
f 5688//5537 5641//5490 5686//5535
f 5686//5535 5641//5490 5643//5492
f 5643//5492 5684//5533 5686//5535
f 5683//5532 5684//5533 5754//5603
f 5643//5492 5689//5538 5684//5533
f 5684//5533 5689//5538 5721//5570
f 5684//5533 5721//5570 5719//5568
f 5735//5584 5755//5604 5736//5585
f 5736//5585 5755//5604 5756//5605
f 5757//5606 5678//5527 5680//5529
f 5678//5527 5672//5521 5670//5519
f 5678//5527 5670//5519 5676//5525
f 5676//5525 5670//5519 5668//5517
f 5676//5525 5668//5517 5645//5494
f 5647//5496 5673//5522 5645//5494
f 5645//5494 5673//5522 5676//5525
f 5485//5335 5484//5334 5758//5607
f 5758//5607 5484//5334 5759//5608
f 5768//5617 5760//5609 5761//5610
f 5762//5611 5763//5612 5764//5613
f 5761//5610 5766//5615 5765//5614
f 5764//5613 5763//5612 5761//5610
f 5761//5610 5763//5612 5766//5615
f 5767//5616 5768//5617 5765//5614
f 5764//5613 5769//5618 5762//5611
f 5762//5611 5769//5618 5770//5619
f 5769//5618 5771//5620 5770//5619
f 5772//5621 5773//5622 5774//5623
f 5774//5623 5773//5622 5770//5619
f 5774//5623 5770//5619 5771//5620
f 5758//5607 5775//5624 5485//5335
f 5485//5335 5775//5624 5486//5336
f 5486//5336 5775//5624 5776//5625
f 5486//5336 5776//5625 5489//5339
f 5489//5339 5776//5625 5777//5626
f 5489//5339 5777//5626 5491//5341
f 5491//5341 5777//5626 5778//5627
f 5780//5629 5779//5628 5783//5632
f 5780//5629 5783//5632 5491//5341
f 5780//5629 5491//5341 5778//5627
f 5781//5630 5779//5628 5782//5631
f 5782//5631 5779//5628 5780//5629
f 5782//5631 5780//5629 5784//5633
f 5782//5631 5784//5633 5785//5634
f 5785//5634 5784//5633 5786//5635
f 5786//5635 5784//5633 5787//5636
f 5786//5635 5787//5636 5788//5637
f 5788//5637 5787//5636 5789//5638
f 5789//5638 5787//5636 5790//5639
f 5761//5610 5760//5609 5790//5639
f 5790//5639 5760//5609 5789//5638
f 5761//5610 5765//5614 5768//5617
f 5791//5640 5655//5504 5656//5505
f 5660//5509 5649//5498 5658//5507
f 5658//5507 5649//5498 5651//5500
f 5666//5515 5656//5505 5661//5510
f 5661//5510 5656//5505 5658//5507
f 5661//5510 5658//5507 5651//5500
f 5656//5505 5666//5515 5664//5513
f 5773//5622 5772//5621 5792//5641
f 5792//5641 5772//5621 5793//5642
f 5792//5641 5794//5643 5773//5622
f 5773//5622 5794//5643 5795//5644
f 5796//5645 5762//5611 5795//5644
f 5795//5644 5762//5611 5770//5619
f 5795//5644 5770//5619 5773//5622
f 5488//5338 5797//5646 5487//5337
f 5794//5643 5798//5647 5795//5644
f 5798//5647 5799//5648 5795//5644
f 5795//5644 5799//5648 5796//5645
f 5796//5645 5799//5648 5800//5649
f 5796//5645 5800//5649 5801//5650
f 5796//5645 5801//5650 5802//5651
f 5802//5651 5801//5650 5803//5652
f 5802//5651 5803//5652 5804//5653
f 5804//5653 5803//5652 5805//5654
f 5804//5653 5805//5654 5806//5655
f 5806//5655 5805//5654 5807//5656
f 5805//5654 5808//5657 5807//5656
f 5807//5656 5808//5657 5809//5658
f 5808//5657 5810//5659 5809//5658
f 5809//5658 5810//5659 5811//5660
f 5810//5659 5812//5661 5811//5660
f 5811//5660 5812//5661 5490//5340
f 5490//5340 5812//5661 5813//5662
f 5490//5340 5813//5662 5488//5338
f 5813//5662 5814//5663 5488//5338
f 5488//5338 5814//5663 5797//5646
f 5800//5649 5664//5513 5663//5512
f 5800//5649 5663//5512 5815//5664
f 5800//5649 5799//5648 5664//5513
f 5664//5513 5799//5648 5656//5505
f 5794//5643 5791//5640 5798//5647
f 5798//5647 5791//5640 5656//5505
f 5798//5647 5656//5505 5799//5648
f 5487//5337 5797//5646 5757//5606
f 5757//5606 5797//5646 5678//5527
f 5816//5665 5671//5520 5672//5521
f 5678//5527 5797//5646 5814//5663
f 5678//5527 5814//5663 5672//5521
f 5672//5521 5814//5663 5813//5662
f 5672//5521 5813//5662 5816//5665
f 5816//5665 5813//5662 5812//5661
f 5816//5665 5812//5661 5817//5666
f 5817//5666 5812//5661 5810//5659
f 5817//5666 5810//5659 5808//5657
f 5817//5666 5808//5657 5818//5667
f 5818//5667 5808//5657 5805//5654
f 5818//5667 5805//5654 5819//5668
f 5805//5654 5803//5652 5819//5668
f 5819//5668 5803//5652 5815//5664
f 5803//5652 5801//5650 5815//5664
f 5815//5664 5801//5650 5800//5649
f 5476//5326 5820//5669 5477//5327
f 5477//5327 5820//5669 5738//5587
f 5822//5671 5701//5550 5823//5672
f 5681//5530 5825//5674 5826//5675
f 5823//5672 5701//5550 5827//5676
f 5706//5555 5827//5676 5701//5550
f 5706//5555 5701//5550 5704//5553
f 5704//5553 5701//5550 5700//5549
f 5657//5506 5654//5503 5653//5502
f 5685//5534 5682//5531 5687//5536
f 5687//5536 5682//5531 5681//5530
f 5691//5540 5674//5523 5529//5379
f 5691//5540 5529//5379 5699//5548
f 5659//5508 5706//5555 5504//5354
f 5504//5354 5706//5555 5502//5352
f 5681//5530 5826//5675 5828//5677
f 5681//5530 5828//5677 5679//5528
f 5679//5528 5828//5677 5821//5670
f 5677//5526 5675//5524 5679//5528
f 5679//5528 5675//5524 5674//5523
f 5659//5508 5657//5506 5653//5502
f 5659//5508 5653//5502 5706//5555
f 5706//5555 5653//5502 5827//5676
f 5827//5676 5653//5502 5824//5673
f 5500//5350 5498//5348 5504//5354
f 5504//5354 5498//5348 5496//5346
f 5537//5387 5535//5385 5691//5540
f 5691//5540 5535//5385 5532//5382
f 5681//5530 5679//5528 5687//5536
f 5687//5536 5679//5528 5674//5523
f 5687//5536 5674//5523 5531//5381
f 5531//5381 5674//5523 5691//5540
f 5531//5381 5691//5540 5532//5382
f 5504//5354 5496//5346 5830//5679
f 5504//5354 5830//5679 5505//5355
f 5830//5679 5508//5358 5505//5355
f 5691//5540 5692//5541 5537//5387
f 5537//5387 5692//5541 5693//5542
f 5537//5387 5693//5542 5539//5389
f 5539//5389 5693//5542 5694//5543
f 5500//5350 5504//5354 5502//5352
f 5496//5346 5494//5344 5830//5679
f 5830//5679 5494//5344 5831//5680
f 5831//5680 5494//5344 5493//5343
f 5831//5680 5493//5343 5832//5681
f 5832//5681 5493//5343 5713//5562
f 5832//5681 5713//5562 5716//5565
f 5716//5565 5713//5562 5714//5563
f 5543//5393 5829//5678 5690//5539
f 5690//5539 5829//5678 5718//5567
f 5690//5539 5718//5567 5720//5569
f 5819//5668 5516//5366 5818//5667
f 5818//5667 5516//5366 5514//5364
f 5819//5668 5815//5664 5516//5366
f 5516//5366 5815//5664 5662//5511
f 5662//5511 5815//5664 5663//5512
f 5699//5548 5529//5379 5698//5547
f 5698//5547 5529//5379 5512//5362
f 5698//5547 5512//5362 5510//5360
f 5829//5678 5543//5393 5833//5682
f 5833//5682 5543//5393 5830//5679
f 5830//5679 5543//5393 5542//5392
f 5830//5679 5542//5392 5539//5389
f 5671//5520 5816//5665 5514//5364
f 5514//5364 5816//5665 5817//5666
f 5514//5364 5817//5666 5818//5667
f 5665//5514 5662//5511 5663//5512
f 5512//5362 5522//5372 5514//5364
f 5514//5364 5522//5372 5520//5370
f 5510//5360 5508//5358 5696//5545
f 5696//5545 5508//5358 5830//5679
f 5696//5545 5830//5679 5695//5544
f 5695//5544 5830//5679 5539//5389
f 5695//5544 5539//5389 5694//5543
f 5529//5379 5527//5377 5526//5376
f 5529//5379 5526//5376 5512//5362
f 5512//5362 5526//5376 5524//5374
f 5512//5362 5524//5374 5522//5372
f 5520//5370 5519//5369 5514//5364
f 5514//5364 5519//5369 5671//5520
f 5671//5520 5519//5369 5667//5516
f 5510//5360 5696//5545 5697//5546
f 5510//5360 5697//5546 5698//5547
f 5669//5518 5671//5520 5667//5516
f 5710//5559 5708//5557 5707//5556
f 5834//5683 5702//5551 5703//5552
f 5707//5556 5705//5554 5710//5559
f 5702//5551 5717//5566 5715//5564
f 5702//5551 5715//5564 5705//5554
f 5705//5554 5715//5564 5712//5561
f 5705//5554 5712//5561 5710//5559
f 5479//5329 5835//5684 5834//5683
f 5834//5683 5835//5684 5702//5551
f 5832//5681 5716//5565 5717//5566
f 5702//5551 5835//5684 5836//5685
f 5702//5551 5836//5685 5717//5566
f 5717//5566 5836//5685 5837//5686
f 5717//5566 5837//5686 5832//5681
f 5838//5687 5719//5568 5718//5567
f 5838//5687 5718//5567 5829//5678
f 5838//5687 5839//5688 5719//5568
f 5719//5568 5839//5688 5684//5533
f 5840//5689 5754//5603 5841//5690
f 5841//5690 5754//5603 5684//5533
f 5841//5690 5684//5533 5839//5688
f 5832//5681 5837//5686 5842//5691
f 5832//5681 5842//5691 5831//5680
f 5831//5680 5842//5691 5843//5692
f 5831//5680 5843//5692 5844//5693
f 5831//5680 5844//5693 5830//5679
f 5830//5679 5844//5693 5845//5694
f 5830//5679 5845//5694 5833//5682
f 5845//5694 5846//5695 5833//5682
f 5833//5682 5846//5695 5829//5678
f 5846//5695 5847//5696 5829//5678
f 5829//5678 5847//5696 5838//5687
f 5480//5330 5835//5684 5479//5329
f 5840//5689 5841//5690 5848//5697
f 5841//5690 5839//5688 5848//5697
f 5848//5697 5839//5688 5849//5698
f 5849//5698 5839//5688 5838//5687
f 5849//5698 5838//5687 5847//5696
f 5849//5698 5847//5696 5850//5699
f 5850//5699 5847//5696 5846//5695
f 5850//5699 5846//5695 5851//5700
f 5851//5700 5846//5695 5845//5694
f 5851//5700 5845//5694 5852//5701
f 5852//5701 5845//5694 5853//5702
f 5845//5694 5844//5693 5853//5702
f 5853//5702 5844//5693 5854//5703
f 5844//5693 5843//5692 5854//5703
f 5854//5703 5843//5692 5855//5704
f 5843//5692 5842//5691 5855//5704
f 5855//5704 5842//5691 5482//5332
f 5482//5332 5842//5691 5837//5686
f 5482//5332 5837//5686 5480//5330
f 5837//5686 5836//5685 5480//5330
f 5480//5330 5836//5685 5835//5684
f 5756//5605 5840//5689 5736//5585
f 5736//5585 5840//5689 5848//5697
f 5849//5698 5722//5571 5848//5697
f 5848//5697 5722//5571 5733//5582
f 5848//5697 5733//5582 5736//5585
f 5820//5669 5856//5705 5857//5706
f 5755//5604 5735//5584 5737//5586
f 5755//5604 5737//5586 5858//5707
f 5858//5707 5737//5586 5859//5708
f 5737//5586 5734//5583 5859//5708
f 5734//5583 5732//5581 5859//5708
f 5859//5708 5732//5581 5860//5709
f 5732//5581 5724//5573 5860//5709
f 5724//5573 5727//5576 5860//5709
f 5860//5709 5727//5576 5861//5710
f 5727//5576 5726//5575 5861//5710
f 5861//5710 5726//5575 5751//5600
f 5861//5710 5751//5600 5862//5711
f 5751//5600 5748//5597 5862//5711
f 5862//5711 5748//5597 5863//5712
f 5863//5712 5748//5597 5744//5593
f 5863//5712 5744//5593 5742//5591
f 5863//5712 5742//5591 5864//5713
f 5864//5713 5742//5591 5741//5590
f 5864//5713 5741//5590 5740//5589
f 5864//5713 5740//5589 5857//5706
f 5738//5587 5820//5669 5739//5588
f 5739//5588 5820//5669 5857//5706
f 5739//5588 5857//5706 5740//5589
f 5681//5530 5683//5532 5825//5674
f 5825//5674 5683//5532 5754//5603
f 5754//5603 5840//5689 5756//5605
f 5754//5603 5756//5605 5825//5674
f 5825//5674 5756//5605 5755//5604
f 5825//5674 5755//5604 5858//5707
f 5865//5714 5826//5675 5825//5674
f 5865//5714 5825//5674 5858//5707
f 5826//5675 5865//5714 5828//5677
f 5828//5677 5865//5714 5866//5715
f 5759//5608 5821//5670 5867//5716
f 5867//5716 5821//5670 5866//5715
f 5866//5715 5821//5670 5828//5677
f 5680//5529 5679//5528 5757//5606
f 5757//5606 5679//5528 5821//5670
f 5821//5670 5759//5608 5757//5606
f 5757//5606 5759//5608 5484//5334
f 5757//5606 5484//5334 5487//5337
f 5793//5642 5772//5621 5774//5623
f 5869//5718 5870//5719 5793//5642
f 5793//5642 5774//5623 5869//5718
f 5774//5623 5771//5620 5869//5718
f 5869//5718 5771//5620 5871//5720
f 5771//5620 5769//5618 5871//5720
f 5769//5618 5764//5613 5871//5720
f 5871//5720 5764//5613 5872//5721
f 5764//5613 5761//5610 5872//5721
f 5872//5721 5761//5610 5873//5722
f 5873//5722 5761//5610 5790//5639
f 5873//5722 5790//5639 5874//5723
f 5790//5639 5787//5636 5874//5723
f 5787//5636 5784//5633 5874//5723
f 5874//5723 5784//5633 5875//5724
f 5875//5724 5784//5633 5780//5629
f 5875//5724 5780//5629 5778//5627
f 5875//5724 5778//5627 5876//5725
f 5876//5725 5778//5627 5777//5626
f 5876//5725 5777//5626 5776//5625
f 5876//5725 5776//5625 5868//5717
f 5758//5607 5759//5608 5775//5624
f 5775//5624 5759//5608 5868//5717
f 5775//5624 5868//5717 5776//5625
f 5653//5502 5655//5504 5824//5673
f 5824//5673 5655//5504 5791//5640
f 5791//5640 5794//5643 5792//5641
f 5791//5640 5792//5641 5824//5673
f 5824//5673 5792//5641 5793//5642
f 5824//5673 5793//5642 5870//5719
f 5877//5726 5827//5676 5824//5673
f 5877//5726 5824//5673 5870//5719
f 5877//5726 5878//5727 5827//5676
f 5827//5676 5878//5727 5823//5672
f 5856//5705 5822//5671 5879//5728
f 5879//5728 5822//5671 5878//5727
f 5878//5727 5822//5671 5823//5672
f 5834//5683 5703//5552 5701//5550
f 5822//5671 5856//5705 5820//5669
f 5822//5671 5820//5669 5476//5326
f 5476//5326 5479//5329 5834//5683
f 5476//5326 5834//5683 5822//5671
f 5822//5671 5834//5683 5701//5550
f 5880//5729 5881//5730 5882//5731
f 5880//5729 5882//5731 5883//5732
f 5883//5732 5882//5731 5884//5733
f 5883//5732 5884//5733 5885//5734
f 5885//5734 5884//5733 5886//5735
f 5885//5734 5886//5735 5887//5736
f 5887//5736 5886//5735 5888//5737
f 5887//5736 5888//5737 5889//5738
f 5887//5736 5889//5738 5890//5739
f 5890//5739 5889//5738 5891//5740
f 5890//5739 5891//5740 5892//5741
f 5892//5741 5891//5740 5881//5730
f 5892//5741 5881//5730 5880//5729
f 5894//5743 5893//5742 5895//5744
f 5894//5743 5895//5744 5896//5745
f 5896//5745 5895//5744 5897//5746
f 5897//5746 5895//5744 5898//5747
f 5897//5746 5898//5747 5899//5748
f 5899//5748 5898//5747 5900//5749
f 5899//5748 5900//5749 5901//5750
f 5901//5750 5900//5749 5902//5751
f 5901//5750 5902//5751 5903//5752
f 5903//5752 5902//5751 5904//5753
f 5903//5752 5904//5753 5905//5754
f 5905//5754 5904//5753 5906//5755
f 5905//5754 5906//5755 5893//5742
f 5905//5754 5893//5742 5894//5743
f 5907//5756 5908//5757 5909//5758
f 5907//5756 5909//5758 5910//5759
f 5910//5759 5909//5758 5911//5760
f 5910//5759 5911//5760 5912//5761
f 5912//5761 5911//5760 5913//5762
f 5912//5761 5913//5762 5914//5763
f 5914//5763 5913//5762 5915//5764
f 5914//5763 5915//5764 5916//5765
f 5916//5765 5915//5764 5917//5766
f 5916//5765 5917//5766 5918//5767
f 5918//5767 5917//5766 5919//5768
f 5918//5767 5919//5768 5907//5756
f 5907//5756 5919//5768 5908//5757
f 5920//5769 5921//5770 5922//5771
f 5922//5771 5921//5770 5923//5772
f 5922//5771 5923//5772 5924//5773
f 5924//5773 5923//5772 5925//5774
f 5924//5773 5925//5774 5926//5775
f 5924//5773 5926//5775 5927//5776
f 5927//5776 5926//5775 5928//5777
f 5927//5776 5928//5777 5929//5778
f 5929//5778 5928//5777 5930//5779
f 5929//5778 5930//5779 5931//5780
f 5931//5780 5930//5779 5932//5781
f 5931//5780 5932//5781 5920//5769
f 5920//5769 5932//5781 5921//5770
f 5586//5436 5879//5728 5878//5727
f 5586//5436 5878//5727 5600//5450
f 5878//5727 5598//5448 5600//5450
f 5884//5733 5904//5753 5902//5751
f 5869//5718 5877//5726 5870//5719
f 5869//5718 5871//5720 5877//5726
f 5877//5726 5871//5720 5911//5760
f 5911//5760 5909//5758 5877//5726
f 5877//5726 5909//5758 5908//5757
f 5877//5726 5908//5757 5878//5727
f 5878//5727 5908//5757 5919//5768
f 5878//5727 5919//5768 5598//5448
f 5598//5448 5919//5768 5917//5766
f 5598//5448 5917//5766 5596//5446
f 5586//5436 5898//5747 5879//5728
f 5879//5728 5898//5747 5856//5705
f 5856//5705 5898//5747 5895//5744
f 5588//5438 5902//5751 5586//5436
f 5586//5436 5902//5751 5900//5749
f 5586//5436 5900//5749 5898//5747
f 5596//5446 5873//5722 5594//5444
f 5594//5444 5873//5722 5884//5733
f 5594//5444 5884//5733 5592//5442
f 5871//5720 5872//5721 5911//5760
f 5911//5760 5872//5721 5913//5762
f 5913//5762 5872//5721 5873//5722
f 5913//5762 5873//5722 5596//5446
f 5913//5762 5596//5446 5915//5764
f 5915//5764 5596//5446 5917//5766
f 5902//5751 5588//5438 5590//5440
f 5902//5751 5590//5440 5884//5733
f 5884//5733 5590//5440 5592//5442
f 5906//5755 5863//5712 5893//5742
f 5893//5742 5863//5712 5864//5713
f 5893//5742 5864//5713 5895//5744
f 5895//5744 5864//5713 5857//5706
f 5895//5744 5857//5706 5856//5705
f 5904//5753 5861//5710 5862//5711
f 5904//5753 5862//5711 5906//5755
f 5906//5755 5862//5711 5863//5712
f 5884//5733 5882//5731 5904//5753
f 5904//5753 5882//5731 5881//5730
f 5904//5753 5881//5730 5861//5710
f 5861//5710 5881//5730 5860//5709
f 5860//5709 5881//5730 5891//5740
f 5860//5709 5891//5740 5859//5708
f 5859//5708 5891//5740 5889//5738
f 5859//5708 5889//5738 5858//5707
f 5886//5735 5866//5715 5888//5737
f 5888//5737 5866//5715 5865//5714
f 5888//5737 5865//5714 5889//5738
f 5889//5738 5865//5714 5858//5707
f 5886//5735 5884//5733 5866//5715
f 5866//5715 5884//5733 5932//5781
f 5866//5715 5932//5781 5930//5779
f 5873//5722 5923//5772 5921//5770
f 5873//5722 5921//5770 5884//5733
f 5884//5733 5921//5770 5932//5781
f 5866//5715 5928//5777 5867//5716
f 5928//5777 5866//5715 5930//5779
f 5759//5608 5867//5716 5868//5717
f 5868//5717 5867//5716 5928//5777
f 5868//5717 5928//5777 5876//5725
f 5876//5725 5928//5777 5926//5775
f 5876//5725 5926//5775 5875//5724
f 5875//5724 5926//5775 5925//5774
f 5923//5772 5873//5722 5874//5723
f 5923//5772 5874//5723 5925//5774
f 5925//5774 5874//5723 5875//5724
f 5580//5430 5924//5773 5582//5432
f 5582//5432 5924//5773 5927//5776
f 5582//5432 5927//5776 5929//5778
f 5582//5432 5929//5778 5584//5434
f 5584//5434 5929//5778 5931//5780
f 5584//5434 5931//5780 5576//5426
f 5576//5426 5931//5780 5920//5769
f 5576//5426 5920//5769 5578//5428
f 5578//5428 5920//5769 5922//5771
f 5578//5428 5922//5771 5580//5430
f 5580//5430 5922//5771 5924//5773
f 5574//5424 5918//5767 5566//5416
f 5566//5416 5918//5767 5907//5756
f 5566//5416 5907//5756 5568//5418
f 5568//5418 5907//5756 5910//5759
f 5568//5418 5910//5759 5912//5761
f 5568//5418 5912//5761 5570//5420
f 5570//5420 5912//5761 5914//5763
f 5570//5420 5914//5763 5572//5422
f 5572//5422 5914//5763 5916//5765
f 5572//5422 5916//5765 5574//5424
f 5574//5424 5916//5765 5918//5767
f 5558//5408 5899//5748 5560//5410
f 5560//5410 5899//5748 5901//5750
f 5560//5410 5901//5750 5562//5412
f 5562//5412 5901//5750 5903//5752
f 5562//5412 5903//5752 5564//5414
f 5564//5414 5903//5752 5905//5754
f 5564//5414 5905//5754 5556//5406
f 5556//5406 5905//5754 5894//5743
f 5556//5406 5894//5743 5896//5745
f 5556//5406 5896//5745 5558//5408
f 5558//5408 5896//5745 5897//5746
f 5558//5408 5897//5746 5899//5748
f 5554//5404 5892//5741 5546//5396
f 5546//5396 5892//5741 5880//5729
f 5546//5396 5880//5729 5548//5398
f 5548//5398 5880//5729 5883//5732
f 5548//5398 5883//5732 5550//5400
f 5550//5400 5883//5732 5885//5734
f 5550//5400 5885//5734 5552//5402
f 5552//5402 5885//5734 5887//5736
f 5552//5402 5887//5736 5554//5404
f 5554//5404 5887//5736 5890//5739
f 5554//5404 5890//5739 5892//5741
f 5646//5495 5581//5431 5648//5497
f 5648//5497 5581//5431 5583//5433
f 5575//5425 5523//5373 5525//5375
f 5575//5425 5525//5375 5583//5433
f 5583//5433 5525//5375 5528//5378
f 5581//5431 5646//5495 5579//5429
f 5579//5429 5646//5495 5518//5368
f 5579//5429 5518//5368 5577//5427
f 5577//5427 5518//5368 5521//5371
f 5577//5427 5521//5371 5575//5425
f 5575//5425 5521//5371 5523//5373
f 5583//5433 5528//5378 5648//5497
f 5648//5497 5528//5378 5530//5380
f 5507//5357 5573//5423 5565//5415
f 5650//5499 5506//5356 5507//5357
f 5517//5367 5652//5501 5567//5417
f 5569//5419 5515//5365 5517//5367
f 5569//5419 5517//5367 5567//5417
f 5650//5499 5507//5357 5565//5415
f 5650//5499 5565//5415 5652//5501
f 5652//5501 5565//5415 5567//5417
f 5573//5423 5507//5357 5509//5359
f 5573//5423 5509//5359 5571//5421
f 5571//5421 5509//5359 5511//5361
f 5571//5421 5511//5361 5513//5363
f 5571//5421 5513//5363 5569//5419
f 5569//5419 5513//5363 5515//5365
f 5559//5409 5561//5411 5495//5345
f 5495//5345 5561//5411 5492//5342
f 5492//5342 5561//5411 5563//5413
f 5492//5342 5563//5413 5711//5560
f 5563//5413 5555//5405 5711//5560
f 5711//5560 5555//5405 5709//5558
f 5709//5558 5555//5405 5557//5407
f 5495//5345 5497//5347 5559//5409
f 5559//5409 5497//5347 5499//5349
f 5559//5409 5499//5349 5557//5407
f 5557//5407 5499//5349 5501//5351
f 5557//5407 5501//5351 5709//5558
f 5709//5558 5501//5351 5503//5353
f 5534//5384 5549//5399 5551//5401
f 5544//5394 5644//5493 5553//5403
f 5642//5491 5533//5383 5534//5384
f 5642//5491 5534//5384 5551//5401
f 5642//5491 5551//5401 5644//5493
f 5644//5493 5551//5401 5553//5403
f 5545//5395 5541//5391 5544//5394
f 5545//5395 5544//5394 5553//5403
f 5549//5399 5534//5384 5536//5386
f 5549//5399 5536//5386 5547//5397
f 5547//5397 5536//5386 5538//5388
f 5547//5397 5538//5388 5540//5390
f 5547//5397 5540//5390 5545//5395
f 5545//5395 5540//5390 5541//5391
f 5933//5782 5934//5783 5765//5614
f 5765//5614 5934//5783 5767//5616
f 5490//5340 5935//5784 5811//5660
f 5938//5787 5939//5788 5809//5658
f 5811//5660 5935//5784 5809//5658
f 5809//5658 5935//5784 5938//5787
f 5807//5656 5809//5658 5937//5786
f 5937//5786 5809//5658 5936//5785
f 5809//5658 5939//5788 5936//5785
f 5934//5783 5933//5782 5802//5651
f 5933//5782 5940//5789 5802//5651
f 5802//5651 5940//5789 5941//5790
f 5802//5651 5941//5790 5796//5645
f 5804//5653 5942//5791 5943//5792
f 5804//5653 5943//5792 5802//5651
f 5802//5651 5943//5792 5934//5783
f 5942//5791 5804//5653 5944//5793
f 5944//5793 5804//5653 5806//5655
f 5944//5793 5806//5655 5945//5794
f 5945//5794 5806//5655 5807//5656
f 5945//5794 5807//5656 5937//5786
f 5945//5794 5937//5786 5946//5795
f 5779//5628 5781//5630 5939//5788
f 5939//5788 5781//5630 5936//5785
f 5947//5796 5786//5635 5948//5797
f 5948//5797 5786//5635 5788//5637
f 5948//5797 5788//5637 5789//5638
f 5949//5798 5950//5799 5730//5579
f 5730//5579 5950//5799 5731//5580
f 5482//5332 5951//5800 5855//5704
f 5855//5704 5951//5800 5854//5703
f 5854//5703 5951//5800 5952//5801
f 5952//5801 5953//5802 5854//5703
f 5950//5799 5949//5798 5850//5699
f 5949//5798 5956//5805 5850//5699
f 5850//5699 5956//5805 5957//5806
f 5850//5699 5957//5806 5849//5698
f 5851//5700 5958//5807 5959//5808
f 5851//5700 5959//5808 5850//5699
f 5850//5699 5959//5808 5950//5799
f 5953//5802 5954//5803 5854//5703
f 5854//5703 5954//5803 5955//5804
f 5854//5703 5955//5804 5853//5702
f 5958//5807 5851//5700 5960//5809
f 5960//5809 5851//5700 5852//5701
f 5960//5809 5852//5701 5961//5810
f 5961//5810 5852//5701 5853//5702
f 5961//5810 5853//5702 5955//5804
f 5961//5810 5955//5804 5962//5811
f 5743//5592 5745//5594 5953//5802
f 5953//5802 5745//5594 5954//5803
f 5963//5812 5753//5602 5752//5601
f 5963//5812 5752//5601 5964//5813
f 5964//5813 5752//5601 5750//5599
f 5944//5793 5948//5797 5942//5791
f 5946//5795 5947//5796 5945//5794
f 5945//5794 5947//5796 5944//5793
f 5944//5793 5947//5796 5948//5797
f 5960//5809 5964//5813 5958//5807
f 5962//5811 5963//5812 5961//5810
f 5961//5810 5963//5812 5960//5809
f 5960//5809 5963//5812 5964//5813
f 5753//5602 5963//5812 5962//5811
f 5753//5602 5962//5811 5749//5598
f 5749//5598 5962//5811 5955//5804
f 5749//5598 5955//5804 5746//5595
f 5746//5595 5955//5804 5954//5803
f 5746//5595 5954//5803 5745//5594
f 5750//5599 5958//5807 5964//5813
f 5958//5807 5750//5599 5725//5574
f 5958//5807 5725//5574 5728//5577
f 5958//5807 5728//5577 5959//5808
f 5728//5577 5950//5799 5959//5808
f 5731//5580 5950//5799 5728//5577
f 5789//5638 5942//5791 5948//5797
f 5942//5791 5789//5638 5760//5609
f 5942//5791 5760//5609 5768//5617
f 5942//5791 5768//5617 5943//5792
f 5768//5617 5934//5783 5943//5792
f 5767//5616 5934//5783 5768//5617
f 5786//5635 5947//5796 5946//5795
f 5786//5635 5946//5795 5785//5634
f 5785//5634 5946//5795 5937//5786
f 5785//5634 5937//5786 5782//5631
f 5782//5631 5937//5786 5936//5785
f 5782//5631 5936//5785 5781//5630
f 5779//5628 5939//5788 5938//5787
f 5779//5628 5938//5787 5783//5632
f 5783//5632 5938//5787 5935//5784
f 5783//5632 5935//5784 5491//5341
f 5935//5784 5490//5340 5491//5341
f 5933//5782 5765//5614 5940//5789
f 5940//5789 5765//5614 5766//5615
f 5940//5789 5766//5615 5941//5790
f 5941//5790 5766//5615 5763//5612
f 5941//5790 5763//5612 5762//5611
f 5941//5790 5762//5611 5796//5645
f 5743//5592 5953//5802 5952//5801
f 5743//5592 5952//5801 5747//5596
f 5747//5596 5952//5801 5951//5800
f 5747//5596 5951//5800 5483//5333
f 5951//5800 5482//5332 5483//5333
f 5949//5798 5730//5579 5956//5805
f 5956//5805 5730//5579 5729//5578
f 5956//5805 5729//5578 5957//5806
f 5957//5806 5729//5578 5723//5572
f 5957//5806 5723//5572 5722//5571
f 5957//5806 5722//5571 5849//5698
