# Blender 5.2.1 LTS
# www.blender.org
o right_thumb_4
v 0.002867 -0.006815 -0.002450
v 0.002658 -0.007269 -0.002950
v 0.003441 -0.007469 -0.002950
v 0.003475 -0.006970 -0.002450
v 0.003512 -0.007473 -0.002950
v 0.004099 -0.006900 -0.002450
v 0.004243 -0.007379 -0.002950
v 0.004379 -0.007334 -0.002950
v 0.004659 -0.006614 -0.002450
v 0.005506 -0.006414 -0.002950
v 0.005081 -0.006150 -0.002450
v 0.005127 -0.006873 -0.002950
v 0.004963 -0.007012 -0.002950
v 0.004879 -0.005414 -0.002450
v 0.004879 -0.005414 -0.004450
v 0.004514 -0.005973 -0.002450
v 0.004514 -0.005973 -0.004450
v 0.003942 -0.006317 -0.002450
v 0.003942 -0.006317 -0.004450
v 0.003278 -0.006380 -0.002450
v 0.003278 -0.006380 -0.004450
v 0.002652 -0.006148 -0.002450
v 0.002652 -0.006148 -0.004450
v 0.002188 -0.005667 -0.002450
v 0.002188 -0.005667 -0.004450
v 0.001980 -0.005033 -0.002450
v 0.001980 -0.005033 -0.004450
v 0.002066 -0.004372 -0.002450
v 0.002066 -0.004372 -0.004450
v 0.001407 -0.000521 -0.002450
v 0.001407 -0.000521 -0.004450
v 0.001041 -0.001080 -0.002450
v 0.001041 -0.001080 -0.004450
v 0.000469 -0.001425 -0.002450
v 0.000469 -0.001425 -0.004450
v -0.000195 -0.001487 -0.002450
v -0.000195 -0.001487 -0.004450
v -0.000821 -0.001255 -0.002450
v -0.000821 -0.001255 -0.004450
v -0.001284 -0.000775 -0.002450
v -0.001284 -0.000775 -0.004450
v -0.001493 -0.000141 -0.002450
v -0.001493 -0.000141 -0.004450
v -0.001407 0.000521 -0.002450
v -0.001407 0.000521 -0.004450
v 0.002301 -0.004458 -0.009550
v 0.002301 -0.004458 -0.007550
v 0.002228 -0.005010 -0.009550
v 0.002228 -0.005010 -0.007550
v 0.002403 -0.005538 -0.009550
v 0.002403 -0.005538 -0.007550
v 0.002789 -0.005939 -0.009550
v 0.002789 -0.005939 -0.007550
v 0.003310 -0.006132 -0.009550
v 0.003310 -0.006132 -0.007550
v 0.003864 -0.006080 -0.009550
v 0.003864 -0.006080 -0.007550
v 0.004340 -0.005793 -0.009550
v 0.004340 -0.005793 -0.007550
v 0.004645 -0.005327 -0.009550
v 0.004645 -0.005327 -0.007550
v -0.001407 0.000521 -0.009550
v -0.001407 0.000521 -0.007550
v -0.001493 -0.000141 -0.009550
v -0.001493 -0.000141 -0.007550
v -0.001284 -0.000775 -0.009550
v -0.001284 -0.000775 -0.007550
v -0.000821 -0.001255 -0.009550
v -0.000821 -0.001255 -0.007550
v -0.000195 -0.001487 -0.009550
v -0.000195 -0.001487 -0.007550
v 0.000469 -0.001425 -0.009550
v 0.000469 -0.001425 -0.007550
v 0.001041 -0.001080 -0.009550
v 0.001041 -0.001080 -0.007550
v 0.001407 -0.000521 -0.009550
v 0.001407 -0.000521 -0.007550
v -0.001478 -0.005373 -0.009050
v -0.001478 -0.005373 -0.007550
v -0.002367 -0.004870 -0.009137
v -0.002577 -0.004719 -0.007550
v -0.002581 -0.004716 -0.009187
v -0.003160 -0.004221 -0.009396
v -0.003513 -0.003846 -0.007550
v -0.003449 -0.003919 -0.009550
v -0.003513 -0.003846 -0.009550
v -0.004243 -0.002795 -0.007550
v -0.004243 -0.002795 -0.009550
v -0.004733 -0.001613 -0.007550
v -0.004733 -0.001613 -0.009550
v -0.004961 -0.000354 -0.007550
v -0.004961 -0.000354 -0.009550
v -0.004917 0.000925 -0.007550
v -0.004917 0.000925 -0.009550
v -0.004603 0.002166 -0.007550
v -0.004603 0.002166 -0.009550
v -0.002683 -0.004638 -0.002784
v -0.003449 -0.003919 -0.002450
v -0.002577 -0.004719 -0.004450
v -0.003513 -0.003846 -0.004450
v -0.001806 -0.005210 -0.002939
v -0.001478 -0.005373 -0.004450
v -0.001478 -0.005373 -0.002950
v -0.003513 -0.003846 -0.002450
v -0.004243 -0.002795 -0.002450
v -0.004243 -0.002795 -0.004450
v -0.004733 -0.001613 -0.002450
v -0.004733 -0.001613 -0.004450
v -0.004961 -0.000354 -0.002450
v -0.004961 -0.000354 -0.004450
v -0.004917 0.000925 -0.002450
v -0.004917 0.000925 -0.004450
v -0.004603 0.002166 -0.002450
v -0.004603 0.002166 -0.004450
v 0.007845 -0.004917 -0.001181
v 0.007628 -0.004715 -0.000928
v 0.006666 -0.003698 -0.002855
v 0.007289 -0.004383 -0.000599
v 0.006734 -0.003779 -0.002950
v 0.006734 -0.003779 -0.004450
v 0.007845 -0.004917 -0.010819
v 0.006734 -0.003779 -0.007550
v 0.006734 -0.003779 -0.009050
v 0.007669 -0.004754 -0.011027
v 0.006666 -0.003698 -0.009145
v 0.007315 -0.004409 -0.011378
v 0.005758 -0.002451 -0.009550
v 0.005759 -0.002453 -0.012410
v 0.005917 -0.002700 -0.012328
v 0.006317 -0.003264 -0.012102
v 0.006382 -0.003347 -0.012063
v 0.006382 -0.003347 -0.009550
v 0.006668 -0.003701 -0.011879
v 0.006864 -0.003927 -0.011742
v 0.005535 -0.002070 -0.012522
v 0.005167 -0.001298 -0.009550
v 0.005214 -0.001412 -0.012678
v 0.005167 -0.001299 -0.012701
v 0.004898 -0.000415 -0.009550
v 0.005019 -0.000886 -0.012776
v 0.004890 -0.000373 -0.009550
v 0.004890 -0.000373 -0.012850
v 0.006002 -0.002826 0.000282
v 0.005758 -0.002451 -0.002450
v 0.006455 -0.003440 0.000018
v 0.006382 -0.003347 -0.002450
v 0.006668 -0.003700 -0.000120
v 0.006885 -0.003951 -0.000273
v 0.005299 -0.001602 0.000637
v 0.005167 -0.001298 -0.002450
v 0.005592 -0.002170 0.000494
v 0.005759 -0.002453 0.000410
v 0.005168 -0.001299 0.000701
v 0.005049 -0.000973 0.000760
v 0.004898 -0.000415 -0.002450
v 0.004890 -0.000373 0.000850
v 0.004890 -0.000373 -0.002450
v 0.011752 0.005355 -0.008580
v 0.011852 0.005907 -0.008580
v 0.011932 0.005871 -0.007290
v 0.008822 -0.005365 -0.007015
v 0.008736 -0.005326 -0.008580
v 0.009583 -0.003083 -0.007290
v 0.010072 -0.001257 -0.008580
v 0.010242 -0.000992 -0.007290
v 0.009510 -0.003033 -0.003420
v 0.008736 -0.005326 -0.003420
v 0.008770 -0.005341 -0.003888
v 0.011466 0.003870 -0.008581
v 0.011499 0.003714 -0.007290
v 0.011441 0.003747 -0.008581
v 0.010786 0.000881 -0.007290
v 0.011051 0.002090 -0.008580
v 0.010595 0.000516 -0.008580
v 0.011958 0.005859 -0.006000
v 0.011932 0.005871 -0.004710
v 0.011499 0.003714 -0.004710
v 0.011022 0.002097 -0.003420
v 0.010786 0.000881 -0.004710
v 0.011420 0.003752 -0.003420
v 0.011751 0.005355 -0.003420
v 0.011852 0.005907 -0.003420
v 0.010709 0.000924 -0.003420
v 0.010167 -0.000946 -0.003420
v 0.010242 -0.000992 -0.004710
v 0.009583 -0.003083 -0.004710
v 0.011525 0.003701 -0.006000
v 0.010812 0.000867 -0.006000
v 0.010267 -0.001007 -0.006000
v 0.009607 -0.003099 -0.006000
v 0.008833 -0.005370 -0.005451
v 0.010961 0.002114 -0.009376
v 0.010491 0.000530 -0.009364
v 0.010947 0.002116 -0.009429
v 0.010833 0.002134 -0.009761
v 0.010380 0.000550 -0.009754
v 0.010829 0.002135 -0.009771
v 0.010206 0.000596 -0.010137
v 0.010620 0.002177 -0.010177
v 0.009964 0.000673 -0.010506
v 0.010395 0.002231 -0.010495
v 0.009655 0.000784 -0.010857
v 0.010089 0.002312 -0.010829
v 0.009695 0.002425 -0.011137
v 0.009285 0.000927 -0.011189
v 0.008861 0.001099 -0.011499
v 0.009278 0.002544 -0.011462
v 0.008801 0.002687 -0.011743
v 0.007895 -0.000310 -0.011818
v 0.008284 0.002846 -0.012003
v 0.007404 -0.000019 -0.012087
v 0.008209 0.002869 -0.012038
v 0.006358 0.000639 -0.012544
v 0.007180 0.003201 -0.012451
v 0.005296 0.001346 -0.012890
v 0.006046 0.003592 -0.012802
v 0.006708 0.003361 -0.012609
v 0.004141 0.001608 -0.013132
v 0.004575 0.002921 -0.013110
v 0.004931 0.004006 -0.013053
v 0.004705 0.000341 -0.012946
v 0.004519 0.000848 -0.013019
v 0.004449 0.001010 -0.013043
v 0.004885 -0.000347 -0.012853
v 0.008351 -0.000569 -0.011524
v 0.008763 -0.000791 -0.011205
v 0.009123 -0.000974 -0.010863
v 0.009424 -0.001116 -0.010502
v 0.008044 -0.005008 -0.010580
v 0.009661 -0.001216 -0.010125
v 0.008331 -0.005140 -0.010136
v 0.009834 -0.001276 -0.009737
v 0.008529 -0.005231 -0.009688
v 0.009947 -0.001304 -0.009345
v 0.008664 -0.005295 -0.009179
v 0.008852 0.001070 -0.000500
v 0.009348 0.002523 -0.000584
v 0.009065 0.002607 -0.000407
v 0.009417 -0.001139 -0.001498
v 0.009116 -0.000997 -0.001137
v 0.008756 -0.000813 -0.000795
v 0.008344 -0.000590 -0.000476
v 0.007888 -0.000331 -0.000182
v 0.007397 -0.000038 0.000087
v 0.005291 0.001330 0.000890
v 0.006352 0.000621 0.000544
v 0.004575 0.002921 0.001110
v 0.004141 0.001608 0.001132
v 0.004446 0.001017 0.001044
v 0.004519 0.000848 0.001019
v 0.004701 0.000353 0.000948
v 0.008178 -0.005070 -0.001610
v 0.008410 -0.005176 -0.002020
v 0.009654 -0.001239 -0.001875
v 0.008567 -0.005249 -0.002426
v 0.009827 -0.001299 -0.002263
v 0.008677 -0.005300 -0.002895
v 0.009940 -0.001327 -0.002655
v 0.010482 0.000499 -0.002637
v 0.010371 0.000519 -0.002246
v 0.010197 0.000565 -0.001864
v 0.009955 0.000643 -0.001494
v 0.009646 0.000754 -0.001142
v 0.009276 0.000897 -0.000810
v 0.004931 0.004006 0.001053
v 0.006394 0.003469 0.000705
v 0.007180 0.003201 0.000451
v 0.007847 0.002984 0.000195
v 0.008284 0.002846 0.000003
v 0.009710 0.002418 -0.000842
v 0.010107 0.002307 -0.001189
v 0.010392 0.002232 -0.001508
v 0.010626 0.002176 -0.001854
v 0.010806 0.002140 -0.002239
v 0.010894 0.002127 -0.002523
v 0.010918 0.002124 -0.002624
v 0.000535 0.004274 0.001212
v 0.000535 0.004274 -0.002450
v 0.000837 0.004241 -0.002450
v 0.000965 0.004217 0.001285
v 0.001115 0.004181 -0.002450
v 0.001115 0.004181 0.001304
v 0.001115 0.004181 -0.013304
v 0.001115 0.004181 -0.009550
v 0.000837 0.004241 -0.009550
v 0.000965 0.004217 -0.013285
v 0.000535 0.004274 -0.009550
v 0.000535 0.004274 -0.013212
v -0.002393 0.005944 -0.008095
v -0.002113 0.006556 -0.008095
v -0.002111 0.006372 -0.009049
v -0.002555 0.005023 -0.010422
v -0.001959 0.005969 -0.010808
v -0.002405 0.004958 -0.010938
v -0.001842 0.005842 -0.011194
v -0.002202 0.004876 -0.011393
v -0.001688 0.005701 -0.011553
v -0.001496 0.005543 -0.011883
v -0.001921 0.004772 -0.011831
v -0.001268 0.005367 -0.012184
v -0.001592 0.004662 -0.012198
v -0.001005 0.005171 -0.012452
v -0.001209 0.004553 -0.012512
v -0.000710 0.004951 -0.012687
v -0.000745 0.004444 -0.012789
v 0.000356 0.004286 -0.013174
v -0.000214 0.004350 -0.013013
v -0.000030 0.004429 -0.013057
v -0.000384 0.004705 -0.012889
v -0.002804 0.005136 -0.008095
v -0.002778 0.005124 -0.008469
v -0.002674 0.005076 -0.009711
v -0.002085 0.006186 -0.009965
v -0.002038 0.006083 -0.010397
v -0.001162 0.007000 -0.011477
v -0.000729 0.008191 -0.011406
v -0.000988 0.006819 -0.011813
v -0.000558 0.007999 -0.011746
v -0.000780 0.006613 -0.012122
v -0.000355 0.007776 -0.012061
v -0.000537 0.006379 -0.012400
v -0.000118 0.007516 -0.012347
v -0.000260 0.006113 -0.012647
v 0.000152 0.007217 -0.012601
v 0.000051 0.005810 -0.012859
v 0.000457 0.006873 -0.012822
v 0.000394 0.005468 -0.013037
v 0.000798 0.006480 -0.013006
v 0.000769 0.005083 -0.013177
v 0.001173 0.006035 -0.013150
v 0.001482 0.005316 -0.013260
v 0.001977 0.006424 -0.013213
v 0.001578 0.006958 -0.013112
v 0.001257 0.007370 -0.012991
v 0.000870 0.007845 -0.012786
v 0.000595 0.008168 -0.012592
v -0.001302 0.007159 -0.011116
v -0.000870 0.008356 -0.011042
v -0.001534 0.007532 -0.009902
v -0.001575 0.007722 -0.009015
v -0.001211 0.008881 -0.008982
v -0.000983 0.008496 -0.010659
v -0.001409 0.007299 -0.010731
v -0.001133 0.008717 -0.009844
v -0.000997 0.009700 -0.008954
v -0.000921 0.009650 -0.009516
v -0.000371 0.009187 -0.011358
v -0.000669 0.009454 -0.010609
v -0.000699 0.009479 -0.010511
v -0.000871 0.009615 -0.009799
v -0.002018 0.006779 -0.008095
v -0.001595 0.007895 -0.008095
v -0.001480 0.008246 -0.008095
v -0.001070 0.009741 -0.008096
v -0.000181 0.009003 -0.011702
v 0.000035 0.008783 -0.012018
v 0.000284 0.008517 -0.012309
v 0.000562 0.008206 -0.012565
v -0.001211 0.008881 -0.003018
v -0.001480 0.008246 -0.003905
v -0.001595 0.007895 -0.003905
v 0.000769 0.005083 0.001177
v 0.000394 0.005468 0.001037
v 0.000092 0.004311 0.001108
v 0.000424 0.004281 0.001190
v -0.000071 0.004331 0.001060
v -0.000030 0.004429 0.001057
v -0.000082 0.004332 0.001056
v -0.000384 0.004705 0.000889
v -0.000634 0.004421 0.000843
v -0.000710 0.004951 0.000687
v -0.001118 0.004529 0.000574
v -0.001005 0.005171 0.000452
v -0.001268 0.005367 0.000184
v -0.001536 0.004645 0.000250
v -0.001496 0.005543 -0.000117
v -0.001902 0.004765 -0.000144
v -0.001688 0.005701 -0.000447
v -0.002193 0.004873 -0.000590
v -0.002674 0.005076 -0.002289
v -0.002660 0.005070 -0.002180
v -0.002085 0.006186 -0.002035
v -0.002544 0.005018 -0.001532
v -0.002038 0.006083 -0.001603
v -0.002404 0.004958 -0.001059
v -0.001959 0.005969 -0.001192
v -0.001842 0.005842 -0.000806
v -0.002804 0.005136 -0.003905
v -0.002687 0.005083 -0.002414
v -0.002393 0.005944 -0.003905
v -0.002111 0.006372 -0.002951
v -0.002113 0.006556 -0.003905
v -0.000729 0.008191 -0.000594
v -0.000870 0.008356 -0.000958
v -0.001302 0.007159 -0.000884
v -0.000669 0.009454 -0.001391
v -0.000983 0.008496 -0.001341
v -0.000432 0.009244 -0.000771
v -0.000371 0.009187 -0.000642
v -0.000016 0.008836 -0.000050
v -0.001409 0.007299 -0.001269
v -0.001534 0.007532 -0.002098
v -0.000728 0.009503 -0.001589
v -0.001133 0.008717 -0.002156
v -0.001575 0.007722 -0.002985
v 0.001482 0.005316 0.001260
v 0.001173 0.006035 0.001150
v 0.000798 0.006480 0.001006
v 0.000051 0.005810 0.000859
v 0.000457 0.006873 0.000822
v -0.000260 0.006113 0.000647
v 0.000152 0.007217 0.000601
v -0.000537 0.006379 0.000400
v -0.000118 0.007516 0.000347
v -0.000780 0.006613 0.000122
v -0.000355 0.007776 0.000061
v -0.000988 0.006819 -0.000187
v -0.000558 0.007999 -0.000254
v -0.001162 0.007000 -0.000523
v -0.001070 0.009741 -0.003904
v -0.000997 0.009700 -0.003046
v -0.000934 0.009659 -0.002566
v -0.000871 0.009615 -0.002201
v -0.002018 0.006779 -0.003905
v 0.001977 0.006424 0.001213
v 0.001578 0.006958 0.001112
v 0.001167 0.007482 0.000950
v 0.000870 0.007845 0.000786
v 0.000501 0.008275 0.000514
v 0.000284 0.008517 0.000309
v -0.001137 0.009777 -0.006000
v -0.001548 0.008287 -0.006000
v -0.002456 0.005994 -0.006000
v -0.002875 0.005169 -0.006000
v -0.002084 0.006826 -0.006000
v 0.004519 0.000848 -0.009550
v 0.004016 0.001812 -0.013162
v 0.004016 0.001812 -0.009550
v 0.003276 0.002754 -0.009550
v 0.003557 0.002439 -0.013248
v 0.003941 0.001926 -0.013178
v 0.002422 0.003508 -0.013349
v 0.002560 0.003404 -0.013343
v 0.002422 0.003508 -0.009550
v 0.003082 0.002951 -0.013306
v 0.003276 0.002754 -0.013286
v 0.002015 0.003778 -0.013356
v 0.001542 0.004026 -0.009550
v 0.001553 0.004021 -0.013342
v 0.004016 0.001812 0.001162
v 0.004016 0.001812 -0.002450
v 0.001369 0.004097 0.001329
v 0.001542 0.004026 -0.002450
v 0.001542 0.004026 0.001341
v 0.001820 0.003889 0.001353
v 0.002422 0.003508 -0.002450
v 0.002313 0.003586 0.001353
v 0.003276 0.002754 -0.002450
v 0.002829 0.003182 0.001327
v 0.002422 0.003508 0.001349
v 0.003461 0.002551 0.001262
v 0.003309 0.002719 0.001282
v 0.003276 0.002754 0.001286
v 0.003784 0.002149 0.001210
v 0.004519 0.000848 -0.002450
v 0.002868 0.003930 -0.013318
v 0.002460 0.004229 -0.013333
v 0.002072 0.004519 -0.013332
v 0.004367 0.004240 -0.013145
v 0.004060 0.004393 -0.013186
v 0.003455 0.004783 -0.013249
v 0.002559 0.005656 -0.013278
v 0.002713 0.005478 -0.013281
v 0.003251 0.004948 -0.013264
v 0.002072 0.004519 0.001332
v 0.003251 0.004948 0.001264
v 0.003895 0.004487 0.001206
v 0.004060 0.004393 0.001186
v 0.003092 0.005089 0.001272
v 0.002559 0.005656 0.001278
v 0.002385 0.005874 0.001268
v 0.010750 0.006456 -0.000940
v 0.010394 0.006639 -0.000659
v 0.010235 0.006075 -0.000628
v 0.010375 0.004990 -0.000897
v 0.010713 0.004850 -0.001211
v 0.010926 0.005749 -0.001223
v 0.008705 0.004308 -0.000051
v 0.007642 0.004713 0.000376
v 0.009983 0.005153 -0.000607
v 0.009660 0.003960 -0.000575
v 0.005486 0.005605 0.000940
v 0.006550 0.005151 0.000705
v 0.006448 0.007975 0.000724
v 0.006006 0.006944 0.000826
v 0.007397 0.007469 0.000524
v 0.007012 0.006459 0.000608
v 0.008395 0.006964 0.000242
v 0.008056 0.005983 0.000303
v 0.009368 0.006489 -0.000139
v 0.009073 0.005539 -0.000101
v 0.009819 0.006272 -0.000370
v 0.009547 0.005337 -0.000341
v 0.009994 0.006846 -0.000406
v 0.009494 0.007108 -0.000150
v 0.011191 0.005624 -0.001557
v 0.010993 0.004735 -0.001547
v 0.011398 0.005526 -0.001911
v 0.011212 0.004645 -0.001901
v 0.011550 0.005452 -0.002281
v 0.011372 0.004579 -0.002271
v 0.011651 0.005402 -0.002661
v 0.011477 0.004534 -0.002651
v 0.011311 0.006172 -0.001579
v 0.011485 0.006084 -0.001880
v 0.011656 0.005999 -0.002298
v 0.011743 0.005957 -0.002617
v 0.006745 0.008623 0.000655
v 0.007657 0.008099 0.000461
v 0.008305 0.007742 0.000287
v 0.008620 0.007572 0.000189
v 0.011050 0.006304 -0.001240
v 0.010606 0.005899 -0.000913
v 0.005002 0.008810 -0.012935
v 0.005357 0.009469 -0.012860
v 0.006173 0.008967 -0.012753
v 0.005301 0.007285 -0.012941
v 0.006006 0.006944 -0.012826
v 0.005486 0.005605 -0.012940
v 0.005809 0.008312 -0.012831
v 0.004504 0.007790 -0.013039
v 0.006448 0.007975 -0.012724
v 0.006745 0.008623 -0.012655
v 0.002857 0.008493 -0.013077
v 0.003462 0.009957 -0.012948
v 0.003743 0.008398 -0.013080
v 0.004188 0.009386 -0.012986
v 0.004113 0.008087 -0.013069
v 0.003912 0.006486 -0.013154
v 0.004305 0.006204 -0.013115
v 0.004706 0.005963 -0.013064
v 0.004491 0.010023 -0.012920
v 0.004110 0.010277 -0.012919
v 0.003707 0.010552 -0.012889
v 0.004188 0.009386 0.000986
v 0.004491 0.010023 0.000920
v 0.003707 0.010552 0.000889
v 0.005301 0.007285 0.000941
v 0.004113 0.008087 0.001069
v 0.003743 0.008398 0.001080
v 0.003912 0.006486 0.001154
v 0.005809 0.008312 0.000831
v 0.004504 0.007790 0.001039
v 0.005002 0.008810 0.000935
v 0.004305 0.006204 0.001115
v 0.004706 0.005963 0.001064
v 0.003077 0.009022 0.001033
v 0.002857 0.008493 0.001077
v 0.006476 0.008784 0.000704
v 0.005357 0.009469 0.000860
v 0.004883 0.009768 0.000901
v 0.011024 0.012974 -0.000614
v 0.010518 0.013290 -0.000368
v 0.010027 0.012490 -0.000224
v 0.009344 0.009163 -0.000068
v 0.011935 0.007803 -0.002147
v 0.011767 0.007886 -0.001829
v 0.011548 0.007996 -0.001522
v 0.011280 0.008132 -0.001229
v 0.010965 0.008295 -0.000953
v 0.010608 0.008483 -0.000698
v 0.010213 0.008692 -0.000465
v 0.009613 0.013854 -0.000016
v 0.009136 0.013076 0.000095
v 0.008251 0.011548 0.000301
v 0.012423 0.011591 -0.001725
v 0.011988 0.012374 -0.001237
v 0.011865 0.011967 -0.001207
v 0.011345 0.012774 -0.000795
v 0.010864 0.011944 -0.000617
v 0.012988 0.011751 -0.002323
v 0.012718 0.011920 -0.001947
v 0.012600 0.011993 -0.001810
v 0.012817 0.011316 -0.002241
v 0.013054 0.011138 -0.002711
v 0.013150 0.011650 -0.002617
v 0.013223 0.011605 -0.002783
v 0.012969 0.010485 -0.003042
v 0.013334 0.011536 -0.003164
v 0.012612 0.009167 -0.003420
v 0.013366 0.011516 -0.003420
v 0.012179 0.011072 -0.001589
v 0.011595 0.011464 -0.001079
v 0.010925 0.010195 -0.000773
v 0.010130 0.010672 -0.000346
v 0.008424 0.009675 0.000241
v 0.009258 0.011202 0.000001
v 0.007523 0.010197 0.000472
v 0.012398 0.009304 -0.002377
v 0.012851 0.010586 -0.002608
v 0.012262 0.009389 -0.002096
v 0.012597 0.010778 -0.002112
v 0.011588 0.009798 -0.001270
v 0.011858 0.009636 -0.001539
v 0.012083 0.009499 -0.001815
v 0.012554 0.009204 -0.002920
v 0.012138 0.007706 -0.002796
v 0.012113 0.007220 -0.003420
v 0.012057 0.007744 -0.002471
v 0.013007 0.010437 -0.008580
v 0.013366 0.011516 -0.008580
v 0.013439 0.011469 -0.007290
v 0.012612 0.009167 -0.008580
v 0.012688 0.009123 -0.004710
v 0.012192 0.007182 -0.004710
v 0.012218 0.007169 -0.006000
v 0.012713 0.009109 -0.006000
v 0.012192 0.007182 -0.007290
v 0.012688 0.009123 -0.007290
v 0.013439 0.011469 -0.004710
v 0.013464 0.011453 -0.006000
v 0.012113 0.007220 -0.008580
v 0.011550 0.005452 -0.009719
v 0.011652 0.005402 -0.009339
v 0.011485 0.004533 -0.009349
v 0.011311 0.006172 -0.010421
v 0.011456 0.006099 -0.010177
v 0.011398 0.005526 -0.010089
v 0.011376 0.004578 -0.009729
v 0.011214 0.004644 -0.010099
v 0.011191 0.005624 -0.010443
v 0.010955 0.006352 -0.010863
v 0.011755 0.005952 -0.009325
v 0.011722 0.005968 -0.009473
v 0.011510 0.006072 -0.010069
v 0.009073 0.005539 -0.011899
v 0.009368 0.006489 -0.011861
v 0.009547 0.005337 -0.011659
v 0.009819 0.006272 -0.011630
v 0.009983 0.005153 -0.011393
v 0.010235 0.006075 -0.011372
v 0.010375 0.004990 -0.011103
v 0.010606 0.005899 -0.011087
v 0.010713 0.004850 -0.010789
v 0.010926 0.005749 -0.010777
v 0.010994 0.004735 -0.010453
v 0.007012 0.006459 -0.012608
v 0.007397 0.007469 -0.012524
v 0.008056 0.005983 -0.012303
v 0.008395 0.006964 -0.012242
v 0.006550 0.005151 -0.012705
v 0.007642 0.004713 -0.012376
v 0.007890 0.007970 -0.012403
v 0.008620 0.007572 -0.012189
v 0.010394 0.006639 -0.011341
v 0.010213 0.006733 -0.011462
v 0.009559 0.007073 -0.011820
v 0.009284 0.007218 -0.011942
v -0.000051 0.009983 -0.011330
v 0.000296 0.010783 -0.011294
v 0.000520 0.010608 -0.011639
v -0.000066 0.011051 -0.010537
v 0.000287 0.012889 -0.009015
v 0.000405 0.012811 -0.009641
v -0.000315 0.011220 -0.009728
v 0.002454 0.008894 -0.012994
v -0.000386 0.010250 -0.010576
v -0.000618 0.010414 -0.009765
v -0.000464 0.011309 -0.008905
v -0.000761 0.010501 -0.008930
v 0.002069 0.009262 -0.012870
v 0.001707 0.009597 -0.012702
v 0.001369 0.009898 -0.012492
v 0.001058 0.010166 -0.012243
v 0.000774 0.010402 -0.011957
v 0.000201 0.012945 -0.008096
v 0.000497 0.012748 -0.009981
v 0.000660 0.012638 -0.010445
v 0.000853 0.012506 -0.010868
v 0.001046 0.012374 -0.011207
v 0.001372 0.012151 -0.011657
v 0.001565 0.012018 -0.011870
v 0.002030 0.011700 -0.012270
v 0.002202 0.011582 -0.012385
v 0.002761 0.011199 -0.012664
v 0.002929 0.011084 -0.012724
v 0.003314 0.010820 -0.012826
v -0.000495 0.011450 -0.008096
v -0.000969 0.010111 -0.008096
v 0.008218 0.011489 -0.012309
v 0.007731 0.011911 -0.012413
v 0.009128 0.013063 -0.012097
v 0.008607 0.013349 -0.012225
v 0.009613 0.013854 -0.011984
v 0.009128 0.014156 -0.012116
v 0.004068 0.011405 -0.012798
v 0.005160 0.011442 -0.012763
v 0.007534 0.010217 -0.012470
v 0.006875 0.010371 -0.012600
v 0.006064 0.010869 -0.012705
v 0.004336 0.011984 -0.012731
v 0.005106 0.013448 -0.012545
v 0.006008 0.012985 -0.012567
v 0.006019 0.014970 -0.012332
v 0.006892 0.014417 -0.012367
v 0.006533 0.015773 -0.012213
v 0.007406 0.015229 -0.012246
v 0.008380 0.014622 -0.012205
v 0.007843 0.013821 -0.012320
v 0.006940 0.012399 -0.012514
v 0.006880 0.020960 -0.006000
v 0.006977 0.021018 -0.005990
v 0.006990 0.020974 -0.007629
v 0.006989 0.020969 -0.007688
v 0.006926 0.020917 -0.007892
v 0.006991 0.020972 -0.007655
v 0.006990 0.020973 -0.007638
v 0.006990 0.020974 -0.004371
v 0.006887 0.020889 -0.004048
v 0.006951 0.020935 -0.004157
v 0.005912 0.020187 -0.003904
v 0.005984 0.020244 -0.003904
v 0.005880 0.020257 -0.006000
v 0.006160 0.020379 -0.003904
v 0.006636 0.020716 -0.003904
v 0.006678 0.020744 -0.003906
v 0.006756 0.020797 -0.003930
v 0.006806 0.020831 -0.003962
v 0.004894 0.019299 -0.003904
v 0.004738 0.019252 -0.006000
v 0.004776 0.019186 -0.003904
v 0.003514 0.017954 -0.006000
v 0.003557 0.017891 -0.003904
v 0.004348 0.018757 -0.003904
v 0.001184 0.014667 -0.003904
v 0.001785 0.015585 -0.003904
v 0.002278 0.016407 -0.006000
v 0.002327 0.016349 -0.003904
v 0.003409 0.017719 -0.003904
v -0.001035 0.010150 -0.006000
v -0.000969 0.010111 -0.003904
v -0.000495 0.011450 -0.003904
v 0.000201 0.012945 -0.003904
v 0.000168 0.013044 -0.006000
v -0.000557 0.011495 -0.006000
v 0.001775 0.015570 -0.008096
v 0.001184 0.014667 -0.008096
v 0.001131 0.014722 -0.006000
v 0.000226 0.012993 -0.008096
v 0.002327 0.016349 -0.008096
v 0.000226 0.012993 -0.003904
v 0.003409 0.017719 -0.008096
v 0.003557 0.017891 -0.008096
v 0.004776 0.019186 -0.008096
v 0.004348 0.018757 -0.008096
v 0.003927 0.018307 -0.008096
v 0.006784 0.020816 -0.008054
v 0.006755 0.020796 -0.008071
v 0.006636 0.020716 -0.008096
v 0.005912 0.020187 -0.008096
v 0.005285 0.019660 -0.008096
v 0.001330 0.012179 -0.000395
v 0.000961 0.012432 -0.000933
v 0.000296 0.010783 -0.000706
v 0.003314 0.010820 0.000826
v -0.000066 0.011051 -0.001463
v -0.000386 0.010250 -0.001424
v -0.000618 0.010414 -0.002235
v -0.000051 0.009983 -0.000670
v -0.000761 0.010501 -0.003070
v 0.000322 0.012866 -0.002762
v -0.000464 0.011309 -0.003095
v -0.000315 0.011220 -0.002272
v 0.000660 0.012638 -0.001555
v 0.000569 0.012699 -0.001796
v 0.000405 0.012811 -0.002359
v 0.001707 0.009597 0.000702
v 0.002069 0.009262 0.000870
v 0.002763 0.011198 0.000664
v 0.002454 0.008894 0.000994
v 0.002961 0.011062 0.000734
v 0.002585 0.011320 0.000590
v 0.002557 0.011339 0.000577
v 0.001369 0.009898 0.000492
v 0.001997 0.011722 0.000247
v 0.001058 0.010166 0.000243
v 0.000774 0.010402 -0.000043
v 0.000520 0.010608 -0.000361
v 0.000265 0.012904 -0.003154
v 0.000265 0.012904 -0.003149
v 0.001870 0.011809 0.000149
v 0.001583 0.012006 -0.000112
v 0.005165 0.011451 0.000762
v 0.004340 0.011993 0.000730
v 0.006069 0.010878 0.000704
v 0.006951 0.012418 0.000511
v 0.007429 0.015214 0.000246
v 0.007423 0.015218 0.000246
v 0.006906 0.014439 0.000364
v 0.007955 0.014886 0.000231
v 0.009243 0.014084 0.000092
v 0.008391 0.014615 0.000204
v 0.008621 0.013371 0.000222
v 0.007858 0.013843 0.000317
v 0.006019 0.013004 0.000565
v 0.006880 0.010380 0.000599
v 0.007742 0.011930 0.000411
v 0.006533 0.015773 0.000213
v 0.005862 0.014719 0.000369
v 0.005166 0.013553 0.000531
v 0.004658 0.012628 0.000652
v 0.011920 0.017569 -0.000878
v 0.011473 0.016840 -0.000643
v 0.012281 0.016429 -0.001004
v 0.014198 0.014080 -0.003437
v 0.014102 0.014114 -0.003111
v 0.013899 0.014208 -0.002689
v 0.012552 0.013455 -0.001470
v 0.011886 0.013844 -0.000974
v 0.011095 0.014310 -0.000537
v 0.010221 0.014826 -0.000176
v 0.010858 0.015847 -0.000385
v 0.012032 0.017752 -0.000945
v 0.012806 0.017387 -0.001296
v 0.013056 0.017271 -0.001442
v 0.012993 0.016074 -0.001446
v 0.014992 0.016550 -0.003886
v 0.014975 0.016529 -0.003783
v 0.014318 0.014355 -0.003682
v 0.014615 0.015374 -0.003592
v 0.014527 0.015387 -0.003296
v 0.014966 0.016525 -0.003741
v 0.014822 0.016541 -0.003325
v 0.014720 0.016571 -0.003123
v 0.014341 0.015451 -0.002902
v 0.014438 0.016673 -0.002687
v 0.014030 0.015583 -0.002436
v 0.014025 0.016841 -0.002209
v 0.013581 0.015790 -0.001937
v 0.013880 0.016903 -0.002069
v 0.013478 0.017080 -0.001731
v 0.011699 0.015383 -0.000749
v 0.012451 0.014972 -0.001192
v 0.013078 0.014634 -0.001689
v 0.013562 0.014379 -0.002202
v 0.015089 0.016866 -0.004029
v 0.015072 0.016815 -0.003981
v 0.015069 0.016767 -0.004131
v 0.015040 0.016713 -0.003920
v 0.015017 0.016637 -0.003897
v 0.014378 0.014318 -0.004841
v 0.014378 0.014318 -0.007159
v 0.014318 0.014355 -0.008318
v 0.014992 0.016550 -0.008114
v 0.015058 0.016772 -0.008050
v 0.015089 0.016866 -0.007971
v 0.015069 0.016767 -0.007869
v 0.015108 0.016916 -0.007901
v 0.015125 0.016957 -0.007805
v 0.015040 0.016713 -0.008080
v 0.015135 0.016972 -0.007707
v 0.015139 0.016972 -0.007629
v 0.015142 0.016971 -0.007570
v 0.014398 0.014305 -0.006000
v 0.015180 0.016950 -0.006000
v 0.015139 0.016972 -0.004371
v 0.015116 0.016938 -0.004143
v 0.010973 0.008315 -0.011043
v 0.012554 0.009204 -0.009080
v 0.009258 0.011203 -0.012001
v 0.013332 0.011537 -0.008849
v 0.012965 0.010471 -0.008959
v 0.012398 0.009305 -0.009623
v 0.012846 0.010572 -0.009395
v 0.012173 0.011059 -0.010414
v 0.012810 0.011298 -0.009763
v 0.012591 0.010765 -0.009891
v 0.012262 0.009389 -0.009904
v 0.012932 0.011786 -0.009764
v 0.012988 0.011751 -0.009677
v 0.013223 0.011605 -0.009217
v 0.013250 0.011588 -0.009143
v 0.010131 0.010672 -0.011654
v 0.010019 0.012477 -0.011778
v 0.010857 0.011931 -0.011386
v 0.010925 0.010195 -0.011227
v 0.011588 0.011451 -0.010924
v 0.011588 0.009798 -0.010730
v 0.011858 0.009636 -0.010461
v 0.012083 0.009499 -0.010185
v 0.012600 0.011993 -0.010190
v 0.012416 0.011574 -0.010279
v 0.012305 0.012177 -0.010491
v 0.011856 0.011951 -0.010797
v 0.010616 0.008502 -0.011298
v 0.010221 0.008711 -0.011531
v 0.008434 0.009694 -0.012238
v 0.009353 0.009182 -0.011929
v 0.012143 0.007725 -0.009203
v 0.012062 0.007763 -0.009526
v 0.011941 0.007822 -0.009850
v 0.011772 0.007905 -0.010168
v 0.011555 0.008015 -0.010475
v 0.011287 0.008152 -0.010768
v 0.010249 0.013458 -0.011746
v 0.010481 0.013313 -0.011648
v 0.010518 0.013290 -0.011632
v 0.011146 0.012418 -0.011276
v 0.011390 0.012747 -0.011179
v 0.012049 0.012336 -0.010714
v 0.001019 0.014258 -0.008823
v 0.003668 0.016283 -0.011178
v 0.004368 0.017114 -0.011108
v 0.003928 0.016147 -0.011450
v 0.004611 0.016966 -0.011372
v 0.004216 0.015992 -0.011688
v 0.004880 0.016801 -0.011601
v 0.004963 0.016749 -0.011661
v 0.004531 0.015818 -0.011887
v 0.005172 0.016620 -0.011792
v 0.004871 0.015627 -0.012048
v 0.005652 0.016322 -0.012010
v 0.005233 0.015420 -0.012174
v 0.005818 0.016219 -0.012064
v 0.001838 0.015542 -0.008793
v 0.002675 0.016704 -0.008766
v 0.001970 0.015476 -0.009533
v 0.002820 0.016662 -0.009479
v 0.002207 0.015349 -0.010281
v 0.003069 0.016565 -0.010199
v 0.002569 0.015143 -0.010986
v 0.003437 0.016397 -0.010874
v 0.002797 0.015009 -0.011304
v 0.003056 0.014852 -0.011592
v 0.003345 0.014675 -0.011844
v 0.003662 0.014477 -0.012058
v 0.004003 0.014262 -0.012231
v 0.004368 0.014032 -0.012366
v 0.001755 0.013747 -0.011110
v 0.001387 0.013998 -0.010373
v 0.001147 0.014164 -0.009593
v 0.001988 0.013588 -0.011444
v 0.002252 0.013408 -0.011748
v 0.002545 0.013208 -0.012014
v 0.002864 0.012989 -0.012240
v 0.003207 0.012755 -0.012424
v 0.003569 0.012507 -0.012565
v 0.003438 0.017685 -0.008578
v 0.003586 0.017580 -0.009496
v 0.003804 0.017450 -0.010153
v 0.003887 0.017401 -0.010340
v 0.004151 0.017244 -0.010813
v 0.004354 0.017122 -0.011091
v 0.008917 0.019328 -0.011323
v 0.009904 0.018796 -0.011355
v 0.008347 0.018497 -0.011596
v 0.009366 0.017913 -0.011643
v 0.008337 0.018481 -0.011601
v 0.008724 0.017018 -0.011885
v 0.007730 0.017583 -0.011843
v 0.007122 0.016671 -0.012048
v 0.008039 0.016119 -0.012087
v 0.007118 0.016665 -0.012050
v 0.009022 0.015544 -0.012046
v 0.009717 0.016473 -0.011837
v 0.010356 0.017397 -0.011589
v 0.010868 0.018312 -0.011299
v 0.009764 0.015111 -0.011952
v 0.010439 0.016079 -0.011736
v 0.011066 0.017033 -0.011478
v 0.011592 0.017962 -0.011184
v 0.010228 0.014838 -0.011822
v 0.010858 0.015847 -0.011615
v 0.011465 0.016829 -0.011361
v 0.012032 0.017752 -0.011055
v 0.010624 0.021746 -0.004371
v 0.010640 0.021790 -0.005990
v 0.009960 0.021789 -0.004371
v 0.009769 0.021833 -0.005990
v 0.008661 0.021649 -0.004371
v 0.008912 0.021701 -0.004371
v 0.008914 0.021746 -0.005990
v 0.009115 0.021734 -0.004371
v 0.009638 0.021784 -0.004371
v 0.008104 0.021490 -0.004371
v 0.008029 0.021511 -0.005990
v 0.008034 0.021465 -0.004371
v 0.007143 0.021112 -0.005990
v 0.007650 0.021312 -0.004371
v 0.007155 0.021067 -0.007629
v 0.008034 0.021465 -0.007629
v 0.008912 0.021701 -0.007629
v 0.009758 0.021788 -0.007629
v 0.010624 0.021746 -0.007629
v 0.001770 0.013748 -0.000874
v 0.001567 0.013887 -0.001235
v 0.004410 0.014030 0.000374
v 0.003761 0.017475 -0.001953
v 0.003576 0.017586 -0.002543
v 0.002837 0.016681 -0.002514
v 0.003512 0.017628 -0.002850
v 0.003455 0.017670 -0.003246
v 0.002691 0.016723 -0.003230
v 0.004569 0.015825 -0.000103
v 0.004661 0.016935 -0.000581
v 0.004251 0.016001 -0.000300
v 0.004627 0.016956 -0.000613
v 0.003959 0.016159 -0.000537
v 0.004380 0.017106 -0.000877
v 0.003696 0.016296 -0.000809
v 0.004151 0.017244 -0.001187
v 0.003463 0.016412 -0.001112
v 0.003809 0.017447 -0.001834
v 0.003089 0.016583 -0.001790
v 0.005279 0.015423 0.000180
v 0.006101 0.016042 0.000139
v 0.005847 0.016201 0.000073
v 0.004913 0.015632 0.000056
v 0.005331 0.016521 -0.000124
v 0.005194 0.016606 -0.000196
v 0.003605 0.012494 0.000574
v 0.001024 0.014266 -0.003173
v 0.001154 0.014170 -0.002398
v 0.001982 0.015490 -0.002459
v 0.001397 0.014003 -0.001614
v 0.002223 0.015361 -0.001707
v 0.002589 0.015154 -0.001000
v 0.001849 0.015557 -0.003203
v 0.004041 0.014263 0.000241
v 0.003696 0.014480 0.000069
v 0.003376 0.014680 -0.000142
v 0.003083 0.014859 -0.000393
v 0.002820 0.015017 -0.000681
v 0.003239 0.012745 0.000435
v 0.002569 0.013203 0.000030
v 0.002893 0.012982 0.000254
v 0.002005 0.013588 -0.000539
v 0.002273 0.013405 -0.000236
v 0.007938 0.018778 -0.000468
v 0.007490 0.019085 -0.000644
v 0.006743 0.018308 -0.000470
v 0.004388 0.018703 -0.003267
v 0.004497 0.018591 -0.002584
v 0.005351 0.019422 -0.002636
v 0.008344 0.018491 -0.000402
v 0.008347 0.018497 -0.000404
v 0.007008 0.020437 -0.002198
v 0.006335 0.019908 -0.002058
v 0.006651 0.019669 -0.001465
v 0.006671 0.020670 -0.003366
v 0.006017 0.020192 -0.003328
v 0.006123 0.020085 -0.002698
v 0.006790 0.020578 -0.002773
v 0.006731 0.020620 -0.003007
v 0.008075 0.019812 -0.000923
v 0.007758 0.019995 -0.001164
v 0.007049 0.019388 -0.000980
v 0.007492 0.020149 -0.001440
v 0.007357 0.020228 -0.001612
v 0.008178 0.019752 -0.000864
v 0.008620 0.019498 -0.000708
v 0.008917 0.019328 -0.000677
v 0.007111 0.016654 0.000052
v 0.007730 0.017583 -0.000157
v 0.007246 0.017946 -0.000256
v 0.004708 0.018406 -0.001894
v 0.005556 0.019227 -0.001970
v 0.005868 0.018964 -0.001351
v 0.005247 0.019539 -0.003294
v 0.006273 0.018652 -0.000837
v 0.005704 0.017658 -0.000497
v 0.005968 0.017471 -0.000318
v 0.005457 0.017834 -0.000713
v 0.005232 0.017998 -0.000967
v 0.005030 0.018150 -0.001252
v 0.007225 0.017961 -0.011738
v 0.008405 0.019622 -0.011236
v 0.008562 0.019532 -0.011280
v 0.007919 0.018791 -0.011528
v 0.008164 0.019761 -0.011128
v 0.007745 0.020002 -0.010825
v 0.007877 0.019926 -0.010937
v 0.007474 0.019096 -0.011346
v 0.006788 0.020579 -0.009220
v 0.006916 0.020494 -0.009594
v 0.006330 0.019912 -0.009931
v 0.007014 0.020433 -0.009814
v 0.006121 0.020087 -0.009294
v 0.006017 0.020193 -0.008669
v 0.006686 0.020656 -0.008747
v 0.006725 0.018321 -0.011520
v 0.006260 0.018662 -0.011149
v 0.007036 0.019397 -0.011008
v 0.006642 0.019675 -0.010522
v 0.005859 0.018971 -0.010635
v 0.005551 0.019231 -0.010019
v 0.005349 0.019424 -0.009356
v 0.005247 0.019539 -0.008702
v 0.004387 0.018703 -0.008729
v 0.004495 0.018593 -0.009408
v 0.004703 0.018410 -0.010094
v 0.005021 0.018157 -0.010734
v 0.006515 0.017091 -0.011919
v 0.005949 0.017485 -0.011670
v 0.005687 0.017670 -0.011490
v 0.005443 0.017844 -0.011272
v 0.007017 0.020431 -0.009822
v 0.007348 0.020233 -0.010376
v 0.008749 0.017004 -0.000115
v 0.008055 0.016094 0.000089
v 0.009035 0.015520 0.000046
v 0.009738 0.016461 -0.000165
v 0.010517 0.018485 -0.000669
v 0.009928 0.018783 -0.000645
v 0.009399 0.017910 -0.000361
v 0.009769 0.015092 -0.000049
v 0.011710 0.017906 -0.000844
v 0.010889 0.018302 -0.000703
v 0.011085 0.017038 -0.000528
v 0.010384 0.017397 -0.000417
v 0.010452 0.016072 -0.000267
v 0.014292 0.020336 -0.004148
v 0.014244 0.020408 -0.004371
v 0.013780 0.020721 -0.004371
v 0.014941 0.019170 -0.003684
v 0.014837 0.018860 -0.003347
v 0.015068 0.018436 -0.003564
v 0.013815 0.017750 -0.001997
v 0.014290 0.017439 -0.002430
v 0.015076 0.016913 -0.003817
v 0.015068 0.017130 -0.003635
v 0.014860 0.016988 -0.003237
v 0.014636 0.017186 -0.002855
v 0.012503 0.018531 -0.001284
v 0.013214 0.018118 -0.001599
v 0.012506 0.018535 -0.001286
v 0.013086 0.019517 -0.002001
v 0.012894 0.019188 -0.001709
v 0.013552 0.018754 -0.001975
v 0.012678 0.018823 -0.001451
v 0.014695 0.018457 -0.003006
v 0.014317 0.018862 -0.002703
v 0.014096 0.018348 -0.002320
v 0.013816 0.019285 -0.002423
v 0.014487 0.019288 -0.003121
v 0.014608 0.019613 -0.003534
v 0.014685 0.019823 -0.003896
v 0.015143 0.019304 -0.004371
v 0.015056 0.019481 -0.004371
v 0.015043 0.019464 -0.004210
v 0.014984 0.019606 -0.004371
v 0.014724 0.019921 -0.004176
v 0.015009 0.019371 -0.003980
v 0.015157 0.018714 -0.003829
v 0.015262 0.018256 -0.003952
v 0.015190 0.018023 -0.003752
v 0.015274 0.017803 -0.004043
v 0.015218 0.017624 -0.003895
v 0.015158 0.017044 -0.004371
v 0.015240 0.017434 -0.004201
v 0.015175 0.017239 -0.003988
v 0.015312 0.017918 -0.004180
v 0.015311 0.018408 -0.004132
v 0.015215 0.018895 -0.004062
v 0.014777 0.019894 -0.004371
v 0.014808 0.017658 -0.003058
v 0.014986 0.017376 -0.003378
v 0.014514 0.017981 -0.002695
v 0.014951 0.018077 -0.003299
v 0.015096 0.017724 -0.003553
v 0.015148 0.017395 -0.003754
v 0.013725 0.020633 -0.003846
v 0.013715 0.020616 -0.003793
v 0.014248 0.020240 -0.003824
v 0.013712 0.020612 -0.003778
v 0.014159 0.020035 -0.003400
v 0.013545 0.020318 -0.003093
v 0.014017 0.019715 -0.002915
v 0.013403 0.020068 -0.002675
v 0.013202 0.019716 -0.002215
v 0.015258 0.018985 -0.004371
v 0.015245 0.018978 -0.004244
v 0.015326 0.018659 -0.004371
v 0.015336 0.018477 -0.004272
v 0.015341 0.018008 -0.004371
v 0.015332 0.017971 -0.004290
v 0.015271 0.017523 -0.004371
v 0.015260 0.017472 -0.004371
v 0.012173 0.017684 -0.011002
v 0.011067 0.014343 -0.011478
v 0.014965 0.016525 -0.008261
v 0.014610 0.015359 -0.008411
v 0.014892 0.016526 -0.008503
v 0.014520 0.015372 -0.008710
v 0.014716 0.016573 -0.008884
v 0.014331 0.015439 -0.009108
v 0.011665 0.015401 -0.011268
v 0.012242 0.016434 -0.011017
v 0.012426 0.014985 -0.010825
v 0.012964 0.016073 -0.010574
v 0.013061 0.014643 -0.010327
v 0.013560 0.015784 -0.010081
v 0.013552 0.014384 -0.009810
v 0.014016 0.015573 -0.009578
v 0.013894 0.014210 -0.009319
v 0.014100 0.014115 -0.008893
v 0.012775 0.017401 -0.010720
v 0.011866 0.013873 -0.011041
v 0.012540 0.013479 -0.010543
v 0.014197 0.014080 -0.008564
v 0.013131 0.017237 -0.010510
v 0.013456 0.017090 -0.010285
v 0.013930 0.016882 -0.009884
v 0.014430 0.016676 -0.009324
v 0.014573 0.016622 -0.009121
v 0.015161 0.017042 -0.007570
v 0.015193 0.017025 -0.005372
v 0.015146 0.019304 -0.007570
v 0.014984 0.019606 -0.007629
v 0.014987 0.019607 -0.007570
v 0.014777 0.019894 -0.007629
v 0.014780 0.019896 -0.007570
v 0.014244 0.020408 -0.007629
v 0.014247 0.020410 -0.007570
v 0.013780 0.020721 -0.007629
v 0.013782 0.020723 -0.007570
v 0.015158 0.017044 -0.007629
v 0.015271 0.017523 -0.007629
v 0.015274 0.017522 -0.007570
v 0.015341 0.018008 -0.007629
v 0.015344 0.018007 -0.007570
v 0.015326 0.018659 -0.007629
v 0.015329 0.018659 -0.007570
v 0.015258 0.018985 -0.007629
v 0.015261 0.018985 -0.007570
v 0.015252 0.019005 -0.007629
v 0.015143 0.019304 -0.007629
v 0.014275 0.020432 -0.005372
v 0.014813 0.019911 -0.005372
v 0.015021 0.019618 -0.005372
v 0.015181 0.019311 -0.005372
v 0.015296 0.018986 -0.005372
v 0.015364 0.018655 -0.005372
v 0.015377 0.017995 -0.005372
v 0.015306 0.017507 -0.005372
v 0.013812 0.020754 -0.006000
v 0.014279 0.020435 -0.006374
v 0.014816 0.019913 -0.006374
v 0.015025 0.019619 -0.006374
v 0.015185 0.019311 -0.006374
v 0.015300 0.018986 -0.006374
v 0.015368 0.018655 -0.006374
v 0.015382 0.017994 -0.006374
v 0.015310 0.017505 -0.006374
v 0.015197 0.017023 -0.006374
v 0.011297 0.021659 -0.007629
v 0.011476 0.021626 -0.007629
v 0.011463 0.021597 -0.007908
v 0.011675 0.021583 -0.007629
v 0.012428 0.021355 -0.007629
v 0.012255 0.021386 -0.007886
v 0.012650 0.021269 -0.007629
v 0.013064 0.021090 -0.007629
v 0.013053 0.021068 -0.007864
v 0.013736 0.020746 -0.007629
v 0.013765 0.020701 -0.007856
v 0.010254 0.019358 -0.011110
v 0.009220 0.019764 -0.011132
v 0.010580 0.019927 -0.010732
v 0.009555 0.020241 -0.010790
v 0.010872 0.020450 -0.010210
v 0.009882 0.020700 -0.010279
v 0.011116 0.020902 -0.009585
v 0.010171 0.021102 -0.009647
v 0.011297 0.021254 -0.008936
v 0.010396 0.021415 -0.008979
v 0.011410 0.021486 -0.008355
v 0.010542 0.021620 -0.008375
v 0.010610 0.021719 -0.007912
v 0.012223 0.021275 -0.008298
v 0.012150 0.021044 -0.008842
v 0.012023 0.020689 -0.009457
v 0.011831 0.020226 -0.010064
v 0.011574 0.019670 -0.010591
v 0.011251 0.019025 -0.011000
v 0.013022 0.020974 -0.008238
v 0.012954 0.020771 -0.008738
v 0.012833 0.020448 -0.009313
v 0.012645 0.020006 -0.009894
v 0.012379 0.019448 -0.010418
v 0.012026 0.018764 -0.010848
v 0.012506 0.018535 -0.010714
v 0.012898 0.019195 -0.010286
v 0.013207 0.019725 -0.009776
v 0.013442 0.020136 -0.009219
v 0.013610 0.020433 -0.008676
v 0.013715 0.020616 -0.008207
v 0.011696 0.021625 -0.006000
v 0.013736 0.020746 -0.004371
v 0.011675 0.021583 -0.004371
v 0.012275 0.021409 -0.004371
v 0.012678 0.021308 -0.006000
v 0.013768 0.020780 -0.006000
v 0.013078 0.021083 -0.004371
v 0.012650 0.021269 -0.004371
v 0.008460 0.020104 -0.010943
v 0.008030 0.020301 -0.010643
v 0.007249 0.020633 -0.009684
v 0.007612 0.020485 -0.010210
v 0.008868 0.019916 -0.011097
v 0.009196 0.020354 -0.010765
v 0.009517 0.020782 -0.010269
v 0.009803 0.021159 -0.009652
v 0.009891 0.021762 -0.007935
v 0.008782 0.020495 -0.010619
v 0.009097 0.020878 -0.010147
v 0.009381 0.021220 -0.009567
v 0.008925 0.021265 -0.009396
v 0.008646 0.020969 -0.009916
v 0.008340 0.020638 -0.010342
v 0.007903 0.020765 -0.009950
v 0.008191 0.021039 -0.009589
v 0.008458 0.021284 -0.009150
v 0.006974 0.020728 -0.009120
v 0.006938 0.020864 -0.008493
v 0.007183 0.020889 -0.008981
v 0.007082 0.020965 -0.008375
v 0.007393 0.021047 -0.008781
v 0.007219 0.021058 -0.008222
v 0.007591 0.021188 -0.008533
v 0.008386 0.021528 -0.008137
v 0.007904 0.021388 -0.008010
v 0.007428 0.021193 -0.007886
v 0.010188 0.021651 -0.008398
v 0.010031 0.021455 -0.008997
v 0.009784 0.021670 -0.008385
v 0.009614 0.021490 -0.008951
v 0.009341 0.021662 -0.008336
v 0.009161 0.021501 -0.008846
v 0.008870 0.021618 -0.008250
v 0.008688 0.021481 -0.008685
v 0.008217 0.021418 -0.008484
v 0.008006 0.021263 -0.008852
v 0.007765 0.021070 -0.009198
v 0.007507 0.020854 -0.009481
v 0.010039 0.021462 -0.003021
v 0.010195 0.021655 -0.003620
v 0.009794 0.021675 -0.003633
v 0.008206 0.021042 -0.002409
v 0.008475 0.021289 -0.002853
v 0.008024 0.021268 -0.003146
v 0.009219 0.019762 -0.000867
v 0.008871 0.019916 -0.000903
v 0.008466 0.020102 -0.001055
v 0.008038 0.020298 -0.001351
v 0.006948 0.020867 -0.003488
v 0.007195 0.020890 -0.003003
v 0.007622 0.020482 -0.001779
v 0.007259 0.020630 -0.002300
v 0.006982 0.020726 -0.002861
v 0.007450 0.021204 -0.004115
v 0.007925 0.021396 -0.003994
v 0.008406 0.021535 -0.003871
v 0.008886 0.021623 -0.003761
v 0.010621 0.021739 -0.004257
v 0.009899 0.021764 -0.004081
v 0.010610 0.021719 -0.004088
v 0.010533 0.021607 -0.003579
v 0.010133 0.021049 -0.002258
v 0.010277 0.021250 -0.002643
v 0.010396 0.021415 -0.003020
v 0.009748 0.020512 -0.001488
v 0.009524 0.020787 -0.001739
v 0.009554 0.020239 -0.001209
v 0.009201 0.020357 -0.001238
v 0.009341 0.019937 -0.000972
v 0.009220 0.019764 -0.000868
v 0.007916 0.020765 -0.002042
v 0.007781 0.021073 -0.002795
v 0.007521 0.020854 -0.002506
v 0.007609 0.021195 -0.003462
v 0.007408 0.021051 -0.003208
v 0.007236 0.021066 -0.003769
v 0.007096 0.020971 -0.003611
v 0.009354 0.021667 -0.003679
v 0.009175 0.021507 -0.003167
v 0.009625 0.021496 -0.003065
v 0.009392 0.021226 -0.002445
v 0.009811 0.021166 -0.002362
v 0.009107 0.020883 -0.001859
v 0.008790 0.020497 -0.001382
v 0.009881 0.020699 -0.001719
v 0.007784 0.021311 -0.003735
v 0.008236 0.021424 -0.003520
v 0.008705 0.021487 -0.003323
v 0.008939 0.021271 -0.002612
v 0.008659 0.020973 -0.002087
v 0.008351 0.020639 -0.001655
v 0.012265 0.021382 -0.004114
v 0.011262 0.019022 -0.001002
v 0.012037 0.018759 -0.001154
v 0.013036 0.020968 -0.003763
v 0.013067 0.021061 -0.004136
v 0.012968 0.020766 -0.003264
v 0.012846 0.020443 -0.002689
v 0.012657 0.020001 -0.002109
v 0.012391 0.019444 -0.001585
v 0.010260 0.019356 -0.000890
v 0.010586 0.019925 -0.001268
v 0.011468 0.021596 -0.004092
v 0.012232 0.021272 -0.003703
v 0.011415 0.021485 -0.003646
v 0.012160 0.021042 -0.003159
v 0.011302 0.021253 -0.003064
v 0.012033 0.020687 -0.002544
v 0.011122 0.020901 -0.002416
v 0.011842 0.020223 -0.001938
v 0.010878 0.020448 -0.001791
v 0.011585 0.019668 -0.001412
v 0.015241 0.017437 -0.007799
v 0.015312 0.017924 -0.007821
v 0.015335 0.018486 -0.007728
v 0.015310 0.018417 -0.007869
v 0.015261 0.018264 -0.008050
v 0.014272 0.020352 -0.007853
v 0.014227 0.020256 -0.008179
v 0.014138 0.020052 -0.008605
v 0.013994 0.019732 -0.009092
v 0.013186 0.018134 -0.010417
v 0.014277 0.017447 -0.009583
v 0.014857 0.016991 -0.008770
v 0.014979 0.016839 -0.008456
v 0.015076 0.016914 -0.008184
v 0.015176 0.017241 -0.008012
v 0.015242 0.018990 -0.007757
v 0.015211 0.018907 -0.007940
v 0.015153 0.018725 -0.008175
v 0.015064 0.018446 -0.008441
v 0.013793 0.019303 -0.009587
v 0.014472 0.019304 -0.008887
v 0.014594 0.019629 -0.008471
v 0.014671 0.019839 -0.008107
v 0.014710 0.019936 -0.007825
v 0.014629 0.017191 -0.009155
v 0.014802 0.017665 -0.008950
v 0.014947 0.018086 -0.008708
v 0.014504 0.017992 -0.009316
v 0.013795 0.017763 -0.010018
v 0.014686 0.018469 -0.009003
v 0.014079 0.018362 -0.009693
v 0.013527 0.018772 -0.010038
v 0.014301 0.018877 -0.009308
v 0.014828 0.018872 -0.008660
v 0.014933 0.019183 -0.008321
v 0.015001 0.019385 -0.008022
v 0.015035 0.019478 -0.007791
v 0.015274 0.017808 -0.007957
v 0.015218 0.017629 -0.008106
v 0.015188 0.018030 -0.008251
v 0.015147 0.017399 -0.008248
v 0.015095 0.017730 -0.008451
v 0.015067 0.017133 -0.008367
v 0.014984 0.017380 -0.008627
v 0.008455 -0.000026 -0.004450
v 0.008455 -0.000026 -0.007550
v -0.001693 0.004694 -0.009550
v -0.002447 0.004976 -0.002450
v -0.002447 0.004976 -0.009550
v -0.001693 0.004694 -0.002450
v -0.000510 0.004398 -0.009550
v -0.000510 0.004398 -0.002450
v 0.005641 -0.006162 -0.004450
v 0.005641 -0.006162 -0.002950
v 0.005641 -0.006162 -0.009050
v 0.005641 -0.006162 -0.007550
v 0.001284 0.000775 -0.002450
v 0.001493 0.000141 -0.002450
v 0.000195 0.001487 -0.002450
v 0.000821 0.001255 -0.002450
v 0.003003 -0.003468 -0.002450
v 0.003668 -0.003405 -0.002450
v 0.004294 -0.003637 -0.002450
v 0.002432 -0.003813 -0.002450
v 0.004757 -0.004118 -0.002450
v 0.004966 -0.004752 -0.002450
v 0.005187 -0.005954 -0.002450
v -0.001041 0.001080 -0.002450
v -0.000469 0.001425 -0.002450
v -0.004078 0.003241 -0.002450
v -0.003349 0.004190 -0.002450
v 0.003263 -0.003660 -0.009550
v 0.002675 -0.003931 -0.009550
v 0.001493 0.000141 -0.009550
v 0.003907 -0.003721 -0.009550
v 0.004435 -0.004095 -0.009550
v 0.004705 -0.004683 -0.009550
v 0.005187 -0.005954 -0.009550
v 0.004786 -0.006507 -0.009550
v 0.004205 -0.006865 -0.009550
v 0.003531 -0.006973 -0.009550
v 0.002867 -0.006815 -0.009550
v -0.003349 0.004190 -0.009550
v -0.004078 0.003241 -0.009550
v -0.001041 0.001080 -0.009550
v -0.000469 0.001425 -0.009550
v 0.000195 0.001487 -0.009550
v 0.001284 0.000775 -0.009550
v 0.000821 0.001255 -0.009550
v 0.004435 -0.004095 -0.007550
v 0.003907 -0.003721 -0.007550
v 0.003263 -0.003660 -0.007550
v 0.001284 0.000775 -0.007550
v 0.001493 0.000141 -0.007550
v 0.004705 -0.004683 -0.007550
v 0.005127 -0.006873 -0.007550
v -0.001041 0.001080 -0.007550
v -0.000469 0.001425 -0.007550
v -0.002450 0.004974 -0.007550
v 0.000195 0.001487 -0.007550
v 0.000821 0.001255 -0.007550
v 0.002675 -0.003931 -0.007550
v 0.004379 -0.007334 -0.007550
v 0.003512 -0.007473 -0.007550
v 0.002658 -0.007269 -0.007550
v -0.003349 0.004190 -0.007550
v -0.004078 0.003241 -0.007550
v -0.004078 0.003241 -0.004450
v -0.003349 0.004190 -0.004450
v -0.002450 0.004974 -0.004450
v 0.002658 -0.007269 -0.009050
v 0.002658 -0.007269 -0.004450
v -0.001041 0.001080 -0.004450
v -0.000469 0.001425 -0.004450
v 0.000195 0.001487 -0.004450
v 0.000821 0.001255 -0.004450
v 0.001284 0.000775 -0.004450
v 0.001493 0.000141 -0.004450
v 0.002432 -0.003813 -0.004450
v 0.003003 -0.003468 -0.004450
v 0.003668 -0.003405 -0.004450
v 0.004294 -0.003637 -0.004450
v 0.004757 -0.004118 -0.004450
v 0.004966 -0.004752 -0.004450
v 0.003512 -0.007473 -0.004450
v 0.004379 -0.007334 -0.004450
v 0.005127 -0.006873 -0.004450
v 0.003512 -0.007473 -0.009050
v 0.004379 -0.007334 -0.009050
v 0.005127 -0.006873 -0.009050
vn -0.1325 -0.3797 0.9156
vn -0.3102 -0.8739 0.3743
vn -0.1387 -0.9174 0.3731
vn -0.0312 -0.4150 0.9093
vn 0.0336 -0.9262 0.3755
vn 0.1165 -0.3962 0.9107
vn 0.2083 -0.9043 0.3727
vn 0.3722 -0.8483 0.3766
vn 0.2477 -0.3275 0.9118
vn 0.7706 -0.5174 0.3722
vn 0.3317 -0.2305 0.9148
vn 0.6581 -0.6515 0.3775
vn 0.5263 -0.7644 0.3724
vn -0.6086 0.2255 0.7608
vn -0.6085 0.2255 -0.7608
vn -0.4504 0.4672 0.7608
vn -0.4504 0.4672 -0.7608
vn -0.2031 0.6164 0.7608
vn -0.2031 0.6164 -0.7608
vn 0.0844 0.6435 0.7608
vn 0.0844 0.6435 -0.7608
vn 0.3553 0.5431 0.7608
vn 0.3553 0.5431 -0.7608
vn 0.5557 0.3352 0.7608
vn 0.5557 0.3352 -0.7608
vn 0.6461 0.0609 0.7608
vn 0.6461 0.0609 -0.7608
vn 0.6086 -0.2255 0.7608
vn 0.6086 -0.2255 -0.7608
vn -0.6086 0.2255 -0.7608
vn -0.4505 0.4672 -0.7608
vn 0.5990 -0.2348 -0.7655
vn 0.5991 -0.2348 0.7655
vn -0.6074 0.2122 -0.7655
vn -0.6074 0.2122 0.7655
vn -0.4092 -0.8339 -0.3703
vn -0.3308 -0.6364 0.6968
vn -0.4594 -0.8090 -0.3667
vn -0.4346 -0.5806 0.6885
vn -0.5045 -0.7786 -0.3732
vn -0.5493 -0.7482 -0.3720
vn -0.5523 -0.4728 0.6866
vn -0.5033 -0.5037 -0.7021
vn -0.5666 -0.4436 -0.6944
vn -0.6403 -0.3497 0.6839
vn -0.6403 -0.3497 -0.6839
vn -0.6999 -0.2059 0.6839
vn -0.6999 -0.2059 -0.6839
vn -0.7277 -0.0528 0.6839
vn -0.7277 -0.0528 -0.6839
vn -0.7223 0.1027 0.6839
vn -0.7223 0.1027 -0.6839
vn -0.6844 0.2509 0.6846
vn -0.6844 0.2509 -0.6846
vn -0.5159 -0.7772 0.3602
vn -0.4990 -0.5165 0.6958
vn -0.4383 -0.5801 -0.6866
vn -0.5518 -0.4762 -0.6847
vn -0.4342 -0.8236 0.3649
vn -0.3291 -0.6359 -0.6981
vn -0.3935 -0.8379 0.3782
vn -0.5666 -0.4436 0.6944
vn 0.0258 -0.8331 0.5526
vn -0.0591 -0.7758 0.6282
vn -0.0837 -0.7961 0.5993
vn -0.1315 -0.7270 0.6739
vn -0.0579 -0.9416 0.3317
vn -0.5061 -0.4938 -0.7071
vn 0.0173 -0.8322 -0.5543
vn -0.5061 -0.4938 0.7071
vn -0.0586 -0.9431 -0.3274
vn -0.0551 -0.7803 -0.6230
vn -0.0880 -0.7951 -0.6001
vn -0.1299 -0.7299 -0.6711
vn -0.5931 -0.3583 -0.7210
vn -0.4274 -0.4993 -0.7537
vn -0.3906 -0.5380 -0.7470
vn -0.3479 -0.5810 -0.7358
vn -0.3157 -0.6045 -0.7314
vn -0.4940 -0.5852 -0.6430
vn -0.2702 -0.6349 -0.7238
vn -0.2127 -0.6750 -0.7065
vn -0.4761 -0.4533 -0.7536
vn -0.6376 -0.2561 -0.7266
vn -0.5159 -0.3986 -0.7583
vn -0.5447 -0.3513 -0.7615
vn -0.6737 -0.1660 -0.7201
vn -0.5747 -0.2992 -0.7617
vn -0.6943 -0.1730 -0.6986
vn -0.5892 -0.2379 -0.7722
vn -0.3782 -0.5514 0.7436
vn -0.5925 -0.3582 0.7215
vn -0.3193 -0.5998 0.7337
vn -0.4940 -0.5845 0.6437
vn -0.2665 -0.6377 0.7227
vn -0.2121 -0.6755 0.7062
vn -0.5071 -0.4141 0.7558
vn -0.6378 -0.2578 0.7258
vn -0.4607 -0.4643 0.7564
vn -0.4223 -0.5028 0.7542
vn -0.5371 -0.3615 0.7621
vn -0.5695 -0.3031 0.7641
vn -0.6758 -0.1672 0.7178
vn -0.5706 -0.2686 0.7760
vn -0.6968 -0.1738 0.6959
vn 0.9778 -0.1837 -0.1007
vn 0.9772 -0.1873 -0.1003
vn 0.9802 -0.1936 -0.0419
vn 0.4023 -0.9151 -0.0257
vn 0.4051 -0.9113 -0.0742
vn 0.9494 -0.3103 -0.0486
vn 0.9503 -0.2942 -0.1018
vn 0.9564 -0.2888 -0.0443
vn 0.9430 -0.3109 0.1191
vn 0.4011 -0.9128 0.0777
vn 0.3993 -0.9156 0.0470
vn 0.9757 -0.1958 -0.0980
vn 0.9748 -0.2204 -0.0359
vn 0.9720 -0.2139 -0.0969
vn 0.9635 -0.2649 -0.0391
vn 0.9664 -0.2470 -0.0714
vn 0.9550 -0.2807 -0.0959
vn 0.9807 -0.1955 -0.0000
vn 0.9800 -0.1943 0.0426
vn 0.9743 -0.2211 0.0435
vn 0.9660 -0.2418 0.0913
vn 0.9641 -0.2622 0.0427
vn 0.9700 -0.2197 0.1042
vn 0.9767 -0.1897 0.0999
vn 0.9768 -0.1881 0.1024
vn 0.9590 -0.2654 0.0997
vn 0.9523 -0.2880 0.1008
vn 0.9562 -0.2896 0.0438
vn 0.9499 -0.3096 0.0434
vn 0.9754 -0.2205 -0.0000
vn 0.9651 -0.2617 -0.0000
vn 0.9570 -0.2901 0.0001
vn 0.9507 -0.3101 -0.0001
vn 0.4023 -0.9154 0.0137
vn 0.9502 -0.2450 -0.1925
vn 0.9383 -0.2775 -0.2065
vn 0.9257 -0.2384 -0.2937
vn 0.9056 -0.2313 -0.3555
vn 0.8979 -0.2648 -0.3517
vn 0.8786 -0.2208 -0.4234
vn 0.8318 -0.2447 -0.4982
vn 0.8248 -0.2058 -0.5266
vn 0.7488 -0.2170 -0.6263
vn 0.7472 -0.1858 -0.6381
vn 0.6619 -0.1839 -0.7267
vn 0.6478 -0.1618 -0.7444
vn 0.5822 -0.1430 -0.8004
vn 0.5856 -0.1523 -0.7962
vn 0.5094 -0.1306 -0.8506
vn 0.5326 -0.1273 -0.8367
vn 0.4505 -0.1047 -0.8866
vn 0.4483 -0.1313 -0.8842
vn 0.4093 -0.0924 -0.9077
vn 0.3857 -0.1075 -0.9164
vn 0.3736 -0.0802 -0.9241
vn 0.3069 -0.0820 -0.9482
vn 0.3261 -0.0624 -0.9433
vn 0.2339 -0.0541 -0.9708
vn 0.2412 -0.0307 -0.9700
vn 0.2814 -0.0466 -0.9585
vn -0.5071 -0.4035 -0.7616
vn 0.1816 -0.0253 -0.9831
vn 0.1861 -0.0054 -0.9825
vn -0.5637 -0.2901 -0.7734
vn -0.5540 -0.3337 -0.7627
vn -0.5321 -0.3673 -0.7628
vn -0.5810 -0.2405 -0.7775
vn 0.5123 -0.1556 -0.8446
vn 0.5842 -0.1808 -0.7912
vn 0.6641 -0.2093 -0.7177
vn 0.7480 -0.2393 -0.6191
vn 0.2527 -0.8464 -0.4687
vn 0.8268 -0.2658 -0.4957
vn 0.3201 -0.8656 -0.3850
vn 0.8899 -0.2842 -0.3568
vn 0.3782 -0.8842 -0.2741
vn 0.9321 -0.2941 -0.2116
vn 0.3993 -0.9041 -0.1524
vn 0.5055 -0.1328 0.8525
vn 0.5273 -0.1256 0.8403
vn 0.4683 -0.1061 0.8772
vn 0.7478 -0.2408 0.6187
vn 0.6629 -0.2116 0.7182
vn 0.5821 -0.1846 0.7919
vn 0.5119 -0.1578 0.8444
vn 0.4484 -0.1306 0.8843
vn 0.3856 -0.1080 0.9163
vn 0.2359 -0.0574 0.9701
vn 0.3061 -0.0829 0.9484
vn 0.1790 -0.0210 0.9836
vn -0.5097 -0.4054 0.7588
vn -0.5303 -0.3614 0.7669
vn -0.5478 -0.3380 0.7653
vn -0.5623 -0.2863 0.7757
vn 0.2768 -0.8544 0.4398
vn 0.3407 -0.8731 0.3487
vn 0.8266 -0.2669 0.4955
vn 0.3814 -0.8918 0.2434
vn 0.8899 -0.2848 0.3564
vn 0.4012 -0.9055 0.1380
vn 0.9319 -0.2934 0.2134
vn 0.9411 -0.2691 0.2047
vn 0.8995 -0.2588 0.3521
vn 0.8340 -0.2398 0.4968
vn 0.7504 -0.2143 0.6253
vn 0.6636 -0.1860 0.7246
vn 0.5834 -0.1591 0.7965
vn 0.1882 -0.0059 0.9821
vn 0.2600 -0.0390 0.9648
vn 0.3138 -0.0588 0.9477
vn 0.3591 -0.0735 0.9304
vn 0.4108 -0.0907 0.9072
vn 0.5893 -0.1428 0.7952
vn 0.6712 -0.1645 0.7228
vn 0.7571 -0.1865 0.6261
vn 0.8400 -0.2075 0.5013
vn 0.9042 -0.2239 0.3637
vn 0.9360 -0.2328 0.2641
vn 0.9534 -0.2393 0.1837
vn -0.2053 -0.6502 0.7315
vn -0.0790 -0.7022 0.7076
vn -0.1139 -0.7091 0.6958
vn -0.2329 -0.6369 0.7349
vn -0.1992 -0.6934 0.6925
vn -0.2654 -0.6302 0.7297
vn -0.2701 -0.6221 -0.7348
vn -0.1996 -0.6939 -0.6919
vn -0.1136 -0.7098 -0.6952
vn -0.2329 -0.6363 -0.7354
vn -0.0798 -0.7024 -0.7073
vn -0.2091 -0.6489 -0.7316
vn -0.8985 0.4357 -0.0541
vn -0.9135 0.4025 -0.0585
vn -0.9103 0.4041 -0.0893
vn -0.9193 -0.3536 -0.1727
vn -0.8551 0.3981 -0.3321
vn -0.8903 -0.3675 -0.2690
vn -0.8143 0.3831 -0.4361
vn -0.8399 -0.3932 -0.3742
vn -0.7615 0.3552 -0.5421
vn -0.6992 0.3252 -0.6367
vn -0.7707 -0.4302 -0.4701
vn -0.6220 0.2914 -0.7268
vn -0.6759 -0.4881 -0.5521
vn -0.5382 0.2534 -0.8038
vn -0.5766 -0.5348 -0.6176
vn -0.4515 0.2132 -0.8664
vn -0.4570 -0.5819 -0.6727
vn -0.2357 -0.6545 -0.7184
vn -0.3609 -0.5879 -0.7240
vn -0.2864 0.1194 -0.9507
vn -0.3639 0.1614 -0.9173
vn -0.9473 -0.3178 -0.0413
vn -0.9411 -0.3332 -0.0573
vn -0.9323 -0.3455 -0.1074
vn -0.9004 0.4062 -0.1557
vn -0.8833 0.4049 -0.2364
vn -0.7880 0.3317 -0.5187
vn -0.7975 0.3160 -0.5140
vn -0.7239 0.3093 -0.6167
vn -0.7329 0.3000 -0.6106
vn -0.6473 0.2805 -0.7087
vn -0.6546 0.2782 -0.7030
vn -0.5609 0.2469 -0.7902
vn -0.5649 0.2496 -0.7865
vn -0.4683 0.2105 -0.8581
vn -0.4685 0.2159 -0.8567
vn -0.3741 0.1736 -0.9110
vn -0.3680 0.1802 -0.9122
vn -0.2819 0.1382 -0.9494
vn -0.2711 0.1445 -0.9516
vn -0.1921 0.1055 -0.9757
vn -0.1772 0.1100 -0.9780
vn -0.0916 0.0760 -0.9929
vn -0.0684 0.0841 -0.9941
vn -0.1541 0.1186 -0.9809
vn -0.2399 0.1538 -0.9585
vn -0.3390 0.1924 -0.9209
vn -0.4123 0.2203 -0.8840
vn -0.8389 0.3469 -0.4193
vn -0.8456 0.3252 -0.4233
vn -0.9193 0.3513 -0.1776
vn -0.9375 0.3350 -0.0946
vn -0.9535 0.2788 -0.1142
vn -0.8928 0.3215 -0.3156
vn -0.8821 0.3570 -0.3073
vn -0.9305 0.3055 -0.2018
vn -0.9553 0.2680 -0.1247
vn -0.9427 0.2840 -0.1752
vn -0.7861 0.3275 -0.5241
vn -0.8618 0.3182 -0.3950
vn -0.8971 0.3107 -0.3140
vn -0.9256 0.2928 -0.2396
vn -0.9259 0.3736 -0.0564
vn -0.9414 0.3320 -0.0604
vn -0.9547 0.2914 -0.0601
vn -0.9629 0.2617 -0.0658
vn -0.7107 0.3157 -0.6287
vn -0.6312 0.2934 -0.7180
vn -0.5406 0.2654 -0.7983
vn -0.4642 0.2395 -0.8528
vn -0.9534 0.2754 0.1229
vn -0.9545 0.2928 0.0559
vn -0.9414 0.3326 0.0566
vn -0.1910 0.1060 0.9759
vn -0.2803 0.1393 0.9498
vn -0.2646 -0.6467 0.7154
vn -0.2165 -0.6582 0.7210
vn -0.2969 -0.6387 0.7099
vn -0.2944 0.1441 0.9448
vn -0.3336 -0.6265 0.7045
vn -0.3632 0.1698 0.9161
vn -0.4327 -0.5915 0.6804
vn -0.4515 0.2108 0.8670
vn -0.5576 -0.5404 0.6301
vn -0.5490 0.2446 0.7992
vn -0.6250 0.2835 0.7273
vn -0.6618 -0.4875 0.5696
vn -0.6980 0.3233 0.6390
vn -0.7613 -0.4364 0.4795
vn -0.7624 0.3566 0.5399
vn -0.8413 -0.3916 0.3725
vn -0.9366 -0.3387 0.0898
vn -0.9344 -0.3367 0.1162
vn -0.8992 0.4096 0.1535
vn -0.9168 -0.3539 0.1851
vn -0.8827 0.4048 0.2387
vn -0.8898 -0.3632 0.2763
vn -0.8574 0.3924 0.3329
vn -0.8207 0.3758 0.4303
vn -0.9457 -0.3219 0.0449
vn -0.9412 -0.3294 0.0751
vn -0.8992 0.4336 0.0586
vn -0.9108 0.4025 0.0917
vn -0.9135 0.4025 0.0585
vn -0.7893 0.3224 0.5225
vn -0.8460 0.3304 0.4186
vn -0.8382 0.3489 0.4191
vn -0.8618 0.3203 0.3934
vn -0.8900 0.3233 0.3216
vn -0.8184 0.3260 0.4731
vn -0.7656 0.3090 0.5643
vn -0.6590 0.3010 0.6893
vn -0.8810 0.3605 0.3063
vn -0.9181 0.3550 0.1765
vn -0.8997 0.3181 0.2990
vn -0.9332 0.3015 0.1956
vn -0.9350 0.3391 0.1040
vn -0.0915 0.0758 0.9929
vn -0.1772 0.1106 0.9779
vn -0.2690 0.1448 0.9522
vn -0.3724 0.1744 0.9115
vn -0.3676 0.1812 0.9122
vn -0.4668 0.2117 0.8587
vn -0.4656 0.2174 0.8579
vn -0.5595 0.2483 0.7908
vn -0.5644 0.2511 0.7864
vn -0.6462 0.2821 0.7091
vn -0.6524 0.2802 0.7041
vn -0.7229 0.3111 0.6170
vn -0.7309 0.3115 0.6072
vn -0.7872 0.3336 0.5187
vn -0.9616 0.2657 0.0681
vn -0.9525 0.2764 0.1279
vn -0.9451 0.2777 0.1722
vn -0.9278 0.2921 0.2321
vn -0.9274 0.3705 0.0518
vn -0.0716 0.0878 0.9936
vn -0.1590 0.1212 0.9798
vn -0.2539 0.1587 0.9541
vn -0.3503 0.1982 0.9154
vn -0.4538 0.2370 0.8590
vn -0.5475 0.2715 0.7915
vn -0.9644 0.2646 -0.0002
vn -0.9529 0.3031 -0.0001
vn -0.9021 0.4315 -0.0001
vn -0.9481 -0.3180 -0.0001
vn -0.9261 0.3773 -0.0000
vn -0.6705 -0.2753 -0.6889
vn -0.5050 -0.4322 -0.7471
vn -0.6095 -0.3926 -0.6888
vn -0.5265 -0.4978 -0.6892
vn -0.4608 -0.4733 -0.7507
vn -0.4857 -0.4515 -0.7485
vn -0.3781 -0.5687 -0.7305
vn -0.4007 -0.5476 -0.7346
vn -0.4263 -0.5870 -0.6883
vn -0.4160 -0.5237 -0.7435
vn -0.4424 -0.5011 -0.7438
vn -0.3480 -0.5825 -0.7346
vn -0.3079 -0.6569 -0.6882
vn -0.3115 -0.5988 -0.7379
vn -0.4923 -0.4388 0.7517
vn -0.6103 -0.3941 0.6872
vn -0.2893 -0.6185 0.7306
vn -0.3084 -0.6564 0.6885
vn -0.3181 -0.6056 0.7295
vn -0.3399 -0.5885 0.7335
vn -0.4257 -0.5872 0.6884
vn -0.3632 -0.5736 0.7343
vn -0.5282 -0.4968 0.6886
vn -0.4051 -0.5318 0.7436
vn -0.3880 -0.5569 0.7344
vn -0.4536 -0.4830 0.7490
vn -0.4502 -0.5005 0.7395
vn -0.4343 -0.5111 0.7418
vn -0.4754 -0.4528 0.7543
vn -0.6724 -0.2750 0.6872
vn 0.0762 0.0166 -0.9970
vn 0.0397 0.0289 -0.9988
vn -0.0076 0.0462 -0.9989
vn 0.1490 0.0035 -0.9888
vn 0.1255 0.0116 -0.9920
vn 0.1031 0.0199 -0.9945
vn 0.0061 0.0561 -0.9984
vn 0.0475 0.0405 -0.9981
vn 0.0788 0.0298 -0.9964
vn -0.0004 0.0452 0.9990
vn 0.0894 0.0224 0.9957
vn 0.1150 0.0140 0.9933
vn 0.1359 0.0081 0.9907
vn 0.0638 0.0321 0.9974
vn 0.0211 0.0445 0.9988
vn -0.0141 0.0566 0.9983
vn 0.6304 -0.1008 0.7697
vn 0.5485 -0.0795 0.8324
vn 0.5290 -0.1129 0.8411
vn 0.6001 -0.1373 0.7880
vn 0.6869 -0.1545 0.7102
vn 0.7020 -0.1470 0.6968
vn 0.4023 -0.0820 0.9119
vn 0.3145 -0.0461 0.9482
vn 0.5146 -0.1226 0.8486
vn 0.5000 -0.1114 0.8588
vn 0.1889 0.0062 0.9820
vn 0.2441 -0.0176 0.9696
vn 0.1931 0.0148 0.9811
vn 0.1911 0.0116 0.9815
vn 0.2353 -0.0055 0.9719
vn 0.2399 -0.0124 0.9707
vn 0.3033 -0.0394 0.9521
vn 0.3067 -0.0458 0.9507
vn 0.3829 -0.0705 0.9211
vn 0.3822 -0.0785 0.9208
vn 0.4557 -0.0936 0.8852
vn 0.4519 -0.1121 0.8850
vn 0.4731 -0.0586 0.8791
vn 0.3936 -0.0379 0.9185
vn 0.7889 -0.1609 0.5930
vn 0.7757 -0.1701 0.6077
vn 0.8668 -0.1711 0.4683
vn 0.8553 -0.1839 0.4843
vn 0.9226 -0.1783 0.3421
vn 0.9157 -0.1950 0.3515
vn 0.9609 -0.1836 0.2074
vn 0.9561 -0.2024 0.2117
vn 0.7982 -0.1433 0.5851
vn 0.8678 -0.1610 0.4701
vn 0.9232 -0.1751 0.3422
vn 0.9588 -0.1854 0.2152
vn 0.1985 0.0120 0.9800
vn 0.2386 0.0047 0.9711
vn 0.2796 -0.0057 0.9601
vn 0.3218 -0.0161 0.9467
vn 0.7163 -0.1228 0.6869
vn 0.6122 -0.1310 0.7798
vn 0.1256 0.0436 -0.9911
vn 0.1276 0.0445 -0.9908
vn 0.1642 0.0257 -0.9861
vn 0.1561 0.0260 -0.9874
vn 0.1920 0.0113 -0.9813
vn 0.1899 0.0061 -0.9818
vn 0.1612 0.0270 -0.9866
vn 0.1201 0.0356 -0.9921
vn 0.1929 0.0140 -0.9811
vn 0.1987 0.0136 -0.9800
vn -0.0437 0.0942 -0.9946
vn -0.0385 0.1054 -0.9937
vn 0.0401 0.0664 -0.9970
vn 0.0591 0.0695 -0.9958
vn 0.0898 0.0453 -0.9949
vn 0.0860 0.0451 -0.9953
vn 0.1286 0.0264 -0.9913
vn 0.1507 0.0202 -0.9884
vn 0.0778 0.0695 -0.9945
vn 0.0229 0.0911 -0.9956
vn -0.0365 0.1171 -0.9924
vn 0.0563 0.0720 0.9958
vn 0.0570 0.0797 0.9952
vn -0.0243 0.1123 0.9934
vn 0.1561 0.0260 0.9874
vn 0.0889 0.0478 0.9949
vn 0.0398 0.0655 0.9971
vn 0.0954 0.0357 0.9948
vn 0.1613 0.0315 0.9864
vn 0.1241 0.0373 0.9916
vn 0.1272 0.0443 0.9909
vn 0.1278 0.0259 0.9915
vn 0.1505 0.0197 0.9884
vn -0.0376 0.1040 0.9939
vn -0.0446 0.0904 0.9949
vn 0.1728 0.0207 0.9847
vn 0.1336 0.0386 0.9903
vn 0.1025 0.0495 0.9935
vn 0.4242 -0.0737 0.9026
vn 0.3699 -0.0608 0.9271
vn 0.3509 -0.0541 0.9348
vn 0.3636 -0.0059 0.9315
vn 0.8805 -0.1812 0.4381
vn 0.8195 -0.1513 0.5528
vn 0.7474 -0.1204 0.6534
vn 0.6713 -0.0908 0.7356
vn 0.5969 -0.0653 0.7997
vn 0.5285 -0.0480 0.8476
vn 0.4498 -0.0239 0.8928
vn 0.2985 -0.0336 0.9538
vn 0.2704 -0.0336 0.9622
vn 0.2499 -0.0087 0.9682
vn 0.6876 -0.1481 0.7108
vn 0.5729 -0.1233 0.8103
vn 0.5727 -0.1073 0.8127
vn 0.4834 -0.0943 0.8703
vn 0.4455 -0.0752 0.8921
vn 0.7853 -0.2062 0.5837
vn 0.7296 -0.1940 0.6557
vn 0.6721 -0.1533 0.7245
vn 0.7868 -0.1965 0.5852
vn 0.8751 -0.2565 0.4103
vn 0.8405 -0.2370 0.4872
vn 0.8869 -0.2615 0.3807
vn 0.9262 -0.2881 0.2433
vn 0.9286 -0.2919 0.2290
vn 0.9560 -0.2755 0.1010
vn 0.9466 -0.3058 0.1024
vn 0.6709 -0.1281 0.7304
vn 0.5494 -0.0945 0.8302
vn 0.5085 -0.0563 0.8592
vn 0.4035 -0.0389 0.9142
vn 0.2862 0.0043 0.9582
vn 0.3185 -0.0223 0.9477
vn 0.2252 0.0083 0.9743
vn 0.8894 -0.2251 0.3979
vn 0.8795 -0.2393 0.4113
vn 0.8274 -0.1915 0.5279
vn 0.7871 -0.1736 0.5919
vn 0.6177 -0.0924 0.7809
vn 0.6995 -0.1304 0.7026
vn 0.7641 -0.1585 0.6253
vn 0.9402 -0.2605 0.2197
vn 0.9540 -0.2228 0.2007
vn 0.9719 -0.2153 0.0951
vn 0.9257 -0.2041 0.3185
vn 0.9475 -0.3019 -0.1054
vn 0.9446 -0.3111 -0.1047
vn 0.9500 -0.3090 -0.0447
vn 0.9570 -0.2725 -0.0995
vn 0.9601 -0.2762 0.0439
vn 0.9743 -0.2209 0.0440
vn 0.9753 -0.2209 -0.0000
vn 0.9611 -0.2763 -0.0000
vn 0.9743 -0.2209 -0.0438
vn 0.9601 -0.2761 -0.0437
vn 0.9505 -0.3078 0.0439
vn 0.9513 -0.3083 0.0001
vn 0.9718 -0.2159 -0.0944
vn 0.9238 -0.1711 -0.3424
vn 0.9613 -0.1815 -0.2071
vn 0.9574 -0.1918 -0.2158
vn 0.7903 -0.1407 -0.5964
vn 0.8464 -0.1562 -0.5092
vn 0.8668 -0.1692 -0.4691
vn 0.9151 -0.1886 -0.3564
vn 0.8541 -0.1812 -0.4875
vn 0.7894 -0.1559 -0.5938
vn 0.6862 -0.1087 -0.7193
vn 0.9644 -0.1853 -0.1885
vn 0.9405 -0.1735 -0.2921
vn 0.8918 -0.1619 -0.4224
vn 0.3822 -0.0769 -0.9209
vn 0.3807 -0.0731 -0.9218
vn 0.4505 -0.1012 -0.8870
vn 0.4540 -0.0919 -0.8863
vn 0.5199 -0.1224 -0.8454
vn 0.5285 -0.1148 -0.8412
vn 0.5966 -0.1409 -0.7901
vn 0.6121 -0.1261 -0.7807
vn 0.6859 -0.1554 -0.7110
vn 0.7060 -0.1423 -0.6938
vn 0.7743 -0.1699 -0.6096
vn 0.2411 -0.0127 -0.9704
vn 0.2357 -0.0060 -0.9718
vn 0.3059 -0.0445 -0.9510
vn 0.3026 -0.0395 -0.9523
vn 0.2451 -0.0158 -0.9694
vn 0.3123 -0.0443 -0.9489
vn 0.2540 -0.0007 -0.9672
vn 0.3116 -0.0178 -0.9500
vn 0.5700 -0.0808 -0.8177
vn 0.4979 -0.0625 -0.8650
vn 0.4220 -0.0409 -0.9057
vn 0.3605 -0.0356 -0.9321
vn -0.7499 0.3275 -0.5748
vn -0.7389 0.3596 -0.5698
vn -0.6633 0.3353 -0.6690
vn -0.8251 0.3743 -0.4233
vn -0.8772 0.4499 -0.1679
vn -0.8577 0.4424 -0.2621
vn -0.8846 0.3793 -0.2714
vn -0.1311 0.1313 -0.9826
vn -0.8501 0.3414 -0.4010
vn -0.9089 0.3304 -0.2544
vn -0.9128 0.3799 -0.1502
vn -0.9370 0.3206 -0.1387
vn -0.2198 0.1674 -0.9611
vn -0.3143 0.2062 -0.9266
vn -0.4083 0.2444 -0.8795
vn -0.5004 0.2811 -0.8189
vn -0.5860 0.3113 -0.7481
vn -0.8950 0.4402 -0.0727
vn -0.8327 0.4320 -0.3464
vn -0.7971 0.4190 -0.4348
vn -0.7515 0.4027 -0.5226
vn -0.6922 0.3820 -0.6124
vn -0.6194 0.3557 -0.6999
vn -0.5402 0.3244 -0.7765
vn -0.4449 0.2877 -0.8481
vn -0.3549 0.2504 -0.9007
vn -0.2540 0.2106 -0.9440
vn -0.1722 0.1802 -0.9684
vn -0.1098 0.1582 -0.9813
vn -0.9222 0.3808 -0.0671
vn -0.9532 0.2955 -0.0638
vn 0.2436 -0.0041 -0.9699
vn 0.1815 0.0218 -0.9832
vn 0.2685 -0.0238 -0.9630
vn 0.1916 0.0131 -0.9814
vn 0.2854 -0.0296 -0.9579
vn 0.2029 0.0185 -0.9790
vn -0.0410 0.1353 -0.9899
vn 0.0672 0.0848 -0.9941
vn 0.2206 0.0062 -0.9754
vn 0.1716 0.0248 -0.9849
vn 0.1267 0.0488 -0.9907
vn -0.0366 0.1370 -0.9899
vn -0.0310 0.1487 -0.9884
vn 0.0678 0.0933 -0.9933
vn -0.0248 0.1575 -0.9872
vn 0.0683 0.0997 -0.9927
vn -0.0136 0.1720 -0.9850
vn 0.0715 0.1134 -0.9910
vn 0.1249 0.0715 -0.9896
vn 0.1213 0.0599 -0.9908
vn 0.1251 0.0550 -0.9906
vn -0.5446 0.8387 -0.0005
vn -0.5008 0.8656 0.0044
vn -0.5355 0.8436 -0.0382
vn -0.5025 0.8622 -0.0645
vn -0.5212 0.8517 -0.0554
vn -0.5084 0.8593 -0.0563
vn -0.5091 0.8589 -0.0555
vn -0.5146 0.8566 0.0384
vn -0.5237 0.8499 0.0583
vn -0.5018 0.8621 0.0705
vn -0.6351 0.7693 0.0693
vn -0.6114 0.7882 0.0704
vn -0.6201 0.7846 -0.0005
vn -0.5903 0.8041 0.0706
vn -0.5643 0.8227 0.0687
vn -0.5459 0.8347 0.0726
vn -0.5412 0.8380 0.0691
vn -0.5350 0.8425 0.0629
vn -0.6770 0.7326 0.0708
vn -0.6942 0.7197 0.0010
vn -0.6972 0.7129 0.0752
vn -0.7553 0.6554 0.0023
vn -0.7453 0.6632 0.0681
vn -0.7230 0.6878 0.0652
vn -0.8488 0.5247 0.0657
vn -0.8253 0.5613 0.0623
vn -0.8038 0.5948 0.0014
vn -0.8012 0.5943 0.0703
vn -0.7697 0.6352 0.0644
vn -0.9541 0.2996 -0.0002
vn -0.9535 0.2929 0.0709
vn -0.9229 0.3790 0.0678
vn -0.8955 0.4399 0.0675
vn -0.8872 0.4614 0.0001
vn -0.9250 0.3799 0.0001
vn -0.8256 0.5603 -0.0664
vn -0.8481 0.5252 -0.0700
vn -0.8483 0.5295 0.0016
vn -0.8769 0.4753 -0.0713
vn -0.8004 0.5958 -0.0667
vn -0.8757 0.4779 0.0690
vn -0.7701 0.6351 -0.0608
vn -0.7488 0.6592 -0.0689
vn -0.6956 0.7138 -0.0815
vn -0.7156 0.6951 -0.0694
vn -0.7380 0.6705 -0.0765
vn -0.5354 0.8423 -0.0625
vn -0.5441 0.8359 -0.0721
vn -0.5659 0.8208 -0.0781
vn -0.6174 0.7835 -0.0697
vn -0.6587 0.7495 -0.0663
vn -0.6325 0.3585 0.6866
vn -0.7233 0.3890 0.5706
vn -0.7405 0.3584 0.5685
vn -0.1084 0.1466 0.9832
vn -0.8264 0.3709 0.4237
vn -0.8506 0.3401 0.4010
vn -0.9092 0.3276 0.2570
vn -0.7558 0.3390 0.5602
vn -0.9373 0.3199 0.1384
vn -0.8700 0.4495 0.2027
vn -0.9150 0.3751 0.1487
vn -0.8855 0.3759 0.2730
vn -0.7882 0.4133 0.4559
vn -0.8240 0.4315 0.3673
vn -0.8511 0.4405 0.2856
vn -0.3165 0.2056 0.9260
vn -0.2195 0.1665 0.9613
vn -0.2312 0.1969 0.9528
vn -0.1339 0.1306 0.9823
vn -0.1757 0.1739 0.9690
vn -0.2670 0.2112 0.9403
vn -0.3182 0.2326 0.9191
vn -0.4084 0.2433 0.8798
vn -0.4109 0.2685 0.8712
vn -0.5043 0.2775 0.8177
vn -0.5861 0.3085 0.7492
vn -0.6655 0.3355 0.6668
vn -0.8834 0.4527 0.1213
vn -0.8779 0.4514 0.1600
vn -0.4830 0.2994 0.8229
vn -0.5504 0.3269 0.7682
vn 0.0654 0.0847 0.9943
vn -0.0326 0.1338 0.9905
vn 0.1280 0.0483 0.9906
vn 0.1250 0.0550 0.9906
vn 0.0839 0.1055 0.9909
vn 0.0608 0.1222 0.9906
vn 0.0660 0.0993 0.9929
vn 0.1009 0.0902 0.9908
vn 0.2159 0.0137 0.9763
vn 0.1348 0.0649 0.9887
vn 0.1887 0.0133 0.9819
vn 0.1220 0.0576 0.9909
vn 0.0675 0.0931 0.9934
vn 0.1698 0.0237 0.9852
vn 0.1816 0.0217 0.9831
vn -0.0057 0.1624 0.9867
vn -0.0241 0.1562 0.9874
vn -0.0278 0.1487 0.9885
vn -0.0297 0.1423 0.9894
vn 0.3820 0.0791 0.9208
vn 0.3660 0.0453 0.9295
vn 0.4617 -0.0162 0.8869
vn 0.9429 -0.2454 0.2251
vn 0.8951 -0.2444 0.3729
vn 0.8178 -0.2088 0.5362
vn 0.6023 -0.1328 0.7871
vn 0.4993 -0.0942 0.8613
vn 0.4024 -0.0581 0.9136
vn 0.3147 -0.0186 0.9490
vn 0.3417 0.0088 0.9398
vn 0.4018 0.1211 0.9077
vn 0.4782 0.0505 0.8768
vn 0.5386 0.0125 0.8425
vn 0.5629 -0.0697 0.8236
vn 0.9574 -0.2776 0.0802
vn 0.9589 -0.2385 0.1535
vn 0.9484 -0.2853 0.1385
vn 0.9429 -0.2739 0.1897
vn 0.9003 -0.2412 0.3623
vn 0.9394 -0.2354 0.2491
vn 0.8947 -0.2024 0.3983
vn 0.8428 -0.1675 0.5116
vn 0.8337 -0.1986 0.5152
vn 0.7764 -0.1230 0.6181
vn 0.7530 -0.1574 0.6389
vn 0.7060 -0.0821 0.7034
vn 0.6608 -0.1147 0.7417
vn 0.6554 -0.0536 0.7534
vn 0.5978 -0.0226 0.8013
vn 0.4353 -0.0386 0.8995
vn 0.5337 -0.0795 0.8419
vn 0.6356 -0.1218 0.7623
vn 0.7316 -0.1668 0.6611
vn 0.9660 -0.2459 0.0798
vn 0.9646 -0.2476 0.0906
vn 0.9605 -0.2731 0.0532
vn 0.9621 -0.2534 0.1009
vn 0.9609 -0.2571 0.1027
vn 0.9537 -0.2982 0.0388
vn 0.9541 -0.2970 -0.0378
vn 0.9483 -0.2849 -0.1396
vn 0.9579 -0.2713 -0.0935
vn 0.9644 -0.2474 -0.0932
vn 0.9657 -0.2452 -0.0858
vn 0.9607 -0.2725 -0.0531
vn 0.9669 -0.2444 -0.0730
vn 0.9672 -0.2451 -0.0663
vn 0.9614 -0.2552 -0.1028
vn 0.9666 -0.2490 -0.0608
vn 0.9625 -0.2660 -0.0525
vn 0.9620 -0.2697 -0.0423
vn 0.9549 -0.2970 -0.0005
vn 0.9679 -0.2514 0.0013
vn 0.9629 -0.2664 0.0435
vn 0.9668 -0.2456 0.0700
vn 0.5952 -0.0693 -0.8006
vn 0.9404 -0.2584 -0.2211
vn 0.3160 -0.0242 -0.9485
vn 0.9294 -0.2951 -0.2217
vn 0.9309 -0.2896 -0.2228
vn 0.8901 -0.2241 -0.3968
vn 0.8782 -0.2425 -0.4121
vn 0.6766 -0.1245 -0.7257
vn 0.7889 -0.1966 -0.5822
vn 0.7861 -0.1739 -0.5932
vn 0.8287 -0.1885 -0.5270
vn 0.7578 -0.1921 -0.6236
vn 0.8116 -0.2159 -0.5429
vn 0.8611 -0.2419 -0.4472
vn 0.8990 -0.2693 -0.3454
vn 0.4020 -0.0394 -0.9148
vn 0.3573 -0.0458 -0.9328
vn 0.4445 -0.0567 -0.8940
vn 0.5099 -0.0649 -0.8578
vn 0.5560 -0.0883 -0.8265
vn 0.6185 -0.0969 -0.7798
vn 0.7018 -0.1252 -0.7013
vn 0.7659 -0.1544 -0.6242
vn 0.6982 -0.1636 -0.6970
vn 0.6884 -0.1526 -0.7091
vn 0.6293 -0.1363 -0.7651
vn 0.5712 -0.1075 -0.8137
vn 0.5287 -0.0484 -0.8474
vn 0.4514 -0.0323 -0.8917
vn 0.2822 -0.0021 -0.9594
vn 0.3604 -0.0144 -0.9327
vn 0.9527 -0.2252 -0.2042
vn 0.9244 -0.2072 -0.3201
vn 0.8808 -0.1855 -0.4357
vn 0.8190 -0.1545 -0.5526
vn 0.7466 -0.1253 -0.6534
vn 0.6688 -0.0978 -0.7369
vn 0.3436 -0.0487 -0.9378
vn 0.3660 -0.0561 -0.9289
vn 0.3960 -0.0691 -0.9156
vn 0.4581 -0.0767 -0.8856
vn 0.4806 -0.0884 -0.8725
vn 0.5760 -0.1116 -0.8098
vn -0.8489 0.5074 -0.1480
vn -0.5540 0.4822 -0.6787
vn -0.4958 0.5157 -0.6987
vn -0.4789 0.4375 -0.7611
vn -0.4435 0.4745 -0.7604
vn -0.3963 0.3859 -0.8331
vn -0.3802 0.4272 -0.8203
vn -0.3342 0.3931 -0.8566
vn -0.3085 0.3313 -0.8917
vn -0.2705 0.3484 -0.8974
vn -0.2255 0.2810 -0.9329
vn -0.1856 0.2879 -0.9395
vn -0.1364 0.2239 -0.9650
vn -0.1127 0.2340 -0.9657
vn -0.8180 0.5559 -0.1475
vn -0.7832 0.6050 -0.1435
vn -0.7954 0.5442 -0.2668
vn -0.7614 0.5925 -0.2631
vn -0.7445 0.5161 -0.4234
vn -0.7107 0.5645 -0.4198
vn -0.6675 0.4753 -0.5731
vn -0.6312 0.5238 -0.5721
vn -0.5890 0.4353 -0.6809
vn -0.5118 0.3965 -0.7621
vn -0.4249 0.3534 -0.8334
vn -0.3333 0.3080 -0.8911
vn -0.2439 0.2634 -0.9333
vn -0.1468 0.2131 -0.9659
vn -0.6892 0.4286 -0.5842
vn -0.7675 0.4715 -0.4343
vn -0.8231 0.4973 -0.2742
vn -0.6161 0.3899 -0.6844
vn -0.5382 0.3551 -0.7644
vn -0.4557 0.3178 -0.8315
vn -0.3594 0.2783 -0.8907
vn -0.2705 0.2384 -0.9328
vn -0.1606 0.1943 -0.9677
vn -0.7535 0.6424 -0.1397
vn -0.7221 0.6342 -0.2763
vn -0.6761 0.6159 -0.4044
vn -0.6342 0.5951 -0.4937
vn -0.5792 0.5668 -0.5859
vn -0.5284 0.5353 -0.6589
vn 0.0934 0.2982 -0.9499
vn 0.1512 0.2672 -0.9517
vn 0.0645 0.2569 -0.9643
vn 0.1204 0.2091 -0.9705
vn 0.0485 0.2373 -0.9702
vn 0.0993 0.1705 -0.9803
vn 0.0271 0.2218 -0.9747
vn 0.0089 0.2024 -0.9793
vn 0.0822 0.1385 -0.9869
vn -0.0010 0.1889 -0.9820
vn 0.1400 0.0960 -0.9855
vn 0.1623 0.1256 -0.9787
vn 0.1882 0.1653 -0.9681
vn 0.2161 0.2293 -0.9491
vn 0.2208 0.0416 -0.9744
vn 0.2453 0.0713 -0.9668
vn 0.2718 0.1125 -0.9558
vn 0.2967 0.1785 -0.9381
vn 0.3148 -0.0162 -0.9490
vn 0.3394 0.0066 -0.9406
vn 0.3636 0.0494 -0.9302
vn 0.3704 0.1266 -0.9202
vn 0.1095 0.9928 0.0479
vn 0.1015 0.9948 0.0008
vn 0.0254 0.9979 0.0594
vn -0.0256 0.9997 -0.0031
vn -0.2347 0.9700 0.0631
vn -0.1817 0.9807 0.0728
vn -0.1801 0.9836 -0.0028
vn -0.1258 0.9892 0.0753
vn -0.0617 0.9951 0.0769
vn -0.3000 0.9525 0.0529
vn -0.3352 0.9422 -0.0009
vn -0.3537 0.9342 0.0464
vn -0.4554 0.8903 0.0048
vn -0.3993 0.9156 0.0469
vn -0.4598 0.8868 -0.0466
vn -0.3339 0.9416 -0.0449
vn -0.1746 0.9825 -0.0654
vn -0.0333 0.9970 -0.0692
vn 0.0918 0.9936 -0.0652
vn -0.6755 0.4179 0.6075
vn -0.7277 0.4512 0.5165
vn -0.1429 0.2116 0.9669
vn -0.6875 0.6203 0.3775
vn -0.7188 0.6318 0.2901
vn -0.7614 0.5902 0.2682
vn -0.7390 0.6405 0.2090
vn -0.7528 0.6433 0.1396
vn -0.7855 0.6024 0.1418
vn -0.3041 0.3352 0.8917
vn -0.3995 0.4434 0.8023
vn -0.3806 0.3878 0.8395
vn -0.4512 0.4803 0.7521
vn -0.4739 0.4344 0.7659
vn -0.5090 0.5220 0.6844
vn -0.5498 0.4804 0.6834
vn -0.5822 0.5715 0.5782
vn -0.6276 0.5249 0.5749
vn -0.6466 0.6037 0.4664
vn -0.7074 0.5658 0.4235
vn -0.1330 0.2225 0.9658
vn -0.0771 0.2144 0.9737
vn -0.1361 0.2647 0.9547
vn -0.2183 0.2759 0.9361
vn -0.2203 0.3152 0.9231
vn -0.3091 0.3752 0.8739
vn -0.1560 0.1947 0.9684
vn -0.8511 0.5047 0.1448
vn -0.8234 0.4949 0.2777
vn -0.7935 0.5464 0.2680
vn -0.7750 0.4737 0.4183
vn -0.7414 0.5181 0.4264
vn -0.6625 0.4767 0.5778
vn -0.8156 0.5595 0.1476
vn -0.2372 0.2604 0.9359
vn -0.3263 0.3051 0.8947
vn -0.4183 0.3510 0.8378
vn -0.5059 0.3949 0.7669
vn -0.5841 0.4346 0.6856
vn -0.2586 0.2395 0.9358
vn -0.4456 0.3189 0.8365
vn -0.3517 0.2786 0.8937
vn -0.6122 0.3886 0.6886
vn -0.5325 0.3557 0.7681
vn -0.0454 0.3192 0.9466
vn -0.1974 0.4345 0.8788
vn -0.2293 0.3993 0.8877
vn -0.7065 0.6884 0.1642
vn -0.6728 0.6767 0.2990
vn -0.6300 0.7119 0.3104
vn 0.0536 0.2371 0.9700
vn 0.0663 0.2549 0.9647
vn -0.4579 0.7655 0.4520
vn -0.5205 0.7162 0.4648
vn -0.4480 0.6530 0.6106
vn -0.5464 0.8216 0.1625
vn -0.6072 0.7761 0.1703
vn -0.5768 0.7547 0.3125
vn -0.5071 0.7953 0.3323
vn -0.5309 0.8140 0.2357
vn -0.2104 0.5621 0.7999
vn -0.2789 0.6267 0.7277
vn -0.3434 0.5583 0.7553
vn -0.3445 0.6834 0.6436
vn -0.3961 0.7209 0.5687
vn -0.1142 0.4840 0.8676
vn 0.0060 0.3772 0.9261
vn 0.0976 0.3001 0.9489
vn -0.0014 0.1979 0.9802
vn 0.0290 0.2184 0.9754
vn -0.0901 0.2894 0.9530
vn -0.6138 0.6420 0.4596
vn -0.5740 0.6725 0.4672
vn -0.4906 0.6145 0.6178
vn -0.6579 0.7345 0.1662
vn -0.3740 0.5244 0.7649
vn -0.3363 0.4291 0.8383
vn -0.2317 0.3575 0.9047
vn -0.4072 0.4957 0.7671
vn -0.4712 0.5455 0.6931
vn -0.5417 0.5937 0.5951
vn -0.0870 0.2946 -0.9516
vn -0.0817 0.4387 -0.8949
vn 0.0164 0.3587 -0.9333
vn -0.0483 0.3193 -0.9464
vn -0.1608 0.5088 -0.8457
vn -0.3087 0.6346 -0.7085
vn -0.2576 0.5866 -0.7678
vn -0.2033 0.4442 -0.8725
vn -0.5217 0.7964 -0.3058
vn -0.4878 0.7849 -0.3820
vn -0.5229 0.7162 -0.4623
vn -0.4650 0.7698 -0.4374
vn -0.5752 0.7578 -0.3080
vn -0.6017 0.7814 -0.1656
vn -0.5467 0.8160 -0.1879
vn -0.2358 0.4074 -0.8823
vn -0.3810 0.5270 -0.7597
vn -0.3432 0.5645 -0.7507
vn -0.4474 0.6551 -0.6088
vn -0.4921 0.6135 -0.6176
vn -0.5732 0.6752 -0.4644
vn -0.6292 0.7137 -0.3078
vn -0.6587 0.7331 -0.1693
vn -0.7068 0.6884 -0.1632
vn -0.6769 0.6738 -0.2962
vn -0.6165 0.6435 -0.4538
vn -0.5275 0.5897 -0.6116
vn -0.1156 0.2741 -0.9547
vn -0.2436 0.3705 -0.8963
vn -0.3374 0.4446 -0.8297
vn -0.4233 0.5128 -0.7469
vn -0.4413 0.7551 -0.4848
vn -0.3860 0.7093 -0.5898
vn 0.1000 0.1696 0.9804
vn 0.0830 0.1389 0.9868
vn 0.1417 0.0941 0.9854
vn 0.1637 0.1258 0.9785
vn 0.1865 0.2480 0.9506
vn 0.1460 0.2700 0.9517
vn 0.1198 0.2084 0.9707
vn 0.2214 0.0394 0.9744
vn 0.3095 0.1751 0.9347
vn 0.2321 0.2216 0.9471
vn 0.2730 0.1122 0.9554
vn 0.1911 0.1623 0.9681
vn 0.2481 0.0705 0.9662
vn 0.6307 0.7492 0.2025
vn 0.6183 0.7820 0.0787
vn 0.5208 0.8463 0.1120
vn 0.8104 0.3369 0.4792
vn 0.7993 0.2599 0.5419
vn 0.8675 0.1302 0.4800
vn 0.6336 0.0580 0.7715
vn 0.7229 -0.0100 0.6909
vn 0.9547 -0.2152 0.2054
vn 0.9273 -0.1582 0.3393
vn 0.8650 -0.1285 0.4851
vn 0.7985 -0.0724 0.5977
vn 0.4140 0.1791 0.8925
vn 0.5337 0.1282 0.8359
vn 0.4269 0.2377 0.8725
vn 0.4686 0.4525 0.7587
vn 0.4648 0.3773 0.8010
vn 0.5792 0.2538 0.7747
vn 0.4180 0.2853 0.8625
vn 0.7790 0.1658 0.6048
vn 0.6994 0.2745 0.6599
vn 0.6713 0.1580 0.7242
vn 0.6072 0.3898 0.6923
vn 0.7147 0.3902 0.5804
vn 0.7170 0.4814 0.5041
vn 0.7284 0.5657 0.3865
vn 0.9190 0.3740 0.1249
vn 0.8789 0.4705 0.0780
vn 0.8577 0.4589 0.2320
vn 0.8335 0.5432 0.1008
vn 0.7401 0.6364 0.2175
vn 0.8325 0.4094 0.3733
vn 0.8847 0.1900 0.4256
vn 0.9426 0.0383 0.3318
vn 0.9207 0.0060 0.3901
vn 0.9699 -0.0913 0.2259
vn 0.9567 -0.1036 0.2720
vn 0.9690 -0.2418 0.0515
vn 0.9764 -0.1885 0.1055
vn 0.9686 -0.1947 0.1546
vn 0.9814 -0.0808 0.1744
vn 0.9641 0.0650 0.2575
vn 0.9123 0.2399 0.3320
vn 0.7595 0.6456 0.0798
vn 0.8236 -0.0078 0.5671
vn 0.8826 -0.0812 0.4631
vn 0.7524 0.0719 0.6548
vn 0.8489 0.0617 0.5249
vn 0.9026 -0.0327 0.4291
vn 0.9432 -0.1246 0.3079
vn 0.5085 0.8160 0.2749
vn 0.5038 0.7959 0.3358
vn 0.6156 0.6915 0.3780
vn 0.4933 0.7748 0.3953
vn 0.6152 0.6129 0.4959
vn 0.5043 0.7001 0.5055
vn 0.6187 0.5127 0.5952
vn 0.5027 0.6130 0.6095
vn 0.4972 0.5261 0.6900
vn 0.9566 0.2801 0.0799
vn 0.9387 0.2825 0.1978
vn 0.9869 0.1310 0.0943
vn 0.9920 0.0693 0.1053
vn 0.9967 -0.0589 0.0553
vn 0.9909 -0.0799 0.1084
vn 0.9837 -0.1694 0.0610
vn 0.9754 -0.2142 0.0522
vn 0.4235 0.0881 -0.9016
vn 0.4041 -0.0586 -0.9129
vn 0.9465 -0.2469 -0.2080
vn 0.9409 -0.2781 -0.1933
vn 0.9094 -0.2140 -0.3568
vn 0.8985 -0.2429 -0.3657
vn 0.8565 -0.1737 -0.4860
vn 0.8333 -0.1953 -0.5171
vn 0.4289 -0.0455 -0.9022
vn 0.4599 -0.0103 -0.8879
vn 0.5256 -0.0892 -0.8460
vn 0.5597 -0.0616 -0.8264
vn 0.6280 -0.1311 -0.7671
vn 0.6607 -0.1070 -0.7430
vn 0.7258 -0.1707 -0.6664
vn 0.7522 -0.1504 -0.6415
vn 0.8167 -0.2130 -0.5363
vn 0.8933 -0.2469 -0.3756
vn 0.4830 0.0434 -0.8745
vn 0.4955 -0.0929 -0.8636
vn 0.6145 -0.1447 -0.7755
vn 0.9429 -0.2445 -0.2263
vn 0.5401 0.0089 -0.8416
vn 0.6029 -0.0223 -0.7975
vn 0.6792 -0.0603 -0.7315
vn 0.7610 -0.1134 -0.6388
vn 0.8111 -0.1454 -0.5666
vn 0.9695 -0.2411 -0.0434
vn 0.9512 -0.3076 0.0242
vn 0.9140 0.4036 -0.0416
vn 0.8409 0.5314 -0.1023
vn 0.8504 0.5243 -0.0428
vn 0.7600 0.6438 -0.0892
vn 0.7566 0.6525 -0.0427
vn 0.6210 0.7790 -0.0864
vn 0.6286 0.7765 -0.0433
vn 0.5305 0.8436 -0.0832
vn 0.5194 0.8537 -0.0377
vn 0.9692 -0.2376 -0.0646
vn 0.9812 -0.1810 -0.0673
vn 0.9816 -0.1861 -0.0431
vn 0.9949 -0.0588 -0.0819
vn 0.9973 -0.0607 -0.0424
vn 0.9812 0.1431 -0.1297
vn 0.9926 0.1140 -0.0423
vn 0.9687 0.2324 -0.0875
vn 0.9626 0.2684 -0.0376
vn 0.9471 0.3117 -0.0758
vn 0.9111 0.3970 -0.1110
vn 0.6225 0.7822 0.0253
vn 0.7591 0.6506 0.0207
vn 0.8526 0.5222 0.0195
vn 0.9169 0.3987 0.0195
vn 0.9631 0.2685 0.0204
vn 0.9936 0.1114 0.0205
vn 0.9978 -0.0623 0.0206
vn 0.9822 -0.1867 0.0207
vn 0.5310 0.8474 0.0006
vn 0.6290 0.7772 -0.0163
vn 0.7594 0.6504 -0.0145
vn 0.8533 0.5212 -0.0144
vn 0.9168 0.3990 -0.0143
vn 0.9633 0.2681 -0.0142
vn 0.9937 0.1111 -0.0142
vn 0.9980 -0.0624 -0.0142
vn 0.9823 -0.1870 -0.0143
vn 0.9579 -0.2863 -0.0198
vn 0.1506 0.9856 -0.0769
vn 0.1949 0.9785 -0.0672
vn 0.1999 0.9609 -0.1915
vn 0.2498 0.9652 -0.0779
vn 0.3309 0.9410 -0.0704
vn 0.3109 0.9317 -0.1879
vn 0.3755 0.9229 -0.0848
vn 0.4280 0.9016 -0.0620
vn 0.4124 0.8921 -0.1847
vn 0.4720 0.8787 -0.0712
vn 0.5104 0.8381 -0.1927
vn 0.1957 0.3740 -0.9065
vn 0.1380 0.4195 -0.8972
vn 0.2328 0.5323 -0.8139
vn 0.1734 0.5858 -0.7916
vn 0.2451 0.6784 -0.6925
vn 0.1829 0.7315 -0.6568
vn 0.2384 0.7855 -0.5711
vn 0.1681 0.8333 -0.5266
vn 0.2236 0.8629 -0.4532
vn 0.1442 0.9023 -0.4063
vn 0.2098 0.9218 -0.3261
vn 0.1249 0.9498 -0.2869
vn 0.1030 0.9824 -0.1557
vn 0.3083 0.8899 -0.3361
vn 0.3016 0.8333 -0.4633
vn 0.2962 0.7588 -0.5800
vn 0.2916 0.6519 -0.7000
vn 0.2803 0.5025 -0.8179
vn 0.2522 0.3412 -0.9055
vn 0.3977 0.8584 -0.3241
vn 0.3878 0.8022 -0.4539
vn 0.3816 0.7233 -0.5755
vn 0.3748 0.6097 -0.6985
vn 0.3589 0.4562 -0.8143
vn 0.3291 0.2941 -0.8973
vn 0.4271 0.2212 -0.8767
vn 0.4696 0.3662 -0.8034
vn 0.4983 0.5119 -0.6997
vn 0.5080 0.6299 -0.5875
vn 0.5066 0.7212 -0.4724
vn 0.5056 0.7920 -0.3424
vn 0.2322 0.9727 0.0037
vn 0.4836 0.8644 0.1377
vn 0.2264 0.9715 0.0703
vn 0.3109 0.9483 0.0643
vn 0.3718 0.9283 -0.0002
vn 0.4723 0.8814 -0.0018
vn 0.4217 0.9041 0.0694
vn 0.3795 0.9196 0.1017
vn -0.1154 0.6216 -0.7748
vn -0.2404 0.7135 -0.6582
vn -0.3997 0.8133 -0.4229
vn -0.3333 0.7723 -0.5408
vn 0.0344 0.5051 -0.8624
vn 0.0707 0.6519 -0.7550
vn 0.0898 0.7776 -0.6224
vn 0.0890 0.8635 -0.4964
vn -0.0324 0.9895 -0.1408
vn -0.0745 0.7372 -0.6716
vn -0.0378 0.8300 -0.5564
vn -0.0164 0.8941 -0.4476
vn -0.1106 0.9113 -0.3966
vn -0.1416 0.8614 -0.4878
vn -0.1885 0.7929 -0.5795
vn -0.2852 0.8285 -0.4819
vn -0.2365 0.8804 -0.4112
vn -0.2009 0.9191 -0.3390
vn -0.4716 0.8333 -0.2884
vn -0.5103 0.8471 -0.1485
vn -0.4418 0.8573 -0.2644
vn -0.4791 0.8683 -0.1284
vn -0.4057 0.8857 -0.2258
vn -0.4560 0.8843 -0.1008
vn -0.3776 0.9091 -0.1757
vn -0.2565 0.9578 -0.1301
vn -0.3556 0.9296 -0.0968
vn -0.4087 0.9124 -0.0213
vn 0.0716 0.9600 -0.2707
vn 0.0796 0.9193 -0.3854
vn -0.0059 0.9697 -0.2444
vn -0.0070 0.9354 -0.3535
vn -0.0836 0.9752 -0.2051
vn -0.0959 0.9442 -0.3151
vn -0.1645 0.9704 -0.1766
vn -0.1802 0.9467 -0.2670
vn -0.2743 0.9403 -0.2016
vn -0.2911 0.9182 -0.2687
vn -0.3196 0.8893 -0.3271
vn -0.3641 0.8494 -0.3821
vn 0.0746 0.9213 0.3816
vn 0.0654 0.9649 0.2545
vn -0.0016 0.9707 0.2403
vn -0.2337 0.8807 0.4120
vn -0.1983 0.9197 0.3390
vn -0.2879 0.9189 0.2698
vn 0.1317 0.3696 0.9198
vn 0.0124 0.4943 0.8692
vn -0.1145 0.6117 0.7828
vn -0.2337 0.7097 0.6646
vn -0.5035 0.8501 0.1544
vn -0.4370 0.8584 0.2685
vn -0.3347 0.7725 0.5397
vn -0.4055 0.8076 0.4281
vn -0.4647 0.8310 0.3057
vn -0.4334 0.8989 0.0640
vn -0.3444 0.9338 0.0966
vn -0.2539 0.9575 0.1369
vn -0.1648 0.9701 0.1782
vn 0.1063 0.9900 0.0926
vn -0.0100 0.9880 0.1540
vn 0.1081 0.9789 0.1732
vn 0.1353 0.9451 0.2976
vn 0.1763 0.8179 0.5477
vn 0.1400 0.8701 0.4725
vn 0.1592 0.8999 0.4059
vn 0.1702 0.6762 0.7168
vn 0.0817 0.7820 0.6179
vn 0.1778 0.5874 0.7895
vn 0.0691 0.6601 0.7480
vn 0.1583 0.4909 0.8567
vn 0.1443 0.4090 0.9011
vn -0.2827 0.8284 0.4836
vn -0.3164 0.8897 0.3290
vn -0.3612 0.8493 0.3850
vn -0.3766 0.9079 0.1840
vn -0.4023 0.8865 0.2289
vn -0.4554 0.8846 0.1006
vn -0.4765 0.8694 0.1309
vn -0.0805 0.9748 0.2081
vn -0.0939 0.9450 0.3134
vn -0.0057 0.9363 0.3512
vn -0.0149 0.8949 0.4460
vn 0.0921 0.8698 0.4847
vn -0.0360 0.8307 0.5555
vn -0.0726 0.7373 0.6716
vn 0.2011 0.7318 0.6511
vn -0.3586 0.9234 0.1371
vn -0.2687 0.9415 0.2036
vn -0.1778 0.9474 0.2662
vn -0.1086 0.9119 0.3957
vn -0.1393 0.8618 0.4877
vn -0.1862 0.7928 0.5803
vn 0.3135 0.9294 0.1948
vn 0.2564 0.3410 0.9045
vn 0.3298 0.2935 0.8973
vn 0.4069 0.8517 0.3301
vn 0.4135 0.8925 0.1802
vn 0.4069 0.7982 0.4443
vn 0.3813 0.7229 0.5763
vn 0.3725 0.6083 0.7009
vn 0.3594 0.4592 0.8124
vn 0.1962 0.3782 0.9047
vn 0.2321 0.5344 0.8128
vn 0.1939 0.9647 0.1780
vn 0.3058 0.8909 0.3359
vn 0.2056 0.9225 0.3268
vn 0.2988 0.8343 0.4633
vn 0.2170 0.8645 0.4534
vn 0.2947 0.7590 0.5806
vn 0.2346 0.7884 0.5686
vn 0.2918 0.6511 0.7007
vn 0.2413 0.6801 0.6923
vn 0.2812 0.5022 0.8178
vn 0.9765 -0.1881 -0.1053
vn 0.9835 -0.0764 -0.1639
vn 0.9915 0.0716 -0.1091
vn 0.9645 0.0655 -0.2559
vn 0.9418 0.0409 -0.3336
vn 0.6247 0.7528 -0.2074
vn 0.6093 0.6988 -0.3749
vn 0.6082 0.6162 -0.5004
vn 0.6078 0.5222 -0.5983
vn 0.5292 0.1382 -0.8372
vn 0.7183 -0.0167 -0.6956
vn 0.8646 -0.1285 -0.4858
vn 0.9156 -0.1849 -0.3570
vn 0.9565 -0.2133 -0.1991
vn 0.9689 -0.1934 -0.1545
vn 0.9403 0.2733 -0.2029
vn 0.9106 0.2441 -0.3334
vn 0.8831 0.1937 -0.4274
vn 0.8660 0.1333 -0.4820
vn 0.5959 0.4011 -0.6958
vn 0.7114 0.3949 -0.5813
vn 0.7134 0.4864 -0.5044
vn 0.7244 0.5709 -0.3865
vn 0.7353 0.6430 -0.2142
vn 0.7936 -0.0688 -0.6045
vn 0.8221 -0.0059 -0.5694
vn 0.8474 0.0641 -0.5270
vn 0.7501 0.0744 -0.6571
vn 0.6321 0.0550 -0.7729
vn 0.7767 0.1690 -0.6067
vn 0.6681 0.1612 -0.7264
vn 0.5696 0.2629 -0.7788
vn 0.6962 0.2786 -0.6615
vn 0.7969 0.2639 -0.5434
vn 0.8079 0.3414 -0.4804
vn 0.8296 0.4145 -0.3741
vn 0.8553 0.4669 -0.2245
vn 0.9695 -0.0913 -0.2275
vn 0.9577 -0.1041 -0.2683
vn 0.9199 0.0081 -0.3921
vn 0.9428 -0.1236 -0.3095
vn 0.9017 -0.0310 -0.4311
vn 0.9281 -0.1513 -0.3403
vn 0.8816 -0.0802 -0.4651
vn -0.7655 -0.2842 -0.5773
vn -0.7655 -0.2842 0.5773
vn -0.2092 -0.6617 -0.7200
vn -0.6011 -0.6680 0.4387
vn -0.5807 -0.6591 -0.4778
vn -0.2083 -0.6631 0.7189
vn -0.1257 -0.6820 -0.7204
vn -0.1251 -0.6827 0.7199
vn 0.6283 -0.3599 -0.6897
vn 0.8283 -0.4120 0.3799
vn 0.8020 -0.4661 -0.3735
vn 0.6287 -0.3668 0.6857
vn -0.5557 -0.3352 0.7608
vn -0.6461 -0.0609 0.7608
vn -0.0844 -0.6435 0.7608
vn -0.3553 -0.5431 0.7608
vn 0.2031 -0.6164 0.7608
vn 0.4504 -0.4672 0.7608
vn 0.3485 -0.1736 0.9211
vn 0.4505 -0.4672 0.7608
vn -0.6191 0.3835 0.6853
vn -0.5307 0.4987 0.6853
vn 0.1071 -0.6287 -0.7702
vn 0.4071 -0.4909 -0.7703
vn -0.6461 -0.0609 -0.7608
vn -0.2216 -0.5980 -0.7703
vn -0.4909 -0.4071 -0.7703
vn -0.6287 -0.1071 -0.7703
vn 0.3480 -0.2052 -0.9148
vn 0.2871 -0.3093 -0.9066
vn 0.1469 -0.3956 -0.9066
vn -0.0157 -0.4217 -0.9066
vn -0.1298 -0.3826 -0.9148
vn -0.5306 0.4987 -0.6853
vn -0.6191 0.3835 -0.6853
vn 0.4505 -0.4672 -0.7608
vn 0.2031 -0.6164 -0.7608
vn -0.0844 -0.6435 -0.7608
vn -0.5557 -0.3352 -0.7608
vn -0.3553 -0.5431 -0.7608
vn -0.4909 -0.4071 0.7703
vn -0.2216 -0.5980 0.7703
vn 0.1071 -0.6287 0.7703
vn -0.6287 -0.1071 0.7703
vn 0.5076 -0.5469 0.6657
vn -0.7532 0.4987 0.4288
vn 0.4071 -0.4909 0.7703
vn 0.2597 -0.6996 0.6657
vn -0.0278 -0.7457 0.6657
vn -0.2371 -0.6882 0.6857
vn -0.5307 0.4986 -0.6854
vn -0.7531 0.4988 -0.4289
vn -0.3036 -0.8765 -0.3735
vn -0.2385 -0.6867 -0.6867
vn -0.0291 -0.7424 -0.6693
vn 0.2570 -0.6952 -0.6713
vn 0.5028 -0.5427 -0.6728
vn -0.0346 -0.9296 -0.3668
vn 0.3238 -0.8721 -0.3668
vn 0.6329 -0.6818 -0.3668
s 1
f 1//1 2//2 3//3
f 1//1 3//3 4//4
f 4//4 3//3 5//5
f 4//4 5//5 6//6
f 5//5 7//7 6//6
f 6//6 7//7 8//8
f 6//6 8//8 9//9
f 10//10 11//11 12//12
f 12//12 11//11 9//9
f 12//12 9//9 13//13
f 13//13 9//9 8//8
f 14//14 15//15 16//16
f 16//16 15//15 17//17
f 16//16 17//17 18//18
f 18//18 17//17 19//19
f 18//18 19//19 20//20
f 20//20 19//19 21//21
f 20//20 21//21 22//22
f 22//22 21//21 23//23
f 22//22 23//23 24//24
f 24//24 23//23 25//25
f 24//24 25//25 26//26
f 26//26 25//25 27//27
f 26//26 27//27 28//28
f 28//28 27//27 29//29
f 30//14 31//30 32//16
f 32//16 31//30 33//31
f 32//16 33//31 34//18
f 34//18 33//31 35//19
f 34//18 35//19 36//20
f 36//20 35//19 37//21
f 36//20 37//21 38//22
f 38//22 37//21 39//23
f 38//22 39//23 40//24
f 40//24 39//23 41//25
f 40//24 41//25 42//26
f 42//26 41//25 43//27
f 42//26 43//27 44//28
f 44//28 43//27 45//29
f 46//32 47//33 48//27
f 48//27 47//33 49//26
f 48//27 49//26 50//25
f 50//25 49//26 51//24
f 50//25 51//24 52//23
f 52//23 51//24 53//22
f 52//23 53//22 54//21
f 54//21 53//22 55//20
f 54//21 55//20 56//19
f 56//19 55//20 57//18
f 56//19 57//18 58//17
f 58//17 57//18 59//16
f 58//17 59//16 60//34
f 60//34 59//16 61//35
f 62//29 63//28 64//27
f 64//27 63//28 65//26
f 64//27 65//26 66//25
f 66//25 65//26 67//24
f 66//25 67//24 68//23
f 68//23 67//24 69//22
f 68//23 69//22 70//21
f 70//21 69//22 71//20
f 70//21 71//20 72//19
f 72//19 71//20 73//18
f 72//19 73//18 74//17
f 74//17 73//18 75//16
f 74//17 75//16 76//30
f 76//30 75//16 77//14
f 78//36 79//37 80//38
f 80//38 79//37 81//39
f 80//38 81//39 82//40
f 82//40 81//39 83//41
f 83//41 81//39 84//42
f 83//41 84//42 85//43
f 85//43 84//42 86//44
f 86//44 84//42 87//45
f 86//44 87//45 88//46
f 88//46 87//45 89//47
f 88//46 89//47 90//48
f 90//48 89//47 91//49
f 90//48 91//49 92//50
f 92//50 91//49 93//51
f 92//50 93//51 94//52
f 94//52 93//51 95//53
f 94//52 95//53 96//54
f 97//55 98//56 99//57
f 99//57 98//56 100//58
f 97//55 99//57 101//59
f 101//59 99//57 102//60
f 101//59 102//60 103//61
f 98//56 104//62 100//58
f 100//58 104//62 105//45
f 100//58 105//45 106//46
f 106//46 105//45 107//47
f 106//46 107//47 108//48
f 108//48 107//47 109//49
f 108//48 109//49 110//50
f 110//50 109//49 111//51
f 110//50 111//51 112//52
f 112//52 111//51 113//53
f 112//52 113//53 114//54
f 115//63 116//64 117//65
f 117//65 116//64 118//66
f 117//65 119//67 115//63
f 115//63 119//67 120//68
f 115//63 120//68 121//69
f 120//68 122//70 121//69
f 121//69 122//70 123//71
f 121//69 123//71 124//72
f 124//72 123//71 125//73
f 124//72 125//73 126//74
f 127//75 128//76 129//77
f 129//77 130//78 127//75
f 127//75 130//78 131//79
f 127//75 131//79 132//80
f 132//80 131//79 133//81
f 132//80 133//81 125//73
f 125//73 133//81 134//82
f 125//73 134//82 126//74
f 128//76 127//75 135//83
f 135//83 127//75 136//84
f 135//83 136//84 137//85
f 137//85 136//84 138//86
f 138//86 136//84 139//87
f 138//86 139//87 140//88
f 140//88 139//87 141//89
f 140//88 141//89 142//90
f 143//91 144//92 145//93
f 145//93 144//92 146//94
f 145//93 146//94 147//95
f 147//95 146//94 117//65
f 147//95 117//65 148//96
f 148//96 117//65 118//66
f 149//97 150//98 151//99
f 151//99 150//98 144//92
f 151//99 144//92 152//100
f 152//100 144//92 143//91
f 149//97 153//101 150//98
f 150//98 153//101 154//102
f 150//98 154//102 155//103
f 155//103 154//102 156//104
f 155//103 156//104 157//105
f 158//106 159//107 160//108
f 161//109 162//110 163//111
f 163//111 162//110 164//112
f 163//111 164//112 165//113
f 166//114 167//115 168//116
f 169//117 170//118 171//119
f 171//119 170//118 172//120
f 171//119 172//120 173//121
f 165//113 164//112 172//120
f 172//120 164//112 174//122
f 172//120 174//122 173//121
f 175//123 176//124 177//125
f 178//126 179//127 180//128
f 180//128 179//127 177//125
f 180//128 177//125 181//129
f 181//129 177//125 176//124
f 181//129 176//124 182//130
f 178//126 183//131 179//127
f 179//127 183//131 184//132
f 179//127 184//132 185//133
f 185//133 184//132 166//114
f 185//133 166//114 186//134
f 186//134 166//114 168//116
f 160//108 175//123 187//135
f 187//135 175//123 177//125
f 187//135 177//125 188//136
f 188//136 177//125 179//127
f 188//136 179//127 189//137
f 189//137 179//127 185//133
f 189//137 185//133 190//138
f 190//138 185//133 186//134
f 190//138 186//134 191//139
f 191//139 186//134 168//116
f 191//139 161//109 190//138
f 190//138 161//109 163//111
f 190//138 163//111 189//137
f 189//137 163//111 165//113
f 189//137 165//113 188//136
f 188//136 165//113 172//120
f 188//136 172//120 187//135
f 187//135 172//120 170//118
f 187//135 170//118 160//108
f 160//108 170//118 169//117
f 160//108 169//117 158//106
f 173//121 174//122 192//140
f 192//140 174//122 193//141
f 192//140 193//141 194//142
f 194//142 193//141 195//143
f 195//143 193//141 196//144
f 195//143 196//144 197//145
f 197//145 196//144 198//146
f 197//145 198//146 199//147
f 199//147 198//146 200//148
f 199//147 200//148 201//149
f 201//149 200//148 202//150
f 201//149 202//150 203//151
f 203//151 202//150 204//152
f 204//152 202//150 205//153
f 204//152 205//153 206//154
f 204//152 206//154 207//155
f 207//155 206//154 208//156
f 208//156 206//154 209//157
f 208//156 209//157 210//158
f 210//158 209//157 211//159
f 210//158 211//159 212//160
f 212//160 211//159 213//161
f 212//160 213//161 214//162
f 215//163 216//164 213//161
f 213//161 216//164 217//165
f 213//161 217//165 214//162
f 215//163 218//166 216//164
f 216//164 218//166 219//167
f 216//164 219//167 220//168
f 221//169 222//170 215//163
f 215//163 222//170 223//171
f 215//163 223//171 218//166
f 137//85 138//86 213//161
f 138//86 140//88 213//161
f 213//161 140//88 142//90
f 213//161 142//90 215//163
f 215//163 142//90 224//172
f 215//163 224//172 221//169
f 130//78 129//77 211//159
f 211//159 129//77 128//76
f 211//159 128//76 213//161
f 213//161 128//76 135//83
f 213//161 135//83 137//85
f 130//78 211//159 131//79
f 131//79 211//159 209//157
f 131//79 209//157 133//81
f 134//82 225//173 126//74
f 126//74 225//173 226//174
f 126//74 226//174 124//72
f 124//72 226//174 227//175
f 124//72 227//175 121//69
f 121//69 227//175 228//176
f 121//69 228//176 229//177
f 229//177 228//176 230//178
f 229//177 230//178 231//179
f 231//179 230//178 232//180
f 231//179 232//180 233//181
f 233//181 232//180 234//182
f 233//181 234//182 235//183
f 235//183 234//182 164//112
f 235//183 164//112 162//110
f 174//122 164//112 193//141
f 193//141 164//112 234//182
f 193//141 234//182 196//144
f 196//144 234//182 232//180
f 196//144 232//180 198//146
f 198//146 232//180 230//178
f 198//146 230//178 200//148
f 200//148 230//178 228//176
f 200//148 228//176 202//150
f 202//150 228//176 227//175
f 202//150 227//175 205//153
f 205//153 227//175 226//174
f 205//153 226//174 206//154
f 206//154 226//174 225//173
f 206//154 225//173 209//157
f 209//157 225//173 134//82
f 209//157 134//82 133//81
f 236//184 237//185 238//186
f 239//187 240//188 115//63
f 115//63 240//188 241//189
f 115//63 241//189 116//64
f 116//64 241//189 242//190
f 116//64 242//190 118//66
f 118//66 242//190 148//96
f 148//96 242//190 243//191
f 148//96 243//191 147//95
f 147//95 243//191 145//93
f 145//93 243//191 244//192
f 145//93 244//192 143//91
f 245//193 156//104 246//194
f 246//194 156//104 154//102
f 246//194 154//102 153//101
f 153//101 149//97 246//194
f 246//194 149//97 151//99
f 246//194 151//99 244//192
f 244//192 151//99 152//100
f 244//192 152//100 143//91
f 247//195 248//196 245//193
f 245//193 248//196 249//197
f 249//197 250//198 245//193
f 245//193 250//198 251//199
f 245//193 251//199 156//104
f 115//63 252//200 239//187
f 239//187 252//200 253//201
f 239//187 253//201 254//202
f 254//202 253//201 255//203
f 254//202 255//203 256//204
f 256//204 255//203 257//205
f 256//204 257//205 258//206
f 258//206 257//205 167//115
f 258//206 167//115 166//114
f 259//207 184//132 183//131
f 166//114 184//132 258//206
f 258//206 184//132 259//207
f 258//206 259//207 256//204
f 256//204 259//207 260//208
f 256//204 260//208 254//202
f 254//202 260//208 261//209
f 254//202 261//209 239//187
f 239//187 261//209 262//210
f 239//187 262//210 240//188
f 240//188 262//210 263//211
f 240//188 263//211 241//189
f 241//189 263//211 264//212
f 241//189 264//212 242//190
f 242//190 264//212 236//184
f 242//190 236//184 243//191
f 243//191 236//184 238//186
f 243//191 238//186 244//192
f 265//213 247//195 266//214
f 266//214 247//195 245//193
f 266//214 245//193 267//215
f 267//215 245//193 246//194
f 267//215 246//194 268//216
f 268//216 246//194 244//192
f 268//216 244//192 269//217
f 269//217 244//192 238//186
f 237//185 236//184 270//218
f 270//218 236//184 264//212
f 270//218 264//212 271//219
f 271//219 264//212 263//211
f 271//219 263//211 272//220
f 272//220 263//211 262//210
f 272//220 262//210 273//221
f 273//221 262//210 261//209
f 273//221 261//209 274//222
f 274//222 261//209 260//208
f 274//222 260//208 275//223
f 275//223 260//208 259//207
f 275//223 259//207 276//224
f 276//224 259//207 183//131
f 276//224 183//131 178//126
f 277//225 278//226 279//227
f 277//225 279//227 280//228
f 280//228 279//227 281//229
f 280//228 281//229 282//230
f 283//231 284//232 285//233
f 283//231 285//233 286//234
f 286//234 285//233 287//235
f 286//234 287//235 288//236
f 289//237 290//238 291//239
f 292//240 293//241 294//242
f 294//242 293//241 295//243
f 294//242 295//243 296//244
f 295//243 297//245 296//244
f 296//244 297//245 298//246
f 296//244 298//246 299//247
f 299//247 298//246 300//248
f 299//247 300//248 301//249
f 301//249 300//248 302//250
f 301//249 302//250 303//251
f 303//251 302//250 304//252
f 303//251 304//252 305//253
f 306//254 307//255 308//256
f 308//256 307//255 305//253
f 308//256 305//253 309//257
f 309//257 305//253 304//252
f 310//258 289//237 311//259
f 311//259 289//237 291//239
f 311//259 291//239 312//260
f 312//260 291//239 313//261
f 312//260 313//261 314//262
f 315//263 316//264 317//265
f 317//265 316//264 318//266
f 317//265 318//266 319//267
f 319//267 318//266 320//268
f 319//267 320//268 321//269
f 321//269 320//268 322//270
f 321//269 322//270 323//271
f 323//271 322//270 324//272
f 323//271 324//272 325//273
f 325//273 324//272 326//274
f 325//273 326//274 327//275
f 327//275 326//274 328//276
f 327//275 328//276 329//277
f 329//277 328//276 330//278
f 329//277 330//278 286//234
f 286//234 330//278 331//279
f 332//280 331//279 333//281
f 333//281 331//279 330//278
f 333//281 330//278 334//282
f 334//282 330//278 328//276
f 334//282 328//276 335//283
f 335//283 328//276 326//274
f 335//283 326//274 336//284
f 336//284 326//274 324//272
f 315//263 337//285 338//286
f 339//287 340//288 341//289
f 338//286 337//285 342//290
f 342//290 337//285 343//291
f 342//290 343//291 344//292
f 345//293 346//294 341//289
f 341//289 346//294 344//292
f 341//289 344//292 339//287
f 339//287 344//292 343//291
f 347//295 338//286 348//296
f 348//296 338//286 342//290
f 348//296 342//290 349//297
f 349//297 342//290 344//292
f 349//297 344//292 350//298
f 350//298 344//292 346//294
f 351//299 352//300 340//288
f 340//288 352//300 353//301
f 340//288 353//301 341//289
f 341//289 353//301 354//302
f 341//289 354//302 345//293
f 315//263 338//286 316//264
f 316//264 338//286 347//295
f 316//264 347//295 318//266
f 318//266 347//295 355//303
f 318//266 355//303 320//268
f 320//268 355//303 356//304
f 320//268 356//304 322//270
f 322//270 356//304 357//305
f 322//270 357//305 324//272
f 324//272 357//305 358//306
f 324//272 358//306 336//284
f 290//238 351//299 291//239
f 291//239 351//299 340//288
f 291//239 340//288 313//261
f 313//261 340//288 339//287
f 313//261 339//287 314//262
f 314//262 339//287 343//291
f 286//234 288//236 329//277
f 329//277 288//236 306//254
f 329//277 306//254 327//275
f 327//275 306//254 308//256
f 327//275 308//256 325//273
f 325//273 308//256 309//257
f 325//273 309//257 323//271
f 323//271 309//257 304//252
f 323//271 304//252 321//269
f 321//269 304//252 302//250
f 321//269 302//250 319//267
f 319//267 302//250 300//248
f 319//267 300//248 317//265
f 317//265 300//248 298//246
f 317//265 298//246 315//263
f 315//263 298//246 297//245
f 315//263 297//245 337//285
f 337//285 297//245 295//243
f 337//285 295//243 343//291
f 343//291 295//243 293//241
f 343//291 293//241 314//262
f 314//262 293//241 292//240
f 314//262 292//240 312//260
f 359//307 360//308 361//309
f 277//225 280//228 362//310
f 363//311 364//312 362//310
f 362//310 364//312 365//313
f 362//310 365//313 277//225
f 366//314 367//315 368//316
f 368//316 367//315 369//317
f 368//316 369//317 370//318
f 370//318 369//317 371//319
f 370//318 371//319 372//320
f 371//319 373//321 372//320
f 372//320 373//321 374//322
f 372//320 374//322 375//323
f 375//323 374//322 376//324
f 375//323 376//324 377//325
f 377//325 376//324 378//326
f 377//325 378//326 379//327
f 380//328 381//329 382//330
f 382//330 381//329 383//331
f 382//330 383//331 384//332
f 384//332 383//331 385//333
f 384//332 385//333 386//334
f 386//334 385//333 379//327
f 386//334 379//327 387//335
f 387//335 379//327 378//326
f 388//336 389//337 390//338
f 390//338 389//337 391//339
f 390//338 391//339 392//340
f 393//341 394//342 395//343
f 396//344 397//345 398//346
f 398//346 397//345 394//342
f 398//346 394//342 399//347
f 399//347 394//342 393//341
f 399//347 393//341 400//348
f 395//343 394//342 401//349
f 401//349 394//342 397//345
f 401//349 397//345 402//350
f 396//344 403//351 397//345
f 397//345 403//351 404//352
f 397//345 404//352 402//350
f 402//350 404//352 405//353
f 402//350 405//353 391//339
f 280//228 406//354 362//310
f 362//310 406//354 407//355
f 362//310 407//355 363//311
f 363//311 407//355 408//356
f 363//311 408//356 409//357
f 409//357 408//356 410//358
f 409//357 410//358 411//359
f 411//359 410//358 412//360
f 411//359 412//360 413//361
f 413//361 412//360 414//362
f 413//361 414//362 415//363
f 415//363 414//362 416//364
f 415//363 416//364 417//365
f 417//365 416//364 418//366
f 417//365 418//366 419//367
f 420//368 360//308 421//369
f 421//369 360//308 359//307
f 421//369 359//307 422//370
f 422//370 359//307 423//371
f 403//351 423//371 404//352
f 404//352 423//371 359//307
f 404//352 359//307 405//353
f 405//353 359//307 361//309
f 405//353 361//309 391//339
f 391//339 361//309 424//372
f 391//339 424//372 392//340
f 406//354 425//373 407//355
f 407//355 425//373 426//374
f 407//355 426//374 408//356
f 408//356 426//374 427//375
f 408//356 427//375 410//358
f 410//358 427//375 428//376
f 410//358 428//376 412//360
f 412//360 428//376 429//377
f 412//360 429//377 414//362
f 414//362 429//377 430//378
f 414//362 430//378 416//364
f 416//364 430//378 400//348
f 416//364 400//348 418//366
f 418//366 400//348 393//341
f 418//366 393//341 419//367
f 419//367 393//341 395//343
f 389//337 380//328 391//339
f 391//339 380//328 382//330
f 391//339 382//330 402//350
f 402//350 382//330 384//332
f 402//350 384//332 401//349
f 401//349 384//332 386//334
f 401//349 386//334 395//343
f 395//343 386//334 387//335
f 395//343 387//335 419//367
f 419//367 387//335 378//326
f 419//367 378//326 417//365
f 417//365 378//326 376//324
f 417//365 376//324 415//363
f 415//363 376//324 374//322
f 415//363 374//322 413//361
f 413//361 374//322 373//321
f 413//361 373//321 411//359
f 411//359 373//321 371//319
f 411//359 371//319 409//357
f 409//357 371//319 369//317
f 409//357 369//317 363//311
f 363//311 369//317 367//315
f 363//311 367//315 364//312
f 364//312 367//315 366//314
f 420//368 431//379 432//380
f 433//381 434//382 388//336
f 388//336 390//338 433//381
f 433//381 390//338 392//340
f 433//381 392//340 435//383
f 310//258 434//382 289//237
f 289//237 434//382 433//381
f 289//237 433//381 290//238
f 290//238 433//381 435//383
f 290//238 435//383 351//299
f 392//340 424//372 435//383
f 435//383 424//372 361//309
f 435//383 361//309 432//380
f 432//380 361//309 360//308
f 432//380 360//308 420//368
f 351//299 435//383 352//300
f 352//300 435//383 432//380
f 352//300 432//380 353//301
f 353//301 432//380 431//379
f 353//301 431//379 354//302
f 436//384 221//169 141//89
f 141//89 221//169 224//172
f 141//89 224//172 142//90
f 437//385 218//166 438//386
f 438//386 218//166 223//171
f 438//386 223//171 436//384
f 436//384 223//171 222//170
f 436//384 222//170 221//169
f 439//387 440//388 438//386
f 438//386 440//388 441//389
f 438//386 441//389 437//385
f 442//390 443//391 444//392
f 444//392 443//391 445//393
f 444//392 445//393 439//387
f 439//387 445//393 446//394
f 439//387 446//394 440//388
f 442//390 444//392 447//395
f 447//395 444//392 448//396
f 447//395 448//396 449//397
f 449//397 448//396 284//232
f 449//397 284//232 283//231
f 248//196 450//398 451//399
f 282//230 281//229 452//400
f 452//400 281//229 453//401
f 452//400 453//401 454//402
f 454//402 453//401 455//403
f 455//403 453//401 456//404
f 455//403 456//404 457//405
f 458//406 459//407 456//404
f 456//404 459//407 460//408
f 456//404 460//408 457//405
f 461//409 462//410 458//406
f 458//406 462//410 463//411
f 458//406 463//411 459//407
f 451//399 450//398 458//406
f 458//406 450//398 464//412
f 458//406 464//412 461//409
f 465//413 157//105 156//104
f 156//104 251//199 465//413
f 465//413 251//199 250//198
f 465//413 250//198 451//399
f 451//399 250//198 249//197
f 451//399 249//197 248//196
f 466//414 442//390 467//415
f 467//415 442//390 447//395
f 467//415 447//395 468//416
f 468//416 447//395 449//397
f 468//416 449//397 331//279
f 331//279 449//397 283//231
f 331//279 283//231 286//234
f 469//417 440//388 470//418
f 470//418 440//388 446//394
f 470//418 446//394 471//419
f 471//419 446//394 445//393
f 471//419 445//393 466//414
f 466//414 445//393 443//391
f 466//414 443//391 442//390
f 219//167 218//166 437//385
f 469//417 220//168 440//388
f 440//388 220//168 219//167
f 440//388 219//167 441//389
f 441//389 219//167 437//385
f 331//279 332//280 468//416
f 468//416 332//280 472//420
f 468//416 472//420 467//415
f 467//415 472//420 473//421
f 467//415 473//421 466//414
f 466//414 473//421 474//422
f 466//414 474//422 471//419
f 475//423 455//403 457//405
f 460//408 459//407 476//424
f 476//424 459//407 477//425
f 247//195 265//213 478//426
f 462//410 461//409 478//426
f 478//426 461//409 464//412
f 478//426 464//412 247//195
f 247//195 464//412 450//398
f 247//195 450//398 248//196
f 477//425 459//407 478//426
f 478//426 459//407 463//411
f 478//426 463//411 462//410
f 280//228 282//230 406//354
f 406//354 282//230 452//400
f 406//354 452//400 475//423
f 475//423 452//400 454//402
f 475//423 454//402 455//403
f 460//408 476//424 457//405
f 457//405 476//424 479//427
f 457//405 479//427 475//423
f 475//423 479//427 480//428
f 475//423 480//428 406//354
f 406//354 480//428 481//429
f 406//354 481//429 425//373
f 482//430 483//431 484//432
f 485//433 486//434 487//435
f 269//217 488//436 268//216
f 268//216 488//436 489//437
f 490//438 488//436 491//439
f 491//439 488//436 269//217
f 491//439 269//217 238//186
f 492//440 265//213 493//441
f 493//441 265//213 266//214
f 493//441 266//214 489//437
f 489//437 266//214 267//215
f 489//437 267//215 268//216
f 494//442 495//443 496//444
f 496//444 495//443 497//445
f 496//444 497//445 498//446
f 498//446 497//445 499//447
f 498//446 499//447 500//448
f 500//448 499//447 501//449
f 500//448 501//449 502//450
f 502//450 501//449 503//451
f 502//450 503//451 484//432
f 484//432 483//431 502//450
f 502//450 483//431 504//452
f 502//450 504//452 500//448
f 500//448 504//452 505//453
f 500//448 505//453 498//446
f 506//454 507//455 508//456
f 508//456 507//455 509//457
f 508//456 509//457 510//458
f 510//458 509//457 511//459
f 510//458 511//459 512//460
f 512//460 511//459 513//461
f 514//462 487//435 506//454
f 506//454 487//435 486//434
f 506//454 486//434 507//455
f 514//462 506//454 515//463
f 515//463 506//454 508//456
f 515//463 508//456 516//464
f 516//464 508//456 510//458
f 516//464 510//458 517//465
f 517//465 510//458 512//460
f 517//465 512//460 182//130
f 182//130 512//460 181//129
f 181//129 512//460 513//461
f 181//129 513//461 180//128
f 180//128 513//461 276//224
f 180//128 276//224 178//126
f 485//433 270//218 486//434
f 486//434 270//218 271//219
f 486//434 271//219 507//455
f 507//455 271//219 272//220
f 507//455 272//220 509//457
f 509//457 272//220 273//221
f 509//457 273//221 511//459
f 511//459 273//221 274//222
f 511//459 274//222 513//461
f 513//461 274//222 275//223
f 513//461 275//223 276//224
f 518//466 494//442 519//467
f 519//467 494//442 496//444
f 519//467 496//444 520//468
f 520//468 496//444 498//446
f 520//468 498//446 521//469
f 521//469 498//446 505//453
f 522//470 482//430 523//471
f 523//471 482//430 484//432
f 523//471 484//432 490//438
f 490//438 484//432 503//451
f 490//438 503//451 488//436
f 488//436 503//451 501//449
f 488//436 501//449 489//437
f 489//437 501//449 499//447
f 489//437 499//447 493//441
f 493//441 499//447 497//445
f 493//441 497//445 492//440
f 492//440 497//445 495//443
f 514//462 522//470 487//435
f 487//435 522//470 523//471
f 487//435 523//471 485//433
f 485//433 523//471 490//438
f 485//433 490//438 270//218
f 270//218 490//438 491//439
f 270//218 491//439 237//185
f 237//185 491//439 238//186
f 524//472 525//473 526//474
f 527//475 528//476 529//477
f 530//478 527//475 531//479
f 528//476 527//475 532//480
f 532//480 527//475 530//478
f 532//480 530//478 533//481
f 534//482 535//483 536//484
f 536//484 535//483 537//485
f 536//484 537//485 538//486
f 538//486 537//485 524//472
f 474//422 539//487 471//419
f 471//419 539//487 540//488
f 471//419 540//488 470//418
f 470//418 540//488 541//489
f 470//418 541//489 469//417
f 525//473 524//472 542//490
f 542//490 524//472 537//485
f 542//490 537//485 543//491
f 543//491 537//485 535//483
f 543//491 535//483 544//492
f 332//280 534//482 472//420
f 472//420 534//482 536//484
f 472//420 536//484 473//421
f 473//421 536//484 538//486
f 473//421 538//486 531//479
f 531//479 538//486 524//472
f 531//479 524//472 530//478
f 530//478 524//472 526//474
f 530//478 526//474 533//481
f 474//422 473//421 539//487
f 539//487 473//421 531//479
f 539//487 531//479 540//488
f 540//488 531//479 527//475
f 540//488 527//475 541//489
f 541//489 527//475 529//477
f 541//489 529//477 469//417
f 469//417 529//477 220//168
f 545//493 546//494 547//495
f 492//440 495//443 548//496
f 549//497 550//498 480//428
f 479//427 476//424 551//499
f 495//443 494//442 548//496
f 548//496 494//442 552//500
f 548//496 552//500 553//501
f 553//501 552//500 554//502
f 553//501 554//502 549//497
f 549//497 554//502 545//493
f 549//497 545//493 550//498
f 551//499 476//424 555//503
f 555//503 476//424 477//425
f 555//503 477//425 556//504
f 556//504 477//425 478//426
f 556//504 478//426 265//213
f 545//493 547//495 550//498
f 550//498 547//495 557//505
f 550//498 557//505 558//506
f 558//506 425//373 550//498
f 550//498 425//373 481//429
f 550//498 481//429 480//428
f 494//442 518//466 552//500
f 552//500 518//466 559//507
f 552//500 559//507 554//502
f 554//502 559//507 560//508
f 554//502 560//508 545//493
f 545//493 560//508 561//509
f 545//493 561//509 546//494
f 265//213 492//440 556//504
f 556//504 492//440 548//496
f 556//504 548//496 555//503
f 555//503 548//496 553//501
f 555//503 553//501 551//499
f 551//499 553//501 549//497
f 551//499 549//497 479//427
f 479//427 549//497 480//428
f 562//510 563//511 564//512
f 520//468 521//469 565//513
f 516//464 566//514 515//463
f 515//463 566//514 567//515
f 515//463 567//515 514//462
f 514//462 567//515 568//516
f 514//462 568//516 522//470
f 522//470 568//516 569//517
f 522//470 569//517 482//430
f 482//430 569//517 570//518
f 482//430 570//518 483//431
f 483//431 570//518 571//519
f 483//431 571//519 504//452
f 504//452 571//519 572//520
f 504//452 572//520 505//453
f 563//511 573//521 564//512
f 564//512 573//521 574//522
f 564//512 574//522 575//523
f 576//524 577//525 578//526
f 578//526 577//525 579//527
f 578//526 579//527 580//528
f 581//529 582//530 576//524
f 576//524 582//530 583//531
f 576//524 583//531 577//525
f 584//532 585//533 586//534
f 586//534 585//533 587//535
f 587//535 585//533 588//536
f 587//535 588//536 589//537
f 589//537 588//536 590//538
f 589//537 590//538 591//539
f 592//540 593//541 594//542
f 594//542 593//541 595//543
f 594//542 595//543 565//513
f 565//513 595//543 596//544
f 565//513 596//544 520//468
f 520//468 596//544 519//467
f 579//527 562//510 580//528
f 580//528 562//510 564//512
f 580//528 564//512 597//545
f 597//545 564//512 575//523
f 597//545 575//523 598//546
f 599//547 600//548 601//549
f 601//549 600//548 602//550
f 592//540 602//550 584//532
f 594//542 603//551 592//540
f 592//540 603//551 604//552
f 592//540 604//552 602//550
f 602//550 604//552 605//553
f 602//550 605//553 601//549
f 588//536 606//554 590//538
f 590//538 606//554 607//555
f 590//538 607//555 608//556
f 608//556 607//555 182//130
f 584//532 602//550 585//533
f 585//533 602//550 600//548
f 585//533 600//548 588//536
f 588//536 600//548 599//547
f 588//536 599//547 606//554
f 606//554 599//547 609//557
f 606//554 609//557 607//555
f 607//555 609//557 517//465
f 607//555 517//465 182//130
f 586//534 581//529 584//532
f 584//532 581//529 576//524
f 584//532 576//524 592//540
f 592//540 576//524 578//526
f 592//540 578//526 593//541
f 593//541 578//526 580//528
f 593//541 580//528 595//543
f 595//543 580//528 597//545
f 595//543 597//545 596//544
f 596//544 597//545 598//546
f 596//544 598//546 519//467
f 519//467 598//546 518//466
f 521//469 505//453 565//513
f 565//513 505//453 572//520
f 565//513 572//520 594//542
f 594//542 572//520 571//519
f 594//542 571//519 603//551
f 603//551 571//519 570//518
f 603//551 570//518 604//552
f 604//552 570//518 569//517
f 604//552 569//517 605//553
f 605//553 569//517 568//516
f 605//553 568//516 601//549
f 601//549 568//516 567//515
f 601//549 567//515 599//547
f 599//547 567//515 566//514
f 599//547 566//514 609//557
f 609//557 566//514 516//464
f 609//557 516//464 517//465
f 610//558 611//559 612//560
f 610//558 612//560 613//561
f 614//562 590//538 608//556
f 608//556 615//563 614//562
f 614//562 615//563 616//564
f 614//562 616//564 617//565
f 617//565 616//564 618//566
f 617//565 618//566 619//567
f 160//108 618//566 175//123
f 175//123 618//566 616//564
f 175//123 616//564 176//124
f 176//124 616//564 615//563
f 176//124 615//563 182//130
f 182//130 615//563 608//556
f 591//539 590//538 620//568
f 620//568 590//538 614//562
f 620//568 614//562 621//569
f 621//569 614//562 617//565
f 621//569 617//565 612//560
f 612//560 617//565 619//567
f 612//560 619//567 613//561
f 613//561 619//567 618//566
f 613//561 618//566 622//570
f 622//570 618//566 160//108
f 622//570 160//108 159//107
f 623//571 624//572 625//573
f 173//121 192//140 171//119
f 171//119 192//140 625//573
f 171//119 625//573 169//117
f 169//117 625//573 624//572
f 169//117 624//572 158//106
f 626//574 627//575 628//576
f 629//577 630//578 628//576
f 628//576 630//578 631//579
f 628//576 631//579 626//574
f 626//574 631//579 632//580
f 159//107 158//106 633//581
f 633//581 158//106 624//572
f 633//581 624//572 634//582
f 634//582 624//572 623//571
f 634//582 623//571 635//583
f 636//584 637//585 638//586
f 638//586 637//585 639//587
f 638//586 639//587 640//588
f 640//588 639//587 641//589
f 640//588 641//589 642//590
f 642//590 641//589 643//591
f 642//590 643//591 644//592
f 644//592 643//591 645//593
f 644//592 645//593 646//594
f 528//476 532//480 647//595
f 647//595 532//480 648//596
f 647//595 648//596 649//597
f 649//597 648//596 650//598
f 210//158 636//584 208//156
f 208//156 636//584 638//586
f 208//156 638//586 207//155
f 207//155 638//586 640//588
f 220//168 529//477 216//164
f 216//164 529//477 651//599
f 216//164 651//599 217//165
f 217//165 651//599 652//600
f 217//165 652//600 214//162
f 214//162 652//600 636//584
f 214//162 636//584 212//160
f 212//160 636//584 210//158
f 192//140 194//142 625//573
f 625//573 194//142 629//577
f 625//573 629//577 623//571
f 623//571 629//577 628//576
f 623//571 628//576 635//583
f 635//583 628//576 627//575
f 532//480 533//481 648//596
f 648//596 533//481 653//601
f 648//596 653//601 650//598
f 650//598 653//601 654//602
f 630//578 646//594 631//579
f 631//579 646//594 645//593
f 631//579 645//593 632//580
f 632//580 645//593 643//591
f 632//580 643//591 655//603
f 655//603 643//591 641//589
f 655//603 641//589 656//604
f 656//604 641//589 639//587
f 656//604 639//587 657//605
f 657//605 639//587 637//585
f 657//605 637//585 658//606
f 529//477 528//476 651//599
f 651//599 528//476 647//595
f 651//599 647//595 652//600
f 652//600 647//595 649//597
f 652//600 649//597 636//584
f 636//584 649//597 650//598
f 636//584 650//598 637//585
f 637//585 650//598 654//602
f 637//585 654//602 658//606
f 194//142 195//143 629//577
f 629//577 195//143 197//145
f 629//577 197//145 630//578
f 630//578 197//145 199//147
f 630//578 199//147 646//594
f 646//594 199//147 201//149
f 646//594 201//149 644//592
f 644//592 201//149 203//151
f 644//592 203//151 642//590
f 642//590 203//151 204//152
f 642//590 204//152 640//588
f 640//588 204//152 207//155
f 659//607 660//608 661//609
f 660//608 659//607 662//610
f 663//611 664//612 665//613
f 535//483 534//482 666//614
f 347//295 348//296 667//615
f 349//297 350//298 668//616
f 668//616 350//298 346//294
f 669//617 668//616 670//618
f 670//618 668//616 346//294
f 670//618 346//294 345//293
f 534//482 332//280 666//614
f 666//614 332//280 333//281
f 666//614 333//281 671//619
f 671//619 333//281 334//282
f 671//619 334//282 672//620
f 334//282 335//283 672//620
f 672//620 335//283 336//284
f 672//620 336//284 673//621
f 673//621 336//284 358//306
f 673//621 358//306 674//622
f 674//622 358//306 357//305
f 674//622 357//305 675//623
f 675//623 357//305 356//304
f 675//623 356//304 661//609
f 348//296 349//297 667//615
f 667//615 349//297 668//616
f 667//615 668//616 665//613
f 665//613 668//616 669//617
f 665//613 669//617 663//611
f 663//611 669//617 676//624
f 677//625 678//626 662//610
f 662//610 678//626 679//627
f 662//610 679//627 660//608
f 660//608 679//627 680//628
f 660//608 680//628 661//609
f 661//609 680//628 681//629
f 661//609 681//629 675//623
f 675//623 681//629 682//630
f 675//623 682//630 674//622
f 674//622 682//630 683//631
f 674//622 683//631 673//621
f 673//621 683//631 684//632
f 673//621 684//632 672//620
f 672//620 684//632 685//633
f 672//620 685//633 671//619
f 671//619 685//633 686//634
f 671//619 686//634 666//614
f 666//614 686//634 687//635
f 666//614 687//635 535//483
f 535//483 687//635 544//492
f 676//624 669//617 688//636
f 688//636 669//617 670//618
f 688//636 670//618 689//637
f 689//637 670//618 345//293
f 689//637 345//293 354//302
f 664//612 677//625 665//613
f 665//613 677//625 662//610
f 665//613 662//610 667//615
f 667//615 662//610 659//607
f 667//615 659//607 347//295
f 347//295 659//607 661//609
f 347//295 661//609 355//303
f 355//303 661//609 356//304
f 690//638 691//639 692//640
f 692//640 691//639 693//641
f 692//640 693//641 694//642
f 694//642 693//641 695//643
f 544//492 696//644 543//491
f 543//491 696//644 697//645
f 698//646 533//481 699//647
f 699//647 533//481 526//474
f 699//647 526//474 700//648
f 700//648 526//474 525//473
f 700//648 525//473 542//490
f 701//649 702//650 703//651
f 703//651 702//650 704//652
f 703//651 704//652 705//653
f 705//653 704//652 706//654
f 705//653 706//654 707//655
f 708//656 695//643 709//657
f 709//657 695//643 693//641
f 709//657 693//641 710//658
f 710//658 693//641 691//639
f 696//644 701//649 697//645
f 697//645 701//649 703//651
f 697//645 703//651 710//658
f 710//658 703//651 705//653
f 710//658 705//653 709//657
f 709//657 705//653 707//655
f 709//657 707//655 708//656
f 690//638 698//646 691//639
f 691//639 698//646 699//647
f 691//639 699//647 710//658
f 710//658 699//647 700//648
f 710//658 700//648 697//645
f 697//645 700//648 542//490
f 697//645 542//490 543//491
f 711//659 712//660 713//661
f 714//662 715//663 716//664
f 716//664 715//663 717//665
f 712//660 711//659 718//666
f 718//666 711//659 719//667
f 718//666 719//667 720//668
f 721//669 722//670 723//671
f 723//671 722//670 724//672
f 723//671 724//672 711//659
f 711//659 724//672 725//673
f 711//659 725//673 726//674
f 726//674 727//675 711//659
f 711//659 727//675 728//676
f 711//659 728//676 719//667
f 721//669 723//671 729//677
f 729//677 723//671 730//678
f 729//677 730//678 731//679
f 732//680 733//681 730//678
f 730//678 733//681 734//682
f 730//678 734//682 731//679
f 735//683 736//684 737//685
f 737//685 736//684 738//686
f 737//685 738//686 732//680
f 732//680 738//686 739//687
f 732//680 739//687 733//681
f 740//688 741//689 742//690
f 420//368 741//689 431//379
f 431//379 741//689 740//688
f 431//379 740//688 354//302
f 743//691 744//692 742//690
f 742//690 744//692 745//693
f 742//690 745//693 740//688
f 740//688 745//693 689//637
f 740//688 689//637 354//302
f 746//694 747//695 748//696
f 748//696 747//695 749//697
f 748//696 749//697 744//692
f 744//692 749//697 676//624
f 744//692 676//624 745//693
f 745//693 676//624 688//636
f 745//693 688//636 689//637
f 750//698 746//694 737//685
f 737//685 746//694 748//696
f 737//685 748//696 735//683
f 735//683 748//696 744//692
f 735//683 744//692 751//699
f 751//699 744//692 743//691
f 750//698 737//685 752//700
f 752//700 737//685 732//680
f 752//700 732//680 753//701
f 730//678 754//702 755//703
f 730//678 755//703 732//680
f 732//680 755//703 756//704
f 732//680 756//704 753//701
f 757//705 711//659 715//663
f 715//663 711//659 713//661
f 715//663 713//661 717//665
f 757//705 758//706 711//659
f 711//659 758//706 759//707
f 711//659 759//707 723//671
f 723//671 759//707 760//708
f 723//671 760//708 730//678
f 730//678 760//708 761//709
f 730//678 761//709 754//702
f 762//710 763//711 764//712
f 557//505 547//495 765//713
f 764//712 763//711 766//714
f 767//715 768//716 423//371
f 398//346 769//717 396//344
f 396//344 769//717 767//715
f 396//344 767//715 403//351
f 403//351 767//715 423//371
f 741//689 420//368 770//718
f 770//718 420//368 421//369
f 770//718 421//369 768//716
f 768//716 421//369 422//370
f 768//716 422//370 423//371
f 771//719 772//720 773//721
f 763//711 774//722 766//714
f 766//714 774//722 775//723
f 766//714 775//723 773//721
f 773//721 775//723 776//724
f 773//721 776//724 771//719
f 777//725 778//726 779//727
f 558//506 557//505 780//728
f 780//728 557//505 765//713
f 780//728 765//713 778//726
f 778//726 765//713 781//729
f 778//726 781//729 779//727
f 779//727 782//730 777//725
f 777//725 782//730 783//731
f 777//725 783//731 784//732
f 784//732 783//731 785//733
f 784//732 785//733 786//734
f 425//373 558//506 426//374
f 426//374 558//506 780//728
f 426//374 780//728 427//375
f 427//375 780//728 778//726
f 427//375 778//726 428//376
f 428//376 778//726 777//725
f 428//376 777//725 429//377
f 429//377 777//725 784//732
f 429//377 784//732 430//378
f 430//378 784//732 786//734
f 430//378 786//734 400//348
f 400//348 786//734 787//735
f 400//348 787//735 788//736
f 743//691 742//690 789//737
f 789//737 742//690 772//720
f 789//737 772//720 790//738
f 790//738 772//720 771//719
f 742//690 741//689 772//720
f 772//720 741//689 770//718
f 772//720 770//718 773//721
f 773//721 770//718 768//716
f 773//721 768//716 766//714
f 766//714 768//716 767//715
f 766//714 767//715 764//712
f 764//712 767//715 769//717
f 785//733 791//739 786//734
f 786//734 791//739 792//740
f 786//734 792//740 787//735
f 787//735 792//740 762//710
f 787//735 762//710 788//736
f 788//736 762//710 764//712
f 788//736 764//712 400//348
f 400//348 764//712 769//717
f 400//348 769//717 399//347
f 399//347 769//717 398//346
f 793//741 794//742 547//495
f 793//741 795//743 796//744
f 797//745 798//746 799//747
f 797//745 799//747 800//748
f 801//749 802//750 803//751
f 803//751 802//750 804//752
f 803//751 804//752 796//744
f 560//508 795//743 561//509
f 561//509 795//743 793//741
f 561//509 793//741 546//494
f 546//494 793//741 547//495
f 802//750 800//748 804//752
f 804//752 800//748 799//747
f 804//752 799//747 796//744
f 796//744 799//747 805//753
f 796//744 805//753 793//741
f 559//507 518//466 806//754
f 806//754 518//466 598//546
f 806//754 598//546 807//755
f 807//755 598//546 575//523
f 807//755 575//523 574//522
f 798//746 808//756 799//747
f 799//747 808//756 809//757
f 799//747 809//757 805//753
f 805//753 809//757 810//758
f 805//753 810//758 793//741
f 793//741 810//758 811//759
f 793//741 811//759 794//742
f 573//521 801//749 574//522
f 574//522 801//749 803//751
f 574//522 803//751 807//755
f 807//755 803//751 796//744
f 807//755 796//744 806//754
f 806//754 796//744 795//743
f 806//754 795//743 559//507
f 559//507 795//743 560//508
f 812//760 813//761 814//762
f 589//537 815//763 816//764
f 817//765 586//534 816//764
f 816//764 586//534 587//535
f 816//764 587//535 589//537
f 583//531 818//766 577//525
f 577//525 818//766 819//767
f 577//525 819//767 579//527
f 579//527 819//767 562//510
f 562//510 819//767 820//768
f 562//510 820//768 563//511
f 573//521 563//511 821//769
f 821//769 563//511 820//768
f 821//769 820//768 822//770
f 823//771 812//760 824//772
f 824//772 812//760 814//762
f 824//772 814//762 825//773
f 825//773 814//762 826//774
f 827//775 828//776 829//777
f 829//777 828//776 830//778
f 829//777 830//778 831//779
f 828//776 832//780 830//778
f 830//778 832//780 833//781
f 830//778 833//781 831//779
f 831//779 833//781 834//782
f 831//779 834//782 835//783
f 835//783 834//782 836//784
f 835//783 836//784 837//785
f 837//785 836//784 838//786
f 837//785 838//786 839//787
f 839//787 838//786 840//788
f 839//787 840//788 826//774
f 826//774 840//788 841//789
f 826//774 841//789 825//773
f 822//770 820//768 842//790
f 842//790 820//768 819//767
f 842//790 819//767 843//791
f 843//791 819//767 818//766
f 843//791 818//766 844//792
f 844//792 818//766 583//531
f 844//792 583//531 845//793
f 845//793 583//531 582//530
f 845//793 582//530 817//765
f 817//765 582//530 581//529
f 817//765 581//529 586//534
f 813//761 822//770 814//762
f 814//762 822//770 842//790
f 814//762 842//790 826//774
f 826//774 842//790 843//791
f 826//774 843//791 839//787
f 839//787 843//791 844//792
f 839//787 844//792 837//785
f 837//785 844//792 845//793
f 837//785 845//793 835//783
f 835//783 845//793 817//765
f 835//783 817//765 831//779
f 831//779 817//765 816//764
f 831//779 816//764 829//777
f 829//777 816//764 815//763
f 829//777 815//763 591//539
f 591//539 815//763 589//537
f 846//794 847//795 848//796
f 848//796 847//795 849//797
f 848//796 849//797 850//798
f 850//798 827//775 848//796
f 848//796 827//775 829//777
f 848//796 829//777 851//799
f 852//800 853//801 854//802
f 855//803 856//804 857//805
f 857//805 856//804 858//806
f 857//805 858//806 859//807
f 852//800 854//802 857//805
f 857//805 854//802 860//808
f 857//805 860//808 855//803
f 859//807 861//809 857//805
f 857//805 861//809 862//810
f 857//805 862//810 852//800
f 852//800 862//810 863//811
f 852//800 863//811 864//812
f 864//812 863//811 865//813
f 864//812 865//813 851//799
f 851//799 865//813 866//814
f 851//799 866//814 848//796
f 848//796 866//814 867//815
f 848//796 867//815 846//794
f 611//559 853//801 612//560
f 612//560 853//801 852//800
f 612//560 852//800 621//569
f 621//569 852//800 864//812
f 621//569 864//812 620//568
f 620//568 864//812 851//799
f 620//568 851//799 591//539
f 591//539 851//799 829//777
f 632//580 655//603 868//816
f 869//817 613//561 622//570
f 870//818 690//638 692//640
f 611//559 610//558 871//819
f 871//819 610//558 872//820
f 873//821 874//822 869//817
f 869//817 874//822 872//820
f 869//817 872//820 613//561
f 613//561 872//820 610//558
f 875//823 876//824 877//825
f 877//825 876//824 874//822
f 877//825 874//822 878//826
f 878//826 874//822 873//821
f 879//827 880//828 876//824
f 876//824 880//828 881//829
f 876//824 881//829 874//822
f 874//822 881//829 882//830
f 874//822 882//830 872//820
f 872//820 882//830 871//819
f 883//831 870//818 884//832
f 883//831 885//833 886//834
f 886//834 885//833 887//835
f 886//834 887//835 888//836
f 888//836 887//835 875//823
f 888//836 875//823 889//837
f 889//837 875//823 877//825
f 889//837 877//825 890//838
f 890//838 877//825 878//826
f 891//839 892//840 893//841
f 893//841 892//840 894//842
f 655//603 656//604 895//843
f 895//843 656//604 896//844
f 533//481 698//646 653//601
f 653//601 698//646 897//845
f 653//601 897//845 654//602
f 654//602 897//845 898//846
f 654//602 898//846 658//606
f 658//606 898//846 896//844
f 658//606 896//844 657//605
f 657//605 896//844 656//604
f 159//107 633//581 899//847
f 899//847 633//581 900//848
f 900//848 633//581 634//582
f 900//848 634//582 901//849
f 634//582 635//583 901//849
f 901//849 635//583 627//575
f 901//849 627//575 902//850
f 902//850 627//575 626//574
f 902//850 626//574 903//851
f 903//851 626//574 632//580
f 903//851 632//580 904//852
f 904//852 632//580 868//816
f 870//818 692//640 884//832
f 884//832 692//640 694//642
f 884//832 694//642 905//853
f 905//853 906//854 884//832
f 884//832 906//854 907//855
f 884//832 907//855 908//856
f 908//856 907//855 909//857
f 908//856 909//857 894//842
f 894//842 909//857 910//858
f 894//842 910//858 893//841
f 883//831 884//832 885//833
f 885//833 884//832 908//856
f 885//833 908//856 887//835
f 887//835 908//856 894//842
f 887//835 894//842 875//823
f 875//823 894//842 892//840
f 875//823 892//840 876//824
f 876//824 892//840 891//839
f 876//824 891//839 879//827
f 698//646 690//638 897//845
f 897//845 690//638 870//818
f 897//845 870//818 898//846
f 898//846 870//818 883//831
f 898//846 883//831 896//844
f 896//844 883//831 886//834
f 896//844 886//834 895//843
f 895//843 886//834 888//836
f 655//603 895//843 868//816
f 868//816 895//843 888//836
f 868//816 888//836 904//852
f 904//852 888//836 889//837
f 904//852 889//837 903//851
f 903//851 889//837 890//838
f 903//851 890//838 902//850
f 902//850 890//838 878//826
f 902//850 878//826 901//849
f 901//849 878//826 873//821
f 901//849 873//821 900//848
f 900//848 873//821 869//817
f 900//848 869//817 899//847
f 899//847 869//817 622//570
f 899//847 622//570 159//107
f 749//697 747//695 911//859
f 912//860 913//861 914//862
f 914//862 913//861 915//863
f 914//862 915//863 916//864
f 915//863 917//865 916//864
f 916//864 917//865 918//866
f 916//864 918//866 919//867
f 919//867 918//866 920//868
f 919//867 920//868 921//869
f 921//869 920//868 922//870
f 921//869 922//870 923//871
f 923//871 922//870 924//872
f 923//871 924//872 704//652
f 704//652 924//872 706//654
f 746//694 750//698 925//873
f 925//873 750//698 926//874
f 925//873 926//874 927//875
f 927//875 926//874 928//876
f 927//875 928//876 929//877
f 929//877 928//876 930//878
f 929//877 930//878 931//879
f 931//879 930//878 932//880
f 931//879 932//880 933//881
f 933//881 932//880 912//860
f 933//881 912//860 934//882
f 934//882 912//860 914//862
f 934//882 914//862 935//883
f 935//883 914//862 916//864
f 935//883 916//864 936//884
f 936//884 916//864 919//867
f 936//884 919//867 937//885
f 937//885 919//867 921//869
f 937//885 921//869 938//886
f 938//886 921//869 923//871
f 938//886 923//871 702//650
f 702//650 923//871 704//652
f 939//887 680//628 679//627
f 939//887 679//627 940//888
f 676//624 749//697 663//611
f 663//611 749//697 911//859
f 663//611 911//859 664//612
f 664//612 911//859 941//889
f 664//612 941//889 677//625
f 677//625 941//889 940//888
f 677//625 940//888 678//626
f 678//626 940//888 679//627
f 544//492 687//635 696//644
f 696//644 687//635 686//634
f 696//644 686//634 701//649
f 680//628 939//887 681//629
f 681//629 939//887 942//890
f 681//629 942//890 682//630
f 682//630 942//890 943//891
f 682//630 943//891 683//631
f 683//631 943//891 944//892
f 683//631 944//892 684//632
f 684//632 944//892 945//893
f 684//632 945//893 685//633
f 685//633 945//893 946//894
f 685//633 946//894 686//634
f 686//634 946//894 947//895
f 686//634 947//895 701//649
f 750//698 752//700 926//874
f 926//874 752//700 948//896
f 926//874 948//896 928//876
f 928//876 948//896 949//897
f 928//876 949//897 930//878
f 949//897 950//898 930//878
f 930//878 950//898 951//899
f 930//878 951//899 932//880
f 932//880 951//899 952//900
f 932//880 952//900 912//860
f 912//860 952//900 953//901
f 912//860 953//901 913//861
f 747//695 746//694 911//859
f 911//859 746//694 925//873
f 911//859 925//873 941//889
f 941//889 925//873 927//875
f 941//889 927//875 940//888
f 940//888 927//875 929//877
f 940//888 929//877 939//887
f 939//887 929//877 931//879
f 939//887 931//879 942//890
f 942//890 931//879 933//881
f 942//890 933//881 943//891
f 943//891 933//881 934//882
f 943//891 934//882 944//892
f 944//892 934//882 935//883
f 944//892 935//883 945//893
f 945//893 935//883 936//884
f 945//893 936//884 946//894
f 946//894 936//884 937//885
f 946//894 937//885 947//895
f 947//895 937//885 938//886
f 947//895 938//886 701//649
f 701//649 938//886 702//650
f 954//902 955//903 956//904
f 956//904 955//903 957//905
f 956//904 957//905 958//906
f 958//906 957//905 959//907
f 958//906 959//907 960//908
f 960//908 959//907 961//909
f 961//909 959//907 962//910
f 961//909 962//910 963//911
f 963//911 962//910 707//655
f 963//911 707//655 706//654
f 708//656 707//655 964//912
f 964//912 707//655 962//910
f 964//912 962//910 965//913
f 965//913 962//910 959//907
f 965//913 959//907 966//914
f 966//914 959//907 957//905
f 966//914 957//905 967//915
f 967//915 957//905 955//903
f 695//643 708//656 968//916
f 968//916 708//656 964//912
f 968//916 964//912 969//917
f 969//917 964//912 965//913
f 969//917 965//913 970//918
f 970//918 965//913 966//914
f 970//918 966//914 971//919
f 971//919 966//914 967//915
f 694//642 695//643 972//920
f 972//920 695//643 968//916
f 972//920 968//916 973//921
f 973//921 968//916 969//917
f 973//921 969//917 974//922
f 974//922 969//917 970//918
f 974//922 970//918 975//923
f 975//923 970//918 971//919
f 976//924 977//925 978//926
f 978//926 977//925 979//927
f 980//928 981//929 982//930
f 982//930 981//929 983//931
f 982//930 983//931 979//927
f 979//927 983//931 984//932
f 979//927 984//932 978//926
f 980//928 982//930 985//933
f 985//933 982//930 986//934
f 985//933 986//934 987//935
f 987//935 986//934 988//936
f 987//935 988//936 989//937
f 718//666 989//937 712//660
f 712//660 989//937 988//936
f 712//660 988//936 713//661
f 713//661 988//936 990//938
f 990//938 988//936 986//934
f 990//938 986//934 991//939
f 991//939 986//934 982//930
f 991//939 982//930 992//940
f 992//940 982//930 979//927
f 992//940 979//927 993//941
f 993//941 979//927 977//925
f 993//941 977//925 994//942
f 763//711 995//943 996//944
f 811//759 810//758 997//945
f 998//946 999//947 1000//948
f 1001//949 1002//950 1003//951
f 1002//950 739//687 1003//951
f 1003//951 739//687 738//686
f 1003//951 738//686 736//684
f 1004//952 1005//953 1006//954
f 1006//954 1005//953 1007//955
f 1006//954 1007//955 1008//956
f 1008//956 1007//955 1009//957
f 1008//956 1009//957 1010//958
f 1010//958 1009//957 1011//959
f 1010//958 1011//959 1012//960
f 1012//960 1011//959 1013//961
f 1012//960 1013//961 1014//962
f 1015//963 809//757 808//756
f 808//756 1016//964 1015//963
f 1015//963 1016//964 1017//965
f 1015//963 1017//965 1018//966
f 1018//966 1017//965 1019//967
f 1018//966 1019//967 1004//952
f 1004//952 1019//967 1020//968
f 1004//952 1020//968 1005//953
f 547//495 794//742 765//713
f 765//713 794//742 1021//969
f 763//711 996//944 774//722
f 789//737 790//738 1022//970
f 1022//970 790//738 1023//971
f 1022//970 1023//971 1024//972
f 790//738 771//719 1023//971
f 1023//971 771//719 776//724
f 1023//971 776//724 1025//973
f 1025//973 776//724 775//723
f 1024//972 1023//971 1026//974
f 1026//974 1023//971 1025//973
f 1026//974 1025//973 1027//975
f 999//947 1001//949 1000//948
f 1000//948 1001//949 1003//951
f 1000//948 1003//951 1028//976
f 1028//976 1003//951 736//684
f 1028//976 736//684 735//683
f 810//758 809//757 997//945
f 997//945 809//757 1015//963
f 997//945 1015//963 1029//977
f 1029//977 1015//963 1018//966
f 1029//977 1018//966 1030//978
f 1030//978 1018//966 1004//952
f 1030//978 1004//952 1031//979
f 1031//979 1004//952 1006//954
f 1031//979 1006//954 1032//980
f 1032//980 1006//954 1008//956
f 1032//980 1008//956 1033//981
f 1033//981 1008//956 1010//958
f 1033//981 1010//958 1027//975
f 1027//975 1010//958 1012//960
f 1027//975 1012//960 1026//974
f 1026//974 1012//960 1014//962
f 1026//974 1014//962 1024//972
f 1034//982 779//727 1021//969
f 1021//969 779//727 781//729
f 1021//969 781//729 765//713
f 1035//983 785//733 1036//984
f 1036//984 785//733 783//731
f 1036//984 783//731 1034//982
f 1034//982 783//731 782//730
f 1034//982 782//730 779//727
f 995//943 763//711 1037//985
f 1037//985 763//711 762//710
f 1037//985 762//710 1038//986
f 1038//986 762//710 792//740
f 1038//986 792//740 1035//983
f 1035//983 792//740 791//739
f 1035//983 791//739 785//733
f 1013//961 998//946 1014//962
f 1014//962 998//946 1000//948
f 1014//962 1000//948 1024//972
f 1024//972 1000//948 1028//976
f 1024//972 1028//976 1022//970
f 1022//970 1028//976 735//683
f 1022//970 735//683 789//737
f 789//737 735//683 751//699
f 789//737 751//699 743//691
f 775//723 774//722 1025//973
f 1025//973 774//722 996//944
f 1025//973 996//944 1027//975
f 1027//975 996//944 995//943
f 1027//975 995//943 1033//981
f 1033//981 995//943 1037//985
f 1033//981 1037//985 1032//980
f 1032//980 1037//985 1038//986
f 1032//980 1038//986 1031//979
f 1031//979 1038//986 1035//983
f 1031//979 1035//983 1030//978
f 1030//978 1035//983 1036//984
f 1030//978 1036//984 1029//977
f 1029//977 1036//984 1034//982
f 1029//977 1034//982 997//945
f 997//945 1034//982 1021//969
f 997//945 1021//969 811//759
f 811//759 1021//969 794//742
f 1039//987 1040//988 1041//989
f 1042//990 1043//991 1044//992
f 1045//993 1046//994 1039//987
f 1047//995 1048//996 1049//997
f 725//673 724//672 1050//998
f 1050//998 724//672 1051//999
f 1052//1000 1053//1001 1054//1002
f 1055//1003 1056//1004 1057//1005
f 1057//1005 1056//1004 1058//1006
f 1057//1005 1058//1006 1049//997
f 1049//997 1058//1006 1059//1007
f 1049//997 1059//1007 1047//995
f 1055//1003 1040//988 1060//1008
f 1060//1008 1040//988 1039//987
f 1060//1008 1039//987 1061//1009
f 1061//1009 1039//987 1046//994
f 1061//1009 1046//994 1062//1010
f 1016//964 808//756 1063//1011
f 1064//1012 1065//1013 1063//1011
f 1063//1011 1065//1013 1017//965
f 1063//1011 1017//965 1016//964
f 999//947 998//946 1043//991
f 1043//991 998//946 1066//1014
f 1044//992 1043//991 1067//1015
f 1067//1015 1043//991 1066//1014
f 1067//1015 1066//1014 1068//1016
f 1042//990 734//682 733//681
f 999//947 1043//991 1001//949
f 1001//949 1043//991 1042//990
f 1001//949 1042//990 1002//950
f 1002//950 1042//990 733//681
f 1002//950 733//681 739//687
f 1069//1017 1052//1000 1051//999
f 1051//999 1052//1000 1054//1002
f 1051//999 1054//1002 1050//998
f 1070//1018 1057//1005 1068//1016
f 1068//1016 1057//1005 1049//997
f 1068//1016 1049//997 1067//1015
f 1067//1015 1049//997 1048//996
f 1067//1015 1048//996 1044//992
f 1055//1003 1057//1005 1040//988
f 1040//988 1057//1005 1070//1018
f 1040//988 1070//1018 1041//989
f 1041//989 1070//1018 1071//1019
f 1041//989 1071//1019 1072//1020
f 1072//1020 1071//1019 1005//953
f 1072//1020 1005//953 1020//968
f 1007//955 1073//1021 1009//957
f 1009//957 1073//1021 1074//1022
f 1009//957 1074//1022 1011//959
f 1011//959 1074//1022 1075//1023
f 1011//959 1075//1023 1013//961
f 1020//968 1019//967 1072//1020
f 1072//1020 1019//967 1017//965
f 1072//1020 1017//965 1041//989
f 1041//989 1017//965 1065//1013
f 1041//989 1065//1013 1039//987
f 1039//987 1065//1013 1064//1012
f 1039//987 1064//1012 1045//993
f 724//672 722//670 1051//999
f 1051//999 722//670 721//669
f 1051//999 721//669 1069//1017
f 1069//1017 721//669 729//677
f 1069//1017 729//677 731//679
f 1047//995 1053//1001 1048//996
f 1048//996 1053//1001 1052//1000
f 1048//996 1052//1000 1044//992
f 1044//992 1052//1000 1069//1017
f 1044//992 1069//1017 1042//990
f 1042//990 1069//1017 731//679
f 1042//990 731//679 734//682
f 998//946 1013//961 1066//1014
f 1066//1014 1013//961 1075//1023
f 1066//1014 1075//1023 1068//1016
f 1068//1016 1075//1023 1074//1022
f 1068//1016 1074//1022 1070//1018
f 1070//1018 1074//1022 1073//1021
f 1070//1018 1073//1021 1071//1019
f 1071//1019 1073//1021 1007//955
f 1071//1019 1007//955 1005//953
f 1076//1024 960//908 961//909
f 1077//1025 1078//1026 1079//1027
f 1077//1025 1079//1027 1080//1028
f 1081//1029 1082//1030 1083//1031
f 1084//1032 1085//1033 1086//1034
f 1086//1034 1085//1033 1087//1035
f 1086//1034 1088//1036 1084//1032
f 1084//1032 1088//1036 1089//1037
f 1084//1032 1089//1037 1090//1038
f 1090//1038 1089//1037 760//708
f 1090//1038 760//708 759//707
f 1078//1026 954//902 1079//1027
f 1079//1027 954//902 956//904
f 1079//1027 956//904 958//906
f 1082//1030 1080//1028 1083//1031
f 1083//1031 1080//1028 1079//1027
f 1083//1031 1079//1027 1076//1024
f 1076//1024 1079//1027 958//906
f 1076//1024 958//906 960//908
f 1091//1039 1092//1040 1093//1041
f 1093//1041 1092//1040 1094//1042
f 1094//1042 1092//1040 1095//1043
f 1094//1042 1095//1043 1086//1034
f 1086//1034 1095//1043 1096//1044
f 1086//1034 1096//1044 1088//1036
f 1088//1036 1096//1044 1097//1045
f 1088//1036 1097//1045 1089//1037
f 1089//1037 1097//1045 1098//1046
f 1089//1037 1098//1046 760//708
f 948//896 1099//1047 949//897
f 949//897 1099//1047 1100//1048
f 949//897 1100//1048 950//898
f 950//898 1100//1048 1101//1049
f 950//898 1101//1049 951//899
f 951//899 1101//1049 1102//1050
f 951//899 1102//1050 952//900
f 756//704 1099//1047 753//701
f 753//701 1099//1047 948//896
f 753//701 948//896 752//700
f 706//654 924//872 963//911
f 963//911 924//872 1103//1051
f 922//870 920//868 1104//1052
f 1104//1052 920//868 918//866
f 1104//1052 918//866 1105//1053
f 1105//1053 918//866 917//865
f 1105//1053 917//865 1106//1054
f 1087//1035 1107//1055 1086//1034
f 1086//1034 1107//1055 1108//1056
f 1086//1034 1108//1056 1094//1042
f 1094//1042 1108//1056 1081//1029
f 1094//1042 1081//1029 1093//1041
f 1093//1041 1081//1029 1083//1031
f 1093//1041 1083//1031 1091//1039
f 1091//1039 1083//1031 1076//1024
f 1091//1039 1076//1024 1103//1051
f 1103//1051 1076//1024 961//909
f 1103//1051 961//909 963//911
f 917//865 915//863 1106//1054
f 1106//1054 915//863 913//861
f 1106//1054 913//861 1102//1050
f 1102//1050 913//861 953//901
f 1102//1050 953//901 952//900
f 755//703 754//702 1098//1046
f 1098//1046 754//702 761//709
f 1098//1046 761//709 760//708
f 756//704 755//703 1099//1047
f 1099//1047 755//703 1098//1046
f 1099//1047 1098//1046 1100//1048
f 1100//1048 1098//1046 1097//1045
f 1100//1048 1097//1045 1101//1049
f 1101//1049 1097//1045 1096//1044
f 1101//1049 1096//1044 1102//1050
f 1102//1050 1096//1044 1095//1043
f 1102//1050 1095//1043 1106//1054
f 1106//1054 1095//1043 1092//1040
f 1106//1054 1092//1040 1105//1053
f 1105//1053 1092//1040 1091//1039
f 1105//1053 1091//1039 1104//1052
f 1104//1052 1091//1039 1103//1051
f 1104//1052 1103//1051 922//870
f 922//870 1103//1051 924//872
f 1109//1057 1064//1012 1063//1011
f 1110//1058 1111//1059 1112//1060
f 1113//1061 1114//1062 1115//1063
f 1116//1064 801//749 573//521
f 802//750 1111//1059 800//748
f 800//748 1111//1059 1110//1058
f 800//748 1110//1058 797//745
f 797//745 1110//1058 798//746
f 1117//1065 1118//1066 1119//1067
f 1119//1067 1118//1066 1120//1068
f 1119//1067 1120//1068 1112//1060
f 573//521 821//769 1116//1064
f 1116//1064 821//769 822//770
f 1116//1064 822//770 1121//1069
f 1121//1069 822//770 813//761
f 1064//1012 1109//1057 1045//993
f 1045//993 1109//1057 1115//1063
f 1045//993 1115//1063 1046//994
f 1046//994 1115//1063 1114//1062
f 1046//994 1114//1062 1062//1010
f 1118//1066 1113//1061 1120//1068
f 1120//1068 1113//1061 1115//1063
f 1120//1068 1115//1063 1112//1060
f 1112//1060 1115//1063 1109//1057
f 1112//1060 1109//1057 1110//1058
f 1110//1058 1109//1057 1063//1011
f 1110//1058 1063//1011 798//746
f 798//746 1063//1011 808//756
f 802//750 801//749 1111//1059
f 1111//1059 801//749 1116//1064
f 1111//1059 1116//1064 1112//1060
f 1112//1060 1116//1064 1121//1069
f 1112//1060 1121//1069 1119//1067
f 1119//1067 1121//1069 813//761
f 1119//1067 813//761 1117//1065
f 1117//1065 813//761 812//760
f 1117//1065 812//760 823//771
f 1122//1070 1123//1071 1124//1072
f 1125//1073 1126//1074 1127//1075
f 825//773 841//789 1128//1076
f 840//788 838//786 1129//1077
f 832//780 1130//1078 1131//1079
f 827//775 850//798 828//776
f 828//776 850//798 832//780
f 832//780 1131//1079 833//781
f 833//781 1131//1079 1132//1080
f 833//781 1132//1080 834//782
f 834//782 1132//1080 1133//1081
f 834//782 1133//1081 836//784
f 823//771 824//772 1134//1082
f 1134//1082 824//772 1135//1083
f 1134//1082 1135//1083 1136//1084
f 1137//1085 1138//1086 1139//1087
f 1139//1087 1138//1086 1140//1088
f 1127//1075 1126//1074 1141//1089
f 1141//1089 1126//1074 1142//1090
f 1141//1089 1142//1090 1143//1091
f 1143//1091 1142//1090 1139//1087
f 1143//1091 1139//1087 1135//1083
f 1135//1083 1139//1087 1140//1088
f 1135//1083 1140//1088 1136//1084
f 1137//1085 1139//1087 1144//1092
f 1144//1092 1139//1087 1142//1090
f 1144//1092 1142//1090 1145//1093
f 1145//1093 1142//1090 1126//1074
f 1145//1093 1126//1074 1146//1094
f 1146//1094 1126//1074 1125//1073
f 1146//1094 1125//1073 1147//1095
f 1148//1096 1149//1097 1150//1098
f 1150//1098 1149//1097 1151//1099
f 1152//1100 1147//1095 1153//1101
f 1153//1101 1147//1095 1125//1073
f 1153//1101 1125//1073 1154//1102
f 1154//1102 1125//1073 1127//1075
f 1154//1102 1127//1075 1155//1103
f 1155//1103 1127//1075 1156//1104
f 1155//1103 1156//1104 1157//1105
f 1157//1105 1156//1104 1158//1106
f 867//815 866//814 1159//1107
f 1159//1107 1160//1108 867//815
f 867//815 1160//1108 1161//1109
f 867//815 1161//1109 846//794
f 1157//1105 1162//1110 1155//1103
f 1155//1103 1162//1110 1163//1111
f 1155//1103 1163//1111 1154//1102
f 1154//1102 1163//1111 1164//1112
f 1154//1102 1164//1112 1153//1101
f 1153//1101 1164//1112 1150//1098
f 1153//1101 1150//1098 1152//1100
f 1152//1100 1150//1098 1151//1099
f 1152//1100 1151//1099 1165//1113
f 832//780 850//798 1130//1078
f 1130//1078 850//798 849//797
f 1130//1078 849//797 847//795
f 838//786 836//784 1129//1077
f 1129//1077 836//784 1133//1081
f 1129//1077 1133//1081 1166//1114
f 1166//1114 1133//1081 1132//1080
f 1166//1114 1132//1080 1167//1115
f 1167//1115 1132//1080 1131//1079
f 841//789 840//788 1128//1076
f 1128//1076 840//788 1129//1077
f 1128//1076 1129//1077 1168//1116
f 1168//1116 1129//1077 1166//1114
f 1168//1116 1166//1114 1169//1117
f 1169//1117 1166//1114 1167//1115
f 1169//1117 1167//1115 1170//1118
f 1170//1118 1167//1115 1131//1079
f 1170//1118 1131//1079 1171//1119
f 1171//1119 1131//1079 1130//1078
f 1171//1119 1130//1078 1161//1109
f 1161//1109 1130//1078 847//795
f 1161//1109 847//795 846//794
f 1124//1072 1172//1120 1122//1070
f 1122//1070 1172//1120 1173//1121
f 1122//1070 1173//1121 1174//1122
f 1174//1122 1173//1121 1175//1123
f 1174//1122 1175//1123 1176//1124
f 1176//1124 1175//1123 1177//1125
f 1176//1124 1177//1125 1178//1126
f 1178//1126 1177//1125 1179//1127
f 1178//1126 1179//1127 1180//1128
f 1165//1113 1123//1071 1152//1100
f 1152//1100 1123//1071 1122//1070
f 1152//1100 1122//1070 1147//1095
f 1147//1095 1122//1070 1174//1122
f 1147//1095 1174//1122 1146//1094
f 1146//1094 1174//1122 1176//1124
f 1146//1094 1176//1124 1145//1093
f 1145//1093 1176//1124 1178//1126
f 1145//1093 1178//1126 1144//1092
f 1144//1092 1178//1126 1180//1128
f 1144//1092 1180//1128 1137//1085
f 1181//1129 1182//1130 1183//1131
f 1183//1131 1182//1130 1184//1132
f 1183//1131 1184//1132 1185//1133
f 1185//1133 1184//1132 1186//1134
f 1185//1133 1186//1134 1187//1135
f 1187//1135 1186//1134 1160//1108
f 1187//1135 1160//1108 1188//1136
f 1188//1136 1160//1108 1159//1107
f 824//772 825//773 1135//1083
f 1135//1083 825//773 1128//1076
f 1135//1083 1128//1076 1143//1091
f 1143//1091 1128//1076 1168//1116
f 1143//1091 1168//1116 1141//1089
f 1141//1089 1168//1116 1169//1117
f 1141//1089 1169//1117 1127//1075
f 1127//1075 1169//1117 1170//1118
f 1127//1075 1170//1118 1156//1104
f 1156//1104 1170//1118 1171//1119
f 1156//1104 1171//1119 1158//1106
f 1158//1106 1171//1119 1161//1109
f 1158//1106 1161//1109 1157//1105
f 1157//1105 1161//1109 1160//1108
f 1157//1105 1160//1108 1162//1110
f 1162//1110 1160//1108 1186//1134
f 1162//1110 1186//1134 1163//1111
f 1163//1111 1186//1134 1184//1132
f 1163//1111 1184//1132 1164//1112
f 1164//1112 1184//1132 1182//1130
f 1164//1112 1182//1130 1150//1098
f 1150//1098 1182//1130 1181//1129
f 1150//1098 1181//1129 1148//1096
f 974//922 975//923 1189//1137
f 694//642 972//920 905//853
f 905//853 972//920 1190//1138
f 905//853 1190//1138 906//854
f 1191//1139 854//802 1192//1140
f 1192//1140 854//802 853//801
f 1193//1141 1194//1142 1195//1143
f 1195//1143 1194//1142 1196//1144
f 973//921 974//922 1197//1145
f 1197//1145 974//922 1198//1146
f 1197//1145 1198//1146 1199//1147
f 1199//1147 1198//1146 1200//1148
f 1199//1147 1200//1148 1201//1149
f 1201//1149 1200//1148 1202//1150
f 1201//1149 1202//1150 1203//1151
f 1203//1151 1202//1150 1204//1152
f 1203//1151 1204//1152 1205//1153
f 1205//1153 1204//1152 1196//1144
f 1205//1153 1196//1144 1206//1154
f 1206//1154 1196//1144 1194//1142
f 974//922 1189//1137 1198//1146
f 1198//1146 1189//1137 1207//1155
f 1198//1146 1207//1155 1200//1148
f 906//854 1190//1138 907//855
f 907//855 1190//1138 1208//1156
f 907//855 1208//1156 909//857
f 909//857 1208//1156 1209//1157
f 909//857 1209//1157 910//858
f 893//841 910//858 1203//1151
f 1203//1151 910//858 1209//1157
f 1203//1151 1209//1157 1201//1149
f 1201//1149 1209//1157 1208//1156
f 1201//1149 1208//1156 1199//1147
f 1199//1147 1208//1156 1190//1138
f 1199//1147 1190//1138 1197//1145
f 1197//1145 1190//1138 972//920
f 1197//1145 972//920 973//921
f 853//801 611//559 1210//1158
f 1210//1158 611//559 871//819
f 871//819 882//830 1210//1158
f 1210//1158 882//830 1206//1154
f 1210//1158 1206//1154 853//801
f 853//801 1206//1154 1194//1142
f 853//801 1194//1142 1192//1140
f 1192//1140 1194//1142 1193//1141
f 1192//1140 1193//1141 1191//1139
f 1207//1155 1211//1159 1200//1148
f 1200//1148 1211//1159 1212//1160
f 1200//1148 1212//1160 1202//1150
f 1202//1150 1212//1160 1213//1161
f 1202//1150 1213//1161 1204//1152
f 1204//1152 1213//1161 1214//1162
f 1204//1152 1214//1162 1196//1144
f 1196//1144 1214//1162 1215//1163
f 1196//1144 1215//1163 1195//1143
f 882//830 881//829 1206//1154
f 1206//1154 881//829 880//828
f 1206//1154 880//828 1205//1153
f 1205//1153 880//828 879//827
f 1205//1153 879//827 1203//1151
f 1203//1151 879//827 891//839
f 1203//1151 891//839 893//841
f 1216//1164 863//811 862//810
f 866//814 865//813 1217//1165
f 1218//1166 1219//1167 1220//1168
f 1220//1168 1219//1167 1221//1169
f 1220//1168 1221//1169 1222//1170
f 1222//1170 1221//1169 1223//1171
f 1222//1170 1223//1171 1224//1172
f 1224//1172 1223//1171 1225//1173
f 1224//1172 1225//1173 1226//1174
f 862//810 1227//1175 1216//1164
f 1216//1164 1227//1175 1228//1176
f 1216//1164 1228//1176 1229//1177
f 1229//1177 1228//1176 1230//1178
f 1229//1177 1230//1178 1231//1179
f 1231//1179 1230//1178 1232//1180
f 1231//1179 1232//1180 1233//1181
f 1233//1181 1232//1180 1234//1182
f 1233//1181 1234//1182 1235//1183
f 1235//1183 1234//1182 1236//1184
f 1235//1183 1236//1184 1218//1166
f 1218//1166 1236//1184 1237//1185
f 1218//1166 1237//1185 1219//1167
f 1238//1186 1123//1071 1165//1113
f 1238//1186 1165//1113 1239//1187
f 1239//1187 1165//1113 1151//1099
f 1239//1187 1151//1099 1240//1188
f 1240//1188 1151//1099 1149//1097
f 1240//1188 1149//1097 1241//1189
f 1149//1097 1148//1096 1241//1189
f 1241//1189 1148//1096 1181//1129
f 1241//1189 1181//1129 1242//1190
f 1242//1190 1181//1129 1183//1131
f 1242//1190 1183//1131 1243//1191
f 1243//1191 1183//1131 1185//1133
f 1243//1191 1185//1133 1244//1192
f 1244//1192 1185//1133 1187//1135
f 1244//1192 1187//1135 1245//1193
f 1245//1193 1187//1135 1188//1136
f 1245//1193 1188//1136 1217//1165
f 1217//1165 1188//1136 1159//1107
f 1217//1165 1159//1107 866//814
f 1124//1072 1123//1071 1246//1194
f 1246//1194 1123//1071 1238//1186
f 1246//1194 1238//1186 1247//1195
f 1247//1195 1238//1186 1239//1187
f 1247//1195 1239//1187 1248//1196
f 1248//1196 1239//1187 1240//1188
f 1248//1196 1240//1188 1249//1197
f 1249//1197 1240//1188 1241//1189
f 1249//1197 1241//1189 1250//1198
f 1250//1198 1241//1189 1242//1190
f 1250//1198 1242//1190 1251//1199
f 1251//1199 1242//1190 1243//1191
f 1251//1199 1243//1191 1252//1200
f 1252//1200 1243//1191 1244//1192
f 1252//1200 1244//1192 1253//1201
f 1253//1201 1244//1192 1245//1193
f 1253//1201 1245//1193 1254//1202
f 1254//1202 1245//1193 1217//1165
f 1254//1202 1217//1165 1255//1203
f 1255//1203 1217//1165 865//813
f 1255//1203 865//813 863//811
f 863//811 1216//1164 1255//1203
f 1255//1203 1216//1164 1229//1177
f 1255//1203 1229//1177 1254//1202
f 1254//1202 1229//1177 1231//1179
f 1254//1202 1231//1179 1253//1201
f 1253//1201 1231//1179 1233//1181
f 1253//1201 1233//1181 1252//1200
f 1252//1200 1233//1181 1235//1183
f 1252//1200 1235//1183 1251//1199
f 1251//1199 1235//1183 1218//1166
f 1251//1199 1218//1166 1250//1198
f 1250//1198 1218//1166 1220//1168
f 1250//1198 1220//1168 1249//1197
f 1249//1197 1220//1168 1222//1170
f 1249//1197 1222//1170 1248//1196
f 1248//1196 1222//1170 1224//1172
f 1248//1196 1224//1172 1247//1195
f 1247//1195 1224//1172 1226//1174
f 1247//1195 1226//1174 1246//1194
f 1256//1204 1257//1205 1258//1206
f 1259//1207 1260//1208 1261//1209
f 1262//1210 1263//1211 1264//1212
f 1265//1213 1225//1173 1266//1214
f 1256//1204 1258//1206 994//942
f 955//903 954//902 1267//1215
f 1267//1215 954//902 1268//1216
f 1267//1215 1268//1216 1269//1217
f 1269//1217 1268//1216 1270//1218
f 1269//1217 1270//1218 1271//1219
f 1271//1219 1270//1218 1272//1220
f 1271//1219 1272//1220 1273//1221
f 1273//1221 1272//1220 1274//1222
f 1273//1221 1274//1222 1275//1223
f 1275//1223 1274//1222 1276//1224
f 1275//1223 1276//1224 1277//1225
f 1277//1225 1276//1224 1278//1226
f 1277//1225 1278//1226 1258//1206
f 1258//1206 1278//1226 1279//1227
f 1258//1206 1279//1227 994//942
f 1257//1205 1259//1207 1258//1206
f 1258//1206 1259//1207 1261//1209
f 1258//1206 1261//1209 1277//1225
f 1277//1225 1261//1209 1280//1228
f 1277//1225 1280//1228 1275//1223
f 1275//1223 1280//1228 1281//1229
f 1275//1223 1281//1229 1273//1221
f 1273//1221 1281//1229 1282//1230
f 1273//1221 1282//1230 1271//1219
f 1271//1219 1282//1230 1283//1231
f 1271//1219 1283//1231 1269//1217
f 1269//1217 1283//1231 1284//1232
f 1269//1217 1284//1232 1267//1215
f 1267//1215 1284//1232 1285//1233
f 1267//1215 1285//1233 955//903
f 955//903 1285//1233 967//915
f 1260//1208 1262//1210 1261//1209
f 1261//1209 1262//1210 1264//1212
f 1261//1209 1264//1212 1280//1228
f 1280//1228 1264//1212 1286//1234
f 1280//1228 1286//1234 1281//1229
f 1281//1229 1286//1234 1287//1235
f 1281//1229 1287//1235 1282//1230
f 1282//1230 1287//1235 1288//1236
f 1282//1230 1288//1236 1283//1231
f 1283//1231 1288//1236 1289//1237
f 1283//1231 1289//1237 1284//1232
f 1284//1232 1289//1237 1290//1238
f 1284//1232 1290//1238 1285//1233
f 1285//1233 1290//1238 1291//1239
f 1285//1233 1291//1239 967//915
f 967//915 1291//1239 971//919
f 975//923 971//919 1292//1240
f 1292//1240 971//919 1291//1239
f 1292//1240 1291//1239 1293//1241
f 1293//1241 1291//1239 1290//1238
f 1293//1241 1290//1238 1294//1242
f 1294//1242 1290//1238 1289//1237
f 1294//1242 1289//1237 1295//1243
f 1295//1243 1289//1237 1288//1236
f 1295//1243 1288//1236 1296//1244
f 1296//1244 1288//1236 1287//1235
f 1296//1244 1287//1235 1297//1245
f 1297//1245 1287//1235 1286//1234
f 1297//1245 1286//1234 1266//1214
f 1266//1214 1286//1234 1264//1212
f 1266//1214 1264//1212 1265//1213
f 1265//1213 1264//1212 1263//1211
f 1260//1208 1259//1207 1298//1246
f 1226//1174 1225//1173 1265//1213
f 1226//1174 1265//1213 1246//1194
f 1299//1247 1124//1072 1246//1194
f 994//942 977//925 1256//1204
f 1256//1204 977//925 1298//1246
f 1256//1204 1298//1246 1257//1205
f 1257//1205 1298//1246 1259//1207
f 1300//1248 1301//1249 1302//1250
f 1262//1210 1260//1208 1302//1250
f 1302//1250 1260//1208 1298//1246
f 1302//1250 1298//1246 1300//1248
f 1300//1248 1298//1246 977//925
f 1300//1248 977//925 976//924
f 1299//1247 1303//1251 1304//1252
f 1304//1252 1303//1251 1302//1250
f 1304//1252 1302//1250 1305//1253
f 1305//1253 1302//1250 1301//1249
f 1299//1247 1246//1194 1303//1251
f 1303//1251 1246//1194 1265//1213
f 1303//1251 1265//1213 1302//1250
f 1302//1250 1265//1213 1263//1211
f 1302//1250 1263//1211 1262//1210
f 1077//1025 1080//1028 1306//1254
f 1082//1030 1081//1029 1307//1255
f 714//662 716//664 990//938
f 990//938 716//664 717//665
f 990//938 717//665 713//661
f 1090//1038 759//707 758//706
f 1308//1256 1087//1035 1085//1033
f 1309//1257 1108//1056 1107//1055
f 1268//1216 954//902 1078//1026
f 1078//1026 1310//1258 1268//1216
f 1268//1216 1310//1258 1311//1259
f 1268//1216 1311//1259 1270//1218
f 1270//1218 1311//1259 1312//1260
f 1270//1218 1312//1260 1272//1220
f 1272//1220 1312//1260 1313//1261
f 1272//1220 1313//1261 1274//1222
f 1314//1262 993//941 1279//1227
f 1279//1227 993//941 994//942
f 1078//1026 1077//1025 1310//1258
f 1310//1258 1077//1025 1306//1254
f 1310//1258 1306//1254 1311//1259
f 1311//1259 1306//1254 1315//1263
f 1311//1259 1315//1263 1312//1260
f 1312//1260 1315//1263 1316//1264
f 1312//1260 1316//1264 1313//1261
f 1313//1261 1316//1264 1317//1265
f 1318//1266 1317//1265 1319//1267
f 1319//1267 1317//1265 1316//1264
f 1319//1267 1316//1264 1320//1268
f 1320//1268 1316//1264 1315//1263
f 1320//1268 1315//1263 1307//1255
f 1307//1255 1315//1263 1306//1254
f 1307//1255 1306//1254 1082//1030
f 1082//1030 1306//1254 1080//1028
f 1081//1029 1108//1056 1307//1255
f 1307//1255 1108//1056 1309//1257
f 1307//1255 1309//1257 1320//1268
f 1320//1268 1309//1257 1321//1269
f 1320//1268 1321//1269 1319//1267
f 1319//1267 1321//1269 1322//1270
f 1319//1267 1322//1270 1318//1266
f 1318//1266 1322//1270 1323//1271
f 1084//1032 1090//1038 1324//1272
f 1324//1272 1090//1038 1325//1273
f 1324//1272 1325//1273 1326//1274
f 1326//1274 1325//1273 1327//1275
f 1326//1274 1327//1275 1328//1276
f 1328//1276 1327//1275 1329//1277
f 1328//1276 1329//1277 1330//1278
f 992//940 1331//1279 991//939
f 991//939 1331//1279 1332//1280
f 991//939 1332//1280 990//938
f 990//938 1332//1280 1333//1281
f 990//938 1333//1281 714//662
f 714//662 1333//1281 715//663
f 1278//1226 1276//1224 1334//1282
f 1334//1282 1276//1224 1335//1283
f 1334//1282 1335//1283 1336//1284
f 1336//1284 1335//1283 1337//1285
f 1336//1284 1337//1285 1338//1286
f 1338//1286 1337//1285 1339//1287
f 1338//1286 1339//1287 1340//1288
f 1340//1288 1339//1287 1341//1289
f 1340//1288 1341//1289 1342//1290
f 1342//1290 1341//1289 1343//1291
f 1342//1290 1343//1291 1330//1278
f 1330//1278 1343//1291 1344//1292
f 1330//1278 1344//1292 1328//1276
f 1328//1276 1344//1292 1345//1293
f 1328//1276 1345//1293 1326//1274
f 1326//1274 1345//1293 1308//1256
f 1326//1274 1308//1256 1324//1272
f 1324//1272 1308//1256 1085//1033
f 1324//1272 1085//1033 1084//1032
f 1090//1038 758//706 1325//1273
f 1325//1273 758//706 757//705
f 1325//1273 757//705 1327//1275
f 1327//1275 757//705 715//663
f 1327//1275 715//663 1329//1277
f 1329//1277 715//663 1333//1281
f 1329//1277 1333//1281 1330//1278
f 1330//1278 1333//1281 1332//1280
f 1330//1278 1332//1280 1342//1290
f 1342//1290 1332//1280 1331//1279
f 1342//1290 1331//1279 1340//1288
f 1340//1288 1331//1279 992//940
f 1340//1288 992//940 1338//1286
f 1338//1286 992//940 993//941
f 1338//1286 993//941 1336//1284
f 1336//1284 993//941 1314//1262
f 1336//1284 1314//1262 1334//1282
f 1334//1282 1314//1262 1279//1227
f 1334//1282 1279//1227 1278//1226
f 1276//1224 1274//1222 1335//1283
f 1335//1283 1274//1222 1313//1261
f 1335//1283 1313//1261 1337//1285
f 1337//1285 1313//1261 1317//1265
f 1337//1285 1317//1265 1339//1287
f 1339//1287 1317//1265 1318//1266
f 1339//1287 1318//1266 1341//1289
f 1341//1289 1318//1266 1323//1271
f 1341//1289 1323//1271 1343//1291
f 1343//1291 1323//1271 1322//1270
f 1343//1291 1322//1270 1344//1292
f 1344//1292 1322//1270 1321//1269
f 1344//1292 1321//1269 1345//1293
f 1345//1293 1321//1269 1309//1257
f 1345//1293 1309//1257 1308//1256
f 1308//1256 1309//1257 1107//1055
f 1308//1256 1107//1055 1087//1035
f 1346//1294 1347//1295 1348//1296
f 1349//1297 1350//1298 1351//1299
f 1062//1010 1352//1300 1353//1301
f 1354//1302 1060//1008 1061//1009
f 1355//1303 1056//1004 1055//1003
f 1356//1304 1050//998 1357//1305
f 1357//1305 1050//998 1054//1002
f 1058//1006 1358//1306 1059//1007
f 1059//1007 1358//1306 1359//1307
f 1059//1007 1359//1307 1047//995
f 1047//995 1359//1307 1360//1308
f 1047//995 1360//1308 1053//1001
f 1053//1001 1360//1308 1054//1002
f 1356//1304 727//675 1050//998
f 1050//998 727//675 726//674
f 1050//998 726//674 725//673
f 987//935 989//937 1361//1309
f 1361//1309 989//937 718//666
f 1361//1309 718//666 720//668
f 987//935 1362//1310 985//933
f 985//933 1362//1310 1363//1311
f 985//933 1363//1311 980//928
f 980//928 1363//1311 981//929
f 981//929 1363//1311 1364//1312
f 981//929 1364//1312 983//931
f 976//924 978//926 1365//1313
f 1365//1313 978//926 1366//1314
f 1365//1313 1366//1314 1367//1315
f 978//926 984//932 1366//1314
f 1366//1314 984//932 1348//1296
f 1366//1314 1348//1296 1367//1315
f 1367//1315 1348//1296 1347//1295
f 1367//1315 1347//1295 1368//1316
f 1368//1316 1347//1295 1346//1294
f 1369//1317 1370//1318 1346//1294
f 1346//1294 1370//1318 1371//1319
f 1346//1294 1371//1319 1368//1316
f 1372//1320 1373//1321 1374//1322
f 1374//1322 1373//1321 1375//1323
f 1374//1322 1375//1323 1376//1324
f 1376//1324 1375//1323 1353//1301
f 1376//1324 1353//1301 1377//1325
f 1377//1325 1353//1301 1352//1300
f 1378//1326 1349//1297 1379//1327
f 1054//1002 1360//1308 1357//1305
f 1357//1305 1360//1308 1359//1307
f 1357//1305 1359//1307 1380//1328
f 1380//1328 1359//1307 1358//1306
f 1380//1328 1358//1306 1378//1326
f 1349//1297 1351//1299 1379//1327
f 1379//1327 1351//1299 1381//1329
f 1379//1327 1381//1329 1382//1330
f 1382//1330 1381//1329 1383//1331
f 1382//1330 1383//1331 1384//1332
f 1384//1332 1383//1331 719//667
f 1384//1332 719//667 728//676
f 1378//1326 1379//1327 1380//1328
f 1380//1328 1379//1327 1382//1330
f 1380//1328 1382//1330 1357//1305
f 1357//1305 1382//1330 1384//1332
f 1357//1305 1384//1332 1356//1304
f 1356//1304 1384//1332 728//676
f 1356//1304 728//676 727//675
f 983//931 1364//1312 1385//1333
f 1385//1333 1364//1312 1386//1334
f 1385//1333 1386//1334 1387//1335
f 1387//1335 1386//1334 1388//1336
f 1387//1335 1388//1336 1389//1337
f 1389//1337 1388//1336 1390//1338
f 1389//1337 1390//1338 1373//1321
f 1373//1321 1390//1338 1391//1339
f 1373//1321 1391//1339 1375//1323
f 1375//1323 1391//1339 1354//1302
f 1375//1323 1354//1302 1353//1301
f 1353//1301 1354//1302 1061//1009
f 1353//1301 1061//1009 1062//1010
f 1372//1320 1392//1340 1373//1321
f 1373//1321 1392//1340 1369//1317
f 1373//1321 1369//1317 1389//1337
f 1389//1337 1369//1317 1346//1294
f 1389//1337 1346//1294 1387//1335
f 1387//1335 1346//1294 1348//1296
f 1387//1335 1348//1296 1385//1333
f 1385//1333 1348//1296 984//932
f 1385//1333 984//932 983//931
f 720//668 719//667 1361//1309
f 1361//1309 719//667 1383//1331
f 1361//1309 1383//1331 1393//1341
f 1393//1341 1383//1331 1381//1329
f 1393//1341 1381//1329 1394//1342
f 1394//1342 1381//1329 1351//1299
f 1394//1342 1351//1299 1395//1343
f 1395//1343 1351//1299 1350//1298
f 1395//1343 1350//1298 1396//1344
f 1396//1344 1350//1298 1349//1297
f 1396//1344 1349//1297 1397//1345
f 1397//1345 1349//1297 1378//1326
f 1397//1345 1378//1326 1398//1346
f 1398//1346 1378//1326 1358//1306
f 1398//1346 1358//1306 1355//1303
f 1355//1303 1358//1306 1058//1006
f 1355//1303 1058//1006 1056//1004
f 987//935 1361//1309 1362//1310
f 1362//1310 1361//1309 1393//1341
f 1362//1310 1393//1341 1363//1311
f 1363//1311 1393//1341 1394//1342
f 1363//1311 1394//1342 1364//1312
f 1364//1312 1394//1342 1395//1343
f 1364//1312 1395//1343 1386//1334
f 1386//1334 1395//1343 1396//1344
f 1386//1334 1396//1344 1388//1336
f 1388//1336 1396//1344 1397//1345
f 1388//1336 1397//1345 1390//1338
f 1390//1338 1397//1345 1398//1346
f 1390//1338 1398//1346 1391//1339
f 1391//1339 1398//1346 1355//1303
f 1391//1339 1355//1303 1354//1302
f 1354//1302 1355//1303 1055//1003
f 1354//1302 1055//1003 1060//1008
f 1305//1253 1301//1249 1399//1347
f 1113//1061 1118//1066 1400//1348
f 1401//1349 1117//1065 823//771
f 1300//1248 976//924 1365//1313
f 1305//1253 1399//1347 1304//1252
f 1402//1350 1172//1120 1403//1351
f 1403//1351 1172//1120 1124//1072
f 1403//1351 1124//1072 1299//1247
f 1177//1125 1175//1123 1402//1350
f 1402//1350 1175//1123 1173//1121
f 1402//1350 1173//1121 1172//1120
f 1402//1350 1404//1352 1177//1125
f 1177//1125 1404//1352 1405//1353
f 1177//1125 1405//1353 1179//1127
f 1179//1127 1405//1353 1406//1354
f 1179//1127 1406//1354 1180//1128
f 1407//1355 1138//1086 1406//1354
f 1406//1354 1138//1086 1137//1085
f 1406//1354 1137//1085 1180//1128
f 823//771 1134//1082 1401//1349
f 1401//1349 1134//1082 1136//1084
f 1401//1349 1136//1084 1407//1355
f 1407//1355 1136//1084 1140//1088
f 1407//1355 1140//1088 1138//1086
f 1408//1356 1409//1357 1374//1322
f 1374//1322 1376//1324 1408//1356
f 1408//1356 1376//1324 1377//1325
f 1408//1356 1377//1325 1114//1062
f 1114//1062 1377//1325 1352//1300
f 1114//1062 1352//1300 1062//1010
f 1301//1249 1300//1248 1399//1347
f 1399//1347 1300//1248 1410//1358
f 1399//1347 1410//1358 1411//1359
f 1411//1359 1410//1358 1412//1360
f 1411//1359 1412//1360 1413//1361
f 1413//1361 1412//1360 1414//1362
f 1413//1361 1414//1362 1415//1363
f 1415//1363 1414//1362 1416//1364
f 1415//1363 1416//1364 1417//1365
f 1417//1365 1416//1364 1418//1366
f 1417//1365 1418//1366 1419//1367
f 1419//1367 1418//1366 1409//1357
f 1419//1367 1409//1357 1400//1348
f 1400//1348 1409//1357 1408//1356
f 1400//1348 1408//1356 1113//1061
f 1113//1061 1408//1356 1114//1062
f 1300//1248 1365//1313 1410//1358
f 1410//1358 1365//1313 1367//1315
f 1410//1358 1367//1315 1412//1360
f 1412//1360 1367//1315 1368//1316
f 1412//1360 1368//1316 1414//1362
f 1414//1362 1368//1316 1371//1319
f 1414//1362 1371//1319 1416//1364
f 1371//1319 1370//1318 1416//1364
f 1416//1364 1370//1318 1369//1317
f 1416//1364 1369//1317 1418//1366
f 1418//1366 1369//1317 1392//1340
f 1418//1366 1392//1340 1409//1357
f 1409//1357 1392//1340 1372//1320
f 1409//1357 1372//1320 1374//1322
f 1299//1247 1304//1252 1403//1351
f 1403//1351 1304//1252 1399//1347
f 1403//1351 1399//1347 1402//1350
f 1402//1350 1399//1347 1411//1359
f 1402//1350 1411//1359 1404//1352
f 1404//1352 1411//1359 1413//1361
f 1404//1352 1413//1361 1405//1353
f 1405//1353 1413//1361 1415//1363
f 1405//1353 1415//1363 1406//1354
f 1406//1354 1415//1363 1417//1365
f 1406//1354 1417//1365 1407//1355
f 1407//1355 1417//1365 1419//1367
f 1407//1355 1419//1367 1401//1349
f 1401//1349 1419//1367 1400//1348
f 1401//1349 1400//1348 1117//1065
f 1117//1065 1400//1348 1118//1066
f 861//809 859//807 1420//1368
f 1227//1175 862//810 861//809
f 1421//1369 1230//1178 1228//1176
f 1234//1182 1232//1180 1422//1370
f 1422//1370 1232//1180 1230//1178
f 1422//1370 1230//1178 1423//1371
f 1423//1371 1230//1178 1421//1369
f 1423//1371 1421//1369 1424//1372
f 1225//1173 1223//1171 1425//1373
f 1425//1373 1223//1171 1221//1169
f 1225//1173 1425//1373 1266//1214
f 1266//1214 1425//1373 1426//1374
f 1266//1214 1426//1374 1297//1245
f 1297//1245 1426//1374 1427//1375
f 1297//1245 1427//1375 1296//1244
f 1296//1244 1427//1375 1428//1376
f 1296//1244 1428//1376 1295//1243
f 975//923 1292//1240 1189//1137
f 1189//1137 1292//1240 1429//1377
f 1189//1137 1429//1377 1207//1155
f 1430//1378 1213//1161 1212//1160
f 1215//1163 1431//1379 1195//1143
f 1195//1143 1431//1379 1432//1380
f 1195//1143 1432//1380 1193//1141
f 1193//1141 1432//1380 1191//1139
f 1432//1380 1433//1381 1191//1139
f 1191//1139 1433//1381 860//808
f 1191//1139 860//808 854//802
f 1420//1368 859//807 1434//1382
f 1236//1184 1234//1182 1435//1383
f 1435//1383 1234//1182 1422//1370
f 1435//1383 1422//1370 1436//1384
f 1436//1384 1422//1370 1423//1371
f 1436//1384 1423//1371 1437//1385
f 1437//1385 1423//1371 1424//1372
f 1437//1385 1424//1372 1438//1386
f 1294//1242 1295//1243 1439//1387
f 1439//1387 1295//1243 1428//1376
f 1439//1387 1428//1376 1440//1388
f 1440//1388 1428//1376 1427//1375
f 1440//1388 1427//1375 1441//1389
f 1441//1389 1427//1375 1426//1374
f 1441//1389 1426//1374 1442//1390
f 1442//1390 1426//1374 1425//1373
f 1442//1390 1425//1373 1443//1391
f 1443//1391 1425//1373 1221//1169
f 1443//1391 1221//1169 1219//1167
f 1214//1162 1213//1161 1444//1392
f 1444//1392 1213//1161 1430//1378
f 1444//1392 1430//1378 1445//1393
f 1446//1394 1445//1393 1447//1395
f 1447//1395 1445//1393 1430//1378
f 1447//1395 1430//1378 1448//1396
f 1448//1396 1430//1378 1212//1160
f 1448//1396 1212//1160 1211//1159
f 1438//1386 1446//1394 1449//1397
f 1449//1397 1446//1394 1447//1395
f 1449//1397 1447//1395 1450//1398
f 1450//1398 1447//1395 1448//1396
f 1450//1398 1448//1396 1429//1377
f 1429//1377 1448//1396 1211//1159
f 1429//1377 1211//1159 1207//1155
f 1293//1241 1294//1242 1451//1399
f 1451//1399 1294//1242 1439//1387
f 1451//1399 1439//1387 1452//1400
f 1452//1400 1439//1387 1440//1388
f 1452//1400 1440//1388 1453//1401
f 1453//1401 1440//1388 1441//1389
f 1453//1401 1441//1389 1454//1402
f 1454//1402 1441//1389 1442//1390
f 1454//1402 1442//1390 1455//1403
f 1455//1403 1442//1390 1443//1391
f 1455//1403 1443//1391 1456//1404
f 1456//1404 1443//1391 1219//1167
f 1456//1404 1219//1167 1237//1185
f 1292//1240 1293//1241 1429//1377
f 1429//1377 1293//1241 1451//1399
f 1429//1377 1451//1399 1450//1398
f 1450//1398 1451//1399 1452//1400
f 1450//1398 1452//1400 1449//1397
f 1449//1397 1452//1400 1453//1401
f 1449//1397 1453//1401 1438//1386
f 1438//1386 1453//1401 1454//1402
f 1438//1386 1454//1402 1437//1385
f 1437//1385 1454//1402 1455//1403
f 1437//1385 1455//1403 1436//1384
f 1436//1384 1455//1403 1456//1404
f 1436//1384 1456//1404 1435//1383
f 1435//1383 1456//1404 1237//1185
f 1435//1383 1237//1185 1236//1184
f 859//807 858//806 1434//1382
f 1434//1382 858//806 856//804
f 1434//1382 856//804 1433//1381
f 1433//1381 856//804 855//803
f 1433//1381 855//803 860//808
f 1457//1405 1458//1406 1459//1407
f 1459//1407 1458//1406 1460//1408
f 1459//1407 1460//1408 1461//1409
f 1461//1409 1460//1408 1462//1410
f 1461//1409 1462//1410 1463//1411
f 1457//1405 1420//1368 1458//1406
f 1458//1406 1420//1368 1434//1382
f 1458//1406 1434//1382 1460//1408
f 1460//1408 1434//1382 1433//1381
f 1460//1408 1433//1381 1462//1410
f 1462//1410 1433//1381 1432//1380
f 1462//1410 1432//1380 1463//1411
f 1463//1411 1432//1380 1431//1379
f 1227//1175 861//809 1228//1176
f 1228//1176 861//809 1420//1368
f 1228//1176 1420//1368 1421//1369
f 1421//1369 1420//1368 1457//1405
f 1421//1369 1457//1405 1424//1372
f 1424//1372 1457//1405 1459//1407
f 1424//1372 1459//1407 1438//1386
f 1438//1386 1459//1407 1461//1409
f 1438//1386 1461//1409 1446//1394
f 1446//1394 1461//1409 1463//1411
f 1446//1394 1463//1411 1445//1393
f 1445//1393 1463//1411 1431//1379
f 1445//1393 1431//1379 1444//1392
f 1444//1392 1431//1379 1215//1163
f 1444//1392 1215//1163 1214//1162
f 120//68 1464//1412 122//70
f 122//70 1464//1412 1465//1413
f 312//260 380//328 311//259
f 311//259 380//328 389//337
f 311//259 389//337 310//258
f 310//258 389//337 388//336
f 310//258 388//336 434//382
f 168//116 167//115 115//63
f 115//63 167//115 257//205
f 168//116 115//63 191//139
f 191//139 115//63 121//69
f 191//139 121//69 161//109
f 257//205 255//203 115//63
f 115//63 255//203 253//201
f 115//63 253//201 252//200
f 161//109 121//69 162//110
f 162//110 121//69 229//177
f 162//110 229//177 235//183
f 235//183 229//177 231//179
f 235//183 231//179 233//181
f 1466//1414 294//242 296//244
f 1467//1415 380//328 1468//1416
f 1468//1416 380//328 312//260
f 1468//1416 312//260 1466//1414
f 1466//1414 312//260 292//240
f 1466//1414 292//240 294//242
f 377//325 379//327 1469//1417
f 379//327 385//333 1469//1417
f 1469//1417 385//333 383//331
f 1469//1417 383//331 1467//1415
f 1467//1415 383//331 381//329
f 1467//1415 381//329 380//328
f 296//244 299//247 1466//1414
f 1466//1414 299//247 301//249
f 1466//1414 301//249 1470//1418
f 1470//1418 301//249 303//251
f 303//251 305//253 1470//1418
f 1470//1418 305//253 307//255
f 1470//1418 307//255 287//235
f 287//235 307//255 306//254
f 287//235 306//254 288//236
f 1471//1419 372//320 1469//1417
f 1469//1417 372//320 375//323
f 1469//1417 375//323 377//325
f 277//225 365//313 278//226
f 278//226 365//313 364//312
f 364//312 366//314 278//226
f 278//226 366//314 368//316
f 278//226 368//316 1471//1419
f 1471//1419 368//316 370//318
f 1471//1419 370//318 372//320
f 1472//1420 120//68 1473//1421
f 1473//1421 120//68 119//67
f 1474//1422 123//71 1475//1423
f 1475//1423 123//71 122//70
f 1476//1424 1477//1425 465//413
f 18//18 20//20 4//4
f 279//227 278//226 1478//1426
f 465//413 451//399 1476//1424
f 1476//1424 451//399 458//406
f 1476//1424 458//406 1479//1427
f 1477//1425 1480//1428 465//413
f 465//413 1480//1428 1481//1426
f 465//413 1481//1426 157//105
f 4//4 20//20 1//1
f 1//1 20//20 22//22
f 1//1 22//22 98//56
f 146//94 144//92 1482//1427
f 1482//1427 144//92 150//98
f 1482//1427 150//98 1481//1426
f 1481//1426 150//98 155//103
f 1481//1426 155//103 157//105
f 22//22 24//24 98//56
f 98//56 24//24 26//26
f 98//56 26//26 104//62
f 104//62 26//26 28//28
f 36//20 28//28 1483//1429
f 36//20 107//47 28//28
f 28//28 107//47 105//45
f 28//28 105//45 104//62
f 1482//1427 1484//1424 146//94
f 146//94 1484//1424 1485//1425
f 146//94 1485//1425 1486//1430
f 1486//1430 1485//1425 14//14
f 1486//1430 14//14 11//11
f 11//11 14//14 16//16
f 11//11 16//16 9//9
f 9//9 16//16 18//18
f 9//9 18//18 6//6
f 6//6 18//18 4//4
f 1477//1425 30//14 1480//1428
f 1480//1428 30//14 32//16
f 1480//1428 32//16 1483//1429
f 1483//1429 32//16 34//18
f 1483//1429 34//18 36//20
f 1487//1431 1488//1428 1469//1417
f 1478//1426 278//226 1488//1428
f 1488//1428 278//226 1471//1419
f 1488//1428 1471//1419 1469//1417
f 36//20 38//22 107//47
f 107//47 38//22 40//24
f 107//47 40//24 109//49
f 109//49 40//24 42//26
f 109//49 42//26 111//51
f 111//51 42//26 44//28
f 111//51 44//28 113//53
f 113//53 44//28 1489//1432
f 1489//1432 44//28 1487//1431
f 1489//1432 1487//1431 1490//1433
f 1490//1433 1487//1431 1469//1417
f 1490//1433 1469//1417 1467//1415
f 458//406 456//404 1479//1427
f 1479//1427 456//404 453//401
f 1479//1427 453//401 1478//1426
f 1478//1426 453//401 281//229
f 1478//1426 281//229 279//227
f 74//17 1491//1434 72//19
f 72//19 1491//1434 1492//1435
f 72//19 1492//1435 70//21
f 94//52 62//29 64//27
f 1492//1435 46//32 70//21
f 70//21 46//32 85//43
f 70//21 85//43 68//23
f 68//23 85//43 86//44
f 68//23 86//44 66//25
f 448//396 444//392 1491//1434
f 1491//1434 444//392 439//387
f 1491//1434 439//387 438//386
f 74//17 76//30 1491//1434
f 1491//1434 76//30 1493//1436
f 1491//1434 1493//1436 448//396
f 86//44 88//46 66//25
f 66//25 88//46 90//48
f 66//25 90//48 64//27
f 64//27 90//48 92//50
f 64//27 92//50 94//52
f 1494//1437 136//84 1495//1438
f 1495//1438 136//84 127//75
f 1495//1438 127//75 1496//1439
f 1496//1439 127//75 132//80
f 1496//1439 132//80 60//34
f 60//34 132//80 1497//1440
f 60//34 1497//1440 58//17
f 58//17 1497//1440 1498//1441
f 58//17 1498//1441 56//19
f 56//19 1498//1441 1499//1442
f 56//19 1499//1442 54//21
f 54//21 1499//1442 1500//1443
f 54//21 1500//1443 52//23
f 52//23 1500//1443 1501//1444
f 52//23 1501//1444 50//25
f 50//25 1501//1444 85//43
f 50//25 85//43 48//27
f 48//27 85//43 46//32
f 438//386 436//384 1491//1434
f 1491//1434 436//384 141//89
f 1491//1434 141//89 1494//1437
f 1494//1437 141//89 139//87
f 1494//1437 139//87 136//84
f 1502//1445 1468//1416 1466//1414
f 94//52 96//54 62//29
f 62//29 96//54 1503//1446
f 62//29 1503//1446 1504//1447
f 1503//1446 1502//1445 1504//1447
f 1504//1447 1502//1445 1466//1414
f 1504//1447 1466//1414 1505//1448
f 1505//1448 1466//1414 1470//1418
f 1505//1448 1470//1418 1506//1449
f 1506//1449 1470//1418 287//235
f 1493//1436 1507//1450 448//396
f 448//396 1507//1450 1508//1451
f 448//396 1508//1451 284//232
f 284//232 1508//1451 1506//1449
f 284//232 1506//1449 285//233
f 285//233 1506//1449 287//235
f 123//71 1474//1422 125//73
f 125//73 1474//1422 1497//1440
f 125//73 1497//1440 132//80
f 1473//1421 119//67 1486//1430
f 1486//1430 119//67 117//65
f 1486//1430 117//65 146//94
f 122//70 1465//1413 1509//1452
f 1509//1452 1465//1413 1510//1453
f 1511//1454 1512//1424 1513//1425
f 122//70 1509//1452 1475//1423
f 1475//1423 1509//1452 1514//1455
f 1475//1423 1514//1455 1515//1456
f 79//37 49//26 81//39
f 81//39 49//26 47//33
f 1516//1429 1517//1428 1518//1457
f 1517//1428 1519//1426 1518//1457
f 1518//1457 1519//1426 1520//1427
f 1518//1457 1520//1427 1465//1413
f 1465//1413 1520//1427 1512//1424
f 1465//1413 1512//1424 1510//1453
f 1510//1453 1512//1424 1511//1454
f 89//47 87//45 47//33
f 47//33 87//45 84//42
f 47//33 84//42 81//39
f 1513//1425 77//14 1511//1454
f 1511//1454 77//14 75//16
f 1511//1454 75//16 1521//1458
f 1521//1458 75//16 73//18
f 1521//1458 73//18 47//33
f 47//33 73//18 71//20
f 47//33 71//20 89//47
f 1514//1455 61//35 1515//1456
f 1515//1456 61//35 59//16
f 1515//1456 59//16 1522//1459
f 1522//1459 59//16 57//18
f 1522//1459 57//18 1523//1460
f 1523//1460 57//18 55//20
f 1523//1460 55//20 1524//1461
f 1524//1461 55//20 53//22
f 1524//1461 53//22 79//37
f 79//37 53//22 51//24
f 79//37 51//24 49//26
f 71//20 69//22 89//47
f 89//47 69//22 67//24
f 89//47 67//24 91//49
f 91//49 67//24 65//26
f 91//49 65//26 93//51
f 93//51 65//26 63//28
f 1518//1457 1525//1433 1516//1429
f 1516//1429 1525//1433 1526//1432
f 1516//1429 1526//1432 63//28
f 63//28 1526//1432 95//53
f 63//28 95//53 93//51
f 114//54 113//53 1489//1432
f 114//54 1489//1432 1527//1446
f 1527//1446 1489//1432 1490//1433
f 1527//1446 1490//1433 1528//1462
f 1528//1462 1490//1433 1529//1463
f 1529//1463 1490//1433 1467//1415
f 1529//1463 1467//1415 1518//1457
f 1518//1457 1467//1415 1468//1416
f 1518//1457 1468//1416 1525//1433
f 1468//1416 1502//1445 1525//1433
f 1525//1433 1502//1445 1503//1446
f 1525//1433 1503//1446 1526//1432
f 1526//1432 1503//1446 96//54
f 1526//1432 96//54 95//53
f 79//37 78//36 1524//1461
f 1524//1461 78//36 1530//1464
f 76//30 77//14 1493//1436
f 1493//1436 77//14 1513//1425
f 1493//1436 1513//1425 1507//1450
f 1507//1450 1513//1425 1512//1424
f 1507//1450 1512//1424 1508//1451
f 1508//1451 1512//1424 1520//1427
f 1508//1451 1520//1427 1506//1449
f 1506//1449 1520//1427 1519//1426
f 1506//1449 1519//1426 1505//1448
f 1505//1448 1519//1426 1517//1428
f 1505//1448 1517//1428 1504//1447
f 1504//1447 1517//1428 1516//1429
f 1504//1447 1516//1429 62//29
f 62//29 1516//1429 63//28
f 60//34 61//35 1496//1439
f 1496//1439 61//35 1514//1455
f 1496//1439 1514//1455 1495//1438
f 1495//1438 1514//1455 1509//1452
f 1495//1438 1509//1452 1494//1437
f 1494//1437 1509//1452 1510//1453
f 1494//1437 1510//1453 1491//1434
f 1491//1434 1510//1453 1511//1454
f 1491//1434 1511//1454 1492//1435
f 1492//1435 1511//1454 1521//1458
f 1492//1435 1521//1458 46//32
f 46//32 1521//1458 47//33
f 1531//1465 2//2 102//60
f 102//60 2//2 103//61
f 44//28 45//29 1487//1431
f 1487//1431 45//29 1532//1447
f 1487//1431 1532//1447 1488//1428
f 1488//1428 1532//1447 1533//1448
f 1488//1428 1533//1448 1478//1426
f 1478//1426 1533//1448 1534//1449
f 1478//1426 1534//1449 1479//1427
f 1479//1427 1534//1449 1535//1451
f 1479//1427 1535//1451 1476//1424
f 1476//1424 1535//1451 1536//1450
f 1476//1424 1536//1450 1477//1425
f 1477//1425 1536//1450 1537//1436
f 1477//1425 1537//1436 30//14
f 30//14 1537//1436 31//30
f 28//28 29//29 1483//1429
f 1483//1429 29//29 1538//1447
f 1483//1429 1538//1447 1480//1428
f 1480//1428 1538//1447 1539//1448
f 1480//1428 1539//1448 1481//1426
f 1481//1426 1539//1448 1540//1449
f 1481//1426 1540//1449 1482//1427
f 1482//1427 1540//1449 1541//1451
f 1482//1427 1541//1451 1484//1424
f 1484//1424 1541//1451 1542//1450
f 1484//1424 1542//1450 1485//1425
f 1485//1425 1542//1450 1543//1436
f 1485//1425 1543//1436 14//14
f 14//14 1543//1436 15//15
f 1518//1457 1465//1413 1529//1463
f 1529//1463 1465//1413 1464//1412
f 39//23 37//21 102//60
f 102//60 99//57 39//23
f 39//23 99//57 100//58
f 39//23 100//58 41//25
f 1464//1412 1541//1451 1540//1449
f 1537//1436 1536//1450 1464//1412
f 1464//1412 1536//1450 1535//1451
f 1464//1412 1535//1451 1529//1463
f 1535//1451 1534//1449 1529//1463
f 1529//1463 1534//1449 1533//1448
f 1529//1463 1533//1448 1528//1462
f 1528//1462 1533//1448 1532//1447
f 1528//1462 1532//1447 1527//1446
f 1527//1446 1532//1447 45//29
f 43//27 112//52 45//29
f 45//29 112//52 114//54
f 45//29 114//54 1527//1446
f 1537//1436 1464//1412 31//30
f 31//30 1464//1412 1540//1449
f 31//30 1540//1449 33//31
f 33//31 1540//1449 1539//1448
f 33//31 1539//1448 35//19
f 35//19 1539//1448 1538//1447
f 35//19 1538//1447 37//21
f 37//21 1538//1447 29//29
f 37//21 29//29 102//60
f 29//29 27//27 102//60
f 102//60 27//27 25//25
f 102//60 25//25 1531//1465
f 1531//1465 25//25 23//23
f 1531//1465 23//23 1544//1466
f 1544//1466 23//23 21//21
f 1544//1466 21//21 1545//1467
f 1545//1467 21//21 19//19
f 1545//1467 19//19 1546//1468
f 1546//1468 19//19 17//17
f 1546//1468 17//17 1472//1420
f 1472//1420 17//17 15//15
f 1472//1420 15//15 120//68
f 120//68 15//15 1543//1436
f 120//68 1543//1436 1464//1412
f 1464//1412 1543//1436 1542//1450
f 1464//1412 1542//1450 1541//1451
f 100//58 106//46 41//25
f 41//25 106//46 108//48
f 41//25 108//48 43//27
f 43//27 108//48 110//50
f 43//27 110//50 112//52
f 2//2 1531//1465 3//3
f 3//3 1531//1465 1544//1466
f 3//3 1544//1466 5//5
f 5//5 1544//1466 7//7
f 7//7 1544//1466 1545//1467
f 7//7 1545//1467 8//8
f 8//8 1545//1467 13//13
f 13//13 1545//1467 1546//1468
f 13//13 1546//1468 12//12
f 12//12 1546//1468 10//10
f 10//10 1546//1468 1472//1420
f 10//10 1472//1420 1473//1421
f 1524//1461 1530//1464 1547//1469
f 1524//1461 1547//1469 1523//1460
f 1523//1460 1547//1469 1548//1470
f 1523//1460 1548//1470 1522//1459
f 1522//1459 1548//1470 1549//1471
f 1522//1459 1549//1471 1515//1456
f 1515//1456 1549//1471 1474//1422
f 1515//1456 1474//1422 1475//1423
f 83//41 85//43 1501//1444
f 1501//1444 1530//1464 78//36
f 78//36 80//38 1501//1444
f 1501//1444 80//38 82//40
f 1501//1444 82//40 83//41
f 1497//1440 1474//1422 1549//1471
f 1497//1440 1549//1471 1498//1441
f 1498//1441 1549//1471 1548//1470
f 1498//1441 1548//1470 1499//1442
f 1499//1442 1548//1470 1547//1469
f 1499//1442 1547//1469 1500//1443
f 1500//1443 1547//1469 1530//1464
f 1500//1443 1530//1464 1501//1444
f 10//10 1473//1421 11//11
f 11//11 1473//1421 1486//1430
f 2//2 1//1 103//61
f 103//61 1//1 98//56
f 103//61 98//56 101//59
f 101//59 98//56 97//55
