# Blender 5.2.1 LTS
# www.blender.org
o right_index_2
v -0.004900 0.011654 -0.004194
v -0.004674 0.011434 -0.006109
v -0.000093 0.006969 -0.003840
v -0.000093 0.006969 -0.006160
v 0.000207 0.006676 -0.003849
v 0.000332 0.006554 -0.006138
v 0.000329 0.006557 -0.003861
v 0.000540 0.006352 -0.006103
v 0.000676 0.006219 -0.006066
v -0.004865 0.011621 -0.004034
v -0.004886 0.011641 -0.004090
v -0.004899 0.011653 -0.004166
v -0.004834 0.011589 -0.003981
v -0.004674 0.011434 -0.003891
v -0.004786 0.011543 -0.003932
v 0.000893 0.006008 -0.005942
v 0.000913 0.005988 -0.005901
v 0.000858 0.006042 -0.005977
v 0.000915 0.005986 -0.005878
v 0.000915 0.005986 -0.004122
v 0.000909 0.005992 -0.004088
v 0.000893 0.006008 -0.004058
v -0.004875 0.011630 -0.005943
v -0.004805 0.011561 -0.006052
v -0.004900 0.011654 -0.005806
v -0.004752 0.011510 -0.006089
v -0.004706 0.011465 -0.006105
v 0.000755 0.006142 -0.003963
v -0.008193 0.004981 -0.005000
v -0.008193 0.004981 -0.004995
v -0.008225 0.004944 -0.004992
v -0.008367 0.004972 -0.005000
v -0.008367 0.004972 -0.005010
v -0.008332 0.004939 -0.005011
v -0.008367 0.004972 -0.004990
v -0.008193 0.004981 -0.005005
v -0.008277 0.004926 -0.005011
v -0.008249 0.004931 -0.005009
v -0.008277 0.004926 -0.004989
v -0.008249 0.004931 -0.004991
v -0.008225 0.004944 -0.005008
v -0.008306 0.004928 -0.005011
v -0.008306 0.004928 -0.004989
v -0.008332 0.004939 -0.004989
v -0.008855 0.005756 -0.004990
v -0.009330 0.006549 -0.004990
v -0.009330 0.006549 -0.005010
v -0.008855 0.005756 -0.005010
v -0.009339 0.006733 -0.004990
v -0.007246 0.011242 -0.004990
v -0.009339 0.006734 -0.005000
v -0.007246 0.011242 -0.005010
v -0.009339 0.006733 -0.005010
v -0.000275 0.025435 -0.004990
v -0.000275 0.025435 -0.005010
v -0.001487 0.023119 -0.004990
v -0.001487 0.023119 -0.005010
v -0.002092 0.021918 -0.004990
v -0.002092 0.021918 -0.005010
v -0.002657 0.020782 -0.004990
v -0.002657 0.020782 -0.005010
v -0.003840 0.018373 -0.004990
v -0.003840 0.018373 -0.005010
v -0.004947 0.016083 -0.004990
v -0.004947 0.016083 -0.005010
v 0.002096 0.028633 -0.005000
v 0.002097 0.028633 -0.005010
v 0.001390 0.027910 -0.005010
v 0.002097 0.028633 -0.004990
v 0.001390 0.027910 -0.004990
v 0.001146 0.027613 -0.004990
v 0.001146 0.027613 -0.005010
v 0.000776 0.027119 -0.004990
v 0.000776 0.027119 -0.005010
v 0.000470 0.026671 -0.004990
v 0.000470 0.026671 -0.005010
v 0.004944 0.002437 -0.004990
v 0.004367 0.000891 -0.004990
v 0.004944 0.002437 -0.005000
v 0.004367 0.000891 -0.005010
v 0.004944 0.002437 -0.005010
v 0.004251 0.000598 -0.004990
v 0.004251 0.000598 -0.005010
v 0.004130 0.000419 -0.004988
v 0.004130 0.000419 -0.005012
v 0.003944 0.000308 -0.004989
v 0.003944 0.000308 -0.005011
v 0.003620 -0.000030 -0.004990
v 0.003620 -0.000030 -0.005010
v 0.003740 0.000179 -0.005012
v 0.003740 0.000179 -0.004988
v 0.003603 -0.000091 -0.005010
v 0.003603 -0.000091 -0.005000
v 0.003603 -0.000091 -0.004990
v -0.007099 0.002562 -0.003556
v -0.007099 0.002562 -0.003550
v -0.007065 0.002777 -0.003556
v -0.007052 0.002547 -0.003642
v -0.007017 0.003002 -0.003659
v -0.007004 0.002534 -0.003655
v -0.006981 0.003008 -0.003667
v -0.007192 0.003428 -0.003667
v -0.007161 0.003449 -0.003675
v -0.007094 0.002560 -0.003589
v -0.007073 0.002994 -0.003600
v -0.007052 0.002997 -0.003636
v -0.007060 0.002776 -0.003594
v -0.007038 0.002774 -0.003631
v -0.007087 0.002557 -0.003605
v -0.007073 0.002553 -0.003625
v -0.007079 0.002994 -0.003561
v -0.007138 0.003202 -0.003566
v -0.007133 0.003204 -0.003604
v -0.007113 0.003211 -0.003640
v -0.007220 0.003409 -0.003643
v -0.007238 0.003397 -0.003607
v -0.007242 0.003395 -0.003570
v -0.007282 0.003626 -0.003678
v -0.007363 0.003572 -0.003573
v -0.007483 0.003750 -0.003575
v -0.007478 0.003753 -0.003613
v -0.007461 0.003764 -0.003649
v -0.007432 0.003783 -0.003673
v -0.007401 0.003803 -0.003681
v -0.007700 0.004253 -0.003688
v -0.008041 0.004676 -0.003677
v -0.008026 0.004686 -0.003687
v -0.008010 0.004696 -0.003693
v -0.007994 0.004706 -0.003695
v -0.008077 0.004654 -0.003590
v -0.008073 0.004657 -0.003628
v -0.008054 0.004668 -0.003663
v -0.008162 0.004994 -0.003880
v -0.008144 0.005006 -0.003864
v -0.008130 0.004980 -0.003824
v -0.008238 0.004896 -0.003682
v -0.008255 0.004921 -0.003706
v -0.008230 0.004896 -0.003734
v -0.008133 0.004740 -0.003601
v -0.008316 0.005003 -0.003840
v -0.008340 0.005027 -0.003996
v -0.008283 0.004971 -0.003851
v -0.008305 0.004993 -0.003995
v -0.008260 0.004962 -0.003862
v -0.008279 0.004983 -0.003995
v -0.008233 0.004960 -0.003871
v -0.008145 0.004964 -0.003827
v -0.008123 0.004923 -0.003782
v -0.008164 0.004949 -0.003827
v -0.008143 0.004909 -0.003781
v -0.008166 0.004899 -0.003776
v -0.008165 0.005036 -0.003974
v -0.008173 0.005013 -0.003938
v -0.008192 0.004995 -0.003938
v -0.008211 0.004892 -0.003751
v -0.008189 0.004893 -0.003766
v -0.008206 0.004966 -0.003877
v -0.008181 0.004978 -0.003880
v -0.008156 0.004786 -0.003657
v -0.008143 0.004786 -0.003676
v -0.008127 0.004790 -0.003694
v -0.008108 0.004797 -0.003707
v -0.008089 0.004806 -0.003715
v -0.008070 0.004817 -0.003718
v -0.008053 0.004829 -0.003717
v -0.008166 0.005036 -0.004001
v -0.008179 0.005016 -0.003999
v -0.008198 0.004999 -0.003998
v -0.008223 0.004986 -0.003997
v -0.008217 0.004983 -0.003936
v -0.008250 0.004980 -0.003996
v -0.008111 0.004945 -0.003786
v -0.008089 0.004902 -0.003753
v -0.009280 0.006736 -0.004000
v -0.009351 0.006697 -0.004989
v -0.009284 0.006727 -0.004000
v -0.009356 0.006672 -0.004988
v -0.009298 0.006640 -0.004001
v -0.009354 0.006681 -0.004988
v -0.009353 0.006688 -0.004989
v -0.009356 0.006664 -0.004988
v -0.009357 0.006647 -0.004988
v -0.009357 0.006640 -0.004988
v -0.009271 0.006552 -0.004006
v -0.009164 0.006459 -0.003135
v -0.009189 0.006549 -0.003117
v -0.009170 0.006642 -0.003105
v -0.008998 0.006448 -0.002222
v -0.009021 0.006356 -0.002243
v -0.008997 0.006266 -0.002274
v -0.008295 0.005431 -0.000553
v -0.007974 0.004984 -0.000161
v -0.007941 0.005020 -0.000143
v -0.008316 0.005386 -0.000585
v -0.008008 0.004918 -0.000216
v -0.007978 0.004978 -0.000165
v -0.008838 0.006180 -0.001598
v -0.008592 0.005846 -0.001027
v -0.008732 0.006110 -0.001358
v -0.008818 0.006223 -0.001584
v -0.008274 0.005485 -0.000545
v -0.008434 0.005707 -0.000782
v -0.008566 0.005888 -0.001009
v -0.008012 0.004892 -0.000247
v -0.008321 0.005343 -0.000626
v -0.008607 0.005756 -0.001087
v -0.008606 0.005800 -0.001054
v -0.008847 0.006132 -0.001617
v -0.008005 0.004861 -0.000295
v -0.008311 0.005308 -0.000670
v -0.008597 0.005722 -0.001129
v -0.008827 0.006045 -0.001664
v -0.008925 0.006175 -0.001987
v -0.007666 0.004371 0.000054
v -0.007312 0.003865 0.000359
v -0.007315 0.003894 0.000418
v -0.007298 0.003935 0.000472
v -0.007263 0.003981 0.000511
v -0.007216 0.004024 0.000530
v -0.007397 0.004274 0.000384
v -0.006688 0.003320 0.000855
v -0.006533 0.003137 0.000924
v -0.006582 0.003088 0.000909
v -0.006598 0.003069 0.000896
v -0.006622 0.003039 0.000868
v -0.006637 0.003012 0.000832
v -0.006643 0.002999 0.000808
v -0.006643 0.002975 0.000742
v -0.004587 0.002471 0.001261
v -0.004601 0.002546 0.001267
v -0.005367 0.002491 0.001199
v -0.006230 0.002660 0.001000
v -0.006247 0.002615 0.000938
v -0.006197 0.002719 0.001041
v -0.006155 0.002778 0.001053
v -0.005972 0.002659 0.001099
v -0.004572 0.002398 0.001221
v -0.005135 0.002410 0.001218
v -0.005129 0.002336 0.001178
v -0.005694 0.002466 0.001148
v -0.005985 0.002502 0.001058
v -0.005706 0.002394 0.001108
v -0.006161 0.002532 0.000888
v -0.005995 0.002454 0.000994
v -0.005709 0.002343 0.001043
v -0.004550 0.002331 0.001080
v -0.004558 0.002348 0.001154
v -0.004989 0.002273 0.001048
v -0.005120 0.002285 0.001112
v -0.005703 0.002322 0.000970
v -0.005468 0.002278 0.001000
v -0.005112 0.002266 0.001037
v -0.005676 0.002540 0.001156
v -0.003975 0.002715 0.001297
v -0.003609 0.002654 0.001189
v -0.003847 0.002530 0.001110
v -0.003266 0.002820 0.001116
v -0.003170 0.002902 0.001188
v -0.002770 0.003183 0.001098
v -0.004462 0.002348 0.001085
v -0.002901 0.003354 0.001287
v -0.003423 0.002978 0.001305
v -0.002882 0.003332 0.001287
v -0.003236 0.003004 0.001295
v -0.002783 0.003210 0.001191
v -0.002806 0.003241 0.001238
v -0.003197 0.002944 0.001255
v -0.002824 0.003264 0.001259
v -0.002852 0.003297 0.001278
v -0.003631 0.002699 0.001255
v -0.003663 0.002764 0.001296
v -0.002183 0.003630 0.001122
v -0.002204 0.003674 0.001187
v -0.002178 0.003611 0.001048
v -0.001509 0.003935 0.000992
v -0.002238 0.003736 0.001228
v -0.000793 0.004135 0.000915
v -0.000060 0.004203 0.000795
v -0.000788 0.004153 0.000987
v -0.000047 0.004221 0.000865
v -0.000789 0.004201 0.001051
v -0.000035 0.004267 0.000928
v -0.000796 0.004268 0.001092
v -0.000027 0.004334 0.000969
v -0.001569 0.004136 0.001181
v -0.000808 0.004340 0.001103
v -0.000025 0.004406 0.000981
v -0.001510 0.003953 0.001065
v -0.001522 0.004000 0.001130
v -0.001543 0.004066 0.001170
v -0.002276 0.003801 0.001237
v 0.003438 0.002480 -0.001171
v 0.003482 0.002505 -0.001166
v 0.003161 0.002910 -0.000736
v 0.002779 0.003284 -0.000337
v 0.002890 0.003298 -0.000395
v 0.002330 0.003624 0.000032
v 0.003302 0.002460 -0.001241
v 0.003545 0.002053 -0.001696
v 0.003550 0.002051 -0.001692
v 0.003037 0.002852 -0.000786
v 0.003079 0.002862 -0.000761
v 0.002708 0.003233 -0.000365
v 0.003390 0.002463 -0.001186
v 0.002270 0.003569 -0.000000
v 0.002211 0.003542 -0.000058
v 0.000575 0.004174 0.000723
v 0.000598 0.004218 0.000785
v 0.001205 0.004077 0.000586
v 0.001721 0.003821 0.000261
v 0.001769 0.003854 0.000320
v 0.001170 0.004038 0.000525
v 0.000555 0.004159 0.000654
v 0.002638 0.003213 -0.000422
v 0.003000 0.002851 -0.000817
v 0.003343 0.002456 -0.001210
v 0.003589 0.002043 -0.001667
v 0.003641 0.002045 -0.001644
v 0.002838 0.002990 -0.000752
v 0.003248 0.002492 -0.001306
v 0.003811 0.002145 -0.001652
v 0.003736 0.002080 -0.001629
v 0.003694 0.002059 -0.001632
v 0.003589 0.002506 -0.001248
v 0.003546 0.002567 -0.001182
v 0.003329 0.002848 -0.000879
v 0.000681 0.004347 0.000824
v 0.000618 0.004284 0.000825
v 0.002203 0.003796 0.000152
v 0.002183 0.003808 0.000165
v 0.001817 0.003913 0.000356
v 0.001852 0.003981 0.000362
v 0.001239 0.004139 0.000624
v 0.001153 0.004242 0.000676
v 0.000765 0.004332 0.000800
v 0.003489 0.002096 -0.001760
v 0.003511 0.002072 -0.001729
v 0.001031 0.004059 0.000500
v 0.001140 0.004028 0.000457
v 0.001961 0.003672 0.000022
v 0.002166 0.003546 -0.000124
v 0.003760 0.001915 -0.001764
v 0.003526 0.002020 -0.001801
v 0.003797 0.001518 -0.001969
v 0.003808 0.001515 -0.001979
v 0.003806 0.001527 -0.001973
v 0.003816 0.001503 -0.001992
v 0.003819 0.001471 -0.002009
v 0.003869 0.001643 -0.001985
v 0.003800 0.001354 -0.002045
v 0.003798 0.001345 -0.002047
v 0.003780 0.001514 -0.001960
v 0.003724 0.001470 -0.001950
v 0.003743 0.001489 -0.001951
v 0.003747 0.001532 -0.001940
v 0.003622 0.001559 -0.001936
v 0.003622 0.001365 -0.001950
v 0.003651 0.001391 -0.001950
v 0.003824 0.001738 -0.001891
v 0.003877 0.001910 -0.001853
v 0.003804 0.001929 -0.001774
v 0.003581 0.001848 -0.001870
v 0.003611 0.001837 -0.001848
v 0.003568 0.001899 -0.001852
v 0.003584 0.001923 -0.001811
v 0.003556 0.001937 -0.001838
v 0.003551 0.002002 -0.001771
v 0.003551 0.001954 -0.001831
v 0.003715 0.001537 -0.001931
v 0.003748 0.001731 -0.001865
v 0.003706 0.001732 -0.001863
v 0.003734 0.001823 -0.001817
v 0.003690 0.001823 -0.001820
v 0.003712 0.001907 -0.001763
v 0.003664 0.001906 -0.001771
v 0.003586 0.001988 -0.001743
v 0.003621 0.001912 -0.001788
v 0.003648 0.001828 -0.001831
v 0.003667 0.001737 -0.001869
v 0.003683 0.001544 -0.001928
v 0.003787 0.001733 -0.001875
v 0.003631 0.001745 -0.001881
v 0.003651 0.001551 -0.001930
v 0.003598 0.001764 -0.001895
v 0.003600 0.001757 -0.001897
v 0.003681 0.001421 -0.001950
v -0.006926 0.002835 -0.001955
v -0.006917 0.002748 -0.001956
v -0.006882 0.002745 -0.001950
v -0.006950 0.002751 -0.001977
v -0.006952 0.002838 -0.001976
v -0.006961 0.002926 -0.001963
v -0.006895 0.002833 -0.001945
v -0.006940 0.002922 -0.001943
v -0.006960 0.003010 -0.001923
v -0.006996 0.003099 -0.001913
v -0.006985 0.003096 -0.001897
v -0.007039 0.003242 -0.001832
v -0.007048 0.003259 -0.001826
v -0.007057 0.003264 -0.001841
v -0.006982 0.002754 -0.002044
v -0.006973 0.002753 -0.002009
v -0.006975 0.002932 -0.001988
v -0.006972 0.003093 -0.001885
v -0.006941 0.003008 -0.001910
v -0.006915 0.002920 -0.001931
v -0.006911 0.002904 -0.001934
v -0.006993 0.003038 -0.001979
v -0.007004 0.003105 -0.001929
v -0.007104 0.003354 -0.001803
v -0.007141 0.003415 -0.001760
v -0.006895 0.002647 -0.001950
v -0.006999 0.002573 -0.001997
v -0.006983 0.002569 -0.001977
v -0.006964 0.002563 -0.001963
v -0.006917 0.002551 -0.001950
v -0.006993 0.002665 -0.002045
v -0.007013 0.002577 -0.002045
v -0.008400 -0.002478 -0.002045
v -0.008385 -0.002482 -0.001997
v -0.008350 -0.002492 -0.001963
v -0.008303 -0.002504 -0.001950
v -0.005741 -0.006316 -0.002045
v -0.005740 -0.006301 -0.001997
v -0.006260 -0.006207 -0.001997
v -0.005736 -0.006265 -0.001963
v -0.006250 -0.006172 -0.001963
v -0.005732 -0.006216 -0.001950
v -0.006238 -0.006125 -0.001950
v -0.006720 -0.005947 -0.001950
v -0.006740 -0.005991 -0.001963
v -0.007164 -0.005688 -0.001950
v -0.007192 -0.005728 -0.001963
v -0.007556 -0.005356 -0.001950
v -0.007590 -0.005390 -0.001963
v -0.007884 -0.004961 -0.001950
v -0.007924 -0.004988 -0.001963
v -0.008139 -0.004514 -0.001950
v -0.008183 -0.004535 -0.001963
v -0.008312 -0.004031 -0.001950
v -0.008359 -0.004043 -0.001963
v -0.008399 -0.003524 -0.001950
v -0.008447 -0.003528 -0.001963
v -0.008396 -0.003010 -0.001950
v -0.008444 -0.003006 -0.001963
v -0.006756 -0.006024 -0.001997
v -0.007213 -0.005758 -0.001997
v -0.007616 -0.005416 -0.001997
v -0.007954 -0.005009 -0.001997
v -0.008216 -0.004550 -0.001997
v -0.008394 -0.004052 -0.001997
v -0.008483 -0.003531 -0.001997
v -0.008480 -0.003002 -0.001997
v -0.006264 -0.006221 -0.002045
v -0.006762 -0.006038 -0.002045
v -0.007221 -0.005770 -0.002045
v -0.007627 -0.005426 -0.002045
v -0.007966 -0.005018 -0.002045
v -0.008230 -0.004556 -0.002045
v -0.008409 -0.004056 -0.002045
v -0.008498 -0.003532 -0.002045
v -0.008495 -0.003001 -0.002045
v 0.003533 0.000371 -0.001977
v 0.003513 0.000376 -0.001963
v 0.003107 -0.000889 -0.001963
v 0.003466 0.000387 -0.001950
v 0.003062 -0.000871 -0.001950
v 0.003563 0.000364 -0.002045
v 0.003549 0.000367 -0.001997
v 0.003141 -0.000903 -0.001997
v 0.002647 -0.001747 -0.001950
v 0.002689 -0.001770 -0.001963
v 0.002135 -0.002571 -0.001950
v 0.002175 -0.002599 -0.001963
v 0.001535 -0.003332 -0.001950
v 0.001571 -0.003364 -0.001963
v 0.000853 -0.004021 -0.001950
v 0.000886 -0.004057 -0.001963
v 0.000099 -0.004630 -0.001950
v 0.000127 -0.004669 -0.001963
v -0.000719 -0.005150 -0.001950
v -0.000696 -0.005193 -0.001963
v -0.001590 -0.005576 -0.001950
v -0.001572 -0.005621 -0.001963
v -0.002504 -0.005901 -0.001950
v -0.002490 -0.005948 -0.001963
v -0.003448 -0.006122 -0.001950
v -0.003439 -0.006170 -0.001963
v -0.004410 -0.006236 -0.001950
v -0.004407 -0.006284 -0.001963
v 0.002721 -0.001788 -0.001997
v 0.002205 -0.002619 -0.001997
v 0.001599 -0.003388 -0.001997
v 0.000910 -0.004084 -0.001997
v 0.000148 -0.004699 -0.001997
v -0.000678 -0.005224 -0.001997
v -0.001558 -0.005654 -0.001997
v -0.002480 -0.005983 -0.001997
v -0.003433 -0.006206 -0.001997
v -0.004405 -0.006321 -0.001997
v 0.003155 -0.000909 -0.002045
v 0.002734 -0.001795 -0.002045
v 0.002217 -0.002628 -0.002045
v 0.001610 -0.003398 -0.002045
v 0.000920 -0.004095 -0.002045
v 0.000157 -0.004711 -0.002045
v -0.000671 -0.005238 -0.002045
v -0.001552 -0.005668 -0.002045
v -0.002476 -0.005997 -0.002045
v -0.003430 -0.006221 -0.002045
v -0.004404 -0.006336 -0.002045
v 0.003044 0.002701 -0.001760
v -0.002674 0.003068 -0.001760
v -0.002654 0.003046 -0.001856
v -0.002219 0.003411 -0.001760
v -0.002211 0.003399 -0.001827
v -0.001888 0.003605 -0.001760
v -0.001351 0.003823 -0.001827
v -0.000416 0.004033 -0.001827
v -0.000650 0.004018 -0.001760
v -0.001356 0.003837 -0.001760
v 0.002316 0.003328 -0.001827
v 0.001893 0.003603 -0.001760
v 0.001470 0.003779 -0.001827
v 0.001476 0.003793 -0.001760
v 0.000542 0.004018 -0.001827
v 0.000544 0.004033 -0.001760
v -0.000418 0.004048 -0.001760
v 0.003033 0.002691 -0.001827
v 0.002325 0.003340 -0.001760
v 0.003538 0.001882 -0.001895
v 0.003417 0.001817 -0.001950
v 0.003476 0.001849 -0.001938
v 0.002895 0.002569 -0.001950
v 0.002945 0.002613 -0.001938
v 0.002211 0.003176 -0.001950
v 0.002249 0.003231 -0.001938
v 0.001403 0.003607 -0.001950
v 0.001428 0.003669 -0.001938
v 0.000518 0.003835 -0.001950
v 0.000526 0.003902 -0.001938
v -0.000397 0.003850 -0.001950
v -0.000404 0.003916 -0.001938
v -0.001290 0.003649 -0.001950
v -0.001312 0.003712 -0.001938
v -0.002110 0.003244 -0.001950
v -0.002147 0.003300 -0.001938
v -0.002543 0.002918 -0.001950
v -0.002606 0.002991 -0.001925
v 0.002998 0.002660 -0.001895
v 0.002290 0.003289 -0.001895
v 0.001453 0.003735 -0.001895
v 0.000536 0.003972 -0.001895
v -0.000411 0.003987 -0.001895
v -0.001336 0.003779 -0.001895
v -0.002186 0.003359 -0.001895
v -0.002633 0.003021 -0.001895
v -0.003218 0.002637 -0.001856
v -0.003857 0.002365 -0.001760
v -0.004524 0.002184 -0.001760
v -0.004519 0.002154 -0.001856
v -0.003234 0.002663 -0.001760
v -0.003847 0.002337 -0.001856
v -0.003822 0.002269 -0.001925
v -0.003181 0.002575 -0.001925
v -0.004513 0.002122 -0.001896
v -0.004507 0.002083 -0.001925
v -0.004490 0.001987 -0.001950
v -0.003788 0.002178 -0.001950
v -0.003132 0.002491 -0.001950
v -0.006141 0.002126 -0.001950
v -0.005573 0.001945 -0.001950
v -0.005729 0.002047 -0.001938
v -0.006335 0.002240 -0.001950
v -0.006449 0.002412 -0.001938
v -0.006747 0.002697 -0.001938
v -0.006698 0.002743 -0.001896
v -0.006664 0.002773 -0.001832
v -0.006651 0.002785 -0.001760
v -0.006406 0.002464 -0.001896
v -0.006377 0.002499 -0.001832
v -0.006050 0.002304 -0.001760
v -0.006233 0.002413 -0.001760
v -0.006367 0.002513 -0.001760
v -0.005702 0.002157 -0.001832
v -0.006058 0.002288 -0.001832
v -0.005713 0.002112 -0.001896
v -0.006079 0.002248 -0.001896
v -0.006109 0.002188 -0.001938
v -0.005327 0.001921 -0.001950
v -0.005324 0.001991 -0.001938
v -0.005321 0.002058 -0.001896
v -0.005319 0.002103 -0.001832
v -0.005698 0.002173 -0.001760
v -0.005318 0.002121 -0.001760
v 0.000881 0.006001 -0.004013
v 0.000846 0.005979 -0.003939
v 0.000826 0.005966 -0.003912
v 0.000653 0.005852 -0.003822
v 0.000760 0.005923 -0.003854
v 0.001061 0.005347 -0.004112
v 0.001048 0.005260 -0.004111
v 0.001030 0.005267 -0.004008
v 0.001027 0.005649 -0.004008
v 0.000962 0.005638 -0.003907
v 0.000757 0.005599 -0.003817
v 0.000864 0.005620 -0.003840
v 0.001048 0.005650 -0.004117
v 0.000757 0.005326 -0.003811
v 0.000858 0.005305 -0.003830
v 0.000964 0.005283 -0.003900
v -0.000005 0.001500 -0.003712
v 0.000134 0.001494 -0.003747
v 0.000207 0.001486 -0.003802
v 0.000293 0.001471 -0.004013
v 0.000291 0.001472 -0.003976
v 0.000275 0.001475 -0.003910
v 0.000237 0.001481 -0.003837
v 0.001335 -0.000684 -0.004657
v 0.003585 -0.000096 -0.004697
v 0.003560 -0.000135 -0.004445
v 0.001080 -0.001041 -0.003957
v 0.001494 -0.001344 -0.003710
v 0.000886 -0.001210 -0.003851
v 0.000861 -0.001228 -0.003842
v 0.001305 -0.000739 -0.004359
v 0.003545 -0.000169 -0.004352
v 0.001294 -0.000758 -0.004312
v 0.003499 -0.000283 -0.004153
v 0.001221 -0.000871 -0.004125
v 0.003409 -0.000514 -0.003923
v 0.003281 -0.000835 -0.003756
v 0.003109 -0.001233 -0.003684
v 0.002197 -0.001472 -0.003668
v 0.004219 0.000635 -0.004155
v 0.004097 0.000456 -0.004151
v 0.003910 0.000345 -0.004154
v 0.004216 0.000637 -0.004108
v 0.004212 0.000638 -0.004062
v 0.004091 0.000459 -0.004073
v 0.003907 0.000347 -0.004092
v 0.003743 0.000338 -0.002995
v 0.003845 0.000357 -0.003529
v 0.004004 0.000470 -0.003486
v 0.003845 0.000442 -0.002922
v 0.004106 0.000637 -0.003454
v 0.003908 0.000580 -0.002860
v 0.003692 0.000441 -0.002488
v 0.003660 0.000411 -0.002450
v 0.003652 0.000328 -0.002536
v 0.003858 0.000557 -0.002758
v 0.003755 0.000403 -0.002712
v 0.003516 0.000072 -0.002547
v 0.003527 0.000111 -0.002526
v 0.003544 0.000210 -0.002396
v 0.003545 0.000156 -0.002522
v 0.003563 0.000291 -0.002356
v 0.003571 0.000200 -0.002544
v 0.003621 0.000260 -0.002631
v 0.003650 0.000285 -0.002699
v -0.001239 -0.000845 -0.003450
v -0.007705 0.000334 -0.003450
v -0.001239 -0.000845 -0.003643
v -0.007707 0.000335 -0.003491
v -0.007707 0.000335 -0.003494
v -0.007658 0.000326 -0.003583
v -0.007617 0.000318 -0.003596
v -0.007609 0.000317 -0.003596
v -0.007662 0.000326 -0.003580
v -0.007707 0.000335 -0.003496
v -0.007694 0.000332 -0.003545
v 0.000861 -0.001228 -0.003450
v 0.002918 -0.001604 -0.003450
v 0.002930 -0.001606 -0.003673
v -0.005444 -0.004899 -0.003450
v -0.004839 -0.004413 -0.003450
v -0.002455 -0.006068 -0.003450
v -0.001127 -0.000990 -0.003450
v -0.000523 -0.001406 -0.003450
v -0.004675 -0.002922 -0.003450
v -0.000635 -0.005302 -0.003450
v -0.004557 -0.003690 -0.003450
v 0.000970 -0.004150 -0.003450
v 0.000206 -0.001486 -0.003450
v -0.005161 -0.002316 -0.003450
v 0.002277 -0.002670 -0.003450
v -0.004400 -0.006409 -0.003450
v -0.005748 -0.006389 -0.003450
v -0.006212 -0.005017 -0.003450
v -0.006794 -0.006104 -0.003450
v -0.006935 -0.004735 -0.003450
v -0.007679 -0.005478 -0.003450
v -0.007421 -0.004130 -0.003450
v -0.008296 -0.004587 -0.003450
v -0.007539 -0.003362 -0.003450
v -0.008571 -0.003538 -0.003450
v -0.007257 -0.002638 -0.003450
v -0.008471 -0.002459 -0.003450
v -0.006652 -0.002153 -0.003450
v -0.005884 -0.002035 -0.003450
v 0.000206 -0.001486 -0.001950
v -0.004675 -0.002922 -0.001950
v -0.004557 -0.003690 -0.001950
v -0.004839 -0.004413 -0.001950
v 0.001491 -0.000164 -0.001950
v 0.001461 0.000338 -0.001950
v 0.001127 0.000990 -0.001950
v -0.005444 -0.004899 -0.001950
v -0.006212 -0.005017 -0.001950
v -0.007421 -0.004130 -0.001950
v -0.006935 -0.004735 -0.001950
v -0.006652 -0.002153 -0.001950
v -0.007257 -0.002638 -0.001950
v -0.007539 -0.003362 -0.001950
v -0.005161 -0.002316 -0.001950
v -0.005884 -0.002035 -0.001950
v 0.000885 -0.001211 -0.001950
v 0.001353 -0.000647 -0.001950
v -0.000523 -0.001406 -0.001950
v -0.001127 -0.000990 -0.001950
v -0.001461 -0.000338 -0.001950
v -0.000206 0.001486 -0.001950
v 0.000523 0.001406 -0.001950
v -0.001491 0.000164 -0.001950
v -0.001353 0.000647 -0.001950
v -0.000885 0.001211 -0.001950
v 0.003578 0.000360 -0.002331
v 0.003632 0.000605 -0.002249
v 0.003687 0.000853 -0.002176
v 0.003742 0.001099 -0.002109
v 0.004306 0.000876 -0.004063
v 0.004313 0.000873 -0.004155
v 0.004313 0.000893 -0.004063
v 0.004326 0.000907 -0.004155
v 0.004319 0.000910 -0.004063
v 0.004609 0.001668 -0.004064
v 0.004479 0.001301 -0.004156
v 0.004891 0.002428 -0.004115
v 0.004616 0.001665 -0.004156
v 0.004895 0.002428 -0.004161
v 0.004744 0.002033 -0.004066
v 0.004887 0.002429 -0.004069
v 0.002128 0.028597 -0.004075
v 0.002132 0.028591 -0.003988
v 0.002137 0.028605 -0.004074
v 0.002141 0.028599 -0.003987
v 0.002146 0.028613 -0.004074
v 0.002151 0.028607 -0.003987
v 0.002217 0.028677 -0.004072
v 0.002218 0.028677 -0.004075
v 0.002153 0.028609 -0.003987
v 0.002217 0.028667 -0.003988
v 0.002184 0.028637 -0.003988
v 0.002159 0.028615 -0.003987
v -0.000232 0.025411 -0.004042
v -0.000254 0.025369 -0.004031
v -0.000219 0.025416 -0.003944
v -0.000309 0.025266 -0.004002
v -0.000295 0.025289 -0.003989
v -0.000228 0.025399 -0.003939
v -0.000214 0.025428 -0.003956
v 0.000095 0.025966 -0.003958
v 0.000591 0.026765 -0.004059
v 0.000722 0.026945 -0.003979
v 0.000869 0.027153 -0.003987
v 0.001229 0.027642 -0.004091
v 0.001586 0.028053 -0.004013
v 0.001202 0.027597 -0.004003
v 0.001800 0.028290 -0.004097
v -0.002758 0.020459 -0.003978
v -0.001276 0.023418 -0.003986
v -0.005944 0.013876 -0.003988
v 0.002236 0.028758 -0.004990
v -0.000064 0.025412 -0.003089
v -0.000983 0.023692 -0.003112
v 0.000188 0.025385 -0.002222
v -0.000320 0.024453 -0.002221
v -0.001139 0.022872 -0.002220
v -0.002619 0.020439 -0.003112
v -0.003532 0.018044 -0.002219
v -0.005096 0.014793 -0.002220
v -0.007305 0.010670 -0.003113
v -0.007047 0.010661 -0.002221
v 0.002254 0.028424 -0.002847
v 0.002226 0.028571 -0.003447
v 0.002184 0.028591 -0.003717
v 0.001351 0.027553 -0.003122
v 0.001607 0.027478 -0.002236
v 0.002301 0.028230 -0.002260
v 0.000354 0.026133 -0.003114
v 0.000610 0.026095 -0.002222
v 0.000803 0.026393 -0.002223
v 0.001388 0.027207 -0.002231
v -0.003469 0.010623 0.000404
v -0.002493 0.012692 0.000308
v -0.002913 0.014267 -0.000078
v -0.001860 0.013972 0.000258
v -0.000338 0.016812 0.000185
v -0.007450 0.007987 -0.000860
v -0.007017 0.007891 -0.000462
v -0.006511 0.007765 -0.000105
v -0.006968 0.004778 0.000431
v -0.005962 0.007618 0.000198
v -0.006529 0.011373 -0.001779
v -0.007790 0.008048 -0.001287
v -0.004507 0.010913 0.000045
v -0.005042 0.011056 -0.000234
v -0.005536 0.011182 -0.000568
v -0.005958 0.011279 -0.000945
v -0.006288 0.011342 -0.001352
v -0.002421 0.017596 -0.000686
v -0.003935 0.014552 -0.000656
v -0.001952 0.017412 -0.000391
v -0.003444 0.014416 -0.000339
v -0.001340 0.017179 -0.000108
v -0.001401 0.017202 -0.000132
v -0.001927 0.017403 -0.000378
v -0.003401 0.017990 -0.001850
v -0.004930 0.014779 -0.001812
v -0.004358 0.014662 -0.001017
v -0.002857 0.017769 -0.001057
v -0.004691 0.014738 -0.001407
v -0.003193 0.017905 -0.001465
v -0.003393 0.017987 -0.001831
v -0.002430 0.017599 -0.000692
v -0.002439 0.017603 -0.000699
v -0.002839 0.017762 -0.001039
v -0.004709 0.007817 0.000561
v -0.006037 0.004515 0.000799
v 0.004086 0.023301 0.000335
v 0.004076 0.023353 0.000331
v 0.002323 0.022649 0.000087
v -0.001046 0.022728 -0.001819
v 0.001060 0.023501 -0.000395
v 0.001334 0.025105 -0.000673
v 0.000591 0.023793 -0.000696
v 0.000964 0.025227 -0.000971
v 0.000231 0.024020 -0.001031
v 0.000622 0.025317 -0.001357
v -0.000027 0.024196 -0.001398
v 0.000371 0.025363 -0.001777
v -0.000201 0.024336 -0.001798
v 0.000363 0.025365 -0.001795
v 0.001639 0.023125 -0.000134
v 0.002344 0.024679 -0.000152
v 0.001986 0.024843 -0.000303
v 0.003969 0.023776 0.000288
v 0.003208 0.024229 0.000119
v 0.002666 0.024520 -0.000037
v 0.000104 0.018900 0.000028
v 0.001186 0.020849 0.000038
v -0.000431 0.019266 -0.000167
v 0.000594 0.021310 -0.000173
v -0.000926 0.019603 -0.000413
v 0.000079 0.021699 -0.000424
v -0.001363 0.019907 -0.000713
v -0.000348 0.022028 -0.000720
v -0.000679 0.022304 -0.001055
v -0.000907 0.022534 -0.001424
v 0.001730 0.020124 0.000209
v 0.002941 0.021836 0.000265
v 0.003109 0.022060 0.000275
v 0.000674 0.018501 0.000181
v -0.006228 0.003996 0.000845
v 0.003948 0.023847 0.000280
v 0.003544 0.024942 0.000119
v 0.003128 0.025354 -0.000030
v 0.002497 0.025685 -0.000291
v 0.001964 0.025940 -0.000603
v 0.001536 0.026127 -0.000957
v 0.001210 0.026255 -0.001347
v 0.000973 0.026338 -0.001773
v 0.002366 0.028007 -0.001747
v 0.002924 0.026484 -0.000338
v 0.002787 0.026834 -0.000519
v 0.002590 0.026653 -0.000544
v 0.002602 0.027324 -0.000867
v 0.002150 0.026870 -0.000908
v 0.002462 0.027715 -0.001281
v 0.001812 0.027026 -0.001313
v 0.001565 0.027134 -0.001759
v 0.003382 0.025340 0.000036
v 0.003043 0.026182 -0.000213
v 0.004927 0.031466 -0.002416
v 0.004709 0.031494 -0.003202
v 0.004309 0.030852 -0.003210
v 0.002348 0.028513 -0.002859
v 0.002906 0.029143 -0.003152
v 0.002508 0.028938 -0.003990
v 0.002217 0.028666 -0.003982
v 0.003684 0.030014 -0.003183
v 0.003297 0.029753 -0.003973
v 0.004576 0.031511 -0.003987
v 0.004574 0.031509 -0.003987
v 0.004569 0.031499 -0.003987
v 0.004564 0.031490 -0.003987
v 0.004001 0.030616 -0.003960
v 0.003710 0.030238 -0.003961
v 0.004532 0.030808 -0.002389
v 0.003908 0.029945 -0.002349
v 0.003136 0.029050 -0.002303
v 0.002517 0.028433 -0.002271
v 0.000456 0.016543 0.000321
v 0.001451 0.018066 0.000316
v 0.002503 0.019877 0.000329
v 0.003620 0.021637 0.000369
v 0.004103 0.023217 0.000343
v 0.004195 0.022413 0.000398
v 0.003334 0.019070 0.000429
v 0.003788 0.020069 0.000436
v 0.004041 0.020864 0.000436
v 0.004175 0.021654 0.000425
v 0.001648 0.016212 0.000434
v 0.001897 0.016153 0.000448
v 0.003232 0.018862 0.000427
v 0.004756 0.002512 -0.003234
v 0.004663 0.002589 -0.002861
v 0.004189 0.000854 -0.003440
v 0.004341 0.001702 -0.002860
v 0.004009 0.000838 -0.002860
v -0.000997 0.013591 0.000422
v 0.000473 0.007084 0.000839
v 0.000115 0.007615 0.000860
v -0.000850 0.005921 0.001017
v 0.001228 0.014797 0.000490
v -0.005213 0.004252 0.001009
v -0.003854 0.006991 0.000817
v -0.002486 0.010246 0.000598
v -0.000377 0.010565 0.000699
v -0.000203 0.011515 0.000639
v -0.001069 0.009707 0.000743
v 0.000075 0.012381 0.000590
v 0.000304 0.013082 0.000554
v 0.000557 0.013442 0.000541
v -0.002360 0.006476 0.000983
v -0.000150 0.008209 0.000846
v -0.000328 0.008880 0.000811
v -0.000411 0.009640 0.000762
v 0.000838 0.006662 0.000781
v 0.000764 0.006746 0.000795
v 0.000689 0.006830 0.000808
v 0.000411 0.005525 0.000878
v -0.004707 0.004074 0.001101
v -0.004106 0.003847 0.001186
v -0.003502 0.003607 0.001248
v 0.001532 0.005884 0.000614
v 0.002097 0.005259 0.000368
v 0.002222 0.003851 0.000148
v 0.003192 0.004075 -0.000460
v 0.002648 0.004659 0.000012
v 0.002545 0.004770 0.000087
v 0.003730 0.003510 -0.001067
v 0.004127 0.003103 -0.001639
v 0.004415 0.002819 -0.002181
v 0.004442 0.002793 -0.002239
v 0.003587 0.003595 -0.000907
v 0.002928 0.003700 -0.000339
v 0.003570 0.000326 -0.002344
v 0.003959 0.000709 -0.002860
v 0.004259 0.000757 -0.004063
v 0.004266 0.000754 -0.004155
v 0.003022 -0.001421 -0.003679
v -0.001455 -0.000363 -0.003652
v -0.001491 0.000164 -0.003664
v -0.001236 0.000850 -0.003683
v -0.000206 0.001486 -0.003710
v -0.000715 0.001319 -0.003700
v -0.000885 0.001211 -0.003695
v -0.007113 0.003211 -0.006360
v -0.007052 0.002997 -0.006364
v -0.007017 0.003002 -0.006341
v -0.007038 0.002774 -0.006369
v -0.007052 0.002547 -0.006358
v -0.006981 0.003008 -0.006333
v -0.007004 0.002534 -0.006345
v -0.007161 0.003449 -0.006325
v -0.007192 0.003428 -0.006333
v -0.007220 0.003409 -0.006357
v -0.007094 0.002560 -0.006411
v -0.007087 0.002557 -0.006395
v -0.007073 0.002553 -0.006375
v -0.007238 0.003397 -0.006393
v -0.007242 0.003395 -0.006430
v -0.007133 0.003204 -0.006396
v -0.007138 0.003202 -0.006434
v -0.007073 0.002994 -0.006400
v -0.007079 0.002994 -0.006439
v -0.007060 0.002776 -0.006406
v -0.007065 0.002777 -0.006444
v -0.007099 0.002562 -0.006444
v -0.007099 0.002562 -0.006450
v -0.007363 0.003572 -0.006427
v -0.007282 0.003626 -0.006322
v -0.007401 0.003803 -0.006319
v -0.007432 0.003783 -0.006327
v -0.007461 0.003764 -0.006351
v -0.007479 0.003753 -0.006387
v -0.007483 0.003750 -0.006425
v -0.007700 0.004253 -0.006312
v -0.007994 0.004706 -0.006305
v -0.008026 0.004686 -0.006313
v -0.008077 0.004654 -0.006410
v -0.008073 0.004657 -0.006372
v -0.008054 0.004668 -0.006337
v -0.008089 0.004902 -0.006247
v -0.008111 0.004945 -0.006214
v -0.008123 0.004923 -0.006218
v -0.008144 0.005006 -0.006136
v -0.008217 0.004983 -0.006064
v -0.008206 0.004966 -0.006123
v -0.008181 0.004978 -0.006120
v -0.008133 0.004740 -0.006399
v -0.008156 0.004786 -0.006343
v -0.008238 0.004896 -0.006318
v -0.008230 0.004896 -0.006266
v -0.008255 0.004921 -0.006294
v -0.008283 0.004971 -0.006149
v -0.008316 0.005003 -0.006160
v -0.008160 0.004844 -0.006275
v -0.008127 0.004790 -0.006306
v -0.008139 0.004851 -0.006263
v -0.008108 0.004797 -0.006293
v -0.008117 0.004861 -0.006256
v -0.008089 0.004806 -0.006285
v -0.008098 0.004873 -0.006255
v -0.008053 0.004829 -0.006283
v -0.008081 0.004886 -0.006257
v -0.008024 0.004769 -0.006299
v -0.008058 0.004747 -0.006304
v -0.008050 0.004823 -0.006285
v -0.008143 0.004909 -0.006219
v -0.008166 0.004899 -0.006224
v -0.008189 0.004893 -0.006234
v -0.008179 0.005016 -0.006001
v -0.008198 0.004999 -0.006002
v -0.008173 0.005013 -0.006062
v -0.008192 0.004995 -0.006062
v -0.008162 0.004994 -0.006120
v -0.008223 0.004986 -0.006003
v -0.008233 0.004960 -0.006129
v -0.008260 0.004962 -0.006138
v -0.008211 0.004892 -0.006249
v -0.008091 0.004730 -0.006327
v -0.008143 0.004786 -0.006324
v -0.008165 0.005036 -0.006026
v -0.008166 0.005036 -0.005999
v -0.008250 0.004980 -0.006004
v -0.008279 0.004983 -0.006005
v -0.008305 0.004993 -0.006005
v -0.008340 0.005027 -0.006004
v -0.009271 0.006552 -0.005994
v -0.009357 0.006640 -0.005012
v -0.009310 0.006735 -0.005505
v -0.009280 0.006736 -0.006000
v -0.009284 0.006727 -0.006000
v -0.009298 0.006640 -0.005998
v -0.009357 0.006647 -0.005012
v -0.009356 0.006664 -0.005012
v -0.009356 0.006672 -0.005012
v -0.009354 0.006681 -0.005012
v -0.009353 0.006688 -0.005011
v -0.009351 0.006697 -0.005011
v -0.009170 0.006642 -0.006895
v -0.009189 0.006549 -0.006883
v -0.009164 0.006459 -0.006865
v -0.008997 0.006266 -0.007726
v -0.009021 0.006356 -0.007757
v -0.008998 0.006448 -0.007778
v -0.008925 0.006175 -0.008013
v -0.007978 0.004978 -0.009835
v -0.008008 0.004918 -0.009783
v -0.008316 0.005385 -0.009414
v -0.008321 0.005343 -0.009373
v -0.008005 0.004861 -0.009705
v -0.008311 0.005308 -0.009330
v -0.007942 0.005020 -0.009856
v -0.007974 0.004984 -0.009839
v -0.008274 0.005485 -0.009455
v -0.008296 0.005430 -0.009447
v -0.008434 0.005707 -0.009218
v -0.008592 0.005845 -0.008973
v -0.008566 0.005888 -0.008991
v -0.008606 0.005799 -0.008946
v -0.008607 0.005755 -0.008913
v -0.008597 0.005722 -0.008871
v -0.008847 0.006132 -0.008383
v -0.008827 0.006045 -0.008336
v -0.008838 0.006179 -0.008402
v -0.008818 0.006223 -0.008416
v -0.008732 0.006110 -0.008642
v -0.007666 0.004371 -0.010054
v -0.007345 0.004203 -0.010427
v -0.007216 0.004024 -0.010530
v -0.007263 0.003981 -0.010511
v -0.007298 0.003935 -0.010471
v -0.007315 0.003894 -0.010417
v -0.007312 0.003865 -0.010359
v -0.006684 0.003316 -0.010857
v -0.006533 0.003137 -0.010924
v -0.006582 0.003088 -0.010909
v -0.006643 0.002975 -0.010742
v -0.006643 0.002999 -0.010808
v -0.006622 0.003039 -0.010868
v -0.006197 0.002719 -0.011041
v -0.006230 0.002660 -0.011000
v -0.006241 0.002635 -0.010971
v -0.005706 0.002394 -0.011108
v -0.004572 0.002398 -0.011221
v -0.004558 0.002348 -0.011154
v -0.005120 0.002285 -0.011112
v -0.004550 0.002331 -0.011080
v -0.005709 0.002343 -0.011043
v -0.005707 0.002329 -0.011006
v -0.006248 0.002601 -0.010903
v -0.006161 0.002532 -0.010888
v -0.005694 0.002466 -0.011148
v -0.006247 0.002615 -0.010938
v -0.005709 0.002365 -0.011078
v -0.005129 0.002336 -0.011178
v -0.005135 0.002410 -0.011218
v -0.004587 0.002471 -0.011261
v -0.006155 0.002778 -0.011053
v -0.005972 0.002659 -0.011099
v -0.005676 0.002540 -0.011156
v -0.005367 0.002491 -0.011199
v -0.004989 0.002273 -0.011048
v -0.005112 0.002266 -0.011037
v -0.005468 0.002278 -0.011000
v -0.005703 0.002322 -0.010970
v -0.004601 0.002546 -0.011267
v -0.003878 0.002518 -0.011109
v -0.003376 0.003005 -0.011305
v -0.002901 0.003354 -0.011287
v -0.003236 0.003004 -0.011295
v -0.002882 0.003332 -0.011287
v -0.003663 0.002764 -0.011296
v -0.003969 0.002718 -0.011297
v -0.003197 0.002944 -0.011255
v -0.002785 0.003208 -0.011192
v -0.003171 0.002902 -0.011188
v -0.002770 0.003183 -0.011098
v -0.003283 0.002809 -0.011116
v -0.002853 0.003296 -0.011278
v -0.002826 0.003262 -0.011259
v -0.002808 0.003240 -0.011238
v -0.003631 0.002699 -0.011255
v -0.003609 0.002654 -0.011189
v -0.001569 0.004136 -0.011181
v -0.002238 0.003736 -0.011228
v -0.002276 0.003801 -0.011237
v -0.002204 0.003674 -0.011187
v -0.002183 0.003630 -0.011122
v -0.000808 0.004340 -0.011103
v -0.000025 0.004406 -0.010981
v -0.000796 0.004268 -0.011092
v -0.000027 0.004334 -0.010969
v -0.000789 0.004201 -0.011051
v -0.000035 0.004267 -0.010928
v -0.000788 0.004153 -0.010987
v -0.000047 0.004221 -0.010865
v -0.001509 0.003935 -0.010992
v -0.000793 0.004135 -0.010915
v -0.000060 0.004203 -0.010795
v -0.001543 0.004066 -0.011170
v -0.001522 0.004000 -0.011130
v -0.001510 0.003953 -0.011065
v -0.002178 0.003611 -0.011048
v 0.003511 0.002072 -0.008271
v 0.003489 0.002096 -0.008240
v 0.003248 0.002492 -0.008694
v 0.003343 0.002456 -0.008790
v 0.003302 0.002460 -0.008759
v 0.003000 0.002851 -0.009183
v 0.002330 0.003624 -0.010032
v 0.002203 0.003796 -0.010152
v 0.002890 0.003298 -0.009605
v 0.000618 0.004284 -0.010825
v 0.000598 0.004218 -0.010785
v 0.001205 0.004077 -0.010586
v 0.001239 0.004139 -0.010624
v 0.001769 0.003854 -0.010320
v 0.001817 0.003913 -0.010356
v 0.002270 0.003569 -0.010000
v 0.002708 0.003233 -0.009635
v 0.003438 0.002480 -0.008829
v 0.003390 0.002463 -0.008814
v 0.003121 0.002882 -0.009256
v 0.003079 0.002862 -0.009239
v 0.003482 0.002505 -0.008834
v 0.003161 0.002910 -0.009264
v 0.002779 0.003284 -0.009663
v 0.000555 0.004159 -0.010654
v 0.000575 0.004174 -0.010723
v 0.001031 0.004059 -0.010500
v 0.001170 0.004038 -0.010525
v 0.001140 0.004028 -0.010457
v 0.001721 0.003821 -0.010261
v 0.001961 0.003672 -0.010022
v 0.002211 0.003542 -0.009942
v 0.002166 0.003546 -0.009876
v 0.002638 0.003213 -0.009578
v 0.002838 0.002990 -0.009248
v 0.003329 0.002848 -0.009121
v 0.003546 0.002567 -0.008818
v 0.003589 0.002506 -0.008752
v 0.000681 0.004347 -0.010824
v 0.000765 0.004332 -0.010800
v 0.001153 0.004242 -0.010676
v 0.001852 0.003981 -0.010362
v 0.002183 0.003808 -0.010165
v 0.003641 0.002045 -0.008356
v 0.003589 0.002043 -0.008333
v 0.003550 0.002051 -0.008308
v 0.003545 0.002053 -0.008304
v 0.003694 0.002059 -0.008368
v 0.003736 0.002080 -0.008371
v 0.003811 0.002145 -0.008348
v 0.003586 0.001988 -0.008257
v 0.003787 0.001733 -0.008125
v 0.003824 0.001738 -0.008109
v 0.003752 0.001633 -0.008093
v 0.003818 0.001489 -0.007999
v 0.003812 0.001510 -0.008015
v 0.003868 0.001633 -0.008012
v 0.003807 0.001388 -0.007963
v 0.003798 0.001345 -0.007953
v 0.003800 0.001354 -0.007955
v 0.003876 0.001917 -0.008152
v 0.003680 0.001421 -0.008050
v 0.003679 0.001443 -0.008053
v 0.003724 0.001470 -0.008050
v 0.003683 0.001544 -0.008072
v 0.003734 0.001481 -0.008050
v 0.003747 0.001532 -0.008060
v 0.003773 0.001511 -0.008042
v 0.003793 0.001518 -0.008033
v 0.003806 0.001527 -0.008027
v 0.003805 0.001517 -0.008024
v 0.003631 0.001745 -0.008119
v 0.003667 0.001737 -0.008131
v 0.003678 0.001642 -0.008099
v 0.003706 0.001732 -0.008137
v 0.003748 0.001731 -0.008135
v 0.003526 0.002020 -0.008199
v 0.003551 0.002002 -0.008229
v 0.003598 0.001764 -0.008105
v 0.003568 0.001899 -0.008148
v 0.003584 0.001923 -0.008189
v 0.003556 0.001937 -0.008162
v 0.003551 0.001954 -0.008169
v 0.003622 0.001365 -0.008050
v 0.003624 0.001460 -0.008053
v 0.003622 0.001559 -0.008064
v 0.003614 0.001658 -0.008080
v 0.003600 0.001755 -0.008102
v 0.003600 0.001757 -0.008103
v 0.003621 0.001912 -0.008212
v 0.003804 0.001929 -0.008226
v 0.003760 0.001915 -0.008236
v 0.003712 0.001907 -0.008237
v 0.003664 0.001906 -0.008229
v -0.007004 0.003105 -0.008071
v -0.006993 0.003038 -0.008021
v -0.007104 0.003354 -0.008197
v -0.006979 0.003094 -0.008109
v -0.006972 0.003093 -0.008115
v -0.006915 0.002920 -0.008069
v -0.006975 0.002932 -0.008012
v -0.006973 0.002753 -0.007991
v -0.006982 0.002754 -0.007956
v -0.007036 0.003235 -0.008165
v -0.007141 0.003415 -0.008240
v -0.007048 0.003259 -0.008174
v -0.007057 0.003264 -0.008159
v -0.006882 0.002745 -0.008050
v -0.006917 0.002748 -0.008044
v -0.006895 0.002833 -0.008055
v -0.006911 0.002833 -0.008051
v -0.006950 0.002751 -0.008023
v -0.006961 0.002926 -0.008037
v -0.006935 0.002749 -0.008035
v -0.006951 0.002924 -0.008047
v -0.006940 0.002922 -0.008057
v -0.006996 0.003099 -0.008087
v -0.006985 0.003096 -0.008103
v -0.006928 0.002921 -0.008064
v -0.006912 0.002910 -0.008067
v -0.006993 0.002665 -0.007955
v -0.006964 0.002563 -0.008037
v -0.006895 0.002647 -0.008050
v -0.006917 0.002551 -0.008050
v -0.007013 0.002577 -0.007955
v -0.006999 0.002573 -0.008003
v -0.006983 0.002569 -0.008023
v -0.008303 -0.002504 -0.008050
v -0.008350 -0.002492 -0.008037
v -0.008385 -0.002482 -0.008003
v -0.008400 -0.002478 -0.007955
v -0.008480 -0.003002 -0.008003
v -0.008444 -0.003006 -0.008037
v -0.008396 -0.003010 -0.008050
v -0.008399 -0.003524 -0.008050
v -0.008447 -0.003528 -0.008037
v -0.008312 -0.004031 -0.008050
v -0.008359 -0.004043 -0.008037
v -0.008139 -0.004514 -0.008050
v -0.008183 -0.004535 -0.008037
v -0.007884 -0.004961 -0.008050
v -0.007924 -0.004988 -0.008037
v -0.007556 -0.005356 -0.008050
v -0.007590 -0.005390 -0.008037
v -0.007164 -0.005688 -0.008050
v -0.007192 -0.005728 -0.008037
v -0.006720 -0.005947 -0.008050
v -0.006740 -0.005991 -0.008037
v -0.006238 -0.006125 -0.008050
v -0.006250 -0.006172 -0.008037
v -0.005732 -0.006216 -0.008050
v -0.005736 -0.006265 -0.008037
v -0.008483 -0.003531 -0.008003
v -0.008394 -0.004052 -0.008003
v -0.008216 -0.004550 -0.008003
v -0.007954 -0.005009 -0.008003
v -0.007616 -0.005416 -0.008003
v -0.007213 -0.005758 -0.008003
v -0.006756 -0.006024 -0.008003
v -0.006260 -0.006207 -0.008003
v -0.005740 -0.006301 -0.008003
v -0.008495 -0.003001 -0.007955
v -0.008498 -0.003532 -0.007955
v -0.008409 -0.004056 -0.007955
v -0.008230 -0.004556 -0.007955
v -0.007966 -0.005018 -0.007955
v -0.007627 -0.005426 -0.007955
v -0.007221 -0.005770 -0.007955
v -0.006762 -0.006038 -0.007955
v -0.006264 -0.006221 -0.007955
v -0.005741 -0.006316 -0.007955
v -0.004405 -0.006321 -0.008003
v -0.004407 -0.006284 -0.008037
v -0.004410 -0.006236 -0.008050
v -0.003448 -0.006122 -0.008050
v -0.003439 -0.006170 -0.008037
v -0.002504 -0.005901 -0.008050
v -0.002490 -0.005948 -0.008037
v -0.001590 -0.005576 -0.008050
v -0.001572 -0.005621 -0.008037
v -0.000719 -0.005150 -0.008050
v -0.000696 -0.005193 -0.008037
v 0.000099 -0.004630 -0.008050
v 0.000127 -0.004669 -0.008037
v 0.000853 -0.004021 -0.008050
v 0.000886 -0.004057 -0.008037
v 0.001535 -0.003332 -0.008050
v 0.001571 -0.003364 -0.008037
v 0.002135 -0.002571 -0.008050
v 0.002175 -0.002599 -0.008037
v 0.002647 -0.001747 -0.008050
v 0.002689 -0.001770 -0.008037
v 0.003062 -0.000871 -0.008050
v 0.003107 -0.000889 -0.008037
v 0.003466 0.000387 -0.008050
v 0.003513 0.000376 -0.008037
v 0.003533 0.000371 -0.008023
v -0.003433 -0.006206 -0.008003
v -0.002480 -0.005983 -0.008003
v -0.001558 -0.005654 -0.008003
v -0.000678 -0.005224 -0.008003
v 0.000148 -0.004699 -0.008003
v 0.000910 -0.004084 -0.008003
v 0.001599 -0.003388 -0.008003
v 0.002205 -0.002619 -0.008003
v 0.002721 -0.001788 -0.008003
v 0.003141 -0.000903 -0.008003
v 0.003549 0.000367 -0.008003
v -0.004404 -0.006336 -0.007955
v -0.003430 -0.006221 -0.007955
v -0.002476 -0.005997 -0.007955
v -0.001552 -0.005668 -0.007955
v -0.000671 -0.005238 -0.007955
v 0.000157 -0.004711 -0.007955
v 0.000920 -0.004095 -0.007955
v 0.001610 -0.003398 -0.007955
v 0.002217 -0.002628 -0.007955
v 0.002734 -0.001795 -0.007955
v 0.003155 -0.000909 -0.007955
v 0.003563 0.000364 -0.007955
v -0.002606 0.002991 -0.008075
v -0.002633 0.003021 -0.008105
v -0.002186 0.003359 -0.008105
v -0.002654 0.003046 -0.008144
v -0.002664 0.003057 -0.008173
v -0.002211 0.003399 -0.008173
v -0.002674 0.003068 -0.008240
v 0.003033 0.002691 -0.008173
v 0.003538 0.001882 -0.008105
v 0.003417 0.001817 -0.008050
v 0.003476 0.001849 -0.008062
v 0.001470 0.003779 -0.008173
v 0.001893 0.003603 -0.008240
v 0.002316 0.003328 -0.008173
v 0.002325 0.003340 -0.008240
v 0.003044 0.002701 -0.008240
v -0.001351 0.003823 -0.008173
v -0.000650 0.004018 -0.008240
v -0.000416 0.004033 -0.008173
v -0.000418 0.004048 -0.008240
v 0.000542 0.004018 -0.008173
v 0.000544 0.004033 -0.008240
v 0.001476 0.003793 -0.008240
v -0.002219 0.003411 -0.008240
v -0.001888 0.003605 -0.008240
v -0.001356 0.003837 -0.008240
v -0.002543 0.002918 -0.008050
v -0.002587 0.002968 -0.008062
v -0.002110 0.003244 -0.008050
v -0.002147 0.003300 -0.008062
v -0.001290 0.003649 -0.008050
v -0.001312 0.003712 -0.008062
v -0.000397 0.003850 -0.008050
v -0.000404 0.003916 -0.008062
v 0.000518 0.003835 -0.008050
v 0.000526 0.003902 -0.008062
v 0.001403 0.003607 -0.008050
v 0.001428 0.003669 -0.008062
v 0.002211 0.003176 -0.008050
v 0.002249 0.003231 -0.008062
v 0.002895 0.002569 -0.008050
v 0.002945 0.002613 -0.008062
v -0.001336 0.003779 -0.008105
v -0.000411 0.003987 -0.008105
v 0.000536 0.003972 -0.008105
v 0.001453 0.003735 -0.008105
v 0.002290 0.003289 -0.008105
v 0.002998 0.002660 -0.008105
v -0.003132 0.002491 -0.008050
v -0.003847 0.002337 -0.008144
v -0.003218 0.002637 -0.008144
v -0.003181 0.002575 -0.008075
v -0.004514 0.002122 -0.008104
v -0.004519 0.002154 -0.008144
v -0.004524 0.002184 -0.008240
v -0.003857 0.002365 -0.008240
v -0.003234 0.002663 -0.008240
v -0.003822 0.002269 -0.008075
v -0.004507 0.002083 -0.008075
v -0.004490 0.001987 -0.008050
v -0.003788 0.002178 -0.008050
v -0.006058 0.002287 -0.008166
v -0.006233 0.002413 -0.008240
v -0.005850 0.002218 -0.008240
v -0.006745 0.002699 -0.008064
v -0.006866 0.003041 -0.008240
v -0.006698 0.002743 -0.008104
v -0.006447 0.002414 -0.008064
v -0.006335 0.002240 -0.008050
v -0.006108 0.002190 -0.008064
v -0.006141 0.002126 -0.008050
v -0.005729 0.002050 -0.008064
v -0.005573 0.001945 -0.008050
v -0.005324 0.001993 -0.008064
v -0.005327 0.001921 -0.008050
v -0.006378 0.002498 -0.008166
v -0.006665 0.002773 -0.008166
v -0.006570 0.002699 -0.008240
v -0.005426 0.002128 -0.008240
v -0.005319 0.002102 -0.008166
v -0.005703 0.002156 -0.008166
v -0.004978 0.002126 -0.008240
v -0.005318 0.002121 -0.008240
v -0.006406 0.002464 -0.008104
v -0.006079 0.002248 -0.008104
v -0.005713 0.002112 -0.008104
v -0.005321 0.002058 -0.008104
v 0.000653 0.005852 -0.006178
v 0.000760 0.005923 -0.006146
v 0.000826 0.005966 -0.006088
v 0.000846 0.005979 -0.006061
v 0.000881 0.006001 -0.005987
v 0.001061 0.005347 -0.005888
v 0.001048 0.005650 -0.005883
v 0.001027 0.005649 -0.005992
v 0.000757 0.005599 -0.006183
v 0.000864 0.005620 -0.006160
v 0.000962 0.005638 -0.006093
v 0.001048 0.005260 -0.005889
v 0.001030 0.005267 -0.005992
v 0.000964 0.005283 -0.006100
v 0.000858 0.005305 -0.006170
v 0.000757 0.005326 -0.006189
v 0.000293 0.001471 -0.005987
v 0.000258 0.001478 -0.006129
v 0.000207 0.001486 -0.006198
v 0.000160 0.001491 -0.006237
v 0.000099 0.001497 -0.006268
v 0.000023 0.001500 -0.006286
v -0.000005 0.001500 -0.006288
v 0.000886 -0.001210 -0.006149
v 0.000861 -0.001228 -0.006158
v 0.001408 -0.001328 -0.006278
v 0.001105 -0.001014 -0.006022
v 0.003585 -0.000096 -0.005303
v 0.001335 -0.000684 -0.005343
v 0.003559 -0.000138 -0.005562
v 0.001325 -0.000704 -0.005526
v 0.003544 -0.000169 -0.005647
v 0.001258 -0.000817 -0.005799
v 0.003501 -0.000276 -0.005838
v 0.003407 -0.000519 -0.006080
v 0.002197 -0.001472 -0.006332
v 0.003109 -0.001233 -0.006316
v 0.001494 -0.001344 -0.006290
v 0.003271 -0.000859 -0.006252
v 0.003910 0.000345 -0.005846
v 0.004097 0.000456 -0.005849
v 0.004219 0.000635 -0.005845
v 0.004216 0.000637 -0.005892
v 0.003907 0.000347 -0.005908
v 0.004091 0.000459 -0.005927
v 0.004212 0.000638 -0.005938
v 0.003845 0.000357 -0.006471
v 0.003743 0.000338 -0.007005
v 0.003845 0.000442 -0.007078
v 0.004004 0.000470 -0.006514
v 0.004106 0.000637 -0.006546
v 0.003908 0.000580 -0.007140
v 0.003516 0.000072 -0.007453
v 0.003541 0.000197 -0.007596
v 0.003516 0.000075 -0.007455
v 0.003527 0.000110 -0.007474
v 0.003563 0.000291 -0.007644
v 0.003686 0.000436 -0.007518
v 0.003652 0.000328 -0.007464
v 0.003568 0.000196 -0.007459
v 0.003545 0.000154 -0.007478
v 0.003755 0.000403 -0.007288
v 0.003648 0.000284 -0.007305
v 0.003624 0.000263 -0.007361
v 0.003855 0.000555 -0.007249
v 0.003568 0.000021 -0.006232
v 0.003568 0.000185 -0.007379
v -0.007705 0.000334 -0.006550
v -0.001239 -0.000845 -0.006550
v -0.007707 0.000335 -0.006509
v -0.001239 -0.000845 -0.006357
v -0.007707 0.000335 -0.006506
v -0.007609 0.000317 -0.006404
v -0.007617 0.000318 -0.006404
v -0.007658 0.000326 -0.006417
v -0.007662 0.000326 -0.006420
v -0.007707 0.000335 -0.006504
v -0.007694 0.000332 -0.006455
v 0.000861 -0.001228 -0.006550
v 0.002918 -0.001604 -0.006550
v 0.002930 -0.001606 -0.006327
v -0.008471 -0.002459 -0.006550
v -0.007257 -0.002638 -0.006550
v -0.000635 -0.005302 -0.006550
v -0.004557 -0.003690 -0.006550
v -0.002455 -0.006068 -0.006550
v -0.004839 -0.004413 -0.006550
v -0.004400 -0.006409 -0.006550
v -0.005444 -0.004899 -0.006550
v -0.007539 -0.003362 -0.006550
v -0.008571 -0.003538 -0.006550
v -0.007421 -0.004130 -0.006550
v -0.008296 -0.004587 -0.006550
v -0.006935 -0.004735 -0.006550
v -0.007679 -0.005478 -0.006550
v -0.006212 -0.005017 -0.006550
v -0.006794 -0.006104 -0.006550
v -0.005748 -0.006389 -0.006550
v 0.002277 -0.002670 -0.006550
v 0.000206 -0.001486 -0.006550
v 0.000970 -0.004150 -0.006550
v -0.000523 -0.001406 -0.006550
v -0.004675 -0.002922 -0.006550
v -0.001127 -0.000990 -0.006550
v -0.005161 -0.002316 -0.006550
v -0.005884 -0.002035 -0.006550
v -0.006652 -0.002153 -0.006550
v -0.007421 -0.004130 -0.008050
v -0.006935 -0.004735 -0.008050
v -0.006212 -0.005017 -0.008050
v -0.005444 -0.004899 -0.008050
v -0.004839 -0.004413 -0.008050
v -0.004557 -0.003690 -0.008050
v -0.005161 -0.002316 -0.008050
v -0.001491 0.000164 -0.008050
v -0.004675 -0.002922 -0.008050
v -0.001461 -0.000338 -0.008050
v -0.005884 -0.002035 -0.008050
v -0.006652 -0.002153 -0.008050
v -0.001127 -0.000990 -0.008050
v -0.000523 -0.001406 -0.008050
v 0.000206 -0.001486 -0.008050
v 0.000885 -0.001211 -0.008050
v -0.000206 0.001486 -0.008050
v 0.000523 0.001406 -0.008050
v -0.007539 -0.003362 -0.008050
v -0.007257 -0.002638 -0.008050
v 0.001127 0.000990 -0.008050
v -0.000885 0.001211 -0.008050
v 0.001461 0.000338 -0.008050
v -0.001353 0.000647 -0.008050
v 0.001491 -0.000164 -0.008050
v 0.001353 -0.000647 -0.008050
v 0.003632 0.000605 -0.007751
v 0.003578 0.000360 -0.007669
v 0.003687 0.000853 -0.007824
v 0.003742 0.001099 -0.007891
v 0.004319 0.000910 -0.005937
v 0.004326 0.000907 -0.005845
v 0.004313 0.000893 -0.005937
v 0.004313 0.000873 -0.005845
v 0.004306 0.000876 -0.005937
v 0.004744 0.002033 -0.005934
v 0.004887 0.002429 -0.005931
v 0.004891 0.002428 -0.005885
v 0.004609 0.001668 -0.005936
v 0.004895 0.002428 -0.005839
v 0.004616 0.001665 -0.005844
v 0.004479 0.001301 -0.005844
v 0.002146 0.028613 -0.005926
v 0.002151 0.028607 -0.006013
v 0.002136 0.028604 -0.005926
v 0.002141 0.028599 -0.006013
v 0.002128 0.028597 -0.005925
v 0.002132 0.028591 -0.006012
v 0.002217 0.028677 -0.005928
v 0.002217 0.028667 -0.006012
v 0.002184 0.028637 -0.006012
v 0.002218 0.028677 -0.005925
v 0.002159 0.028615 -0.006013
v 0.002153 0.028609 -0.006013
v 0.000597 0.026773 -0.005940
v 0.000116 0.026001 -0.006041
v -0.000232 0.025411 -0.005958
v -0.000214 0.025428 -0.006044
v -0.000309 0.025266 -0.005998
v 0.001246 0.027663 -0.005908
v 0.000870 0.027156 -0.006013
v 0.000722 0.026945 -0.006021
v 0.001830 0.028321 -0.005904
v 0.001544 0.028006 -0.005987
v 0.001202 0.027597 -0.005996
v -0.005923 0.013921 -0.006012
v -0.002804 0.020366 -0.006022
v -0.002648 0.020681 -0.006022
v -0.001052 0.023854 -0.006011
v 0.003788 0.020069 -0.010436
v 0.003334 0.019070 -0.010429
v 0.002489 0.019855 -0.010329
v 0.003232 0.018862 -0.010427
v 0.001434 0.018035 -0.010316
v 0.001897 0.016153 -0.010448
v 0.000571 0.016507 -0.010336
v 0.004103 0.023217 -0.010343
v 0.004195 0.022413 -0.010398
v 0.003614 0.021628 -0.010369
v 0.004175 0.021654 -0.010425
v 0.004041 0.020864 -0.010436
v 0.004086 0.023301 -0.010335
v 0.003109 0.022060 -0.010275
v 0.002934 0.021827 -0.010265
v 0.001730 0.020124 -0.010209
v 0.000674 0.018501 -0.010181
v 0.000607 0.018393 -0.010180
v -0.000338 0.016812 -0.010185
v 0.004569 0.031499 -0.006013
v 0.004576 0.031511 -0.006013
v 0.004709 0.031494 -0.006798
v 0.002184 0.028591 -0.006283
v 0.002217 0.028666 -0.006018
v 0.002476 0.028907 -0.006010
v 0.002911 0.029148 -0.006848
v 0.002348 0.028513 -0.007141
v 0.002226 0.028571 -0.006553
v 0.002517 0.028433 -0.007729
v 0.003140 0.029055 -0.007696
v 0.003149 0.029065 -0.007696
v 0.003693 0.030025 -0.006817
v 0.003917 0.029956 -0.007651
v 0.004535 0.030813 -0.007611
v 0.004318 0.030865 -0.006789
v 0.004541 0.030822 -0.007611
v 0.004927 0.031466 -0.007584
v 0.004564 0.031490 -0.006013
v 0.003996 0.030609 -0.006040
v 0.003710 0.030238 -0.006039
v 0.003310 0.029768 -0.006027
v 0.003948 0.023847 -0.010280
v 0.003969 0.023776 -0.010288
v 0.003208 0.024229 -0.010119
v 0.001607 0.027478 -0.007764
v 0.002301 0.028230 -0.007740
v 0.002366 0.028007 -0.008253
v 0.001565 0.027134 -0.008241
v 0.001388 0.027207 -0.007769
v 0.000363 0.025365 -0.008205
v 0.000188 0.025385 -0.007778
v 0.000973 0.026338 -0.008227
v 0.000610 0.026095 -0.007778
v 0.000803 0.026393 -0.007777
v 0.000371 0.025363 -0.008223
v 0.001210 0.026255 -0.008653
v 0.000622 0.025317 -0.008643
v 0.001536 0.026127 -0.009043
v 0.000916 0.025242 -0.008983
v 0.001964 0.025940 -0.009397
v 0.001334 0.025105 -0.009327
v 0.002497 0.025685 -0.009709
v 0.001859 0.024898 -0.009636
v 0.002666 0.024520 -0.009963
v 0.003128 0.025354 -0.009970
v 0.002344 0.024679 -0.009848
v 0.001986 0.024843 -0.009697
v 0.003544 0.024942 -0.010119
v 0.003382 0.025340 -0.010036
v 0.003043 0.026182 -0.009787
v 0.002924 0.026484 -0.009662
v 0.002462 0.027715 -0.008719
v 0.001812 0.027026 -0.008687
v 0.002602 0.027324 -0.009133
v 0.002150 0.026870 -0.009092
v 0.002788 0.026834 -0.009481
v 0.002590 0.026653 -0.009456
v -0.006968 0.004778 -0.010431
v -0.006037 0.004515 -0.010799
v -0.006228 0.003996 -0.010845
v 0.001186 0.020849 -0.010038
v -0.000320 0.024453 -0.007779
v -0.000201 0.024336 -0.008202
v 0.004076 0.023353 -0.010330
v 0.002323 0.022649 -0.010087
v 0.001639 0.023125 -0.009866
v 0.001060 0.023501 -0.009605
v -0.000027 0.024196 -0.008602
v 0.000231 0.024020 -0.008969
v 0.000591 0.023793 -0.009304
v -0.003532 0.018044 -0.007781
v -0.001139 0.022872 -0.007780
v -0.003401 0.017990 -0.008150
v -0.001046 0.022728 -0.008181
v -0.003393 0.017987 -0.008169
v -0.000907 0.022534 -0.008576
v -0.003193 0.017905 -0.008535
v -0.002857 0.017769 -0.008943
v -0.001927 0.017403 -0.009622
v -0.001952 0.017412 -0.009609
v -0.000926 0.019603 -0.009587
v -0.002421 0.017596 -0.009314
v -0.001363 0.019907 -0.009287
v -0.002430 0.017599 -0.009308
v -0.002439 0.017603 -0.009301
v 0.000104 0.018900 -0.010028
v -0.000431 0.019266 -0.009833
v -0.001401 0.017202 -0.009868
v -0.001340 0.017179 -0.009892
v 0.000594 0.021310 -0.009827
v 0.000079 0.021699 -0.009576
v -0.000348 0.022028 -0.009280
v -0.000679 0.022304 -0.008945
v -0.002839 0.017762 -0.008961
v -0.002493 0.012692 -0.010308
v -0.003468 0.010625 -0.010404
v -0.004507 0.010913 -0.010045
v -0.005962 0.007619 -0.010198
v -0.004709 0.007817 -0.010561
v -0.001860 0.013972 -0.010258
v -0.002913 0.014267 -0.009922
v -0.007102 0.010542 -0.007779
v -0.006529 0.011373 -0.008221
v -0.006511 0.007765 -0.009895
v -0.007017 0.007891 -0.009538
v -0.007450 0.007987 -0.009140
v -0.007790 0.008048 -0.008713
v -0.005042 0.011056 -0.009766
v -0.005536 0.011182 -0.009432
v -0.005958 0.011280 -0.009055
v -0.006288 0.011343 -0.008648
v -0.003444 0.014416 -0.009661
v -0.004929 0.014779 -0.008188
v -0.005096 0.014794 -0.007780
v -0.004690 0.014738 -0.008593
v -0.004358 0.014662 -0.008983
v -0.003935 0.014552 -0.009344
v 0.000354 0.026133 -0.006886
v 0.001351 0.027553 -0.006878
v -0.000064 0.025412 -0.006911
v 0.002254 0.028424 -0.007153
v -0.001017 0.023629 -0.006882
v -0.002660 0.020359 -0.006883
v -0.007361 0.010551 -0.006882
v 0.004756 0.002512 -0.006766
v 0.004191 0.000854 -0.006552
v 0.004009 0.000838 -0.007140
v 0.004341 0.001702 -0.007140
v 0.004663 0.002589 -0.007139
v -0.000377 0.010565 -0.010699
v -0.000411 0.009640 -0.010762
v -0.001069 0.009707 -0.010743
v 0.000473 0.007084 -0.010839
v 0.000689 0.006830 -0.010808
v -0.000850 0.005921 -0.011017
v 0.000764 0.006746 -0.010795
v -0.000328 0.008880 -0.010811
v -0.002360 0.006476 -0.010983
v -0.000150 0.008209 -0.010846
v 0.000115 0.007615 -0.010860
v -0.000203 0.011515 -0.010639
v 0.000075 0.012381 -0.010590
v 0.000304 0.013082 -0.010554
v 0.000557 0.013442 -0.010541
v 0.001228 0.014797 -0.010490
v -0.000997 0.013591 -0.010422
v -0.003854 0.006991 -0.010817
v -0.005125 0.004222 -0.011027
v -0.003502 0.003606 -0.011248
v -0.004085 0.003838 -0.011188
v -0.004707 0.004073 -0.011101
v 0.000411 0.005525 -0.010878
v 0.000838 0.006662 -0.010781
v -0.002486 0.010246 -0.010598
v 0.004441 0.002793 -0.007761
v 0.004415 0.002819 -0.007819
v 0.004127 0.003103 -0.008361
v 0.003730 0.003510 -0.008933
v 0.003587 0.003595 -0.009093
v 0.003192 0.004075 -0.009540
v 0.002928 0.003700 -0.009661
v 0.002648 0.004659 -0.010012
v 0.002222 0.003851 -0.010148
v 0.002097 0.005259 -0.010368
v 0.002545 0.004770 -0.010087
v 0.001531 0.005884 -0.010614
v 0.003959 0.000709 -0.007140
v 0.003570 0.000326 -0.007656
v 0.004259 0.000757 -0.005937
v 0.004266 0.000754 -0.005845
v 0.003022 -0.001421 -0.006321
v -0.000206 0.001486 -0.006290
v -0.001455 -0.000363 -0.006348
v -0.001491 0.000164 -0.006336
v -0.001236 0.000850 -0.006317
v -0.000885 0.001211 -0.006305
v -0.000714 0.001319 -0.006300
v 0.002236 0.028758 -0.005010
v 0.001850 0.009537 0.000578
v 0.001279 0.011515 0.000635
v 0.002994 0.015950 0.000463
v 0.003825 0.015882 0.000382
v 0.002884 0.012736 0.000439
v 0.002378 0.011136 0.000497
v 0.005616 0.021263 0.000503
v 0.005272 0.021349 0.000499
v 0.004357 0.019485 0.000466
v 0.004429 0.021621 0.000447
v 0.006134 0.021834 0.000515
v 0.006317 0.022188 0.000529
v 0.006172 0.022291 0.000533
v 0.004303 0.023562 0.000350
v 0.005297 0.022894 0.000487
v 0.005331 0.022871 0.000490
v 0.005940 0.022453 0.000529
v 0.004764 0.019398 0.000461
v 0.004663 0.018357 0.000411
v 0.005853 0.021235 0.000494
v 0.003466 0.017458 0.000448
v 0.006747 0.010325 -0.002872
v 0.006802 0.010597 -0.002872
v 0.006468 0.010376 -0.002272
v 0.004640 0.014500 -0.000043
v 0.004943 0.015909 -0.000026
v 0.004390 0.015882 0.000221
v 0.003179 0.004426 -0.000380
v 0.003840 0.004349 -0.000938
v 0.004431 0.004316 -0.001549
v 0.004917 0.004328 -0.002200
v 0.003026 0.006224 -0.000005
v 0.001533 0.006413 0.000625
v 0.002570 0.009564 0.000409
v 0.004232 0.012930 -0.000001
v 0.006259 0.016090 -0.000977
v 0.006053 0.016050 -0.000791
v 0.005900 0.014743 -0.000803
v 0.005574 0.015974 -0.000415
v 0.007524 0.016490 -0.002860
v 0.007144 0.016333 -0.002053
v 0.007522 0.015434 -0.002860
v 0.007274 0.015252 -0.002312
v 0.007521 0.015418 -0.002860
v 0.007430 0.014351 -0.002865
v 0.007116 0.013878 -0.002300
v 0.007400 0.014099 -0.002866
v 0.006841 0.012245 -0.002288
v 0.007157 0.012485 -0.002871
v 0.005544 0.005373 -0.002864
v 0.005635 0.005698 -0.002865
v 0.005492 0.006306 -0.002226
v 0.005831 0.006419 -0.002866
v 0.006568 0.009481 -0.002871
v 0.005004 0.006227 -0.001599
v 0.006000 0.010167 -0.001684
v 0.004410 0.006187 -0.001010
v 0.005425 0.009983 -0.001135
v 0.003743 0.006186 -0.000472
v 0.004766 0.009828 -0.000634
v 0.005590 0.013238 -0.000755
v 0.006196 0.013435 -0.001226
v 0.006453 0.014902 -0.001268
v 0.006595 0.016167 -0.001323
v 0.006711 0.013651 -0.001744
v 0.006916 0.015075 -0.001774
v 0.006991 0.016281 -0.001819
v 0.003544 0.012818 0.000261
v 0.005285 0.014608 -0.000390
v 0.004924 0.013069 -0.000344
v 0.003312 0.009620 0.000154
v 0.004052 0.009707 -0.000199
v 0.002283 0.006302 0.000366
v 0.008084 0.020108 -0.002861
v 0.008406 0.020731 -0.002861
v 0.008143 0.020911 -0.002054
v 0.006622 0.021974 0.000420
v 0.006174 0.020979 0.000359
v 0.006983 0.021721 0.000138
v 0.006783 0.021861 0.000312
v 0.006638 0.021962 0.000410
v 0.006534 0.020709 0.000073
v 0.006883 0.020452 -0.000343
v 0.007379 0.021445 -0.000355
v 0.007189 0.020223 -0.000861
v 0.007650 0.021256 -0.000830
v 0.007897 0.021084 -0.001380
v 0.007437 0.020026 -0.001436
v 0.007630 0.019856 -0.002009
v 0.007576 0.018388 -0.002861
v 0.007787 0.019315 -0.002861
v 0.007876 0.019590 -0.002861
v 0.007303 0.017259 -0.002397
v 0.007520 0.017918 -0.002861
v 0.007236 0.018514 -0.001955
v 0.007036 0.017213 -0.001889
v 0.006697 0.017175 -0.001371
v 0.006287 0.017153 -0.000867
v 0.005814 0.017151 -0.000407
v 0.005297 0.017176 -0.000026
v 0.004767 0.017226 0.000245
v 0.006989 0.018600 -0.001408
v 0.006677 0.018707 -0.000868
v 0.006304 0.018841 -0.000379
v 0.005885 0.019002 0.000019
v 0.005454 0.019182 0.000297
v 0.008080 0.021994 -0.000792
v 0.007773 0.022267 -0.000238
v 0.007437 0.022566 0.000205
v 0.007586 0.023650 0.000518
v 0.007377 0.023956 0.000589
v 0.007957 0.024188 0.000538
v 0.008202 0.024468 0.000537
v 0.008044 0.024716 0.000598
v 0.008003 0.024788 0.000601
v 0.008997 0.022127 -0.001988
v 0.008550 0.021566 -0.002008
v 0.008246 0.023814 0.000276
v 0.007883 0.023294 0.000248
v 0.008577 0.023438 -0.000172
v 0.008209 0.022945 -0.000199
v 0.008901 0.023093 -0.000739
v 0.008517 0.022625 -0.000762
v 0.008784 0.022350 -0.001381
v 0.008490 0.024109 0.000287
v 0.008381 0.024236 0.000397
v 0.010117 0.022691 -0.002860
v 0.009164 0.021768 -0.002860
v 0.008795 0.021317 -0.002861
v 0.008409 0.020737 -0.002861
v 0.009631 0.023022 -0.001606
v 0.009204 0.023389 -0.000741
v 0.008932 0.023648 -0.000289
v 0.008502 0.024096 0.000274
v 0.007362 0.025607 0.000580
v 0.006629 0.026130 0.000484
v 0.005726 0.025181 0.000444
v 0.006581 0.024628 0.000556
v 0.007367 0.025603 0.000580
v 0.004880 0.024236 0.000389
v 0.007043 0.024272 0.000589
v 0.007696 0.025246 0.000603
v 0.007412 0.025560 0.000585
v 0.004079 0.024755 0.000237
v 0.004869 0.025585 0.000301
v 0.004111 0.026043 0.000109
v 0.003425 0.026433 -0.000146
v 0.002833 0.026750 -0.000465
v 0.002989 0.028199 -0.001270
v 0.002740 0.028325 -0.001703
v 0.002422 0.028345 -0.002266
v 0.002623 0.027829 -0.001238
v 0.003008 0.027631 -0.000797
v 0.003441 0.027959 -0.000752
v 0.003664 0.027838 -0.000566
v 0.003503 0.027366 -0.000413
v 0.003933 0.027689 -0.000377
v 0.004098 0.027035 -0.000092
v 0.004717 0.027247 0.000017
v 0.003946 0.027681 -0.000369
v 0.004776 0.026645 0.000159
v 0.005514 0.026203 0.000343
v 0.005928 0.026545 0.000362
v 0.006009 0.026497 0.000378
v 0.005302 0.003984 -0.003457
v 0.005834 0.005791 -0.003453
v 0.006774 0.009641 -0.003435
v 0.007174 0.011635 -0.003428
v 0.007466 0.013389 -0.003429
v 0.007617 0.014575 -0.003436
v 0.007689 0.015564 -0.003449
v 0.007684 0.016566 -0.003447
v 0.007788 0.015656 -0.004041
v 0.007790 0.015727 -0.004044
v 0.007784 0.016614 -0.004077
v 0.007728 0.014745 -0.004019
v 0.007584 0.013519 -0.004021
v 0.007492 0.012896 -0.004023
v 0.006816 0.009334 -0.004066
v 0.005950 0.005825 -0.004080
v 0.005437 0.004081 -0.004070
v 0.008030 0.019130 -0.004126
v 0.008021 0.019453 -0.003483
v 0.007728 0.018213 -0.003483
v 0.009726 0.021958 -0.004105
v 0.010379 0.022570 -0.004078
v 0.010279 0.022616 -0.003451
v 0.009170 0.021329 -0.004132
v 0.009449 0.021663 -0.004121
v 0.009344 0.021702 -0.003483
v 0.008278 0.020090 -0.003483
v 0.008317 0.019909 -0.004142
v 0.008701 0.020650 -0.004144
v 0.007845 0.018321 -0.004104
v 0.007669 0.017096 -0.003483
v 0.007766 0.017488 -0.004088
v 0.007783 0.016624 -0.004078
v 0.008601 0.020699 -0.003483
v 0.010960 0.023492 -0.002859
v 0.011658 0.024237 -0.002857
v 0.011298 0.024420 -0.001960
v 0.012460 0.025206 -0.002851
v 0.013003 0.025943 -0.002846
v 0.012650 0.026089 -0.001947
v 0.013544 0.027980 -0.001255
v 0.013841 0.027892 -0.001933
v 0.014364 0.028824 -0.001929
v 0.013166 0.028088 -0.000594
v 0.014074 0.028891 -0.001246
v 0.014830 0.029762 -0.001931
v 0.015034 0.029724 -0.002504
v 0.015138 0.029705 -0.002819
v 0.014324 0.028079 -0.002828
v 0.014168 0.027798 -0.002830
v 0.013130 0.026127 -0.002844
v 0.011741 0.024331 -0.002857
v 0.009341 0.025717 0.000542
v 0.009048 0.026048 0.000607
v 0.009029 0.026025 0.000606
v 0.008588 0.025482 0.000602
v 0.009757 0.025398 0.000293
v 0.010997 0.024600 -0.001334
v 0.012341 0.026226 -0.001294
v 0.010630 0.024834 -0.000701
v 0.011957 0.026396 -0.000647
v 0.010208 0.025105 -0.000138
v 0.011502 0.026587 -0.000085
v 0.010994 0.026794 0.000333
v 0.010490 0.027057 0.000568
v 0.010343 0.027796 0.000633
v 0.011829 0.030287 0.000592
v 0.012047 0.029337 0.000561
v 0.012490 0.030172 0.000532
v 0.012671 0.029184 0.000355
v 0.013130 0.030061 0.000329
v 0.013234 0.029072 -0.000032
v 0.013695 0.029963 -0.000050
v 0.013701 0.028975 -0.000583
v 0.014166 0.029880 -0.000595
v 0.014541 0.029814 -0.001253
v 0.012702 0.028209 -0.000036
v 0.012154 0.028344 0.000361
v 0.011564 0.028537 0.000577
v 0.011004 0.028823 0.000632
v 0.008676 0.026400 0.000608
v 0.008299 0.026703 0.000585
v 0.007548 0.027149 0.000496
v 0.008425 0.028362 0.000501
v 0.009996 0.029261 0.000586
v 0.009107 0.029581 0.000493
v 0.010623 0.030499 0.000559
v 0.009605 0.030678 0.000469
v 0.010506 0.029049 0.000620
v 0.009215 0.027957 0.000591
v 0.007981 0.027709 0.000500
v 0.009646 0.027696 0.000620
v 0.004702 0.030773 -0.001960
v 0.007598 0.028657 0.000357
v 0.006774 0.027498 0.000365
v 0.005990 0.027846 0.000168
v 0.004609 0.028442 -0.000437
v 0.005258 0.028165 -0.000100
v 0.004068 0.028669 -0.000835
v 0.003649 0.028842 -0.001281
v 0.003348 0.028964 -0.001769
v 0.004101 0.029885 -0.001861
v 0.004385 0.029791 -0.001396
v 0.004797 0.029650 -0.000950
v 0.005342 0.029459 -0.000535
v 0.006008 0.029223 -0.000168
v 0.006770 0.028952 0.000133
v 0.008239 0.029839 0.000336
v 0.007372 0.030072 0.000083
v 0.006586 0.030283 -0.000253
v 0.005910 0.030465 -0.000650
v 0.005366 0.030609 -0.001082
v 0.004967 0.030711 -0.001524
v 0.005086 0.031445 -0.002020
v 0.005345 0.031407 -0.001602
v 0.005743 0.031344 -0.001165
v 0.006292 0.031253 -0.000726
v 0.006982 0.031135 -0.000314
v 0.007791 0.030996 0.000039
v 0.008689 0.030839 0.000308
v 0.004897 0.002434 -0.004161
v 0.006635 0.008494 -0.004170
v 0.005345 0.003766 -0.004163
v 0.005962 0.005838 -0.004173
v 0.006029 0.006083 -0.004174
v 0.006824 0.009334 -0.004160
v 0.007156 0.010935 -0.004154
v 0.007500 0.012896 -0.004119
v 0.007541 0.013164 -0.004116
v 0.007745 0.014844 -0.004115
v 0.007803 0.016041 -0.004145
v 0.007790 0.016636 -0.004170
v 0.007793 0.016563 -0.004167
v 0.010384 0.022565 -0.004170
v 0.010073 0.022282 -0.004181
v 0.009522 0.021732 -0.004208
v 0.008966 0.021042 -0.004231
v 0.008518 0.020309 -0.004237
v 0.008198 0.019600 -0.004228
v 0.007953 0.018814 -0.004209
v 0.007810 0.018008 -0.004188
v 0.007772 0.017118 -0.004176
v 0.010392 0.022572 -0.004169
v 0.010400 0.022579 -0.004169
v 0.010397 0.022581 -0.004124
v 0.010380 0.022572 -0.004078
v 0.010388 0.022579 -0.004078
v 0.010394 0.022584 -0.004078
v 0.011124 0.023423 -0.003450
v 0.012450 0.024769 -0.004039
v 0.011907 0.024268 -0.003448
v 0.012626 0.025149 -0.003444
v 0.016345 0.032384 -0.003431
v 0.016430 0.032388 -0.003956
v 0.016923 0.034429 -0.003447
v 0.016811 0.033618 -0.004022
v 0.017033 0.034446 -0.004078
v 0.014093 0.027185 -0.003960
v 0.014564 0.028032 -0.003930
v 0.014484 0.028046 -0.003430
v 0.014884 0.028654 -0.003916
v 0.015520 0.030202 -0.003424
v 0.015625 0.030269 -0.003901
v 0.016243 0.031852 -0.003930
v 0.013753 0.026621 -0.003982
v 0.013295 0.026077 -0.003439
v 0.013328 0.025966 -0.004004
v 0.011453 0.023619 -0.004066
v 0.016748 0.034401 -0.002860
v 0.016186 0.032378 -0.002828
v 0.015365 0.030216 -0.002818
v 0.012388 0.031402 0.000547
v 0.013040 0.031321 0.000486
v 0.013677 0.031248 0.000287
v 0.014246 0.031192 -0.000089
v 0.014727 0.031154 -0.000628
v 0.015117 0.031135 -0.001276
v 0.015421 0.031134 -0.001942
v 0.015639 0.031148 -0.002505
v 0.012900 0.032526 0.000485
v 0.013530 0.032459 0.000425
v 0.014147 0.032407 0.000227
v 0.014704 0.032374 -0.000146
v 0.015180 0.032363 -0.000679
v 0.015570 0.032373 -0.001317
v 0.015878 0.032402 -0.001968
v 0.016101 0.032447 -0.002517
v 0.013788 0.034796 0.000278
v 0.014338 0.034662 0.000229
v 0.014883 0.034552 0.000043
v 0.015378 0.034471 -0.000316
v 0.015804 0.034417 -0.000830
v 0.016156 0.034389 -0.001440
v 0.016434 0.034382 -0.002054
v 0.016636 0.034389 -0.002565
v 0.013395 0.037370 -0.000103
v 0.014009 0.039657 -0.000582
v 0.013438 0.039757 -0.000636
v 0.011666 0.032768 0.000454
v 0.012598 0.035057 0.000242
v 0.014173 0.035953 0.000123
v 0.014518 0.037118 -0.000069
v 0.014823 0.038289 -0.000302
v 0.015085 0.039468 -0.000583
v 0.010582 0.032959 0.000354
v 0.011523 0.035247 0.000130
v 0.012362 0.037552 -0.000223
v 0.013011 0.039832 -0.000702
v 0.015465 0.041583 -0.002009
v 0.015031 0.041976 -0.002197
v 0.014971 0.041636 -0.001762
v 0.015108 0.042449 -0.003254
v 0.015105 0.042450 -0.003254
v 0.015072 0.042217 -0.002601
v 0.014520 0.042683 -0.003255
v 0.013680 0.042900 -0.003254
v 0.013947 0.042614 -0.002583
v 0.013625 0.042909 -0.003254
v 0.013611 0.042829 -0.002931
v 0.015561 0.042177 -0.003251
v 0.015540 0.042052 -0.002871
v 0.015523 0.041945 -0.002625
v 0.015522 0.041939 -0.002612
v 0.015289 0.040542 -0.001004
v 0.015372 0.041018 -0.001363
v 0.014324 0.041381 -0.001332
v 0.015373 0.041026 -0.001370
v 0.015429 0.041363 -0.001724
v 0.014232 0.040840 -0.000990
v 0.014124 0.040246 -0.000743
v 0.015191 0.040008 -0.000746
v 0.013141 0.040409 -0.000855
v 0.013558 0.040352 -0.000793
v 0.013142 0.040413 -0.000856
v 0.013670 0.040955 -0.001029
v 0.013582 0.042669 -0.002566
v 0.013536 0.042417 -0.002189
v 0.013907 0.042358 -0.002174
v 0.013465 0.042037 -0.001779
v 0.013846 0.041986 -0.001749
v 0.013374 0.041558 -0.001399
v 0.013766 0.041510 -0.001354
v 0.013372 0.041549 -0.001392
v 0.013266 0.041011 -0.001087
v 0.014641 0.042642 -0.003254
v 0.014498 0.042455 -0.002588
v 0.014459 0.042204 -0.002176
v 0.014401 0.041843 -0.001742
v 0.012883 0.042861 -0.003254
v 0.012521 0.042732 -0.003254
v 0.012530 0.042671 -0.002987
v 0.012083 0.041502 -0.001759
v 0.012511 0.041565 -0.001603
v 0.012685 0.042022 -0.001928
v 0.012124 0.040527 -0.001151
v 0.012319 0.041056 -0.001339
v 0.011878 0.041033 -0.001526
v 0.012954 0.042879 -0.003254
v 0.012952 0.042807 -0.002956
v 0.012913 0.042656 -0.002633
v 0.012823 0.042393 -0.002283
v 0.012444 0.039932 -0.000841
v 0.011938 0.040021 -0.001028
v 0.011745 0.040055 -0.001118
v 0.011479 0.040968 -0.001740
v 0.011087 0.040171 -0.001535
v 0.011078 0.040173 -0.001541
v 0.011128 0.040865 -0.001976
v 0.010859 0.040212 -0.001743
v 0.010830 0.040736 -0.002230
v 0.010563 0.040263 -0.002126
v 0.010344 0.040375 -0.002776
v 0.010301 0.040307 -0.002770
v 0.010406 0.040290 -0.002450
v 0.012499 0.042531 -0.002695
v 0.012410 0.042283 -0.002376
v 0.012266 0.041931 -0.002053
v 0.011673 0.041381 -0.001941
v 0.011060 0.041237 -0.002533
v 0.011436 0.041529 -0.002361
v 0.011541 0.041797 -0.002607
v 0.011598 0.041984 -0.002848
v 0.011585 0.042116 -0.003253
v 0.011424 0.041967 -0.003253
v 0.011134 0.041442 -0.002731
v 0.011170 0.041584 -0.002927
v 0.011119 0.041645 -0.003253
v 0.010956 0.040993 -0.002358
v 0.010561 0.040264 -0.002130
v 0.010385 0.040447 -0.002797
v 0.010436 0.040559 -0.002871
v 0.010450 0.040600 -0.002913
v 0.012043 0.042467 -0.003253
v 0.012071 0.042428 -0.003025
v 0.012051 0.042306 -0.002769
v 0.011975 0.042083 -0.002486
v 0.011845 0.041765 -0.002199
v 0.010446 0.040730 -0.003254
v 0.010470 0.040686 -0.003044
v 0.009942 0.037982 -0.001225
v 0.009550 0.038052 -0.001575
v 0.009260 0.038100 -0.001937
v 0.011014 0.037790 -0.000610
v 0.010434 0.037894 -0.000897
v 0.011664 0.037675 -0.000380
v 0.008925 0.038144 -0.002682
v 0.009061 0.038129 -0.002305
v 0.007532 0.035898 -0.002592
v 0.007701 0.035909 -0.002190
v 0.010721 0.035387 -0.000039
v 0.009974 0.035519 -0.000293
v 0.009302 0.035639 -0.000617
v 0.008729 0.035741 -0.000987
v 0.008270 0.035821 -0.001383
v 0.007930 0.035876 -0.001788
v 0.009698 0.033114 0.000183
v 0.008873 0.033259 -0.000084
v 0.008132 0.033389 -0.000429
v 0.007498 0.033499 -0.000827
v 0.006992 0.033585 -0.001251
v 0.006621 0.033645 -0.001679
v 0.002726 0.029160 -0.004071
v 0.003610 0.030127 -0.004050
v 0.003705 0.030243 -0.004048
v 0.004183 0.030887 -0.004052
v 0.004558 0.031494 -0.004074
v 0.005599 0.004435 -0.005008
v 0.004946 0.002444 -0.004990
v 0.005277 0.003417 -0.004990
v 0.006003 0.005827 -0.004999
v 0.006025 0.005907 -0.005000
v 0.006880 0.009383 -0.005000
v 0.007788 0.014802 -0.005000
v 0.007561 0.012986 -0.005000
v 0.007833 0.016638 -0.005000
v 0.010429 0.022547 -0.004990
v 0.009538 0.021689 -0.004990
v 0.008300 0.019749 -0.004991
v 0.008673 0.020509 -0.004990
v 0.009151 0.021228 -0.004990
v 0.008045 0.019007 -0.004991
v 0.007872 0.018161 -0.004992
v 0.007813 0.017322 -0.004994
v 0.011645 0.023819 -0.004109
v 0.012769 0.025173 -0.004075
v 0.013758 0.026619 -0.004029
v 0.014618 0.028124 -0.003975
v 0.016592 0.032869 -0.004028
v 0.016026 0.031253 -0.003957
v 0.015369 0.029669 -0.003951
v 0.016594 0.032866 -0.004075
v 0.017040 0.034442 -0.004169
v 0.017037 0.034444 -0.004123
v 0.016028 0.031251 -0.004003
v 0.015372 0.029669 -0.003998
v 0.014621 0.028124 -0.004023
v 0.013761 0.026619 -0.004076
v 0.012772 0.025172 -0.004122
v 0.011647 0.023817 -0.004155
v 0.017036 0.034459 -0.004078
v 0.017045 0.034465 -0.004170
v 0.017038 0.034469 -0.004078
v 0.017042 0.034452 -0.004170
v 0.017045 0.034463 -0.004170
v 0.017229 0.038453 -0.002891
v 0.017227 0.037543 -0.002882
v 0.017318 0.037608 -0.003463
v 0.017087 0.035177 -0.003447
v 0.016965 0.035369 -0.002867
v 0.016832 0.034746 -0.002863
v 0.017247 0.036296 -0.003452
v 0.017180 0.036854 -0.002877
v 0.017109 0.036245 -0.002872
v 0.017209 0.038787 -0.002895
v 0.017313 0.037816 -0.003423
v 0.017335 0.036771 -0.003814
v 0.017255 0.035639 -0.004027
v 0.017085 0.039478 -0.002669
v 0.017027 0.039769 -0.002712
v 0.016907 0.039643 -0.002119
v 0.015803 0.038182 -0.000513
v 0.016227 0.038187 -0.000796
v 0.016107 0.039412 -0.000880
v 0.016285 0.039434 -0.001024
v 0.016612 0.038887 -0.001287
v 0.016437 0.039462 -0.001187
v 0.016866 0.038962 -0.001736
v 0.016703 0.039539 -0.001598
v 0.017039 0.039044 -0.002202
v 0.017149 0.039133 -0.002720
v 0.017068 0.038339 -0.002166
v 0.017205 0.038815 -0.002880
v 0.016588 0.038221 -0.001196
v 0.016870 0.038275 -0.001673
v 0.015283 0.039437 -0.000599
v 0.015330 0.038214 -0.000357
v 0.015932 0.039402 -0.000776
v 0.015735 0.039401 -0.000693
v 0.015524 0.039412 -0.000636
v 0.015048 0.036993 -0.000117
v 0.015552 0.036903 -0.000281
v 0.016007 0.036847 -0.000593
v 0.016395 0.036819 -0.001039
v 0.016709 0.036812 -0.001569
v 0.016943 0.036821 -0.002111
v 0.014710 0.035793 0.000078
v 0.015229 0.035663 -0.000096
v 0.015697 0.035564 -0.000435
v 0.016096 0.035492 -0.000920
v 0.016424 0.035443 -0.001496
v 0.016681 0.035412 -0.002078
v 0.016817 0.040580 -0.003192
v 0.016818 0.040567 -0.003161
v 0.016879 0.040375 -0.003039
v 0.016840 0.040476 -0.003054
v 0.016916 0.040243 -0.002950
v 0.016662 0.040835 -0.002961
v 0.016509 0.041180 -0.003238
v 0.016186 0.041618 -0.003243
v 0.016782 0.040364 -0.002454
v 0.016738 0.040563 -0.002616
v 0.016431 0.040830 -0.002162
v 0.015598 0.039921 -0.000791
v 0.015964 0.039871 -0.000913
v 0.016275 0.039853 -0.001134
v 0.016831 0.040134 -0.002330
v 0.016886 0.039891 -0.002260
v 0.016533 0.039853 -0.001452
v 0.015662 0.040430 -0.001044
v 0.015710 0.040881 -0.001398
v 0.015742 0.041254 -0.001816
v 0.015989 0.041581 -0.002652
v 0.016799 0.040635 -0.003233
v 0.016809 0.040606 -0.003215
v 0.016980 0.040006 -0.002834
v 0.016964 0.040079 -0.002887
v 0.016917 0.040238 -0.002949
v 0.016460 0.040551 -0.001858
v 0.016492 0.040220 -0.001611
v 0.016684 0.040172 -0.001956
v 0.016738 0.039867 -0.001843
v 0.016233 0.040967 -0.001989
v 0.016007 0.041105 -0.001875
v 0.016249 0.040652 -0.001631
v 0.016003 0.040759 -0.001479
v 0.016261 0.040275 -0.001334
v 0.015988 0.040342 -0.001145
v 0.016365 0.041220 -0.002770
v 0.015969 0.041845 -0.003246
v 0.016093 0.041919 -0.004025
v 0.015585 0.042337 -0.004076
v 0.015576 0.042270 -0.003655
v 0.015840 0.042156 -0.004082
v 0.016765 0.040734 -0.003311
v 0.016798 0.040638 -0.003238
v 0.016730 0.040829 -0.003382
v 0.016406 0.041501 -0.003832
v 0.015575 0.042352 -0.004167
v 0.016782 0.040738 -0.003499
v 0.016455 0.041443 -0.003932
v 0.016318 0.041655 -0.004033
v 0.016135 0.041886 -0.004120
v 0.015982 0.042043 -0.004162
v 0.015851 0.042157 -0.004175
v 0.015573 0.042354 -0.004167
v 0.013635 0.042969 -0.003610
v 0.013643 0.043015 -0.003966
v 0.013653 0.043014 -0.003967
v 0.013662 0.043013 -0.003968
v 0.014194 0.042899 -0.003979
v 0.014617 0.042770 -0.003974
v 0.015066 0.042602 -0.003991
v 0.012980 0.042945 -0.003621
v 0.011371 0.041998 -0.003620
v 0.011791 0.042359 -0.003620
v 0.010377 0.040743 -0.003621
v 0.010638 0.041130 -0.003620
v 0.010325 0.040752 -0.003987
v 0.010673 0.041256 -0.003963
v 0.011153 0.041829 -0.003913
v 0.012794 0.042931 -0.003889
v 0.012270 0.042705 -0.003861
v 0.012225 0.042646 -0.003620
v 0.012062 0.042583 -0.003859
v 0.011708 0.042333 -0.003867
v 0.011302 0.041979 -0.003898
v 0.012978 0.042982 -0.003905
v 0.013229 0.043022 -0.003924
v 0.007470 0.036130 -0.003330
v 0.010319 0.040743 -0.003987
v 0.010312 0.040733 -0.003987
v 0.007380 0.036171 -0.003988
v 0.005153 0.032500 -0.003987
v 0.007346 0.036130 -0.004074
v 0.004569 0.031514 -0.004074
v 0.010306 0.040737 -0.004074
v 0.004563 0.031504 -0.004074
v 0.002831 0.029334 -0.004990
v 0.003569 0.030154 -0.004990
v 0.004148 0.030923 -0.004990
v 0.004516 0.031518 -0.004990
v 0.007430 0.014351 -0.007135
v 0.007400 0.014099 -0.007134
v 0.007114 0.013876 -0.007704
v 0.006568 0.009481 -0.007129
v 0.005831 0.006419 -0.007134
v 0.005490 0.006305 -0.007778
v 0.005635 0.005698 -0.007135
v 0.005544 0.005373 -0.007136
v 0.004915 0.004328 -0.007804
v 0.003162 0.004428 -0.009633
v 0.003829 0.004350 -0.009072
v 0.001502 0.006419 -0.010633
v 0.002256 0.006305 -0.010377
v 0.002378 0.011136 -0.010497
v 0.002884 0.012736 -0.010439
v 0.003515 0.012814 -0.010270
v 0.006259 0.016090 -0.009023
v 0.006587 0.016165 -0.008686
v 0.006444 0.014899 -0.008740
v 0.007144 0.016333 -0.007947
v 0.007524 0.016490 -0.007140
v 0.007522 0.015434 -0.007140
v 0.006911 0.015073 -0.008233
v 0.006974 0.016275 -0.008205
v 0.007272 0.015251 -0.007691
v 0.007521 0.015418 -0.007140
v 0.006053 0.016050 -0.009209
v 0.005886 0.014739 -0.009207
v 0.005557 0.015972 -0.009597
v 0.004943 0.015909 -0.009974
v 0.005547 0.015971 -0.009604
v 0.004904 0.013064 -0.009668
v 0.004207 0.012925 -0.010010
v 0.004365 0.015881 -0.010230
v 0.003825 0.015882 -0.010382
v 0.004362 0.015881 -0.010232
v 0.003726 0.006186 -0.009540
v 0.003004 0.006226 -0.010007
v 0.004425 0.004316 -0.008458
v 0.006466 0.010375 -0.007731
v 0.006802 0.010597 -0.007128
v 0.006747 0.010325 -0.007128
v 0.007157 0.012485 -0.007129
v 0.006839 0.012244 -0.007715
v 0.005994 0.010165 -0.008323
v 0.004997 0.006226 -0.008409
v 0.004398 0.006187 -0.009000
v 0.005575 0.013234 -0.009255
v 0.006186 0.013431 -0.008783
v 0.006706 0.013648 -0.008263
v 0.005414 0.009980 -0.008875
v 0.004750 0.009825 -0.009377
v 0.004030 0.009704 -0.009813
v 0.003285 0.009618 -0.010165
v 0.002539 0.009563 -0.010417
v 0.001850 0.009537 -0.010578
v 0.005962 0.005838 -0.005827
v 0.006431 0.007637 -0.005823
v 0.005770 0.005160 -0.005831
v 0.005072 0.002938 -0.005838
v 0.006837 0.009392 -0.005840
v 0.006978 0.010052 -0.005843
v 0.007373 0.012118 -0.005864
v 0.007665 0.014077 -0.005884
v 0.007790 0.016636 -0.005830
v 0.007789 0.015488 -0.005871
v 0.007742 0.014806 -0.005885
v 0.007839 0.017865 -0.005004
v 0.010429 0.022547 -0.005010
v 0.010429 0.022547 -0.005000
v 0.009532 0.021683 -0.005010
v 0.009510 0.021658 -0.005000
v 0.008986 0.021003 -0.005010
v 0.008981 0.020994 -0.005000
v 0.008619 0.020414 -0.005000
v 0.008547 0.020280 -0.005010
v 0.008289 0.019722 -0.004995
v 0.008207 0.019510 -0.005009
v 0.007815 0.017168 -0.005005
v 0.007845 0.017936 -0.005007
v 0.007932 0.018527 -0.005000
v 0.007972 0.018718 -0.005008
v 0.008093 0.019171 -0.004997
v 0.017087 0.034455 -0.004990
v 0.016641 0.032856 -0.004990
v 0.016068 0.031211 -0.004990
v 0.015400 0.029604 -0.004990
v 0.014639 0.028048 -0.004990
v 0.013775 0.026551 -0.004990
v 0.012791 0.025122 -0.004990
v 0.011671 0.023778 -0.004990
v 0.017229 0.035388 -0.004145
v 0.017264 0.035650 -0.004118
v 0.017304 0.036038 -0.004063
v 0.017323 0.036297 -0.004018
v 0.017344 0.036798 -0.003905
v 0.017347 0.037140 -0.003804
v 0.017317 0.037906 -0.003499
v 0.017211 0.038849 -0.002996
v 0.017178 0.039056 -0.002905
v 0.017199 0.038926 -0.002957
v 0.017102 0.039491 -0.002843
v 0.017057 0.039720 -0.002878
v 0.017045 0.039745 -0.002795
v 0.017144 0.039263 -0.002855
v 0.017009 0.039943 -0.002955
v 0.016963 0.040141 -0.003082
v 0.016942 0.040192 -0.003016
v 0.016870 0.040476 -0.003317
v 0.016846 0.040529 -0.003254
v 0.016860 0.040507 -0.003340
v 0.016826 0.040589 -0.003299
v 0.016850 0.040539 -0.003361
v 0.016783 0.040736 -0.003498
v 0.016818 0.040636 -0.003429
v 0.016012 0.042075 -0.004990
v 0.016854 0.040768 -0.004990
v 0.016635 0.041242 -0.004990
v 0.016358 0.041684 -0.004990
v 0.015596 0.042390 -0.004990
v 0.015190 0.042556 -0.004093
v 0.014613 0.042779 -0.004063
v 0.014179 0.042910 -0.004067
v 0.013647 0.043022 -0.004055
v 0.013617 0.043026 -0.004053
v 0.013632 0.043024 -0.004054
v 0.013117 0.043016 -0.004008
v 0.012953 0.042983 -0.003991
v 0.012578 0.042860 -0.003960
v 0.012059 0.042589 -0.003945
v 0.011302 0.041989 -0.003985
v 0.010313 0.040747 -0.004074
v 0.010320 0.040757 -0.004074
v 0.010729 0.041342 -0.004044
v 0.010934 0.041595 -0.004021
v 0.007305 0.036155 -0.004990
v 0.007323 0.036184 -0.004990
v 0.010266 0.040763 -0.004990
v 0.002831 0.029334 -0.005010
v 0.002236 0.028758 -0.005000
v 0.003479 0.030047 -0.005010
v 0.003569 0.030154 -0.005010
v 0.004034 0.030757 -0.005010
v 0.004148 0.030923 -0.005010
v 0.004516 0.031518 -0.005010
v 0.001271 0.011517 -0.010636
v 0.002994 0.015950 -0.010463
v 0.005954 0.005823 -0.005870
v 0.005441 0.004080 -0.005880
v 0.006821 0.009334 -0.005884
v 0.007497 0.012896 -0.005926
v 0.007733 0.014744 -0.005930
v 0.007788 0.016630 -0.005873
v 0.007795 0.015725 -0.005907
v 0.007783 0.016624 -0.005922
v 0.007791 0.015727 -0.005954
v 0.007784 0.016614 -0.005923
v 0.007790 0.015727 -0.005956
v 0.007729 0.014745 -0.005978
v 0.007728 0.014745 -0.005981
v 0.007788 0.015656 -0.005959
v 0.007584 0.013519 -0.005979
v 0.007492 0.012896 -0.005975
v 0.007492 0.012896 -0.005977
v 0.006816 0.009334 -0.005932
v 0.006816 0.009334 -0.005934
v 0.005950 0.005825 -0.005918
v 0.005950 0.005825 -0.005920
v 0.005437 0.004081 -0.005927
v 0.005437 0.004081 -0.005930
v 0.007788 0.016680 -0.005829
v 0.007774 0.017502 -0.005821
v 0.008030 0.019130 -0.005874
v 0.007859 0.018354 -0.005803
v 0.007845 0.018321 -0.005896
v 0.007766 0.017488 -0.005912
v 0.010384 0.022565 -0.005830
v 0.010371 0.022553 -0.005830
v 0.010379 0.022570 -0.005922
v 0.010140 0.022343 -0.005822
v 0.009726 0.021958 -0.005895
v 0.009408 0.021605 -0.005786
v 0.009449 0.021663 -0.005879
v 0.009170 0.021329 -0.005868
v 0.009139 0.021278 -0.005775
v 0.008737 0.020694 -0.005764
v 0.008701 0.020650 -0.005856
v 0.008357 0.019980 -0.005766
v 0.008317 0.019909 -0.005858
v 0.008127 0.019406 -0.005776
v 0.008049 0.019165 -0.005781
v 0.007520 0.017918 -0.007139
v 0.007292 0.017257 -0.007627
v 0.007021 0.017211 -0.008136
v 0.007787 0.019315 -0.007139
v 0.007576 0.018388 -0.007139
v 0.007226 0.018517 -0.008071
v 0.006134 0.021834 -0.010515
v 0.006317 0.022188 -0.010529
v 0.006622 0.021974 -0.010420
v 0.004742 0.017229 -0.010254
v 0.005272 0.017178 -0.009989
v 0.005790 0.017152 -0.009613
v 0.006266 0.017152 -0.009157
v 0.006679 0.017174 -0.008654
v 0.008134 0.020918 -0.007973
v 0.008406 0.020731 -0.007139
v 0.007622 0.019864 -0.008017
v 0.008084 0.020108 -0.007139
v 0.007876 0.019590 -0.007139
v 0.007897 0.021084 -0.008620
v 0.007426 0.020035 -0.008592
v 0.007650 0.021256 -0.009170
v 0.007175 0.020234 -0.009165
v 0.006867 0.020464 -0.009680
v 0.007379 0.021445 -0.009645
v 0.006517 0.020722 -0.010090
v 0.006983 0.021721 -0.010138
v 0.006783 0.021861 -0.010312
v 0.006157 0.020992 -0.010369
v 0.005853 0.021235 -0.010494
v 0.006976 0.018604 -0.008618
v 0.006661 0.018713 -0.009157
v 0.006285 0.018848 -0.009642
v 0.005865 0.019010 -0.010035
v 0.005434 0.019191 -0.010307
v 0.004663 0.018356 -0.010411
v 0.005302 0.003984 -0.006543
v 0.005834 0.005791 -0.006547
v 0.006774 0.009641 -0.006565
v 0.007174 0.011635 -0.006572
v 0.007466 0.013389 -0.006571
v 0.007617 0.014575 -0.006564
v 0.007684 0.016566 -0.006553
v 0.007689 0.015564 -0.006551
v 0.010392 0.022572 -0.005831
v 0.010400 0.022579 -0.005831
v 0.017087 0.034455 -0.005000
v 0.016620 0.032791 -0.005000
v 0.016050 0.031163 -0.005000
v 0.015385 0.029569 -0.005000
v 0.014623 0.028018 -0.005000
v 0.013756 0.026521 -0.005000
v 0.017087 0.034455 -0.005010
v 0.016641 0.032856 -0.005010
v 0.016068 0.031211 -0.005010
v 0.015400 0.029604 -0.005010
v 0.014639 0.028048 -0.005010
v 0.013775 0.026551 -0.005010
v 0.012791 0.025122 -0.005010
v 0.012772 0.025096 -0.005000
v 0.011663 0.023768 -0.005000
v 0.011671 0.023778 -0.005010
v 0.017352 0.036032 -0.004990
v 0.017405 0.037633 -0.004990
v 0.017263 0.039227 -0.004990
v 0.017103 0.040006 -0.004990
v 0.015596 0.042390 -0.005000
v 0.015596 0.042390 -0.005010
v 0.016015 0.042073 -0.005000
v 0.016364 0.041677 -0.005000
v 0.016639 0.041234 -0.005000
v 0.016855 0.040768 -0.005000
v 0.016012 0.042075 -0.005010
v 0.016358 0.041684 -0.005010
v 0.016635 0.041242 -0.005010
v 0.016854 0.040768 -0.005010
v 0.013653 0.043071 -0.004990
v 0.014651 0.042817 -0.004990
v 0.014655 0.042816 -0.004990
v 0.015131 0.042634 -0.004990
v 0.015138 0.042631 -0.004990
v 0.013109 0.043067 -0.004990
v 0.012587 0.042921 -0.004990
v 0.012102 0.042680 -0.004990
v 0.011657 0.042371 -0.004990
v 0.010895 0.041628 -0.004990
v 0.010266 0.040763 -0.005000
v 0.010266 0.040763 -0.005010
v 0.007323 0.036184 -0.005010
v 0.007305 0.036155 -0.005010
v 0.002226 0.028684 -0.005927
v 0.002361 0.028808 -0.005925
v 0.003907 0.030502 -0.005954
v 0.003705 0.030243 -0.005952
v 0.003147 0.029598 -0.005939
v 0.002422 0.028865 -0.005924
v 0.004448 0.031307 -0.005928
v 0.004558 0.031494 -0.005926
v 0.004563 0.031504 -0.005926
v 0.004569 0.031514 -0.005926
v 0.002422 0.028345 -0.007734
v 0.004079 0.024755 -0.010237
v 0.002833 0.026750 -0.009535
v 0.003425 0.026433 -0.009854
v 0.004869 0.025585 -0.010301
v 0.005726 0.025181 -0.010444
v 0.004880 0.024236 -0.010389
v 0.006629 0.026130 -0.010484
v 0.005514 0.026203 -0.010343
v 0.005893 0.026565 -0.010355
v 0.004776 0.026645 -0.010159
v 0.005180 0.026981 -0.010178
v 0.004098 0.027035 -0.009908
v 0.004514 0.027362 -0.009932
v 0.003503 0.027366 -0.009587
v 0.003920 0.027696 -0.009614
v 0.003008 0.027631 -0.009203
v 0.003419 0.027971 -0.009228
v 0.002623 0.027829 -0.008762
v 0.003023 0.028181 -0.008779
v 0.002728 0.028331 -0.008271
v 0.004111 0.026043 -0.010109
v 0.004303 0.023562 -0.010350
v 0.005297 0.022894 -0.010487
v 0.004357 0.019485 -0.010466
v 0.003466 0.017458 -0.010448
v 0.004429 0.021621 -0.010447
v 0.005272 0.021349 -0.010499
v 0.004764 0.019398 -0.010461
v 0.005616 0.021263 -0.010503
v 0.006172 0.022291 -0.010533
v 0.005940 0.022453 -0.010529
v 0.005331 0.022871 -0.010490
v 0.008997 0.022127 -0.008012
v 0.009164 0.021768 -0.007140
v 0.008550 0.021566 -0.007992
v 0.007377 0.023956 -0.010589
v 0.007586 0.023650 -0.010518
v 0.008080 0.021994 -0.009208
v 0.007773 0.022267 -0.009762
v 0.007437 0.022566 -0.010205
v 0.008409 0.020736 -0.007139
v 0.008003 0.024788 -0.010601
v 0.008044 0.024716 -0.010598
v 0.007957 0.024188 -0.010538
v 0.008191 0.024483 -0.010543
v 0.008901 0.023093 -0.009261
v 0.008517 0.022625 -0.009238
v 0.008577 0.023438 -0.009828
v 0.008209 0.022945 -0.009801
v 0.008246 0.023814 -0.010276
v 0.007883 0.023294 -0.010248
v 0.010117 0.022691 -0.007140
v 0.009631 0.023022 -0.008394
v 0.008784 0.022350 -0.008619
v 0.009196 0.023397 -0.009274
v 0.008932 0.023648 -0.009711
v 0.008490 0.024109 -0.010287
v 0.008381 0.024236 -0.010397
v 0.010397 0.022581 -0.005876
v 0.010394 0.022584 -0.005922
v 0.011645 0.023819 -0.005891
v 0.011647 0.023817 -0.005845
v 0.012769 0.025173 -0.005925
v 0.012772 0.025172 -0.005878
v 0.013758 0.026619 -0.005971
v 0.013761 0.026619 -0.005924
v 0.014618 0.028124 -0.006025
v 0.014621 0.028124 -0.005977
v 0.015369 0.029669 -0.006048
v 0.015372 0.029669 -0.006002
v 0.016026 0.031253 -0.006043
v 0.016028 0.031251 -0.005997
v 0.016592 0.032869 -0.005971
v 0.016594 0.032866 -0.005925
v 0.017033 0.034446 -0.005922
v 0.017040 0.034442 -0.005831
v 0.014564 0.028032 -0.006070
v 0.014965 0.028818 -0.006086
v 0.015686 0.030414 -0.006100
v 0.016282 0.031961 -0.006065
v 0.016815 0.033630 -0.005978
v 0.014206 0.027382 -0.006047
v 0.013404 0.026079 -0.006000
v 0.012537 0.024878 -0.005964
v 0.011524 0.023695 -0.005935
v 0.008278 0.020090 -0.006517
v 0.008601 0.020699 -0.006517
v 0.009344 0.021702 -0.006517
v 0.010285 0.022613 -0.006517
v 0.008021 0.019453 -0.006517
v 0.007728 0.018213 -0.006517
v 0.007669 0.017096 -0.006517
v 0.017042 0.034451 -0.005830
v 0.017044 0.034462 -0.005830
v 0.017045 0.034465 -0.005830
v 0.017106 0.039996 -0.005000
v 0.017265 0.039212 -0.005000
v 0.017405 0.037623 -0.005000
v 0.017352 0.036030 -0.005000
v 0.017103 0.040006 -0.005010
v 0.017263 0.039227 -0.005010
v 0.017405 0.037633 -0.005010
v 0.017352 0.036032 -0.005010
v 0.017036 0.034459 -0.005922
v 0.017038 0.034469 -0.005922
v 0.017304 0.036038 -0.005936
v 0.017255 0.035639 -0.005973
v 0.017323 0.036291 -0.005981
v 0.017335 0.036771 -0.006186
v 0.017316 0.037916 -0.006506
v 0.017347 0.037159 -0.006202
v 0.017344 0.036798 -0.006095
v 0.017313 0.037816 -0.006577
v 0.017209 0.038787 -0.007105
v 0.017211 0.038849 -0.007004
v 0.017264 0.035650 -0.005882
v 0.017235 0.035427 -0.005859
v 0.017071 0.034573 -0.005830
v 0.015575 0.042352 -0.005833
v 0.015573 0.042354 -0.005833
v 0.015896 0.042120 -0.005828
v 0.015982 0.042043 -0.005838
v 0.016135 0.041886 -0.005880
v 0.016318 0.041655 -0.005967
v 0.016455 0.041443 -0.006068
v 0.016782 0.040738 -0.006501
v 0.013653 0.043071 -0.005000
v 0.015138 0.042631 -0.005010
v 0.013653 0.043071 -0.005010
v 0.014651 0.042817 -0.005010
v 0.014655 0.042816 -0.005010
v 0.015131 0.042634 -0.005010
v 0.013109 0.043067 -0.005010
v 0.013085 0.043063 -0.005000
v 0.012587 0.042921 -0.005010
v 0.012551 0.042907 -0.005000
v 0.012102 0.042680 -0.005010
v 0.012068 0.042659 -0.005000
v 0.011631 0.042351 -0.005000
v 0.011657 0.042371 -0.005010
v 0.010895 0.041628 -0.005010
v 0.010878 0.041609 -0.005000
v 0.007352 0.036140 -0.005926
v 0.010306 0.040737 -0.005926
v 0.005314 0.032772 -0.006013
v 0.007549 0.036441 -0.006012
v 0.010312 0.040733 -0.006013
v 0.003350 0.028984 -0.008205
v 0.005077 0.031447 -0.007961
v 0.004695 0.030780 -0.008019
v 0.004954 0.030720 -0.008454
v 0.005330 0.031410 -0.008377
v 0.005347 0.030620 -0.008896
v 0.005721 0.031348 -0.008814
v 0.005883 0.030478 -0.009329
v 0.006262 0.031258 -0.009253
v 0.006553 0.030299 -0.009729
v 0.006947 0.031142 -0.009667
v 0.007335 0.030089 -0.010068
v 0.007750 0.031003 -0.010024
v 0.008200 0.029858 -0.010326
v 0.008645 0.030846 -0.010297
v 0.009122 0.029613 -0.010493
v 0.009605 0.030678 -0.010469
v 0.008434 0.028377 -0.010501
v 0.007566 0.028686 -0.010348
v 0.006740 0.028979 -0.010119
v 0.005982 0.029248 -0.009814
v 0.005322 0.029481 -0.009445
v 0.004782 0.029669 -0.009028
v 0.004377 0.029808 -0.008581
v 0.004098 0.029900 -0.008115
v 0.007565 0.027169 -0.010496
v 0.006751 0.027534 -0.010357
v 0.005968 0.027881 -0.010156
v 0.005239 0.028197 -0.009884
v 0.004594 0.028471 -0.009543
v 0.004059 0.028695 -0.009143
v 0.003645 0.028864 -0.008695
v 0.006587 0.024637 -0.010556
v 0.007049 0.024281 -0.010590
v 0.007696 0.025246 -0.010603
v 0.007413 0.025560 -0.010585
v 0.007362 0.025607 -0.010580
v 0.013701 0.028975 -0.009417
v 0.013166 0.028088 -0.009406
v 0.012702 0.028209 -0.009964
v 0.012341 0.026226 -0.008705
v 0.012650 0.026089 -0.008053
v 0.011298 0.024420 -0.008040
v 0.015034 0.029724 -0.007496
v 0.015138 0.029705 -0.007181
v 0.014324 0.028079 -0.007172
v 0.014168 0.027798 -0.007170
v 0.013841 0.027892 -0.008067
v 0.013544 0.027980 -0.008745
v 0.014074 0.028891 -0.008754
v 0.014364 0.028824 -0.008071
v 0.011741 0.024331 -0.007143
v 0.012460 0.025206 -0.007149
v 0.013003 0.025943 -0.007154
v 0.013130 0.026127 -0.007156
v 0.009048 0.026048 -0.010607
v 0.009341 0.025717 -0.010542
v 0.008588 0.025482 -0.010602
v 0.009757 0.025398 -0.010293
v 0.010997 0.024600 -0.008666
v 0.011957 0.026396 -0.009353
v 0.010630 0.024834 -0.009299
v 0.011502 0.026587 -0.009915
v 0.010208 0.025105 -0.009862
v 0.010994 0.026794 -0.010333
v 0.010490 0.027057 -0.010568
v 0.010343 0.027796 -0.010633
v 0.014166 0.029880 -0.009405
v 0.013234 0.029072 -0.009968
v 0.013695 0.029963 -0.009950
v 0.012671 0.029184 -0.010355
v 0.013130 0.030061 -0.010329
v 0.012047 0.029337 -0.010561
v 0.012490 0.030172 -0.010532
v 0.011829 0.030287 -0.010592
v 0.012154 0.028344 -0.010361
v 0.011564 0.028537 -0.010577
v 0.011004 0.028823 -0.010632
v 0.014830 0.029762 -0.008069
v 0.014541 0.029814 -0.008747
v 0.010960 0.023492 -0.007141
v 0.011658 0.024237 -0.007143
v 0.016748 0.034401 -0.007140
v 0.016923 0.034429 -0.006553
v 0.016345 0.032384 -0.006569
v 0.014484 0.028046 -0.006570
v 0.013295 0.026077 -0.006561
v 0.012626 0.025149 -0.006556
v 0.015520 0.030202 -0.006576
v 0.011907 0.024268 -0.006552
v 0.011124 0.023423 -0.006550
v 0.015365 0.030216 -0.007182
v 0.015758 0.031177 -0.007181
v 0.016226 0.032503 -0.007171
v 0.016817 0.040580 -0.006808
v 0.016846 0.040529 -0.006746
v 0.016867 0.040417 -0.006932
v 0.016916 0.040243 -0.007050
v 0.016942 0.040193 -0.006984
v 0.016870 0.040476 -0.006683
v 0.016963 0.040141 -0.006918
v 0.017198 0.038935 -0.007047
v 0.017177 0.039063 -0.007097
v 0.017142 0.039275 -0.007146
v 0.017102 0.039493 -0.007157
v 0.017080 0.039609 -0.007146
v 0.017068 0.039667 -0.007135
v 0.017057 0.039720 -0.007122
v 0.017009 0.039943 -0.007045
v 0.016860 0.040507 -0.006660
v 0.016850 0.040539 -0.006639
v 0.016783 0.040736 -0.006503
v 0.016818 0.040636 -0.006571
v 0.017229 0.038453 -0.007109
v 0.017087 0.035177 -0.006552
v 0.017247 0.036296 -0.006547
v 0.017318 0.037608 -0.006536
v 0.017227 0.037543 -0.007118
v 0.017180 0.036854 -0.007123
v 0.017109 0.036245 -0.007128
v 0.016965 0.035369 -0.007133
v 0.016832 0.034746 -0.007137
v 0.017130 0.039235 -0.007307
v 0.017040 0.039706 -0.007304
v 0.017027 0.039769 -0.007288
v 0.017045 0.039745 -0.007205
v 0.016826 0.040589 -0.006701
v 0.016798 0.040638 -0.006762
v 0.016765 0.040734 -0.006689
v 0.016730 0.040829 -0.006618
v 0.015585 0.042337 -0.005924
v 0.016406 0.041501 -0.006168
v 0.015840 0.042156 -0.005918
v 0.016093 0.041919 -0.005975
v 0.013647 0.043022 -0.005945
v 0.014142 0.042920 -0.005932
v 0.014948 0.042658 -0.005924
v 0.015430 0.042436 -0.005864
v 0.010313 0.040747 -0.005926
v 0.013632 0.043024 -0.005946
v 0.013617 0.043026 -0.005947
v 0.012059 0.042589 -0.006055
v 0.011302 0.041989 -0.006015
v 0.010934 0.041595 -0.005979
v 0.010729 0.041342 -0.005956
v 0.010320 0.040757 -0.005926
v 0.013117 0.043016 -0.005992
v 0.012953 0.042983 -0.006009
v 0.012578 0.042860 -0.006040
v 0.013643 0.043015 -0.006034
v 0.013157 0.043014 -0.006078
v 0.012978 0.042982 -0.006095
v 0.012710 0.042903 -0.006118
v 0.012200 0.042666 -0.006140
v 0.010319 0.040743 -0.006013
v 0.010325 0.040752 -0.006013
v 0.010529 0.041055 -0.006024
v 0.011075 0.041745 -0.006080
v 0.011302 0.041979 -0.006102
v 0.011643 0.042282 -0.006129
v 0.012062 0.042583 -0.006141
v 0.010377 0.040743 -0.006379
v 0.007470 0.036130 -0.006670
v 0.007532 0.035898 -0.007408
v 0.010301 0.040307 -0.007230
v 0.010470 0.040686 -0.006956
v 0.010450 0.040600 -0.007087
v 0.010446 0.040730 -0.006746
v 0.010436 0.040559 -0.007129
v 0.010385 0.040447 -0.007203
v 0.010344 0.040375 -0.007224
v 0.010406 0.040290 -0.007550
v 0.010554 0.040265 -0.007859
v 0.009251 0.038102 -0.008050
v 0.013011 0.039832 -0.009298
v 0.012362 0.037552 -0.009777
v 0.011660 0.037675 -0.009619
v 0.011070 0.040174 -0.008452
v 0.011087 0.040171 -0.008465
v 0.010425 0.037896 -0.009097
v 0.011745 0.040055 -0.008882
v 0.011007 0.037791 -0.009387
v 0.011938 0.040021 -0.008972
v 0.012441 0.039933 -0.009158
v 0.009931 0.037984 -0.008767
v 0.009540 0.038054 -0.008414
v 0.010859 0.040212 -0.008257
v 0.010563 0.040263 -0.007874
v 0.009055 0.038130 -0.007679
v 0.011523 0.035247 -0.010130
v 0.010717 0.035388 -0.009960
v 0.009965 0.035521 -0.009703
v 0.009291 0.035641 -0.009377
v 0.008716 0.035743 -0.009003
v 0.008258 0.035823 -0.008605
v 0.007920 0.035878 -0.008198
v 0.007693 0.035910 -0.007793
v 0.010582 0.032959 -0.010354
v 0.009692 0.033115 -0.010182
v 0.008864 0.033261 -0.009913
v 0.008119 0.033391 -0.009565
v 0.007485 0.033501 -0.009163
v 0.006979 0.033587 -0.008736
v 0.006610 0.033647 -0.008306
v 0.010000 0.029268 -0.010586
v 0.009225 0.027973 -0.010591
v 0.008316 0.026724 -0.010586
v 0.010511 0.029057 -0.010620
v 0.010630 0.030498 -0.010560
v 0.009657 0.027711 -0.010620
v 0.008694 0.026423 -0.010608
v 0.013040 0.031321 -0.010486
v 0.012388 0.031402 -0.010547
v 0.012910 0.032550 -0.010483
v 0.016636 0.034389 -0.007435
v 0.016101 0.032447 -0.007483
v 0.016434 0.034382 -0.007946
v 0.015878 0.032402 -0.008032
v 0.016156 0.034389 -0.008560
v 0.015570 0.032373 -0.008683
v 0.015804 0.034417 -0.009170
v 0.015180 0.032363 -0.009321
v 0.015378 0.034471 -0.009684
v 0.014704 0.032374 -0.009854
v 0.014883 0.034552 -0.010043
v 0.014147 0.032407 -0.010227
v 0.014338 0.034662 -0.010229
v 0.013530 0.032459 -0.010425
v 0.013788 0.034796 -0.010278
v 0.015639 0.031148 -0.007495
v 0.015421 0.031134 -0.008058
v 0.015117 0.031135 -0.008724
v 0.014727 0.031154 -0.009372
v 0.014246 0.031192 -0.009911
v 0.013677 0.031248 -0.010287
v 0.016923 0.040222 -0.007056
v 0.016962 0.040086 -0.007108
v 0.017019 0.039809 -0.007275
v 0.016818 0.040566 -0.006841
v 0.016840 0.040477 -0.006946
v 0.016809 0.040606 -0.006785
v 0.016799 0.040635 -0.006767
v 0.016943 0.036821 -0.007889
v 0.017039 0.039044 -0.007798
v 0.016907 0.039643 -0.007881
v 0.016866 0.038962 -0.008264
v 0.016703 0.039539 -0.008402
v 0.016612 0.038887 -0.008713
v 0.016437 0.039462 -0.008813
v 0.015803 0.038182 -0.009487
v 0.015937 0.039402 -0.009222
v 0.016227 0.038187 -0.009204
v 0.016107 0.039412 -0.009120
v 0.016290 0.039434 -0.008970
v 0.015330 0.038214 -0.009643
v 0.014823 0.038289 -0.009698
v 0.015085 0.039468 -0.009417
v 0.015283 0.039437 -0.009401
v 0.015542 0.039410 -0.009360
v 0.015735 0.039401 -0.009307
v 0.016588 0.038221 -0.008804
v 0.016870 0.038275 -0.008327
v 0.017068 0.038339 -0.007834
v 0.016709 0.036812 -0.008431
v 0.016395 0.036819 -0.008961
v 0.016007 0.036847 -0.009407
v 0.015552 0.036903 -0.009719
v 0.015048 0.036993 -0.009883
v 0.014518 0.037118 -0.009931
v 0.016681 0.035412 -0.007922
v 0.016424 0.035443 -0.008504
v 0.016096 0.035492 -0.009080
v 0.015697 0.035564 -0.009565
v 0.015229 0.035663 -0.009904
v 0.014710 0.035793 -0.010078
v 0.014173 0.035953 -0.010123
v 0.016509 0.041180 -0.006762
v 0.015972 0.041843 -0.006754
v 0.016186 0.041618 -0.006757
v 0.015561 0.042177 -0.006749
v 0.015576 0.042270 -0.006345
v 0.015066 0.042602 -0.006009
v 0.014617 0.042770 -0.006026
v 0.014194 0.042899 -0.006021
v 0.013662 0.043013 -0.006032
v 0.013653 0.043014 -0.006033
v 0.013635 0.042969 -0.006390
v 0.012225 0.042646 -0.006380
v 0.012980 0.042945 -0.006379
v 0.011371 0.041998 -0.006380
v 0.010638 0.041130 -0.006380
v 0.011119 0.041645 -0.006747
v 0.011424 0.041967 -0.006747
v 0.011791 0.042359 -0.006380
v 0.012043 0.042467 -0.006747
v 0.011585 0.042116 -0.006747
v 0.012253 0.042597 -0.006747
v 0.012983 0.042886 -0.006746
v 0.012954 0.042879 -0.006746
v 0.012883 0.042861 -0.006746
v 0.012521 0.042732 -0.006746
v 0.013625 0.042909 -0.006746
v 0.012530 0.042671 -0.007013
v 0.012083 0.041502 -0.008241
v 0.011673 0.041381 -0.008059
v 0.011845 0.041765 -0.007801
v 0.012124 0.040527 -0.008849
v 0.011479 0.040968 -0.008260
v 0.011878 0.041033 -0.008474
v 0.011128 0.040865 -0.008024
v 0.010830 0.040736 -0.007770
v 0.013141 0.040409 -0.009145
v 0.013266 0.041011 -0.008913
v 0.012319 0.041056 -0.008661
v 0.012952 0.042807 -0.007044
v 0.013372 0.041549 -0.008608
v 0.012685 0.042022 -0.008072
v 0.013465 0.042037 -0.008221
v 0.012823 0.042393 -0.007717
v 0.013534 0.042407 -0.007824
v 0.012913 0.042656 -0.007367
v 0.013582 0.042669 -0.007434
v 0.013611 0.042829 -0.007069
v 0.012511 0.041565 -0.008397
v 0.012266 0.041931 -0.007947
v 0.012410 0.042283 -0.007624
v 0.011975 0.042083 -0.007514
v 0.012499 0.042531 -0.007305
v 0.012051 0.042306 -0.007231
v 0.011541 0.041797 -0.007393
v 0.011436 0.041529 -0.007639
v 0.011134 0.041442 -0.007269
v 0.011060 0.041237 -0.007467
v 0.011598 0.041984 -0.007152
v 0.011170 0.041584 -0.007073
v 0.010956 0.040993 -0.007642
v 0.012071 0.042428 -0.006975
v 0.011673 0.032767 -0.010454
v 0.012606 0.035056 -0.010243
v 0.013402 0.037368 -0.009898
v 0.014009 0.039657 -0.009418
v 0.013438 0.039757 -0.009364
v 0.016369 0.041216 -0.007228
v 0.015968 0.039871 -0.009085
v 0.015191 0.040008 -0.009254
v 0.016890 0.039892 -0.007725
v 0.016835 0.040133 -0.007657
v 0.016787 0.040361 -0.007535
v 0.016666 0.040828 -0.007036
v 0.016742 0.040558 -0.007375
v 0.015600 0.039921 -0.009208
v 0.015465 0.041583 -0.007991
v 0.015744 0.041254 -0.008184
v 0.015429 0.041363 -0.008276
v 0.015712 0.040880 -0.008601
v 0.015372 0.041018 -0.008637
v 0.015664 0.040430 -0.008956
v 0.015289 0.040542 -0.008996
v 0.016744 0.039868 -0.008144
v 0.016539 0.039853 -0.008539
v 0.016497 0.040218 -0.008381
v 0.016689 0.040171 -0.008033
v 0.016465 0.040549 -0.008136
v 0.016435 0.040827 -0.007833
v 0.016280 0.039852 -0.008861
v 0.016266 0.040274 -0.008661
v 0.015991 0.040341 -0.008853
v 0.016253 0.040650 -0.008365
v 0.016006 0.040758 -0.008520
v 0.016237 0.040964 -0.008008
v 0.016010 0.041104 -0.008124
v 0.015992 0.041579 -0.007347
v 0.015522 0.041939 -0.007388
v 0.015540 0.042052 -0.007129
v 0.015108 0.042449 -0.006746
v 0.015105 0.042450 -0.006746
v 0.014641 0.042642 -0.006745
v 0.014527 0.042681 -0.006745
v 0.013680 0.042900 -0.006746
v 0.013557 0.040348 -0.009208
v 0.014323 0.041372 -0.008675
v 0.014231 0.040833 -0.009013
v 0.014124 0.040243 -0.009258
v 0.015070 0.042210 -0.007412
v 0.015029 0.041968 -0.007816
v 0.014970 0.041627 -0.008249
v 0.014497 0.042448 -0.007426
v 0.013668 0.040948 -0.008974
v 0.013765 0.041501 -0.008652
v 0.013845 0.041976 -0.008261
v 0.013906 0.042348 -0.007839
v 0.013946 0.042607 -0.007431
v 0.014458 0.042195 -0.007837
v 0.014399 0.041833 -0.008268
v -0.009356 0.006672 -0.005000
v -0.009353 0.006608 -0.005000
vn 0.1758 -0.9842 -0.0196
vn -0.4659 -0.5281 0.7100
vn -0.4966 -0.5155 -0.6983
vn -0.4971 -0.5151 0.6983
vn -0.5462 -0.5349 -0.6446
vn -0.5667 -0.5433 0.6194
vn -0.5958 -0.5484 -0.5867
vn -0.6543 -0.5844 0.4799
vn -0.6998 -0.6050 0.3797
vn 0.0776 -0.8955 -0.4383
vn 0.1552 -0.9479 -0.2781
vn 0.1866 -0.9759 -0.1132
vn -0.0225 -0.8209 -0.5707
vn -0.3868 -0.5615 -0.7315
vn -0.1744 -0.6965 -0.6961
vn -0.8233 -0.5434 0.1638
vn -0.8454 -0.5242 0.1022
vn -0.7427 -0.6237 0.2439
vn -0.8418 -0.5393 0.0243
vn -0.8402 -0.5416 -0.0277
vn -0.8365 -0.5345 -0.1211
vn -0.8047 -0.5693 -0.1687
vn 0.1476 -0.9154 0.3745
vn -0.0567 -0.7818 0.6210
vn 0.1966 -0.9756 0.0981
vn -0.2493 -0.6605 0.7082
vn -0.3808 -0.5751 0.7240
vn -0.6990 -0.6092 -0.3745
vn 0.8343 -0.5514 -0.0005
vn 0.8357 -0.5492 0.0054
vn 0.6222 -0.7827 0.0123
vn -0.7727 -0.6347 0.0020
vn -0.7742 -0.6316 -0.0414
vn -0.5373 -0.8428 -0.0307
vn -0.7728 -0.6335 0.0394
vn 0.8353 -0.5497 -0.0049
vn 0.0522 -0.9983 -0.0268
vn 0.3327 -0.9428 -0.0214
vn 0.0522 -0.9983 0.0268
vn 0.3327 -0.9428 0.0214
vn 0.6223 -0.7827 -0.0123
vn -0.2323 -0.9722 -0.0300
vn -0.2323 -0.9722 0.0300
vn -0.5376 -0.8426 0.0306
vn -0.8543 -0.5188 0.0318
vn -0.9062 -0.4207 0.0422
vn -0.9069 -0.4193 -0.0412
vn -0.8533 -0.5206 -0.0280
vn -0.9331 0.3586 0.0275
vn -0.9051 0.4242 0.0308
vn -0.9332 0.3593 0.0085
vn -0.9023 0.4259 -0.0675
vn -0.9275 0.3719 -0.0381
vn -0.8707 0.4910 0.0259
vn -0.8711 0.4905 -0.0254
vn -0.8899 0.4555 0.0265
vn -0.8899 0.4554 -0.0269
vn -0.8934 0.4483 0.0299
vn -0.8935 0.4481 -0.0286
vn -0.8961 0.4431 0.0262
vn -0.8962 0.4430 -0.0262
vn -0.8990 0.4369 0.0313
vn -0.8990 0.4368 -0.0312
vn -0.9008 0.4331 0.0306
vn -0.9009 0.4329 -0.0307
vn -0.6918 0.7221 -0.0000
vn -0.6891 0.7238 -0.0355
vn -0.7463 0.6651 -0.0242
vn -0.6891 0.7238 0.0355
vn -0.7465 0.6650 0.0241
vn -0.7874 0.6158 0.0265
vn -0.7875 0.6157 -0.0267
vn -0.8125 0.5822 0.0280
vn -0.8124 0.5824 -0.0282
vn -0.8418 0.5392 0.0276
vn -0.8414 0.5398 -0.0269
vn 0.9394 -0.3406 0.0388
vn 0.9331 -0.3586 0.0251
vn 0.9426 -0.3340 -0.0029
vn 0.9330 -0.3590 -0.0249
vn 0.9429 -0.3310 -0.0363
vn 0.8830 -0.4686 0.0273
vn 0.8829 -0.4687 -0.0274
vn 0.6851 -0.7279 0.0293
vn 0.6853 -0.7277 -0.0292
vn 0.5241 -0.8512 0.0291
vn 0.5240 -0.8513 -0.0289
vn 0.9212 -0.3882 0.0285
vn 0.9212 -0.3881 -0.0284
vn 0.7219 -0.6913 -0.0306
vn 0.7219 -0.6913 0.0305
vn 0.7013 -0.7125 -0.0227
vn 0.7049 -0.7093 -0.0000
vn 0.7014 -0.7124 0.0228
vn -0.9755 0.2081 -0.0712
vn -0.9766 0.2108 0.0415
vn -0.9981 0.0445 -0.0420
vn -0.4476 0.0613 -0.8921
vn -0.3737 -0.0834 -0.9238
vn -0.1310 -0.0047 -0.9914
vn -0.0894 -0.0367 -0.9953
vn -0.3376 -0.2112 -0.9173
vn -0.0893 -0.0659 -0.9938
vn -0.9358 0.1936 -0.2946
vn -0.9255 -0.1659 -0.3405
vn -0.7061 -0.1360 -0.6949
vn -0.9393 0.0386 -0.3408
vn -0.9247 0.0488 -0.3775
vn -0.8426 0.1668 -0.5121
vn -0.7021 0.1316 -0.6998
vn -0.9847 -0.1694 -0.0413
vn -0.9249 -0.3781 -0.0409
vn -0.8685 -0.3602 -0.3404
vn -0.8154 -0.3415 -0.4675
vn -0.6192 -0.3868 -0.6833
vn -0.8032 -0.4938 -0.3333
vn -0.8522 -0.5216 -0.0414
vn -0.0922 -0.0779 -0.9927
vn -0.8263 -0.5607 -0.0532
vn -0.8318 -0.5533 -0.0436
vn -0.7824 -0.5262 -0.3333
vn -0.6051 -0.4151 -0.6794
vn -0.3286 -0.2344 -0.9149
vn -0.0913 -0.0766 -0.9929
vn -0.0965 -0.0792 -0.9922
vn -0.4418 -0.3820 -0.8117
vn -0.2853 -0.2919 -0.9129
vn -0.1266 -0.1937 -0.9729
vn -0.0020 -0.0956 -0.9954
vn -0.8344 -0.5498 -0.0394
vn -0.7747 -0.5450 -0.3206
vn -0.6090 -0.4751 -0.6352
vn 0.6540 -0.6272 -0.4229
vn 0.7731 -0.4506 -0.4464
vn 0.6858 -0.4131 -0.5992
vn -0.8188 -0.5734 -0.0286
vn -0.8048 -0.5934 -0.0150
vn -0.6703 -0.7053 -0.2306
vn -0.8336 -0.5516 -0.0276
vn -0.7959 -0.6053 0.0133
vn -0.7834 -0.6199 0.0434
vn -0.5974 -0.7921 -0.1257
vn -0.5501 -0.8351 0.0085
vn -0.3153 -0.9150 -0.2518
vn -0.2408 -0.9702 -0.0288
vn -0.0342 -0.9306 -0.3643
vn 0.5690 -0.5440 -0.6167
vn 0.4362 -0.4366 -0.7868
vn 0.4433 -0.6453 -0.6222
vn 0.2118 -0.5717 -0.7927
vn 0.0168 -0.6931 -0.7206
vn 0.8592 -0.4887 -0.1515
vn 0.6726 -0.6951 -0.2540
vn 0.5460 -0.8088 -0.2187
vn -0.4493 -0.7726 -0.4485
vn -0.2288 -0.7692 -0.5967
vn 0.2329 -0.8641 -0.4462
vn 0.4699 -0.7633 -0.4433
vn -0.7120 -0.6294 -0.3113
vn -0.5942 -0.6158 -0.5174
vn -0.4324 -0.5785 -0.6916
vn -0.2441 -0.5095 -0.8251
vn -0.0468 -0.4138 -0.9092
vn 0.1431 -0.3019 -0.9426
vn 0.2465 -0.1897 -0.9504
vn 0.8690 -0.4944 -0.0208
vn 0.7711 -0.6356 -0.0381
vn 0.5751 -0.8173 -0.0359
vn 0.3284 -0.9443 -0.0201
vn 0.3931 -0.8966 -0.2038
vn 0.0618 -0.9973 -0.0389
vn 0.5851 -0.3640 -0.7246
vn 0.5379 -0.1854 -0.8223
vn -0.9080 0.4063 0.1024
vn -0.9535 0.2834 -0.1023
vn -0.9540 0.2821 0.1017
vn -0.9928 0.1106 0.0454
vn -0.9941 -0.0627 0.0888
vn -0.9873 0.1554 0.0343
vn -0.9805 0.1966 0.0069
vn -0.9981 0.0533 0.0305
vn -0.9985 -0.0202 -0.0502
vn -0.9925 -0.1113 -0.0515
vn -0.9122 -0.4050 0.0626
vn -0.9115 -0.4040 0.0778
vn -0.9877 -0.0483 0.1486
vn -0.9326 0.3016 0.1984
vn -0.9090 0.2907 0.2988
vn -0.9765 -0.0555 0.2084
vn -0.9080 -0.4088 0.0912
vn -0.7632 0.0743 0.6419
vn -0.6543 0.1123 0.7478
vn -0.5519 0.2110 0.8068
vn -0.8687 -0.1371 0.4760
vn -0.8421 -0.2185 0.4931
vn -0.7490 -0.0261 0.6620
vn -0.9134 0.1541 0.3768
vn -0.8449 0.1145 0.5226
vn -0.8454 0.2135 0.4896
vn -0.8443 0.3280 0.4237
vn -0.6445 0.2340 0.7279
vn -0.7458 0.1897 0.6386
vn -0.7481 0.2826 0.6004
vn -0.8752 -0.3932 0.2819
vn -0.8959 -0.3488 0.2750
vn -0.9162 -0.3247 0.2350
vn -0.9125 -0.1035 0.3957
vn -0.9539 -0.1259 0.2726
vn -0.8569 -0.5025 0.1150
vn -0.8650 -0.4896 0.1098
vn -0.8735 -0.4768 0.0986
vn -0.9019 -0.4154 0.1181
vn -0.9114 -0.3963 0.1107
vn -0.8602 -0.4715 0.1941
vn -0.8320 -0.5385 0.1337
vn -0.8366 -0.4099 0.3634
vn -0.7557 -0.2037 0.6225
vn -0.5872 0.0075 0.8094
vn -0.3922 0.1717 0.9037
vn -0.5491 0.1412 0.8238
vn -0.4141 0.0626 0.9081
vn -0.2641 0.0964 0.9597
vn -0.4342 -0.0458 0.8997
vn -0.5627 -0.1775 0.8074
vn -0.6627 -0.3160 0.6789
vn -0.7312 -0.4404 0.5210
vn -0.7668 -0.5467 0.3363
vn -0.7597 -0.6358 0.1363
vn 0.0028 -0.3004 0.9538
vn -0.0689 -0.0061 0.9976
vn -0.1240 -0.0301 0.9918
vn -0.5368 -0.4472 0.7155
vn -0.6539 -0.6746 0.3425
vn -0.3775 -0.1799 0.9084
vn -0.2287 0.0722 0.9708
vn -0.2230 -0.0217 0.9746
vn 0.0955 -0.6469 0.7566
vn -0.0879 -0.2635 0.9607
vn -0.0706 -0.6547 0.7526
vn -0.2167 -0.2692 0.9384
vn -0.4082 -0.4471 0.7959
vn -0.2573 -0.6177 0.7431
vn -0.5612 -0.8149 0.1446
vn -0.4416 -0.8613 0.2512
vn -0.2983 -0.8551 0.4241
vn 0.1492 -0.9776 0.1485
vn 0.1480 -0.8805 0.4503
vn 0.0824 -0.9791 0.1857
vn -0.0319 -0.8948 0.4453
vn -0.3101 -0.9398 0.1434
vn -0.1315 -0.9574 0.2570
vn -0.0014 -0.9891 0.1471
vn -0.1580 0.0231 0.9872
vn -0.0112 -0.0813 0.9966
vn 0.3859 -0.8438 0.3730
vn 0.3231 -0.9030 0.2832
vn 0.5079 -0.8454 0.1653
vn 0.5247 -0.7542 0.3948
vn 0.5902 -0.7884 0.1734
vn 0.2368 -0.9517 0.1954
vn 0.0078 0.0643 0.9979
vn 0.0122 -0.0145 0.9998
vn 0.0899 -0.0401 0.9951
vn 0.1783 -0.2384 0.9547
vn 0.5380 -0.6882 0.4868
vn 0.4330 -0.5261 0.7319
vn 0.3751 -0.5486 0.7472
vn 0.3324 -0.3755 0.8652
vn 0.2149 -0.2090 0.9540
vn 0.2530 -0.6121 0.7492
vn 0.1061 -0.2804 0.9540
vn 0.4891 -0.7592 0.4294
vn 0.3832 -0.5368 0.7516
vn 0.5169 -0.8430 0.1490
vn 0.3649 -0.9193 0.1475
vn 0.2151 -0.2278 0.9497
vn 0.2024 -0.9685 0.1448
vn 0.0417 -0.9888 0.1434
vn 0.2189 -0.8802 0.4212
vn 0.0874 -0.9056 0.4150
vn 0.2162 -0.6422 0.7354
vn 0.1428 -0.6739 0.7249
vn 0.1789 -0.3067 0.9348
vn 0.1767 -0.3410 0.9233
vn 0.0909 -0.0121 0.9958
vn 0.1301 -0.0364 0.9908
vn 0.1811 -0.0678 0.9811
vn 0.3538 -0.8328 0.4258
vn 0.2944 -0.5985 0.7450
vn 0.1886 -0.2698 0.9442
vn 0.0676 0.0156 0.9976
vn 0.1605 -0.6697 0.7251
vn 0.4189 -0.5106 0.7508
vn 0.3662 -0.4949 0.7880
vn 0.3294 -0.4753 0.8158
vn 0.5515 -0.2553 0.7941
vn 0.3472 -0.4236 0.8367
vn -0.5463 -0.7634 0.3445
vn -0.6220 -0.6925 0.3655
vn -0.5220 -0.7266 0.4467
vn -0.2646 -0.8004 0.5380
vn -0.0011 -0.7274 0.6862
vn -0.0196 -0.7443 0.6675
vn -0.0753 -0.7560 0.6503
vn 0.0083 -0.7357 0.6772
vn -0.2910 -0.8715 0.3947
vn -0.0220 -0.9109 0.4121
vn 0.0920 -0.6912 0.7168
vn 0.0596 -0.7086 0.7031
vn -0.1547 -0.8780 0.4531
vn 0.0344 -0.7241 0.6889
vn -0.1242 -0.9068 0.4028
vn -0.0971 -0.9851 0.1417
vn -0.3035 -0.8448 0.4406
vn -0.4528 -0.7983 0.3970
vn -0.3060 -0.7900 0.5313
vn -0.3696 -0.7373 0.5655
vn -0.1080 -0.7209 0.6845
vn -0.6214 -0.7736 0.1240
vn -0.7238 -0.6760 0.1380
vn 0.6906 -0.3240 0.6466
vn 0.4298 -0.5261 0.7338
vn 0.1473 -0.6644 0.7327
vn 0.6516 -0.3398 0.6782
vn 0.6330 -0.3068 0.7107
vn 0.5844 -0.3157 0.7475
vn 0.2365 -0.0872 0.9677
vn 0.1828 -0.3649 0.9129
vn 0.4630 -0.2227 0.8579
vn 0.4234 -0.2234 0.8780
vn 0.2594 -0.4345 0.8625
vn 0.3971 -0.1736 0.9012
vn 0.2472 -0.3787 0.8919
vn 0.3015 -0.1468 0.9421
vn 0.2580 -0.1236 0.9582
vn -0.7917 -0.5654 0.2313
vn -0.7548 -0.6105 0.2399
vn -0.1971 -0.9761 0.0917
vn -0.2559 -0.9546 0.1527
vn -0.4152 -0.9039 0.1023
vn -0.4775 -0.8666 0.1452
vn 0.2328 -0.5390 0.8095
vn -0.7492 -0.5302 0.3969
vn 0.5511 -0.1892 0.8127
vn 0.6670 -0.2222 0.7111
vn 0.5787 -0.2887 0.7627
vn 0.7224 -0.2462 0.6462
vn 0.7933 -0.2609 0.5501
vn 0.7609 -0.3064 0.5720
vn 0.9037 -0.2649 0.3364
vn 0.9233 -0.2748 0.2685
vn 0.4514 -0.1334 0.8823
vn 0.1294 -0.1123 0.9852
vn 0.2998 -0.1715 0.9384
vn 0.3239 -0.2939 0.8993
vn -0.2321 -0.1470 0.9615
vn -0.0020 -0.0138 0.9999
vn 0.0302 -0.0428 0.9986
vn 0.5520 -0.3707 0.7470
vn 0.7296 -0.3179 0.6055
vn 0.4981 -0.4499 0.7413
vn -0.6510 -0.3629 0.6667
vn -0.5655 -0.4178 0.7111
vn -0.6811 -0.4285 0.5937
vn -0.6562 -0.5006 0.5646
vn -0.6750 -0.4510 0.5840
vn -0.7111 -0.5843 0.3911
vn -0.6908 -0.4697 0.5497
vn 0.1171 -0.2953 0.9482
vn 0.1412 -0.3915 0.9093
vn -0.0688 -0.3877 0.9192
vn 0.0255 -0.4999 0.8657
vn -0.1627 -0.4925 0.8550
vn 0.0042 -0.5892 0.8079
vn -0.2546 -0.5979 0.7601
vn -0.5580 -0.6462 0.5207
vn -0.4560 -0.5477 0.7014
vn -0.3732 -0.4689 0.8005
vn -0.2675 -0.3624 0.8928
vn -0.0295 -0.2585 0.9656
vn 0.3343 -0.3954 0.8555
vn -0.4480 -0.3232 0.8336
vn -0.1898 -0.2131 0.9584
vn -0.6496 -0.3034 0.6972
vn -0.5156 -0.2736 0.8120
vn 0.0614 -0.0698 0.9957
vn -0.4802 -0.1311 0.8673
vn -0.3493 0.0116 0.9369
vn -0.1382 -0.0401 0.9896
vn -0.6741 0.0499 0.7370
vn -0.6894 -0.1018 0.7172
vn -0.7865 -0.2404 0.5688
vn -0.2702 -0.1561 0.9501
vn -0.5710 -0.2631 0.7777
vn -0.5937 -0.3509 0.7242
vn -0.8280 -0.3948 0.3981
vn -0.7173 -0.4444 0.5366
vn -0.7272 -0.5139 0.4550
vn -0.7618 -0.5643 0.3182
vn -0.6642 -0.5547 0.5012
vn -0.9882 0.0448 0.1461
vn -0.9066 0.0586 0.4179
vn -0.8180 -0.1970 0.5404
vn -0.6301 -0.4716 0.6169
vn -0.5237 -0.3803 0.7623
vn -0.4257 -0.3035 0.8525
vn -0.3651 -0.2458 0.8979
vn -0.9719 -0.2229 0.0756
vn -0.7772 -0.4486 0.4413
vn -0.8961 -0.4377 -0.0742
vn -0.8164 -0.5730 0.0709
vn -0.1002 0.0120 0.9949
vn -0.8579 0.1996 0.4735
vn -0.6655 0.1541 0.7303
vn -0.4128 0.0981 0.9055
vn -0.1207 0.0303 0.9922
vn -0.9807 0.1599 0.1121
vn -0.9546 0.2386 0.1784
vn -0.9596 0.2188 0.1772
vn -0.8289 0.1890 0.5265
vn -0.4782 0.1088 0.8715
vn -0.1266 0.0287 0.9915
vn -0.1045 -0.9804 0.1671
vn -0.0823 -0.8476 0.5242
vn -0.2240 -0.8219 0.5238
vn -0.0478 -0.4923 0.8691
vn -0.1302 -0.4779 0.8687
vn -0.0129 -0.1320 0.9912
vn -0.0350 -0.1284 0.9911
vn -0.0568 -0.1204 0.9911
vn -0.2113 -0.4480 0.8687
vn -0.0768 -0.1087 0.9911
vn -0.2860 -0.4044 0.8687
vn -0.0946 -0.0937 0.9911
vn -0.3519 -0.3486 0.8687
vn -0.1094 -0.0758 0.9911
vn -0.4071 -0.2821 0.8687
vn -0.1209 -0.0556 0.9911
vn -0.4500 -0.2070 0.8687
vn -0.1287 -0.0338 0.9911
vn -0.4791 -0.1256 0.8687
vn -0.1327 -0.0109 0.9911
vn -0.4936 -0.0404 0.8687
vn -0.1325 0.0124 0.9911
vn -0.4932 0.0460 0.8687
vn -0.3635 -0.7705 0.5237
vn -0.4918 -0.6955 0.5238
vn -0.6053 -0.5995 0.5238
vn -0.7002 -0.4851 0.5238
vn -0.7739 -0.3560 0.5238
vn -0.8240 -0.2161 0.5238
vn -0.8490 -0.0696 0.5238
vn -0.8482 0.0791 0.5237
vn -0.2496 -0.9557 0.1562
vn -0.4199 -0.8902 0.1767
vn -0.5687 -0.8042 0.1728
vn -0.7070 -0.6872 0.1671
vn -0.8059 -0.5710 0.1562
vn -0.8942 -0.4113 0.1767
vn -0.9527 -0.2498 0.1728
vn -0.9834 -0.0712 0.1670
vn -0.9844 0.0813 0.1561
vn 0.6653 -0.1854 0.7232
vn 0.4165 -0.1172 0.9015
vn 0.4577 -0.1818 0.8703
vn 0.1240 -0.0353 0.9916
vn 0.1222 -0.0483 0.9913
vn 0.9481 -0.2600 0.1828
vn 0.8486 -0.2363 0.4734
vn 0.7912 -0.3139 0.5249
vn 0.1147 -0.0626 0.9914
vn 0.4315 -0.2354 0.8708
vn 0.1069 -0.0750 0.9914
vn 0.4025 -0.2822 0.8708
vn 0.0979 -0.0865 0.9914
vn 0.3684 -0.3255 0.8708
vn 0.0876 -0.0969 0.9914
vn 0.3296 -0.3647 0.8708
vn 0.0762 -0.1061 0.9914
vn 0.2867 -0.3994 0.8708
vn 0.0638 -0.1140 0.9914
vn 0.2402 -0.4289 0.8708
vn 0.0506 -0.1204 0.9914
vn 0.1906 -0.4531 0.8708
vn 0.0369 -0.1253 0.9914
vn 0.1387 -0.4716 0.8708
vn 0.0226 -0.1287 0.9914
vn 0.0850 -0.4842 0.8708
vn 0.0067 -0.1313 0.9913
vn 0.0253 -0.4922 0.8701
vn 0.7467 -0.4073 0.5259
vn 0.6964 -0.4883 0.5260
vn 0.6373 -0.5632 0.5259
vn 0.5703 -0.6310 0.5260
vn 0.4960 -0.6909 0.5259
vn 0.4155 -0.7421 0.5259
vn 0.3298 -0.7839 0.5260
vn 0.2400 -0.8159 0.5260
vn 0.1471 -0.8377 0.5260
vn 0.0438 -0.8499 0.5252
vn 0.9136 -0.3639 0.1816
vn 0.8633 -0.4725 0.1775
vn 0.8058 -0.5650 0.1772
vn 0.7385 -0.6526 0.1695
vn 0.6543 -0.7370 0.1696
vn 0.5856 -0.7966 0.1501
vn 0.4739 -0.8641 0.1695
vn 0.3936 -0.9069 0.1502
vn 0.2698 -0.9479 0.1696
vn 0.1820 -0.9718 0.1501
vn 0.0507 -0.9829 0.1770
vn -0.7319 -0.6656 0.1459
vn 0.5848 -0.7918 0.1763
vn 0.5204 -0.7088 0.4762
vn 0.5506 -0.8238 0.1345
vn 0.4969 -0.7674 0.4051
vn 0.4341 -0.8553 0.2829
vn 0.3005 -0.8627 0.4068
vn 0.0748 -0.9097 0.4086
vn 0.1926 -0.9479 0.2537
vn 0.3217 -0.9367 0.1379
vn -0.5334 -0.7431 0.4041
vn -0.4471 -0.8448 0.2939
vn -0.3180 -0.8573 0.4049
vn -0.3325 -0.9329 0.1384
vn -0.1228 -0.9099 0.3963
vn -0.1321 -0.9811 0.1416
vn 0.0596 -0.9886 0.1384
vn -0.6818 -0.6138 0.3979
vn -0.5859 -0.7981 0.1406
vn -0.5633 -0.3463 0.7502
vn -0.0782 -0.0448 0.9959
vn -0.3085 -0.1832 0.9334
vn -0.0686 -0.0609 0.9958
vn -0.2732 -0.2424 0.9309
vn -0.0524 -0.0753 0.9958
vn -0.2086 -0.2997 0.9309
vn -0.0332 -0.0854 0.9958
vn -0.1324 -0.3403 0.9309
vn -0.0123 -0.0909 0.9958
vn -0.0488 -0.3619 0.9309
vn 0.0094 -0.0912 0.9958
vn 0.0375 -0.3633 0.9309
vn 0.0306 -0.0865 0.9958
vn 0.1217 -0.3443 0.9309
vn 0.0473 -0.0770 0.9959
vn 0.1882 -0.3089 0.9323
vn 0.0757 -0.0982 0.9923
vn 0.2574 -0.3444 0.9029
vn -0.5191 -0.4631 0.7184
vn -0.3978 -0.5716 0.7177
vn -0.2525 -0.6490 0.7177
vn -0.0931 -0.6901 0.7177
vn 0.0715 -0.6927 0.7176
vn 0.2321 -0.6566 0.7177
vn 0.3637 -0.5931 0.7183
vn 0.4084 -0.5568 0.7233
vn 0.4335 -0.7250 0.5352
vn 0.3425 -0.9225 0.1783
vn 0.1695 -0.9695 0.1770
vn 0.1474 -0.8620 0.4849
vn 0.5026 -0.8459 0.1785
vn 0.2937 -0.7912 0.5365
vn 0.1646 -0.4441 0.8807
vn 0.2430 -0.4051 0.8814
vn 0.1146 -0.6750 0.7288
vn 0.0701 -0.4129 0.9081
vn 0.0189 -0.1163 0.9930
vn 0.0414 -0.1116 0.9929
vn 0.0608 -0.1023 0.9929
vn -0.0371 -0.0743 0.9965
vn -0.0093 -0.0712 0.9974
vn -0.0967 -0.3609 0.9276
vn -0.0365 -0.0580 0.9977
vn -0.2411 -0.2907 0.9259
vn -0.2640 -0.2491 0.9318
vn -0.4991 -0.4604 0.7341
vn -0.6693 -0.6132 0.4196
vn -0.7333 -0.6633 0.1495
vn -0.4223 -0.5295 0.7357
vn -0.5751 -0.7068 0.4119
vn -0.4365 -0.8891 0.1376
vn -0.5392 -0.8414 0.0378
vn -0.6403 -0.7542 0.1458
vn -0.2214 -0.8799 0.4204
vn -0.4101 -0.8092 0.4206
vn -0.1650 -0.6556 0.7369
vn -0.3054 -0.6026 0.7373
vn -0.1566 -0.3091 0.9381
vn -0.0024 -0.0828 0.9966
vn -0.0095 -0.3457 0.9383
vn -0.0185 -0.6764 0.7363
vn -0.0283 -0.9075 0.4191
vn -0.2409 -0.9597 0.1450
vn -0.0321 -0.9889 0.1449
vn -0.8064 -0.4528 -0.3805
vn -0.7139 -0.3949 -0.5782
vn -0.5952 -0.3401 -0.7281
vn -0.1133 -0.0796 -0.9904
vn -0.3796 -0.2188 -0.8989
vn -0.9899 0.0321 -0.1382
vn -0.9813 0.1716 -0.0872
vn -0.9237 0.0957 -0.3711
vn -0.9127 -0.1807 -0.3664
vn -0.7097 -0.1484 -0.6887
vn -0.1139 -0.0447 -0.9925
vn -0.3950 -0.0955 -0.9137
vn -0.9752 -0.1990 -0.0969
vn -0.1049 -0.0147 -0.9944
vn -0.3831 0.0143 -0.9236
vn -0.7182 0.0532 -0.6938
vn -0.0659 -0.7013 -0.7098
vn -0.3441 -0.7001 -0.6257
vn -0.5686 -0.6429 -0.5132
vn -0.8467 -0.5316 -0.0228
vn -0.8209 -0.5616 -0.1034
vn -0.7662 -0.5941 -0.2450
vn -0.6848 -0.6145 -0.3917
vn -0.7901 -0.6058 -0.0933
vn 0.7129 -0.7013 -0.0011
vn 0.7170 -0.6926 -0.0791
vn -0.6225 0.0548 -0.7807
vn -0.0510 -0.8686 -0.4930
vn -0.5356 0.2228 -0.8145
vn -0.8255 -0.2195 -0.5200
vn -0.7886 -0.5376 -0.2984
vn 0.7120 -0.6815 -0.1691
vn -0.7642 -0.4447 -0.4671
vn 0.7184 -0.6455 -0.2592
vn -0.7211 -0.2538 -0.6447
vn 0.7143 -0.5876 -0.3801
vn 0.7035 -0.4958 -0.5091
vn 0.6689 -0.3884 -0.6338
vn -0.1056 -0.7566 -0.6452
vn 0.8829 -0.4653 0.0627
vn 0.6841 -0.7263 0.0667
vn 0.5158 -0.8545 0.0615
vn 0.8821 -0.4639 0.0817
vn 0.8778 -0.4626 0.1246
vn 0.6848 -0.7221 0.0978
vn 0.5070 -0.8589 0.0724
vn 0.6409 -0.7625 0.0884
vn 0.5385 -0.8395 0.0725
vn 0.7145 -0.6872 0.1311
vn 0.7691 -0.6085 0.1955
vn 0.8734 -0.4457 0.1962
vn 0.8613 -0.4194 0.2870
vn 0.8470 -0.3693 0.3824
vn 0.8410 -0.3754 0.3896
vn 0.7933 -0.5459 0.2695
vn 0.8522 -0.4004 0.3367
vn 0.7977 -0.5551 0.2359
vn 0.9480 -0.3098 0.0722
vn 0.9232 -0.3661 0.1167
vn 0.9509 -0.2913 0.1043
vn 0.8972 -0.3849 0.2166
vn 0.9286 -0.3258 0.1776
vn 0.8864 -0.4314 0.1677
vn 0.7953 -0.5915 0.1326
vn 0.7425 -0.6640 0.0889
vn 0.8132 0.1645 -0.5583
vn -0.9576 -0.0695 -0.2796
vn 0.6562 -0.5171 -0.5496
vn -0.8468 -0.5309 0.0342
vn -0.8483 -0.5292 0.0202
vn -0.4290 -0.6088 -0.6673
vn -0.2557 -0.6463 -0.7190
vn -0.1492 -0.6940 -0.7043
vn -0.5866 -0.5700 -0.5754
vn -0.8602 -0.5021 -0.0894
vn -0.7836 -0.4995 -0.3694
vn -0.6001 0.5523 -0.5786
vn 0.7136 -0.6775 -0.1782
vn 0.3779 -0.7282 -0.5718
vn -0.2567 0.5838 -0.7703
vn -0.5142 0.3772 -0.7703
vn 0.2069 -0.7161 -0.6667
vn 0.4633 0.4649 -0.7545
vn 0.2240 0.6020 -0.7665
vn -0.5838 -0.2567 -0.7703
vn 0.3610 -0.6521 -0.6667
vn -0.6339 0.0696 -0.7703
vn 0.4930 -0.5576 -0.6678
vn -0.0851 0.6381 -0.7652
vn -0.3772 -0.5142 -0.7703
vn 0.5999 -0.4321 -0.6734
vn 0.0553 -0.7399 -0.6705
vn -0.1049 -0.7433 -0.6607
vn 0.0696 0.6339 -0.7703
vn -0.3160 -0.6839 -0.6576
vn 0.3772 0.5142 -0.7703
vn -0.5420 -0.5262 -0.6553
vn 0.5838 0.2567 -0.7703
vn -0.6819 -0.3202 -0.6576
vn 0.6339 -0.0696 -0.7703
vn -0.7535 -0.0542 -0.6553
vn 0.5142 -0.3772 -0.7703
vn -0.7290 0.1347 -0.6712
vn 0.2567 -0.5838 -0.7703
vn -0.0696 -0.6339 -0.7703
vn -0.0872 0.6370 0.7659
vn -0.5838 -0.2567 0.7703
vn -0.6339 0.0696 0.7702
vn -0.5142 0.3773 0.7703
vn -0.6610 0.0726 0.7468
vn -0.6308 -0.1722 0.7566
vn -0.4825 -0.4240 0.7664
vn -0.2567 0.5838 0.7703
vn 0.0696 0.6339 0.7703
vn 0.5838 0.2567 0.7703
vn 0.3772 0.5142 0.7703
vn 0.2567 -0.5838 0.7703
vn 0.5142 -0.3772 0.7703
vn 0.6339 -0.0696 0.7703
vn -0.3773 -0.5142 0.7702
vn -0.0696 -0.6339 0.7703
vn -0.3791 0.5242 0.7626
vn -0.5836 0.3029 0.7534
vn 0.2240 0.6020 0.7665
vn 0.4825 0.4239 0.7665
vn 0.6317 0.1713 0.7560
vn 0.0844 -0.6401 0.7637
vn -0.2249 -0.6030 0.7654
vn 0.6552 -0.0780 0.7514
vn 0.5765 -0.2960 0.7616
vn 0.3846 -0.5191 0.7633
vn 0.9241 -0.2908 0.2480
vn 0.9289 -0.2798 0.2424
vn 0.9303 -0.2782 0.2390
vn 0.9262 -0.2766 0.2561
vn 0.9242 -0.3620 0.1217
vn 0.9289 -0.3640 0.0677
vn 0.9244 -0.3614 0.1218
vn 0.9302 -0.3606 0.0683
vn 0.9266 -0.3547 0.1251
vn 0.9326 -0.3494 0.0911
vn 0.9013 -0.3457 0.2610
vn 0.9628 -0.2552 0.0893
vn 0.9246 -0.3445 0.1626
vn 0.9389 -0.3391 0.0587
vn 0.9341 -0.3439 0.0953
vn 0.9368 -0.3226 0.1356
vn -0.6770 0.7325 0.0707
vn -0.6789 0.7228 0.1292
vn -0.6621 0.7465 0.0669
vn -0.6656 0.7371 0.1173
vn -0.6636 0.7451 0.0670
vn -0.6603 0.7438 0.1034
vn -0.6751 0.7356 0.0553
vn -0.6778 0.7341 0.0394
vn -0.6606 0.7436 0.1035
vn -0.6713 0.7351 0.0950
vn -0.6637 0.7408 0.1034
vn -0.6616 0.7427 0.1035
vn -0.8654 0.4973 0.0618
vn -0.8714 0.4858 0.0687
vn -0.8599 0.4943 0.1274
vn -0.8787 0.4667 0.1002
vn -0.8753 0.4678 0.1227
vn -0.8687 0.4777 0.1314
vn -0.8648 0.4897 0.1108
vn -0.8547 0.5177 0.0374
vn -0.8320 0.5467 0.0938
vn -0.8145 0.5679 0.1186
vn -0.8077 0.5850 0.0732
vn -0.7760 0.6271 0.0680
vn -0.7373 0.6710 0.0785
vn -0.7785 0.6163 0.1185
vn -0.6999 0.7000 0.1418
vn -0.8920 0.4399 0.1037
vn -0.8853 0.4536 0.1025
vn -0.8968 0.4277 0.1129
vn -0.6816 0.7307 0.0380
vn -0.8530 0.4782 0.2093
vn -0.8697 0.4497 0.2035
vn -0.8270 0.4711 0.3070
vn -0.8410 0.4475 0.3040
vn -0.8504 0.4318 0.3004
vn -0.8772 0.4334 0.2068
vn -0.8589 0.4166 0.2980
vn -0.8624 0.4119 0.2943
vn -0.8874 0.4152 0.2001
vn -0.8622 0.4021 0.3081
vn -0.6802 0.6927 0.2400
vn -0.7547 0.6321 0.1756
vn -0.7916 0.5927 0.1486
vn -0.7560 0.6183 0.2147
vn -0.7121 0.6243 0.3211
vn -0.6666 0.6709 0.3249
vn -0.8258 0.5245 0.2073
vn -0.8070 0.5014 0.3120
vn -0.7856 0.5394 0.3030
vn -0.7553 0.5761 0.3126
vn -0.2153 0.1443 0.9658
vn -0.2012 0.1402 0.9695
vn -0.3220 0.1879 0.9279
vn -0.2001 0.1350 0.9704
vn -0.1845 0.1123 0.9764
vn -0.6651 0.3158 0.6767
vn -0.5634 0.2775 0.7782
vn -0.4690 0.2413 0.8496
vn -0.3713 0.2265 0.9005
vn -0.3635 0.2046 0.9088
vn -0.8235 0.3890 0.4130
vn -0.7610 0.3533 0.5442
vn -0.3437 0.1948 0.9187
vn -0.4507 0.2383 0.8603
vn -0.5483 0.2770 0.7890
vn -0.6532 0.3193 0.6865
vn -0.7525 0.3595 0.5519
vn -0.4773 0.2377 0.8460
vn -0.5271 0.2710 0.8054
vn -0.4288 0.2178 0.8768
vn -0.4297 0.2310 0.8729
vn -0.2705 0.1485 0.9512
vn -0.3312 0.1766 0.9269
vn -0.3797 0.1959 0.9041
vn -0.8272 0.4035 0.3912
vn -0.8147 0.3896 0.4296
vn -0.6322 0.3143 0.7082
vn -0.6416 0.3160 0.6990
vn -0.7355 0.3567 0.5760
vn -0.7284 0.3538 0.5867
vn -0.7952 0.3871 0.4666
vn -0.5035 0.2493 0.8272
vn -0.5319 0.2614 0.8055
vn -0.5854 0.2905 0.7569
vn -0.2330 0.1603 0.9592
vn -0.2534 0.1768 0.9511
vn -0.1280 0.0698 0.9893
vn -0.1399 0.0584 0.9884
vn -0.2026 0.0986 0.9743
vn -0.8131 0.4125 0.4107
vn -0.3746 0.1905 0.9074
vn -0.4752 0.2713 0.8370
vn -0.4895 0.2551 0.8339
vn -0.5926 0.3446 0.7281
vn -0.6158 0.3246 0.7179
vn -0.7025 0.4117 0.5804
vn -0.7279 0.3862 0.5666
vn -0.7700 0.4488 0.4535
vn -0.8020 0.4265 0.4183
vn -0.7995 0.4610 0.3850
vn -0.2772 0.1352 0.9513
vn -0.2952 0.1549 0.9428
vn -0.3631 0.1975 0.9106
vn -0.1566 0.0651 0.9855
vn -0.1985 0.0910 0.9759
vn -0.2474 0.1206 0.9614
vn -0.2220 0.1224 0.9673
vn -0.2150 0.1102 0.9704
vn -0.2984 0.1558 0.9416
vn -0.2876 0.1464 0.9465
vn -0.3946 0.1955 0.8978
vn -0.3841 0.1921 0.9031
vn -0.5086 0.2452 0.8254
vn -0.5002 0.2488 0.8294
vn -0.6272 0.3131 0.7131
vn -0.7405 0.3733 0.5589
vn -0.1574 0.0804 0.9843
vn -0.1513 0.0733 0.9858
vn -0.1512 0.0721 0.9859
vn -0.1583 0.0920 0.9831
vn -0.2371 0.1756 0.9555
vn -0.1658 0.0649 0.9840
vn -0.2036 0.1005 0.9739
vn -0.2595 0.1565 0.9530
vn -0.3509 0.2152 0.9114
vn -0.4540 0.2996 0.8391
vn -0.5677 0.3877 0.7262
vn -0.6745 0.4595 0.5779
vn -0.7473 0.5073 0.4292
vn -0.6362 0.6341 0.4396
vn 0.1559 0.4566 0.8759
vn -0.4215 0.3584 0.8330
vn -0.4360 0.3343 0.8356
vn -0.5010 0.4581 0.7343
vn -0.5322 0.4253 0.7320
vn -0.5888 0.5620 0.5809
vn -0.6295 0.5124 0.5841
vn -0.7003 0.5638 0.4378
vn -0.2376 0.1338 0.9621
vn -0.3093 0.2185 0.9255
vn -0.8151 0.4966 0.2983
vn -0.8369 0.5083 0.2028
vn -0.8094 0.5524 0.1994
vn -0.6605 0.7095 0.2458
vn -0.7017 0.6790 0.2157
vn -0.6876 0.7144 0.1297
vn -0.6704 0.7329 0.1160
vn -0.7534 0.6266 0.1994
vn -0.7259 0.6640 0.1795
vn -0.8584 0.4991 0.1184
vn -0.8593 0.4976 0.1183
vn -0.8589 0.4982 0.1184
vn -0.8497 0.5141 0.1169
vn -0.7998 0.5818 0.1474
vn -0.7758 0.6205 0.1141
vn -0.7894 0.5358 0.2996
vn -0.7389 0.6000 0.3068
vn -0.6856 0.6541 0.3197
vn -0.6451 0.6887 0.3310
vn -0.1082 0.0805 0.9909
vn -0.1095 0.0625 0.9920
vn -0.1096 0.0515 0.9926
vn -0.1156 0.0483 0.9921
vn -0.1190 0.0622 0.9909
vn -0.1101 0.0467 0.9928
vn -0.0627 0.0214 0.9978
vn -0.0627 0.0203 0.9978
vn -0.0735 0.0226 0.9970
vn -0.0921 0.0342 0.9952
vn -0.0562 0.0588 0.9967
vn -0.0305 0.0394 0.9988
vn -0.0535 0.0253 0.9982
vn 0.9160 -0.3231 0.2377
vn 0.8868 -0.3066 0.3459
vn 0.9122 -0.3495 0.2137
vn 0.8842 -0.3271 0.3335
vn 0.8799 -0.3367 0.3351
vn -0.1070 0.0924 0.9900
vn 0.1311 0.0201 0.9912
vn 0.0773 0.0410 0.9962
vn 0.0640 0.0674 0.9957
vn -0.0101 0.0420 0.9991
vn -0.1692 0.1033 0.9802
vn -0.1198 0.1232 0.9851
vn -0.1096 0.1058 0.9883
vn -0.0101 0.0668 0.9977
vn 0.0058 0.0565 0.9984
vn -0.0410 0.0803 0.9959
vn 0.0222 0.0443 0.9988
vn -0.0567 0.0708 0.9959
vn -0.0127 0.0452 0.9989
vn -0.0312 0.0967 0.9948
vn 0.0312 0.0478 0.9984
vn 0.0054 0.0633 0.9980
vn -0.0101 0.0651 0.9978
vn 0.1907 -0.0050 0.9816
vn 0.1696 -0.0133 0.9854
vn 0.1574 -0.0023 0.9875
vn 0.1782 0.0234 0.9837
vn -0.1181 0.1203 0.9857
vn -0.0788 0.1105 0.9907
vn -0.0456 0.0974 0.9942
vn 0.3080 -0.0189 0.9512
vn 0.4040 -0.0717 0.9119
vn 0.5095 -0.1217 0.8518
vn 0.6153 -0.1547 0.7730
vn 0.5288 -0.1293 0.8389
vn 0.4770 -0.1059 0.8725
vn 0.7003 -0.1962 0.6864
vn 0.7577 -0.2540 0.6012
vn 0.8049 -0.2733 0.5267
vn 0.8450 -0.2920 0.4480
vn 0.6908 -0.1166 0.7136
vn 0.5781 -0.1580 0.8006
vn 0.9225 -0.2960 0.2476
vn 0.8857 -0.3492 0.3058
vn 0.9233 -0.3628 0.1262
vn 0.9281 -0.3659 0.0690
vn 0.6507 -0.3341 -0.6819
vn 0.6402 0.1431 -0.7547
vn 0.6398 -0.1142 -0.7600
vn 0.5329 -0.3712 -0.7604
vn 0.1029 -0.6665 -0.7384
vn 0.2762 -0.6240 -0.7310
vn 0.4179 -0.5341 -0.7349
vn -0.8155 -0.3412 0.4675
vn -0.7060 -0.1360 0.6950
vn -0.3720 -0.0861 0.9242
vn -0.9254 0.0469 0.3761
vn -0.4463 0.0632 0.8927
vn -0.0904 -0.0385 0.9952
vn -0.1315 -0.0032 0.9913
vn -0.0893 -0.0658 0.9938
vn -0.3377 -0.2111 0.9173
vn -0.6192 -0.3871 0.6832
vn -0.9336 0.1976 0.2990
vn -0.8432 0.1734 0.5089
vn -0.7018 0.1322 0.7000
vn -0.8030 -0.4939 0.3335
vn -0.8522 -0.5215 0.0414
vn -0.8687 -0.3597 0.3406
vn -0.9258 -0.3754 0.0450
vn -0.9255 -0.1659 0.3406
vn -0.9840 -0.1722 0.0450
vn -0.9387 0.0365 0.3429
vn -0.9981 0.0452 0.0413
vn -0.9758 0.2071 0.0705
vn -0.9766 0.2108 -0.0415
vn -0.8263 -0.5608 0.0527
vn -0.0917 -0.0776 0.9928
vn -0.0903 -0.0759 0.9930
vn -0.3272 -0.2328 0.9158
vn -0.6053 -0.4146 0.6795
vn -0.7831 -0.5266 0.3310
vn -0.8319 -0.5533 0.0425
vn -0.0961 -0.0788 0.9923
vn -0.0655 -0.0984 0.9930
vn -0.3113 -0.2655 0.9125
vn -0.8352 -0.5485 0.0403
vn -0.7767 -0.5419 0.3210
vn -0.5849 -0.4419 0.6802
vn 0.4868 -0.3096 0.8168
vn 0.6132 -0.3747 0.6954
vn 0.4594 -0.4852 0.7440
vn 0.7610 -0.4341 0.4822
vn 0.5072 -0.8228 0.2565
vn 0.2396 -0.8698 0.4313
vn 0.4591 -0.7461 0.4822
vn -0.8326 -0.5530 0.0313
vn -0.7206 -0.6257 0.2988
vn -0.8159 -0.5774 0.0305
vn -0.6700 -0.7056 0.2308
vn -0.8057 -0.5921 0.0174
vn -0.5978 -0.7921 0.1230
vn -0.7955 -0.6058 -0.0141
vn -0.2528 -0.6526 0.7143
vn -0.4306 -0.5720 0.6981
vn -0.1176 -0.6032 0.7889
vn -0.2470 -0.5049 0.8271
vn 0.0961 -0.5046 0.8580
vn -0.0013 -0.3918 0.9201
vn 0.2904 -0.3775 0.8793
vn 0.2524 -0.2560 0.9332
vn 0.3903 -0.2615 0.8828
vn 0.0420 -0.1404 0.9892
vn -0.1926 -0.3141 0.9297
vn 0.1715 -0.2067 0.9633
vn 0.2598 -0.6336 0.7288
vn 0.0299 -0.7361 0.6763
vn -0.2089 -0.7895 0.5771
vn 0.7711 -0.6356 0.0381
vn 0.5747 -0.8176 0.0351
vn 0.6726 -0.6951 0.2540
vn 0.5464 -0.8077 0.2213
vn 0.6536 -0.6085 0.4500
vn 0.3289 -0.9442 0.0194
vn -0.0452 -0.9397 0.3391
vn -0.3141 -0.9157 0.2507
vn -0.4375 -0.7796 0.4480
vn -0.4750 -0.4491 0.7568
vn -0.5783 -0.6358 0.5111
vn 0.8587 -0.4897 0.1510
vn 0.8685 -0.4952 0.0213
vn 0.0596 -0.9974 0.0413
vn -0.2406 -0.9703 0.0268
vn -0.5504 -0.8348 -0.0107
vn -0.7830 -0.6204 -0.0450
vn -0.9125 -0.4041 -0.0634
vn -0.9926 -0.1185 0.0258
vn -0.9227 0.3819 -0.0535
vn -0.9076 0.4071 -0.1025
vn -0.9543 0.2809 -0.1022
vn -0.9941 -0.0627 -0.0884
vn -0.9995 -0.0129 0.0301
vn -0.9981 0.0534 -0.0305
vn -0.9928 0.1106 -0.0454
vn -0.9872 0.1556 -0.0343
vn -0.9804 0.1967 -0.0068
vn -0.9630 0.2656 0.0466
vn -0.9326 0.3014 -0.1985
vn -0.9877 -0.0481 -0.1489
vn -0.9112 -0.4045 -0.0779
vn -0.9080 -0.4089 -0.0911
vn -0.9765 -0.0553 -0.2082
vn -0.9089 0.2909 -0.2988
vn -0.9113 -0.3966 -0.1105
vn -0.7470 -0.0248 -0.6643
vn -0.8576 -0.2613 -0.4431
vn -0.8695 -0.1399 -0.4738
vn -0.8957 -0.3502 -0.2739
vn -0.8643 -0.4777 -0.1575
vn -0.8649 -0.4899 -0.1094
vn -0.5496 0.2124 -0.8080
vn -0.6528 0.1077 -0.7498
vn -0.6413 0.2371 -0.7298
vn -0.7659 0.0714 -0.6390
vn -0.7437 0.1915 -0.6405
vn -0.8465 0.1117 -0.5206
vn -0.7490 0.2791 -0.6010
vn -0.9132 -0.1055 -0.3936
vn -0.9160 -0.3260 -0.2339
vn -0.8733 -0.4771 -0.0983
vn -0.9536 -0.1284 -0.2722
vn -0.9017 -0.4161 -0.1177
vn -0.9142 0.1507 -0.3762
vn -0.8448 0.3273 -0.4234
vn -0.8474 0.2119 -0.4868
vn -0.8616 -0.4649 -0.2039
vn -0.6749 -0.0657 -0.7350
vn -0.3919 0.2080 -0.8962
vn -0.5881 0.0213 -0.8085
vn -0.7554 -0.2098 -0.6207
vn -0.8366 -0.4133 -0.3594
vn -0.8328 -0.5371 -0.1338
vn -0.4120 0.0642 -0.9089
vn -0.2669 0.0957 -0.9590
vn -0.4723 -0.0889 -0.8769
vn -0.7594 -0.6358 -0.1384
vn -0.7616 -0.5189 -0.3883
vn -0.6625 -0.3151 -0.6795
vn -0.3793 -0.1800 -0.9076
vn -0.5072 -0.4345 -0.7443
vn -0.5702 -0.5915 -0.5701
vn -0.2900 -0.5695 -0.7691
vn 0.0947 -0.6471 -0.7565
vn 0.1553 -0.8852 -0.4384
vn -0.0429 -0.8999 -0.4341
vn 0.1862 -0.9706 -0.1527
vn -0.3203 -0.8485 -0.4212
vn -0.3269 -0.9143 -0.2392
vn -0.6323 -0.7668 -0.1105
vn -0.5296 -0.8030 -0.2734
vn -0.2330 -0.2748 -0.9328
vn -0.5979 -0.6918 -0.4049
vn -0.3098 -0.7477 -0.5874
vn -0.0692 -0.6541 -0.7533
vn -0.0879 -0.2635 -0.9607
vn 0.0023 -0.3002 -0.9539
vn -0.2284 0.0704 -0.9710
vn -0.2230 -0.0217 -0.9746
vn -0.1580 0.0231 -0.9872
vn -0.1238 -0.0299 -0.9919
vn 0.0885 -0.9754 -0.2020
vn -0.0179 -0.9875 -0.1567
vn -0.1131 -0.9337 -0.3397
vn -0.3067 -0.9472 -0.0939
vn -0.0695 -0.0055 -0.9976
vn 0.3151 -0.9031 -0.2918
vn 0.0139 -0.0126 -0.9998
vn 0.0066 0.0707 -0.9975
vn 0.1816 -0.2415 -0.9532
vn 0.0859 -0.0401 -0.9955
vn 0.1065 -0.2779 -0.9547
vn -0.0102 -0.0824 -0.9966
vn 0.3725 -0.5492 -0.7481
vn 0.5433 -0.6855 -0.4846
vn 0.5250 -0.7584 -0.3862
vn 0.5913 -0.7878 -0.1726
vn 0.5041 -0.8473 -0.1675
vn 0.2144 -0.2086 -0.9542
vn 0.3350 -0.3749 -0.8644
vn 0.4374 -0.5208 -0.7331
vn 0.2540 -0.6116 -0.7492
vn 0.3850 -0.8463 -0.3681
vn 0.0837 -0.0037 -0.9965
vn 0.2149 -0.2297 -0.9492
vn 0.0617 0.0199 -0.9979
vn 0.3821 -0.5376 -0.7517
vn 0.4863 -0.7609 -0.4296
vn 0.1327 -0.0325 -0.9906
vn 0.1776 -0.0610 -0.9822
vn 0.1777 -0.3079 -0.9347
vn 0.1791 -0.3414 -0.9227
vn 0.2132 -0.6427 -0.7358
vn 0.1459 -0.6739 -0.7242
vn 0.2173 -0.8802 -0.4220
vn 0.0905 -0.9056 -0.4143
vn 0.3623 -0.9205 -0.1463
vn 0.2034 -0.9682 -0.1459
vn 0.0433 -0.9887 -0.1433
vn 0.1891 -0.2716 -0.9436
vn 0.2946 -0.5983 -0.7451
vn 0.3538 -0.8322 -0.4270
vn 0.5157 -0.8440 -0.1472
vn -0.7437 -0.6244 -0.2387
vn -0.7963 -0.5655 -0.2148
vn -0.7269 -0.6713 -0.1446
vn -0.3067 -0.7890 -0.5323
vn -0.5506 -0.7585 -0.3486
vn -0.4197 -0.8063 -0.4168
vn 0.3464 -0.4239 -0.8368
vn 0.4600 -0.2235 -0.8593
vn 0.5443 -0.2591 -0.7979
vn 0.1826 -0.3656 -0.9127
vn 0.0922 -0.6914 -0.7166
vn 0.0593 -0.7088 -0.7029
vn 0.2550 -0.3718 -0.8926
vn 0.0340 -0.7245 -0.6885
vn 0.2620 -0.4325 -0.8627
vn 0.0077 -0.7362 -0.6767
vn -0.0233 -0.7431 -0.6687
vn 0.1605 -0.6701 -0.7247
vn -0.0754 -0.7551 -0.6512
vn 0.1584 -0.6494 -0.7438
vn -0.1013 -0.7649 -0.6361
vn 0.4181 -0.5135 -0.7493
vn 0.4110 -0.4573 -0.7886
vn 0.3287 -0.4734 -0.8172
vn -0.0934 -0.9852 -0.1438
vn -0.0200 -0.9119 -0.4100
vn -0.1981 -0.9742 -0.1083
vn -0.1245 -0.9062 -0.4041
vn -0.2570 -0.9542 -0.1531
vn -0.1537 -0.8776 -0.4542
vn -0.4127 -0.9046 -0.1061
vn -0.2898 -0.8714 -0.3959
vn -0.4759 -0.8664 -0.1514
vn -0.3037 -0.8441 -0.4419
vn -0.5934 -0.7909 -0.1497
vn 0.5910 -0.3048 -0.7469
vn 0.6355 -0.3071 -0.7084
vn 0.6453 -0.3361 -0.6860
vn 0.2364 -0.0872 -0.9677
vn 0.2634 -0.1229 -0.9568
vn 0.2991 -0.1350 -0.9446
vn 0.3966 -0.1776 -0.9006
vn 0.4111 -0.2364 -0.8804
vn -0.1106 -0.7285 -0.6761
vn -0.3629 -0.7400 -0.5664
vn -0.5220 -0.7266 -0.4467
vn -0.6242 -0.6993 -0.3483
vn 0.1471 -0.6641 -0.7331
vn 0.4332 -0.5288 -0.7299
vn 0.6870 -0.3408 -0.6418
vn -0.6426 -0.5996 -0.4770
vn 0.3401 -0.4204 -0.8412
vn 0.5434 -0.3785 -0.7493
vn 0.1632 -0.3322 -0.9290
vn 0.7617 -0.2555 -0.5954
vn 0.6936 -0.2372 -0.6801
vn 0.7616 -0.3061 -0.5712
vn 0.8649 -0.2660 -0.4257
vn 0.9232 -0.2748 -0.2685
vn 0.9186 -0.2725 -0.2862
vn 0.7275 -0.3177 -0.6082
vn 0.0695 -0.0701 -0.9951
vn 0.0816 -0.1377 -0.9871
vn 0.1291 -0.0972 -0.9869
vn -0.0160 -0.2244 -0.9744
vn 0.2176 -0.1335 -0.9669
vn 0.2813 -0.2868 -0.9158
vn 0.4202 -0.1543 -0.8942
vn 0.5165 -0.1453 -0.8438
vn 0.5870 -0.2964 -0.7534
vn 0.6295 -0.2319 -0.7416
vn -0.4422 -0.3600 -0.8215
vn -0.2756 -0.3940 -0.8768
vn -0.1479 -0.3013 -0.9420
vn -0.0663 -0.4185 -0.9058
vn 0.1295 -0.4248 -0.8960
vn -0.7544 -0.5232 -0.3964
vn -0.7055 -0.5696 -0.4216
vn -0.5458 -0.3399 -0.7659
vn -0.7206 -0.3878 -0.5748
vn -0.6550 -0.4917 -0.5737
vn -0.6750 -0.4510 -0.5840
vn -0.6974 -0.4800 -0.5322
vn -0.0016 -0.0098 -1.0000
vn -0.0758 -0.0762 -0.9942
vn -0.2147 -0.1477 -0.9655
vn -0.3710 -0.2306 -0.8995
vn -0.5043 -0.2765 -0.8181
vn -0.5125 -0.2997 -0.8047
vn -0.4700 -0.5662 -0.6771
vn 0.5071 -0.4358 -0.7436
vn 0.2344 -0.5366 -0.8107
vn -0.0047 -0.5770 -0.8167
vn -0.2347 -0.5904 -0.7723
vn -0.7772 -0.4486 -0.4413
vn -0.9707 -0.2266 -0.0793
vn -0.8965 -0.4370 0.0726
vn -0.6580 -0.4352 -0.6146
vn -0.6056 -0.4567 -0.6517
vn -0.4026 -0.3228 -0.8566
vn -0.8237 -0.1856 -0.5357
vn -0.9116 0.0429 -0.4087
vn -0.9879 0.0393 -0.1501
vn -0.7600 -0.5134 -0.3986
vn -0.8220 -0.5657 -0.0651
vn -0.7799 -0.5569 -0.2858
vn -0.6632 -0.5559 -0.5011
vn -0.1354 -0.0509 -0.9895
vn -0.3027 -0.0266 -0.9527
vn -0.2237 -0.1512 -0.9628
vn -0.1825 -0.1171 -0.9762
vn -0.7182 0.0178 -0.6956
vn -0.8155 -0.2076 -0.5403
vn -0.5283 -0.0057 -0.8490
vn -0.6929 -0.2341 -0.6819
vn -0.5667 -0.2595 -0.7820
vn -0.8356 -0.3820 -0.3948
vn -0.7381 -0.4151 -0.5319
vn -0.4471 -0.2841 -0.8482
vn -0.3489 -0.2425 -0.9052
vn -0.9769 0.1675 -0.1329
vn -0.4112 0.0944 -0.9066
vn -0.1067 0.0160 -0.9942
vn -0.1207 0.0303 -0.9922
vn -0.9546 0.2386 -0.1784
vn -0.8559 0.2037 -0.4754
vn -0.6691 0.1546 -0.7269
vn -0.1266 0.0287 -0.9915
vn -0.4782 0.1086 -0.8715
vn -0.8290 0.1888 -0.5264
vn -0.9596 0.2188 -0.1772
vn -0.8482 0.0791 -0.5237
vn -0.4932 0.0460 -0.8687
vn -0.1325 0.0124 -0.9911
vn -0.1327 -0.0109 -0.9911
vn -0.4937 -0.0404 -0.8687
vn -0.1287 -0.0338 -0.9911
vn -0.4791 -0.1256 -0.8687
vn -0.1209 -0.0556 -0.9911
vn -0.4500 -0.2070 -0.8687
vn -0.1094 -0.0758 -0.9911
vn -0.4071 -0.2821 -0.8687
vn -0.0946 -0.0937 -0.9911
vn -0.3519 -0.3486 -0.8687
vn -0.0768 -0.1087 -0.9911
vn -0.2860 -0.4044 -0.8687
vn -0.0568 -0.1204 -0.9911
vn -0.2113 -0.4480 -0.8687
vn -0.0350 -0.1284 -0.9911
vn -0.1302 -0.4779 -0.8687
vn -0.0129 -0.1320 -0.9912
vn -0.0478 -0.4923 -0.8691
vn -0.8490 -0.0695 -0.5238
vn -0.8240 -0.2161 -0.5238
vn -0.7739 -0.3560 -0.5238
vn -0.7002 -0.4851 -0.5238
vn -0.6052 -0.5995 -0.5238
vn -0.4918 -0.6955 -0.5238
vn -0.3634 -0.7705 -0.5237
vn -0.2240 -0.8219 -0.5238
vn -0.0823 -0.8476 -0.5242
vn -0.9807 0.0915 -0.1727
vn -0.9819 -0.0898 -0.1670
vn -0.9580 -0.2404 -0.1561
vn -0.8918 -0.4205 -0.1671
vn -0.8178 -0.5539 -0.1562
vn -0.6993 -0.6926 -0.1768
vn -0.5687 -0.8042 -0.1728
vn -0.4199 -0.8902 -0.1767
vn -0.2590 -0.9503 -0.1729
vn -0.0951 -0.9796 -0.1768
vn 0.0438 -0.8499 -0.5252
vn 0.0253 -0.4922 -0.8701
vn 0.0067 -0.1313 -0.9913
vn 0.0226 -0.1287 -0.9914
vn 0.0850 -0.4842 -0.8708
vn 0.0369 -0.1253 -0.9914
vn 0.1387 -0.4716 -0.8708
vn 0.0507 -0.1204 -0.9914
vn 0.1906 -0.4531 -0.8708
vn 0.0638 -0.1140 -0.9914
vn 0.2402 -0.4289 -0.8708
vn 0.0762 -0.1061 -0.9914
vn 0.2867 -0.3994 -0.8708
vn 0.0876 -0.0969 -0.9914
vn 0.3296 -0.3647 -0.8708
vn 0.0979 -0.0865 -0.9914
vn 0.3684 -0.3255 -0.8708
vn 0.1070 -0.0750 -0.9914
vn 0.4025 -0.2822 -0.8708
vn 0.1147 -0.0626 -0.9914
vn 0.4316 -0.2354 -0.8708
vn 0.1222 -0.0483 -0.9913
vn 0.4577 -0.1818 -0.8703
vn 0.1245 -0.0349 -0.9916
vn 0.4164 -0.1166 -0.9017
vn 0.6647 -0.1860 -0.7235
vn 0.1471 -0.8377 -0.5260
vn 0.2400 -0.8159 -0.5260
vn 0.3298 -0.7840 -0.5259
vn 0.4155 -0.7421 -0.5259
vn 0.4960 -0.6909 -0.5259
vn 0.5703 -0.6310 -0.5260
vn 0.6373 -0.5632 -0.5259
vn 0.6964 -0.4883 -0.5260
vn 0.7467 -0.4073 -0.5259
vn 0.7912 -0.3139 -0.5249
vn 0.8486 -0.2371 -0.4730
vn 0.0507 -0.9829 -0.1770
vn 0.1705 -0.9707 -0.1696
vn 0.2777 -0.9442 -0.1772
vn 0.3822 -0.9084 -0.1696
vn 0.4808 -0.8587 -0.1772
vn 0.5748 -0.8006 -0.1696
vn 0.6599 -0.7302 -0.1772
vn 0.7385 -0.6526 -0.1695
vn 0.8070 -0.5638 -0.1755
vn 0.8627 -0.4743 -0.1753
vn 0.9134 -0.3640 -0.1823
vn 0.9480 -0.2620 -0.1808
vn 0.3024 -0.3997 -0.8653
vn 0.4144 -0.5529 -0.7229
vn 0.3617 -0.5934 -0.7191
vn 0.4996 -0.6690 -0.5503
vn 0.5614 -0.7544 -0.3403
vn 0.4920 -0.7700 -0.4061
vn 0.5910 -0.7946 -0.1387
vn -0.6811 -0.6133 -0.3999
vn -0.5710 -0.3424 -0.7462
vn -0.0780 -0.0451 -0.9959
vn -0.3080 -0.1843 -0.9334
vn -0.3180 -0.8573 -0.4049
vn -0.4458 -0.8469 -0.2898
vn -0.5334 -0.7431 -0.4041
vn -0.5920 -0.7952 -0.1309
vn -0.7274 -0.6718 -0.1398
vn 0.3005 -0.8627 -0.4068
vn 0.1939 -0.9480 -0.2523
vn 0.0748 -0.9097 -0.4086
vn 0.0596 -0.9886 -0.1384
vn -0.1228 -0.9099 -0.3963
vn -0.1320 -0.9811 -0.1416
vn -0.3354 -0.9325 -0.1343
vn 0.5498 -0.8239 -0.1372
vn 0.4304 -0.8554 -0.2880
vn 0.3207 -0.9373 -0.1362
vn 0.0506 -0.0683 -0.9964
vn 0.1809 -0.2346 -0.9551
vn 0.0473 -0.0770 -0.9959
vn 0.1879 -0.3091 -0.9323
vn 0.0306 -0.0864 -0.9958
vn 0.1217 -0.3443 -0.9309
vn 0.0094 -0.0912 -0.9958
vn 0.0375 -0.3633 -0.9309
vn -0.0123 -0.0909 -0.9958
vn -0.0488 -0.3619 -0.9309
vn -0.0332 -0.0854 -0.9958
vn -0.1324 -0.3403 -0.9309
vn -0.0524 -0.0753 -0.9958
vn -0.2086 -0.2997 -0.9309
vn -0.0686 -0.0609 -0.9958
vn -0.2732 -0.2424 -0.9309
vn 0.2321 -0.6566 -0.7177
vn 0.0715 -0.6927 -0.7176
vn -0.0931 -0.6901 -0.7176
vn -0.2525 -0.6490 -0.7176
vn -0.3978 -0.5716 -0.7177
vn -0.5209 -0.4622 -0.7176
vn 0.0609 -0.1022 -0.9929
vn 0.2917 -0.7928 -0.5352
vn 0.4312 -0.7254 -0.5365
vn 0.2421 -0.4071 -0.8807
vn 0.1181 -0.6712 -0.7318
vn 0.1599 -0.8653 -0.4751
vn 0.1918 -0.9650 -0.1789
vn 0.3422 -0.9224 -0.1790
vn 0.5026 -0.8458 -0.1788
vn 0.1625 -0.4436 -0.8814
vn 0.0730 -0.4126 -0.9080
vn 0.0203 -0.1171 -0.9929
vn 0.0414 -0.1116 -0.9929
vn -0.3985 -0.7857 -0.4732
vn -0.5515 -0.8257 -0.1186
vn -0.3320 -0.9360 -0.1166
vn -0.2691 -0.2550 -0.9287
vn -0.7775 -0.6189 -0.1117
vn -0.4988 -0.4603 -0.7344
vn -0.2454 -0.2955 -0.9233
vn -0.0453 -0.0665 -0.9968
vn -0.1573 -0.3154 -0.9358
vn -0.0377 -0.0796 -0.9961
vn -0.0986 -0.3672 -0.9249
vn -0.0128 -0.0806 -0.9967
vn -0.0111 -0.3513 -0.9362
vn -0.0027 -0.0887 -0.9961
vn -0.5590 -0.6559 -0.5072
vn -0.6647 -0.6055 -0.4376
vn -0.6835 -0.7252 -0.0838
vn -0.1596 -0.9849 -0.0666
vn -0.0343 -0.9115 -0.4100
vn -0.1772 -0.8362 -0.5189
vn 0.0689 -0.9962 -0.0524
vn -0.0272 -0.9887 -0.1477
vn -0.4228 -0.5302 -0.7349
vn -0.3058 -0.6035 -0.7364
vn -0.1652 -0.6564 -0.7361
vn -0.0189 -0.6762 -0.7365
vn -0.1168 -0.0782 0.9901
vn -0.3828 -0.2121 0.8992
vn -0.5985 -0.3265 0.7316
vn -0.7200 -0.3968 0.5693
vn -0.8067 -0.4410 0.3933
vn -0.9915 0.0436 0.1225
vn -0.9737 -0.2082 0.0921
vn -0.9094 -0.1908 0.3697
vn -0.1162 -0.0479 0.9921
vn -0.3940 -0.0988 0.9138
vn -0.7072 -0.1506 0.6908
vn -0.9813 0.1716 0.0872
vn -0.9229 0.1005 0.3716
vn -0.7171 0.0533 0.6949
vn -0.3835 0.0126 0.9235
vn -0.1057 -0.0159 0.9943
vn -0.8255 -0.5585 0.0817
vn -0.7299 -0.6198 0.2883
vn -0.6009 -0.6379 0.4816
vn -0.4559 -0.6643 0.5924
vn -0.2812 -0.6930 0.6639
vn -0.1198 -0.7119 0.6920
vn -0.0024 -0.7088 0.7054
vn -0.5455 0.1869 0.8170
vn -0.8239 -0.2202 0.5223
vn -0.0422 -0.8760 0.4805
vn -0.6300 0.0174 0.7764
vn 0.7133 -0.7009 0.0020
vn -0.7851 -0.6168 0.0565
vn 0.7164 -0.6930 0.0807
vn -0.7965 -0.5461 0.2595
vn 0.7117 -0.6823 0.1674
vn -0.7540 -0.3368 0.5640
vn 0.7200 -0.6443 0.2580
vn 0.7159 -0.5858 0.3800
vn -0.1056 -0.7566 0.6452
vn 0.6683 -0.3848 0.6366
vn -0.0739 -0.8113 0.5799
vn 0.6952 -0.4944 0.5218
vn 0.5154 -0.8548 -0.0614
vn 0.6846 -0.7259 -0.0666
vn 0.8823 -0.4665 -0.0616
vn 0.8813 -0.4653 -0.0828
vn 0.5043 -0.8608 -0.0683
vn 0.6870 -0.7207 -0.0924
vn 0.8786 -0.4615 -0.1231
vn 0.5374 -0.8390 -0.0857
vn 0.6546 -0.7506 -0.0903
vn 0.7577 -0.6238 -0.1918
vn 0.7086 -0.6908 -0.1436
vn 0.8735 -0.4446 -0.1982
vn 0.8633 -0.4162 -0.2856
vn 0.9534 -0.2938 -0.0684
vn 0.9157 -0.3583 -0.1818
vn 0.9448 -0.3163 -0.0860
vn 0.9232 -0.3606 -0.1332
vn 0.9142 -0.3291 -0.2364
vn 0.8496 -0.3634 -0.3822
vn 0.8349 -0.4965 -0.2376
vn 0.8636 -0.4891 -0.1220
vn 0.8951 -0.3959 -0.2049
vn 0.7908 -0.5730 -0.2150
vn 0.7772 -0.6183 -0.1172
vn 0.8194 -0.5595 -0.1247
vn 0.8524 -0.3898 -0.3485
vn 0.9171 -0.3948 -0.0563
vn 0.8681 -0.4912 -0.0717
vn -0.9576 -0.0695 0.2796
vn 0.8364 0.1477 0.5279
vn -0.8468 -0.5309 -0.0342
vn 0.6553 -0.5174 0.5504
vn -0.8483 -0.5291 -0.0202
vn -0.1483 -0.6951 0.7034
vn -0.2567 -0.6469 0.7180
vn -0.4287 -0.6091 0.6673
vn -0.5864 -0.5705 0.5751
vn -0.8602 -0.5020 0.0894
vn -0.7836 -0.4997 0.3691
vn -0.5990 0.5524 0.5797
vn 0.7066 -0.6860 0.1733
vn 0.3744 -0.7284 0.5739
vn -0.7258 0.1400 0.6735
vn 0.5142 -0.3773 0.7703
vn 0.3618 -0.6460 0.6721
vn -0.6339 0.0696 0.7703
vn 0.2089 -0.7103 0.6721
vn -0.5142 0.3772 0.7703
vn 0.0508 -0.7391 0.6716
vn -0.7522 -0.0692 0.6553
vn -0.6874 -0.3180 0.6530
vn -0.5394 -0.5259 0.6576
vn -0.3206 -0.6795 0.6599
vn -0.0970 -0.7402 0.6653
vn 0.6019 -0.4310 0.6723
vn -0.0859 0.6373 0.7658
vn 0.4964 -0.5493 0.6721
vn 0.4594 0.4862 0.7433
vn -0.3773 -0.5142 0.7703
vn 0.6552 -0.0780 -0.7514
vn 0.6350 0.1681 -0.7540
vn 0.4825 0.4301 -0.7630
vn -0.0880 0.6362 -0.7665
vn -0.3792 0.5188 -0.7662
vn 0.0894 -0.6434 -0.7603
vn -0.2296 -0.6041 -0.7631
vn -0.4825 -0.4240 -0.7665
vn 0.3831 -0.5247 -0.7602
vn -0.6308 -0.1722 -0.7566
vn 0.5812 -0.2935 -0.7590
vn -0.6610 0.0726 -0.7468
vn -0.5795 0.3051 -0.7557
vn 0.9284 -0.2805 -0.2437
vn 0.9246 -0.2904 -0.2465
vn 0.9305 -0.2781 -0.2384
vn 0.9262 -0.2766 -0.2561
vn 0.9258 -0.3578 -0.1217
vn 0.9302 -0.3606 -0.0683
vn 0.9244 -0.3614 -0.1215
vn 0.9290 -0.3639 -0.0677
vn 0.9243 -0.3619 -0.1215
vn 0.9341 -0.3439 -0.0955
vn 0.9356 -0.3253 -0.1371
vn 0.9402 -0.3300 -0.0844
vn 0.9345 -0.3459 -0.0839
vn 0.9405 -0.3346 -0.0599
vn 0.9232 -0.3460 -0.1674
vn 0.9008 -0.3455 -0.2629
vn -0.6636 0.7451 -0.0668
vn -0.6615 0.7428 -0.1032
vn -0.6620 0.7465 -0.0669
vn -0.6603 0.7439 -0.1035
vn -0.6714 0.7381 -0.0669
vn -0.6778 0.7268 -0.1109
vn -0.6641 0.7456 -0.0556
vn -0.6704 0.7360 -0.0946
vn -0.6640 0.7430 -0.0843
vn -0.6661 0.7448 -0.0405
vn -0.6634 0.7454 -0.0655
vn -0.6626 0.7438 -0.0879
vn -0.8313 0.5482 -0.0916
vn -0.8548 0.5178 -0.0358
vn -0.8661 0.4960 -0.0614
vn -0.8651 0.4866 -0.1219
vn -0.8769 0.4696 -0.1021
vn -0.7745 0.6289 -0.0680
vn -0.8069 0.5867 -0.0688
vn -0.8156 0.5666 -0.1173
vn -0.7068 0.6975 -0.1178
vn -0.7435 0.6521 -0.1480
vn -0.7739 0.6216 -0.1211
vn -0.8986 0.4259 -0.1060
vn -0.8932 0.4383 -0.0999
vn -0.8906 0.4430 -0.1029
vn -0.8832 0.4583 -0.0998
vn -0.0662 0.0191 -0.9976
vn -0.0639 0.0229 -0.9977
vn -0.1096 0.0503 -0.9927
vn -0.0584 0.0250 -0.9980
vn -0.1050 0.0625 -0.9925
vn -0.0407 0.0412 -0.9983
vn -0.1009 0.0752 -0.9920
vn -0.1189 0.0626 -0.9909
vn -0.1082 0.0473 -0.9930
vn -0.1170 0.0500 -0.9919
vn -0.0927 0.0337 -0.9951
vn -0.0737 0.0239 -0.9970
vn -0.1300 0.0604 -0.9897
vn -0.1522 0.0717 -0.9857
vn -0.1534 0.0733 -0.9854
vn -0.1558 0.0817 -0.9844
vn -0.1594 0.0885 -0.9832
vn -0.1726 0.0954 -0.9804
vn -0.1822 0.1176 -0.9762
vn -0.8590 0.4982 -0.1184
vn -0.8581 0.4996 -0.1183
vn -0.8375 0.5072 -0.2034
vn -0.6934 0.7050 -0.1488
vn -0.6693 0.7339 -0.1160
vn -0.6961 0.7074 -0.1223
vn -0.7006 0.6792 -0.2188
vn -0.6605 0.7096 -0.2455
vn -0.6967 0.6949 -0.1778
vn -0.6468 0.6883 -0.3286
vn -0.6712 0.6712 -0.3145
vn -0.6964 0.6449 -0.3148
vn -0.7548 0.6242 -0.2015
vn -0.7411 0.5974 -0.3064
vn -0.7812 0.5486 -0.2979
vn -0.8098 0.5516 -0.2001
vn -0.8038 0.5146 -0.2985
vn -0.8158 0.4965 -0.2965
vn -0.8515 0.5118 -0.1135
vn -0.8108 0.5643 -0.1556
vn -0.7722 0.6242 -0.1186
vn -0.7390 0.6588 -0.1411
vn -0.1659 0.0649 -0.9840
vn -0.1566 0.0650 -0.9855
vn -0.1990 0.0927 -0.9756
vn -0.7121 0.6243 -0.3211
vn -0.6666 0.6709 -0.3249
vn -0.6352 0.6341 -0.4411
vn -0.6986 0.5664 -0.4372
vn -0.7569 0.5760 -0.3089
vn -0.7988 0.4643 -0.3825
vn -0.8253 0.4728 -0.3089
vn -0.7497 0.5040 -0.4290
vn -0.8070 0.4974 -0.3182
vn -0.7860 0.5413 -0.2987
vn -0.7703 0.4472 -0.4546
vn -0.6761 0.4561 -0.5787
vn -0.7058 0.4117 -0.5766
vn -0.5693 0.3811 -0.7285
vn -0.6006 0.3517 -0.7180
vn -0.4558 0.2957 -0.8395
vn -0.4831 0.2797 -0.8297
vn -0.3476 0.2158 -0.9125
vn -0.3901 0.2190 -0.8943
vn -0.2459 0.1212 -0.9617
vn -0.2456 0.2077 -0.9469
vn -0.2952 0.1549 -0.9428
vn -0.3368 0.1804 -0.9241
vn -0.2062 0.0998 -0.9734
vn -0.2427 0.1381 -0.9602
vn -0.3077 0.2071 -0.9287
vn -0.3495 0.2830 -0.8932
vn -0.5849 0.5617 -0.5851
vn -0.6276 0.5155 -0.5834
vn -0.5005 0.4602 -0.7333
vn -0.5304 0.4282 -0.7317
vn -0.4223 0.3585 -0.8326
vn -0.4346 0.3356 -0.8357
vn -0.3747 0.2218 -0.9002
vn -0.2534 0.1729 -0.9518
vn -0.2389 0.1778 -0.9546
vn -0.2113 0.1103 -0.9712
vn -0.8413 0.4474 -0.3034
vn -0.8007 0.4277 -0.4194
vn -0.1506 0.0651 -0.9864
vn -0.2013 0.0982 -0.9746
vn -0.2762 0.1370 -0.9513
vn -0.3743 0.1909 -0.9075
vn -0.7266 0.3887 -0.5665
vn -0.6149 0.3262 -0.7180
vn -0.4897 0.2563 -0.8334
vn -0.8586 0.4169 -0.2985
vn -0.8520 0.4303 -0.2982
vn -0.8271 0.4037 -0.3910
vn -0.8138 0.4118 -0.4101
vn -0.7952 0.3875 -0.4664
vn -0.7410 0.3719 -0.5591
vn -0.7276 0.3552 -0.5869
vn -0.6411 0.3172 -0.6989
vn -0.3800 0.1979 -0.9036
vn -0.4276 0.2186 -0.8771
vn -0.3957 0.1944 -0.8975
vn -0.4775 0.2394 -0.8454
vn -0.5091 0.2449 -0.8252
vn -0.5035 0.2493 -0.8272
vn -0.5308 0.2621 -0.8059
vn -0.3277 -0.0191 -0.9446
vn -0.2961 0.1463 -0.9439
vn -0.3298 0.1775 -0.9272
vn -0.2677 0.1538 -0.9512
vn -0.2881 0.1462 -0.9464
vn -0.3848 0.1922 -0.9028
vn -0.5008 0.2487 -0.8290
vn -0.6284 0.3121 -0.7125
vn -0.5855 0.2919 -0.7563
vn -0.2052 0.1386 -0.9688
vn -0.2143 0.1495 -0.9653
vn -0.3420 0.1971 -0.9188
vn -0.3673 0.2027 -0.9078
vn -0.2334 0.1584 -0.9594
vn -0.1989 0.1317 -0.9711
vn -0.3229 0.1846 -0.9283
vn -0.8619 0.4010 -0.3102
vn -0.8239 0.3878 -0.4133
vn -0.4713 0.2346 -0.8502
vn -0.5641 0.2713 -0.7799
vn -0.6638 0.3151 -0.6783
vn -0.7611 0.3560 -0.5422
vn -0.4508 0.2382 -0.8603
vn -0.5486 0.2766 -0.7890
vn -0.6537 0.3184 -0.6865
vn -0.7532 0.3583 -0.5517
vn -0.4300 0.2301 -0.8730
vn -0.8145 0.3905 -0.4290
vn -0.8624 0.4122 -0.2938
vn -0.7354 0.3577 -0.5755
vn -0.6323 0.3147 -0.7079
vn -0.5274 0.2705 -0.8054
vn -0.8254 0.5251 -0.2073
vn -0.7555 0.6201 -0.2113
vn -0.8531 0.4784 -0.2080
vn -0.6791 0.6926 -0.2430
vn -0.8705 0.4480 -0.2036
vn -0.8751 0.4341 -0.2139
vn -0.8875 0.4152 -0.1996
vn 0.9173 -0.3205 -0.2364
vn 0.9113 -0.3519 -0.2139
vn 0.8797 -0.3369 -0.3357
vn 0.8790 -0.3273 -0.3468
vn 0.8862 -0.3037 -0.3498
vn -0.0102 0.0668 -0.9977
vn -0.0068 0.0690 -0.9976
vn -0.0441 0.0830 -0.9956
vn 0.1310 0.0174 -0.9912
vn 0.1574 -0.0023 -0.9875
vn 0.0637 0.0599 -0.9962
vn 0.1729 0.0024 -0.9849
vn 0.0117 0.0607 -0.9981
vn -0.0318 0.0965 -0.9948
vn 0.0326 0.0531 -0.9981
vn 0.0839 0.0393 -0.9957
vn 0.0057 0.0565 -0.9984
vn 0.0221 0.0443 -0.9988
vn -0.0563 0.0714 -0.9959
vn -0.0298 0.0562 -0.9980
vn -0.0373 0.0549 -0.9978
vn -0.1072 0.0927 -0.9899
vn -0.1152 0.1253 -0.9854
vn -0.1652 0.0936 -0.9818
vn -0.0413 0.0989 -0.9942
vn -0.0781 0.1071 -0.9912
vn -0.1191 0.1173 -0.9859
vn 0.1761 0.0198 -0.9842
vn 0.2084 -0.0009 -0.9780
vn -0.1078 0.1060 -0.9885
vn 0.8458 -0.2922 -0.4464
vn 0.8088 -0.2720 -0.5214
vn 0.7608 -0.2409 -0.6027
vn 0.6921 -0.2049 -0.6921
vn 0.6923 -0.1154 -0.7123
vn 0.6030 -0.1644 -0.7806
vn 0.5786 -0.1620 -0.7994
vn 0.5262 -0.1285 -0.8406
vn 0.5063 -0.1199 -0.8540
vn 0.4073 -0.0715 -0.9105
vn 0.4768 -0.1040 -0.8728
vn 0.2901 -0.0295 -0.9565
vn 0.8855 -0.3493 -0.3062
vn 0.9231 -0.2955 -0.2461
vn 0.9233 -0.3629 -0.1260
vn 0.9288 -0.3646 -0.0659
vn 0.6505 -0.3313 0.6835
vn 0.1196 -0.6744 0.7286
vn 0.6401 0.1433 0.7548
vn 0.6398 -0.1142 0.7600
vn 0.5417 -0.3686 0.7554
vn 0.4157 -0.5417 0.7306
vn 0.2761 -0.6240 0.7310
vn -0.6827 0.7297 -0.0379
vn 0.1863 -0.0020 0.9825
vn 0.0636 0.0288 0.9976
vn 0.0421 0.0017 0.9991
vn 0.1836 -0.0544 0.9815
vn 0.1945 -0.0277 0.9805
vn 0.1687 -0.0133 0.9856
vn 0.0098 -0.0286 0.9995
vn -0.0373 -0.0012 0.9993
vn -0.0150 -0.0118 0.9998
vn -0.0729 0.0233 0.9971
vn 0.1254 -0.1017 0.9869
vn 0.1158 -0.1010 0.9881
vn -0.0105 -0.0263 0.9996
vn -0.1274 0.0489 0.9906
vn -0.0918 0.0281 0.9954
vn -0.0738 0.0108 0.9972
vn -0.0432 -0.0036 0.9991
vn 0.0293 -0.0442 0.9986
vn 0.1592 -0.0767 0.9843
vn 0.1556 -0.0995 0.9828
vn 0.0088 0.0040 1.0000
vn 0.9155 -0.1898 0.3549
vn 0.9170 -0.1808 0.3556
vn 0.8442 -0.1759 0.5064
vn 0.4619 -0.0998 0.8813
vn 0.4686 -0.1188 0.8754
vn 0.3443 -0.0990 0.9336
vn 0.5818 -0.1583 0.7978
vn 0.6610 -0.1913 0.7256
vn 0.7410 -0.2215 0.6340
vn 0.8325 -0.2544 0.4922
vn 0.4905 -0.1013 0.8655
vn 0.2673 -0.0260 0.9633
vn 0.2805 -0.0336 0.9593
vn 0.4150 -0.0830 0.9060
vn 0.7018 -0.0727 0.7087
vn 0.6572 -0.0974 0.7474
vn 0.6160 -0.0948 0.7821
vn 0.5777 -0.1147 0.8082
vn 0.9398 0.0048 0.3418
vn 0.8712 -0.0044 0.4908
vn 0.9403 -0.0210 0.3396
vn 0.8826 -0.0501 0.4675
vn 0.9418 -0.0613 0.3305
vn 0.9342 -0.1016 0.3419
vn 0.8699 -0.1240 0.4775
vn 0.9319 -0.1251 0.3404
vn 0.8516 -0.1573 0.5000
vn 0.9273 -0.1508 0.3426
vn 0.9002 -0.2624 0.3475
vn 0.9028 -0.2500 0.3499
vn 0.8344 -0.2134 0.5082
vn 0.9122 -0.2267 0.3414
vn 0.9068 -0.2112 0.3649
vn 0.7445 -0.1897 0.6401
vn 0.7560 -0.1613 0.6344
vn 0.6619 -0.1641 0.7314
vn 0.6660 -0.1409 0.7325
vn 0.5805 -0.1361 0.8028
vn 0.5770 -0.1178 0.8082
vn 0.5875 -0.1053 0.8024
vn 0.6847 -0.1216 0.7186
vn 0.7061 -0.0809 0.7035
vn 0.7543 -0.0361 0.6555
vn 0.7789 -0.1234 0.6148
vn 0.7985 -0.0684 0.5981
vn 0.8108 -0.0113 0.5853
vn 0.3165 -0.0640 0.9464
vn 0.5309 -0.1062 0.8408
vn 0.5005 -0.0909 0.8610
vn 0.3834 -0.0615 0.9215
vn 0.4851 -0.0912 0.8697
vn 0.3777 -0.0616 0.9239
vn 0.8628 -0.3925 0.3186
vn 0.8273 -0.4578 0.3255
vn 0.8051 -0.4536 0.3821
vn 0.3047 -0.1942 0.9324
vn 0.3785 -0.2018 0.9033
vn 0.5553 -0.3299 0.7634
vn 0.4531 -0.2787 0.8468
vn 0.3929 -0.2251 0.8916
vn 0.5598 -0.2704 0.7832
vn 0.6921 -0.3074 0.6531
vn 0.6779 -0.3692 0.6356
vn 0.7846 -0.3242 0.5285
vn 0.7491 -0.4024 0.5263
vn 0.7892 -0.4224 0.4458
vn 0.8399 -0.3277 0.4327
vn 0.8719 -0.3209 0.3699
vn 0.9318 -0.1720 0.3195
vn 0.9201 -0.2429 0.3072
vn 0.8911 -0.3230 0.3187
vn 0.9038 -0.0299 0.4269
vn 0.9454 -0.0653 0.3193
vn 0.8929 -0.1840 0.4109
vn 0.8559 -0.0559 0.5142
vn 0.8071 -0.0993 0.5820
vn 0.7342 -0.1296 0.6664
vn 0.6344 -0.1496 0.7584
vn 0.5093 -0.1520 0.8471
vn 0.3783 -0.1269 0.9169
vn 0.8508 -0.2147 0.4797
vn 0.7816 -0.2329 0.5786
vn 0.6825 -0.2352 0.6920
vn 0.5493 -0.2151 0.8075
vn 0.3819 -0.1730 0.9079
vn 0.6959 -0.4763 0.5375
vn 0.6255 -0.4217 0.6565
vn 0.5137 -0.3494 0.7836
vn 0.2724 -0.2232 0.9359
vn 0.0615 -0.0729 0.9954
vn 0.2448 -0.2157 0.9453
vn 0.2386 -0.2175 0.9465
vn 0.0914 -0.0812 0.9925
vn 0.0219 -0.0176 0.9996
vn 0.6671 -0.6128 0.4236
vn 0.7381 -0.5335 0.4130
vn 0.4474 -0.3824 0.8084
vn 0.4793 -0.3623 0.7994
vn 0.5420 -0.4676 0.6983
vn 0.5878 -0.4473 0.6741
vn 0.5894 -0.5509 0.5908
vn 0.6452 -0.5103 0.5687
vn 0.6510 -0.5807 0.4889
vn 0.4117 -0.3898 0.8238
vn 0.3551 -0.3413 0.8703
vn 0.6538 -0.6740 0.3439
vn 0.7014 -0.6271 0.3388
vn 0.7462 -0.5620 0.3570
vn 0.8018 -0.5015 0.3250
vn 0.6182 -0.6204 0.4826
vn 0.5639 -0.5747 0.5931
vn 0.5154 -0.5148 0.6851
vn 0.4536 -0.4330 0.7790
vn -0.0753 0.0469 0.9961
vn -0.1043 0.0702 0.9921
vn -0.1166 0.0563 0.9916
vn -0.0812 0.0299 0.9962
vn -0.0603 0.0348 0.9976
vn -0.1260 0.0536 0.9906
vn -0.0373 -0.0004 0.9993
vn -0.0222 0.0081 0.9997
vn -0.0505 0.0279 0.9983
vn -0.1680 0.0778 0.9827
vn -0.1581 0.0864 0.9836
vn -0.2177 0.1470 0.9649
vn -0.2943 0.2280 0.9281
vn -0.4755 0.2446 0.8450
vn -0.5465 0.5830 0.6012
vn -0.6140 0.6461 0.4533
vn -0.6370 0.6967 0.3299
vn -0.5493 0.5753 0.6060
vn -0.4626 0.4748 0.7487
vn -0.4555 0.4911 0.7425
vn -0.3960 0.4237 0.8147
vn -0.3627 0.3495 0.8639
vn -0.3545 0.3820 0.8535
vn -0.2744 0.2726 0.9222
vn -0.2373 0.2445 0.9402
vn -0.3118 0.3328 0.8900
vn -0.1762 0.1790 0.9679
vn -0.1466 0.1137 0.9826
vn -0.1549 0.1318 0.9791
vn -0.1233 0.0949 0.9878
vn 0.9285 -0.2964 0.2238
vn 0.9426 -0.2564 0.2141
vn 0.9532 -0.2070 0.2205
vn 0.9620 -0.1826 0.2031
vn 0.9618 -0.1474 0.2308
vn 0.9716 -0.0959 0.2162
vn 0.9760 -0.0301 0.2156
vn 0.9762 0.0244 0.2155
vn 0.9969 -0.0449 0.0644
vn 0.9948 -0.0163 0.1009
vn 0.9915 0.0335 0.1253
vn 0.9889 -0.0953 0.1140
vn 0.9877 -0.1302 0.0872
vn 0.9769 -0.1567 0.1452
vn 0.9678 -0.2144 0.1318
vn 0.9563 -0.2639 0.1263
vn 0.9512 -0.2921 0.0989
vn 0.9471 -0.2758 0.1641
vn 0.9271 -0.3005 0.2239
vn 0.9653 -0.1327 0.2248
vn 0.6951 -0.7035 0.1480
vn 0.6692 -0.7334 0.1196
vn 0.6746 -0.7067 0.2134
vn 0.7810 -0.6027 0.1637
vn 0.7431 -0.6553 0.1356
vn 0.7345 -0.6451 0.2106
vn 0.8825 -0.4125 0.2258
vn 0.9013 -0.3989 0.1688
vn 0.8382 -0.5161 0.1764
vn 0.9744 -0.1574 0.1608
vn 0.9788 -0.0007 0.2047
vn 0.9863 -0.0472 0.1581
vn 0.9921 0.0391 0.1196
vn 0.8244 -0.5172 0.2300
vn 0.6596 -0.6656 0.3493
vn 0.6971 -0.6345 0.3338
vn 0.6652 -0.6004 0.4438
vn 0.7376 -0.5838 0.3392
vn 0.7692 -0.5512 0.3234
vn 0.7302 -0.5359 0.4239
vn 0.7515 -0.4837 0.4486
vn 0.7893 -0.4820 0.3805
vn 0.8253 -0.4351 0.3599
vn 0.6859 -0.4631 0.5614
vn 0.7894 -0.4308 0.4374
vn 0.8474 -0.3912 0.3591
vn 0.8584 -0.3998 0.3216
vn 0.8717 -0.4125 0.2644
vn 0.8425 -0.4516 0.2937
vn 0.8232 -0.4864 0.2928
vn 0.7874 -0.5244 0.3240
vn 0.7171 -0.6089 0.3391
vn 0.2118 -0.2003 0.9566
vn 0.0480 -0.0530 0.9974
vn 0.0520 -0.0521 0.9973
vn 0.0544 -0.0487 0.9973
vn 0.3893 -0.3733 0.8421
vn 0.6295 -0.5777 0.5196
vn 0.6912 -0.5305 0.4907
vn 0.5792 -0.5439 0.6072
vn 0.6302 -0.5080 0.5871
vn 0.5039 -0.4826 0.7164
vn 0.5365 -0.4523 0.7125
vn 0.3911 -0.3382 0.8559
vn 0.1920 -0.1670 0.9671
vn 0.0331 -0.0297 0.9990
vn 0.0347 0.0184 0.9992
vn 0.1794 -0.0817 0.9804
vn 0.1893 -0.0601 0.9801
vn 0.3995 -0.2133 0.8916
vn 0.4055 -0.1711 0.8980
vn 0.5951 -0.3295 0.7330
vn 0.6112 -0.2758 0.7418
vn 0.7230 -0.4012 0.5624
vn 0.7462 -0.3443 0.5697
vn 0.8153 -0.3783 0.4383
vn 0.5718 -0.3962 0.7184
vn 0.3954 -0.2696 0.8780
vn 0.1856 -0.1138 0.9760
vn 0.0341 -0.0064 0.9994
vn -0.0204 0.0095 0.9997
vn -0.0600 0.0429 0.9973
vn -0.1024 0.0781 0.9917
vn -0.1119 0.0717 0.9911
vn -0.0660 0.0491 0.9966
vn -0.1147 0.0736 0.9907
vn -0.0490 0.0598 0.9970
vn -0.1147 0.0867 0.9896
vn -0.0304 0.0315 0.9990
vn -0.0664 0.0425 0.9969
vn -0.1080 0.0756 0.9913
vn -0.0329 0.0154 0.9993
vn -0.7466 0.5064 0.4314
vn -0.1747 0.1215 0.9771
vn -0.1518 0.1267 0.9803
vn -0.2087 0.1902 0.9593
vn -0.3643 0.3692 0.8550
vn -0.2889 0.2820 0.9149
vn -0.4677 0.4725 0.7470
vn -0.5667 0.5526 0.6111
vn -0.6458 0.6162 0.4508
vn -0.6958 0.5649 0.4435
vn -0.6164 0.5102 0.5997
vn -0.5152 0.4365 0.7376
vn -0.4172 0.3544 0.8369
vn -0.3285 0.2703 0.9050
vn -0.2472 0.1901 0.9501
vn -0.1957 0.1184 0.9735
vn -0.2867 0.1781 0.9413
vn -0.3794 0.2494 0.8910
vn -0.4729 0.3236 0.8196
vn -0.5702 0.3954 0.7201
vn -0.6686 0.4587 0.5853
vn -0.7730 0.4733 0.4225
vn -0.6964 0.4308 0.5739
vn -0.6005 0.3766 0.7054
vn -0.5031 0.3166 0.8042
vn -0.4063 0.2545 0.8776
vn -0.3068 0.1920 0.9322
vn -0.2050 0.1329 0.9697
vn 0.9439 -0.3236 0.0650
vn 0.9620 -0.2350 0.1388
vn 0.9486 -0.3045 0.0858
vn 0.9596 -0.2735 0.0662
vn 0.9642 -0.2484 0.0929
vn 0.9750 -0.2116 0.0682
vn 0.9708 -0.1814 0.1570
vn 0.9841 -0.1654 0.0655
vn 0.9877 -0.1401 0.0690
vn 0.9943 -0.0791 0.0710
vn 0.9961 -0.0037 0.0884
vn 0.9969 0.0394 0.0681
vn 0.9971 0.0295 0.0705
vn 0.6704 -0.7389 0.0677
vn 0.6859 -0.7263 0.0445
vn 0.7359 -0.6732 0.0725
vn 0.8219 -0.5690 0.0277
vn 0.8841 -0.4669 0.0175
vn 0.9377 -0.3467 0.0210
vn 0.9733 -0.2283 0.0238
vn 0.9945 -0.1022 0.0220
vn 0.9994 0.0079 0.0328
vn 0.6687 -0.7407 0.0644
vn 0.6869 -0.7243 0.0600
vn 0.6602 -0.7465 0.0823
vn 0.6664 -0.7357 0.1213
vn 0.6648 -0.7365 0.1249
vn 0.6787 -0.7232 0.1281
vn 0.6965 -0.6859 0.2107
vn 0.7743 -0.6311 -0.0465
vn 0.7352 -0.6501 0.1920
vn 0.7758 -0.5947 0.2110
vn 0.9322 -0.3020 0.1994
vn 0.9488 -0.3140 0.0333
vn 0.9484 -0.2335 0.2146
vn 0.9599 -0.2784 0.0336
vn 0.9618 -0.2415 0.1287
vn 0.8637 -0.5040 0.0031
vn 0.8726 -0.4765 0.1069
vn 0.8611 -0.4656 0.2045
vn 0.8993 -0.4366 0.0259
vn 0.9043 -0.3816 0.1914
vn 0.9235 -0.3830 0.0216
vn 0.9387 -0.3434 0.0308
vn 0.8398 -0.5232 0.1450
vn 0.8117 -0.5434 0.2141
vn 0.8240 -0.5630 -0.0637
vn 0.7211 -0.6921 0.0313
vn 0.9241 -0.2353 0.3011
vn 0.9151 -0.2966 0.2733
vn 0.8859 -0.3700 0.2799
vn 0.0358 0.0287 0.9989
vn 0.1938 -0.0423 0.9801
vn 0.4145 -0.1399 0.8992
vn 0.6251 -0.2309 0.7456
vn 0.7637 -0.2911 0.5763
vn 0.8353 -0.3233 0.4447
vn 0.8687 -0.3382 0.3619
vn 0.8935 -0.3424 0.2905
vn 0.0448 0.0534 0.9976
vn 0.2023 -0.0106 0.9793
vn 0.4292 -0.0988 0.8978
vn 0.6424 -0.1791 0.7452
vn 0.7811 -0.2308 0.5802
vn 0.8532 -0.2584 0.4531
vn 0.8872 -0.2727 0.3723
vn 0.9035 -0.2767 0.3275
vn 0.0506 0.0965 0.9941
vn 0.2160 0.0322 0.9759
vn 0.4515 -0.0552 0.8905
vn 0.6662 -0.1363 0.7332
vn 0.7997 -0.1870 0.5706
vn 0.8671 -0.2113 0.4512
vn 0.8983 -0.2207 0.3799
vn 0.9104 -0.2228 0.3487
vn -0.0336 0.1877 0.9817
vn -0.0028 0.2396 0.9709
vn -0.0761 0.2472 0.9660
vn -0.0425 0.0886 0.9952
vn -0.0386 0.1353 0.9901
vn 0.0483 0.1289 0.9905
vn 0.0661 0.1630 0.9844
vn 0.0686 0.1912 0.9792
vn 0.0812 0.2434 0.9665
vn -0.1180 0.1227 0.9854
vn -0.1224 0.1701 0.9778
vn -0.1260 0.2168 0.9681
vn -0.1433 0.2630 0.9541
vn 0.4488 0.7168 0.5336
vn 0.3807 0.7466 0.5457
vn 0.3061 0.6790 0.6673
vn 0.4605 0.8557 0.2360
vn 0.3965 0.8843 0.2466
vn 0.4145 0.8100 0.4149
vn 0.2841 0.9290 0.2371
vn 0.1875 0.9510 0.2458
vn 0.2098 0.8757 0.4349
vn 0.0674 0.9724 0.2233
vn 0.1245 0.9440 0.3054
vn 0.5488 0.8011 0.2387
vn 0.5445 0.7734 0.3247
vn 0.5372 0.7510 0.3840
vn 0.5238 0.7334 0.4334
vn 0.1969 0.4787 0.8556
vn 0.2713 0.5871 0.7627
vn 0.1615 0.5796 0.7987
vn 0.3052 0.6393 0.7058
vn 0.3825 0.6697 0.6365
vn 0.0870 0.4436 0.8920
vn 0.0333 0.3205 0.9467
vn 0.1253 0.3421 0.9313
vn -0.1571 0.3111 0.9373
vn -0.0599 0.3216 0.9450
vn -0.1561 0.3545 0.9219
vn -0.0209 0.4402 0.8977
vn 0.0397 0.8720 0.4880
vn -0.0031 0.7862 0.6180
vn 0.1526 0.7838 0.6019
vn -0.0525 0.6882 0.7236
vn 0.0945 0.6878 0.7197
vn -0.0929 0.6012 0.7937
vn 0.0350 0.5745 0.8178
vn -0.1118 0.5406 0.8338
vn -0.1379 0.4475 0.8836
vn 0.3427 0.9079 0.2415
vn 0.3035 0.8548 0.4209
vn 0.2696 0.7701 0.5782
vn 0.2214 0.6814 0.6976
vn -0.2904 0.9390 0.1842
vn -0.4019 0.9007 0.1647
vn -0.3907 0.8732 0.2914
vn -0.4084 0.5875 0.6985
vn -0.2690 0.5747 0.7729
vn -0.2443 0.6753 0.6960
vn -0.3398 0.3766 0.8618
vn -0.2848 0.4686 0.8362
vn -0.4276 0.4753 0.7689
vn -0.1433 0.9696 0.1984
vn -0.1720 0.9317 0.3200
vn -0.1862 0.8587 0.4775
vn -0.2119 0.7658 0.6072
vn -0.2299 0.2993 0.9260
vn -0.3214 0.3302 0.8875
vn -0.3892 0.3690 0.8440
vn -0.5200 0.4939 0.6969
vn -0.4866 0.4022 0.7755
vn -0.5497 0.4260 0.7186
vn -0.6216 0.5348 0.5724
vn -0.6147 0.4537 0.6452
vn -0.7239 0.5274 0.4447
vn -0.6999 0.5092 0.5009
vn -0.7944 0.5410 0.2761
vn -0.8134 0.5263 0.2477
vn -0.6695 0.6612 0.3385
vn -0.3886 0.8152 0.4295
vn -0.3949 0.7414 0.5425
vn -0.4022 0.6665 0.6276
vn -0.5304 0.5894 0.6094
vn -0.7198 0.5886 0.3680
vn -0.6236 0.6162 0.4812
vn -0.6218 0.6656 0.4128
vn -0.6273 0.7060 0.3288
vn -0.6350 0.7451 0.2037
vn -0.6950 0.6910 0.1989
vn -0.7219 0.6070 0.3322
vn -0.7263 0.6278 0.2798
vn -0.7468 0.6527 0.1278
vn -0.7098 0.5728 0.4100
vn -0.5414 0.7530 0.3739
vn -0.7960 0.5355 0.2823
vn -0.7989 0.5413 0.2624
vn -0.8034 0.5416 0.2474
vn -0.5284 0.8342 0.1578
vn -0.5279 0.8051 0.2705
vn -0.5215 0.7611 0.3857
vn -0.5192 0.7078 0.4790
vn -0.5185 0.6532 0.5518
vn -0.8179 0.5435 0.1890
vn -0.8073 0.5459 0.2244
vn -0.5233 0.3741 0.7656
vn -0.6225 0.4229 0.6586
vn -0.7122 0.4698 0.5216
vn -0.3276 0.2890 0.8995
vn -0.4262 0.3306 0.8420
vn -0.2250 0.2521 0.9412
vn -0.8130 0.5233 0.2553
vn -0.7772 0.5035 0.3775
vn -0.8179 0.5038 0.2778
vn -0.7795 0.4859 0.3953
vn -0.2223 0.2131 0.9514
vn -0.3254 0.2592 0.9093
vn -0.4233 0.3050 0.8531
vn -0.5198 0.3522 0.7783
vn -0.6169 0.4021 0.6766
vn -0.7093 0.4505 0.5422
vn -0.2167 0.1703 0.9613
vn -0.3216 0.2232 0.9202
vn -0.4212 0.2754 0.8642
vn -0.5180 0.3277 0.7901
vn -0.6149 0.3810 0.6904
vn -0.7171 0.4378 0.5424
vn -0.7137 0.7000 0.0260
vn -0.7594 0.6480 0.0574
vn -0.7848 0.6157 0.0703
vn -0.8330 0.5532 0.0006
vn -0.8559 0.5129 0.0666
vn 0.8965 -0.2730 0.3490
vn 0.9448 -0.3255 0.0373
vn 0.9085 -0.2975 -0.2936
vn 0.9622 -0.2724 0.0024
vn 0.9677 -0.2520 -0.0028
vn 0.9771 -0.2128 -0.0002
vn 0.9966 -0.0824 0.0027
vn 0.9890 -0.1476 -0.0133
vn 0.9999 0.0119 -0.0029
vn 0.6965 -0.7164 0.0420
vn 0.7122 -0.6863 0.1478
vn 0.8980 -0.3915 0.2010
vn 0.8316 -0.5031 0.2352
vn 0.7167 -0.5517 0.4266
vn 0.8918 -0.2394 0.3839
vn 0.9278 -0.1317 0.3491
vn 0.8145 -0.0151 0.5800
vn 0.7333 -0.6601 0.1628
vn 0.7836 -0.5897 0.1955
vn 0.8441 -0.5308 0.0761
vn 0.8816 -0.4639 0.0864
vn 0.9454 -0.2882 0.1520
vn 0.9118 -0.3474 0.2190
vn 0.8895 -0.4059 0.2097
vn 0.9525 -0.2986 0.0601
vn 0.9655 -0.2533 0.0601
vn 0.9687 -0.2345 0.0817
vn 0.9329 -0.3551 0.0602
vn 0.9103 -0.4096 0.0603
vn 0.8823 -0.4669 0.0606
vn 0.8455 -0.5306 0.0605
vn 0.7964 -0.6018 0.0604
vn 0.7360 -0.6743 0.0601
vn 0.9644 -0.2332 0.1250
vn 0.9747 -0.2135 0.0666
vn 0.9698 -0.2133 0.1181
vn 0.9693 -0.2384 0.0601
vn 0.9691 -0.2393 0.0601
vn 0.9861 0.0413 0.1606
vn 0.9759 -0.0406 0.2143
vn 0.9974 -0.0019 0.0721
vn 0.9632 -0.1776 0.2020
vn 0.9382 -0.1767 0.2975
vn 0.9296 -0.2076 0.3044
vn 0.9829 -0.1165 0.1423
vn 0.9671 -0.0816 0.2409
vn 0.9542 -0.1334 0.2676
vn 0.9885 0.0672 0.1357
vn 0.9933 0.0132 0.1149
vn 0.9904 -0.0598 0.1246
vn 0.9814 -0.1323 0.1392
vn 0.9653 0.1774 0.1917
vn 0.9515 0.2465 0.1841
vn 0.9264 0.1992 0.3196
vn 0.4427 0.1041 0.8906
vn 0.6549 0.0497 0.7541
vn 0.5574 0.1694 0.8128
vn 0.6610 0.1559 0.7340
vn 0.8024 0.0986 0.5886
vn 0.7621 0.1578 0.6279
vn 0.8956 0.1036 0.4325
vn 0.8616 0.1682 0.4790
vn 0.9496 0.1119 0.2929
vn 0.9766 0.1234 0.1761
vn 0.9527 -0.0002 0.3040
vn 0.9849 0.0781 0.1545
vn 0.8067 0.0039 0.5909
vn 0.8987 -0.0143 0.4383
vn 0.1454 0.2330 0.9616
vn 0.2273 0.1569 0.9611
vn 0.4386 0.1838 0.8797
vn 0.3239 0.2045 0.9237
vn 0.2185 0.2205 0.9506
vn 0.2249 0.1151 0.9676
vn 0.4506 0.0434 0.8917
vn 0.6652 -0.0325 0.7460
vn 0.8079 -0.0860 0.5830
vn 0.8872 -0.1105 0.4480
vn 0.9308 -0.1074 0.3493
vn 0.2232 0.0740 0.9720
vn 0.4577 -0.0110 0.8891
vn 0.6722 -0.0955 0.7342
vn 0.8062 -0.1513 0.5720
vn 0.8750 -0.1768 0.4507
vn 0.9087 -0.1827 0.3753
vn 0.9119 0.3910 0.1243
vn 0.9080 0.3944 0.1410
vn 0.9266 0.3521 0.1319
vn 0.9128 0.3842 0.1382
vn 0.9289 0.3453 0.1339
vn 0.8597 0.4843 0.1625
vn 0.8172 0.5420 0.1960
vn 0.7484 0.6316 0.2026
vn 0.8934 0.3715 0.2525
vn 0.8756 0.4322 0.2156
vn 0.7796 0.5317 0.3309
vn 0.2531 0.3305 0.9092
vn 0.4535 0.3044 0.8377
vn 0.6586 0.2787 0.6989
vn 0.9126 0.3108 0.2657
vn 0.9236 0.2651 0.2771
vn 0.8010 0.2630 0.5378
vn 0.3000 0.4807 0.8240
vn 0.3710 0.6121 0.6984
vn 0.4682 0.6893 0.5529
vn 0.6397 0.6844 0.3498
vn 0.8858 0.4277 0.1802
vn 0.9076 0.3999 0.1276
vn 0.9490 0.2859 0.1326
vn 0.9444 0.3018 0.1304
vn 0.9322 0.3340 0.1393
vn 0.7892 0.4576 0.4096
vn 0.7957 0.3608 0.4865
vn 0.8649 0.3428 0.3667
vn 0.8767 0.2656 0.4011
vn 0.6766 0.6083 0.4150
vn 0.5605 0.6688 0.4884
vn 0.6694 0.5224 0.5282
vn 0.5183 0.5799 0.6285
vn 0.6648 0.4066 0.6267
vn 0.4801 0.4507 0.7526
vn 0.7713 0.5871 0.2460
vn 0.6581 0.7161 0.2325
vn 0.7069 0.6933 0.1401
vn 0.5285 0.8410 0.1156
vn 0.5327 0.8252 0.1876
vn 0.6195 0.7736 0.1335
vn 0.8908 0.4286 0.1510
vn 0.8938 0.4230 0.1492
vn 0.8840 0.4524 0.1179
vn 0.7986 0.5816 0.1550
vn 0.5490 0.8348 0.0411
vn 0.9139 0.4017 0.0586
vn 0.8571 0.5084 0.0829
vn 0.7878 0.6087 0.0942
vn 0.7407 0.6688 0.0643
vn 0.6805 0.7286 0.0777
vn 0.6127 0.7880 0.0611
vn 0.5089 0.8586 0.0614
vn 0.1583 0.9768 0.1441
vn 0.0739 0.9898 0.1217
vn 0.1361 0.9845 0.1108
vn 0.1752 0.9783 0.1103
vn 0.2520 0.9604 0.1193
vn 0.3203 0.9400 0.1174
vn 0.4001 0.9102 0.1068
vn -0.1893 0.9691 0.1579
vn -0.7002 0.6987 0.1467
vn -0.5923 0.7927 0.1445
vn -0.8221 0.5458 0.1619
vn -0.7940 0.5744 0.1989
vn -0.8259 0.5542 0.1040
vn -0.7986 0.5930 0.1025
vn -0.7425 0.6604 0.1120
vn -0.3103 0.9497 0.0421
vn -0.4494 0.8913 0.0602
vn -0.4784 0.8610 0.1729
vn -0.5390 0.8354 0.1074
vn -0.6203 0.7842 -0.0126
vn -0.6882 0.7182 0.1030
vn -0.2151 0.9712 0.1022
vn -0.0276 0.9918 0.1250
vn -0.8344 0.5182 0.1878
vn -0.8313 0.5456 0.1061
vn -0.8342 0.5411 0.1068
vn -0.8420 0.5272 0.1142
vn -0.8560 0.5149 0.0457
vn -0.8480 0.5257 0.0679
vn -0.8606 0.5051 0.0647
vn -0.8368 0.5435 0.0668
vn -0.8631 0.5006 0.0668
vn -0.7190 0.6946 0.0242
vn -0.7742 0.6326 0.0203
vn -0.8309 0.5560 0.0208
vn -0.8535 0.5204 0.0261
vn 0.9324 -0.0947 -0.3488
vn 0.9331 -0.1217 -0.3383
vn 0.8672 -0.1151 -0.4846
vn 0.9081 -0.2083 -0.3633
vn 0.9109 -0.2294 -0.3430
vn 0.8336 -0.2154 -0.5086
vn 0.9020 -0.2508 -0.3516
vn 0.9005 -0.2672 -0.3429
vn 0.8331 -0.2559 -0.4903
vn 0.5767 -0.1558 -0.8020
vn 0.6610 -0.1820 -0.7279
vn 0.2589 -0.0214 -0.9657
vn 0.3794 -0.0603 -0.9233
vn 0.1804 -0.0126 -0.9835
vn 0.2004 -0.0364 -0.9790
vn 0.3116 -0.0601 -0.9483
vn 0.6926 -0.0401 -0.7202
vn 0.7531 -0.0378 -0.6568
vn 0.7067 -0.0891 -0.7019
vn 0.8640 0.0136 -0.5033
vn 0.9394 0.0060 -0.3429
vn 0.9400 -0.0220 -0.3404
vn 0.7987 -0.0750 -0.5971
vn 0.8125 -0.0057 -0.5829
vn 0.8833 -0.0572 -0.4653
vn 0.9417 -0.0674 -0.3296
vn 0.6546 -0.0732 -0.7524
vn 0.6155 -0.1009 -0.7816
vn 0.6018 -0.1075 -0.7914
vn 0.4676 -0.1104 -0.8770
vn 0.5541 -0.1126 -0.8248
vn 0.5015 -0.0953 -0.8599
vn 0.4077 -0.0789 -0.9097
vn 0.3766 -0.1051 -0.9204
vn 0.1848 -0.0511 -0.9814
vn 0.3055 -0.0872 -0.9482
vn 0.5797 -0.1346 -0.8036
vn 0.4853 -0.0990 -0.8688
vn 0.7429 -0.2173 -0.6331
vn 0.8437 -0.1760 -0.5071
vn 0.9179 -0.1836 -0.3517
vn 0.9161 -0.1890 -0.3535
vn 0.9238 -0.1569 -0.3494
vn 0.8506 -0.1564 -0.5019
vn 0.7553 -0.1616 -0.6351
vn 0.7431 -0.1912 -0.6413
vn 0.6601 -0.1647 -0.7329
vn 0.5862 -0.1012 -0.8038
vn 0.6806 -0.1117 -0.7241
vn 0.7771 -0.1158 -0.6186
vn 0.6638 -0.1420 -0.7343
vn 0.5749 -0.1192 -0.8095
vn 0.4830 -0.0930 -0.8707
vn 0.3806 -0.0637 -0.9226
vn 0.2765 -0.0324 -0.9605
vn 0.1898 -0.0001 -0.9818
vn 0.9643 -0.2580 -0.0592
vn 0.9436 -0.2387 -0.2294
vn 0.9507 -0.2792 -0.1351
vn 0.9410 -0.3127 -0.1293
vn 0.9748 -0.2148 -0.0608
vn 0.9597 -0.1879 -0.2089
vn 0.9588 -0.1781 -0.2215
vn 0.9735 -0.1293 -0.1885
vn 0.9980 0.0264 -0.0568
vn 0.9929 -0.0434 -0.1110
vn 0.9943 -0.0801 -0.0701
vn 0.9923 -0.0541 0.1116
vn 0.6970 -0.7159 -0.0418
vn 0.6989 -0.7153 -0.0001
vn 0.7155 -0.6867 -0.1282
vn 0.7667 -0.6416 0.0209
vn 0.8127 -0.5809 -0.0452
vn 0.7585 -0.5042 -0.4129
vn 0.8759 -0.4775 0.0693
vn 0.8488 -0.4344 -0.3014
vn 0.9176 -0.3633 0.1616
vn 0.9156 -0.3297 -0.2301
vn 0.7417 -0.0085 -0.6707
vn 0.9043 -0.0980 -0.4155
vn 0.9797 -0.1759 -0.0963
vn 0.9236 -0.2067 -0.3229
vn 0.9527 -0.3015 -0.0373
vn 0.9746 -0.2212 0.0348
vn 0.9537 -0.2849 -0.0962
vn 0.9383 -0.3451 -0.0228
vn 0.9160 -0.4012 -0.0071
vn 0.8887 -0.4585 -0.0023
vn 0.8534 -0.5206 -0.0255
vn 0.8070 -0.5903 -0.0132
vn 0.7453 -0.6664 0.0220
vn 0.9779 -0.1771 0.1111
vn 0.9900 -0.1261 0.0639
vn 0.9888 -0.0998 0.1107
vn 0.9905 -0.0820 0.1102
vn 0.9975 -0.0388 0.0594
vn 0.9956 -0.0164 0.0922
vn 0.9961 0.0526 0.0703
vn 0.9929 0.1011 0.0629
vn 0.9877 0.1335 0.0810
vn 0.9893 0.1248 0.0759
vn 0.9790 0.1865 0.0818
vn 0.9741 0.2170 0.0641
vn 0.9671 0.2292 0.1104
vn 0.9828 0.1632 0.0867
vn 0.9654 0.2502 0.0739
vn 0.9574 0.2817 0.0629
vn 0.9460 0.3108 0.0916
vn 0.9449 0.3212 0.0628
vn 0.9157 0.3951 0.0737
vn 0.9372 0.3433 0.0620
vn 0.9338 0.3396 0.1124
vn 0.9374 0.3424 0.0633
vn 0.9251 0.3747 0.0608
vn 0.9298 0.3632 0.0593
vn 0.6714 0.7402 0.0346
vn 0.9302 0.3650 0.0396
vn 0.8734 0.4863 0.0270
vn 0.7884 0.6150 0.0138
vn 0.5361 0.8433 0.0391
vn 0.4367 0.8940 0.1003
vn 0.3216 0.9446 0.0660
vn 0.2394 0.9694 0.0537
vn 0.1693 0.9838 0.0589
vn 0.0538 0.9962 0.0684
vn 0.1200 0.9905 0.0671
vn -0.1175 0.9910 0.0637
vn -0.2529 0.9649 0.0704
vn -0.3816 0.9163 0.1218
vn -0.5391 0.8404 0.0555
vn -0.6844 0.7270 0.0561
vn -0.8340 0.5477 0.0668
vn -0.8250 0.5616 0.0637
vn -0.7966 0.6005 0.0695
vn -0.7588 0.6405 0.1182
vn -0.8523 0.5224 0.0262
vn -0.8444 0.5351 0.0263
vn -0.8249 0.5639 0.0390
vn -0.7165 0.6973 -0.0203
vn -0.6823 0.7310 0.0001
vn -0.7422 0.6574 -0.1301
vn -0.7773 0.6287 -0.0229
vn -0.7889 0.5817 -0.1983
vn -0.8352 0.5495 -0.0235
vn -0.8539 0.5197 -0.0273
vn 0.0629 0.0290 -0.9976
vn 0.0406 0.0053 -0.9992
vn 0.9613 -0.2618 -0.0859
vn 0.9524 -0.2990 0.0596
vn 0.9726 -0.2173 -0.0824
vn 0.9883 -0.1521 0.0125
vn 0.9921 -0.0953 -0.0817
vn 0.9970 0.0184 -0.0757
vn 0.9998 -0.0167 0.0051
vn 0.9924 0.0244 -0.1207
vn 0.9949 -0.0165 -0.0995
vn 0.9814 0.0112 0.1918
vn 0.9905 -0.0067 -0.1375
vn 0.9903 -0.0913 -0.1044
vn 0.9863 -0.0871 -0.1403
vn 0.9805 -0.0587 0.1877
vn 0.8321 -0.1072 0.5442
vn 0.9814 -0.1616 -0.1033
vn 0.9766 -0.1638 -0.1397
vn 0.9714 -0.2127 -0.1058
vn 0.9660 -0.2167 -0.1412
vn 0.9600 -0.2595 -0.1048
vn 0.9564 -0.2572 -0.1380
vn 0.9490 -0.2972 -0.1048
vn 0.9457 -0.2951 -0.1363
vn 0.9985 0.0296 -0.0454
vn 0.9960 -0.0476 -0.0763
vn 0.9582 -0.2635 -0.1117
vn 0.9816 -0.1725 -0.0816
vn 0.9805 -0.1555 -0.1199
vn 0.9926 -0.0328 -0.1165
vn 0.6695 -0.7398 -0.0677
vn 0.6691 -0.7401 -0.0676
vn 0.6724 -0.7312 -0.1155
vn 0.6855 -0.7264 -0.0487
vn 0.6890 -0.7033 -0.1752
vn 0.7482 -0.6596 -0.0716
vn 0.7348 -0.6661 -0.1279
vn 0.7863 -0.6074 -0.1131
vn 0.8008 -0.5953 -0.0659
vn 0.8410 -0.5356 -0.0768
vn 0.8534 -0.5051 -0.1283
vn 0.9029 -0.4265 -0.0546
vn 0.9119 -0.3916 -0.1228
vn 0.9417 -0.3360 -0.0171
vn 0.9587 -0.2728 -0.0798
vn 0.9273 -0.0812 -0.3654
vn 0.8901 0.0189 -0.4554
vn 0.8670 -0.0672 -0.4937
vn 0.9134 -0.2528 -0.3189
vn 0.9315 -0.1547 -0.3293
vn 0.9010 -0.1830 -0.3934
vn 0.1261 -0.0946 -0.9875
vn 0.1115 -0.1027 -0.9884
vn 0.3218 -0.2111 -0.9230
vn 0.3589 -0.1317 -0.9240
vn 0.5021 -0.1674 -0.8485
vn 0.6269 -0.1757 -0.7591
vn 0.7258 -0.1612 -0.6687
vn 0.8007 -0.1228 -0.5864
vn 0.8006 -0.4455 -0.4007
vn 0.8316 -0.4535 -0.3207
vn 0.8726 -0.3222 -0.3671
vn 0.8626 -0.3996 -0.3101
vn 0.8911 -0.3230 -0.3188
vn 0.8039 -0.4067 -0.4339
vn 0.8432 -0.3180 -0.4334
vn 0.7464 -0.4067 -0.5268
vn 0.7858 -0.3119 -0.5341
vn 0.6929 -0.2931 -0.6588
vn 0.6716 -0.3772 -0.6377
vn 0.5596 -0.2636 -0.7857
vn 0.5602 -0.3305 -0.7596
vn 0.4506 -0.2707 -0.8507
vn 0.3669 -0.2004 -0.9084
vn 0.1476 -0.1019 -0.9838
vn 0.8506 -0.2070 -0.4834
vn 0.7783 -0.2274 -0.5853
vn 0.6763 -0.2308 -0.6996
vn 0.5408 -0.2109 -0.8143
vn 0.3709 -0.1681 -0.9133
vn 0.1563 -0.0761 -0.9848
vn 0.9258 -0.2858 -0.2473
vn 0.9420 -0.2581 -0.2147
vn 0.9523 -0.2089 -0.2225
vn 0.9604 -0.1801 -0.2126
vn 0.9643 -0.1397 -0.2249
vn 0.9715 -0.0932 -0.2177
vn 0.9760 0.0232 -0.2166
vn 0.9762 -0.0352 -0.2139
vn 0.6688 -0.7407 -0.0646
vn 0.6869 -0.7242 -0.0600
vn 0.9761 -0.2174 -0.0000
vn 0.9454 -0.3260 -0.0000
vn 0.9248 -0.3805 -0.0000
vn 0.9003 -0.4352 -0.0000
vn 0.8695 -0.4940 -0.0000
vn 0.8277 -0.5612 -0.0000
vn 0.9751 -0.2187 -0.0368
vn 0.9537 -0.2849 0.0960
vn 0.9382 -0.3453 0.0226
vn 0.9159 -0.4014 0.0066
vn 0.8887 -0.4586 0.0017
vn 0.8534 -0.5206 0.0249
vn 0.8071 -0.5903 0.0128
vn 0.7736 -0.6337 -0.0018
vn 0.7179 -0.6961 -0.0002
vn 0.7457 -0.6659 -0.0214
vn 0.9952 -0.0929 0.0295
vn 0.9989 0.0442 0.0180
vn 0.9864 0.1629 0.0227
vn 0.9627 0.2696 0.0248
vn 0.5366 0.8438 -0.0002
vn 0.5363 0.8433 -0.0350
vn 0.6946 0.7194 -0.0004
vn 0.8248 0.5655 -0.0015
vn 0.8930 0.4501 -0.0006
vn 0.9310 0.3651 -0.0003
vn 0.6712 0.7407 -0.0298
vn 0.7900 0.6130 -0.0130
vn 0.8740 0.4849 -0.0322
vn 0.9289 0.3679 -0.0426
vn 0.1187 0.9922 0.0377
vn 0.2868 0.9576 0.0290
vn 0.3367 0.9412 0.0292
vn 0.3804 0.9244 0.0271
vn 0.4345 0.9003 0.0260
vn -0.0900 0.9918 -0.0909
vn -0.3277 0.9380 -0.1130
vn -0.4865 0.8706 -0.0736
vn -0.6108 0.7915 -0.0232
vn -0.7362 0.6741 -0.0593
vn -0.8257 0.5642 0.0003
vn -0.8263 0.5620 -0.0372
vn -0.8444 0.5351 -0.0262
vn -0.8523 0.5224 -0.0262
vn -0.6707 0.7389 -0.0641
vn -0.6778 0.7330 -0.0576
vn -0.7999 0.5973 -0.0576
vn -0.7719 0.6320 -0.0690
vn -0.7272 0.6861 -0.0216
vn -0.6948 0.7156 -0.0714
vn -0.8420 0.5395 0.0011
vn -0.8621 0.5024 -0.0668
vn -0.8631 0.5005 -0.0668
vn -0.8605 0.5053 -0.0648
vn -0.6377 0.6963 -0.3293
vn -0.1692 0.0775 -0.9825
vn -0.4777 0.2473 -0.8430
vn -0.2916 0.2220 -0.9304
vn -0.1584 0.0882 -0.9834
vn -0.1155 0.0558 -0.9917
vn -0.1253 0.0516 -0.9908
vn -0.1044 0.0733 -0.9918
vn -0.1454 0.1026 -0.9840
vn -0.1388 0.1212 -0.9829
vn -0.2021 0.1670 -0.9650
vn -0.1902 0.1868 -0.9638
vn -0.2768 0.2553 -0.9264
vn -0.2604 0.2742 -0.9258
vn -0.3643 0.3604 -0.8587
vn -0.3466 0.3750 -0.8598
vn -0.4609 0.4745 -0.7499
vn -0.4448 0.4807 -0.7557
vn -0.5514 0.5695 -0.6097
vn -0.5422 0.5774 -0.6104
vn -0.6141 0.6451 -0.4547
vn -0.2192 0.1462 -0.9647
vn -0.1272 0.0510 -0.9906
vn -0.0920 0.0315 -0.9953
vn -0.0140 -0.0124 -0.9998
vn 0.0089 0.0039 -1.0000
vn -0.0718 0.0202 -0.9972
vn -0.0365 -0.0026 -0.9993
vn 0.0336 -0.0435 -0.9985
vn 0.0089 -0.0310 -0.9995
vn -0.0104 -0.0268 -0.9996
vn -0.0438 -0.0043 -0.9990
vn -0.0696 0.0137 -0.9975
vn 0.6767 -0.6079 -0.4153
vn 0.7143 -0.6130 -0.3377
vn 0.7292 -0.5284 -0.4348
vn 0.0620 -0.0699 -0.9956
vn 0.2831 -0.2186 -0.9338
vn 0.6987 -0.4737 -0.5361
vn 0.6315 -0.4152 -0.6548
vn 0.5234 -0.3572 -0.7736
vn 0.7912 -0.5184 -0.3244
vn 0.0129 -0.0183 -0.9997
vn 0.0870 -0.0829 -0.9928
vn 0.2639 -0.2257 -0.9378
vn 0.2342 -0.2216 -0.9466
vn 0.5851 -0.5526 -0.5936
vn 0.6419 -0.5082 -0.5742
vn 0.5371 -0.4730 -0.6984
vn 0.5900 -0.4469 -0.6724
vn 0.4440 -0.3812 -0.8109
vn 0.4881 -0.3595 -0.7953
vn 0.6501 -0.6779 -0.3431
vn 0.6170 -0.6219 -0.4822
vn 0.6539 -0.5752 -0.4916
vn 0.5652 -0.5715 -0.5950
vn 0.5180 -0.5095 -0.6871
vn 0.4444 -0.4180 -0.7923
vn 0.3275 -0.3461 -0.8792
vn 0.6385 -0.7645 -0.0883
vn 0.6794 -0.7230 -0.1251
vn 0.7379 -0.6611 -0.1355
vn 0.7361 -0.6742 -0.0599
vn 0.7887 -0.5893 -0.1751
vn 0.7965 -0.6017 -0.0599
vn 0.8299 -0.5228 -0.1951
vn 0.8456 -0.5305 -0.0598
vn 0.8821 -0.4624 -0.0901
vn 0.8823 -0.4669 -0.0599
vn 0.8900 -0.4030 -0.2133
vn 0.9103 -0.4097 -0.0598
vn 0.9127 -0.3450 -0.2191
vn 0.9328 -0.3552 -0.0600
vn 0.9333 -0.2844 -0.2190
vn 0.9526 -0.2983 -0.0600
vn 0.9620 -0.2459 -0.1188
vn 0.9650 -0.2534 -0.0674
vn 0.8741 -0.4726 -0.1121
vn 0.9031 -0.4279 -0.0372
vn 0.9241 -0.3817 -0.0211
vn 0.9412 -0.3372 -0.0209
vn 0.9599 -0.2731 0.0632
vn 0.8650 -0.5017 0.0097
vn 0.8290 -0.5571 0.0478
vn 0.7752 -0.6317 0.0050
vn 0.7183 -0.6930 -0.0620
vn 0.8825 -0.4099 -0.2306
vn 0.8270 -0.5164 -0.2223
vn 0.7319 -0.6482 -0.2103
vn 0.6786 -0.7034 -0.2115
vn 0.9232 -0.3052 -0.2337
vn 0.9687 -0.1323 -0.2100
vn 0.9781 0.0044 -0.2083
vn 0.9688 -0.2383 -0.0677
vn 0.9688 -0.2383 -0.0676
vn 0.9693 -0.2364 -0.0675
vn 0.9738 0.2274 -0.0010
vn 0.9938 0.1108 -0.0008
vn 1.0000 -0.0023 -0.0003
vn 0.9940 -0.1096 -0.0001
vn 0.9625 0.2701 -0.0236
vn 0.9864 0.1630 -0.0209
vn 0.9989 0.0438 -0.0177
vn 0.9951 -0.0934 -0.0313
vn 0.9642 -0.2357 -0.1217
vn 0.9676 -0.2173 -0.1289
vn 0.9888 -0.0999 -0.1105
vn 0.9819 -0.1403 -0.1275
vn 0.9913 -0.0778 -0.1062
vn 0.9908 -0.0551 -0.1236
vn 0.9963 0.0501 -0.0692
vn 0.9935 -0.0178 -0.1123
vn 0.9977 -0.0409 -0.0545
vn 0.9946 0.0111 -0.1036
vn 0.9865 0.0772 -0.1443
vn 0.9927 0.1029 -0.0636
vn 0.9901 -0.1252 -0.0642
vn 0.9806 -0.1761 -0.0864
vn 0.9763 -0.2006 -0.0808
vn 0.5583 0.8271 -0.0648
vn 0.5217 0.8504 -0.0687
vn 0.6282 0.7750 -0.0687
vn 0.6783 0.7299 -0.0853
vn 0.7442 0.6636 -0.0758
vn 0.7855 0.6109 -0.0991
vn 0.8589 0.5063 -0.0774
vn 0.9090 0.4118 -0.0642
vn 0.1188 0.9929 0.0010
vn 0.4329 0.9011 -0.0261
vn 0.1174 0.9925 -0.0339
vn 0.2893 0.9568 -0.0281
vn 0.3415 0.9389 -0.0428
vn 0.3770 0.9257 -0.0305
vn -0.0931 0.9920 0.0849
vn -0.2341 0.9722 -0.0000
vn -0.3290 0.9377 0.1116
vn -0.4323 0.9017 -0.0000
vn -0.4922 0.8681 0.0649
vn -0.5606 0.8281 -0.0000
vn -0.6878 0.7259 0.0074
vn -0.6053 0.7960 0.0049
vn -0.7344 0.6769 0.0496
vn -0.7968 0.6042 0.0021
vn -0.8479 0.5229 -0.0874
vn -0.8367 0.5437 -0.0667
vn -0.8570 0.5144 -0.0289
vn -0.8404 0.5337 -0.0945
vn -0.8337 0.5418 -0.1064
vn -0.6472 0.6184 -0.4458
vn -0.7754 0.4732 -0.4181
vn -0.7496 0.5074 -0.4250
vn -0.6711 0.4642 -0.5780
vn -0.7010 0.4297 -0.5691
vn -0.5725 0.4034 -0.7138
vn -0.6056 0.3753 -0.7017
vn -0.4752 0.3333 -0.8143
vn -0.5083 0.3146 -0.8017
vn -0.3825 0.2595 -0.8868
vn -0.4116 0.2530 -0.8756
vn -0.2908 0.1872 -0.9383
vn -0.3125 0.1922 -0.9303
vn -0.1991 0.1226 -0.9723
vn -0.2101 0.1350 -0.9683
vn -0.1181 0.0749 -0.9902
vn -0.1173 0.0893 -0.9891
vn -0.1129 0.0746 -0.9908
vn -0.1767 0.1246 -0.9764
vn -0.2514 0.1936 -0.9483
vn -0.3331 0.2741 -0.9022
vn -0.4223 0.3581 -0.8327
vn -0.5207 0.4399 -0.7317
vn -0.6216 0.5128 -0.5921
vn -0.7001 0.5664 -0.4348
vn -0.1048 0.0788 -0.9914
vn -0.1534 0.1271 -0.9800
vn -0.2137 0.1964 -0.9570
vn -0.2877 0.2824 -0.9151
vn -0.3746 0.3763 -0.8474
vn -0.4733 0.4706 -0.7447
vn -0.5732 0.5556 -0.6023
vn -0.0815 0.0304 -0.9962
vn -0.0365 0.0002 -0.9993
vn -0.0223 0.0081 -0.9997
vn -0.0503 0.0280 -0.9983
vn -0.0743 0.0460 -0.9962
vn 0.7222 -0.3993 -0.5648
vn 0.6864 -0.4573 -0.5655
vn 0.5721 -0.3951 -0.7188
vn 0.6899 -0.5324 -0.4905
vn 0.7312 -0.5383 -0.4190
vn 0.6641 -0.6028 -0.4423
vn 0.8576 -0.4009 -0.3221
vn 0.8715 -0.4182 -0.2562
vn 0.8442 -0.4490 -0.2928
vn 0.8226 -0.4898 -0.2889
vn 0.7918 -0.4819 -0.3753
vn 0.7531 -0.4806 -0.4494
vn 0.7906 -0.4274 -0.4386
vn 0.8285 -0.4331 -0.3549
vn 0.7162 -0.6104 -0.3384
vn 0.7408 -0.5815 -0.3362
vn 0.7686 -0.5535 -0.3206
vn 0.7893 -0.5226 -0.3223
vn 0.0536 -0.0524 -0.9972
vn 0.2156 -0.1966 -0.9565
vn 0.0531 -0.0454 -0.9976
vn 0.3890 -0.3757 -0.8411
vn 0.6245 -0.5830 -0.5197
vn 0.6286 -0.5082 -0.5887
vn 0.5742 -0.5496 -0.6068
vn 0.5349 -0.4494 -0.7155
vn 0.4973 -0.4865 -0.7183
vn 0.3895 -0.3347 -0.8580
vn 0.1902 -0.1686 -0.9672
vn 0.0404 -0.0310 -0.9987
vn 0.7463 -0.3440 -0.5698
vn 0.5964 -0.3307 -0.7314
vn 0.6116 -0.2760 -0.7415
vn 0.4002 -0.2109 -0.8919
vn 0.4053 -0.1707 -0.8981
vn 0.1830 -0.0786 -0.9800
vn 0.1888 -0.0596 -0.9802
vn 0.0346 0.0171 -0.9993
vn 0.3927 -0.2757 -0.8774
vn 0.1828 -0.1224 -0.9755
vn 0.0323 -0.0080 -0.9994
vn 0.8473 -0.3929 -0.3573
vn 0.8155 -0.3773 -0.4389
vn 0.6641 -0.6643 -0.3429
vn 0.6966 -0.6357 -0.3326
vn 0.9240 -0.2370 -0.3002
vn 0.9497 -0.2303 -0.2123
vn 0.9337 -0.3011 -0.1937
vn 0.8620 -0.4624 -0.2079
vn 0.8126 -0.5425 -0.2132
vn 0.7760 -0.5947 -0.2102
vn 0.9008 -0.3951 -0.1801
vn 0.7450 -0.6376 -0.1960
vn 0.6931 -0.6905 -0.2070
vn 0.8808 -0.3708 -0.2944
vn 0.9024 -0.3434 -0.2601
vn 0.9189 -0.2797 -0.2780
vn 0.9128 0.3879 -0.1277
vn 0.9243 0.3725 -0.0834
vn 0.9261 0.3550 -0.1275
vn 0.9271 0.3501 -0.1342
vn 0.9461 0.3108 -0.0908
vn 0.9449 0.3213 -0.0628
vn 0.9574 0.2817 -0.0629
vn 0.9892 0.1241 -0.0775
vn 0.9872 0.1338 -0.0870
vn 0.9835 0.1617 -0.0814
vn 0.9757 0.1920 -0.1060
vn 0.9760 0.1990 -0.0880
vn 0.9751 0.2084 -0.0757
vn 0.9719 0.2259 -0.0656
vn 0.9641 0.2509 -0.0873
vn 0.9390 0.3386 -0.0602
vn 0.9379 0.3423 -0.0561
vn 0.9251 0.3738 -0.0672
vn 0.9298 0.3632 -0.0593
vn 0.9852 0.0304 -0.1688
vn 0.9638 -0.1842 -0.1926
vn 0.9788 -0.1043 -0.1761
vn 0.9974 -0.0039 -0.0719
vn 0.9697 -0.0266 -0.2427
vn 0.9691 -0.0778 -0.2340
vn 0.9529 -0.1402 -0.2689
vn 0.9390 -0.1719 -0.2977
vn 0.9282 -0.2054 -0.3104
vn 0.9728 0.1438 -0.1819
vn 0.9579 0.2151 -0.1900
vn 0.9512 0.2477 -0.1843
vn 0.9678 0.2286 -0.1053
vn 0.9269 0.3606 -0.1037
vn 0.8930 0.4248 -0.1487
vn 0.8908 0.4286 -0.1510
vn 0.8840 0.4524 -0.1178
vn 0.5335 0.8375 -0.1178
vn 0.8118 0.5691 -0.1307
vn 0.6151 0.7794 -0.1194
vn 0.7068 0.6939 -0.1376
vn 0.1614 0.9848 -0.0638
vn 0.2478 0.9666 -0.0658
vn 0.3642 0.9287 -0.0698
vn 0.4576 0.8740 -0.1632
vn -0.8340 0.5477 -0.0668
vn 0.1200 0.9905 -0.0671
vn 0.0461 0.9959 -0.0782
vn -0.5423 0.8388 -0.0482
vn -0.6919 0.7207 -0.0440
vn -0.7590 0.6434 -0.0999
vn -0.7914 0.5980 -0.1272
vn -0.8285 0.5563 -0.0638
vn -0.1112 0.9917 -0.0639
vn -0.2504 0.9655 -0.0720
vn -0.4042 0.9043 -0.1376
vn 0.0721 0.9911 -0.1119
vn -0.0697 0.9920 -0.1050
vn -0.2235 0.9696 -0.0992
vn -0.3428 0.9325 -0.1137
vn -0.4445 0.8953 -0.0291
vn -0.8313 0.5456 -0.1062
vn -0.8291 0.5489 -0.1059
vn -0.8108 0.5798 -0.0800
vn -0.7488 0.6519 -0.1199
vn -0.6980 0.7090 -0.1005
vn -0.6231 0.7821 0.0090
vn -0.5535 0.8237 -0.1234
vn -0.8221 0.5456 -0.1630
vn -0.8337 0.5188 -0.1892
vn -0.8179 0.5047 -0.2763
vn -0.8153 0.5214 -0.2520
vn -0.8078 0.5448 -0.2251
vn -0.8034 0.5416 -0.2474
vn -0.8187 0.5426 -0.1880
vn -0.7989 0.5413 -0.2624
vn -0.7964 0.5373 -0.2776
vn -0.7968 0.5387 -0.2736
vn -0.6777 0.6547 -0.3348
vn -0.5468 0.7469 -0.3783
vn -0.7154 0.4740 -0.5133
vn -0.1488 0.2696 -0.9514
vn -0.1246 0.2149 -0.9686
vn -0.2270 0.2506 -0.9411
vn -0.5500 0.4211 -0.7212
vn -0.4963 0.3951 -0.7730
vn -0.4284 0.3302 -0.8411
vn -0.4003 0.3542 -0.8452
vn -0.3285 0.2885 -0.8994
vn -0.3157 0.3152 -0.8950
vn -0.2123 0.3222 -0.9226
vn -0.5262 0.3735 -0.7640
vn -0.6264 0.4226 -0.6551
vn -0.6146 0.4520 -0.6465
vn -0.7082 0.5015 -0.4970
vn -0.7813 0.5099 -0.3600
vn -0.1225 0.1696 -0.9779
vn -0.2228 0.2125 -0.9514
vn -0.3265 0.2590 -0.9090
vn -0.4251 0.3054 -0.8521
vn -0.5221 0.3534 -0.7762
vn -0.6198 0.4038 -0.6729
vn -0.7117 0.4526 -0.5372
vn -0.7809 0.4871 -0.3910
vn -0.1186 0.1238 -0.9852
vn -0.2175 0.1702 -0.9611
vn -0.3228 0.2226 -0.9199
vn -0.4230 0.2750 -0.8634
vn -0.5206 0.3277 -0.7884
vn -0.6181 0.3817 -0.6872
vn -0.7197 0.4386 -0.5382
vn -0.0654 0.0480 -0.9967
vn -0.0661 0.0434 -0.9969
vn -0.0609 0.0423 -0.9972
vn -0.0282 0.0331 -0.9991
vn -0.0485 0.0593 -0.9971
vn -0.0333 0.0186 -0.9993
vn -0.0219 0.0089 -0.9997
vn 0.1938 -0.0418 -0.9802
vn 0.0377 0.0291 -0.9989
vn 0.0448 0.0543 -0.9975
vn 0.9102 -0.2236 -0.3486
vn 0.9024 -0.2791 -0.3283
vn 0.8990 -0.2202 -0.3785
vn 0.8873 -0.2727 -0.3719
vn 0.8674 -0.2103 -0.4510
vn 0.8532 -0.2598 -0.4523
vn 0.8003 -0.1843 -0.5706
vn 0.7809 -0.2335 -0.5794
vn 0.6667 -0.1326 -0.7334
vn 0.6420 -0.1822 -0.7447
vn 0.4515 -0.0519 -0.8908
vn 0.4286 -0.1010 -0.8978
vn 0.2158 0.0338 -0.9759
vn 0.2021 -0.0115 -0.9793
vn 0.0521 0.0931 -0.9943
vn 0.8837 -0.3435 -0.3180
vn 0.8688 -0.3375 -0.3623
vn 0.8353 -0.3231 -0.4448
vn 0.7638 -0.2910 -0.5762
vn 0.6253 -0.2304 -0.7456
vn 0.4145 -0.1390 -0.8994
vn 0.9326 0.3312 -0.1434
vn 0.9436 0.2998 -0.1404
vn 0.9459 0.2761 -0.1704
vn 0.9082 0.3938 -0.1418
vn 0.9056 0.3872 -0.1730
vn 0.9102 0.3942 -0.1272
vn 0.8963 0.4210 -0.1397
vn 0.9329 -0.1061 -0.3442
vn 0.9504 0.1059 -0.2926
vn 0.9147 0.2274 -0.3341
vn 0.8994 0.0907 -0.4277
vn 0.8393 0.2298 -0.4927
vn 0.8009 0.0868 -0.5925
vn 0.7448 0.1978 -0.6373
vn 0.4433 0.1048 -0.8902
vn 0.4441 0.1780 -0.8781
vn 0.6540 0.0491 -0.7549
vn 0.5568 0.1650 -0.8141
vn 0.6694 0.1631 -0.7248
vn 0.2289 0.1583 -0.9605
vn 0.0744 0.1932 -0.9783
vn 0.0824 0.2413 -0.9669
vn 0.1468 0.2327 -0.9614
vn 0.2249 0.2164 -0.9501
vn 0.3233 0.2002 -0.9249
vn 0.8068 0.0051 -0.5908
vn 0.8977 -0.0063 -0.4406
vn 0.9560 -0.0070 -0.2931
vn 0.8857 -0.1117 -0.4507
vn 0.8066 -0.0871 -0.5846
vn 0.6650 -0.0340 -0.7461
vn 0.4516 0.0417 -0.8913
vn 0.2262 0.1138 -0.9674
vn 0.0671 0.1606 -0.9847
vn 0.9103 -0.1844 -0.3706
vn 0.8741 -0.1771 -0.4523
vn 0.8059 -0.1491 -0.5730
vn 0.6726 -0.0925 -0.7342
vn 0.4586 -0.0090 -0.8886
vn 0.2241 0.0744 -0.9717
vn 0.0564 0.1301 -0.9899
vn 0.8307 0.5321 -0.1639
vn 0.6582 0.7164 -0.2314
vn 0.7357 0.6399 -0.2220
vn 0.5588 0.7932 -0.2422
vn 0.5557 0.8121 -0.1780
vn 0.4210 0.9032 -0.0839
vn 0.3188 0.9452 -0.0705
vn 0.2575 0.9591 -0.1175
vn 0.1732 0.9785 -0.1120
vn 0.1361 0.9845 -0.1108
vn 0.1663 0.9745 -0.1504
vn -0.4615 0.8781 -0.1262
vn -0.2003 0.9668 -0.1586
vn -0.6932 0.7065 -0.1427
vn -0.7908 0.5830 -0.1862
vn -0.7518 0.6342 -0.1808
vn -0.6859 0.6977 -0.2069
vn -0.5970 0.7894 -0.1430
vn -0.5513 0.8134 -0.1856
vn -0.6288 0.7551 -0.1857
vn -0.4844 0.8485 -0.2130
vn -0.1241 0.9719 -0.1999
vn -0.2274 0.9546 -0.1924
vn -0.2981 0.9381 -0.1762
vn -0.3766 0.9143 -0.1490
vn 0.0559 0.9772 -0.2048
vn -0.3867 0.8729 -0.2976
vn -0.4089 0.5864 -0.6992
vn -0.5377 0.5834 -0.6087
vn -0.5175 0.6533 -0.5526
vn -0.3147 0.3814 -0.8692
vn -0.5357 0.5146 -0.6695
vn -0.4224 0.4836 -0.7667
vn -0.5925 0.5810 -0.5580
vn -0.7248 0.5329 -0.4366
vn -0.1598 0.3360 -0.9282
vn -0.1375 0.4474 -0.8837
vn -0.2858 0.4689 -0.8357
vn -0.1779 0.9299 -0.3218
vn -0.1032 0.5696 -0.8154
vn -0.2492 0.6735 -0.6959
vn -0.0562 0.6840 -0.7273
vn -0.2232 0.7668 -0.6018
vn -0.0040 0.7843 -0.6204
vn -0.1952 0.8589 -0.4735
vn 0.0419 0.8749 -0.4825
vn 0.1156 0.9423 -0.3140
vn -0.2697 0.5748 -0.7726
vn -0.4024 0.6678 -0.6262
vn -0.3941 0.7419 -0.5424
vn -0.5168 0.7084 -0.4807
vn -0.3876 0.8150 -0.4307
vn -0.5191 0.7621 -0.3870
vn -0.6226 0.6651 -0.4123
vn -0.6322 0.6006 -0.4895
vn -0.7219 0.6070 -0.3323
vn -0.7089 0.5871 -0.3908
vn -0.6281 0.7058 -0.3276
vn -0.7258 0.6282 -0.2803
vn -0.7003 0.5802 -0.4158
vn -0.5269 0.8053 -0.2717
vn -0.0431 0.0902 -0.9950
vn -0.0417 0.1344 -0.9901
vn -0.0363 0.1883 -0.9814
vn -0.0037 0.2412 -0.9705
vn -0.0779 0.2442 -0.9666
vn 0.7678 0.5864 -0.2583
vn 0.4560 0.3106 -0.8340
vn 0.1272 0.3337 -0.9341
vn 0.9254 0.2601 -0.2755
vn 0.9162 0.3084 -0.2557
vn 0.8955 0.3689 -0.2489
vn 0.8638 0.4747 -0.1689
vn 0.8767 0.4333 -0.2089
vn 0.2579 0.3280 -0.9088
vn 0.4523 0.7162 -0.5314
vn 0.4714 0.6833 -0.5576
vn 0.3761 0.6770 -0.6326
vn 0.3905 0.6060 -0.6931
vn 0.2817 0.6071 -0.7430
vn 0.3150 0.4764 -0.8209
vn 0.1958 0.4813 -0.8544
vn 0.8913 0.2293 -0.3913
vn 0.8186 0.2239 -0.5290
vn 0.7907 0.3659 -0.4909
vn 0.8658 0.3463 -0.3612
vn 0.7886 0.4583 -0.4101
vn 0.7816 0.5291 -0.3304
vn 0.6677 0.2759 -0.6914
vn 0.6673 0.4042 -0.6256
vn 0.4828 0.4500 -0.7512
vn 0.6702 0.5209 -0.5287
vn 0.5183 0.5793 -0.6291
vn 0.6778 0.6041 -0.4191
vn 0.5636 0.6573 -0.5004
vn 0.6459 0.6835 -0.3399
vn 0.5256 0.7417 -0.4167
vn 0.5438 0.7735 -0.3256
vn 0.4472 0.8621 -0.2382
vn 0.4051 0.8864 -0.2240
vn 0.3457 0.9072 -0.2397
vn 0.2814 0.9285 -0.2422
vn 0.2066 0.9536 -0.2190
vn -0.0555 0.3222 -0.9451
vn 0.1515 0.5790 -0.8011
vn 0.0757 0.4487 -0.8904
vn 0.0236 0.3187 -0.9476
vn 0.4124 0.8089 -0.4191
vn 0.3732 0.7458 -0.5517
vn 0.3000 0.6799 -0.6691
vn 0.2987 0.8553 -0.4234
vn -0.0140 0.4394 -0.8982
vn 0.0443 0.5684 -0.8215
vn 0.1069 0.6815 -0.7240
vn 0.1633 0.7782 -0.6065
vn 0.2204 0.8754 -0.4303
vn 0.2671 0.7656 -0.5852
vn 0.2164 0.6813 -0.6993
vn -0.9940 0.1094 0.0005
vn -0.9637 -0.2672 -0.0000
s 1
f 1//1 2//2 3//3
f 3//3 2//2 4//4
f 3//3 4//4 5//5
f 5//5 4//4 6//6
f 5//5 6//6 7//7
f 7//7 6//6 8//8
f 7//7 8//8 9//9
f 10//10 11//11 3//3
f 3//3 11//11 12//12
f 3//3 12//12 1//1
f 10//10 3//3 13//13
f 13//13 3//3 14//14
f 13//13 14//14 15//15
f 16//16 17//17 18//18
f 18//18 17//17 19//19
f 20//20 21//21 22//22
f 23//23 24//24 25//25
f 25//25 24//24 26//26
f 25//25 26//26 1//1
f 1//1 26//26 27//27
f 1//1 27//27 2//2
f 22//22 28//28 20//20
f 20//20 28//28 7//7
f 20//20 7//7 19//19
f 19//19 7//7 9//9
f 19//19 9//9 18//18
f 29//29 30//30 31//31
f 32//32 33//33 34//34
f 32//32 34//34 35//35
f 29//29 31//31 36//36
f 37//37 38//38 39//39
f 39//39 38//38 40//40
f 40//40 38//38 41//41
f 40//40 41//41 31//31
f 31//31 41//41 36//36
f 37//37 39//39 42//42
f 42//42 39//39 43//43
f 42//42 43//43 34//34
f 34//34 43//43 44//44
f 34//34 44//44 35//35
f 32//32 35//35 45//45
f 46//46 47//47 45//45
f 45//45 47//47 48//48
f 45//45 48//48 32//32
f 32//32 48//48 33//33
f 49//49 50//50 51//51
f 51//51 50//50 52//52
f 51//51 52//52 53//53
f 54//54 55//55 56//56
f 56//56 55//55 57//57
f 56//56 57//57 58//58
f 58//58 57//57 59//59
f 58//58 59//59 60//60
f 60//60 59//59 61//61
f 60//60 61//61 62//62
f 62//62 61//61 63//63
f 62//62 63//63 64//64
f 64//64 63//63 65//65
f 64//64 65//65 50//50
f 50//50 65//65 52//52
f 66//66 67//67 68//68
f 69//69 66//66 70//70
f 70//70 66//66 68//68
f 70//70 68//68 71//71
f 71//71 68//68 72//72
f 71//71 72//72 73//73
f 73//73 72//72 74//74
f 73//73 74//74 75//75
f 75//75 74//74 76//76
f 75//75 76//76 54//54
f 54//54 76//76 55//55
f 77//77 78//78 79//79
f 79//79 78//78 80//80
f 79//79 80//80 81//81
f 78//78 82//82 80//80
f 80//80 82//82 83//83
f 83//83 82//82 84//84
f 83//83 84//84 85//85
f 85//85 84//84 86//86
f 85//85 86//86 87//87
f 88//88 89//89 90//90
f 88//88 90//90 91//91
f 91//91 90//90 87//87
f 91//91 87//87 86//86
f 92//92 89//89 93//93
f 93//93 89//89 88//88
f 93//93 88//88 94//94
f 95//95 96//96 97//97
f 98//98 99//99 100//100
f 100//100 99//99 101//101
f 102//102 103//103 101//101
f 95//95 97//97 104//104
f 105//105 106//106 107//107
f 107//107 106//106 108//108
f 107//107 108//108 109//109
f 109//109 108//108 110//110
f 111//111 112//112 113//113
f 111//111 105//105 97//97
f 97//97 105//105 107//107
f 97//97 107//107 104//104
f 104//104 107//107 109//109
f 101//101 99//99 102//102
f 102//102 99//99 114//114
f 102//102 114//114 115//115
f 115//115 114//114 113//113
f 115//115 113//113 116//116
f 116//116 113//113 112//112
f 116//116 112//112 117//117
f 111//111 113//113 105//105
f 105//105 113//113 114//114
f 105//105 114//114 106//106
f 106//106 114//114 99//99
f 106//106 99//99 108//108
f 108//108 99//99 98//98
f 108//108 98//98 110//110
f 118//118 103//103 102//102
f 119//119 120//120 121//121
f 117//117 119//119 116//116
f 116//116 119//119 121//121
f 116//116 121//121 115//115
f 115//115 121//121 122//122
f 115//115 122//122 102//102
f 102//102 122//122 123//123
f 102//102 123//123 118//118
f 118//118 123//123 124//124
f 125//125 124//124 123//123
f 122//122 126//126 123//123
f 123//123 126//126 127//127
f 123//123 127//127 125//125
f 125//125 127//127 128//128
f 125//125 128//128 129//129
f 120//120 130//130 121//121
f 121//121 130//130 131//131
f 121//121 131//131 122//122
f 122//122 131//131 132//132
f 122//122 132//132 126//126
f 133//133 134//134 135//135
f 136//136 137//137 138//138
f 136//136 138//138 139//139
f 140//140 141//141 142//142
f 142//142 141//141 143//143
f 142//142 143//143 144//144
f 144//144 143//143 145//145
f 144//144 145//145 146//146
f 147//147 148//148 149//149
f 149//149 148//148 150//150
f 149//149 150//150 151//151
f 152//152 134//134 153//153
f 153//153 134//134 133//133
f 153//153 133//133 154//154
f 137//137 140//140 138//138
f 138//138 140//140 142//142
f 138//138 142//142 155//155
f 155//155 142//142 144//144
f 155//155 144//144 156//156
f 156//156 144//144 146//146
f 156//156 146//146 151//151
f 151//151 146//146 157//157
f 151//151 157//157 149//149
f 149//149 157//157 158//158
f 149//149 158//158 147//147
f 130//130 159//159 131//131
f 131//131 159//159 160//160
f 131//131 160//160 132//132
f 132//132 160//160 161//161
f 132//132 161//161 126//126
f 126//126 161//161 162//162
f 126//126 162//162 127//127
f 127//127 162//162 163//163
f 127//127 163//163 128//128
f 128//128 163//163 164//164
f 128//128 164//164 129//129
f 129//129 164//164 165//165
f 166//166 152//152 167//167
f 167//167 152//152 153//153
f 167//167 153//153 168//168
f 168//168 153//153 154//154
f 168//168 154//154 169//169
f 169//169 154//154 170//170
f 169//169 170//170 171//171
f 145//145 171//171 146//146
f 146//146 171//171 170//170
f 146//146 170//170 157//157
f 157//157 170//170 154//154
f 157//157 154//154 158//158
f 158//158 154//154 133//133
f 158//158 133//133 147//147
f 147//147 133//133 135//135
f 147//147 135//135 148//148
f 148//148 135//135 172//172
f 148//148 172//172 173//173
f 130//130 139//139 159//159
f 159//159 139//139 138//138
f 159//159 138//138 160//160
f 160//160 138//138 155//155
f 160//160 155//155 161//161
f 161//161 155//155 156//156
f 161//161 156//156 162//162
f 162//162 156//156 151//151
f 162//162 151//151 163//163
f 163//163 151//151 150//150
f 163//163 150//150 164//164
f 164//164 150//150 148//148
f 164//164 148//148 165//165
f 165//165 148//148 173//173
f 141//141 35//35 143//143
f 143//143 35//35 44//44
f 143//143 44//44 145//145
f 145//145 44//44 43//43
f 145//145 43//43 171//171
f 171//171 43//43 39//39
f 171//171 39//39 169//169
f 169//169 39//39 40//40
f 169//169 40//40 168//168
f 168//168 40//40 31//31
f 168//168 31//31 167//167
f 167//167 31//31 30//30
f 167//167 30//30 166//166
f 174//174 49//49 175//175
f 174//174 175//175 176//176
f 177//177 178//178 179//179
f 179//179 178//178 176//176
f 179//179 176//176 180//180
f 180//180 176//176 175//175
f 177//177 181//181 178//178
f 178//178 181//181 182//182
f 182//182 183//183 178//178
f 178//178 183//183 46//46
f 178//178 46//46 184//184
f 185//185 186//186 184//184
f 184//184 186//186 178//178
f 178//178 186//186 176//176
f 176//176 186//186 187//187
f 176//176 187//187 174//174
f 188//188 187//187 189//189
f 189//189 187//187 186//186
f 189//189 186//186 190//190
f 190//190 186//186 185//185
f 191//191 192//192 193//193
f 194//194 195//195 196//196
f 197//197 188//188 189//189
f 198//198 199//199 197//197
f 197//197 199//199 200//200
f 197//197 200//200 188//188
f 193//193 201//201 191//191
f 191//191 201//201 202//202
f 191//191 202//202 198//198
f 198//198 202//202 203//203
f 198//198 203//203 199//199
f 204//204 195//195 205//205
f 205//205 195//195 194//194
f 205//205 194//194 206//206
f 206//206 194//194 207//207
f 206//206 207//207 208//208
f 209//209 204//204 210//210
f 210//210 204//204 205//205
f 210//210 205//205 211//211
f 211//211 205//205 206//206
f 211//211 206//206 212//212
f 212//212 206//206 208//208
f 212//212 208//208 213//213
f 190//190 213//213 189//189
f 189//189 213//213 208//208
f 189//189 208//208 197//197
f 197//197 208//208 207//207
f 197//197 207//207 198//198
f 198//198 207//207 194//194
f 198//198 194//194 191//191
f 191//191 194//194 196//196
f 191//191 196//196 192//192
f 214//214 215//215 216//216
f 204//204 209//209 214//214
f 214//214 216//216 204//204
f 204//204 216//216 217//217
f 204//204 217//217 195//195
f 195//195 217//217 218//218
f 195//195 218//218 196//196
f 218//218 219//219 220//220
f 196//196 218//218 192//192
f 192//192 218//218 220//220
f 192//192 220//220 193//193
f 221//221 219//219 218//218
f 222//222 221//221 223//223
f 223//223 221//221 218//218
f 223//223 218//218 224//224
f 224//224 218//218 217//217
f 224//224 217//217 225//225
f 225//225 217//217 216//216
f 225//225 216//216 226//226
f 226//226 216//216 227//227
f 227//227 216//216 215//215
f 227//227 215//215 228//228
f 229//229 230//230 231//231
f 224//224 225//225 232//232
f 226//226 227//227 233//233
f 234//234 223//223 224//224
f 222//222 223//223 235//235
f 235//235 223//223 234//234
f 235//235 234//234 236//236
f 237//237 238//238 239//239
f 239//239 238//238 240//240
f 232//232 241//241 240//240
f 240//240 241//241 242//242
f 240//240 242//242 239//239
f 224//224 232//232 234//234
f 234//234 232//232 240//240
f 234//234 240//240 236//236
f 227//227 228//228 233//233
f 233//233 228//228 243//243
f 233//233 243//243 244//244
f 244//244 243//243 245//245
f 246//246 247//247 248//248
f 248//248 247//247 249//249
f 243//243 250//250 245//245
f 245//245 250//250 251//251
f 245//245 251//251 249//249
f 249//249 251//251 252//252
f 249//249 252//252 248//248
f 237//237 229//229 238//238
f 238//238 229//229 231//231
f 238//238 231//231 240//240
f 240//240 231//231 253//253
f 240//240 253//253 236//236
f 225//225 226//226 232//232
f 232//232 226//226 233//233
f 232//232 233//233 241//241
f 241//241 233//233 244//244
f 241//241 244//244 242//242
f 242//242 244//244 245//245
f 242//242 245//245 239//239
f 239//239 245//245 249//249
f 239//239 249//249 237//237
f 237//237 249//249 247//247
f 254//254 230//230 229//229
f 255//255 256//256 257//257
f 258//258 257//257 259//259
f 247//247 246//246 260//260
f 261//261 262//262 263//263
f 263//263 262//262 264//264
f 259//259 265//265 258//258
f 258//258 265//265 266//266
f 258//258 266//266 267//267
f 267//267 266//266 268//268
f 267//267 268//268 264//264
f 264//264 268//268 269//269
f 264//264 269//269 263//263
f 260//260 256//256 247//247
f 247//247 256//256 255//255
f 247//247 255//255 237//237
f 237//237 255//255 270//270
f 237//237 270//270 229//229
f 229//229 270//270 271//271
f 229//229 271//271 254//254
f 257//257 258//258 255//255
f 255//255 258//258 267//267
f 255//255 267//267 270//270
f 270//270 267//267 264//264
f 270//270 264//264 271//271
f 271//271 264//264 262//262
f 271//271 262//262 254//254
f 265//265 272//272 273//273
f 265//265 259//259 272//272
f 272//272 259//259 274//274
f 272//272 274//274 275//275
f 263//263 269//269 276//276
f 276//276 269//269 268//268
f 276//276 268//268 273//273
f 273//273 268//268 266//266
f 273//273 266//266 265//265
f 277//277 278//278 279//279
f 279//279 278//278 280//280
f 279//279 280//280 281//281
f 281//281 280//280 282//282
f 281//281 282//282 283//283
f 283//283 282//282 284//284
f 285//285 283//283 286//286
f 286//286 283//283 284//284
f 286//286 284//284 287//287
f 277//277 279//279 288//288
f 288//288 279//279 281//281
f 288//288 281//281 289//289
f 289//289 281//281 283//283
f 289//289 283//283 290//290
f 290//290 283//283 285//285
f 290//290 285//285 291//291
f 261//261 263//263 291//291
f 291//291 263//263 276//276
f 291//291 276//276 290//290
f 290//290 276//276 273//273
f 290//290 273//273 289//289
f 289//289 273//273 272//272
f 289//289 272//272 288//288
f 288//288 272//272 275//275
f 288//288 275//275 277//277
f 292//292 293//293 294//294
f 295//295 294//294 296//296
f 295//295 296//296 297//297
f 298//298 299//299 300//300
f 301//301 302//302 303//303
f 302//302 301//301 304//304
f 303//303 305//305 306//306
f 307//307 280//280 278//278
f 282//282 280//280 308//308
f 308//308 280//280 307//307
f 308//308 307//307 309//309
f 306//306 305//305 310//310
f 310//310 305//305 311//311
f 310//310 311//311 312//312
f 278//278 313//313 307//307
f 307//307 313//313 312//312
f 307//307 312//312 309//309
f 309//309 312//312 311//311
f 306//306 314//314 303//303
f 303//303 314//314 315//315
f 303//303 315//315 301//301
f 301//301 315//315 316//316
f 301//301 316//316 304//304
f 304//304 316//316 317//317
f 304//304 317//317 318//318
f 319//319 320//320 298//298
f 321//321 293//293 322//322
f 322//322 293//293 292//292
f 322//322 292//292 323//323
f 321//321 324//324 293//293
f 293//293 324//324 325//325
f 293//293 325//325 294//294
f 294//294 325//325 326//326
f 294//294 326//326 296//296
f 287//287 284//284 327//327
f 327//327 284//284 328//328
f 296//296 329//329 297//297
f 297//297 329//329 330//330
f 297//297 330//330 331//331
f 331//331 330//330 332//332
f 331//331 332//332 333//333
f 333//333 332//332 334//334
f 333//333 334//334 328//328
f 328//328 334//334 335//335
f 328//328 335//335 327//327
f 320//320 336//336 298//298
f 298//298 336//336 337//337
f 298//298 337//337 299//299
f 313//313 338//338 312//312
f 312//312 338//338 339//339
f 312//312 339//339 310//310
f 310//310 339//339 340//340
f 310//310 340//340 306//306
f 306//306 340//340 341//341
f 306//306 341//341 314//314
f 314//314 341//341 319//319
f 314//314 319//319 315//315
f 315//315 319//319 298//298
f 315//315 298//298 316//316
f 316//316 298//298 300//300
f 316//316 300//300 317//317
f 318//318 323//323 304//304
f 304//304 323//323 292//292
f 304//304 292//292 302//302
f 302//302 292//292 294//294
f 302//302 294//294 303//303
f 303//303 294//294 295//295
f 303//303 295//295 305//305
f 305//305 295//295 297//297
f 305//305 297//297 311//311
f 311//311 297//297 331//331
f 311//311 331//331 309//309
f 309//309 331//331 333//333
f 309//309 333//333 308//308
f 308//308 333//333 328//328
f 308//308 328//328 282//282
f 282//282 328//328 284//284
f 342//342 323//323 318//318
f 337//337 336//336 343//343
f 344//344 345//345 346//346
f 347//347 348//348 349//349
f 349//349 348//348 350//350
f 349//349 350//350 351//351
f 344//344 346//346 352//352
f 353//353 354//354 355//355
f 356//356 357//357 358//358
f 345//345 347//347 346//346
f 346//346 347//347 349//349
f 346//346 349//349 359//359
f 359//359 349//349 360//360
f 359//359 360//360 361//361
f 361//361 360//360 321//321
f 361//361 321//321 322//322
f 362//362 363//363 364//364
f 364//364 363//363 365//365
f 364//364 365//365 366//366
f 299//299 337//337 367//367
f 367//367 337//337 343//343
f 367//367 343//343 365//365
f 365//365 343//343 368//368
f 365//365 368//368 366//366
f 369//369 370//370 371//371
f 371//371 370//370 372//372
f 371//371 372//372 373//373
f 373//373 372//372 374//374
f 373//373 374//374 375//375
f 376//376 377//377 375//375
f 375//375 377//377 378//378
f 375//375 378//378 373//373
f 373//373 378//378 379//379
f 373//373 379//379 371//371
f 371//371 379//379 380//380
f 371//371 380//380 369//369
f 354//354 352//352 355//355
f 355//355 352//352 346//346
f 355//355 346//346 381//381
f 381//381 346//346 359//359
f 381//381 359//359 342//342
f 342//342 359//359 361//361
f 342//342 361//361 323//323
f 323//323 361//361 322//322
f 299//299 367//367 376//376
f 376//376 367//367 365//365
f 376//376 365//365 377//377
f 377//377 365//365 363//363
f 377//377 363//363 378//378
f 378//378 363//363 382//382
f 378//378 382//382 379//379
f 379//379 382//382 383//383
f 379//379 383//383 380//380
f 362//362 384//384 363//363
f 363//363 384//384 385//385
f 363//363 385//385 382//382
f 382//382 385//385 356//356
f 382//382 356//356 383//383
f 356//356 358//358 383//383
f 383//383 358//358 386//386
f 383//383 386//386 380//380
f 380//380 386//386 353//353
f 380//380 353//353 369//369
f 369//369 353//353 355//355
f 369//369 355//355 370//370
f 370//370 355//355 381//381
f 370//370 381//381 372//372
f 372//372 381//381 342//342
f 372//372 342//342 374//374
f 374//374 342//342 318//318
f 374//374 318//318 375//375
f 375//375 318//318 317//317
f 375//375 317//317 376//376
f 376//376 317//317 300//300
f 376//376 300//300 299//299
f 387//387 388//388 389//389
f 390//390 388//388 391//391
f 391//391 388//388 387//387
f 391//391 387//387 392//392
f 389//389 393//393 387//387
f 387//387 393//393 394//394
f 387//387 394//394 392//392
f 392//392 394//394 395//395
f 392//392 395//395 396//396
f 396//396 395//395 397//397
f 398//398 399//399 400//400
f 401//401 402//402 403//403
f 404//404 397//397 405//405
f 405//405 397//397 395//395
f 405//405 395//395 406//406
f 406//406 395//395 394//394
f 406//406 394//394 407//407
f 407//407 394//394 393//393
f 401//401 403//403 408//408
f 408//408 403//403 409//409
f 408//408 409//409 410//410
f 410//410 409//409 400//400
f 410//410 400//400 411//411
f 399//399 411//411 400//400
f 404//404 398//398 397//397
f 397//397 398//398 400//400
f 397//397 400//400 396//396
f 396//396 400//400 409//409
f 396//396 409//409 392//392
f 392//392 409//409 403//403
f 392//392 403//403 391//391
f 391//391 403//403 402//402
f 391//391 402//402 390//390
f 412//412 389//389 388//388
f 402//402 413//413 390//390
f 390//390 413//413 414//414
f 390//390 414//414 388//388
f 388//388 414//414 415//415
f 388//388 415//415 412//412
f 412//412 415//415 416//416
f 402//402 401//401 413//413
f 413//413 401//401 417//417
f 413//413 417//417 418//418
f 418//418 419//419 420//420
f 415//415 414//414 420//420
f 420//420 414//414 413//413
f 420//420 413//413 418//418
f 420//420 421//421 415//415
f 415//415 421//421 422//422
f 415//415 422//422 416//416
f 423//423 424//424 425//425
f 424//424 426//426 427//427
f 426//426 428//428 429//429
f 426//426 429//429 427//427
f 427//427 429//429 430//430
f 427//427 430//430 431//431
f 431//431 430//430 432//432
f 431//431 432//432 433//433
f 433//433 432//432 434//434
f 433//433 434//434 435//435
f 435//435 434//434 436//436
f 435//435 436//436 437//437
f 437//437 436//436 438//438
f 437//437 438//438 439//439
f 439//439 438//438 440//440
f 439//439 440//440 441//441
f 441//441 440//440 442//442
f 441//441 442//442 443//443
f 443//443 442//442 444//444
f 443//443 444//444 445//445
f 445//445 444//444 422//422
f 445//445 422//422 421//421
f 424//424 427//427 425//425
f 425//425 427//427 431//431
f 425//425 431//431 446//446
f 446//446 431//431 433//433
f 446//446 433//433 447//447
f 447//447 433//433 435//435
f 447//447 435//435 448//448
f 448//448 435//435 437//437
f 448//448 437//437 449//449
f 449//449 437//437 439//439
f 449//449 439//439 450//450
f 450//450 439//439 441//441
f 450//450 441//441 451//451
f 451//451 441//441 443//443
f 451//451 443//443 452//452
f 452//452 443//443 445//445
f 452//452 445//445 453//453
f 453//453 445//445 421//421
f 453//453 421//421 420//420
f 423//423 425//425 454//454
f 454//454 425//425 446//446
f 454//454 446//446 455//455
f 455//455 446//446 447//447
f 455//455 447//447 456//456
f 456//456 447//447 448//448
f 456//456 448//448 457//457
f 457//457 448//448 449//449
f 457//457 449//449 458//458
f 458//458 449//449 450//450
f 458//458 450//450 459//459
f 459//459 450//450 451//451
f 459//459 451//451 460//460
f 460//460 451//451 452//452
f 460//460 452//452 461//461
f 461//461 452//452 453//453
f 461//461 453//453 462//462
f 462//462 453//453 420//420
f 462//462 420//420 419//419
f 463//463 464//464 465//465
f 464//464 466//466 467//467
f 468//468 469//469 470//470
f 470//470 469//469 463//463
f 464//464 467//467 465//465
f 465//465 467//467 471//471
f 465//465 471//471 472//472
f 472//472 471//471 473//473
f 472//472 473//473 474//474
f 474//474 473//473 475//475
f 474//474 475//475 476//476
f 476//476 475//475 477//477
f 476//476 477//477 478//478
f 478//478 477//477 479//479
f 478//478 479//479 480//480
f 480//480 479//479 481//481
f 480//480 481//481 482//482
f 482//482 481//481 483//483
f 482//482 483//483 484//484
f 484//484 483//483 485//485
f 484//484 485//485 486//486
f 486//486 485//485 487//487
f 486//486 487//487 488//488
f 488//488 487//487 489//489
f 488//488 489//489 490//490
f 490//490 489//489 428//428
f 490//490 428//428 426//426
f 463//463 465//465 470//470
f 470//470 465//465 472//472
f 470//470 472//472 491//491
f 491//491 472//472 474//474
f 491//491 474//474 492//492
f 492//492 474//474 476//476
f 492//492 476//476 493//493
f 493//493 476//476 478//478
f 493//493 478//478 494//494
f 494//494 478//478 480//480
f 494//494 480//480 495//495
f 495//495 480//480 482//482
f 495//495 482//482 496//496
f 496//496 482//482 484//484
f 496//496 484//484 497//497
f 497//497 484//484 486//486
f 497//497 486//486 498//498
f 498//498 486//486 488//488
f 498//498 488//488 499//499
f 499//499 488//488 490//490
f 499//499 490//490 500//500
f 500//500 490//490 426//426
f 500//500 426//426 424//424
f 468//468 470//470 501//501
f 501//501 470//470 491//491
f 501//501 491//491 502//502
f 502//502 491//491 492//492
f 502//502 492//492 503//503
f 503//503 492//492 493//493
f 503//503 493//493 504//504
f 504//504 493//493 494//494
f 504//504 494//494 505//505
f 505//505 494//494 495//495
f 505//505 495//495 506//506
f 506//506 495//495 496//496
f 506//506 496//496 507//507
f 507//507 496//496 497//497
f 507//507 497//497 508//508
f 508//508 497//497 498//498
f 508//508 498//498 509//509
f 509//509 498//498 499//499
f 509//509 499//499 510//510
f 510//510 499//499 500//500
f 510//510 500//500 511//511
f 511//511 500//500 424//424
f 511//511 424//424 423//423
f 353//353 466//466 354//354
f 354//354 466//466 464//464
f 354//354 464//464 352//352
f 352//352 464//464 344//344
f 344//344 464//464 463//463
f 344//344 463//463 345//345
f 468//468 350//350 469//469
f 469//469 350//350 348//348
f 469//469 348//348 463//463
f 463//463 348//348 347//347
f 463//463 347//347 345//345
f 343//343 336//336 512//512
f 513//513 514//514 515//515
f 515//515 514//514 516//516
f 515//515 516//516 517//517
f 517//517 516//516 518//518
f 519//519 520//520 518//518
f 518//518 520//520 521//521
f 518//518 521//521 517//517
f 522//522 523//523 524//524
f 524//524 523//523 525//525
f 524//524 525//525 526//526
f 526//526 525//525 527//527
f 526//526 527//527 519//519
f 519//519 527//527 528//528
f 519//519 528//528 520//520
f 368//368 343//343 529//529
f 529//529 343//343 512//512
f 529//529 512//512 522//522
f 522//522 512//512 530//530
f 522//522 530//530 523//523
f 385//385 384//384 531//531
f 531//531 384//384 362//362
f 531//531 362//362 364//364
f 357//357 356//356 532//532
f 532//532 356//356 533//533
f 532//532 533//533 534//534
f 534//534 533//533 535//535
f 534//534 535//535 536//536
f 536//536 535//535 537//537
f 536//536 537//537 538//538
f 538//538 537//537 539//539
f 538//538 539//539 540//540
f 540//540 539//539 541//541
f 540//540 541//541 542//542
f 542//542 541//541 543//543
f 542//542 543//543 544//544
f 544//544 543//543 545//545
f 544//544 545//545 546//546
f 546//546 545//545 547//547
f 546//546 547//547 548//548
f 548//548 547//547 549//549
f 356//356 385//385 533//533
f 533//533 385//385 531//531
f 533//533 531//531 535//535
f 535//535 531//531 550//550
f 535//535 550//550 537//537
f 537//537 550//550 551//551
f 537//537 551//551 539//539
f 539//539 551//551 552//552
f 539//539 552//552 541//541
f 541//541 552//552 553//553
f 541//541 553//553 543//543
f 543//543 553//553 554//554
f 543//543 554//554 545//545
f 545//545 554//554 555//555
f 545//545 555//555 547//547
f 547//547 555//555 556//556
f 547//547 556//556 549//549
f 549//549 556//556 557//557
f 364//364 366//366 531//531
f 531//531 366//366 368//368
f 531//531 368//368 550//550
f 550//550 368//368 529//529
f 550//550 529//529 551//551
f 551//551 529//529 522//522
f 551//551 522//522 552//552
f 552//552 522//522 524//524
f 552//552 524//524 553//553
f 553//553 524//524 526//526
f 553//553 526//526 554//554
f 554//554 526//526 519//519
f 554//554 519//519 555//555
f 555//555 519//519 518//518
f 555//555 518//518 556//556
f 556//556 518//518 516//516
f 556//556 516//516 557//557
f 557//557 516//516 514//514
f 557//557 514//514 558//558
f 559//559 560//560 561//561
f 514//514 513//513 558//558
f 558//558 513//513 562//562
f 558//558 562//562 563//563
f 563//563 564//564 558//558
f 558//558 564//564 565//565
f 558//558 565//565 557//557
f 557//557 565//565 549//549
f 562//562 559//559 563//563
f 563//563 559//559 561//561
f 563//563 561//561 564//564
f 564//564 561//561 566//566
f 564//564 566//566 567//567
f 567//567 568//568 564//564
f 564//564 568//568 569//569
f 564//564 569//569 565//565
f 565//565 569//569 570//570
f 565//565 570//570 549//549
f 549//549 570//570 548//548
f 571//571 572//572 573//573
f 389//389 574//574 575//575
f 576//576 407//407 393//393
f 407//407 576//576 406//406
f 406//406 576//576 577//577
f 406//406 577//577 405//405
f 405//405 577//577 404//404
f 404//404 577//577 578//578
f 404//404 578//578 398//398
f 398//398 578//578 399//399
f 399//399 578//578 579//579
f 399//399 579//579 411//411
f 393//393 389//389 576//576
f 576//576 389//389 575//575
f 576//576 575//575 577//577
f 577//577 575//575 580//580
f 577//577 580//580 578//578
f 578//578 580//580 581//581
f 578//578 581//581 579//579
f 582//582 583//583 581//581
f 581//581 583//583 584//584
f 581//581 584//584 579//579
f 585//585 586//586 587//587
f 587//587 586//586 588//588
f 587//587 588//588 573//573
f 573//573 588//588 589//589
f 573//573 589//589 571//571
f 572//572 590//590 573//573
f 573//573 590//590 591//591
f 573//573 591//591 587//587
f 587//587 591//591 592//592
f 587//587 592//592 585//585
f 585//585 592//592 593//593
f 561//561 593//593 566//566
f 566//566 593//593 592//592
f 566//566 592//592 567//567
f 567//567 592//592 591//591
f 567//567 591//591 568//568
f 568//568 591//591 590//590
f 574//574 571//571 575//575
f 575//575 571//571 589//589
f 575//575 589//589 580//580
f 580//580 589//589 588//588
f 580//580 588//588 581//581
f 581//581 588//588 586//586
f 581//581 586//586 582//582
f 582//582 586//586 585//585
f 582//582 585//585 594//594
f 594//594 585//585 593//593
f 594//594 593//593 595//595
f 595//595 593//593 561//561
f 595//595 561//561 560//560
f 411//411 117//117 410//410
f 410//410 117//117 112//112
f 410//410 112//112 408//408
f 408//408 112//112 111//111
f 408//408 111//111 401//401
f 401//401 111//111 97//97
f 401//401 97//97 417//417
f 417//417 97//97 96//96
f 417//417 96//96 418//418
f 14//14 129//129 165//165
f 14//14 165//165 15//15
f 15//15 165//165 173//173
f 15//15 173//173 13//13
f 173//173 172//172 13//13
f 13//13 172//172 135//135
f 13//13 135//135 10//10
f 10//10 135//135 134//134
f 10//10 134//134 11//11
f 11//11 134//134 152//152
f 11//11 152//152 12//12
f 12//12 152//152 166//166
f 12//12 166//166 1//1
f 22//22 596//596 28//28
f 28//28 596//596 597//597
f 28//28 597//597 7//7
f 7//7 597//597 598//598
f 3//3 5//5 599//599
f 599//599 5//5 7//7
f 599//599 7//7 600//600
f 600//600 7//7 598//598
f 601//601 602//602 603//603
f 22//22 21//21 604//604
f 605//605 597//597 604//604
f 604//604 597//597 596//596
f 604//604 596//596 22//22
f 606//606 599//599 607//607
f 607//607 599//599 600//600
f 607//607 600//600 605//605
f 605//605 600//600 598//598
f 605//605 598//598 597//597
f 601//601 603//603 608//608
f 609//609 606//606 610//610
f 610//610 606//606 607//607
f 610//610 607//607 611//611
f 611//611 607//607 605//605
f 611//611 605//605 603//603
f 603//603 605//605 604//604
f 603//603 604//604 608//608
f 608//608 604//604 21//21
f 608//608 21//21 20//20
f 612//612 609//609 610//610
f 612//612 610//610 613//613
f 613//613 610//610 611//611
f 613//613 611//611 614//614
f 603//603 602//602 615//615
f 615//615 616//616 603//603
f 603//603 616//616 617//617
f 603//603 617//617 611//611
f 611//611 617//617 618//618
f 611//611 618//618 614//614
f 619//619 620//620 621//621
f 622//622 623//623 624//624
f 624//624 623//623 625//625
f 619//619 621//621 626//626
f 626//626 621//621 627//627
f 626//626 627//627 628//628
f 628//628 627//627 629//629
f 628//628 629//629 630//630
f 630//630 629//629 631//631
f 630//630 631//631 622//622
f 622//622 631//631 632//632
f 622//622 632//632 623//623
f 623//623 632//632 633//633
f 623//623 633//633 634//634
f 82//82 635//635 636//636
f 82//82 636//636 84//84
f 84//84 636//636 637//637
f 84//84 637//637 86//86
f 638//638 639//639 640//640
f 635//635 638//638 636//636
f 636//636 638//638 640//640
f 636//636 640//640 637//637
f 637//637 640//640 641//641
f 642//642 643//643 644//644
f 642//642 644//644 645//645
f 645//645 644//644 646//646
f 645//645 646//646 647//647
f 639//639 646//646 640//640
f 640//640 646//646 644//644
f 640//640 644//644 641//641
f 641//641 644//644 643//643
f 648//648 649//649 650//650
f 648//648 650//650 651//651
f 650//650 652//652 651//651
f 651//651 652//652 645//645
f 651//651 645//645 647//647
f 653//653 654//654 655//655
f 655//655 654//654 656//656
f 655//655 656//656 657//657
f 657//657 656//656 658//658
f 657//657 658//658 659//659
f 642//642 645//645 660//660
f 660//660 645//645 652//652
f 660//660 652//652 659//659
f 659//659 652//652 650//650
f 659//659 650//650 657//657
f 657//657 650//650 649//649
f 654//654 653//653 88//88
f 86//86 637//637 91//91
f 91//91 637//637 641//641
f 91//91 641//641 643//643
f 643//643 642//642 91//91
f 91//91 642//642 660//660
f 91//91 660//660 88//88
f 656//656 654//654 658//658
f 658//658 654//654 88//88
f 658//658 88//88 659//659
f 659//659 88//88 660//660
f 661//661 662//662 663//663
f 663//663 662//662 664//664
f 663//663 664//664 665//665
f 666//666 667//667 665//665
f 665//665 667//667 668//668
f 665//665 668//668 663//663
f 666//666 665//665 669//669
f 669//669 665//665 670//670
f 669//669 670//670 671//671
f 625//625 623//623 672//672
f 672//672 623//623 634//634
f 672//672 634//634 673//673
f 673//673 634//634 674//674
f 675//675 676//676 677//677
f 678//678 679//679 680//680
f 677//677 676//676 681//681
f 681//681 676//676 682//682
f 681//681 682//682 683//683
f 684//684 672//672 673//673
f 678//678 680//680 661//661
f 661//661 680//680 685//685
f 661//661 685//685 662//662
f 673//673 686//686 684//684
f 684//684 686//686 683//683
f 684//684 683//683 679//679
f 679//679 683//683 682//682
f 679//679 682//682 680//680
f 677//677 687//687 675//675
f 675//675 687//687 688//688
f 675//675 688//688 689//689
f 689//689 688//688 690//690
f 689//689 690//690 691//691
f 691//691 690//690 692//692
f 691//691 692//692 693//693
f 693//693 692//692 694//694
f 693//693 694//694 695//695
f 695//695 694//694 696//696
f 695//695 696//696 697//697
f 697//697 696//696 698//698
f 697//697 698//698 699//699
f 699//699 698//698 662//662
f 699//699 662//662 700//700
f 700//700 662//662 685//685
f 458//458 459//459 694//694
f 694//694 459//459 460//460
f 694//694 460//460 696//696
f 696//696 460//460 461//461
f 696//696 461//461 698//698
f 698//698 461//461 462//462
f 698//698 462//462 419//419
f 458//458 694//694 457//457
f 457//457 694//694 692//692
f 457//457 692//692 456//456
f 456//456 692//692 690//690
f 456//456 690//690 455//455
f 688//688 423//423 690//690
f 690//690 423//423 454//454
f 690//690 454//454 455//455
f 701//701 702//702 703//703
f 487//487 485//485 704//704
f 353//353 386//386 466//466
f 466//466 386//386 358//358
f 466//466 358//358 357//357
f 704//704 485//485 703//703
f 703//703 485//485 483//483
f 703//703 483//483 481//481
f 705//705 466//466 706//706
f 706//706 466//466 357//357
f 706//706 357//357 707//707
f 487//487 704//704 489//489
f 489//489 704//704 708//708
f 489//489 708//708 428//428
f 428//428 708//708 709//709
f 428//428 709//709 429//429
f 438//438 436//436 710//710
f 710//710 436//436 711//711
f 436//436 434//434 711//711
f 711//711 434//434 432//432
f 711//711 432//432 709//709
f 709//709 432//432 430//430
f 709//709 430//430 429//429
f 712//712 416//416 713//713
f 713//713 416//416 422//422
f 713//713 422//422 714//714
f 422//422 444//444 714//714
f 714//714 444//444 442//442
f 714//714 442//442 710//710
f 710//710 442//442 440//440
f 710//710 440//440 438//438
f 548//548 570//570 715//715
f 574//574 389//389 412//412
f 572//572 712//712 590//590
f 590//590 712//712 716//716
f 590//590 716//716 568//568
f 568//568 716//716 715//715
f 568//568 715//715 569//569
f 569//569 715//715 570//570
f 572//572 571//571 712//712
f 712//712 571//571 574//574
f 712//712 574//574 416//416
f 416//416 574//574 412//412
f 481//481 479//479 703//703
f 703//703 479//479 477//477
f 703//703 477//477 701//701
f 701//701 477//477 475//475
f 701//701 475//475 717//717
f 717//717 475//475 473//473
f 717//717 473//473 718//718
f 718//718 473//473 471//471
f 718//718 471//471 705//705
f 705//705 471//471 467//467
f 705//705 467//467 466//466
f 542//542 544//544 715//715
f 715//715 544//544 546//546
f 715//715 546//546 548//548
f 701//701 719//719 702//702
f 702//702 719//719 720//720
f 702//702 720//720 715//715
f 715//715 720//720 721//721
f 532//532 722//722 357//357
f 357//357 722//722 723//723
f 357//357 723//723 707//707
f 721//721 724//724 715//715
f 715//715 724//724 725//725
f 715//715 725//725 542//542
f 532//532 534//534 722//722
f 722//722 534//534 536//536
f 722//722 536//536 538//538
f 725//725 726//726 542//542
f 542//542 726//726 722//722
f 542//542 722//722 540//540
f 540//540 722//722 538//538
f 727//727 728//728 468//468
f 468//468 728//728 729//729
f 729//729 730//730 468//468
f 468//468 730//730 351//351
f 468//468 351//351 350//350
f 246//246 560//560 260//260
f 260//260 560//560 559//559
f 260//260 559//559 256//256
f 256//256 559//559 562//562
f 256//256 562//562 257//257
f 257//257 562//562 513//513
f 257//257 513//513 259//259
f 259//259 513//513 274//274
f 274//274 513//513 515//515
f 274//274 515//515 275//275
f 515//515 517//517 275//275
f 275//275 517//517 521//521
f 275//275 521//521 277//277
f 521//521 520//520 277//277
f 277//277 520//520 528//528
f 277//277 528//528 278//278
f 278//278 528//528 527//527
f 278//278 527//527 313//313
f 336//336 320//320 512//512
f 512//512 320//320 319//319
f 512//512 319//319 530//530
f 530//530 319//319 341//341
f 530//530 341//341 523//523
f 523//523 341//341 340//340
f 523//523 340//340 525//525
f 525//525 340//340 339//339
f 525//525 339//339 527//527
f 527//527 339//339 338//338
f 527//527 338//338 313//313
f 731//731 732//732 733//733
f 733//733 732//732 734//734
f 733//733 734//734 735//735
f 736//736 735//735 734//734
f 734//734 737//737 738//738
f 738//738 737//737 739//739
f 738//738 739//739 740//740
f 736//736 734//734 741//741
f 741//741 734//734 738//738
f 741//741 738//738 742//742
f 743//743 744//744 745//745
f 745//745 744//744 746//746
f 745//745 746//746 747//747
f 747//747 746//746 748//748
f 749//749 750//750 747//747
f 747//747 748//748 751//751
f 752//752 749//749 753//753
f 753//753 749//749 747//747
f 753//753 747//747 754//754
f 754//754 747//747 751//751
f 755//755 756//756 757//757
f 758//758 759//759 756//756
f 756//756 759//759 760//760
f 756//756 760//760 757//757
f 757//757 761//761 755//755
f 755//755 761//761 762//762
f 755//755 762//762 763//763
f 762//762 764//764 763//763
f 763//763 764//764 765//765
f 763//763 765//765 766//766
f 767//767 744//744 743//743
f 765//765 768//768 766//766
f 766//766 768//768 767//767
f 766//766 767//767 769//769
f 769//769 767//767 743//743
f 737//737 734//734 78//78
f 77//77 740//740 78//78
f 78//78 740//740 739//739
f 78//78 739//739 737//737
f 54//54 755//755 763//763
f 766//766 73//73 763//763
f 763//763 73//73 75//75
f 763//763 75//75 54//54
f 743//743 69//69 769//769
f 769//769 69//69 70//70
f 769//769 70//70 766//766
f 766//766 70//70 71//71
f 766//766 71//71 73//73
f 56//56 758//758 54//54
f 54//54 758//758 756//756
f 54//54 756//756 755//755
f 58//58 770//770 56//56
f 56//56 770//770 771//771
f 56//56 771//771 758//758
f 58//58 60//60 770//770
f 770//770 60//60 62//62
f 770//770 62//62 772//772
f 49//49 174//174 50//50
f 50//50 174//174 772//772
f 50//50 772//772 64//64
f 64//64 772//772 62//62
f 750//750 773//773 747//747
f 747//747 773//773 69//69
f 747//747 69//69 745//745
f 745//745 69//69 743//743
f 760//760 774//774 757//757
f 757//757 774//774 761//761
f 760//760 759//759 774//774
f 774//774 759//759 758//758
f 774//774 758//758 775//775
f 776//776 774//774 777//777
f 777//777 774//774 775//775
f 777//777 775//775 778//778
f 778//778 775//775 779//779
f 778//778 779//779 780//780
f 780//780 779//779 781//781
f 781//781 779//779 782//782
f 781//781 782//782 783//783
f 783//783 782//782 187//187
f 783//783 187//187 188//188
f 758//758 771//771 775//775
f 775//775 771//771 770//770
f 775//775 770//770 779//779
f 779//779 770//770 772//772
f 779//779 772//772 782//782
f 782//782 772//772 174//174
f 782//782 174//174 187//187
f 184//184 46//46 141//141
f 141//141 46//46 45//45
f 141//141 45//45 35//35
f 184//184 141//141 185//185
f 185//185 141//141 140//140
f 185//185 140//140 190//190
f 190//190 140//140 137//137
f 190//190 137//137 213//213
f 213//213 137//137 136//136
f 213//213 136//136 212//212
f 212//212 136//136 211//211
f 211//211 136//136 139//139
f 211//211 139//139 210//210
f 210//210 139//139 209//209
f 209//209 139//139 130//130
f 209//209 130//130 214//214
f 214//214 130//130 120//120
f 214//214 120//120 215//215
f 784//784 785//785 786//786
f 786//786 748//748 746//746
f 786//786 746//746 784//784
f 784//784 746//746 744//744
f 784//784 744//744 767//767
f 767//767 787//787 784//784
f 784//784 787//787 788//788
f 784//784 788//788 789//789
f 790//790 791//791 792//792
f 790//790 792//792 787//787
f 787//787 792//792 793//793
f 787//787 793//793 788//788
f 774//774 776//776 791//791
f 791//791 790//790 774//774
f 774//774 790//790 762//762
f 774//774 762//762 761//761
f 767//767 768//768 787//787
f 787//787 768//768 765//765
f 787//787 765//765 790//790
f 790//790 765//765 764//764
f 790//790 764//764 762//762
f 794//794 795//795 796//796
f 796//796 795//795 797//797
f 796//796 797//797 798//798
f 799//799 201//201 800//800
f 800//800 201//201 193//193
f 800//800 193//193 801//801
f 801//801 193//193 802//802
f 801//801 802//802 803//803
f 199//199 203//203 799//799
f 799//799 203//203 202//202
f 799//799 202//202 201//201
f 804//804 783//783 188//188
f 799//799 805//805 199//199
f 199//199 805//805 804//804
f 199//199 804//804 200//200
f 200//200 804//804 188//188
f 803//803 806//806 801//801
f 801//801 806//806 807//807
f 801//801 807//807 800//800
f 800//800 807//807 808//808
f 800//800 808//808 799//799
f 799//799 808//808 809//809
f 799//799 809//809 805//805
f 805//805 809//809 810//810
f 805//805 810//810 804//804
f 811//811 812//812 813//813
f 813//813 812//812 814//814
f 798//798 815//815 796//796
f 796//796 815//815 816//816
f 796//796 816//816 814//814
f 814//814 816//816 817//817
f 814//814 817//817 813//813
f 780//780 781//781 818//818
f 818//818 781//781 819//819
f 820//820 821//821 822//822
f 822//822 821//821 823//823
f 822//822 823//823 819//819
f 819//819 823//823 824//824
f 819//819 824//824 818//818
f 811//811 825//825 812//812
f 812//812 825//825 826//826
f 812//812 826//826 820//820
f 820//820 826//826 827//827
f 820//820 827//827 821//821
f 781//781 783//783 819//819
f 819//819 783//783 804//804
f 819//819 804//804 822//822
f 822//822 804//804 810//810
f 822//822 810//810 820//820
f 820//820 810//810 809//809
f 820//820 809//809 812//812
f 812//812 809//809 808//808
f 812//812 808//808 814//814
f 814//814 808//808 807//807
f 814//814 807//807 796//796
f 796//796 807//807 806//806
f 796//796 806//806 794//794
f 794//794 806//806 803//803
f 794//794 803//803 828//828
f 828//828 803//803 802//802
f 828//828 802//802 829//829
f 830//830 831//831 832//832
f 833//833 778//778 780//780
f 834//834 835//835 836//836
f 836//836 835//835 837//837
f 836//836 837//837 838//838
f 838//838 837//837 839//839
f 838//838 839//839 840//840
f 840//840 839//839 841//841
f 840//840 841//841 842//842
f 842//842 841//841 843//843
f 842//842 843//843 777//777
f 777//777 843//843 776//776
f 844//844 845//845 834//834
f 834//834 845//845 846//846
f 834//834 846//846 835//835
f 831//831 847//847 832//832
f 832//832 847//847 848//848
f 832//832 848//848 844//844
f 844//844 848//848 849//849
f 844//844 849//849 845//845
f 850//850 851//851 852//852
f 852//852 851//851 853//853
f 852//852 853//853 854//854
f 854//854 853//853 855//855
f 854//854 855//855 856//856
f 856//856 855//855 857//857
f 856//856 857//857 858//858
f 813//813 854//854 811//811
f 811//811 854//854 856//856
f 811//811 856//856 825//825
f 825//825 856//856 826//826
f 813//813 817//817 854//854
f 854//854 817//817 816//816
f 854//854 816//816 852//852
f 852//852 816//816 815//815
f 852//852 815//815 850//850
f 850//850 815//815 798//798
f 780//780 818//818 833//833
f 833//833 818//818 824//824
f 833//833 824//824 859//859
f 859//859 824//824 823//823
f 859//859 823//823 858//858
f 858//858 823//823 821//821
f 858//858 821//821 856//856
f 856//856 821//821 827//827
f 856//856 827//827 826//826
f 860//860 861//861 832//832
f 832//832 861//861 862//862
f 832//832 862//862 830//830
f 798//798 863//863 850//850
f 850//850 863//863 860//860
f 850//850 860//860 851//851
f 851//851 860//860 832//832
f 851//851 832//832 853//853
f 853//853 832//832 844//844
f 853//853 844//844 855//855
f 855//855 844//844 834//834
f 855//855 834//834 857//857
f 857//857 834//834 836//836
f 857//857 836//836 858//858
f 858//858 836//836 838//838
f 858//858 838//838 859//859
f 859//859 838//838 840//840
f 859//859 840//840 833//833
f 833//833 840//840 842//842
f 833//833 842//842 778//778
f 778//778 842//842 777//777
f 864//864 829//829 802//802
f 193//193 220//220 802//802
f 802//802 220//220 219//219
f 802//802 219//219 864//864
f 864//864 219//219 221//221
f 864//864 221//221 222//222
f 847//847 865//865 848//848
f 848//848 865//865 866//866
f 848//848 866//866 849//849
f 849//849 866//866 867//867
f 849//849 867//867 845//845
f 845//845 867//867 868//868
f 845//845 868//868 846//846
f 846//846 868//868 869//869
f 846//846 869//869 835//835
f 835//835 869//869 870//870
f 835//835 870//870 837//837
f 837//837 870//870 871//871
f 837//837 871//871 839//839
f 872//872 792//792 791//791
f 839//839 871//871 841//841
f 841//841 871//871 872//872
f 841//841 872//872 843//843
f 843//843 872//872 791//791
f 843//843 791//791 776//776
f 873//873 789//789 788//788
f 874//874 875//875 876//876
f 876//876 875//875 877//877
f 876//876 877//877 878//878
f 878//878 877//877 879//879
f 878//878 879//879 880//880
f 880//880 879//879 873//873
f 880//880 873//873 881//881
f 881//881 873//873 788//788
f 881//881 788//788 793//793
f 866//866 882//882 867//867
f 867//867 882//882 883//883
f 867//867 883//883 868//868
f 868//868 883//883 874//874
f 868//868 874//874 869//869
f 869//869 874//874 876//876
f 869//869 876//876 870//870
f 870//870 876//876 878//878
f 870//870 878//878 871//871
f 871//871 878//878 880//880
f 871//871 880//880 872//872
f 872//872 880//880 881//881
f 872//872 881//881 792//792
f 792//792 881//881 793//793
f 884//884 885//885 886//886
f 785//785 887//887 888//888
f 785//785 888//888 786//786
f 889//889 890//890 786//786
f 890//890 752//752 753//753
f 890//890 753//753 786//786
f 786//786 753//753 754//754
f 786//786 754//754 751//751
f 751//751 748//748 786//786
f 786//786 888//888 889//889
f 889//889 888//888 891//891
f 889//889 891//891 892//892
f 885//885 893//893 894//894
f 894//894 895//895 885//885
f 885//885 895//895 896//896
f 885//885 896//896 886//886
f 886//886 896//896 897//897
f 886//886 897//897 891//891
f 891//891 897//897 898//898
f 891//891 898//898 892//892
f 884//884 886//886 899//899
f 899//899 886//886 891//891
f 899//899 891//891 900//900
f 900//900 891//891 888//888
f 900//900 888//888 901//901
f 901//901 888//888 887//887
f 901//901 887//887 902//902
f 798//798 903//903 904//904
f 798//798 904//904 863//863
f 863//863 904//904 905//905
f 863//863 905//905 860//860
f 860//860 905//905 906//906
f 860//860 906//906 861//861
f 907//907 830//830 862//862
f 861//861 906//906 862//862
f 862//862 906//906 908//908
f 862//862 908//908 907//907
f 909//909 910//910 905//905
f 905//905 910//910 911//911
f 905//905 911//911 906//906
f 906//906 911//911 912//912
f 906//906 912//912 908//908
f 903//903 913//913 904//904
f 904//904 913//913 914//914
f 904//904 914//914 905//905
f 905//905 914//914 915//915
f 905//905 915//915 909//909
f 741//741 742//742 916//916
f 916//916 917//917 918//918
f 918//918 917//917 919//919
f 918//918 919//919 920//920
f 731//731 733//733 918//918
f 918//918 733//733 735//735
f 918//918 735//735 916//916
f 916//916 735//735 736//736
f 916//916 736//736 741//741
f 215//215 120//120 119//119
f 119//119 117//117 411//411
f 119//119 411//411 215//215
f 215//215 411//411 579//579
f 215//215 579//579 228//228
f 228//228 579//579 584//584
f 228//228 584//584 243//243
f 584//584 583//583 243//243
f 243//243 583//583 582//582
f 243//243 582//582 250//250
f 252//252 251//251 595//595
f 595//595 251//251 250//250
f 595//595 250//250 594//594
f 594//594 250//250 582//582
f 252//252 595//595 248//248
f 248//248 595//595 560//560
f 248//248 560//560 246//246
f 913//913 903//903 921//921
f 922//922 923//923 924//924
f 925//925 914//914 913//913
f 829//829 926//926 927//927
f 829//829 927//927 828//828
f 828//828 927//927 928//928
f 828//828 928//928 794//794
f 794//794 928//928 795//795
f 795//795 928//928 921//921
f 795//795 921//921 797//797
f 797//797 921//921 903//903
f 797//797 903//903 798//798
f 929//929 930//930 931//931
f 931//931 930//930 932//932
f 931//931 932//932 933//933
f 933//933 932//932 934//934
f 924//924 923//923 935//935
f 923//923 936//936 935//935
f 935//935 936//936 937//937
f 935//935 937//937 931//931
f 931//931 937//937 938//938
f 931//931 938//938 929//929
f 939//939 940//940 924//924
f 924//924 940//940 941//941
f 924//924 941//941 922//922
f 924//924 285//285 286//286
f 939//939 924//924 942//942
f 942//942 924//924 286//286
f 942//942 286//286 287//287
f 285//285 924//924 291//291
f 291//291 924//924 935//935
f 291//291 935//935 261//261
f 943//943 944//944 935//935
f 935//935 944//944 945//945
f 935//935 945//945 261//261
f 926//926 943//943 927//927
f 927//927 943//943 935//935
f 927//927 935//935 928//928
f 928//928 935//935 931//931
f 928//928 931//931 921//921
f 921//921 931//931 933//933
f 921//921 933//933 913//913
f 913//913 933//933 934//934
f 913//913 934//934 925//925
f 262//262 261//261 945//945
f 829//829 864//864 926//926
f 926//926 864//864 943//943
f 864//864 222//222 943//943
f 943//943 222//222 235//235
f 943//943 235//235 236//236
f 236//236 253//253 943//943
f 943//943 253//253 231//231
f 943//943 231//231 944//944
f 944//944 231//231 230//230
f 944//944 230//230 945//945
f 945//945 230//230 254//254
f 945//945 254//254 262//262
f 946//946 939//939 942//942
f 287//287 327//327 942//942
f 942//942 327//327 335//335
f 942//942 335//335 946//946
f 946//946 335//335 334//334
f 946//946 334//334 947//947
f 947//947 334//334 332//332
f 947//947 332//332 948//948
f 948//948 332//332 330//330
f 948//948 330//330 329//329
f 949//949 950//950 948//948
f 948//948 950//950 951//951
f 948//948 951//951 947//947
f 952//952 325//325 953//953
f 953//953 325//325 324//324
f 953//953 324//324 954//954
f 954//954 324//324 321//321
f 321//321 360//360 954//954
f 954//954 360//360 349//349
f 954//954 349//349 351//351
f 729//729 920//920 919//919
f 351//351 730//730 954//954
f 954//954 730//730 729//729
f 954//954 729//729 955//955
f 955//955 729//729 919//919
f 955//955 919//919 917//917
f 956//956 957//957 326//326
f 326//326 957//957 296//296
f 329//329 296//296 948//948
f 948//948 296//296 957//957
f 948//948 957//957 949//949
f 949//949 957//957 956//956
f 949//949 956//956 952//952
f 952//952 956//956 326//326
f 952//952 326//326 325//325
f 958//958 657//657 649//649
f 958//958 649//649 727//727
f 647//647 959//959 651//651
f 651//651 959//959 920//920
f 651//651 920//920 648//648
f 648//648 920//920 729//729
f 648//648 729//729 649//649
f 649//649 729//729 728//728
f 649//649 728//728 727//727
f 959//959 647//647 646//646
f 960//960 731//731 918//918
f 646//646 639//639 960//960
f 960//960 918//918 646//646
f 646//646 918//918 920//920
f 646//646 920//920 959//959
f 961//961 732//732 731//731
f 960//960 639//639 638//638
f 960//960 638//638 731//731
f 731//731 638//638 635//635
f 731//731 635//635 961//961
f 961//961 635//635 82//82
f 961//961 82//82 732//732
f 732//732 82//82 78//78
f 732//732 78//78 734//734
f 674//674 634//634 962//962
f 962//962 634//634 633//633
f 663//663 668//668 963//963
f 963//963 668//668 964//964
f 606//606 609//609 599//599
f 599//599 609//609 101//101
f 599//599 101//101 3//3
f 3//3 101//101 103//103
f 3//3 103//103 118//118
f 964//964 668//668 965//965
f 965//965 668//668 100//100
f 965//965 100//100 101//101
f 129//129 14//14 125//125
f 125//125 14//14 3//3
f 125//125 3//3 124//124
f 124//124 3//3 118//118
f 612//612 966//966 609//609
f 609//609 966//966 967//967
f 609//609 967//967 101//101
f 101//101 967//967 968//968
f 101//101 968//968 965//965
f 698//698 419//419 662//662
f 662//662 419//419 418//418
f 662//662 418//418 664//664
f 664//664 418//418 96//96
f 958//958 727//727 468//468
f 653//653 629//629 627//627
f 94//94 88//88 620//620
f 620//620 88//88 653//653
f 620//620 653//653 621//621
f 621//621 653//653 627//627
f 501//501 653//653 655//655
f 501//501 655//655 468//468
f 468//468 655//655 657//657
f 468//468 657//657 958//958
f 686//686 673//673 502//502
f 962//962 633//633 501//501
f 501//501 633//633 632//632
f 501//501 632//632 653//653
f 653//653 632//632 631//631
f 653//653 631//631 629//629
f 502//502 673//673 501//501
f 501//501 673//673 674//674
f 501//501 674//674 962//962
f 502//502 503//503 686//686
f 686//686 503//503 504//504
f 686//686 504//504 683//683
f 683//683 504//504 505//505
f 683//683 505//505 681//681
f 505//505 506//506 681//681
f 681//681 506//506 507//507
f 681//681 507//507 677//677
f 507//507 508//508 677//677
f 677//677 508//508 509//509
f 677//677 509//509 687//687
f 687//687 509//509 510//510
f 510//510 511//511 687//687
f 687//687 511//511 423//423
f 687//687 423//423 688//688
f 969//969 970//970 971//971
f 970//970 972//972 971//971
f 971//971 972//972 973//973
f 971//971 973//973 974//974
f 974//974 973//973 975//975
f 974//974 976//976 971//971
f 971//971 976//976 977//977
f 971//971 977//977 969//969
f 969//969 977//977 978//978
f 979//979 980//980 972//972
f 972//972 980//980 981//981
f 972//972 981//981 973//973
f 982//982 983//983 984//984
f 984//984 983//983 985//985
f 984//984 985//985 986//986
f 986//986 985//985 987//987
f 986//986 987//987 988//988
f 988//988 987//987 989//989
f 988//988 989//989 990//990
f 990//990 989//989 991//991
f 978//978 982//982 969//969
f 969//969 982//982 984//984
f 969//969 984//984 970//970
f 970//970 984//984 986//986
f 970//970 986//986 972//972
f 972//972 986//986 988//988
f 972//972 988//988 979//979
f 979//979 988//988 990//990
f 992//992 983//983 982//982
f 993//993 994//994 995//995
f 976//976 993//993 977//977
f 977//977 993//993 995//995
f 977//977 995//995 978//978
f 978//978 995//995 996//996
f 978//978 996//996 982//982
f 982//982 996//996 997//997
f 982//982 997//997 992//992
f 992//992 997//997 998//998
f 999//999 1000//1000 1001//1001
f 1002//1002 998//998 1003//1003
f 1003//1003 998//998 997//997
f 1003//1003 997//997 1004//1004
f 1004//1004 997//997 996//996
f 1004//1004 996//996 1001//1001
f 1001//1001 996//996 995//995
f 1001//1001 995//995 999//999
f 999//999 995//995 994//994
f 1005//1005 1006//1006 1007//1007
f 1007//1007 1006//1006 1008//1008
f 1009//1009 1010//1010 1011//1011
f 1012//1012 1013//1013 1014//1014
f 1014//1014 1013//1013 1015//1015
f 1014//1014 1015//1015 1016//1016
f 1016//1016 1015//1015 1017//1017
f 1016//1016 1017//1017 1018//1018
f 1019//1019 1020//1020 1021//1021
f 1021//1021 1020//1020 1022//1022
f 1021//1021 1022//1022 1023//1023
f 1023//1023 1022//1022 1024//1024
f 1023//1023 1024//1024 1025//1025
f 1025//1025 1024//1024 1026//1026
f 1025//1025 1026//1026 1027//1027
f 1000//1000 1028//1028 1029//1029
f 1029//1029 1028//1028 1030//1030
f 1031//1031 1011//1011 1032//1032
f 1032//1032 1011//1011 1010//1010
f 1032//1032 1010//1010 1033//1033
f 1034//1034 1035//1035 1036//1036
f 1036//1036 1035//1035 1037//1037
f 1036//1036 1037//1037 1038//1038
f 1031//1031 1038//1038 1011//1011
f 1011//1011 1038//1038 1037//1037
f 1011//1011 1037//1037 1009//1009
f 1009//1009 1037//1037 1035//1035
f 1009//1009 1035//1035 1039//1039
f 1040//1040 1041//1041 1042//1042
f 1043//1043 1044//1044 1013//1013
f 1013//1013 1044//1044 1042//1042
f 1013//1013 1042//1042 1015//1015
f 1015//1015 1042//1042 1041//1041
f 1015//1015 1041//1041 1017//1017
f 1000//1000 1029//1029 1001//1001
f 1001//1001 1029//1029 1043//1043
f 1001//1001 1043//1043 1004//1004
f 1004//1004 1043//1043 1013//1013
f 1004//1004 1013//1013 1003//1003
f 1003//1003 1013//1013 1012//1012
f 1003//1003 1012//1012 1002//1002
f 1031//1031 1007//1007 1038//1038
f 1038//1038 1007//1007 1008//1008
f 1038//1038 1008//1008 1036//1036
f 1036//1036 1008//1008 1045//1045
f 1036//1036 1045//1045 1034//1034
f 1034//1034 1045//1045 1046//1046
f 1027//1027 1005//1005 1025//1025
f 1025//1025 1005//1005 1007//1007
f 1025//1025 1007//1007 1023//1023
f 1023//1023 1007//1007 1031//1031
f 1023//1023 1031//1031 1021//1021
f 1021//1021 1031//1031 1032//1032
f 1021//1021 1032//1032 1019//1019
f 1019//1019 1032//1032 1033//1033
f 1040//1040 1047//1047 1041//1041
f 1041//1041 1047//1047 1048//1048
f 1041//1041 1048//1048 1017//1017
f 1017//1017 1048//1048 1049//1049
f 1017//1017 1049//1049 1018//1018
f 1018//1018 1049//1049 1050//1050
f 1009//1009 1039//1039 1047//1047
f 1009//1009 1047//1047 1010//1010
f 1010//1010 1047//1047 1040//1040
f 1010//1010 1040//1040 1033//1033
f 1033//1033 1040//1040 1042//1042
f 1033//1033 1042//1042 1019//1019
f 1019//1019 1042//1042 1044//1044
f 1019//1019 1044//1044 1020//1020
f 1020//1020 1044//1044 1043//1043
f 1020//1020 1043//1043 1022//1022
f 1022//1022 1043//1043 1029//1029
f 1022//1022 1029//1029 1024//1024
f 1024//1024 1029//1029 1030//1030
f 1024//1024 1030//1030 1026//1026
f 1046//1046 36//36 1034//1034
f 1034//1034 36//36 41//41
f 1034//1034 41//41 1035//1035
f 1035//1035 41//41 38//38
f 1035//1035 38//38 1039//1039
f 1039//1039 38//38 37//37
f 33//33 1050//1050 34//34
f 34//34 1050//1050 1049//1049
f 34//34 1049//1049 42//42
f 42//42 1049//1049 1048//1048
f 42//42 1048//1048 37//37
f 37//37 1048//1048 1047//1047
f 37//37 1047//1047 1039//1039
f 1051//1051 47//47 1052//1052
f 1053//1053 1054//1054 1055//1055
f 1051//1051 1052//1052 1056//1056
f 1056//1056 1052//1052 1057//1057
f 1056//1056 1057//1057 1058//1058
f 1058//1058 1059//1059 1056//1056
f 1056//1056 1059//1059 1060//1060
f 1056//1056 1060//1060 1055//1055
f 1060//1060 1061//1061 1055//1055
f 1055//1055 1061//1061 1062//1062
f 1055//1055 1062//1062 1053//1053
f 1053//1053 1062//1062 53//53
f 1054//1054 1063//1063 1055//1055
f 1055//1055 1063//1063 1064//1064
f 1055//1055 1064//1064 1056//1056
f 1056//1056 1064//1064 1065//1065
f 1056//1056 1065//1065 1051//1051
f 1066//1066 1065//1065 1067//1067
f 1067//1067 1065//1065 1064//1064
f 1067//1067 1064//1064 1068//1068
f 1068//1068 1064//1064 1063//1063
f 1069//1069 1066//1066 1067//1067
f 1070//1070 1071//1071 1072//1072
f 1072//1072 1071//1071 1073//1073
f 1073//1073 1071//1071 1074//1074
f 1073//1073 1074//1074 1075//1075
f 1076//1076 1077//1077 1078//1078
f 1078//1078 1077//1077 1079//1079
f 1078//1078 1079//1079 1080//1080
f 1080//1080 1079//1079 1081//1081
f 1080//1080 1081//1081 1082//1082
f 1083//1083 1072//1072 1084//1084
f 1084//1084 1072//1072 1073//1073
f 1084//1084 1073//1073 1085//1085
f 1085//1085 1073//1073 1075//1075
f 1086//1086 1087//1087 1069//1069
f 1067//1067 1068//1068 1088//1088
f 1088//1088 1068//1068 1089//1089
f 1088//1088 1089//1089 1090//1090
f 1069//1069 1067//1067 1086//1086
f 1086//1086 1067//1067 1088//1088
f 1086//1086 1088//1088 1081//1081
f 1081//1081 1088//1088 1090//1090
f 1081//1081 1090//1090 1082//1082
f 1085//1085 1087//1087 1084//1084
f 1084//1084 1087//1087 1086//1086
f 1084//1084 1086//1086 1083//1083
f 1083//1083 1086//1086 1081//1081
f 1083//1083 1081//1081 1072//1072
f 1072//1072 1081//1081 1079//1079
f 1072//1072 1079//1079 1070//1070
f 1070//1070 1079//1079 1077//1077
f 1091//1091 1074//1074 1071//1071
f 1076//1076 1092//1092 1077//1077
f 1077//1077 1092//1092 1093//1093
f 1077//1077 1093//1093 1070//1070
f 1093//1093 1094//1094 1070//1070
f 1070//1070 1094//1094 1095//1095
f 1070//1070 1095//1095 1071//1071
f 1071//1071 1095//1095 1096//1096
f 1071//1071 1096//1096 1091//1091
f 1091//1091 1096//1096 1097//1097
f 1098//1098 1099//1099 1100//1100
f 1101//1101 1097//1097 1102//1102
f 1102//1102 1097//1097 1096//1096
f 1102//1102 1096//1096 1103//1103
f 1103//1103 1096//1096 1095//1095
f 1103//1103 1095//1095 1100//1100
f 1100//1100 1095//1095 1094//1094
f 1100//1100 1094//1094 1098//1098
f 1098//1098 1094//1094 1093//1093
f 1104//1104 1100//1100 1099//1099
f 1105//1105 1103//1103 1100//1100
f 1102//1102 1103//1103 1106//1106
f 1106//1106 1103//1103 1105//1105
f 1106//1106 1105//1105 1107//1107
f 1108//1108 1109//1109 1110//1110
f 1110//1110 1109//1109 1111//1111
f 1112//1112 1113//1113 1114//1114
f 1114//1114 1113//1113 1115//1115
f 1100//1100 1104//1104 1105//1105
f 1105//1105 1104//1104 1116//1116
f 1105//1105 1116//1116 1107//1107
f 1115//1115 1101//1101 1114//1114
f 1114//1114 1101//1101 1117//1117
f 1114//1114 1117//1117 1112//1112
f 1112//1112 1117//1117 1118//1118
f 1112//1112 1118//1118 1110//1110
f 1110//1110 1118//1118 1119//1119
f 1110//1110 1119//1119 1108//1108
f 1108//1108 1119//1119 1120//1120
f 1108//1108 1120//1120 1121//1121
f 1099//1099 1122//1122 1104//1104
f 1104//1104 1122//1122 1123//1123
f 1104//1104 1123//1123 1116//1116
f 1116//1116 1123//1123 1124//1124
f 1116//1116 1124//1124 1125//1125
f 1111//1111 1126//1126 1110//1110
f 1110//1110 1126//1126 1127//1127
f 1110//1110 1127//1127 1112//1112
f 1112//1112 1127//1127 1128//1128
f 1112//1112 1128//1128 1113//1113
f 1113//1113 1128//1128 1129//1129
f 1113//1113 1129//1129 1115//1115
f 1130//1130 1121//1121 1125//1125
f 1125//1125 1121//1121 1120//1120
f 1125//1125 1120//1120 1116//1116
f 1116//1116 1120//1120 1119//1119
f 1116//1116 1119//1119 1107//1107
f 1107//1107 1119//1119 1118//1118
f 1107//1107 1118//1118 1106//1106
f 1106//1106 1118//1118 1117//1117
f 1106//1106 1117//1117 1102//1102
f 1102//1102 1117//1117 1101//1101
f 1131//1131 1111//1111 1109//1109
f 1132//1132 1133//1133 1134//1134
f 1134//1134 1133//1133 1135//1135
f 1136//1136 1137//1137 1132//1132
f 1138//1138 1139//1139 1140//1140
f 1140//1140 1139//1139 1141//1141
f 1140//1140 1141//1141 1142//1142
f 1135//1135 1143//1143 1134//1134
f 1134//1134 1143//1143 1144//1144
f 1134//1134 1144//1144 1138//1138
f 1138//1138 1144//1144 1145//1145
f 1138//1138 1145//1145 1139//1139
f 1130//1130 1137//1137 1121//1121
f 1121//1121 1137//1137 1136//1136
f 1121//1121 1136//1136 1108//1108
f 1108//1108 1136//1136 1146//1146
f 1108//1108 1146//1146 1109//1109
f 1109//1109 1146//1146 1147//1147
f 1109//1109 1147//1147 1131//1131
f 1132//1132 1134//1134 1136//1136
f 1136//1136 1134//1134 1138//1138
f 1136//1136 1138//1138 1146//1146
f 1146//1146 1138//1138 1140//1140
f 1146//1146 1140//1140 1147//1147
f 1147//1147 1140//1140 1142//1142
f 1147//1147 1142//1142 1131//1131
f 1148//1148 1149//1149 1150//1150
f 1150//1150 1149//1149 1135//1135
f 1150//1150 1135//1135 1133//1133
f 1145//1145 1144//1144 1149//1149
f 1149//1149 1144//1144 1143//1143
f 1149//1149 1143//1143 1135//1135
f 1149//1149 1151//1151 1145//1145
f 1145//1145 1151//1151 1152//1152
f 1145//1145 1152//1152 1139//1139
f 1153//1153 1154//1154 1155//1155
f 1155//1155 1154//1154 1156//1156
f 1155//1155 1156//1156 1157//1157
f 1157//1157 1156//1156 1158//1158
f 1157//1157 1158//1158 1159//1159
f 1159//1159 1158//1158 1160//1160
f 1161//1161 1159//1159 1162//1162
f 1162//1162 1159//1159 1160//1160
f 1162//1162 1160//1160 1163//1163
f 1153//1153 1155//1155 1164//1164
f 1164//1164 1155//1155 1157//1157
f 1164//1164 1157//1157 1165//1165
f 1165//1165 1157//1157 1159//1159
f 1165//1165 1159//1159 1166//1166
f 1166//1166 1159//1159 1161//1161
f 1166//1166 1161//1161 1167//1167
f 1141//1141 1139//1139 1167//1167
f 1167//1167 1139//1139 1152//1152
f 1167//1167 1152//1152 1166//1166
f 1166//1166 1152//1152 1151//1151
f 1166//1166 1151//1151 1165//1165
f 1165//1165 1151//1151 1149//1149
f 1165//1165 1149//1149 1164//1164
f 1164//1164 1149//1149 1148//1148
f 1164//1164 1148//1148 1153//1153
f 1168//1168 1169//1169 1170//1170
f 1171//1171 1172//1172 1173//1173
f 1174//1174 1175//1175 1176//1176
f 1177//1177 1156//1156 1154//1154
f 1158//1158 1156//1156 1178//1178
f 1178//1178 1156//1156 1177//1177
f 1178//1178 1177//1177 1179//1179
f 1179//1179 1177//1177 1180//1180
f 1179//1179 1180//1180 1181//1181
f 1181//1181 1180//1180 1182//1182
f 1181//1181 1182//1182 1183//1183
f 1183//1183 1182//1182 1174//1174
f 1183//1183 1174//1174 1184//1184
f 1185//1185 1186//1186 1187//1187
f 1187//1187 1186//1186 1188//1188
f 1187//1187 1188//1188 1184//1184
f 1189//1189 1185//1185 1190//1190
f 1190//1190 1185//1185 1187//1187
f 1190//1190 1187//1187 1191//1191
f 1191//1191 1187//1187 1184//1184
f 1163//1163 1160//1160 1192//1192
f 1192//1192 1160//1160 1193//1193
f 1192//1192 1193//1193 1194//1194
f 1194//1194 1193//1193 1195//1195
f 1194//1194 1195//1195 1196//1196
f 1196//1196 1195//1195 1197//1197
f 1196//1196 1197//1197 1198//1198
f 1198//1198 1197//1197 1199//1199
f 1198//1198 1199//1199 1200//1200
f 1200//1200 1199//1199 1201//1201
f 1200//1200 1201//1201 1202//1202
f 1202//1202 1201//1201 1173//1173
f 1202//1202 1173//1173 1170//1170
f 1170//1170 1173//1173 1172//1172
f 1170//1170 1172//1172 1168//1168
f 1184//1184 1174//1174 1191//1191
f 1191//1191 1174//1174 1176//1176
f 1191//1191 1176//1176 1190//1190
f 1190//1190 1176//1176 1203//1203
f 1190//1190 1203//1203 1189//1189
f 1189//1189 1203//1203 1204//1204
f 1189//1189 1204//1204 1205//1205
f 1154//1154 1206//1206 1177//1177
f 1177//1177 1206//1206 1207//1207
f 1177//1177 1207//1207 1180//1180
f 1180//1180 1207//1207 1208//1208
f 1180//1180 1208//1208 1182//1182
f 1182//1182 1208//1208 1209//1209
f 1182//1182 1209//1209 1174//1174
f 1174//1174 1209//1209 1210//1210
f 1174//1174 1210//1210 1175//1175
f 1211//1211 1212//1212 1171//1171
f 1171//1171 1212//1212 1213//1213
f 1171//1171 1213//1213 1172//1172
f 1172//1172 1213//1213 1214//1214
f 1172//1172 1214//1214 1168//1168
f 1160//1160 1158//1158 1193//1193
f 1193//1193 1158//1158 1178//1178
f 1193//1193 1178//1178 1195//1195
f 1195//1195 1178//1178 1179//1179
f 1195//1195 1179//1179 1197//1197
f 1197//1197 1179//1179 1181//1181
f 1197//1197 1181//1181 1199//1199
f 1199//1199 1181//1181 1183//1183
f 1199//1199 1183//1183 1201//1201
f 1201//1201 1183//1183 1184//1184
f 1201//1201 1184//1184 1173//1173
f 1173//1173 1184//1184 1188//1188
f 1173//1173 1188//1188 1171//1171
f 1171//1171 1188//1188 1186//1186
f 1171//1171 1186//1186 1211//1211
f 1211//1211 1186//1186 1185//1185
f 1211//1211 1185//1185 1215//1215
f 1215//1215 1185//1185 1189//1189
f 1215//1215 1189//1189 1216//1216
f 1216//1216 1189//1189 1205//1205
f 1216//1216 1205//1205 1217//1217
f 1218//1218 1213//1213 1212//1212
f 1219//1219 1220//1220 1221//1221
f 1222//1222 1223//1223 1224//1224
f 1222//1222 1224//1224 1225//1225
f 1226//1226 1227//1227 1224//1224
f 1224//1224 1227//1227 1225//1225
f 1228//1228 1224//1224 1220//1220
f 1229//1229 1230//1230 1231//1231
f 1231//1231 1230//1230 1232//1232
f 1231//1231 1232//1232 1233//1233
f 1233//1233 1232//1232 1234//1234
f 1233//1233 1234//1234 1235//1235
f 1235//1235 1234//1234 1236//1236
f 1236//1236 1234//1234 1237//1237
f 1236//1236 1237//1237 1238//1238
f 1239//1239 1240//1240 1241//1241
f 1241//1241 1240//1240 1242//1242
f 1241//1241 1242//1242 1221//1221
f 1221//1221 1242//1242 1243//1243
f 1221//1221 1243//1243 1219//1219
f 1223//1223 1238//1238 1224//1224
f 1224//1224 1238//1238 1237//1237
f 1224//1224 1237//1237 1220//1220
f 1220//1220 1237//1237 1234//1234
f 1220//1220 1234//1234 1221//1221
f 1221//1221 1234//1234 1232//1232
f 1221//1221 1232//1232 1241//1241
f 1169//1169 1168//1168 1244//1244
f 1244//1244 1168//1168 1245//1245
f 1245//1245 1168//1168 1218//1218
f 1218//1218 1168//1168 1214//1214
f 1218//1218 1214//1214 1213//1213
f 1246//1246 1247//1247 1248//1248
f 1248//1248 1247//1247 1249//1249
f 1248//1248 1249//1249 1250//1250
f 1229//1229 1251//1251 1230//1230
f 1230//1230 1251//1251 1252//1252
f 1230//1230 1252//1252 1232//1232
f 1232//1232 1252//1252 1253//1253
f 1232//1232 1253//1253 1241//1241
f 1241//1241 1253//1253 1254//1254
f 1241//1241 1254//1254 1239//1239
f 1239//1239 1254//1254 1255//1255
f 1239//1239 1255//1255 1256//1256
f 1212//1212 1257//1257 1218//1218
f 1218//1218 1257//1257 1248//1248
f 1218//1218 1248//1248 1245//1245
f 1245//1245 1248//1248 1250//1250
f 1245//1245 1250//1250 1244//1244
f 1216//1216 1258//1258 1215//1215
f 1215//1215 1258//1258 1259//1259
f 1215//1215 1259//1259 1211//1211
f 1211//1211 1259//1259 1260//1260
f 1211//1211 1260//1260 1212//1212
f 1212//1212 1260//1260 1261//1261
f 1212//1212 1261//1261 1257//1257
f 1256//1256 1246//1246 1239//1239
f 1239//1239 1246//1246 1248//1248
f 1239//1239 1248//1248 1240//1240
f 1240//1240 1248//1248 1257//1257
f 1240//1240 1257//1257 1242//1242
f 1242//1242 1257//1257 1261//1261
f 1242//1242 1261//1261 1243//1243
f 1243//1243 1261//1261 1260//1260
f 1243//1243 1260//1260 1219//1219
f 1219//1219 1260//1260 1259//1259
f 1219//1219 1259//1259 1220//1220
f 1220//1220 1259//1259 1258//1258
f 1220//1220 1258//1258 1228//1228
f 1228//1228 1258//1258 1216//1216
f 1228//1228 1216//1216 1217//1217
f 1262//1262 1263//1263 1264//1264
f 1265//1265 1266//1266 1267//1267
f 1268//1268 1269//1269 1270//1270
f 1266//1266 1265//1265 1271//1271
f 1272//1272 1273//1273 1274//1274
f 1274//1274 1273//1273 1271//1271
f 1275//1275 1276//1276 1277//1277
f 1277//1277 1276//1276 1278//1278
f 1269//1269 1268//1268 1279//1279
f 1279//1279 1268//1268 1280//1280
f 1279//1279 1280//1280 1281//1281
f 1281//1281 1280//1280 1282//1282
f 1281//1281 1282//1282 1276//1276
f 1276//1276 1282//1282 1283//1283
f 1276//1276 1283//1283 1278//1278
f 1262//1262 1274//1274 1284//1284
f 1284//1284 1274//1274 1271//1271
f 1284//1284 1271//1271 1285//1285
f 1285//1285 1271//1271 1265//1265
f 1285//1285 1265//1265 1286//1286
f 1286//1286 1265//1265 1267//1267
f 1286//1286 1267//1267 1287//1287
f 1262//1262 1264//1264 1274//1274
f 1274//1274 1264//1264 1272//1272
f 1270//1270 1263//1263 1268//1268
f 1268//1268 1263//1263 1262//1262
f 1268//1268 1262//1262 1280//1280
f 1280//1280 1262//1262 1284//1284
f 1280//1280 1284//1284 1282//1282
f 1282//1282 1284//1284 1285//1285
f 1282//1282 1285//1285 1283//1283
f 1283//1283 1285//1285 1286//1286
f 1283//1283 1286//1286 1278//1278
f 1278//1278 1286//1286 1287//1287
f 1278//1278 1287//1287 1277//1277
f 1288//1288 1270//1270 1269//1269
f 1276//1276 1275//1275 1289//1289
f 1289//1289 1275//1275 1290//1290
f 1289//1289 1290//1290 1291//1291
f 1292//1292 1288//1288 1293//1293
f 1293//1293 1288//1288 1269//1269
f 1293//1293 1269//1269 1294//1294
f 1294//1294 1269//1269 1279//1279
f 1294//1294 1279//1279 1289//1289
f 1289//1289 1279//1279 1281//1281
f 1289//1289 1281//1281 1276//1276
f 1295//1295 1296//1296 1291//1291
f 1291//1291 1296//1296 1289//1289
f 1289//1289 1296//1296 1294//1294
f 1294//1294 1296//1296 1297//1297
f 1294//1294 1297//1297 1293//1293
f 1293//1293 1297//1297 1298//1298
f 1293//1293 1298//1298 1292//1292
f 1298//1298 1297//1297 1299//1299
f 1297//1297 1296//1296 1300//1300
f 1296//1296 1295//1295 1301//1301
f 1296//1296 1301//1301 1300//1300
f 1300//1300 1301//1301 1302//1302
f 1300//1300 1302//1302 1303//1303
f 1303//1303 1302//1302 1304//1304
f 1303//1303 1304//1304 1305//1305
f 1305//1305 1304//1304 1306//1306
f 1305//1305 1306//1306 1307//1307
f 1307//1307 1306//1306 1308//1308
f 1307//1307 1308//1308 1309//1309
f 1309//1309 1308//1308 1310//1310
f 1309//1309 1310//1310 1311//1311
f 1311//1311 1310//1310 1312//1312
f 1311//1311 1312//1312 1313//1313
f 1313//1313 1312//1312 1314//1314
f 1313//1313 1314//1314 1315//1315
f 1315//1315 1314//1314 1316//1316
f 1315//1315 1316//1316 1317//1317
f 1317//1317 1316//1316 1318//1318
f 1317//1317 1318//1318 1319//1319
f 1297//1297 1300//1300 1299//1299
f 1299//1299 1300//1300 1303//1303
f 1299//1299 1303//1303 1320//1320
f 1320//1320 1303//1303 1305//1305
f 1320//1320 1305//1305 1321//1321
f 1321//1321 1305//1305 1307//1307
f 1321//1321 1307//1307 1322//1322
f 1322//1322 1307//1307 1309//1309
f 1322//1322 1309//1309 1323//1323
f 1323//1323 1309//1309 1311//1311
f 1323//1323 1311//1311 1324//1324
f 1324//1324 1311//1311 1313//1313
f 1324//1324 1313//1313 1325//1325
f 1325//1325 1313//1313 1315//1315
f 1325//1325 1315//1315 1326//1326
f 1326//1326 1315//1315 1317//1317
f 1326//1326 1317//1317 1327//1327
f 1327//1327 1317//1317 1319//1319
f 1327//1327 1319//1319 1328//1328
f 1298//1298 1299//1299 1329//1329
f 1329//1329 1299//1299 1320//1320
f 1329//1329 1320//1320 1330//1330
f 1330//1330 1320//1320 1321//1321
f 1330//1330 1321//1321 1331//1331
f 1331//1331 1321//1321 1322//1322
f 1331//1331 1322//1322 1332//1332
f 1332//1332 1322//1322 1323//1323
f 1332//1332 1323//1323 1333//1333
f 1333//1333 1323//1323 1324//1324
f 1333//1333 1324//1324 1334//1334
f 1334//1334 1324//1324 1325//1325
f 1334//1334 1325//1325 1335//1335
f 1335//1335 1325//1325 1326//1326
f 1335//1335 1326//1326 1336//1336
f 1336//1336 1326//1326 1327//1327
f 1336//1336 1327//1327 1337//1337
f 1337//1337 1327//1327 1328//1328
f 1337//1337 1328//1328 1338//1338
f 1338//1338 1328//1328 1339//1339
f 1328//1328 1319//1319 1340//1340
f 1319//1319 1318//1318 1341//1341
f 1319//1319 1341//1341 1340//1340
f 1340//1340 1341//1341 1342//1342
f 1340//1340 1342//1342 1343//1343
f 1343//1343 1342//1342 1344//1344
f 1343//1343 1344//1344 1345//1345
f 1345//1345 1344//1344 1346//1346
f 1345//1345 1346//1346 1347//1347
f 1347//1347 1346//1346 1348//1348
f 1347//1347 1348//1348 1349//1349
f 1349//1349 1348//1348 1350//1350
f 1349//1349 1350//1350 1351//1351
f 1351//1351 1350//1350 1352//1352
f 1351//1351 1352//1352 1353//1353
f 1353//1353 1352//1352 1354//1354
f 1353//1353 1354//1354 1355//1355
f 1355//1355 1354//1354 1356//1356
f 1355//1355 1356//1356 1357//1357
f 1357//1357 1356//1356 1358//1358
f 1357//1357 1358//1358 1359//1359
f 1359//1359 1358//1358 1360//1360
f 1359//1359 1360//1360 1361//1361
f 1360//1360 1362//1362 1361//1361
f 1361//1361 1362//1362 1363//1363
f 1361//1361 1363//1363 1364//1364
f 1328//1328 1340//1340 1339//1339
f 1339//1339 1340//1340 1343//1343
f 1339//1339 1343//1343 1365//1365
f 1365//1365 1343//1343 1345//1345
f 1365//1365 1345//1345 1366//1366
f 1366//1366 1345//1345 1347//1347
f 1366//1366 1347//1347 1367//1367
f 1367//1367 1347//1347 1349//1349
f 1367//1367 1349//1349 1368//1368
f 1368//1368 1349//1349 1351//1351
f 1368//1368 1351//1351 1369//1369
f 1369//1369 1351//1351 1353//1353
f 1369//1369 1353//1353 1370//1370
f 1370//1370 1353//1353 1355//1355
f 1370//1370 1355//1355 1371//1371
f 1371//1371 1355//1355 1357//1357
f 1371//1371 1357//1357 1372//1372
f 1372//1372 1357//1357 1359//1359
f 1372//1372 1359//1359 1373//1373
f 1373//1373 1359//1359 1361//1361
f 1373//1373 1361//1361 1374//1374
f 1374//1374 1361//1361 1364//1364
f 1374//1374 1364//1364 1375//1375
f 1338//1338 1339//1339 1376//1376
f 1376//1376 1339//1339 1365//1365
f 1376//1376 1365//1365 1377//1377
f 1377//1377 1365//1365 1366//1366
f 1377//1377 1366//1366 1378//1378
f 1378//1378 1366//1366 1367//1367
f 1378//1378 1367//1367 1379//1379
f 1379//1379 1367//1367 1368//1368
f 1379//1379 1368//1368 1380//1380
f 1380//1380 1368//1368 1369//1369
f 1380//1380 1369//1369 1381//1381
f 1381//1381 1369//1369 1370//1370
f 1381//1381 1370//1370 1382//1382
f 1382//1382 1370//1370 1371//1371
f 1382//1382 1371//1371 1383//1383
f 1383//1383 1371//1371 1372//1372
f 1383//1383 1372//1372 1384//1384
f 1384//1384 1372//1372 1373//1373
f 1384//1384 1373//1373 1385//1385
f 1385//1385 1373//1373 1374//1374
f 1385//1385 1374//1374 1386//1386
f 1386//1386 1374//1374 1375//1375
f 1386//1386 1375//1375 1387//1387
f 1375//1375 1222//1222 1225//1225
f 1225//1225 1227//1227 1375//1375
f 1375//1375 1227//1227 1387//1387
f 1222//1222 1375//1375 1223//1223
f 1223//1223 1375//1375 1364//1364
f 1223//1223 1364//1364 1238//1238
f 1238//1238 1364//1364 1236//1236
f 1236//1236 1364//1364 1363//1363
f 1236//1236 1363//1363 1235//1235
f 1362//1362 1231//1231 1363//1363
f 1363//1363 1231//1231 1233//1233
f 1363//1363 1233//1233 1235//1235
f 1388//1388 1389//1389 1390//1390
f 1391//1391 1392//1392 1393//1393
f 1393//1393 1392//1392 1394//1394
f 1244//1244 1250//1250 1395//1395
f 1249//1249 1247//1247 1396//1396
f 1252//1252 1251//1251 1397//1397
f 1252//1252 1397//1397 1253//1253
f 1246//1246 1256//1256 1398//1398
f 1398//1398 1256//1256 1255//1255
f 1398//1398 1255//1255 1254//1254
f 1244//1244 1395//1395 1169//1169
f 1399//1399 1400//1400 1401//1401
f 1401//1401 1400//1400 1402//1402
f 1401//1401 1402//1402 1395//1395
f 1395//1395 1402//1402 1403//1403
f 1395//1395 1403//1403 1169//1169
f 1404//1404 1405//1405 1406//1406
f 1406//1406 1405//1405 1407//1407
f 1406//1406 1407//1407 1408//1408
f 1408//1408 1407//1407 1409//1409
f 1408//1408 1409//1409 1399//1399
f 1399//1399 1409//1409 1410//1410
f 1399//1399 1410//1410 1400//1400
f 1394//1394 1411//1411 1393//1393
f 1393//1393 1411//1411 1412//1412
f 1393//1393 1412//1412 1404//1404
f 1404//1404 1412//1412 1413//1413
f 1404//1404 1413//1413 1405//1405
f 1414//1414 1415//1415 1416//1416
f 1416//1416 1415//1415 1417//1417
f 1416//1416 1417//1417 1418//1418
f 1418//1418 1417//1417 1419//1419
f 1418//1418 1419//1419 1420//1420
f 1420//1420 1419//1419 1421//1421
f 1420//1420 1421//1421 1422//1422
f 1422//1422 1421//1421 1423//1423
f 1422//1422 1423//1423 1424//1424
f 1424//1424 1423//1423 1425//1425
f 1424//1424 1425//1425 1426//1426
f 1426//1426 1425//1425 1427//1427
f 1426//1426 1427//1427 1428//1428
f 1428//1428 1427//1427 1429//1429
f 1428//1428 1429//1429 1397//1397
f 1397//1397 1429//1429 1398//1398
f 1397//1397 1398//1398 1253//1253
f 1253//1253 1398//1398 1254//1254
f 1415//1415 1388//1388 1417//1417
f 1417//1417 1388//1388 1390//1390
f 1417//1417 1390//1390 1419//1419
f 1419//1419 1390//1390 1430//1430
f 1419//1419 1430//1430 1421//1421
f 1421//1421 1430//1430 1431//1431
f 1421//1421 1431//1431 1423//1423
f 1423//1423 1431//1431 1432//1432
f 1423//1423 1432//1432 1425//1425
f 1425//1425 1432//1432 1433//1433
f 1425//1425 1433//1433 1427//1427
f 1427//1427 1433//1433 1434//1434
f 1427//1427 1434//1434 1429//1429
f 1429//1429 1434//1434 1435//1435
f 1429//1429 1435//1435 1398//1398
f 1398//1398 1435//1435 1396//1396
f 1398//1398 1396//1396 1246//1246
f 1246//1246 1396//1396 1247//1247
f 1389//1389 1391//1391 1390//1390
f 1390//1390 1391//1391 1393//1393
f 1390//1390 1393//1393 1430//1430
f 1430//1430 1393//1393 1404//1404
f 1430//1430 1404//1404 1431//1431
f 1431//1431 1404//1404 1406//1406
f 1431//1431 1406//1406 1432//1432
f 1432//1432 1406//1406 1408//1408
f 1432//1432 1408//1408 1433//1433
f 1433//1433 1408//1408 1399//1399
f 1433//1433 1399//1399 1434//1434
f 1434//1434 1399//1399 1401//1401
f 1434//1434 1401//1401 1435//1435
f 1435//1435 1401//1401 1395//1395
f 1435//1435 1395//1395 1396//1396
f 1396//1396 1395//1395 1250//1250
f 1396//1396 1250//1250 1249//1249
f 1415//1415 1414//1414 1436//1436
f 1437//1437 1438//1438 1439//1439
f 1440//1440 1441//1441 1437//1437
f 1441//1441 1442//1442 1437//1437
f 1437//1437 1442//1442 1443//1443
f 1437//1437 1443//1443 1438//1438
f 1438//1438 1443//1443 1444//1444
f 1438//1438 1444//1444 1394//1394
f 1445//1445 1446//1446 1440//1440
f 1394//1394 1392//1392 1438//1438
f 1438//1438 1392//1392 1391//1391
f 1438//1438 1391//1391 1439//1439
f 1439//1439 1391//1391 1389//1389
f 1439//1439 1389//1389 1388//1388
f 1447//1447 1446//1446 1448//1448
f 1448//1448 1446//1446 1445//1445
f 1448//1448 1445//1445 1436//1436
f 1440//1440 1437//1437 1445//1445
f 1445//1445 1437//1437 1439//1439
f 1445//1445 1439//1439 1436//1436
f 1436//1436 1439//1439 1388//1388
f 1436//1436 1388//1388 1415//1415
f 1449//1449 1450//1450 1451//1451
f 1277//1277 1287//1287 1452//1452
f 1273//1273 1272//1272 1453//1453
f 1287//1287 1267//1267 1454//1454
f 1454//1454 1267//1267 1266//1266
f 1454//1454 1266//1266 1271//1271
f 1277//1277 1452//1452 1275//1275
f 1275//1275 1452//1452 1455//1455
f 1275//1275 1455//1455 1456//1456
f 1456//1456 1455//1455 1457//1457
f 1456//1456 1457//1457 1458//1458
f 1458//1458 1457//1457 1459//1459
f 1458//1458 1459//1459 1460//1460
f 1460//1460 1459//1459 1461//1461
f 1460//1460 1461//1461 1462//1462
f 1462//1462 1461//1461 1446//1446
f 1462//1462 1446//1446 1447//1447
f 1449//1449 1463//1463 1450//1450
f 1450//1450 1463//1463 1464//1464
f 1450//1450 1464//1464 1465//1465
f 1465//1465 1464//1464 1453//1453
f 1466//1466 1467//1467 1451//1451
f 1451//1451 1467//1467 1468//1468
f 1451//1451 1468//1468 1449//1449
f 1442//1442 1441//1441 1469//1469
f 1469//1469 1441//1441 1467//1467
f 1469//1469 1467//1467 1470//1470
f 1470//1470 1467//1467 1466//1466
f 1273//1273 1453//1453 1271//1271
f 1271//1271 1453//1453 1464//1464
f 1271//1271 1464//1464 1454//1454
f 1454//1454 1464//1464 1463//1463
f 1454//1454 1463//1463 1471//1471
f 1471//1471 1463//1463 1449//1449
f 1471//1471 1449//1449 1472//1472
f 1472//1472 1449//1449 1468//1468
f 1472//1472 1468//1468 1473//1473
f 1473//1473 1468//1468 1467//1467
f 1473//1473 1467//1467 1474//1474
f 1474//1474 1467//1467 1441//1441
f 1474//1474 1441//1441 1440//1440
f 1287//1287 1454//1454 1452//1452
f 1452//1452 1454//1454 1471//1471
f 1452//1452 1471//1471 1455//1455
f 1455//1455 1471//1471 1472//1472
f 1455//1455 1472//1472 1457//1457
f 1457//1457 1472//1472 1473//1473
f 1457//1457 1473//1473 1459//1459
f 1459//1459 1473//1473 1474//1474
f 1459//1459 1474//1474 1461//1461
f 1461//1461 1474//1474 1440//1440
f 1461//1461 1440//1440 1446//1446
f 987//987 985//985 1264//1264
f 1264//1264 985//985 983//983
f 1264//1264 983//983 1272//1272
f 1292//1292 991//991 1288//1288
f 1288//1288 991//991 989//989
f 1288//1288 989//989 1270//1270
f 1270//1270 989//989 987//987
f 1270//1270 987//987 1263//1263
f 1263//1263 987//987 1264//1264
f 1028//1028 1000//1000 2//2
f 23//23 1008//1008 1006//1006
f 25//25 1046//1046 23//23
f 23//23 1046//1046 1045//1045
f 23//23 1045//1045 1008//1008
f 1005//1005 26//26 1006//1006
f 1006//1006 26//26 24//24
f 1006//1006 24//24 23//23
f 1005//1005 1027//1027 26//26
f 26//26 1027//1027 1026//1026
f 26//26 1026//1026 1030//1030
f 1028//1028 2//2 1030//1030
f 1030//1030 2//2 27//27
f 1030//1030 27//27 26//26
f 4//4 1475//1475 6//6
f 6//6 1475//1475 1476//1476
f 6//6 1476//1476 8//8
f 8//8 1476//1476 1477//1477
f 8//8 1477//1477 9//9
f 9//9 1477//1477 1478//1478
f 9//9 1478//1478 18//18
f 18//18 1478//1478 1479//1479
f 18//18 1479//1479 16//16
f 1480//1480 1481//1481 1482//1482
f 1482//1482 1481//1481 19//19
f 1482//1482 19//19 17//17
f 1475//1475 1483//1483 1476//1476
f 1476//1476 1483//1483 1484//1484
f 1476//1476 1484//1484 1477//1477
f 1477//1477 1484//1484 1485//1485
f 1477//1477 1485//1485 1478//1478
f 1478//1478 1485//1485 1482//1482
f 1478//1478 1482//1482 1479//1479
f 1479//1479 1482//1482 17//17
f 1479//1479 17//17 16//16
f 1486//1486 1480//1480 1487//1487
f 1487//1487 1480//1480 1482//1482
f 1487//1487 1482//1482 1488//1488
f 1488//1488 1482//1482 1485//1485
f 1488//1488 1485//1485 1489//1489
f 1489//1489 1485//1485 1484//1484
f 1489//1489 1484//1484 1490//1490
f 1490//1490 1484//1484 1483//1483
f 1491//1491 1486//1486 1487//1487
f 1491//1491 1487//1487 1492//1492
f 1492//1492 1487//1487 1488//1488
f 1492//1492 1488//1488 1493//1493
f 1493//1493 1488//1488 1494//1494
f 1494//1494 1488//1488 1489//1489
f 1494//1494 1489//1489 1495//1495
f 1495//1495 1489//1489 1496//1496
f 1496//1496 1489//1489 1490//1490
f 1496//1496 1490//1490 1497//1497
f 1498//1498 1499//1499 1500//1500
f 1498//1498 1500//1500 1501//1501
f 1502//1502 1503//1503 1504//1504
f 1504//1504 1503//1503 1505//1505
f 1504//1504 1505//1505 1506//1506
f 1506//1506 1505//1505 1507//1507
f 1506//1506 1507//1507 1508//1508
f 1508//1508 1507//1507 1509//1509
f 1510//1510 1511//1511 1512//1512
f 1512//1512 1511//1511 1513//1513
f 1512//1512 1513//1513 1500//1500
f 1500//1500 1513//1513 1509//1509
f 1500//1500 1509//1509 1501//1501
f 1501//1501 1509//1509 1507//1507
f 87//87 1514//1514 1515//1515
f 87//87 1515//1515 85//85
f 85//85 1515//1515 1516//1516
f 85//85 1516//1516 83//83
f 1517//1517 1516//1516 1515//1515
f 1514//1514 1518//1518 1515//1515
f 1515//1515 1518//1518 1519//1519
f 1515//1515 1519//1519 1517//1517
f 1517//1517 1519//1519 1520//1520
f 1521//1521 1522//1522 1523//1523
f 1519//1519 1524//1524 1520//1520
f 1520//1520 1524//1524 1525//1525
f 1526//1526 1525//1525 1523//1523
f 1523//1523 1525//1525 1524//1524
f 1523//1523 1524//1524 1521//1521
f 1521//1521 1524//1524 1519//1519
f 1521//1521 1519//1519 1518//1518
f 1527//1527 1528//1528 1529//1529
f 1529//1529 1528//1528 1530//1530
f 1528//1528 1531//1531 1532//1532
f 1533//1533 1534//1534 1528//1528
f 1528//1528 1534//1534 1535//1535
f 1528//1528 1535//1535 1530//1530
f 1523//1523 1522//1522 1536//1536
f 1536//1536 1522//1522 1537//1537
f 1536//1536 1537//1537 1533//1533
f 1533//1533 1537//1537 1538//1538
f 1533//1533 1538//1538 1534//1534
f 1528//1528 1532//1532 1533//1533
f 1533//1533 1532//1532 1539//1539
f 1533//1533 1539//1539 1536//1536
f 1536//1536 1539//1539 1526//1526
f 1536//1536 1526//1526 1523//1523
f 90//90 89//89 1540//1540
f 1540//1540 1527//1527 1529//1529
f 1538//1538 1537//1537 1541//1541
f 1541//1541 1529//1529 1530//1530
f 1538//1538 1541//1541 1534//1534
f 1534//1534 1541//1541 1530//1530
f 1534//1534 1530//1530 1535//1535
f 1521//1521 1518//1518 90//90
f 90//90 1518//1518 1514//1514
f 90//90 1514//1514 87//87
f 1529//1529 1541//1541 1540//1540
f 1540//1540 1541//1541 1537//1537
f 1540//1540 1537//1537 90//90
f 90//90 1537//1537 1522//1522
f 90//90 1522//1522 1521//1521
f 1542//1542 1543//1543 1544//1544
f 1544//1544 1543//1543 1545//1545
f 1544//1544 1545//1545 1546//1546
f 1546//1546 1545//1545 1547//1547
f 1546//1546 1547//1547 1548//1548
f 1548//1548 1549//1549 1546//1546
f 1546//1546 1549//1549 1550//1550
f 1546//1546 1550//1550 1551//1551
f 1551//1551 1550//1550 1552//1552
f 1499//1499 1553//1553 1500//1500
f 1500//1500 1553//1553 1512//1512
f 1512//1512 1553//1553 1510//1510
f 1510//1510 1553//1553 1554//1554
f 1510//1510 1554//1554 1555//1555
f 1542//1542 1556//1556 1557//1557
f 1558//1558 1559//1559 1560//1560
f 1560//1560 1559//1559 1561//1561
f 1560//1560 1561//1561 1562//1562
f 1562//1562 1561//1561 1563//708
f 1557//1557 1556//1556 1564//714
f 1564//714 1556//1556 1565//1563
f 1564//714 1565//1563 1566//710
f 1566//710 1565//1563 1567//1564
f 1566//710 1567//1564 1568//711
f 1568//711 1567//1564 1569//1565
f 1568//711 1569//1565 1570//709
f 1570//709 1569//1565 1571//1566
f 1570//709 1571//1566 1563//708
f 1563//708 1571//1566 1572//1567
f 1563//708 1572//1567 1562//1562
f 1554//1554 1553//1553 1573//1568
f 1573//1568 1553//1553 1574//1569
f 1573//1568 1574//1569 1575//1570
f 1575//1570 1574//1569 1576//719
f 1558//1558 1575//1570 1559//1559
f 1559//1559 1575//1570 1576//719
f 1559//1559 1576//719 1577//702
f 1577//702 1576//719 1578//1571
f 1577//702 1578//1571 1579//1572
f 1579//1572 1578//1571 1543//1543
f 1579//1572 1543//1543 1580//716
f 1580//716 1543//1543 1542//1542
f 1580//716 1542//1542 1581//712
f 1581//712 1542//1542 1557//1557
f 1503//1503 1502//1502 92//92
f 620//620 619//619 94//94
f 94//94 619//619 1503//1503
f 94//94 1503//1503 93//93
f 93//93 1503//1503 92//92
f 1486//1486 1491//1491 602//602
f 602//602 1491//1491 615//615
f 1331//1331 1332//1332 1567//1564
f 1338//1338 1572//1567 1337//1337
f 1337//1337 1572//1567 1571//1566
f 1337//1337 1571//1566 1336//1336
f 1336//1336 1571//1566 1335//1335
f 1335//1335 1571//1566 1569//1565
f 1335//1335 1569//1565 1334//1334
f 1567//1564 1332//1332 1569//1565
f 1569//1565 1332//1332 1333//1333
f 1569//1565 1333//1333 1334//1334
f 1331//1331 1567//1564 1330//1330
f 1330//1330 1567//1564 1565//1563
f 1330//1330 1565//1563 1329//1329
f 1329//1329 1565//1563 1556//1556
f 1329//1329 1556//1556 1298//1298
f 1231//1231 1362//1362 1229//1229
f 1229//1229 1362//1362 1251//1251
f 1306//1306 1582//693 1308//1308
f 1308//1308 1582//693 1583//691
f 1308//1308 1583//691 1310//1310
f 1310//1310 1583//691 1312//1312
f 1312//1312 1583//691 1584//689
f 1312//1312 1584//689 1314//1314
f 1585//675 1318//1318 1584//689
f 1584//689 1318//1318 1316//1316
f 1584//689 1316//1316 1314//1314
f 1586//676 1342//1342 1585//675
f 1585//675 1342//1342 1341//1341
f 1585//675 1341//1341 1318//1318
f 1587//682 1352//1352 1350//1350
f 1350//1350 1348//1348 1587//682
f 1587//682 1348//1348 1346//1346
f 1587//682 1346//1346 1586//676
f 1586//676 1346//1346 1344//1344
f 1586//676 1344//1344 1342//1342
f 1588//685 1589//1573 1590//680
f 1590//680 1589//1573 1591//1574
f 1590//680 1591//1574 1587//682
f 1458//1458 1592//700 1456//1456
f 1456//1456 1592//700 1593//699
f 1591//1574 1594//1575 1587//682
f 1587//682 1594//1575 1595//679
f 1587//682 1595//679 1352//1352
f 1352//1352 1595//679 1596//1576
f 1352//1352 1596//1576 1354//1354
f 1354//1354 1596//1576 1597//1577
f 1420//1420 1422//1422 1598//1578
f 1598//1578 1422//1422 1599//1579
f 1306//1306 1304//1304 1582//693
f 1582//693 1304//1304 1302//1302
f 1582//693 1302//1302 1600//695
f 1600//695 1302//1302 1301//1301
f 1600//695 1301//1301 1601//697
f 1601//697 1301//1301 1295//1295
f 1601//697 1295//1295 1593//699
f 1593//699 1295//1295 1291//1291
f 1593//699 1291//1291 1456//1456
f 1456//1456 1291//1291 1290//1290
f 1456//1456 1290//1290 1275//1275
f 1422//1422 1424//1424 1599//1579
f 1599//1579 1424//1424 1426//1426
f 1599//1579 1426//1426 1602//1580
f 1420//1420 1598//1578 1418//1418
f 1418//1418 1598//1578 1603//1581
f 1418//1418 1603//1581 1416//1416
f 1460//1460 1589//1573 1458//1458
f 1458//1458 1589//1573 1588//685
f 1458//1458 1588//685 1592//700
f 1426//1426 1428//1428 1602//1580
f 1602//1580 1428//1428 1397//1397
f 1602//1580 1397//1397 1604//1582
f 1605//1583 1436//1436 1603//1581
f 1603//1581 1436//1436 1414//1414
f 1603//1581 1414//1414 1416//1416
f 1460//1460 1462//1462 1589//1573
f 1589//1573 1462//1462 1447//1447
f 1589//1573 1447//1447 1605//1583
f 1605//1583 1447//1447 1448//1448
f 1605//1583 1448//1448 1436//1436
f 1397//1397 1251//1251 1604//1582
f 1604//1582 1251//1251 1362//1362
f 1604//1582 1362//1362 1606//1584
f 1606//1584 1362//1362 1360//1360
f 1606//1584 1360//1360 1607//1585
f 1607//1585 1360//1360 1358//1358
f 1607//1585 1358//1358 1597//1577
f 1597//1577 1358//1358 1356//1356
f 1597//1577 1356//1356 1354//1354
f 1608//1586 1609//1587 1387//1387
f 1608//1586 1387//1387 1610//1588
f 1227//1227 1226//1226 1387//1387
f 1387//1387 1226//1226 1611//1589
f 1387//1387 1611//1589 1610//1588
f 1442//1442 1111//1111 1443//1443
f 1443//1443 1111//1111 1131//1131
f 1443//1443 1131//1131 1444//1444
f 1444//1444 1131//1131 1142//1142
f 1444//1444 1142//1142 1394//1394
f 1394//1394 1142//1142 1141//1141
f 1169//1169 1403//1403 1170//1170
f 1170//1170 1403//1403 1202//1202
f 1202//1202 1403//1403 1200//1200
f 1200//1200 1403//1403 1402//1402
f 1200//1200 1402//1402 1198//1198
f 1198//1198 1402//1402 1400//1400
f 1198//1198 1400//1400 1196//1196
f 1196//1196 1400//1400 1410//1410
f 1196//1196 1410//1410 1194//1194
f 1194//1194 1410//1410 1409//1409
f 1194//1194 1409//1409 1192//1192
f 1192//1192 1409//1409 1163//1163
f 1163//1163 1409//1409 1407//1407
f 1163//1163 1407//1407 1162//1162
f 1162//1162 1407//1407 1405//1405
f 1162//1162 1405//1405 1161//1161
f 1394//1394 1141//1141 1411//1411
f 1411//1411 1141//1141 1167//1167
f 1411//1411 1167//1167 1412//1412
f 1412//1412 1167//1167 1161//1161
f 1412//1412 1161//1161 1413//1413
f 1413//1413 1161//1161 1405//1405
f 1612//1590 1613//1591 1614//1592
f 1614//1592 1613//1591 1615//1593
f 1614//1592 1615//1593 1616//1594
f 1617//1595 1618//1596 1619//1597
f 1613//1591 1612//1590 1620//1598
f 1619//1597 1621//1599 1622//1600
f 1620//1598 1617//1595 1613//1591
f 1613//1591 1617//1595 1619//1597
f 1613//1591 1619//1597 1623//1601
f 1623//1601 1619//1597 1622//1600
f 1624//1602 1625//1603 1626//1604
f 1626//1604 1625//1603 1627//1605
f 1626//1604 1627//1605 1628//1606
f 1628//1606 1627//1605 1629//1607
f 1630//1608 1631//1609 1632//1610
f 1624//1602 1633//1611 1630//1608
f 1630//1608 1632//1610 1624//1602
f 1624//1602 1632//1610 1634//1612
f 1624//1602 1634//1612 1635//1613
f 1625//1603 1624//1602 1635//1613
f 1636//1614 1637//1615 1638//1616
f 1638//1616 1637//1615 1639//1617
f 1638//1616 1639//1617 1640//1618
f 1641//1619 1642//1620 1636//1614
f 1636//1614 1642//1620 1643//1621
f 1636//1614 1643//1621 1637//1615
f 1628//1606 1629//1607 1644//1622
f 1644//1622 1629//1607 1645//1623
f 1644//1622 1645//1623 1641//1619
f 1641//1619 1645//1623 1646//1624
f 1641//1619 1646//1624 1642//1620
f 1621//1599 81//81 1622//1600
f 1622//1600 81//81 80//80
f 1622//1600 80//80 1623//1601
f 1623//1601 80//80 1613//1591
f 67//67 1628//1606 1644//1622
f 67//67 1644//1622 68//68
f 68//68 1644//1622 1641//1619
f 68//68 1641//1619 72//72
f 72//72 1641//1619 74//74
f 74//74 1641//1619 1636//1614
f 74//74 1636//1614 76//76
f 76//76 1636//1614 1638//1616
f 76//76 1638//1616 55//55
f 1647//1625 1054//1054 65//65
f 65//65 1054//1054 1053//1053
f 65//65 1053//1053 52//52
f 52//52 1053//1053 53//53
f 1647//1625 65//65 1648//1626
f 1648//1626 65//65 63//63
f 1648//1626 63//63 1649//1627
f 63//63 61//61 1649//1627
f 1649//1627 61//61 59//59
f 1649//1627 59//59 1650//1628
f 1650//1628 59//59 57//57
f 1650//1628 57//57 1640//1618
f 1640//1618 57//57 55//55
f 1640//1618 55//55 1638//1616
f 1651//1629 1652//1630 1653//1631
f 1653//1631 1652//1630 1654//1632
f 1653//1631 1654//1632 1655//1633
f 1655//1633 1654//1632 1656//1634
f 1655//1633 1656//1634 1657//1635
f 1658//1636 1659//1637 1660//1638
f 1660//1638 1659//1637 1661//1639
f 1660//1638 1661//1639 1653//1631
f 1653//1631 1661//1639 1662//1640
f 1653//1631 1662//1640 1651//1629
f 1663//1641 1658//1636 1664//1642
f 1664//1642 1658//1636 1660//1638
f 1664//1642 1660//1638 1665//1643
f 1665//1643 1660//1638 1653//1631
f 1665//1643 1653//1631 1666//1644
f 1666//1644 1653//1631 1667//1645
f 1667//1645 1653//1631 1655//1633
f 1667//1645 1655//1633 1668//1646
f 1668//1646 1655//1633 1657//1635
f 1668//1646 1657//1635 1669//1647
f 1670//1648 1671//1649 1672//1650
f 1673//1651 1674//1652 1675//1653
f 1625//1603 1635//1613 1674//1652
f 1673//1651 1625//1603 1674//1652
f 1635//1613 1634//1612 1674//1652
f 1674//1652 1634//1612 1632//1610
f 1674//1652 1632//1610 1631//1609
f 1676//1654 1677//1655 1678//1656
f 1679//1657 1677//1655 1680//1658
f 1680//1658 1677//1655 1676//1654
f 1680//1658 1676//1654 1681//1659
f 1681//1659 1676//1654 1682//1660
f 1681//1659 1682//1660 1683//1661
f 1683//1661 1682//1660 1684//1662
f 1684//1662 1682//1660 1685//1663
f 1684//1662 1685//1663 1686//1664
f 1686//1664 1685//1663 1672//1650
f 1686//1664 1672//1650 1687//1665
f 1670//1648 1672//1650 1688//1666
f 1688//1666 1672//1650 1685//1663
f 1688//1666 1685//1663 1689//1667
f 1689//1667 1685//1663 1682//1660
f 1689//1667 1682//1660 1690//1668
f 1678//1656 1673//1651 1676//1654
f 1676//1654 1673//1651 1675//1653
f 1676//1654 1675//1653 1682//1660
f 1682//1660 1675//1653 1691//1669
f 1682//1660 1691//1669 1690//1668
f 1692//1670 1693//1671 1694//1672
f 1695//1673 1696//1674 1697//1675
f 1698//1676 1699//1677 1695//1673
f 1700//1678 1701//1679 1702//1680
f 1702//1680 1701//1679 1703//1681
f 1702//1680 1703//1681 1704//1682
f 1700//1678 1702//1680 1705//1683
f 1705//1683 1702//1680 1706//1684
f 1705//1683 1706//1684 1707//1685
f 1707//1685 1706//1684 1708//1686
f 1707//1685 1708//1686 1709//1687
f 1709//1687 1708//1686 1710//1688
f 1709//1687 1710//1688 1711//1689
f 1712//1690 1713//1691 1711//1689
f 1694//1672 1714//1692 1715//1693
f 1715//1693 1714//1692 1716//1694
f 1715//1693 1716//1694 1712//1690
f 1712//1690 1716//1694 1717//1695
f 1712//1690 1717//1695 1713//1691
f 1692//1670 1694//1672 1718//1696
f 1718//1696 1694//1672 1715//1693
f 1718//1696 1715//1693 1719//1697
f 1719//1697 1715//1693 1712//1690
f 1719//1697 1712//1690 1720//1698
f 1711//1689 1710//1688 1712//1690
f 1712//1690 1710//1688 1721//1699
f 1712//1690 1721//1699 1720//1698
f 1695//1673 1697//1675 1698//1676
f 1698//1676 1697//1675 1722//1700
f 1698//1676 1722//1700 1723//1701
f 1723//1701 1722//1700 1724//1702
f 1723//1701 1724//1702 1725//1703
f 1725//1703 1724//1702 1726//1704
f 1725//1703 1726//1704 1727//1705
f 1726//1704 1721//1699 1727//1705
f 1727//1705 1721//1699 1710//1688
f 1727//1705 1710//1688 1725//1703
f 1725//1703 1710//1688 1708//1686
f 1725//1703 1708//1686 1723//1701
f 1723//1701 1708//1686 1706//1684
f 1723//1701 1706//1684 1698//1676
f 1698//1676 1706//1684 1702//1680
f 1698//1676 1702//1680 1699//1677
f 1699//1677 1702//1680 1704//1682
f 1076//1076 1728//1706 1092//1092
f 1092//1092 1728//1706 1729//1707
f 1092//1092 1729//1707 1730//1708
f 1099//1099 1098//1098 1730//1708
f 1730//1708 1098//1098 1093//1093
f 1730//1708 1093//1093 1092//1092
f 1665//1643 1666//1644 1731//1709
f 1732//1710 1701//1679 1733//1711
f 1733//1711 1701//1679 1700//1678
f 1663//1641 1664//1642 1734//1712
f 1734//1712 1664//1642 1735//1713
f 1736//1714 1694//1672 1735//1713
f 1735//1713 1694//1672 1693//1671
f 1735//1713 1693//1671 1734//1712
f 1737//1715 1716//1694 1736//1714
f 1736//1714 1716//1694 1714//1692
f 1736//1714 1714//1692 1694//1672
f 1700//1678 1705//1683 1733//1711
f 1733//1711 1705//1683 1707//1685
f 1733//1711 1707//1685 1738//1716
f 1738//1716 1707//1685 1709//1687
f 1738//1716 1709//1687 1739//1717
f 1739//1717 1709//1687 1711//1689
f 1739//1717 1711//1689 1740//1718
f 1740//1718 1711//1689 1713//1691
f 1740//1718 1713//1691 1737//1715
f 1737//1715 1713//1691 1717//1695
f 1737//1715 1717//1695 1716//1694
f 1741//1719 1742//1720 1743//1721
f 1743//1721 1742//1720 1744//1722
f 1743//1721 1744//1722 1745//1723
f 1745//1723 1744//1722 1746//1724
f 1745//1723 1746//1724 1747//1725
f 1747//1725 1746//1724 1748//1726
f 1749//1727 1750//1728 1751//1729
f 1751//1729 1750//1728 1752//1730
f 1751//1729 1752//1730 1753//1731
f 1753//1731 1752//1730 1754//1732
f 1753//1731 1754//1732 1755//1733
f 1667//1645 1668//1646 1756//1734
f 1756//1734 1668//1646 1757//1735
f 1749//1727 1751//1729 1758//1736
f 1758//1736 1751//1729 1757//1735
f 1758//1736 1757//1735 1759//1737
f 1759//1737 1757//1735 1668//1646
f 1759//1737 1668//1646 1669//1647
f 1666//1644 1667//1645 1731//1709
f 1731//1709 1667//1645 1756//1734
f 1731//1709 1756//1734 1760//1738
f 1760//1738 1756//1734 1757//1735
f 1760//1738 1757//1735 1761//1739
f 1761//1739 1757//1735 1751//1729
f 1761//1739 1751//1729 1762//1740
f 1762//1740 1751//1729 1753//1731
f 1762//1740 1753//1731 1763//1741
f 1746//1724 1763//1741 1748//1726
f 1748//1726 1763//1741 1753//1731
f 1748//1726 1753//1731 1764//1742
f 1764//1742 1753//1731 1755//1733
f 1664//1642 1665//1643 1735//1713
f 1735//1713 1665//1643 1731//1709
f 1735//1713 1731//1709 1736//1714
f 1736//1714 1731//1709 1760//1738
f 1736//1714 1760//1738 1737//1715
f 1737//1715 1760//1738 1761//1739
f 1737//1715 1761//1739 1740//1718
f 1740//1718 1761//1739 1762//1740
f 1740//1718 1762//1740 1739//1717
f 1739//1717 1762//1740 1763//1741
f 1739//1717 1763//1741 1738//1716
f 1738//1716 1763//1741 1746//1724
f 1738//1716 1746//1724 1733//1711
f 1733//1711 1746//1724 1744//1722
f 1733//1711 1744//1722 1732//1710
f 1732//1710 1744//1722 1742//1720
f 1765//1743 1766//1744 1767//1745
f 1768//1746 1769//1747 1729//1707
f 1770//1748 1771//1749 1759//1737
f 1770//1748 1759//1737 1669//1647
f 1068//1068 1772//1750 1089//1089
f 1089//1089 1772//1750 1773//1751
f 1729//1707 1728//1706 1768//1746
f 1768//1746 1728//1706 1076//1076
f 1768//1746 1076//1076 1774//1752
f 1774//1752 1076//1076 1078//1078
f 1774//1752 1078//1078 1775//1753
f 1775//1753 1078//1078 1080//1080
f 1775//1753 1080//1080 1776//1754
f 1776//1754 1080//1080 1082//1082
f 1776//1754 1082//1082 1777//1755
f 1777//1755 1082//1082 1090//1090
f 1766//1744 1769//1747 1767//1745
f 1767//1745 1769//1747 1768//1746
f 1767//1745 1768//1746 1778//1756
f 1778//1756 1768//1746 1774//1752
f 1778//1756 1774//1752 1779//1757
f 1779//1757 1774//1752 1775//1753
f 1779//1757 1775//1753 1780//1758
f 1780//1758 1775//1753 1776//1754
f 1780//1758 1776//1754 1781//1759
f 1781//1759 1776//1754 1777//1755
f 1781//1759 1777//1755 1773//1751
f 1773//1751 1777//1755 1090//1090
f 1773//1751 1090//1090 1089//1089
f 1782//1760 1749//1727 1771//1749
f 1771//1749 1749//1727 1758//1736
f 1771//1749 1758//1736 1759//1737
f 1783//1761 1784//1762 1741//1719
f 1741//1719 1743//1721 1783//1761
f 1783//1761 1743//1721 1745//1723
f 1783//1761 1745//1723 1785//1763
f 1785//1763 1745//1723 1747//1725
f 1785//1763 1747//1725 1786//1764
f 1747//1725 1748//1726 1786//1764
f 1786//1764 1748//1726 1764//1742
f 1786//1764 1764//1742 1787//1765
f 1787//1765 1764//1742 1755//1733
f 1755//1733 1754//1732 1787//1765
f 1787//1765 1754//1732 1752//1730
f 1787//1765 1752//1730 1782//1760
f 1782//1760 1752//1730 1750//1728
f 1782//1760 1750//1728 1749//1727
f 1770//1748 1765//1743 1771//1749
f 1771//1749 1765//1743 1767//1745
f 1771//1749 1767//1745 1782//1760
f 1782//1760 1767//1745 1778//1756
f 1782//1760 1778//1756 1787//1765
f 1787//1765 1778//1756 1779//1757
f 1787//1765 1779//1757 1786//1764
f 1786//1764 1779//1757 1780//1758
f 1786//1764 1780//1758 1785//1763
f 1785//1763 1780//1758 1781//1759
f 1785//1763 1781//1759 1783//1761
f 1783//1761 1781//1759 1773//1751
f 1783//1761 1773//1751 1784//1762
f 1784//1762 1773//1751 1772//1750
f 1704//1682 1703//1681 1788//1766
f 1625//1603 1673//1651 1627//1605
f 1627//1605 1673//1651 1629//1607
f 1639//1617 1637//1615 1788//1766
f 1788//1766 1637//1615 1643//1621
f 1788//1766 1643//1621 1789//1767
f 1789//1767 1643//1621 1642//1620
f 1789//1767 1642//1620 1646//1624
f 1703//1681 1701//1679 1788//1766
f 1788//1766 1701//1679 1790//1768
f 1788//1766 1790//1768 1639//1617
f 1704//1682 1788//1766 1699//1677
f 1699//1677 1788//1766 1789//1767
f 1699//1677 1789//1767 1695//1673
f 1696//1674 1695//1673 1791//1769
f 1791//1769 1695//1673 1789//1767
f 1791//1769 1789//1767 1678//1656
f 1678//1656 1789//1767 1646//1624
f 1678//1656 1646//1624 1673//1651
f 1673//1651 1646//1624 1645//1623
f 1673//1651 1645//1623 1629//1607
f 48//48 47//47 1051//1051
f 1097//1097 998//998 1091//1091
f 1091//1091 998//998 1002//1002
f 1014//1014 1085//1085 1012//1012
f 1012//1012 1085//1085 1075//1075
f 1012//1012 1075//1075 1002//1002
f 1002//1002 1075//1075 1074//1074
f 1002//1002 1074//1074 1091//1091
f 1016//1016 1069//1069 1014//1014
f 1014//1014 1069//1069 1087//1087
f 1014//1014 1087//1087 1085//1085
f 33//33 48//48 1050//1050
f 1050//1050 48//48 1051//1051
f 1050//1050 1051//1051 1018//1018
f 1018//1018 1051//1051 1065//1065
f 1018//1018 1065//1065 1016//1016
f 1016//1016 1065//1065 1066//1066
f 1016//1016 1066//1066 1069//1069
f 1640//1618 1639//1617 1790//1768
f 1650//1628 1792//1770 1649//1627
f 1649//1627 1792//1770 1793//1771
f 1063//1063 1054//1054 1794//1772
f 1794//1772 1054//1054 1647//1625
f 1794//1772 1647//1625 1793//1771
f 1793//1771 1647//1625 1648//1626
f 1793//1771 1648//1626 1649//1627
f 1701//1679 1732//1710 1790//1768
f 1790//1768 1732//1710 1792//1770
f 1790//1768 1792//1770 1640//1618
f 1640//1618 1792//1770 1650//1628
f 1732//1710 1742//1720 1792//1770
f 1792//1770 1742//1720 1741//1719
f 1792//1770 1741//1719 1793//1771
f 1793//1771 1741//1719 1784//1762
f 1793//1771 1784//1762 1794//1772
f 1794//1772 1784//1762 1772//1750
f 1794//1772 1772//1750 1063//1063
f 1063//1063 1772//1750 1068//1068
f 1620//1598 1795//1773 1617//1595
f 1617//1595 1795//1773 1618//1596
f 1620//1598 1612//1590 1796//1774
f 1796//1774 1612//1590 1614//1592
f 1796//1774 1614//1592 1616//1594
f 1796//1774 1797//1775 1798//1776
f 1620//1598 1796//1774 1795//1773
f 1795//1773 1796//1774 1798//1776
f 1795//1773 1798//1776 1799//1777
f 992//992 998//998 1097//1097
f 983//983 992//992 1272//1272
f 1272//1272 992//992 1097//1097
f 1272//1272 1097//1097 1453//1453
f 1453//1453 1097//1097 1101//1101
f 1453//1453 1101//1101 1465//1465
f 1465//1465 1101//1101 1115//1115
f 1465//1465 1115//1115 1450//1450
f 1450//1450 1115//1115 1129//1129
f 1450//1450 1129//1129 1451//1451
f 1451//1451 1129//1129 1128//1128
f 1451//1451 1128//1128 1466//1466
f 1466//1466 1128//1128 1470//1470
f 1470//1470 1128//1128 1127//1127
f 1470//1470 1127//1127 1469//1469
f 1127//1127 1126//1126 1469//1469
f 1469//1469 1126//1126 1111//1111
f 1469//1469 1111//1111 1442//1442
f 1800//1778 1801//1779 1802//1780
f 1803//1781 1804//1782 1805//1783
f 1805//1783 1804//1782 1806//1784
f 1801//1779 1807//1785 1808//1786
f 1808//1786 1807//1785 1809//1787
f 1808//1786 1809//1787 1805//1783
f 1805//1783 1809//1787 1810//1788
f 1805//1783 1810//1788 1803//1781
f 1800//1778 1802//1780 1811//1789
f 1811//1789 1802//1780 1812//1790
f 1812//1790 1802//1780 1813//1791
f 1812//1790 1813//1791 1814//1792
f 1657//1635 1656//1634 1815//1793
f 1669//1647 1657//1635 1770//1748
f 1770//1748 1657//1635 1816//1794
f 1766//1744 1817//1795 1769//1747
f 1769//1747 1817//1795 1818//1796
f 1769//1747 1818//1796 1729//1707
f 1808//1786 1819//1797 1820//1798
f 1808//1786 1820//1798 1817//1795
f 1817//1795 1820//1798 1821//1799
f 1817//1795 1821//1799 1818//1796
f 1154//1154 1805//1783 1822//1800
f 1822//1800 1805//1783 1806//1784
f 1822//1800 1806//1784 1823//1801
f 1133//1133 1819//1797 1150//1150
f 1150//1150 1819//1797 1808//1786
f 1150//1150 1808//1786 1148//1148
f 1148//1148 1808//1786 1805//1783
f 1148//1148 1805//1783 1153//1153
f 1153//1153 1805//1783 1154//1154
f 1815//1793 1814//1792 1657//1635
f 1657//1635 1814//1792 1813//1791
f 1657//1635 1813//1791 1816//1794
f 1816//1794 1813//1791 1802//1780
f 1816//1794 1802//1780 1824//1802
f 1801//1779 1808//1786 1802//1780
f 1802//1780 1808//1786 1817//1795
f 1802//1780 1817//1795 1824//1802
f 1824//1802 1817//1795 1766//1744
f 1824//1802 1766//1744 1816//1794
f 1816//1794 1766//1744 1765//1743
f 1816//1794 1765//1743 1770//1748
f 1122//1122 1099//1099 1730//1708
f 1124//1124 1123//1123 1821//1799
f 1133//1133 1132//1132 1819//1797
f 1819//1797 1132//1132 1137//1137
f 1819//1797 1137//1137 1820//1798
f 1820//1798 1137//1137 1130//1130
f 1820//1798 1130//1130 1821//1799
f 1821//1799 1130//1130 1125//1125
f 1821//1799 1125//1125 1124//1124
f 1123//1123 1122//1122 1821//1799
f 1821//1799 1122//1122 1730//1708
f 1821//1799 1730//1708 1818//1796
f 1818//1796 1730//1708 1729//1707
f 1154//1154 1822//1800 1206//1206
f 1825//1803 1799//1777 1610//1588
f 1610//1588 1799//1777 1798//1776
f 1610//1588 1798//1776 1797//1775
f 1226//1226 1224//1224 1826//1804
f 1825//1803 1610//1588 1826//1804
f 1826//1804 1610//1588 1611//1589
f 1826//1804 1611//1589 1226//1226
f 1224//1224 1228//1228 1826//1804
f 1826//1804 1228//1228 1217//1217
f 1826//1804 1217//1217 1827//1805
f 1828//1806 1829//1807 1830//1808
f 1830//1808 1829//1807 1831//1809
f 1830//1808 1831//1809 1832//1810
f 1832//1810 1831//1809 1833//1811
f 1209//1209 1834//1812 1833//1811
f 1833//1811 1834//1812 1835//1813
f 1833//1811 1835//1813 1832//1810
f 1206//1206 1822//1800 1207//1207
f 1209//1209 1208//1208 1834//1812
f 1834//1812 1208//1208 1207//1207
f 1834//1812 1207//1207 1836//1814
f 1836//1814 1207//1207 1822//1800
f 1836//1814 1822//1800 1823//1801
f 1217//1217 1205//1205 1827//1805
f 1827//1805 1205//1205 1204//1204
f 1827//1805 1204//1204 1828//1806
f 1828//1806 1204//1204 1203//1203
f 1828//1806 1203//1203 1829//1807
f 1829//1807 1203//1203 1176//1176
f 1829//1807 1176//1176 1831//1809
f 1831//1809 1176//1176 1175//1175
f 1831//1809 1175//1175 1833//1811
f 1833//1811 1175//1175 1210//1210
f 1833//1811 1210//1210 1209//1209
f 1837//1815 1526//1526 1539//1539
f 1531//1531 1838//1816 1532//1532
f 1532//1532 1838//1816 1609//1587
f 1609//1587 1608//1586 1532//1532
f 1532//1532 1608//1586 1610//1588
f 1532//1532 1610//1588 1539//1539
f 1539//1539 1610//1588 1797//1775
f 1539//1539 1797//1775 1837//1815
f 1837//1815 1797//1775 1796//1774
f 1525//1525 1526//1526 1837//1815
f 1796//1774 1616//1594 1839//1817
f 1837//1815 1796//1774 1525//1525
f 1525//1525 1796//1774 1839//1817
f 1525//1525 1839//1817 1520//1520
f 1840//1818 1516//1516 1517//1517
f 1615//1593 1840//1818 1616//1594
f 1616//1594 1840//1818 1517//1517
f 1616//1594 1517//1517 1839//1817
f 1839//1817 1517//1517 1520//1520
f 83//83 1516//1516 1840//1818
f 83//83 1840//1818 80//80
f 80//80 1840//1818 1615//1593
f 80//80 1615//1593 1613//1591
f 1511//1511 1510//1510 1841//1819
f 1841//1819 1510//1510 1555//1555
f 1842//1820 1497//1497 1490//1490
f 994//994 993//993 4//4
f 4//4 993//993 976//976
f 4//4 976//976 1475//1475
f 1475//1475 976//976 974//974
f 1475//1475 974//974 1483//1483
f 1483//1483 974//974 1490//1490
f 2//2 1000//1000 4//4
f 4//4 1000//1000 999//999
f 4//4 999//999 994//994
f 1545//1545 1843//1821 1547//1547
f 1547//1547 1843//1821 1844//1822
f 1547//1547 1844//1822 975//975
f 975//975 1844//1822 1845//1823
f 975//975 1845//1823 974//974
f 974//974 1845//1823 1846//1824
f 974//974 1846//1824 1490//1490
f 1490//1490 1846//1824 1847//1825
f 1490//1490 1847//1825 1842//1820
f 1544//1544 991//991 1542//1542
f 1542//1542 991//991 1292//1292
f 1542//1542 1292//1292 1556//1556
f 1556//1556 1292//1292 1298//1298
f 1609//1587 1838//1816 1387//1387
f 1387//1387 1838//1816 1531//1531
f 1387//1387 1531//1531 1386//1386
f 1386//1386 1531//1531 1528//1528
f 1386//1386 1528//1528 1527//1527
f 1504//1504 1540//1540 1502//1502
f 1502//1502 1540//1540 89//89
f 1502//1502 89//89 92//92
f 1513//1513 1386//1386 1509//1509
f 1509//1509 1386//1386 1527//1527
f 1509//1509 1527//1527 1508//1508
f 1508//1508 1527//1527 1540//1540
f 1508//1508 1540//1540 1506//1506
f 1506//1506 1540//1540 1504//1504
f 1572//1567 1338//1338 1376//1376
f 1572//1567 1376//1376 1562//1562
f 1562//1562 1376//1376 1377//1377
f 1562//1562 1377//1377 1560//1560
f 1377//1377 1378//1378 1560//1560
f 1560//1560 1378//1378 1379//1379
f 1560//1560 1379//1379 1558//1558
f 1379//1379 1380//1380 1558//1558
f 1558//1558 1380//1380 1381//1381
f 1558//1558 1381//1381 1575//1570
f 1555//1555 1554//1554 1841//1819
f 1841//1819 1554//1554 1386//1386
f 1841//1819 1386//1386 1511//1511
f 1511//1511 1386//1386 1513//1513
f 1381//1381 1382//1382 1575//1570
f 1575//1570 1382//1382 1383//1383
f 1575//1570 1383//1383 1573//1568
f 1573//1568 1383//1383 1384//1384
f 1573//1568 1384//1384 1554//1554
f 1554//1554 1384//1384 1385//1385
f 1554//1554 1385//1385 1386//1386
f 1//1 166//166 30//30
f 1046//1046 25//25 36//36
f 36//36 25//25 1//1
f 36//36 1//1 29//29
f 29//29 1//1 30//30
f 67//67 1848//1826 1633//1611
f 1633//1611 1624//1602 67//67
f 67//67 1624//1602 1626//1604
f 67//67 1626//1604 1628//1606
f 940//940 939//939 1849//1827
f 940//940 1849//1827 941//941
f 1850//1828 932//932 930//930
f 930//930 929//929 1850//1828
f 1850//1828 929//929 938//938
f 1850//1828 938//938 937//937
f 937//937 936//936 1850//1828
f 1850//1828 936//936 923//923
f 1850//1828 923//923 1849//1827
f 1849//1827 923//923 922//922
f 1849//1827 922//922 941//941
f 1851//1829 914//914 925//925
f 1851//1829 925//925 1850//1828
f 1850//1828 925//925 934//934
f 1850//1828 934//934 932//932
f 1852//1830 1851//1829 1853//1831
f 1853//1831 1851//1829 1850//1828
f 1853//1831 1850//1828 1854//1832
f 1854//1832 1850//1828 1849//1827
f 1855//1833 1856//1834 1857//1835
f 911//911 1858//1836 912//912
f 1859//1837 1860//1838 1861//1839
f 912//912 1858//1836 908//908
f 1862//1840 831//831 1863//1841
f 1863//1841 831//831 830//830
f 1863//1841 830//830 907//907
f 1856//1834 1864//1842 1863//1841
f 1864//1842 1856//1834 1865//1843
f 1865//1843 1856//1834 1855//1833
f 1865//1843 1855//1833 1861//1839
f 1866//1844 1867//1845 1868//1846
f 1851//1829 1852//1830 1867//1845
f 915//915 1869//1847 909//909
f 909//909 1869//1847 1857//1835
f 907//907 908//908 1863//1841
f 1863//1841 908//908 1858//1836
f 1863//1841 1858//1836 1856//1834
f 1856//1834 1858//1836 911//911
f 1856//1834 911//911 1857//1835
f 1857//1835 911//911 910//910
f 1857//1835 910//910 909//909
f 1859//1837 1861//1839 1868//1846
f 1868//1846 1861//1839 1855//1833
f 1868//1846 1855//1833 1866//1844
f 1866//1844 1855//1833 1857//1835
f 1866//1844 1857//1835 1867//1845
f 1867//1845 1857//1835 1869//1847
f 1867//1845 1869//1847 1851//1829
f 1851//1829 1869//1847 915//915
f 1851//1829 915//915 914//914
f 1870//1848 1871//1849 1872//1850
f 1873//1851 1874//1852 1875//1853
f 1876//1854 952//952 1877//1855
f 1877//1855 952//952 953//953
f 1877//1855 953//953 1878//1856
f 1878//1856 953//953 954//954
f 1878//1856 954//954 1879//1857
f 1879//1857 954//954 955//955
f 1879//1857 955//955 917//917
f 1880//1858 950//950 1876//1854
f 1876//1854 950//950 949//949
f 1876//1854 949//949 952//952
f 1881//1859 946//946 947//947
f 946//946 1881//1859 939//939
f 939//939 1881//1859 1882//1860
f 939//939 1882//1860 1849//1827
f 1873//1851 1875//1853 1883//1861
f 1884//1862 1885//1863 1886//1864
f 1886//1864 1885//1863 1887//1865
f 1888//1866 1889//1867 1890//1868
f 1890//1868 1889//1867 1891//1869
f 1890//1868 1891//1869 1892//1870
f 1892//1870 1891//1869 1893//1871
f 1893//1871 1891//1869 1894//1872
f 1893//1871 1894//1872 1895//1873
f 1895//1873 1894//1872 1896//1874
f 1895//1873 1896//1874 1897//1875
f 1898//1876 1899//1877 1900//1878
f 1900//1878 1899//1877 1901//1879
f 1900//1878 1901//1879 1872//1850
f 1872//1850 1901//1879 1902//1880
f 1872//1850 1902//1880 1870//1848
f 1903//1881 1904//1882 1905//1883
f 1905//1883 1904//1882 1906//1884
f 1905//1883 1906//1884 1907//1885
f 1907//1885 1906//1884 1908//1886
f 1909//1887 1910//1888 1886//1864
f 1886//1864 1910//1888 1911//1889
f 1886//1864 1911//1889 1884//1862
f 1884//1862 1911//1889 1912//1890
f 1910//1888 1913//1891 1911//1889
f 1911//1889 1913//1891 1914//1892
f 1911//1889 1914//1892 1912//1890
f 1912//1890 1914//1892 1915//1893
f 1909//1887 1908//1886 1910//1888
f 1910//1888 1908//1886 1906//1884
f 1910//1888 1906//1884 1913//1891
f 1913//1891 1906//1884 1904//1882
f 1913//1891 1904//1882 1872//1850
f 1872//1850 1904//1882 1903//1881
f 1872//1850 1903//1881 1900//1878
f 1871//1849 1897//1875 1872//1850
f 1872//1850 1897//1875 1896//1874
f 1872//1850 1896//1874 1913//1891
f 1913//1891 1896//1874 1894//1872
f 1913//1891 1894//1872 1914//1892
f 1914//1892 1894//1872 1891//1869
f 1914//1892 1891//1869 1915//1893
f 1915//1893 1891//1869 1889//1867
f 1875//1853 1852//1830 1916//1894
f 1916//1894 1852//1830 1853//1831
f 1916//1894 1853//1831 1882//1860
f 1882//1860 1853//1831 1854//1832
f 1882//1860 1854//1832 1849//1827
f 1874//1852 1873//1851 1917//1895
f 1917//1895 1873//1851 1883//1861
f 1917//1895 1883//1861 1918//1896
f 1918//1896 1883//1861 1919//1897
f 1918//1896 1919//1897 1920//1898
f 1920//1898 1919//1897 1921//1899
f 1920//1898 1921//1899 1880//1858
f 1875//1853 1916//1894 1883//1861
f 1883//1861 1916//1894 1882//1860
f 1883//1861 1882//1860 1919//1897
f 1919//1897 1882//1860 1881//1859
f 1919//1897 1881//1859 1921//1899
f 1921//1899 1881//1859 947//947
f 1921//1899 947//947 1880//1858
f 1880//1858 947//947 951//951
f 1880//1858 951//951 950//950
f 917//917 1898//1876 1879//1857
f 1879//1857 1898//1876 1900//1878
f 1879//1857 1900//1878 1878//1856
f 1878//1856 1900//1878 1903//1881
f 1878//1856 1903//1881 1877//1855
f 1877//1855 1903//1881 1905//1883
f 1877//1855 1905//1883 1876//1854
f 1876//1854 1905//1883 1907//1885
f 1876//1854 1907//1885 1880//1858
f 1880//1858 1907//1885 1908//1886
f 1880//1858 1908//1886 1920//1898
f 1920//1898 1908//1886 1909//1887
f 1920//1898 1909//1887 1918//1896
f 1918//1896 1909//1887 1886//1864
f 1918//1896 1886//1864 1917//1895
f 1917//1895 1886//1864 1887//1865
f 1917//1895 1887//1865 1874//1852
f 1922//1900 1923//1901 1924//1902
f 1925//1903 1860//1838 1859//1837
f 1925//1903 1859//1837 1926//1904
f 1927//1905 1928//1906 1926//1904
f 1926//1904 1928//1906 1929//1907
f 1926//1904 1929//1907 1925//1903
f 1926//1904 1930//1908 1927//1905
f 1927//1905 1930//1908 1931//1909
f 1927//1905 1931//1909 1932//1910
f 1932//1910 1931//1909 1933//1911
f 1932//1910 1933//1911 1934//1912
f 1934//1912 1933//1911 1935//1913
f 1935//1913 1933//1911 1936//1914
f 1935//1913 1936//1914 1924//1902
f 1924//1902 1936//1914 1937//1915
f 1924//1902 1937//1915 1922//1900
f 1938//1916 1939//1917 1937//1915
f 1937//1915 1939//1917 1940//1918
f 1937//1915 1940//1918 1922//1900
f 1941//1919 1942//1920 1943//1921
f 1942//1920 1941//1919 1888//1866
f 1944//1922 1915//1893 1889//1867
f 1915//1893 1944//1922 1912//1890
f 1912//1890 1944//1922 1945//1923
f 1912//1890 1945//1923 1884//1862
f 1884//1862 1945//1923 1946//1924
f 1884//1862 1946//1924 1885//1863
f 1885//1863 1946//1924 1947//1925
f 1885//1863 1947//1925 1887//1865
f 1887//1865 1947//1925 1948//1926
f 1887//1865 1948//1926 1874//1852
f 1874//1852 1948//1926 1949//1927
f 1874//1852 1949//1927 1875//1853
f 1875//1853 1949//1927 1867//1845
f 1875//1853 1867//1845 1852//1830
f 1942//1920 1938//1916 1943//1921
f 1943//1921 1938//1916 1937//1915
f 1943//1921 1937//1915 1950//1928
f 1950//1928 1937//1915 1936//1914
f 1950//1928 1936//1914 1951//1929
f 1951//1929 1936//1914 1933//1911
f 1951//1929 1933//1911 1952//1930
f 1952//1930 1933//1911 1931//1909
f 1952//1930 1931//1909 1953//1931
f 1953//1931 1931//1909 1930//1908
f 1953//1931 1930//1908 1954//1932
f 1954//1932 1930//1908 1926//1904
f 1859//1837 1868//1846 1926//1904
f 1926//1904 1868//1846 1867//1845
f 1926//1904 1867//1845 1954//1932
f 1954//1932 1867//1845 1949//1927
f 1954//1932 1949//1927 1953//1931
f 1953//1931 1949//1927 1948//1926
f 1953//1931 1948//1926 1952//1930
f 1952//1930 1948//1926 1947//1925
f 1952//1930 1947//1925 1951//1929
f 1951//1929 1947//1925 1946//1924
f 1951//1929 1946//1924 1950//1928
f 1950//1928 1946//1924 1945//1923
f 1950//1928 1945//1923 1943//1921
f 1943//1921 1945//1923 1944//1922
f 1943//1921 1944//1922 1941//1919
f 1941//1919 1944//1922 1889//1867
f 1941//1919 1889//1867 1888//1866
f 1935//1913 1955//1933 1934//1912
f 1934//1912 1955//1933 1956//1934
f 1934//1912 1956//1934 1932//1910
f 1932//1910 1956//1934 1957//1935
f 1932//1910 1957//1935 1927//1905
f 1927//1905 1957//1935 1928//1906
f 1958//1936 1925//1903 1957//1935
f 1957//1935 1925//1903 1929//1907
f 1957//1935 1929//1907 1928//1906
f 1860//1838 1925//1903 1959//1937
f 1959//1937 1925//1903 1958//1936
f 1959//1937 1958//1936 1960//1938
f 1960//1938 1961//1939 1959//1937
f 1959//1937 1961//1939 1962//1940
f 1959//1937 1962//1940 1963//1941
f 1964//1942 1955//1933 1965//1943
f 1965//1943 1955//1933 1935//1913
f 1965//1943 1935//1913 1924//1902
f 1966//1944 1967//1945 1968//1946
f 1968//1946 1967//1945 1969//1947
f 1968//1946 1969//1947 1970//1948
f 1970//1948 1969//1947 1971//1949
f 1970//1948 1971//1949 1972//1950
f 1966//1944 1973//1951 1974//1952
f 1975//1953 1964//1942 1976//1954
f 1976//1954 1964//1942 1965//1943
f 1976//1954 1965//1943 1977//1955
f 1977//1955 1965//1943 1924//1902
f 1977//1955 1924//1902 1978//1956
f 1978//1956 1924//1902 1923//1901
f 1972//1950 1979//1957 1970//1948
f 1970//1948 1979//1957 1980//1958
f 1970//1948 1980//1958 1968//1946
f 1968//1946 1980//1958 1981//1959
f 1968//1946 1981//1959 1966//1944
f 1966//1944 1981//1959 1982//1960
f 1966//1944 1982//1960 1973//1951
f 1975//1953 1979//1957 1964//1942
f 1964//1942 1979//1957 1972//1950
f 1964//1942 1972//1950 1955//1933
f 1955//1933 1972//1950 1971//1949
f 1955//1933 1971//1949 1956//1934
f 1956//1934 1971//1949 1969//1947
f 1956//1934 1969//1947 1957//1935
f 1957//1935 1969//1947 1967//1945
f 1957//1935 1967//1945 1958//1936
f 1958//1936 1967//1945 1966//1944
f 1958//1936 1966//1944 1960//1938
f 1960//1938 1966//1944 1974//1952
f 1960//1938 1974//1952 1961//1939
f 1983//1961 1984//1962 1985//1963
f 1861//1839 1860//1838 1959//1937
f 1863//1841 1864//1842 1986//1964
f 1986//1964 1864//1842 1865//1843
f 1987//1965 1983//1961 1986//1964
f 1986//1964 1983//1961 1985//1963
f 1986//1964 1985//1963 1863//1841
f 1863//1841 1985//1963 1988//1966
f 1863//1841 1988//1966 1862//1840
f 1959//1937 1963//1941 1989//1967
f 1989//1967 1963//1941 1990//1968
f 1989//1967 1990//1968 1991//1969
f 1861//1839 1959//1937 1865//1843
f 1865//1843 1959//1937 1989//1967
f 1865//1843 1989//1967 1986//1964
f 1986//1964 1989//1967 1991//1969
f 1986//1964 1991//1969 1987//1965
f 865//865 1992//1970 866//866
f 1988//1966 847//847 1862//1840
f 1862//1840 847//847 831//831
f 1992//1970 1993//1971 866//866
f 866//866 1993//1971 1994//1972
f 866//866 1994//1972 882//882
f 882//882 1994//1972 1995//1973
f 882//882 1995//1973 883//883
f 883//883 1995//1973 1996//1974
f 883//883 1996//1974 874//874
f 874//874 1996//1974 875//875
f 1997//1975 1998//1976 873//873
f 789//789 873//873 1999//1977
f 1999//1977 873//873 1998//1976
f 1999//1977 1998//1976 902//902
f 873//873 2000//1978 1997//1975
f 1997//1975 2000//1978 2001//1979
f 1997//1975 2001//1979 2002//1980
f 2002//1980 2001//1979 2003//1981
f 2003//1981 2001//1979 2004//1982
f 2003//1981 2004//1982 2005//1983
f 2006//1984 2007//1985 2004//1982
f 2004//1982 2007//1985 2008//1986
f 2004//1982 2008//1986 2005//1983
f 2006//1984 2009//1987 2007//1985
f 2007//1985 2009//1987 2010//1988
f 2007//1985 2010//1988 2011//1989
f 2011//1989 2010//1988 2012//1990
f 2012//1990 2010//1988 1985//1963
f 2012//1990 1985//1963 1984//1962
f 873//873 879//879 2000//1978
f 2000//1978 879//879 877//877
f 2000//1978 877//877 2001//1979
f 2001//1979 877//877 875//875
f 2001//1979 875//875 2004//1982
f 2004//1982 875//875 1996//1974
f 2004//1982 1996//1974 2006//1984
f 2006//1984 1996//1974 1995//1973
f 2006//1984 1995//1973 2009//1987
f 2009//1987 1995//1973 1994//1972
f 2009//1987 1994//1972 2010//1988
f 2010//1988 1994//1972 1993//1971
f 2010//1988 1993//1971 1985//1963
f 1985//1963 1993//1971 1992//1970
f 1985//1963 1992//1970 1988//1966
f 1988//1966 1992//1970 865//865
f 1988//1966 865//865 847//847
f 917//917 916//916 2013//1991
f 917//917 2013//1991 1898//1876
f 1898//1876 2013//1991 2014//1992
f 1898//1876 2014//1992 1899//1877
f 2015//1993 1902//1880 2014//1992
f 2014//1992 1902//1880 1901//1879
f 2014//1992 1901//1879 1899//1877
f 2016//1994 2017//1995 1895//1873
f 1895//1873 1897//1875 2016//1994
f 2016//1994 1897//1875 1871//1849
f 2016//1994 1871//1849 2015//1993
f 2015//1993 1871//1849 1870//1848
f 2015//1993 1870//1848 1902//1880
f 1893//1871 2018//1996 1892//1870
f 1892//1870 2018//1996 2019//1997
f 1892//1870 2019//1997 1890//1868
f 2020//1998 1888//1866 1890//1868
f 2019//1997 2021//1999 2022//2000
f 1890//1868 2019//1997 2020//1998
f 2020//1998 2019//1997 2022//2000
f 2020//1998 2022//2000 2023//2001
f 2021//1999 2019//1997 2024//2002
f 2024//2002 2019//1997 2018//1996
f 2024//2002 2018//1996 2025//2003
f 1893//1871 1895//1873 2018//1996
f 2018//1996 1895//1873 2017//1995
f 2018//1996 2017//1995 2025//2003
f 2025//2003 2017//1995 2016//1994
f 2025//2003 2016//1994 2026//2004
f 2026//2004 2016//1994 2015//1993
f 2026//2004 2015//1993 2027//2005
f 2027//2005 2015//1993 2014//1992
f 2027//2005 2014//1992 2028//2006
f 2028//2006 2014//1992 2013//1991
f 2028//2006 2013//1991 2029//2007
f 2029//2007 2013//1991 916//916
f 2029//2007 916//916 742//742
f 2030//2008 2031//2009 2032//2010
f 2033//2011 2034//2012 2035//2013
f 2036//2014 2037//2015 2038//2016
f 2038//2016 2037//2015 2033//2011
f 2039//2017 2040//2018 2041//2019
f 2030//2008 2032//2010 2042//2020
f 2042//2020 2032//2010 2043//2021
f 2042//2020 2043//2021 2044//2022
f 2044//2022 2043//2021 2045//2023
f 2045//2023 2043//2021 2020//1998
f 2045//2023 2020//1998 2023//2001
f 2035//2013 1975//1953 1976//1954
f 2033//2011 2035//2013 2038//2016
f 2038//2016 2035//2013 1976//1954
f 2038//2016 1976//1954 2046//2024
f 1976//1954 1977//1955 2046//2024
f 2046//2024 1977//1955 1978//1956
f 2046//2024 1978//1956 1923//1901
f 2036//2014 2038//2016 2041//2019
f 2041//2019 2038//2016 2046//2024
f 2041//2019 2046//2024 2039//2017
f 2039//2017 2046//2024 1923//1901
f 2039//2017 1923//1901 1922//1900
f 1922//1900 1940//1918 2039//2017
f 2039//2017 1940//1918 2031//2009
f 2039//2017 2031//2009 2040//2018
f 2040//2018 2031//2009 2030//2008
f 1940//1918 1939//1917 2031//2009
f 2031//2009 1939//1917 1938//1916
f 2031//2009 1938//1916 2032//2010
f 2032//2010 1938//1916 1942//1920
f 2032//2010 1942//1920 2043//2021
f 2043//2021 1942//1920 1888//1866
f 2043//2021 1888//1866 2020//1998
f 2047//2025 2048//2026 2049//2027
f 2050//2028 2051//2029 2052//2030
f 2053//2031 2054//2032 2055//2033
f 2056//2034 2053//2031 2057//2035
f 2057//2035 2053//2031 2055//2033
f 2057//2035 2055//2033 2058//2036
f 2058//2036 2055//2033 2059//2037
f 2060//2038 2059//2037 2061//2039
f 2061//2039 2059//2037 2055//2033
f 2061//2039 2055//2033 2062//2040
f 2062//2040 2055//2033 2054//2032
f 2062//2040 2054//2032 2063//2041
f 2050//2028 2052//2030 2064//2042
f 2065//2043 2066//2044 2067//2045
f 2067//2045 2068//2046 2065//2043
f 2065//2043 2068//2046 1963//1941
f 2065//2043 1963//1941 1962//1940
f 1962//1940 1961//1939 2065//2043
f 2065//2043 1961//1939 1974//1952
f 2065//2043 1974//1952 2069//2047
f 2048//2026 2064//2042 2049//2027
f 2049//2027 2064//2042 2052//2030
f 2049//2027 2052//2030 2070//2048
f 2070//2048 2052//2030 2071//2049
f 2070//2048 2071//2049 2072//2050
f 2072//2050 2071//2049 2073//2051
f 2072//2050 2073//2051 2074//2052
f 2074//2052 2073//2051 2075//2053
f 2074//2052 2075//2053 2069//2047
f 2069//2047 2075//2053 2076//2054
f 2069//2047 2076//2054 2065//2043
f 2065//2043 2076//2054 2077//2055
f 2065//2043 2077//2055 2066//2044
f 2066//2044 2077//2055 2078//2056
f 2079//2057 2080//2058 2081//2059
f 2081//2059 2080//2058 2082//2060
f 2081//2059 2082//2060 2083//2061
f 2083//2061 2082//2060 2084//2062
f 2083//2061 2084//2062 2085//2063
f 2085//2063 2084//2062 2086//2064
f 2085//2063 2086//2064 2087//2065
f 2087//2065 2086//2064 2088//2066
f 2058//2036 2088//2066 2057//2035
f 2057//2035 2088//2066 2086//2064
f 2057//2035 2086//2064 2056//2034
f 2056//2034 2086//2064 2084//2062
f 2056//2034 2084//2062 2089//2067
f 2089//2067 2084//2062 2082//2060
f 2089//2067 2082//2060 2090//2068
f 2090//2068 2082//2060 2080//2058
f 2090//2068 2080//2058 2091//2069
f 2091//2069 2080//2058 2079//2057
f 2091//2069 2079//2057 2092//2070
f 1974//1952 1973//1951 2069//2047
f 2069//2047 1973//1951 1982//1960
f 2069//2047 1982//1960 2074//2052
f 2074//2052 1982//1960 1981//1959
f 2074//2052 1981//1959 2072//2050
f 2072//2050 1981//1959 1980//1958
f 2072//2050 1980//1958 2070//2048
f 2070//2048 1980//1958 1979//1957
f 2070//2048 1979//1957 2049//2027
f 2049//2027 1979//1957 1975//1953
f 2049//2027 1975//1953 2047//2025
f 2051//2029 2063//2041 2052//2030
f 2052//2030 2063//2041 2054//2032
f 2052//2030 2054//2032 2071//2049
f 2071//2049 2054//2032 2053//2031
f 2071//2049 2053//2031 2073//2051
f 2073//2051 2053//2031 2056//2034
f 2073//2051 2056//2034 2075//2053
f 2075//2053 2056//2034 2089//2067
f 2075//2053 2089//2067 2076//2054
f 2076//2054 2089//2067 2090//2068
f 2076//2054 2090//2068 2077//2055
f 2077//2055 2090//2068 2091//2069
f 2077//2055 2091//2069 2078//2056
f 2078//2056 2091//2069 2092//2070
f 1963//1941 2068//2046 1990//1968
f 1990//1968 2068//2046 2093//2071
f 1990//1968 2093//2071 1991//1969
f 1987//1965 2094//2072 1983//1961
f 1983//1961 2094//2072 2095//2073
f 1983//1961 2095//2073 1984//1962
f 2096//2074 2097//2075 2098//2076
f 2098//2076 2097//2075 2099//2077
f 2098//2076 2099//2077 2100//2078
f 2079//2057 2099//2077 2101//2079
f 2101//2079 2099//2077 2097//2075
f 2101//2079 2097//2075 2102//2080
f 2102//2080 2097//2075 2096//2074
f 2102//2080 2096//2074 2094//2072
f 2094//2072 2096//2074 2103//2081
f 2094//2072 2103//2081 2095//2073
f 2068//2046 2067//2045 2093//2071
f 2093//2071 2067//2045 2066//2044
f 2093//2071 2066//2044 2104//2082
f 2104//2082 2066//2044 2078//2056
f 2104//2082 2078//2056 2092//2070
f 1987//1965 1991//1969 2094//2072
f 2094//2072 1991//1969 2093//2071
f 2094//2072 2093//2071 2102//2080
f 2102//2080 2093//2071 2104//2082
f 2102//2080 2104//2082 2101//2079
f 2101//2079 2104//2082 2092//2070
f 2101//2079 2092//2070 2079//2057
f 2105//2083 899//899 900//900
f 2106//2084 2096//2074 2098//2076
f 2107//2085 2095//2073 2103//2081
f 1984//1962 2095//2073 2012//1990
f 2012//1990 2095//2073 2107//2085
f 2012//1990 2107//2085 2011//1989
f 2011//1989 2107//2085 2108//2086
f 2011//1989 2108//2086 2007//1985
f 2005//1983 2008//1986 2109//2087
f 2109//2087 2008//1986 2007//1985
f 2109//2087 2007//1985 2110//2088
f 2110//2088 2007//1985 2108//2086
f 2005//1983 2109//2087 2003//1981
f 2003//1981 2109//2087 2111//2089
f 2003//1981 2111//2089 2002//1980
f 2002//1980 2111//2089 2112//2090
f 2002//1980 2112//2090 1997//1975
f 1997//1975 2112//2090 2113//2091
f 1997//1975 2113//2091 1998//1976
f 902//902 1998//1976 901//901
f 901//901 1998//1976 2113//2091
f 901//901 2113//2091 2114//2092
f 2114//2092 2113//2091 2112//2090
f 2114//2092 2112//2090 2115//2093
f 2115//2093 2112//2090 2111//2089
f 2115//2093 2111//2089 2116//2094
f 2116//2094 2111//2089 2109//2087
f 2116//2094 2109//2087 2117//2095
f 2117//2095 2109//2087 2110//2088
f 2117//2095 2110//2088 2118//2096
f 2118//2096 2110//2088 2108//2086
f 2118//2096 2108//2086 2119//2097
f 2119//2097 2108//2086 2107//2085
f 2119//2097 2107//2085 2106//2084
f 2106//2084 2107//2085 2103//2081
f 2106//2084 2103//2081 2096//2074
f 2098//2076 2120//2098 2106//2084
f 2106//2084 2120//2098 2121//2099
f 2106//2084 2121//2099 2119//2097
f 2119//2097 2121//2099 2122//2100
f 2119//2097 2122//2100 2118//2096
f 2118//2096 2122//2100 2123//2101
f 2118//2096 2123//2101 2117//2095
f 2117//2095 2123//2101 2124//2102
f 2117//2095 2124//2102 2116//2094
f 2116//2094 2124//2102 2125//2103
f 2116//2094 2125//2103 2115//2093
f 2115//2093 2125//2103 2105//2083
f 2115//2093 2105//2083 2114//2092
f 2114//2092 2105//2083 900//900
f 2114//2092 900//900 901//901
f 884//884 899//899 2126//2104
f 2126//2104 899//899 2105//2083
f 2126//2104 2105//2083 2127//2105
f 2127//2105 2105//2083 2125//2103
f 2127//2105 2125//2103 2128//2106
f 2128//2106 2125//2103 2124//2102
f 2128//2106 2124//2102 2129//2107
f 2129//2107 2124//2102 2123//2101
f 2129//2107 2123//2101 2130//2108
f 2130//2108 2123//2101 2122//2100
f 2130//2108 2122//2100 2131//2109
f 2131//2109 2122//2100 2121//2099
f 2131//2109 2121//2099 2132//2110
f 2132//2110 2121//2099 2120//2098
f 2132//2110 2120//2098 2100//2078
f 2100//2078 2120//2098 2098//2076
f 887//887 785//785 784//784
f 902//902 887//887 1999//1977
f 1999//1977 887//887 784//784
f 1999//1977 784//784 789//789
f 738//738 740//740 2133//2111
f 2134//2112 2027//2005 2028//2006
f 738//738 2133//2111 742//742
f 742//742 2133//2111 2135//2113
f 742//742 2135//2113 2029//2007
f 2029//2007 2135//2113 2136//2114
f 2029//2007 2136//2114 2028//2006
f 2028//2006 2136//2114 2137//2115
f 2028//2006 2137//2115 2134//2112
f 2134//2112 2138//2116 2027//2005
f 2027//2005 2138//2116 2139//2117
f 2027//2005 2139//2117 2026//2004
f 2139//2117 2140//2118 2026//2004
f 2026//2004 2140//2118 2141//2119
f 2026//2004 2141//2119 2025//2003
f 2025//2003 2141//2119 2142//2120
f 2143//2121 2021//1999 2142//2120
f 2142//2120 2021//1999 2024//2002
f 2142//2120 2024//2002 2025//2003
f 2144//2122 2045//2023 2145//2123
f 2145//2123 2045//2023 2023//2001
f 2145//2123 2023//2001 2143//2121
f 2143//2121 2023//2001 2022//2000
f 2143//2121 2022//2000 2021//1999
f 2146//2124 2034//2012 2147//2125
f 2147//2125 2034//2012 2033//2011
f 2147//2125 2033//2011 2148//2126
f 2033//2011 2037//2015 2148//2126
f 2148//2126 2037//2015 2036//2014
f 2148//2126 2036//2014 2149//2127
f 2149//2127 2036//2014 2041//2019
f 2149//2127 2041//2019 2150//2128
f 2150//2128 2041//2019 2040//2018
f 2150//2128 2040//2018 2151//2129
f 2151//2129 2040//2018 2030//2008
f 2151//2129 2030//2008 2152//2130
f 2152//2130 2030//2008 2042//2020
f 2152//2130 2042//2020 2153//2131
f 2153//2131 2042//2020 2044//2022
f 2153//2131 2044//2022 2154//2132
f 2154//2132 2044//2022 2045//2023
f 2154//2132 2045//2023 2144//2122
f 2155//2133 2156//2134 2157//2135
f 2034//2012 2146//2124 2158//2136
f 2158//2136 2146//2124 2155//2133
f 2158//2136 2155//2133 2159//2137
f 2159//2137 2155//2133 2157//2135
f 2159//2137 2157//2135 2160//2138
f 1975//1953 2035//2013 2161//2139
f 2161//2139 2162//2140 2163//2141
f 2163//2141 2162//2140 2164//2142
f 2165//2143 2166//2144 2167//2145
f 2167//2145 2166//2144 2168//2146
f 2167//2145 2168//2146 2169//2147
f 2170//2148 2171//2149 2172//2150
f 2172//2150 2171//2149 2173//2151
f 2172//2150 2173//2151 2174//2152
f 2174//2152 2173//2151 2175//2153
f 2174//2152 2175//2153 2165//2143
f 2165//2143 2175//2153 2176//2154
f 2165//2143 2176//2154 2166//2144
f 2170//2148 2172//2150 2177//2155
f 2177//2155 2172//2150 2178//2156
f 2177//2155 2178//2156 2179//2157
f 2035//2013 2034//2012 2158//2136
f 2158//2136 2159//2137 2035//2013
f 2035//2013 2159//2137 2160//2138
f 2035//2013 2160//2138 2161//2139
f 2161//2139 2160//2138 2180//2158
f 2161//2139 2180//2158 2162//2140
f 2167//2145 2181//2159 2182//2160
f 2167//2145 2182//2160 2165//2143
f 2165//2143 2182//2160 2183//2161
f 2165//2143 2183//2161 2174//2152
f 2174//2152 2183//2161 2060//2038
f 2174//2152 2060//2038 2172//2150
f 2063//2041 2178//2156 2062//2040
f 2062//2040 2178//2156 2172//2150
f 2062//2040 2172//2150 2061//2039
f 2061//2039 2172//2150 2060//2038
f 2063//2041 2051//2029 2178//2156
f 2178//2156 2051//2029 2164//2142
f 2178//2156 2164//2142 2179//2157
f 2179//2157 2164//2142 2162//2140
f 2051//2029 2050//2028 2164//2142
f 2164//2142 2050//2028 2064//2042
f 2164//2142 2064//2042 2163//2141
f 2163//2141 2064//2042 2048//2026
f 2163//2141 2048//2026 2161//2139
f 2161//2139 2048//2026 2047//2025
f 2161//2139 2047//2025 1975//1953
f 2184//2162 2079//2057 2185//2163
f 2185//2163 2079//2057 2081//2059
f 2185//2163 2081//2059 2186//2164
f 2186//2164 2081//2059 2083//2061
f 2186//2164 2083//2061 2187//2165
f 2187//2165 2083//2061 2085//2063
f 2187//2165 2085//2063 2188//2166
f 2188//2166 2085//2063 2087//2065
f 2188//2166 2087//2065 2189//2167
f 2189//2167 2087//2065 2088//2066
f 2189//2167 2088//2066 2190//2168
f 2190//2168 2088//2066 2058//2036
f 2190//2168 2058//2036 2191//2169
f 2191//2169 2058//2036 2059//2037
f 2191//2169 2059//2037 2183//2161
f 2183//2161 2059//2037 2060//2038
f 2192//2170 2184//2162 2193//2171
f 2193//2171 2184//2162 2185//2163
f 2193//2171 2185//2163 2194//2172
f 2194//2172 2185//2163 2186//2164
f 2194//2172 2186//2164 2195//2173
f 2195//2173 2186//2164 2187//2165
f 2195//2173 2187//2165 2196//2174
f 2196//2174 2187//2165 2188//2166
f 2196//2174 2188//2166 2197//2175
f 2197//2175 2188//2166 2189//2167
f 2197//2175 2189//2167 2198//2176
f 2198//2176 2189//2167 2190//2168
f 2198//2176 2190//2168 2199//2177
f 2199//2177 2190//2168 2191//2169
f 2199//2177 2191//2169 2182//2160
f 2182//2160 2191//2169 2183//2161
f 2200//2178 2192//2170 2201//2179
f 2201//2179 2192//2170 2193//2171
f 2201//2179 2193//2171 2202//2180
f 2202//2180 2193//2171 2194//2172
f 2202//2180 2194//2172 2203//2181
f 2203//2181 2194//2172 2195//2173
f 2203//2181 2195//2173 2204//2182
f 2204//2182 2195//2173 2196//2174
f 2204//2182 2196//2174 2205//2183
f 2205//2183 2196//2174 2197//2175
f 2205//2183 2197//2175 2206//2184
f 2206//2184 2197//2175 2198//2176
f 2206//2184 2198//2176 2207//2185
f 2207//2185 2198//2176 2199//2177
f 2207//2185 2199//2177 2181//2159
f 2181//2159 2199//2177 2182//2160
f 2208//2186 2209//2187 2210//2188
f 2100//2078 2099//2077 2211//2189
f 2211//2189 2099//2077 2079//2057
f 2211//2189 2079//2057 2184//2162
f 2184//2162 2192//2170 2211//2189
f 2211//2189 2192//2170 2200//2178
f 2211//2189 2200//2178 2212//2190
f 2212//2190 2200//2178 2208//2186
f 2200//2178 2213//2191 2208//2186
f 2208//2186 2213//2191 2214//2192
f 2208//2186 2214//2192 2209//2187
f 2209//2187 2214//2192 2215//2193
f 2209//2187 2215//2193 2216//2194
f 2100//2078 2211//2189 2217//2195
f 2217//2195 2211//2189 2212//2190
f 2217//2195 2212//2190 2218//2196
f 2218//2196 2212//2190 2208//2186
f 2218//2196 2208//2186 2219//2197
f 2219//2197 2208//2186 2210//2188
f 2219//2197 2210//2188 2220//2198
f 2221//2199 2222//2200 2223//2201
f 2224//2202 2225//2203 2226//2204
f 2227//2205 2228//2206 2229//2207
f 2229//2207 2228//2206 2230//2208
f 2229//2207 2230//2208 2231//2209
f 2232//2210 2224//2202 2233//2211
f 2233//2211 2224//2202 2226//2204
f 2233//2211 2226//2204 2234//2212
f 2222//2200 2221//2199 2226//2204
f 2226//2204 2221//2199 2235//2213
f 2226//2204 2235//2213 2234//2212
f 2236//2214 2237//2215 2238//2216
f 2238//2216 2237//2215 2239//2217
f 2238//2216 2239//2217 2223//2201
f 2223//2201 2239//2217 2240//2218
f 2223//2201 2240//2218 2221//2199
f 2238//2216 2241//2219 2236//2214
f 2236//2214 2241//2219 2242//2220
f 2236//2214 2242//2220 2243//2221
f 2243//2221 2242//2220 2209//2187
f 2243//2221 2209//2187 2216//2194
f 2220//2198 2210//2188 2244//2222
f 2244//2222 2210//2188 2245//2223
f 2244//2222 2245//2223 2246//2224
f 2246//2224 2245//2223 2247//2225
f 2231//2209 2248//2226 2229//2207
f 2229//2207 2248//2226 2249//2227
f 2229//2207 2249//2227 2250//2228
f 2250//2228 2249//2227 2251//2229
f 2250//2228 2251//2229 2252//2230
f 2252//2230 2251//2229 2253//2231
f 2252//2230 2253//2231 2254//2232
f 2254//2232 2253//2231 2255//2233
f 2254//2232 2255//2233 2247//2225
f 2247//2225 2255//2233 2256//2234
f 2247//2225 2256//2234 2246//2224
f 2225//2203 2257//2235 2226//2204
f 2226//2204 2257//2235 2258//2236
f 2226//2204 2258//2236 2222//2200
f 2222//2200 2258//2236 2259//2237
f 2222//2200 2259//2237 2223//2201
f 2223//2201 2259//2237 2260//2238
f 2223//2201 2260//2238 2238//2216
f 2257//2235 2227//2205 2258//2236
f 2258//2236 2227//2205 2229//2207
f 2258//2236 2229//2207 2259//2237
f 2259//2237 2229//2207 2250//2228
f 2259//2237 2250//2228 2260//2238
f 2260//2238 2250//2228 2252//2230
f 2260//2238 2252//2230 2238//2216
f 2238//2216 2252//2230 2254//2232
f 2238//2216 2254//2232 2241//2219
f 2241//2219 2254//2232 2247//2225
f 2241//2219 2247//2225 2242//2220
f 2242//2220 2247//2225 2245//2223
f 2242//2220 2245//2223 2209//2187
f 2209//2187 2245//2223 2210//2188
f 2261//2239 2262//2240 2263//2241
f 2264//2242 2265//2243 2266//2244
f 2267//2245 2268//2246 2269//2247
f 2230//2208 2270//2248 2271//2249
f 2230//2208 2271//2249 2231//2209
f 2231//2209 2271//2249 2272//2250
f 2231//2209 2272//2250 2248//2226
f 2248//2226 2272//2250 2273//2251
f 2248//2226 2273//2251 2249//2227
f 2249//2227 2273//2251 2266//2244
f 2249//2227 2266//2244 2251//2229
f 2251//2229 2266//2244 2253//2231
f 2253//2231 2266//2244 2265//2243
f 2253//2231 2265//2243 2255//2233
f 2256//2234 2268//2246 2246//2224
f 2246//2224 2268//2246 2267//2245
f 2246//2224 2267//2245 2244//2222
f 2220//2198 2244//2222 2274//2252
f 2274//2252 2244//2222 2267//2245
f 2274//2252 2267//2245 2275//2253
f 2275//2253 2267//2245 2269//2247
f 2275//2253 2269//2247 2276//2254
f 2276//2254 2269//2247 2277//2255
f 2276//2254 2277//2255 2278//2256
f 2278//2256 2277//2255 2279//2257
f 2279//2257 2277//2255 2280//2258
f 2279//2257 2280//2258 2281//2259
f 2281//2259 2280//2258 2282//2260
f 2281//2259 2282//2260 2283//2261
f 2284//2262 2285//2263 2286//2264
f 2270//2248 2261//2239 2271//2249
f 2271//2249 2261//2239 2263//2241
f 2271//2249 2263//2241 2272//2250
f 2272//2250 2263//2241 2287//2265
f 2272//2250 2287//2265 2273//2251
f 2273//2251 2287//2265 2288//2266
f 2273//2251 2288//2266 2266//2244
f 2266//2244 2288//2266 2289//2267
f 2266//2244 2289//2267 2264//2242
f 2264//2242 2289//2267 2290//2268
f 2291//2269 2292//2270 2293//2271
f 2294//2272 2295//2273 2296//2274
f 2291//2269 2293//2271 2297//2275
f 2297//2275 2293//2271 2294//2272
f 2297//2275 2294//2272 2298//2276
f 2298//2276 2294//2272 2296//2274
f 2298//2276 2296//2274 2299//2277
f 2256//2234 2255//2233 2268//2246
f 2268//2246 2255//2233 2265//2243
f 2268//2246 2265//2243 2269//2247
f 2269//2247 2265//2243 2264//2242
f 2269//2247 2264//2242 2277//2255
f 2277//2255 2264//2242 2290//2268
f 2277//2255 2290//2268 2280//2258
f 2280//2258 2290//2268 2300//2278
f 2280//2258 2300//2278 2282//2260
f 2286//2264 2301//2279 2284//2262
f 2284//2262 2301//2279 2283//2261
f 2284//2262 2283//2261 2302//2280
f 2302//2280 2283//2261 2282//2260
f 2302//2280 2282//2260 2303//2281
f 2303//2281 2282//2260 2300//2278
f 2303//2281 2300//2278 2304//2282
f 2305//2283 2295//2273 2306//2284
f 2306//2284 2295//2273 2294//2272
f 2306//2284 2294//2272 2307//2285
f 2307//2285 2294//2272 2293//2271
f 2307//2285 2293//2271 2308//2286
f 2308//2286 2293//2271 2292//2270
f 2308//2286 2292//2270 2309//2287
f 2299//2277 2310//2288 2298//2276
f 2298//2276 2310//2288 2311//2289
f 2298//2276 2311//2289 2297//2275
f 2297//2275 2311//2289 2304//2282
f 2297//2275 2304//2282 2291//2269
f 2291//2269 2304//2282 2300//2278
f 2291//2269 2300//2278 2292//2270
f 2292//2270 2300//2278 2290//2268
f 2292//2270 2290//2268 2309//2287
f 2309//2287 2290//2268 2289//2267
f 2309//2287 2289//2267 2308//2286
f 2308//2286 2289//2267 2288//2266
f 2308//2286 2288//2266 2307//2285
f 2307//2285 2288//2266 2287//2265
f 2307//2285 2287//2265 2306//2284
f 2306//2284 2287//2265 2263//2241
f 2306//2284 2263//2241 2305//2283
f 2305//2283 2263//2241 2262//2240
f 2312//2290 2281//2259 2313//2291
f 2313//2291 2281//2259 2283//2261
f 2313//2291 2283//2261 2314//2292
f 2314//2292 2283//2261 2301//2279
f 2314//2292 2301//2279 2286//2264
f 2274//2252 2275//2253 2315//2293
f 2315//2293 2275//2253 2276//2254
f 2315//2293 2276//2254 2316//2294
f 2316//2294 2276//2254 2278//2256
f 2316//2294 2278//2256 2312//2290
f 2312//2290 2278//2256 2279//2257
f 2312//2290 2279//2257 2281//2259
f 2315//2293 2317//2295 2274//2252
f 2274//2252 2317//2295 2219//2197
f 2274//2252 2219//2197 2220//2198
f 2285//2263 2318//2296 2319//2297
f 2319//2297 2318//2296 2320//2298
f 2319//2297 2320//2298 2321//2299
f 2218//2196 2219//2197 2322//2300
f 2322//2300 2219//2197 2317//2295
f 2322//2300 2317//2295 2323//2301
f 2323//2301 2317//2295 2315//2293
f 2323//2301 2315//2293 2324//2302
f 2324//2302 2315//2293 2316//2294
f 2324//2302 2316//2294 2325//2303
f 2325//2303 2316//2294 2312//2290
f 2325//2303 2312//2290 2326//2304
f 2326//2304 2312//2290 2313//2291
f 2326//2304 2313//2291 2327//2305
f 2327//2305 2313//2291 2314//2292
f 2100//2078 2217//2195 2132//2110
f 2132//2110 2217//2195 2328//2306
f 2132//2110 2328//2306 2131//2109
f 2131//2109 2328//2306 2329//2307
f 2131//2109 2329//2307 2130//2108
f 2130//2108 2329//2307 2330//2308
f 2130//2108 2330//2308 2129//2107
f 2129//2107 2330//2308 2331//2309
f 2129//2107 2331//2309 2128//2106
f 2128//2106 2331//2309 2332//2310
f 2128//2106 2332//2310 2127//2105
f 2127//2105 2332//2310 2333//2311
f 2127//2105 2333//2311 2126//2104
f 2126//2104 2333//2311 2321//2299
f 2126//2104 2321//2299 884//884
f 884//884 2321//2299 2320//2298
f 2217//2195 2218//2196 2328//2306
f 2328//2306 2218//2196 2322//2300
f 2328//2306 2322//2300 2329//2307
f 2329//2307 2322//2300 2323//2301
f 2329//2307 2323//2301 2330//2308
f 2330//2308 2323//2301 2324//2302
f 2330//2308 2324//2302 2331//2309
f 2331//2309 2324//2302 2325//2303
f 2331//2309 2325//2303 2332//2310
f 2332//2310 2325//2303 2326//2304
f 2332//2310 2326//2304 2333//2311
f 2333//2311 2326//2304 2327//2305
f 2333//2311 2327//2305 2321//2299
f 2321//2299 2327//2305 2314//2292
f 2321//2299 2314//2292 2319//2297
f 2319//2297 2314//2292 2286//2264
f 2319//2297 2286//2264 2285//2263
f 752//752 890//890 889//889
f 752//752 889//889 749//749
f 749//749 889//889 2334//2312
f 2334//2312 889//889 892//892
f 2334//2312 892//892 2335//2313
f 2335//2313 892//892 898//898
f 2335//2313 898//898 2336//2314
f 2336//2314 898//898 897//897
f 2336//2314 897//897 2337//2315
f 2337//2315 897//897 896//896
f 2337//2315 896//896 2338//2316
f 79//79 81//81 2339//2317
f 2340//2318 77//77 79//79
f 2340//2318 79//79 2341//2319
f 2341//2319 79//79 2339//2317
f 2341//2319 2339//2317 2342//2320
f 740//740 77//77 2133//2111
f 2133//2111 77//77 2340//2318
f 2133//2111 2340//2318 2135//2113
f 2135//2113 2340//2318 2341//2319
f 2135//2113 2341//2319 2136//2114
f 2136//2114 2341//2319 2342//2320
f 2136//2114 2342//2320 2137//2115
f 2137//2115 2342//2320 2343//2321
f 2137//2115 2343//2321 2134//2112
f 2134//2112 2343//2321 2344//2322
f 2134//2112 2344//2322 2138//2116
f 2345//2323 2141//2119 2346//2324
f 2346//2324 2141//2119 2140//2118
f 2346//2324 2140//2118 2344//2322
f 2344//2322 2140//2118 2139//2117
f 2344//2322 2139//2117 2138//2116
f 2144//2122 2145//2123 2347//2325
f 2347//2325 2145//2123 2143//2121
f 2347//2325 2143//2121 2345//2323
f 2345//2323 2143//2121 2142//2120
f 2345//2323 2142//2120 2141//2119
f 2348//2326 2156//2134 2155//2133
f 2155//2133 2146//2124 2348//2326
f 2348//2326 2146//2124 2147//2125
f 2348//2326 2147//2125 2349//2327
f 2350//2328 2351//2329 2150//2128
f 2150//2128 2351//2329 2352//2330
f 2150//2128 2352//2330 2149//2127
f 2149//2127 2352//2330 2349//2327
f 2149//2127 2349//2327 2148//2126
f 2148//2126 2349//2327 2147//2125
f 2150//2128 2151//2129 2350//2328
f 2350//2328 2151//2129 2152//2130
f 2350//2328 2152//2130 2353//2331
f 2353//2331 2152//2130 2153//2131
f 2353//2331 2153//2131 2354//2332
f 2354//2332 2153//2131 2154//2132
f 2354//2332 2154//2132 2355//2333
f 2355//2333 2154//2132 2144//2122
f 2355//2333 2144//2122 2347//2325
f 2160//2138 2157//2135 2180//2158
f 2180//2158 2157//2135 2356//2334
f 2180//2158 2356//2334 2162//2140
f 2162//2140 2356//2334 2357//2335
f 2162//2140 2357//2335 2179//2157
f 2179//2157 2357//2335 2358//2336
f 2359//2337 2170//2148 2358//2336
f 2358//2336 2170//2148 2177//2155
f 2358//2336 2177//2155 2179//2157
f 2168//2146 2166//2144 2360//2338
f 2360//2338 2166//2144 2176//2154
f 2360//2338 2176//2154 2361//2339
f 2361//2339 2176//2154 2175//2153
f 2361//2339 2175//2153 2362//2340
f 2362//2340 2175//2153 2173//2151
f 2362//2340 2173//2151 2359//2337
f 2359//2337 2173//2151 2171//2149
f 2359//2337 2171//2149 2170//2148
f 2363//2341 2364//2342 2365//2343
f 2169//2147 2168//2146 2365//2343
f 2365//2343 2168//2146 2360//2338
f 2365//2343 2360//2338 2363//2341
f 2363//2341 2360//2338 2361//2339
f 2363//2341 2361//2339 2366//2344
f 2366//2344 2361//2339 2362//2340
f 2366//2344 2362//2340 2367//2345
f 2367//2345 2362//2340 2359//2337
f 2367//2345 2359//2337 2368//2346
f 2368//2346 2359//2337 2358//2336
f 2368//2346 2358//2336 2369//2347
f 2369//2347 2358//2336 2357//2335
f 2369//2347 2357//2335 2370//2348
f 2370//2348 2357//2335 2356//2334
f 2370//2348 2356//2334 2371//2349
f 2371//2349 2356//2334 2157//2135
f 2371//2349 2157//2135 2156//2134
f 2169//2147 2365//2343 2372//2350
f 2372//2350 2365//2343 2373//2351
f 2372//2350 2373//2351 2374//2352
f 2364//2342 2375//2353 2365//2343
f 2365//2343 2375//2353 2376//2354
f 2365//2343 2376//2354 2373//2351
f 2377//2355 2378//2356 2379//2357
f 2380//2358 2381//2359 2167//2145
f 2167//2145 2381//2359 2382//2360
f 2167//2145 2382//2360 2181//2159
f 2379//2357 2378//2356 2383//2361
f 2383//2361 2378//2356 2384//2362
f 2383//2361 2384//2362 2385//2363
f 2386//2364 2377//2355 2387//2365
f 2387//2365 2377//2355 2379//2357
f 2387//2365 2379//2357 2388//2366
f 2388//2366 2379//2357 2383//2361
f 2388//2366 2383//2361 2380//2358
f 2380//2358 2383//2361 2385//2363
f 2380//2358 2385//2363 2381//2359
f 2169//2147 2372//2350 2167//2145
f 2167//2145 2372//2350 2374//2352
f 2167//2145 2374//2352 2380//2358
f 2380//2358 2374//2352 2389//2367
f 2380//2358 2389//2367 2388//2366
f 2390//2368 2391//2369 2392//2370
f 2393//2371 2394//2372 2395//2373
f 2395//2373 2394//2372 2396//2374
f 2396//2374 2394//2372 2397//2375
f 2396//2374 2397//2375 2398//2376
f 2398//2376 2397//2375 2399//2377
f 2398//2376 2399//2377 2400//2378
f 2400//2378 2399//2377 2401//2379
f 2400//2378 2401//2379 2392//2370
f 2392//2370 2401//2379 2402//2380
f 2392//2370 2402//2380 2390//2368
f 2378//2356 2377//2355 2403//2381
f 2403//2381 2377//2355 2386//2364
f 2403//2381 2386//2364 2404//2382
f 2394//2372 2405//2383 2397//2375
f 2397//2375 2405//2383 2406//2384
f 2397//2375 2406//2384 2399//2377
f 2399//2377 2406//2384 2403//2381
f 2399//2377 2403//2381 2401//2379
f 2401//2379 2403//2381 2404//2382
f 2401//2379 2404//2382 2402//2380
f 2216//2194 2215//2193 2407//2385
f 2407//2385 2215//2193 2408//2386
f 2395//2373 2409//2387 2393//2371
f 2393//2371 2409//2387 2410//2388
f 2393//2371 2410//2388 2408//2386
f 2408//2386 2410//2388 2411//2389
f 2408//2386 2411//2389 2407//2385
f 2215//2193 2214//2192 2408//2386
f 2408//2386 2214//2192 2412//2390
f 2408//2386 2412//2390 2393//2371
f 2393//2371 2412//2390 2413//2391
f 2393//2371 2413//2391 2394//2372
f 2394//2372 2413//2391 2414//2392
f 2394//2372 2414//2392 2405//2383
f 2405//2383 2414//2392 2415//2393
f 2405//2383 2415//2393 2406//2384
f 2406//2384 2415//2393 2416//2394
f 2406//2384 2416//2394 2403//2381
f 2403//2381 2416//2394 2417//2395
f 2403//2381 2417//2395 2378//2356
f 2213//2191 2200//2178 2418//2396
f 2418//2396 2200//2178 2201//2179
f 2418//2396 2201//2179 2419//2397
f 2419//2397 2201//2179 2202//2180
f 2419//2397 2202//2180 2420//2398
f 2420//2398 2202//2180 2203//2181
f 2420//2398 2203//2181 2421//2399
f 2421//2399 2203//2181 2204//2182
f 2421//2399 2204//2182 2422//2400
f 2422//2400 2204//2182 2205//2183
f 2422//2400 2205//2183 2423//2401
f 2423//2401 2205//2183 2206//2184
f 2423//2401 2206//2184 2382//2360
f 2382//2360 2206//2184 2207//2185
f 2382//2360 2207//2185 2181//2159
f 2381//2359 2385//2363 2417//2395
f 2417//2395 2385//2363 2384//2362
f 2417//2395 2384//2362 2378//2356
f 2382//2360 2381//2359 2423//2401
f 2423//2401 2381//2359 2417//2395
f 2423//2401 2417//2395 2422//2400
f 2422//2400 2417//2395 2416//2394
f 2422//2400 2416//2394 2421//2399
f 2421//2399 2416//2394 2415//2393
f 2421//2399 2415//2393 2420//2398
f 2420//2398 2415//2393 2414//2392
f 2420//2398 2414//2392 2419//2397
f 2419//2397 2414//2392 2413//2391
f 2419//2397 2413//2391 2418//2396
f 2418//2396 2413//2391 2412//2390
f 2418//2396 2412//2390 2213//2191
f 2213//2191 2412//2390 2214//2192
f 2424//2402 2425//2403 2426//2404
f 2426//2404 2425//2403 2427//2405
f 2426//2404 2427//2405 2428//2406
f 2429//2407 2430//2408 2431//2409
f 2432//2410 2433//2411 2434//2412
f 2407//2385 2411//2389 2435//2413
f 2410//2388 2409//2387 2436//2414
f 2395//2373 2396//2374 2437//2415
f 2438//2416 2439//2417 2391//2369
f 2440//2418 2398//2376 2400//2378
f 2243//2221 2216//2194 2407//2385
f 2407//2385 2435//2413 2243//2221
f 2243//2221 2435//2413 2441//2419
f 2243//2221 2441//2419 2236//2214
f 2236//2214 2441//2419 2442//2420
f 2236//2214 2442//2420 2237//2215
f 2237//2215 2442//2420 2239//2217
f 2239//2217 2442//2420 2443//2421
f 2239//2217 2443//2421 2240//2218
f 2233//2211 2234//2212 2444//2422
f 2444//2422 2234//2212 2235//2213
f 2444//2422 2235//2213 2443//2421
f 2443//2421 2235//2213 2221//2199
f 2443//2421 2221//2199 2240//2218
f 2445//2423 2430//2408 2446//2424
f 2446//2424 2430//2408 2429//2407
f 2446//2424 2429//2407 2424//2402
f 2424//2402 2429//2407 2425//2403
f 2391//2369 2447//2425 2438//2416
f 2438//2416 2447//2425 2448//2426
f 2438//2416 2448//2426 2432//2410
f 2432//2410 2448//2426 2449//2427
f 2432//2410 2449//2427 2433//2411
f 2433//2411 2449//2427 2428//2406
f 2433//2411 2428//2406 2427//2405
f 2450//2428 2451//2429 2452//2430
f 2452//2430 2451//2429 2440//2418
f 2452//2430 2440//2418 2453//2431
f 2453//2431 2440//2418 2400//2378
f 2453//2431 2400//2378 2392//2370
f 2434//2412 2450//2428 2432//2410
f 2432//2410 2450//2428 2452//2430
f 2432//2410 2452//2430 2438//2416
f 2438//2416 2452//2430 2453//2431
f 2438//2416 2453//2431 2439//2417
f 2439//2417 2453//2431 2392//2370
f 2439//2417 2392//2370 2391//2369
f 2454//2432 2455//2433 2456//2434
f 2456//2434 2455//2433 2457//2435
f 2456//2434 2457//2435 2458//2436
f 2458//2436 2457//2435 2459//2437
f 2458//2436 2459//2437 2437//2415
f 2437//2415 2459//2437 2436//2414
f 2437//2415 2436//2414 2395//2373
f 2395//2373 2436//2414 2409//2387
f 2411//2389 2410//2388 2435//2413
f 2435//2413 2410//2388 2436//2414
f 2435//2413 2436//2414 2441//2419
f 2441//2419 2436//2414 2459//2437
f 2441//2419 2459//2437 2442//2420
f 2442//2420 2459//2437 2457//2435
f 2442//2420 2457//2435 2443//2421
f 2443//2421 2457//2435 2455//2433
f 2443//2421 2455//2433 2444//2422
f 2444//2422 2455//2433 2454//2432
f 2444//2422 2454//2432 2460//2438
f 2232//2210 2233//2211 2461//2439
f 2461//2439 2233//2211 2444//2422
f 2461//2439 2444//2422 2431//2409
f 2431//2409 2444//2422 2460//2438
f 2431//2409 2460//2438 2429//2407
f 2396//2374 2398//2376 2437//2415
f 2437//2415 2398//2376 2440//2418
f 2437//2415 2440//2418 2458//2436
f 2458//2436 2440//2418 2451//2429
f 2458//2436 2451//2429 2456//2434
f 2456//2434 2451//2429 2450//2428
f 2456//2434 2450//2428 2454//2432
f 2454//2432 2450//2428 2434//2412
f 2454//2432 2434//2412 2460//2438
f 2460//2438 2434//2412 2433//2411
f 2460//2438 2433//2411 2429//2407
f 2429//2407 2433//2411 2427//2405
f 2429//2407 2427//2405 2425//2403
f 2462//2440 2431//2409 2430//2408
f 2463//2441 2464//2442 2465//2443
f 2465//2443 2464//2442 2462//2440
f 2431//2409 2462//2440 2461//2439
f 2461//2439 2462//2440 2464//2442
f 2461//2439 2464//2442 2232//2210
f 2466//2444 2430//2408 2467//2445
f 2467//2445 2430//2408 2445//2423
f 2466//2444 2468//2446 2430//2408
f 2430//2408 2468//2446 2469//2447
f 2430//2408 2469//2447 2462//2440
f 2470//2448 2463//2441 2465//2443
f 2469//2447 2468//2446 2471//2449
f 2471//2449 2472//2450 2469//2447
f 2469//2447 2472//2450 2473//2451
f 2469//2447 2473//2451 2462//2440
f 2473//2451 2474//2452 2462//2440
f 2462//2440 2474//2452 2475//2453
f 2462//2440 2475//2453 2465//2443
f 2465//2443 2475//2453 2476//2454
f 2465//2443 2476//2454 2470//2448
f 2470//2448 2477//2455 2463//2441
f 2478//2456 2230//2208 2228//2206
f 2479//2457 2478//2456 2480//2458
f 2480//2458 2478//2456 2228//2206
f 2480//2458 2228//2206 2481//2459
f 2481//2459 2228//2206 2482//2460
f 2482//2460 2228//2206 2227//2205
f 2482//2460 2227//2205 2483//2461
f 2483//2461 2227//2205 2257//2235
f 2483//2461 2257//2235 2484//2462
f 2484//2462 2257//2235 2225//2203
f 2484//2462 2225//2203 2224//2202
f 2224//2202 2232//2210 2484//2462
f 2484//2462 2232//2210 2464//2442
f 2484//2462 2464//2442 2463//2441
f 2230//2208 2478//2456 2485//2463
f 2262//2240 2261//2239 2485//2463
f 2485//2463 2261//2239 2270//2248
f 2485//2463 2270//2248 2230//2208
f 2486//2464 2296//2274 2295//2273
f 2486//2464 2295//2273 2487//2465
f 2310//2288 2299//2277 2488//2466
f 2488//2466 2299//2277 2489//2467
f 2488//2466 2489//2467 2490//2468
f 2490//2468 2489//2467 2491//2469
f 2299//2277 2296//2274 2489//2467
f 2489//2467 2296//2274 2486//2464
f 2489//2467 2486//2464 2491//2469
f 2491//2469 2486//2464 2492//2470
f 2493//2471 2494//2472 2495//2473
f 2495//2473 2494//2472 2496//2474
f 2495//2473 2496//2474 2487//2465
f 2487//2465 2496//2474 2497//2475
f 2487//2465 2497//2475 2486//2464
f 2486//2464 2497//2475 2498//2476
f 2486//2464 2498//2476 2492//2470
f 2499//2477 2493//2471 2485//2463
f 2485//2463 2493//2471 2495//2473
f 2485//2463 2495//2473 2262//2240
f 2262//2240 2495//2473 2487//2465
f 2262//2240 2487//2465 2305//2283
f 2305//2283 2487//2465 2295//2273
f 2478//2456 2479//2457 2485//2463
f 2485//2463 2479//2457 2500//2478
f 2485//2463 2500//2478 2499//2477
f 2310//2288 2284//2262 2302//2280
f 2302//2280 2303//2281 2310//2288
f 2310//2288 2303//2281 2304//2282
f 2310//2288 2304//2282 2311//2289
f 2284//2262 2310//2288 2285//2263
f 2285//2263 2310//2288 2488//2466
f 2285//2263 2488//2466 2318//2296
f 2318//2296 2488//2466 2501//2479
f 2318//2296 2501//2479 2320//2298
f 2320//2298 2501//2479 885//885
f 2320//2298 885//885 884//884
f 2490//2468 2502//2480 2488//2466
f 2488//2466 2502//2480 2503//2481
f 2488//2466 2503//2481 2501//2479
f 2501//2479 2503//2481 2504//2482
f 2501//2479 2504//2482 885//885
f 885//885 2504//2482 2505//2483
f 885//885 2505//2483 893//893
f 2506//2484 2507//2485 2505//2483
f 2505//2483 2507//2485 893//893
f 2505//2483 2504//2482 2506//2484
f 2506//2484 2504//2482 2503//2481
f 2506//2484 2503//2481 2508//2486
f 2338//2316 896//896 2509//2487
f 2509//2487 896//896 895//895
f 2509//2487 895//895 2507//2485
f 2507//2485 895//895 894//894
f 2507//2485 894//894 893//893
f 750//750 749//749 2334//2312
f 2510//2488 773//773 750//750
f 750//750 2334//2312 2510//2488
f 2510//2488 2334//2312 2335//2313
f 2510//2488 2335//2313 2511//2489
f 2511//2489 2335//2313 2336//2314
f 2511//2489 2336//2314 2512//2490
f 2336//2314 2337//2315 2512//2490
f 2512//2490 2337//2315 2338//2316
f 2512//2490 2338//2316 2513//2491
f 2514//2492 2515//2493 2516//2494
f 2517//2495 2518//2496 2519//2497
f 2520//2498 2521//2499 2522//2500
f 1830//1808 2523//2501 2524//2502
f 1836//1814 2525//2503 2526//2504
f 2525//2503 1836//1814 1823//1801
f 2527//2505 2528//2506 2529//2507
f 2530//2508 2531//2509 2532//2510
f 2533//2511 2534//2512 2535//2513
f 2532//2510 2531//2509 2536//2514
f 2531//2509 2537//2515 2536//2514
f 2536//2514 2537//2515 2533//2511
f 2536//2514 2533//2511 2538//2516
f 2538//2516 2533//2511 2535//2513
f 2538//2516 2535//2513 2539//2517
f 2530//2508 2532//2510 2540//2518
f 2540//2518 2532//2510 2541//2519
f 2540//2518 2541//2519 2542//2520
f 2543//2521 2544//2522 2545//2523
f 2545//2523 2546//2524 2543//2521
f 2543//2521 2546//2524 2529//2507
f 2543//2521 2529//2507 2547//2525
f 2528//2506 2548//2526 2529//2507
f 2529//2507 2548//2526 2549//2527
f 2529//2507 2549//2527 2547//2525
f 2550//2528 1832//1810 2551//2529
f 2551//2529 1832//1810 1835//1813
f 2551//2529 1835//1813 2526//2504
f 2526//2504 1835//1813 1834//1812
f 2526//2504 1834//1812 1836//1814
f 1830//1808 2524//2502 1828//1806
f 1828//1806 2524//2502 2552//2530
f 1828//1806 2552//2530 1827//1805
f 1827//1805 2552//2530 1826//1804
f 1826//1804 2552//2530 2522//2500
f 1826//1804 2522//2500 1825//1803
f 1825//1803 2522//2500 2521//2499
f 1825//1803 2521//2499 1799//1777
f 2553//2531 2554//2532 2555//2533
f 2556//2534 2554//2532 2557//2535
f 2557//2535 2554//2532 2553//2531
f 2557//2535 2553//2531 2558//2536
f 2518//2496 2520//2498 2519//2497
f 2519//2497 2520//2498 2522//2500
f 2519//2497 2522//2500 2559//2537
f 2559//2537 2522//2500 2552//2530
f 2559//2537 2552//2530 2560//2538
f 2560//2538 2552//2530 2524//2502
f 2560//2538 2524//2502 2550//2528
f 2550//2528 2524//2502 2523//2501
f 2550//2528 2523//2501 1832//1810
f 1832//1810 2523//2501 1830//1808
f 2544//2522 2542//2520 2545//2523
f 2545//2523 2542//2520 2541//2519
f 2545//2523 2541//2519 2561//2539
f 2561//2539 2541//2519 2532//2510
f 2561//2539 2532//2510 2562//2540
f 2562//2540 2532//2510 2536//2514
f 2562//2540 2536//2514 2563//2541
f 2563//2541 2536//2514 2538//2516
f 2563//2541 2538//2516 2516//2494
f 2516//2494 2538//2516 2539//2517
f 2516//2494 2539//2517 2514//2492
f 2515//2493 2556//2534 2516//2494
f 2516//2494 2556//2534 2557//2535
f 2516//2494 2557//2535 2563//2541
f 2563//2541 2557//2535 2558//2536
f 2563//2541 2558//2536 2562//2540
f 2562//2540 2558//2536 2564//2542
f 2562//2540 2564//2542 2561//2539
f 2561//2539 2564//2542 2565//2543
f 2561//2539 2565//2543 2545//2523
f 2545//2523 2565//2543 2566//2544
f 2545//2523 2566//2544 2546//2524
f 2546//2524 2566//2544 2567//2545
f 2546//2524 2567//2545 2529//2507
f 2529//2507 2567//2545 2568//2546
f 2529//2507 2568//2546 2527//2505
f 2527//2505 2568//2546 2569//2547
f 2555//2533 2517//2495 2553//2531
f 2553//2531 2517//2495 2519//2497
f 2553//2531 2519//2497 2558//2536
f 2558//2536 2519//2497 2559//2537
f 2558//2536 2559//2537 2564//2542
f 2564//2542 2559//2537 2560//2538
f 2564//2542 2560//2538 2565//2543
f 2565//2543 2560//2538 2550//2528
f 2565//2543 2550//2528 2566//2544
f 2566//2544 2550//2528 2551//2529
f 2566//2544 2551//2529 2567//2545
f 2567//2545 2551//2529 2526//2504
f 2567//2545 2526//2504 2568//2546
f 2568//2546 2526//2504 2525//2503
f 2568//2546 2525//2503 2569//2547
f 2569//2547 2525//2503 1823//1801
f 2570//2548 2571//2549 2344//2322
f 2344//2322 2343//2321 2570//2548
f 2570//2548 2343//2321 2342//2320
f 2570//2548 2342//2320 2572//2550
f 2572//2550 2342//2320 2339//2317
f 2572//2550 2339//2317 2573//2551
f 2573//2551 2339//2317 81//81
f 2573//2551 81//81 1621//1599
f 2571//2549 2574//2552 2344//2322
f 2344//2322 2574//2552 2575//2553
f 2344//2322 2575//2553 2346//2324
f 2346//2324 2575//2553 2576//2554
f 2346//2324 2576//2554 2345//2323
f 2345//2323 2576//2554 2577//2555
f 2578//2556 2347//2325 2579//2557
f 2579//2557 2347//2325 2345//2323
f 2579//2557 2345//2323 2580//2558
f 2580//2558 2345//2323 2577//2555
f 2347//2325 2581//2559 2355//2333
f 2582//2560 2583//2561 2584//2562
f 2584//2562 2583//2561 2585//2563
f 2584//2562 2585//2563 2586//2564
f 2585//2563 2587//2565 2586//2564
f 2586//2564 2587//2565 2588//2566
f 2586//2564 2588//2566 2589//2567
f 2589//2567 2588//2566 2590//2568
f 2589//2567 2590//2568 2591//2569
f 2347//2325 2592//2570 2581//2559
f 2581//2559 2592//2570 2593//2571
f 2581//2559 2593//2571 2594//2572
f 2594//2572 2593//2571 2595//2573
f 2594//2572 2595//2573 2596//2574
f 2355//2333 2581//2559 2354//2332
f 2354//2332 2581//2559 2594//2572
f 2354//2332 2594//2572 2353//2331
f 2353//2331 2594//2572 2596//2574
f 2353//2331 2596//2574 2350//2328
f 2595//2573 2591//2569 2596//2574
f 2596//2574 2591//2569 2590//2568
f 2596//2574 2590//2568 2350//2328
f 2350//2328 2590//2568 2588//2566
f 2350//2328 2588//2566 2351//2329
f 2351//2329 2588//2566 2587//2565
f 2351//2329 2587//2565 2352//2330
f 2352//2330 2587//2565 2585//2563
f 2352//2330 2585//2563 2349//2327
f 2349//2327 2585//2563 2583//2561
f 2349//2327 2583//2561 2348//2326
f 2597//2575 2373//2351 2376//2354
f 2376//2354 2375//2353 2597//2575
f 2597//2575 2375//2353 2364//2342
f 2597//2575 2364//2342 2598//2576
f 2364//2342 2363//2341 2598//2576
f 2598//2576 2363//2341 2366//2344
f 2598//2576 2366//2344 2599//2577
f 2599//2577 2366//2344 2367//2345
f 2599//2577 2367//2345 2600//2578
f 2600//2578 2367//2345 2368//2346
f 2600//2578 2368//2346 2601//2579
f 2601//2579 2368//2346 2369//2347
f 2601//2579 2369//2347 2602//2580
f 2602//2580 2369//2347 2370//2348
f 2602//2580 2370//2348 2603//2581
f 2603//2581 2370//2348 2371//2349
f 2603//2581 2371//2349 2604//2582
f 2604//2582 2371//2349 2156//2134
f 2604//2582 2156//2134 2348//2326
f 2374//2352 2373//2351 2389//2367
f 2389//2367 2373//2351 2605//2583
f 2389//2367 2605//2583 2606//2584
f 2606//2584 2607//2585 2389//2367
f 2389//2367 2607//2585 2608//2586
f 2389//2367 2608//2586 2388//2366
f 2608//2586 2609//2587 2388//2366
f 2388//2366 2609//2587 2610//2588
f 2388//2366 2610//2588 2387//2365
f 2610//2588 2611//2589 2387//2365
f 2387//2365 2611//2589 2612//2590
f 2387//2365 2612//2590 2386//2364
f 2613//2591 2402//2380 2614//2592
f 2614//2592 2402//2380 2404//2382
f 2614//2592 2404//2382 2612//2590
f 2612//2590 2404//2382 2386//2364
f 2615//2593 2616//2594 2617//2595
f 2613//2591 2618//2596 2402//2380
f 2402//2380 2618//2596 2615//2593
f 2402//2380 2615//2593 2390//2368
f 2390//2368 2615//2593 2617//2595
f 2390//2368 2617//2595 2391//2369
f 2619//2597 2620//2598 2621//2599
f 2391//2369 2617//2595 2447//2425
f 2447//2425 2617//2595 2448//2426
f 2428//2406 2449//2427 2621//2599
f 2621//2599 2449//2427 2448//2426
f 2621//2599 2448//2426 2619//2597
f 2619//2597 2448//2426 2617//2595
f 2619//2597 2617//2595 2616//2594
f 2620//2598 2622//2600 2621//2599
f 2621//2599 2622//2600 2623//2601
f 2424//2402 2426//2404 2623//2601
f 2623//2601 2426//2404 2428//2406
f 2623//2601 2428//2406 2621//2599
f 2623//2601 2622//2600 2624//2602
f 2467//2445 2445//2423 2625//2603
f 2625//2603 2445//2423 2446//2424
f 2625//2603 2446//2424 2626//2604
f 2626//2604 2446//2424 2624//2602
f 2624//2602 2446//2424 2424//2402
f 2624//2602 2424//2402 2623//2601
f 2466//2444 2467//2445 2625//2603
f 2471//2449 2468//2446 2627//2605
f 2627//2605 2468//2446 2466//2444
f 2627//2605 2466//2444 2628//2606
f 2628//2606 2466//2444 2625//2603
f 2628//2606 2625//2603 2626//2604
f 2476//2454 2475//2453 2629//2607
f 2471//2449 2630//2608 2631//2609
f 2471//2449 2631//2609 2472//2450
f 2472//2450 2631//2609 2632//2610
f 2472//2450 2632//2610 2473//2451
f 2629//2607 2475//2453 2632//2610
f 2632//2610 2475//2453 2474//2452
f 2632//2610 2474//2452 2473//2451
f 2633//2611 2477//2455 2629//2607
f 2629//2607 2477//2455 2470//2448
f 2629//2607 2470//2448 2476//2454
f 2463//2441 2477//2455 2634//2612
f 2463//2441 2634//2612 2484//2462
f 2484//2462 2634//2612 2635//2613
f 2484//2462 2635//2613 2483//2461
f 2483//2461 2635//2613 2636//2614
f 2483//2461 2636//2614 2482//2460
f 2482//2460 2636//2614 2637//2615
f 2482//2460 2637//2615 2481//2459
f 2638//2616 2479//2457 2639//2617
f 2639//2617 2479//2457 2480//2458
f 2639//2617 2480//2458 2637//2615
f 2637//2615 2480//2458 2481//2459
f 2479//2457 2638//2616 2500//2478
f 2500//2478 2638//2616 2640//2618
f 2500//2478 2640//2618 2499//2477
f 2499//2477 2640//2618 2641//2619
f 2499//2477 2641//2619 2642//2620
f 2643//2621 2494//2472 2642//2620
f 2642//2620 2494//2472 2493//2471
f 2642//2620 2493//2471 2499//2477
f 2644//2622 2497//2475 2643//2621
f 2643//2621 2497//2475 2496//2474
f 2643//2621 2496//2474 2494//2472
f 2508//2486 2503//2481 2645//2623
f 2645//2623 2503//2481 2502//2480
f 2645//2623 2502//2480 2646//2624
f 2646//2624 2502//2480 2490//2468
f 2646//2624 2490//2468 2647//2625
f 2647//2625 2490//2468 2491//2469
f 2647//2625 2491//2469 2648//2626
f 2648//2626 2491//2469 2492//2470
f 2648//2626 2492//2470 2644//2622
f 2644//2622 2492//2470 2498//2476
f 2644//2622 2498//2476 2497//2475
f 2338//2316 2509//2487 2513//2491
f 2513//2491 2509//2487 2507//2485
f 2513//2491 2507//2485 2649//2627
f 2649//2627 2507//2485 2506//2484
f 2649//2627 2506//2484 2650//2628
f 2650//2628 2506//2484 2508//2486
f 2650//2628 2508//2486 2651//2629
f 2652//2630 1848//1826 2653//2631
f 2653//2631 773//773 2652//2630
f 2652//2630 773//773 2510//2488
f 2652//2630 2510//2488 2654//2632
f 2654//2632 2510//2488 2511//2489
f 2654//2632 2511//2489 2655//2633
f 2655//2633 2511//2489 2656//2634
f 2656//2634 2511//2489 2512//2490
f 2656//2634 2512//2490 2657//2635
f 2657//2635 2512//2490 2513//2491
f 2657//2635 2513//2491 2658//2636
f 2659//2637 2660//2638 2548//2526
f 2659//2637 1814//1792 2660//2638
f 2660//2638 1814//1792 1815//1793
f 2660//2638 1815//1793 1656//1634
f 1800//1778 1811//1789 2659//2637
f 2659//2637 1811//1789 1812//1790
f 2659//2637 1812//1790 1814//1792
f 1809//1787 1807//1785 2659//2637
f 2659//2637 1807//1785 1801//1779
f 2659//2637 1801//1779 1800//1778
f 2569//2547 1823//1801 1806//1784
f 2548//2526 2528//2506 2659//2637
f 2659//2637 2528//2506 2527//2505
f 2659//2637 2527//2505 2569//2547
f 1806//1784 1804//1782 2569//2547
f 2569//2547 1804//1782 1803//1781
f 2569//2547 1803//1781 2659//2637
f 2659//2637 1803//1781 1810//1788
f 2659//2637 1810//1788 1809//1787
f 2661//2639 2572//2550 2662//2640
f 2662//2640 2572//2550 2573//2551
f 2663//2641 2571//2549 2661//2639
f 2661//2639 2571//2549 2570//2548
f 2661//2639 2570//2548 2572//2550
f 2577//2555 2576//2554 2664//2642
f 2664//2642 2576//2554 2575//2553
f 2664//2642 2575//2553 2663//2641
f 2663//2641 2575//2553 2574//2552
f 2663//2641 2574//2552 2571//2549
f 2665//2643 2580//2558 2577//2555
f 2666//2644 2578//2556 2667//2645
f 2667//2645 2578//2556 2579//2557
f 2668//2646 2669//2647 2670//2648
f 2670//2648 2669//2647 2671//2649
f 2672//2650 2673//2651 2674//2652
f 2673//2651 2672//2650 2675//2653
f 2675//2653 2676//2654 2677//2655
f 2677//2655 2676//2654 2678//2656
f 2677//2655 2678//2656 2679//2657
f 2679//2657 2678//2656 2680//2658
f 2679//2657 2680//2658 2681//2659
f 2681//2659 2680//2658 2682//2660
f 2681//2659 2682//2660 2683//2661
f 2683//2661 2682//2660 1619//1597
f 2683//2661 1619//1597 1618//1596
f 2668//2646 2666//2644 2669//2647
f 2669//2647 2666//2644 2667//2645
f 2669//2647 2667//2645 2665//2643
f 2665//2643 2667//2645 2579//2557
f 2665//2643 2579//2557 2580//2558
f 2577//2555 2664//2642 2665//2643
f 2665//2643 2664//2642 2672//2650
f 2665//2643 2672//2650 2669//2647
f 2669//2647 2672//2650 2674//2652
f 2669//2647 2674//2652 2671//2649
f 2675//2653 2672//2650 2676//2654
f 2676//2654 2672//2650 2664//2642
f 2676//2654 2664//2642 2678//2656
f 2678//2656 2664//2642 2663//2641
f 2678//2656 2663//2641 2680//2658
f 2680//2658 2663//2641 2661//2639
f 2680//2658 2661//2639 2682//2660
f 2682//2660 2661//2639 2662//2640
f 2682//2660 2662//2640 1619//1597
f 1619//1597 2662//2640 2573//2551
f 1619//1597 2573//2551 1621//1599
f 2684//2662 2578//2556 2666//2644
f 2684//2662 2666//2644 2685//2663
f 2686//2664 2687//2665 2688//2666
f 2688//2666 2687//2665 2685//2663
f 2688//2666 2685//2663 2689//2667
f 2689//2667 2685//2663 2666//2644
f 2689//2667 2666//2644 2668//2646
f 2690//2668 2691//2669 2692//2670
f 2692//2670 2691//2669 2693//2671
f 2692//2670 2693//2671 2694//2672
f 2694//2672 2693//2671 2695//2673
f 2694//2672 2695//2673 2696//2674
f 2696//2674 2695//2673 2697//2675
f 2695//2673 2698//2676 2697//2675
f 2697//2675 2698//2676 2699//2677
f 2697//2675 2699//2677 2700//2678
f 2700//2678 2699//2677 2701//2679
f 2700//2678 2701//2679 2702//2680
f 2702//2680 2701//2679 2703//2681
f 2702//2680 2703//2681 2686//2664
f 2686//2664 2703//2681 2704//2682
f 2686//2664 2704//2682 2687//2665
f 2705//2683 2706//2684 2707//2685
f 2708//2686 2709//2687 2710//2688
f 2711//2689 2712//2690 2713//2691
f 2714//2692 2549//2527 2548//2526
f 2549//2527 2714//2692 2547//2525
f 2547//2525 2714//2692 2715//2693
f 2547//2525 2715//2693 2543//2521
f 2543//2521 2715//2693 2716//2694
f 2543//2521 2716//2694 2544//2522
f 2544//2522 2716//2694 2542//2520
f 2542//2520 2716//2694 2717//2695
f 2542//2520 2717//2695 2540//2518
f 2540//2518 2717//2695 2718//2696
f 2540//2518 2718//2696 2530//2508
f 2530//2508 2718//2696 2531//2509
f 2531//2509 2718//2696 2707//2685
f 2531//2509 2707//2685 2537//2515
f 2537//2515 2707//2685 2706//2684
f 2537//2515 2706//2684 2533//2511
f 2533//2511 2706//2684 2705//2683
f 2533//2511 2705//2683 2534//2512
f 2719//2697 2720//2698 2721//2699
f 2721//2699 2720//2698 2722//2700
f 2721//2699 2722//2700 2723//2701
f 2719//2697 2721//2699 2724//2702
f 2724//2702 2721//2699 2725//2703
f 2724//2702 2725//2703 2726//2704
f 2725//2703 2727//2705 2726//2704
f 2726//2704 2727//2705 2728//2706
f 2726//2704 2728//2706 2729//2707
f 2729//2707 2728//2706 2730//2708
f 2729//2707 2730//2708 2731//2709
f 2731//2709 2730//2708 2732//2710
f 2732//2710 2730//2708 2733//2711
f 2732//2710 2733//2711 2713//2691
f 2713//2691 2733//2711 2734//2712
f 2713//2691 2734//2712 2711//2689
f 2723//2701 2708//2686 2721//2699
f 2721//2699 2708//2686 2710//2688
f 2721//2699 2710//2688 2725//2703
f 2725//2703 2710//2688 2735//2713
f 2725//2703 2735//2713 2727//2705
f 2727//2705 2735//2713 2736//2714
f 2727//2705 2736//2714 2728//2706
f 2728//2706 2736//2714 2737//2715
f 2728//2706 2737//2715 2730//2708
f 2730//2708 2737//2715 2738//2716
f 2730//2708 2738//2716 2733//2711
f 2733//2711 2738//2716 2739//2717
f 2733//2711 2739//2717 2734//2712
f 2734//2712 2739//2717 2740//2718
f 2709//2687 2705//2683 2710//2688
f 2710//2688 2705//2683 2707//2685
f 2710//2688 2707//2685 2735//2713
f 2735//2713 2707//2685 2718//2696
f 2735//2713 2718//2696 2736//2714
f 2736//2714 2718//2696 2717//2695
f 2736//2714 2717//2695 2737//2715
f 2737//2715 2717//2695 2716//2694
f 2737//2715 2716//2694 2738//2716
f 2738//2716 2716//2694 2715//2693
f 2738//2716 2715//2693 2739//2717
f 2739//2717 2715//2693 2714//2692
f 2739//2717 2714//2692 2740//2718
f 2740//2718 2714//2692 2548//2526
f 1618//1596 2741//2719 2683//2661
f 2683//2661 2741//2719 2742//2720
f 2683//2661 2742//2720 2681//2659
f 2681//2659 2742//2720 2743//2721
f 2681//2659 2743//2721 2679//2657
f 2679//2657 2743//2721 2744//2722
f 2679//2657 2744//2722 2677//2655
f 2677//2655 2744//2722 2745//2723
f 2677//2655 2745//2723 2675//2653
f 2675//2653 2745//2723 2673//2651
f 2673//2651 2745//2723 2746//2724
f 2673//2651 2746//2724 2674//2652
f 2670//2648 2671//2649 2747//2725
f 2747//2725 2671//2649 2748//2726
f 2747//2725 2748//2726 2534//2512
f 2514//2492 2539//2517 2748//2726
f 2748//2726 2539//2517 2535//2513
f 2748//2726 2535//2513 2534//2512
f 2671//2649 2674//2652 2748//2726
f 2748//2726 2674//2652 2746//2724
f 2748//2726 2746//2724 2514//2492
f 2514//2492 2746//2724 2745//2723
f 2514//2492 2745//2723 2515//2493
f 2515//2493 2745//2723 2556//2534
f 2556//2534 2745//2723 2744//2722
f 2556//2534 2744//2722 2554//2532
f 2554//2532 2744//2722 2555//2533
f 2555//2533 2744//2722 2743//2721
f 2555//2533 2743//2721 2517//2495
f 2517//2495 2743//2721 2518//2496
f 2518//2496 2743//2721 2742//2720
f 2518//2496 2742//2720 2520//2498
f 1618//1596 1795//1773 2741//2719
f 2741//2719 1795//1773 1799//1777
f 2741//2719 1799//1777 2742//2720
f 2742//2720 1799//1777 2521//2499
f 2742//2720 2521//2499 2520//2498
f 2749//2727 2750//2728 2582//2560
f 2347//2325 2578//2556 2684//2662
f 2347//2325 2684//2662 2592//2570
f 2684//2662 2685//2663 2592//2570
f 2592//2570 2685//2663 2687//2665
f 2592//2570 2687//2665 2593//2571
f 2593//2571 2687//2665 2704//2682
f 2593//2571 2704//2682 2595//2573
f 2595//2573 2704//2682 2703//2681
f 2595//2573 2703//2681 2591//2569
f 2591//2569 2703//2681 2701//2679
f 2591//2569 2701//2679 2589//2567
f 2749//2727 2582//2560 2690//2668
f 2701//2679 2699//2677 2589//2567
f 2589//2567 2699//2677 2698//2676
f 2589//2567 2698//2676 2586//2564
f 2586//2564 2698//2676 2695//2673
f 2586//2564 2695//2673 2584//2562
f 2584//2562 2695//2673 2693//2671
f 2584//2562 2693//2671 2582//2560
f 2582//2560 2693//2671 2691//2669
f 2582//2560 2691//2669 2690//2668
f 2751//2729 2597//2575 2598//2576
f 2751//2729 2598//2576 2752//2730
f 2752//2730 2598//2576 2599//2577
f 2752//2730 2599//2577 2753//2731
f 2753//2731 2599//2577 2600//2578
f 2753//2731 2600//2578 2754//2732
f 2754//2732 2600//2578 2601//2579
f 2754//2732 2601//2579 2755//2733
f 2755//2733 2601//2579 2602//2580
f 2755//2733 2602//2580 2756//2734
f 2757//2735 2751//2729 2758//2736
f 2758//2736 2751//2729 2752//2730
f 2758//2736 2752//2730 2759//2737
f 2759//2737 2752//2730 2753//2731
f 2759//2737 2753//2731 2760//2738
f 2760//2738 2753//2731 2754//2732
f 2760//2738 2754//2732 2761//2739
f 2761//2739 2754//2732 2755//2733
f 2761//2739 2755//2733 2762//2740
f 2762//2740 2755//2733 2756//2734
f 2762//2740 2756//2734 2763//2741
f 2764//2742 2603//2581 2604//2582
f 2764//2742 2604//2582 2765//2743
f 2765//2743 2604//2582 2348//2326
f 2765//2743 2348//2326 2583//2561
f 2602//2580 2603//2581 2756//2734
f 2756//2734 2603//2581 2764//2742
f 2756//2734 2764//2742 2763//2741
f 2763//2741 2764//2742 2765//2743
f 2763//2741 2765//2743 2766//2744
f 2766//2744 2765//2743 2583//2561
f 2766//2744 2583//2561 2582//2560
f 2373//2351 2597//2575 2605//2583
f 2605//2583 2597//2575 2767//2745
f 2605//2583 2767//2745 2606//2584
f 2606//2584 2767//2745 2607//2585
f 2768//2746 2610//2588 2609//2587
f 2768//2746 2609//2587 2767//2745
f 2767//2745 2609//2587 2608//2586
f 2767//2745 2608//2586 2607//2585
f 2615//2593 2618//2596 2769//2747
f 2769//2747 2618//2596 2613//2591
f 2613//2591 2614//2592 2769//2747
f 2769//2747 2614//2592 2612//2590
f 2769//2747 2612//2590 2768//2746
f 2768//2746 2612//2590 2611//2589
f 2768//2746 2611//2589 2610//2588
f 2630//2608 2471//2449 2770//2748
f 2770//2748 2471//2449 2627//2605
f 2770//2748 2627//2605 2628//2606
f 2628//2606 2626//2604 2770//2748
f 2770//2748 2626//2604 2624//2602
f 2770//2748 2624//2602 2622//2600
f 2622//2600 2620//2598 2770//2748
f 2770//2748 2620//2598 2619//2597
f 2770//2748 2619//2597 2769//2747
f 2769//2747 2619//2597 2616//2594
f 2769//2747 2616//2594 2615//2593
f 2771//2749 2633//2611 2629//2607
f 2772//2750 2771//2749 2773//2751
f 2771//2749 2629//2607 2773//2751
f 2773//2751 2629//2607 2632//2610
f 2773//2751 2632//2610 2774//2752
f 2774//2752 2632//2610 2631//2609
f 2774//2752 2631//2609 2775//2753
f 2775//2753 2631//2609 2630//2608
f 2775//2753 2630//2608 2776//2754
f 2772//2750 2773//2751 2777//2755
f 2777//2755 2773//2751 2774//2752
f 2777//2755 2774//2752 2778//2756
f 2778//2756 2774//2752 2775//2753
f 2778//2756 2775//2753 2779//2757
f 2779//2757 2775//2753 2776//2754
f 2779//2757 2776//2754 2780//2758
f 2781//2759 2637//2615 2782//2760
f 2782//2760 2637//2615 2636//2614
f 2782//2760 2636//2614 2783//2761
f 2783//2761 2636//2614 2635//2613
f 2783//2761 2635//2613 2784//2762
f 2784//2762 2635//2613 2634//2612
f 2784//2762 2634//2612 2785//2763
f 2785//2763 2634//2612 2477//2455
f 2785//2763 2477//2455 2633//2611
f 2639//2617 2637//2615 2781//2759
f 2639//2617 2781//2759 2638//2616
f 2638//2616 2781//2759 2640//2618
f 2640//2618 2781//2759 2786//2764
f 2640//2618 2786//2764 2641//2619
f 2641//2619 2786//2764 2787//2765
f 2641//2619 2787//2765 2642//2620
f 2642//2620 2787//2765 2788//2766
f 2642//2620 2788//2766 2643//2621
f 2643//2621 2788//2766 2789//2767
f 2643//2621 2789//2767 2644//2622
f 2644//2622 2789//2767 2790//2768
f 2644//2622 2790//2768 2648//2626
f 2508//2486 2645//2623 2651//2629
f 2651//2629 2645//2623 2646//2624
f 2651//2629 2646//2624 2790//2768
f 2790//2768 2646//2624 2647//2625
f 2790//2768 2647//2625 2648//2626
f 2791//2769 2792//2770 2793//2771
f 2651//2629 2791//2769 2650//2628
f 2650//2628 2791//2769 2793//2771
f 2650//2628 2793//2771 2649//2627
f 2649//2627 2793//2771 2794//2772
f 2649//2627 2794//2772 2513//2491
f 2513//2491 2794//2772 2658//2636
f 1630//1608 1633//1611 2795//2773
f 2795//2773 1633//1611 1848//1826
f 2795//2773 1848//1826 2796//2774
f 2655//2633 2797//2775 2654//2632
f 2654//2632 2797//2775 2798//2776
f 2654//2632 2798//2776 2652//2630
f 2652//2630 2798//2776 2799//2777
f 2652//2630 2799//2777 1848//1826
f 1848//1826 2799//2777 2800//2778
f 1848//1826 2800//2778 2796//2774
f 2655//2633 2656//2634 2797//2775
f 2797//2775 2656//2634 2657//2635
f 2797//2775 2657//2635 2801//2779
f 2801//2779 2657//2635 2658//2636
f 2801//2779 2658//2636 2802//2780
f 1688//1666 2802//2780 1670//1648
f 1670//1648 2802//2780 2803//2781
f 1670//1648 2803//2781 1671//1649
f 1671//1649 2803//2781 2804//2782
f 1630//1608 2795//2773 1631//1609
f 1631//1609 2795//2773 1675//1653
f 1631//1609 1675//1653 1674//1652
f 2795//2773 2796//2774 1675//1653
f 1675//1653 2796//2774 2800//2778
f 1675//1653 2800//2778 1691//1669
f 1691//1669 2800//2778 2799//2777
f 1691//1669 2799//2777 1690//1668
f 1690//1668 2799//2777 2798//2776
f 1690//1668 2798//2776 1689//1667
f 1689//1667 2798//2776 2797//2775
f 1689//1667 2797//2775 1688//1666
f 1688//1666 2797//2775 2801//2779
f 1688//1666 2801//2779 2802//2780
f 1791//1769 1678//1656 1677//1655
f 1677//1655 1679//1657 1791//1769
f 1791//1769 1679//1657 2805//2783
f 1791//1769 2805//2783 1696//1674
f 1718//1696 2806//2784 1692//1670
f 1721//1699 2807//2785 2808//2786
f 1692//1670 2806//2784 1693//1671
f 2809//2787 2810//2788 2811//2789
f 2812//2790 2813//2791 2814//2792
f 2814//2792 2813//2791 2815//2793
f 2814//2792 2815//2793 2816//2794
f 2816//2794 2815//2793 2817//2795
f 2816//2794 2817//2795 2818//2796
f 2818//2796 2817//2795 2819//2797
f 2818//2796 2819//2797 2820//2798
f 2820//2798 2821//2799 2822//2800
f 2822//2800 2821//2799 2823//2801
f 2822//2800 2823//2801 2824//2802
f 1679//1657 2825//2803 2805//2783
f 2805//2783 2825//2803 1697//1675
f 2805//2783 1697//1675 1696//1674
f 2825//2803 2824//2802 1697//1675
f 1697//1675 2824//2802 2823//2801
f 1697//1675 2823//2801 1722//1700
f 1722//1700 2823//2801 2821//2799
f 1722//1700 2821//2799 1724//1702
f 2820//2798 2819//2797 2821//2799
f 2821//2799 2819//2797 1726//1704
f 2821//2799 1726//1704 1724//1702
f 1721//1699 2808//2786 1720//1698
f 1720//1698 2808//2786 2826//2804
f 1720//1698 2826//2804 1719//1697
f 1719//1697 2826//2804 1718//1696
f 1718//1696 2826//2804 2809//2787
f 1718//1696 2809//2787 2806//2784
f 2806//2784 2809//2787 2811//2789
f 2806//2784 2811//2789 1693//1671
f 1693//1671 2811//2789 2827//2805
f 1693//1671 2827//2805 1734//1712
f 1721//1699 1726//1704 2807//2785
f 2807//2785 1726//1704 2819//2797
f 2807//2785 2819//2797 2808//2786
f 2808//2786 2819//2797 2817//2795
f 2808//2786 2817//2795 2826//2804
f 2826//2804 2817//2795 2815//2793
f 2826//2804 2815//2793 2809//2787
f 2809//2787 2815//2793 2813//2791
f 2809//2787 2813//2791 2810//2788
f 2810//2788 2813//2791 2812//2790
f 1734//1712 2827//2805 1663//1641
f 1663//1641 2827//2805 2828//2806
f 1663//1641 2828//2806 1658//1636
f 1658//1636 2828//2806 1659//1637
f 2829//2807 2830//2808 1654//1632
f 1661//1639 2831//2809 1662//1640
f 1662//1640 2831//2809 2832//2810
f 1662//1640 2832//2810 1651//1629
f 1651//1629 2832//2810 2829//2807
f 1651//1629 2829//2807 1652//1630
f 1652//1630 2829//2807 1654//1632
f 2740//2718 2548//2526 2660//2638
f 2833//2811 2834//2812 2740//2718
f 2740//2718 2834//2812 2734//2712
f 2734//2712 2834//2812 2711//2689
f 2711//2689 2834//2812 2835//2813
f 2711//2689 2835//2813 2712//2690
f 2836//2814 2832//2810 2837//2815
f 2837//2815 2832//2810 2831//2809
f 2837//2815 2831//2809 2828//2806
f 2828//2806 2831//2809 1661//1639
f 2828//2806 1661//1639 1659//1637
f 1656//1634 1654//1632 2660//2638
f 2660//2638 1654//1632 2830//2808
f 2660//2638 2830//2808 2740//2718
f 2740//2718 2830//2808 2829//2807
f 2740//2718 2829//2807 2833//2811
f 2833//2811 2829//2807 2832//2810
f 2833//2811 2832//2810 2834//2812
f 2834//2812 2832//2810 2836//2814
f 2834//2812 2836//2814 2835//2813
f 2838//2816 2839//2817 2840//2818
f 2712//2690 2841//2819 2842//2820
f 2724//2702 2726//2704 2843//2821
f 2843//2821 2726//2704 2729//2707
f 2843//2821 2729//2707 2844//2822
f 2844//2822 2729//2707 2731//2709
f 2844//2822 2731//2709 2845//2823
f 2845//2823 2731//2709 2732//2710
f 2840//2818 2839//2817 2719//2697
f 2719//2697 2839//2817 2846//2824
f 2719//2697 2846//2824 2720//2698
f 2841//2819 2847//2825 2848//2826
f 2842//2820 2841//2819 2849//2827
f 2849//2827 2841//2819 2848//2826
f 2849//2827 2848//2826 2850//2828
f 2851//2829 2852//2830 2853//2831
f 2853//2831 2852//2830 2854//2832
f 2853//2831 2854//2832 2855//2833
f 2855//2833 2854//2832 2856//2834
f 2850//2828 2855//2833 2849//2827
f 2849//2827 2855//2833 2856//2834
f 2849//2827 2856//2834 2842//2820
f 2842//2820 2856//2834 2713//2691
f 2842//2820 2713//2691 2712//2690
f 2857//2835 2839//2817 2858//2836
f 2858//2836 2839//2817 2838//2816
f 2858//2836 2838//2816 2859//2837
f 2859//2837 2838//2816 2840//2818
f 2859//2837 2840//2818 2843//2821
f 2843//2821 2840//2818 2719//2697
f 2843//2821 2719//2697 2724//2702
f 2860//2838 2851//2829 2861//2839
f 2861//2839 2851//2829 2853//2831
f 2861//2839 2853//2831 2862//2840
f 2862//2840 2853//2831 2855//2833
f 2862//2840 2855//2833 2863//2841
f 2863//2841 2855//2833 2850//2828
f 2860//2838 2858//2836 2851//2829
f 2851//2829 2858//2836 2859//2837
f 2851//2829 2859//2837 2852//2830
f 2852//2830 2859//2837 2843//2821
f 2852//2830 2843//2821 2854//2832
f 2854//2832 2843//2821 2844//2822
f 2854//2832 2844//2822 2856//2834
f 2856//2834 2844//2822 2845//2823
f 2856//2834 2845//2823 2713//2691
f 2713//2691 2845//2823 2732//2710
f 2864//2842 2750//2728 2749//2727
f 2690//2668 2692//2670 2749//2727
f 2749//2727 2692//2670 2865//2843
f 2749//2727 2865//2843 2864//2842
f 2750//2728 2864//2842 2866//2844
f 2750//2728 2866//2844 2867//2845
f 2867//2845 2866//2844 2868//2846
f 2867//2845 2868//2846 2869//2847
f 2869//2847 2868//2846 2870//2848
f 2869//2847 2870//2848 2871//2849
f 2871//2849 2870//2848 2872//2850
f 2871//2849 2872//2850 2873//2851
f 2873//2851 2872//2850 2874//2852
f 2873//2851 2874//2852 2875//2853
f 2875//2853 2874//2852 2876//2854
f 2875//2853 2876//2854 2877//2855
f 2877//2855 2876//2854 2878//2856
f 2877//2855 2878//2856 2879//2857
f 2879//2857 2878//2856 2880//2858
f 2879//2857 2880//2858 2881//2859
f 2872//2850 2882//2860 2883//2861
f 2872//2850 2883//2861 2874//2852
f 2874//2852 2883//2861 2884//2862
f 2874//2852 2884//2862 2876//2854
f 2876//2854 2884//2862 2885//2863
f 2876//2854 2885//2863 2878//2856
f 2878//2856 2885//2863 2886//2864
f 2878//2856 2886//2864 2880//2858
f 2882//2860 2872//2850 2887//2865
f 2887//2865 2872//2850 2870//2848
f 2887//2865 2870//2848 2888//2866
f 2888//2866 2870//2848 2868//2846
f 2888//2866 2868//2846 2889//2867
f 2889//2867 2868//2846 2866//2844
f 2889//2867 2866//2844 2890//2868
f 2890//2868 2866//2844 2864//2842
f 2890//2868 2864//2842 2865//2843
f 2668//2646 2670//2648 2747//2725
f 2668//2646 2747//2725 2689//2667
f 2891//2869 2702//2680 2686//2664
f 2700//2678 2892//2870 2697//2675
f 2697//2675 2892//2870 2893//2871
f 2697//2675 2893//2871 2696//2674
f 2894//2872 2692//2670 2893//2871
f 2893//2871 2692//2670 2694//2672
f 2893//2871 2694//2672 2696//2674
f 2891//2869 2686//2664 2895//2873
f 2895//2873 2686//2664 2688//2666
f 2895//2873 2688//2666 2896//2874
f 2896//2874 2688//2666 2689//2667
f 2896//2874 2689//2667 2897//2875
f 2897//2875 2689//2667 2747//2725
f 2897//2875 2747//2725 2534//2512
f 2722//2700 2891//2869 2723//2701
f 2723//2701 2891//2869 2895//2873
f 2723//2701 2895//2873 2708//2686
f 2708//2686 2895//2873 2896//2874
f 2708//2686 2896//2874 2709//2687
f 2709//2687 2896//2874 2897//2875
f 2709//2687 2897//2875 2705//2683
f 2705//2683 2897//2875 2534//2512
f 2722//2700 2720//2698 2891//2869
f 2891//2869 2720//2698 2892//2870
f 2891//2869 2892//2870 2702//2680
f 2702//2680 2892//2870 2700//2678
f 2720//2698 2846//2824 2892//2870
f 2892//2870 2846//2824 2839//2817
f 2892//2870 2839//2817 2893//2871
f 2893//2871 2839//2817 2857//2835
f 2893//2871 2857//2835 2894//2872
f 2879//2857 2759//2737 2877//2855
f 2877//2855 2759//2737 2760//2738
f 2877//2855 2760//2738 2875//2853
f 2875//2853 2760//2738 2761//2739
f 2875//2853 2761//2739 2873//2851
f 2873//2851 2761//2739 2762//2740
f 2873//2851 2762//2740 2871//2849
f 2871//2849 2762//2740 2763//2741
f 2871//2849 2763//2741 2869//2847
f 2869//2847 2763//2741 2766//2744
f 2869//2847 2766//2744 2867//2845
f 2867//2845 2766//2744 2582//2560
f 2867//2845 2582//2560 2750//2728
f 2881//2859 2757//2735 2879//2857
f 2879//2857 2757//2735 2758//2736
f 2879//2857 2758//2736 2759//2737
f 2881//2859 2898//2876 2757//2735
f 2757//2735 2898//2876 2899//2877
f 2757//2735 2899//2877 2900//2878
f 2776//2754 2630//2608 2770//2748
f 2780//2758 2776//2754 2901//2879
f 2776//2754 2770//2748 2901//2879
f 2901//2879 2770//2748 2769//2747
f 2901//2879 2769//2747 2902//2880
f 2902//2880 2769//2747 2768//2746
f 2902//2880 2768//2746 2903//2881
f 2903//2881 2768//2746 2767//2745
f 2903//2881 2767//2745 2904//2882
f 2904//2882 2767//2745 2597//2575
f 2904//2882 2597//2575 2751//2729
f 2780//2758 2901//2879 2905//2883
f 2905//2883 2901//2879 2902//2880
f 2905//2883 2902//2880 2906//2884
f 2906//2884 2902//2880 2903//2881
f 2906//2884 2903//2881 2907//2885
f 2907//2885 2903//2881 2904//2882
f 2907//2885 2904//2882 2908//2886
f 2908//2886 2904//2882 2751//2729
f 2908//2886 2751//2729 2757//2735
f 2881//2859 2880//2858 2898//2876
f 2898//2876 2880//2858 2909//2887
f 2898//2876 2909//2887 2899//2877
f 2899//2877 2909//2887 2910//2888
f 2899//2877 2910//2888 2900//2878
f 2911//2889 2912//2890 2913//2891
f 2913//2891 2912//2890 2914//2892
f 2915//2893 2916//2894 2914//2892
f 2914//2892 2916//2894 2917//2895
f 2914//2892 2917//2895 2913//2891
f 2914//2892 2918//2896 2915//2893
f 2915//2893 2918//2896 2919//2897
f 2915//2893 2919//2897 2920//2898
f 2911//2889 2921//2899 2912//2890
f 2912//2890 2921//2899 2922//2900
f 2912//2890 2922//2900 2910//2888
f 2910//2888 2922//2900 2923//2901
f 2910//2888 2923//2901 2900//2878
f 2924//2902 2925//2903 2772//2750
f 2924//2902 2772//2750 2926//2904
f 2926//2904 2772//2750 2777//2755
f 2926//2904 2777//2755 2927//2905
f 2927//2905 2777//2755 2928//2906
f 2928//2906 2777//2755 2778//2756
f 2928//2906 2778//2756 2929//2907
f 2929//2907 2778//2756 2779//2757
f 2929//2907 2779//2757 2930//2908
f 2930//2908 2779//2757 2780//2758
f 2930//2908 2780//2758 2931//2909
f 2932//2910 2781//2759 2782//2760
f 2771//2749 2772//2750 2933//2911
f 2934//2912 2932//2910 2935//2913
f 2935//2913 2932//2910 2782//2760
f 2935//2913 2782//2760 2936//2914
f 2936//2914 2782//2760 2783//2761
f 2936//2914 2783//2761 2937//2915
f 2937//2915 2783//2761 2784//2762
f 2937//2915 2784//2762 2933//2911
f 2933//2911 2784//2762 2785//2763
f 2933//2911 2785//2763 2771//2749
f 2771//2749 2785//2763 2633//2611
f 2932//2910 2934//2912 2938//2916
f 2786//2764 2781//2759 2939//2917
f 2939//2917 2781//2759 2932//2910
f 2932//2910 2938//2916 2939//2917
f 2939//2917 2938//2916 2940//2918
f 2939//2917 2940//2918 2941//2919
f 2941//2919 2940//2918 2942//2920
f 2941//2919 2942//2920 2943//2921
f 2786//2764 2939//2917 2787//2765
f 2787//2765 2939//2917 2941//2919
f 2787//2765 2941//2919 2788//2766
f 2788//2766 2941//2919 2943//2921
f 2788//2766 2943//2921 2789//2767
f 2944//2922 2945//2923 2946//2924
f 2944//2922 2946//2924 2947//2925
f 2947//2925 2946//2924 2792//2770
f 2947//2925 2792//2770 2791//2769
f 2942//2920 2945//2923 2943//2921
f 2943//2921 2945//2923 2944//2922
f 2943//2921 2944//2922 2789//2767
f 2789//2767 2944//2922 2947//2925
f 2789//2767 2947//2925 2790//2768
f 2790//2768 2947//2925 2791//2769
f 2790//2768 2791//2769 2651//2629
f 2948//2926 2804//2782 2658//2636
f 2658//2636 2804//2782 2803//2781
f 2658//2636 2803//2781 2802//2780
f 2792//2770 2949//2927 2793//2771
f 2793//2771 2949//2927 2948//2926
f 2793//2771 2948//2926 2794//2772
f 2794//2772 2948//2926 2658//2636
f 1671//1649 2804//2782 2950//2928
f 2950//2928 2804//2782 2948//2926
f 2950//2928 2948//2926 2951//2929
f 2951//2929 2948//2926 2949//2927
f 2951//2929 2949//2927 2952//2930
f 1680//1658 1681//1659 2953//2931
f 1686//1664 1687//1665 2954//2932
f 1680//1658 2953//2931 1679//1657
f 1684//1662 1686//1664 2955//2933
f 2955//2933 1686//1664 2954//2932
f 2955//2933 2954//2932 2956//2934
f 2956//2934 2954//2932 2957//2935
f 2956//2934 2957//2935 2958//2936
f 2958//2936 2957//2935 2959//2937
f 2958//2936 2959//2937 2960//2938
f 2960//2938 2959//2937 2961//2939
f 2960//2938 2961//2939 2962//2940
f 2962//2940 2961//2939 2963//2941
f 2962//2940 2963//2941 2964//2942
f 2964//2942 2963//2941 2965//2943
f 2964//2942 2965//2943 2966//2944
f 2966//2944 2965//2943 2967//2945
f 2966//2944 2967//2945 2968//2946
f 2968//2946 2967//2945 2969//2947
f 2968//2946 2970//2948 2966//2944
f 2966//2944 2970//2948 2971//2949
f 2966//2944 2971//2949 2964//2942
f 2964//2942 2971//2949 2972//2950
f 2964//2942 2972//2950 2962//2940
f 2962//2940 2972//2950 2973//2951
f 2962//2940 2973//2951 2960//2938
f 2960//2938 2973//2951 2974//2952
f 2960//2938 2974//2952 2958//2936
f 2958//2936 2974//2952 2975//2953
f 2958//2936 2975//2953 2956//2934
f 2956//2934 2975//2953 2976//2954
f 2956//2934 2976//2954 2955//2933
f 2955//2933 2976//2954 2977//2955
f 2955//2933 2977//2955 1684//1662
f 1684//1662 2977//2955 1683//1661
f 2970//2948 2978//2956 2971//2949
f 2971//2949 2978//2956 2979//2957
f 2971//2949 2979//2957 2972//2950
f 2972//2950 2979//2957 2980//2958
f 2972//2950 2980//2958 2973//2951
f 2973//2951 2980//2958 2981//2959
f 2973//2951 2981//2959 2974//2952
f 2974//2952 2981//2959 2982//2960
f 2974//2952 2982//2960 2975//2953
f 2975//2953 2982//2960 2983//2961
f 2975//2953 2983//2961 2976//2954
f 2976//2954 2983//2961 2984//2962
f 2976//2954 2984//2962 2977//2955
f 2977//2955 2984//2962 2953//2931
f 2977//2955 2953//2931 1683//1661
f 1683//1661 2953//2931 1681//1659
f 2978//2956 2812//2790 2979//2957
f 2979//2957 2812//2790 2814//2792
f 2979//2957 2814//2792 2980//2958
f 2980//2958 2814//2792 2816//2794
f 2980//2958 2816//2794 2981//2959
f 2981//2959 2816//2794 2818//2796
f 2981//2959 2818//2796 2982//2960
f 2982//2960 2818//2796 2820//2798
f 2982//2960 2820//2798 2983//2961
f 2983//2961 2820//2798 2822//2800
f 2983//2961 2822//2800 2984//2962
f 2984//2962 2822//2800 2824//2802
f 2984//2962 2824//2802 2953//2931
f 2953//2931 2824//2802 2825//2803
f 2953//2931 2825//2803 1679//1657
f 2811//2789 2810//2788 2985//2963
f 2827//2805 2811//2789 2828//2806
f 2828//2806 2811//2789 2985//2963
f 2828//2806 2985//2963 2837//2815
f 2837//2815 2985//2963 2986//2964
f 2837//2815 2986//2964 2836//2814
f 2836//2814 2986//2964 2835//2813
f 2835//2813 2986//2964 2841//2819
f 2835//2813 2841//2819 2712//2690
f 2847//2825 2841//2819 2987//2965
f 2987//2965 2841//2819 2986//2964
f 2987//2965 2986//2964 2988//2966
f 2988//2966 2986//2964 2985//2963
f 2988//2966 2985//2963 2989//2967
f 2989//2967 2985//2963 2810//2788
f 2989//2967 2810//2788 2812//2790
f 2990//2968 2991//2969 2992//2970
f 2993//2971 2994//2972 2995//2973
f 2996//2974 2997//2975 2998//2976
f 2998//2976 2999//2977 3000//2978
f 2991//2969 2990//2968 3001//2979
f 3001//2979 2990//2968 3002//2980
f 3001//2979 3002//2980 3000//2978
f 3000//2978 3002//2980 3003//2981
f 3000//2978 3003//2981 2998//2976
f 3004//2982 2995//2973 3005//2983
f 3005//2983 2995//2973 2994//2972
f 3005//2983 2994//2972 3006//2984
f 3006//2984 2994//2972 3007//2985
f 3008//2986 3009//2987 3010//2988
f 3010//2988 3009//2987 2848//2826
f 3010//2988 2848//2826 2847//2825
f 3011//2989 2863//2841 3009//2987
f 3009//2987 2863//2841 2850//2828
f 3009//2987 2850//2828 2848//2826
f 2993//2971 3012//2990 3013//2991
f 3013//2991 3012//2990 3014//2992
f 3013//2991 3014//2992 3015//2993
f 3015//2993 3014//2992 3016//2994
f 3015//2993 3016//2994 3017//2995
f 3017//2995 3016//2994 3011//2989
f 3017//2995 3011//2989 3018//2996
f 3018//2996 3011//2989 3009//2987
f 3018//2996 3009//2987 3019//2997
f 3019//2997 3009//2987 3008//2986
f 3020//2998 3021//2999 3022//3000
f 3022//3000 3021//2999 3023//3001
f 3022//3000 3023//3001 3024//3002
f 3024//3002 3023//3001 3025//3003
f 3024//3002 3025//3003 3026//3004
f 3026//3004 3025//3003 3027//3005
f 3021//2999 3028//3006 3023//3001
f 3023//3001 3028//3006 3029//3007
f 3023//3001 3029//3007 3025//3003
f 3025//3003 3029//3007 3030//3008
f 3025//3003 3030//3008 3027//3005
f 2996//2974 2998//2976 3031//3009
f 3031//3009 2998//2976 3003//2981
f 3031//3009 3003//2981 3032//3010
f 3032//3010 3003//2981 3002//2980
f 3032//3010 3002//2980 3020//2998
f 3020//2998 3002//2980 2990//2968
f 3020//2998 2990//2968 3021//2999
f 3021//2999 2990//2968 2992//2970
f 3021//2999 2992//2970 3028//3006
f 2857//2835 2858//2836 3033//3011
f 3033//3011 2858//2836 2995//2973
f 3033//3011 2995//2973 3034//3012
f 3034//3012 2995//2973 3004//2982
f 2993//2971 2995//2973 3012//2990
f 3012//2990 2995//2973 2858//2836
f 3012//2990 2858//2836 3014//2992
f 3014//2992 2858//2836 2860//2838
f 3014//2992 2860//2838 3016//2994
f 3016//2994 2860//2838 2861//2839
f 3016//2994 2861//2839 3011//2989
f 3011//2989 2861//2839 2862//2840
f 3011//2989 2862//2840 2863//2841
f 2999//2977 3007//2985 3000//2978
f 3000//2978 3007//2985 2994//2972
f 3000//2978 2994//2972 3001//2979
f 3001//2979 2994//2972 2993//2971
f 3001//2979 2993//2971 2991//2969
f 2991//2969 2993//2971 3013//2991
f 2991//2969 3013//2991 2992//2970
f 2992//2970 3013//2991 3015//2993
f 2992//2970 3015//2993 3028//3006
f 3028//3006 3015//2993 3017//2995
f 3028//3006 3017//2995 3029//3007
f 3029//3007 3017//2995 3018//2996
f 3029//3007 3018//2996 3030//3008
f 3030//3008 3018//2996 3019//2997
f 3035//3013 3036//3014 3037//3015
f 2883//2861 2882//2860 3038//3016
f 2865//2843 2692//2670 2894//2872
f 2865//2843 2894//2872 2890//2868
f 2887//2865 2888//2866 3039//3017
f 3039//3017 2888//2866 2889//2867
f 3039//3017 2889//2867 3040//3018
f 3040//3018 2889//2867 2890//2868
f 2883//2861 3038//3016 2884//2862
f 3038//3016 3041//3019 2884//2862
f 2884//2862 3041//3019 3037//3015
f 2884//2862 3037//3015 2885//2863
f 2885//2863 3037//3015 2886//2864
f 2886//2864 3037//3015 3036//3014
f 2886//2864 3036//3014 2880//2858
f 3042//3020 3043//3021 3033//3011
f 3033//3011 3034//3012 3042//3020
f 3042//3020 3034//3012 3004//2982
f 3042//3020 3004//2982 3005//2983
f 2857//2835 3033//3011 2894//2872
f 2894//2872 3033//3011 3043//3021
f 2894//2872 3043//3021 2890//2868
f 2890//2868 3043//3021 3042//3020
f 2890//2868 3042//3020 3040//3018
f 3040//3018 3042//3020 3005//2983
f 3040//3018 3005//2983 3039//3017
f 3039//3017 3005//2983 3006//2984
f 3006//2984 3007//2985 3039//3017
f 3039//3017 3007//2985 3038//3016
f 3039//3017 3038//3016 2887//2865
f 2887//2865 3038//3016 2882//2860
f 3007//2985 2999//2977 3038//3016
f 3038//3016 2999//2977 2998//2976
f 3038//3016 2998//2976 3041//3019
f 3041//3019 2998//2976 2997//2975
f 2997//2975 3044//3022 3041//3019
f 3041//3019 3044//3022 3045//3023
f 3041//3019 3045//3023 3037//3015
f 3037//3015 3045//3023 3046//3024
f 3037//3015 3046//3024 3035//3013
f 3047//3025 3048//3026 3049//3027
f 3049//3027 3048//3026 3050//3028
f 3050//3028 3048//3026 3051//3029
f 3051//3029 3048//3026 3052//3030
f 3051//3029 3052//3030 3053//3031
f 2757//2735 2900//2878 2923//2901
f 2757//2735 2923//2901 2908//2886
f 2908//2886 2923//2901 2922//2900
f 2908//2886 2922//2900 2921//2899
f 2917//2895 2907//2885 2913//2891
f 2913//2891 2907//2885 2908//2886
f 2913//2891 2908//2886 2911//2889
f 2911//2889 2908//2886 2921//2899
f 2917//2895 2916//2894 2907//2885
f 2907//2885 2916//2894 2915//2893
f 2907//2885 2915//2893 2906//2884
f 2915//2893 2920//2898 2906//2884
f 2906//2884 2920//2898 3054//3032
f 2906//2884 3054//3032 3055//3033
f 3055//3033 3056//3034 2906//2884
f 2906//2884 3056//3034 3057//3035
f 2906//2884 3057//3035 3058//3036
f 3058//3036 3059//3037 2906//2884
f 2906//2884 3059//3037 3060//3038
f 2906//2884 3060//3038 2905//2883
f 2905//2883 3060//3038 3061//3039
f 2905//2883 3061//3039 3053//3031
f 3053//3031 3052//3030 2905//2883
f 2905//2883 3052//3030 3062//3040
f 2905//2883 3062//3040 3063//3041
f 2931//2909 2780//2758 3064//3042
f 3064//3042 2780//2758 2905//2883
f 3064//3042 2905//2883 3065//3043
f 3065//3043 2905//2883 3063//3041
f 3066//3044 2919//2897 2918//2896
f 2912//2890 2910//2888 3036//3014
f 3036//3014 2910//2888 2909//2887
f 3036//3014 2909//2887 2880//2858
f 3036//3014 3067//3045 2912//2890
f 2912//2890 3067//3045 3068//3046
f 2912//2890 3068//3046 2914//2892
f 2914//2892 3068//3046 3069//3047
f 2914//2892 3069//3047 2918//2896
f 3066//3044 2918//2896 3070//3048
f 3070//3048 2918//2896 3069//3047
f 3070//3048 3069//3047 3071//3049
f 3071//3049 3069//3047 3068//3046
f 3071//3049 3068//3046 3072//3050
f 3072//3050 3068//3046 3073//3051
f 3073//3051 3068//3046 3067//3045
f 3073//3051 3067//3045 3074//3052
f 3074//3052 3067//3045 3036//3014
f 3074//3052 3036//3014 3035//3013
f 3057//3035 3056//3034 3075//3053
f 3075//3053 3056//3034 3055//3033
f 3075//3053 3055//3033 2919//2897
f 2919//2897 3055//3033 3054//3032
f 2919//2897 3054//3032 2920//2898
f 3076//3054 3077//3055 3078//3056
f 3057//3035 3075//3053 3058//3036
f 3058//3036 3075//3053 3076//3054
f 3058//3036 3076//3054 3059//3037
f 3059//3037 3076//3054 3078//3056
f 3059//3037 3078//3056 3060//3038
f 3079//3057 3080//3058 3081//3059
f 3063//3041 3079//3057 3065//3043
f 3065//3043 3079//3057 3081//3059
f 3065//3043 3081//3059 3064//3042
f 3064//3042 3081//3059 3082//3060
f 3064//3042 3082//3060 2931//2909
f 3083//3061 2924//2902 2926//2904
f 2930//2908 2931//2909 3084//3062
f 3084//3062 2931//2909 3082//3060
f 3083//3061 2926//2904 3085//3063
f 3085//3063 2926//2904 2927//2905
f 3085//3063 2927//2905 3086//3064
f 3086//3064 2927//2905 2928//2906
f 3086//3064 2928//2906 3084//3062
f 3084//3062 2928//2906 2929//2907
f 3084//3062 2929//2907 2930//2908
f 3083//3061 2925//2903 2924//2902
f 3087//3065 2934//2912 3088//3066
f 3088//3066 2934//2912 2935//2913
f 2935//2913 2936//2914 3088//3066
f 3088//3066 2936//2914 2937//2915
f 3088//3066 2937//2915 3089//3067
f 3089//3067 2937//2915 2933//2911
f 3089//3067 2933//2911 3090//3068
f 3090//3068 2933//2911 2772//2750
f 3090//3068 2772//2750 2925//2903
f 3091//3069 2949//2927 2792//2770
f 3087//3065 3092//3070 2934//2912
f 2934//2912 3092//3070 3093//3071
f 2934//2912 3093//3071 2938//2916
f 2940//2918 3094//3072 2942//2920
f 2942//2920 3094//3072 3095//3073
f 2942//2920 3095//3073 2945//2923
f 2945//2923 3095//3073 3096//3074
f 2945//2923 3096//3074 2946//2924
f 2946//2924 3096//3074 3097//3075
f 2946//2924 3097//3075 2792//2770
f 2792//2770 3097//3075 3098//3076
f 2792//2770 3098//3076 3091//3069
f 3093//3071 3099//3077 2938//2916
f 2938//2916 3099//3077 3100//3078
f 2938//2916 3100//3078 2940//2918
f 2940//2918 3100//3078 3101//3079
f 2940//2918 3101//3079 3094//3072
f 3093//3071 3102//3080 3099//3077
f 3099//3077 3102//3080 3103//3081
f 3099//3077 3103//3081 3100//3078
f 3100//3078 3103//3081 3104//3082
f 3100//3078 3104//3082 3101//3079
f 3101//3079 3104//3082 3105//3083
f 3101//3079 3105//3083 3094//3072
f 3094//3072 3105//3083 3106//3084
f 2952//2930 2949//2927 3107//3085
f 3107//3085 2949//2927 3091//3069
f 3107//3085 3091//3069 3108//3086
f 3108//3086 3091//3069 3098//3076
f 3108//3086 3098//3076 3109//3087
f 3109//3087 3098//3076 3097//3075
f 3109//3087 3097//3075 3110//3088
f 3110//3088 3097//3075 3096//3074
f 3110//3088 3096//3074 3111//3089
f 3111//3089 3096//3074 3095//3073
f 3111//3089 3095//3073 3112//3090
f 3112//3090 3095//3073 3094//3072
f 3112//3090 3094//3072 3113//3091
f 3113//3091 3094//3072 3106//3084
f 2951//2929 2952//2930 3114//3092
f 3114//3092 2952//2930 3107//3085
f 3114//3092 3107//3085 3108//3086
f 1672//1650 1671//1649 2950//2928
f 1672//1650 2950//2928 3115//3093
f 1687//1665 1672//1650 3116//3094
f 3116//3094 1672//1650 3115//3093
f 3116//3094 3115//3093 3117//3095
f 3118//3096 3119//3097 3120//3098
f 3120//3098 3119//3097 3121//3099
f 3120//3098 3121//3099 3122//3100
f 3122//3100 3123//3101 3120//3098
f 3120//3098 3123//3101 3117//3095
f 3120//3098 3117//3095 3114//3092
f 3114//3092 3117//3095 3115//3093
f 3114//3092 3115//3093 2951//2929
f 2951//2929 3115//3093 2950//2928
f 3124//3102 3125//3103 3126//3104
f 3127//3105 3128//3106 3129//3107
f 3130//3108 3131//3109 3132//3110
f 3132//3110 3131//3109 3133//3111
f 3132//3110 3133//3111 3134//3112
f 3134//3112 3133//3111 3135//3113
f 3134//3112 3135//3113 3129//3107
f 3129//3107 3135//3113 3136//3114
f 3129//3107 3136//3114 3127//3105
f 3132//3110 3137//3115 3130//3108
f 3130//3108 3137//3115 3138//3116
f 3130//3108 3138//3116 3139//3117
f 3126//3104 3125//3103 3138//3116
f 3138//3116 3125//3103 3140//3118
f 3138//3116 3140//3118 3139//3117
f 3124//3102 3126//3104 3117//3095
f 3117//3095 3126//3104 3141//3119
f 3117//3095 3141//3119 3116//3094
f 3128//3106 3142//3120 3129//3107
f 3129//3107 3142//3120 3143//3121
f 3129//3107 3143//3121 3134//3112
f 3134//3112 3143//3121 3144//3122
f 3134//3112 3144//3122 3132//3110
f 3132//3110 3144//3122 3145//3123
f 3132//3110 3145//3123 3137//3115
f 3137//3115 3145//3123 3146//3124
f 3137//3115 3146//3124 3138//3116
f 3138//3116 3146//3124 3147//3125
f 3138//3116 3147//3125 3126//3104
f 3126//3104 3147//3125 3148//3126
f 3126//3104 3148//3126 3141//3119
f 3141//3119 3148//3126 3149//3127
f 3141//3119 3149//3127 3116//3094
f 3150//3128 2969//2947 3151//3129
f 3151//3129 2969//2947 2967//2945
f 3151//3129 2967//2945 3152//3130
f 3152//3130 2967//2945 2965//2943
f 3152//3130 2965//2943 3153//3131
f 3153//3131 2965//2943 2963//2941
f 3153//3131 2963//2941 3154//3132
f 3154//3132 2963//2941 2961//2939
f 3154//3132 2961//2939 3155//3133
f 3155//3133 2961//2939 2959//2937
f 3155//3133 2959//2937 3156//3134
f 3156//3134 2959//2937 2957//2935
f 3156//3134 2957//2935 2954//2932
f 3142//3120 3150//3128 3143//3121
f 3143//3121 3150//3128 3151//3129
f 3143//3121 3151//3129 3144//3122
f 3144//3122 3151//3129 3152//3130
f 3144//3122 3152//3130 3145//3123
f 3145//3123 3152//3130 3153//3131
f 3145//3123 3153//3131 3146//3124
f 3146//3124 3153//3131 3154//3132
f 3146//3124 3154//3132 3147//3125
f 3147//3125 3154//3132 3155//3133
f 3147//3125 3155//3133 3148//3126
f 3148//3126 3155//3133 3156//3134
f 3148//3126 3156//3134 3149//3127
f 3149//3127 3156//3134 2954//2932
f 3149//3127 2954//2932 3116//3094
f 3116//3094 2954//2932 1687//1665
f 3157//3135 2968//2946 2969//2947
f 2968//2946 3158//3136 2970//2948
f 2970//2948 3158//3136 3159//3137
f 2970//2948 3159//3137 2978//2956
f 3019//2997 3160//3138 3030//3008
f 3030//3008 3160//3138 3161//3139
f 3030//3008 3161//3139 3027//3005
f 2968//2946 3157//3135 3158//3136
f 3158//3136 3157//3135 3162//3140
f 3158//3136 3162//3140 3159//3137
f 3159//3137 3162//3140 3163//3141
f 3159//3137 3163//3141 2987//2965
f 2812//2790 2978//2956 2989//2967
f 2989//2967 2978//2956 3159//3137
f 2989//2967 3159//3137 2988//2966
f 2988//2966 3159//3137 2987//2965
f 2969//2947 3161//3139 3157//3135
f 3157//3135 3161//3139 3160//3138
f 3157//3135 3160//3138 3162//3140
f 3162//3140 3160//3138 3019//2997
f 3162//3140 3019//2997 3163//3141
f 3163//3141 3019//2997 3008//2986
f 3163//3141 3008//2986 2987//2965
f 2987//2965 3008//2986 3010//2988
f 2987//2965 3010//2988 2847//2825
f 3044//3022 2997//2975 2996//2974
f 3164//3142 3165//3143 3166//3144
f 3167//3145 3168//3146 3169//3147
f 3169//3147 3168//3146 3170//3148
f 3169//3147 3170//3148 3171//3149
f 3171//3149 3170//3148 3172//3150
f 3171//3149 3172//3150 3173//3151
f 3173//3151 3172//3150 3174//3152
f 3173//3151 3174//3152 3175//3153
f 3175//3153 3174//3152 3176//3154
f 3175//3153 3176//3154 3177//3155
f 3177//3155 3176//3154 3178//3156
f 3177//3155 3178//3156 3179//3157
f 3179//3157 3178//3156 3180//3158
f 3179//3157 3180//3158 3181//3159
f 3168//3146 3182//3160 3183//3161
f 3168//3146 3183//3161 3170//3148
f 3170//3148 3183//3161 3184//3162
f 3170//3148 3184//3162 3172//3150
f 3172//3150 3184//3162 3185//3163
f 3172//3150 3185//3163 3174//3152
f 3174//3152 3185//3163 3186//3164
f 3174//3152 3186//3164 3176//3154
f 3176//3154 3186//3164 3187//3165
f 3176//3154 3187//3165 3178//3156
f 3178//3156 3187//3165 3164//3142
f 3178//3156 3164//3142 3180//3158
f 3180//3158 3164//3142 3166//3144
f 3180//3158 3166//3144 3181//3159
f 3044//3022 2996//2974 3045//3023
f 3027//3005 3165//3143 3026//3004
f 3026//3004 3165//3143 3164//3142
f 3026//3004 3164//3142 3024//3002
f 3024//3002 3164//3142 3187//3165
f 3024//3002 3187//3165 3022//3000
f 3022//3000 3187//3165 3186//3164
f 3022//3000 3186//3164 3020//2998
f 3020//2998 3186//3164 3185//3163
f 3020//2998 3185//3163 3032//3010
f 3032//3010 3185//3163 3184//3162
f 3032//3010 3184//3162 3031//3009
f 3031//3009 3184//3162 3183//3161
f 3031//3009 3183//3161 2996//2974
f 2996//2974 3183//3161 3182//3160
f 2996//2974 3182//3160 3045//3023
f 3045//3023 3182//3160 3168//3146
f 3045//3023 3168//3146 3046//3024
f 3046//3024 3168//3146 3167//3145
f 3046//3024 3167//3145 3035//3013
f 3188//3166 3050//3028 3051//3029
f 3053//3031 3061//3039 3051//3029
f 3051//3029 3061//3039 3189//3167
f 3051//3029 3189//3167 3188//3166
f 3061//3039 3060//3038 3189//3167
f 3189//3167 3060//3038 3078//3056
f 3189//3167 3078//3056 3190//3168
f 3190//3168 3078//3056 3077//3055
f 3191//3169 3047//3025 3192//3170
f 3192//3170 3047//3025 3049//3027
f 3192//3170 3049//3027 3050//3028
f 3047//3025 3193//3171 3048//3026
f 3048//3026 3193//3171 3062//3040
f 3048//3026 3062//3040 3052//3030
f 3063//3041 3062//3040 3079//3057
f 3079//3057 3062//3040 3193//3171
f 3079//3057 3193//3171 3080//3058
f 3080//3058 3193//3171 3194//3172
f 3070//3048 3071//3049 3195//3173
f 3076//3054 3075//3053 3196//3174
f 3196//3174 3075//3053 2919//2897
f 3197//3175 3077//3055 3076//3054
f 3076//3054 3196//3174 3197//3175
f 3197//3175 3196//3174 3198//3176
f 3197//3175 3198//3176 3199//3177
f 3199//3177 3198//3176 3200//3178
f 3199//3177 3200//3178 3201//3179
f 3202//3180 3203//3181 3204//3182
f 3204//3182 3203//3181 3205//3183
f 3204//3182 3205//3183 3206//3184
f 3207//3185 3208//3186 3209//3187
f 3209//3187 3210//3188 3207//3185
f 3207//3185 3210//3188 3211//3189
f 3207//3185 3211//3189 3202//3180
f 3202//3180 3211//3189 3212//3190
f 3202//3180 3212//3190 3203//3181
f 3035//3013 3167//3145 3074//3052
f 3074//3052 3167//3145 3169//3147
f 3074//3052 3169//3147 3073//3051
f 3206//3184 3201//3179 3204//3182
f 3204//3182 3201//3179 3200//3178
f 3204//3182 3200//3178 3213//3191
f 3213//3191 3200//3178 3198//3176
f 3213//3191 3198//3176 3214//3192
f 3214//3192 3198//3176 3196//3174
f 3214//3192 3196//3174 3215//3193
f 3215//3193 3196//3174 2919//2897
f 3070//3048 3195//3173 3066//3044
f 2919//2897 3066//3044 3215//3193
f 3215//3193 3066//3044 3195//3173
f 3215//3193 3195//3173 3214//3192
f 3214//3192 3195//3173 3216//3194
f 3214//3192 3216//3194 3213//3191
f 3213//3191 3216//3194 3217//3195
f 3213//3191 3217//3195 3204//3182
f 3204//3182 3217//3195 3218//3196
f 3204//3182 3218//3196 3202//3180
f 3202//3180 3218//3196 3219//3197
f 3202//3180 3219//3197 3207//3185
f 3207//3185 3219//3197 3220//3198
f 3207//3185 3220//3198 3208//3186
f 3208//3186 3220//3198 3221//3199
f 3072//3050 3073//3051 3222//3200
f 3222//3200 3073//3051 3169//3147
f 3222//3200 3169//3147 3223//3201
f 3223//3201 3169//3147 3171//3149
f 3223//3201 3171//3149 3224//3202
f 3224//3202 3171//3149 3173//3151
f 3224//3202 3173//3151 3225//3203
f 3225//3203 3173//3151 3175//3153
f 3225//3203 3175//3153 3226//3204
f 3226//3204 3175//3153 3177//3155
f 3226//3204 3177//3155 3227//3205
f 3227//3205 3177//3155 3179//3157
f 3227//3205 3179//3157 3228//3206
f 3228//3206 3179//3157 3181//3159
f 3071//3049 3072//3050 3195//3173
f 3195//3173 3072//3050 3222//3200
f 3195//3173 3222//3200 3216//3194
f 3216//3194 3222//3200 3223//3201
f 3216//3194 3223//3201 3217//3195
f 3217//3195 3223//3201 3224//3202
f 3217//3195 3224//3202 3218//3196
f 3218//3196 3224//3202 3225//3203
f 3218//3196 3225//3203 3219//3197
f 3219//3197 3225//3203 3226//3204
f 3219//3197 3226//3204 3220//3198
f 3220//3198 3226//3204 3227//3205
f 3220//3198 3227//3205 3221//3199
f 3221//3199 3227//3205 3228//3206
f 3194//3172 3229//3207 3080//3058
f 3080//3058 3229//3207 3081//3059
f 3230//3208 3086//3064 3231//3209
f 3231//3209 3086//3064 3084//3062
f 3231//3209 3084//3062 3229//3207
f 3229//3207 3084//3062 3082//3060
f 3229//3207 3082//3060 3081//3059
f 3230//3208 3232//3210 3086//3064
f 3086//3064 3232//3210 3233//3211
f 3086//3064 3233//3211 3085//3063
f 3085//3063 3233//3211 3083//3061
f 3090//3068 2925//2903 3083//3061
f 3090//3068 3083//3061 3089//3067
f 3083//3061 3234//3212 3089//3067
f 3089//3067 3234//3212 3235//3213
f 3089//3067 3235//3213 3088//3066
f 3235//3213 3236//3214 3088//3066
f 3088//3066 3236//3214 3237//3215
f 3088//3066 3237//3215 3087//3065
f 3087//3065 3237//3215 3238//3216
f 3087//3065 3238//3216 3092//3070
f 3092//3070 3238//3216 3102//3080
f 3092//3070 3102//3080 3093//3071
f 3103//3081 3102//3080 3239//3217
f 3112//3090 3113//3091 3240//3218
f 3240//3218 3113//3091 3106//3084
f 3240//3218 3106//3084 3241//3219
f 3241//3219 3106//3084 3105//3083
f 3241//3219 3105//3083 3104//3082
f 3109//3087 3110//3088 3242//3220
f 3243//3221 3244//3222 3114//3092
f 3114//3092 3244//3222 3120//3098
f 3245//3223 3244//3222 3242//3220
f 3242//3220 3244//3222 3243//3221
f 3242//3220 3243//3221 3109//3087
f 3109//3087 3243//3221 3114//3092
f 3109//3087 3114//3092 3108//3086
f 3246//3224 3247//3225 3242//3220
f 3242//3220 3247//3225 3248//3226
f 3242//3220 3248//3226 3245//3223
f 3110//3088 3111//3089 3242//3220
f 3242//3220 3111//3089 3112//3090
f 3242//3220 3112//3090 3246//3224
f 3246//3224 3112//3090 3240//3218
f 3246//3224 3240//3218 3247//3225
f 3247//3225 3240//3218 3249//3227
f 3250//3228 3251//3229 3241//3219
f 3241//3219 3251//3229 3252//3230
f 3241//3219 3252//3230 3240//3218
f 3240//3218 3252//3230 3253//3231
f 3240//3218 3253//3231 3249//3227
f 3104//3082 3103//3081 3241//3219
f 3241//3219 3103//3081 3239//3217
f 3241//3219 3239//3217 3250//3228
f 3250//3228 3239//3217 3254//3232
f 3249//3227 3253//3231 3255//3233
f 3256//3234 3257//3235 3258//3236
f 3259//3237 3135//3113 3133//3111
f 3131//3109 3260//3238 3261//3239
f 3140//3118 3125//3103 3123//3101
f 3123//3101 3125//3103 3124//3102
f 3123//3101 3124//3102 3117//3095
f 3130//3108 3139//3117 3262//3240
f 3262//3240 3139//3117 3140//3118
f 3262//3240 3140//3118 3263//3241
f 3263//3241 3140//3118 3123//3101
f 3263//3241 3123//3101 3122//3100
f 3264//3242 3127//3105 3259//3237
f 3259//3237 3127//3105 3136//3114
f 3259//3237 3136//3114 3135//3113
f 3265//3243 3264//3242 3266//3244
f 3266//3244 3264//3242 3259//3237
f 3266//3244 3259//3237 3261//3239
f 3261//3239 3259//3237 3133//3111
f 3261//3239 3133//3111 3131//3109
f 3252//3230 3251//3229 3267//3245
f 3267//3245 3251//3229 3250//3228
f 3268//3246 3269//3247 3270//3248
f 3270//3248 3269//3247 3271//3249
f 3270//3248 3271//3249 3272//3250
f 3272//3250 3271//3249 3273//3251
f 3272//3250 3273//3251 3274//3252
f 3274//3252 3273//3251 3267//3245
f 3274//3252 3267//3245 3275//3253
f 3275//3253 3267//3245 3250//3228
f 3275//3253 3250//3228 3254//3232
f 3276//3254 3256//3234 3277//3255
f 3277//3255 3256//3234 3258//3236
f 3277//3255 3258//3236 3278//3256
f 3278//3256 3258//3236 3279//3257
f 3278//3256 3279//3257 3280//3258
f 3280//3258 3279//3257 3281//3259
f 3280//3258 3281//3259 3255//3233
f 3253//3231 3252//3230 3255//3233
f 3255//3233 3252//3230 3267//3245
f 3255//3233 3267//3245 3280//3258
f 3280//3258 3267//3245 3273//3251
f 3280//3258 3273//3251 3278//3256
f 3278//3256 3273//3251 3271//3249
f 3278//3256 3271//3249 3277//3255
f 3277//3255 3271//3249 3269//3247
f 3277//3255 3269//3247 3276//3254
f 3276//3254 3269//3247 3268//3246
f 3282//3260 3283//3261 3284//3262
f 3284//3262 3283//3261 3285//3263
f 3284//3262 3285//3263 3119//3097
f 3286//3264 3282//3260 3287//3265
f 3287//3265 3282//3260 3284//3262
f 3287//3265 3284//3262 3118//3096
f 3118//3096 3284//3262 3119//3097
f 3268//3246 3265//3243 3276//3254
f 3276//3254 3265//3243 3266//3244
f 3276//3254 3266//3244 3256//3234
f 3256//3234 3266//3244 3261//3239
f 3256//3234 3261//3239 3257//3235
f 3257//3235 3261//3239 3260//3238
f 3257//3235 3260//3238 3288//3266
f 3131//3109 3130//3108 3260//3238
f 3260//3238 3130//3108 3262//3240
f 3260//3238 3262//3240 3288//3266
f 3288//3266 3262//3240 3263//3241
f 3288//3266 3263//3241 3121//3099
f 3121//3099 3263//3241 3122//3100
f 3247//3225 3289//3267 3248//3226
f 3248//3226 3289//3267 3286//3264
f 3248//3226 3286//3264 3245//3223
f 3245//3223 3286//3264 3287//3265
f 3245//3223 3287//3265 3244//3222
f 3244//3222 3287//3265 3118//3096
f 3244//3222 3118//3096 3120//3098
f 3121//3099 3119//3097 3288//3266
f 3288//3266 3119//3097 3285//3263
f 3288//3266 3285//3263 3257//3235
f 3257//3235 3285//3263 3283//3261
f 3257//3235 3283//3261 3258//3236
f 3258//3236 3283//3261 3282//3260
f 3258//3236 3282//3260 3279//3257
f 3279//3257 3282//3260 3286//3264
f 3279//3257 3286//3264 3281//3259
f 3281//3259 3286//3264 3289//3267
f 3281//3259 3289//3267 3255//3233
f 3255//3233 3289//3267 3247//3225
f 3255//3233 3247//3225 3249//3227
f 3027//3005 3161//3139 3165//3143
f 3165//3143 3161//3139 3290//3268
f 3165//3143 3290//3268 3166//3144
f 3166//3144 3290//3268 3291//3269
f 3208//3186 3221//3199 3292//3270
f 3292//3270 3221//3199 3228//3206
f 3292//3270 3228//3206 3291//3269
f 3291//3269 3228//3206 3181//3159
f 3291//3269 3181//3159 3166//3144
f 3209//3187 3208//3186 3293//3271
f 3293//3271 3208//3186 3292//3270
f 3293//3271 3292//3270 3294//3272
f 3294//3272 3292//3270 3127//3105
f 3127//3105 3292//3270 3128//3106
f 3128//3106 3292//3270 3291//3269
f 3128//3106 3291//3269 3142//3120
f 3142//3120 3291//3269 3290//3268
f 3142//3120 3290//3268 3150//3128
f 3150//3128 3290//3268 3161//3139
f 3150//3128 3161//3139 2969//2947
f 3230//3208 3231//3209 3295//3273
f 3205//3183 3203//3181 3296//3274
f 3210//3188 3209//3187 3297//3275
f 3190//3168 3077//3055 3298//3276
f 3298//3276 3077//3055 3197//3175
f 3189//3167 3299//3277 3188//3166
f 3188//3166 3299//3277 3300//3278
f 3188//3166 3300//3278 3050//3028
f 3191//3169 3192//3170 3301//3279
f 3301//3279 3192//3170 3050//3028
f 3301//3279 3050//3028 3302//3280
f 3302//3280 3050//3028 3300//3278
f 3047//3025 3191//3169 3193//3171
f 3193//3171 3191//3169 3301//3279
f 3193//3171 3301//3279 3194//3172
f 3194//3172 3301//3279 3229//3207
f 3303//3281 3212//3190 3211//3189
f 3304//3282 3305//3283 3306//3284
f 3306//3284 3305//3283 3307//3285
f 3306//3284 3307//3285 3308//3286
f 3308//3286 3307//3285 3309//3287
f 3308//3286 3309//3287 3310//3288
f 3310//3288 3309//3287 3303//3281
f 3310//3288 3303//3281 3297//3275
f 3297//3275 3303//3281 3211//3189
f 3297//3275 3211//3189 3210//3188
f 3199//3177 3201//3179 3311//3289
f 3311//3289 3201//3179 3312//3290
f 3311//3289 3312//3290 3313//3291
f 3197//3175 3199//3177 3298//3276
f 3298//3276 3199//3177 3311//3289
f 3298//3276 3311//3289 3314//3292
f 3314//3292 3311//3289 3313//3291
f 3314//3292 3313//3291 3315//3293
f 3231//3209 3229//3207 3295//3273
f 3295//3273 3229//3207 3301//3279
f 3295//3273 3301//3279 3316//3294
f 3316//3294 3301//3279 3302//3280
f 3316//3294 3302//3280 3315//3293
f 3315//3293 3302//3280 3300//3278
f 3315//3293 3300//3278 3314//3292
f 3314//3292 3300//3278 3299//3277
f 3314//3292 3299//3277 3298//3276
f 3298//3276 3299//3277 3189//3167
f 3298//3276 3189//3167 3190//3168
f 3206//3184 3205//3183 3317//3295
f 3317//3295 3205//3183 3296//3274
f 3317//3295 3296//3274 3318//3296
f 3318//3296 3296//3274 3319//3297
f 3318//3296 3319//3297 3320//3298
f 3320//3298 3319//3297 3321//3299
f 3320//3298 3321//3299 3322//3300
f 3322//3300 3321//3299 3323//3301
f 3322//3300 3323//3301 3324//3302
f 3324//3302 3323//3301 3325//3303
f 3324//3302 3325//3303 3326//3304
f 3304//3282 3325//3303 3305//3283
f 3305//3283 3325//3303 3323//3301
f 3305//3283 3323//3301 3307//3285
f 3307//3285 3323//3301 3321//3299
f 3307//3285 3321//3299 3309//3287
f 3309//3287 3321//3299 3319//3297
f 3309//3287 3319//3297 3303//3281
f 3303//3281 3319//3297 3296//3274
f 3303//3281 3296//3274 3212//3190
f 3212//3190 3296//3274 3203//3181
f 3201//3179 3206//3184 3312//3290
f 3312//3290 3206//3184 3317//3295
f 3312//3290 3317//3295 3313//3291
f 3313//3291 3317//3295 3318//3296
f 3313//3291 3318//3296 3315//3293
f 3315//3293 3318//3296 3320//3298
f 3315//3293 3320//3298 3316//3294
f 3316//3294 3320//3298 3322//3300
f 3316//3294 3322//3300 3295//3273
f 3295//3273 3322//3300 3324//3302
f 3295//3273 3324//3302 3230//3208
f 3230//3208 3324//3302 3326//3304
f 3230//3208 3326//3304 3232//3210
f 3233//3211 3232//3210 3327//3305
f 3083//3061 3233//3211 3234//3212
f 3234//3212 3233//3211 3327//3305
f 3234//3212 3327//3305 3235//3213
f 3235//3213 3327//3305 3328//3306
f 3328//3306 3329//3307 3235//3213
f 3235//3213 3329//3307 3330//3308
f 3235//3213 3330//3308 3236//3214
f 3236//3214 3330//3308 3331//3309
f 3236//3214 3331//3309 3237//3215
f 3331//3309 3254//3232 3239//3217
f 3237//3215 3331//3309 3238//3216
f 3238//3216 3331//3309 3239//3217
f 3238//3216 3239//3217 3102//3080
f 3294//3272 3127//3105 3332//3310
f 3332//3310 3127//3105 3264//3242
f 3297//3275 3209//3187 3293//3271
f 3333//3311 3310//3288 3334//3312
f 3334//3312 3310//3288 3297//3275
f 3334//3312 3297//3275 3335//3313
f 3335//3313 3297//3275 3293//3271
f 3326//3304 3325//3303 3336//3314
f 3336//3314 3325//3303 3304//3282
f 3336//3314 3304//3282 3337//3315
f 3337//3315 3304//3282 3306//3284
f 3337//3315 3306//3284 3338//3316
f 3338//3316 3306//3284 3308//3286
f 3232//3210 3326//3304 3327//3305
f 3327//3305 3326//3304 3336//3314
f 3327//3305 3336//3314 3328//3306
f 3328//3306 3336//3314 3329//3307
f 3331//3309 3330//3308 3339//3317
f 3332//3310 3264//3242 3265//3243
f 3332//3310 3265//3243 3340//3318
f 3340//3318 3265//3243 3268//3246
f 3340//3318 3268//3246 3341//3319
f 3341//3319 3268//3246 3270//3248
f 3341//3319 3270//3248 3342//3320
f 3342//3320 3270//3248 3272//3250
f 3342//3320 3272//3250 3343//3321
f 3343//3321 3272//3250 3274//3252
f 3343//3321 3274//3252 3344//3322
f 3344//3322 3274//3252 3275//3253
f 3330//3308 3329//3307 3339//3317
f 3339//3317 3329//3307 3336//3314
f 3339//3317 3336//3314 3345//3323
f 3345//3323 3336//3314 3337//3315
f 3345//3323 3337//3315 3346//3324
f 3346//3324 3337//3315 3338//3316
f 3346//3324 3338//3316 3333//3311
f 3333//3311 3338//3316 3308//3286
f 3333//3311 3308//3286 3310//3288
f 3293//3271 3294//3272 3335//3313
f 3335//3313 3294//3272 3332//3310
f 3335//3313 3332//3310 3334//3312
f 3334//3312 3332//3310 3340//3318
f 3334//3312 3340//3318 3333//3311
f 3333//3311 3340//3318 3341//3319
f 3333//3311 3341//3319 3346//3324
f 3346//3324 3341//3319 3342//3320
f 3346//3324 3342//3320 3345//3323
f 3345//3323 3342//3320 3343//3321
f 3345//3323 3343//3321 3339//3317
f 3339//3317 3343//3321 3344//3322
f 3339//3317 3344//3322 3331//3309
f 3331//3309 3344//3322 3275//3253
f 3331//3309 3275//3253 3254//3232
f 1480//1480 1486//1486 601//601
f 601//601 1486//1486 602//602
f 1551//1551 990//990 1546//1546
f 1546//1546 990//990 991//991
f 1546//1546 991//991 1544//1544
f 98//98 100//100 668//668
f 668//668 667//667 98//98
f 98//98 667//667 666//666
f 98//98 666//666 110//110
f 110//110 666//666 669//669
f 110//110 669//669 109//109
f 109//109 669//669 671//671
f 109//109 671//671 104//104
f 104//104 671//671 670//670
f 104//104 670//670 95//95
f 177//177 3347//3325 181//181
f 3347//3325 177//177 179//179
f 1059//1059 3347//3325 1060//1060
f 3347//3325 1059//1059 1058//1058
f 1061//1061 1060//1060 3347//3325
f 3348//3326 47//47 46//46
f 3347//3325 1057//1057 1052//1052
f 47//47 3348//3326 1052//1052
f 1052//1052 3348//3326 3347//3325
f 1058//1058 1057//1057 3347//3325
f 1062//1062 1061//1061 3347//3325
f 3347//3325 175//175 49//49
f 49//49 51//51 3347//3325
f 180//180 175//175 3347//3325
f 53//53 1062//1062 51//51
f 51//51 1062//1062 3347//3325
f 179//179 180//180 3347//3325
f 182//182 181//181 3347//3325
f 46//46 183//183 3348//3326
f 3348//3326 183//183 182//182
f 3348//3326 182//182 3347//3325
f 1845//1823 1844//1822 1589//1573
f 1589//1573 1605//1583 1845//1823
f 1845//1823 1605//1583 1603//1581
f 1845//1823 1603//1581 1846//1824
f 1846//1824 1603//1581 1847//1825
f 1847//1825 1603//1581 1598//1578
f 1847//1825 1598//1578 1842//1820
f 612//612 613//613 723//723
f 723//723 613//613 614//614
f 614//614 618//618 723//723
f 723//723 618//618 617//617
f 723//723 617//617 616//616
f 615//615 1491//1491 1599//1579
f 1491//1491 1492//1492 1599//1579
f 1599//1579 1492//1492 1493//1493
f 1599//1579 1493//1493 1494//1494
f 1494//1494 1495//1495 1599//1579
f 1599//1579 1495//1495 1496//1496
f 1599//1579 1496//1496 1598//1578
f 1598//1578 1496//1496 1497//1497
f 1598//1578 1497//1497 1842//1820
f 612//612 723//723 966//966
f 966//966 723//723 722//722
f 966//966 722//722 967//967
f 967//967 722//722 726//726
f 967//967 726//726 968//968
f 968//968 726//726 725//725
f 968//968 725//725 965//965
f 965//965 725//725 724//724
f 965//965 724//724 964//964
f 616//616 615//615 723//723
f 723//723 615//615 1599//1579
f 723//723 1599//1579 707//707
f 707//707 1599//1579 1602//1580
f 707//707 1602//1580 706//706
f 706//706 1602//1580 1604//1582
f 706//706 1604//1582 705//705
f 705//705 1604//1582 1606//1584
f 714//714 695//695 713//713
f 713//713 695//695 697//697
f 713//713 697//697 712//712
f 712//712 697//697 699//699
f 712//712 699//699 716//716
f 716//716 699//699 700//700
f 716//716 700//700 715//715
f 715//715 700//700 685//685
f 715//715 685//685 702//702
f 702//702 685//685 680//680
f 702//702 680//680 703//703
f 703//703 680//680 682//682
f 1564//714 1600//695 1557//1557
f 1557//1557 1600//695 1601//697
f 1557//1557 1601//697 1581//712
f 1581//712 1601//697 1593//699
f 1581//712 1593//699 1580//716
f 1580//716 1593//699 1592//700
f 1580//716 1592//700 1579//1572
f 1579//1572 1592//700 1588//685
f 1579//1572 1588//685 1577//702
f 1577//702 1588//685 1590//680
f 1577//702 1590//680 1559//1559
f 1559//1559 1590//680 1587//682
f 66//66 69//69 2653//2631
f 2653//2631 69//69 773//773
f 1481//1481 1480//1480 601//601
f 601//601 608//608 1481//1481
f 1481//1481 608//608 20//20
f 1481//1481 20//20 19//19
f 1547//1547 975//975 1548//1548
f 1548//1548 975//975 973//973
f 1548//1548 973//973 1549//1549
f 1549//1549 973//973 1550//1550
f 1550//1550 973//973 981//981
f 1550//1550 981//981 1552//1552
f 990//990 1551//1551 979//979
f 979//979 1551//1551 1552//1552
f 979//979 1552//1552 980//980
f 980//980 1552//1552 981//981
f 664//664 96//96 665//665
f 665//665 96//96 95//95
f 665//665 95//95 670//670
f 721//721 963//963 724//724
f 724//724 963//963 964//964
f 663//663 963//963 661//661
f 661//661 963//963 721//721
f 661//661 721//721 678//678
f 678//678 721//721 720//720
f 678//678 720//720 679//679
f 679//679 720//720 719//719
f 679//679 719//719 684//684
f 684//684 719//719 701//701
f 684//684 701//701 672//672
f 672//672 701//701 717//717
f 1607//1585 1597//1577 1498//1498
f 1498//1498 1501//1501 1607//1585
f 1607//1585 1501//1501 1507//1507
f 1607//1585 1507//1507 1505//1505
f 1503//1503 619//619 718//718
f 718//718 619//619 626//626
f 718//718 626//626 628//628
f 625//625 672//672 624//624
f 624//624 672//672 717//717
f 624//624 717//717 622//622
f 622//622 717//717 718//718
f 622//622 718//718 630//630
f 630//630 718//718 628//628
f 1499//1499 1498//1498 1553//1553
f 1553//1553 1498//1498 1597//1577
f 1553//1553 1597//1577 1574//1569
f 1574//1569 1597//1577 1596//1576
f 1574//1569 1596//1576 1576//719
f 1576//719 1596//1576 1595//679
f 1576//719 1595//679 1578//1571
f 1578//1571 1595//679 1594//1575
f 1578//1571 1594//1575 1543//1543
f 1543//1543 1594//1575 1591//1574
f 1543//1543 1591//1574 1545//1545
f 1545//1545 1591//1574 1843//1821
f 1843//1821 1591//1574 1589//1573
f 1843//1821 1589//1573 1844//1822
f 705//705 1606//1584 718//718
f 718//718 1606//1584 1607//1585
f 718//718 1607//1585 1503//1503
f 1503//1503 1607//1585 1505//1505
f 703//703 682//682 704//704
f 704//704 682//682 676//676
f 704//704 676//676 708//708
f 708//708 676//676 675//675
f 708//708 675//675 709//709
f 709//709 675//675 689//689
f 709//709 689//689 711//711
f 711//711 689//689 691//691
f 711//711 691//691 710//710
f 710//710 691//691 693//693
f 710//710 693//693 714//714
f 714//714 693//693 695//695
f 1559//1559 1587//682 1561//1561
f 1561//1561 1587//682 1586//676
f 1561//1561 1586//676 1563//708
f 1563//708 1586//676 1585//675
f 1563//708 1585//675 1570//709
f 1570//709 1585//675 1584//689
f 1570//709 1584//689 1568//711
f 1568//711 1584//689 1583//691
f 1568//711 1583//691 1566//710
f 1566//710 1583//691 1582//693
f 1566//710 1582//693 1564//714
f 1564//714 1582//693 1600//695
f 1848//1826 67//67 2653//2631
f 2653//2631 67//67 66//66
