# Blender 5.2.1 LTS
# www.blender.org
o right_middle_1
v -0.007247 -0.006844 -0.002950
v -0.007247 -0.006844 -0.001950
v -0.007392 -0.006627 -0.001950
v -0.007392 -0.006627 -0.002950
v -0.007475 -0.006379 -0.001950
v -0.007475 -0.006379 -0.002950
v -0.001131 -0.000986 -0.001950
v -0.001131 -0.000986 -0.006050
v -0.001446 -0.000398 -0.001950
v -0.001446 -0.000398 -0.006050
v -0.001476 0.000269 -0.001950
v -0.001476 0.000269 -0.006050
v -0.001213 0.000883 -0.001950
v -0.001213 0.000883 -0.006050
v -0.000710 0.001322 -0.001950
v -0.000710 0.001322 -0.006050
v -0.000066 0.001499 -0.001950
v -0.000066 0.001499 -0.006050
v 0.000591 0.001379 -0.001950
v 0.000591 0.001379 -0.006050
v 0.001131 0.000986 -0.001950
v 0.001131 0.000986 -0.006050
v -0.004522 -0.003943 -0.006050
v -0.004522 -0.003943 -0.005050
v -0.004952 -0.003654 -0.006050
v -0.004952 -0.003654 -0.005050
v -0.005468 -0.003619 -0.006050
v -0.005468 -0.003619 -0.005050
v -0.005933 -0.003847 -0.006050
v -0.005933 -0.003847 -0.005050
v -0.006222 -0.004276 -0.006050
v -0.006222 -0.004276 -0.005050
v -0.006257 -0.004793 -0.006050
v -0.006257 -0.004793 -0.005050
v -0.006030 -0.005258 -0.006050
v -0.006030 -0.005258 -0.005050
v -0.006030 -0.005258 -0.001950
v -0.006030 -0.005258 -0.002950
v -0.006257 -0.004793 -0.001950
v -0.006257 -0.004793 -0.002950
v -0.006222 -0.004276 -0.001950
v -0.006222 -0.004276 -0.002950
v -0.005933 -0.003847 -0.001950
v -0.005933 -0.003847 -0.002950
v -0.005468 -0.003619 -0.001950
v -0.005468 -0.003619 -0.002950
v -0.004952 -0.003654 -0.001950
v -0.004952 -0.003654 -0.002950
v -0.004522 -0.003943 -0.001950
v -0.004522 -0.003943 -0.002950
v 0.002450 0.002136 -0.001950
v 0.002450 0.002136 -0.006050
v 0.001564 0.002849 -0.006050
v 0.001564 0.002849 -0.001950
v 0.000486 0.003213 -0.006050
v 0.000486 0.003213 -0.001950
v -0.000651 0.003184 -0.006050
v -0.000651 0.003184 -0.001950
v -0.001708 0.002765 -0.006050
v -0.001708 0.002765 -0.001950
v -0.002556 0.002007 -0.006050
v -0.002556 0.002007 -0.001950
v -0.008190 -0.000422 -0.007010
v -0.008190 -0.000422 -0.007450
v -0.008193 -0.000395 -0.007008
v -0.008193 -0.000395 -0.007477
v -0.008196 -0.000367 -0.007007
v -0.008196 -0.000367 -0.007504
v -0.005845 0.001961 -0.005970
v -0.005873 0.001914 -0.005973
v -0.005807 0.001963 -0.006476
v -0.004898 0.002624 -0.007965
v -0.004774 0.002726 -0.008027
v -0.005102 0.002479 -0.007769
v -0.003937 0.003477 -0.008296
v -0.003910 0.003502 -0.008299
v -0.003935 0.003540 -0.008289
v -0.003515 0.003868 -0.008321
v -0.004051 0.003371 -0.008276
v -0.004331 0.003153 -0.008190
v -0.004319 0.003126 -0.008209
v -0.004734 0.002845 -0.007981
v -0.004476 0.002984 -0.008156
v -0.004343 0.003104 -0.008202
v -0.004726 0.002766 -0.008050
v -0.004722 0.002769 -0.008052
v -0.004723 0.002794 -0.008021
v -0.004537 0.002931 -0.008132
v -0.005444 0.002219 -0.007427
v -0.005266 0.002349 -0.007662
v -0.005065 0.002496 -0.007874
v -0.005414 0.002250 -0.007392
v -0.005652 0.002076 -0.006956
v -0.005726 0.002014 -0.006879
v -0.005843 0.001928 -0.006490
v -0.005910 0.001879 -0.005975
v -0.004362 0.003208 -0.008167
v -0.004758 0.002899 -0.007957
v -0.005108 0.002626 -0.007668
v -0.005092 0.002573 -0.007691
v -0.005400 0.002399 -0.007310
v -0.005390 0.002346 -0.007329
v -0.005623 0.002226 -0.006897
v -0.005618 0.002173 -0.006911
v -0.005768 0.002113 -0.006443
v -0.005767 0.002061 -0.006451
v -0.005830 0.002066 -0.005966
v -0.005830 0.002013 -0.005968
v -0.005780 0.002009 -0.006463
v -0.005628 0.002121 -0.006931
v -0.005395 0.002294 -0.007358
v -0.005090 0.002521 -0.007726
v -0.005832 0.002064 -0.002144
v -0.005830 0.002066 -0.002034
v -0.005831 0.002053 -0.002144
v -0.005830 0.002013 -0.002032
v -0.005849 0.001955 -0.002144
v -0.005910 0.001879 -0.002025
v -0.005913 0.001877 -0.002144
v -0.005873 0.001915 -0.002027
v -0.005845 0.001961 -0.002030
v -0.005831 0.002053 -0.005856
v -0.005832 0.002064 -0.005856
v 0.011251 0.032642 0.001526
v 0.011467 0.032088 0.001526
v 0.011564 0.032116 -0.000400
v 0.011601 0.031343 0.001526
v 0.011702 0.031350 -0.000400
v 0.010944 0.033152 0.001526
v 0.011026 0.033211 -0.000400
v 0.010555 0.033603 0.001526
v 0.010154 0.034065 -0.000400
v 0.010096 0.033982 0.001526
v 0.009580 0.034278 0.001526
v 0.009047 0.034580 -0.000400
v 0.009021 0.034482 0.001526
v 0.006761 0.034333 0.001639
v 0.006864 0.034375 0.001620
v 0.006649 0.034402 -0.000400
v 0.007373 0.034528 0.001550
v 0.007833 0.034696 -0.000400
v 0.007905 0.034600 0.001526
v 0.008468 0.034586 0.001526
v 0.006659 0.034288 0.001657
v 0.005630 0.033730 -0.000400
v 0.005910 0.033822 0.001781
v 0.005557 0.033492 0.001830
v 0.005164 0.033198 -0.000400
v 0.005250 0.033114 0.001867
v 0.004396 0.030244 -0.007600
v 0.004309 0.030827 -0.007600
v 0.004341 0.030534 -0.007593
v 0.004309 0.030827 -0.007586
v 0.009821 0.027979 -0.008587
v 0.009429 0.027846 -0.009526
v 0.010265 0.028332 -0.009526
v 0.011601 0.031343 -0.009526
v 0.011702 0.031350 -0.007600
v 0.011601 0.030845 -0.009526
v 0.011629 0.030332 -0.007600
v 0.011531 0.030353 -0.009526
v 0.011351 0.029772 -0.009526
v 0.011160 0.029178 -0.007600
v 0.011075 0.029231 -0.009526
v 0.010709 0.028746 -0.009526
v 0.010327 0.028252 -0.007600
v 0.010155 0.028126 -0.007600
v 0.011526 0.031337 0.001765
v 0.011526 0.030851 0.001765
v 0.011345 0.031325 0.001937
v 0.011345 0.030864 0.001937
v 0.009240 0.028308 0.002000
v 0.010106 0.028534 0.001937
v 0.009957 0.028725 0.002000
v 0.010518 0.028918 0.001937
v 0.010338 0.029080 0.002000
v 0.010857 0.029368 0.001937
v 0.010651 0.029497 0.002000
v 0.011113 0.029869 0.001937
v 0.010889 0.029961 0.002000
v 0.011280 0.030407 0.001937
v 0.011043 0.030458 0.002000
v 0.011103 0.030881 0.002000
v 0.011103 0.031307 0.002000
v 0.011457 0.030369 0.001765
v 0.011282 0.029801 0.001765
v 0.011011 0.029271 0.001765
v 0.010653 0.028797 0.001765
v 0.010218 0.028391 0.001765
v 0.009332 0.028084 0.001937
v 0.009370 0.027991 0.001864
v 0.009401 0.027916 0.001765
v 0.009413 0.027886 0.001704
v 0.011601 0.030845 0.001526
v 0.011531 0.030353 0.001526
v 0.011351 0.029772 0.001526
v 0.011075 0.029231 0.001526
v 0.010709 0.028746 0.001526
v 0.010265 0.028332 0.001526
v 0.009429 0.027846 0.001526
v 0.006603 0.030989 -0.000400
v 0.006603 0.030989 0.001000
v 0.006857 0.030255 -0.000400
v 0.006857 0.030255 0.001000
v 0.007443 0.029746 -0.000400
v 0.007443 0.029746 0.001000
v 0.008206 0.029599 -0.000400
v 0.008206 0.029599 0.001000
v 0.008939 0.029852 -0.000400
v 0.008939 0.029852 0.001000
v 0.009448 0.030438 -0.000400
v 0.009448 0.030438 0.001000
v 0.009596 0.031201 -0.000400
v 0.009596 0.031201 0.001000
v 0.011526 0.031337 -0.009765
v 0.011394 0.032066 -0.009765
v 0.011345 0.031325 -0.009937
v 0.011220 0.032015 -0.009937
v 0.011103 0.031307 -0.010000
v 0.010988 0.031946 -0.010000
v 0.010802 0.032422 -0.010000
v 0.011020 0.032529 -0.009937
v 0.010539 0.032860 -0.010000
v 0.010736 0.033002 -0.009937
v 0.010206 0.033246 -0.010000
v 0.010376 0.033420 -0.009937
v 0.009812 0.033571 -0.010000
v 0.009950 0.033771 -0.009937
v 0.009369 0.033825 -0.010000
v 0.009472 0.034045 -0.009937
v 0.008890 0.034000 -0.010000
v 0.008953 0.034234 -0.009937
v 0.008415 0.034089 -0.010000
v 0.008441 0.034330 -0.009937
v 0.007933 0.034101 -0.010000
v 0.007919 0.034343 -0.009937
v 0.007914 0.034445 -0.009863
v 0.011183 0.032609 -0.009765
v 0.010883 0.033108 -0.009765
v 0.010503 0.033549 -0.009765
v 0.010054 0.033920 -0.009765
v 0.009548 0.034210 -0.009765
v 0.009001 0.034410 -0.009765
v 0.008460 0.034511 -0.009765
v 0.007909 0.034525 -0.009765
v 0.011467 0.032088 -0.009526
v 0.011251 0.032642 -0.009526
v 0.010944 0.033152 -0.009526
v 0.010555 0.033603 -0.009526
v 0.010096 0.033982 -0.009526
v 0.009580 0.034278 -0.009526
v 0.009021 0.034482 -0.009526
v 0.008468 0.034586 -0.009526
v 0.007905 0.034600 -0.009526
v -0.008439 -0.005637 -0.006041
v -0.008442 -0.005610 -0.006039
v -0.008439 -0.005637 -0.001959
v -0.008442 -0.005610 -0.001961
v 0.001027 -0.001093 0.000416
v 0.000840 -0.001243 0.000421
v 0.000840 -0.001243 0.002000
v -0.001496 -0.000106 0.000408
v -0.001496 -0.000106 0.002000
v -0.001323 -0.000707 0.000422
v -0.001243 -0.000840 0.002000
v -0.001243 -0.000840 0.000425
v -0.000853 -0.001234 0.000432
v -0.000656 -0.001349 0.002000
v -0.000656 -0.001349 0.000434
v -0.000221 -0.001484 0.000434
v 0.000106 -0.001496 0.002000
v 0.000106 -0.001496 0.000433
v 0.000428 -0.001438 0.000429
v 0.001349 -0.000656 0.000403
v 0.001349 -0.000656 0.002000
v 0.001403 -0.000531 0.000399
v 0.001496 0.000106 0.002000
v 0.001496 0.000106 0.000383
v 0.004383 0.031885 -0.000441
v 0.004382 0.031883 -0.000509
v 0.004498 0.032307 -0.000497
v 0.004662 0.032714 -0.000486
v 0.004660 0.032710 -0.000443
v 0.004658 0.032706 -0.000400
v 0.004365 0.031799 -0.000400
v 0.004309 0.031358 -0.000428
v 0.004309 0.030827 -0.000400
v 0.004309 0.030827 -0.000414
v 0.006603 0.030989 -0.007600
v 0.006603 0.030989 -0.009000
v 0.006751 0.031751 -0.007600
v 0.006751 0.031751 -0.009000
v 0.007260 0.032338 -0.007600
v 0.007260 0.032338 -0.009000
v 0.007994 0.032591 -0.007600
v 0.007994 0.032591 -0.009000
v 0.008756 0.032444 -0.007600
v 0.008756 0.032444 -0.009000
v 0.009342 0.031935 -0.007600
v 0.009342 0.031935 -0.009000
v 0.009596 0.031201 -0.007600
v 0.009596 0.031201 -0.009000
v -0.001496 -0.000106 -0.008408
v -0.001496 -0.000106 -0.010000
v -0.001409 0.000514 -0.008392
v -0.001349 0.000656 -0.010000
v -0.001349 0.000656 -0.008388
v -0.001019 0.001101 -0.008374
v -0.000840 0.001243 -0.010000
v -0.000840 0.001243 -0.008369
v -0.000428 0.001438 -0.008362
v -0.000106 0.001496 -0.010000
v -0.000106 0.001496 -0.008358
v 0.000221 0.001484 -0.008356
v 0.000656 0.001349 -0.010000
v 0.000656 0.001349 -0.008357
v 0.000863 0.001227 -0.008359
v 0.001243 0.000840 -0.010000
v 0.001243 0.000840 -0.008366
v 0.001314 0.000723 -0.008368
v 0.001496 0.000106 -0.010000
v 0.001496 0.000106 -0.008383
v -0.000839 0.003806 -0.010729
v -0.000778 0.003818 -0.010738
v -0.000820 0.001859 -0.010774
v -0.002704 0.003415 -0.010446
v -0.001378 0.003698 -0.010649
v -0.001453 0.001431 -0.010687
v -0.000901 0.003794 -0.010720
v -0.002077 0.001011 -0.010602
v -0.002305 -0.002093 -0.010626
v -0.003220 0.003298 -0.010358
v -0.004234 -0.002169 -0.010317
v -0.004511 0.002982 -0.010105
v -0.005558 0.002707 -0.009856
v -0.006293 -0.002211 -0.009890
v -0.005999 0.002585 -0.009734
v -0.007246 -0.002251 -0.009636
v -0.007223 0.002229 -0.009326
v -0.009143 -0.002549 -0.008916
v -0.009411 -0.002195 -0.008702
v -0.008114 0.001954 -0.008922
v -0.008759 0.001747 -0.008514
v -0.009614 0.001460 -0.007563
v -0.009330 0.001557 -0.007962
v -0.010002 -0.001689 -0.008026
v -0.009206 0.001598 -0.008107
v -0.009705 -0.001912 -0.008417
v -0.009450 -0.002151 -0.008668
v -0.010128 -0.001497 -0.007776
v -0.010170 -0.001330 -0.007651
v -0.009929 0.001352 -0.007088
v -0.010397 0.000512 -0.006630
v -0.010244 0.001241 -0.006612
v -0.010320 -0.000542 -0.007134
v -0.010240 -0.001011 -0.007427
v -0.008819 -0.002416 -0.009066
v -0.008939 -0.002855 -0.009057
v -0.008679 -0.003261 -0.009214
v -0.008128 -0.004089 -0.009481
v -0.008096 -0.002317 -0.009360
v -0.007950 -0.004339 -0.009553
v -0.007156 -0.005324 -0.009820
v -0.005900 -0.006815 -0.010137
v -0.002278 -0.009177 -0.010714
v -0.003311 -0.008865 -0.010577
v -0.004126 -0.008524 -0.010460
v -0.004399 -0.008406 -0.010418
v -0.004680 -0.008310 -0.010374
v -0.001521 -0.002012 -0.010738
v -0.000923 -0.001889 -0.010824
v -0.001220 -0.009369 -0.010847
v -0.001995 -0.000141 -0.010637
v -0.001913 -0.001293 -0.010670
v -0.000919 -0.001777 -0.010822
v -0.000208 -0.002124 -0.010925
v 0.003444 -0.006090 -0.011025
v 0.001811 -0.009262 -0.011039
v 0.001919 -0.005829 -0.011047
v 0.000798 -0.009406 -0.011013
v 0.004727 -0.008176 -0.010894
v 0.003801 -0.008641 -0.010981
v 0.002859 -0.008994 -0.011029
v 0.002136 -0.001804 -0.011029
v 0.001962 -0.001088 -0.011019
v 0.002077 -0.001011 -0.011021
v 0.002475 0.004365 -0.010952
v 0.004242 0.004596 -0.010925
v 0.003724 -0.002120 -0.011011
v 0.005595 0.004744 -0.010813
v 0.005265 -0.001487 -0.010884
v 0.001995 0.000141 -0.011006
v 0.001913 0.001293 -0.010990
v 0.000599 0.004069 -0.010893
v 0.000662 0.001902 -0.010936
v 0.000210 0.002122 -0.010902
v -0.000163 0.002304 -0.010861
v 0.000163 -0.002304 -0.010960
v 0.000397 -0.005581 -0.010997
v -0.000198 -0.009440 -0.010959
v 0.008030 0.033603 -0.010000
v 0.008105 0.033100 -0.010000
v 0.007453 0.033054 -0.010053
v 0.007207 0.033037 -0.010102
v 0.007175 0.033216 -0.010104
v 0.007526 0.034051 -0.010021
v 0.007139 0.033930 -0.010083
v 0.006833 0.033311 -0.010171
v 0.006782 0.033089 -0.010191
v 0.006807 0.033008 -0.010190
v 0.006765 0.032923 -0.010201
v 0.006724 0.032838 -0.010213
v 0.006797 0.029451 -0.010264
v 0.005860 0.029595 -0.010513
v 0.006605 0.029733 -0.010330
v 0.005969 0.029978 -0.010471
v 0.006081 0.030370 -0.010432
v 0.006094 0.030417 -0.010427
v 0.006108 0.030466 -0.010423
v 0.007089 0.029018 -0.010150
v 0.006594 0.028561 -0.010301
v 0.007001 0.029149 -0.010182
v 0.006813 0.029427 -0.010257
v 0.007353 0.028555 -0.010074
v 0.007238 0.027637 -0.010081
v 0.006434 0.027452 -0.010329
v 0.006339 0.025873 -0.010335
v 0.006309 0.025897 -0.010349
v 0.006908 0.026447 -0.010143
v 0.007169 0.026725 -0.010083
v 0.007630 0.027209 -0.010018
v 0.007729 0.029064 -0.010026
v 0.008197 0.029097 -0.010000
v 0.008103 0.028349 -0.010000
v 0.007446 0.029044 -0.010068
v 0.008038 0.027598 -0.010000
v 0.010338 0.029080 -0.010000
v 0.009957 0.028725 -0.010000
v 0.009393 0.029181 -0.010000
v 0.010403 0.031258 -0.010000
v 0.011103 0.030881 -0.010000
v 0.008614 0.027996 -0.010000
v 0.009110 0.033171 -0.010000
v 0.009240 0.028308 -0.010000
v 0.011043 0.030458 -0.010000
v 0.010889 0.029961 -0.010000
v 0.010651 0.029497 -0.010000
v 0.005855 0.027939 -0.010545
v 0.005567 0.028185 -0.010615
v 0.005709 0.028975 -0.010569
v 0.004903 0.029714 -0.010595
v 0.004780 0.032089 -0.010407
v 0.005278 0.032416 -0.010381
v 0.005191 0.031922 -0.010413
v 0.005688 0.032852 -0.010339
v 0.006284 0.033465 -0.010250
v 0.005964 0.033177 -0.010301
v 0.005796 0.030932 -0.010438
v 0.003731 0.029827 -0.010593
v 0.003853 0.031666 -0.010412
v 0.000799 0.030490 -0.010199
v 0.001370 0.031413 -0.010178
v 0.000848 0.030445 -0.010215
v 0.001125 0.030195 -0.010305
v 0.000750 0.030534 -0.010182
v 0.000826 0.031078 -0.010118
v 0.000901 0.031605 -0.010061
v 0.001408 0.029943 -0.010389
v 0.001871 0.031309 -0.010269
v 0.002492 0.029909 -0.010518
v 0.002381 0.031298 -0.010333
v 0.002887 0.031366 -0.010375
v 0.006527 0.029504 0.002356
v 0.006782 0.029482 0.002270
v 0.006658 0.029657 0.002312
v 0.005860 0.029595 0.002513
v 0.005983 0.030026 0.002466
v 0.006108 0.030469 0.002422
v 0.010816 0.005105 -0.002193
v 0.010814 0.005105 -0.002193
v 0.010831 0.005105 -0.002510
v 0.010797 0.005104 -0.001876
v 0.010816 0.005105 -0.005807
v 0.010814 0.005105 -0.005807
v 0.010797 0.005104 -0.006124
v 0.010831 0.005105 -0.005490
v -0.008225 -0.000146 -0.006498
v -0.008226 -0.000138 -0.006796
v -0.008358 -0.000101 -0.006610
v -0.008258 -0.000140 -0.006321
v -0.008408 -0.000086 -0.006572
v -0.008422 -0.000082 -0.006562
v -0.008459 -0.000071 -0.006531
v -0.008505 -0.000058 -0.006478
v -0.008293 -0.000131 -0.006249
v -0.008526 -0.000052 -0.006444
v -0.008342 -0.000118 -0.006179
v -0.008553 -0.000047 -0.006347
v -0.008480 -0.000077 -0.006063
v -0.008561 -0.000053 -0.006024
v -0.006481 -0.006903 -0.008605
v -0.006353 -0.006919 -0.008613
v -0.007172 -0.000426 -0.008454
v -0.007356 -0.007041 -0.007612
v -0.007322 -0.007016 -0.007880
v -0.008197 -0.000246 -0.007621
v -0.008183 -0.000125 -0.007737
v -0.007223 -0.006944 -0.008127
v -0.008031 -0.000165 -0.008031
v -0.007077 -0.006887 -0.008320
v -0.007710 -0.000260 -0.008313
v -0.007033 -0.006880 -0.008361
v -0.006783 -0.006875 -0.008522
v -0.006602 -0.006889 -0.008584
v -0.007169 -0.006914 0.000211
v -0.007223 -0.006944 0.000127
v -0.008161 -0.000025 -0.000169
v -0.008195 -0.000222 -0.000356
v -0.008190 -0.000422 -0.000550
v -0.007322 -0.007016 -0.000120
v -0.007356 -0.007041 -0.000388
v -0.007097 -0.006891 0.000298
v -0.007871 0.000013 0.000219
v -0.006953 -0.006874 0.000424
v -0.007525 0.000052 0.000401
v -0.006676 -0.006882 0.000563
v -0.007236 0.000081 0.000441
v -0.006353 -0.006919 0.000613
v -0.007568 0.000048 0.000444
v -0.008160 -0.000022 -0.000050
v -0.008145 -0.000018 0.000062
v -0.007865 0.000018 0.000388
v -0.007994 0.000003 0.000306
v -0.008120 -0.000013 0.000136
v -0.008045 -0.000003 0.000255
v -0.008182 -0.000120 -0.007951
v -0.007788 -0.000232 -0.008444
v -0.007694 -0.000261 -0.008453
v -0.007874 -0.000205 -0.008418
v -0.007994 -0.000170 -0.008347
v -0.008130 -0.000131 -0.008177
v 0.009934 0.003363 -0.001207
v 0.009873 0.003360 -0.001021
v 0.009641 0.003348 -0.000590
v 0.009312 0.003330 -0.000229
v 0.009285 0.003328 -0.004000
v 0.009312 0.003330 -0.007771
v 0.009443 0.003337 -0.007648
v 0.009742 0.003354 -0.007252
v 0.009988 0.003366 -0.001467
v 0.009934 0.003363 -0.006793
v 0.009988 0.003366 -0.006532
v 0.010006 0.003367 -0.006267
v 0.010006 0.003367 -0.001733
v 0.009311 0.003379 -0.007761
v 0.009315 0.003379 -0.008248
v 0.009678 0.003370 -0.008246
v 0.009678 0.003370 0.000807
v 0.009678 0.003370 0.000246
v 0.010097 0.003359 0.000208
v 0.010459 0.003350 -0.000522
v 0.009315 0.003379 0.000248
v 0.009311 0.003379 -0.000239
v 0.009696 0.003369 -0.000679
v 0.010651 0.003345 -0.001126
v 0.009678 0.003370 -0.008807
v 0.010116 0.003359 -0.008177
v 0.010459 0.003350 -0.007478
v 0.010650 0.003345 -0.006874
v 0.009696 0.003369 -0.007321
v 0.010862 0.003340 -0.004010
v 0.010007 0.003361 -0.001732
v 0.010748 0.003343 -0.006181
v 0.010007 0.003361 -0.006268
v 0.009989 0.003362 -0.006533
v 0.009989 0.003362 -0.001467
v 0.010748 0.003343 -0.001819
v 0.010862 0.003340 -0.003990
v -0.000052 0.033070 -0.000609
v -0.000051 0.033070 -0.004000
v -0.000707 0.033717 -0.000582
v -0.000863 0.033875 -0.007302
v -0.000052 0.033070 -0.007391
v -0.000707 0.033717 -0.007418
v -0.000717 0.033728 -0.007418
v -0.000804 0.033815 -0.007386
v -0.000827 0.033838 -0.007365
v -0.000877 0.033888 -0.007224
v -0.000877 0.033889 -0.006676
v -0.000855 0.033866 -0.000679
v -0.000799 0.033810 -0.000611
v -0.000876 0.033887 -0.000755
v -0.000877 0.033888 -0.000776
v -0.000877 0.033889 -0.001324
v -0.000878 0.033889 -0.006645
v -0.000928 0.033940 -0.006418
v -0.001082 0.034097 -0.006201
v -0.000915 0.033927 -0.001548
v -0.001023 0.034037 -0.001740
v -0.001411 0.034437 -0.006080
v -0.001558 0.034590 -0.005982
v -0.001503 0.034533 -0.005895
v -0.001622 0.034657 -0.002124
v -0.001522 0.034553 -0.001982
v -0.001655 0.034692 -0.002278
v -0.001503 0.034533 -0.002105
v -0.001656 0.034693 -0.002300
v -0.001350 0.034373 -0.001909
v -0.001293 0.034314 -0.001902
v -0.001656 0.034693 -0.005700
v -0.001630 0.034666 -0.005854
v -0.001350 0.034373 -0.006091
v -0.001051 0.034065 -0.001771
v 0.008700 0.025761 -0.003323
v 0.008705 0.025759 -0.002644
v 0.009072 0.025684 -0.002644
v 0.009072 0.025684 -0.005356
v 0.008705 0.025759 -0.005356
v 0.008700 0.025761 -0.004677
v 0.008695 0.025763 -0.004000
v 0.009455 0.025755 -0.002644
v 0.009455 0.025755 -0.005356
v 0.008979 0.026723 -0.007391
v 0.009269 0.026777 -0.007394
v 0.009415 0.027205 -0.007406
v 0.008697 0.026633 -0.007387
v 0.008678 0.027339 -0.007405
v 0.009187 0.027454 -0.007411
v 0.009676 0.027637 -0.007419
v -0.007356 -0.007041 -0.006816
v -0.008211 -0.000257 -0.006883
v -0.008714 -0.000164 -0.005995
v -0.007805 -0.007369 -0.006328
v -0.008636 -0.000108 -0.006002
v -0.007566 -0.007194 -0.006402
v -0.007359 -0.007043 -0.006759
v -0.007424 -0.007090 -0.006556
v 0.009312 0.003354 -0.007766
v 0.008680 0.027339 -0.007600
v 0.009597 0.027602 -0.007600
v -0.000119 0.033265 -0.007496
v -0.000034 0.033138 -0.007484
v -0.000073 0.033217 -0.007494
v -0.000030 0.033154 -0.007489
v -0.000026 0.033169 -0.007492
v -0.000168 0.033315 -0.007498
v -0.000216 0.033365 -0.007500
v -0.000427 0.033573 -0.007509
v -0.000637 0.033783 -0.007517
v -0.000650 0.033770 -0.007515
v -0.000662 0.033758 -0.007510
v -0.000686 0.033736 -0.007487
v -0.000043 0.033103 -0.007463
v -0.000701 0.033721 -0.007454
v -0.000049 0.033081 -0.007434
v 0.009261 0.026284 -0.007253
v 0.009245 0.026598 -0.007374
v 0.009246 0.026610 -0.007377
v 0.009041 0.026404 -0.007329
v 0.009122 0.026105 -0.007145
v 0.009334 0.026029 -0.007027
v 0.009561 0.025817 -0.006397
v 0.009561 0.025817 -0.006412
v 0.009400 0.025812 -0.006460
v 0.009377 0.025898 -0.006809
v 0.009232 0.025789 -0.006533
v 0.009182 0.025888 -0.006863
v 0.008989 0.025805 -0.006827
v 0.008853 0.025835 -0.006963
v 0.008708 0.026185 -0.007284
v 0.008713 0.025936 -0.007132
v 0.008714 0.025880 -0.007084
v 0.009427 0.025886 -0.006771
v 0.008706 0.026287 -0.007324
v 0.008707 0.026227 -0.007302
v 0.008984 0.025787 -0.006770
v 0.008972 0.025795 -0.006813
v 0.008715 0.025831 -0.006980
v 0.008831 0.025817 -0.006941
v 0.008715 0.025839 -0.007020
v 0.008715 0.025845 -0.007035
v 0.008973 0.025730 -0.006231
v 0.008711 0.025779 -0.006203
v 0.009052 0.025697 -0.005804
v 0.009393 0.025765 -0.005972
v 0.003767 0.032259 -0.000503
v 0.004117 0.032421 -0.000497
v 0.004461 0.032594 -0.000490
v 0.004563 0.032651 -0.000488
v -0.008190 -0.000422 -0.000990
v -0.007356 -0.007041 -0.001184
v -0.008236 -0.000059 -0.001257
v -0.008233 -0.000086 -0.001240
v -0.008235 -0.000065 -0.001506
v -0.008223 -0.000163 -0.001186
v -0.008211 -0.000259 -0.001115
v -0.007716 -0.007303 -0.001662
v -0.007805 -0.007369 -0.001672
v -0.008714 -0.000164 -0.002005
v -0.008683 -0.000141 -0.002004
v -0.008651 -0.000119 -0.002000
v -0.008476 -0.000100 -0.001935
v -0.007581 -0.007205 -0.001607
v -0.008294 -0.000077 -0.001743
v -0.007527 -0.007166 -0.001568
v -0.008429 -0.000094 -0.001903
v -0.007416 -0.007085 -0.001429
v -0.007398 -0.007072 -0.001392
v 0.009312 0.003354 -0.000234
v -0.008422 -0.006584 -0.001724
v -0.008632 -0.006308 -0.001742
v -0.008515 -0.006217 -0.001742
v -0.008914 -0.000310 -0.002005
v -0.008250 -0.005577 -0.001761
v -0.008280 -0.005886 -0.001749
v -0.008368 -0.006062 -0.001744
v -0.007808 -0.007370 -0.001672
v 0.008678 0.027339 -0.000595
v 0.008680 0.027339 -0.000400
v 0.009187 0.027454 -0.000589
v 0.009597 0.027602 -0.000400
v 0.009676 0.027637 -0.000581
v 0.006203 0.029771 -0.000400
v 0.004396 0.030244 -0.000400
v 0.009812 0.027842 -0.000400
v 0.008638 0.028929 -0.000400
v 0.010327 0.028252 -0.000400
v 0.010155 0.028126 -0.000400
v 0.009949 0.027967 -0.000400
v 0.009342 0.031935 -0.000400
v 0.008756 0.032444 -0.000400
v 0.007994 0.032591 -0.000400
v 0.006751 0.031751 -0.000400
v 0.011160 0.029178 -0.000400
v 0.011629 0.030332 -0.000400
v 0.006010 0.028864 -0.000400
v 0.007921 0.028686 -0.000400
v 0.007260 0.032338 -0.000400
v 0.004829 0.032835 -0.000400
v -0.000073 0.033217 -0.000506
v -0.000119 0.033265 -0.000504
v -0.000166 0.033220 0.000744
v 0.003772 0.032258 -0.000447
v 0.004550 0.032497 0.001934
v 0.003685 0.032085 0.001941
v 0.003346 0.032087 -0.000440
v 0.002145 0.031854 -0.000426
v 0.002397 0.031740 0.001866
v 0.002621 0.031888 -0.000430
v 0.002640 0.031768 0.001891
v 0.002697 0.031902 -0.000431
v 0.002822 0.031802 0.001906
v 0.003588 0.032045 0.001939
v 0.000681 0.032489 -0.000432
v 0.000850 0.032230 0.001447
v 0.001174 0.032137 -0.000427
v 0.001196 0.032003 0.001590
v 0.001246 0.032097 -0.000426
v 0.001233 0.031983 0.001603
v 0.001671 0.031925 -0.000424
v 0.001600 0.031828 0.001716
v 0.001905 0.031875 -0.000425
v 0.001888 0.031760 0.001783
v 0.001989 0.031747 0.001803
v -0.000026 0.033169 -0.000508
v -0.000027 0.033165 -0.000445
v 0.000492 0.032536 0.001250
v 0.008979 0.026723 -0.000609
v 0.008697 0.026633 -0.000613
v 0.009402 0.027179 -0.000594
v 0.009269 0.026777 -0.000606
v -0.000216 0.033365 -0.000500
v -0.000168 0.033315 -0.000502
v -0.000039 0.033121 -0.000524
v -0.000427 0.033573 -0.000491
v -0.000051 0.033072 -0.000591
v -0.000701 0.033721 -0.000546
v -0.000637 0.033783 -0.000483
v -0.000662 0.033758 -0.000491
v -0.000043 0.033102 -0.000539
v -0.000686 0.033736 -0.000513
v -0.000047 0.033087 -0.000555
v -0.000050 0.033078 -0.000572
v 0.008715 0.025831 -0.001020
v 0.008973 0.025730 -0.001769
v 0.008714 0.025814 -0.001253
v 0.008711 0.025779 -0.001800
v 0.009052 0.025697 -0.002196
v 0.008983 0.025787 -0.001229
v 0.009232 0.025789 -0.001467
v 0.009393 0.025765 -0.002028
v 0.008864 0.025832 -0.001047
v 0.008989 0.025805 -0.001173
v 0.008980 0.025800 -0.001179
v 0.008972 0.025795 -0.001187
v 0.008715 0.025845 -0.000965
v 0.008715 0.025852 -0.000951
v 0.008714 0.025880 -0.000916
v 0.008698 0.026584 -0.000615
v 0.009561 0.025817 -0.001588
v 0.009561 0.025817 -0.001603
v 0.009400 0.025812 -0.001540
v 0.008712 0.026021 -0.000806
v 0.009377 0.025898 -0.001191
v 0.009182 0.025888 -0.001137
v 0.009122 0.026105 -0.000855
v 0.009246 0.026610 -0.000623
v 0.009257 0.026308 -0.000733
v 0.009041 0.026404 -0.000671
v 0.009321 0.026059 -0.000935
v 0.008707 0.026230 -0.000697
v 0.008708 0.026176 -0.000720
v 0.009426 0.025887 -0.001227
v -0.004525 0.008831 -0.009674
v -0.003962 0.009045 -0.009687
v -0.004244 0.008938 -0.009741
v -0.003962 0.009045 -0.009804
v -0.003962 0.009045 0.001804
v -0.003962 0.009045 0.001687
v -0.004244 0.008938 0.001741
v -0.004525 0.008831 0.001674
v -0.003185 0.009357 -0.009962
v -0.003316 0.009300 -0.009701
v -0.002734 0.009576 -0.010043
v -0.002909 0.009487 -0.009749
v -0.002734 0.009576 -0.009772
v -0.002463 0.009727 -0.010088
v -0.002168 0.009913 -0.009843
v -0.001797 0.010184 -0.010186
v -0.001629 0.010323 -0.009903
v -0.001524 0.010416 -0.009914
v -0.001214 0.010726 -0.010262
v -0.001034 0.010934 -0.009962
v -0.000755 0.011315 -0.010313
v -0.000623 0.011532 -0.009995
v -0.000170 0.013496 -0.009982
v -0.000164 0.013418 -0.010305
v -0.000161 0.013372 -0.009987
v -0.000161 0.013362 -0.010307
v -0.000191 0.012764 -0.010003
v -0.000207 0.012663 -0.010330
v -0.000240 0.012503 -0.010006
v -0.000240 0.012503 -0.010333
v -0.000342 0.012150 -0.010007
v -0.000411 0.011966 -0.010334
v -0.000681 0.011433 -0.010320
v -0.000479 0.014772 -0.009930
v -0.000479 0.014772 -0.010238
v -0.000251 0.014003 -0.009962
v -0.000270 0.014081 -0.010272
v -0.000170 0.013496 -0.010301
v -0.000479 0.014772 0.002238
v -0.000479 0.014772 0.001930
v -0.000270 0.014081 0.002272
v -0.000217 0.013838 0.001969
v -0.000170 0.013496 0.002301
v -0.000170 0.013496 0.001983
v -0.000164 0.013418 0.002305
v -0.000161 0.013372 0.001987
v -0.001214 0.010726 0.002262
v -0.000763 0.011304 0.002313
v -0.000592 0.011588 0.001997
v -0.000681 0.011433 0.002320
v -0.000325 0.012198 0.002007
v -0.000415 0.011958 0.002334
v -0.000240 0.012503 0.002006
v -0.000240 0.012503 0.002333
v -0.000191 0.012761 0.002003
v -0.000208 0.012659 0.002330
v -0.000161 0.013362 0.002307
v -0.000966 0.011019 0.001968
v -0.001034 0.010934 0.001962
v -0.001629 0.010323 0.002209
v -0.001555 0.010388 0.001911
v -0.001629 0.010323 0.001903
v -0.001797 0.010184 0.002186
v -0.002463 0.009727 0.002088
v -0.002147 0.009926 0.001845
v -0.002734 0.009576 0.002043
v -0.002734 0.009576 0.001772
v -0.002910 0.009486 0.001748
v -0.003185 0.009357 0.001962
v -0.003316 0.009300 0.001701
v -0.000481 0.014776 -0.009930
v -0.001134 0.016921 -0.010177
v -0.001055 0.016641 -0.009871
v -0.001258 0.017376 -0.010170
v -0.001602 0.018767 -0.010154
v -0.001589 0.018708 -0.009829
v -0.001754 0.019454 -0.010143
v -0.001754 0.019454 -0.009809
v -0.001898 0.020168 -0.010121
v -0.002660 0.027376 -0.008945
v -0.002660 0.027376 -0.009165
v -0.002614 0.026334 -0.009205
v -0.002571 0.025584 -0.009495
v -0.002477 0.024333 -0.009622
v -0.002425 0.023779 -0.009769
v -0.002346 0.023056 -0.009634
v -0.002346 0.023057 -0.009864
v -0.002239 0.022224 -0.009642
v -0.002203 0.021972 -0.009987
v -0.002226 0.022133 -0.009646
v -0.001903 0.020195 -0.009778
v -0.002571 0.025584 0.001495
v -0.002660 0.027376 0.001165
v -0.002660 0.027376 0.000945
v -0.002560 0.025412 0.001408
v -0.002477 0.024333 0.001622
v -0.002425 0.023779 0.001769
v -0.002346 0.023056 0.001634
v -0.002346 0.023057 0.001864
v -0.002203 0.021972 0.001987
v -0.002239 0.022224 0.001642
v -0.002034 0.020914 0.002079
v -0.002048 0.020994 0.001729
v -0.001898 0.020168 0.002121
v -0.001903 0.020195 0.001778
v -0.001754 0.019454 0.002143
v -0.001754 0.019454 0.001809
v -0.001602 0.018767 0.002154
v -0.001518 0.018409 0.001835
v -0.001258 0.017376 0.002170
v -0.001055 0.016641 0.001871
v -0.001242 0.017318 0.002171
v -0.001012 0.016489 0.002185
v -0.000809 0.015809 0.001892
v -0.000481 0.014776 0.001930
v -0.002704 0.027881 -0.008777
v -0.002752 0.028096 -0.008667
v -0.002751 0.028093 -0.008911
v -0.002692 0.027804 -0.009046
v -0.002742 0.028060 -0.008930
v -0.002991 0.028661 -0.008188
v -0.003003 0.028682 -0.008428
v -0.002812 0.028282 -0.008544
v -0.002902 0.028492 -0.008620
v -0.002773 0.028168 -0.008867
v -0.003681 0.029553 -0.006725
v -0.003401 0.029240 -0.007198
v -0.003874 0.029750 -0.005850
v -0.003725 0.029598 -0.006086
v -0.003737 0.029611 -0.006042
v -0.003641 0.029510 -0.006868
v -0.003398 0.029236 -0.007580
v -0.003199 0.028982 -0.007732
v -0.003241 0.029038 -0.007946
v -0.003164 0.028933 -0.007814
v -0.003166 0.028936 -0.008104
v -0.003061 0.028777 -0.008316
v -0.003889 0.029765 -0.004010
v -0.004030 0.029904 -0.003998
v -0.003857 0.029733 -0.004751
v -0.003991 0.029865 -0.004944
v -0.003826 0.029701 -0.005491
v -0.003763 0.029638 -0.005942
v -0.003890 0.029765 -0.004000
v -0.003889 0.029765 -0.003990
v -0.003986 0.029861 -0.003008
v -0.003857 0.029733 -0.003249
v -0.003826 0.029701 -0.002509
v -0.003819 0.029694 -0.002404
v -0.003855 0.029731 -0.002044
v -0.003737 0.029611 -0.001958
v -0.003681 0.029553 -0.001275
v -0.003476 0.029327 -0.001038
v -0.003438 0.029284 -0.000523
v -0.003246 0.029046 -0.000382
v -0.002848 0.028374 0.000472
v -0.002952 0.028590 0.000525
v -0.003031 0.028729 0.000106
v -0.003162 0.028930 0.000112
v -0.003167 0.028937 -0.000192
v -0.003177 0.028952 0.000080
v -0.003401 0.029240 -0.000427
v -0.002666 0.027501 0.000910
v -0.002693 0.027808 0.001045
v -0.002722 0.027971 0.000735
v -0.002752 0.028094 0.000911
v -0.002752 0.028095 0.000668
v -0.002789 0.028218 0.000834
v -0.002902 0.028493 0.000619
v -0.009362 0.006999 -0.003990
v -0.009362 0.006999 -0.004000
v -0.009693 0.006874 -0.004005
v -0.009362 0.006999 -0.004010
v -0.009184 0.007067 -0.006053
v -0.009183 0.007067 -0.006056
v -0.009259 0.007038 -0.006281
v -0.008986 0.007142 -0.006475
v -0.008739 0.007235 -0.007288
v -0.008169 0.007451 -0.007743
v -0.008306 0.007399 -0.007854
v -0.008052 0.007495 -0.007894
v -0.008002 0.007514 -0.008146
v -0.007750 0.007610 -0.008222
v -0.007337 0.007766 -0.008576
v -0.007196 0.007820 -0.008695
v -0.007212 0.007814 -0.008668
v -0.007079 0.007864 -0.008758
v -0.007079 0.007864 0.000758
v -0.007336 0.007767 0.000577
v -0.007781 0.007598 0.000322
v -0.007677 0.007637 0.000292
v -0.008003 0.007514 0.000146
v -0.008052 0.007495 -0.000107
v -0.008307 0.007399 -0.000146
v -0.008117 0.007471 -0.000189
v -0.008739 0.007235 -0.000712
v -0.008653 0.007268 -0.000997
v -0.009139 0.007084 -0.001441
v -0.008986 0.007142 -0.001525
v -0.009363 0.006999 -0.002001
v -0.009268 0.007035 -0.005605
v -0.009444 0.006968 -0.005746
v -0.009632 0.006897 -0.004870
v -0.009184 0.007067 -0.001948
v -0.009268 0.007035 -0.002395
v -0.009631 0.006897 -0.003121
v -0.009664 0.006885 -0.003406
v 0.005780 0.010253 -0.010894
v 0.006696 0.009850 -0.010744
v 0.005666 0.005068 -0.010998
v 0.006431 0.005141 -0.010878
v 0.007700 0.009440 -0.010451
v 0.007649 0.005244 -0.010526
v 0.007186 0.005206 -0.010686
v 0.008680 0.009045 -0.010000
v 0.009553 0.008673 -0.009388
v 0.009501 0.005368 -0.009424
v 0.009292 0.005356 -0.009602
v 0.008632 0.005315 -0.010055
v 0.007923 0.005264 -0.010415
v 0.010749 0.005427 -0.007684
v 0.010370 0.005411 -0.008402
v 0.010256 0.008323 -0.008628
v 0.010203 0.005403 -0.008648
v 0.009880 0.005388 -0.009047
v 0.011116 0.007390 -0.006534
v 0.010994 0.005440 -0.006987
v 0.011042 0.007564 -0.006916
v 0.010753 0.007973 -0.007770
v 0.011128 0.005447 -0.006210
v 0.011127 0.005447 -0.006230
v 0.011152 0.007344 -0.006210
v 0.011125 0.005447 -0.006249
v 0.011092 0.005445 -0.006538
v 0.005704 0.012835 -0.010822
v 0.006592 0.012696 -0.010662
v 0.007594 0.012540 -0.010372
v 0.008585 0.012398 -0.009926
v 0.009468 0.012286 -0.009320
v 0.010178 0.012212 -0.008571
v 0.010684 0.012170 -0.007735
v 0.010986 0.012153 -0.006901
v 0.011071 0.012150 -0.006526
v 0.011120 0.012150 -0.006207
v -0.010660 0.001093 -0.003999
v -0.010650 0.001097 -0.003990
v -0.010599 0.001115 -0.003111
v -0.010651 0.001096 -0.004000
v -0.010650 0.001097 -0.004010
v -0.010645 0.001099 -0.004444
v -0.010599 0.001115 -0.004888
v 0.011189 0.012151 -0.005275
v 0.011130 0.005447 -0.006179
v 0.011132 0.005447 -0.006148
v 0.011166 0.005448 -0.005504
v 0.011195 0.005446 -0.004008
v 0.011215 0.012152 -0.004000
v 0.011195 0.005446 -0.003992
v 0.011189 0.012151 -0.002725
v 0.011166 0.005448 -0.002496
v 0.011120 0.012150 -0.001793
v 0.011152 0.007344 -0.001790
v 0.011128 0.005447 -0.001790
v 0.011130 0.005447 -0.001821
v 0.011132 0.005447 -0.001852
v 0.009895 0.023041 -0.006893
v 0.009983 0.022496 -0.006888
v 0.009722 0.023157 -0.007194
v 0.009584 0.022227 -0.007693
v 0.009395 0.023373 -0.007693
v 0.009131 0.023533 -0.008064
v 0.009059 0.021930 -0.008496
v 0.008775 0.023350 -0.008579
v 0.008343 0.023134 -0.009100
v 0.008427 0.021616 -0.009220
v 0.008224 0.023075 -0.009225
v 0.007766 0.022854 -0.009651
v 0.007700 0.021291 -0.009823
v 0.007533 0.022743 -0.009836
v 0.007378 0.022671 -0.009947
v 0.006899 0.020959 -0.010290
v 0.006651 0.022337 -0.010375
v 0.006290 0.022176 -0.010538
v 0.006055 0.020625 -0.010625
v 0.005968 0.022035 -0.010661
v 0.005215 0.020294 -0.010848
v 0.005142 0.021689 -0.010898
v 0.005398 0.017423 -0.010794
v 0.006260 0.017728 -0.010595
v 0.007166 0.018030 -0.010282
v 0.008040 0.018336 -0.009831
v 0.008828 0.018647 -0.009233
v 0.009494 0.018963 -0.008505
v 0.010016 0.019279 -0.007695
v 0.010387 0.019583 -0.006886
v 0.005594 0.014523 -0.010789
v 0.006475 0.014690 -0.010609
v 0.007437 0.014848 -0.010312
v 0.008378 0.015014 -0.009868
v 0.009221 0.015199 -0.009269
v 0.009915 0.015405 -0.008532
v 0.010434 0.015626 -0.007710
v 0.010777 0.015854 -0.006891
v 0.010219 0.022827 -0.006202
v 0.010479 0.020876 -0.006202
v 0.010778 0.018153 -0.006203
v 0.010950 0.016075 -0.006204
v 0.011008 0.015170 -0.006205
v 0.000531 0.013388 -0.010827
v 0.002317 0.013238 -0.010931
v 0.002370 0.009852 -0.011024
v 0.000261 0.012743 -0.010825
v 0.000291 0.013402 -0.010805
v 0.000570 0.009895 -0.010945
v -0.000988 0.004119 -0.010920
v -0.000994 0.004117 -0.010919
v -0.000938 0.007755 -0.010833
v 0.000392 0.004361 -0.011075
v -0.000871 0.004141 -0.010938
v -0.000926 0.004131 -0.010929
v 0.005626 0.005064 -0.011003
v 0.005585 0.005060 -0.011008
v 0.004142 0.006949 -0.011082
v -0.000919 0.010404 -0.010756
v -0.000474 0.010954 -0.010803
v -0.000113 0.011553 -0.010827
v -0.000003 0.011793 -0.010831
v 0.000136 0.012175 -0.010832
v 0.002339 0.007112 -0.011089
v 0.004207 0.009768 -0.011019
v 0.004186 0.013030 -0.010938
v 0.003153 0.013149 -0.010948
v 0.002340 0.013236 -0.010932
v 0.002419 0.004678 -0.011140
v 0.004173 0.004905 -0.011117
v -0.002019 0.003910 -0.010769
v -0.009596 0.001980 -0.008245
v -0.009997 0.001863 -0.007728
v -0.008984 0.006864 -0.007537
v -0.008870 0.006902 -0.007710
v -0.008411 0.007047 -0.008273
v -0.009131 0.002106 -0.008661
v -0.007902 0.007205 -0.008717
v -0.008843 0.002185 -0.008858
v -0.008485 0.002284 -0.009067
v -0.007276 0.007407 -0.009121
v -0.007819 0.002470 -0.009382
v -0.006979 0.007506 -0.009279
v -0.007594 0.002533 -0.009474
v -0.006401 0.007703 -0.009541
v -0.006385 0.002864 -0.009882
v -0.005822 0.007904 -0.009761
v -0.004810 0.003271 -0.010277
v -0.005376 0.008062 -0.009907
v -0.004498 0.008377 -0.010151
v -0.003330 0.003624 -0.010562
v -0.002846 0.003732 -0.010642
v -0.003897 0.008596 -0.010291
v -0.003076 0.008916 -0.010453
v -0.001559 0.009807 -0.010680
v -0.002290 0.009311 -0.010581
v -0.009484 0.004418 -0.000371
v -0.008984 0.006864 -0.000462
v -0.009449 0.006706 -0.001332
v -0.010143 0.001816 -0.007499
v -0.009449 0.006706 -0.006668
v -0.010578 0.001654 -0.006669
v -0.009638 0.006642 -0.006188
v -0.010753 0.001581 -0.006230
v -0.009763 0.006599 -0.005784
v -0.010890 0.001554 -0.005774
v -0.009937 0.006540 -0.004945
v -0.010985 0.001539 -0.005355
v -0.009966 0.006530 -0.004712
v -0.011057 0.001519 -0.004932
v -0.011121 0.001497 -0.003999
v -0.010003 0.006517 -0.004000
v -0.011057 0.001519 -0.003068
v -0.009966 0.006529 -0.003294
v -0.010985 0.001539 -0.002645
v -0.009763 0.006599 -0.002216
v -0.010890 0.001554 -0.002226
v -0.010752 0.001582 -0.001769
v -0.009741 0.006606 -0.002138
v -0.010578 0.001654 -0.001331
v -0.009635 0.006643 -0.001803
v -0.010449 0.001709 -0.001057
v -0.009997 0.001863 -0.000272
v -0.000994 0.004117 0.002919
v -0.000919 0.010403 0.002756
v -0.001559 0.009807 0.002680
v -0.002076 0.003897 0.002760
v -0.001935 0.009533 0.002631
v -0.002291 0.009311 0.002581
v -0.003279 0.003635 0.002570
v -0.003076 0.008916 0.002453
v -0.003897 0.008596 0.002291
v -0.005031 0.003216 0.002228
v -0.004432 0.008401 0.002168
v -0.005721 0.007940 0.001795
v -0.006461 0.002843 0.001860
v -0.005854 0.007893 0.001749
v -0.006746 0.007585 0.001390
v -0.007565 0.002541 0.001485
v -0.006998 0.007500 0.001269
v -0.007841 0.002464 0.001373
v -0.007531 0.007324 0.000971
v -0.008391 0.002310 0.001116
v -0.007893 0.007208 0.000723
v -0.008855 0.002182 0.000851
v -0.008081 0.007149 0.000576
v -0.009011 0.002139 0.000747
v -0.008561 0.007000 0.000110
v -0.009495 0.002008 0.000349
v -0.009915 0.001889 -0.000153
v 0.005666 0.005068 0.002998
v 0.004152 0.006948 0.003082
v 0.005625 0.005064 0.003003
v 0.005585 0.005060 0.003008
v 0.004144 0.004902 0.003118
v 0.002361 0.007110 0.003090
v 0.002260 0.004655 0.003138
v 0.000335 0.004352 0.003072
v 0.000600 0.009895 0.002947
v -0.000871 0.004141 0.002938
v -0.000933 0.004129 0.002928
v -0.000390 0.011076 0.002810
v -0.000054 0.011678 0.002830
v 0.000291 0.013402 0.002805
v 0.000292 0.013083 0.002816
v 0.000203 0.012426 0.002830
v 0.000006 0.011813 0.002831
v -0.000006 0.011785 0.002831
v -0.000007 0.011782 0.002831
v 0.005780 0.010253 0.002894
v 0.005704 0.012835 0.002822
v 0.004217 0.009767 0.003018
v 0.004196 0.013029 0.002938
v 0.004186 0.013030 0.002938
v 0.003153 0.013149 0.002948
v 0.002393 0.009851 0.003024
v 0.002340 0.013236 0.002932
v 0.000502 0.013390 0.002824
v 0.011092 0.005445 -0.001462
v 0.011125 0.005447 -0.001751
v 0.011127 0.005447 -0.001770
v 0.011116 0.007390 -0.001466
v 0.011042 0.007564 -0.001084
v 0.010994 0.005440 -0.001013
v 0.010753 0.007973 -0.000230
v 0.010749 0.005427 -0.000316
v 0.010370 0.005411 0.000402
v 0.010256 0.008323 0.000628
v 0.010203 0.005403 0.000648
v 0.009880 0.005388 0.001047
v 0.009553 0.008673 0.001388
v 0.009501 0.005368 0.001424
v 0.009292 0.005356 0.001602
v 0.008680 0.009045 0.002000
v 0.008632 0.005315 0.002055
v 0.007700 0.009440 0.002451
v 0.007923 0.005264 0.002415
v 0.007186 0.005206 0.002686
v 0.006696 0.009850 0.002744
v 0.006627 0.005158 0.002836
v 0.006431 0.005141 0.002878
v 0.006592 0.012696 0.002662
v 0.007594 0.012540 0.002372
v 0.008585 0.012398 0.001926
v 0.009468 0.012286 0.001320
v 0.010178 0.012212 0.000571
v 0.010684 0.012170 -0.000265
v 0.010986 0.012153 -0.001099
v 0.011071 0.012150 -0.001474
v 0.011104 0.015201 -0.005244
v 0.010219 0.022827 -0.001798
v 0.010240 0.022680 -0.001798
v 0.010381 0.022722 -0.002327
v 0.010604 0.019819 -0.001798
v 0.010489 0.022649 -0.002883
v 0.010382 0.022722 -0.005672
v 0.010672 0.020968 -0.005187
v 0.010921 0.018215 -0.005215
v 0.011139 0.015212 -0.004000
v 0.010972 0.018236 -0.004000
v 0.010740 0.021000 -0.004000
v 0.011104 0.015201 -0.002756
v 0.010921 0.018215 -0.002785
v 0.010672 0.020968 -0.002813
v 0.010952 0.016052 -0.001796
v 0.010778 0.018153 -0.001797
v 0.010569 0.022594 -0.004002
v 0.010489 0.022649 -0.005119
v 0.008873 0.023993 -0.007971
v 0.008736 0.024091 -0.008152
v 0.009434 0.023593 -0.007021
v 0.009008 0.023896 -0.007787
v 0.009575 0.023493 -0.006959
v 0.009586 0.023486 -0.006747
v 0.010037 0.023169 -0.006040
v 0.009939 0.023238 -0.005970
v 0.010183 0.023067 -0.005565
v 0.010110 0.023118 -0.005392
v 0.010291 0.022992 -0.004989
v 0.010177 0.023072 -0.004881
v 0.010357 0.022947 -0.004002
v 0.010202 0.023054 -0.004446
v 0.010227 0.023037 -0.004010
v 0.010227 0.023037 -0.004000
v 0.010227 0.023037 -0.003990
v 0.010352 0.022951 -0.003697
v 0.010202 0.023054 -0.003554
v 0.010283 0.022998 -0.002950
v 0.010177 0.023072 -0.003119
v 0.010191 0.023062 -0.002469
v 0.010092 0.023131 -0.002525
v 0.010037 0.023169 -0.001960
v 0.009434 0.023593 -0.000979
v 0.008736 0.024091 0.000152
v 0.008873 0.023993 -0.000029
v 0.009939 0.023238 -0.002030
v 0.009813 0.023326 -0.001717
v 0.009574 0.023494 -0.001041
v 0.009008 0.023896 -0.000213
v 0.007672 0.024495 -0.009707
v 0.007334 0.024375 -0.009969
v 0.006993 0.024968 -0.010201
v 0.006807 0.024242 -0.010301
v 0.006261 0.024105 -0.010567
v 0.008846 0.023714 -0.008448
v 0.008289 0.024078 -0.009113
v 0.007834 0.024385 -0.009566
v 0.005164 0.023835 -0.010927
v 0.005335 0.026186 -0.010890
v 0.006160 0.025570 -0.010624
v 0.006194 0.025545 -0.010610
v 0.006200 0.025541 -0.010608
v 0.006272 0.025488 -0.010577
v 0.004781 0.021547 -0.010972
v 0.000416 0.014945 -0.010786
v 0.004069 0.014638 -0.010921
v 0.000290 0.013411 -0.010804
v 0.000291 0.013404 -0.010805
v 0.000289 0.013434 -0.010803
v 0.000287 0.013467 -0.010802
v 0.000164 0.014211 -0.010769
v -0.000062 0.014932 -0.010735
v 0.000255 0.019223 -0.010875
v 0.000316 0.017140 -0.010803
v -0.000850 0.017491 -0.010664
v 0.004688 0.017320 -0.010895
v 0.003889 0.017263 -0.010949
v 0.003731 0.019843 -0.011029
v 0.002060 0.017174 -0.010933
v 0.001940 0.019478 -0.011012
v 0.003099 0.020991 -0.011109
v 0.004430 0.021417 -0.011027
v 0.004513 0.020043 -0.010966
v 0.000885 0.020471 -0.011006
v 0.001872 0.020676 -0.011078
v -0.000753 0.019226 -0.010742
v -0.000663 0.020274 -0.010807
v 0.000217 0.020361 -0.010936
v 0.002210 0.014792 -0.010907
v 0.000390 0.014913 0.002783
v 0.000164 0.014211 0.002769
v 0.000287 0.013467 0.002802
v 0.000289 0.013434 0.002803
v -0.000850 0.017491 0.002664
v -0.000677 0.016887 0.002674
v 0.000290 0.017112 0.002800
v -0.000474 0.016206 0.002690
v -0.000062 0.014932 0.002735
v 0.000229 0.019209 0.002872
v 0.000192 0.020357 0.002933
v -0.000752 0.019235 0.002743
v -0.000663 0.020274 0.002807
v 0.005598 0.014465 0.002790
v 0.004062 0.014599 0.002921
v 0.002189 0.014756 0.002906
v 0.003881 0.017228 0.002949
v 0.004686 0.017284 0.002895
v 0.004509 0.020028 0.002966
v 0.001919 0.019463 0.003010
v 0.005142 0.021689 0.002898
v 0.004781 0.021547 0.002972
v 0.005218 0.020252 0.002847
v 0.004430 0.021417 0.003027
v 0.005401 0.017385 0.002793
v 0.005595 0.014508 0.002789
v 0.002039 0.017143 0.002931
v 0.004426 0.021415 0.003028
v 0.003099 0.020991 0.003109
v 0.003721 0.019828 0.003029
v 0.001850 0.020671 0.003076
v 0.000885 0.020471 0.003006
v 0.000217 0.020361 0.002936
v 0.006057 0.020582 0.002625
v 0.009484 0.023315 -0.000437
v 0.009131 0.023533 0.000064
v 0.009590 0.022187 -0.000307
v 0.009066 0.021889 0.000496
v 0.009989 0.022457 -0.001112
v 0.009904 0.023035 -0.001123
v 0.009722 0.023157 -0.000806
v 0.010779 0.015832 -0.001109
v 0.010437 0.015604 -0.000290
v 0.009917 0.015384 0.000532
v 0.009223 0.015180 0.001269
v 0.008379 0.014996 0.001869
v 0.007438 0.014831 0.002312
v 0.006476 0.014674 0.002609
v 0.010392 0.019541 -0.001114
v 0.010022 0.019237 -0.000305
v 0.009499 0.018922 0.000505
v 0.008833 0.018606 0.001233
v 0.008045 0.018295 0.001831
v 0.007169 0.017991 0.002282
v 0.006262 0.017689 0.002594
v 0.008433 0.021574 0.001220
v 0.007705 0.021249 0.001823
v 0.006903 0.020917 0.002289
v 0.005968 0.022035 0.002661
v 0.006774 0.022393 0.002313
v 0.007533 0.022743 0.001836
v 0.008224 0.023075 0.001225
v 0.008343 0.023134 0.001100
v 0.008836 0.023381 0.000497
v 0.006160 0.025570 0.002624
v 0.005335 0.026186 0.002890
v 0.005164 0.023835 0.002927
v 0.006272 0.025488 0.002577
v 0.006200 0.025541 0.002608
v 0.006194 0.025545 0.002610
v 0.006261 0.024118 0.002567
v 0.006807 0.024254 0.002301
v 0.006993 0.024968 0.002201
v 0.007335 0.024386 0.001968
v 0.007672 0.024495 0.001707
v 0.007697 0.024478 0.001686
v 0.008990 0.023622 0.000257
v 0.008846 0.023714 0.000448
v 0.008289 0.024078 0.001113
v 0.007834 0.024385 0.001566
v 0.001979 0.022114 0.003139
v 0.000371 0.021855 0.003015
v 0.001349 0.028754 0.002803
v 0.000269 0.028452 0.002655
v 0.000001 0.026301 0.002804
v 0.005152 0.026323 0.002929
v 0.004514 0.026814 0.003011
v 0.004537 0.024202 0.003049
v 0.002726 0.028257 0.002956
v 0.002068 0.028807 0.002867
v 0.001074 0.029654 0.002647
v 0.000782 0.029911 0.002557
v 0.000501 0.030161 0.002461
v 0.002752 0.028235 0.002959
v 0.000960 0.026425 0.002956
v 0.003805 0.024013 0.003125
v 0.004362 0.026933 0.003020
v 0.004115 0.026899 0.003037
v 0.005244 0.026255 0.002910
v 0.003701 0.022508 0.003130
v 0.004454 0.022724 0.003056
v 0.002127 0.023662 0.003147
v 0.002498 0.026635 0.003056
v -0.000507 0.021791 0.002875
v -0.000329 0.023433 0.002889
v 0.000552 0.023421 0.003035
v -0.000258 0.024070 0.002882
v 0.004123 0.027121 0.003028
v -0.000259 0.030821 0.002153
v -0.000334 0.030338 0.002216
v 0.000300 0.030339 0.002389
v -0.003291 0.031956 -0.001131
v -0.003676 0.030418 -0.001115
v -0.003428 0.030413 -0.000517
v -0.002734 0.033057 -0.000471
v -0.002957 0.033275 -0.001139
v -0.003128 0.030405 0.000027
v -0.002427 0.032766 0.000148
v -0.002747 0.030392 0.000556
v -0.002269 0.030375 0.001069
v -0.002057 0.032421 0.000689
v -0.001691 0.030357 0.001538
v -0.001643 0.032042 0.001159
v -0.001032 0.030344 0.001929
v -0.000719 0.031220 0.001898
v -0.000849 0.031334 0.001814
v -0.001196 0.031641 0.001560
v -0.003726 0.030217 -0.006888
v -0.003776 0.030013 -0.006890
v -0.003944 0.030177 -0.006214
v -0.003479 0.032019 -0.001808
v -0.003146 0.033511 -0.005981
v -0.003325 0.032048 -0.006701
v -0.003213 0.033579 -0.005547
v -0.003653 0.031986 -0.005366
v -0.003241 0.033587 -0.005361
v -0.003301 0.033615 -0.004776
v -0.003738 0.031970 -0.004610
v -0.003325 0.033648 -0.004000
v -0.003758 0.031966 -0.003855
v -0.003325 0.033642 -0.003856
v -0.003146 0.033511 -0.002019
v -0.003628 0.031990 -0.002485
v -0.003213 0.033579 -0.002453
v -0.003301 0.033615 -0.003225
v -0.003951 0.030184 -0.001818
v -0.003726 0.030217 -0.001112
v -0.003776 0.030013 -0.001110
v -0.004072 0.030299 -0.002539
v -0.004165 0.030386 -0.003854
v -0.004166 0.030387 -0.004016
v -0.004068 0.030295 -0.005485
v -0.002957 0.033275 -0.006861
v -0.003291 0.031956 -0.006869
v -0.003676 0.030418 -0.006885
v -0.002732 0.033055 -0.007534
v 0.000300 0.030339 -0.010389
v -0.000338 0.030338 -0.010215
v -0.000708 0.031210 -0.009906
v -0.001040 0.030344 -0.009925
v -0.001702 0.030358 -0.009530
v -0.001186 0.031632 -0.009568
v -0.002281 0.030375 -0.009057
v -0.001638 0.032037 -0.009164
v -0.002760 0.030392 -0.008541
v -0.002053 0.032418 -0.008694
v -0.003140 0.030405 -0.008008
v -0.002425 0.032764 -0.008152
v -0.003440 0.030413 -0.007459
v 0.000371 0.021855 -0.011015
v 0.003805 0.024013 -0.011125
v 0.002127 0.023662 -0.011147
v 0.002498 0.026635 -0.011056
v 0.001979 0.022114 -0.011139
v 0.004090 0.027147 -0.011028
v 0.004131 0.027115 -0.011027
v 0.004115 0.026899 -0.011037
v 0.004374 0.026923 -0.011019
v 0.004537 0.024202 -0.011049
v 0.005152 0.026323 -0.010929
v 0.005244 0.026255 -0.010910
v 0.003069 0.027973 -0.010989
v 0.003840 0.027347 -0.011028
v 0.000269 0.028452 -0.010655
v 0.000501 0.030161 -0.010461
v 0.000782 0.029911 -0.010557
v 0.004454 0.022724 -0.011056
v 0.003701 0.022508 -0.011130
v 0.004753 0.026628 -0.010989
v 0.000960 0.026425 -0.010956
v 0.001349 0.028754 -0.010803
v 0.001074 0.029654 -0.010647
v -0.000507 0.021791 -0.010875
v 0.000552 0.023421 -0.011035
v -0.000329 0.023433 -0.010889
v -0.000258 0.024070 -0.010882
v 0.000022 0.026469 -0.010796
v 0.001839 0.029000 -0.010827
v -0.001288 0.019162 -0.010638
v -0.001445 0.020258 -0.010629
v -0.001543 0.020256 -0.010602
v -0.001543 0.020256 0.002602
v -0.000703 0.026376 0.002605
v -0.001078 0.023401 0.002686
v -0.003621 0.029855 -0.000631
v 0.000401 0.030250 0.002426
v -0.000380 0.028742 0.002451
v 0.000498 0.030164 0.002460
v 0.000496 0.030166 0.002459
v 0.000492 0.030170 0.002457
v 0.000484 0.030177 0.002455
v 0.000474 0.030186 0.002451
v 0.000451 0.030206 0.002443
v -0.002351 0.025850 0.001883
v -0.002089 0.023362 0.002287
v -0.001905 0.023370 0.002371
v -0.002043 0.023030 0.002332
v -0.002464 0.027465 0.001556
v -0.001900 0.028557 0.001769
v -0.002534 0.028062 0.001386
v -0.002567 0.028472 0.001271
v -0.002668 0.028502 0.001171
v -0.002864 0.028900 0.000872
v -0.003377 0.029593 -0.000042
v -0.003108 0.029266 0.000471
v -0.003443 0.029667 -0.000187
v -0.001893 0.022065 0.002451
v -0.001502 0.026281 0.002301
v -0.001151 0.028648 0.002171
v -0.002283 0.026186 0.001882
v -0.002404 0.026554 0.001749
v -0.003019 0.029142 0.000624
v -0.002377 0.026174 0.001823
v -0.000375 0.028742 -0.010453
v -0.001893 0.022065 -0.010451
v -0.001895 0.023371 -0.010376
v -0.001073 0.023401 -0.010687
v -0.002336 0.025669 -0.009916
v -0.002270 0.026188 -0.009890
v -0.001492 0.026282 -0.010305
v 0.000401 0.030250 -0.010426
v 0.000447 0.030210 -0.010442
v 0.000498 0.030164 -0.010460
v 0.000486 0.030175 -0.010456
v -0.003512 0.029741 -0.007651
v -0.003439 0.029663 -0.007821
v -0.003234 0.029426 -0.008243
v -0.003017 0.029138 -0.008627
v -0.002964 0.029061 -0.008713
v -0.002807 0.028798 -0.008960
v -0.002739 0.028663 -0.009063
v -0.002579 0.028241 -0.009310
v -0.002552 0.028474 -0.009283
v -0.002485 0.027744 -0.009488
v -0.001887 0.028559 -0.009777
v -0.002464 0.027465 -0.009556
v -0.002153 0.023868 -0.010213
v -0.000698 0.026377 -0.010606
v -0.001142 0.028650 -0.010175
v -0.008429 -0.005605 -0.001888
v -0.008320 -0.005749 -0.001769
v -0.008347 -0.005590 -0.001790
v -0.008386 -0.005596 -0.001820
v -0.008386 -0.005742 -0.001814
v -0.008417 -0.005602 -0.001863
v -0.008429 -0.005739 -0.001881
v -0.008443 -0.005740 -0.001953
v -0.008477 -0.005864 -0.001947
v -0.008464 -0.005867 -0.001875
v -0.008423 -0.005882 -0.001808
v -0.008362 -0.005906 -0.001763
v -0.008541 -0.005975 -0.001944
v -0.008529 -0.005982 -0.001871
v -0.008495 -0.006007 -0.001805
v -0.008443 -0.006046 -0.001760
v -0.008632 -0.006068 -0.001942
v -0.008624 -0.006077 -0.001875
v -0.008598 -0.006111 -0.001804
v -0.008556 -0.006165 -0.001757
v -0.008417 -0.005602 -0.006137
v -0.008429 -0.005605 -0.006112
v -0.008429 -0.005739 -0.006119
v -0.008556 -0.006165 -0.006243
v -0.008515 -0.006217 -0.006258
v -0.008318 -0.005977 -0.006254
v -0.008598 -0.006111 -0.006196
v -0.008443 -0.006046 -0.006240
v -0.008362 -0.005906 -0.006237
v -0.008256 -0.005790 -0.006248
v -0.008320 -0.005749 -0.006231
v -0.008250 -0.005577 -0.006239
v -0.008347 -0.005590 -0.006210
v -0.008624 -0.006077 -0.006125
v -0.008495 -0.006007 -0.006195
v -0.008632 -0.006068 -0.006058
v -0.008529 -0.005982 -0.006129
v -0.008541 -0.005975 -0.006056
v -0.008464 -0.005867 -0.006125
v -0.008477 -0.005864 -0.006053
v -0.008443 -0.005740 -0.006047
v -0.008423 -0.005882 -0.006192
v -0.008386 -0.005742 -0.006186
v -0.008386 -0.005596 -0.006180
v -0.008639 -0.006298 -0.006257
v -0.008632 -0.006308 -0.006258
v -0.008693 -0.006226 -0.006223
v -0.008713 -0.006201 -0.006196
v -0.008733 -0.006176 -0.006152
v -0.008751 -0.006160 -0.006058
v -0.007731 -0.007315 -0.008130
v -0.007731 -0.007314 -0.008140
v -0.007808 -0.007370 -0.006328
v -0.008713 -0.006201 -0.001804
v -0.008729 -0.006181 -0.001836
v -0.008741 -0.006167 -0.001875
v -0.008750 -0.006160 -0.001927
v -0.008751 -0.006160 -0.001942
v -0.008687 -0.006234 -0.001770
v -0.007731 -0.007314 0.000140
v -0.007731 -0.007315 0.000130
v -0.008836 -0.006226 -0.004010
v -0.008836 -0.006226 -0.003990
v -0.008836 -0.006226 -0.004000
v -0.009005 -0.000376 -0.002031
v -0.008999 -0.000372 -0.002027
v -0.008958 -0.000342 -0.002011
v -0.009064 -0.000454 -0.002098
v -0.009079 -0.000558 -0.002195
v -0.009079 -0.000558 -0.005805
v -0.009066 -0.000458 -0.005899
v -0.008914 -0.000310 -0.005995
v -0.008958 -0.000342 -0.005989
v -0.008999 -0.000372 -0.005973
v -0.009005 -0.000376 -0.005969
v -0.009060 -0.000444 -0.005911
v -0.007687 -0.007335 -0.008341
v -0.007574 -0.007429 -0.008527
v -0.007478 -0.007527 -0.008605
v -0.007427 -0.007586 -0.008628
v -0.007370 -0.007660 -0.008638
v -0.006758 -0.008348 -0.008652
v -0.006844 -0.008369 -0.008653
v -0.006700 -0.008304 -0.009105
v -0.004123 -0.008578 -0.009551
v -0.004121 -0.008632 -0.008641
v -0.004772 -0.008388 -0.008639
v -0.006339 -0.008208 -0.009625
v -0.006094 -0.008172 -0.009838
v -0.006098 -0.008250 -0.008644
v -0.005652 -0.008154 -0.010098
v -0.005437 -0.008263 -0.008640
v -0.005167 -0.008198 -0.010271
v -0.006446 -0.008231 -0.009506
v 0.009354 -0.002041 -0.008385
v 0.009359 -0.001961 -0.008615
v 0.009439 -0.000628 -0.008855
v 0.009364 -0.001877 -0.008844
v 0.009072 -0.003055 -0.008412
v -0.003669 -0.008833 -0.008643
v -0.002664 -0.009186 -0.008646
v 0.001586 -0.009432 -0.008624
v 0.000518 -0.009550 -0.008633
v -0.000547 -0.009548 -0.008640
v -0.001617 -0.009426 -0.008645
v 0.002637 -0.009194 -0.008611
v 0.003435 -0.008927 -0.008599
v 0.003711 -0.008816 -0.008594
v 0.004703 -0.008330 -0.008575
v 0.007109 -0.006405 -0.008510
v 0.006375 -0.007134 -0.008534
v 0.006390 -0.006976 -0.010580
v 0.005574 -0.007775 -0.008555
v 0.005648 -0.007578 -0.010759
v 0.004829 -0.008117 -0.010882
v 0.008798 -0.003650 -0.009323
v 0.008300 -0.004765 -0.008461
v 0.008376 -0.004502 -0.009638
v 0.007731 -0.005639 -0.008487
v 0.007789 -0.005421 -0.010001
v 0.007111 -0.006259 -0.010326
v 0.009135 -0.002750 -0.009041
v 0.008720 -0.003947 -0.008437
v -0.009134 -0.005779 -0.004010
v -0.008885 -0.005798 -0.007809
v -0.008069 -0.006888 -0.008039
v -0.008375 -0.006501 -0.007949
v -0.009256 -0.005200 -0.007687
v -0.009667 -0.004835 -0.004010
v -0.009450 -0.004845 -0.007612
v -0.010100 -0.003851 -0.004010
v -0.009923 -0.003818 -0.007382
v -0.010432 -0.002831 -0.004010
v -0.010217 -0.002984 -0.007159
v -0.010360 -0.002490 -0.006957
v -0.010662 -0.001775 -0.004010
v -0.010543 -0.001696 -0.006493
v -0.010787 -0.000699 -0.004010
v -0.010802 0.000384 -0.004010
v -0.010717 0.000373 -0.005649
v -0.010719 0.000181 -0.005704
v -0.010680 -0.000708 -0.006021
v -0.010569 -0.001554 -0.006417
v -0.006840 -0.006668 -0.009838
v -0.007717 -0.005614 -0.009588
v -0.007250 -0.007074 -0.009411
v -0.007495 -0.007383 -0.008812
v -0.008324 -0.006341 -0.008576
v -0.008594 -0.004416 -0.009254
v -0.009359 -0.003099 -0.008798
v -0.009751 -0.002404 -0.008431
v -0.010033 -0.002045 -0.008057
v -0.010180 -0.001878 -0.007788
v -0.010252 -0.001734 -0.007615
v -0.010614 0.000451 -0.006179
v -0.010616 -0.000082 -0.006348
v -0.010567 -0.000735 -0.006646
v -0.010715 0.000374 -0.005680
v -0.010712 0.000378 -0.005711
v -0.010681 -0.000193 -0.006105
v -0.010629 -0.000880 -0.006400
v -0.010535 -0.001530 -0.006740
v -0.010403 -0.002147 -0.007122
v -0.010300 -0.002474 -0.007396
v -0.010173 -0.002842 -0.007619
v -0.009902 -0.003585 -0.007889
v -0.009211 -0.005024 -0.008274
v -0.010206 -0.002262 -0.007744
v -0.010354 -0.001942 -0.007377
v -0.010422 -0.001651 -0.007174
v -0.010479 -0.001354 -0.006988
v -0.008103 -0.006023 -0.009163
v -0.008983 -0.004749 -0.008833
v -0.009701 -0.003355 -0.008392
v -0.010019 -0.002629 -0.008057
v -0.007724 -0.007315 0.000208
v -0.007699 -0.007329 0.000311
v -0.007641 -0.007370 0.000437
v -0.007605 -0.007400 0.000490
v -0.007510 -0.007493 0.000585
v -0.007370 -0.007660 0.000638
v -0.006700 -0.008304 0.001103
v -0.006844 -0.008369 0.000653
v -0.006745 -0.008345 0.000651
v -0.006449 -0.008232 0.001501
v -0.006091 -0.008249 0.000645
v -0.006102 -0.008173 0.001833
v -0.005464 -0.008260 0.000641
v -0.005662 -0.008154 0.002094
v -0.004777 -0.008386 0.000639
v -0.004121 -0.008632 0.000641
v -0.004123 -0.008578 0.001551
v -0.005176 -0.008197 0.002269
v -0.004680 -0.008310 0.002374
v -0.004126 -0.008524 0.002460
v -0.002920 -0.009108 0.000645
v -0.002274 -0.009178 0.002715
v -0.003344 -0.008853 0.002573
v 0.009359 -0.001961 0.000615
v 0.009364 -0.001877 0.000844
v 0.009131 -0.002762 0.001044
v 0.004727 -0.008176 0.002894
v 0.003801 -0.008641 0.002980
v 0.004348 -0.008520 0.000582
v 0.002368 -0.009267 0.000614
v 0.000778 -0.009407 0.003012
v 0.001317 -0.009473 0.000627
v 0.000370 -0.009433 0.002994
v 0.000243 -0.009561 0.000636
v -0.000315 -0.009438 0.002949
v -0.000824 -0.009529 0.000642
v 0.003411 -0.008936 0.000599
v 0.002876 -0.008989 0.003029
v 0.001814 -0.009261 0.003039
v 0.004931 -0.008056 0.002870
v 0.005268 -0.007985 0.000563
v 0.005512 -0.007676 0.002784
v 0.005720 -0.007524 0.002745
v 0.006070 -0.007395 0.000542
v 0.006450 -0.006922 0.002562
v 0.006872 -0.006658 0.000518
v 0.007545 -0.005885 0.000494
v 0.007105 -0.006265 0.002328
v 0.007739 -0.005490 0.002028
v 0.008162 -0.004997 0.000468
v 0.008293 -0.004647 0.001694
v 0.008656 -0.004086 0.000441
v 0.008795 -0.003656 0.001325
v 0.009062 -0.003085 0.000413
v 0.009354 -0.002041 0.000385
v -0.001889 -0.009376 0.000645
v -0.001220 -0.009369 0.002847
v -0.003877 -0.008744 0.000643
v 0.009438 -0.000631 0.000855
v -0.009020 -0.005591 -0.000233
v -0.010717 0.000373 -0.002351
v -0.010802 0.000384 -0.003990
v -0.010719 0.000158 -0.002288
v -0.010787 -0.000699 -0.003990
v -0.010678 -0.000733 -0.001968
v -0.010662 -0.001775 -0.003990
v -0.010246 -0.002891 -0.000870
v -0.010381 -0.002412 -0.001088
v -0.010432 -0.002831 -0.003990
v -0.010400 -0.002339 -0.001132
v -0.010564 -0.001582 -0.001568
v -0.009971 -0.003696 -0.000648
v -0.010100 -0.003851 -0.003990
v -0.009947 -0.003759 -0.000632
v -0.009667 -0.004835 -0.003990
v -0.009538 -0.004676 -0.000424
v -0.009256 -0.005200 -0.000313
v -0.009134 -0.005779 -0.003990
v -0.008375 -0.006501 -0.000051
v -0.008054 -0.006907 0.000044
v -0.010320 -0.000542 -0.000866
v -0.010365 -0.001159 -0.000754
v -0.010308 -0.001439 -0.000567
v -0.010715 0.000374 -0.002320
v -0.009206 -0.005015 0.000295
v -0.009897 -0.003577 -0.000092
v -0.010170 -0.002835 -0.000365
v -0.010298 -0.002467 -0.000591
v -0.010402 -0.002140 -0.000868
v -0.010416 -0.001637 -0.000808
v -0.010712 0.000378 -0.002289
v -0.010473 -0.001341 -0.000994
v -0.010561 -0.000725 -0.001337
v -0.010609 -0.000074 -0.001634
v -0.010604 0.000455 -0.001794
v -0.010452 -0.000577 -0.001097
v -0.010397 0.000512 -0.001370
v -0.010502 0.000038 -0.001395
v -0.010074 -0.001600 -0.000104
v -0.010128 -0.001497 -0.000224
v -0.010238 -0.001712 -0.000360
v -0.010182 -0.001279 -0.000386
v -0.010163 -0.001856 -0.000186
v -0.009968 -0.001720 0.000081
v -0.009883 -0.001785 0.000204
v -0.010009 -0.002022 0.000088
v -0.009585 -0.002012 0.000541
v -0.009716 -0.002380 0.000466
v -0.009411 -0.002195 0.000702
v -0.008545 -0.004379 0.001289
v -0.008316 -0.003815 0.001398
v -0.009315 -0.003070 0.000834
v -0.008940 -0.002853 0.001056
v -0.009324 -0.002302 0.000776
v -0.006789 -0.006622 0.001871
v -0.006494 -0.006102 0.001999
v -0.007607 -0.004787 0.001678
v -0.004935 -0.007995 0.002329
v -0.007023 -0.006841 0.001690
v -0.007669 -0.005568 0.001621
v -0.008128 -0.004089 0.001481
v -0.007490 -0.007375 0.000835
v -0.007225 -0.007047 0.001449
v -0.007383 -0.007228 0.001159
v -0.008320 -0.006332 0.000598
v -0.008225 -0.006180 0.000915
v -0.008080 -0.005996 0.001201
v -0.009108 -0.004882 0.000595
v -0.008960 -0.004726 0.000869
v -0.009680 -0.003337 0.000426
v -0.007891 -0.005788 0.001440
v -0.010348 -0.001926 -0.000605
v -0.010196 -0.002246 -0.000232
v -0.010003 -0.002613 0.000087
v -0.009711 -0.004750 -0.004000
v -0.010065 -0.003944 -0.004000
v -0.010354 -0.003104 -0.004000
v -0.010634 -0.001938 -0.004000
v -0.010686 -0.001627 -0.004000
v -0.010797 -0.000498 -0.004000
v -0.010803 0.000384 -0.004000
v -0.009293 -0.005522 -0.004000
v 0.010474 0.004220 -0.007521
v 0.010484 0.005091 -0.007564
v 0.010698 0.005100 -0.006901
v 0.010792 0.005104 -0.006222
v 0.009689 0.005053 -0.008857
v 0.010136 0.005075 -0.008243
v 0.005827 -0.004049 -0.010784
v 0.006597 -0.004108 -0.010588
v 0.007352 -0.004156 -0.010293
v 0.008055 -0.004197 -0.009893
v 0.008956 -0.000523 -0.009376
v 0.009141 0.002941 -0.009351
v 0.006283 0.004013 -0.010712
v 0.007150 0.004885 -0.010480
v 0.007040 0.003733 -0.010519
v 0.007858 0.004940 -0.010203
v 0.007794 0.003460 -0.010229
v 0.008531 0.004986 -0.009843
v 0.008505 0.003196 -0.009840
v 0.009147 0.005023 -0.009394
v 0.005635 0.004748 -0.010808
v 0.005675 0.004752 -0.010803
v 0.006421 0.004823 -0.010677
v 0.008326 -0.000366 -0.009872
v 0.007618 -0.000205 -0.010268
v 0.006863 -0.000035 -0.010562
v 0.006100 0.000145 -0.010757
v -0.010633 0.000755 -0.002296
v -0.010552 0.001132 -0.002303
v -0.010458 0.001165 -0.001823
v -0.010244 0.001241 -0.001388
v -0.010576 0.001123 -0.002706
v -0.008841 0.001720 0.000450
v -0.002305 -0.002093 0.002626
v -0.001521 -0.002012 0.002738
v -0.001913 -0.001293 0.002670
v -0.001995 -0.000141 0.002637
v -0.002077 0.001011 0.002602
v -0.000919 -0.001777 0.002822
v -0.000923 -0.001889 0.002824
v -0.004234 -0.002169 0.002317
v -0.006293 -0.002211 0.001890
v -0.007246 -0.002251 0.001636
v -0.008819 -0.002416 0.001066
v -0.008207 0.001925 0.000871
v -0.008096 -0.002317 0.001360
v -0.009279 0.001574 0.000024
v -0.009614 0.001460 -0.000437
v -0.009929 0.001352 -0.000912
v -0.004680 0.002939 0.002068
v -0.006223 0.002522 0.001668
v -0.006700 0.002384 0.001516
v -0.007422 0.002169 0.001246
v -0.000778 0.003818 0.002738
v -0.000839 0.003806 0.002729
v -0.000820 0.001859 0.002774
v -0.000901 0.003794 0.002720
v -0.001453 0.001432 0.002687
v -0.001380 0.003697 0.002649
v -0.002123 0.003542 0.002538
v -0.003208 0.003300 0.002360
v -0.003882 0.003139 0.002235
v 0.010908 0.005108 -0.003990
v 0.010909 0.005108 -0.004000
v 0.010908 0.005108 -0.004010
v 0.010474 0.004220 -0.000479
v 0.010698 0.005100 -0.001099
v 0.010484 0.005091 -0.000436
v 0.010792 0.005104 -0.001778
v 0.008956 -0.000523 0.001376
v 0.008326 -0.000366 0.001872
v 0.010136 0.005075 0.000243
v 0.005265 -0.001487 0.002884
v 0.005827 -0.004049 0.002784
v 0.008055 -0.004197 0.001893
v 0.007352 -0.004156 0.002293
v 0.006597 -0.004108 0.002588
v 0.005637 0.004749 0.002808
v 0.005595 0.004744 0.002813
v 0.006283 0.004013 0.002712
v 0.009689 0.005053 0.000857
v 0.009147 0.005023 0.001394
v 0.009141 0.002941 0.001351
v 0.008531 0.004986 0.001843
v 0.008505 0.003196 0.001840
v 0.007858 0.004940 0.002203
v 0.007794 0.003460 0.002229
v 0.007150 0.004885 0.002480
v 0.007040 0.003733 0.002519
v 0.006421 0.004823 0.002677
v 0.005675 0.004752 0.002803
v 0.007618 -0.000205 0.002268
v 0.006863 -0.000035 0.002562
v 0.006100 0.000145 0.002757
v 0.010794 0.005104 -0.001815
v 0.002136 -0.001804 0.003029
v 0.002077 -0.001011 0.003021
v 0.000163 -0.002304 0.002960
v 0.003444 -0.006090 0.003025
v -0.000580 0.003855 0.002769
v -0.000163 0.002304 0.002861
v 0.000735 0.004092 0.002900
v 0.000204 0.002125 0.002900
v 0.002375 0.004350 0.002951
v 0.001913 0.001293 0.002990
v 0.001995 0.000141 0.003006
v 0.002446 0.004361 0.002952
v 0.003724 -0.002120 0.003011
v 0.004227 0.004595 0.002926
v 0.001919 -0.005829 0.003047
v 0.000397 -0.005581 0.002997
v -0.000207 -0.002123 0.002925
v -0.010633 0.000755 -0.005704
v -0.010458 0.001165 -0.006177
v -0.010552 0.001132 -0.005697
v -0.010576 0.001123 -0.005294
v 0.010794 0.005104 -0.006185
v 0.007373 0.034528 -0.009550
v 0.007399 0.034490 -0.009725
v 0.007439 0.034384 -0.009884
v 0.007485 0.034224 -0.009988
v 0.006864 0.034375 -0.009620
v 0.006914 0.034347 -0.009797
v 0.006987 0.034248 -0.009956
v 0.007069 0.034095 -0.010057
v 0.006761 0.034333 -0.009639
v 0.006708 0.034263 -0.009834
v 0.006659 0.034288 -0.009657
v 0.007047 0.033895 -0.010103
v 0.006784 0.034169 -0.009993
v 0.006874 0.034021 -0.010094
v 0.006955 0.033857 -0.010122
v 0.006404 0.033552 -0.010228
v 0.006166 0.033604 -0.010221
v 0.005910 0.033822 -0.009781
v 0.005957 0.033803 -0.009958
v 0.006047 0.033727 -0.010118
v -0.002515 0.034866 -0.005490
v -0.002433 0.035188 -0.005490
v -0.002437 0.035169 -0.005516
v -0.002597 0.034545 -0.005490
v -0.002566 0.034537 -0.005754
v -0.002502 0.034520 -0.006013
v -0.002439 0.034767 -0.006013
v 0.006708 0.034263 0.001834
v 0.007047 0.033895 0.002103
v 0.007139 0.033930 0.002083
v 0.007067 0.034098 0.002055
v 0.006955 0.033857 0.002122
v 0.006874 0.034021 0.002094
v 0.006987 0.034248 0.001956
v 0.006784 0.034169 0.001993
v 0.006986 0.034250 0.001954
v 0.006914 0.034347 0.001797
v 0.007909 0.034525 0.001765
v 0.007914 0.034445 0.001863
v 0.007399 0.034490 0.001725
v 0.007526 0.034051 0.002021
v 0.007933 0.034101 0.002000
v 0.007485 0.034224 0.001988
v 0.007919 0.034343 0.001937
v 0.007439 0.034384 0.001884
v 0.006833 0.033311 0.002171
v 0.007175 0.033216 0.002104
v 0.006409 0.033555 0.002228
v 0.006128 0.033646 0.002196
v 0.006284 0.033465 0.002250
v 0.006047 0.033727 0.002118
v 0.005997 0.033773 0.002043
v 0.005957 0.033803 0.001958
v 0.005917 0.033822 0.001823
v 0.009956 0.024838 -0.004850
v 0.009956 0.024827 -0.004850
v 0.009885 0.024825 -0.005419
v 0.009950 0.025807 -0.004839
v 0.009896 0.025809 -0.005319
v 0.009734 0.024817 -0.005972
v 0.009720 0.025813 -0.005982
v 0.009711 0.025325 -0.002023
v 0.009734 0.024817 -0.002028
v 0.009885 0.024825 -0.002581
v 0.009956 0.024827 -0.003150
v 0.009954 0.024863 -0.003151
v 0.009950 0.025807 -0.003161
v 0.009720 0.025813 -0.002018
v 0.009876 0.025809 -0.002577
v 0.009898 0.025809 -0.002694
v 0.007207 0.033037 0.002102
v 0.007409 0.033051 0.002061
v 0.008105 0.033100 0.002000
v 0.008030 0.033603 0.002000
v -0.002515 0.034866 -0.002510
v -0.002597 0.034545 -0.002510
v -0.002566 0.034537 -0.002246
v -0.002433 0.035188 -0.002510
v -0.002502 0.034520 -0.001987
v -0.002439 0.034767 -0.001987
v -0.002437 0.035164 -0.002478
v -0.001646 0.035039 -0.005726
v -0.001551 0.034903 -0.006110
v -0.001650 0.035035 -0.005806
v -0.001712 0.035032 -0.006092
v -0.001456 0.034768 -0.006493
v -0.001530 0.034830 -0.006533
v -0.001764 0.035039 -0.006160
v -0.001644 0.034885 -0.006579
v -0.001814 0.035048 -0.006185
v -0.001742 0.034904 -0.006610
v -0.001869 0.035059 -0.006184
v -0.001776 0.034906 -0.006619
v -0.001966 0.035081 -0.006135
v -0.001954 0.034879 -0.006652
v -0.002143 0.035126 -0.005947
v -0.002431 0.035199 -0.005474
v -0.002429 0.035210 -0.005458
v -0.002288 0.034553 -0.006615
v -0.002300 0.034569 -0.006569
v -0.002160 0.034752 -0.006656
v -0.002375 0.034676 -0.006268
v -0.002052 0.034835 -0.006660
v -0.002300 0.034569 -0.001431
v -0.002288 0.034553 -0.001385
v -0.002160 0.034752 -0.001344
v -0.001646 0.035039 -0.002274
v -0.001648 0.035037 -0.002231
v -0.001551 0.034903 -0.001890
v -0.001706 0.035032 -0.001921
v -0.001760 0.035039 -0.001843
v -0.001456 0.034768 -0.001507
v -0.001530 0.034830 -0.001467
v -0.001742 0.034904 -0.001390
v -0.001809 0.035047 -0.001816
v -0.002155 0.035130 -0.002069
v -0.002429 0.035210 -0.002542
v -0.002431 0.035199 -0.002526
v -0.001874 0.035060 -0.001817
v -0.001974 0.035083 -0.001870
v -0.001954 0.034879 -0.001348
v -0.002375 0.034676 -0.001732
v -0.002485 0.035299 -0.004000
v -0.002485 0.035299 -0.003995
v -0.001599 0.035122 -0.004000
v -0.002485 0.035298 -0.003990
v -0.002485 0.035299 -0.004005
v -0.002485 0.035298 -0.004010
v 0.004563 0.032649 -0.007538
v 0.004661 0.032712 -0.007536
v 0.004658 0.032706 -0.007600
v 0.004462 0.032593 -0.007540
v 0.004550 0.032497 -0.009934
v 0.004936 0.032763 -0.009909
v 0.004829 0.032835 -0.007600
v 0.005164 0.033198 -0.007600
v 0.005250 0.033114 -0.009867
v 0.006203 0.029771 -0.007600
v 0.006857 0.030255 -0.007600
v 0.009448 0.030438 -0.007600
v 0.008638 0.028929 -0.007600
v 0.004365 0.031797 -0.007600
v 0.007443 0.029746 -0.007600
v 0.006010 0.028864 -0.007600
v 0.008206 0.029599 -0.007600
v 0.007921 0.028686 -0.007600
v 0.008939 0.029852 -0.007600
v 0.009811 0.027842 -0.007600
v 0.009987 0.027999 -0.007600
v 0.011564 0.032116 -0.007600
v 0.011026 0.033211 -0.007600
v 0.006649 0.034402 -0.007600
v 0.005630 0.033730 -0.007600
v 0.010154 0.034065 -0.007600
v 0.009047 0.034580 -0.007600
v 0.007833 0.034696 -0.007600
v 0.004625 0.032374 -0.010260
v 0.004700 0.032239 -0.010366
v 0.003790 0.031819 -0.010367
v 0.001175 0.031967 -0.009772
v 0.001233 0.031983 -0.009603
v 0.001600 0.031828 -0.009716
v 0.001089 0.031887 -0.009925
v 0.001555 0.031801 -0.009882
v 0.001960 0.031712 -0.009968
v 0.001888 0.031760 -0.009783
v 0.001989 0.031747 -0.009803
v 0.002397 0.031740 -0.009866
v 0.002383 0.031701 -0.010029
v 0.002820 0.031764 -0.010070
v 0.002640 0.031768 -0.009891
v 0.002822 0.031802 -0.009906
v 0.003697 0.032049 -0.010108
v 0.003588 0.032045 -0.009939
v 0.003685 0.032085 -0.009941
v 0.004573 0.032464 -0.010104
v 0.003734 0.031956 -0.010261
v 0.002831 0.031667 -0.010221
v 0.002375 0.031604 -0.010179
v 0.001927 0.031616 -0.010118
v 0.001495 0.031711 -0.010033
v 0.000991 0.031756 -0.010026
v 0.002856 0.031525 -0.010328
v 0.002374 0.031459 -0.010286
v 0.001896 0.031471 -0.010223
v 0.001429 0.031572 -0.010137
v 0.005161 0.032546 -0.010345
v 0.005050 0.032663 -0.010240
v 0.004971 0.032739 -0.010083
v 0.005538 0.032954 -0.010309
v 0.005395 0.033045 -0.010206
v 0.005293 0.033101 -0.010045
v 0.005697 0.033408 -0.010169
v 0.005601 0.033475 -0.010008
v 0.005557 0.033492 -0.009830
v 0.009993 0.025806 -0.004010
v 0.009996 0.024903 -0.004010
v 0.009996 0.024899 -0.004010
v 0.010091 0.023997 -0.004010
v 0.010048 0.023990 -0.004851
v 0.009567 0.025817 -0.006397
v 0.009564 0.025817 -0.006405
v 0.009502 0.025643 -0.006547
v 0.009186 0.025660 -0.007312
v 0.008752 0.025655 -0.008132
v 0.008775 0.026258 -0.008166
v 0.008240 0.025980 -0.008877
v 0.008340 0.025902 -0.008748
v 0.008771 0.025562 -0.008094
v 0.009188 0.025236 -0.007284
v 0.009831 0.023957 -0.005964
v 0.009979 0.023979 -0.005415
v -0.001255 0.034493 -0.007185
v -0.001106 0.034305 -0.007525
v -0.000946 0.034112 -0.007808
v -0.001094 0.034186 -0.007957
v -0.000574 0.033677 -0.008318
v -0.000687 0.033716 -0.008496
v -0.001429 0.034594 -0.007301
v -0.001552 0.034610 -0.007355
v -0.002079 0.034291 -0.007323
v -0.002097 0.034311 -0.007276
v -0.001923 0.034459 -0.007421
v -0.002281 0.034542 -0.006643
v -0.002284 0.034547 -0.006630
v -0.002286 0.034550 -0.006623
v -0.002287 0.034551 -0.006619
v -0.002247 0.034495 -0.006778
v -0.002268 0.034524 -0.006696
v -0.002277 0.034537 -0.006659
v -0.001685 0.034592 -0.007396
v -0.001813 0.034538 -0.007419
v -0.002288 0.034552 -0.006617
v -0.000994 0.033171 -0.008940
v -0.000616 0.033087 -0.009163
v -0.000842 0.033018 -0.009085
v -0.000757 0.032932 -0.009161
v -0.000166 0.033220 -0.008744
v -0.000271 0.033251 -0.008923
v -0.000436 0.033206 -0.009080
v -0.001539 0.034047 -0.008132
v -0.001434 0.034119 -0.008120
v -0.001317 0.034169 -0.008084
v -0.001686 0.033876 -0.008096
v -0.001624 0.033963 -0.008122
v -0.002005 0.034364 -0.007406
v -0.001240 0.033420 -0.008680
v -0.001472 0.033658 -0.008398
v -0.001541 0.033728 -0.008306
v -0.001088 0.033576 -0.008702
v -0.000989 0.033642 -0.008682
v -0.000883 0.033690 -0.008638
v -0.001200 0.034192 -0.008028
v 0.000404 0.032550 -0.009425
v 0.000492 0.032536 -0.009250
v 0.000850 0.032230 -0.009447
v -0.000414 0.032596 -0.009433
v 0.000266 0.032498 -0.009580
v 0.000109 0.032385 -0.009670
v 0.000777 0.032229 -0.009619
v 0.000663 0.032164 -0.009774
v 0.000532 0.032043 -0.009871
v -0.000028 0.032245 -0.009681
v 0.000414 0.031900 -0.009894
v 0.001196 0.032003 -0.009590
v -0.002588 0.034895 -0.004010
v -0.002691 0.034491 -0.004010
v -0.002606 0.034510 -0.005490
v -0.002615 0.034472 -0.005490
v 0.003434 0.032119 -0.007559
v 0.002769 0.031917 -0.007568
v 0.002621 0.031889 -0.007570
v 0.002228 0.031853 -0.007574
v 0.001905 0.031875 -0.007575
v 0.001735 0.031909 -0.007575
v 0.001327 0.032056 -0.007574
v 0.001246 0.032097 -0.007574
v -0.000027 0.033165 -0.007555
v 0.000840 0.032361 -0.007570
v 0.000187 0.032949 -0.007559
v -0.002513 0.034477 -0.006013
v -0.002503 0.034514 -0.006013
v -0.002521 0.034445 -0.006013
v 0.010058 0.023923 -0.004851
v 0.010068 0.023856 -0.004851
v 0.009998 0.023851 -0.005414
v 0.009840 0.023895 -0.005964
v 0.009849 0.023834 -0.005964
v 0.008441 0.027320 -0.009681
v 0.008322 0.027240 -0.009702
v 0.008275 0.027299 -0.009822
v 0.008695 0.027860 -0.009975
v 0.009332 0.028084 -0.009937
v 0.008772 0.027729 -0.009892
v 0.009370 0.027991 -0.009864
v 0.008831 0.027630 -0.009763
v 0.009401 0.027916 -0.009765
v 0.009413 0.027886 -0.009704
v 0.008791 0.027536 -0.009623
v 0.008863 0.027576 -0.009611
v 0.008582 0.027411 -0.009657
v 0.008123 0.027491 -0.009981
v 0.008207 0.027386 -0.009920
v 0.004936 0.032763 0.001909
v 0.006807 0.033008 0.002190
v 0.006782 0.033089 0.002191
v 0.006765 0.032923 0.002201
v 0.006724 0.032838 0.002213
v 0.005964 0.033177 0.002301
v 0.005602 0.033478 0.002006
v 0.005833 0.033300 0.002273
v 0.005699 0.033410 0.002169
v 0.005293 0.033101 0.002045
v 0.005395 0.033045 0.002206
v 0.005538 0.032954 0.002309
v 0.005688 0.032852 0.002339
v 0.004971 0.032739 0.002083
v 0.004573 0.032464 0.002104
v 0.005050 0.032663 0.002240
v 0.004625 0.032374 0.002260
v 0.005161 0.032546 0.002345
v 0.004700 0.032239 0.002366
v 0.005278 0.032416 0.002381
v 0.004780 0.032089 0.002407
v 0.002820 0.031764 0.002070
v 0.002383 0.031701 0.002029
v 0.001429 0.031572 0.002137
v 0.000991 0.031756 0.002026
v 0.001370 0.031413 0.002178
v 0.000901 0.031605 0.002061
v 0.001555 0.031801 0.001882
v 0.001175 0.031967 0.001772
v 0.001960 0.031712 0.001968
v 0.001495 0.031711 0.002033
v 0.001089 0.031887 0.001925
v 0.001927 0.031616 0.002118
v 0.002375 0.031604 0.002179
v 0.001896 0.031471 0.002223
v 0.001871 0.031309 0.002269
v 0.002887 0.031366 0.002375
v 0.003853 0.031666 0.002412
v 0.002856 0.031525 0.002328
v 0.003790 0.031819 0.002367
v 0.003734 0.031956 0.002261
v 0.002381 0.031298 0.002333
v 0.002374 0.031459 0.002286
v 0.002831 0.031667 0.002221
v 0.003697 0.032049 0.002108
v 0.010048 0.023990 -0.003149
v 0.010091 0.023997 -0.003990
v 0.009996 0.024899 -0.003990
v 0.009996 0.024903 -0.003990
v 0.009993 0.025806 -0.003990
v 0.009979 0.023979 -0.002585
v 0.009831 0.023957 -0.002036
v 0.008775 0.026258 0.000166
v 0.009186 0.025660 -0.000688
v 0.009567 0.025817 -0.001603
v 0.009564 0.025817 -0.001595
v 0.009502 0.025643 -0.001453
v 0.009188 0.025236 -0.000716
v 0.008340 0.025902 0.000748
v 0.008771 0.025562 0.000094
v 0.008752 0.025655 0.000132
v 0.008240 0.025980 0.000877
v 0.000109 0.032385 0.001670
v -0.000028 0.032245 0.001681
v 0.000414 0.031900 0.001894
v -0.000414 0.032596 0.001433
v -0.000616 0.033086 0.001163
v -0.000757 0.032932 0.001161
v 0.000266 0.032498 0.001580
v -0.000436 0.033206 0.001080
v 0.000404 0.032550 0.001425
v -0.000271 0.033251 0.000923
v 0.000777 0.032229 0.001619
v 0.000663 0.032164 0.001774
v 0.000532 0.032043 0.001871
v -0.001472 0.033658 0.000398
v -0.001240 0.033420 0.000680
v -0.001088 0.033576 0.000702
v -0.001743 0.034262 -0.000202
v -0.001539 0.034047 0.000132
v -0.001434 0.034119 0.000120
v -0.000842 0.033018 0.001085
v -0.001106 0.034305 -0.000475
v -0.001255 0.034493 -0.000815
v -0.001429 0.034594 -0.000699
v -0.002288 0.034552 -0.001383
v -0.002287 0.034551 -0.001380
v -0.002286 0.034549 -0.001376
v -0.002284 0.034546 -0.001368
v -0.002280 0.034541 -0.001354
v -0.002277 0.034537 -0.001342
v -0.002268 0.034524 -0.001306
v -0.002248 0.034495 -0.001224
v -0.002247 0.034495 -0.001222
v -0.002097 0.034311 -0.000724
v -0.001923 0.034459 -0.000579
v -0.002079 0.034291 -0.000677
v -0.001813 0.034538 -0.000581
v -0.001685 0.034592 -0.000604
v -0.001552 0.034610 -0.000645
v -0.000574 0.033677 0.000318
v -0.000989 0.033642 0.000682
v -0.000883 0.033690 0.000638
v -0.000687 0.033716 0.000496
v -0.000946 0.034112 -0.000192
v -0.000994 0.033171 0.000940
v -0.002058 0.034267 -0.000621
v -0.001317 0.034169 0.000084
v -0.001200 0.034192 0.000028
v -0.001094 0.034186 -0.000043
v -0.001885 0.034082 -0.000242
v -0.001834 0.034029 -0.000149
v -0.001686 0.033876 0.000096
v -0.001541 0.033728 0.000306
v -0.002588 0.034895 -0.003990
v -0.002691 0.034491 -0.003990
v -0.002615 0.034472 -0.002510
v -0.002606 0.034510 -0.002510
v 0.009718 0.025813 -0.002113
v 0.009771 0.025812 -0.005356
v 0.009718 0.025813 -0.005887
v 0.009771 0.025812 -0.002644
v 0.010403 0.031258 0.002000
v 0.009110 0.033171 0.002000
v 0.008415 0.034089 0.002000
v 0.009393 0.029181 0.002000
v 0.008197 0.029097 0.002000
v 0.008614 0.027996 0.002000
v 0.008103 0.028349 0.002000
v 0.008038 0.027598 0.002000
v 0.010206 0.033246 0.002000
v 0.009812 0.033571 0.002000
v 0.009369 0.033825 0.002000
v 0.008890 0.034000 0.002000
v 0.010988 0.031946 0.002000
v 0.010802 0.032422 0.002000
v 0.010539 0.032860 0.002000
v 0.005855 0.027939 0.002545
v 0.006434 0.027452 0.002329
v 0.006601 0.028593 0.002300
v 0.005661 0.028729 0.002585
v 0.005567 0.028185 0.002615
v -0.002503 0.034514 -0.001987
v -0.002513 0.034477 -0.001987
v -0.002521 0.034445 -0.001987
v 0.009840 0.023895 -0.002036
v 0.009849 0.023834 -0.002036
v 0.009878 0.023901 -0.002151
v 0.010058 0.023923 -0.003149
v 0.010056 0.023924 -0.003129
v 0.009998 0.023851 -0.002586
v 0.010068 0.023856 -0.003149
v 0.008831 0.027630 0.001763
v 0.008863 0.027576 0.001611
v 0.008695 0.027860 0.001975
v 0.008772 0.027729 0.001892
v 0.008275 0.027299 0.001822
v 0.008207 0.027386 0.001920
v 0.008123 0.027491 0.001981
v 0.008322 0.027240 0.001702
v 0.008582 0.027411 0.001657
v -0.001624 0.035016 -0.005709
v -0.001611 0.035069 -0.004854
v -0.001619 0.035002 -0.005802
v -0.001603 0.034979 -0.005876
v -0.001561 0.034924 -0.005982
v -0.001518 0.034871 -0.006049
v -0.001426 0.034761 -0.006137
v -0.001256 0.034572 -0.006195
v -0.000903 0.034167 -0.006497
v -0.000875 0.034122 -0.006681
v -0.000997 0.034280 -0.006329
v -0.001168 0.034475 -0.006212
v -0.000882 0.034087 -0.007230
v -0.000881 0.034084 -0.007260
v -0.000851 0.034042 -0.007377
v -0.000810 0.033994 -0.007440
v -0.000761 0.033937 -0.007483
v -0.000634 0.033801 -0.007518
v -0.000425 0.033582 -0.007509
v -0.001611 0.035069 -0.003146
v -0.000425 0.033582 -0.000491
v -0.000634 0.033801 -0.000482
v -0.000765 0.033943 -0.000519
v -0.000810 0.033994 -0.000560
v -0.000851 0.034043 -0.000624
v -0.000986 0.034267 -0.001659
v -0.001058 0.034350 -0.001729
v -0.001256 0.034572 -0.001805
v -0.000881 0.034084 -0.000740
v -0.000882 0.034087 -0.000770
v -0.000875 0.034122 -0.001319
v -0.000876 0.034127 -0.001364
v -0.000901 0.034164 -0.001496
v -0.000924 0.034194 -0.001558
v -0.001358 0.034684 -0.001828
v -0.001509 0.034861 -0.001940
v -0.001598 0.034972 -0.002106
v -0.001624 0.035016 -0.002291
v 0.002297 0.029164 -0.010607
v 0.003095 0.028483 -0.010726
v 0.002330 0.029136 -0.010613
v 0.003374 0.028249 -0.010753
v 0.003463 0.028553 -0.010729
v 0.004152 0.027606 -0.010792
v 0.004667 0.028639 -0.010704
v 0.004339 0.027454 -0.010791
v 0.004445 0.027368 -0.010788
v 0.005359 0.026637 -0.010676
v 0.007786 0.026942 -0.009893
v 0.007303 0.026569 -0.010004
v 0.007262 0.026619 -0.010041
v 0.006343 0.025870 -0.010333
v 0.007217 0.026672 -0.010067
v 0.006348 0.025867 -0.010331
v 0.006771 0.026132 -0.010160
v 0.006874 0.026200 -0.010121
v 0.007225 0.026442 -0.009997
v 0.007345 0.026528 -0.009957
v 0.008050 0.027047 -0.009757
v 0.007969 0.026987 -0.009776
v 0.007643 0.026747 -0.009864
v 0.007412 0.026576 -0.009935
v 0.005531 0.026501 -0.010633
v 0.005445 0.026569 -0.010656
v 0.009308 0.024722 -0.007048
v 0.008974 0.024631 -0.007725
v 0.008242 0.024449 -0.008816
v 0.008560 0.024520 -0.008396
v 0.007692 0.024853 -0.009407
v 0.007744 0.025821 -0.009394
v 0.006414 0.025816 -0.010299
v 0.006549 0.025789 -0.010232
v 0.007079 0.025311 -0.009907
v 0.006824 0.025753 -0.010080
v 0.007398 0.025762 -0.009688
v -0.002667 0.033870 -0.006011
v -0.002747 0.033955 -0.005488
v -0.002594 0.034158 -0.006011
v -0.002681 0.034213 -0.005489
v -0.000731 0.033850 -0.007501
v -0.000817 0.033912 -0.007444
v -0.000772 0.033879 -0.007480
v -0.000904 0.033978 -0.007224
v -0.000900 0.033975 -0.007275
v -0.000880 0.033959 -0.007348
v -0.000855 0.033940 -0.007397
v -0.000904 0.033978 -0.006676
v -0.001285 0.034440 -0.006190
v -0.001428 0.034563 -0.006152
v -0.001680 0.034785 -0.005700
v -0.001679 0.034784 -0.005738
v -0.001628 0.034738 -0.005939
v -0.001564 0.034682 -0.006042
v -0.001555 0.034673 -0.006053
v -0.001491 0.034617 -0.006113
v -0.000904 0.033978 -0.000776
v -0.000879 0.033958 -0.000651
v -0.000817 0.033912 -0.000556
v -0.000776 0.033882 -0.000523
v -0.000716 0.033839 -0.000494
v -0.000904 0.033978 -0.001324
v -0.001680 0.034785 -0.002300
v -0.001644 0.034752 -0.002099
v -0.001555 0.034674 -0.001947
v -0.001528 0.034650 -0.001919
v -0.001428 0.034563 -0.001848
v -0.001362 0.034506 -0.001823
v -0.001285 0.034440 -0.001810
v 0.009892 0.023555 -0.002034
v 0.006549 0.025789 0.002232
v 0.006414 0.025816 0.002299
v 0.007075 0.025314 0.001910
v 0.008253 0.024441 0.000804
v 0.007596 0.025791 0.001525
v 0.007684 0.024860 0.001415
v 0.007398 0.025762 0.001688
v 0.006824 0.025753 0.002080
v 0.009308 0.024722 -0.000953
v 0.008974 0.024631 -0.000276
v 0.008560 0.024520 0.000396
v -0.002810 0.034022 -0.004010
v -0.002810 0.034022 -0.003990
v -0.002594 0.034158 -0.001989
v -0.002681 0.034213 -0.002511
v -0.002667 0.033870 -0.001989
v -0.002747 0.033955 -0.002512
v -0.002778 0.033989 -0.003251
v -0.001926 0.033101 0.000066
v -0.002226 0.033409 -0.000521
v -0.002558 0.033755 -0.001583
v -0.002301 0.033486 -0.000710
v -0.002447 0.033639 -0.001173
v -0.002505 0.033700 -0.001388
v -0.001030 0.033014 0.000953
v -0.001629 0.032997 0.000439
v -0.001177 0.032352 0.001010
v -0.000755 0.031942 0.001383
v 0.000098 0.031134 0.001918
v 0.000653 0.030622 0.002148
v 0.000826 0.031078 0.002118
v 0.000702 0.030578 0.002165
v 0.000750 0.030534 0.002182
v -0.000307 0.031514 0.001696
v -0.001570 0.032742 0.000572
v 0.007786 0.026942 0.001893
v 0.006904 0.026443 0.002144
v 0.006339 0.025873 0.002335
v 0.006343 0.025870 0.002333
v 0.007225 0.026442 0.001997
v 0.007345 0.026528 0.001957
v 0.007303 0.026569 0.002004
v 0.006874 0.026200 0.002121
v 0.007262 0.026619 0.002041
v 0.006771 0.026132 0.002160
v 0.007568 0.027145 0.002024
v 0.007169 0.026725 0.002083
v 0.007217 0.026672 0.002067
v 0.006348 0.025867 0.002331
v 0.007412 0.026576 0.001935
v 0.007643 0.026747 0.001864
v 0.007969 0.026987 0.001776
v 0.008050 0.027047 0.001757
v 0.007789 0.029068 0.002020
v 0.007424 0.029042 0.002072
v 0.007338 0.028608 0.002078
v 0.007089 0.029018 0.002150
v 0.006947 0.029228 0.002193
v 0.007217 0.027672 0.002086
v 0.006361 0.026672 0.002341
v 0.006309 0.025897 0.002349
v 0.002316 0.029148 0.002611
v 0.002492 0.029909 0.002518
v 0.001408 0.029943 0.002389
v 0.002363 0.029107 0.002620
v 0.003232 0.028368 0.002740
v 0.003463 0.028553 0.002729
v 0.004667 0.028639 0.002704
v 0.003396 0.028230 0.002755
v 0.004525 0.027303 0.002785
v 0.005359 0.026637 0.002676
v 0.003731 0.029827 0.002593
v 0.004903 0.029714 0.002595
v 0.005445 0.026569 0.002656
v 0.005531 0.026501 0.002633
v 0.005923 0.026195 0.002508
v 0.005959 0.030691 0.002433
v 0.005796 0.030932 0.002438
v 0.005219 0.031928 0.002412
v 0.000799 0.030490 0.002199
v 0.000848 0.030445 0.002215
v 0.001125 0.030195 0.002305
v 0.007787 0.026464 0.001536
v 0.008182 0.026542 0.001132
v 0.008256 0.026831 0.001258
v 0.009821 0.027979 0.000587
v 0.007868 0.026776 0.001671
v 0.007319 0.026092 0.001798
v 0.006866 0.026107 0.002102
v 0.007373 0.026436 0.001886
v 0.009071 0.027280 0.000387
v 0.009341 0.027664 0.000650
v 0.008910 0.026815 0.000171
v 0.008367 0.027098 0.001412
v -0.002778 0.033989 -0.004749
v 0.000702 0.030578 -0.010165
v 0.000653 0.030622 -0.010148
v 0.000098 0.031134 -0.009917
v -0.001172 0.032347 -0.009014
v -0.000745 0.031933 -0.009390
v -0.000296 0.031504 -0.009703
v -0.001629 0.032997 -0.008439
v -0.001030 0.033014 -0.008953
v -0.001924 0.033099 -0.008069
v -0.002224 0.033407 -0.007484
v -0.002300 0.033486 -0.007290
v -0.002447 0.033639 -0.006827
v -0.001567 0.032739 -0.008576
v 0.006866 0.026107 -0.010102
v 0.008910 0.026815 -0.008171
v 0.009071 0.027280 -0.008387
v 0.009341 0.027664 -0.008650
v 0.008367 0.027098 -0.009412
v 0.008514 0.027331 -0.009590
v 0.008182 0.026542 -0.009132
v 0.007787 0.026464 -0.009536
v 0.007868 0.026776 -0.009671
v 0.007373 0.026436 -0.009886
v -0.000699 0.015348 -0.010439
v -0.000609 0.015065 -0.010453
v -0.000706 0.013508 -0.010472
v -0.000516 0.014782 -0.010468
v -0.000322 0.014145 -0.010506
v -0.000210 0.013506 -0.010539
v -0.000209 0.013503 -0.010539
v -0.000199 0.013313 -0.010547
v -0.000238 0.012730 -0.010562
v -0.000280 0.012514 -0.010564
v -0.000405 0.012098 -0.010561
v -0.000699 0.011480 -0.010539
v -0.004350 0.018728 -0.009032
v -0.004643 0.017006 -0.009059
v -0.005405 0.016967 -0.008454
v -0.002498 0.018881 -0.010021
v -0.001793 0.019505 -0.010264
v -0.001558 0.018449 -0.010320
v -0.001919 0.020138 -0.010217
v -0.002124 0.020137 -0.010139
v -0.002651 0.020132 -0.009908
v -0.001731 0.015123 -0.010268
v -0.001831 0.013507 -0.010295
v -0.002847 0.015143 -0.009998
v -0.003046 0.013505 -0.010026
v -0.003943 0.015165 -0.009612
v -0.004236 0.013508 -0.009634
v -0.004926 0.015189 -0.009111
v -0.005298 0.013517 -0.009112
v -0.006046 0.013529 -0.008573
v -0.003378 0.020122 -0.009515
v -0.003478 0.018808 -0.009574
v -0.003650 0.020116 -0.009341
v -0.004088 0.020103 -0.009024
v -0.003720 0.017039 -0.009578
v -0.002687 0.017071 -0.009992
v -0.001627 0.017103 -0.010286
v -0.001334 0.017548 -0.010356
v -0.007550 0.013599 -0.006340
v -0.006113 0.019833 -0.006198
v -0.006452 0.016863 -0.006987
v -0.005473 0.019980 -0.007476
v -0.005997 0.016920 -0.007769
v -0.005391 0.019994 -0.007610
v -0.006159 0.013531 -0.008471
v -0.006697 0.013547 -0.007870
v -0.006794 0.013551 -0.007732
v -0.007248 0.013578 -0.006926
v -0.005073 0.020037 -0.008056
v -0.004776 0.020064 -0.008400
v -0.004515 0.020082 -0.008660
v -0.007761 0.013641 -0.005537
v -0.006276 0.019870 -0.005496
v -0.007697 0.013630 -0.005949
v -0.006225 0.019859 -0.005854
v -0.000609 0.015065 0.002453
v -0.000699 0.015348 0.002439
v -0.000706 0.013508 0.002472
v -0.000209 0.013503 0.002539
v -0.000210 0.013506 0.002539
v -0.000326 0.014160 0.002504
v -0.000516 0.014782 0.002468
v -0.000280 0.012514 0.002564
v -0.000406 0.012094 0.002561
v -0.000699 0.011480 0.002539
v -0.000239 0.012725 0.002562
v -0.000199 0.013313 0.002547
v -0.001556 0.018445 0.002320
v -0.001728 0.019204 0.002283
v -0.002498 0.018881 0.002021
v -0.002687 0.017071 0.001992
v -0.001627 0.017103 0.002286
v -0.001222 0.017129 0.002371
v -0.007248 0.013578 -0.001074
v -0.006452 0.016863 -0.001013
v -0.007550 0.013599 -0.001660
v -0.006478 0.018277 -0.001772
v -0.004926 0.015189 0.001111
v -0.003943 0.015165 0.001612
v -0.003720 0.017039 0.001578
v -0.001731 0.015123 0.002268
v -0.002847 0.015143 0.001998
v -0.003478 0.018808 0.001574
v -0.003259 0.020124 0.001586
v -0.003650 0.020116 0.001341
v -0.004643 0.017006 0.001059
v -0.004350 0.018728 0.001032
v -0.004088 0.020103 0.001024
v -0.001919 0.020138 0.002217
v -0.002124 0.020137 0.002139
v -0.002651 0.020132 0.001908
v -0.005405 0.016967 0.000454
v -0.004776 0.020064 0.000400
v -0.005073 0.020037 0.000056
v -0.005997 0.016920 -0.000231
v -0.006113 0.019833 -0.001802
v -0.005473 0.019980 -0.000524
v -0.005391 0.019994 -0.000390
v -0.006794 0.013551 -0.000268
v -0.006697 0.013547 -0.000130
v -0.006159 0.013531 0.000471
v -0.006046 0.013529 0.000573
v -0.005298 0.013517 0.001112
v -0.004515 0.020082 0.000660
v -0.004236 0.013508 0.001634
v -0.003046 0.013505 0.002026
v -0.001831 0.013507 0.002295
v -0.006225 0.019859 -0.002146
v -0.007697 0.013630 -0.002051
v -0.006276 0.019870 -0.002504
v -0.007761 0.013641 -0.002463
v -0.004815 0.025243 -0.006099
v -0.005062 0.024789 -0.005488
v -0.006035 0.020165 -0.006191
v -0.008523 0.010340 -0.005568
v -0.001912 0.020197 0.001835
v -0.001976 0.020544 0.001811
v -0.001528 0.018409 0.001899
v -0.001117 0.016822 0.001931
v -0.001065 0.016639 0.001936
v -0.000493 0.014775 0.002000
v -0.000281 0.014070 0.002036
v -0.000177 0.013374 0.002069
v -0.000186 0.013500 0.002064
v -0.000213 0.012733 0.002089
v -0.000257 0.012507 0.002092
v -0.000381 0.012092 0.002093
v -0.000665 0.011492 0.002076
v -0.000708 0.011419 0.002073
v -0.001048 0.010939 0.002038
v -0.001513 0.010441 0.001984
v -0.001529 0.010427 0.001982
v -0.002086 0.009977 0.001908
v -0.002584 0.009663 0.001832
v -0.002689 0.009604 0.001815
v -0.006712 0.018403 -0.004010
v -0.006712 0.018403 -0.003990
v -0.008523 0.010340 -0.002432
v -0.006049 0.020102 -0.001808
v -0.004815 0.025243 -0.001901
v -0.005062 0.024789 -0.002512
v -0.006112 0.019835 -0.001803
v -0.003111 0.027724 0.000332
v -0.004287 0.025352 -0.000680
v -0.003958 0.025407 -0.000115
v -0.003560 0.025467 0.000418
v -0.003078 0.025534 0.000933
v -0.002928 0.022977 0.001484
v -0.002197 0.021812 0.002029
v -0.002425 0.023732 0.001729
v -0.003538 0.022941 0.001008
v -0.004059 0.022899 0.000500
v -0.001994 0.020549 0.002179
v -0.006280 0.008160 0.001208
v -0.006042 0.008246 0.001318
v -0.005276 0.008546 0.001618
v -0.006814 0.007963 0.000924
v -0.001717 0.010287 0.002422
v -0.001536 0.010447 0.002446
v -0.000773 0.011358 0.002531
v -0.001198 0.010795 0.002487
v -0.002300 0.009854 0.002337
v -0.002607 0.009668 0.002286
v -0.004903 0.008691 0.001742
v -0.003977 0.009049 0.002001
v -0.003021 0.009451 0.002211
v -0.005009 0.008646 0.001594
v -0.005302 0.008533 0.001527
v -0.004059 0.022899 -0.008500
v -0.003078 0.025534 -0.008933
v -0.004287 0.025352 -0.007320
v -0.003111 0.027724 -0.008332
v -0.003958 0.025407 -0.007885
v -0.003538 0.022941 -0.009008
v -0.002928 0.022977 -0.009484
v -0.002207 0.021878 -0.010020
v -0.001994 0.020549 -0.010179
v -0.003560 0.025467 -0.008418
v -0.002423 0.023713 -0.009733
v -0.007034 0.007881 -0.008788
v -0.006846 0.007952 -0.008905
v -0.006280 0.008160 -0.009208
v -0.006042 0.008246 -0.009318
v -0.002607 0.009668 -0.010286
v -0.003024 0.009450 -0.010209
v -0.003977 0.009049 -0.010001
v -0.004904 0.008690 -0.009742
v -0.005082 0.008621 -0.009684
v -0.001739 0.010269 -0.010419
v -0.002302 0.009853 -0.010337
v -0.000791 0.011330 -0.010530
v -0.001212 0.010779 -0.010485
v -0.001536 0.010447 -0.010446
v -0.001976 0.020544 -0.009811
v -0.001912 0.020197 -0.009835
v -0.001065 0.016639 -0.009936
v -0.001117 0.016822 -0.009931
v -0.001528 0.018409 -0.009899
v -0.000493 0.014775 -0.010000
v -0.000177 0.013374 -0.010069
v -0.000186 0.013500 -0.010064
v -0.000281 0.014070 -0.010036
v -0.001048 0.010939 -0.010038
v -0.000665 0.011492 -0.010076
v -0.000381 0.012092 -0.010093
v -0.000257 0.012507 -0.010092
v -0.000213 0.012733 -0.010089
v -0.001513 0.010441 -0.009984
v -0.001529 0.010427 -0.009982
v -0.002086 0.009977 -0.009908
v -0.002584 0.009663 -0.009832
v -0.002689 0.009604 -0.009815
v -0.004927 0.008677 -0.009611
v -0.005303 0.008533 -0.009526
v -0.003151 0.033722 -0.002457
v -0.003077 0.033650 -0.001990
v -0.003042 0.033846 -0.002469
v -0.002965 0.033766 -0.001974
v -0.002899 0.033926 -0.002489
v -0.002822 0.033842 -0.001974
v -0.002606 0.033618 -0.001137
v -0.002883 0.033420 -0.001117
v -0.002760 0.033542 -0.001116
v -0.003043 0.033980 -0.003992
v -0.003235 0.033766 -0.003235
v -0.003212 0.033857 -0.003995
v -0.003134 0.033928 -0.003993
v -0.003136 0.033926 -0.003993
v -0.002654 0.033194 -0.000443
v 0.000393 0.030433 0.002376
v -0.000622 0.031322 0.001900
v 0.000580 0.030583 0.002247
v -0.000403 0.031479 0.001793
v 0.000489 0.030518 0.002328
v -0.000862 0.031909 0.001476
v -0.001296 0.032322 0.001096
v -0.001701 0.032715 0.000650
v -0.002068 0.033076 0.000132
v -0.002378 0.033386 -0.000471
v -0.000512 0.031412 0.001864
v -0.000982 0.031842 0.001542
v -0.001425 0.032254 0.001155
v -0.001839 0.032645 0.000700
v -0.002214 0.033005 0.000172
v -0.002530 0.033312 -0.000442
v -0.002339 0.032894 0.000176
v -0.001963 0.032542 0.000713
v -0.001546 0.032156 0.001176
v -0.001099 0.031748 0.001570
v -0.003254 0.033804 -0.004004
v -0.003212 0.033857 -0.004005
v -0.003136 0.033926 -0.004007
v -0.003134 0.033928 -0.004007
v -0.003043 0.033980 -0.004008
v -0.002980 0.034003 -0.004009
v 0.000676 0.030494 0.002283
v 0.000587 0.030429 0.002363
v 0.000492 0.030344 0.002412
v -0.002899 0.033926 -0.005511
v -0.003151 0.033722 -0.005543
v -0.003042 0.033846 -0.005531
v -0.003234 0.033766 -0.004767
v 0.000744 0.030383 0.002350
v 0.000626 0.030286 0.002433
v -0.003076 0.033652 -0.006010
v -0.002965 0.033766 -0.006026
v -0.002823 0.033841 -0.006026
v 0.000906 0.030036 0.002527
v 0.001023 0.030133 0.002442
v 0.001310 0.029879 0.002528
v 0.001256 0.029834 0.002577
v 0.001196 0.029780 0.002615
v -0.002605 0.033618 -0.006864
v -0.002883 0.033420 -0.006883
v -0.002760 0.033542 -0.006884
v 0.005220 0.026413 0.002901
v 0.002231 0.028986 0.002798
v 0.004164 0.027237 0.003007
v 0.004233 0.027323 0.002957
v 0.005280 0.026499 0.002847
v 0.003222 0.028150 0.002921
v -0.002376 0.033384 -0.007534
v 0.000489 0.030518 -0.010328
v 0.000393 0.030433 -0.010376
v -0.000611 0.031312 -0.009907
v -0.000392 0.031468 -0.009800
v -0.000853 0.031900 -0.009483
v -0.001291 0.032318 -0.009101
v -0.001698 0.032712 -0.008654
v -0.002066 0.033074 -0.008135
v -0.002652 0.033193 -0.007562
v -0.002337 0.032892 -0.008180
v -0.001960 0.032538 -0.008718
v -0.001541 0.032151 -0.009181
v -0.001089 0.031739 -0.009578
v -0.002527 0.033310 -0.007562
v -0.002211 0.033002 -0.008175
v -0.001836 0.032642 -0.008705
v -0.001420 0.032250 -0.009160
v -0.000972 0.031833 -0.009549
v -0.000501 0.031402 -0.009871
v 0.000580 0.030583 -0.010247
v 0.005400 0.026274 0.002861
v 0.005458 0.026362 0.002805
v 0.005503 0.026440 0.002727
v 0.000676 0.030494 -0.010283
v 0.000587 0.030429 -0.010363
v 0.000492 0.030344 -0.010412
v 0.006296 0.025832 0.002444
v 0.006218 0.025661 0.002589
v 0.006266 0.025753 0.002526
v 0.000626 0.030286 -0.010433
v 0.000744 0.030383 -0.010350
v 0.006298 0.025728 0.002512
v 0.000906 0.030036 -0.010527
v 0.001023 0.030133 -0.010442
v 0.001196 0.029780 -0.010615
v 0.001256 0.029834 -0.010577
v 0.001310 0.029879 -0.010528
v 0.006306 0.025723 0.002509
v 0.005280 0.026499 -0.010847
v 0.004233 0.027323 -0.010957
v 0.004164 0.027237 -0.011007
v 0.002231 0.028986 -0.010798
v 0.003222 0.028150 -0.010921
v 0.005220 0.026413 -0.010901
v 0.006330 0.025581 0.002540
v 0.006375 0.025671 0.002477
v 0.006404 0.025752 0.002395
v 0.005458 0.026363 -0.010805
v 0.005401 0.026276 -0.010860
v 0.005503 0.026440 -0.010726
v 0.008313 0.024186 0.001062
v 0.008289 0.024381 0.000906
v 0.007042 0.025065 0.002157
v 0.007074 0.025160 0.002090
v 0.007087 0.025244 0.002004
v 0.007709 0.024598 0.001658
v 0.007726 0.024698 0.001588
v 0.007720 0.024785 0.001501
v 0.008313 0.024290 0.000990
v 0.008800 0.024025 0.000238
v 0.008843 0.023934 0.000322
v 0.008858 0.023827 0.000394
v 0.006297 0.025833 -0.010444
v 0.006219 0.025662 -0.010588
v 0.006266 0.025753 -0.010526
v 0.009117 0.023746 -0.000057
v 0.006299 0.025729 -0.010511
v 0.009688 0.023353 -0.000912
v 0.010167 0.023022 -0.001871
v 0.006306 0.025723 -0.010509
v 0.010319 0.022919 -0.002376
v 0.010423 0.022848 -0.002913
v 0.010501 0.022794 -0.004002
v 0.010423 0.022848 -0.005089
v 0.010319 0.022919 -0.005623
v 0.010166 0.023023 -0.006128
v 0.006404 0.025752 -0.010395
v 0.006330 0.025581 -0.010540
v 0.006375 0.025671 -0.010477
v 0.009688 0.023353 -0.007088
v 0.009117 0.023746 -0.007943
v 0.007709 0.024598 -0.009658
v 0.007042 0.025065 -0.010157
v 0.007074 0.025160 -0.010090
v 0.007087 0.025244 -0.010004
v 0.007726 0.024698 -0.009588
v 0.007720 0.024785 -0.009501
v 0.008289 0.024381 -0.008906
v 0.008313 0.024290 -0.008990
v 0.008313 0.024186 -0.009062
v 0.008858 0.023827 -0.008394
v 0.008842 0.023936 -0.008321
v 0.008800 0.024025 -0.008238
v -0.002546 0.027446 0.001479
v -0.003477 0.029554 -0.000231
v -0.003070 0.029047 0.000566
v -0.002908 0.028637 0.000811
v -0.002919 0.028560 0.000716
v -0.003093 0.028857 0.000403
v -0.003455 0.029329 -0.000357
v -0.003792 0.029767 -0.001179
v -0.003800 0.029893 -0.001139
v -0.002609 0.027424 0.001383
v -0.002751 0.028281 0.001070
v -0.002649 0.027875 0.001259
v -0.003096 0.028949 0.000490
v -0.003482 0.029437 -0.000289
v -0.003750 0.029649 -0.001226
v -0.001875 0.020178 0.002274
v -0.002510 0.025628 0.001737
v -0.002557 0.025605 0.001618
v -0.002408 0.023799 0.001902
v -0.002018 0.022039 0.002379
v -0.002264 0.023847 0.002138
v -0.002120 0.022013 0.002268
v -0.002433 0.025650 0.001839
v -0.002184 0.021990 0.002131
v -0.001801 0.020199 0.002423
v -0.002353 0.023823 0.002030
v -0.001681 0.020227 0.002538
v -0.004111 0.030005 -0.004015
v -0.004019 0.029917 -0.005429
v -0.003904 0.029804 -0.006128
v -0.003780 0.029720 -0.006803
v -0.004182 0.030262 -0.004015
v -0.004086 0.030171 -0.005471
v -0.003964 0.030054 -0.006192
v -0.004089 0.030174 -0.002553
v -0.003970 0.030061 -0.001839
v -0.003910 0.029810 -0.001903
v -0.004022 0.029920 -0.002594
v -0.003957 0.029931 -0.001868
v -0.004073 0.030042 -0.002572
v -0.004164 0.030129 -0.004015
v -0.004070 0.030039 -0.005452
v -0.003951 0.029925 -0.006162
v -0.003794 0.029781 -0.006826
v -0.001231 0.017386 0.002336
v -0.001230 0.017386 0.002339
v -0.001004 0.017450 0.002611
v -0.001141 0.017412 0.002498
v -0.001142 0.017411 0.002495
v -0.003068 0.029044 -0.008569
v -0.003474 0.029550 -0.007777
v -0.003479 0.029434 -0.007718
v -0.003094 0.028946 -0.008493
v -0.002907 0.028637 -0.008812
v -0.002751 0.028279 -0.009071
v -0.002918 0.028559 -0.008717
v -0.003091 0.028855 -0.008406
v -0.003452 0.029326 -0.007650
v -0.002650 0.027876 -0.009259
v -0.002546 0.027446 -0.009479
v -0.002609 0.027424 -0.009383
v -0.002648 0.027399 -0.009275
v -0.000221 0.014877 0.002686
v -0.000452 0.014788 0.002411
v -0.000362 0.014825 0.002572
v -0.002408 0.023799 -0.009902
v -0.002433 0.025650 -0.009839
v -0.002557 0.025605 -0.009618
v -0.002510 0.025628 -0.009737
v -0.002264 0.023847 -0.010138
v -0.002018 0.022039 -0.010379
v -0.002120 0.022013 -0.010268
v -0.002353 0.023823 -0.010030
v -0.002184 0.021990 -0.010131
v -0.001875 0.020178 -0.010274
v -0.001801 0.020199 -0.010423
v -0.001681 0.020227 -0.010538
v -0.000133 0.013427 0.002480
v -0.000001 0.014168 0.002721
v -0.000147 0.014127 0.002608
v -0.000241 0.014096 0.002446
v 0.000120 0.013454 0.002756
v -0.000033 0.013440 0.002643
v -0.001230 0.017386 -0.010338
v -0.001142 0.017411 -0.010495
v -0.001006 0.017449 -0.010610
v 0.000057 0.013388 0.002721
v -0.000031 0.013381 0.002644
v -0.000102 0.013374 0.002544
v -0.000221 0.014877 -0.010686
v -0.000362 0.014825 -0.010572
v -0.000452 0.014788 -0.010411
v -0.000387 0.011945 0.002507
v -0.000176 0.012656 0.002504
v -0.000080 0.012642 0.002666
v -0.001038 0.010518 0.002705
v -0.000547 0.011139 0.002757
v -0.000666 0.011223 0.002643
v -0.001139 0.010623 0.002591
v -0.000742 0.011281 0.002483
v -0.001201 0.010696 0.002432
v 0.000069 0.012617 0.002779
v -0.000161 0.011849 0.002781
v -0.000298 0.011907 0.002667
v -0.000241 0.014096 -0.010446
v -0.000147 0.014127 -0.010608
v -0.000001 0.014168 -0.010721
v -0.000133 0.013427 -0.010480
v -0.000033 0.013440 -0.010643
v 0.000120 0.013454 -0.010756
v -0.001791 0.010149 0.002357
v -0.003198 0.009318 0.002133
v -0.003979 0.008905 0.002128
v -0.003947 0.008757 0.002242
v -0.003137 0.009074 0.002405
v -0.001660 0.009941 0.002630
v -0.002371 0.009459 0.002532
v -0.002466 0.009689 0.002259
v -0.003982 0.009006 0.001969
v -0.003182 0.009218 0.002292
v -0.002434 0.009595 0.002419
v -0.001743 0.010064 0.002517
v 0.000061 0.013388 -0.010723
v -0.000100 0.013374 -0.010548
v -0.000031 0.013381 -0.010644
v -0.005319 0.008501 0.001624
v -0.006626 0.008009 0.001143
v -0.005307 0.008259 0.001888
v -0.006647 0.007778 0.001390
v -0.007299 0.007550 0.001060
v -0.007923 0.007336 0.000647
v -0.008962 0.006986 -0.000507
v -0.007255 0.007773 0.000828
v -0.007850 0.007550 0.000439
v -0.008389 0.007348 -0.000053
v -0.008909 0.007097 -0.000568
v -0.008497 0.007145 0.000118
v -0.008831 0.007183 -0.000640
v -0.008457 0.007260 0.000040
v -0.007901 0.007459 0.000554
v -0.007291 0.007679 0.000958
v -0.006651 0.007913 0.001283
v -0.005327 0.008402 0.001776
v -0.000158 0.011858 -0.010781
v -0.000734 0.011292 -0.010484
v -0.001201 0.010696 -0.010432
v -0.000539 0.011151 -0.010757
v -0.001038 0.010518 -0.010705
v -0.000079 0.012646 -0.010666
v 0.000070 0.012622 -0.010779
v -0.000295 0.011915 -0.010668
v -0.000176 0.012661 -0.010504
v -0.000384 0.011953 -0.010507
v -0.000659 0.011235 -0.010643
v -0.001139 0.010623 -0.010591
v -0.009321 0.006946 -0.006672
v -0.008962 0.006986 -0.007493
v -0.009381 0.006838 -0.006718
v -0.008831 0.007183 -0.007360
v -0.008909 0.007097 -0.007432
v -0.009636 0.006830 -0.005818
v -0.009828 0.006759 -0.004918
v -0.009892 0.006736 -0.004005
v -0.009828 0.006759 -0.003086
v -0.009639 0.006829 -0.002193
v -0.009323 0.006945 -0.001333
v -0.009383 0.006837 -0.001286
v -0.003982 0.009006 -0.009969
v -0.003137 0.009074 -0.010405
v -0.003947 0.008757 -0.010242
v -0.002466 0.009689 -0.010259
v -0.002371 0.009459 -0.010532
v -0.003182 0.009218 -0.010292
v -0.003979 0.008905 -0.010128
v -0.001791 0.010149 -0.010357
v -0.001743 0.010064 -0.010517
v -0.003198 0.009318 -0.010133
v -0.002434 0.009595 -0.010419
v -0.001660 0.009941 -0.010630
v -0.008389 0.007349 -0.007948
v -0.008496 0.007145 -0.008119
v -0.007921 0.007337 -0.008648
v -0.007297 0.007550 -0.009061
v -0.005308 0.008258 -0.009888
v -0.006648 0.007777 -0.009390
v -0.006627 0.008009 -0.009142
v -0.005320 0.008501 -0.009623
v -0.007253 0.007774 -0.008829
v -0.007848 0.007551 -0.008440
v -0.005328 0.008401 -0.009776
v -0.006652 0.007913 -0.009283
v -0.007290 0.007680 -0.008959
v -0.007899 0.007460 -0.008555
v -0.008456 0.007261 -0.008041
v -0.000932 0.034010 -0.006499
v -0.001030 0.034128 -0.006321
v -0.001146 0.034269 -0.006228
v -0.001221 0.034360 -0.006200
v -0.001150 0.034273 -0.001773
v -0.000954 0.034036 -0.001559
v -0.001018 0.034114 -0.001666
v -0.001028 0.034125 -0.001677
v -0.001086 0.034196 -0.001733
v -0.000939 0.034018 -0.001521
v -0.000907 0.033981 -0.001378
v -0.000707 0.033793 -0.000497
v -0.000896 0.033915 -0.000776
v -0.000882 0.033912 -0.000670
v -0.000833 0.033866 -0.000586
v -0.000764 0.033805 -0.000533
v -0.000770 0.033787 -0.000562
v -0.000830 0.033847 -0.000607
v -0.000791 0.033859 -0.000535
v -0.000828 0.033889 -0.000568
v -0.000884 0.033935 -0.000660
v -0.000905 0.033946 -0.000776
v -0.000750 0.033827 -0.000511
v -0.000905 0.033946 -0.001324
v -0.000896 0.033915 -0.001324
v -0.000943 0.033995 -0.001528
v -0.001185 0.034209 -0.001835
v -0.000941 0.033971 -0.001537
v -0.001042 0.034079 -0.001706
v -0.001038 0.034102 -0.001689
v -0.001159 0.034262 -0.001778
v -0.001168 0.034250 -0.001785
v -0.001039 0.034059 -0.001727
v -0.000933 0.033949 -0.001549
v -0.001298 0.034428 -0.001812
v -0.001310 0.034416 -0.001819
v -0.001319 0.034407 -0.001825
v -0.001180 0.034227 -0.001807
v -0.001332 0.034393 -0.001841
v -0.001342 0.034383 -0.001861
v -0.001447 0.034540 -0.001860
v -0.001680 0.034736 -0.002300
v -0.001380 0.034479 -0.001832
v -0.001566 0.034650 -0.001959
v -0.001571 0.034627 -0.001976
v -0.001651 0.034730 -0.002111
v -0.001683 0.034761 -0.002300
v -0.001650 0.034706 -0.002121
v -0.001460 0.034517 -0.001882
v -0.001568 0.034606 -0.001997
v -0.001642 0.034683 -0.002132
v -0.001683 0.034761 -0.005700
v -0.001680 0.034736 -0.005700
v -0.001670 0.034713 -0.005700
v -0.001570 0.034626 -0.006025
v -0.001565 0.034650 -0.006042
v -0.001651 0.034730 -0.005889
v -0.001298 0.034428 -0.006188
v -0.001438 0.034551 -0.006147
v -0.001310 0.034416 -0.006181
v -0.001446 0.034540 -0.006140
v -0.001319 0.034407 -0.006175
v -0.001459 0.034517 -0.006118
v -0.001332 0.034393 -0.006159
v -0.001649 0.034705 -0.005880
v -0.001642 0.034683 -0.005869
v -0.001342 0.034383 -0.006139
v -0.001567 0.034606 -0.006004
v -0.001239 0.034332 -0.006190
v -0.000933 0.033950 -0.006451
v -0.001040 0.034059 -0.006273
v -0.001043 0.034080 -0.006294
v -0.001181 0.034228 -0.006193
v -0.001185 0.034210 -0.006165
v -0.000943 0.033995 -0.006471
v -0.001039 0.034103 -0.006311
v -0.001168 0.034250 -0.006214
v -0.000941 0.033972 -0.006462
v -0.000905 0.033946 -0.006676
v -0.000896 0.033915 -0.006676
v -0.000905 0.033946 -0.007224
v -0.000896 0.033915 -0.007224
v -0.000823 0.033901 -0.007439
v -0.000828 0.033889 -0.007432
v -0.000884 0.033935 -0.007341
v -0.000832 0.033866 -0.007414
v -0.000882 0.033912 -0.007330
v -0.000830 0.033846 -0.007393
v -0.000741 0.033838 -0.007496
v -0.000750 0.033827 -0.007489
v -0.000764 0.033804 -0.007467
v -0.000769 0.033787 -0.007438
v 0.008638 0.028929 -0.000395
v -0.008193 0.002113 0.000335
v -0.008184 0.002145 0.000217
v -0.008166 0.002215 0.000137
v -0.008194 0.002109 0.000396
v -0.008166 0.002215 -0.004000
v -0.005636 0.011836 -0.004000
v -0.002444 0.023973 -0.004000
v -0.008403 -0.000080 -0.001426
v -0.008639 -0.000109 -0.001677
v -0.008613 -0.000105 -0.001604
v -0.008555 -0.000098 -0.001538
v -0.008478 -0.000089 -0.001476
v -0.008633 -0.000108 -0.001644
v 0.006010 0.028864 -0.000376
v -0.007583 0.002504 0.000382
v -0.007577 0.002516 0.000382
v -0.003601 0.004550 0.000304
v -0.000106 0.001496 0.000358
v -0.007939 0.002200 0.000392
v -0.008090 0.002142 0.000395
v -0.008142 0.002126 0.000395
v 0.001243 0.000840 0.000366
v 0.000853 0.001234 0.000358
v 0.000656 0.001349 0.000357
v -0.004625 0.002218 0.000370
v -0.004371 0.002478 0.000362
v -0.000428 0.001438 0.000362
v -0.004047 0.002918 0.000348
v -0.003515 0.003868 0.000321
v 0.000221 0.001484 0.000356
v 0.004341 0.030534 -0.000407
v -0.000840 0.001243 0.000369
v -0.001027 0.001093 0.000374
v -0.001349 0.000656 0.000388
v -0.007531 0.000086 0.000443
v -0.007489 0.000120 0.000442
v -0.004767 0.002104 0.000374
v -0.007931 0.002204 0.000392
v -0.007588 0.002493 0.000382
v -0.007676 0.002372 0.000386
v -0.001403 0.000531 0.000391
v 0.007921 0.028686 -0.000384
v 0.001323 0.000707 0.000369
v 0.008638 0.028929 -0.007605
v -0.008193 0.002113 -0.008335
v -0.008194 0.002109 -0.008396
v -0.008166 0.002215 -0.008137
v -0.008185 0.002141 -0.008223
v -0.008167 0.002210 -0.008141
v 0.006010 0.028864 -0.007624
v 0.004364 0.031792 -0.007561
v -0.007577 0.002516 -0.008382
v -0.003601 0.004550 -0.008304
v 0.007921 0.028686 -0.007616
v -0.007635 -0.000047 -0.008447
v -0.007489 0.000120 -0.008442
v -0.004767 0.002104 -0.008374
v -0.004371 0.002478 -0.008362
v -0.007583 0.002504 -0.008382
v -0.008142 0.002126 -0.008395
v -0.007588 0.002493 -0.008382
v -0.008090 0.002142 -0.008395
v 0.001409 -0.000514 -0.008399
v 0.001019 -0.001101 -0.008416
v 0.001349 -0.000656 -0.008403
v 0.000106 -0.001496 -0.008433
v 0.000428 -0.001438 -0.008429
v 0.000840 -0.001243 -0.008421
v -0.007929 0.002205 -0.008392
v -0.007740 0.002317 -0.008388
v -0.007598 0.002472 -0.008383
v -0.000656 -0.001349 -0.008434
v -0.000221 -0.001484 -0.008434
v -0.000863 -0.001227 -0.008432
v -0.001243 -0.000840 -0.008425
v -0.001314 -0.000723 -0.008422
v -0.003613 0.003681 -0.008326
v -0.004047 0.002918 -0.008348
v -0.004166 0.002742 -0.008353
v -0.003910 0.003502 0.000299
v -0.003935 0.003540 0.000289
v -0.005102 0.002479 -0.000231
v -0.005444 0.002219 -0.000573
v -0.005414 0.002250 -0.000608
v -0.005614 0.002095 -0.000865
v -0.005652 0.002076 -0.001044
v -0.005843 0.001928 -0.001510
v -0.005807 0.001963 -0.001524
v -0.005889 0.001895 -0.001767
v -0.004774 0.002726 0.000027
v -0.004898 0.002624 -0.000035
v -0.005065 0.002496 -0.000126
v -0.004723 0.002794 0.000021
v -0.004477 0.002984 0.000156
v -0.004722 0.002769 0.000052
v -0.004331 0.003153 0.000190
v -0.004319 0.003126 0.000209
v -0.004343 0.003104 0.000202
v -0.004734 0.002845 -0.000019
v -0.003937 0.003477 0.000296
v -0.004051 0.003371 0.000276
v -0.004362 0.003208 0.000167
v -0.005768 0.002113 -0.001557
v -0.005767 0.002061 -0.001549
v -0.004726 0.002766 0.000050
v -0.005090 0.002521 -0.000274
v -0.005395 0.002294 -0.000642
v -0.005628 0.002121 -0.001069
v -0.005780 0.002009 -0.001537
v -0.005618 0.002173 -0.001089
v -0.005390 0.002346 -0.000671
v -0.005092 0.002573 -0.000309
v -0.005623 0.002226 -0.001103
v -0.005400 0.002399 -0.000690
v -0.005108 0.002626 -0.000332
v -0.004758 0.002899 -0.000043
v -0.005992 0.003327 -0.005826
v -0.005992 0.003327 -0.002174
v -0.004489 0.004096 -0.008140
v -0.007730 0.002438 -0.008319
v -0.005843 0.003403 -0.006696
v -0.004141 0.004274 0.000249
v -0.004425 0.004128 0.000164
v -0.004930 0.003870 -0.000098
v -0.005289 0.003687 -0.000403
v -0.005397 0.003632 -0.000522
v -0.007654 0.002477 0.000351
v -0.005829 0.003410 -0.001266
v -0.007730 0.002438 0.000319
v -0.005520 0.003568 -0.007318
v -0.005290 0.003686 -0.007596
v -0.005205 0.003730 -0.007680
v -0.007654 0.002477 -0.008351
v -0.005902 0.003373 -0.006507
v -0.008141 0.002127 -0.008365
v -0.008141 0.002127 0.000365
v -0.005849 0.001955 -0.005856
v -0.005913 0.001877 -0.005856
v -0.004126 0.002968 -0.008339
v -0.004476 0.002567 -0.008340
v -0.004913 0.002303 -0.008304
v -0.005041 0.002470 -0.008057
v -0.004855 0.002584 -0.008119
v -0.004665 0.002724 -0.008175
v -0.004472 0.002886 -0.008224
v -0.005022 0.002446 -0.008121
v -0.004775 0.002504 -0.008253
v -0.004580 0.002654 -0.008276
v -0.004279 0.003065 -0.008263
v -0.003896 0.003455 -0.008312
v -0.003855 0.003433 -0.008325
v -0.004206 0.003019 -0.008310
v -0.004973 0.002382 -0.008226
v -0.007787 0.000511 -0.007942
v -0.007764 0.000486 -0.008124
v -0.007745 0.000461 -0.008190
v -0.007697 0.000399 -0.008293
v -0.007636 0.000318 -0.008372
v -0.007797 0.000037 -0.008411
v -0.007947 0.000114 -0.008300
v -0.008019 -0.000063 -0.008304
v -0.008046 0.000162 -0.008131
v -0.008127 -0.000037 -0.008134
v -0.008045 0.000233 -0.007946
v -0.007924 0.000339 -0.008127
v -0.007838 0.000270 -0.008296
v -0.007995 0.000341 -0.006829
v -0.007787 0.000511 -0.006970
v -0.007977 0.000368 -0.006805
v -0.008140 0.000254 -0.006600
v -0.008328 0.000117 -0.006457
v -0.008467 0.000016 -0.006381
v -0.008158 0.000238 -0.006626
v -0.008168 0.000217 -0.006656
v -0.008358 0.000024 -0.006575
v -0.008362 0.000061 -0.006537
v -0.008117 0.000225 -0.006745
v -0.008119 0.000223 -0.006744
v -0.008174 0.000193 -0.006683
v -0.008175 0.000166 -0.006707
v -0.008260 0.000076 -0.006652
v -0.008346 -0.000017 -0.006603
v -0.008082 0.000172 -0.006978
v -0.008203 -0.000162 -0.006878
v -0.008189 -0.000159 -0.006994
v -0.008171 0.000117 -0.006749
v -0.008112 0.000109 -0.006980
v -0.008130 0.000102 -0.006865
v -0.008402 0.000064 -0.001586
v -0.007674 0.000594 -0.002950
v -0.008177 0.000227 -0.001431
v -0.007674 0.000594 -0.001950
v -0.007986 0.000366 -0.001252
v -0.007787 0.000511 -0.000058
v -0.006065 0.001766 -0.002950
v -0.006065 0.001766 -0.001950
v -0.007674 0.000594 -0.005050
v -0.006065 0.001766 -0.006050
v -0.006065 0.001766 -0.005050
v -0.007787 0.000511 -0.001030
v -0.007873 0.000449 -0.001128
v -0.007674 0.000594 -0.006050
v -0.003855 0.003433 0.000325
v -0.004913 0.002303 0.000304
v -0.004126 0.002968 0.000339
v -0.004206 0.003019 0.000310
v -0.003896 0.003455 0.000312
v -0.004279 0.003065 0.000263
v -0.004698 0.002750 0.000115
v -0.004313 0.003086 0.000234
v -0.004665 0.002724 0.000175
v -0.005041 0.002470 0.000057
v -0.004881 0.002609 0.000043
v -0.005058 0.002490 -0.000036
v -0.004476 0.002567 0.000340
v -0.004580 0.002654 0.000276
v -0.004973 0.002382 0.000226
v -0.004625 0.002692 0.000230
v -0.005022 0.002446 0.000121
v -0.007636 0.000318 0.000372
v -0.007696 0.000398 0.000294
v -0.007745 0.000461 0.000190
v -0.007764 0.000485 0.000126
v -0.007749 0.000108 0.000411
v -0.007982 0.000264 0.000130
v -0.008013 0.000281 -0.000054
v -0.007889 0.000203 0.000299
v -0.008214 0.000125 -0.001319
v -0.008394 -0.000070 -0.001422
v -0.008411 -0.000025 -0.001449
v -0.008116 0.000226 -0.001254
v -0.008209 0.000130 -0.001315
v -0.008210 0.000161 -0.001340
v -0.007995 0.000354 -0.001210
v -0.008195 0.000210 -0.001402
v -0.008418 0.000015 -0.001489
v -0.008414 0.000045 -0.001538
v -0.008205 0.000188 -0.001370
v -0.008003 0.000342 -0.001195
v -0.007999 0.000338 -0.001174
v -0.008009 0.000329 -0.001181
v -0.008096 0.000143 -0.001021
v -0.008118 0.000097 -0.001019
v -0.008171 0.000113 -0.001249
v -0.008164 -0.000037 -0.001013
v -0.008203 -0.000163 -0.001121
v -0.007980 0.000326 -0.001028
v 0.011173 0.005331 -0.003991
v 0.011141 0.005324 -0.002497
v 0.011111 0.005225 -0.003990
v 0.011067 0.005210 -0.002500
v 0.011015 0.005147 -0.003990
v 0.010954 0.005133 -0.002505
v 0.011108 0.005325 -0.001854
v 0.011034 0.005210 -0.001859
v 0.010921 0.005132 -0.001867
v 0.011017 0.005148 -0.004010
v 0.011173 0.005332 -0.004009
v 0.011112 0.005226 -0.004010
v 0.011104 0.005325 -0.001792
v 0.011030 0.005210 -0.001798
v 0.010918 0.005132 -0.001806
v 0.010954 0.005133 -0.005495
v 0.011067 0.005210 -0.005500
v 0.011141 0.005324 -0.005503
v 0.011100 0.005323 -0.001753
v 0.010915 0.005132 -0.001768
v 0.011026 0.005209 -0.001760
v 0.010921 0.005132 -0.006132
v 0.011107 0.005323 -0.006146
v 0.011033 0.005209 -0.006140
v 0.010972 0.005322 -0.001021
v 0.010809 0.005135 -0.001068
v 0.010907 0.005212 -0.001040
v 0.010585 0.005129 -0.000392
v 0.010673 0.005207 -0.000353
v 0.010730 0.005313 -0.000327
v 0.011104 0.005325 -0.006208
v 0.011030 0.005210 -0.006202
v 0.010918 0.005132 -0.006194
v 0.010353 0.005298 0.000388
v 0.009285 0.005249 0.001584
v 0.009869 0.005277 0.001031
v 0.008630 0.005211 0.002038
v 0.007924 0.005164 0.002398
v 0.007189 0.005109 0.002671
v 0.006437 0.005045 0.002864
v 0.010226 0.005115 0.000301
v 0.010304 0.005193 0.000353
v 0.009765 0.005096 0.000927
v 0.009829 0.005174 0.000989
v 0.009207 0.005069 0.001472
v 0.009256 0.005148 0.001540
v 0.008575 0.005035 0.001924
v 0.008610 0.005113 0.001993
v 0.007889 0.004991 0.002286
v 0.007912 0.005068 0.002354
v 0.007171 0.004938 0.002561
v 0.007185 0.005015 0.002628
v 0.006432 0.004876 0.002757
v 0.006437 0.004953 0.002823
v 0.005679 0.004836 0.002911
v 0.005676 0.004945 0.002976
v 0.011100 0.005323 -0.006247
v 0.011026 0.005209 -0.006240
v 0.010915 0.005132 -0.006232
v 0.005598 0.004875 0.002955
v 0.005599 0.004828 0.002921
v 0.005597 0.004937 0.002985
v 0.005593 0.004965 0.002995
v 0.005638 0.004941 0.002980
v 0.005641 0.004832 0.002915
v 0.005599 0.004798 0.002891
v 0.010730 0.005313 -0.007673
v 0.010972 0.005322 -0.006979
v 0.010673 0.005207 -0.007647
v 0.010907 0.005212 -0.006960
v 0.010585 0.005129 -0.007608
v 0.010809 0.005135 -0.006932
v 0.000801 0.004159 0.002983
v 0.002404 0.004410 0.003029
v -0.000801 0.003869 0.002821
v 0.000785 0.004236 0.003045
v -0.000826 0.003948 0.002889
v 0.000768 0.004327 0.003084
v -0.000851 0.004044 0.002929
v 0.004001 0.004790 0.003112
v 0.004010 0.004700 0.003074
v 0.004017 0.004624 0.003012
v 0.002393 0.004486 0.003091
v 0.002379 0.004576 0.003129
v 0.005679 0.004836 -0.010911
v 0.006437 0.004953 -0.010823
v 0.006432 0.004876 -0.010757
v 0.010353 0.005298 -0.008388
v 0.010226 0.005115 -0.008301
v 0.009765 0.005096 -0.008927
v 0.009207 0.005069 -0.009472
v 0.010304 0.005193 -0.008353
v 0.009829 0.005174 -0.008989
v 0.009256 0.005148 -0.009540
v 0.008610 0.005113 -0.009993
v 0.009869 0.005277 -0.009031
v 0.009285 0.005249 -0.009584
v 0.008630 0.005211 -0.010038
v 0.007924 0.005164 -0.010398
v 0.006437 0.005045 -0.010864
v 0.007189 0.005109 -0.010671
v 0.007185 0.005015 -0.010628
v 0.007912 0.005068 -0.010354
v 0.007889 0.004991 -0.010286
v 0.008575 0.005035 -0.009924
v 0.007171 0.004938 -0.010561
v 0.005676 0.004945 -0.010976
v -0.000974 0.004021 0.002910
v -0.000949 0.003925 0.002871
v -0.000924 0.003846 0.002804
v 0.005636 0.004941 -0.010980
v 0.005594 0.004965 -0.010995
v 0.005639 0.004832 -0.010916
v 0.005599 0.004798 -0.010891
v 0.005598 0.004875 -0.010955
v 0.005596 0.004937 -0.010985
v -0.009939 0.001627 -0.000257
v -0.009886 0.001556 -0.000276
v -0.009495 0.001687 0.000225
v -0.009977 0.001710 -0.000251
v -0.003246 0.003349 0.002444
v -0.009818 0.001500 -0.000309
v -0.009747 0.001466 -0.000349
v -0.009377 0.001596 0.000142
v -0.009085 0.001976 0.000685
v -0.009577 0.001833 0.000257
v -0.008542 0.002134 0.001026
v -0.007983 0.002297 0.001300
v -0.006839 0.002623 0.001731
v -0.005673 0.002940 0.002063
v -0.003306 0.003525 0.002553
v -0.006745 0.002431 0.001613
v -0.005595 0.002756 0.001948
v -0.007867 0.002093 0.001178
v -0.008407 0.001921 0.000902
v -0.008923 0.001751 0.000562
v -0.009016 0.001842 0.000648
v -0.008481 0.002010 0.000987
v -0.007930 0.002180 0.001260
v -0.006794 0.002515 0.001690
v -0.005635 0.002837 0.002022
v -0.003277 0.003428 0.002513
v 0.004010 0.004700 -0.011074
v 0.004001 0.004790 -0.011112
v 0.000801 0.004159 -0.010983
v 0.002404 0.004410 -0.011029
v 0.004017 0.004624 -0.011012
v -0.000826 0.003948 -0.010889
v -0.000851 0.004043 -0.010928
v 0.000768 0.004327 -0.011084
v 0.002379 0.004576 -0.011129
v -0.000801 0.003870 -0.010822
v 0.000785 0.004236 -0.011045
v 0.002393 0.004486 -0.011091
v -0.010566 0.001514 -0.001304
v -0.010564 0.001506 -0.001304
v -0.010438 0.001317 -0.001318
v -0.010494 0.001373 -0.001305
v -0.010538 0.001441 -0.001301
v -0.009994 0.001349 -0.000875
v -0.010066 0.001364 -0.000838
v -0.010308 0.001251 -0.001362
v -0.010380 0.001279 -0.001335
v -0.000924 0.003846 -0.010804
v -0.000974 0.004021 -0.010910
v -0.000949 0.003925 -0.010871
v -0.010749 0.001448 -0.001755
v -0.010690 0.001311 -0.001759
v -0.010819 0.001260 -0.002237
v -0.010760 0.001202 -0.002251
v -0.010583 0.001210 -0.001785
v -0.010641 0.001254 -0.001769
v -0.010700 0.001165 -0.002266
v -0.010621 0.001138 -0.002285
v -0.010693 0.001162 -0.002267
v -0.010863 0.001330 -0.002228
v -0.010887 0.001399 -0.002223
v -0.009939 0.001627 -0.007743
v -0.009977 0.001710 -0.007749
v -0.009577 0.001833 -0.008257
v -0.009818 0.001500 -0.007691
v -0.009886 0.001556 -0.007724
v -0.009495 0.001687 -0.008225
v -0.003306 0.003525 -0.010553
v -0.005673 0.002940 -0.010063
v -0.006839 0.002623 -0.009731
v -0.007983 0.002297 -0.009300
v -0.008542 0.002134 -0.009026
v -0.009085 0.001976 -0.008685
v -0.005595 0.002756 -0.009948
v -0.003246 0.003349 -0.010444
v -0.006745 0.002431 -0.009613
v -0.007867 0.002093 -0.009178
v -0.008407 0.001921 -0.008902
v -0.008923 0.001751 -0.008562
v -0.009377 0.001596 -0.008142
v -0.009747 0.001466 -0.007651
v -0.009016 0.001842 -0.008648
v -0.008481 0.002010 -0.008987
v -0.007930 0.002180 -0.009260
v -0.006794 0.002515 -0.009690
v -0.005635 0.002837 -0.010022
v -0.003277 0.003428 -0.010513
v -0.011050 0.001349 -0.003060
v -0.010678 0.001097 -0.003100
v -0.010734 0.001128 -0.002674
v -0.010651 0.001116 -0.002690
v -0.010767 0.001099 -0.003087
v -0.010860 0.001127 -0.003076
v -0.010945 0.001182 -0.003067
v -0.011011 0.001260 -0.003061
v -0.009994 0.001349 -0.007125
v -0.010066 0.001364 -0.007162
v -0.010438 0.001317 -0.006682
v -0.010494 0.001373 -0.006695
v -0.010538 0.001441 -0.006699
v -0.010564 0.001506 -0.006696
v -0.010566 0.001514 -0.006696
v -0.010308 0.001251 -0.006638
v -0.010380 0.001279 -0.006665
v -0.010830 0.001076 -0.003999
v -0.010678 0.001097 -0.004900
v -0.011115 0.001327 -0.003999
v -0.011050 0.001349 -0.004940
v -0.011076 0.001237 -0.003999
v -0.011011 0.001260 -0.004939
v -0.011010 0.001159 -0.003999
v -0.010945 0.001182 -0.004933
v -0.010924 0.001104 -0.003999
v -0.010860 0.001127 -0.004924
v -0.010767 0.001099 -0.004913
v -0.010641 0.001254 -0.006231
v -0.010583 0.001210 -0.006215
v -0.010693 0.001162 -0.005733
v -0.010621 0.001138 -0.005715
v -0.010749 0.001448 -0.006245
v -0.010690 0.001311 -0.006241
v -0.010863 0.001330 -0.005772
v -0.010887 0.001399 -0.005777
v -0.010700 0.001165 -0.005734
v -0.010760 0.001202 -0.005749
v -0.010819 0.001260 -0.005763
v -0.010651 0.001116 -0.005310
v -0.010734 0.001128 -0.005326
v 0.009342 0.031935 0.001000
v 0.010403 0.031258 0.001000
v 0.009110 0.033171 0.001000
v 0.005796 0.030932 0.001000
v 0.007089 0.029018 0.001000
v 0.006751 0.031751 0.001000
v 0.006807 0.033008 0.001000
v 0.009393 0.029181 0.001000
v 0.007260 0.032338 0.001000
v 0.007994 0.032591 0.001000
v 0.008756 0.032444 0.001000
v 0.006857 0.030255 -0.009000
v 0.007089 0.029018 -0.009000
v 0.005796 0.030932 -0.009000
v 0.009448 0.030438 -0.009000
v 0.010403 0.031258 -0.009000
v 0.009393 0.029181 -0.009000
v 0.006807 0.033008 -0.009000
v 0.009110 0.033171 -0.009000
v 0.007443 0.029746 -0.009000
v 0.008206 0.029599 -0.009000
v 0.008939 0.029852 -0.009000
v 0.002077 -0.001011 0.002000
v 0.001913 0.001293 0.002000
v 0.000163 -0.002304 0.002000
v -0.001913 -0.001293 0.002000
v -0.000840 0.001243 0.002000
v -0.000163 0.002304 0.002000
v -0.002077 0.001011 0.002000
v -0.001349 0.000656 0.002000
v -0.000106 0.001496 0.002000
v 0.000656 0.001349 0.002000
v 0.001243 0.000840 0.002000
v -0.001913 -0.001293 -0.010000
v -0.002077 0.001011 -0.010000
v -0.001243 -0.000840 -0.010000
v -0.000656 -0.001349 -0.010000
v 0.000163 -0.002304 -0.010000
v 0.000106 -0.001496 -0.010000
v 0.000840 -0.001243 -0.010000
v 0.002077 -0.001011 -0.010000
v -0.000163 0.002304 -0.010000
v 0.001913 0.001293 -0.010000
v 0.001349 -0.000656 -0.010000
v -0.005446 0.001736 -0.002950
v -0.005446 0.001736 -0.001950
v -0.004744 0.001338 -0.002950
v -0.004744 0.001338 -0.001950
v -0.003943 0.001250 -0.002950
v -0.003943 0.001250 -0.001950
v -0.003884 0.001257 -0.002950
v -0.003172 0.001486 -0.001950
v -0.003884 0.001257 -0.005050
v -0.005446 0.001736 -0.006050
v -0.005446 0.001736 -0.005050
v -0.004744 0.001338 -0.006050
v -0.004744 0.001338 -0.005050
v -0.003943 0.001250 -0.006050
v -0.003943 0.001250 -0.005050
v -0.003172 0.001486 -0.006050
v -0.000955 -0.002557 -0.002950
v -0.004109 0.001061 -0.002950
v -0.000955 -0.002557 -0.005050
v -0.004109 0.001061 -0.005050
v -0.007475 -0.006379 -0.006050
v -0.003304 -0.006862 -0.006050
v -0.000486 -0.001419 -0.006050
v 0.000041 -0.003945 -0.006050
v 0.000288 -0.001472 -0.006050
v -0.005861 0.001852 -0.006050
v -0.005641 0.001841 -0.006050
v -0.008450 -0.001401 -0.006050
v -0.008454 -0.000652 -0.006050
v -0.008183 0.000045 -0.006050
v 0.001472 0.000288 -0.006050
v 0.003250 0.000036 -0.006050
v 0.001419 -0.000486 -0.006050
v 0.003062 -0.001090 -0.006050
v 0.000986 -0.001131 -0.006050
v 0.002496 -0.002082 -0.006050
v 0.001622 -0.002816 -0.006050
v -0.004468 -0.005189 -0.006050
v -0.004292 -0.004780 -0.006050
v 0.003037 0.001157 -0.006050
v -0.004803 -0.005481 -0.006050
v -0.004179 -0.007393 -0.006050
v -0.005232 -0.005599 -0.006050
v -0.005182 -0.007599 -0.006050
v -0.005670 -0.005520 -0.006050
v -0.006196 -0.007456 -0.006050
v -0.007102 -0.006980 -0.006050
v -0.007344 -0.006714 -0.006050
v -0.004312 -0.004335 -0.006050
v -0.003304 -0.006862 -0.005050
v 0.000041 -0.003945 -0.005050
v 0.001622 -0.002816 -0.005050
v 0.001745 -0.002742 -0.005050
v -0.005641 0.001841 -0.005050
v -0.005861 0.001852 -0.005050
v -0.008183 0.000045 -0.005050
v -0.008454 -0.000652 -0.005050
v -0.008450 -0.001401 -0.005050
v -0.007475 -0.006379 -0.005050
v -0.007344 -0.006714 -0.005050
v -0.007102 -0.006980 -0.005050
v -0.005670 -0.005520 -0.005050
v -0.006196 -0.007456 -0.005050
v -0.005232 -0.005599 -0.005050
v -0.005182 -0.007599 -0.005050
v -0.004803 -0.005481 -0.005050
v -0.004179 -0.007393 -0.005050
v -0.004468 -0.005189 -0.005050
v -0.004292 -0.004780 -0.005050
v -0.004312 -0.004335 -0.005050
v 0.000288 -0.001472 -0.001950
v -0.000486 -0.001419 -0.001950
v -0.003304 -0.006862 -0.001950
v 0.000041 -0.003945 -0.001950
v 0.001622 -0.002816 -0.001950
v 0.000986 -0.001131 -0.001950
v 0.002496 -0.002082 -0.001950
v 0.001419 -0.000486 -0.001950
v -0.005670 -0.005520 -0.001950
v -0.008450 -0.001401 -0.001950
v -0.008454 -0.000652 -0.001950
v -0.008183 0.000045 -0.001950
v -0.005861 0.001852 -0.001950
v -0.005641 0.001841 -0.001950
v 0.003062 -0.001090 -0.001950
v 0.003250 0.000036 -0.001950
v 0.001472 0.000288 -0.001950
v 0.003037 0.001157 -0.001950
v -0.007102 -0.006980 -0.001950
v -0.006196 -0.007456 -0.001950
v -0.005232 -0.005599 -0.001950
v -0.005182 -0.007599 -0.001950
v -0.004803 -0.005481 -0.001950
v -0.004179 -0.007393 -0.001950
v -0.004468 -0.005189 -0.001950
v -0.004292 -0.004780 -0.001950
v -0.004312 -0.004335 -0.001950
v -0.008183 0.000045 -0.002950
v 0.001745 -0.002742 -0.002950
v 0.001622 -0.002816 -0.002950
v 0.000041 -0.003945 -0.002950
v -0.003304 -0.006862 -0.002950
v -0.008454 -0.000652 -0.002950
v -0.008450 -0.001401 -0.002950
v -0.005861 0.001852 -0.002950
v -0.005641 0.001841 -0.002950
v -0.005670 -0.005520 -0.002950
v -0.006196 -0.007456 -0.002950
v -0.007102 -0.006980 -0.002950
v -0.005182 -0.007599 -0.002950
v -0.005232 -0.005599 -0.002950
v -0.004179 -0.007393 -0.002950
v -0.004803 -0.005481 -0.002950
v -0.004468 -0.005189 -0.002950
v -0.004292 -0.004780 -0.002950
v -0.004312 -0.004335 -0.002950
v 0.010106 0.028534 -0.009937
v 0.010218 0.028391 -0.009765
v 0.010518 0.028918 -0.009937
v 0.010857 0.029368 -0.009937
v 0.011113 0.029869 -0.009937
v 0.011280 0.030407 -0.009937
v 0.011345 0.030864 -0.009937
v 0.010653 0.028797 -0.009765
v 0.011011 0.029271 -0.009765
v 0.011282 0.029801 -0.009765
v 0.011457 0.030369 -0.009765
v 0.011526 0.030851 -0.009765
v 0.008441 0.034330 0.001937
v 0.008460 0.034511 0.001765
v 0.008953 0.034234 0.001937
v 0.009472 0.034045 0.001937
v 0.009950 0.033771 0.001937
v 0.010376 0.033420 0.001937
v 0.010736 0.033002 0.001937
v 0.011020 0.032529 0.001937
v 0.011220 0.032015 0.001937
v 0.009001 0.034410 0.001765
v 0.009548 0.034210 0.001765
v 0.010054 0.033920 0.001765
v 0.010503 0.033549 0.001765
v 0.010883 0.033108 0.001765
v 0.011183 0.032609 0.001765
v 0.011394 0.032066 0.001765
vn -0.5586 -0.4719 -0.6821
vn -0.5586 -0.4719 0.6821
vn -0.6595 -0.3229 0.6789
vn -0.6595 -0.3229 -0.6789
vn -0.6972 -0.1847 0.6927
vn -0.6972 -0.1847 -0.6927
vn 0.4770 0.4319 0.7655
vn 0.4770 0.4319 -0.7655
vn 0.6258 0.1720 0.7608
vn 0.6258 0.1720 -0.7608
vn 0.6385 -0.1165 0.7608
vn 0.6384 -0.1165 -0.7608
vn 0.5247 -0.3820 0.7608
vn 0.5247 -0.3820 -0.7608
vn 0.3070 -0.5718 0.7608
vn 0.3070 -0.5718 -0.7608
vn 0.0285 -0.6484 0.7608
vn 0.0285 -0.6484 -0.7608
vn -0.2557 -0.5965 0.7608
vn -0.2557 -0.5965 -0.7608
vn -0.4928 -0.4137 0.7655
vn -0.4928 -0.4137 -0.7655
vn -0.4770 -0.4319 -0.7655
vn -0.4770 -0.4318 0.7655
vn -0.2067 -0.6033 -0.7703
vn -0.2067 -0.6033 0.7703
vn 0.1226 -0.6258 -0.7703
vn 0.1226 -0.6258 0.7703
vn 0.4191 -0.4807 -0.7703
vn 0.4191 -0.4807 0.7703
vn 0.6033 -0.2067 -0.7703
vn 0.6033 -0.2067 0.7703
vn 0.6258 0.1226 -0.7703
vn 0.6258 0.1226 0.7703
vn 0.4928 0.4137 -0.7655
vn 0.4928 0.4137 0.7655
vn -0.4770 -0.4319 0.7655
vn 0.5599 0.4879 0.6697
vn 0.5599 0.4879 -0.6697
vn 0.3572 0.6510 -0.6698
vn 0.3572 0.6510 0.6698
vn 0.1110 0.7342 -0.6698
vn 0.1110 0.7342 0.6698
vn -0.1488 0.7275 -0.6698
vn -0.1488 0.7275 0.6698
vn -0.3903 0.6317 -0.6698
vn -0.3903 0.6317 0.6698
vn -0.4620 0.5312 -0.7102
vn -0.4620 0.5312 0.7102
vn 0.9928 0.1201 0.0019
vn 0.9928 0.1198 0.0052
vn 0.9948 0.1006 0.0134
vn 0.9938 0.1092 0.0190
vn 0.9987 0.0341 0.0389
vn 0.9965 0.0701 0.0449
vn 0.9170 -0.3944 0.0591
vn 0.7600 -0.6474 0.0568
vn 0.7655 -0.6400 0.0657
vn 0.6608 -0.7102 0.2429
vn 0.7084 -0.6051 0.3634
vn 0.7106 -0.6682 0.2204
vn 0.2756 -0.1324 0.9521
vn 0.2227 -0.1494 0.9634
vn 0.2228 -0.0756 0.9719
vn 0.0350 -0.0283 0.9990
vn 0.3922 -0.2253 0.8919
vn 0.5024 -0.2380 0.8313
vn 0.5280 -0.3385 0.7789
vn 0.6549 -0.2307 0.7196
vn 0.6368 -0.4345 0.6370
vn 0.5458 -0.3486 0.7619
vn 0.6737 -0.5729 0.4669
vn 0.6858 -0.5418 0.4859
vn 0.7014 -0.4671 0.5383
vn 0.6564 -0.5342 0.5327
vn 0.6281 -0.7771 0.0407
vn 0.6189 -0.7847 0.0363
vn 0.6261 -0.7687 0.1308
vn 0.7352 -0.6559 0.1712
vn 0.7597 -0.6368 0.1316
vn 0.6295 -0.7767 0.0220
vn 0.6350 -0.7723 0.0154
vn 0.6473 -0.7619 0.0206
vn 0.4182 -0.0449 0.9072
vn 0.5756 -0.0239 0.8174
vn 0.7153 0.0044 0.6988
vn 0.7647 -0.2053 0.6108
vn 0.8318 0.0217 0.5546
vn 0.8564 -0.1835 0.4826
vn 0.9169 0.0372 0.3975
vn 0.9250 -0.1674 0.3411
vn 0.9743 0.0485 0.2199
vn 0.9694 -0.1544 0.1910
vn 0.9954 0.0534 0.0796
vn 0.9826 -0.1602 0.0939
vn 0.9007 -0.4136 0.1331
vn 0.8734 -0.4241 0.2393
vn 0.8312 -0.4390 0.3410
vn 0.7741 -0.4594 0.4356
vn 0.9937 0.1119 -0.0110
vn 0.9955 0.0551 -0.0770
vn 0.9992 -0.0338 -0.0202
vn 0.9864 -0.1470 -0.0730
vn 0.9058 -0.4228 -0.0265
vn 0.6392 -0.7690 -0.0041
vn 0.6795 -0.7336 -0.0113
vn 0.7739 -0.6327 -0.0278
vn 0.9151 -0.4004 -0.0471
vn 0.9995 -0.0315 0.0012
vn 0.9945 0.1045 0.0019
vn 0.8822 0.4426 0.1609
vn 0.9472 0.2675 0.1766
vn 0.7144 0.2337 -0.6596
vn 0.9820 0.0821 0.1703
vn 0.7495 0.0404 -0.6608
vn 0.8032 0.5714 0.1683
vn 0.6154 0.4377 -0.6555
vn 0.6889 0.7036 0.1742
vn 0.4276 0.6183 -0.6594
vn 0.5599 0.8095 0.1768
vn 0.4152 0.8929 0.1742
vn 0.1937 0.7281 -0.6576
vn 0.2605 0.9492 0.1768
vn -0.3623 0.9207 0.1452
vn -0.3091 0.9409 0.1384
vn -0.3079 0.6891 -0.6560
vn -0.1951 0.9706 0.1407
vn -0.0512 0.7527 -0.6564
vn -0.0426 0.9850 0.1674
vn 0.0959 0.9820 0.1628
vn -0.4483 0.8823 0.1432
vn -0.4927 0.5656 -0.6613
vn -0.6011 0.7963 0.0680
vn -0.7187 0.6805 0.1427
vn -0.5376 0.4814 -0.6923
vn -0.7445 0.6526 0.1410
vn -0.0008 -0.0167 0.9999
vn 0.7247 0.0190 0.6888
vn 0.2645 0.0262 0.9640
vn 0.6849 -0.0015 0.7286
vn 0.5374 -0.8390 -0.0848
vn 0.4653 -0.8730 -0.1460
vn 0.5931 -0.7846 -0.1805
vn 0.9804 0.0876 -0.1767
vn 0.7467 0.0445 0.6637
vn 0.9820 -0.0700 -0.1754
vn 0.7314 -0.1681 0.6609
vn 0.9604 -0.2155 -0.1768
vn 0.9122 -0.3710 -0.1740
vn 0.6375 -0.3993 0.6590
vn 0.8341 -0.5225 -0.1767
vn 0.7319 -0.6588 -0.1740
vn 0.4940 -0.5543 0.6699
vn 0.4294 -0.5890 0.6846
vn 0.8486 0.0758 0.5236
vn 0.8490 -0.0605 0.5249
vn 0.4936 0.0443 0.8685
vn 0.4921 -0.0351 0.8698
vn 0.0617 -0.1138 0.9916
vn 0.2992 -0.3956 0.8683
vn 0.0804 -0.1086 0.9908
vn 0.3681 -0.3313 0.8688
vn 0.0989 -0.0890 0.9911
vn 0.4197 -0.2629 0.8688
vn 0.1127 -0.0706 0.9911
vn 0.4587 -0.1866 0.8688
vn 0.1232 -0.0501 0.9911
vn 0.4823 -0.1083 0.8693
vn 0.1292 -0.0291 0.9912
vn 0.1315 -0.0094 0.9913
vn 0.1327 0.0120 0.9911
vn 0.8308 -0.1865 0.5243
vn 0.7891 -0.3209 0.5238
vn 0.7219 -0.4522 0.5238
vn 0.6331 -0.5699 0.5238
vn 0.5146 -0.6806 0.5215
vn 0.2014 -0.3869 0.8998
vn 0.3197 -0.6085 0.7263
vn 0.3934 -0.7340 0.5536
vn 0.4395 -0.8279 0.3486
vn 0.9840 -0.0642 0.1662
vn 0.9601 -0.2237 0.1681
vn 0.9177 -0.3637 0.1601
vn 0.8311 -0.5301 0.1679
vn 0.7395 -0.6538 0.1601
vn 0.5931 -0.7847 0.1800
vn 0.4589 -0.8754 0.1520
vn 0.6361 0.0450 -0.7703
vn 0.6361 0.0450 0.7703
vn 0.5284 0.3571 -0.7703
vn 0.5284 0.3571 0.7703
vn 0.2791 0.5734 -0.7703
vn 0.2791 0.5734 0.7703
vn -0.0450 0.6361 -0.7703
vn -0.0450 0.6361 0.7703
vn -0.3571 0.5284 -0.7703
vn -0.3571 0.5284 0.7703
vn -0.5734 0.2791 -0.7703
vn -0.5734 0.2791 0.7703
vn -0.6361 -0.0450 -0.7703
vn -0.6361 -0.0450 0.7703
vn 0.8486 0.0758 -0.5236
vn 0.8202 0.2316 -0.5231
vn 0.4936 0.0443 -0.8685
vn 0.4778 0.1347 -0.8681
vn 0.1327 0.0120 -0.9911
vn 0.1288 0.0363 -0.9910
vn 0.1193 0.0586 -0.9911
vn 0.4443 0.2182 -0.8689
vn 0.1077 0.0779 -0.9911
vn 0.4011 0.2901 -0.8689
vn 0.0930 0.0950 -0.9911
vn 0.3463 0.3537 -0.8689
vn 0.0756 0.1093 -0.9911
vn 0.2816 0.4071 -0.8689
vn 0.0560 0.1205 -0.9911
vn 0.2087 0.4489 -0.8689
vn 0.0351 0.1280 -0.9912
vn 0.1310 0.4771 -0.8690
vn 0.0139 0.1318 -0.9912
vn 0.0585 0.4870 -0.8715
vn 0.0220 0.1390 -0.9900
vn -0.0078 0.4426 -0.8967
vn -0.0218 0.6893 -0.7242
vn 0.7645 0.3754 -0.5239
vn 0.6901 0.4992 -0.5239
vn 0.5959 0.6086 -0.5239
vn 0.4845 0.7005 -0.5239
vn 0.3592 0.7723 -0.5239
vn 0.2254 0.8213 -0.5241
vn 0.0955 0.8486 -0.5204
vn -0.0310 0.8808 -0.4724
vn 0.9465 0.2754 -0.1681
vn 0.8896 0.4274 -0.1609
vn 0.7975 0.5769 -0.1768
vn 0.6889 0.7036 -0.1742
vn 0.5599 0.8095 -0.1768
vn 0.4152 0.8929 -0.1742
vn 0.2605 0.9492 -0.1768
vn 0.1027 0.9794 -0.1736
vn -0.0548 0.9856 -0.1601
vn 0.9961 0.0242 0.0848
vn 0.9901 0.1054 0.0929
vn 0.9969 0.0178 -0.0761
vn 0.9901 0.1057 -0.0927
vn -0.4959 0.4395 -0.7490
vn -0.3559 0.5618 -0.7468
vn -0.3574 0.5298 0.7692
vn 0.6460 0.0183 -0.7631
vn 0.6395 0.0413 0.7677
vn 0.6189 0.2520 -0.7440
vn 0.5356 0.3606 0.7636
vn 0.5370 0.4018 -0.7417
vn 0.4142 0.5200 -0.7471
vn 0.2842 0.5820 0.7619
vn 0.2729 0.6118 -0.7425
vn 0.1103 0.6544 -0.7480
vn -0.0513 0.6426 0.7645
vn -0.0540 0.6695 -0.7409
vn -0.2220 0.6168 -0.7551
vn -0.5888 0.3239 -0.7405
vn -0.5748 0.2839 0.7674
vn -0.6541 0.1638 -0.7385
vn -0.6420 -0.0451 0.7654
vn -0.6526 -0.0651 -0.7549
vn 0.6973 -0.5178 -0.4956
vn 0.3006 -0.7680 -0.5655
vn 0.5646 -0.1638 -0.8089
vn 0.5448 0.6771 -0.4946
vn 0.6369 0.7643 0.1010
vn -0.2645 0.7901 -0.5530
vn 0.7432 -0.1194 -0.6584
vn 0.3518 -0.0357 -0.9354
vn 0.7179 0.0390 -0.6951
vn 0.6915 0.0195 -0.7221
vn 0.5734 -0.2791 0.7702
vn 0.5734 -0.2791 -0.7703
vn 0.3571 -0.5284 0.7703
vn 0.3571 -0.5284 -0.7703
vn 0.0450 -0.6361 0.7703
vn 0.0450 -0.6361 -0.7703
vn -0.2791 -0.5734 0.7703
vn -0.2791 -0.5734 -0.7703
vn -0.5284 -0.3571 0.7703
vn -0.5284 -0.3571 -0.7703
vn 0.6454 0.0309 0.7632
vn 0.6389 0.0492 -0.7677
vn 0.6442 -0.1998 0.7382
vn 0.5809 -0.2816 -0.7637
vn 0.5810 -0.3554 0.7322
vn 0.4750 -0.4849 0.7343
vn 0.3631 -0.5359 -0.7622
vn 0.3496 -0.5905 0.7274
vn 0.1981 -0.6524 0.7315
vn 0.0457 -0.6465 -0.7615
vn 0.0422 -0.6886 0.7239
vn -0.1171 -0.6731 0.7302
vn -0.2839 -0.5818 -0.7622
vn -0.2757 -0.6308 0.7253
vn -0.4144 -0.5426 0.7307
vn -0.5355 -0.3600 -0.7640
vn -0.5344 -0.4324 0.7263
vn -0.6153 -0.2906 0.7328
vn -0.6419 -0.0459 -0.7654
vn -0.6522 -0.0691 0.7549
vn -0.0435 -0.4690 -0.8821
vn -0.0272 -0.4693 -0.8826
vn 0.3063 -0.6015 -0.7378
vn -0.0353 -0.4845 -0.8741
vn -0.0297 -0.4824 -0.8754
vn 0.3049 -0.6021 -0.7379
vn -0.0393 -0.4685 -0.8826
vn 0.3960 -0.2541 -0.8824
vn -0.1507 0.0172 -0.9884
vn -0.0451 -0.4778 -0.8773
vn -0.1816 0.0277 -0.9830
vn -0.0684 -0.4715 -0.8792
vn -0.0839 -0.4923 -0.8664
vn -0.2308 0.0419 -0.9721
vn -0.1168 -0.4856 -0.8663
vn -0.2863 0.0578 -0.9564
vn -0.1727 -0.4924 -0.8531
vn -0.5307 0.0763 -0.8441
vn -0.5827 0.0705 -0.8096
vn -0.2516 -0.5254 -0.8128
vn -0.3599 -0.5562 -0.7491
vn -0.5743 -0.6137 -0.5418
vn -0.5422 -0.5974 -0.5908
vn -0.7987 0.1010 -0.5933
vn -0.4680 -0.5828 -0.6643
vn -0.6998 0.1238 -0.7035
vn -0.6147 0.0965 -0.7829
vn -0.8445 0.1477 -0.5148
vn -0.8681 0.1514 -0.4728
vn -0.5675 -0.6309 -0.5291
vn -0.8725 0.1742 -0.4566
vn -0.6541 -0.5755 -0.4909
vn -0.8720 0.1491 -0.4662
vn -0.8712 0.1415 -0.4701
vn -0.4169 0.0923 -0.9043
vn -0.4751 0.0533 -0.8783
vn -0.4068 0.0551 -0.9119
vn -0.3659 0.0272 -0.9302
vn -0.3502 0.0722 -0.9339
vn -0.3425 0.0055 -0.9395
vn -0.2878 -0.0144 -0.9576
vn -0.2438 -0.0196 -0.9696
vn -0.2449 -0.6712 -0.6997
vn -0.3235 -0.6375 -0.6993
vn -0.3626 -0.6099 -0.7047
vn -0.3411 -0.6044 -0.7200
vn -0.3084 -0.6155 -0.7253
vn -0.1434 0.0137 -0.9896
vn -0.1398 0.0126 -0.9901
vn -0.1656 -0.6902 -0.7044
vn 0.6475 0.0689 -0.7589
vn 0.3500 0.3585 -0.8655
vn 0.2145 0.6617 -0.7184
vn 0.2269 0.6518 -0.7236
vn 0.0544 -0.0019 -0.9985
vn 0.1315 -0.6849 -0.7167
vn -0.0086 0.0019 -1.0000
vn 0.0303 -0.6970 -0.7165
vn 0.3908 -0.5987 -0.6992
vn 0.3228 -0.6335 -0.7032
vn 0.2255 -0.6646 -0.7123
vn -0.0098 0.0071 -0.9999
vn -0.4082 0.5837 -0.7019
vn -0.4820 0.2469 -0.8407
vn 0.0608 -0.4543 -0.8888
vn 0.1031 -0.4486 -0.8878
vn 0.0481 0.0030 -0.9988
vn 0.1538 -0.4554 -0.8769
vn 0.1179 -0.0004 -0.9930
vn -0.7045 -0.0411 -0.7085
vn -0.4643 -0.2853 -0.8384
vn 0.0070 -0.4356 -0.9001
vn -0.3396 -0.6189 -0.7083
vn -0.3636 -0.6109 -0.7033
vn -0.0776 -0.5242 -0.8480
vn -0.1032 0.5382 -0.8365
vn -0.0619 0.0041 -0.9981
vn -0.0696 -0.6958 -0.7149
vn 0.0390 0.0070 -0.9992
vn 0.0775 -0.7117 -0.6982
vn 0.1462 -0.7082 -0.6908
vn 0.1922 -0.6925 -0.6954
vn 0.1947 0.0296 -0.9804
vn 0.0808 0.1266 -0.9887
vn 0.1404 0.1236 -0.9824
vn 0.1773 0.0442 -0.9832
vn 0.1684 0.0471 -0.9846
vn 0.4762 -0.3709 -0.7973
vn 0.7152 -0.2603 -0.6486
vn 0.6903 -0.2603 -0.6751
vn 0.7089 0.3396 -0.6182
vn 0.1731 0.0496 -0.9837
vn 0.6875 0.3431 -0.6401
vn 0.1643 0.0559 -0.9848
vn 0.1640 0.0505 -0.9852
vn 0.1716 0.0422 -0.9843
vn 0.6425 0.3944 -0.6571
vn 0.4827 0.4329 -0.7613
vn 0.2975 -0.0134 -0.9546
vn 0.7287 0.3377 -0.5958
vn 0.7304 0.3318 -0.5970
vn 0.1875 -0.0121 -0.9822
vn 0.2066 -0.0209 -0.9782
vn 0.3171 -0.0211 -0.9481
vn 0.5671 0.2450 -0.7863
vn 0.5531 0.3082 -0.7740
vn 0.2773 0.0209 -0.9606
vn 0.2507 -0.0503 -0.9668
vn 0.0890 0.0061 -0.9960
vn 0.0271 0.7258 -0.6873
vn -0.0331 0.7112 -0.7022
vn 0.0478 -0.0014 -0.9989
vn 0.0647 0.7171 -0.6939
vn 0.0856 -0.0560 -0.9948
vn 0.0989 -0.0890 -0.9911
vn 0.0804 -0.1086 -0.9908
vn -0.3050 0.4513 -0.8386
vn -0.5433 -0.0385 -0.8386
vn 0.1315 -0.0094 -0.9913
vn 0.0393 -0.0648 -0.9971
vn -0.2384 -0.4898 -0.8386
vn 0.0643 -0.1091 -0.9919
vn 0.1292 -0.0291 -0.9912
vn 0.1232 -0.0501 -0.9911
vn 0.1127 -0.0706 -0.9911
vn 0.2882 -0.0030 -0.9576
vn 0.1834 0.0229 -0.9828
vn 0.1925 0.0322 -0.9808
vn 0.0522 0.0809 -0.9954
vn -0.0445 0.1438 -0.9886
vn -0.0244 0.1200 -0.9925
vn 0.0485 0.0680 -0.9965
vn 0.0210 0.0968 -0.9951
vn 0.0722 0.1163 -0.9906
vn 0.0195 0.1206 -0.9925
vn 0.5789 0.0953 -0.8098
vn -0.0255 0.1043 -0.9942
vn -0.0791 0.1678 -0.9826
vn 0.1111 0.4545 -0.8838
vn -0.1468 0.2090 -0.9668
vn 0.1160 0.4531 -0.8839
vn 0.1319 0.4504 -0.8830
vn 0.1266 0.4599 -0.8789
vn -0.2208 0.1432 -0.9647
vn -0.1816 0.2106 -0.9606
vn 0.1635 0.4458 -0.8801
vn -0.1242 0.2028 -0.9713
vn -0.0778 0.1305 -0.9884
vn -0.1083 0.1908 -0.9756
vn -0.1010 0.1749 -0.9794
vn 0.2783 0.0098 0.9604
vn 0.7280 0.3439 0.5931
vn 0.6936 0.3712 0.6174
vn 0.1653 0.0544 0.9847
vn 0.1722 0.0491 0.9838
vn 0.6503 0.3925 0.6505
vn 0.1321 -0.9912 0.0050
vn 0.7107 -0.7026 0.0358
vn 0.7716 -0.6349 0.0387
vn 0.7723 -0.6339 0.0401
vn 0.1326 -0.9912 -0.0049
vn 0.7113 -0.7020 -0.0358
vn 0.7721 -0.6343 -0.0403
vn 0.7727 -0.6337 -0.0359
vn 0.7840 0.6165 0.0722
vn 0.9591 -0.0135 0.2827
vn 0.6591 0.5641 0.4974
vn 0.7684 0.6025 0.2158
vn 0.5885 0.5669 0.5764
vn 0.6299 0.5098 0.5859
vn 0.7162 0.4181 0.5588
vn 0.8070 0.3372 0.4848
vn 0.7181 0.6100 0.3350
vn 0.9265 0.2095 0.3125
vn 0.6534 0.6000 0.4616
vn 0.9826 0.1456 0.1150
vn 0.5381 0.6032 0.5887
vn 0.7524 -0.5038 0.4243
vn 0.0889 -0.0712 0.9935
vn 0.0127 -0.0322 0.9994
vn 0.0883 0.0216 0.9959
vn 0.9079 -0.4175 0.0375
vn 0.8856 -0.4433 0.1388
vn 0.9946 0.0203 0.1018
vn 0.9899 -0.0452 0.1340
vn 0.8319 -0.4207 0.3618
vn 0.6513 0.6799 0.3370
vn 0.7170 -0.3760 0.5869
vn 0.5132 0.6915 0.5084
vn 0.5804 -0.3213 0.7483
vn 0.3808 -0.2214 0.8977
vn 0.2116 -0.1376 0.9676
vn 0.7869 -0.4034 -0.4669
vn 0.8509 -0.4330 -0.2973
vn 0.9777 -0.0515 -0.2034
vn 0.9923 -0.0006 -0.1242
vn 0.9948 0.0913 -0.0442
vn 0.8842 -0.4458 -0.1398
vn 0.9078 -0.4176 -0.0376
vn 0.6901 -0.3675 -0.6235
vn 0.3422 0.7899 -0.5089
vn 0.5095 -0.2877 -0.8109
vn 0.1301 0.7511 -0.6472
vn 0.2404 -0.1414 -0.9603
vn 0.0282 0.0028 -0.9996
vn 0.0431 -0.0431 -0.9981
vn 0.0116 0.6357 -0.7719
vn 0.8243 0.5604 -0.0808
vn 0.8113 0.5443 -0.2135
vn 0.3614 0.5094 -0.7809
vn 0.4880 0.5546 -0.6740
vn 0.7470 0.5440 -0.3821
vn 0.6340 0.5469 -0.5468
vn 0.9056 0.4169 0.0785
vn 0.3281 0.5939 0.7346
vn 0.2357 0.6366 0.7343
vn 0.4776 0.5423 0.6912
vn 0.6245 0.4835 0.6133
vn 0.8108 0.4325 0.3944
vn 0.0132 -0.9999 0.0013
vn 0.9427 -0.0946 0.3199
vn 0.7180 -0.4248 0.5513
vn -0.2693 -0.4919 0.8279
vn -0.6794 -0.7338 -0.0000
vn -0.2976 -0.4960 -0.8157
vn 0.6908 -0.4591 -0.5586
vn 0.8502 -0.3763 -0.3682
vn -0.6108 -0.7866 -0.0901
vn 0.0120 -0.9999 -0.0015
vn -0.6123 -0.7861 0.0845
vn -0.6091 -0.7928 0.0217
vn -0.6089 -0.7929 -0.0217
vn -0.8387 -0.4741 -0.2682
vn -0.3095 -0.3317 0.8912
vn 0.2681 -0.9184 0.2908
vn 0.8491 -0.1360 0.5104
vn 0.2681 -0.9184 -0.2908
vn 0.6009 -0.7085 0.3701
vn 0.6504 -0.7109 0.2677
vn -0.3096 -0.3317 -0.8911
vn -0.8281 -0.4985 0.2564
vn 0.4957 -0.8221 0.2802
vn 0.6879 -0.7081 0.1593
vn 0.8487 -0.1373 -0.5108
vn 0.6022 -0.7097 -0.3656
vn 0.6509 -0.7110 -0.2662
vn 0.6875 -0.7085 -0.1595
vn 0.4791 -0.8005 -0.3602
vn 0.6944 -0.7193 -0.0187
vn -0.6220 -0.7827 -0.0209
vn 0.6951 -0.7157 -0.0680
vn -0.6221 -0.7827 0.0211
vn -0.6079 -0.7895 0.0846
vn -0.6084 -0.7896 -0.0797
vn 0.6948 -0.7159 0.0679
vn 0.6944 -0.7193 0.0187
vn 0.9680 0.2498 -0.0221
vn 0.9646 0.2637 0.0001
vn 0.7055 0.7023 -0.0951
vn 0.8607 0.4894 0.1405
vn 0.9720 0.2286 0.0538
vn 0.7011 0.7071 0.0926
vn 0.7099 0.6977 0.0961
vn 0.7316 0.6774 0.0774
vn 0.7474 0.6620 0.0567
vn 0.7698 0.6381 0.0117
vn 0.7653 0.6437 0.0013
vn 0.8480 0.5140 -0.1290
vn 0.7326 0.6760 -0.0798
vn 0.7810 0.6237 -0.0336
vn 0.7668 0.6418 -0.0028
vn 0.7611 0.6486 -0.0094
vn 0.7623 0.6471 0.0087
vn 0.7416 0.6703 0.0281
vn 0.7337 0.6777 0.0482
vn 0.7438 0.6681 -0.0199
vn 0.7410 0.6701 -0.0440
vn 0.7546 0.6195 0.2165
vn 0.7554 0.6521 0.0644
vn 0.7228 0.6910 -0.0001
vn 0.7673 0.6396 -0.0456
vn 0.7572 0.6259 -0.1868
vn 0.8123 0.5830 -0.0191
vn 0.7167 0.6973 0.0119
vn 0.8053 0.5929 -0.0021
vn 0.7368 0.6646 -0.1243
vn 0.7218 0.6905 -0.0479
vn 0.7693 0.6388 0.0090
vn 0.7691 0.6384 0.0313
vn 0.7284 0.6747 0.1194
vn 0.7302 0.6824 -0.0322
vn -0.6427 0.7661 0.0071
vn -0.6454 0.7638 -0.0028
vn 0.0068 0.9999 -0.0130
vn 0.0066 0.9999 0.0133
vn -0.6452 0.7640 0.0018
vn -0.6427 0.7661 -0.0071
vn -0.6424 0.7664 -0.0000
vn -0.1790 0.9837 -0.0165
vn -0.1770 0.9841 0.0143
vn -0.0121 0.1094 0.9939
vn 0.8172 -0.1767 0.5486
vn 0.7228 -0.3455 0.5984
vn -0.7363 0.0611 0.6739
vn -0.6485 0.4852 0.5865
vn -0.1341 0.5904 0.7959
vn 0.7554 0.5526 0.3521
vn 0.9212 -0.3888 0.0167
vn 0.9937 0.0191 0.1102
vn 0.4641 -0.5808 0.6688
vn 0.4679 -0.5457 0.6952
vn 0.5444 -0.5601 0.6244
vn 0.6583 -0.4506 0.6030
vn 0.9227 -0.3653 0.1236
vn 0.8534 -0.3781 0.3589
vn -0.4044 0.1682 -0.8990
vn -0.9385 0.2541 0.2339
vn 0.7780 -0.4405 0.4480
vn 0.5690 0.5772 0.5857
vn 0.8409 0.0488 0.5389
vn 0.5681 0.5765 0.5872
vn 0.7864 -0.0427 0.6163
vn 0.8035 0.2605 0.5352
vn 0.5711 0.5774 0.5835
vn 0.5608 0.5699 0.6006
vn 0.0760 0.1177 0.9901
vn 0.1017 0.0395 0.9940
vn 0.1864 0.1263 0.9743
vn 0.3400 0.2826 0.8970
vn 0.5308 0.4759 0.7013
vn 0.9200 0.1209 0.3728
vn 0.6656 0.6425 0.3796
vn 0.9628 0.1862 0.1956
vn 0.8487 0.3646 0.3830
vn 0.8945 0.1439 0.4232
vn 0.8617 -0.0019 0.5074
vn -0.1468 0.2856 0.9470
vn -0.1777 0.6221 0.7625
vn 0.7650 0.6108 0.2044
vn -0.0298 0.9990 0.0324
vn 0.6718 0.7066 -0.2222
vn -0.1420 0.9758 0.1661
vn -0.1676 0.8910 0.4220
vn -0.1762 0.9687 0.1750
vn -0.2261 0.8527 0.4710
vn -0.2816 0.8801 0.3824
vn -0.2689 0.7977 0.5398
vn -0.7996 0.2551 0.5437
vn -0.8010 0.3478 0.4873
vn -0.8243 0.4106 0.3899
vn 0.7593 0.6362 -0.1365
vn -0.7804 0.1844 0.5974
vn -0.7959 0.2062 0.5692
vn -0.0798 0.9828 0.1666
vn -0.1403 0.9530 0.2684
vn -0.7048 0.7011 0.1085
vn -0.0727 0.9551 0.2871
vn -0.7489 0.6280 0.2115
vn -0.8049 0.5036 0.3140
vn 0.0335 0.9966 0.0754
vn -0.6508 0.7585 0.0335
vn 0.0094 0.9989 0.0452
vn -0.1531 0.9863 0.0616
vn -0.8493 0.0586 -0.5246
vn -0.3044 0.6608 -0.6861
vn -0.3298 0.6483 -0.6862
vn -0.3605 0.6296 -0.6883
vn 0.9980 0.0599 -0.0199
vn 0.9271 -0.3687 -0.0669
vn 0.8952 -0.0078 -0.4457
vn 0.9855 -0.0454 -0.1636
vn 0.6481 0.7540 -0.1069
vn 0.9891 0.0273 -0.1449
vn 0.9908 0.0194 -0.1340
vn 0.5222 -0.5250 -0.6721
vn 0.4410 -0.5719 -0.6917
vn 0.4448 -0.5849 -0.6782
vn 0.5380 -0.5746 -0.6167
vn 0.6478 -0.6382 -0.4160
vn 0.2595 0.6865 -0.6792
vn 0.6508 -0.4787 -0.5894
vn 0.5954 0.7179 -0.3607
vn 0.7572 -0.4360 -0.4865
vn 0.4219 0.7102 -0.5635
vn 0.8415 -0.4057 -0.3567
vn 0.9003 -0.3775 -0.2167
vn -0.3686 0.1721 0.9135
vn -0.5542 -0.4722 -0.6855
vn -0.5406 -0.5419 -0.6434
vn 0.0947 -0.1044 -0.9900
vn 0.4447 -0.5679 -0.6926
vn 0.1493 -0.0410 -0.9879
vn 0.1076 -0.0660 -0.9920
vn 0.0973 -0.0877 -0.9914
vn -0.1229 -0.8273 -0.5482
vn -0.6390 0.5032 -0.5818
vn -0.9338 0.2596 -0.2462
vn -0.1745 0.6336 -0.7537
vn 0.7746 -0.4420 -0.4523
vn 0.7501 0.5573 -0.3560
vn -0.0058 -0.0057 -1.0000
vn -0.0008 -0.0167 -0.9999
vn 0.5097 -0.5439 -0.6666
vn -0.1995 -0.2876 -0.9367
vn 0.4967 -0.5588 -0.6641
vn 0.4397 -0.5876 -0.6792
vn 0.4670 -0.5608 -0.6837
vn 0.6416 -0.4030 -0.6526
vn 0.7358 -0.1717 -0.6551
vn -0.6610 -0.4863 -0.5715
vn 0.0873 -0.7434 -0.6631
vn -0.4711 0.5226 -0.7106
vn 0.5863 0.5939 -0.5510
vn 0.5876 0.5936 -0.5498
vn 0.6603 0.7371 0.1436
vn -0.6308 0.6450 -0.4314
vn -0.4919 0.8592 0.1410
vn -0.4006 0.9057 0.1387
vn -0.2395 0.6645 -0.7078
vn 0.0018 0.6990 -0.7152
vn -0.0693 0.9880 0.1382
vn -0.0958 0.6992 -0.7085
vn -0.1600 0.9792 0.1245
vn -0.1674 0.6864 -0.7077
vn -0.2510 0.9584 0.1359
vn -0.3383 0.9327 0.1254
vn 0.4555 0.5340 -0.7123
vn 0.5445 0.8269 0.1407
vn 0.3793 0.5939 -0.7095
vn 0.4690 0.8721 0.1392
vn 0.3064 0.6329 -0.7111
vn 0.3904 0.9102 0.1381
vn 0.2037 0.6652 -0.7184
vn 0.2682 0.9531 0.1403
vn 0.1018 0.6947 -0.7121
vn 0.1561 0.9792 0.1293
vn 0.0512 0.9893 0.1367
vn 0.8362 0.2873 -0.4672
vn 0.8556 0.4968 -0.1453
vn 0.6240 0.7676 0.1463
vn -0.0063 0.0924 -0.9957
vn -0.7113 0.0080 -0.7028
vn 0.7151 -0.3447 -0.6082
vn 0.8182 -0.1643 -0.5509
vn 0.5791 0.5876 -0.5651
vn 0.5892 0.5935 -0.5483
vn 0.8575 0.0872 -0.5070
vn 0.0883 0.1326 -0.9872
vn 0.9679 0.2334 -0.0926
vn 0.6642 0.6467 -0.3750
vn 0.1148 0.0899 -0.9893
vn 0.2877 0.2721 -0.9182
vn 0.9075 0.1492 -0.3927
vn 0.5210 0.5004 -0.6915
vn 0.9362 0.1914 -0.2948
vn 0.9559 0.2194 -0.1953
vn -0.7345 0.6645 -0.1378
vn 0.0447 0.9962 -0.0743
vn -0.6520 0.7565 -0.0506
vn -0.6529 0.7569 -0.0277
vn 0.0178 0.9988 -0.0454
vn -0.0785 0.9828 -0.1672
vn -0.1766 0.9683 -0.1768
vn -0.1661 0.9839 -0.0661
vn -0.1895 0.8538 -0.4849
vn -0.3008 0.8675 -0.3962
vn -0.2529 0.8977 -0.3608
vn -0.1061 0.9610 -0.2555
vn -0.7975 0.5515 -0.2445
vn -0.8201 0.4672 -0.3303
vn -0.8631 0.3264 -0.3854
vn -0.7420 0.0805 -0.6655
vn 0.6806 0.6972 0.2250
vn -0.0093 0.9999 -0.0097
vn -0.1424 0.9781 -0.1520
vn -0.8113 0.3363 -0.4782
vn -0.1632 0.8782 -0.4496
vn -0.2483 0.8363 -0.4889
vn -0.2203 0.5956 -0.7725
vn 0.8640 0.0258 -0.5029
vn 0.8603 0.4023 -0.3131
vn -0.0853 0.3405 -0.9364
vn 0.7925 0.5784 -0.1933
vn -0.7664 0.2003 -0.6103
vn -0.7858 0.2711 -0.5559
vn 0.7555 0.6504 0.0787
vn -0.1168 -0.1073 -0.9873
vn -0.0949 -0.0162 -0.9954
vn -0.3706 0.9248 -0.0858
vn -0.3786 0.9218 -0.0835
vn -0.3767 0.9226 0.0833
vn 0.1239 0.0734 0.9896
vn -0.3707 0.9248 0.0858
vn -0.1225 -0.1120 0.9861
vn -0.4266 0.8999 -0.0907
vn 0.1038 0.0923 -0.9903
vn -0.4606 0.8862 -0.0495
vn -0.2022 0.1261 -0.9712
vn -0.2426 -0.0465 -0.9690
vn -0.5310 0.8426 -0.0896
vn -0.2701 -0.0211 -0.9626
vn -0.6277 0.7738 -0.0849
vn -0.2287 0.0069 -0.9735
vn -0.1073 0.0622 -0.9923
vn -0.7387 0.6683 -0.0873
vn -0.1554 0.0353 -0.9872
vn -0.8211 0.5625 -0.0968
vn -0.1096 0.1136 -0.9875
vn -0.1206 -0.0107 -0.9926
vn -0.9942 -0.0598 -0.0896
vn -0.1311 0.0226 -0.9911
vn -0.9940 -0.0032 -0.1092
vn -0.1507 0.0618 -0.9866
vn -0.9856 0.1445 -0.0882
vn -0.1285 0.0289 -0.9913
vn -0.9638 0.2623 -0.0472
vn -0.1209 0.1251 -0.9847
vn -0.9227 0.3754 -0.0873
vn -0.8696 0.4893 -0.0671
vn -0.1010 0.0194 -0.9947
vn -0.9545 -0.2847 -0.0890
vn -0.1273 -0.0760 -0.9889
vn -0.9696 -0.2272 -0.0905
vn -0.9894 -0.1205 -0.0805
vn -0.9528 -0.2903 0.0884
vn -0.0986 0.0150 0.9950
vn -0.9686 -0.2295 0.0956
vn -0.2018 -0.1120 0.9730
vn -0.9901 -0.1190 0.0740
vn -0.1293 0.0819 0.9882
vn -0.9921 -0.0698 0.1045
vn -0.1337 0.0395 0.9902
vn -0.7363 0.6685 0.1053
vn -0.8082 0.5735 0.1342
vn -0.1227 0.2051 0.9710
vn -0.8744 0.4812 0.0614
vn -0.1564 0.0744 0.9849
vn -0.9125 0.3934 0.1122
vn -0.1131 0.0893 0.9896
vn -0.9640 0.2576 0.0655
vn -0.1564 0.0522 0.9863
vn -0.9861 0.1401 0.0891
vn -0.9925 0.0158 0.1213
vn -0.3152 -0.1054 0.9431
vn -0.1858 -0.0270 0.9822
vn -0.6824 0.7295 0.0462
vn -0.2594 -0.0964 0.9609
vn -0.2196 0.0365 0.9749
vn -0.6027 0.7903 0.1108
vn -0.5280 0.8422 0.1094
vn -0.5651 -0.2221 0.7946
vn -0.4755 0.8770 0.0689
vn -0.3047 -0.0785 0.9492
vn -0.2237 0.1066 0.9688
vn -0.4189 0.9040 0.0862
vn -0.0119 0.0493 0.9987
vn -0.0849 0.0211 -0.9962
vn -0.9545 -0.2743 -0.1166
vn -0.0606 -0.0077 -0.9981
vn -0.9675 -0.2462 -0.0570
vn -0.9623 -0.2218 -0.1575
vn -0.0086 -0.1352 -0.9908
vn -0.9705 -0.2070 -0.1238
vn -0.0368 0.1134 0.9929
vn -0.9809 -0.1779 -0.0785
vn -0.9373 0.0501 -0.3450
vn -0.9971 -0.0460 -0.0604
vn -0.9108 0.0511 -0.4097
vn -0.9975 -0.0616 -0.0355
vn -0.8749 0.0320 -0.4832
vn -0.9945 -0.0888 -0.0554
vn 0.0091 -0.0427 -0.9990
vn -0.9886 -0.1070 -0.1064
vn -0.0275 0.1021 -0.9944
vn -0.9868 -0.1451 -0.0712
vn -0.1140 -0.0901 0.9894
vn -0.0830 0.1026 -0.9913
vn -0.9970 -0.0513 0.0584
vn -0.9930 -0.0305 0.1142
vn -0.9281 0.0589 0.3677
vn -0.9071 0.0358 0.4194
vn -0.8640 0.0259 0.5028
vn -0.9945 -0.0889 0.0553
vn 0.0808 -0.5099 0.8564
vn -0.9885 -0.1077 0.1059
vn -0.9877 -0.1396 0.0698
vn -0.0056 -0.0145 0.9999
vn -0.9806 -0.1589 0.1146
vn 0.0195 -0.3011 -0.9534
vn -0.9796 -0.1852 0.0781
vn -0.0771 0.0543 0.9955
vn -0.9705 -0.2068 0.1238
vn -0.0349 0.1108 -0.9932
vn -0.9631 -0.2186 0.1571
vn -0.0669 0.0056 0.9977
vn -0.9657 -0.2496 0.0720
vn -0.0827 0.0275 0.9962
vn -0.9626 -0.2595 0.0771
vn -0.9523 -0.2772 0.1276
vn 0.0116 -0.0056 0.9999
vn -0.0862 0.0130 0.9962
vn -0.9448 -0.0196 -0.3270
vn -0.9397 -0.0835 -0.3315
vn -0.9739 -0.2029 -0.1018
vn -0.9900 -0.0900 -0.1084
vn -0.9797 -0.1798 -0.0889
vn -0.9378 -0.1934 -0.2884
vn -0.8912 -0.4532 -0.0198
vn -0.9485 -0.1262 -0.2906
vn -0.9180 -0.3875 -0.0849
vn -0.9614 -0.2504 -0.1144
vn -0.8059 -0.5902 -0.0476
vn -0.9405 -0.2698 -0.2067
vn -0.7605 -0.6492 -0.0161
vn -0.9385 -0.2971 -0.1759
vn -0.9437 -0.2797 -0.1766
vn -0.8043 -0.5920 -0.0507
vn -0.8097 -0.5858 -0.0338
vn -0.9384 -0.2357 -0.2526
vn -0.8169 -0.5762 -0.0251
vn -0.9354 -0.2232 -0.2744
vn -0.8500 -0.5251 -0.0420
vn -0.8706 -0.4894 -0.0505
vn -0.9610 -0.2757 -0.0215
vn -0.7455 -0.6665 0.0006
vn -0.9625 -0.2696 -0.0302
vn -0.7577 -0.6526 -0.0082
vn -0.9563 -0.2861 -0.0598
vn -0.9485 -0.2914 -0.1245
vn -0.9600 -0.2801 -0.0000
vn -0.9610 -0.2756 0.0218
vn -0.7566 -0.6538 0.0077
vn -0.9627 -0.2691 0.0299
vn -0.9611 -0.2738 0.0366
vn -0.9533 -0.2910 0.0805
vn -0.7547 -0.6559 0.0167
vn -0.9455 -0.2895 0.1493
vn -0.7722 -0.6348 0.0268
vn -0.9413 -0.2738 0.1974
vn -0.8041 -0.5932 0.0382
vn -0.9399 -0.2466 0.2362
vn -0.9391 -0.1355 0.3158
vn -0.8950 -0.4429 0.0530
vn -0.9375 -0.2107 0.2771
vn -0.8548 -0.5172 0.0411
vn -0.9357 -0.2258 0.2711
vn -0.8262 -0.5625 0.0303
vn -0.8092 -0.5863 0.0378
vn -0.9405 0.0427 0.3372
vn -0.9884 -0.0898 0.1225
vn -0.9440 -0.0332 0.3283
vn -0.9753 -0.1973 0.0991
vn -0.9395 -0.0735 0.3345
vn -0.9540 -0.2803 0.1062
vn -0.9222 -0.3840 0.0452
vn -0.7506 0.6604 0.0212
vn -0.7471 0.6648 -0.0000
vn -0.4701 0.8826 -0.0016
vn -0.7506 0.6604 -0.0212
vn -0.7326 0.6702 -0.1189
vn -0.7202 0.6705 -0.1782
vn -0.4680 0.8821 -0.0541
vn -0.7017 0.6707 -0.2405
vn -0.4140 0.9096 -0.0344
vn -0.6845 0.6645 -0.2997
vn -0.4009 0.9148 -0.0488
vn -0.6647 0.6640 -0.3424
vn -0.3997 0.9145 -0.0624
vn -0.6357 0.6689 -0.3854
vn -0.6072 0.6642 -0.4362
vn -0.3878 0.9193 -0.0676
vn -0.5867 0.6579 -0.4722
vn -0.5875 0.6080 -0.5340
vn -0.5865 0.6100 0.5328
vn -0.6019 0.6623 0.4461
vn -0.3917 0.9180 0.0624
vn -0.6341 0.6670 0.3911
vn -0.4002 0.9143 0.0619
vn -0.6621 0.6634 0.3486
vn -0.4012 0.9147 0.0488
vn -0.6815 0.6648 0.3059
vn -0.4050 0.9135 0.0387
vn -0.6953 0.6594 0.2858
vn -0.4619 0.8852 0.0545
vn -0.7022 0.6708 0.2387
vn -0.4691 0.8819 0.0474
vn -0.7402 0.6698 -0.0586
vn -0.4674 0.8833 -0.0373
vn -0.4702 0.8824 -0.0190
vn -0.7157 0.6840 0.1410
vn -0.7402 0.6698 0.0586
vn -0.4682 0.8834 0.0228
vn -0.4733 0.8808 0.0109
vn 0.1239 0.0249 -0.9920
vn 0.2325 0.0260 -0.9722
vn 0.1388 -0.0687 -0.9879
vn 0.2020 -0.0564 -0.9778
vn 0.3593 0.0247 -0.9329
vn 0.3465 -0.1304 -0.9289
vn 0.2961 -0.0610 -0.9532
vn 0.5047 0.0204 -0.8630
vn 0.6621 0.0146 -0.7493
vn 0.6744 -0.1286 -0.7271
vn 0.6108 -0.0742 -0.7883
vn 0.5104 -0.0701 -0.8571
vn 0.4178 -0.0631 -0.9064
vn 0.9121 -0.0986 -0.3979
vn 0.8547 -0.0950 -0.5103
vn 0.8065 0.0079 -0.5912
vn 0.7821 -0.1788 -0.5970
vn 0.7475 -0.0901 -0.6581
vn 0.9883 -0.0026 -0.1525
vn 0.9591 -0.1079 -0.2618
vn 0.9665 0.0004 -0.2568
vn 0.9105 0.0025 -0.4135
vn 0.9919 -0.1043 -0.0723
vn 0.9916 -0.1051 -0.0747
vn 0.9974 -0.0025 -0.0714
vn 0.9899 -0.1057 -0.0941
vn 0.9653 -0.1932 -0.1759
vn 0.1321 0.0292 -0.9908
vn 0.2347 0.0366 -0.9714
vn 0.3517 0.0408 -0.9352
vn 0.4963 0.0448 -0.8670
vn 0.6535 0.0481 -0.7554
vn 0.7966 0.0482 -0.6025
vn 0.9019 0.0439 -0.4296
vn 0.9588 0.0363 -0.2818
vn 0.9817 0.0273 -0.1885
vn 0.9932 0.0200 -0.1145
vn 0.2168 -0.9762 -0.0006
vn -0.6545 -0.7550 0.0399
vn -0.6988 -0.7131 0.0560
vn -0.6527 -0.7576 -0.0000
vn -0.6544 -0.7551 -0.0399
vn 0.2252 -0.9743 -0.0027
vn -0.7000 -0.7110 -0.0673
vn 0.9988 0.0141 -0.0462
vn 0.9920 -0.1053 -0.0695
vn 0.9925 -0.1061 -0.0604
vn 0.9941 -0.1031 -0.0342
vn 0.9955 -0.0941 -0.0099
vn 0.9999 0.0115 0.0005
vn 0.9955 -0.0942 0.0097
vn 0.9987 0.0162 0.0493
vn 0.9941 -0.1026 0.0345
vn 0.9935 0.0237 0.1114
vn 0.9983 0.0004 0.0589
vn 0.9919 -0.1044 0.0723
vn 0.9921 -0.1045 0.0700
vn 0.9927 -0.1044 0.0603
vn 0.8910 0.2649 -0.3688
vn 0.8964 0.1282 -0.4243
vn 0.8664 0.2443 -0.4355
vn 0.8430 0.1237 -0.5235
vn 0.8485 0.2494 -0.4667
vn 0.8317 0.2050 -0.5161
vn 0.7717 0.1118 -0.6261
vn 0.7785 0.0846 -0.6219
vn 0.7307 0.0671 -0.6794
vn 0.6756 0.0886 -0.7319
vn 0.6912 0.0573 -0.7204
vn 0.6359 0.0412 -0.7707
vn 0.5538 0.0602 -0.8304
vn 0.5923 0.0335 -0.8050
vn 0.5355 0.0255 -0.8442
vn 0.4294 0.0302 -0.9026
vn 0.4520 0.0138 -0.8919
vn 0.3823 0.0004 -0.9240
vn 0.3085 0.0063 -0.9512
vn 0.3190 -0.0089 -0.9477
vn 0.2161 -0.0122 -0.9763
vn 0.2442 -0.0176 -0.9696
vn 0.1817 0.0025 -0.9833
vn 0.2712 0.0161 -0.9624
vn 0.3837 0.0357 -0.9228
vn 0.5182 0.0600 -0.8531
vn 0.6536 0.0841 -0.7521
vn 0.7689 0.1021 -0.6312
vn 0.8544 0.1102 -0.5077
vn 0.9135 0.1105 -0.3916
vn 0.1421 0.0181 -0.9897
vn 0.2440 0.0298 -0.9693
vn 0.3567 0.0423 -0.9333
vn 0.4976 0.0574 -0.8655
vn 0.6466 0.0720 -0.7594
vn 0.7785 0.0810 -0.6223
vn 0.8762 0.0812 -0.4750
vn 0.9374 0.0752 -0.3399
vn 0.9238 0.2355 -0.3020
vn 0.9524 0.1163 -0.2817
vn 0.9665 0.0931 -0.2393
vn 0.9797 0.0688 -0.1881
vn 0.9814 0.0511 -0.1849
vn -0.0728 0.0265 -0.9970
vn -0.0440 0.0207 -0.9988
vn -0.0209 0.0254 -0.9995
vn -0.1736 0.0502 -0.9835
vn -0.2109 0.0329 -0.9770
vn -0.0772 0.0278 -0.9966
vn -0.1420 -0.0451 -0.9888
vn -0.1386 -0.0447 -0.9893
vn -0.1329 0.0271 -0.9908
vn -0.0635 -0.1095 -0.9920
vn -0.1231 -0.0440 -0.9914
vn -0.1421 -0.0457 -0.9888
vn 0.1299 -0.0511 -0.9902
vn 0.1043 -0.0446 -0.9935
vn 0.0427 0.0208 -0.9989
vn -0.1944 0.0839 -0.9773
vn -0.1890 0.0737 -0.9792
vn -0.1802 0.0675 -0.9813
vn -0.1796 0.0650 -0.9816
vn -0.1635 0.0505 -0.9853
vn -0.0175 0.0230 -0.9996
vn 0.0394 0.0219 -0.9990
vn 0.0456 0.0203 -0.9988
vn -0.0031 0.0206 -0.9998
vn -0.0236 0.0205 -0.9995
vn 0.0005 -0.0493 -0.9988
vn 0.0627 -0.0733 -0.9953
vn -0.1359 -0.0676 -0.9884
vn -0.7426 0.0679 -0.6663
vn -0.8249 0.0797 -0.5597
vn -0.8494 0.2501 -0.4648
vn -0.7914 0.3053 -0.5297
vn -0.7236 0.2463 -0.6448
vn -0.6304 0.0441 -0.7750
vn -0.6221 0.2057 -0.7554
vn -0.5386 0.0081 -0.8425
vn -0.4672 0.0154 -0.8840
vn -0.5338 0.1809 -0.8261
vn -0.3979 -0.0025 -0.9174
vn -0.4778 0.2285 -0.8482
vn -0.3415 -0.0541 -0.9383
vn -0.4187 0.1795 -0.8902
vn -0.2713 -0.0483 -0.9613
vn -0.3833 0.1799 -0.9059
vn -0.1866 -0.1138 -0.9758
vn -0.3316 0.1272 -0.9348
vn -0.2901 0.1454 -0.9459
vn -0.1673 -0.0385 -0.9852
vn -0.1446 -0.0617 -0.9876
vn -0.2490 0.1115 -0.9621
vn -0.2202 0.1059 -0.9697
vn -0.1988 0.0937 -0.9756
vn -0.2031 0.0997 -0.9741
vn -0.8355 0.1891 0.5159
vn -0.8372 0.2514 0.4857
vn -0.8947 0.2797 0.3483
vn -0.8750 0.0124 -0.4839
vn -0.8927 0.2655 -0.3641
vn -0.9102 0.0986 -0.4024
vn -0.9015 0.3345 -0.2747
vn -0.9425 0.1074 -0.3165
vn -0.9197 0.3335 -0.2071
vn -0.9639 0.1003 -0.2468
vn -0.9327 0.3343 -0.1352
vn -0.9792 0.0706 -0.1903
vn -0.9362 0.3443 -0.0706
vn -0.9893 0.0913 -0.1136
vn -0.9958 0.0913 0.0006
vn -0.9416 0.3367 0.0029
vn -0.9893 0.0916 0.1132
vn -0.9348 0.3441 0.0884
vn -0.9787 0.0356 0.2020
vn -0.9227 0.3355 0.1898
vn -0.9656 0.0933 0.2427
vn -0.9433 0.1081 0.3139
vn -0.9123 0.3309 0.2415
vn -0.9196 0.1037 0.3790
vn -0.8913 0.3546 0.2824
vn -0.8841 0.0390 0.4657
vn -0.8545 0.0754 0.5139
vn -0.1388 -0.0441 0.9893
vn -0.1936 0.0832 0.9775
vn -0.1981 0.0932 0.9757
vn -0.1365 -0.0686 0.9883
vn -0.1982 0.0968 0.9754
vn -0.2046 0.1020 0.9735
vn -0.1636 -0.0429 0.9856
vn -0.2214 0.1082 0.9692
vn -0.2467 0.1171 0.9620
vn -0.1927 -0.1034 0.9758
vn -0.2945 0.1470 0.9443
vn -0.3502 0.1496 0.9246
vn -0.2760 -0.0442 0.9601
vn -0.3982 0.1886 0.8977
vn -0.4432 0.1585 0.8823
vn -0.3404 -0.0550 0.9387
vn -0.4956 0.1867 0.8483
vn -0.3978 -0.0007 0.9175
vn -0.5658 0.2073 0.7980
vn -0.4547 -0.0029 0.8906
vn -0.6144 0.2094 0.7607
vn -0.5116 -0.0330 0.8586
vn -0.6846 0.2456 0.6863
vn -0.5988 0.0463 0.7995
vn -0.7625 0.2398 0.6009
vn -0.7083 0.0525 0.7040
vn -0.7957 0.0518 0.6034
vn 0.1375 -0.0690 0.9881
vn 0.0414 0.0193 0.9990
vn 0.1297 -0.0533 0.9901
vn 0.1047 -0.0443 0.9935
vn 0.0586 -0.0658 0.9961
vn -0.0173 0.0223 0.9996
vn -0.0094 -0.0495 0.9987
vn -0.0637 -0.1173 0.9911
vn -0.0766 0.0276 0.9967
vn -0.1245 -0.0425 0.9913
vn -0.1426 -0.0444 0.9888
vn -0.1890 0.0725 0.9793
vn -0.1798 0.0674 0.9814
vn -0.2149 0.0299 0.9762
vn -0.1860 0.0449 0.9815
vn -0.1670 0.0544 0.9844
vn -0.1783 0.0609 0.9821
vn -0.1819 0.0664 0.9811
vn -0.1816 0.0668 0.9811
vn 0.1236 0.0272 0.9920
vn 0.1309 0.0288 0.9910
vn 0.0398 0.0233 0.9989
vn 0.0577 0.0214 0.9981
vn 0.0223 0.0186 0.9996
vn -0.0047 0.0241 0.9997
vn -0.0206 0.0256 0.9995
vn -0.0358 0.0230 0.9991
vn -0.0740 0.0279 0.9969
vn 0.9742 -0.1560 0.1633
vn 0.9899 -0.1055 0.0942
vn 0.9916 -0.1051 0.0747
vn 0.9884 -0.0030 0.1518
vn 0.9664 -0.0003 0.2569
vn 0.9571 -0.1032 0.2706
vn 0.9114 0.0036 0.4116
vn 0.9126 -0.1023 0.3959
vn 0.8534 -0.0985 0.5119
vn 0.8069 0.0101 0.5906
vn 0.7949 -0.1474 0.5885
vn 0.7367 -0.0945 0.6696
vn 0.6620 0.0159 0.7493
vn 0.6819 -0.1611 0.7135
vn 0.6070 -0.0814 0.7906
vn 0.5034 0.0192 0.8638
vn 0.5104 -0.0709 0.8570
vn 0.3594 0.0240 0.9329
vn 0.4029 -0.0644 0.9130
vn 0.3027 -0.0622 0.9510
vn 0.2315 0.0266 0.9725
vn 0.2484 -0.0957 0.9639
vn 0.1865 -0.0566 0.9808
vn 0.2342 0.0373 0.9715
vn 0.3517 0.0432 0.9351
vn 0.4963 0.0470 0.8669
vn 0.6529 0.0490 0.7558
vn 0.7960 0.0473 0.6034
vn 0.9017 0.0408 0.4304
vn 0.9597 0.0349 0.2790
vn 0.9818 0.0301 0.1876
vn 0.9969 0.0457 -0.0648
vn 0.9241 0.2354 0.3010
vn 0.9377 0.1304 0.3220
vn 0.9538 0.2241 0.2001
vn 0.9611 0.1047 0.2555
vn 0.9702 0.2158 0.1104
vn 0.9536 0.2251 -0.1998
vn 0.9868 0.1027 -0.1251
vn 0.9925 0.0784 -0.0939
vn 0.9991 0.0418 0.0014
vn 0.9974 0.0720 0.0019
vn 0.9953 0.0971 0.0016
vn 0.9962 0.0422 0.0766
vn 0.9923 0.0771 0.0966
vn 0.9869 0.1034 0.1238
vn 0.9804 0.0740 0.1827
vn 0.9639 0.0824 0.2532
vn 0.9770 0.2131 0.0005
vn 0.9697 0.2181 -0.1101
vn 0.6605 0.7459 -0.0859
vn 0.8303 0.4456 -0.3346
vn 0.8179 0.5261 -0.2327
vn 0.6567 0.7493 -0.0858
vn 0.6502 0.7565 -0.0700
vn 0.7951 0.5689 -0.2099
vn 0.6529 0.7558 -0.0505
vn 0.8232 0.5447 -0.1599
vn 0.6544 0.7555 -0.0321
vn 0.8332 0.5452 -0.0921
vn 0.6573 0.7535 -0.0156
vn 0.8446 0.5336 -0.0441
vn 0.6557 0.7550 -0.0035
vn 0.8508 0.5248 -0.0282
vn 0.8488 0.5283 -0.0209
vn 0.8468 0.5319 -0.0000
vn 0.8488 0.5283 0.0209
vn 0.6612 0.7502 0.0091
vn 0.8508 0.5247 0.0282
vn 0.6551 0.7553 0.0183
vn 0.8437 0.5349 0.0464
vn 0.6538 0.7560 0.0309
vn 0.8321 0.5457 0.0988
vn 0.6527 0.7559 0.0504
vn 0.8226 0.5212 0.2274
vn 0.8295 0.4441 0.3387
vn 0.6644 0.7422 0.0878
vn 0.8276 0.5390 0.1565
vn 0.8019 0.5650 0.1943
vn 0.6499 0.7569 0.0686
vn 0.6553 0.7502 0.0882
vn 0.6470 0.0638 -0.7598
vn 0.5763 0.0074 -0.8172
vn 0.5358 0.0411 -0.8433
vn 0.4834 -0.0043 -0.8754
vn 0.3805 -0.0064 -0.9248
vn 0.8079 0.1180 -0.5773
vn 0.7538 0.0822 -0.6519
vn 0.7111 0.0820 -0.6983
vn 0.2487 -0.0065 -0.9686
vn 0.2836 0.0376 -0.9582
vn 0.3674 0.0389 -0.9293
vn 0.4272 0.0402 -0.9033
vn 0.4084 0.0731 -0.9099
vn 0.4389 0.0289 -0.8981
vn 0.1866 -0.0250 -0.9821
vn -0.0881 0.0024 -0.9961
vn 0.0405 0.0058 -0.9992
vn -0.2145 0.0274 -0.9763
vn -0.2148 0.0274 -0.9763
vn -0.2142 0.0267 -0.9764
vn -0.1936 0.0068 -0.9811
vn -0.1976 0.0014 -0.9803
vn -0.1932 -0.0236 -0.9809
vn -0.1031 -0.0456 -0.9936
vn -0.0998 -0.0238 -0.9947
vn -0.2244 -0.0493 -0.9732
vn 0.1032 -0.0130 -0.9946
vn 0.0321 -0.0203 -0.9993
vn 0.0482 -0.0338 -0.9983
vn -0.0400 -0.0235 -0.9989
vn -0.0375 -0.0488 -0.9981
vn 0.0187 -0.0333 -0.9993
vn 0.1232 -0.0355 -0.9917
vn 0.1258 -0.0231 -0.9918
vn -0.0809 -0.0592 -0.9950
vn -0.0364 -0.0452 -0.9983
vn -0.1635 -0.0370 -0.9859
vn -0.1809 -0.0379 -0.9828
vn -0.1145 -0.0515 -0.9921
vn -0.0384 0.0008 -0.9993
vn -0.0886 0.0039 0.9961
vn -0.1906 0.0001 0.9817
vn -0.1769 0.0216 0.9840
vn -0.1980 0.0158 0.9801
vn -0.2256 -0.0483 0.9730
vn -0.2160 -0.0435 0.9754
vn -0.1009 -0.0248 0.9946
vn -0.1996 -0.0340 0.9793
vn -0.1924 -0.0208 0.9811
vn -0.1047 -0.0481 0.9933
vn -0.1274 -0.0452 0.9908
vn -0.1760 -0.0397 0.9836
vn -0.1843 -0.0353 0.9822
vn 0.1422 0.0198 0.9896
vn 0.0392 0.0038 0.9992
vn -0.0390 0.0006 0.9992
vn 0.0309 -0.0179 0.9994
vn 0.1039 -0.0081 0.9946
vn 0.1291 -0.0277 0.9912
vn -0.0366 -0.0469 0.9982
vn 0.2464 -0.0158 0.9690
vn 0.1863 -0.0254 0.9822
vn 0.2174 -0.0154 0.9760
vn 0.1539 -0.0304 0.9876
vn 0.1825 0.0042 0.9832
vn 0.1872 0.0203 0.9821
vn -0.0415 -0.0246 0.9988
vn 0.1112 -0.0336 0.9932
vn 0.0234 -0.0444 0.9987
vn 0.0458 -0.0374 0.9982
vn -0.0369 -0.0499 0.9981
vn -0.0781 -0.0502 0.9957
vn -0.1040 -0.0489 0.9934
vn 0.3087 0.0078 0.9511
vn 0.8431 0.2842 0.4565
vn 0.8356 0.2115 0.5070
vn 0.8433 0.1239 0.5230
vn 0.7715 0.1118 0.6263
vn 0.8944 0.1314 0.4275
vn 0.8899 0.2558 0.3777
vn 0.8697 0.2395 0.4315
vn 0.9392 0.0796 0.3340
vn 0.8748 0.0869 0.4767
vn 0.7772 0.0844 0.6235
vn 0.6458 0.0732 0.7600
vn 0.4973 0.0574 0.8657
vn 0.3566 0.0417 0.9333
vn 0.2428 0.0308 0.9696
vn 0.9126 0.1096 0.3939
vn 0.8546 0.1099 0.5075
vn 0.7689 0.1019 0.6312
vn 0.6534 0.0840 0.7523
vn 0.5178 0.0600 0.8534
vn 0.3832 0.0358 0.9230
vn 0.2679 0.0172 0.9633
vn 0.6709 0.0930 0.7357
vn 0.5518 0.0669 0.8313
vn 0.4246 0.0361 0.9047
vn 0.3336 -0.0020 0.9427
vn 0.4582 0.0098 0.8888
vn 0.5874 0.0273 0.8088
vn 0.6823 0.0514 0.7293
vn 0.7339 0.0695 0.6757
vn 0.7777 0.0927 0.6218
vn 0.3676 0.0358 0.9293
vn 0.2779 0.0351 0.9600
vn 0.2520 -0.0093 0.9677
vn 0.4223 0.0494 0.9051
vn 0.4284 0.0686 0.9010
vn 0.4283 0.0425 0.9027
vn 0.3798 -0.0138 0.9250
vn 0.4850 -0.0103 0.8745
vn 0.5379 0.0404 0.8420
vn 0.5782 0.0080 0.8159
vn 0.6433 0.0365 0.7647
vn 0.6631 0.0449 0.7472
vn 0.8255 0.1193 0.5517
vn 0.8024 0.1141 0.5857
vn 0.7535 0.0794 0.6526
vn 0.7087 0.0770 0.7013
vn -0.0354 -0.0175 0.9992
vn -0.1177 -0.0170 0.9929
vn -0.1231 0.1059 0.9867
vn -0.2085 0.1087 0.9720
vn -0.2129 0.0744 0.9742
vn 0.2047 0.0610 0.9769
vn 0.1861 0.1269 0.9743
vn 0.1441 0.0039 0.9896
vn 0.0313 0.1883 0.9816
vn -0.0044 0.1815 0.9834
vn -0.0953 0.1985 0.9755
vn -0.1295 0.2110 0.9689
vn -0.1475 0.2124 0.9660
vn 0.0413 0.1640 0.9856
vn -0.1202 0.0640 0.9907
vn 0.0545 0.0115 0.9984
vn 0.1234 0.0929 0.9880
vn 0.0325 0.0365 0.9988
vn 0.2447 0.0467 0.9685
vn 0.0567 -0.0148 0.9983
vn 0.1472 -0.0119 0.9890
vn -0.0327 0.0167 0.9993
vn -0.0344 0.0503 0.9981
vn -0.2103 -0.0023 0.9776
vn -0.2133 0.0247 0.9767
vn -0.1176 0.0199 0.9929
vn -0.2133 0.0505 0.9757
vn 0.0587 0.0899 0.9942
vn -0.2138 0.2850 0.9344
vn -0.3171 0.1599 0.9348
vn -0.2006 0.1908 0.9609
vn -0.9154 0.2332 0.3281
vn -0.9152 0.2323 0.3295
vn -0.8771 0.2183 0.4278
vn -0.8389 0.2974 0.4558
vn -0.8896 0.3125 0.3330
vn -0.8243 0.2082 0.5265
vn -0.7570 0.2812 0.5898
vn -0.7530 0.2047 0.6254
vn -0.6636 0.1969 0.7217
vn -0.6676 0.2627 0.6967
vn -0.5598 0.1830 0.8082
vn -0.5755 0.2508 0.7784
vn -0.4392 0.1709 0.8820
vn -0.3537 0.2249 0.9079
vn -0.3917 0.2686 0.8800
vn -0.4683 0.2438 0.8493
vn -0.9144 0.2278 -0.3345
vn -0.9411 0.1184 -0.3169
vn -0.9542 0.1776 -0.2406
vn -0.9405 0.2402 0.2404
vn -0.9234 0.3087 -0.2282
vn -0.9335 0.2367 -0.2694
vn -0.9310 0.3181 -0.1791
vn -0.9576 0.2413 -0.1576
vn -0.9334 0.3347 -0.1296
vn -0.9413 0.3283 -0.0784
vn -0.9683 0.2405 -0.0679
vn -0.9366 0.3503 -0.0038
vn -0.9682 0.2481 0.0312
vn -0.9315 0.3626 0.0279
vn -0.9180 0.3195 0.2349
vn -0.9586 0.2465 0.1427
vn -0.9345 0.3206 0.1547
vn -0.9431 0.3200 0.0905
vn -0.9552 0.1805 0.2346
vn -0.9155 0.2322 0.3286
vn -0.9322 0.1733 0.3176
vn -0.9731 0.1860 0.1357
vn -0.9861 0.1585 0.0508
vn -0.9811 0.1909 -0.0315
vn -0.9718 0.1890 -0.1411
vn -0.8889 0.3130 -0.3346
vn -0.9111 0.2296 -0.3423
vn -0.9150 0.2321 -0.3301
vn -0.8371 0.2974 -0.4591
vn -0.2008 0.2215 -0.9543
vn -0.3100 0.1751 -0.9345
vn -0.3609 0.2274 -0.9044
vn -0.4442 0.1723 -0.8792
vn -0.5621 0.1880 -0.8054
vn -0.4752 0.2391 -0.8468
vn -0.6650 0.2029 -0.7188
vn -0.5728 0.2499 -0.7807
vn -0.7545 0.2132 -0.6207
vn -0.6663 0.2629 -0.6978
vn -0.8230 0.2203 -0.5236
vn -0.7573 0.2797 -0.5901
vn -0.8798 0.2229 -0.4197
vn -0.1156 -0.0161 -0.9932
vn 0.0534 0.0114 -0.9985
vn -0.0324 0.0156 -0.9994
vn -0.0388 0.0511 -0.9979
vn -0.0307 -0.0202 -0.9993
vn 0.0674 0.0845 -0.9941
vn 0.0910 0.0859 -0.9921
vn 0.0367 0.0322 -0.9988
vn 0.1442 0.1034 -0.9841
vn 0.1436 0.0042 -0.9896
vn 0.2136 0.0567 -0.9753
vn 0.2444 0.0482 -0.9685
vn 0.0432 0.1620 -0.9858
vn 0.0721 0.1275 -0.9892
vn -0.2078 0.1109 -0.9719
vn -0.1425 0.2140 -0.9664
vn -0.1278 0.2096 -0.9694
vn 0.1487 -0.0128 -0.9888
vn 0.0532 -0.0153 -0.9985
vn 0.2014 0.1305 -0.9708
vn -0.1174 0.0634 -0.9911
vn -0.1243 0.1014 -0.9871
vn -0.1050 0.1905 -0.9761
vn -0.2120 -0.0011 -0.9773
vn -0.1154 0.0191 -0.9931
vn -0.2136 0.0253 -0.9766
vn -0.2177 0.0516 -0.9746
vn -0.2145 0.0771 -0.9737
vn -0.0068 0.2104 -0.9776
vn -0.3328 -0.0593 -0.9411
vn -0.2480 -0.0147 -0.9686
vn -0.3473 -0.0195 -0.9376
vn -0.3301 -0.0299 0.9435
vn -0.3144 0.0875 0.9453
vn -0.3103 0.0456 0.9496
vn -0.9168 0.1207 0.3807
vn -0.1703 0.1958 0.9657
vn -0.2990 0.1264 0.9458
vn -0.1496 0.2108 0.9660
vn -0.1490 0.2108 0.9661
vn -0.1493 0.2110 0.9660
vn -0.1496 0.2113 0.9659
vn -0.1499 0.2117 0.9658
vn -0.1510 0.2130 0.9653
vn -0.5583 0.0924 0.8245
vn -0.5100 0.0586 0.8582
vn -0.3888 0.0673 0.9189
vn -0.4940 0.0388 0.8686
vn -0.6336 0.1269 0.7632
vn -0.5404 0.1502 0.8279
vn -0.7002 0.1239 0.7031
vn -0.6422 0.1708 0.7473
vn -0.7350 0.1290 0.6657
vn -0.7664 0.1099 0.6329
vn -0.8553 0.1225 0.5035
vn -0.8260 0.1364 0.5470
vn -0.8756 0.1664 0.4534
vn -0.4113 0.0177 0.9113
vn -0.4210 0.0973 0.9018
vn -0.4171 0.1319 0.8992
vn -0.5105 0.1137 0.8523
vn -0.6341 0.1105 0.7653
vn -0.7809 0.1453 0.6075
vn -0.6052 0.1068 0.7888
vn -0.2997 0.1297 -0.9452
vn -0.4154 0.0194 -0.9094
vn -0.4059 0.0592 -0.9120
vn -0.3091 0.0466 -0.9499
vn -0.5607 0.0946 -0.8226
vn -0.5380 0.1148 -0.8351
vn -0.4189 0.0976 -0.9028
vn -0.1721 0.1949 -0.9656
vn -0.1540 0.1982 -0.9680
vn -0.1496 0.2129 -0.9656
vn -0.1496 0.2116 -0.9658
vn -0.9051 0.1373 -0.4025
vn -0.8660 0.1557 -0.4752
vn -0.8412 0.1210 -0.5271
vn -0.7902 0.1524 -0.5936
vn -0.7715 0.1334 -0.6220
vn -0.7738 0.1038 -0.6249
vn -0.7547 0.1080 -0.6471
vn -0.7163 0.1150 -0.6882
vn -0.6402 0.1688 -0.7495
vn -0.6915 0.1211 -0.7122
vn -0.5383 0.1530 -0.8287
vn -0.6392 0.1303 -0.7580
vn -0.5013 0.0661 -0.8628
vn -0.3122 0.0832 -0.9464
vn -0.4168 0.1370 -0.8986
vn 0.9516 0.0447 -0.3041
vn 0.3908 -0.0872 -0.9164
vn 0.4653 -0.0101 -0.8851
vn 0.7091 0.0186 -0.7048
vn 0.6940 -0.1183 -0.7102
vn 0.8549 0.0297 -0.5180
vn 0.9184 -0.1333 -0.3726
vn 0.9848 -0.1491 -0.0892
vn 0.9183 -0.3847 -0.0935
vn 0.8528 -0.3647 -0.3739
vn 0.6484 -0.2897 -0.7040
vn 0.3480 -0.1736 -0.9213
vn 0.7913 -0.6045 -0.0923
vn 0.7346 -0.5660 -0.3743
vn 0.5602 -0.4377 -0.7032
vn 0.3028 -0.2499 -0.9197
vn 0.6608 -0.7457 -0.0857
vn 0.6196 -0.7008 -0.3535
vn 0.4775 -0.5403 -0.6929
vn 0.2621 -0.2856 -0.9218
vn 0.8511 0.0385 0.5237
vn 0.9521 0.0481 0.3018
vn 0.9173 -0.1430 0.3716
vn 0.2671 -0.2749 0.9236
vn 0.0992 -0.1015 0.9899
vn 0.1012 -0.0799 0.9917
vn 0.4745 -0.5482 0.6887
vn 0.3328 -0.2885 0.8978
vn 0.3493 -0.1698 0.9215
vn 0.1106 -0.0570 0.9922
vn 0.3705 -0.0823 0.9252
vn 0.1494 -0.0401 0.9880
vn 0.4608 -0.0186 0.8873
vn 0.6294 -0.6954 0.3469
vn 0.5620 -0.4371 0.7022
vn 0.6659 -0.7402 0.0934
vn 0.7366 -0.5629 0.3750
vn 0.7922 -0.6032 0.0928
vn 0.8528 -0.3643 0.3741
vn 0.9185 -0.3846 0.0925
vn 0.9834 -0.1556 0.0932
vn 0.6483 -0.2894 0.7042
vn 0.6995 -0.1176 0.7049
vn 0.7173 0.0172 0.6965
vn -0.5257 -0.5715 0.6301
vn -0.5591 -0.4763 0.6786
vn -0.4182 -0.7233 0.5495
vn -0.3071 -0.8519 0.4242
vn -0.2680 -0.9304 0.2503
vn -0.2018 -0.9784 0.0439
vn -0.1576 -0.9858 -0.0579
vn -0.2257 -0.9742 0.0058
vn -0.1235 -0.8273 0.5480
vn -0.3299 -0.8371 -0.4364
vn -0.2753 -0.9019 -0.3327
vn -0.2242 -0.9578 -0.1796
vn -0.1971 -0.9792 -0.0483
vn -0.1676 -0.9855 0.0259
vn -0.4407 -0.7117 -0.5471
vn -0.1547 -0.9877 0.0239
vn -0.1393 -0.9895 0.0374
vn -0.1608 -0.9866 -0.0287
vn -0.1637 -0.9861 0.0294
vn -0.1704 -0.9854 -0.0003
vn 0.7542 -0.4277 -0.4981
vn 0.6433 -0.4902 -0.5880
vn 0.5317 -0.5232 -0.6660
vn 0.9164 -0.2304 -0.3274
vn 0.9949 0.0206 -0.0986
vn 0.9951 0.0251 0.0952
vn 0.9622 -0.1306 0.2388
vn 0.4447 -0.5679 0.6926
vn 0.5317 -0.5232 0.6660
vn 0.6425 -0.4913 0.5880
vn 0.7490 -0.4340 0.5006
vn 0.8812 -0.2864 0.3761
vn -0.2847 -0.9491 0.1350
vn -0.3782 -0.8692 0.3185
vn -0.4959 -0.7302 0.4700
vn -0.5812 -0.6185 0.5289
vn -0.6402 -0.5339 0.5524
vn 0.1358 -0.7159 0.6849
vn -0.3561 -0.7953 0.4905
vn -0.3778 -0.8640 -0.3328
vn -0.3754 -0.9251 -0.0570
vn -0.2729 -0.6760 0.6845
vn -0.1953 -0.6907 0.6963
vn -0.3238 -0.8129 -0.4841
vn -0.3229 -0.7619 -0.5615
vn 0.0385 -0.7213 0.6915
vn -0.3006 -0.6997 -0.6481
vn -0.0772 -0.7167 0.6931
vn -0.2878 -0.6475 -0.7057
vn -0.3463 -0.8367 -0.4243
vn 0.7274 -0.1546 0.6686
vn 0.9871 -0.1571 -0.0307
vn 0.9273 -0.0549 -0.3702
vn 0.9325 -0.1000 -0.3471
vn 0.6921 -0.2502 0.6771
vn -0.2759 -0.6904 0.6687
vn -0.2035 -0.7181 0.6655
vn 0.1195 -0.7357 0.6667
vn 0.0323 -0.7455 0.6657
vn -0.0474 -0.7468 0.6634
vn -0.1289 -0.7379 0.6625
vn 0.1936 -0.7207 0.6657
vn 0.2445 -0.7003 0.6707
vn 0.2916 -0.6808 0.6719
vn 0.3543 -0.6546 0.6678
vn 0.5408 -0.5068 0.6713
vn 0.4823 -0.5637 0.6705
vn 0.5992 -0.4849 -0.6370
vn 0.4215 -0.6125 0.6687
vn 0.5084 -0.5396 -0.6711
vn 0.4403 -0.5737 -0.6907
vn 0.8617 -0.2450 -0.4442
vn 0.6330 -0.3871 0.6704
vn 0.8317 -0.2973 -0.4688
vn 0.5903 -0.4496 0.6704
vn 0.7592 -0.3591 -0.5428
vn 0.6866 -0.4234 -0.5911
vn 0.9027 -0.1843 -0.3887
vn 0.6640 -0.3272 0.6723
vn -0.8188 -0.5167 0.2502
vn -0.8275 -0.5348 -0.1709
vn -0.7915 -0.5966 -0.1327
vn -0.8066 -0.5755 -0.1348
vn -0.8671 -0.4812 -0.1288
vn -0.8861 -0.4588 0.0652
vn -0.8973 -0.4206 -0.1342
vn -0.9352 -0.3413 0.0940
vn -0.9278 -0.3522 -0.1227
vn -0.8985 -0.2338 0.3715
vn -0.9560 -0.2714 -0.1111
vn -0.9719 -0.2160 -0.0933
vn -0.9865 -0.1640 -0.0014
vn -0.9841 -0.1561 -0.0843
vn -0.9474 -0.0744 0.3112
vn -0.9943 0.0997 -0.0370
vn -0.9925 0.1117 -0.0494
vn -0.9972 0.0106 -0.0743
vn -0.9951 -0.0566 -0.0805
vn -0.9899 -0.1165 -0.0808
vn -0.4339 -0.1574 -0.8871
vn -0.4785 -0.1572 -0.8639
vn -0.6440 -0.3701 -0.6696
vn -0.7526 -0.5065 -0.4208
vn -0.7901 -0.4931 -0.3640
vn -0.5498 -0.1074 -0.8283
vn -0.6417 -0.0401 -0.7659
vn -0.7278 0.0130 -0.6857
vn -0.8127 0.1138 -0.5714
vn -0.8716 0.0785 -0.4838
vn -0.9027 0.0914 -0.4204
vn -0.9451 0.1547 -0.2879
vn -0.9425 0.0914 -0.3215
vn -0.9446 0.0603 -0.3225
vn -0.9914 0.1165 -0.0603
vn -0.9850 0.1268 -0.1172
vn -0.9860 0.0239 -0.1652
vn -0.9847 -0.0315 -0.1715
vn -0.9816 -0.0730 -0.1763
vn -0.9759 -0.1264 -0.1779
vn -0.9596 -0.1650 -0.2279
vn -0.9375 -0.2044 -0.2816
vn -0.9037 -0.2801 -0.3239
vn -0.8431 -0.3990 -0.3605
vn -0.9136 -0.0552 -0.4029
vn -0.9495 -0.0288 -0.3125
vn -0.9482 0.0160 -0.3171
vn -0.9450 0.0346 -0.3254
vn -0.6757 -0.3460 -0.6509
vn -0.7361 -0.2670 -0.6220
vn -0.8050 -0.1702 -0.5684
vn -0.8605 -0.0975 -0.5000
vn -0.1982 -0.9801 -0.0123
vn -0.2466 -0.9612 -0.1235
vn -0.2787 -0.9298 -0.2404
vn -0.3493 -0.8787 -0.3254
vn -0.5058 -0.7470 -0.4315
vn -0.6204 -0.5799 -0.5281
vn -0.3670 -0.8705 0.3279
vn -0.3556 -0.7953 -0.4909
vn 0.1358 -0.7164 -0.6843
vn -0.3491 -0.8237 0.4469
vn 0.0366 -0.7209 -0.6921
vn -0.3288 -0.7624 0.5574
vn -0.0732 -0.7169 -0.6933
vn -0.2988 -0.6958 0.6532
vn -0.1941 -0.6909 -0.6964
vn -0.2774 -0.6716 -0.6870
vn -0.3639 -0.9296 0.0583
vn -0.2929 -0.6480 0.7030
vn -0.3139 -0.6132 0.7249
vn -0.3497 -0.6135 0.7081
vn -0.2302 -0.7096 -0.6659
vn -0.2449 -0.6691 0.7016
vn -0.3295 -0.6382 0.6958
vn 0.9879 -0.1513 0.0330
vn 0.9324 -0.1003 0.3472
vn 0.9015 -0.1856 0.3909
vn 0.3966 -0.5961 0.6981
vn 0.3230 -0.6307 0.7056
vn 0.3276 -0.6660 -0.6702
vn 0.1723 -0.7254 -0.6664
vn 0.0471 -0.6957 0.7168
vn 0.1013 -0.7415 -0.6633
vn -0.0121 -0.6945 0.7194
vn 0.0151 -0.7442 -0.6677
vn -0.0866 -0.6891 0.7195
vn -0.0714 -0.7426 -0.6659
vn 0.2543 -0.6980 -0.6694
vn 0.2261 -0.6616 0.7150
vn 0.1228 -0.6885 0.7148
vn 0.4400 -0.5737 0.6908
vn 0.3960 -0.6266 -0.6712
vn 0.4860 -0.5476 0.6811
vn 0.5362 -0.5223 0.6630
vn 0.4597 -0.5806 -0.6719
vn 0.6085 -0.4768 0.6343
vn 0.5271 -0.5254 -0.6680
vn 0.5713 -0.4715 -0.6718
vn 0.6858 -0.4344 0.5840
vn 0.7584 -0.3670 0.5386
vn 0.6195 -0.4009 -0.6749
vn 0.8233 -0.3050 0.4786
vn 0.6588 -0.3312 -0.6755
vn 0.8612 -0.2416 0.4472
vn 0.6904 -0.2552 -0.6769
vn 0.7249 -0.1473 -0.6729
vn -0.1432 -0.7341 -0.6638
vn -0.1738 -0.6860 0.7065
vn -0.2819 -0.6905 -0.6661
vn 0.9274 -0.0552 0.3700
vn -0.8409 -0.5213 0.1451
vn -0.9918 0.1162 0.0540
vn -0.9943 0.1005 0.0358
vn -0.9933 0.0146 0.1142
vn -0.9472 -0.0750 -0.3118
vn -0.9925 -0.0455 0.1133
vn -0.9865 -0.1640 0.0012
vn -0.9579 -0.2652 0.1100
vn -0.9721 -0.2150 0.0943
vn -0.8984 -0.2336 -0.3720
vn -0.9809 -0.1733 0.0881
vn -0.9869 -0.1134 0.1151
vn -0.9422 -0.3129 0.1201
vn -0.9351 -0.3414 -0.0946
vn -0.9234 -0.3614 0.1294
vn -0.8860 -0.4590 -0.0655
vn -0.9031 -0.4035 0.1472
vn -0.8718 -0.4722 0.1304
vn -0.8188 -0.5168 -0.2500
vn -0.8053 -0.5775 0.1339
vn -0.7951 -0.5929 0.1271
vn -0.8523 0.1683 0.4953
vn -0.8974 0.1089 0.4276
vn -0.8996 0.0979 0.4256
vn -0.9914 0.1161 0.0603
vn -0.8514 -0.4058 0.3323
vn -0.9033 -0.2727 0.3312
vn -0.9342 -0.1958 0.2982
vn -0.9577 -0.1468 0.2477
vn -0.9857 -0.0884 0.1434
vn -0.9606 -0.0150 0.2777
vn -0.9845 0.1179 0.1298
vn -0.9615 0.0014 0.2749
vn -0.9617 0.0296 0.2725
vn -0.9608 0.0679 0.2687
vn -0.9459 0.1540 0.2854
vn -0.8991 0.1229 0.4201
vn -0.8667 0.1859 0.4628
vn -0.8959 0.1421 0.4210
vn -0.8282 0.1525 0.5393
vn -0.8471 0.1559 0.5080
vn -0.8967 0.0787 0.4355
vn -0.8512 0.1630 0.4989
vn -0.8736 0.0731 0.4811
vn -0.7990 0.1150 0.5902
vn -0.7457 0.1238 0.6547
vn -0.8125 0.0381 0.5816
vn -0.6572 0.1179 0.7445
vn -0.7226 0.0111 0.6912
vn -0.5919 0.0911 0.8009
vn -0.5372 -0.0866 0.8390
vn -0.3962 0.0409 0.9172
vn -0.6269 -0.0212 0.7788
vn -0.4709 0.0574 0.8803
vn -0.5595 0.0556 0.8270
vn -0.3865 -0.1327 0.9127
vn -0.2547 -0.0121 0.9670
vn -0.3105 0.0055 0.9506
vn -0.1897 -0.0022 0.9818
vn -0.5267 -0.2585 0.8098
vn -0.4283 -0.1121 0.8967
vn -0.3518 0.0190 0.9359
vn -0.7573 -0.5210 0.3937
vn -0.6290 -0.3599 0.6891
vn -0.7060 -0.4556 0.5423
vn -0.7928 -0.5067 0.3386
vn -0.7377 -0.4204 0.5282
vn -0.6639 -0.3317 0.6702
vn -0.7977 -0.3289 0.5054
vn -0.7071 -0.2278 0.6694
vn -0.7945 -0.1469 0.5893
vn -0.5682 -0.2316 0.7896
vn -0.9457 -0.0315 0.3234
vn -0.9051 -0.0605 0.4210
vn -0.8513 -0.0731 0.5196
vn -0.9143 -0.4051 -0.0000
vn -0.9167 -0.3996 -0.0000
vn -0.9513 -0.3083 -0.0000
vn -0.9772 -0.2122 -0.0000
vn -0.9933 -0.1159 -0.0000
vn -0.9999 -0.0162 -0.0000
vn -0.9948 0.1018 -0.0000
vn -0.8703 -0.4925 -0.0000
vn 0.9269 -0.0320 -0.3739
vn 0.7380 -0.6060 -0.2969
vn 0.7608 -0.6262 -0.1707
vn 0.7633 -0.6421 -0.0712
vn 0.6301 -0.5801 -0.5162
vn 0.6921 -0.5956 -0.4077
vn 0.1917 -0.0117 -0.9814
vn 0.3048 -0.0190 -0.9522
vn 0.4294 -0.0294 -0.9027
vn 0.5532 -0.0355 -0.8323
vn 0.6729 -0.0367 -0.7388
vn 0.6663 -0.0262 -0.7453
vn 0.2005 0.0046 -0.9797
vn 0.3089 -0.4914 -0.8143
vn 0.3030 0.0002 -0.9530
vn 0.3911 -0.5087 -0.7670
vn 0.4184 -0.0074 -0.9082
vn 0.4752 -0.5308 -0.7017
vn 0.5419 -0.0168 -0.8402
vn 0.5583 -0.5570 -0.6149
vn 0.1547 -0.4449 -0.8821
vn 0.1659 -0.4437 -0.8807
vn 0.2321 -0.4768 -0.8478
vn 0.5509 -0.0267 -0.8341
vn 0.4242 -0.0170 -0.9054
vn 0.3043 -0.0087 -0.9525
vn 0.1963 -0.0009 -0.9806
vn -0.9712 0.2083 0.1154
vn -0.7819 -0.6075 0.1401
vn -0.7911 -0.5103 0.3374
vn -0.6522 -0.5700 0.4998
vn -0.7397 -0.6695 0.0673
vn -0.3795 -0.5659 0.7319
vn -0.1506 0.0174 0.9884
vn -0.1427 0.0128 0.9897
vn 0.3500 0.3585 0.8655
vn 0.6475 0.0689 0.7589
vn 0.3879 -0.2556 0.8855
vn 0.2142 0.6617 0.7185
vn -0.1399 0.0116 0.9901
vn -0.1803 0.0266 0.9833
vn -0.2339 0.0403 0.9714
vn -0.2835 0.0547 0.9574
vn -0.4286 0.0978 0.8982
vn -0.2595 -0.5289 0.8080
vn -0.3526 0.0781 0.9325
vn -0.5027 -0.6000 0.6223
vn -0.5672 -0.6120 0.5511
vn -0.5757 -0.6326 0.5181
vn -0.0747 -0.4693 0.8799
vn -0.1085 -0.4876 0.8663
vn -0.1447 -0.4978 0.8551
vn -0.1940 -0.4946 0.8472
vn -0.0455 -0.4704 0.8813
vn -0.0437 -0.4694 0.8819
vn 0.3061 -0.6019 0.7376
vn -0.0393 -0.4685 0.8826
vn 0.3061 -0.6023 0.7373
vn -0.0297 -0.4799 0.8768
vn -0.0316 -0.4871 0.8728
vn -0.0414 -0.4775 0.8777
vn -0.0573 -0.4710 0.8802
vn 0.8078 -0.5889 0.0269
vn 0.8080 -0.5891 0.0003
vn 0.8090 -0.5869 -0.0309
vn 0.9254 -0.0309 0.3778
vn 0.7632 -0.6234 0.1699
vn 0.7387 -0.6052 0.2967
vn 0.7645 -0.6403 0.0745
vn 0.6722 -0.0388 0.7393
vn 0.5514 -0.0285 0.8338
vn 0.6913 -0.5960 0.4085
vn 0.1182 -0.0002 0.9930
vn 0.1883 -0.0129 0.9820
vn 0.5564 -0.0330 0.8303
vn 0.4278 -0.0270 0.9035
vn 0.3040 -0.0194 0.9525
vn 0.1546 -0.4450 0.8821
vn 0.1532 -0.4526 0.8784
vn 0.1977 0.0028 0.9803
vn 0.6310 -0.5794 0.5158
vn 0.5576 -0.5562 0.6162
vn 0.6661 -0.0238 0.7455
vn 0.4764 -0.5307 0.7010
vn 0.5437 -0.0132 0.8392
vn 0.3928 -0.5071 0.7672
vn 0.4194 -0.0065 0.9078
vn 0.3103 -0.4883 0.8157
vn 0.3030 -0.0013 0.9530
vn 0.2277 -0.4723 0.8515
vn 0.1687 -0.4420 0.8810
vn 0.4238 -0.0172 0.9056
vn 0.3040 -0.0088 0.9526
vn 0.1950 -0.0004 0.9808
vn 0.7732 -0.6329 0.0394
vn -0.0107 0.0081 0.9999
vn -0.4820 0.2442 0.8414
vn -0.1031 0.5381 0.8366
vn 0.0527 -0.0028 0.9986
vn -0.0244 -0.4526 0.8914
vn -0.0829 -0.5307 0.8435
vn 0.0213 -0.4542 0.8906
vn -0.3508 -0.6134 0.7076
vn 0.0492 -0.4523 0.8905
vn -0.4652 -0.2838 0.8385
vn -0.7036 -0.0410 0.7094
vn 0.0645 -0.4523 0.8895
vn 0.0475 0.0041 0.9989
vn 0.1039 -0.4457 0.8892
vn -0.0094 0.0014 1.0000
vn -0.0611 0.0039 0.9981
vn 0.2262 0.6515 0.7242
vn -0.9715 0.2087 -0.1125
vn -0.7908 -0.5100 -0.3385
vn -0.7882 -0.6023 -0.1263
vn -0.7457 -0.6628 -0.0679
vn 0.7731 -0.6331 -0.0392
vn -0.1913 0.9745 -0.1169
vn -0.1551 0.9034 -0.3998
vn -0.0801 0.6934 -0.7161
vn 0.0210 0.3823 -0.9238
vn -0.3104 0.9406 -0.1377
vn -0.2428 0.8793 -0.4098
vn -0.1144 0.6817 -0.7227
vn 0.0340 0.3820 -0.9236
vn -0.3623 0.9207 -0.1452
vn -0.3528 0.8354 -0.4214
vn -0.4467 0.8823 -0.1483
vn 0.1553 0.1279 -0.9796
vn -0.1957 0.6588 -0.7265
vn -0.0118 0.3801 -0.9249
vn 0.1331 0.1312 -0.9824
vn 0.0885 0.1569 -0.9836
vn -0.1203 0.3634 -0.9238
vn -0.5897 0.7949 -0.1426
vn -0.5089 0.7577 -0.4086
vn -0.3365 0.6068 -0.7201
vn -0.9662 0.2440 -0.0828
vn -0.8123 0.5189 -0.2663
vn -0.8190 0.5010 -0.2796
vn -0.9657 0.2452 -0.0856
vn -0.9799 0.0717 -0.1864
vn -0.9305 0.2415 -0.2754
vn -0.8933 0.3380 -0.2962
vn -0.3486 0.8383 0.4192
vn 0.1569 0.1299 0.9790
vn 0.1427 0.1215 0.9823
vn 0.0340 0.3856 0.9220
vn 0.1353 0.1327 0.9819
vn -0.0068 0.3800 0.9250
vn -0.0760 0.6144 0.7853
vn -0.1923 0.6619 0.7245
vn -0.1482 0.7455 0.6499
vn -0.2414 0.8806 0.4077
vn -0.0423 0.8801 0.4729
vn -0.0242 0.6954 0.7182
vn -0.1455 0.9070 0.3953
vn 0.0776 0.1161 0.9902
vn 0.0252 0.1317 0.9910
vn 0.0118 0.3825 0.9239
vn 0.0027 0.4422 0.8969
vn -0.0801 0.6981 0.7115
vn 0.1805 0.0454 0.9825
vn 0.2045 0.0350 0.9782
vn 0.0706 0.1627 0.9841
vn -0.1635 0.4063 0.8990
vn 0.0497 0.1460 0.9880
vn -0.3277 0.5916 0.7366
vn -0.4337 0.6956 0.5727
vn -0.5187 0.7646 0.3827
vn -0.5784 0.7951 0.1826
vn 0.9955 0.0371 -0.0875
vn 0.9922 0.0881 -0.0887
vn 0.9787 0.0592 -0.1965
vn 0.7184 0.6932 -0.0591
vn 0.7175 0.6845 -0.1295
vn 0.9458 0.0551 -0.3200
vn 0.6900 0.6917 -0.2133
vn 0.9465 0.0056 0.3227
vn 0.9448 0.0707 0.3199
vn 0.9782 0.0608 0.1984
vn 0.9922 0.0873 0.0887
vn 0.9956 0.0353 0.0867
vn 0.7190 0.6926 0.0579
vn 0.6971 0.6814 0.2231
vn 0.7054 0.6893 0.1650
vn 0.7153 0.6914 0.1019
vn 0.1944 -0.6916 0.6957
vn 0.1498 -0.7054 0.6928
vn 0.0794 -0.7121 0.6976
vn 0.0350 0.0104 0.9993
vn -0.9659 0.2456 0.0817
vn -0.9662 0.2454 0.0794
vn -0.9816 0.0636 0.1799
vn -0.8147 0.5146 0.2674
vn -0.9300 0.2357 0.2821
vn -0.8881 0.3411 0.3081
vn -0.8303 0.4894 0.2666
vn 0.4959 0.8666 -0.0561
vn 0.6819 0.7260 -0.0896
vn 0.4818 0.8735 -0.0696
vn 0.4095 0.9047 -0.1173
vn 0.7023 0.7084 -0.0699
vn 0.5816 0.8019 -0.1364
vn 0.2981 0.9411 -0.1598
vn 0.3799 0.8945 -0.2357
vn 0.2184 0.9591 -0.1802
vn 0.2051 0.9320 -0.2990
vn 0.1423 0.9694 -0.2003
vn 0.0356 0.9374 -0.3463
vn 0.0323 0.9739 -0.2249
vn -0.2160 0.8918 -0.3975
vn -0.1481 0.9558 -0.2538
vn -0.8095 0.5245 -0.2639
vn -0.5290 0.8381 -0.1332
vn -0.8731 0.3441 -0.3455
vn -0.8750 0.3433 -0.3414
vn -0.6923 0.5996 -0.4015
vn -0.8744 0.3452 -0.3410
vn -0.4615 0.7849 -0.4135
vn -0.8750 0.3433 0.3414
vn -0.8739 0.3425 0.3449
vn -0.6591 0.6304 0.4100
vn 0.4956 0.8667 0.0559
vn 0.4876 0.8706 0.0652
vn 0.6708 0.7353 0.0968
vn 0.4323 0.8870 0.1622
vn 0.3513 0.9228 0.1582
vn 0.7038 0.7066 0.0735
vn 0.5440 0.8232 0.1624
vn 0.1782 0.9335 0.3111
vn 0.2247 0.9573 0.1820
vn -0.1525 0.9549 0.2547
vn -0.5287 0.8383 0.1329
vn -0.8105 0.5232 0.2631
vn 0.1355 0.9691 0.2061
vn 0.0267 0.9735 0.2270
vn -0.2624 0.8765 0.4036
vn -0.8750 0.3431 0.3415
vn -0.5234 0.8521 -0.0001
vn -0.5358 0.8426 0.0548
vn 0.8344 0.5511 -0.0000
vn -0.5337 0.8429 0.0679
vn -0.5363 0.8422 -0.0552
vn -0.5342 0.8427 -0.0676
vn -0.3776 0.6044 0.7015
vn 0.5134 0.6826 0.5201
vn -0.2534 0.8107 0.5278
vn -0.3345 0.6267 0.7038
vn -0.4906 0.8599 -0.1409
vn -0.6458 0.7499 -0.1436
vn -0.4733 0.5229 0.7090
vn -0.5383 0.4811 0.6919
vn -0.7452 0.6517 -0.1413
vn -0.0058 -0.0057 1.0000
vn -0.1995 -0.2876 0.9367
vn 0.7200 -0.1434 0.6790
vn -0.6610 -0.4863 0.5715
vn 0.0873 -0.7435 0.6631
vn 0.5286 -0.5449 0.6509
vn 0.4532 -0.5796 0.6773
vn 0.7155 0.2351 0.6579
vn 0.6137 0.4376 0.6572
vn -0.3001 0.6931 0.6554
vn -0.4940 0.5629 0.6627
vn 0.4276 0.6183 0.6594
vn 0.1973 0.7254 0.6594
vn -0.0633 0.7535 0.6544
vn -0.3361 0.6192 -0.7097
vn -0.1785 0.3569 -0.9169
vn -0.1702 0.3898 -0.9050
vn 0.3260 0.8579 -0.3972
vn 0.3895 0.9112 -0.1343
vn 0.2704 0.9531 -0.1358
vn 0.1538 0.6950 -0.7023
vn 0.1961 0.8968 -0.3966
vn 0.0366 0.9210 -0.3878
vn 0.1605 0.9792 -0.1245
vn 0.0494 0.9897 -0.1344
vn -0.0727 0.9883 -0.1344
vn -0.1002 0.9147 -0.3914
vn -0.2369 0.8913 -0.3867
vn -0.1512 0.9821 -0.1122
vn -0.2533 0.9578 -0.1361
vn -0.3515 0.8508 -0.3906
vn -0.3353 0.9340 -0.1237
vn -0.4013 0.9054 -0.1390
vn -0.4480 0.7974 -0.4043
vn -0.2766 0.6622 -0.6964
vn -0.2052 0.6965 -0.6876
vn -0.1188 0.7181 -0.6858
vn -0.0258 0.7254 -0.6878
vn 0.0740 0.7158 -0.6943
vn -0.0407 0.4355 -0.8993
vn -0.1516 0.4168 -0.8963
vn -0.1213 0.4324 -0.8935
vn -0.0888 0.4398 -0.8937
vn -0.0573 0.4391 -0.8966
vn -0.2037 0.3130 -0.9276
vn -0.4233 0.5455 -0.7234
vn -0.5826 0.7001 -0.4129
vn -0.2181 0.2916 -0.9313
vn -0.4849 0.4904 -0.7241
vn -0.6721 0.6176 -0.4085
vn -0.4265 0.5059 -0.7498
vn -0.6355 0.6515 -0.4144
vn -0.7153 0.6834 -0.1460
vn 0.7202 0.6936 -0.0177
vn 0.9992 0.0312 -0.0250
vn 0.9962 0.0828 -0.0270
vn 0.9920 0.1233 -0.0265
vn 0.9881 0.1262 -0.0879
vn 0.6707 0.7000 -0.2452
vn 0.6742 0.6975 -0.2429
vn 0.9250 -0.0252 -0.3791
vn 0.9032 -0.0454 -0.4269
vn 0.8469 -0.0566 -0.5288
vn 0.8492 -0.1310 -0.5116
vn 0.7735 -0.0997 -0.6259
vn 0.8015 -0.0140 -0.5978
vn 0.8611 -0.0174 -0.5081
vn 0.9064 -0.0006 -0.4224
vn 0.9387 0.1186 -0.3237
vn 0.9731 0.1251 -0.1937
vn 0.6585 0.7430 -0.1196
vn 0.6462 0.7512 -0.1342
vn 0.6658 0.7342 -0.1328
vn 0.4612 0.8266 -0.3226
vn 0.6678 0.7313 -0.1385
vn 0.4568 0.7990 -0.3910
vn 0.4204 0.8649 -0.2742
vn 0.1362 0.9051 -0.4027
vn -0.8274 0.3111 -0.4677
vn -0.8395 0.3511 -0.4146
vn -0.6082 0.5951 -0.5253
vn -0.8751 0.3430 -0.3413
vn -0.8752 0.3431 -0.3410
vn -0.8751 0.3432 -0.3412
vn -0.8751 0.3426 -0.3417
vn -0.8635 0.3466 -0.3664
vn -0.8752 0.3430 -0.3411
vn -0.8752 0.3430 -0.3412
vn -0.1241 0.8651 -0.4859
vn -0.3762 0.7585 -0.5321
vn -0.8754 0.3392 -0.3444
vn -0.5070 0.2968 -0.8093
vn -0.2145 0.4885 -0.8458
vn -0.4828 0.2845 -0.8282
vn -0.4612 0.2645 -0.8470
vn 0.6629 0.7350 -0.1426
vn 0.4770 0.7781 -0.4087
vn 0.1452 0.7005 -0.6987
vn -0.4595 0.5598 -0.6895
vn -0.2518 0.7030 -0.6651
vn -0.0221 0.8025 -0.5963
vn -0.7485 0.2740 -0.6039
vn -0.6253 0.4085 -0.6649
vn -0.7820 0.4747 -0.4038
vn -0.5803 0.2882 -0.7617
vn -0.5949 0.3245 -0.7354
vn -0.6509 0.3002 -0.6973
vn -0.3714 0.4963 -0.7847
vn -0.1364 0.6534 -0.7446
vn 0.1217 0.7612 -0.6370
vn 0.2123 0.8472 -0.4870
vn 0.4731 0.7782 -0.4130
vn 0.6219 0.7698 -0.1437
vn 0.5469 0.8251 -0.1418
vn -0.3469 0.2954 -0.8902
vn 0.1987 0.6753 -0.7103
vn -0.1102 0.4530 -0.8847
vn 0.4266 0.8078 -0.4068
vn 0.2011 0.6754 -0.7095
vn -0.0549 0.4347 -0.8989
vn -0.3166 0.2474 -0.9157
vn -0.2360 0.2230 -0.9458
vn 0.4672 0.8729 -0.1407
vn -0.9688 0.2464 -0.0262
vn -0.9689 0.2460 -0.0262
vn -0.9667 0.2343 -0.1034
vn -0.9625 0.2440 -0.1188
vn -0.2585 0.6531 0.7118
vn -0.1780 0.6817 0.7097
vn -0.1052 0.6982 0.7081
vn -0.0134 0.6983 0.7156
vn 0.0909 0.6962 0.7120
vn 0.1868 0.6742 0.7145
vn 0.2816 0.6445 0.7109
vn 0.3551 0.6085 0.7097
vn 0.8598 0.4909 0.1406
vn 0.4317 0.5521 0.7133
vn 0.4998 0.5043 0.7042
vn -0.9375 0.2264 -0.2642
vn -0.9302 0.2339 -0.2827
vn -0.9387 0.2377 -0.2498
vn 0.9855 0.1449 -0.0877
vn 0.9858 0.1439 -0.0865
vn 0.9706 0.1442 -0.1929
vn 0.9351 0.1383 -0.3263
vn 0.9351 0.1453 -0.3232
vn 0.5464 -0.7142 -0.4374
vn 0.5642 -0.6749 -0.4757
vn 0.4836 -0.5990 -0.6383
vn 0.1605 -0.2683 -0.9499
vn 0.2122 -0.3801 -0.9003
vn 0.3128 -0.5300 -0.7881
vn 0.3294 -0.6070 -0.7232
vn 0.4260 -0.7344 -0.5284
vn 0.3959 -0.7338 -0.5521
vn 0.4468 -0.8215 -0.3542
vn 0.5294 -0.7956 -0.2944
vn 0.4768 -0.8393 -0.2613
vn 0.5170 -0.7612 -0.3916
vn 0.1862 -0.1932 -0.9633
vn 0.3538 -0.4148 -0.8383
vn -0.6459 0.7497 0.1441
vn 0.4762 -0.3709 0.7973
vn 0.1745 0.0456 0.9836
vn 0.7152 -0.2603 0.6486
vn 0.6917 -0.2646 0.6720
vn 0.0404 0.1128 0.9928
vn -0.6417 0.6474 0.4112
vn -0.1799 0.3113 0.9331
vn -0.4483 0.5165 0.7295
vn -0.6721 0.6176 0.4085
vn -0.4850 0.4884 0.7254
vn -0.2239 0.2852 0.9319
vn 0.0215 0.0797 0.9966
vn -0.5829 0.6992 0.4140
vn -0.4484 0.7968 0.4050
vn -0.4230 0.5445 0.7243
vn -0.3359 0.6186 0.7102
vn -0.2032 0.3124 0.9280
vn -0.1780 0.3566 0.9171
vn 0.0004 0.1131 0.9936
vn -0.0450 0.1454 0.9883
vn -0.2367 0.8925 0.3841
vn -0.0972 0.9174 0.3859
vn -0.0581 0.4393 0.8965
vn -0.0383 0.4359 0.8992
vn -0.1460 0.2078 0.9672
vn -0.1791 0.2102 0.9611
vn 0.1927 0.8993 0.3925
vn 0.3289 0.8559 0.3991
vn 0.0385 0.9225 0.3841
vn 0.0695 0.7174 0.6932
vn 0.1560 0.6956 0.7013
vn -0.0257 0.7248 0.6885
vn -0.1183 0.7179 0.6860
vn -0.0887 0.4379 0.8946
vn -0.1247 0.2027 0.9713
vn -0.0968 0.1855 0.9779
vn -0.0795 0.1693 0.9824
vn -0.1509 0.4145 0.8974
vn -0.1680 0.3892 0.9057
vn -0.2737 0.6633 0.6965
vn -0.1137 0.1967 0.9739
vn -0.1210 0.4302 0.8946
vn -0.2051 0.6966 0.6875
vn -0.3511 0.8512 0.3900
vn 0.9878 0.1304 0.0846
vn 0.9920 0.1233 0.0265
vn 0.9970 0.0749 0.0191
vn 0.9992 0.0396 0.0016
vn 0.7205 0.6932 0.0184
vn 0.9799 -0.0748 0.1847
vn 0.9349 0.1253 0.3320
vn 0.8484 -0.1317 0.5128
vn 0.9034 -0.0463 0.4262
vn 0.6888 0.6808 0.2493
vn 0.6886 0.6812 0.2486
vn 0.9282 -0.0316 0.3707
vn 0.9052 -0.0056 0.4249
vn 0.8025 -0.0166 0.5964
vn 0.8601 -0.0187 0.5097
vn 0.8471 -0.0574 0.5283
vn 0.7705 -0.1025 0.6291
vn -0.1042 0.4571 0.8833
vn -0.3247 0.2400 0.9149
vn -0.2368 0.2214 0.9460
vn -0.3770 0.2764 0.8840
vn -0.2140 0.4895 0.8454
vn -0.4650 0.2569 0.8472
vn 0.1957 0.6756 0.7108
vn 0.1460 0.6993 0.6998
vn 0.4745 0.7774 0.4128
vn 0.4754 0.7788 0.4092
vn 0.4258 0.8083 0.4066
vn 0.2011 0.6752 0.7097
vn -0.0527 0.4373 0.8978
vn -0.6149 0.3112 0.7246
vn -0.5714 0.2841 0.7699
vn -0.3689 0.4849 0.7929
vn -0.5127 0.5953 0.6186
vn -0.4855 0.5227 0.7008
vn -0.2410 0.7014 0.6708
vn -0.4891 0.2712 0.8290
vn 0.6558 0.7435 0.1306
vn 0.6581 0.7436 0.1182
vn 0.4194 0.8660 0.2723
vn -0.8754 0.3402 0.3433
vn -0.8752 0.3434 0.3407
vn -0.8752 0.3430 0.3413
vn -0.8751 0.3430 0.3414
vn -0.8752 0.3431 0.3411
vn -0.8752 0.3431 0.3412
vn -0.8751 0.3431 0.3412
vn -0.8602 0.3502 0.3707
vn -0.8381 0.3572 0.4123
vn -0.6378 0.5762 0.5110
vn -0.8273 0.3343 0.4515
vn -0.3752 0.7701 0.5158
vn -0.1239 0.8683 0.4804
vn 0.1327 0.9071 0.3994
vn 0.6679 0.7312 0.1388
vn -0.1342 0.6513 0.7469
vn 0.1245 0.7602 0.6377
vn 0.4570 0.7984 0.3920
vn 0.6653 0.7346 0.1330
vn -0.4890 0.3366 0.8047
vn -0.8098 0.3252 0.4883
vn -0.0200 0.8021 0.5969
vn 0.2137 0.8460 0.4884
vn 0.4620 0.8259 0.3232
vn -0.7714 0.3173 0.5516
vn -0.7380 0.3060 0.6015
vn -0.6952 0.3081 0.6495
vn -0.6529 0.2971 0.6967
vn -0.9688 0.2464 0.0262
vn -0.9689 0.2460 0.0262
vn -0.9624 0.2441 0.1187
vn -0.9675 0.2345 0.0948
vn -0.0569 0.9982 -0.0181
vn -0.0728 0.9973 0.0047
vn -0.0627 0.9979 0.0178
vn -0.0711 0.9974 -0.0066
vn -0.5433 -0.0385 0.8386
vn -0.2384 -0.4898 0.8386
vn 0.0139 0.1318 0.9912
vn -0.3050 0.4513 0.8386
vn -0.0353 0.7104 0.7029
vn 0.0467 -0.0672 0.9966
vn 0.0472 -0.0003 0.9989
vn 0.0885 -0.0541 0.9946
vn 0.0930 0.0950 0.9911
vn 0.0756 0.1093 0.9911
vn 0.0560 0.1205 0.9911
vn 0.0351 0.1280 0.9912
vn 0.1288 0.0363 0.9910
vn 0.1193 0.0586 0.9911
vn 0.1077 0.0779 0.9911
vn 0.2883 -0.0041 0.9575
vn 0.3136 -0.0216 0.9493
vn 0.2967 -0.0160 0.9548
vn 0.1925 0.0274 0.9809
vn 0.1777 0.0190 0.9839
vn -0.9301 0.2351 0.2821
vn -0.9375 0.2264 0.2642
vn -0.9386 0.2378 0.2498
vn 0.9256 0.1371 0.3527
vn 0.9323 0.1340 0.3361
vn 0.9531 0.1415 0.2676
vn 0.9880 0.1451 0.0536
vn 0.9846 0.1449 0.0976
vn 0.9245 0.3348 0.1824
vn 0.9867 0.1390 0.0841
vn 0.4318 -0.7305 0.5290
vn 0.5066 -0.8062 0.3055
vn 0.1682 -0.2635 0.9499
vn 0.3114 -0.5300 0.7887
vn 0.4768 -0.5918 0.6500
vn 0.3618 -0.4098 0.8374
vn 0.1921 -0.1927 0.9623
vn 0.5432 -0.6943 0.4721
vn 0.5652 -0.7610 0.3183
vn 0.9659 0.2587 -0.0060
vn 0.9697 0.2426 -0.0296
vn 0.9576 0.2811 0.0633
vn 0.9496 0.2740 0.1523
vn 0.9162 0.3065 0.2581
vn 0.8725 0.3356 0.3551
vn 0.7948 0.3834 0.4704
vn 0.6559 0.4438 0.6107
vn 0.9396 0.2506 0.2332
vn 0.9687 0.2461 0.0322
vn 0.8232 0.3086 0.4765
vn 0.6579 0.4150 0.6285
vn 0.9600 0.2794 -0.0168
vn 0.9490 0.3113 0.0497
vn 0.9146 0.3511 0.2008
vn 0.8679 0.3644 0.3376
vn 0.7834 0.4079 0.4690
vn 0.6310 0.4918 0.5999
vn 0.5199 0.5262 0.6729
vn 0.9697 0.2426 0.0296
vn 0.5198 0.5262 -0.6730
vn 0.5927 0.4978 -0.6332
vn 0.7909 0.4103 -0.4540
vn 0.8685 0.3719 -0.3277
vn 0.9154 0.3479 -0.2024
vn 0.8548 0.3115 -0.4151
vn 0.7511 0.3721 -0.5453
vn 0.6353 0.4386 -0.6356
vn 0.9464 0.3187 -0.0530
vn 0.9602 0.2790 0.0161
vn 0.9648 0.2626 0.0161
vn 0.9675 0.2457 -0.0602
vn 0.9516 0.2537 -0.1737
vn 0.9126 0.2807 -0.2972
vn 0.7469 0.4059 -0.5267
vn 0.8787 0.3495 -0.3253
vn 0.9430 0.2974 -0.1496
vn 0.9613 0.2752 -0.0160
vn 0.1641 0.4032 -0.9003
vn 0.1875 0.3636 -0.9125
vn 0.1881 0.3903 -0.9013
vn 0.2245 0.3435 -0.9119
vn -0.0065 0.0951 -0.9954
vn 0.2455 0.3264 -0.9128
vn 0.0638 0.0713 -0.9954
vn 0.2738 0.3180 -0.9077
vn 0.3088 0.2968 -0.9036
vn 0.3958 0.2889 -0.8717
vn 0.5290 -0.5190 -0.6714
vn 0.4779 -0.3231 -0.8168
vn 0.3822 -0.2364 -0.8933
vn 0.5575 0.2296 -0.7978
vn 0.2810 -0.1301 -0.9508
vn 0.5604 0.2699 -0.7830
vn 0.4984 -0.2345 -0.8346
vn 0.4964 -0.2759 -0.8231
vn 0.5257 -0.3200 -0.7882
vn 0.5264 -0.3844 -0.7584
vn 0.5731 -0.6033 -0.5546
vn 0.5587 -0.5538 -0.6175
vn 0.5616 -0.4912 -0.6658
vn 0.5454 -0.4025 -0.7352
vn 0.4968 0.3175 -0.8077
vn 0.4372 0.2926 -0.8504
vn 0.9090 0.0519 -0.4135
vn 0.8832 -0.0153 -0.4688
vn 0.8143 0.3803 -0.4384
vn 0.8209 -0.0069 -0.5711
vn 0.7699 0.3493 -0.5341
vn 0.6956 -0.1095 -0.7100
vn 0.6105 0.3111 -0.7284
vn 0.4307 -0.1122 -0.8955
vn 0.7190 0.3714 -0.5874
vn 0.5151 -0.0852 -0.8529
vn 0.6003 -0.1220 -0.7904
vn -0.6426 0.7080 -0.2928
vn -0.6722 0.7270 -0.1403
vn -0.9387 0.2379 -0.2496
vn -0.9625 0.2441 -0.1187
vn 0.2449 -0.0474 0.9684
vn 0.6711 -0.0614 0.7388
vn 0.5780 0.0699 0.8130
vn 0.9927 -0.1140 0.0390
vn 0.9781 -0.0216 0.2070
vn 0.9161 -0.1103 0.3854
vn 0.8429 -0.0312 0.5371
vn 0.9888 -0.1137 0.0967
vn 0.2067 0.0010 0.9784
vn 0.3668 -0.0214 0.9300
vn 0.9833 -0.1807 0.0218
vn 0.9850 -0.0640 0.1604
vn 0.8945 -0.0327 0.4459
vn 0.7882 -0.0841 0.6097
vn 0.6842 -0.0697 0.7259
vn 0.6355 0.0511 0.7704
vn 0.9899 -0.1088 -0.0913
vn 0.9088 -0.0964 -0.4059
vn 0.7107 -0.0551 -0.7013
vn 0.5361 -0.0020 -0.8441
vn 0.2479 -0.0409 -0.9679
vn 0.9930 -0.1147 -0.0266
vn 0.9799 -0.1751 -0.0960
vn 0.9044 -0.1439 -0.4016
vn 0.7520 -0.1047 -0.6508
vn 0.6370 -0.0051 -0.7709
vn 0.4576 -0.0215 -0.8889
vn 0.2880 0.0348 -0.9570
vn 0.2138 -0.0050 -0.9769
vn 0.9359 0.1533 0.3171
vn 0.4348 -0.1164 0.8930
vn 0.6017 0.2815 0.7475
vn 0.6981 0.3271 0.6369
vn 0.8138 0.3897 0.4312
vn 0.6687 -0.0994 0.7368
vn 0.7724 0.3552 0.5265
vn 0.6096 -0.0704 0.7896
vn 0.5071 -0.0807 0.8581
vn 0.9111 0.0618 0.4075
vn 0.8729 0.0275 0.4872
vn 0.8174 0.0046 0.5760
vn -0.6564 0.7538 -0.0315
vn -0.6700 0.7410 0.0443
vn -0.9387 0.2379 0.2496
vn -0.9625 0.2441 0.1187
vn -0.6436 0.7055 0.2968
vn -0.6723 0.7268 0.1406
vn -0.6808 0.7298 0.0623
vn -0.4083 0.6425 0.6485
vn -0.5022 0.6738 0.5421
vn -0.6102 0.7075 0.3565
vn -0.5693 0.6865 0.4522
vn -0.5812 0.7134 0.3915
vn -0.5924 0.7192 0.3630
vn -0.5982 0.1927 0.7778
vn -0.7038 0.1914 0.6841
vn -0.2004 0.5790 0.7903
vn -0.1117 0.5510 0.8270
vn 0.0052 0.4507 0.8926
vn 0.1097 0.4793 0.8708
vn -0.2200 0.1425 0.9650
vn 0.1218 0.4695 0.8745
vn 0.1246 0.4686 0.8746
vn -0.0316 0.5185 0.8545
vn -0.2645 0.6230 0.7361
vn 0.5287 -0.5188 0.6718
vn 0.2811 0.0045 0.9597
vn 0.5474 0.2520 0.7980
vn 0.5575 0.2379 0.7954
vn 0.5302 -0.3419 0.7759
vn 0.5264 -0.3844 0.7584
vn 0.4757 -0.3240 0.8177
vn 0.4842 -0.2679 0.8329
vn 0.3831 -0.2343 0.8935
vn 0.4999 -0.2405 0.8320
vn 0.0930 0.0091 0.9956
vn 0.2608 -0.0486 0.9642
vn 0.2834 -0.1281 0.9504
vn 0.5560 0.2654 0.7877
vn 0.5211 -0.4143 0.7462
vn 0.5813 -0.4946 0.6461
vn 0.5514 -0.5826 0.5971
vn 0.5973 -0.6278 0.4990
vn 0.0144 0.7189 0.6950
vn 0.0864 0.7170 0.6917
vn 0.2043 -0.0169 0.9788
vn 0.4477 0.4775 0.7561
vn 0.7408 0.3327 0.5836
vn 0.2121 -0.0231 0.9770
vn 0.3250 -0.0134 0.9456
vn 0.5775 0.2778 0.7676
vn 0.1699 0.4036 0.8990
vn -0.0822 0.1285 0.9883
vn 0.1644 0.4465 0.8796
vn 0.1862 0.3920 0.9009
vn 0.1987 0.3616 0.9109
vn -0.0087 0.0940 0.9955
vn 0.0639 0.0647 0.9959
vn 0.2354 0.3394 0.9107
vn 0.3104 0.2912 0.9049
vn 0.4144 0.2930 0.8616
vn -0.0241 0.1044 0.9942
vn 0.0526 0.0812 0.9953
vn 0.4476 0.3319 0.8304
vn 0.4947 0.3424 0.7988
vn 0.5153 0.2945 0.8048
vn 0.6267 0.4071 0.6644
vn 0.5781 0.0981 0.8100
vn 0.0514 0.0701 0.9962
vn 0.1246 0.4551 0.8817
vn 0.1162 0.4519 0.8845
vn 0.1331 0.4526 0.8817
vn 0.6647 -0.3320 0.6692
vn 0.7546 -0.3101 0.5783
vn 0.7141 -0.4901 0.4998
vn 0.5468 -0.8321 0.0923
vn 0.6266 -0.5097 0.5895
vn 0.5786 -0.2051 0.7894
vn 0.4984 -0.1780 0.8485
vn 0.5775 -0.3554 0.7349
vn 0.7468 -0.5763 0.3319
vn 0.6340 -0.7434 0.2131
vn 0.8295 -0.3388 0.4441
vn 0.6509 -0.6327 0.4195
vn -0.6678 0.7414 -0.0660
vn 0.1220 0.4695 -0.8744
vn 0.1094 0.4796 -0.8706
vn 0.0092 0.4533 -0.8913
vn -0.2079 0.5756 -0.7909
vn -0.1172 0.5440 -0.8309
vn -0.0305 0.5156 -0.8563
vn -0.7056 0.1913 -0.6823
vn -0.5979 0.1963 -0.7772
vn -0.4103 0.6447 -0.6450
vn -0.4918 0.6766 -0.5480
vn -0.5817 0.6804 -0.4457
vn -0.5812 0.7108 -0.3962
vn -0.2921 0.6114 -0.7355
vn 0.5062 -0.1690 -0.8457
vn 0.8345 -0.3383 -0.4349
vn 0.7519 -0.5698 -0.3317
vn 0.6236 -0.7508 -0.2176
vn 0.6739 -0.5924 -0.4415
vn 0.5865 -0.7327 -0.3451
vn 0.7447 -0.3488 -0.5691
vn 0.6692 -0.3259 -0.6678
vn 0.6073 -0.5164 -0.6038
vn 0.5945 -0.3059 -0.7436
vn 0.5874 0.2252 -0.7773
vn 0.6160 0.2349 -0.7519
vn -0.1445 0.0286 -0.9891
vn 0.6161 0.2348 -0.7519
vn 0.6334 0.1943 -0.7490
vn 0.6423 0.1183 -0.7573
vn 0.6392 0.0783 -0.7650
vn 0.6559 0.0164 -0.7546
vn 0.6495 -0.0702 -0.7571
vn 0.6288 -0.1548 -0.7620
vn 0.6035 -0.2484 -0.7577
vn 0.5508 -0.3502 -0.7576
vn -0.5923 0.1112 -0.7980
vn -0.5546 0.1038 -0.8256
vn -0.6904 0.1502 -0.7077
vn -0.3658 0.0170 -0.9305
vn 0.5178 0.1751 -0.8374
vn 0.5480 0.1799 -0.8169
vn 0.5227 0.1690 -0.8356
vn -0.3768 0.0227 -0.9260
vn -0.4370 0.0505 -0.8980
vn -0.2016 0.0180 -0.9793
vn -0.1880 0.0323 -0.9816
vn -0.2844 0.0410 -0.9578
vn -0.2639 0.0502 -0.9632
vn -0.3922 0.0744 -0.9169
vn -0.3776 0.0767 -0.9228
vn -0.5199 0.1138 -0.8466
vn -0.5094 0.1083 -0.8537
vn -0.6201 0.1353 -0.7728
vn -0.5132 0.0874 -0.8538
vn -0.4751 0.0595 -0.8779
vn -0.5608 0.1129 -0.8202
vn -0.6132 0.1363 -0.7781
vn -0.4333 0.0651 -0.8989
vn -0.3251 0.0232 -0.9454
vn -0.2321 -0.0096 -0.9726
vn 0.5760 0.1827 -0.7968
vn -0.8897 0.2090 -0.4059
vn -0.9032 0.2190 -0.3691
vn -0.8684 0.2041 -0.4520
vn -0.8646 0.2028 -0.4597
vn -0.8045 0.1850 -0.5644
vn -0.8267 0.1860 -0.5309
vn -0.6973 0.1552 -0.6998
vn -0.7678 0.1735 -0.6168
vn -0.8271 0.1876 -0.5298
vn -0.8595 0.1985 -0.4711
vn -0.7842 0.1706 -0.5966
vn -0.7239 0.1508 -0.6732
vn -0.6790 0.1330 -0.7220
vn -0.9690 0.2271 -0.0975
vn -0.9623 0.2477 -0.1118
vn -0.9402 0.2219 -0.2586
vn -0.9318 0.2972 -0.2082
vn 0.6160 0.2349 0.7519
vn 0.5855 0.2170 0.7811
vn -0.1432 0.0275 0.9893
vn 0.6395 0.0774 0.7649
vn 0.6427 0.1203 0.7566
vn 0.6354 0.1956 0.7470
vn 0.6170 0.2338 0.7515
vn 0.6289 -0.1549 0.7619
vn 0.6028 -0.2483 0.7582
vn 0.5531 -0.3362 0.7622
vn 0.6474 -0.0730 0.7586
vn 0.6543 0.0192 0.7560
vn 0.5476 0.1864 0.8157
vn 0.5270 0.1590 0.8349
vn -0.3631 0.0207 0.9315
vn -0.3205 0.0252 0.9469
vn -0.2334 -0.0014 0.9724
vn 0.5802 0.1917 0.7916
vn -0.8598 0.1975 0.4708
vn -0.8676 0.2036 0.4536
vn -0.8899 0.2074 0.4064
vn -0.9028 0.2175 0.3711
vn -0.5281 0.1110 0.8419
vn -0.3931 0.0697 0.9169
vn -0.4333 0.0644 0.8989
vn -0.1997 0.0167 0.9797
vn -0.2835 0.0377 0.9582
vn -0.4764 0.0691 0.8765
vn -0.5012 0.0785 0.8617
vn -0.5568 0.0996 0.8247
vn -0.5637 0.1110 0.8185
vn -0.6097 0.1120 0.7847
vn -0.6184 0.1273 0.7755
vn 0.5216 0.1802 0.8340
vn -0.3798 0.0274 0.9247
vn -0.4337 0.0490 0.8997
vn -0.6865 0.1490 0.7117
vn -0.7239 0.1496 0.6735
vn -0.7810 0.1763 0.5991
vn -0.8064 0.1820 0.5627
vn -0.9033 0.2198 0.3684
vn -0.8645 0.2041 0.4593
vn -0.8289 0.1917 0.5255
vn -0.8275 0.1887 0.5288
vn -0.7675 0.1764 0.6163
vn -0.6968 0.1582 0.6996
vn -0.6195 0.1399 0.7724
vn -0.5107 0.1126 0.8524
vn -0.6790 0.1330 0.7220
vn -0.3769 0.0750 0.9232
vn -0.2647 0.0472 0.9632
vn -0.1862 0.0307 0.9820
vn -0.9263 0.3161 0.2051
vn -0.9403 0.2212 0.2587
vn -0.9620 0.2484 0.1131
vn -0.9690 0.2271 0.0975
vn -0.9285 0.2305 -0.2912
vn -0.9629 0.2387 -0.1260
vn -0.9150 0.2318 -0.3302
vn -0.9686 0.2228 -0.1105
vn 0.9762 0.1960 0.0926
vn 0.9783 0.1796 0.1036
vn 0.9666 0.2365 0.0989
vn 0.9574 0.2593 0.1273
vn 0.9550 0.2840 0.0858
vn 0.9491 0.2971 0.1048
vn 0.9695 0.2421 0.0369
vn 0.9930 0.0119 0.1178
vn 0.9855 0.1222 0.1179
vn 0.9839 -0.1259 0.1271
vn 0.9639 -0.2329 0.1291
vn 0.9224 -0.3789 0.0753
vn 0.8686 -0.4814 0.1177
vn 0.8359 -0.5455 0.0608
vn 0.7594 -0.6399 0.1173
vn 0.7040 -0.7067 0.0700
vn 0.6531 -0.7503 0.1031
vn 0.5917 -0.8049 0.0441
vn 0.5086 -0.8610 -0.0051
vn 0.4623 -0.8843 0.0650
vn -0.9720 0.2336 -0.0258
vn -0.9720 0.2336 0.0258
vn -0.9686 0.2228 0.1105
vn -0.9128 0.2360 0.3333
vn -0.9286 0.2279 0.2927
vn -0.9629 0.2380 0.1273
vn -0.9033 0.2205 0.3681
vn -0.7957 0.1779 0.5789
vn -0.8815 0.2111 0.4225
vn -0.8264 0.1922 0.5293
vn -0.7670 0.1735 0.6177
vn -0.6911 0.1504 0.7070
vn -0.5692 0.0988 0.8162
vn 0.4513 0.2137 0.8664
vn 0.4204 0.1888 0.8875
vn -0.6573 0.1303 0.7423
vn -0.7361 0.1611 0.6574
vn 0.5037 0.1847 0.8439
vn -0.5233 0.5717 0.6319
vn -0.4877 0.5208 0.7006
vn -0.0240 -0.6614 0.7497
vn -0.5588 0.5935 0.5793
vn 0.3526 -0.5572 0.7518
vn 0.3999 -0.5166 0.7571
vn 0.5126 -0.3957 0.7620
vn 0.4555 -0.4715 0.7551
vn 0.2753 -0.5980 0.7528
vn 0.2215 -0.6204 0.7524
vn 0.0214 -0.6606 0.7504
vn 0.0705 -0.6572 0.7504
vn 0.1566 -0.6476 0.7457
vn -0.1545 -0.1662 0.9739
vn -0.1788 -0.1763 0.9680
vn -0.7321 0.1582 -0.6626
vn -0.6883 0.1402 -0.7117
vn -0.8802 0.2133 -0.4239
vn -0.7874 0.1806 -0.5894
vn -0.8273 0.1904 -0.5285
vn -0.6601 0.1265 -0.7404
vn -0.5722 0.0996 -0.8140
vn 0.4471 0.2161 -0.8680
vn 0.5028 0.1837 -0.8446
vn -0.7650 0.1673 -0.6219
vn 0.4204 0.1888 -0.8875
vn -0.5788 0.6066 -0.5450
vn -0.5567 0.5972 -0.5774
vn -0.5260 0.5760 -0.6258
vn -0.4863 0.5218 -0.7009
vn 0.2260 -0.6205 -0.7509
vn 0.1577 -0.6472 -0.7458
vn 0.0657 -0.6567 -0.7513
vn 0.0154 -0.6561 -0.7545
vn -0.0136 -0.6561 -0.7545
vn 0.3450 -0.5569 -0.7556
vn 0.2736 -0.6014 -0.7506
vn 0.5371 -0.3969 -0.7444
vn 0.4530 -0.4738 -0.7552
vn 0.3984 -0.5179 -0.7570
vn 0.9743 0.1746 -0.1424
vn 0.9764 0.1946 -0.0938
vn 0.9555 0.2818 -0.0878
vn 0.9576 0.2612 -0.1213
vn 0.9606 0.2381 -0.1432
vn 0.9492 0.2963 -0.1060
vn 0.9927 0.0121 -0.1198
vn 0.9860 0.1187 -0.1174
vn 0.9652 0.2418 -0.0993
vn 0.7697 -0.6287 -0.1110
vn 0.8520 -0.5114 -0.1118
vn 0.9235 -0.3671 -0.1111
vn 0.9638 -0.2353 -0.1256
vn 0.9836 -0.1273 -0.1275
vn 0.6972 -0.7110 -0.0922
vn 0.6529 -0.7502 -0.1047
vn 0.5819 -0.8115 -0.0527
vn 0.5089 -0.8608 -0.0010
vn 0.4623 -0.8843 -0.0649
vn -0.1540 -0.1644 -0.9743
vn -0.1768 -0.1758 -0.9684
vn -0.8254 0.5394 0.1665
vn -0.8074 0.5277 0.2637
vn -0.6038 0.7817 0.1563
vn -0.5875 0.7616 0.2733
vn -0.3245 0.9366 0.1323
vn -0.3053 0.9165 0.2585
vn -0.2215 0.9123 0.3445
vn -0.7665 0.5250 0.3700
vn -0.5224 0.7626 0.3814
vn -0.3800 0.9230 0.0605
vn -0.7941 0.6022 0.0823
vn -0.7566 0.6516 0.0550
vn -0.5454 0.8373 0.0395
vn -0.6324 0.7736 0.0399
vn -0.7033 0.5044 0.5010
vn -0.0450 0.3676 0.9289
vn -0.1977 0.3835 0.9021
vn 0.3260 0.6553 0.6814
vn 0.2226 0.6832 0.6955
vn 0.1416 0.5339 0.8336
vn 0.1527 0.7208 0.6761
vn 0.0825 0.7540 0.6517
vn 0.0060 0.7902 0.6129
vn -0.0809 0.8326 0.5480
vn -0.1700 0.8746 0.4540
vn 0.0134 0.5497 0.8352
vn -0.0825 0.5888 0.8040
vn -0.1709 0.6201 0.7657
vn -0.2636 0.6535 0.7095
vn -0.3640 0.6916 0.6238
vn -0.4601 0.7312 0.5036
vn -0.6075 0.4791 0.6336
vn -0.5050 0.4525 0.7350
vn -0.4064 0.4287 0.8069
vn -0.3083 0.4031 0.8617
vn -0.7826 0.4491 0.4310
vn -0.7292 0.6835 -0.0336
vn -0.6320 0.7739 -0.0400
vn -0.5452 0.8374 -0.0390
vn -0.4233 0.9053 -0.0361
vn -0.2110 0.9541 0.2128
vn 0.3546 0.6425 0.6793
vn 0.1822 0.4721 0.8625
vn -0.0037 0.3315 0.9434
vn -0.3244 0.9366 -0.1325
vn -0.8210 0.5466 -0.1650
vn -0.6088 0.7789 -0.1507
vn -0.7165 0.6915 -0.0916
vn 0.2913 0.5933 0.7505
vn 0.0480 0.4262 0.9034
vn -0.8055 0.5301 -0.2648
vn -0.5867 0.7607 -0.2777
vn -0.3116 0.9140 -0.2600
vn 0.0617 0.4053 0.9121
vn 0.3003 0.6061 0.7365
vn 0.3498 0.6112 0.7100
vn 0.2133 0.4986 0.8402
vn 0.0681 0.3591 0.9308
vn -0.2211 0.9115 -0.3467
vn -0.7656 0.5254 -0.3713
vn -0.5226 0.7634 -0.3797
vn 0.3145 0.2058 0.9267
vn 0.2468 0.4553 0.8554
vn 0.1898 0.2275 0.9551
vn 0.3683 0.4347 0.8218
vn 0.4561 0.4148 0.7873
vn 0.2759 0.4082 0.8702
vn -0.1685 0.8761 -0.4516
vn 0.1387 0.5366 -0.8323
vn -0.0563 0.3723 -0.9264
vn -0.1969 0.3656 -0.9097
vn 0.2264 0.6815 -0.6960
vn 0.1572 0.7217 -0.6741
vn 0.0870 0.7550 -0.6499
vn 0.0110 0.7915 -0.6110
vn -0.0757 0.8340 -0.5466
vn -0.7058 0.5024 -0.4995
vn -0.6114 0.4731 -0.6343
vn -0.5090 0.4466 -0.7358
vn -0.4098 0.4230 -0.8082
vn -0.3113 0.4006 -0.8617
vn -0.4618 0.7335 -0.4987
vn -0.3629 0.6917 -0.6244
vn -0.2620 0.6533 -0.7103
vn -0.1690 0.6198 -0.7664
vn -0.0801 0.5886 -0.8045
vn 0.0202 0.5445 -0.8385
vn 0.3240 0.6561 -0.6816
vn 0.3805 0.1659 0.9098
vn 0.4894 0.3633 0.7928
vn 0.5022 0.5294 0.6837
vn 0.3636 0.6402 -0.6767
vn 0.1688 0.5141 -0.8410
vn -0.0208 0.3370 -0.9413
vn 0.8013 0.3823 0.4602
vn 0.6422 0.0821 0.7621
vn 0.5665 0.3361 0.7524
vn 0.0561 0.3940 -0.9174
vn 0.3003 0.5970 -0.7439
vn 0.5915 0.3279 0.7366
vn 0.0608 0.4034 -0.9130
vn 0.3026 0.6047 -0.7367
vn 0.0684 0.3546 -0.9325
vn 0.2133 0.4986 -0.8402
vn 0.3495 0.6120 -0.7095
vn 0.5797 0.3712 0.7254
vn 0.4555 0.4099 -0.7902
vn 0.3592 0.4213 -0.8328
vn 0.2027 0.2359 -0.9504
vn 0.2455 0.4460 -0.8607
vn 0.2801 0.4193 -0.8636
vn 0.3196 0.2072 -0.9246
vn 0.4248 0.1984 0.8833
vn 0.6027 0.3688 0.7076
vn 0.5732 0.5470 0.6102
vn 0.4892 0.3648 -0.7922
vn 0.3826 0.1676 -0.9086
vn 0.5055 0.5296 -0.6812
vn 0.7852 0.2361 0.5725
vn 0.7395 0.6184 0.2660
vn 0.6197 0.1795 0.7640
vn 0.6857 0.3641 0.6303
vn 0.7094 0.5309 0.4635
vn 0.7127 0.2123 0.6686
vn 0.7494 0.3967 0.5300
vn 0.7396 0.5673 0.3622
vn 0.7847 0.4420 0.4346
vn 0.7458 0.6474 0.1572
vn 0.8086 0.4935 0.3204
vn 0.8313 0.2887 0.4750
vn 0.7155 0.4476 -0.5363
vn 0.5530 0.1224 -0.8242
vn 0.5611 0.3651 -0.7429
vn 0.8015 0.5093 0.3136
vn 0.6144 0.3401 -0.7119
vn 0.8045 0.5333 0.2615
vn 0.8344 0.5190 0.1856
vn 0.5606 0.3663 -0.7426
vn 0.8472 0.5167 0.1236
vn 0.8574 0.5102 0.0672
vn 0.8627 0.5056 -0.0021
vn 0.8568 0.5111 -0.0678
vn 0.8471 0.5173 -0.1216
vn 0.8324 0.5209 -0.1890
vn 0.6334 0.5264 -0.5672
vn 0.4938 0.1809 -0.8506
vn 0.6130 0.3401 -0.7131
vn 0.8044 0.5336 -0.2613
vn 0.7996 0.5153 -0.3083
vn 0.7101 0.2080 -0.6727
vn 0.6153 0.1791 -0.7677
vn 0.6779 0.3702 -0.6352
vn 0.7049 0.5373 -0.4630
vn 0.7493 0.3967 -0.5303
vn 0.7376 0.5735 -0.3564
vn 0.7424 0.6180 -0.2586
vn 0.7921 0.4365 -0.4267
vn 0.7898 0.2308 -0.5683
vn 0.8231 0.2892 -0.4887
vn 0.7982 0.5066 -0.3258
vn 0.7414 0.6514 -0.1613
vn -0.7738 0.0950 0.6263
vn -0.9225 -0.0180 0.3855
vn -0.8649 0.0030 0.5019
vn -0.8985 -0.1050 0.4261
vn -0.9346 -0.2960 0.1971
vn -0.9157 -0.3548 0.1888
vn -0.8827 -0.4500 0.1351
vn -0.9451 -0.2577 0.2010
vn -0.9612 -0.0137 0.2754
vn -0.9173 0.0367 0.3966
vn -0.9047 -0.0730 0.4198
vn -0.9047 0.0136 0.4258
vn -0.9188 -0.1804 0.3511
vn -0.9341 -0.2335 0.2702
vn -0.8661 -0.4891 0.1034
vn -0.9323 -0.1675 0.3206
vn -0.8746 0.0244 0.4843
vn -0.9684 -0.0214 0.2484
vn -0.9604 -0.0581 0.2723
vn -0.6236 -0.0170 0.7815
vn -0.6474 0.0474 0.7606
vn -0.8242 -0.0652 0.5626
vn -0.7187 0.0626 0.6925
vn -0.9488 -0.1092 0.2963
vn -0.7869 -0.1283 0.6036
vn -0.8519 -0.0148 0.5235
vn -0.5547 -0.0722 0.8289
vn -0.8634 -0.5045 -0.0004
vn -0.8562 -0.5148 -0.0432
vn -0.8413 -0.5350 -0.0772
vn -0.9010 -0.4123 -0.1347
vn -0.9999 -0.0085 -0.0103
vn -0.9933 -0.0009 -0.1160
vn -0.9773 -0.0020 -0.2121
vn -0.9936 -0.0014 0.1132
vn -0.9801 -0.0067 0.1984
vn -0.8624 -0.5010 0.0720
vn -0.8609 -0.5070 0.0424
vn -0.9550 -0.2617 0.1398
vn -0.9621 -0.2607 0.0806
vn -0.9654 -0.2607 -0.0006
vn -0.9620 -0.2605 -0.0819
vn -0.9550 -0.2611 -0.1408
vn -0.9600 -0.1478 -0.2376
vn -0.9354 -0.2408 0.2590
vn -0.8795 -0.2230 0.4205
vn -0.4686 -0.1067 0.8770
vn -0.6744 -0.1627 0.7203
vn -0.7898 -0.1958 0.5812
vn -0.8628 -0.0160 -0.5053
vn -0.9208 -0.0210 -0.3896
vn -0.9315 -0.2356 -0.2771
vn -0.9127 -0.1811 -0.3663
vn -0.8989 -0.0912 -0.4285
vn -0.9072 -0.0652 -0.4156
vn -0.9271 -0.3146 -0.2037
vn -0.9125 -0.3675 -0.1797
vn -0.8810 -0.4524 -0.1388
vn -0.8981 0.0145 -0.4396
vn -0.7639 0.1102 -0.6359
vn -0.8950 0.0395 -0.4444
vn -0.9736 -0.0096 -0.2282
vn -0.4412 -0.0993 0.8919
vn -0.8995 -0.2604 0.3510
vn -0.7203 -0.1923 0.6665
vn -0.9606 -0.0576 -0.2719
vn -0.7235 0.0696 -0.6868
vn -0.9684 -0.0211 -0.2486
vn -0.8751 0.0256 -0.4833
vn -0.6752 0.0322 -0.7369
vn -0.6214 -0.0151 -0.7833
vn -0.8233 -0.0667 -0.5637
vn -0.8520 -0.0152 -0.5234
vn -0.9490 -0.1126 -0.2946
vn -0.9337 -0.1644 -0.3181
vn -0.7867 -0.1271 -0.6042
vn -0.5567 -0.0677 -0.8280
vn -0.9328 -0.1771 0.3139
vn -0.4338 -0.0592 0.8990
vn -0.7247 -0.1362 0.6755
vn -0.9141 -0.1947 0.3557
vn -0.3946 -0.0814 0.9153
vn -0.7402 -0.0385 0.6713
vn -0.9090 -0.2327 -0.3459
vn -0.7389 -0.1820 -0.6488
vn -0.4728 -0.1096 -0.8743
vn -0.5244 0.0476 0.8501
vn -0.7484 0.0333 0.6624
vn -0.8851 0.0906 0.4565
vn -0.4408 -0.1006 -0.8919
vn -0.7201 -0.1929 -0.6665
vn -0.9004 -0.2588 -0.3498
vn -0.8658 0.3550 0.3526
vn -0.9239 0.1597 0.3478
vn -0.7208 0.1383 0.6792
vn -0.3827 0.2599 0.8866
vn -0.4025 0.2160 0.8896
vn -0.6415 0.3812 0.6657
vn -0.5845 0.4675 0.6632
vn -0.7922 0.5034 0.3448
vn -0.7081 0.6131 0.3503
vn -0.4197 0.0959 0.9026
vn -0.4131 0.1580 0.8969
vn -0.6872 0.2736 0.6729
vn -0.9139 -0.1965 -0.3552
vn -0.7244 -0.1366 -0.6757
vn -0.4338 -0.0594 -0.8990
vn -0.9338 -0.1397 -0.3295
vn -0.7222 -0.0378 -0.6907
vn -0.3836 -0.0998 -0.9181
vn -0.6083 0.7141 0.3464
vn -0.4380 0.8291 0.3475
vn -0.3993 0.6485 0.6481
vn -0.3327 0.3643 0.8698
vn -0.3171 0.3444 0.8836
vn -0.3493 0.2940 0.8897
vn -0.3246 0.3227 0.8891
vn -0.5221 0.7794 0.3464
vn -0.4061 0.8483 0.3397
vn -0.4078 0.6284 0.6624
vn -0.4524 0.5922 0.6669
vn -0.5152 0.5382 0.6671
vn -0.5358 0.0933 -0.8391
vn -0.8914 0.0412 -0.4514
vn -0.7304 0.0355 -0.6821
vn -0.4223 0.8338 0.3557
vn -0.4537 0.8329 0.3168
vn -0.3856 0.3503 0.8536
vn -0.4765 0.3866 0.7896
vn -0.5558 0.3909 0.7337
vn -0.6396 0.4195 0.6441
vn -0.7997 0.4361 0.4128
vn -0.4729 0.8381 0.2721
vn -0.4974 0.8327 0.2435
vn -0.5271 0.8269 0.1958
vn -0.6958 0.6552 0.2942
vn -0.7268 0.4210 0.5427
vn -0.5442 0.8252 0.1511
vn -0.6571 0.6529 0.3767
vn -0.5988 0.6519 0.4653
vn -0.5437 0.6521 0.5284
vn -0.4913 0.6541 0.5752
vn -0.4356 0.6499 0.6227
vn -0.4129 0.1582 -0.8969
vn -0.7924 0.5033 -0.3445
vn -0.7085 0.6132 -0.3493
vn -0.4034 0.2158 -0.8892
vn -0.3826 0.2598 -0.8866
vn -0.7235 0.1366 -0.6767
vn -0.4271 0.0977 -0.8989
vn -0.6879 0.2714 -0.6732
vn -0.9228 0.1680 -0.3468
vn -0.8693 0.3452 -0.3537
vn -0.6413 0.3810 -0.6660
vn -0.5844 0.4674 -0.6633
vn -0.6866 0.7001 -0.1958
vn -0.8013 0.4396 -0.4057
vn -0.8396 0.4355 -0.3246
vn -0.5452 0.8266 -0.1397
vn -0.6975 0.6545 -0.2916
vn -0.7441 0.6528 -0.1418
vn -0.7528 0.6537 -0.0771
vn -0.7595 0.6505 0.0010
vn -0.7680 0.6342 0.0900
vn -0.7420 0.6564 0.1365
vn -0.6941 0.6934 0.1937
vn -0.8440 0.4320 0.3180
vn -0.4071 0.8481 -0.3390
vn -0.3158 0.3459 -0.8835
vn -0.3336 0.3632 -0.8699
vn -0.5220 0.7787 -0.3480
vn -0.3259 0.3241 -0.8881
vn -0.4048 0.6298 -0.6630
vn -0.3998 0.6485 -0.6477
vn -0.6120 0.7080 -0.3524
vn -0.5165 0.5370 -0.6670
vn -0.4387 0.8277 -0.3500
vn -0.4526 0.5921 -0.6668
vn -0.3496 0.2945 -0.8894
vn -0.5256 0.8274 -0.1981
vn -0.7541 0.3884 -0.5297
vn -0.6423 0.4138 -0.6452
vn -0.5595 0.4001 -0.7259
vn -0.3928 0.3740 -0.8402
vn -0.4940 0.3558 -0.7933
vn -0.4540 0.8328 -0.3166
vn -0.4232 0.8334 -0.3553
vn -0.4737 0.8364 -0.2760
vn -0.4949 0.8353 -0.2395
vn -0.4387 0.6487 -0.6218
vn -0.4918 0.6533 -0.5756
vn -0.5441 0.6512 -0.5290
vn -0.5991 0.6510 -0.4662
vn -0.6532 0.6543 -0.3812
vn 0.9328 -0.1895 0.3064
vn 0.7509 -0.0560 0.6580
vn 0.5433 0.0165 0.8394
vn 0.3006 0.0434 0.9528
vn 0.4201 0.0085 -0.9074
vn 0.8080 -0.2039 -0.5528
vn 0.7754 -0.1291 -0.6182
vn 0.7106 -0.0455 -0.7021
vn 0.5289 -0.1206 -0.8400
vn 0.9384 -0.1317 -0.3194
vn 0.9339 -0.2856 -0.2150
vn 0.4079 0.2652 -0.8737
vn 0.9022 0.4288 -0.0475
vn 0.8895 0.4130 -0.1956
vn 0.8349 0.3499 -0.4248
vn 0.6703 0.4399 -0.5976
vn 0.7327 0.6036 -0.3142
vn 0.8279 0.5163 -0.2193
vn 0.6894 0.2039 -0.6951
vn 0.7954 0.1189 -0.5943
vn 0.9427 0.0596 -0.3282
vn 0.9901 0.1173 -0.0769
vn 0.5348 0.2145 -0.8173
vn 0.9908 0.1200 -0.0622
vn 0.8923 0.4497 -0.0404
vn 0.9507 0.0501 -0.3061
vn 0.7494 0.5209 -0.4087
vn 0.9238 0.3183 -0.2129
vn 0.8412 0.3538 -0.4090
vn 0.7996 0.0983 -0.5924
vn 0.4751 0.0918 -0.8751
vn 0.5900 0.2206 -0.7767
vn 0.8036 0.5581 -0.2068
vn 0.8376 0.5350 -0.1106
vn 0.2772 0.0652 -0.9586
vn 0.3854 0.1816 -0.9047
vn 0.4906 0.3033 -0.8169
vn 0.7103 0.4143 -0.5691
vn 0.6061 0.4252 -0.6722
vn 0.7121 0.5647 -0.4171
vn 0.6061 0.1602 -0.7791
vn 0.9531 0.2984 -0.0506
vn 0.4909 0.2513 -0.8342
vn 0.8127 0.0883 -0.5760
vn 0.8449 0.3155 -0.4319
vn 0.9518 0.0150 -0.3065
vn 0.9965 0.0018 -0.0840
vn 0.9375 0.2637 -0.2273
vn 0.7412 0.4439 -0.5036
vn 0.8191 0.5288 -0.2223
vn 0.8650 0.4873 -0.1194
vn 0.9978 0.0230 0.0629
vn 0.9667 0.2487 0.0608
vn 0.8764 0.4805 0.0332
vn 0.8443 0.3159 0.4329
vn 0.8035 0.1087 0.5853
vn 0.9284 -0.2200 0.2993
vn 0.2733 0.0678 0.9595
vn 0.4950 0.0732 0.8658
vn 0.3826 0.1830 0.9056
vn 0.6079 0.1900 0.7709
vn 0.4893 0.3014 0.8184
vn 0.7325 0.4886 0.4740
vn 0.6192 0.4088 0.6704
vn 0.9373 0.2640 0.2276
vn 0.8647 0.4868 0.1242
vn 0.7254 0.5335 0.4350
vn 0.8185 0.5249 0.2334
vn 0.4151 0.1764 0.8925
vn 0.8440 0.5243 0.1133
vn 0.8277 0.5005 0.2536
vn 0.8407 0.3540 0.4098
vn 0.7144 0.4013 0.5732
vn 0.7300 0.5076 0.4576
vn 0.9377 0.1180 0.3268
vn 0.8137 0.1170 0.5694
vn 0.6034 0.1755 0.7779
vn 0.9182 0.3287 0.2211
vn 0.9873 0.1380 0.0787
vn 0.8900 0.4550 0.0293
vn 0.9893 0.1317 0.0622
vn 0.9018 0.4296 0.0461
vn 0.7350 0.0358 0.6771
vn 0.7871 0.1545 0.5972
vn 0.9473 0.0625 0.3141
vn 0.8187 0.3529 0.4530
vn 0.9108 0.3571 0.2074
vn 0.8043 0.5438 0.2397
vn 0.4476 0.1165 0.8866
vn 0.5631 0.2432 0.7898
vn 0.6717 0.4244 0.6072
vn 0.7321 0.6005 0.3216
vn -0.4782 -0.6848 -0.5499
vn 0.6471 0.7425 0.1733
vn 0.5718 0.6729 0.4694
vn 0.6883 0.6498 0.3225
vn 0.5693 0.6159 -0.5446
vn 0.6269 0.7791 -0.0000
vn 0.9671 -0.2543 -0.0000
vn 0.3889 0.6673 -0.6352
vn 0.9319 0.3483 -0.1009
vn 0.7929 0.3831 -0.4739
vn 0.6144 0.4780 -0.6277
vn 0.4560 0.5784 -0.6764
vn 0.8937 0.3516 -0.2788
vn -0.3191 -0.2573 -0.9121
vn -0.8828 0.3814 -0.2744
vn -0.3752 0.5814 -0.7219
vn 0.0078 -0.0072 -0.9999
vn 0.0422 -0.6886 -0.7239
vn -0.3343 0.7225 -0.6051
vn -0.2816 0.7131 -0.6420
vn -0.2258 0.6811 -0.6966
vn -0.5338 -0.4310 -0.7275
vn -0.4123 -0.5442 -0.7306
vn -0.2747 -0.6318 -0.7248
vn 0.0735 -0.0978 -0.9925
vn 0.0445 -0.0666 -0.9968
vn 0.1981 -0.6524 -0.7315
vn 0.0316 -0.0506 -0.9982
vn 0.0402 -0.0308 -0.9987
vn -0.1171 -0.6731 -0.7302
vn 0.2645 0.0262 -0.9640
vn 0.3505 -0.5894 -0.7279
vn 0.4768 -0.4830 -0.7344
vn 0.5818 -0.3566 -0.7309
vn 0.0682 -0.1222 -0.9902
vn 0.0737 -0.1291 -0.9889
vn 0.0708 -0.1262 -0.9895
vn -0.4522 0.7171 -0.5303
vn -0.8649 0.4248 -0.2673
vn -0.7223 0.6026 -0.3394
vn 0.6413 -0.1987 -0.7411
vn 0.0694 -0.6590 -0.7490
vn -0.6169 -0.2868 -0.7329
vn -0.4782 -0.6848 0.5499
vn 0.6495 0.7420 -0.1660
vn 0.5693 0.6159 0.5445
vn 0.7067 0.5788 -0.4069
vn 0.5710 0.6804 -0.4594
vn 0.5352 0.5004 -0.6805
vn -0.3191 -0.2573 0.9121
vn 0.6610 -0.1362 0.7379
vn -0.3752 0.5814 0.7219
vn 0.0138 -0.0027 0.9999
vn 0.0694 -0.6590 0.7490
vn 0.0771 -0.0824 0.9936
vn 0.0764 -0.1273 0.9889
vn 0.0726 -0.1209 0.9900
vn 0.0556 -0.0657 0.9963
vn -0.8827 0.3814 0.2745
vn -0.2258 0.6811 0.6965
vn -0.8854 0.3789 0.2693
vn -0.2826 0.7114 0.6435
vn -0.6551 0.1598 0.7385
vn -0.4932 0.4522 0.7431
vn -0.5964 0.3184 0.7368
vn -0.0540 0.6695 0.7409
vn -0.2142 0.6299 0.7466
vn -0.3679 0.5635 0.7397
vn -0.4222 0.7324 0.5341
vn -0.6598 0.6485 0.3796
vn -0.8329 0.4799 0.2756
vn 0.2610 0.6083 0.7495
vn 0.1197 0.6429 0.7566
vn 0.4187 0.5077 0.7530
vn 0.5285 0.4063 0.7454
vn 0.6160 0.2502 0.7470
vn 0.0349 -0.0471 0.9983
vn 0.0326 -0.0502 0.9982
vn 0.0262 -0.0502 0.9984
vn 0.2227 -0.1494 -0.9634
vn 0.2172 -0.0669 -0.9738
vn 0.7158 -0.6614 -0.2239
vn 0.6279 -0.7772 -0.0423
vn 0.7337 -0.6575 -0.1713
vn 0.6253 -0.7798 -0.0294
vn 0.7727 -0.6216 -0.1289
vn 0.6351 -0.7723 -0.0177
vn 0.7643 -0.6413 -0.0680
vn 0.6289 -0.7774 -0.0082
vn 0.7071 -0.5764 -0.4097
vn 0.6736 -0.7024 -0.2299
vn 0.6183 -0.7800 -0.0963
vn 0.7021 -0.4672 -0.5374
vn 0.6297 -0.4801 -0.6107
vn 0.6896 -0.5647 -0.4534
vn 0.5058 -0.2287 -0.8318
vn 0.5267 -0.3507 -0.7744
vn 0.5871 -0.3511 -0.7294
vn 0.6548 -0.2273 -0.7208
vn 0.2756 -0.1324 -0.9521
vn 0.3774 -0.2130 -0.9012
vn 0.4243 -0.0481 -0.9042
vn 0.9747 0.0447 -0.2190
vn 0.9694 -0.1536 -0.1914
vn 0.6918 -0.5625 -0.4528
vn 0.7740 -0.4603 -0.4349
vn 0.8309 -0.4398 -0.3410
vn 0.8731 -0.4245 -0.2397
vn 0.9004 -0.4139 -0.1339
vn 0.9251 -0.1654 -0.3418
vn 0.8562 -0.1808 -0.4839
vn 0.7641 -0.2020 -0.6127
vn 0.9170 0.0344 -0.3973
vn 0.8344 0.0163 -0.5509
vn 0.7149 0.0018 -0.6993
vn 0.5789 -0.0238 -0.8150
vn 0.4476 0.8925 0.0565
vn 0.4426 0.8939 -0.0715
vn -0.1150 0.7154 0.6891
vn -0.5305 0.7413 -0.4113
vn 0.3683 0.8679 0.3332
vn -0.2159 0.6736 -0.7068
vn -0.1024 0.7108 -0.6959
vn 0.0355 0.7585 -0.6507
vn 0.1574 0.7902 -0.5923
vn 0.2437 0.8260 -0.5083
vn -0.5502 0.6587 0.5132
vn 0.3573 0.8821 -0.3069
vn -0.5437 0.7143 0.4407
vn 0.2668 0.8366 0.4784
vn 0.1999 0.8001 0.5656
vn 0.1023 0.7728 0.6264
vn -0.5502 0.6588 -0.5131
vn 0.4174 0.8869 0.1980
vn -0.3392 0.9319 -0.1288
vn -0.3415 0.9303 0.1336
vn 0.9061 -0.4228 0.0137
vn 0.6856 -0.7280 0.0016
vn 0.1483 -0.1272 0.9807
vn 0.2059 -0.1816 0.9616
vn 0.2705 -0.3571 0.8940
vn 0.5821 -0.7478 0.3194
vn 0.5841 -0.6280 0.5141
vn 0.5799 -0.5155 0.6308
vn 0.5637 -0.4330 0.7034
vn 0.5111 -0.6792 0.5268
vn 0.4883 -0.5277 0.6950
vn 0.4077 -0.3801 0.8302
vn 0.4469 -0.3288 0.8320
vn 0.2282 -0.1696 0.9587
vn 0.1580 -0.1210 0.9800
vn 0.3056 -0.2412 0.9211
vn 0.4247 -0.5759 0.6986
vn 0.6546 -0.7517 0.0801
vn 0.5976 -0.7393 0.3104
vn 0.5387 -0.6636 0.5190
vn 0.4420 -0.5620 0.6992
vn 0.2849 -0.3617 0.8877
vn 0.3280 -0.2158 0.9197
vn 0.6232 -0.3533 0.6978
vn 0.7049 -0.1840 0.6850
vn 0.8240 -0.4375 0.3600
vn 0.8947 -0.2784 0.3494
vn 0.8434 -0.5323 0.0733
vn 0.7067 -0.6191 0.3426
vn 0.5382 -0.4688 0.7004
vn 0.7476 -0.6177 0.2438
vn 0.6502 -0.7591 0.0315
vn 0.6888 -0.7056 0.1662
vn 0.6115 -0.7904 0.0352
vn 0.6199 -0.7816 0.0691
vn 0.6176 -0.7804 0.0978
vn 0.6657 -0.7334 0.1378
vn 0.7173 -0.6320 0.2934
vn 0.6838 -0.3882 0.6178
vn 0.6743 -0.4652 0.5735
vn 0.7508 -0.4747 0.4594
vn 0.7609 -0.4481 0.4693
vn 0.7461 -0.5158 0.4210
vn 0.7591 -0.4149 0.5016
vn 0.7216 -0.3103 0.6189
vn 0.6308 -0.2173 0.7449
vn 0.8436 -0.5328 0.0664
vn 0.9582 -0.1710 0.2293
vn 0.9857 -0.1588 0.0566
vn 0.8024 -0.3647 0.4723
vn 0.9302 -0.3620 0.0611
vn 0.8964 -0.3802 0.2280
vn 0.6095 -0.7906 -0.0581
vn 0.3741 -0.6313 -0.6793
vn 0.6100 -0.7915 -0.0382
vn 0.3741 -0.6313 0.6793
vn 0.6136 -0.7886 -0.0393
vn 0.6486 -0.7552 -0.0949
vn 0.5010 -0.5452 -0.6721
vn 0.5010 -0.5452 0.6721
vn 0.3742 -0.6313 0.6793
vn 0.6278 -0.7782 -0.0177
vn 0.6145 -0.7882 -0.0352
vn 0.3742 -0.6313 -0.6793
vn 0.1512 -0.1251 -0.9805
vn 0.2724 -0.3507 -0.8960
vn 0.1485 -0.1281 -0.9806
vn 0.3063 -0.2344 -0.9226
vn 0.2271 -0.1851 -0.9561
vn 0.4402 -0.3255 -0.8368
vn 0.6588 -0.5543 -0.5087
vn 0.4980 -0.3880 -0.7755
vn 0.5826 -0.5245 -0.6209
vn 0.5768 -0.7368 -0.3527
vn 0.6293 -0.7139 -0.3073
vn 0.5876 -0.7903 -0.1733
vn 0.2028 -0.1981 -0.9590
vn 0.3817 -0.3617 -0.8506
vn 0.4425 -0.5551 -0.7043
vn 0.4980 -0.4623 -0.7337
vn 0.5318 -0.6677 -0.5210
vn 0.3067 -0.3634 -0.8797
vn 0.4579 -0.5414 -0.7051
vn 0.5525 -0.6520 -0.5192
vn 0.6159 -0.7237 -0.3113
vn 0.2892 -0.2112 -0.9337
vn 0.7519 -0.5518 -0.3608
vn 0.8103 -0.5786 -0.0934
vn 0.5642 -0.4325 -0.7033
vn 0.7346 -0.4054 -0.5441
vn 0.6511 -0.2777 -0.7064
vn 0.6396 -0.3644 -0.6768
vn 0.7813 -0.5030 -0.3696
vn 0.7549 -0.3968 -0.5223
vn 0.7385 -0.4922 -0.4609
vn 0.6756 -0.7207 -0.1556
vn 0.6622 -0.7330 -0.1557
vn 0.6688 -0.5653 -0.4829
vn 0.6547 -0.7187 -0.2341
vn 0.7148 -0.6193 -0.3249
vn 0.6959 -0.6728 -0.2512
vn 0.7119 -0.6732 -0.2002
vn 0.7617 -0.6047 -0.2327
vn 0.8690 -0.4801 -0.1201
vn 0.9195 -0.3742 -0.1205
vn 0.8353 -0.3704 -0.4064
vn 0.9692 -0.2176 -0.1152
vn 0.9585 -0.0764 -0.2746
vn 0.7682 -0.6355 -0.0774
vn 0.9360 -0.3518 0.0093
vn 0.9247 -0.3791 0.0341
vn 0.7581 -0.6521 0.0075
vn 0.7152 -0.6984 0.0272
vn 0.4885 -0.8725 0.0038
vn 0.4011 -0.9159 0.0158
vn 0.9253 -0.3750 0.0559
vn 0.7172 -0.6955 0.0425
vn 0.4020 -0.9154 0.0230
vn 0.5002 -0.8659 -0.0082
vn 0.9378 -0.3470 -0.0104
vn 0.7648 -0.6442 -0.0102
vn 0.9259 -0.3718 0.0662
vn 0.7184 -0.6939 0.0494
vn 0.4036 -0.9146 0.0260
vn 0.4008 -0.9161 -0.0115
vn 0.7149 -0.6988 -0.0241
vn 0.9247 -0.3794 -0.0326
vn 0.9167 -0.3863 0.1023
vn 0.4054 -0.9129 0.0481
vn 0.7135 -0.6952 0.0875
vn 0.3995 -0.9164 -0.0234
vn 0.9227 -0.3813 -0.0566
vn 0.7133 -0.6995 -0.0434
vn 0.8990 -0.3668 0.2393
vn 0.4493 -0.8873 0.1044
vn 0.7233 -0.6668 0.1797
vn 0.4593 -0.8698 0.1803
vn 0.7022 -0.6496 0.2916
vn 0.8606 -0.3523 0.3677
vn 0.9259 -0.3719 -0.0663
vn 0.7196 -0.6926 -0.0499
vn 0.4047 -0.9141 -0.0259
vn 0.8004 -0.3512 0.4858
vn 0.6001 -0.3227 0.7319
vn 0.7050 -0.3363 0.6244
vn 0.5038 -0.2980 0.8108
vn 0.4026 -0.2839 0.8702
vn 0.3077 -0.2731 0.9115
vn 0.2125 -0.2697 0.9392
vn 0.4425 -0.8606 0.2523
vn 0.6590 -0.6389 0.3969
vn 0.4201 -0.8444 0.3324
vn 0.5993 -0.6213 0.5049
vn 0.3899 -0.8223 0.4145
vn 0.5273 -0.5986 0.6031
vn 0.3503 -0.7983 0.4899
vn 0.4488 -0.5751 0.6840
vn 0.3043 -0.7758 0.5527
vn 0.3701 -0.5542 0.7456
vn 0.2542 -0.7570 0.6019
vn 0.2932 -0.5373 0.7908
vn 0.2004 -0.7437 0.6378
vn 0.2204 -0.5237 0.8229
vn 0.1673 -0.6547 0.7371
vn 0.1601 -0.3386 0.9272
vn 0.9167 -0.3864 -0.1020
vn 0.7147 -0.6944 -0.0837
vn 0.4068 -0.9125 -0.0436
vn 0.7279 -0.3315 0.6002
vn 0.1791 -0.6446 0.7432
vn -0.3050 -0.3715 0.8769
vn 0.2546 -0.2460 0.9352
vn 0.1459 -0.3406 0.9288
vn 0.1560 -0.6554 0.7390
vn 0.7762 -0.4931 0.3930
vn 0.8607 -0.3519 -0.3679
vn 0.9037 -0.3600 -0.2319
vn 0.7021 -0.6492 -0.2926
vn 0.7236 -0.6661 -0.1809
vn 0.4590 -0.8696 -0.1819
vn 0.4495 -0.8870 -0.1061
vn 0.0800 -0.7238 0.6854
vn 0.0978 -0.7206 0.6864
vn 0.0523 -0.7463 0.6635
vn 0.0310 -0.5093 0.8600
vn -0.0089 -0.5243 0.8515
vn -0.0121 -0.2208 0.9752
vn -0.0762 -0.2566 0.9635
vn 0.0595 -0.2389 0.9692
vn 0.0972 -0.5051 0.8576
vn 0.1138 -0.7257 0.6785
vn 0.0649 -0.5047 0.8609
vn 0.0309 -0.2411 0.9700
vn 0.1681 -0.6518 -0.7396
vn 0.2174 -0.5217 -0.8250
vn 0.2041 -0.7410 -0.6398
vn 0.7989 -0.3515 -0.4880
vn 0.4430 -0.8597 -0.2544
vn 0.4226 -0.8423 -0.3345
vn 0.3922 -0.8198 -0.4172
vn 0.6573 -0.6391 -0.3994
vn 0.5987 -0.6217 -0.5050
vn 0.5271 -0.5990 -0.6028
vn 0.4490 -0.5755 -0.6835
vn 0.7133 -0.3358 -0.6152
vn 0.5995 -0.3245 -0.7316
vn 0.5035 -0.3000 -0.8102
vn 0.4074 -0.2897 -0.8661
vn 0.2140 -0.2668 -0.9397
vn 0.3078 -0.2740 -0.9112
vn 0.2935 -0.5375 -0.7905
vn 0.3704 -0.5545 -0.7452
vn 0.3053 -0.7736 -0.5552
vn 0.3520 -0.7958 -0.4927
vn 0.2548 -0.7552 -0.6040
vn 0.1644 -0.3398 -0.9260
vn -0.0932 -0.2573 0.9618
vn -0.0228 -0.5249 0.8509
vn 0.0498 -0.7479 0.6619
vn 0.1734 -0.3379 -0.9251
vn 0.1448 -0.2051 -0.9680
vn 0.1620 -0.6553 -0.7378
vn 0.2046 -0.7473 -0.6323
vn 0.1735 -0.5231 -0.8344
vn 0.1283 -0.3663 -0.9216
vn -0.6722 -0.4860 0.5585
vn -0.5179 -0.6899 0.5058
vn -0.4337 -0.6545 0.6193
vn -0.7937 -0.2139 0.5694
vn 0.0576 -0.7547 0.6535
vn -0.3290 -0.8450 0.4216
vn -0.0755 -0.9557 0.2845
vn -0.1123 -0.9138 0.3903
vn -0.5389 -0.2459 0.8057
vn -0.6867 -0.2295 0.6898
vn -0.4403 -0.2172 0.8712
vn -0.3446 -0.2334 0.9092
vn -0.2512 -0.2239 0.9417
vn -0.1851 -0.2147 0.9590
vn -0.1139 -0.2593 0.9591
vn 0.0246 -0.7933 0.6084
vn 0.0520 -0.7809 0.6224
vn 0.0033 -0.8324 0.5541
vn -0.0373 -0.8492 0.5267
vn -0.0785 -0.8765 0.4750
vn -0.3351 -0.6230 0.7068
vn -0.2465 -0.5963 0.7640
vn -0.1760 -0.5752 0.7989
vn -0.1133 -0.5584 0.8218
vn -0.0631 -0.5443 0.8365
vn -0.0299 -0.5314 0.8466
vn 0.0973 -0.5056 -0.8573
vn 0.0577 -0.2338 -0.9706
vn 0.0814 -0.7245 -0.6845
vn 0.0974 -0.7206 -0.6865
vn 0.1146 -0.7247 -0.6795
vn -0.0091 -0.5242 -0.8516
vn -0.0754 -0.2583 -0.9631
vn -0.0107 -0.2241 -0.9745
vn 0.0246 -0.2486 -0.9683
vn 0.0561 -0.7463 -0.6632
vn 0.0310 -0.5092 -0.8601
vn 0.0651 -0.5046 -0.8609
vn -0.8930 -0.1158 0.4348
vn -0.8510 -0.2635 0.4542
vn -0.5213 -0.7588 0.3905
vn -0.6711 -0.6016 0.4333
vn -0.7907 -0.4102 0.4545
vn 0.0153 -0.9816 0.1901
vn -0.2514 -0.9116 0.3253
vn -0.1572 -0.9513 0.2653
vn -0.3475 -0.8766 0.3329
vn 0.0499 -0.7482 -0.6616
vn -0.0931 -0.2572 -0.9619
vn -0.0229 -0.5247 -0.8510
vn -0.9209 -0.1864 0.3425
vn -0.7773 -0.5321 0.3357
vn -0.7417 -0.6326 0.2228
vn -0.5793 -0.7918 0.1935
vn -0.4135 -0.8759 0.2487
vn -0.6133 -0.7302 0.3013
vn -0.4409 -0.8830 0.1610
vn -0.1813 -0.9780 0.1035
vn -0.3359 -0.9315 0.1398
vn -0.8666 -0.4360 0.2427
vn -0.9523 -0.1776 0.2481
vn -0.6727 -0.4875 -0.5566
vn -0.7869 -0.2137 -0.5789
vn -0.6624 -0.2566 -0.7038
vn -0.3319 -0.8446 -0.4201
vn -0.5203 -0.6910 -0.5017
vn -0.4347 -0.6534 -0.6198
vn -0.1113 -0.2628 -0.9584
vn -0.1853 -0.2054 -0.9610
vn -0.2543 -0.2139 -0.9432
vn -0.3467 -0.2295 -0.9095
vn -0.4131 -0.2542 -0.8745
vn -0.5293 -0.2626 -0.8068
vn 0.0486 -0.7746 -0.6305
vn 0.0578 -0.7549 -0.6532
vn 0.0322 -0.8013 -0.5974
vn 0.0036 -0.8274 -0.5616
vn -0.0338 -0.8524 -0.5217
vn -0.0786 -0.8800 -0.4684
vn -0.1142 -0.9129 -0.3919
vn -0.0786 -0.9563 -0.2817
vn -0.3366 -0.6207 -0.7081
vn -0.2475 -0.5946 -0.7650
vn -0.1766 -0.5741 -0.7995
vn -0.1138 -0.5578 -0.8221
vn -0.0633 -0.5440 -0.8367
vn -0.0300 -0.5312 -0.8467
vn -0.9653 -0.2258 0.1309
vn 0.1023 -0.9945 0.0229
vn -0.2434 -0.9654 0.0934
vn -0.0141 -0.9987 0.0499
vn -0.1528 -0.9868 0.0529
vn -0.4171 -0.9049 0.0848
vn -0.6543 -0.7479 0.1119
vn -0.8387 -0.5292 0.1287
vn 0.0248 -0.9792 -0.2013
vn -0.2518 -0.9089 -0.3325
vn -0.5195 -0.7557 -0.3987
vn -0.6686 -0.5990 -0.4407
vn -0.7891 -0.4112 -0.4564
vn -0.8513 -0.2627 -0.4542
vn -0.8907 -0.1014 -0.4432
vn -0.1617 -0.9534 -0.2546
vn -0.3503 -0.8761 -0.3314
vn -0.1050 -0.9945 -0.0004
vn 0.1035 -0.9940 -0.0341
vn -0.9748 -0.2229 0.0004
vn -0.9650 -0.2270 -0.1316
vn -0.8478 -0.5304 0.0003
vn -0.8375 -0.5299 -0.1332
vn -0.6621 -0.7494 0.0002
vn -0.6527 -0.7482 -0.1192
vn -0.4216 -0.9068 0.0001
vn -0.4191 -0.9035 -0.0891
vn -0.1484 -0.9872 -0.0579
vn -0.6146 -0.7312 -0.2960
vn -0.4136 -0.8768 -0.2452
vn -0.3355 -0.9316 -0.1402
vn -0.1855 -0.9786 -0.0886
vn -0.9198 -0.1859 -0.3455
vn -0.7791 -0.5308 -0.3335
vn -0.8674 -0.4372 -0.2374
vn -0.9502 -0.1844 -0.2512
vn -0.4347 -0.8847 -0.1683
vn -0.5838 -0.7898 -0.1881
vn -0.7434 -0.6336 -0.2143
vn -0.0132 -0.9985 -0.0530
vn -0.2344 -0.9675 -0.0952
vn -0.7904 -0.0559 0.6100
vn -0.3468 -0.7125 0.6100
vn 0.7904 0.0559 0.6100
vn 0.3469 0.7126 0.6098
vn 0.5734 -0.2791 0.7703
vn 0.4437 -0.6565 0.6100
vn -0.4436 0.6566 0.6100
vn 0.3468 0.7125 -0.6100
vn 0.7903 0.0558 -0.6102
vn -0.7904 -0.0559 -0.6100
vn -0.4437 0.6566 -0.6100
vn 0.4437 -0.6565 -0.6100
vn -0.3468 -0.7125 -0.6100
vn -0.7125 0.3467 0.6100
vn -0.6566 -0.4436 0.6100
vn -0.0560 0.7904 0.6100
vn 0.6565 0.4437 0.6100
vn 0.3630 -0.5361 0.7621
vn 0.0560 -0.7904 0.6100
vn 0.7125 -0.3468 0.6100
vn 0.5802 -0.2768 0.7660
vn 0.0457 -0.6465 0.7615
vn -0.2840 -0.5817 0.7622
vn -0.5354 -0.3605 0.7638
vn 0.6566 0.4437 -0.6100
vn 0.7125 -0.3469 -0.6099
vn 0.5290 0.3578 -0.7695
vn 0.2792 0.5748 -0.7692
vn -0.0560 0.7904 -0.6100
vn -0.0398 0.6434 -0.7645
vn -0.3634 0.5361 -0.7620
vn -0.7125 0.3468 -0.6100
vn 0.0560 -0.7904 -0.6100
vn -0.6566 -0.4437 -0.6100
vn -0.5810 0.2815 -0.7637
vn 0.3434 0.6207 -0.7049
vn 0.3434 0.6207 0.7049
vn 0.2014 0.6236 -0.7554
vn 0.2014 0.6235 0.7554
vn 0.0004 0.6809 -0.7324
vn -0.0591 0.6546 0.7536
vn -0.3514 0.9309 -0.1001
vn -0.3162 0.5754 0.7543
vn -0.3307 0.9313 0.1524
vn 0.3434 0.6207 0.7048
vn 0.2014 0.6235 -0.7554
vn -0.0612 0.6524 -0.7554
vn -0.0264 0.6636 0.7477
vn -0.3146 0.5755 -0.7548
vn -0.2644 -0.5323 -0.8042
vn -0.4254 0.0291 -0.9045
vn -0.2644 -0.5323 0.8042
vn -0.4254 0.0291 0.9045
vn -0.6973 -0.2034 -0.6873
vn 0.4282 -0.5856 -0.6883
vn 0.2067 0.6033 -0.7703
vn 0.4312 -0.5461 -0.7182
vn -0.1226 0.6258 -0.7703
vn -0.1299 0.7395 -0.6605
vn 0.2019 0.7232 -0.6605
vn -0.7235 -0.0721 -0.6865
vn -0.7323 0.1355 -0.6673
vn -0.6312 0.3953 -0.6673
vn -0.6258 -0.1226 -0.7703
vn 0.7427 0.0081 -0.6696
vn -0.6033 0.2067 -0.7703
vn 0.6997 -0.2492 -0.6696
vn -0.4191 0.4807 -0.7703
vn 0.5716 -0.4714 -0.6716
vn 0.4325 -0.5660 -0.7019
vn -0.5247 0.3820 -0.7608
vn -0.6384 0.1165 -0.7608
vn 0.6940 0.2644 -0.6696
vn -0.3070 0.5718 -0.7608
vn 0.2711 -0.6905 -0.6706
vn -0.0285 0.6484 -0.7608
vn 0.0232 -0.7414 -0.6706
vn 0.2556 0.5965 -0.7608
vn -0.2275 -0.7061 -0.6706
vn -0.4548 -0.5870 -0.6697
vn -0.6319 -0.3917 -0.6688
vn -0.6258 -0.1721 -0.7608
vn 0.4282 -0.5856 0.6883
vn 0.4313 -0.5461 0.7182
vn 0.3841 -0.5834 0.7157
vn 0.4651 -0.8797 0.0990
vn 0.2019 0.7231 0.6605
vn -0.1299 0.7395 0.6605
vn -0.6312 0.3953 0.6673
vn -0.7323 0.1355 0.6673
vn -0.7235 -0.0721 0.6865
vn -0.6972 -0.2034 0.6874
vn -0.6319 -0.3917 0.6688
vn -0.4548 -0.5871 0.6697
vn 0.2557 0.5965 0.7608
vn -0.2275 -0.7061 0.6706
vn -0.0285 0.6484 0.7608
vn 0.0232 -0.7414 0.6706
vn -0.3070 0.5718 0.7608
vn 0.2711 -0.6905 0.6706
vn -0.5247 0.3820 0.7608
vn -0.6384 0.1165 0.7608
vn -0.6258 -0.1720 0.7608
vn -0.1226 0.6258 0.7703
vn 0.2067 0.6033 0.7703
vn 0.4386 -0.5657 0.6983
vn -0.4191 0.4807 0.7703
vn 0.5704 -0.4736 0.6710
vn -0.6033 0.2067 0.7703
vn 0.6996 -0.2492 0.6696
vn 0.7427 0.0081 0.6696
vn -0.6258 -0.1226 0.7703
vn 0.6940 0.2644 0.6696
vn -0.4263 -0.5989 0.6779
vn 0.4454 -0.8946 -0.0351
vn 0.4164 -0.5784 -0.7015
vn 0.4313 -0.5461 -0.7182
vn 0.2557 0.5965 -0.7608
vn -0.4263 -0.5989 -0.6779
vn -0.6258 -0.1720 -0.7608
vn 0.2992 -0.3956 -0.8683
vn 0.5146 -0.6806 -0.5215
vn 0.3681 -0.3313 -0.8688
vn 0.4197 -0.2629 -0.8688
vn 0.4587 -0.1866 -0.8688
vn 0.4823 -0.1083 -0.8693
vn 0.4921 -0.0351 -0.8698
vn 0.6331 -0.5699 -0.5238
vn 0.7219 -0.4522 -0.5238
vn 0.7891 -0.3209 -0.5238
vn 0.8308 -0.1865 -0.5243
vn 0.8490 -0.0605 -0.5249
vn 0.0585 0.4870 0.8715
vn 0.0956 0.8486 0.5204
vn 0.1310 0.4771 0.8690
vn 0.2087 0.4489 0.8689
vn 0.2816 0.4071 0.8689
vn 0.3463 0.3537 0.8689
vn 0.4011 0.2901 0.8689
vn 0.4443 0.2182 0.8689
vn 0.4778 0.1347 0.8681
vn 0.2254 0.8213 0.5241
vn 0.3592 0.7723 0.5239
vn 0.4845 0.7005 0.5239
vn 0.5959 0.6086 0.5239
vn 0.6901 0.4992 0.5239
vn 0.7645 0.3754 0.5239
vn 0.8202 0.2316 0.5231
s 1
f 1//1 2//2 3//3
f 1//1 3//3 4//4
f 4//4 3//3 5//5
f 4//4 5//5 6//6
f 7//7 8//8 9//9
f 9//9 8//8 10//10
f 9//9 10//10 11//11
f 11//11 10//10 12//12
f 11//11 12//12 13//13
f 13//13 12//12 14//14
f 13//13 14//14 15//15
f 15//15 14//14 16//16
f 15//15 16//16 17//17
f 17//17 16//16 18//18
f 17//17 18//18 19//19
f 19//19 18//18 20//20
f 19//19 20//20 21//21
f 21//21 20//20 22//22
f 23//23 24//24 25//25
f 25//25 24//24 26//26
f 25//25 26//26 27//27
f 27//27 26//26 28//28
f 27//27 28//28 29//29
f 29//29 28//28 30//30
f 29//29 30//30 31//31
f 31//31 30//30 32//32
f 31//31 32//32 33//33
f 33//33 32//32 34//34
f 33//33 34//34 35//35
f 35//35 34//34 36//36
f 37//36 38//35 39//34
f 39//34 38//35 40//33
f 39//34 40//33 41//32
f 41//32 40//33 42//31
f 41//32 42//31 43//30
f 43//30 42//31 44//29
f 43//30 44//29 45//28
f 45//28 44//29 46//27
f 45//28 46//27 47//26
f 47//26 46//27 48//25
f 47//26 48//25 49//37
f 49//37 48//25 50//23
f 51//38 52//39 53//40
f 51//38 53//40 54//41
f 54//41 53//40 55//42
f 54//41 55//42 56//43
f 56//43 55//42 57//44
f 56//43 57//44 58//45
f 58//45 57//44 59//46
f 58//45 59//46 60//47
f 60//47 59//46 61//48
f 60//47 61//48 62//49
f 63//50 64//51 65//52
f 65//52 64//51 66//53
f 65//52 66//53 67//54
f 67//54 66//53 68//55
f 69//56 70//57 71//58
f 72//59 73//60 74//61
f 75//62 76//63 77//64
f 77//64 76//63 78//65
f 75//62 77//64 79//66
f 79//66 77//64 80//67
f 79//66 80//67 81//68
f 82//69 83//70 80//67
f 80//67 83//70 84//71
f 80//67 84//71 81//68
f 85//72 86//73 87//74
f 87//74 86//73 88//75
f 89//76 90//77 74//61
f 74//61 90//77 91//78
f 74//61 91//78 72//59
f 74//61 92//79 89//76
f 89//76 92//79 93//80
f 89//76 93//80 94//81
f 94//81 93//80 71//58
f 94//81 71//58 95//82
f 95//82 71//58 70//57
f 95//82 70//57 96//83
f 77//64 97//84 80//67
f 80//67 97//84 98//85
f 80//67 98//85 82//69
f 82//69 98//85 99//86
f 82//69 99//86 100//87
f 100//87 99//86 101//88
f 100//87 101//88 102//89
f 102//89 101//88 103//90
f 102//89 103//90 104//91
f 104//91 103//90 105//92
f 104//91 105//92 106//93
f 106//93 105//92 107//94
f 107//94 108//95 106//93
f 106//93 108//95 109//96
f 106//93 109//96 104//91
f 104//91 109//96 110//97
f 104//91 110//97 102//89
f 102//89 110//97 111//98
f 102//89 111//98 100//87
f 100//87 111//98 112//99
f 100//87 112//99 82//69
f 82//69 112//99 87//74
f 82//69 87//74 83//70
f 83//70 87//74 88//75
f 108//95 69//56 109//96
f 109//96 69//56 71//58
f 109//96 71//58 110//97
f 110//97 71//58 93//80
f 110//97 93//80 111//98
f 111//98 93//80 92//79
f 111//98 92//79 112//99
f 112//99 92//79 74//61
f 112//99 74//61 87//74
f 87//74 74//61 73//60
f 87//74 73//60 85//72
f 113//100 114//101 115//102
f 115//102 114//101 116//103
f 115//102 116//103 117//104
f 118//105 119//106 120//107
f 120//107 119//106 117//104
f 120//107 117//104 121//108
f 121//108 117//104 116//103
f 122//109 123//110 115//102
f 115//102 123//110 113//100
f 124//111 125//112 126//113
f 126//113 125//112 127//114
f 126//113 127//114 128//115
f 124//111 126//113 129//116
f 129//116 126//113 130//117
f 129//116 130//117 131//118
f 131//118 130//117 132//119
f 131//118 132//119 133//120
f 133//120 132//119 134//121
f 134//121 132//119 135//122
f 134//121 135//122 136//123
f 137//124 138//125 139//126
f 139//126 138//125 140//127
f 139//126 140//127 141//128
f 141//128 140//127 142//129
f 141//128 142//129 135//122
f 135//122 142//129 143//130
f 135//122 143//130 136//123
f 137//124 139//126 144//131
f 144//131 139//126 145//132
f 144//131 145//132 146//133
f 146//133 145//132 147//134
f 147//134 145//132 148//135
f 147//134 148//135 149//136
f 150//137 151//138 152//139
f 152//139 151//138 153//140
f 154//141 155//142 156//143
f 157//144 158//145 159//146
f 159//146 158//145 160//147
f 159//146 160//147 161//148
f 161//148 160//147 162//149
f 162//149 160//147 163//150
f 162//149 163//150 164//151
f 164//151 163//150 165//152
f 165//152 163//150 166//153
f 165//152 166//153 156//143
f 156//143 166//153 167//154
f 156//143 167//154 154//141
f 127//114 168//155 169//156
f 168//155 170//157 171//158
f 172//159 173//160 174//161
f 174//161 173//160 175//162
f 174//161 175//162 176//163
f 176//163 175//162 177//164
f 176//163 177//164 178//165
f 178//165 177//164 179//166
f 178//165 179//166 180//167
f 180//167 179//166 181//168
f 180//167 181//168 182//169
f 182//169 181//168 171//158
f 182//169 171//158 183//170
f 183//170 171//158 170//157
f 183//170 170//157 184//171
f 168//155 171//158 169//156
f 169//156 171//158 181//168
f 169//156 181//168 185//172
f 185//172 181//168 179//166
f 185//172 179//166 186//173
f 186//173 179//166 177//164
f 186//173 177//164 187//174
f 187//174 177//164 175//162
f 187//174 175//162 188//175
f 188//175 175//162 173//160
f 188//175 173//160 189//176
f 172//159 190//177 173//160
f 173//160 190//177 191//178
f 173//160 191//178 189//176
f 189//176 191//178 192//179
f 189//176 192//179 193//180
f 127//114 169//156 194//181
f 194//181 169//156 185//172
f 194//181 185//172 195//182
f 195//182 185//172 186//173
f 195//182 186//173 196//183
f 196//183 186//173 187//174
f 196//183 187//174 197//184
f 197//184 187//174 188//175
f 197//184 188//175 198//185
f 198//185 188//175 189//176
f 198//185 189//176 199//186
f 199//186 189//176 193//180
f 199//186 193//180 200//187
f 201//188 202//189 203//190
f 203//190 202//189 204//191
f 203//190 204//191 205//192
f 205//192 204//191 206//193
f 205//192 206//193 207//194
f 207//194 206//193 208//195
f 207//194 208//195 209//196
f 209//196 208//195 210//197
f 209//196 210//197 211//198
f 211//198 210//197 212//199
f 211//198 212//199 213//200
f 213//200 212//199 214//201
f 157//144 215//202 216//203
f 215//202 217//204 218//205
f 217//204 219//206 220//207
f 217//204 220//207 218//205
f 218//205 220//207 221//208
f 218//205 221//208 222//209
f 222//209 221//208 223//210
f 222//209 223//210 224//211
f 224//211 223//210 225//212
f 224//211 225//212 226//213
f 226//213 225//212 227//214
f 226//213 227//214 228//215
f 228//215 227//214 229//216
f 228//215 229//216 230//217
f 230//217 229//216 231//218
f 230//217 231//218 232//219
f 232//219 231//218 233//220
f 232//219 233//220 234//221
f 233//220 235//222 234//221
f 234//221 235//222 236//223
f 234//221 236//223 237//224
f 215//202 218//205 216//203
f 216//203 218//205 222//209
f 216//203 222//209 238//225
f 238//225 222//209 224//211
f 238//225 224//211 239//226
f 239//226 224//211 226//213
f 239//226 226//213 240//227
f 240//227 226//213 228//215
f 240//227 228//215 241//228
f 241//228 228//215 230//217
f 241//228 230//217 242//229
f 242//229 230//217 232//219
f 242//229 232//219 243//230
f 243//230 232//219 234//221
f 243//230 234//221 244//231
f 244//231 234//221 237//224
f 244//231 237//224 245//232
f 157//144 216//203 246//233
f 246//233 216//203 238//225
f 246//233 238//225 247//234
f 247//234 238//225 239//226
f 247//234 239//226 248//235
f 248//235 239//226 240//227
f 248//235 240//227 249//236
f 249//236 240//227 241//228
f 249//236 241//228 250//237
f 250//237 241//228 242//229
f 250//237 242//229 251//238
f 251//238 242//229 243//230
f 251//238 243//230 252//239
f 252//239 243//230 244//231
f 252//239 244//231 253//240
f 253//240 244//231 245//232
f 253//240 245//232 254//241
f 255//242 256//243 257//244
f 257//244 256//243 258//245
f 259//246 260//247 261//248
f 262//249 263//250 264//251
f 264//251 263//250 265//252
f 264//251 265//252 266//253
f 266//253 265//252 267//254
f 267//254 265//252 268//255
f 267//254 268//255 269//256
f 269//256 268//255 270//257
f 270//257 268//255 271//258
f 270//257 271//258 272//259
f 261//248 260//247 271//258
f 271//258 260//247 273//260
f 271//258 273//260 272//259
f 259//246 261//248 274//261
f 274//261 261//248 275//262
f 274//261 275//262 276//263
f 276//263 275//262 277//264
f 276//263 277//264 278//265
f 279//266 280//267 281//268
f 282//269 283//270 281//268
f 281//268 283//270 284//271
f 281//268 284//271 279//266
f 279//266 284//271 285//272
f 279//266 285//272 286//273
f 286//273 285//272 287//274
f 286//273 287//274 288//275
f 289//189 290//188 291//276
f 291//276 290//188 292//277
f 291//276 292//277 293//278
f 293//278 292//277 294//279
f 293//278 294//279 295//280
f 295//280 294//279 296//281
f 295//280 296//281 297//282
f 297//282 296//281 298//283
f 297//282 298//283 299//284
f 299//284 298//283 300//285
f 299//284 300//285 301//201
f 301//201 300//285 302//200
f 303//286 304//287 305//288
f 305//288 304//287 306//289
f 305//288 306//289 307//290
f 307//290 306//289 308//291
f 308//291 306//289 309//292
f 308//291 309//292 310//293
f 310//293 309//292 311//294
f 311//294 309//292 312//295
f 311//294 312//295 313//296
f 313//296 312//295 314//297
f 314//297 312//295 315//298
f 314//297 315//298 316//299
f 316//299 315//298 317//300
f 317//300 315//298 318//301
f 317//300 318//301 319//302
f 319//302 318//301 320//303
f 320//303 318//301 321//304
f 320//303 321//304 322//305
f 323//306 324//307 325//308
f 326//309 327//310 328//311
f 328//311 327//310 325//308
f 325//308 327//310 329//312
f 325//308 329//312 323//306
f 328//311 330//313 326//309
f 326//309 330//313 331//314
f 326//309 331//314 332//315
f 332//315 331//314 333//316
f 332//315 333//316 334//317
f 334//317 333//316 335//318
f 335//318 336//319 337//320
f 337//320 336//319 338//321
f 337//320 338//321 339//322
f 340//323 341//324 342//325
f 342//325 341//324 343//326
f 344//327 345//328 346//329
f 346//329 345//328 347//330
f 346//329 347//330 348//331
f 348//331 347//330 343//326
f 348//331 343//326 349//332
f 349//332 343//326 341//324
f 346//329 350//333 344//327
f 344//327 350//333 351//334
f 344//327 351//334 352//335
f 353//336 354//337 355//338
f 355//338 354//337 352//335
f 355//338 352//335 356//339
f 356//339 352//335 351//334
f 340//323 357//340 358//341
f 358//341 357//340 359//342
f 359//342 357//340 360//343
f 360//343 357//340 361//344
f 360//343 361//344 362//345
f 340//323 342//325 357//340
f 357//340 342//325 339//322
f 357//340 339//322 361//344
f 361//344 339//322 338//321
f 361//344 338//321 362//345
f 362//345 338//321 336//319
f 362//345 336//319 363//346
f 335//318 333//316 336//319
f 336//319 333//316 364//347
f 336//319 364//347 363//346
f 331//314 365//348 366//349
f 366//349 367//350 331//314
f 331//314 367//350 368//351
f 331//314 368//351 333//316
f 333//316 368//351 369//352
f 333//316 369//352 364//347
f 331//314 370//353 365//348
f 365//348 370//353 371//354
f 365//348 371//354 372//355
f 330//313 373//356 331//314
f 331//314 373//356 374//357
f 331//314 374//357 370//353
f 370//353 374//357 375//358
f 370//353 375//358 371//354
f 371//354 375//358 376//359
f 371//354 376//359 372//355
f 377//360 378//361 379//362
f 379//362 378//361 380//363
f 381//364 382//365 377//360
f 377//360 382//365 383//366
f 377//360 383//366 378//361
f 384//367 385//368 386//369
f 386//369 387//370 384//367
f 384//367 387//370 388//371
f 384//367 388//371 389//372
f 389//372 388//371 390//373
f 389//372 390//373 391//374
f 386//369 392//375 387//370
f 387//370 392//375 393//376
f 387//370 393//376 394//377
f 393//376 395//378 394//377
f 394//377 395//378 396//379
f 394//377 396//379 324//307
f 324//307 396//379 397//380
f 324//307 397//380 325//308
f 385//368 384//367 398//381
f 398//381 384//367 399//382
f 398//381 399//382 376//359
f 376//359 399//382 400//383
f 376//359 400//383 372//355
f 391//374 381//364 389//372
f 389//372 381//364 377//360
f 389//372 377//360 384//367
f 384//367 377//360 379//362
f 384//367 379//362 399//382
f 399//382 379//362 380//363
f 399//382 380//363 400//383
f 401//384 402//385 403//386
f 401//384 403//386 235//222
f 403//386 404//387 405//388
f 235//222 403//386 406//389
f 406//389 403//386 405//388
f 406//389 405//388 407//390
f 408//391 405//388 409//392
f 409//392 405//388 404//387
f 404//387 410//393 409//392
f 409//392 410//393 411//394
f 409//392 411//394 412//395
f 413//396 414//397 415//398
f 415//398 414//397 416//399
f 416//399 417//400 415//398
f 415//398 417//400 418//401
f 415//398 418//401 419//402
f 420//403 421//404 422//405
f 422//405 421//404 423//406
f 420//403 424//407 421//404
f 421//404 424//407 425//408
f 421//404 425//408 426//409
f 427//410 428//411 429//412
f 429//412 428//411 426//409
f 429//412 426//409 430//413
f 430//413 426//409 425//408
f 430//413 425//408 431//414
f 432//415 433//416 434//417
f 432//415 434//417 435//418
f 420//403 435//418 424//407
f 424//407 435//418 434//417
f 424//407 434//417 425//408
f 425//408 434//417 436//419
f 425//408 436//419 431//414
f 437//420 438//421 439//422
f 220//207 219//206 440//423
f 440//423 219//206 441//424
f 433//416 442//425 434//417
f 434//417 442//425 436//419
f 443//426 229//216 227//214
f 401//384 235//222 233//220
f 439//422 438//421 433//416
f 433//416 438//421 444//427
f 433//416 444//427 442//425
f 227//214 225//212 443//426
f 443//426 225//212 223//210
f 443//426 223//210 440//423
f 440//423 223//210 221//208
f 440//423 221//208 220//207
f 443//426 402//385 229//216
f 229//216 402//385 401//384
f 229//216 401//384 231//218
f 231//218 401//384 233//220
f 441//424 445//428 440//423
f 440//423 445//428 446//429
f 440//423 446//429 439//422
f 439//422 446//429 447//430
f 439//422 447//430 437//420
f 413//396 423//406 421//404
f 448//431 449//432 450//433
f 414//397 413//396 450//433
f 450//433 413//396 421//404
f 450//433 421//404 448//431
f 448//431 421//404 426//409
f 416//399 414//397 451//434
f 452//435 453//436 454//437
f 454//437 453//436 455//438
f 456//439 408//391 457//440
f 457//440 408//391 409//392
f 457//440 409//392 455//438
f 455//438 409//392 412//395
f 455//438 412//395 454//437
f 458//441 419//402 418//401
f 458//441 418//401 451//434
f 451//434 418//401 417//400
f 451//434 417//400 416//399
f 412//395 458//441 454//437
f 454//437 458//441 451//434
f 454//437 451//434 452//435
f 452//435 451//434 459//442
f 452//435 459//442 460//443
f 461//444 462//445 463//446
f 463//446 462//445 464//447
f 461//444 465//448 462//445
f 462//445 465//448 466//449
f 462//445 466//449 467//450
f 464//447 462//445 468//451
f 468//451 462//445 469//452
f 468//451 469//452 470//453
f 470//453 469//452 471//454
f 470//453 471//454 459//442
f 459//442 471//454 472//455
f 459//442 472//455 460//443
f 473//456 474//457 475//458
f 476//459 473//456 477//460
f 477//460 473//456 475//458
f 477//460 475//458 478//461
f 479//462 480//463 481//464
f 480//463 479//462 482//465
f 483//466 484//467 485//468
f 484//467 483//466 486//469
f 487//470 488//471 489//472
f 487//470 489//472 490//473
f 490//473 489//472 491//474
f 490//473 491//474 492//475
f 492//475 493//476 490//473
f 490//473 493//476 494//477
f 490//473 494//477 495//478
f 495//478 494//477 496//479
f 495//478 496//479 497//480
f 497//480 496//479 498//481
f 497//480 498//481 499//482
f 499//482 498//481 500//483
f 501//484 502//485 503//486
f 64//51 504//487 66//53
f 66//53 504//487 505//488
f 66//53 505//488 68//55
f 68//55 505//488 506//489
f 506//489 505//488 507//490
f 507//490 505//488 508//491
f 507//490 508//491 509//492
f 509//492 508//491 510//493
f 509//492 510//493 511//494
f 510//493 512//495 511//494
f 511//494 512//495 513//496
f 511//494 513//496 503//486
f 503//486 513//496 514//497
f 503//486 514//497 501//484
f 515//498 516//499 517//500
f 517//500 516//499 518//501
f 518//501 516//499 519//502
f 519//502 516//499 520//503
f 519//502 520//503 521//504
f 515//498 517//500 522//505
f 522//505 517//500 523//506
f 522//505 523//506 524//507
f 524//507 523//506 525//508
f 524//507 525//508 526//509
f 526//509 525//508 527//510
f 526//509 527//510 528//511
f 529//512 527//510 525//508
f 517//500 530//513 523//506
f 523//506 530//513 531//514
f 529//512 525//508 532//515
f 532//515 525//508 523//506
f 532//515 523//506 533//516
f 531//514 534//517 523//506
f 523//506 534//517 535//518
f 523//506 535//518 533//516
f 536//519 507//490 509//492
f 537//520 511//494 538//521
f 538//521 511//494 503//486
f 537//520 539//522 511//494
f 511//494 539//522 540//523
f 511//494 540//523 509//492
f 509//492 540//523 541//524
f 509//492 541//524 536//519
f 542//525 543//526 544//527
f 544//527 545//528 546//529
f 547//530 548//531 546//529
f 546//529 548//531 549//532
f 546//529 549//532 544//527
f 542//525 544//527 550//533
f 551//534 552//535 549//532
f 549//532 552//535 553//536
f 549//532 553//536 544//527
f 544//527 553//536 554//537
f 544//527 554//537 550//533
f 555//538 556//539 557//540
f 558//541 559//542 560//543
f 560//543 559//542 561//544
f 559//542 562//545 563//546
f 559//542 563//546 561//544
f 561//544 563//546 564//547
f 561//544 564//547 565//548
f 566//549 567//550 557//540
f 557//540 567//550 568//551
f 557//540 568//551 555//538
f 569//552 551//534 568//551
f 568//551 551//534 570//553
f 568//551 570//553 555//538
f 571//554 572//555 573//556
f 573//556 572//555 574//557
f 573//556 574//557 569//552
f 569//552 574//557 575//558
f 569//552 575//558 551//534
f 564//547 542//525 565//548
f 565//548 542//525 576//559
f 565//548 576//559 577//560
f 577//560 576//559 572//555
f 577//560 572//555 578//561
f 578//561 572//555 571//554
f 579//562 580//563 581//564
f 581//564 580//563 582//565
f 583//566 584//567 580//563
f 580//563 584//567 585//568
f 585//568 586//569 580//563
f 580//563 586//569 587//570
f 580//563 587//570 582//565
f 582//565 588//571 589//572
f 589//572 590//573 582//565
f 582//565 590//573 591//574
f 582//565 591//574 581//564
f 592//575 590//573 593//576
f 593//576 590//573 594//577
f 589//572 595//578 590//573
f 590//573 595//578 596//579
f 590//573 596//579 594//577
f 594//577 596//579 597//580
f 594//577 597//580 598//581
f 598//581 597//580 599//582
f 600//583 601//584 602//585
f 603//586 604//587 605//588
f 605//588 604//587 606//589
f 605//588 606//589 607//590
f 604//587 608//591 606//589
f 606//589 608//591 609//592
f 606//589 609//592 607//590
f 607//590 609//592 602//585
f 607//590 602//585 610//593
f 610//593 602//585 601//584
f 610//593 601//584 611//594
f 600//583 602//585 612//595
f 612//595 602//585 609//592
f 612//595 609//592 597//580
f 597//580 609//592 613//596
f 597//580 613//596 599//582
f 614//597 615//598 616//599
f 617//600 618//601 619//602
f 614//597 616//599 620//603
f 621//604 622//605 616//599
f 616//599 622//605 617//600
f 616//599 617//600 620//603
f 620//603 617//600 619//602
f 623//606 624//607 625//608
f 626//609 623//606 627//610
f 627//610 623//606 625//608
f 627//610 625//608 628//611
f 628//611 625//608 629//612
f 630//613 504//487 64//51
f 488//471 487//470 631//614
f 631//614 487//470 630//613
f 631//614 630//613 63//50
f 63//50 630//613 64//51
f 632//615 633//616 634//617
f 634//617 633//616 635//618
f 634//617 635//618 500//483
f 495//478 497//480 635//618
f 635//618 497//480 499//482
f 635//618 499//482 500//483
f 636//619 630//613 487//470
f 635//618 637//620 495//478
f 495//478 637//620 636//619
f 495//478 636//619 490//473
f 490//473 636//619 487//470
f 548//531 547//530 638//621
f 638//621 555//538 548//531
f 548//531 555//538 570//553
f 548//531 570//553 549//532
f 549//532 570//553 551//534
f 639//622 627//610 640//623
f 640//623 627//610 628//611
f 640//623 628//611 629//612
f 641//624 642//625 643//626
f 643//626 642//625 644//627
f 643//626 644//627 645//628
f 641//624 646//629 642//625
f 642//625 646//629 647//630
f 642//625 647//630 648//631
f 649//632 650//633 648//631
f 648//631 650//633 651//634
f 648//631 651//634 642//625
f 642//625 651//634 652//635
f 642//625 652//635 653//636
f 653//636 652//635 654//637
f 653//636 654//637 655//638
f 655//638 654//637 584//567
f 655//638 584//567 583//566
f 656//639 657//640 623//606
f 623//606 657//640 658//641
f 623//606 658//641 624//607
f 623//606 659//642 656//639
f 656//639 659//642 660//643
f 656//639 660//643 661//644
f 662//645 663//646 664//647
f 664//647 663//646 665//648
f 664//647 665//648 666//649
f 666//649 665//648 667//650
f 666//649 667//650 668//651
f 668//651 667//650 669//652
f 670//653 671//654 660//643
f 660//643 671//654 672//655
f 663//646 673//656 665//648
f 665//648 673//656 661//644
f 665//648 661//644 667//650
f 667//650 661//644 660//643
f 667//650 660//643 669//652
f 669//652 660//643 672//655
f 623//606 626//609 659//642
f 659//642 626//609 674//657
f 659//642 674//657 660//643
f 660//643 674//657 675//658
f 660//643 675//658 670//653
f 676//659 677//660 678//661
f 678//661 677//660 679//662
f 678//661 679//662 680//663
f 680//663 679//662 681//664
f 672//655 681//664 669//652
f 669//652 681//664 679//662
f 669//652 679//662 668//651
f 668//651 679//662 677//660
f 668//651 677//660 666//649
f 676//659 666//649 677//660
f 676//659 678//661 682//665
f 682//665 678//661 683//666
f 682//665 683//666 684//667
f 684//667 683//666 618//601
f 684//667 618//601 617//600
f 617//600 622//605 684//667
f 684//667 622//605 685//668
f 684//667 685//668 682//665
f 682//665 685//668 666//649
f 682//665 666//649 676//659
f 280//267 686//669 281//268
f 281//268 686//669 687//670
f 687//670 688//671 281//268
f 281//268 688//671 689//672
f 281//268 689//672 282//269
f 519//502 521//504 690//673
f 690//673 521//504 691//674
f 692//675 693//676 694//677
f 694//677 693//676 695//678
f 694//677 695//678 691//674
f 691//674 695//678 696//679
f 691//674 696//679 690//673
f 697//680 698//681 699//682
f 700//683 701//684 702//685
f 697//680 699//682 703//686
f 704//687 694//677 691//674
f 699//682 700//683 703//686
f 703//686 700//683 702//685
f 703//686 702//685 705//688
f 705//688 702//685 706//689
f 705//688 706//689 707//690
f 707//690 706//689 704//687
f 707//690 704//687 708//691
f 708//691 704//687 691//674
f 709//692 545//528 544//527
f 709//692 544//527 563//546
f 563//546 544//527 564//547
f 564//547 544//527 543//526
f 564//547 543//526 542//525
f 710//693 711//694 712//695
f 713//696 699//682 714//697
f 714//697 699//682 698//681
f 714//697 698//681 715//698
f 715//698 698//681 716//699
f 716//699 698//681 712//695
f 712//695 698//681 717//700
f 712//695 717//700 710//693
f 718//701 719//702 720//703
f 720//703 719//702 721//704
f 720//703 721//704 722//705
f 723//706 724//707 287//274
f 721//704 719//702 725//708
f 725//708 719//702 726//709
f 727//710 728//711 726//709
f 726//709 728//711 729//712
f 726//709 729//712 725//708
f 211//198 130//117 726//709
f 726//709 130//117 126//113
f 211//198 213//200 130//117
f 130//117 213//200 730//285
f 130//117 730//285 132//119
f 132//119 730//285 731//283
f 132//119 731//283 135//122
f 135//122 731//283 732//281
f 284//271 733//277 285//272
f 285//272 733//277 201//188
f 285//272 201//188 287//274
f 734//713 727//710 735//714
f 735//714 727//710 726//709
f 735//714 726//709 128//115
f 128//115 726//709 126//113
f 287//274 201//188 723//706
f 723//706 201//188 203//190
f 723//706 203//190 736//715
f 736//715 203//190 205//192
f 736//715 205//192 737//716
f 737//716 205//192 207//194
f 737//716 207//194 726//709
f 726//709 207//194 209//196
f 726//709 209//196 211//198
f 738//279 139//126 732//281
f 732//281 139//126 141//128
f 732//281 141//128 135//122
f 284//271 739//717 733//277
f 733//277 739//717 148//135
f 733//277 148//135 738//279
f 738//279 148//135 145//132
f 738//279 145//132 139//126
f 740//718 741//719 742//720
f 687//670 686//669 743//721
f 688//671 687//670 744//722
f 744//722 687//670 743//721
f 744//722 743//721 745//723
f 745//723 743//721 746//724
f 747//725 748//726 749//727
f 749//727 748//726 750//728
f 749//727 750//728 751//729
f 751//729 750//728 752//730
f 751//729 752//730 746//724
f 746//724 752//730 753//731
f 746//724 753//731 745//723
f 754//732 755//733 756//734
f 756//734 755//733 757//735
f 756//734 757//735 758//736
f 758//736 757//735 759//737
f 758//736 759//737 760//738
f 760//738 759//737 761//739
f 760//738 761//739 762//740
f 762//740 761//739 763//741
f 762//740 763//741 747//725
f 747//725 763//741 764//742
f 747//725 764//742 748//726
f 765//743 740//718 766//744
f 766//744 740//718 742//720
f 766//744 742//720 754//732
f 754//732 742//720 767//745
f 754//732 767//745 755//733
f 768//746 769//747 718//701
f 720//703 722//705 770//748
f 720//703 770//748 718//701
f 718//701 770//748 771//749
f 718//701 771//749 768//746
f 772//750 773//751 774//752
f 772//750 774//752 775//753
f 773//751 741//719 774//752
f 774//752 741//719 740//718
f 774//752 740//718 765//743
f 579//562 581//564 776//754
f 776//754 581//564 777//755
f 778//756 775//753 779//757
f 779//757 775//753 774//752
f 779//757 774//752 780//758
f 779//757 780//758 781//759
f 781//759 780//758 782//760
f 781//759 782//760 777//755
f 777//755 782//760 783//761
f 777//755 783//761 776//754
f 784//762 785//763 786//764
f 786//764 785//763 787//765
f 787//765 785//763 615//598
f 615//598 785//763 788//766
f 615//598 788//766 616//599
f 784//762 789//767 785//763
f 785//763 789//767 790//768
f 785//763 790//768 788//766
f 788//766 790//768 791//769
f 788//766 791//769 616//599
f 616//599 791//769 621//604
f 792//770 793//771 794//772
f 795//773 796//774 797//775
f 798//776 792//770 797//775
f 797//775 792//770 794//772
f 797//775 794//772 795//773
f 795//773 794//772 790//768
f 793//771 790//768 794//772
f 784//762 796//774 789//767
f 789//767 796//774 795//773
f 789//767 795//773 790//768
f 799//777 769//747 768//746
f 800//778 801//779 802//780
f 792//770 798//776 803//781
f 802//780 790//768 804//782
f 804//782 790//768 805//783
f 804//782 805//783 806//784
f 807//785 808//786 809//787
f 809//787 808//786 810//788
f 811//789 799//777 809//787
f 809//787 799//777 768//746
f 809//787 768//746 807//785
f 807//785 768//746 771//749
f 790//768 793//771 805//783
f 805//783 793//771 792//770
f 805//783 792//770 806//784
f 806//784 792//770 803//781
f 806//784 803//781 812//790
f 800//778 802//780 813//791
f 813//791 802//780 804//782
f 813//791 804//782 810//788
f 810//788 804//782 806//784
f 810//788 806//784 809//787
f 809//787 806//784 812//790
f 809//787 812//790 811//789
f 814//792 815//793 816//794
f 816//794 815//793 817//795
f 818//796 819//797 820//798
f 820//798 819//797 821//799
f 817//795 815//793 822//800
f 822//800 815//793 823//801
f 822//800 823//801 824//802
f 823//801 825//803 824//802
f 824//802 825//803 826//804
f 824//802 826//804 827//805
f 827//805 826//804 828//806
f 827//805 828//806 829//807
f 828//806 830//808 829//807
f 829//807 830//808 831//809
f 829//807 831//809 832//810
f 832//810 831//809 833//811
f 832//810 833//811 834//812
f 834//812 833//811 835//813
f 836//814 837//815 838//816
f 838//816 837//815 839//817
f 838//816 839//817 840//818
f 840//818 839//817 841//819
f 840//818 841//819 842//820
f 842//820 841//819 843//821
f 842//820 843//821 844//822
f 844//822 843//821 845//823
f 844//822 845//823 835//813
f 835//813 845//823 846//824
f 835//813 846//824 834//812
f 847//825 848//826 849//827
f 849//827 848//826 850//828
f 849//827 850//828 836//814
f 836//814 850//828 851//829
f 836//814 851//829 837//815
f 852//830 853//831 854//832
f 854//832 853//831 855//833
f 854//832 855//833 856//834
f 856//834 855//833 857//835
f 856//834 857//835 858//836
f 858//836 857//835 859//837
f 860//838 861//839 862//840
f 862//840 861//839 863//841
f 862//840 863//841 864//842
f 864//842 863//841 865//843
f 864//842 865//843 866//844
f 866//844 865//843 867//845
f 866//844 867//845 868//846
f 868//846 867//845 869//847
f 868//846 869//847 859//837
f 859//837 869//847 870//848
f 859//837 870//848 858//836
f 862//840 871//849 860//838
f 860//838 871//849 872//850
f 860//838 872//850 873//851
f 872//850 874//852 873//851
f 873//851 874//852 875//853
f 873//851 875//853 876//854
f 876//854 875//853 877//855
f 877//855 875//853 878//856
f 877//855 878//856 879//857
f 878//856 880//858 879//857
f 879//857 880//858 881//859
f 879//857 881//859 882//860
f 882//860 881//859 883//861
f 882//860 883//861 818//796
f 818//796 883//861 819//797
f 848//826 847//825 884//862
f 848//826 884//862 885//863
f 885//863 884//862 886//864
f 885//863 886//864 887//865
f 887//865 886//864 888//866
f 888//866 886//864 889//867
f 888//866 889//867 890//868
f 890//868 889//867 891//869
f 890//868 891//869 892//870
f 893//871 894//872 895//873
f 895//873 894//872 896//874
f 895//873 896//874 897//875
f 897//875 896//874 898//876
f 897//875 898//876 899//877
f 899//877 898//876 900//878
f 899//877 900//878 901//879
f 901//879 900//878 902//880
f 901//879 902//880 903//881
f 903//881 902//880 892//870
f 903//881 892//870 904//882
f 904//882 892//870 891//869
f 905//883 906//884 907//885
f 907//885 908//886 905//883
f 905//883 908//886 909//887
f 905//883 909//887 910//888
f 910//888 909//887 911//889
f 910//888 911//889 912//890
f 912//890 911//889 913//891
f 913//891 911//889 914//892
f 913//891 914//892 915//893
f 915//893 914//892 916//894
f 915//893 916//894 917//895
f 917//895 916//894 918//896
f 917//895 918//896 919//897
f 919//897 918//896 920//898
f 919//897 920//898 921//899
f 921//899 920//898 922//900
f 921//899 922//900 923//901
f 923//901 922//900 924//902
f 923//901 924//902 925//903
f 925//903 924//902 926//904
f 926//904 924//902 927//905
f 926//904 927//905 852//830
f 852//830 927//905 928//906
f 852//830 928//906 853//831
f 929//907 930//908 931//909
f 894//872 893//871 932//910
f 932//910 893//871 929//907
f 932//910 929//907 933//911
f 933//911 929//907 931//909
f 934//912 935//913 936//914
f 936//914 935//913 937//915
f 936//914 937//915 930//908
f 930//908 937//915 938//916
f 930//908 938//916 931//909
f 939//917 940//918 941//919
f 941//919 940//918 942//920
f 941//919 942//920 943//921
f 939//917 944//922 940//918
f 940//918 944//922 945//923
f 940//918 945//923 946//924
f 946//924 945//923 947//925
f 946//924 947//925 948//926
f 948//926 947//925 949//927
f 948//926 949//927 934//912
f 934//912 949//927 950//928
f 934//912 950//928 935//913
f 951//929 952//930 953//931
f 953//931 952//930 954//932
f 953//931 954//932 955//933
f 955//933 954//932 941//919
f 955//933 941//919 956//934
f 956//934 941//919 943//921
f 951//929 957//935 952//930
f 952//930 957//935 958//936
f 952//930 958//936 959//937
f 959//937 958//936 960//938
f 960//938 961//939 959//937
f 959//937 961//939 962//940
f 959//937 962//940 963//941
f 963//941 962//940 964//942
f 963//941 964//942 965//943
f 965//943 964//942 966//944
f 965//943 966//944 967//945
f 967//945 966//944 968//946
f 969//947 970//948 971//949
f 971//949 970//948 972//950
f 971//949 972//950 973//951
f 973//951 972//950 974//952
f 973//951 974//952 968//946
f 968//946 974//952 975//953
f 968//946 975//953 967//945
f 907//885 906//884 976//954
f 976//954 906//884 977//955
f 976//954 977//955 978//956
f 978//956 977//955 979//957
f 978//956 979//957 980//958
f 980//958 979//957 981//959
f 980//958 981//959 969//947
f 969//947 981//959 982//960
f 969//947 982//960 970//948
f 983//961 984//962 985//963
f 985//963 984//962 986//964
f 987//965 988//966 989//967
f 989//967 988//966 990//968
f 989//967 990//968 991//969
f 991//969 990//968 992//970
f 991//969 992//970 993//971
f 993//971 992//970 994//972
f 993//971 994//972 995//973
f 994//972 996//974 995//973
f 995//973 996//974 997//975
f 995//973 997//975 998//976
f 998//976 997//975 999//977
f 998//976 999//977 1000//978
f 1001//979 1002//980 1003//981
f 1003//981 1002//980 1004//982
f 1003//981 1004//982 1005//983
f 1005//983 1004//982 1006//984
f 1005//983 1006//984 1007//985
f 1007//985 1006//984 1008//986
f 1007//985 1008//986 1009//987
f 1009//987 1008//986 1010//988
f 1009//987 1010//988 1011//989
f 1011//989 1010//988 1012//990
f 1011//989 1012//990 1013//991
f 987//965 989//967 1014//992
f 1014//992 989//967 1015//993
f 1014//992 1015//993 986//964
f 986//964 1015//993 1016//994
f 986//964 1016//994 985//963
f 1012//990 1017//995 1013//991
f 1013//991 1017//995 1018//996
f 1013//991 1018//996 1019//997
f 1019//997 1018//996 983//961
f 1019//997 983//961 1020//998
f 1020//998 983//961 985//963
f 1021//999 1022//1000 1023//1001
f 1023//1001 1022//1000 1024//1002
f 1025//1003 1026//1004 1022//1000
f 1022//1000 1026//1004 1027//1005
f 1022//1000 1027//1005 1024//1002
f 1028//1006 1029//1007 1030//1008
f 1030//1008 1031//1009 1028//1006
f 1028//1006 1031//1009 1032//1010
f 1028//1006 1032//1010 1025//1003
f 1025//1003 1032//1010 1033//1011
f 1025//1003 1033//1011 1026//1004
f 1034//1012 1035//1013 1036//1014
f 1036//1014 1035//1013 1037//1015
f 1036//1014 1037//1015 1029//1007
f 1029//1007 1037//1015 1038//1016
f 1029//1007 1038//1016 1030//1008
f 1039//1017 1040//1018 1041//1019
f 1041//1019 1040//1018 1034//1012
f 1041//1019 1034//1012 1042//1020
f 1042//1020 1034//1012 1036//1014
f 1043//1021 1044//1022 1045//1023
f 1045//1023 1044//1022 1046//1024
f 1045//1023 1046//1024 1039//1017
f 1039//1017 1046//1024 1047//1025
f 1039//1017 1047//1025 1040//1018
f 1021//999 1048//1026 1022//1000
f 1022//1000 1048//1026 1049//1027
f 1022//1000 1049//1027 1025//1003
f 1025//1003 1049//1027 1050//1028
f 1025//1003 1050//1028 1028//1006
f 1028//1006 1050//1028 1051//1029
f 1028//1006 1051//1029 1029//1007
f 1029//1007 1051//1029 1052//1030
f 1029//1007 1052//1030 1036//1014
f 1036//1014 1052//1030 1053//1031
f 1036//1014 1053//1031 1042//1020
f 1042//1020 1053//1031 1054//1032
f 1042//1020 1054//1032 1041//1019
f 1041//1019 1054//1032 1055//1033
f 1041//1019 1055//1033 1039//1017
f 1039//1017 1055//1033 1056//1034
f 1039//1017 1056//1034 1045//1023
f 1045//1023 1056//1034 1057//1035
f 1058//1036 1059//1037 1060//1038
f 1059//1037 1058//1036 1061//1039
f 1061//1039 1058//1036 1062//1040
f 1062//1040 1058//1036 1063//1041
f 1062//1040 1063//1041 1064//1042
f 1045//1023 1057//1035 1065//1043
f 1043//1021 1045//1023 1066//1044
f 1066//1044 1045//1023 1067//1045
f 1067//1045 1045//1023 1068//1046
f 1068//1046 1045//1023 1065//1043
f 1068//1046 1065//1043 1069//1047
f 1069//1047 1065//1043 1070//1048
f 1069//1047 1070//1048 1071//1049
f 1071//1049 1070//1048 1072//1050
f 1071//1049 1072//1050 1073//1051
f 1073//1051 1072//1050 1074//1052
f 1073//1051 1074//1052 1075//1053
f 1076//1054 1077//1055 1075//1053
f 1075//1053 1077//1055 1078//1056
f 1075//1053 1078//1056 1073//1051
f 1079//1057 1080//1058 1081//1059
f 1081//1059 1080//1058 1082//1060
f 1081//1059 1082//1060 1083//1061
f 1083//1061 1082//1060 1084//1062
f 1084//1062 1082//1060 1085//1063
f 1084//1062 1085//1063 1086//1064
f 1086//1064 1085//1063 1087//1065
f 1087//1065 1085//1063 1088//1066
f 1087//1065 1088//1066 1089//1067
f 1089//1067 1088//1066 1090//1068
f 1090//1068 1088//1066 1091//1069
f 1090//1068 1091//1069 1092//1070
f 1092//1070 1091//1069 1093//1071
f 1093//1071 1091//1069 1094//1072
f 1093//1071 1094//1072 1095//1073
f 1095//1073 1094//1072 1096//1074
f 1096//1074 1094//1072 1097//1075
f 1096//1074 1097//1075 1098//1076
f 1098//1076 1097//1075 1099//1077
f 1098//1076 1099//1077 1100//1078
f 1101//1079 1099//1077 1102//1080
f 1102//1080 1099//1077 1097//1075
f 1102//1080 1097//1075 1103//1081
f 1103//1081 1097//1075 1094//1072
f 1103//1081 1094//1072 1104//1082
f 1104//1082 1094//1072 1091//1069
f 1104//1082 1091//1069 1105//1083
f 1105//1083 1091//1069 1088//1066
f 1105//1083 1088//1066 1106//1084
f 1106//1084 1088//1066 1085//1063
f 1106//1084 1085//1063 1107//1085
f 1107//1085 1085//1063 1082//1060
f 1107//1085 1082//1060 1108//1086
f 1108//1086 1082//1060 1080//1058
f 1109//1087 1101//1079 1110//1088
f 1110//1088 1101//1079 1102//1080
f 1110//1088 1102//1080 1111//1089
f 1111//1089 1102//1080 1103//1081
f 1111//1089 1103//1081 1112//1090
f 1112//1090 1103//1081 1104//1082
f 1112//1090 1104//1082 1113//1091
f 1113//1091 1104//1082 1105//1083
f 1113//1091 1105//1083 1114//1092
f 1114//1092 1105//1083 1106//1084
f 1114//1092 1106//1084 1115//1093
f 1115//1093 1106//1084 1107//1085
f 1115//1093 1107//1085 1116//1094
f 1116//1094 1107//1085 1108//1086
f 1079//1057 1117//1095 1080//1058
f 1080//1058 1117//1095 1118//1096
f 1080//1058 1118//1096 1108//1086
f 1108//1086 1118//1096 1119//1097
f 1108//1086 1119//1097 1116//1094
f 1116//1094 1119//1097 1120//1098
f 1116//1094 1120//1098 1121//1099
f 1048//1026 1109//1087 1049//1027
f 1049//1027 1109//1087 1110//1088
f 1049//1027 1110//1088 1050//1028
f 1050//1028 1110//1088 1111//1089
f 1050//1028 1111//1089 1051//1029
f 1051//1029 1111//1089 1112//1090
f 1051//1029 1112//1090 1052//1030
f 1052//1030 1112//1090 1113//1091
f 1052//1030 1113//1091 1053//1031
f 1053//1031 1113//1091 1114//1092
f 1053//1031 1114//1092 1054//1032
f 1054//1032 1114//1092 1115//1093
f 1054//1032 1115//1093 1055//1033
f 1055//1033 1115//1093 1116//1094
f 1055//1033 1116//1094 1056//1034
f 1056//1034 1116//1094 1121//1099
f 1056//1034 1121//1099 1057//1035
f 1122//1100 1123//1101 1124//1102
f 1125//1103 1126//1104 1127//1105
f 1128//1106 1129//1107 1130//1108
f 1127//1105 1131//1109 1132//1110
f 1127//1105 1132//1110 1130//1108
f 1130//1108 1132//1110 1133//1111
f 1130//1108 1133//1111 1128//1106
f 1134//1112 1135//1113 1136//1114
f 1130//1108 1137//1115 1127//1105
f 1127//1105 1137//1115 1138//1116
f 1127//1105 1138//1116 1139//1117
f 1139//1117 1140//1118 1127//1105
f 1127//1105 1140//1118 1141//1119
f 1127//1105 1141//1119 1125//1103
f 1142//1120 1124//1102 1136//1114
f 1136//1114 1124//1102 1143//1121
f 1144//1122 1143//1121 1145//1123
f 1145//1123 1143//1121 1124//1102
f 1145//1123 1124//1102 1146//1124
f 1146//1124 1124//1102 1123//1101
f 1134//1112 1136//1114 1023//1001
f 1023//1001 1136//1114 1143//1121
f 1023//1001 1143//1121 1021//999
f 1021//999 1143//1121 1144//1122
f 1021//999 1144//1122 1048//1026
f 1126//1104 1122//1100 1127//1105
f 1127//1105 1122//1100 1124//1102
f 1127//1105 1124//1102 1131//1109
f 1131//1109 1124//1102 1142//1120
f 1131//1109 1142//1120 1147//1125
f 1147//1125 1142//1120 1136//1114
f 1147//1125 1136//1114 1148//1126
f 1148//1126 1136//1114 1135//1113
f 1130//1108 1129//1107 1149//1127
f 1150//1128 1151//1129 1152//1130
f 1152//1130 1153//1131 1150//1128
f 1150//1128 1153//1131 1154//1132
f 1150//1128 1154//1132 1155//1133
f 1155//1133 1154//1132 1156//1134
f 1155//1133 1156//1134 1157//1135
f 1157//1135 1156//1134 1158//1136
f 1158//1136 1156//1134 1159//1137
f 1158//1136 1159//1137 1160//1138
f 1160//1138 1159//1137 1161//1139
f 1160//1138 1161//1139 1162//1140
f 1162//1140 1161//1139 1163//1141
f 1162//1140 1163//1141 1164//1142
f 1164//1142 1163//1141 1165//1143
f 1164//1142 1165//1143 1166//1144
f 1165//1143 1167//1145 1166//1144
f 1166//1144 1167//1145 1168//1146
f 1166//1144 1168//1146 1169//1147
f 1169//1147 1168//1146 1170//1148
f 1168//1146 1171//1149 1170//1148
f 1170//1148 1171//1149 1172//1150
f 1170//1148 1172//1150 1149//1127
f 1137//1115 1130//1108 1173//1151
f 1173//1151 1130//1108 1149//1127
f 1173//1151 1149//1127 1174//1152
f 1174//1152 1149//1127 1172//1150
f 1175//1153 1176//1154 1177//1155
f 1152//1130 1151//1129 1178//1156
f 1152//1130 1178//1156 1179//1157
f 1179//1157 1178//1156 1180//1158
f 1179//1157 1180//1158 1181//1159
f 1181//1159 1180//1158 1182//1160
f 1181//1159 1182//1160 1183//1161
f 1183//1161 1182//1160 1184//1162
f 1183//1161 1184//1162 1185//1163
f 1185//1163 1184//1162 1186//1164
f 1185//1163 1186//1164 1187//1165
f 1186//1164 1188//1166 1187//1165
f 1187//1165 1188//1166 1189//1167
f 1187//1165 1189//1167 1190//1168
f 1190//1168 1189//1167 1191//1169
f 1190//1168 1191//1169 1192//1170
f 1192//1170 1191//1169 1193//1171
f 1192//1170 1193//1171 1194//1172
f 1193//1171 1195//1173 1194//1172
f 1194//1172 1195//1173 1196//1174
f 1194//1172 1196//1174 1197//1175
f 1197//1175 1196//1174 1198//1176
f 1197//1175 1198//1176 1199//1177
f 1199//1177 1198//1176 1200//1178
f 1199//1177 1200//1178 1177//1155
f 1177//1155 1200//1178 1201//1179
f 1177//1155 1201//1179 1175//1153
f 1202//1180 1203//1181 1204//1182
f 1202//1180 1204//1182 1205//1183
f 1204//1182 1206//1184 1205//1183
f 1205//1183 1206//1184 1207//1185
f 1205//1183 1207//1185 1208//1186
f 1207//1185 1209//1187 1208//1186
f 1208//1186 1209//1187 1210//1188
f 1208//1186 1210//1188 1211//1189
f 1210//1188 1212//1190 1211//1189
f 1211//1189 1212//1190 1213//1191
f 1211//1189 1213//1191 1214//1192
f 1213//1191 1215//1193 1214//1192
f 1214//1192 1215//1193 1216//1194
f 1214//1192 1216//1194 1217//1195
f 1217//1195 1216//1194 1218//1196
f 1217//1195 1218//1196 1219//1197
f 1219//1197 1218//1196 1220//1198
f 1219//1197 1220//1198 1221//1199
f 1221//1199 1220//1198 1222//1200
f 1221//1199 1222//1200 1223//1201
f 1223//1201 1222//1200 1224//1202
f 1223//1201 1224//1202 1225//1203
f 1225//1203 1224//1202 1226//1204
f 1225//1203 1226//1204 1227//1205
f 1226//1204 1176//1154 1227//1205
f 1227//1205 1176//1154 1175//1153
f 1227//1205 1175//1153 1228//1206
f 1228//1206 1175//1153 1201//1179
f 1229//1207 1230//1208 1231//1209
f 1231//1209 1230//1208 1232//1210
f 1232//1210 1230//1208 1233//1211
f 1233//1211 1230//1208 1234//1212
f 1233//1211 1234//1212 1235//1213
f 1235//1213 1234//1212 1236//1214
f 1236//1214 1234//1212 1237//1215
f 1236//1214 1237//1215 1238//1216
f 1203//1181 1202//1180 1239//1217
f 1239//1217 1238//1216 1203//1181
f 1203//1181 1238//1216 1237//1215
f 1203//1181 1237//1215 1240//1218
f 1240//1218 1237//1215 1241//1219
f 1242//1220 1243//1221 1237//1215
f 1237//1215 1243//1221 1244//1222
f 1237//1215 1244//1222 1245//1223
f 1245//1223 1246//1224 1237//1215
f 1237//1215 1246//1224 1247//1225
f 1237//1215 1247//1225 1241//1219
f 1248//1226 1249//1227 1250//1228
f 1250//1228 1249//1227 1251//1229
f 1251//1229 1252//1230 1250//1228
f 1250//1228 1252//1230 1253//1231
f 1250//1228 1253//1231 1254//1232
f 1254//1232 1253//1231 1255//1233
f 1254//1232 1255//1233 1256//1234
f 1229//1207 1248//1226 1230//1208
f 1230//1208 1248//1226 1250//1228
f 1230//1208 1250//1228 1234//1212
f 1234//1212 1250//1228 1254//1232
f 1234//1212 1254//1232 1237//1215
f 1237//1215 1254//1232 1256//1234
f 1237//1215 1256//1234 1242//1220
f 1257//1235 1258//1236 1075//1053
f 1075//1053 1258//1236 1259//1237
f 1075//1053 1259//1237 1076//1054
f 1075//1053 1260//1238 1257//1235
f 1257//1235 1260//1238 1261//1239
f 1257//1235 1261//1239 1262//1240
f 1262//1240 1261//1239 1263//1241
f 1262//1240 1263//1241 1264//1242
f 1264//1242 1263//1241 1265//1243
f 1265//1243 1263//1241 1266//1244
f 1265//1243 1266//1244 1267//1245
f 1267//1245 1266//1244 1268//1246
f 1268//1246 1266//1244 1269//1247
f 1268//1246 1269//1247 1270//1248
f 1270//1248 1269//1247 1271//1249
f 1271//1249 1269//1247 1272//1250
f 1271//1249 1272//1250 1273//1251
f 1273//1251 1272//1250 1274//1252
f 1273//1251 1274//1252 1275//1253
f 1275//1253 1274//1252 1276//1254
f 1276//1254 1274//1252 1277//1255
f 1276//1254 1277//1255 1278//1256
f 1278//1256 1277//1255 1279//1257
f 1279//1257 1277//1255 1248//1226
f 1279//1257 1248//1226 1229//1207
f 1249//1227 1248//1226 1280//1258
f 1280//1258 1248//1226 1277//1255
f 1280//1258 1277//1255 1281//1259
f 1281//1259 1277//1255 1274//1252
f 1281//1259 1274//1252 1282//1260
f 1282//1260 1274//1252 1272//1250
f 1282//1260 1272//1250 1283//1261
f 1283//1261 1272//1250 1269//1247
f 1283//1261 1269//1247 1284//1262
f 1284//1262 1269//1247 1266//1244
f 1284//1262 1266//1244 1285//1263
f 1285//1263 1266//1244 1263//1241
f 1285//1263 1263//1241 1286//1264
f 1286//1264 1263//1241 1261//1239
f 1286//1264 1261//1239 1287//1265
f 1287//1265 1261//1239 1260//1238
f 1287//1265 1260//1238 1074//1052
f 1074//1052 1260//1238 1075//1053
f 1288//1266 1065//1043 1057//1035
f 1289//1267 1290//1268 1291//1269
f 1291//1269 1290//1268 1292//1270
f 1291//1269 1292//1270 1293//1271
f 1117//1095 1294//1272 1118//1096
f 1118//1096 1294//1272 1295//1273
f 1118//1096 1295//1273 1119//1097
f 1119//1097 1295//1273 1296//1274
f 1119//1097 1296//1274 1120//1098
f 1120//1098 1296//1274 1288//1266
f 1120//1098 1288//1266 1121//1099
f 1121//1099 1288//1266 1057//1035
f 1070//1048 1065//1043 1297//1275
f 1297//1275 1065//1043 1288//1266
f 1297//1275 1288//1266 1298//1276
f 1298//1276 1288//1266 1296//1274
f 1298//1276 1296//1274 1299//1277
f 1299//1277 1296//1274 1295//1273
f 1072//1050 1070//1048 1300//1278
f 1300//1278 1070//1048 1297//1275
f 1300//1278 1297//1275 1301//1279
f 1301//1279 1297//1275 1298//1276
f 1301//1279 1298//1276 1302//1280
f 1302//1280 1298//1276 1299//1277
f 1074//1052 1072//1050 1303//1281
f 1303//1281 1072//1050 1300//1278
f 1303//1281 1300//1278 1304//1282
f 1304//1282 1300//1278 1301//1279
f 1304//1282 1301//1279 1292//1270
f 1292//1270 1301//1279 1302//1280
f 1292//1270 1302//1280 1293//1271
f 1293//1271 1302//1280 1299//1277
f 1293//1271 1299//1277 1305//1283
f 1305//1283 1299//1277 1295//1273
f 1305//1283 1295//1273 1306//1284
f 1306//1284 1295//1273 1294//1272
f 1307//1285 1308//1286 1309//1287
f 1307//1285 1309//1287 1310//1288
f 1310//1288 1309//1287 1311//1289
f 1311//1289 1309//1287 1312//1290
f 1311//1289 1312//1290 1313//1291
f 1313//1291 1312//1290 1314//1292
f 1313//1291 1314//1292 1315//1293
f 1315//1293 1314//1292 1316//1294
f 1315//1293 1316//1294 1317//1295
f 1317//1295 1316//1294 1318//1296
f 1317//1295 1318//1296 1319//1297
f 1319//1297 1318//1296 1320//1298
f 1319//1297 1320//1298 1321//1299
f 1321//1299 1322//1300 1319//1297
f 1319//1297 1322//1300 1323//1301
f 1319//1297 1323//1301 1324//1302
f 1324//1302 1323//1301 1325//1303
f 1324//1302 1325//1303 1326//1304
f 1326//1304 1325//1303 1327//1305
f 1326//1304 1327//1305 1328//1306
f 1328//1306 1327//1305 1329//1307
f 1328//1306 1329//1307 1330//1308
f 1331//1309 1332//1310 1333//1311
f 1329//1307 1334//1312 1330//1308
f 1330//1308 1334//1312 1335//1313
f 1330//1308 1335//1313 1336//1314
f 1336//1314 1335//1313 1331//1309
f 1336//1314 1331//1309 1337//1315
f 1337//1315 1331//1309 1333//1311
f 1338//1316 1339//1317 1340//1318
f 1340//1318 1339//1317 1341//1319
f 1340//1318 1341//1319 1342//1320
f 1343//1321 1084//1062 1086//1064
f 1343//1321 1086//1064 1344//1322
f 1344//1322 1086//1064 1087//1065
f 1344//1322 1087//1065 1345//1323
f 1087//1065 1089//1067 1345//1323
f 1345//1323 1089//1067 1090//1068
f 1345//1323 1090//1068 1338//1316
f 1338//1316 1090//1068 1092//1070
f 1338//1316 1092//1070 1339//1317
f 1346//1324 1347//1325 1348//1326
f 1348//1326 1349//1327 1346//1324
f 1346//1324 1349//1327 1350//1328
f 1346//1324 1350//1328 1342//1320
f 1342//1320 1350//1328 1351//1329
f 1342//1320 1351//1329 1340//1318
f 1092//1070 1093//1071 1339//1317
f 1339//1317 1093//1071 1095//1073
f 1339//1317 1095//1073 1341//1319
f 1341//1319 1095//1073 1096//1074
f 1341//1319 1096//1074 1342//1320
f 1342//1320 1096//1074 1098//1076
f 1342//1320 1098//1076 1346//1324
f 1346//1324 1098//1076 1100//1078
f 1352//1330 1100//1078 1099//1077
f 1123//1101 1122//1100 1353//1331
f 1354//1332 1109//1087 1048//1026
f 1355//1333 1122//1100 1356//1334
f 1356//1334 1122//1100 1126//1104
f 1355//1333 1357//1335 1122//1100
f 1122//1100 1357//1335 1358//1336
f 1122//1100 1358//1336 1353//1331
f 1353//1331 1358//1336 1359//1337
f 1353//1331 1359//1337 1360//1338
f 1361//1339 1362//1340 1363//1341
f 1364//1342 1365//1343 1366//1344
f 1366//1344 1365//1343 1367//1345
f 1366//1344 1367//1345 1368//1346
f 1369//1347 1370//1348 1371//1349
f 1372//1350 1373//1351 1368//1346
f 1368//1346 1373//1351 1369//1347
f 1368//1346 1369//1347 1366//1344
f 1366//1344 1369//1347 1371//1349
f 1366//1344 1371//1349 1364//1342
f 1363//1341 1374//1352 1361//1339
f 1361//1339 1374//1352 1375//1353
f 1361//1339 1375//1353 1376//1354
f 1048//1026 1144//1122 1354//1332
f 1354//1332 1144//1122 1145//1123
f 1354//1332 1145//1123 1377//1355
f 1377//1355 1145//1123 1146//1124
f 1377//1355 1146//1124 1123//1101
f 1360//1338 1363//1341 1353//1331
f 1353//1331 1363//1341 1362//1340
f 1353//1331 1362//1340 1367//1345
f 1367//1345 1362//1340 1361//1339
f 1367//1345 1361//1339 1368//1346
f 1368//1346 1361//1339 1376//1354
f 1368//1346 1376//1354 1372//1350
f 1123//1101 1353//1331 1377//1355
f 1377//1355 1353//1331 1367//1345
f 1377//1355 1367//1345 1354//1332
f 1354//1332 1367//1345 1365//1343
f 1354//1332 1365//1343 1109//1087
f 1109//1087 1365//1343 1364//1342
f 1109//1087 1364//1342 1101//1079
f 1101//1079 1364//1342 1371//1349
f 1101//1079 1371//1349 1099//1077
f 1099//1077 1371//1349 1370//1348
f 1099//1077 1370//1348 1352//1330
f 1256//1234 1378//1356 1379//1357
f 1379//1357 1380//1358 1256//1234
f 1256//1234 1380//1358 1381//1359
f 1256//1234 1381//1359 1242//1220
f 1382//1360 1383//1361 1384//1362
f 1384//1362 1383//1361 1385//1363
f 1384//1362 1385//1363 1378//1356
f 1378//1356 1385//1363 1386//1364
f 1378//1356 1386//1364 1379//1357
f 1387//1365 1388//1366 1389//1367
f 1389//1367 1388//1366 1390//1368
f 1249//1227 1391//1369 1251//1229
f 1251//1229 1391//1369 1392//1370
f 1251//1229 1392//1370 1252//1230
f 1393//1371 1255//1233 1392//1370
f 1392//1370 1255//1233 1253//1231
f 1392//1370 1253//1231 1252//1230
f 1394//1372 1395//1373 1396//1374
f 1389//1367 1382//1360 1387//1365
f 1387//1365 1382//1360 1384//1362
f 1387//1365 1384//1362 1397//1375
f 1398//1376 1399//1377 1400//1378
f 1400//1378 1399//1377 1401//1379
f 1401//1379 1396//1374 1400//1378
f 1400//1378 1396//1374 1395//1373
f 1400//1378 1395//1373 1402//1380
f 1402//1380 1395//1373 1403//1381
f 1404//1382 1393//1371 1394//1372
f 1394//1372 1393//1371 1392//1370
f 1394//1372 1392//1370 1395//1373
f 1395//1373 1392//1370 1391//1369
f 1395//1373 1391//1369 1403//1381
f 1405//1383 1406//1384 1407//1385
f 1407//1385 1406//1384 1408//1386
f 1407//1385 1408//1386 1397//1375
f 1397//1375 1408//1386 1409//1387
f 1397//1375 1409//1387 1387//1365
f 1387//1365 1409//1387 1410//1388
f 1387//1365 1410//1388 1388//1366
f 1401//1379 1405//1383 1396//1374
f 1396//1374 1405//1383 1407//1385
f 1396//1374 1407//1385 1394//1372
f 1394//1372 1407//1385 1397//1375
f 1394//1372 1397//1375 1404//1382
f 1404//1382 1397//1375 1384//1362
f 1404//1382 1384//1362 1393//1371
f 1393//1371 1384//1362 1378//1356
f 1393//1371 1378//1356 1255//1233
f 1255//1233 1378//1356 1256//1234
f 1411//1389 1400//1378 1402//1380
f 1391//1369 1249//1227 1280//1258
f 1412//1390 1413//1391 1414//1392
f 1414//1392 1413//1391 1415//1393
f 1416//1394 1417//1395 1414//1392
f 1414//1392 1417//1395 1418//1396
f 1414//1392 1418//1396 1412//1390
f 1074//1052 1303//1281 1287//1265
f 1287//1265 1303//1281 1419//1397
f 1287//1265 1419//1397 1286//1264
f 1286//1264 1419//1397 1285//1263
f 1285//1263 1419//1397 1420//1398
f 1285//1263 1420//1398 1284//1262
f 1284//1262 1420//1398 1421//1399
f 1284//1262 1421//1399 1283//1261
f 1283//1261 1421//1399 1422//1400
f 1283//1261 1422//1400 1282//1260
f 1282//1260 1422//1400 1423//1401
f 1282//1260 1423//1401 1281//1259
f 1281//1259 1423//1401 1424//1402
f 1281//1259 1424//1402 1280//1258
f 1280//1258 1424//1402 1425//1403
f 1280//1258 1425//1403 1391//1369
f 1303//1281 1426//1404 1419//1397
f 1419//1397 1426//1404 1427//1405
f 1419//1397 1427//1405 1420//1398
f 1420//1398 1427//1405 1428//1406
f 1420//1398 1428//1406 1421//1399
f 1421//1399 1428//1406 1429//1407
f 1421//1399 1429//1407 1422//1400
f 1422//1400 1429//1407 1430//1408
f 1422//1400 1430//1408 1423//1401
f 1423//1401 1430//1408 1431//1409
f 1423//1401 1431//1409 1424//1402
f 1424//1402 1431//1409 1432//1410
f 1424//1402 1432//1410 1425//1403
f 1425//1403 1432//1410 1403//1381
f 1425//1403 1403//1381 1391//1369
f 1303//1281 1304//1282 1426//1404
f 1426//1404 1304//1282 1292//1270
f 1426//1404 1292//1270 1290//1268
f 1289//1267 1417//1395 1290//1268
f 1290//1268 1417//1395 1416//1394
f 1290//1268 1416//1394 1426//1404
f 1426//1404 1416//1394 1414//1392
f 1426//1404 1414//1392 1427//1405
f 1427//1405 1414//1392 1415//1393
f 1427//1405 1415//1393 1428//1406
f 1428//1406 1415//1393 1433//1411
f 1428//1406 1433//1411 1429//1407
f 1429//1407 1433//1411 1434//1412
f 1429//1407 1434//1412 1430//1408
f 1430//1408 1434//1412 1435//1413
f 1430//1408 1435//1413 1431//1409
f 1431//1409 1435//1413 1411//1389
f 1431//1409 1411//1389 1432//1410
f 1432//1410 1411//1389 1402//1380
f 1432//1410 1402//1380 1403//1381
f 1398//1376 1400//1378 1436//1414
f 1436//1414 1400//1378 1411//1389
f 1436//1414 1411//1389 1437//1415
f 1437//1415 1411//1389 1435//1413
f 1437//1415 1435//1413 1438//1416
f 1438//1416 1435//1413 1434//1412
f 1438//1416 1434//1412 1439//1417
f 1439//1417 1434//1412 1433//1411
f 1439//1417 1433//1411 1440//1418
f 1440//1418 1433//1411 1415//1393
f 1440//1418 1415//1393 1441//1419
f 1441//1419 1415//1393 1413//1391
f 1442//1420 1443//1421 1444//1422
f 1445//1423 1446//1424 1444//1422
f 1444//1422 1446//1424 1447//1425
f 1444//1422 1447//1425 1442//1420
f 1444//1422 1448//1426 1445//1423
f 1445//1423 1448//1426 1449//1427
f 1445//1423 1449//1427 1450//1428
f 1450//1428 1449//1427 1451//1429
f 1450//1428 1451//1429 1452//1430
f 1452//1430 1451//1429 1453//1431
f 1413//1391 1454//1432 1441//1419
f 1441//1419 1454//1432 1455//1433
f 1441//1419 1455//1433 1440//1418
f 1440//1418 1455//1433 1456//1434
f 1440//1418 1456//1434 1439//1417
f 1439//1417 1456//1434 1457//1435
f 1439//1417 1457//1435 1438//1416
f 1457//1435 1453//1431 1438//1416
f 1438//1416 1453//1431 1451//1429
f 1438//1416 1451//1429 1437//1415
f 1437//1415 1451//1429 1449//1427
f 1437//1415 1449//1427 1436//1414
f 1436//1414 1449//1427 1448//1426
f 1436//1414 1448//1426 1398//1376
f 1398//1376 1448//1426 1444//1422
f 1409//1387 1408//1386 1458//1436
f 1388//1366 1410//1388 1459//1437
f 1460//1438 1461//1439 1462//1440
f 1399//1377 1398//1376 1444//1422
f 1463//1441 1464//1442 1465//1443
f 1466//1444 1467//1445 1460//1438
f 1460//1438 1467//1445 1468//1446
f 1460//1438 1468//1446 1461//1439
f 1461//1439 1468//1446 1469//1447
f 1461//1439 1469//1447 1470//1448
f 1471//1449 1466//1444 1472//1450
f 1465//1443 1464//1442 1473//1451
f 1473//1451 1464//1442 1474//1452
f 1473//1451 1474//1452 1475//1453
f 1444//1422 1443//1421 1465//1443
f 1465//1443 1443//1421 1476//1454
f 1465//1443 1476//1454 1463//1441
f 1477//1455 1406//1384 1405//1383
f 1477//1455 1405//1383 1478//1456
f 1478//1456 1405//1383 1401//1379
f 1478//1456 1401//1379 1399//1377
f 1408//1386 1406//1384 1458//1436
f 1458//1436 1406//1384 1477//1455
f 1458//1436 1477//1455 1479//1457
f 1399//1377 1444//1422 1478//1456
f 1478//1456 1444//1422 1465//1443
f 1478//1456 1465//1443 1477//1455
f 1477//1455 1465//1443 1473//1451
f 1477//1455 1473//1451 1479//1457
f 1479//1457 1473//1451 1475//1453
f 1479//1457 1475//1453 1480//1458
f 1390//1368 1388//1366 1481//1459
f 1481//1459 1388//1366 1459//1437
f 1481//1459 1459//1437 1482//1460
f 1482//1460 1459//1437 1483//1461
f 1466//1444 1460//1438 1472//1450
f 1472//1450 1460//1438 1462//1440
f 1472//1450 1462//1440 1483//1461
f 1483//1461 1462//1440 1484//1462
f 1483//1461 1484//1462 1482//1460
f 1474//1452 1485//1463 1475//1453
f 1475//1453 1485//1463 1471//1449
f 1475//1453 1471//1449 1480//1458
f 1480//1458 1471//1449 1472//1450
f 1480//1458 1472//1450 1479//1457
f 1479//1457 1472//1450 1483//1461
f 1479//1457 1483//1461 1458//1436
f 1458//1436 1483//1461 1459//1437
f 1458//1436 1459//1437 1409//1387
f 1409//1387 1459//1437 1410//1388
f 1486//1464 1487//1465 1488//1466
f 1489//1467 1490//1468 1491//1469
f 1492//1470 1493//1471 1489//1467
f 1489//1467 1491//1469 1492//1470
f 1492//1470 1491//1469 1494//1472
f 1492//1470 1494//1472 1495//1473
f 1494//1472 1496//1474 1495//1473
f 1495//1473 1496//1474 1497//1475
f 1495//1473 1497//1475 1498//1476
f 1498//1476 1497//1475 1499//1477
f 1498//1476 1499//1477 1500//1478
f 1487//1465 1486//1464 1501//1479
f 1486//1464 1502//1480 1501//1479
f 1501//1479 1502//1480 1503//1481
f 1501//1479 1503//1481 1499//1477
f 1499//1477 1503//1481 1504//1482
f 1499//1477 1504//1482 1500//1478
f 1505//1483 1506//1484 1507//1485
f 1490//1468 1489//1467 1508//1486
f 1509//1487 1510//1488 1511//1489
f 1511//1489 1510//1488 1512//1490
f 1511//1489 1512//1490 1513//1491
f 1513//1491 1512//1490 1514//1492
f 1514//1492 1512//1490 1515//1493
f 1514//1492 1515//1493 1516//1494
f 1516//1494 1515//1493 1517//1495
f 1516//1494 1517//1495 1518//1496
f 1489//1467 1493//1471 1508//1486
f 1508//1486 1493//1471 1519//1497
f 1508//1486 1519//1497 1520//1498
f 1520//1498 1519//1497 1521//1499
f 1520//1498 1521//1499 1517//1495
f 1517//1495 1521//1499 1522//1500
f 1517//1495 1522//1500 1518//1496
f 1490//1468 1523//1501 1524//1502
f 1524//1502 1523//1501 1525//1503
f 1490//1468 1508//1486 1523//1501
f 1523//1501 1508//1486 1520//1498
f 1523//1501 1520//1498 1526//1504
f 1526//1504 1520//1498 1517//1495
f 1526//1504 1517//1495 1527//1505
f 1527//1505 1517//1495 1515//1493
f 1527//1505 1515//1493 1528//1506
f 1528//1506 1515//1493 1512//1490
f 1528//1506 1512//1490 1529//1507
f 1529//1507 1512//1490 1510//1488
f 1529//1507 1510//1488 1507//1485
f 1509//1487 1530//1508 1510//1488
f 1510//1488 1530//1508 1531//1509
f 1510//1488 1531//1509 1507//1485
f 1507//1485 1531//1509 1532//1510
f 1507//1485 1532//1510 1505//1483
f 1531//1509 1530//1508 1533//1511
f 1534//1512 1535//1513 1536//1514
f 1535//1513 1537//1515 1536//1514
f 1536//1514 1537//1515 1538//1516
f 1536//1514 1538//1516 1539//1517
f 1539//1517 1538//1516 1540//1518
f 1539//1517 1540//1518 1541//1519
f 1541//1519 1540//1518 1542//1520
f 1541//1519 1542//1520 1543//1521
f 1543//1521 1542//1520 1544//1522
f 1543//1521 1544//1522 1545//1523
f 1545//1523 1544//1522 1546//1524
f 1545//1523 1546//1524 1533//1511
f 1533//1511 1546//1524 1532//1510
f 1533//1511 1532//1510 1531//1509
f 1372//1350 1376//1354 1547//1525
f 1548//1526 1549//1527 1550//1528
f 1549//1527 1548//1526 1551//1529
f 1552//1530 1553//1531 1554//1532
f 1554//1532 1553//1531 1555//1533
f 1556//1534 1557//1535 1558//1536
f 1550//1528 1559//1537 1560//1538
f 1561//1539 1562//1540 1563//1541
f 1564//1542 1346//1324 1100//1078
f 1100//1078 1352//1330 1564//1542
f 1564//1542 1352//1330 1370//1348
f 1564//1542 1370//1348 1565//1543
f 1565//1543 1370//1348 1369//1347
f 1565//1543 1369//1347 1373//1351
f 1373//1351 1551//1529 1565//1543
f 1565//1543 1551//1529 1548//1526
f 1565//1543 1548//1526 1564//1542
f 1564//1542 1548//1526 1556//1534
f 1564//1542 1556//1534 1346//1324
f 1346//1324 1556//1534 1558//1536
f 1346//1324 1558//1536 1347//1325
f 1560//1538 1552//1530 1550//1528
f 1550//1528 1552//1530 1554//1532
f 1550//1528 1554//1532 1548//1526
f 1548//1526 1554//1532 1555//1533
f 1548//1526 1555//1533 1556//1534
f 1556//1534 1555//1533 1566//1544
f 1556//1534 1566//1544 1557//1535
f 1567//1545 1561//1539 1568//1546
f 1568//1546 1561//1539 1563//1541
f 1568//1546 1563//1541 1569//1547
f 1376//1354 1375//1353 1547//1525
f 1547//1525 1375//1353 1570//1548
f 1547//1525 1570//1548 1571//1549
f 1570//1548 1572//1550 1571//1549
f 1571//1549 1572//1550 1573//1551
f 1571//1549 1573//1551 1567//1545
f 1567//1545 1573//1551 1574//1552
f 1567//1545 1574//1552 1561//1539
f 1569//1547 1575//1553 1568//1546
f 1568//1546 1575//1553 1559//1537
f 1568//1546 1559//1537 1567//1545
f 1567//1545 1559//1537 1550//1528
f 1567//1545 1550//1528 1571//1549
f 1571//1549 1550//1528 1549//1527
f 1571//1549 1549//1527 1547//1525
f 1547//1525 1549//1527 1551//1529
f 1547//1525 1551//1529 1372//1350
f 1372//1350 1551//1529 1373//1351
f 1576//1554 1374//1352 1363//1341
f 1375//1353 1374//1352 1577//1555
f 1577//1555 1374//1352 1576//1554
f 1577//1555 1576//1554 1578//1556
f 1579//1557 1389//1367 1390//1368
f 1389//1367 1579//1557 1382//1360
f 1484//1462 1462//1440 1580//1558
f 1481//1459 1482//1460 1581//1559
f 1524//1502 1525//1503 1582//1560
f 1583//1561 1488//1466 1487//1465
f 1584//1562 1461//1439 1470//1448
f 1470//1448 1585//1563 1584//1562
f 1584//1562 1585//1563 1586//1564
f 1584//1562 1586//1564 1587//1565
f 1587//1565 1588//1566 1584//1562
f 1584//1562 1588//1566 1589//1567
f 1584//1562 1589//1567 1590//1568
f 1591//1569 1592//1570 1593//1571
f 1593//1571 1592//1570 1594//1572
f 1593//1571 1594//1572 1581//1559
f 1595//1573 1596//1574 1597//1575
f 1597//1575 1596//1574 1598//1576
f 1597//1575 1598//1576 1599//1577
f 1599//1577 1598//1576 1600//1578
f 1494//1472 1601//1579 1496//1474
f 1496//1474 1601//1579 1602//1580
f 1490//1468 1524//1502 1491//1469
f 1491//1469 1524//1502 1582//1560
f 1491//1469 1582//1560 1494//1472
f 1494//1472 1582//1560 1603//1581
f 1494//1472 1603//1581 1601//1579
f 1390//1368 1481//1459 1579//1557
f 1579//1557 1481//1459 1581//1559
f 1579//1557 1581//1559 1604//1582
f 1604//1582 1581//1559 1594//1572
f 1462//1440 1461//1439 1580//1558
f 1580//1558 1461//1439 1584//1562
f 1580//1558 1584//1562 1605//1583
f 1605//1583 1584//1562 1606//1584
f 1605//1583 1606//1584 1607//1585
f 1607//1585 1606//1584 1596//1574
f 1607//1585 1596//1574 1608//1586
f 1608//1586 1596//1574 1595//1573
f 1590//1568 1583//1561 1584//1562
f 1584//1562 1583//1561 1487//1465
f 1584//1562 1487//1465 1606//1584
f 1606//1584 1487//1465 1501//1479
f 1606//1584 1501//1479 1596//1574
f 1596//1574 1501//1479 1499//1477
f 1596//1574 1499//1477 1598//1576
f 1598//1576 1499//1477 1497//1475
f 1598//1576 1497//1475 1600//1578
f 1600//1578 1497//1475 1496//1474
f 1600//1578 1496//1474 1609//1587
f 1609//1587 1496//1474 1602//1580
f 1482//1460 1484//1462 1581//1559
f 1581//1559 1484//1462 1580//1558
f 1581//1559 1580//1558 1593//1571
f 1593//1571 1580//1558 1605//1583
f 1593//1571 1605//1583 1591//1569
f 1591//1569 1605//1583 1607//1585
f 1591//1569 1607//1585 1610//1588
f 1610//1588 1607//1585 1608//1586
f 1611//1589 1561//1539 1574//1552
f 1612//1590 1613//1591 1614//1592
f 1615//1593 1616//1594 1617//1595
f 1505//1483 1532//1510 1546//1524
f 1618//1596 1619//1597 1611//1589
f 1562//1540 1561//1539 1620//1598
f 1620//1598 1561//1539 1611//1589
f 1620//1598 1611//1589 1621//1599
f 1621//1599 1611//1589 1619//1597
f 1506//1484 1505//1483 1622//1600
f 1622//1600 1505//1483 1546//1524
f 1622//1600 1546//1524 1623//1601
f 1623//1601 1546//1524 1544//1522
f 1623//1601 1544//1522 1624//1602
f 1624//1602 1544//1522 1625//1603
f 1625//1603 1544//1522 1542//1520
f 1625//1603 1542//1520 1626//1604
f 1626//1604 1542//1520 1627//1605
f 1627//1605 1542//1520 1540//1518
f 1627//1605 1540//1518 1628//1606
f 1629//1607 1630//1608 1631//1609
f 1631//1609 1630//1608 1632//1610
f 1631//1609 1632//1610 1633//1611
f 1615//1593 1617//1595 1634//1612
f 1612//1590 1614//1592 1578//1556
f 1612//1590 1634//1612 1613//1591
f 1613//1591 1634//1612 1617//1595
f 1613//1591 1617//1595 1614//1592
f 1614//1592 1617//1595 1635//1613
f 1614//1592 1572//1550 1570//1548
f 1578//1556 1614//1592 1577//1555
f 1577//1555 1614//1592 1570//1548
f 1577//1555 1570//1548 1375//1353
f 1615//1593 1633//1611 1616//1594
f 1616//1594 1633//1611 1632//1610
f 1616//1594 1632//1610 1617//1595
f 1617//1595 1632//1610 1636//1614
f 1617//1595 1636//1614 1635//1613
f 1537//1515 1535//1513 1611//1589
f 1611//1589 1535//1513 1534//1512
f 1611//1589 1534//1512 1618//1596
f 1629//1607 1628//1606 1630//1608
f 1630//1608 1628//1606 1540//1518
f 1630//1608 1540//1518 1632//1610
f 1632//1610 1540//1518 1538//1516
f 1632//1610 1538//1516 1636//1614
f 1538//1516 1537//1515 1636//1614
f 1636//1614 1537//1515 1611//1589
f 1636//1614 1611//1589 1635//1613
f 1635//1613 1611//1589 1574//1552
f 1635//1613 1574//1552 1614//1592
f 1614//1592 1574//1552 1573//1551
f 1614//1592 1573//1551 1572//1550
f 257//244 258//245 1637//1615
f 1638//1616 1639//1617 714//697
f 1639//1617 1638//1616 1640//1618
f 1640//1618 1638//1616 1641//1619
f 1640//1618 1641//1619 1642//1620
f 1642//1620 1641//1619 1643//1621
f 1642//1620 1643//1621 1637//1615
f 1637//1615 1643//1621 1644//1622
f 1637//1615 1644//1622 257//244
f 1645//1623 1644//1622 1646//1624
f 1646//1624 1644//1622 1643//1621
f 1646//1624 1643//1621 1647//1625
f 1647//1625 1643//1621 1641//1619
f 1647//1625 1641//1619 1648//1626
f 1648//1626 1641//1619 1638//1616
f 1648//1626 1638//1616 715//698
f 715//698 1638//1616 714//697
f 1649//1627 1645//1623 1650//1628
f 1650//1628 1645//1623 1646//1624
f 1650//1628 1646//1624 1651//1629
f 1651//1629 1646//1624 1647//1625
f 1651//1629 1647//1625 1652//1630
f 1652//1630 1647//1625 1648//1626
f 1652//1630 1648//1626 716//699
f 716//699 1648//1626 715//698
f 1653//1631 1649//1627 1654//1632
f 1654//1632 1649//1627 1650//1628
f 1654//1632 1650//1628 1655//1633
f 1655//1633 1650//1628 1651//1629
f 1655//1633 1651//1629 1656//1634
f 1656//1634 1651//1629 1652//1630
f 1656//1634 1652//1630 712//695
f 712//695 1652//1630 716//699
f 1657//1635 1658//1636 1659//1637
f 1660//1638 1661//1639 1662//1640
f 1663//1641 1660//1638 1664//1642
f 1664//1642 1660//1638 1662//1640
f 1664//1642 1662//1640 1665//1643
f 1665//1643 1662//1640 1666//1644
f 1665//1643 1666//1644 1667//1645
f 1667//1645 1666//1644 1668//1646
f 1667//1645 1668//1646 1669//1647
f 1670//1648 1663//1641 1671//1649
f 1672//1650 1670//1648 1673//1651
f 1672//1650 1673//1651 1674//1652
f 1674//1652 1673//1651 1675//1653
f 1674//1652 1675//1653 1676//1654
f 1676//1654 1675//1653 1659//1637
f 1676//1654 1659//1637 1677//1655
f 1663//1641 1664//1642 1671//1649
f 1671//1649 1664//1642 1665//1643
f 1671//1649 1665//1643 1678//1656
f 1678//1656 1665//1643 1667//1645
f 1678//1656 1667//1645 1679//1657
f 1679//1657 1667//1645 1669//1647
f 1679//1657 1669//1647 1680//1658
f 1670//1648 1671//1649 1673//1651
f 1673//1651 1671//1649 1678//1656
f 1673//1651 1678//1656 1675//1653
f 1675//1653 1678//1656 1679//1657
f 1675//1653 1679//1657 1659//1637
f 1659//1637 1679//1657 1680//1658
f 1659//1637 1680//1658 1657//1635
f 1677//1655 1659//1637 255//242
f 255//242 1659//1637 1658//1636
f 255//242 1658//1636 256//243
f 1681//1659 1682//1660 1661//1639
f 1681//1659 1661//1639 1683//1661
f 1661//1639 1660//1638 1683//1661
f 1683//1661 1660//1638 1663//1641
f 1683//1661 1663//1641 1684//1662
f 1684//1662 1663//1641 1670//1648
f 1684//1662 1670//1648 1685//1663
f 1685//1663 1670//1648 1672//1650
f 1685//1663 1672//1650 1686//1664
f 1687//1665 1688//1666 508//491
f 637//620 635//618 636//619
f 636//619 635//618 633//616
f 636//619 633//616 630//613
f 630//613 633//616 1689//1667
f 630//613 1689//1667 504//487
f 504//487 1689//1667 1687//1665
f 504//487 1687//1665 505//488
f 505//488 1687//1665 508//491
f 1690//1668 1691//1669 1654//1632
f 1654//1632 1691//1669 1692//1670
f 1654//1632 1692//1670 1653//1631
f 1653//1631 1692//1670 1693//1671
f 1653//1631 1693//1671 1694//1672
f 1654//1632 1655//1633 1690//1668
f 1690//1668 1655//1633 1656//1634
f 1690//1668 1656//1634 1695//1673
f 1695//1673 1656//1634 712//695
f 1695//1673 712//695 711//694
f 516//499 1696//1674 520//503
f 520//503 1696//1674 1697//1675
f 520//503 1697//1675 521//504
f 717//700 698//681 1697//1675
f 1697//1675 698//681 697//680
f 697//680 703//686 1697//1675
f 1697//1675 703//686 705//688
f 1697//1675 705//688 707//690
f 707//690 708//691 1697//1675
f 1697//1675 708//691 691//674
f 1697//1675 691//674 521//504
f 1698//1676 1686//1664 1672//1650
f 1653//1631 1694//1672 1699//1677
f 1653//1631 1699//1677 1672//1650
f 1672//1650 1699//1677 1700//1678
f 1672//1650 1700//1678 1698//1676
f 1701//1679 1702//1680 714//697
f 714//697 1702//1680 1703//1681
f 714//697 1703//1681 713//696
f 714//697 1639//1617 1701//1679
f 1701//1679 1639//1617 1640//1618
f 1701//1679 1640//1618 1704//1682
f 258//245 1705//1683 1637//1615
f 1637//1615 1705//1683 1704//1682
f 1637//1615 1704//1682 1642//1620
f 1642//1620 1704//1682 1640//1618
f 256//243 1706//1684 258//245
f 258//245 1706//1684 1705//1683
f 1707//1685 1706//1684 256//243
f 1708//1686 1709//1687 1668//1646
f 1668//1646 1709//1687 1710//1688
f 1668//1646 1710//1688 1669//1647
f 1669//1647 1710//1688 1711//1689
f 1669//1647 1711//1689 1680//1658
f 1680//1658 1711//1689 1712//1690
f 1680//1658 1712//1690 1657//1635
f 1657//1635 1712//1690 1707//1685
f 1657//1635 1707//1685 1658//1636
f 1658//1636 1707//1685 256//243
f 1682//1660 1689//1667 1661//1639
f 1661//1639 1689//1667 633//616
f 1661//1639 633//616 1662//1640
f 1662//1640 633//616 1666//1644
f 1666//1644 633//616 1668//1646
f 1668//1646 633//616 632//615
f 1668//1646 632//615 1708//1686
f 508//491 1688//1666 510//493
f 510//493 1688//1666 1713//1691
f 510//493 1713//1691 512//495
f 512//495 1713//1691 1714//1692
f 512//495 1714//1692 513//496
f 513//496 1714//1692 1715//1693
f 513//496 1715//1693 514//497
f 514//497 1715//1693 1716//1694
f 514//497 1716//1694 501//484
f 501//484 1716//1694 1717//1695
f 501//484 1717//1695 502//485
f 1718//1696 1719//1697 1720//1698
f 1721//1699 1722//1700 1723//1701
f 1724//1702 1725//1703 1726//1704
f 1726//1704 1725//1703 1727//1705
f 1726//1704 1727//1705 1728//1706
f 1728//1706 1727//1705 1729//1707
f 1728//1706 1729//1707 1723//1701
f 1723//1701 1729//1707 369//352
f 1723//1701 369//352 1721//1699
f 1721//1699 369//352 368//351
f 1721//1699 368//351 367//350
f 1718//1696 1720//1698 1726//1704
f 1726//1704 1720//1698 1730//1708
f 1726//1704 1730//1708 1724//1702
f 557//540 1731//1709 1732//1710
f 566//549 557//540 1733//1711
f 1733//1711 557//540 1732//1710
f 1733//1711 1732//1710 1734//1712
f 1732//1710 1731//1709 1735//1713
f 1736//1714 366//349 1737//1715
f 1736//1714 1722//1700 366//349
f 366//349 1722//1700 1721//1699
f 366//349 1721//1699 367//350
f 1738//1716 1739//1717 380//363
f 380//363 1739//1717 1740//1718
f 380//363 1740//1718 400//383
f 400//383 1740//1718 1741//1719
f 400//383 1741//1719 372//355
f 372//355 1741//1719 1737//1715
f 372//355 1737//1715 365//348
f 365//348 1737//1715 366//349
f 380//363 378//361 1738//1716
f 1738//1716 378//361 383//366
f 1738//1716 383//366 1742//1720
f 1742//1720 383//366 382//365
f 1742//1720 382//365 1743//1721
f 1743//1721 382//365 1744//1722
f 1744//1722 382//365 381//364
f 1744//1722 381//364 1745//1723
f 1746//1724 1747//1725 1748//1726
f 1748//1726 1747//1725 1749//1727
f 1748//1726 1749//1727 1750//1728
f 1750//1728 1749//1727 1745//1723
f 1750//1728 1745//1723 1751//1729
f 1751//1729 1745//1723 381//364
f 1752//1730 1753//1731 1754//1732
f 1754//1732 1753//1731 1755//1733
f 1754//1732 1755//1733 1756//1734
f 1756//1734 1755//1733 1746//1724
f 1756//1734 1746//1724 1757//1735
f 1757//1735 1746//1724 1748//1726
f 1734//1712 1732//1710 1758//1736
f 1758//1736 1732//1710 1735//1713
f 1758//1736 1735//1713 1752//1730
f 1752//1730 1735//1713 1759//1737
f 1752//1730 1759//1737 1753//1731
f 1686//1664 1698//1676 1760//1738
f 1682//1660 1681//1659 1761//1739
f 1681//1659 1683//1661 1761//1739
f 1761//1739 1683//1661 1684//1662
f 1761//1739 1684//1662 1685//1663
f 1687//1665 1689//1667 1762//1740
f 1762//1740 1689//1667 1682//1660
f 1762//1740 1682//1660 1763//1741
f 1763//1741 1682//1660 1761//1739
f 1685//1663 1686//1664 1761//1739
f 1761//1739 1686//1664 1760//1738
f 1761//1739 1760//1738 1764//1742
f 1764//1742 1760//1738 1765//1743
f 1764//1742 1765//1743 1766//1744
f 1766//1744 1765//1743 1767//1745
f 1766//1744 1767//1745 1768//1746
f 1768//1746 1767//1745 1769//1747
f 1768//1746 1769//1747 1770//1748
f 1770//1748 1769//1747 1771//1749
f 1771//1749 1769//1747 1772//1750
f 1771//1749 1772//1750 1773//1751
f 1774//1752 1775//1753 1776//1754
f 1776//1754 1777//1755 1774//1752
f 1774//1752 1777//1755 1778//1756
f 1774//1752 1778//1756 1772//1750
f 1772//1750 1778//1756 1779//1757
f 1772//1750 1779//1757 1773//1751
f 364//347 1780//1758 1781//1759
f 1725//1703 1724//1702 1782//1760
f 1730//1708 1720//1698 1783//1761
f 1784//1762 1688//1666 1687//1665
f 1716//1694 1715//1693 1783//1761
f 1783//1761 1715//1693 1714//1692
f 1783//1761 1714//1692 1784//1762
f 1784//1762 1714//1692 1713//1691
f 1784//1762 1713//1691 1688//1666
f 1720//1698 1719//1697 1783//1761
f 1783//1761 1719//1697 1717//1695
f 1783//1761 1717//1695 1716//1694
f 1727//1705 1780//1758 1729//1707
f 1729//1707 1780//1758 364//347
f 1729//1707 364//347 369//352
f 1785//1763 362//345 1781//1759
f 1781//1759 362//345 363//346
f 1781//1759 363//346 364//347
f 1786//1764 359//342 1785//1763
f 1785//1763 359//342 360//343
f 1785//1763 360//343 362//345
f 1787//1765 340//323 1786//1764
f 1786//1764 340//323 358//341
f 1786//1764 358//341 359//342
f 348//331 349//332 1787//1765
f 1787//1765 349//332 341//324
f 1787//1765 341//324 340//323
f 1787//1765 1788//1766 348//331
f 348//331 1788//1766 1789//1767
f 348//331 1789//1767 346//329
f 351//334 350//333 1790//1768
f 1791//1769 353//336 1792//1770
f 1792//1770 353//336 355//338
f 1792//1770 355//338 1793//1771
f 1777//1755 1776//1754 1794//1772
f 1794//1772 1795//1773 1777//1755
f 1777//1755 1795//1773 1796//1774
f 1777//1755 1796//1774 1778//1756
f 1778//1756 1796//1774 1797//1775
f 1778//1756 1797//1775 1779//1757
f 1779//1757 1797//1775 1798//1776
f 1779//1757 1798//1776 1773//1751
f 1773//1751 1798//1776 1799//1777
f 1773//1751 1799//1777 1771//1749
f 1799//1777 1800//1778 1771//1749
f 1771//1749 1800//1778 1801//1779
f 1771//1749 1801//1779 1770//1748
f 1770//1748 1801//1779 1802//1780
f 1770//1748 1802//1780 1768//1746
f 1768//1746 1802//1780 1766//1744
f 1766//1744 1802//1780 1803//1781
f 1766//1744 1803//1781 1764//1742
f 1687//1665 1762//1740 1784//1762
f 1784//1762 1762//1740 1763//1741
f 1784//1762 1763//1741 1803//1781
f 1803//1781 1763//1741 1761//1739
f 1803//1781 1761//1739 1764//1742
f 1804//1782 1805//1783 1790//1768
f 1790//1768 1805//1783 1806//1784
f 1790//1768 1806//1784 351//334
f 351//334 1806//1784 1807//1785
f 351//334 1807//1785 356//339
f 1727//1705 1725//1703 1780//1758
f 1780//1758 1725//1703 1782//1760
f 1780//1758 1782//1760 1781//1759
f 1781//1759 1782//1760 1808//1786
f 1781//1759 1808//1786 1785//1763
f 1785//1763 1808//1786 1809//1787
f 1785//1763 1809//1787 1786//1764
f 1786//1764 1809//1787 1810//1788
f 1786//1764 1810//1788 1787//1765
f 1787//1765 1810//1788 1811//1789
f 1787//1765 1811//1789 1788//1766
f 1788//1766 1811//1789 1804//1782
f 1788//1766 1804//1782 1789//1767
f 1789//1767 1804//1782 1790//1768
f 1789//1767 1790//1768 346//329
f 346//329 1790//1768 350//333
f 1795//1773 1791//1769 1796//1774
f 1796//1774 1791//1769 1792//1770
f 1796//1774 1792//1770 1797//1775
f 1797//1775 1792//1770 1793//1771
f 1797//1775 1793//1771 1798//1776
f 1724//1702 1730//1708 1782//1760
f 1782//1760 1730//1708 1783//1761
f 1782//1760 1783//1761 1808//1786
f 1808//1786 1783//1761 1784//1762
f 1808//1786 1784//1762 1809//1787
f 1809//1787 1784//1762 1803//1781
f 1809//1787 1803//1781 1810//1788
f 1810//1788 1803//1781 1802//1780
f 1810//1788 1802//1780 1811//1789
f 1811//1789 1802//1780 1801//1779
f 1811//1789 1801//1779 1804//1782
f 1804//1782 1801//1779 1800//1778
f 1804//1782 1800//1778 1805//1783
f 1805//1783 1800//1778 1799//1777
f 1805//1783 1799//1777 1806//1784
f 1806//1784 1799//1777 1798//1776
f 1806//1784 1798//1776 1807//1785
f 1807//1785 1798//1776 1793//1771
f 1807//1785 1793//1771 356//339
f 356//339 1793//1771 355//338
f 1696//1674 516//499 1812//1790
f 1812//1790 516//499 515//498
f 1812//1790 515//498 1813//1791
f 1813//1791 515//498 522//505
f 1813//1791 522//505 1814//1792
f 1814//1792 522//505 524//507
f 1814//1792 524//507 1815//1793
f 1815//1793 524//507 526//509
f 1815//1793 526//509 1816//1794
f 1816//1794 526//509 528//511
f 1816//1794 528//511 1817//1795
f 1818//1796 1819//1797 1820//1798
f 1818//1796 1820//1798 1821//1799
f 1821//1799 1820//1798 1822//1800
f 1821//1799 1822//1800 1823//1801
f 1823//1801 1822//1800 1824//1802
f 1823//1801 1824//1802 1825//1803
f 1826//1804 1827//1805 1828//1806
f 1825//1803 1824//1802 1829//1807
f 1829//1807 1824//1802 1826//1804
f 1829//1807 1826//1804 1830//1808
f 1830//1808 1826//1804 1828//1806
f 1830//1808 1828//1806 1831//1809
f 1832//1810 1833//1811 1834//1812
f 1835//1813 1836//1814 1837//1815
f 1838//1816 1839//1817 1840//1818
f 1841//1819 1842//1820 1843//1821
f 1843//1821 1842//1820 1844//1822
f 1843//1821 1844//1822 1845//1823
f 1845//1823 1844//1822 1846//1824
f 1845//1823 1846//1824 1847//1825
f 1840//1818 1839//1817 1848//1826
f 1848//1826 1839//1817 1849//1827
f 1848//1826 1849//1827 1841//1819
f 1841//1819 1849//1827 1850//1828
f 1841//1819 1850//1828 1842//1820
f 1838//1816 1840//1818 1851//1829
f 1851//1829 1840//1818 1852//1830
f 1851//1829 1852//1830 1853//1831
f 1853//1831 1852//1830 1854//1832
f 1854//1832 1852//1830 1855//1833
f 1854//1832 1855//1833 1856//1834
f 1855//1833 1857//1835 1856//1834
f 1856//1834 1857//1835 1858//1836
f 1856//1834 1858//1836 1859//1837
f 1859//1837 1858//1836 1860//1838
f 1860//1838 1858//1836 1861//1839
f 1860//1838 1861//1839 1862//1840
f 1862//1840 1861//1839 1863//1841
f 1862//1840 1863//1841 1864//1842
f 1864//1842 1863//1841 1865//1843
f 1864//1842 1865//1843 1837//1815
f 1837//1815 1865//1843 1866//1844
f 1837//1815 1866//1844 1835//1813
f 1832//1810 1867//1845 1833//1811
f 1833//1811 1867//1845 1847//1825
f 1833//1811 1847//1825 1868//1846
f 1868//1846 1847//1825 1846//1824
f 1834//1812 1831//1809 1832//1810
f 1832//1810 1831//1809 1828//1806
f 1832//1810 1828//1806 1869//1847
f 1869//1847 1828//1806 1827//1805
f 1870//1848 1836//1814 1835//1813
f 558//541 1870//1848 559//542
f 559//542 1870//1848 1835//1813
f 559//542 1835//1813 1866//1844
f 1694//1672 1693//1671 1871//1849
f 1693//1671 1692//1670 1871//1849
f 1871//1849 1692//1670 1691//1669
f 1871//1849 1691//1669 1690//1668
f 1872//1850 1873//1851 1874//1852
f 1874//1852 1873//1851 1875//1853
f 1874//1852 1875//1853 1876//1854
f 1876//1854 1875//1853 1877//1855
f 1878//1856 1879//1857 1880//1858
f 1880//1858 1879//1857 1881//1859
f 1880//1858 1881//1859 1877//1855
f 1877//1855 1881//1859 1882//1860
f 1877//1855 1882//1860 1876//1854
f 1878//1856 1880//1858 1883//1861
f 1883//1861 1880//1858 1884//1862
f 1883//1861 1884//1862 1885//1863
f 1885//1863 1884//1862 1886//1864
f 1885//1863 1886//1864 1887//1865
f 1887//1865 1886//1864 1888//1866
f 1888//1866 1886//1864 1889//1867
f 1888//1866 1889//1867 1871//1849
f 1871//1849 1889//1867 1699//1677
f 1871//1849 1699//1677 1694//1672
f 1690//1668 1695//1673 1871//1849
f 1871//1849 1695//1673 711//694
f 1871//1849 711//694 1890//1868
f 1890//1868 711//694 710//693
f 1890//1868 710//693 1891//1869
f 1891//1869 710//693 717//700
f 1891//1869 717//700 1697//1675
f 1892//1870 1893//1871 1894//1872
f 1895//1873 1872//1850 1874//1852
f 1887//1865 1896//1874 1885//1863
f 1885//1863 1896//1874 1897//1875
f 1885//1863 1897//1875 1883//1861
f 1883//1861 1897//1875 1878//1856
f 1897//1875 1898//1876 1878//1856
f 1878//1856 1898//1876 1899//1877
f 1878//1856 1899//1877 1879//1857
f 1879//1857 1899//1877 1900//1878
f 1879//1857 1900//1878 1881//1859
f 1881//1859 1900//1878 1901//1879
f 1881//1859 1901//1879 1882//1860
f 1895//1873 1874//1852 1902//1880
f 1901//1879 1903//1881 1882//1860
f 1882//1860 1903//1881 1904//1882
f 1882//1860 1904//1882 1876//1854
f 1876//1854 1904//1882 1905//1883
f 1876//1854 1905//1883 1874//1852
f 1874//1852 1905//1883 1906//1884
f 1874//1852 1906//1884 1902//1880
f 1893//1871 1892//1870 1907//1885
f 1907//1885 1892//1870 1908//1886
f 1907//1885 1908//1886 1909//1887
f 1910//1888 1911//1889 1912//1890
f 1912//1890 1911//1889 1913//1891
f 1914//1892 1915//1893 1910//1888
f 1916//1894 1917//1895 1918//1896
f 1918//1896 1917//1895 1919//1897
f 1918//1896 1919//1897 1920//1898
f 1921//1899 1922//1900 1923//1901
f 1923//1901 1922//1900 1924//1902
f 1923//1901 1924//1902 1919//1897
f 1919//1897 1924//1902 1925//1903
f 1919//1897 1925//1903 1920//1898
f 1926//1904 1927//1905 1928//1906
f 1926//1904 1825//1803 1927//1905
f 1927//1905 1825//1803 1829//1807
f 1927//1905 1829//1807 1929//1907
f 1929//1907 1829//1807 1830//1808
f 1823//1801 1825//1803 1930//1908
f 1930//1908 1825//1803 1926//1904
f 1930//1908 1926//1904 1931//1909
f 1931//1909 1926//1904 1928//1906
f 1931//1909 1928//1906 1932//1910
f 1815//1793 1816//1794 1933//1911
f 1933//1911 1816//1794 1817//1795
f 1934//1912 1935//1913 1821//1799
f 1821//1799 1935//1913 1933//1911
f 1821//1799 1933//1911 1818//1796
f 1818//1796 1933//1911 1817//1795
f 1818//1796 1817//1795 1819//1797
f 1887//1865 1888//1866 1896//1874
f 1896//1874 1888//1866 1871//1849
f 1896//1874 1871//1849 1936//1914
f 1936//1914 1871//1849 1890//1868
f 1936//1914 1890//1868 1891//1869
f 1814//1792 1815//1793 1936//1914
f 1697//1675 1696//1674 1891//1869
f 1891//1869 1696//1674 1812//1790
f 1891//1869 1812//1790 1936//1914
f 1936//1914 1812//1790 1813//1791
f 1936//1914 1813//1791 1814//1792
f 1937//1915 1938//1916 1939//1917
f 1939//1917 1938//1916 1940//1918
f 1939//1917 1940//1918 1941//1919
f 1821//1799 1823//1801 1934//1912
f 1934//1912 1823//1801 1930//1908
f 1934//1912 1930//1908 1942//1920
f 1942//1920 1930//1908 1931//1909
f 1942//1920 1931//1909 1921//1899
f 1921//1899 1931//1909 1932//1910
f 1921//1899 1932//1910 1922//1900
f 1901//1879 1894//1872 1903//1881
f 1903//1881 1894//1872 1893//1871
f 1903//1881 1893//1871 1904//1882
f 1904//1882 1893//1871 1907//1885
f 1904//1882 1907//1885 1905//1883
f 1905//1883 1907//1885 1909//1887
f 1905//1883 1909//1887 1906//1884
f 1906//1884 1909//1887 1908//1886
f 1910//1888 1912//1890 1914//1892
f 1914//1892 1912//1890 1943//1921
f 1914//1892 1943//1921 1944//1922
f 1936//1914 1937//1915 1896//1874
f 1896//1874 1937//1915 1939//1917
f 1896//1874 1939//1917 1897//1875
f 1897//1875 1939//1917 1941//1919
f 1897//1875 1941//1919 1898//1876
f 1898//1876 1941//1919 1945//1923
f 1898//1876 1945//1923 1899//1877
f 1899//1877 1945//1923 1944//1922
f 1899//1877 1944//1922 1900//1878
f 1900//1878 1944//1922 1943//1921
f 1900//1878 1943//1921 1901//1879
f 1901//1879 1943//1921 1912//1890
f 1901//1879 1912//1890 1894//1872
f 1894//1872 1912//1890 1913//1891
f 1894//1872 1913//1891 1892//1870
f 1815//1793 1933//1911 1936//1914
f 1936//1914 1933//1911 1935//1913
f 1936//1914 1935//1913 1937//1915
f 1937//1915 1935//1913 1934//1912
f 1937//1915 1934//1912 1938//1916
f 1938//1916 1934//1912 1942//1920
f 1938//1916 1942//1920 1940//1918
f 1940//1918 1942//1920 1921//1899
f 1940//1918 1921//1899 1941//1919
f 1941//1919 1921//1899 1923//1901
f 1941//1919 1923//1901 1945//1923
f 1945//1923 1923//1901 1919//1897
f 1945//1923 1919//1897 1944//1922
f 1944//1922 1919//1897 1917//1895
f 1944//1922 1917//1895 1914//1892
f 1914//1892 1917//1895 1916//1894
f 1914//1892 1916//1894 1915//1893
f 1760//1738 1698//1676 1700//1678
f 1946//1924 1886//1864 1947//1925
f 1947//1925 1886//1864 1884//1862
f 1947//1925 1884//1862 1948//1926
f 1948//1926 1884//1862 1880//1858
f 1948//1926 1880//1858 1949//1927
f 1949//1927 1880//1858 1877//1855
f 1949//1927 1877//1855 1950//1928
f 1950//1928 1877//1855 1875//1853
f 1950//1928 1875//1853 1951//1929
f 1951//1929 1875//1853 1873//1851
f 1951//1929 1873//1851 1952//1930
f 1699//1677 1889//1867 1700//1678
f 1700//1678 1889//1867 1953//1931
f 1700//1678 1953//1931 1760//1738
f 1760//1738 1953//1931 1765//1743
f 1889//1867 1886//1864 1953//1931
f 1953//1931 1886//1864 1946//1924
f 1953//1931 1946//1924 1765//1743
f 1765//1743 1946//1924 1947//1925
f 1765//1743 1947//1925 1767//1745
f 1767//1745 1947//1925 1948//1926
f 1767//1745 1948//1926 1769//1747
f 1769//1747 1948//1926 1949//1927
f 1769//1747 1949//1927 1772//1750
f 1772//1750 1949//1927 1950//1928
f 1772//1750 1950//1928 1774//1752
f 1774//1752 1950//1928 1951//1929
f 1774//1752 1951//1929 1775//1753
f 1775//1753 1951//1929 1952//1930
f 554//537 572//555 550//533
f 550//533 572//555 576//559
f 550//533 576//559 542//525
f 574//557 553//536 575//558
f 575//558 553//536 552//535
f 575//558 552//535 551//534
f 572//555 554//537 574//557
f 574//557 554//537 553//536
f 1954//1932 1955//1933 1956//1934
f 1957//1935 573//556 569//552
f 1957//1935 569//552 1956//1934
f 1956//1934 569//552 568//551
f 1956//1934 568//551 1954//1932
f 1954//1932 568//551 567//550
f 566//549 1958//1936 1959//1937
f 1751//1729 1960//1938 1750//1728
f 1750//1728 1960//1938 1961//1939
f 1750//1728 1961//1939 1748//1726
f 1748//1726 1961//1939 1962//1940
f 1748//1726 1962//1940 1757//1735
f 1757//1735 1962//1940 1963//1941
f 1757//1735 1963//1941 1756//1734
f 1734//1712 1758//1736 1964//1942
f 1964//1942 1758//1736 1752//1730
f 1964//1942 1752//1730 1963//1941
f 1963//1941 1752//1730 1754//1732
f 1963//1941 1754//1732 1756//1734
f 1734//1712 1964//1942 1733//1711
f 1733//1711 1964//1942 1965//1943
f 1733//1711 1965//1943 566//549
f 566//549 1959//1937 567//550
f 567//550 1959//1937 1955//1933
f 567//550 1955//1933 1954//1932
f 1966//1944 1967//1945 1968//1946
f 1968//1946 1967//1945 1969//1947
f 1968//1946 1969//1947 1970//1948
f 1970//1948 1969//1947 1971//1949
f 1970//1948 1971//1949 1972//1950
f 1972//1950 1971//1949 1973//1951
f 1966//1944 390//373 1974//1952
f 1974//1952 1975//1953 1966//1944
f 1966//1944 1975//1953 1976//1954
f 1966//1944 1976//1954 1967//1945
f 1972//1950 1977//1955 1970//1948
f 1970//1948 1977//1955 1978//1956
f 1970//1948 1978//1956 1968//1946
f 1968//1946 1978//1956 1979//1957
f 1968//1946 1979//1957 1966//1944
f 1966//1944 1979//1957 1980//1958
f 1966//1944 1980//1958 390//373
f 390//373 1980//1958 391//374
f 1958//1936 566//549 1973//1951
f 1973//1951 566//549 1965//1943
f 1973//1951 1965//1943 1972//1950
f 1972//1950 1965//1943 1964//1942
f 1972//1950 1964//1942 1977//1955
f 1977//1955 1964//1942 1963//1941
f 1977//1955 1963//1941 1978//1956
f 1978//1956 1963//1941 1962//1940
f 1978//1956 1962//1940 1979//1957
f 1979//1957 1962//1940 1961//1939
f 1979//1957 1961//1939 1980//1958
f 1980//1958 1961//1939 1960//1938
f 1980//1958 1960//1938 391//374
f 391//374 1960//1938 1751//1729
f 391//374 1751//1729 381//364
f 1981//1959 1902//1880 1906//1884
f 1981//1959 1906//1884 1982//1960
f 1982//1960 1906//1884 1983//1961
f 1983//1961 1906//1884 1908//1886
f 1983//1961 1908//1886 1984//1962
f 1062//1040 1775//1753 1061//1039
f 1061//1039 1775//1753 1952//1930
f 1061//1039 1952//1930 1059//1037
f 1059//1037 1952//1930 1873//1851
f 1873//1851 1872//1850 1981//1959
f 1981//1959 1872//1850 1895//1873
f 1981//1959 1895//1873 1902//1880
f 1981//1959 1982//1960 1985//1963
f 1985//1963 1060//1038 1981//1959
f 1981//1959 1060//1038 1059//1037
f 1981//1959 1059//1037 1873//1851
f 1916//1894 1918//1896 1986//1964
f 1834//1812 1833//1811 1987//1965
f 1987//1965 1833//1811 1988//1966
f 1988//1966 1989//1967 1987//1965
f 1987//1965 1989//1967 1990//1968
f 1987//1965 1990//1968 1991//1969
f 1992//1970 1989//1967 1993//1971
f 1993//1971 1989//1967 1988//1966
f 1993//1971 1988//1966 1868//1846
f 1868//1846 1988//1966 1833//1811
f 1927//1905 1929//1907 1994//1972
f 1994//1972 1929//1907 1830//1808
f 1994//1972 1830//1808 1987//1965
f 1987//1965 1830//1808 1831//1809
f 1987//1965 1831//1809 1834//1812
f 1994//1972 1995//1973 1927//1905
f 1927//1905 1995//1973 1996//1974
f 1927//1905 1996//1974 1928//1906
f 1925//1903 1924//1902 1997//1975
f 1997//1975 1924//1902 1922//1900
f 1918//1896 1920//1898 1986//1964
f 1986//1964 1920//1898 1925//1903
f 1986//1964 1925//1903 1998//1976
f 1998//1976 1925//1903 1997//1975
f 1998//1976 1997//1975 1999//1977
f 1999//1977 1997//1975 1922//1900
f 1999//1977 1922//1900 1996//1974
f 1996//1974 1922//1900 1932//1910
f 1996//1974 1932//1910 1928//1906
f 1916//1894 1986//1964 1915//1893
f 1915//1893 1986//1964 2000//1978
f 1915//1893 2000//1978 2001//1979
f 1892//1870 1913//1891 2001//1979
f 1913//1891 1911//1889 2001//1979
f 2001//1979 1911//1889 1910//1888
f 2001//1979 1910//1888 1915//1893
f 2001//1979 2002//1980 1892//1870
f 1892//1870 2002//1980 1984//1962
f 1892//1870 1984//1962 1908//1886
f 1994//1972 2003//1981 1995//1973
f 1995//1973 2003//1981 2004//1982
f 1995//1973 2004//1982 1996//1974
f 1996//1974 2004//1982 2005//1983
f 1996//1974 2005//1983 1999//1977
f 1999//1977 2005//1983 2006//1984
f 1999//1977 2006//1984 1998//1976
f 2007//1985 2008//1986 2009//1987
f 2009//1987 2008//1986 2010//1988
f 2009//1987 2010//1988 2011//1989
f 2011//1989 2010//1988 2012//1990
f 2011//1989 2012//1990 1991//1969
f 1991//1969 2012//1990 2013//1991
f 1991//1969 2013//1991 1987//1965
f 1987//1965 2013//1991 2014//1992
f 1987//1965 2014//1992 1994//1972
f 1994//1972 2014//1992 2015//1993
f 1994//1972 2015//1993 2003//1981
f 2016//1994 578//561 2017//1995
f 2017//1995 578//561 571//554
f 2017//1995 571//554 2018//1996
f 2019//1997 561//544 565//548
f 2020//1998 2021//1999 2019//1997
f 2019//1997 565//548 2020//1998
f 2020//1998 565//548 577//560
f 2020//1998 577//560 2022//2000
f 1864//1842 2023//2001 2024//2002
f 2019//1997 2021//1999 2025//2003
f 560//543 561//544 2019//1997
f 1864//1842 1837//1815 2023//2001
f 2023//2001 1837//1815 1836//1814
f 2023//2001 1836//1814 1870//1848
f 1838//1816 1851//1829 2026//2004
f 2026//2004 1851//1829 1853//1831
f 2026//2004 1853//1831 2027//2005
f 1862//1840 2028//2006 1860//1838
f 1860//1838 2028//2006 2029//2007
f 1860//1838 2029//2007 1859//1837
f 1859//1837 2029//2007 2030//2008
f 1859//1837 2030//2008 1856//1834
f 1856//1834 2030//2008 2027//2005
f 1856//1834 2027//2005 1854//1832
f 1854//1832 2027//2005 1853//1831
f 2031//2009 2032//2010 2033//2011
f 2019//1997 2025//2003 560//543
f 560//543 2025//2003 2034//2012
f 560//543 2034//2012 558//541
f 558//541 2034//2012 2035//2013
f 558//541 2035//2013 2036//2014
f 2036//2014 2035//2013 2037//2015
f 2036//2014 2037//2015 2038//2016
f 2038//2016 2037//2015 2039//2017
f 2038//2016 2039//2017 2040//2018
f 2040//2018 2039//2017 2041//2019
f 2040//2018 2041//2019 2042//2020
f 2042//2020 2041//2019 2043//2021
f 2042//2020 2043//2021 2033//2011
f 2033//2011 2043//2021 2044//2022
f 2033//2011 2044//2022 2031//2009
f 1870//1848 558//541 2023//2001
f 2023//2001 558//541 2036//2014
f 2023//2001 2036//2014 2024//2002
f 2024//2002 2036//2014 2038//2016
f 2024//2002 2038//2016 2045//2023
f 2045//2023 2038//2016 2040//2018
f 2045//2023 2040//2018 2046//2024
f 2046//2024 2040//2018 2042//2020
f 2046//2024 2042//2020 2047//2025
f 2047//2025 2042//2020 2033//2011
f 1862//1840 1864//1842 2028//2006
f 2028//2006 1864//1842 2024//2002
f 2028//2006 2024//2002 2029//2007
f 2029//2007 2024//2002 2045//2023
f 2029//2007 2045//2023 2030//2008
f 2030//2008 2045//2023 2046//2024
f 2030//2008 2046//2024 2027//2005
f 2027//2005 2046//2024 2047//2025
f 2027//2005 2047//2025 2026//2004
f 2026//2004 2047//2025 2033//2011
f 2026//2004 2033//2011 2032//2010
f 480//463 482//465 577//560
f 577//560 482//465 2048//2026
f 577//560 2048//2026 2022//2000
f 480//463 577//560 481//464
f 481//464 577//560 578//561
f 481//464 578//561 2016//1994
f 2049//2027 2050//2028 2051//2029
f 1993//1971 1868//1846 1846//1824
f 1839//1817 1838//1816 2052//2030
f 2007//1985 2009//1987 2053//2031
f 2053//2031 2009//1987 2054//2032
f 2053//2031 2054//2032 2055//2033
f 2055//2033 2054//2032 2056//2034
f 2055//2033 2056//2034 2057//2035
f 2057//2035 2056//2034 2058//2036
f 2057//2035 2058//2036 2059//2037
f 2059//2037 2050//2028 2057//2035
f 2057//2035 2050//2028 2049//2027
f 2057//2035 2049//2027 2060//2038
f 2060//2038 2049//2027 2061//2039
f 2060//2038 2061//2039 2062//2040
f 2062//2040 2061//2039 2026//2004
f 2062//2040 2026//2004 2032//2010
f 1839//1817 2052//2030 1849//1827
f 1849//1827 2052//2030 2063//2041
f 1849//1827 2063//2041 1850//1828
f 1850//1828 2063//2041 2064//2042
f 1850//1828 2064//2042 1842//1820
f 1992//1970 1993//1971 2065//2043
f 2065//2043 1993//1971 1846//1824
f 2065//2043 1846//1824 2064//2042
f 2064//2042 1846//1824 1844//1822
f 2064//2042 1844//1822 1842//1820
f 1838//1816 2026//2004 2052//2030
f 2052//2030 2026//2004 2061//2039
f 2052//2030 2061//2039 2063//2041
f 2063//2041 2061//2039 2049//2027
f 2063//2041 2049//2027 2064//2042
f 2064//2042 2049//2027 2051//2029
f 2064//2042 2051//2029 2065//2043
f 354//337 353//336 1791//1769
f 1791//1769 1795//1773 2066//2044
f 354//337 1791//1769 2067//2045
f 2067//2045 1791//1769 2066//2044
f 2067//2045 2066//2044 2068//2046
f 1062//1040 1064//1042 2066//2044
f 2066//2044 1064//1042 2069//2047
f 2066//2044 2069//2047 2068//2046
f 1775//1753 1062//1040 1776//1754
f 1776//1754 1062//1040 2066//2044
f 1776//1754 2066//2044 1794//1772
f 1794//1772 2066//2044 1795//1773
f 1957//1935 2070//2048 573//556
f 573//556 2070//2048 485//468
f 2018//1996 571//554 486//469
f 486//469 571//554 573//556
f 486//469 573//556 484//467
f 484//467 573//556 485//468
f 2071//2049 254//241 2072//2050
f 2072//2050 254//241 245//232
f 2072//2050 245//232 2073//2051
f 2073//2051 245//232 237//224
f 2073//2051 237//224 2074//2052
f 2074//2052 237//224 236//223
f 2074//2052 236//223 406//389
f 406//389 236//223 235//222
f 2075//2053 2071//2049 2076//2054
f 2076//2054 2071//2049 2072//2050
f 2076//2054 2072//2050 2077//2055
f 2077//2055 2072//2050 2073//2051
f 2077//2055 2073//2051 2078//2056
f 2078//2056 2073//2051 2074//2052
f 2078//2056 2074//2052 407//390
f 407//390 2074//2052 406//389
f 2079//2057 2075//2053 2076//2054
f 2080//2058 2081//2059 2079//2057
f 2078//2056 407//390 2082//2060
f 2079//2057 2076//2054 2080//2058
f 2080//2058 2076//2054 2077//2055
f 2080//2058 2077//2055 2083//2061
f 2083//2061 2077//2055 2078//2056
f 2083//2061 2078//2056 2084//2062
f 2084//2062 2078//2056 2082//2060
f 2084//2062 2082//2060 2085//2063
f 2086//2064 456//439 2087//2065
f 2088//2066 2081//2059 2080//2058
f 2088//2066 2080//2058 2089//2067
f 2089//2067 2080//2058 2083//2061
f 2089//2067 2083//2061 2090//2068
f 2090//2068 2083//2061 2084//2062
f 2090//2068 2084//2062 2087//2065
f 2087//2065 2084//2062 2085//2063
f 2087//2065 2085//2063 2086//2064
f 408//391 2085//2063 405//388
f 405//388 2085//2063 2082//2060
f 405//388 2082//2060 407//390
f 2091//2069 2092//2070 2093//2071
f 2094//2072 2091//2069 2095//2073
f 2095//2073 2091//2069 2093//2071
f 2095//2073 2093//2071 2096//2074
f 2096//2074 2093//2071 2097//2075
f 137//124 144//131 2098//2076
f 2099//2077 2100//2078 2101//2079
f 2099//2077 2101//2079 2102//2080
f 2102//2080 2101//2079 2103//2081
f 2103//2081 2101//2079 2104//2082
f 2103//2081 2104//2082 2105//2083
f 2105//2083 2104//2082 2106//2084
f 2105//2083 2106//2084 2098//2076
f 138//125 137//124 2107//2085
f 2107//2085 137//124 2098//2076
f 2107//2085 2098//2076 2106//2084
f 2108//2086 142//129 140//127
f 2109//2087 2108//2086 2110//2088
f 2111//2089 2112//2090 2113//2091
f 2113//2091 2112//2090 2114//2092
f 2113//2091 2114//2092 2115//2093
f 2108//2086 140//127 2110//2088
f 2110//2088 140//127 138//125
f 2110//2088 138//125 2107//2085
f 2110//2088 2107//2085 2115//2093
f 2110//2088 2115//2093 2109//2087
f 2109//2087 2115//2093 2114//2092
f 2100//2078 2111//2089 2101//2079
f 2101//2079 2111//2089 2113//2091
f 2101//2079 2113//2091 2104//2082
f 2104//2082 2113//2091 2115//2093
f 2104//2082 2115//2093 2106//2084
f 2106//2084 2115//2093 2107//2085
f 2102//2080 2116//2094 2099//2077
f 2099//2077 2116//2094 2117//2095
f 2099//2077 2117//2095 2100//2078
f 2118//2096 2102//2080 2103//2081
f 2119//2097 2120//2098 2118//2096
f 2118//2096 2103//2081 2119//2097
f 2119//2097 2103//2081 2105//2083
f 2119//2097 2105//2083 2121//2099
f 2121//2099 2105//2083 2122//2100
f 2122//2100 2105//2083 2098//2076
f 2122//2100 2098//2076 2123//2101
f 2123//2101 2098//2076 2124//2102
f 2124//2102 2098//2076 144//131
f 2124//2102 144//131 146//133
f 2125//2103 2126//2104 2127//2105
f 2125//2103 2127//2105 2128//2106
f 2128//2106 2127//2105 2129//2107
f 2129//2107 2127//2105 2130//2108
f 2129//2107 2130//2108 2131//2109
f 2132//2110 2133//2111 2134//2112
f 2135//2113 2136//2114 2134//2112
f 2134//2112 2136//2114 2137//2115
f 2138//2116 2132//2110 2139//2117
f 2139//2117 2132//2110 2134//2112
f 2139//2117 2134//2112 2140//2118
f 2140//2118 2134//2112 2137//2115
f 2117//2095 2141//2119 2142//2120
f 2117//2095 2142//2120 2100//2078
f 2142//2120 2143//2121 2144//2122
f 2100//2078 2142//2120 2111//2089
f 2111//2089 2142//2120 2144//2122
f 2111//2089 2144//2122 2112//2090
f 2145//2123 2146//2124 2147//2125
f 2145//2123 2147//2125 2148//2126
f 2149//2127 2150//2128 2147//2125
f 2147//2125 2150//2128 2151//2129
f 2147//2125 2151//2129 2148//2126
f 2152//2130 2153//2131 2154//2132
f 2154//2132 2153//2131 2155//2133
f 2153//2131 2156//2134 2155//2133
f 2155//2133 2156//2134 2157//2135
f 2155//2133 2157//2135 2158//2136
f 2158//2136 2157//2135 2159//2137
f 2158//2136 2159//2137 2160//2138
f 2160//2138 2159//2137 2161//2139
f 2160//2138 2161//2139 2162//2140
f 2162//2140 2161//2139 2163//2141
f 2162//2140 2163//2141 2164//2142
f 2164//2142 2163//2141 2165//2143
f 2164//2142 2165//2143 2166//2144
f 2093//2071 2092//2070 2166//2144
f 2166//2144 2092//2070 2167//2145
f 2166//2144 2167//2145 2168//2146
f 2169//2147 2170//2148 2171//2149
f 2171//2149 2170//2148 2172//2150
f 2165//2143 2173//2151 2166//2144
f 2166//2144 2173//2151 2171//2149
f 2166//2144 2171//2149 2093//2071
f 2093//2071 2171//2149 2172//2150
f 2093//2071 2172//2150 2097//2075
f 2174//2152 2175//2153 2176//2154
f 2177//2155 2178//2156 2179//2157
f 2179//2157 2178//2156 2180//2158
f 2179//2157 2180//2158 2181//2159
f 2182//2160 2179//2157 2183//2161
f 2183//2161 2179//2157 2181//2159
f 2183//2161 2181//2159 2184//2162
f 2184//2162 2181//2159 2185//2163
f 2186//2164 2187//2165 2188//2166
f 2185//2163 2189//2167 2184//2162
f 2184//2162 2189//2167 2190//2168
f 2184//2162 2190//2168 2191//2169
f 2191//2169 2190//2168 2186//2164
f 2191//2169 2186//2164 2176//2154
f 2174//2152 2176//2154 2192//2170
f 2188//2166 2148//2126 2186//2164
f 2186//2164 2148//2126 2151//2129
f 2186//2164 2151//2129 2176//2154
f 2176//2154 2151//2129 2150//2128
f 2176//2154 2150//2128 2192//2170
f 2193//2171 2194//2172 2195//2173
f 2195//2173 2194//2172 2196//2174
f 2195//2173 2196//2174 2177//2155
f 2177//2155 2196//2174 2187//2165
f 2177//2155 2187//2165 2178//2156
f 2185//2163 2181//2159 2189//2167
f 2189//2167 2181//2159 2180//2158
f 2189//2167 2180//2158 2190//2168
f 2190//2168 2180//2158 2178//2156
f 2190//2168 2178//2156 2186//2164
f 2186//2164 2178//2156 2187//2165
f 2166//2144 2168//2146 2154//2132
f 2193//2171 2195//2173 2197//2175
f 2197//2175 2195//2173 2198//2176
f 2198//2176 2195//2173 2168//2146
f 2168//2146 2195//2173 2152//2130
f 2168//2146 2152//2130 2154//2132
f 2158//2136 2160//2138 2155//2133
f 2155//2133 2160//2138 2162//2140
f 2155//2133 2162//2140 2154//2132
f 2154//2132 2162//2140 2164//2142
f 2154//2132 2164//2142 2166//2144
f 2199//2177 2200//2178 2201//2179
f 2202//2180 2199//2177 2203//2181
f 2203//2181 2199//2177 2201//2179
f 2203//2181 2201//2179 2204//2182
f 2201//2179 2205//2183 2204//2182
f 2204//2182 2205//2183 2206//2184
f 2204//2182 2206//2184 2207//2185
f 2208//2186 2209//191 289//189
f 166//153 163//150 2210//199
f 2210//199 163//150 160//147
f 2210//199 160//147 301//201
f 2211//2187 639//622 640//623
f 150//137 2208//2186 151//138
f 151//138 2208//2186 289//189
f 151//138 289//189 2212//2188
f 2212//2188 289//189 291//276
f 2212//2188 291//276 2201//2179
f 2201//2179 291//276 2205//2183
f 2209//191 2208//2186 2213//193
f 2213//193 2208//2186 2214//2189
f 2213//193 2214//2189 2215//195
f 2215//195 2214//2189 2216//2190
f 2215//195 2216//2190 2217//197
f 2217//197 2216//2190 2211//2187
f 2217//197 2211//2187 2210//199
f 640//623 2218//2191 2211//2187
f 2211//2187 2218//2191 2219//2192
f 2211//2187 2219//2192 2210//199
f 2210//199 2219//2192 167//154
f 2210//199 167//154 166//153
f 160//147 158//145 301//201
f 301//201 158//145 2220//2193
f 301//201 2220//2193 299//284
f 299//284 2220//2193 2221//2194
f 299//284 2221//2194 297//282
f 295//280 2222//2195 293//278
f 293//278 2222//2195 2223//2196
f 293//278 2223//2196 291//276
f 291//276 2223//2196 2206//2184
f 291//276 2206//2184 2205//2183
f 2221//2194 2224//2197 297//282
f 297//282 2224//2197 2225//2198
f 297//282 2225//2198 295//280
f 295//280 2225//2198 2226//2199
f 295//280 2226//2199 2222//2195
f 2227//2200 2228//2201 2229//2202
f 2230//2203 2231//2204 2232//2205
f 2233//2206 2230//2203 2234//2207
f 2234//2207 2230//2203 2232//2205
f 2234//2207 2232//2205 2235//2208
f 2235//2208 2232//2205 2236//2209
f 2236//2209 2237//2210 2235//2208
f 2235//2208 2237//2210 2238//2211
f 2235//2208 2238//2211 2239//2212
f 2239//2212 2238//2211 2240//2213
f 2238//2211 2241//2214 2240//2213
f 2240//2213 2241//2214 2242//2215
f 2240//2213 2242//2215 2243//2216
f 2242//2215 2244//2217 2243//2216
f 2243//2216 2244//2217 2245//2218
f 2243//2216 2245//2218 2203//2181
f 2203//2181 2246//2219 2243//2216
f 2243//2216 2246//2219 2247//2220
f 2243//2216 2247//2220 2240//2213
f 2240//2213 2247//2220 2248//2221
f 2240//2213 2248//2221 2239//2212
f 2239//2212 2248//2221 2249//2222
f 2239//2212 2249//2222 2235//2208
f 2235//2208 2249//2222 2250//2223
f 2235//2208 2250//2223 2234//2207
f 2234//2207 2250//2223 2251//2224
f 2234//2207 2251//2224 2233//2206
f 2233//2206 2251//2224 2252//2225
f 2246//2219 2227//2200 2247//2220
f 2247//2220 2227//2200 2229//2202
f 2247//2220 2229//2202 2248//2221
f 2248//2221 2229//2202 2253//2226
f 2248//2221 2253//2226 2249//2222
f 2249//2222 2253//2226 2254//2227
f 2249//2222 2254//2227 2250//2223
f 2250//2223 2254//2227 2255//2228
f 2250//2223 2255//2228 2251//2224
f 2251//2224 2255//2228 2256//2229
f 2251//2224 2256//2229 2252//2225
f 2252//2225 2256//2229 467//450
f 467//450 2256//2229 462//445
f 462//445 2256//2229 2255//2228
f 462//445 2255//2228 469//452
f 469//452 2255//2228 2254//2227
f 469//452 2254//2227 471//454
f 471//454 2254//2227 2253//2226
f 471//454 2253//2226 472//455
f 472//455 2253//2226 2229//2202
f 472//455 2229//2202 460//443
f 460//443 2229//2202 2228//2201
f 460//443 2228//2201 452//435
f 453//436 452//435 2257//2230
f 2257//2230 452//435 2228//2201
f 2257//2230 2228//2201 2258//2231
f 2258//2231 2228//2201 2227//2200
f 2258//2231 2227//2200 2259//2232
f 2259//2232 2227//2200 2246//2219
f 2259//2232 2246//2219 2204//2182
f 2204//2182 2246//2219 2203//2181
f 455//438 453//436 2260//2233
f 2260//2233 453//436 2257//2230
f 2260//2233 2257//2230 2261//2234
f 2261//2234 2257//2230 2258//2231
f 2261//2234 2258//2231 2262//2235
f 2262//2235 2258//2231 2259//2232
f 2262//2235 2259//2232 2207//2185
f 2207//2185 2259//2232 2204//2182
f 457//440 455//438 2260//2233
f 2087//2065 456//439 457//440
f 2260//2233 2261//2234 2263//2236
f 2263//2236 2261//2234 2262//2235
f 2263//2236 2262//2235 2264//2237
f 2264//2237 2262//2235 2207//2185
f 2264//2237 2207//2185 2265//2238
f 457//440 2260//2233 2087//2065
f 2087//2065 2260//2233 2263//2236
f 2087//2065 2263//2236 2090//2068
f 2090//2068 2263//2236 2264//2237
f 2090//2068 2264//2237 2089//2067
f 2089//2067 2264//2237 2265//2238
f 2089//2067 2265//2238 2088//2066
f 2085//2063 408//391 2086//2064
f 2086//2064 408//391 456//439
f 2125//2103 2128//2106 2266//2239
f 2266//2239 2267//2240 2125//2103
f 2125//2103 2267//2240 2268//2241
f 2125//2103 2268//2241 2126//2104
f 2126//2104 2268//2241 2269//2242
f 2126//2104 2269//2242 2270//2243
f 2131//2109 2130//2108 2271//2244
f 2271//2244 2130//2108 2272//2245
f 663//646 2273//2246 673//656
f 673//656 2273//2246 2274//2247
f 673//656 2274//2247 661//644
f 661//644 2274//2247 656//639
f 2274//2247 2275//2248 656//639
f 656//639 2275//2248 2276//2249
f 656//639 2276//2249 657//640
f 657//640 2276//2249 658//641
f 2277//2250 2276//2249 2278//2251
f 2278//2251 2276//2249 2275//2248
f 2278//2251 2275//2248 2279//2252
f 2279//2252 2275//2248 2274//2247
f 2279//2252 2274//2247 2280//2253
f 2280//2253 2274//2247 2273//2246
f 2280//2253 2273//2246 2130//2108
f 2130//2108 2273//2246 663//646
f 2130//2108 663//646 2272//2245
f 2281//2254 2130//2108 2282//2255
f 2282//2255 2130//2108 2127//2105
f 2282//2255 2127//2105 2270//2243
f 2270//2243 2127//2105 2126//2104
f 2097//2075 2172//2150 2096//2074
f 2096//2074 2172//2150 2170//2148
f 2096//2074 2170//2148 2169//2147
f 2157//2135 2156//2134 2283//2256
f 2284//2257 2285//2258 2286//2259
f 2286//2259 2285//2258 2287//2260
f 2286//2259 2287//2260 2288//2261
f 2284//2257 2286//2259 2283//2256
f 2283//2256 2286//2259 2289//2262
f 2283//2256 2289//2262 2157//2135
f 2290//2263 2161//2139 2159//2137
f 2291//2264 2292//2265 2293//2266
f 2294//2267 2295//2268 2171//2149
f 2171//2149 2295//2268 2296//2269
f 2171//2149 2296//2269 2297//2270
f 2298//2271 2299//2272 2171//2149
f 2171//2149 2299//2272 2300//2273
f 2171//2149 2300//2273 2294//2267
f 2163//2141 2301//2274 2165//2143
f 2165//2143 2301//2274 2302//2275
f 2165//2143 2302//2275 2173//2151
f 2173//2151 2302//2275 2293//2266
f 2173//2151 2293//2266 2171//2149
f 2171//2149 2293//2266 2292//2265
f 2171//2149 2292//2265 2298//2271
f 2297//2270 2303//2276 2171//2149
f 2171//2149 2303//2276 2169//2147
f 2304//2277 2305//2278 2306//2279
f 2306//2279 2305//2278 2307//2280
f 2287//2260 2308//2281 2288//2261
f 2288//2261 2308//2281 2309//2282
f 2288//2261 2309//2282 2310//2283
f 2311//2284 2293//2266 2312//2285
f 2312//2285 2293//2266 2302//2275
f 2312//2285 2302//2275 2313//2286
f 2313//2286 2302//2275 2301//2274
f 2314//2287 2291//2264 2315//2288
f 2315//2288 2291//2264 2316//2289
f 2317//2290 2318//2291 2311//2284
f 2311//2284 2318//2291 2319//2292
f 2291//2264 2293//2266 2316//2289
f 2316//2289 2293//2266 2311//2284
f 2316//2289 2311//2284 2315//2288
f 2315//2288 2311//2284 2319//2292
f 2315//2288 2319//2292 2314//2287
f 2304//2277 2317//2290 2320//2293
f 2320//2293 2317//2290 2311//2284
f 2320//2293 2311//2284 2321//2294
f 2321//2294 2311//2284 2312//2285
f 2321//2294 2312//2285 2322//2295
f 2322//2295 2312//2285 2313//2286
f 2322//2295 2313//2286 2323//2296
f 2323//2296 2313//2286 2301//2274
f 2323//2296 2301//2274 2290//2263
f 2290//2263 2301//2274 2163//2141
f 2290//2263 2163//2141 2161//2139
f 2304//2277 2320//2293 2305//2278
f 2305//2278 2320//2293 2321//2294
f 2305//2278 2321//2294 2310//2283
f 2310//2283 2321//2294 2322//2295
f 2310//2283 2322//2295 2288//2261
f 2288//2261 2322//2295 2323//2296
f 2288//2261 2323//2296 2286//2259
f 2286//2259 2323//2296 2290//2263
f 2286//2259 2290//2263 2289//2262
f 2289//2262 2290//2263 2159//2137
f 2289//2262 2159//2137 2157//2135
f 2324//2297 2325//2298 2326//2299
f 2327//2300 2307//2280 2305//2278
f 2325//2298 2324//2297 2308//2281
f 2308//2281 2324//2297 2309//2282
f 2309//2282 2324//2297 2328//2301
f 2309//2282 2328//2301 2310//2283
f 2310//2283 2328//2301 2329//2302
f 2310//2283 2329//2302 2305//2278
f 2330//2303 2230//2203 2331//2304
f 2331//2304 2230//2203 2233//2206
f 2331//2304 2233//2206 2332//2305
f 2332//2305 2233//2206 2252//2225
f 2333//2306 2332//2305 2334//2307
f 2334//2307 2332//2305 2252//2225
f 2334//2307 2252//2225 467//450
f 2327//2300 2305//2278 2333//2306
f 2333//2306 2305//2278 2329//2302
f 2333//2306 2329//2302 2332//2305
f 2332//2305 2329//2302 2328//2301
f 2332//2305 2328//2301 2331//2304
f 2331//2304 2328//2301 2324//2297
f 2331//2304 2324//2297 2330//2303
f 2330//2303 2324//2297 2326//2299
f 2330//2303 2326//2299 2230//2203
f 2230//2203 2326//2299 2335//2308
f 2230//2203 2335//2308 2231//2204
f 2167//2145 2092//2070 2091//2069
f 2167//2145 2091//2069 2168//2146
f 2336//2309 2198//2176 2168//2146
f 2168//2146 2091//2069 2336//2309
f 2336//2309 2091//2069 2094//2072
f 2336//2309 2094//2072 2337//2310
f 2337//2310 2094//2072 2338//2311
f 2337//2310 2338//2311 2339//2312
f 2202//2180 2203//2181 2245//2218
f 2202//2180 2245//2218 2340//2313
f 2340//2313 2245//2218 2244//2217
f 2340//2313 2244//2217 2341//2314
f 2341//2314 2244//2217 2242//2215
f 2341//2314 2242//2215 2342//2315
f 2342//2315 2242//2215 2241//2214
f 2342//2315 2241//2214 2343//2316
f 2241//2214 2238//2211 2343//2316
f 2343//2316 2238//2211 2237//2210
f 2343//2316 2237//2210 2344//2317
f 2344//2317 2237//2210 2236//2209
f 2344//2317 2236//2209 2345//2318
f 2345//2318 2236//2209 2232//2205
f 2345//2318 2232//2205 2346//2319
f 2346//2319 2232//2205 2231//2204
f 2346//2319 2231//2204 2347//2320
f 643//626 645//628 2348//2321
f 641//624 643//626 2308//2281
f 2308//2281 643//626 2348//2321
f 2308//2281 2348//2321 2325//2298
f 2231//2204 2335//2308 2347//2320
f 2347//2320 2335//2308 2326//2299
f 2347//2320 2326//2299 2349//2322
f 2349//2322 2326//2299 2325//2298
f 2349//2322 2325//2298 2350//2323
f 2350//2323 2325//2298 2348//2321
f 2351//2324 2095//2073 2352//2325
f 2352//2325 2095//2073 2096//2074
f 2094//2072 2095//2073 2338//2311
f 2338//2311 2095//2073 2351//2324
f 2338//2311 2351//2324 2339//2312
f 2339//2312 2351//2324 2353//2326
f 2354//2327 2355//2328 2356//2329
f 2357//2330 2281//2254 2282//2255
f 2270//2243 2354//2327 2282//2255
f 2282//2255 2354//2327 2356//2329
f 2282//2255 2356//2329 2357//2330
f 2357//2330 2356//2329 2358//2331
f 2359//2332 2360//2333 2361//2334
f 442//425 444//427 2362//2335
f 2362//2335 444//427 2363//2336
f 2362//2335 2363//2336 2364//2337
f 2364//2337 2363//2336 2365//2338
f 2364//2337 2365//2338 2366//2339
f 2366//2339 2365//2338 2367//2340
f 2366//2339 2367//2340 2368//2341
f 2369//2342 2366//2339 2370//2343
f 2370//2343 2366//2339 2368//2341
f 2370//2343 2368//2341 155//142
f 2359//2332 2361//2334 2371//2344
f 436//419 442//425 2372//2345
f 2372//2345 442//425 2362//2335
f 2372//2345 2362//2335 2373//2346
f 2373//2346 2362//2335 2364//2337
f 2373//2346 2364//2337 2361//2334
f 2361//2334 2364//2337 2366//2339
f 2361//2334 2366//2339 2371//2344
f 2371//2344 2366//2339 2369//2342
f 689//672 688//671 744//722
f 739//717 284//271 744//722
f 744//722 284//271 689//672
f 689//672 284//271 283//270
f 689//672 283//270 282//269
f 744//722 2374//2347 739//717
f 739//717 2374//2347 149//136
f 739//717 149//136 148//135
f 2375//2348 2376//2349 2377//2350
f 2377//2350 2376//2349 2378//2351
f 2375//2348 2141//2119 2376//2349
f 2376//2349 2141//2119 2117//2095
f 2376//2349 2117//2095 2116//2094
f 2120//2098 2116//2094 2118//2096
f 2118//2096 2116//2094 2102//2080
f 2379//2352 2120//2098 2119//2097
f 149//136 2380//2353 147//134
f 147//134 2380//2353 2124//2102
f 147//134 2124//2102 146//133
f 2379//2352 2119//2097 2381//2354
f 2381//2354 2119//2097 2121//2099
f 2381//2354 2121//2099 2382//2355
f 2382//2355 2121//2099 2122//2100
f 2382//2355 2122//2100 2380//2353
f 2380//2353 2122//2100 2123//2101
f 2380//2353 2123//2101 2124//2102
f 149//136 2383//2356 2380//2353
f 2380//2353 2383//2356 2384//2357
f 2380//2353 2384//2357 2382//2355
f 2382//2355 2384//2357 2385//2358
f 2382//2355 2385//2358 2381//2354
f 2381//2354 2385//2358 2386//2359
f 2381//2354 2386//2359 2379//2352
f 2374//2347 744//722 2387//2360
f 2387//2360 744//722 2388//2361
f 2387//2360 2388//2361 2389//2362
f 2389//2362 2388//2361 2390//2363
f 2389//2362 2390//2363 2391//2364
f 2391//2364 2390//2363 2392//2365
f 2391//2364 2392//2365 2393//2366
f 2393//2366 2392//2365 2394//2367
f 149//136 2374//2347 2383//2356
f 2383//2356 2374//2347 2387//2360
f 2383//2356 2387//2360 2384//2357
f 2384//2357 2387//2360 2389//2362
f 2384//2357 2389//2362 2385//2358
f 2385//2358 2389//2362 2391//2364
f 2385//2358 2391//2364 2386//2359
f 2386//2359 2391//2364 2393//2366
f 753//731 752//730 2395//2368
f 750//728 748//726 2396//2369
f 2397//2370 2398//2371 2399//2372
f 2399//2372 2398//2371 2400//2373
f 763//741 761//739 2401//2374
f 2401//2374 761//739 759//737
f 2401//2374 759//737 2402//2375
f 764//742 763//741 2403//2376
f 2403//2376 763//741 2401//2374
f 2403//2376 2401//2374 2404//2377
f 2404//2377 2401//2374 2402//2375
f 2404//2377 2402//2375 2405//2378
f 748//726 764//742 2396//2369
f 2396//2369 764//742 2403//2376
f 2396//2369 2403//2376 2406//2379
f 2406//2379 2403//2376 2404//2377
f 2406//2379 2404//2377 2397//2370
f 2397//2370 2404//2377 2405//2378
f 2397//2370 2405//2378 2398//2371
f 752//730 750//728 2395//2368
f 2395//2368 750//728 2396//2369
f 2395//2368 2396//2369 2407//2380
f 2407//2380 2396//2369 2406//2379
f 2407//2380 2406//2379 2408//2381
f 2408//2381 2406//2379 2397//2370
f 2408//2381 2397//2370 2409//2382
f 2409//2382 2397//2370 2399//2372
f 2410//2383 2411//2384 2412//2385
f 2412//2385 2411//2384 2413//2386
f 2412//2385 2413//2386 2414//2387
f 2415//2388 2410//2383 2416//2389
f 2416//2389 2410//2383 2412//2385
f 2416//2389 2412//2385 2417//2390
f 2417//2390 2412//2385 2414//2387
f 2417//2390 2414//2387 2418//2391
f 745//723 753//731 2418//2391
f 2418//2391 753//731 2395//2368
f 2418//2391 2395//2368 2417//2390
f 2417//2390 2395//2368 2407//2380
f 2417//2390 2407//2380 2416//2389
f 2416//2389 2407//2380 2408//2381
f 2416//2389 2408//2381 2415//2388
f 2415//2388 2408//2381 2409//2382
f 744//722 745//723 2388//2361
f 2388//2361 745//723 2418//2391
f 2388//2361 2418//2391 2390//2363
f 2390//2363 2418//2391 2414//2387
f 2390//2363 2414//2387 2392//2365
f 2392//2365 2414//2387 2413//2386
f 2392//2365 2413//2386 2394//2367
f 2394//2367 2413//2386 2411//2384
f 2419//2392 2420//2393 2135//2113
f 2135//2113 2420//2393 2421//2394
f 2135//2113 2421//2394 2136//2114
f 2136//2114 2421//2394 2137//2115
f 2137//2115 2421//2394 2422//2395
f 2137//2115 2422//2395 2423//2396
f 2419//2392 2135//2113 2424//2397
f 2424//2397 2135//2113 2134//2112
f 2424//2397 2134//2112 2425//2398
f 2425//2398 2134//2112 2133//2111
f 808//786 807//785 2426//2399
f 800//778 813//791 2427//2400
f 2428//2401 2429//2402 2430//2403
f 2428//2401 2430//2403 2138//2116
f 2138//2116 2430//2403 2132//2110
f 2132//2110 2430//2403 2431//2404
f 2132//2110 2431//2404 2133//2111
f 2432//2405 2433//2406 2434//2407
f 2434//2407 2433//2406 2431//2404
f 2434//2407 2431//2404 2427//2400
f 2427//2400 2431//2404 2430//2403
f 2427//2400 2430//2403 800//778
f 800//778 2430//2403 2429//2402
f 813//791 810//788 2427//2400
f 2427//2400 810//788 808//786
f 2427//2400 808//786 2434//2407
f 2434//2407 808//786 2426//2399
f 2434//2407 2426//2399 2432//2405
f 2432//2405 2426//2399 2435//2408
f 2436//2409 2437//2410 2438//2411
f 2437//2410 2436//2409 2439//2412
f 2440//2413 2441//2414 2439//2412
f 2439//2412 2436//2409 2440//2413
f 2440//2413 2436//2409 2442//2415
f 2440//2413 2442//2415 2443//2416
f 2443//2416 2442//2415 2444//2417
f 2443//2416 2444//2417 2445//2418
f 2402//2375 759//737 757//735
f 2402//2375 2446//2419 2405//2378
f 2405//2378 2446//2419 2447//2420
f 2405//2378 2447//2420 2398//2371
f 2398//2371 2447//2420 2448//2421
f 2398//2371 2448//2421 2400//2373
f 2402//2375 757//735 2446//2419
f 2446//2419 757//735 755//733
f 2446//2419 755//733 767//745
f 742//720 2445//2418 767//745
f 767//745 2445//2418 2444//2417
f 767//745 2444//2417 2446//2419
f 2446//2419 2444//2417 2442//2415
f 2446//2419 2442//2415 2447//2420
f 2447//2420 2442//2415 2436//2409
f 2447//2420 2436//2409 2448//2421
f 2448//2421 2436//2409 2438//2411
f 2448//2421 2438//2411 2400//2373
f 2449//2422 2450//2423 2451//2424
f 2452//2425 2453//2426 2454//2427
f 2455//2428 2441//2414 2440//2413
f 2456//2429 2457//2430 2458//2431
f 2175//2153 2459//2432 2176//2154
f 2176//2154 2459//2432 2460//2433
f 2176//2154 2460//2433 2461//2434
f 2461//2434 2462//2435 2176//2154
f 2176//2154 2462//2435 2463//2436
f 2176//2154 2463//2436 2464//2436
f 2464//2436 2465//2437 2176//2154
f 2176//2154 2465//2437 2466//2438
f 2176//2154 2466//2438 2467//2439
f 2467//2439 2468//2440 2469//2441
f 2469//2441 2468//2440 2470//2442
f 2467//2439 2469//2441 2176//2154
f 2176//2154 2469//2441 2471//2443
f 2176//2154 2471//2443 2191//2169
f 2471//2443 2472//2444 2191//2169
f 2191//2169 2472//2444 2473//2445
f 2191//2169 2473//2445 2184//2162
f 2184//2162 2473//2445 2458//2431
f 2184//2162 2458//2431 2183//2161
f 2183//2161 2458//2431 2457//2430
f 2183//2161 2457//2430 2182//2160
f 2445//2418 742//720 2474//2446
f 2451//2424 2440//2413 2475//2447
f 2475//2447 2440//2413 2443//2416
f 2475//2447 2443//2416 2476//2448
f 2476//2448 2443//2416 2445//2418
f 2476//2448 2445//2418 2477//2449
f 2477//2449 2445//2418 2474//2446
f 2477//2449 2474//2446 2478//2450
f 2451//2424 2450//2423 2440//2413
f 2440//2413 2450//2423 2479//2451
f 2440//2413 2479//2451 2455//2428
f 2470//2442 2480//2452 2469//2441
f 2469//2441 2480//2452 2452//2425
f 2469//2441 2452//2425 2471//2443
f 2471//2443 2452//2425 2454//2427
f 2471//2443 2454//2427 2472//2444
f 2472//2444 2454//2427 2481//2453
f 2472//2444 2481//2453 2473//2445
f 2473//2445 2481//2453 2482//2454
f 2473//2445 2482//2454 2458//2431
f 2458//2431 2482//2454 2483//2455
f 2458//2431 2483//2455 2456//2429
f 2480//2452 2484//2456 2452//2425
f 2452//2425 2484//2456 2485//2457
f 2452//2425 2485//2457 2453//2426
f 2453//2426 2485//2457 2486//2458
f 2453//2426 2486//2458 2487//2459
f 2487//2459 2449//2422 2453//2426
f 2453//2426 2449//2422 2451//2424
f 2453//2426 2451//2424 2454//2427
f 2454//2427 2451//2424 2475//2447
f 2454//2427 2475//2447 2481//2453
f 2481//2453 2475//2447 2476//2448
f 2481//2453 2476//2448 2482//2454
f 2482//2454 2476//2448 2477//2449
f 2482//2454 2477//2449 2483//2455
f 2483//2455 2477//2449 2478//2450
f 2483//2455 2478//2450 2456//2429
f 2150//2128 2149//2127 2192//2170
f 2192//2170 2149//2127 2174//2152
f 2174//2152 2149//2127 2175//2153
f 2187//2165 2196//2174 2188//2166
f 2188//2166 2196//2174 2488//2460
f 2489//2461 2490//2462 2488//2460
f 2488//2460 2490//2462 2188//2166
f 2188//2166 2490//2462 2491//2463
f 2491//2463 2146//2124 2188//2166
f 2188//2166 2146//2124 2145//2123
f 2188//2166 2145//2123 2148//2126
f 2492//2464 801//779 2428//2401
f 2493//2465 2129//2107 2494//2466
f 2494//2466 2129//2107 2131//2109
f 2494//2466 2131//2109 662//645
f 662//645 2131//2109 2271//2244
f 2428//2401 2138//2116 2492//2464
f 2492//2464 2138//2116 2139//2117
f 2492//2464 2139//2117 2495//2467
f 2495//2467 2139//2117 2140//2118
f 2495//2467 2140//2118 2137//2115
f 2137//2115 2423//2396 2495//2467
f 2495//2467 2423//2396 2266//2239
f 2495//2467 2266//2239 2493//2465
f 2493//2465 2266//2239 2128//2106
f 2493//2465 2128//2106 2129//2107
f 2493//2465 622//605 2495//2467
f 2495//2467 622//605 621//604
f 183//170 184//171 2496//2468
f 2144//2122 2143//2121 2497//2469
f 183//170 2496//2468 182//169
f 2498//2470 2112//2090 2144//2122
f 174//161 2499//2471 172//159
f 172//159 2499//2471 2500//2472
f 172//159 2500//2472 2501//2473
f 2501//2473 2500//2472 2502//2474
f 2501//2473 2502//2474 2503//2475
f 2504//2476 2505//2477 2497//2469
f 2497//2469 2505//2477 2506//2478
f 2497//2469 2506//2478 2144//2122
f 2144//2122 2506//2478 2507//2479
f 2144//2122 2507//2479 2498//2470
f 184//171 2508//2480 2496//2468
f 2496//2468 2508//2480 2509//2481
f 2496//2468 2509//2481 2497//2469
f 2497//2469 2509//2481 2510//2482
f 2497//2469 2510//2482 2504//2476
f 174//161 176//163 2499//2471
f 2499//2471 176//163 178//165
f 2499//2471 178//165 2496//2468
f 2496//2468 178//165 180//167
f 2496//2468 180//167 182//169
f 2511//2483 2512//2484 2513//2485
f 473//456 476//459 2514//2486
f 2515//2487 2511//2483 2514//2486
f 2514//2486 2511//2483 2513//2485
f 2514//2486 2513//2485 473//456
f 473//456 2513//2485 474//457
f 2147//2125 2146//2124 2491//2463
f 2516//2488 2149//2127 2147//2125
f 2516//2488 2147//2125 2517//2489
f 2517//2489 2147//2125 2491//2463
f 2517//2489 2491//2463 2518//2490
f 2518//2490 2491//2463 2490//2462
f 2519//2491 2520//2492 2521//2493
f 2522//2494 2419//2392 2523//2495
f 2523//2495 2419//2392 2424//2397
f 2523//2495 2424//2397 2521//2493
f 2521//2493 2424//2397 2425//2398
f 2521//2493 2425//2398 2519//2491
f 2521//2493 2520//2492 2524//2496
f 2521//2493 2524//2496 2523//2495
f 2523//2495 2524//2496 2525//2497
f 2523//2495 2525//2497 2522//2494
f 2526//2498 2527//2499 200//187
f 172//159 2501//2473 190//177
f 190//177 2501//2473 2528//2500
f 190//177 2528//2500 191//178
f 191//178 2528//2500 2529//2501
f 191//178 2529//2501 192//179
f 192//179 2529//2501 2526//2498
f 192//179 2526//2498 193//180
f 193//180 2526//2498 200//187
f 2530//2502 2526//2498 2531//2503
f 2531//2503 2526//2498 2529//2501
f 2531//2503 2529//2501 2532//2504
f 2532//2504 2529//2501 2528//2500
f 2532//2504 2528//2500 2503//2475
f 2503//2475 2528//2500 2501//2473
f 2530//2502 2533//2505 2526//2498
f 2526//2498 2533//2505 2534//2506
f 2526//2498 2534//2506 2527//2499
f 646//629 641//624 2308//2281
f 2535//2507 2152//2130 2536//2508
f 2536//2508 2152//2130 2195//2173
f 2535//2507 2537//2509 2152//2130
f 2152//2130 2537//2509 2538//2510
f 2152//2130 2538//2510 2153//2131
f 2538//2510 2539//2511 2153//2131
f 2153//2131 2539//2511 2540//2512
f 2153//2131 2540//2512 2156//2134
f 2156//2134 2540//2512 2541//2513
f 2156//2134 2541//2513 2283//2256
f 2283//2256 2541//2513 2542//2514
f 2543//2515 2544//2516 2545//2517
f 2545//2517 2544//2516 2283//2256
f 2545//2517 2283//2256 2546//2518
f 2546//2518 2283//2256 2542//2514
f 2544//2516 2547//2519 2283//2256
f 2283//2256 2547//2519 2548//2520
f 2283//2256 2548//2520 2284//2257
f 2284//2257 2548//2520 2549//2521
f 2284//2257 2549//2521 2285//2258
f 2549//2521 2550//2522 2285//2258
f 2285//2258 2550//2522 2551//2523
f 2285//2258 2551//2523 2287//2260
f 2551//2523 2552//2524 2287//2260
f 2287//2260 2552//2524 2553//2525
f 2287//2260 2553//2525 2308//2281
f 2308//2281 2553//2525 647//630
f 2308//2281 647//630 646//629
f 2554//2526 2195//2173 2177//2155
f 741//719 773//751 742//720
f 742//720 773//751 772//750
f 742//720 772//750 2474//2446
f 772//750 2555//2527 2474//2446
f 2474//2446 2555//2527 2556//2528
f 2474//2446 2556//2528 2478//2450
f 2556//2528 2557//2529 2478//2450
f 2478//2450 2557//2529 2558//2530
f 2478//2450 2558//2530 2456//2429
f 2456//2429 2558//2530 2559//2531
f 2456//2429 2559//2531 2457//2430
f 2560//2532 2561//2533 2562//2534
f 2559//2531 2563//2535 2457//2430
f 2457//2430 2563//2535 2564//2536
f 2457//2430 2564//2536 2182//2160
f 2182//2160 2564//2536 2565//2537
f 2182//2160 2565//2537 2566//2538
f 2566//2538 2567//2539 2182//2160
f 2182//2160 2567//2539 2568//2540
f 2182//2160 2568//2540 2560//2532
f 2560//2532 2562//2534 2182//2160
f 2182//2160 2562//2534 2569//2541
f 2182//2160 2569//2541 2179//2157
f 2569//2541 2570//2542 2179//2157
f 2179//2157 2570//2542 2571//2543
f 2179//2157 2571//2543 2177//2155
f 2177//2155 2571//2543 2572//2544
f 2177//2155 2572//2544 2554//2526
f 2196//2174 2194//2172 2488//2460
f 2488//2460 2194//2172 2193//2171
f 2488//2460 2193//2171 2197//2175
f 2337//2310 2489//2461 2336//2309
f 2336//2309 2489//2461 2488//2460
f 2336//2309 2488//2460 2198//2176
f 2198//2176 2488//2460 2197//2175
f 2266//2239 2423//2396 2422//2395
f 2420//2393 2269//2242 2421//2394
f 2421//2394 2269//2242 2268//2241
f 2421//2394 2268//2241 2422//2395
f 2422//2395 2268//2241 2267//2240
f 2422//2395 2267//2240 2266//2239
f 2573//2545 468//451 470//453
f 459//442 2574//2546 470//453
f 470//453 2574//2546 2575//2547
f 470//453 2575//2547 2573//2545
f 2576//2548 2577//2549 2578//2550
f 2578//2550 2577//2549 2579//2551
f 2578//2550 2579//2551 2580//2552
f 2580//2552 2579//2551 2581//2553
f 2582//2554 2581//2553 449//432
f 449//432 2581//2553 2579//2551
f 449//432 2579//2551 450//433
f 450//433 2579//2551 414//397
f 2576//2548 2574//2546 2577//2549
f 2577//2549 2574//2546 459//442
f 2577//2549 459//442 2579//2551
f 2579//2551 459//442 451//434
f 2579//2551 451//434 414//397
f 2583//2555 2584//2556 2585//2557
f 431//414 436//419 2372//2345
f 2586//2558 427//410 2585//2557
f 2585//2557 427//410 429//412
f 2585//2557 429//412 2587//2559
f 2587//2559 429//412 430//413
f 2588//2560 2586//2558 2589//2561
f 2589//2561 2586//2558 2585//2557
f 2589//2561 2585//2557 2590//2562
f 2590//2562 2585//2557 2584//2556
f 2590//2562 2584//2556 2591//2563
f 2591//2563 2584//2556 2592//2564
f 2593//2565 2594//2566 2583//2555
f 2583//2555 2594//2566 2595//2567
f 2583//2555 2595//2567 2584//2556
f 2584//2556 2595//2567 2596//2568
f 2584//2556 2596//2568 2592//2564
f 2360//2333 2593//2565 2361//2334
f 2361//2334 2593//2565 2583//2555
f 2361//2334 2583//2555 2373//2346
f 2373//2346 2583//2555 2585//2557
f 2373//2346 2585//2557 2372//2345
f 2372//2345 2585//2557 2587//2559
f 2372//2345 2587//2559 431//414
f 431//414 2587//2559 430//413
f 428//411 2597//2569 426//409
f 426//409 2597//2569 2598//2570
f 426//409 2598//2570 448//431
f 448//431 2598//2570 2582//2554
f 448//431 2582//2554 449//432
f 2358//2331 1309//1287 2357//2330
f 2357//2330 1309//1287 2281//2254
f 2130//2108 2599//2571 2280//2253
f 2280//2253 2599//2571 2600//2572
f 2280//2253 2600//2572 2279//2252
f 1308//1286 2601//2573 2602//2574
f 2602//2574 2601//2573 2278//2251
f 2278//2251 2601//2573 2277//2250
f 2277//2250 2601//2573 2603//2575
f 2277//2250 2603//2575 2604//2576
f 2605//2577 2606//2578 2607//2579
f 2607//2579 2606//2578 2608//2580
f 2607//2579 2608//2580 2603//2575
f 2603//2575 2608//2580 2609//2581
f 2603//2575 2609//2581 2604//2576
f 2278//2251 2279//2252 2602//2574
f 2602//2574 2279//2252 2600//2572
f 2602//2574 2600//2572 1308//1286
f 1308//1286 2600//2572 2599//2571
f 1308//1286 2599//2571 1309//1287
f 1309//1287 2599//2571 2130//2108
f 1309//1287 2130//2108 2281//2254
f 1314//1292 2358//2331 2356//2329
f 1314//1292 2356//2329 1316//1294
f 1316//1294 2356//2329 2355//2328
f 1316//1294 2355//2328 1318//1296
f 2358//2331 1314//1292 1312//1290
f 2358//2331 1312//1290 1309//1287
f 2610//2582 2611//2583 2612//2584
f 2612//2584 2611//2583 2613//2585
f 2612//2584 2613//2585 2353//2326
f 2353//2326 2613//2585 2339//2312
f 2552//2524 2551//2523 649//632
f 649//632 2551//2523 2614//2586
f 2550//2522 2615//2587 2551//2523
f 2551//2523 2615//2587 2616//2588
f 2551//2523 2616//2588 2614//2586
f 2547//2519 2617//2589 2548//2520
f 2548//2520 2617//2589 2618//2590
f 2548//2520 2618//2590 2549//2521
f 2549//2521 2618//2590 2619//2591
f 2549//2521 2619//2591 2550//2522
f 2550//2522 2619//2591 2620//2592
f 2550//2522 2620//2592 2615//2587
f 2544//2516 2621//2593 2547//2519
f 2547//2519 2621//2593 2617//2589
f 2552//2524 649//632 2553//2525
f 2553//2525 649//632 648//631
f 2553//2525 648//631 647//630
f 2622//2594 2542//2514 2623//2595
f 2623//2595 2542//2514 2541//2513
f 2535//2507 2624//2596 2537//2509
f 2537//2509 2624//2596 2625//2597
f 2537//2509 2625//2597 2538//2510
f 2538//2510 2625//2597 2626//2598
f 2538//2510 2626//2598 2539//2511
f 2539//2511 2626//2598 2627//2599
f 2539//2511 2627//2599 2540//2512
f 2540//2512 2627//2599 2628//2600
f 2540//2512 2628//2600 2541//2513
f 2541//2513 2628//2600 2629//2601
f 2541//2513 2629//2601 2623//2595
f 2630//2602 2564//2536 2563//2535
f 2630//2602 2563//2535 2631//2603
f 2563//2535 2559//2531 2631//2603
f 2631//2603 2559//2531 2558//2530
f 2631//2603 2558//2530 2632//2604
f 2632//2604 2558//2530 2633//2605
f 2633//2605 2558//2530 2557//2529
f 2633//2605 2557//2529 2634//2606
f 2634//2606 2557//2529 2556//2528
f 2634//2606 2556//2528 778//756
f 2564//2536 2630//2602 2565//2537
f 2565//2537 2630//2602 2635//2607
f 778//756 2556//2528 775//753
f 775//753 2556//2528 2555//2527
f 775//753 2555//2527 772//750
f 2572//2544 2571//2543 2636//2608
f 2636//2608 2571//2543 2637//2609
f 2637//2609 2571//2543 2638//2610
f 2638//2610 2571//2543 2570//2542
f 2638//2610 2570//2542 2639//2611
f 2639//2611 2570//2542 2640//2612
f 2640//2612 2570//2542 2569//2541
f 2640//2612 2569//2541 2641//2613
f 2641//2613 2569//2541 2562//2534
f 2641//2613 2562//2534 2642//2614
f 1321//1299 2269//2242 1322//1300
f 1322//1300 2269//2242 2420//2393
f 1322//1300 2420//2393 1323//1301
f 1327//1305 2525//2497 2524//2496
f 2524//2496 2520//2492 2643//2615
f 1327//1305 2524//2496 1329//1307
f 1329//1307 2524//2496 2643//2615
f 1329//1307 2643//2615 1334//1312
f 2644//2616 2645//2617 2646//2618
f 2647//2619 2648//2620 2649//2621
f 2649//2621 2648//2620 2650//2622
f 2649//2621 2650//2622 2646//2618
f 2646//2618 2650//2622 2651//2623
f 2646//2618 2651//2623 2644//2616
f 2433//2406 2432//2405 2647//2619
f 2647//2619 2432//2405 2435//2408
f 2647//2619 2435//2408 2648//2620
f 2133//2111 2431//2404 2652//2624
f 2652//2624 2431//2404 2433//2406
f 2652//2624 2433//2406 2653//2625
f 2653//2625 2433//2406 2654//2626
f 2425//2398 1331//1309 2519//2491
f 2519//2491 1331//1309 2520//2492
f 2433//2406 2647//2619 2654//2626
f 2654//2626 2647//2619 1332//1310
f 2654//2626 1332//1310 2653//2625
f 2653//2625 1332//1310 1331//1309
f 2653//2625 1331//1309 2652//2624
f 2652//2624 1331//1309 2425//2398
f 2652//2624 2425//2398 2133//2111
f 1334//1312 2643//2615 1335//1313
f 1335//1313 2643//2615 1331//1309
f 2643//2615 2520//2492 1331//1309
f 1325//1303 1323//1301 2420//2393
f 1327//1305 1325//1303 2525//2497
f 2525//2497 1325//1303 2420//2393
f 2525//2497 2420//2393 2522//2494
f 2522//2494 2420//2393 2419//2392
f 2337//2310 2655//2627 2489//2461
f 2489//2461 2655//2627 2656//2628
f 2518//2490 2490//2462 2657//2629
f 2657//2629 2490//2462 2658//2630
f 2657//2629 2658//2630 2659//2631
f 2659//2631 2658//2630 2660//2632
f 2661//2633 2660//2632 2658//2630
f 2490//2462 2489//2461 2658//2630
f 2658//2630 2489//2461 2656//2628
f 2658//2630 2656//2628 2661//2633
f 2486//2458 2485//2457 2662//2634
f 2662//2634 2485//2457 2663//2635
f 2464//2436 2463//2436 2664//2636
f 2664//2636 2463//2436 2462//2435
f 2462//2435 2461//2434 2664//2636
f 2664//2636 2461//2434 2460//2433
f 2664//2636 2460//2433 2459//2432
f 2665//2637 2468//2440 2666//2638
f 2666//2638 2468//2440 2467//2439
f 2666//2638 2467//2439 2667//2639
f 2667//2639 2467//2439 2466//2438
f 2667//2639 2466//2438 2664//2636
f 2664//2636 2466//2438 2465//2437
f 2664//2636 2465//2437 2464//2436
f 2175//2153 2149//2127 2459//2432
f 2459//2432 2149//2127 2516//2488
f 2459//2432 2516//2488 2517//2489
f 2659//2631 2664//2636 2657//2629
f 2657//2629 2664//2636 2459//2432
f 2657//2629 2459//2432 2518//2490
f 2518//2490 2459//2432 2517//2489
f 2485//2457 2484//2456 2663//2635
f 2663//2635 2484//2456 2480//2452
f 2663//2635 2480//2452 2665//2637
f 2665//2637 2480//2452 2470//2442
f 2665//2637 2470//2442 2468//2440
f 2455//2428 2479//2451 2668//2640
f 2668//2640 2479//2451 2450//2423
f 2668//2640 2450//2423 2669//2641
f 2669//2641 2450//2423 2449//2422
f 2669//2641 2449//2422 2662//2634
f 2662//2634 2449//2422 2487//2459
f 2662//2634 2487//2459 2486//2458
f 2441//2414 2670//2642 2439//2412
f 2439//2412 2670//2642 2671//2643
f 2439//2412 2671//2643 2437//2410
f 2672//2644 2673//2645 2674//2646
f 2674//2646 2673//2645 2675//2647
f 2674//2646 2675//2647 2676//2648
f 2671//2643 2677//2649 2437//2410
f 2437//2410 2677//2649 2672//2644
f 2437//2410 2672//2644 2438//2411
f 2438//2411 2672//2644 2674//2646
f 2438//2411 2674//2646 2400//2373
f 2662//2634 2678//2650 2669//2641
f 2669//2641 2678//2650 2670//2642
f 2669//2641 2670//2642 2668//2640
f 2668//2640 2670//2642 2441//2414
f 2668//2640 2441//2414 2455//2428
f 2679//2651 2530//2502 2531//2503
f 2680//2652 2681//2653 2682//2654
f 2683//2655 2684//2656 2685//2657
f 2683//2655 2685//2657 2686//2658
f 2686//2658 2685//2657 2687//2659
f 2686//2658 2687//2659 2688//2660
f 2689//2661 2690//2662 2691//2663
f 2691//2663 2690//2662 2680//2652
f 2691//2663 2680//2652 2687//2659
f 2687//2659 2680//2652 2682//2654
f 2687//2659 2682//2654 2688//2660
f 2688//2660 2682//2654 2692//2664
f 2693//2665 2694//2666 2679//2651
f 2679//2651 2694//2666 2695//2667
f 2679//2651 2695//2667 2530//2502
f 2530//2502 2695//2667 2696//2668
f 2530//2502 2696//2668 2533//2505
f 2503//2475 2689//2661 2532//2504
f 2532//2504 2689//2661 2691//2663
f 2532//2504 2691//2663 2531//2503
f 2531//2503 2691//2663 2687//2659
f 2531//2503 2687//2659 2679//2651
f 2679//2651 2687//2659 2685//2657
f 2679//2651 2685//2657 2693//2665
f 2693//2665 2685//2657 2684//2656
f 2697//2669 2698//2670 2699//2671
f 2698//2670 2700//2672 2513//2485
f 2513//2485 2700//2672 2701//2673
f 2513//2485 2701//2673 474//457
f 2500//2472 2697//2669 2502//2474
f 2502//2474 2697//2669 2699//2671
f 2502//2474 2699//2671 2503//2475
f 2503//2475 2699//2671 2702//2674
f 2503//2475 2702//2674 2689//2661
f 2512//2484 2703//2675 2690//2662
f 2704//2676 2681//2653 2703//2675
f 2703//2675 2681//2653 2680//2652
f 2703//2675 2680//2652 2690//2662
f 2698//2670 2513//2485 2699//2671
f 2699//2671 2513//2485 2512//2484
f 2699//2671 2512//2484 2702//2674
f 2702//2674 2512//2484 2690//2662
f 2702//2674 2690//2662 2689//2661
f 2705//2677 2706//2678 2707//2679
f 2708//2680 2709//2681 2710//2682
f 2515//2487 2514//2486 2711//2683
f 2709//2681 2712//2684 2710//2682
f 2710//2682 2712//2684 2713//2685
f 2710//2682 2713//2685 2711//2683
f 2711//2683 2713//2685 2714//2686
f 2711//2683 2714//2686 2515//2487
f 2706//2678 2705//2677 2715//2687
f 2705//2677 2708//2680 2715//2687
f 2715//2687 2708//2680 2710//2682
f 2715//2687 2710//2682 2716//2688
f 2716//2688 2710//2682 2711//2683
f 2716//2688 2711//2683 476//459
f 476//459 2711//2683 2514//2486
f 2511//2483 2515//2487 2714//2686
f 2717//2689 2718//2690 2703//2675
f 2703//2675 2718//2690 2719//2691
f 2703//2675 2719//2691 2704//2676
f 2717//2689 2703//2675 2714//2686
f 2714//2686 2703//2675 2512//2484
f 2714//2686 2512//2484 2511//2483
f 2720//2692 2721//2693 2716//2688
f 478//461 2720//2692 477//460
f 477//460 2720//2692 2716//2688
f 477//460 2716//2688 476//459
f 2116//2094 2120//2098 2376//2349
f 2376//2349 2120//2098 2379//2352
f 2376//2349 2379//2352 2378//2351
f 2394//2367 2722//2694 2393//2366
f 2393//2366 2722//2694 2378//2351
f 2393//2366 2378//2351 2386//2359
f 2386//2359 2378//2351 2379//2352
f 2676//2648 2723//2695 2674//2646
f 2674//2646 2723//2695 2399//2372
f 2674//2646 2399//2372 2400//2373
f 2723//2695 2724//2696 2399//2372
f 2399//2372 2724//2696 2725//2697
f 2399//2372 2725//2697 2409//2382
f 2409//2382 2725//2697 2707//2679
f 2409//2382 2707//2679 2706//2678
f 2715//2687 2411//2384 2410//2383
f 2715//2687 2410//2383 2706//2678
f 2706//2678 2410//2383 2415//2388
f 2706//2678 2415//2388 2409//2382
f 2411//2384 2715//2687 2394//2367
f 2394//2367 2715//2687 2716//2688
f 2394//2367 2716//2688 2722//2694
f 2722//2694 2716//2688 2721//2693
f 2722//2694 2721//2693 2378//2351
f 2726//2698 2727//2699 2728//2700
f 729//712 728//711 2729//2701
f 2696//2668 2695//2667 2730//2702
f 2730//2702 2695//2667 2694//2666
f 2731//2703 2683//2655 2732//2704
f 2732//2704 2683//2655 2686//2658
f 2732//2704 2686//2658 2688//2660
f 2733//2705 2693//2665 2684//2656
f 2527//2499 2534//2506 2734//2706
f 2734//2706 2735//2707 2527//2499
f 2527//2499 2735//2707 2729//2701
f 2527//2499 2729//2701 200//187
f 729//712 2729//2701 725//708
f 725//708 2729//2701 2735//2707
f 725//708 2735//2707 721//704
f 721//704 2735//2707 2734//2706
f 721//704 2734//2706 722//705
f 722//705 2734//2706 2736//2708
f 722//705 2736//2708 770//748
f 2426//2399 807//785 2736//2708
f 2736//2708 807//785 771//749
f 2736//2708 771//749 770//748
f 2693//2665 2733//2705 2694//2666
f 2694//2666 2733//2705 2726//2698
f 2694//2666 2726//2698 2730//2702
f 2730//2702 2726//2698 2728//2700
f 2730//2702 2728//2700 2696//2668
f 2696//2668 2728//2700 2737//2709
f 2696//2668 2737//2709 2533//2505
f 2692//2664 2645//2617 2688//2660
f 2688//2660 2645//2617 2644//2616
f 2688//2660 2644//2616 2732//2704
f 2732//2704 2644//2616 2651//2623
f 2732//2704 2651//2623 2731//2703
f 2731//2703 2651//2623 2650//2622
f 2731//2703 2650//2622 2648//2620
f 2684//2656 2683//2655 2733//2705
f 2733//2705 2683//2655 2731//2703
f 2733//2705 2731//2703 2726//2698
f 2726//2698 2731//2703 2648//2620
f 2726//2698 2648//2620 2727//2699
f 2727//2699 2648//2620 2435//2408
f 2435//2408 2426//2399 2727//2699
f 2727//2699 2426//2399 2736//2708
f 2727//2699 2736//2708 2728//2700
f 2728//2700 2736//2708 2734//2706
f 2728//2700 2734//2706 2737//2709
f 2737//2709 2734//2706 2534//2506
f 2737//2709 2534//2506 2533//2505
f 802//780 801//779 2492//2464
f 791//769 790//768 802//780
f 802//780 2492//2464 791//769
f 791//769 2492//2464 2495//2467
f 791//769 2495//2467 621//604
f 2535//2507 2536//2508 2624//2596
f 2624//2596 2536//2508 2195//2173
f 2624//2596 2195//2173 2636//2608
f 2636//2608 2195//2173 2554//2526
f 2636//2608 2554//2526 2572//2544
f 664//647 666//649 685//668
f 664//647 685//668 662//645
f 662//645 685//668 2494//2466
f 2494//2466 685//668 622//605
f 2494//2466 622//605 2493//2465
f 2337//2310 2339//2312 2655//2627
f 2655//2627 2339//2312 2613//2585
f 2655//2627 2613//2585 2738//2710
f 2738//2710 2613//2585 2611//2583
f 466//449 465//448 2739//2711
f 2739//2711 2740//2712 466//449
f 466//449 2740//2712 2741//2713
f 466//449 2741//2713 467//450
f 2742//2714 2307//2280 2743//2715
f 2743//2715 2307//2280 2327//2300
f 2743//2715 2327//2300 2744//2716
f 2744//2716 2327//2300 2333//2306
f 2744//2716 2333//2306 2741//2713
f 2741//2713 2333//2306 2334//2307
f 2741//2713 2334//2307 467//450
f 2319//2292 2318//2291 2745//2717
f 2745//2717 2318//2291 2317//2290
f 2745//2717 2317//2290 2746//2718
f 2746//2718 2317//2290 2304//2277
f 2746//2718 2304//2277 2306//2279
f 2612//2584 2353//2326 2303//2276
f 2096//2074 2169//2147 2352//2325
f 2352//2325 2169//2147 2303//2276
f 2352//2325 2303//2276 2351//2324
f 2351//2324 2303//2276 2353//2326
f 2314//2287 2747//2719 2291//2264
f 2291//2264 2747//2719 2748//2720
f 2291//2264 2748//2720 2292//2265
f 2292//2265 2748//2720 2749//2721
f 2292//2265 2749//2721 2298//2271
f 2298//2271 2749//2721 2750//2722
f 2298//2271 2750//2722 2299//2272
f 2297//2270 2296//2269 2610//2582
f 2612//2584 2303//2276 2610//2582
f 2610//2582 2303//2276 2297//2270
f 2296//2269 2295//2268 2610//2582
f 2610//2582 2295//2268 2294//2267
f 2610//2582 2294//2267 2750//2722
f 2750//2722 2294//2267 2300//2273
f 2750//2722 2300//2273 2299//2272
f 2314//2287 2319//2292 2747//2719
f 2747//2719 2319//2292 2745//2717
f 2747//2719 2745//2717 2751//2723
f 2751//2723 2745//2717 2746//2718
f 2751//2723 2746//2718 2742//2714
f 2742//2714 2746//2718 2306//2279
f 2742//2714 2306//2279 2307//2280
f 1320//1298 1318//1296 2355//2328
f 2269//2242 1321//1299 1320//1298
f 1320//1298 2355//2328 2269//2242
f 2269//2242 2355//2328 2354//2327
f 2269//2242 2354//2327 2270//2243
f 2590//2562 2752//2724 2589//2561
f 658//641 2276//2249 624//607
f 624//607 2276//2249 2753//2725
f 624//607 2753//2725 625//608
f 625//608 2753//2725 2754//2726
f 2218//2191 640//623 2754//2726
f 2754//2726 640//623 629//612
f 2754//2726 629//612 625//608
f 154//141 167//154 2219//2192
f 154//141 2219//2192 2755//2727
f 2756//2728 2757//2729 2755//2727
f 155//142 154//141 2370//2343
f 2370//2343 154//141 2755//2727
f 2370//2343 2755//2727 2369//2342
f 2369//2342 2755//2727 2757//2729
f 2369//2342 2757//2729 2371//2344
f 2758//2730 2759//2731 2760//2732
f 2591//2563 2592//2564 2761//2733
f 2761//2733 2592//2564 2596//2568
f 2761//2733 2596//2568 2759//2731
f 2759//2731 2596//2568 2595//2567
f 2759//2731 2595//2567 2760//2732
f 2760//2732 2595//2567 2594//2566
f 2760//2732 2594//2566 2758//2730
f 2758//2730 2594//2566 2593//2565
f 2758//2730 2593//2565 2756//2728
f 2756//2728 2593//2565 2360//2333
f 2756//2728 2360//2333 2757//2729
f 2757//2729 2360//2333 2359//2332
f 2757//2729 2359//2332 2371//2344
f 2605//2577 2588//2560 2606//2578
f 2606//2578 2588//2560 2589//2561
f 2606//2578 2589//2561 2608//2580
f 2608//2580 2589//2561 2752//2724
f 2608//2580 2752//2724 2609//2581
f 2609//2581 2752//2724 2590//2562
f 2590//2562 2591//2563 2609//2581
f 2609//2581 2591//2563 2761//2733
f 2609//2581 2761//2733 2604//2576
f 2604//2576 2761//2733 2759//2731
f 2604//2576 2759//2731 2277//2250
f 2277//2250 2759//2731 2758//2730
f 2219//2192 2218//2191 2755//2727
f 2755//2727 2218//2191 2754//2726
f 2755//2727 2754//2726 2756//2728
f 2756//2728 2754//2726 2753//2725
f 2756//2728 2753//2725 2758//2730
f 2758//2730 2753//2725 2276//2249
f 2758//2730 2276//2249 2277//2250
f 2762//2734 2763//2735 2764//2736
f 2764//2736 2763//2735 2765//2737
f 2765//2737 2766//2738 2764//2736
f 2764//2736 2766//2738 2767//2739
f 2764//2736 2767//2739 2768//2740
f 2768//2740 2769//2741 2764//2736
f 2764//2736 2769//2741 2770//2742
f 2770//2742 2771//2743 2764//2736
f 2764//2736 2771//2743 2772//2744
f 2764//2736 2772//2744 2773//2745
f 2774//2746 2775//2747 2776//2748
f 2777//2749 2778//2750 2779//2751
f 2780//2752 2778//2750 2781//2753
f 2781//2753 2778//2750 2777//2749
f 2781//2753 2777//2749 2782//2754
f 2762//2734 2764//2736 2783//2755
f 2783//2755 2764//2736 2784//2756
f 2783//2755 2784//2756 2785//2757
f 2785//2757 2784//2756 2786//2758
f 2785//2757 2786//2758 2787//2759
f 2787//2759 2786//2758 2788//2760
f 2787//2759 2788//2760 2789//2761
f 2789//2761 2788//2760 2790//2762
f 2789//2761 2790//2762 2791//2763
f 2792//2764 2793//2765 2794//2766
f 2794//2766 2793//2765 2774//2746
f 2794//2766 2774//2746 2795//2767
f 2775//2747 2774//2746 2796//2768
f 2796//2768 2774//2746 2793//2765
f 2796//2768 2793//2765 2797//2769
f 2792//2764 2782//2754 2793//2765
f 2793//2765 2782//2754 2777//2749
f 2793//2765 2777//2749 2797//2769
f 2797//2769 2777//2749 2779//2751
f 2797//2769 2779//2751 2798//2770
f 2798//2770 2779//2751 2799//2771
f 2800//2772 2801//2773 2802//2774
f 2802//2774 2801//2773 2803//2775
f 2802//2774 2803//2775 2804//2776
f 2803//2775 2805//2777 2804//2776
f 2804//2776 2805//2777 2776//2748
f 2804//2776 2776//2748 2806//2778
f 2806//2778 2807//2779 2804//2776
f 2804//2776 2807//2779 2808//2780
f 2804//2776 2808//2780 2802//2774
f 2802//2774 2808//2780 2809//2781
f 2802//2774 2809//2781 2800//2772
f 2805//2777 2810//2782 2776//2748
f 2776//2748 2810//2782 2811//2783
f 2776//2748 2811//2783 2774//2746
f 2774//2746 2811//2783 2812//2784
f 2774//2746 2812//2784 2795//2767
f 2799//2771 2762//2734 2798//2770
f 2798//2770 2762//2734 2783//2755
f 2798//2770 2783//2755 2797//2769
f 2797//2769 2783//2755 2785//2757
f 2797//2769 2785//2757 2796//2768
f 2796//2768 2785//2757 2787//2759
f 2796//2768 2787//2759 2775//2747
f 2775//2747 2787//2759 2789//2761
f 2775//2747 2789//2761 2776//2748
f 2776//2748 2789//2761 2791//2763
f 2776//2748 2791//2763 2806//2778
f 2813//2785 2814//2786 2815//2787
f 2815//2787 2814//2786 2816//2788
f 2815//2787 2816//2788 2801//2773
f 2815//2787 2801//2773 2800//2772
f 2817//2789 2818//2790 2819//2791
f 2819//2791 2820//2792 2821//2793
f 2821//2793 2822//2794 2819//2791
f 2819//2791 2822//2794 2823//2795
f 2819//2791 2823//2795 2817//2789
f 2824//2796 2819//2791 2825//2797
f 2825//2797 2819//2791 2826//2798
f 2824//2796 2827//2799 2819//2791
f 2819//2791 2827//2799 2828//2800
f 2819//2791 2828//2800 2820//2792
f 2829//2801 2830//2802 2831//2803
f 2831//2803 2832//2804 2829//2801
f 2829//2801 2832//2804 2833//2805
f 2829//2801 2833//2805 2834//2806
f 2835//2807 2836//2808 2837//2809
f 2837//2809 2836//2808 2838//2810
f 2839//2811 2840//2812 2841//2813
f 2818//2790 2834//2806 2842//2814
f 2842//2814 2834//2806 2833//2805
f 2842//2814 2833//2805 2843//2815
f 2843//2815 2833//2805 2832//2804
f 2843//2815 2832//2804 2840//2812
f 2844//2816 2845//2817 2846//2818
f 2839//2811 2841//2813 2847//2819
f 2847//2819 2841//2813 2844//2816
f 2847//2819 2844//2816 2848//2820
f 2848//2820 2844//2816 2846//2818
f 2848//2820 2846//2818 2849//2821
f 2830//2802 2850//2822 2831//2803
f 2831//2803 2850//2822 2851//2823
f 2831//2803 2851//2823 2852//2824
f 2840//2812 2832//2804 2841//2813
f 2841//2813 2832//2804 2831//2803
f 2841//2813 2831//2803 2844//2816
f 2844//2816 2831//2803 2852//2824
f 2844//2816 2852//2824 2845//2817
f 2853//2825 2854//2826 2855//2827
f 2853//2825 2855//2827 2856//2828
f 2857//2829 2838//2810 2858//2830
f 2858//2830 2838//2810 2836//2808
f 2858//2830 2836//2808 2859//2831
f 2835//2807 2860//2832 2836//2808
f 2836//2808 2860//2832 2856//2828
f 2836//2808 2856//2828 2859//2831
f 2859//2831 2856//2828 2855//2827
f 2860//2832 2861//2833 2856//2828
f 2856//2828 2861//2833 2862//2834
f 2856//2828 2862//2834 2853//2825
f 2853//2825 2862//2834 2863//2835
f 2853//2825 2863//2835 2864//2836
f 2849//2821 2865//2837 2848//2820
f 2848//2820 2865//2837 2854//2826
f 2848//2820 2854//2826 2847//2819
f 2847//2819 2854//2826 2853//2825
f 2847//2819 2853//2825 2839//2811
f 2839//2811 2853//2825 2864//2836
f 2839//2811 2864//2836 2840//2812
f 2840//2812 2864//2836 2866//2838
f 2840//2812 2866//2838 2843//2815
f 2843//2815 2866//2838 2867//2839
f 2843//2815 2867//2839 2842//2814
f 2842//2814 2867//2839 2868//2840
f 2842//2814 2868//2840 2818//2790
f 2818//2790 2868//2840 2819//2791
f 2838//2810 2857//2829 2869//2841
f 2870//2842 2837//2809 2838//2810
f 2838//2810 2869//2841 2870//2842
f 2870//2842 2869//2841 2871//2843
f 2870//2842 2871//2843 2872//2844
f 956//934 943//921 2873//2845
f 955//933 956//934 2874//2846
f 2874//2846 956//934 2873//2845
f 2874//2846 2873//2845 2814//2786
f 2814//2786 2873//2845 2875//2847
f 2814//2786 2875//2847 2816//2788
f 2816//2788 2875//2847 2801//2773
f 2800//2772 990//968 988//966
f 987//965 1014//992 2876//2848
f 2800//2772 988//966 2815//2787
f 2815//2787 988//966 987//965
f 2815//2787 987//965 2876//2848
f 2815//2787 2876//2848 2813//2785
f 2877//2849 918//896 2878//2850
f 2878//2850 918//896 916//894
f 2878//2850 916//894 914//892
f 918//896 2877//2849 920//898
f 920//898 2877//2849 2879//2851
f 920//898 2879//2851 922//900
f 922//900 2879//2851 924//902
f 924//902 2879//2851 2880//2852
f 924//902 2880//2852 2881//2853
f 924//902 2881//2853 927//905
f 927//905 2881//2853 2882//2854
f 927//905 2882//2854 928//906
f 928//906 2882//2854 853//831
f 853//831 2882//2854 2883//2855
f 2884//2856 859//837 2885//2857
f 2885//2857 859//837 857//835
f 2885//2857 857//835 2883//2855
f 2883//2855 857//835 855//833
f 2883//2855 855//833 853//831
f 2884//2856 2886//2858 859//837
f 859//837 2886//2858 868//846
f 868//846 2886//2858 866//844
f 866//844 2886//2858 2887//2859
f 866//844 2887//2859 864//842
f 2887//2859 2888//2860 864//842
f 864//842 2888//2860 2889//2861
f 864//842 2889//2861 862//840
f 862//840 2889//2861 2890//2862
f 862//840 2890//2862 871//849
f 871//849 2890//2862 2891//2863
f 871//849 2891//2863 872//850
f 874//852 872//850 2891//2863
f 2891//2863 2892//2864 874//852
f 874//852 2892//2864 2893//2865
f 874//852 2893//2865 875//853
f 875//853 2893//2865 878//856
f 2893//2865 2894//2866 878//856
f 878//856 2894//2866 2895//2867
f 878//856 2895//2867 880//858
f 880//858 2895//2867 2896//2868
f 880//858 2896//2868 881//859
f 881//859 2896//2868 883//861
f 957//935 951//929 2897//2869
f 984//962 983//961 2898//2870
f 958//936 957//935 2898//2870
f 2898//2870 957//935 2897//2869
f 2898//2870 2897//2869 984//962
f 984//962 2897//2869 986//964
f 2899//2871 1018//996 1017//995
f 2870//2842 2872//2844 2899//2871
f 2899//2871 1017//995 2870//2842
f 2870//2842 1017//995 1012//990
f 2870//2842 1012//990 2837//2809
f 2900//2872 2901//2873 2902//2874
f 2857//2829 2903//2875 2869//2841
f 2869//2841 2903//2875 2900//2872
f 2869//2841 2900//2872 2871//2843
f 2871//2843 2900//2872 2902//2874
f 2901//2873 964//942 2902//2874
f 2902//2874 964//942 962//940
f 2902//2874 962//940 961//939
f 2902//2874 961//939 960//938
f 1018//996 2899//2871 983//961
f 983//961 2899//2871 2872//2844
f 983//961 2872//2844 2898//2870
f 2898//2870 2872//2844 2871//2843
f 2898//2870 2871//2843 2902//2874
f 2898//2870 2902//2874 958//936
f 958//936 2902//2874 960//938
f 976//954 978//956 2904//2876
f 964//942 2901//2873 2905//2877
f 2906//2878 968//946 2905//2877
f 2905//2877 968//946 966//944
f 2905//2877 966//944 964//942
f 978//956 980//958 2904//2876
f 2904//2876 980//958 969//947
f 2904//2876 969//947 971//949
f 971//949 973//951 2904//2876
f 2904//2876 973//951 2907//2879
f 2904//2876 2907//2879 976//954
f 976//954 2907//2879 2908//2880
f 976//954 2908//2880 907//885
f 907//885 2908//2880 908//886
f 2909//2881 2910//2882 2911//2883
f 2857//2829 2858//2830 2903//2875
f 2903//2875 2858//2830 2900//2872
f 2911//2883 909//887 2909//2881
f 2909//2881 909//887 908//886
f 2909//2881 908//886 2912//2884
f 2912//2884 908//886 2908//2880
f 2912//2884 2908//2880 2913//2885
f 2913//2885 2908//2880 2907//2879
f 2913//2885 2907//2879 2906//2878
f 2906//2878 2907//2879 973//951
f 2906//2878 973//951 968//946
f 2854//2826 2865//2837 2913//2885
f 2913//2885 2865//2837 2849//2821
f 2913//2885 2849//2821 2912//2884
f 2912//2884 2849//2821 2846//2818
f 2912//2884 2846//2818 2909//2881
f 2909//2881 2846//2818 2845//2817
f 2909//2881 2845//2817 2910//2882
f 2910//2882 2845//2817 2852//2824
f 2910//2882 2852//2824 2914//2886
f 2914//2886 2852//2824 2851//2823
f 2914//2886 2851//2823 2850//2822
f 2854//2826 2913//2885 2855//2827
f 2855//2827 2913//2885 2906//2878
f 2855//2827 2906//2878 2859//2831
f 2859//2831 2906//2878 2905//2877
f 2859//2831 2905//2877 2858//2830
f 2858//2830 2905//2877 2901//2873
f 2858//2830 2901//2873 2900//2872
f 2915//2887 2916//2888 2864//2836
f 2864//2836 2916//2888 2917//2889
f 2864//2836 2917//2889 2866//2838
f 2915//2887 2864//2836 2918//2890
f 2918//2890 2864//2836 2863//2835
f 2918//2890 2863//2835 1001//979
f 1001//979 2863//2835 2862//2834
f 1001//979 2862//2834 1002//980
f 1002//980 2862//2834 1004//982
f 1004//982 2862//2834 2861//2833
f 1004//982 2861//2833 1006//984
f 1006//984 2861//2833 2860//2832
f 1006//984 2860//2832 1008//986
f 1008//986 2860//2832 2835//2807
f 1008//986 2835//2807 1010//988
f 1010//988 2835//2807 2837//2809
f 1010//988 2837//2809 1012//990
f 2868//2840 2919//2891 2920//2892
f 2826//2798 2819//2791 2921//2893
f 2921//2893 2819//2791 2868//2840
f 2921//2893 2868//2840 2922//2894
f 2922//2894 2868//2840 2920//2892
f 2919//2891 2868//2840 2923//2895
f 2923//2895 2868//2840 2867//2839
f 2923//2895 2867//2839 2924//2896
f 2917//2889 2925//2897 2866//2838
f 2866//2838 2925//2897 2926//2898
f 2866//2838 2926//2898 2867//2839
f 2867//2839 2926//2898 2927//2899
f 2867//2839 2927//2899 2924//2896
f 2817//2789 2823//2795 2882//2854
f 909//887 2911//2883 911//889
f 911//889 2911//2883 2910//2882
f 911//889 2910//2882 914//892
f 914//892 2910//2882 2878//2850
f 2878//2850 2910//2882 2914//2886
f 2878//2850 2914//2886 2877//2849
f 2877//2849 2914//2886 2850//2822
f 2877//2849 2850//2822 2879//2851
f 2850//2822 2830//2802 2879//2851
f 2879//2851 2830//2802 2829//2801
f 2879//2851 2829//2801 2880//2852
f 2880//2852 2829//2801 2834//2806
f 2880//2852 2834//2806 2881//2853
f 2881//2853 2834//2806 2882//2854
f 2882//2854 2834//2806 2818//2790
f 2882//2854 2818//2790 2817//2789
f 2927//2899 2926//2898 819//797
f 819//797 883//861 2927//2899
f 2927//2899 883//861 2896//2868
f 2927//2899 2896//2868 2924//2896
f 2924//2896 2896//2868 2895//2867
f 2924//2896 2895//2867 2923//2895
f 2923//2895 2895//2867 2894//2866
f 2923//2895 2894//2866 2919//2891
f 2919//2891 2894//2866 2893//2865
f 2919//2891 2893//2865 2920//2892
f 2920//2892 2893//2865 2892//2864
f 2920//2892 2892//2864 2922//2894
f 2922//2894 2892//2864 2891//2863
f 2922//2894 2891//2863 2921//2893
f 2921//2893 2891//2863 2890//2862
f 2921//2893 2890//2862 2889//2861
f 2885//2857 2820//2792 2884//2856
f 2884//2856 2820//2792 2828//2800
f 2884//2856 2828//2800 2886//2858
f 2886//2858 2828//2800 2827//2799
f 2886//2858 2827//2799 2887//2859
f 2887//2859 2827//2799 2824//2796
f 2887//2859 2824//2796 2888//2860
f 2888//2860 2824//2796 2825//2797
f 2888//2860 2825//2797 2889//2861
f 2889//2861 2825//2797 2826//2798
f 2889//2861 2826//2798 2921//2893
f 2882//2854 2823//2795 2883//2855
f 2883//2855 2823//2795 2822//2794
f 2883//2855 2822//2794 2885//2857
f 2885//2857 2822//2794 2821//2793
f 2885//2857 2821//2793 2820//2792
f 821//799 819//797 2926//2898
f 821//799 2926//2898 2928//2900
f 2928//2900 2926//2898 2925//2897
f 2928//2900 2925//2897 2929//2901
f 2929//2901 2925//2897 2917//2889
f 2929//2901 2917//2889 2916//2888
f 2876//2848 1014//992 986//964
f 953//931 955//933 2874//2846
f 2876//2848 986//964 2813//2785
f 2813//2785 986//964 2897//2869
f 2813//2785 2897//2869 2814//2786
f 2814//2786 2897//2869 2874//2846
f 2874//2846 2897//2869 951//929
f 2874//2846 951//929 953//931
f 2795//2767 2812//2784 2930//2902
f 2931//2903 895//873 897//875
f 2875//2847 2873//2845 2932//2904
f 895//873 2931//2903 893//871
f 930//908 2933//2905 936//914
f 936//914 2933//2905 934//912
f 948//926 2934//2906 946//924
f 946//924 2934//2906 2932//2904
f 946//924 2932//2904 940//918
f 940//918 2932//2904 942//920
f 942//920 2932//2904 2873//2845
f 942//920 2873//2845 943//921
f 2935//2907 2936//2908 2792//2764
f 2792//2764 2936//2908 2937//2909
f 2792//2764 2937//2909 2782//2754
f 2782//2754 2937//2909 2938//2910
f 2782//2754 2938//2910 2781//2753
f 2781//2753 2938//2910 2780//2752
f 2795//2767 2930//2902 2794//2766
f 930//908 929//907 2933//2905
f 2933//2905 929//907 893//871
f 2933//2905 893//871 2939//2911
f 2939//2911 893//871 2931//2903
f 2939//2911 2931//2903 2935//2907
f 2935//2907 2931//2903 897//875
f 2935//2907 897//875 2936//2908
f 2936//2908 897//875 2940//2912
f 2936//2908 2940//2912 2937//2909
f 2792//2764 2794//2766 2935//2907
f 2935//2907 2794//2766 2930//2902
f 2935//2907 2930//2902 2939//2911
f 2939//2911 2930//2902 2934//2906
f 2939//2911 2934//2906 2933//2905
f 2933//2905 2934//2906 948//926
f 2933//2905 948//926 934//912
f 2801//2773 2875//2847 2803//2775
f 2803//2775 2875//2847 2932//2904
f 2803//2775 2932//2904 2805//2777
f 2805//2777 2932//2904 2934//2906
f 2805//2777 2934//2906 2810//2782
f 2810//2782 2934//2906 2930//2902
f 2810//2782 2930//2902 2811//2783
f 2811//2783 2930//2902 2812//2784
f 2808//2780 992//970 2809//2781
f 2809//2781 992//970 990//968
f 2809//2781 990//968 2800//2772
f 2941//2913 1000//978 2806//2778
f 2941//2913 2806//2778 2942//2914
f 2942//2914 2806//2778 2791//2763
f 2942//2914 2791//2763 2943//2915
f 2943//2915 2791//2763 2790//2762
f 2943//2915 2790//2762 2944//2916
f 1000//978 999//977 2806//2778
f 2806//2778 999//977 997//975
f 2806//2778 997//975 2807//2779
f 2807//2779 997//975 996//974
f 2807//2779 996//974 2808//2780
f 2808//2780 996//974 994//972
f 2808//2780 994//972 992//970
f 2945//2917 2946//2918 2786//2758
f 2786//2758 2946//2918 2947//2919
f 2786//2758 2947//2919 2788//2760
f 2788//2760 2947//2919 2948//2920
f 2788//2760 2948//2920 2790//2762
f 2790//2762 2948//2920 2949//2921
f 2790//2762 2949//2921 2944//2916
f 2784//2756 2950//2922 2786//2758
f 2786//2758 2950//2922 2951//2923
f 2786//2758 2951//2923 2945//2917
f 2764//2736 2773//2745 2784//2756
f 2784//2756 2773//2745 2952//2924
f 2952//2924 2953//2925 2784//2756
f 2784//2756 2953//2925 2954//2926
f 2784//2756 2954//2926 2950//2922
f 901//879 903//881 2955//2927
f 2955//2927 903//881 904//882
f 2955//2927 904//882 2956//2928
f 2957//2929 2958//2930 886//864
f 886//864 2958//2930 2959//2931
f 886//864 2959//2931 889//867
f 889//867 2959//2931 891//869
f 891//869 2959//2931 2956//2928
f 891//869 2956//2928 904//882
f 2960//2932 2957//2929 884//862
f 884//862 2957//2929 886//864
f 838//816 2961//2933 836//814
f 836//814 2961//2933 2962//2934
f 836//814 2962//2934 849//827
f 849//827 2962//2934 2963//2935
f 849//827 2963//2935 847//825
f 847//825 2963//2935 2960//2932
f 847//825 2960//2932 884//862
f 833//811 2964//2936 2965//2937
f 833//811 2965//2937 835//813
f 835//813 2965//2937 2966//2938
f 835//813 2966//2938 844//822
f 844//822 2966//2938 842//820
f 842//820 2966//2938 2967//2939
f 842//820 2967//2939 840//818
f 2967//2939 2968//2940 840//818
f 840//818 2968//2940 2961//2933
f 840//818 2961//2933 838//816
f 2964//2936 833//811 2969//2941
f 2969//2941 833//811 831//809
f 2969//2941 831//809 2970//2942
f 2970//2942 831//809 830//808
f 2970//2942 830//808 2971//2943
f 2971//2943 830//808 828//806
f 2971//2943 828//806 2972//2944
f 2972//2944 828//806 826//804
f 2972//2944 826//804 2973//2945
f 2973//2945 826//804 825//803
f 2973//2945 825//803 823//801
f 2940//2912 897//875 899//877
f 2940//2912 899//877 2937//2909
f 2937//2909 899//877 901//879
f 2937//2909 901//879 2938//2910
f 2938//2910 901//879 2955//2927
f 2938//2910 2955//2927 2780//2752
f 2780//2752 2955//2927 2956//2928
f 2780//2752 2956//2928 2778//2750
f 2778//2750 2956//2928 2779//2751
f 2779//2751 2956//2928 2959//2931
f 2779//2751 2959//2931 2799//2771
f 2765//2737 2763//2735 2960//2932
f 2960//2932 2763//2735 2762//2734
f 2960//2932 2762//2734 2957//2929
f 2957//2929 2762//2734 2799//2771
f 2957//2929 2799//2771 2958//2930
f 2958//2930 2799//2771 2959//2931
f 815//793 2947//2919 823//801
f 823//801 2947//2919 2946//2918
f 823//801 2946//2918 2973//2945
f 2973//2945 2946//2918 2945//2917
f 2973//2945 2945//2917 2972//2944
f 2972//2944 2945//2917 2971//2943
f 2945//2917 2951//2923 2971//2943
f 2971//2943 2951//2923 2950//2922
f 2971//2943 2950//2922 2970//2942
f 2970//2942 2950//2922 2954//2926
f 2970//2942 2954//2926 2969//2941
f 2969//2941 2954//2926 2953//2925
f 2969//2941 2953//2925 2964//2936
f 2953//2925 2952//2924 2964//2936
f 2964//2936 2952//2924 2773//2745
f 2964//2936 2773//2745 2965//2937
f 2965//2937 2773//2745 2966//2938
f 2966//2938 2773//2745 2772//2744
f 2966//2938 2772//2744 2967//2939
f 2967//2939 2772//2744 2771//2743
f 2967//2939 2771//2743 2968//2940
f 2968//2940 2771//2743 2770//2742
f 2968//2940 2770//2742 2961//2933
f 2765//2737 2960//2932 2766//2738
f 2766//2738 2960//2932 2963//2935
f 2766//2738 2963//2935 2767//2739
f 2767//2739 2963//2935 2962//2934
f 2767//2739 2962//2934 2768//2740
f 2768//2740 2962//2934 2961//2933
f 2768//2740 2961//2933 2769//2741
f 2769//2741 2961//2933 2770//2742
f 2947//2919 815//793 814//792
f 2947//2919 814//792 2948//2920
f 2948//2920 814//792 2974//2946
f 2948//2920 2974//2946 2949//2921
f 2949//2921 2974//2946 2975//2947
f 2949//2921 2975//2947 2944//2916
f 1521//1499 1519//1497 2976//2948
f 2976//2948 1519//1497 2977//2949
f 2976//2948 2977//2949 2978//2950
f 2978//2950 2977//2949 2979//2951
f 2978//2950 2979//2951 2980//2952
f 2980//2952 2979//2951 2981//2953
f 2980//2952 2981//2953 2660//2632
f 2660//2632 2981//2953 2659//2631
f 2664//2636 2659//2631 2981//2953
f 2982//2954 2666//2638 2667//2639
f 1519//1497 1493//1471 2983//2955
f 2667//2639 2664//2636 2982//2954
f 2982//2954 2664//2636 2981//2953
f 2982//2954 2981//2953 2984//2956
f 2984//2956 2981//2953 2979//2951
f 2984//2956 2979//2951 2983//2955
f 2983//2955 2979//2951 2977//2949
f 2983//2955 2977//2949 1519//1497
f 2661//2633 2656//2628 2985//2957
f 1518//1496 1522//1500 2986//2958
f 2986//2958 1522//1500 1521//1499
f 2986//2958 1521//1499 2976//2948
f 2976//2948 2978//2950 2986//2958
f 2986//2958 2978//2950 2987//2959
f 2986//2958 2987//2959 1518//1496
f 1518//1496 2987//2959 1516//1494
f 2980//2952 2988//2960 2978//2950
f 2978//2950 2988//2960 2989//2961
f 2978//2950 2989//2961 2987//2959
f 2660//2632 2661//2633 2980//2952
f 2980//2952 2661//2633 2985//2957
f 2980//2952 2985//2957 2988//2960
f 2984//2956 2983//2955 2990//2962
f 1488//1466 2991//2963 1486//1464
f 1486//1464 2991//2963 2992//2964
f 2673//2645 2672//2644 2993//2965
f 2993//2965 2672//2644 2994//2966
f 2993//2965 2994//2966 2995//2967
f 1504//1482 1503//1481 2992//2964
f 2992//2964 1503//1481 1502//1480
f 2992//2964 1502//1480 1486//1464
f 2672//2644 2677//2649 2994//2966
f 2994//2966 2677//2649 2671//2643
f 2994//2966 2671//2643 2996//2968
f 2996//2968 2671//2643 2670//2642
f 2996//2968 2670//2642 2997//2969
f 2997//2969 2670//2642 2678//2650
f 2997//2969 2678//2650 2998//2970
f 2998//2970 2678//2650 2662//2634
f 2998//2970 2662//2634 2999//2971
f 2999//2971 2662//2634 2663//2635
f 2999//2971 2663//2635 3000//2972
f 3000//2972 2663//2635 2665//2637
f 2991//2963 2995//2967 3001//2973
f 3001//2973 2995//2967 2994//2966
f 3001//2973 2994//2966 3002//2974
f 3002//2974 2994//2966 2996//2968
f 3002//2974 2996//2968 3003//2975
f 3003//2975 2996//2968 2997//2969
f 3003//2975 2997//2969 3004//2976
f 3004//2976 2997//2969 2998//2970
f 3004//2976 2998//2970 3005//2977
f 3005//2977 2998//2970 2999//2971
f 3005//2977 2999//2971 3006//2978
f 3006//2978 2999//2971 3000//2972
f 3006//2978 3000//2972 2982//2954
f 2982//2954 3000//2972 2665//2637
f 2982//2954 2665//2637 2666//2638
f 2982//2954 2984//2956 3006//2978
f 3006//2978 2984//2956 2990//2962
f 3006//2978 2990//2962 3005//2977
f 3005//2977 2990//2962 3007//2979
f 3005//2977 3007//2979 3004//2976
f 3004//2976 3007//2979 3008//2980
f 3004//2976 3008//2980 3003//2975
f 3003//2975 3008//2980 3009//2981
f 3003//2975 3009//2981 3002//2974
f 3002//2974 3009//2981 3010//2982
f 3002//2974 3010//2982 3001//2973
f 2991//2963 3001//2973 2992//2964
f 2992//2964 3001//2973 3010//2982
f 2992//2964 3010//2982 1504//1482
f 1504//1482 3010//2982 3009//2981
f 1504//1482 3009//2981 1500//1478
f 1500//1478 3009//2981 3008//2980
f 1500//1478 3008//2980 1498//1476
f 1498//1476 3008//2980 3007//2979
f 1498//1476 3007//2979 1495//1473
f 1495//1473 3007//2979 2990//2962
f 1495//1473 2990//2962 1492//1470
f 1492//1470 2990//2962 2983//2955
f 1492//1470 2983//2955 1493//1471
f 3011//2983 1516//1494 2987//2959
f 3011//2983 2987//2959 3012//2984
f 3012//2984 2987//2959 2989//2961
f 3012//2984 2989//2961 3013//2985
f 3013//2985 2989//2961 3014//2986
f 3014//2986 2989//2961 2988//2960
f 3014//2986 2988//2960 3015//2987
f 3015//2987 2988//2960 2985//2957
f 3015//2987 2985//2957 3016//2988
f 3016//2988 2985//2957 2656//2628
f 3016//2988 2656//2628 2655//2627
f 2675//2647 2673//2645 2993//2965
f 3017//2989 2676//2648 2675//2647
f 2675//2647 2993//2965 3017//2989
f 3017//2989 2993//2965 2995//2967
f 3017//2989 2995//2967 3018//2990
f 3018//2990 2995//2967 2991//2963
f 3018//2990 2991//2963 3019//2991
f 3019//2991 2991//2963 1488//1466
f 3019//2991 1488//1466 1583//1561
f 2738//2710 2611//2583 3020//2992
f 3021//2993 1511//1489 1513//1491
f 2655//2627 2738//2710 3016//2988
f 3016//2988 2738//2710 3020//2992
f 3016//2988 3020//2992 3015//2987
f 3015//2987 3020//2992 3022//2994
f 3015//2987 3022//2994 3014//2986
f 3014//2986 3022//2994 3013//2985
f 1514//1492 1516//1494 3023//2995
f 3023//2995 1516//1494 3011//2983
f 3023//2995 3011//2983 3012//2984
f 3013//2985 3022//2994 3012//2984
f 3012//2984 3022//2994 3021//2993
f 3012//2984 3021//2993 3023//2995
f 3023//2995 3021//2993 1513//1491
f 3023//2995 1513//1491 1514//1492
f 2676//2648 3017//2989 2723//2695
f 2723//2695 3017//2989 3024//2996
f 2723//2695 3024//2996 2724//2696
f 3017//2989 3018//2990 3024//2996
f 3024//2996 3018//2990 3019//2991
f 3024//2996 3019//2991 3025//2997
f 3025//2997 3019//2991 1583//1561
f 3025//2997 1583//1561 1590//1568
f 1590//1568 1589//1567 3025//2997
f 3025//2997 1589//1567 1588//1566
f 3025//2997 1588//1566 1587//1565
f 1587//1565 1586//1564 3025//2997
f 3025//2997 1586//1564 1585//1563
f 3025//2997 1585//1563 1470//1448
f 1509//1487 1511//1489 3026//2998
f 3026//2998 1511//1489 3021//2993
f 3026//2998 3021//2993 3027//2999
f 3027//2999 3021//2993 3022//2994
f 3027//2999 3022//2994 3028//3000
f 3028//3000 3022//2994 3020//2992
f 3028//3000 3020//2992 2610//2582
f 2610//2582 3020//2992 2611//2583
f 3029//3001 1469//1447 1468//1446
f 3025//2997 1470//1448 1469//1447
f 1469//1447 3029//3001 3025//2997
f 3025//2997 3029//3001 3030//3002
f 3025//2997 3030//3002 3024//2996
f 3024//2996 3030//3002 2725//2697
f 3024//2996 2725//2697 2724//2696
f 2707//2679 2725//2697 3031//3003
f 3031//3003 2725//2697 3030//3002
f 3031//3003 3030//3002 3032//3004
f 3032//3004 3030//3002 3029//3001
f 3032//3004 3029//3001 3033//3005
f 3033//3005 3029//3001 1468//1446
f 2610//2582 2750//2722 3034//3006
f 1530//1508 1509//1487 3035//3007
f 3035//3007 1509//1487 3026//2998
f 3035//3007 3026//2998 3036//3008
f 3036//3008 3026//2998 3027//2999
f 3036//3008 3027//2999 3034//3006
f 3034//3006 3027//2999 3028//3000
f 3034//3006 3028//3000 2610//2582
f 1464//1442 1463//1441 3037//3009
f 3033//3005 1468//1446 1467//1445
f 3032//3004 3038//3010 3031//3003
f 3031//3003 3038//3010 2705//2677
f 3031//3003 2705//2677 2707//2679
f 3039//3011 1485//1463 1474//1452
f 1474//1452 1464//1442 3039//3011
f 3039//3011 1464//1442 3037//3009
f 3039//3011 3037//3009 3040//3012
f 3040//3012 3037//3009 3041//3013
f 3040//3012 3041//3013 2714//2686
f 3032//3004 3033//3005 3038//3010
f 3038//3010 3033//3005 1467//1445
f 3038//3010 1467//1445 3042//3014
f 3042//3014 1467//1445 1466//1444
f 3042//3014 1466//1444 1471//1449
f 2714//2686 2713//2685 3040//3012
f 3040//3012 2713//2685 3042//3014
f 3040//3012 3042//3014 3039//3011
f 3039//3011 3042//3014 1471//1449
f 3039//3011 1471//1449 1485//1463
f 2713//2685 2712//2684 3042//3014
f 3042//3014 2712//2684 2709//2681
f 3042//3014 2709//2681 3038//3010
f 3038//3010 2709//2681 2708//2680
f 3038//3010 2708//2680 2705//2677
f 3036//3008 3034//3006 3043//3015
f 3044//3016 3045//3017 3046//3018
f 2741//2713 3047//3019 2744//2716
f 2744//2716 3047//3019 3048//3020
f 2744//2716 3048//3020 2743//2715
f 2743//2715 3048//3020 3049//3021
f 2743//2715 3049//3021 2742//2714
f 2742//2714 3049//3021 3050//3022
f 2742//2714 3050//3022 2751//2723
f 2751//2723 3050//3022 3051//3023
f 2751//2723 3051//3023 2747//2719
f 2747//2719 3051//3023 3043//3015
f 2747//2719 3043//3015 2748//2720
f 1530//1508 3052//3024 1533//1511
f 1533//1511 3052//3024 3053//3025
f 1533//1511 3053//3025 1545//1523
f 1545//1523 3053//3025 3054//3026
f 1545//1523 3054//3026 1543//1521
f 1543//1521 3054//3026 3055//3027
f 1543//1521 3055//3027 1541//1519
f 1541//1519 3055//3027 3056//3028
f 1541//1519 3056//3028 1539//1517
f 1539//1517 3056//3028 3046//3018
f 1539//1517 3046//3018 1536//1514
f 1536//1514 3046//3018 3045//3017
f 1536//1514 3045//3017 1534//1512
f 1530//1508 3035//3007 3052//3024
f 3052//3024 3035//3007 3057//3029
f 3052//3024 3057//3029 3053//3025
f 3053//3025 3057//3029 3058//3030
f 3053//3025 3058//3030 3054//3026
f 3054//3026 3058//3030 3059//3031
f 3054//3026 3059//3031 3055//3027
f 3055//3027 3059//3031 3060//3032
f 3055//3027 3060//3032 3056//3028
f 3056//3028 3060//3032 3061//3033
f 3056//3028 3061//3033 3046//3018
f 3046//3018 3061//3033 3062//3034
f 3046//3018 3062//3034 3044//3016
f 3044//3016 3062//3034 3063//3035
f 3035//3007 3036//3008 3057//3029
f 3057//3029 3036//3008 3043//3015
f 3057//3029 3043//3015 3058//3030
f 3058//3030 3043//3015 3051//3023
f 3058//3030 3051//3023 3059//3031
f 3059//3031 3051//3023 3050//3022
f 3059//3031 3050//3022 3060//3032
f 3060//3032 3050//3022 3049//3021
f 3060//3032 3049//3021 3061//3033
f 3061//3033 3049//3021 3048//3020
f 3061//3033 3048//3020 3062//3034
f 3062//3034 3048//3020 3047//3019
f 3062//3034 3047//3019 3063//3035
f 3063//3035 3047//3019 2741//2713
f 3063//3035 2741//2713 2740//2712
f 3034//3006 2750//2722 3043//3015
f 3043//3015 2750//2722 2749//2721
f 3043//3015 2749//2721 2748//2720
f 1476//1454 1443//1421 3064//3036
f 2717//2689 2714//2686 3041//3013
f 1463//1441 1476//1454 3037//3009
f 3037//3009 1476//1454 3064//3036
f 3037//3009 3064//3036 3041//3013
f 3041//3013 3064//3036 3065//3037
f 3041//3013 3065//3037 2717//2689
f 2717//2689 3065//3037 3066//3038
f 2717//2689 3066//3038 2718//2690
f 2739//2711 465//448 3067//3039
f 2739//2711 3067//3039 2740//2712
f 2740//2712 3067//3039 3063//3035
f 3063//3035 3067//3039 3068//3040
f 3063//3035 3068//3040 3044//3016
f 3044//3016 3068//3040 3069//3041
f 3044//3016 3069//3041 3045//3017
f 3045//3017 3069//3041 1618//1596
f 3045//3017 1618//1596 1534//1512
f 3064//3036 1443//1421 1442//1420
f 3070//3042 2704//2676 2719//2691
f 1442//1420 3071//3043 3064//3036
f 3064//3036 3071//3043 3072//3044
f 3064//3036 3072//3044 3065//3037
f 3065//3037 3072//3044 3070//3042
f 3065//3037 3070//3042 3066//3038
f 3066//3038 3070//3042 2719//2691
f 3066//3038 2719//2691 2718//2690
f 1562//1540 1620//1598 3073//3045
f 3073//3045 1620//1598 1621//1599
f 3073//3045 1621//1599 1619//1597
f 3067//3039 3074//3046 3068//3040
f 3068//3040 3074//3046 3073//3045
f 3068//3040 3073//3045 3069//3041
f 3069//3041 3073//3045 1619//1597
f 3069//3041 1619//1597 1618//1596
f 3067//3039 465//448 3074//3046
f 3074//3046 465//448 461//444
f 3074//3046 461//444 463//446
f 3075//3047 2681//2653 2704//2676
f 2704//2676 3070//3042 3075//3047
f 3075//3047 3070//3042 3072//3044
f 3075//3047 3072//3044 1447//1425
f 1447//1425 3072//3044 3071//3043
f 1447//1425 3071//3043 1442//1420
f 3076//3048 1563//1541 1562//1540
f 1562//1540 3073//3045 3076//3048
f 3076//3048 3073//3045 3074//3046
f 3076//3048 3074//3046 3077//3049
f 3074//3046 463//446 3077//3049
f 3077//3049 463//446 464//447
f 3077//3049 464//447 468//451
f 1569//1547 1563//1541 3078//3050
f 3078//3050 1563//1541 3076//3048
f 3078//3050 3076//3048 3079//3051
f 3079//3051 3076//3048 3077//3049
f 3079//3051 3077//3049 3080//3052
f 3080//3052 3077//3049 468//451
f 2682//2654 2681//2653 3075//3047
f 2692//2664 2682//2654 3081//3053
f 3081//3053 2682//2654 3075//3047
f 3081//3053 3075//3047 1446//1424
f 1446//1424 3075//3047 1447//1425
f 2581//2553 2582//2554 3082//3054
f 2578//2550 2580//2552 3083//3055
f 3080//3052 468//451 2573//2545
f 2578//2550 3083//3055 2576//2548
f 1566//1544 1555//1533 3084//3056
f 3084//3056 1555//1533 1553//1531
f 3084//3056 1553//1531 1552//1530
f 1552//1530 1560//1538 3084//3056
f 3084//3056 1560//1538 1559//1537
f 3084//3056 1559//1537 3083//3055
f 1569//1547 3078//3050 3085//3057
f 3085//3057 3078//3050 3079//3051
f 3085//3057 3079//3051 3080//3052
f 3080//3052 2573//2545 3085//3057
f 3085//3057 2573//2545 2575//2547
f 3085//3057 2575//2547 3086//3058
f 3086//3058 2575//2547 2574//2546
f 3086//3058 2574//2546 2576//2548
f 2580//2552 2581//2553 3083//3055
f 3083//3055 2581//2553 3082//3054
f 3083//3055 3082//3054 3084//3056
f 3084//3056 3082//3054 3087//3059
f 3084//3056 3087//3059 1566//1544
f 1566//1544 3087//3059 1557//1535
f 2576//2548 3083//3055 3086//3058
f 3086//3058 3083//3055 1559//1537
f 3086//3058 1559//1537 3085//3057
f 3085//3057 1559//1537 1575//1553
f 3085//3057 1575//1553 1569//1547
f 3081//3053 1446//1424 1445//1423
f 1445//1423 3088//3060 3081//3053
f 3081//3053 3088//3060 3089//3061
f 3081//3053 3089//3061 2692//2664
f 2692//2664 3089//3061 3090//3062
f 2692//2664 3090//3062 2645//2617
f 1558//1536 1557//1535 3087//3059
f 1558//1536 3087//3059 1347//1325
f 3082//3054 3091//3063 3087//3059
f 3087//3059 3091//3063 3092//3064
f 3087//3059 3092//3064 1347//1325
f 3082//3054 2582//2554 3091//3063
f 3091//3063 2582//2554 2598//2570
f 3091//3063 2598//2570 3093//3065
f 3093//3065 2598//2570 2597//2569
f 1457//1435 1456//1434 3094//3066
f 3095//3067 2647//2619 2649//2621
f 3088//3060 1445//1423 1450//1428
f 3088//3060 3096//3068 3089//3061
f 3089//3061 3096//3068 3097//3069
f 3089//3061 3097//3069 3090//3062
f 3090//3062 3097//3069 3098//3070
f 3090//3062 3098//3070 2645//2617
f 3096//3068 3099//3071 3100//3072
f 3096//3068 3100//3072 3097//3069
f 3097//3069 3100//3072 3101//3073
f 3097//3069 3101//3073 3098//3070
f 3098//3070 3101//3073 2646//2618
f 3098//3070 2646//2618 2645//2617
f 3088//3060 1450//1428 3096//3068
f 3096//3068 1450//1428 1452//1430
f 3096//3068 1452//1430 3099//3071
f 3099//3071 1452//1430 1453//1431
f 3099//3071 1453//1431 1457//1435
f 1457//1435 3094//3066 3099//3071
f 3099//3071 3094//3066 3102//3074
f 3099//3071 3102//3074 3100//3072
f 3100//3072 3102//3074 3095//3067
f 3100//3072 3095//3067 3101//3073
f 3101//3073 3095//3067 2649//2621
f 3101//3073 2649//2621 2646//2618
f 1332//1310 2647//2619 3103//3075
f 3103//3075 2647//2619 3095//3067
f 3103//3075 3095//3067 3104//3076
f 3104//3076 3095//3067 3102//3074
f 3104//3076 3102//3074 3105//3077
f 3105//3077 3102//3074 3094//3066
f 3105//3077 3094//3066 1455//1433
f 1455//1433 3094//3066 1456//1434
f 2597//2569 428//411 3106//3078
f 1348//1326 1347//1325 3107//3079
f 3107//3079 1347//1325 3092//3064
f 3107//3079 3092//3064 3108//3080
f 3108//3080 3092//3064 3091//3063
f 3108//3080 3091//3063 3106//3078
f 3106//3078 3091//3063 3093//3065
f 3106//3078 3093//3065 2597//2569
f 1332//1310 3103//3075 1333//1311
f 1333//1311 3103//3075 3104//3076
f 1333//1311 3104//3076 1337//1315
f 1455//1433 1454//1432 3105//3077
f 3105//3077 1454//1432 1413//1391
f 3105//3077 1413//1391 3104//3076
f 3104//3076 1413//1391 3109//3081
f 3104//3076 3109//3081 1337//1315
f 428//411 427//410 3106//3078
f 3106//3078 427//410 3110//3082
f 3106//3078 3110//3082 3108//3080
f 3108//3080 3110//3082 3107//3079
f 3107//3079 3110//3082 1349//1327
f 3107//3079 1349//1327 1348//1326
f 3109//3081 3111//3083 1337//1315
f 1337//1315 3111//3083 1336//1314
f 3112//3084 1330//1308 1336//1314
f 3111//3083 1418//1396 1417//1395
f 1336//1314 3111//3083 3112//3084
f 3112//3084 3111//3083 1417//1395
f 3112//3084 1417//1395 1289//1267
f 3109//3081 1413//1391 3111//3083
f 3111//3083 1413//1391 1412//1390
f 3111//3083 1412//1390 1418//1396
f 2586//2558 2588//2560 3113//3085
f 2586//2558 3113//3085 427//410
f 1350//1328 1349//1327 3113//3085
f 3113//3085 1349//1327 3110//3082
f 3113//3085 3110//3082 427//410
f 3114//3086 3115//3087 1328//1306
f 1328//1306 3115//3087 1326//1304
f 1326//1304 3115//3087 1324//1302
f 1324//1302 3115//3087 3116//3088
f 1324//1302 3116//3088 1319//1297
f 1319//1297 3116//3088 3117//3089
f 1319//1297 3117//3089 1317//1295
f 1317//1295 3117//3089 3118//3090
f 1317//1295 3118//3090 1315//1293
f 1294//1272 1117//1095 3119//3091
f 1328//1306 1330//1308 3114//3086
f 3114//3086 1330//1308 3112//3084
f 3114//3086 3112//3084 1289//1267
f 1313//1291 1315//1293 3119//3091
f 3119//3091 1315//1293 3118//3090
f 3119//3091 3118//3090 1294//1272
f 1294//1272 3118//3090 3117//3089
f 1294//1272 3117//3089 1306//1284
f 1306//1284 3117//3089 3116//3088
f 1306//1284 3116//3088 1305//1283
f 1305//1283 3116//3088 3115//3087
f 1305//1283 3115//3087 1293//1271
f 1293//1271 3115//3087 3114//3086
f 1293//1271 3114//3086 1291//1269
f 1291//1269 3114//3086 1289//1267
f 2588//2560 2605//2577 3120//3092
f 2588//2560 3120//3092 3113//3085
f 1351//1329 1350//1328 3121//3093
f 3121//3093 1350//1328 3113//3085
f 3121//3093 3113//3085 3122//3094
f 3122//3094 3113//3085 3120//3092
f 3123//3095 3124//3096 1311//1289
f 1311//1289 3124//3096 1310//1288
f 1311//1289 1313//1291 3123//3095
f 3123//3095 1313//1291 3119//3091
f 3123//3095 3119//3091 1117//1095
f 1117//1095 1079//1057 3123//3095
f 3123//3095 1079//1057 1081//1059
f 3123//3095 1081//1059 3124//3096
f 3124//3096 1081//1059 1083//1061
f 3124//3096 1083//1061 1084//1062
f 1345//1323 1338//1316 3125//3097
f 3125//3097 1338//1316 1340//1318
f 1340//1318 1351//1329 3126//3098
f 3126//3098 1351//1329 3121//3093
f 3126//3098 3121//3093 3127//3099
f 3127//3099 3121//3093 3122//3094
f 3127//3099 3122//3094 3128//3100
f 3128//3100 3122//3094 3120//3092
f 2603//2575 3128//3100 2607//2579
f 2607//2579 3128//3100 3120//3092
f 2607//2579 3120//3092 2605//2577
f 1340//1318 3126//3098 3125//3097
f 3125//3097 3126//3098 3127//3099
f 3125//3097 3127//3099 3129//3101
f 3129//3101 3127//3099 3128//3100
f 3129//3101 3128//3100 3130//3102
f 3130//3102 3128//3100 2603//2575
f 3130//3102 2603//2575 2601//2573
f 2601//2573 3131//3103 3130//3102
f 3130//3102 3131//3103 3132//3104
f 3130//3102 3132//3104 3129//3101
f 3129//3101 3132//3104 3133//3105
f 3129//3101 3133//3105 3125//3097
f 3125//3097 3133//3105 1344//1322
f 3125//3097 1344//1322 1345//1323
f 1343//1321 1344//1322 3134//3106
f 3134//3106 1344//1322 3133//3105
f 3134//3106 3133//3105 3135//3107
f 3135//3107 3133//3105 3132//3104
f 3135//3107 3132//3104 3136//3108
f 3136//3108 3132//3104 3131//3103
f 3136//3108 3131//3103 1308//1286
f 1308//1286 3131//3103 2601//2573
f 1307//1285 1310//1288 3124//3096
f 3136//3108 1308//1286 1307//1285
f 3136//3108 1307//1285 3135//3107
f 3135//3107 1307//1285 3124//3096
f 3135//3107 3124//3096 3134//3106
f 3134//3106 3124//3096 1084//1062
f 3134//3106 1084//1062 1343//1321
f 3137//3109 1595//1573 1597//1575
f 3138//3110 1603//1581 1582//1560
f 3139//3111 1602//1580 3138//3110
f 3138//3110 1602//1580 1601//1579
f 3138//3110 1601//1579 1603//1581
f 3140//3112 1600//1578 3139//3111
f 3139//3111 1600//1578 1609//1587
f 3139//3111 1609//1587 1602//1580
f 970//948 3141//3113 972//950
f 972//950 3141//3113 3142//3114
f 972//950 3142//3114 974//952
f 974//952 3142//3114 3143//3115
f 965//943 967//945 3143//3115
f 3143//3115 967//945 975//953
f 3143//3115 975//953 974//952
f 3144//3116 3138//3110 3145//3117
f 3145//3117 3138//3110 1582//1560
f 3145//3117 1582//1560 1525//1503
f 3137//3109 1597//1575 3146//3118
f 1599//1577 3147//3119 1597//1575
f 1597//1575 3147//3119 3148//3120
f 1597//1575 3148//3120 3146//3118
f 3140//3112 3139//3111 3149//3121
f 3149//3121 3139//3111 3138//3110
f 3149//3121 3138//3110 3150//3122
f 3150//3122 3138//3110 3144//3116
f 3150//3122 3144//3116 3151//3123
f 906//884 3146//3118 977//955
f 977//955 3146//3118 3148//3120
f 977//955 3148//3120 979//957
f 979//957 3148//3120 3147//3119
f 979//957 3147//3119 981//959
f 981//959 3147//3119 3141//3113
f 981//959 3141//3113 982//960
f 982//960 3141//3113 970//948
f 1599//1577 1600//1578 3147//3119
f 3147//3119 1600//1578 3140//3112
f 3147//3119 3140//3112 3141//3113
f 3141//3113 3140//3112 3149//3121
f 3141//3113 3149//3121 3142//3114
f 3142//3114 3149//3121 3150//3122
f 3142//3114 3150//3122 3143//3115
f 3143//3115 3150//3122 3151//3123
f 3143//3115 3151//3123 965//943
f 915//893 917//895 3152//3124
f 3153//3125 3146//3118 3154//3126
f 3154//3126 3146//3118 906//884
f 3154//3126 906//884 905//883
f 3155//3127 910//888 912//890
f 1604//1582 1594//1572 3156//3128
f 3156//3128 1594//1572 3157//3129
f 3156//3128 3157//3129 3158//3130
f 1595//1573 3137//3109 1608//1586
f 1608//1586 3137//3109 3159//3131
f 1594//1572 1592//1570 3157//3129
f 3157//3129 1592//1570 1591//1569
f 3157//3129 1591//1569 3159//3131
f 3159//3131 1591//1569 1610//1588
f 3159//3131 1610//1588 1608//1586
f 913//891 915//893 3160//3132
f 3160//3132 915//893 3152//3124
f 3160//3132 3152//3124 3161//3133
f 905//883 910//888 3154//3126
f 3154//3126 910//888 3155//3127
f 3154//3126 3155//3127 3153//3125
f 3153//3125 3155//3127 3162//3134
f 1579//1557 1604//1582 3163//3135
f 3163//3135 1604//1582 3156//3128
f 3163//3135 3156//3128 3161//3133
f 3161//3133 3156//3128 3158//3130
f 3161//3133 3158//3130 3160//3132
f 3137//3109 3146//3118 3159//3131
f 3159//3131 3146//3118 3153//3125
f 3159//3131 3153//3125 3157//3129
f 3157//3129 3153//3125 3162//3134
f 3157//3129 3162//3134 3158//3130
f 3158//3130 3162//3134 3155//3127
f 3158//3130 3155//3127 3160//3132
f 3160//3132 3155//3127 912//890
f 3160//3132 912//890 913//891
f 3164//3136 3165//3137 954//932
f 954//932 3165//3137 3166//3138
f 954//932 3166//3138 941//919
f 941//919 3166//3138 3167//3139
f 941//919 3167//3139 939//917
f 3168//3140 1529//1507 3169//3141
f 3169//3141 1529//1507 1507//1485
f 3169//3141 1507//1485 3170//3142
f 1526//1504 1527//1505 3168//3140
f 3168//3140 1527//1505 1528//1506
f 3168//3140 1528//1506 1529//1507
f 3168//3140 3171//3143 1526//1504
f 1526//1504 3171//3143 3172//3144
f 1526//1504 3172//3144 1523//1501
f 1525//1503 1523//1501 3145//3117
f 3145//3117 1523//1501 3172//3144
f 3145//3117 3172//3144 3144//3116
f 965//943 3173//3145 963//941
f 963//941 3173//3145 3174//3146
f 963//941 3174//3146 959//937
f 959//937 3174//3146 3164//3136
f 959//937 3164//3136 952//930
f 952//930 3164//3136 954//932
f 3151//3123 3144//3116 3175//3147
f 3175//3147 3144//3116 3172//3144
f 3175//3147 3172//3144 3176//3148
f 3176//3148 3172//3144 3171//3143
f 3176//3148 3171//3143 3177//3149
f 3177//3149 3171//3143 3168//3140
f 3177//3149 3168//3140 3178//3150
f 3178//3150 3168//3140 3169//3141
f 3178//3150 3169//3141 3179//3151
f 3179//3151 3169//3141 3170//3142
f 3179//3151 3170//3142 3180//3152
f 3180//3152 3170//3142 1507//1485
f 3180//3152 1507//1485 1506//1484
f 965//943 3151//3123 3173//3145
f 3173//3145 3151//3123 3175//3147
f 3173//3145 3175//3147 3174//3146
f 3174//3146 3175//3147 3176//3148
f 3174//3146 3176//3148 3164//3136
f 3164//3136 3176//3148 3177//3149
f 3164//3136 3177//3149 3165//3137
f 3165//3137 3177//3149 3178//3150
f 3165//3137 3178//3150 3166//3138
f 3166//3138 3178//3150 3179//3151
f 3166//3138 3179//3151 3167//3139
f 3167//3139 3179//3151 3180//3152
f 921//899 923//901 3181//3153
f 917//895 919//897 3152//3124
f 3152//3124 919//897 921//899
f 921//899 3181//3153 3152//3124
f 3152//3124 3181//3153 3182//3154
f 3152//3124 3182//3154 3161//3133
f 1382//1360 1579//1557 3183//3155
f 3183//3155 1579//1557 3163//3135
f 3183//3155 3163//3135 3184//3156
f 3184//3156 3163//3135 3161//3133
f 3184//3156 3161//3133 3185//3157
f 3185//3157 3161//3133 3182//3154
f 1627//1605 3186//3158 1626//1604
f 1626//1604 3186//3158 1625//1603
f 1625//1603 3186//3158 1624//1602
f 1624//1602 3186//3158 3187//3159
f 1624//1602 3187//3159 1623//1601
f 3180//3152 1506//1484 3187//3159
f 3187//3159 1506//1484 1622//1600
f 3187//3159 1622//1600 1623//1601
f 3180//3152 3187//3159 3188//3160
f 3188//3160 3187//3159 3186//3158
f 3188//3160 3186//3158 3189//3161
f 3189//3161 3186//3158 1627//1605
f 3189//3161 1627//1605 3190//3162
f 3190//3162 1627//1605 1628//1606
f 3190//3162 1628//1606 3191//3163
f 3192//3164 937//915 3193//3165
f 3193//3165 937//915 935//913
f 3193//3165 935//913 950//928
f 932//910 933//911 3191//3163
f 3191//3163 933//911 931//909
f 3191//3163 931//909 938//916
f 950//928 949//927 3193//3165
f 3193//3165 949//927 947//925
f 3193//3165 947//925 3194//3166
f 3194//3166 947//925 945//923
f 3194//3166 945//923 3167//3139
f 3167//3139 945//923 944//922
f 3167//3139 944//922 939//917
f 1629//1607 1631//1609 3195//3167
f 3195//3167 1631//1609 1633//1611
f 1633//1611 3196//3168 3195//3167
f 3195//3167 3196//3168 3197//3169
f 3195//3167 3197//3169 3198//3170
f 1628//1606 1629//1607 3191//3163
f 3191//3163 1629//1607 3195//3167
f 3191//3163 3195//3167 932//910
f 932//910 3195//3167 3198//3170
f 932//910 3198//3170 894//872
f 938//916 937//915 3191//3163
f 3191//3163 937//915 3192//3164
f 3191//3163 3192//3164 3190//3162
f 3190//3162 3192//3164 3193//3165
f 3190//3162 3193//3165 3189//3161
f 3189//3161 3193//3165 3194//3166
f 3189//3161 3194//3166 3188//3160
f 3188//3160 3194//3166 3167//3139
f 3188//3160 3167//3139 3180//3152
f 1383//1361 1382//1360 3183//3155
f 3199//3171 1386//1364 1385//1363
f 1383//1361 3183//3155 1385//1363
f 852//830 3200//3172 926//904
f 926//904 3200//3172 3181//3153
f 926//904 3181//3153 925//903
f 925//903 3181//3153 923//901
f 1385//1363 3183//3155 3199//3171
f 3199//3171 3183//3155 3184//3156
f 3199//3171 3184//3156 3201//3173
f 3201//3173 3184//3156 3185//3157
f 3201//3173 3185//3157 3200//3172
f 3200//3172 3185//3157 3182//3154
f 3200//3172 3182//3154 3181//3153
f 900//878 898//876 3202//3174
f 3203//3175 3196//3168 1615//1593
f 1615//1593 3196//3168 1633//1611
f 896//874 894//872 3204//3176
f 3204//3176 894//872 3198//3170
f 898//876 896//874 3202//3174
f 3202//3174 896//874 3204//3176
f 3202//3174 3204//3176 3205//3177
f 3205//3177 3204//3176 3198//3170
f 3205//3177 3198//3170 3197//3169
f 1634//1612 1612//1590 3206//3178
f 3206//3178 1612//1590 3207//3179
f 3206//3178 3207//3179 3208//3180
f 1615//1593 1634//1612 3203//3175
f 3203//3175 1634//1612 3206//3178
f 3203//3175 3206//3178 3209//3181
f 3209//3181 3206//3178 3208//3180
f 3209//3181 3208//3180 3210//3182
f 902//880 900//878 3210//3182
f 3210//3182 900//878 3202//3174
f 3210//3182 3202//3174 3209//3181
f 3209//3181 3202//3174 3205//3177
f 3209//3181 3205//3177 3203//3175
f 3203//3175 3205//3177 3197//3169
f 3203//3175 3197//3169 3196//3168
f 892//870 902//880 3211//3183
f 3211//3183 902//880 3210//3182
f 3211//3183 3210//3182 3212//3184
f 3212//3184 3210//3182 3208//3180
f 3212//3184 3208//3180 3213//3185
f 3213//3185 3208//3180 3207//3179
f 3213//3185 3207//3179 1578//1556
f 1578//1556 3207//3179 1612//1590
f 856//834 858//836 3214//3186
f 1379//1357 1386//1364 3215//3187
f 3215//3187 1386//1364 3199//3171
f 3215//3187 3199//3171 3216//3188
f 3216//3188 3199//3171 3201//3173
f 3216//3188 3201//3173 3217//3189
f 3217//3189 3201//3173 3200//3172
f 856//834 3214//3186 854//832
f 1380//1358 1379//1357 3218//3190
f 3218//3190 1379//1357 3215//3187
f 3218//3190 3215//3187 3219//3191
f 3219//3191 3215//3187 3216//3188
f 3219//3191 3216//3188 3214//3186
f 3214//3186 3216//3188 3217//3189
f 3214//3186 3217//3189 854//832
f 854//832 3217//3189 3200//3172
f 854//832 3200//3172 852//830
f 890//868 892//870 3211//3183
f 890//868 3211//3183 888//866
f 3220//3192 887//865 888//866
f 3213//3185 1578//1556 1576//1554
f 888//866 3211//3183 3220//3192
f 3220//3192 3211//3183 3212//3184
f 3220//3192 3212//3184 3221//3193
f 3221//3193 3212//3184 3213//3185
f 3221//3193 3213//3185 3222//3194
f 3222//3194 3213//3185 1576//1554
f 3222//3194 1576//1554 1363//1341
f 1381//1359 1380//1358 3218//3190
f 3223//3195 1242//1220 1381//1359
f 1381//1359 3218//3190 3223//3195
f 3223//3195 3218//3190 3219//3191
f 3223//3195 3219//3191 3224//3196
f 3224//3196 3219//3191 3214//3186
f 3224//3196 3214//3186 3225//3197
f 3225//3197 3214//3186 858//836
f 3225//3197 858//836 870//848
f 885//863 887//865 3220//3192
f 885//863 3220//3192 848//826
f 1363//1341 1360//1338 3222//3194
f 3222//3194 1360//1338 3226//3198
f 3222//3194 3226//3198 3221//3193
f 3221//3193 3226//3198 3227//3199
f 3221//3193 3227//3199 3220//3192
f 3220//3192 3227//3199 3228//3200
f 3220//3192 3228//3200 848//826
f 867//845 865//843 3229//3201
f 1243//1221 1242//1220 3223//3195
f 3225//3197 3230//3202 3231//3203
f 3232//3204 3233//3205 3234//3206
f 3232//3204 3234//3206 3235//3207
f 3235//3207 3234//3206 3236//3208
f 3235//3207 3236//3208 3237//3209
f 3225//3197 3231//3203 3224//3196
f 3224//3196 3231//3203 3238//3210
f 3224//3196 3238//3210 3223//3195
f 3223//3195 3238//3210 1244//1222
f 3223//3195 1244//1222 1243//1221
f 3225//3197 870//848 3230//3202
f 3230//3202 870//848 869//847
f 3230//3202 869//847 867//845
f 1247//1225 1246//1224 3239//3211
f 3239//3211 1246//1224 1245//1223
f 867//845 3229//3201 3230//3202
f 3230//3202 3229//3201 3240//3212
f 3230//3202 3240//3212 3231//3203
f 3231//3203 3240//3212 3239//3211
f 3231//3203 3239//3211 3238//3210
f 3238//3210 3239//3211 1245//1223
f 3238//3210 1245//1223 1244//1222
f 860//838 3237//3209 861//839
f 861//839 3237//3209 3236//3208
f 861//839 3236//3208 863//841
f 863//841 3236//3208 865//843
f 3232//3204 1203//1181 3233//3205
f 3233//3205 1203//1181 1240//1218
f 3233//3205 1240//1218 1241//1219
f 865//843 3236//3208 3229//3201
f 3229//3201 3236//3208 3234//3206
f 3229//3201 3234//3206 3240//3212
f 3240//3212 3234//3206 3233//3205
f 3240//3212 3233//3205 3239//3211
f 3239//3211 3233//3205 1241//1219
f 3239//3211 1241//1219 1247//1225
f 851//829 850//828 3241//3213
f 850//828 848//826 3241//3213
f 3241//3213 848//826 3228//3200
f 3241//3213 3228//3200 3242//3214
f 3242//3214 3228//3200 3227//3199
f 3242//3214 3227//3199 3243//3215
f 3243//3215 3227//3199 3226//3198
f 3243//3215 3226//3198 1359//1337
f 1359//1337 3226//3198 1360//1338
f 837//815 851//829 3244//3216
f 3244//3216 851//829 3241//3213
f 3244//3216 3241//3213 3245//3217
f 3245//3217 3241//3213 3242//3214
f 3245//3217 3242//3214 3246//3218
f 3246//3218 3242//3214 3243//3215
f 3246//3218 3243//3215 1358//1336
f 1358//1336 3243//3215 1359//1337
f 3235//3207 3237//3209 3247//3219
f 3248//3220 882//860 818//796
f 3249//3221 3250//3222 3251//3223
f 1204//1182 3252//3224 1206//1184
f 1206//1184 3252//3224 3253//3225
f 1206//1184 3253//3225 1207//1185
f 1207//1185 3253//3225 3251//3223
f 1207//1185 3251//3223 1209//1187
f 1209//1187 3251//3223 3250//3222
f 1209//1187 3250//3222 1210//1188
f 882//860 3248//3220 879//857
f 879//857 3248//3220 3254//3226
f 879//857 3254//3226 877//855
f 877//855 3254//3226 3247//3219
f 877//855 3247//3219 876//854
f 3255//3227 3249//3221 3256//3228
f 3256//3228 3249//3221 3251//3223
f 3256//3228 3251//3223 3257//3229
f 3257//3229 3251//3223 3253//3225
f 3257//3229 3253//3225 3258//3230
f 3258//3230 3253//3225 3252//3224
f 3258//3230 3252//3224 3232//3204
f 3232//3204 3252//3224 1204//1182
f 3232//3204 1204//1182 1203//1181
f 3232//3204 3235//3207 3258//3230
f 3258//3230 3235//3207 3247//3219
f 3258//3230 3247//3219 3257//3229
f 3257//3229 3247//3219 3254//3226
f 3257//3229 3254//3226 3256//3228
f 3256//3228 3254//3226 3248//3220
f 3256//3228 3248//3220 3255//3227
f 3255//3227 3248//3220 818//796
f 3237//3209 860//838 3247//3219
f 3247//3219 860//838 873//851
f 3247//3219 873//851 876//854
f 839//817 837//815 3244//3216
f 1357//1335 1355//1333 3259//3231
f 3259//3231 1355//1333 1356//1334
f 3259//3231 1356//1334 1126//1104
f 839//817 3244//3216 3260//3232
f 3260//3232 3244//3216 3245//3217
f 3260//3232 3245//3217 3261//3233
f 3261//3233 3245//3217 3246//3218
f 3261//3233 3246//3218 3259//3231
f 3259//3231 3246//3218 1358//1336
f 3259//3231 1358//1336 1357//1335
f 3249//3221 3255//3227 3262//3234
f 2916//2888 3263//3235 3262//3234
f 3264//3236 1213//1191 1212//1190
f 1213//1191 3264//3236 1215//1193
f 1215//1193 3264//3236 3265//3237
f 1215//1193 3265//3237 1216//1194
f 1216//1194 3265//3237 1218//1196
f 1218//1196 3265//3237 3266//3238
f 1218//1196 3266//3238 1220//1198
f 1220//1198 3266//3238 3267//3239
f 1220//1198 3267//3239 1222//1200
f 3268//3240 1176//1154 1226//1204
f 3269//3241 1003//981 3270//3242
f 3270//3242 1003//981 1005//983
f 3270//3242 1005//983 3271//3243
f 3271//3243 1005//983 1007//985
f 3271//3243 1007//985 1009//987
f 2916//2888 2915//2887 3263//3235
f 3263//3235 2915//2887 2918//2890
f 3263//3235 2918//2890 3269//3241
f 3269//3241 2918//2890 1001//979
f 3269//3241 1001//979 1003//981
f 3255//3227 818//796 820//798
f 820//798 821//799 3255//3227
f 3255//3227 821//799 2928//2900
f 3255//3227 2928//2900 3262//3234
f 3262//3234 2928//2900 2929//2901
f 3262//3234 2929//2901 2916//2888
f 3272//3244 3268//3240 3273//3245
f 3273//3245 3268//3240 1226//1204
f 3273//3245 1226//1204 3267//3239
f 3267//3239 1226//1204 1224//1202
f 3267//3239 1224//1202 1222//1200
f 3274//3246 3272//3244 3275//3247
f 3275//3247 3272//3244 3273//3245
f 3275//3247 3273//3245 3276//3248
f 3276//3248 3273//3245 3267//3239
f 3276//3248 3267//3239 3277//3249
f 3277//3249 3267//3239 3266//3238
f 3277//3249 3266//3238 3278//3250
f 3278//3250 3266//3238 3265//3237
f 3278//3250 3265//3237 3279//3251
f 3279//3251 3265//3237 3264//3236
f 3279//3251 3264//3236 3250//3222
f 3250//3222 3264//3236 1212//1190
f 3250//3222 1212//1190 1210//1188
f 3250//3222 3249//3221 3279//3251
f 3279//3251 3249//3221 3262//3234
f 3279//3251 3262//3234 3278//3250
f 3278//3250 3262//3234 3263//3235
f 3278//3250 3263//3235 3277//3249
f 3277//3249 3263//3235 3269//3241
f 3277//3249 3269//3241 3276//3248
f 3276//3248 3269//3241 3270//3242
f 3276//3248 3270//3242 3275//3247
f 3275//3247 3270//3242 3271//3243
f 3275//3247 3271//3243 3274//3246
f 3274//3246 3271//3243 1009//987
f 1141//1119 1140//1118 3280//3252
f 3281//3253 3282//3254 832//810
f 1139//1117 1138//1116 3283//3255
f 3283//3255 1138//1116 1137//1115
f 3283//3255 1137//1115 3284//3256
f 1141//1119 3280//3252 1125//1103
f 3259//3231 1126//1104 1125//1103
f 3261//3233 3259//3231 3285//3257
f 3285//3257 3259//3231 3286//3258
f 3285//3257 3286//3258 3287//3259
f 3288//3260 841//819 3260//3232
f 3260//3232 841//819 839//817
f 3260//3232 3261//3233 3288//3260
f 3288//3260 3261//3233 3285//3257
f 3288//3260 3285//3257 3289//3261
f 3289//3261 3285//3257 3287//3259
f 3289//3261 3287//3259 3281//3253
f 832//810 834//812 3281//3253
f 3281//3253 834//812 846//824
f 3281//3253 846//824 3289//3261
f 3289//3261 846//824 845//823
f 3289//3261 845//823 3288//3260
f 3288//3260 845//823 843//821
f 3288//3260 843//821 841//819
f 1140//1118 1139//1117 3280//3252
f 3280//3252 1139//1117 3283//3255
f 3280//3252 3283//3255 3290//3262
f 3290//3262 3283//3255 3284//3256
f 3290//3262 3284//3256 3291//3263
f 3259//3231 1125//1103 3286//3258
f 3286//3258 1125//1103 3280//3252
f 3286//3258 3280//3252 3287//3259
f 3287//3259 3280//3252 3290//3262
f 3287//3259 3290//3262 3281//3253
f 3281//3253 3290//3262 3291//3263
f 3281//3253 3291//3263 3282//3254
f 3292//3264 3293//3265 3294//3266
f 3294//3266 3293//3265 1152//1130
f 3294//3266 1152//1130 1179//1157
f 991//969 3295//3267 3292//3264
f 3292//3264 3295//3267 3296//3268
f 3292//3264 3296//3268 3293//3265
f 3297//3269 1015//993 989//967
f 3298//3270 3299//3271 1016//994
f 1016//994 3299//3271 985//963
f 985//963 3299//3271 1020//998
f 1020//998 3299//3271 3300//3272
f 1020//998 3300//3272 1019//997
f 1019//997 3300//3272 3301//3273
f 1019//997 3301//3273 1013//991
f 1009//987 1011//989 3274//3246
f 3274//3246 1011//989 3302//3274
f 3274//3246 3302//3274 3272//3244
f 3272//3244 3302//3274 3303//3275
f 3272//3244 3303//3275 3268//3240
f 1181//1159 1183//1161 3297//3269
f 3297//3269 1183//1161 3298//3270
f 3297//3269 3298//3270 1015//993
f 1015//993 3298//3270 1016//994
f 1179//1157 1181//1159 3294//3266
f 3294//3266 1181//1159 3297//3269
f 3294//3266 3297//3269 3292//3264
f 3292//3264 3297//3269 989//967
f 3292//3264 989//967 991//969
f 1197//1175 1199//1177 3301//3273
f 3301//3273 1199//1177 1177//1155
f 1011//989 1013//991 3302//3274
f 3302//3274 1013//991 3301//3273
f 3302//3274 3301//3273 3303//3275
f 3303//3275 3301//3273 1177//1155
f 3303//3275 1177//1155 3268//3240
f 3268//3240 1177//1155 1176//1154
f 1183//1161 1185//1163 3298//3270
f 3298//3270 1185//1163 1187//1165
f 3298//3270 1187//1165 3299//3271
f 3299//3271 1187//1165 1190//1168
f 3299//3271 1190//1168 3300//3272
f 3300//3272 1190//1168 1192//1170
f 3300//3272 1192//1170 3301//3273
f 3301//3273 1192//1170 1194//1172
f 3301//3273 1194//1172 1197//1175
f 829//807 832//810 3282//3254
f 3304//3276 817//795 822//800
f 1172//1150 1171//1149 3305//3277
f 3305//3277 1171//1149 3306//3278
f 822//800 824//802 3307//3279
f 1174//1152 1172//1150 3308//3280
f 3308//3280 1172//1150 3305//3277
f 3308//3280 3305//3277 3309//3281
f 3309//3281 3305//3277 3306//3278
f 3309//3281 3306//3278 3310//3282
f 3307//3279 3311//3283 3312//3284
f 3304//3276 822//800 3313//3285
f 3313//3285 822//800 3307//3279
f 3313//3285 3307//3279 3314//3286
f 3314//3286 3307//3279 3312//3284
f 3314//3286 3312//3284 3315//3287
f 1173//1151 1174//1152 3315//3287
f 3315//3287 1174//1152 3308//3280
f 3315//3287 3308//3280 3314//3286
f 3314//3286 3308//3280 3309//3281
f 3314//3286 3309//3281 3313//3285
f 3313//3285 3309//3281 3310//3282
f 3313//3285 3310//3282 3304//3276
f 1137//1115 1173//1151 3284//3256
f 3284//3256 1173//1151 3315//3287
f 3284//3256 3315//3287 3291//3263
f 3291//3263 3315//3287 3312//3284
f 3291//3263 3312//3284 3282//3254
f 3282//3254 3312//3284 3311//3283
f 3282//3254 3311//3283 829//807
f 829//807 3311//3283 3307//3279
f 829//807 3307//3279 827//805
f 827//805 3307//3279 824//802
f 3296//3268 3295//3267 3316//3288
f 816//794 817//795 3304//3276
f 1154//1132 3317//3289 3318//3290
f 1153//1131 1152//1130 3293//3265
f 1154//1132 3318//3290 1156//1134
f 1156//1134 3318//3290 3319//3291
f 1156//1134 3319//3291 1159//1137
f 1168//1146 1167//1145 3320//3292
f 3320//3292 1167//1145 1165//1143
f 3320//3292 1165//1143 3321//3293
f 3321//3293 1165//1143 1163//1141
f 3321//3293 1163//1141 3319//3291
f 3319//3291 1163//1141 1161//1139
f 3319//3291 1161//1139 1159//1137
f 816//794 3304//3276 814//792
f 3322//3294 2944//2916 3323//3295
f 3323//3295 2944//2916 2975//2947
f 3323//3295 2975//2947 2974//2946
f 1000//978 2941//2913 3324//3296
f 3324//3296 2941//2913 2942//2914
f 3324//3296 2942//2914 3322//3294
f 3322//3294 2942//2914 2943//2915
f 3322//3294 2943//2915 2944//2916
f 1000//978 3324//3296 998//976
f 998//976 3324//3296 3325//3297
f 998//976 3325//3297 995//973
f 995//973 3325//3297 3316//3288
f 995//973 3316//3288 993//971
f 993//971 3316//3288 3295//3267
f 993//971 3295//3267 991//969
f 1171//1149 1168//1146 3306//3278
f 3306//3278 1168//1146 3320//3292
f 3306//3278 3320//3292 3310//3282
f 3304//3276 3310//3282 3326//3298
f 3326//3298 3310//3282 3320//3292
f 3326//3298 3320//3292 3327//3299
f 3327//3299 3320//3292 3321//3293
f 3327//3299 3321//3293 3328//3300
f 3328//3300 3321//3293 3319//3291
f 3328//3300 3319//3291 3329//3301
f 3329//3301 3319//3291 3318//3290
f 3329//3301 3318//3290 3330//3302
f 3330//3302 3318//3290 3317//3289
f 3330//3302 3317//3289 3293//3265
f 3293//3265 3317//3289 1154//1132
f 3293//3265 1154//1132 1153//1131
f 3293//3265 3296//3268 3330//3302
f 3330//3302 3296//3268 3316//3288
f 3330//3302 3316//3288 3329//3301
f 3329//3301 3316//3288 3325//3297
f 3329//3301 3325//3297 3328//3300
f 3328//3300 3325//3297 3324//3296
f 3328//3300 3324//3296 3327//3299
f 3327//3299 3324//3296 3322//3294
f 3327//3299 3322//3294 3326//3298
f 3326//3298 3322//3294 3323//3295
f 3326//3298 3323//3295 3304//3276
f 3304//3276 3323//3295 2974//2946
f 3304//3276 2974//2946 814//792
f 2621//2593 2544//2516 2543//2515
f 2621//2593 2543//2515 3331//3303
f 3331//3303 2543//2515 2545//2517
f 3331//3303 2545//2517 3332//3304
f 3332//3304 2545//2517 2546//2518
f 3332//3304 2546//2518 3333//3305
f 2542//2514 2622//2594 2546//2518
f 2546//2518 2622//2594 3334//3306
f 2546//2518 3334//3306 3333//3305
f 2566//2538 2565//2537 2635//2607
f 2642//2614 2562//2534 3335//3307
f 3335//3307 2562//2534 2561//2533
f 3336//3308 3337//3309 2560//2532
f 2560//2532 3337//3309 3338//3310
f 2560//2532 3338//3310 2561//2533
f 2561//2533 3338//3310 3339//3311
f 2561//2533 3339//3311 3335//3307
f 2560//2532 2568//2540 3336//3308
f 3336//3308 2568//2540 2567//2539
f 3336//3308 2567//2539 3340//3312
f 3340//3312 2567//2539 2566//2538
f 3340//3312 2566//2538 3341//3313
f 3341//3313 2566//2538 2635//2607
f 3342//3314 779//757 781//759
f 3343//3315 3344//3316 3345//3317
f 3346//3318 3347//3319 3345//3317
f 3345//3317 3347//3319 3348//3320
f 3345//3317 3348//3320 3343//3315
f 2633//2605 3349//3321 2632//2604
f 2632//2604 3349//3321 3350//3322
f 2632//2604 3350//3322 2631//2603
f 2631//2603 3350//3322 3351//3323
f 2631//2603 3351//3323 2630//2602
f 2630//2602 3351//3323 3352//3324
f 3347//3319 591//574 3348//3320
f 3348//3320 591//574 590//573
f 3348//3320 590//573 3343//3315
f 3343//3315 590//573 592//575
f 3343//3315 592//575 593//576
f 778//756 779//757 2634//2606
f 2634//2606 779//757 3342//3314
f 2634//2606 3342//3314 3353//3325
f 3353//3325 3342//3314 781//759
f 3353//3325 781//759 3346//3318
f 3346//3318 781//759 777//755
f 3346//3318 777//755 3347//3319
f 3347//3319 777//755 581//564
f 3347//3319 581//564 591//574
f 3343//3315 3352//3324 3344//3316
f 3344//3316 3352//3324 3351//3323
f 3344//3316 3351//3323 3345//3317
f 3345//3317 3351//3323 3350//3322
f 3345//3317 3350//3322 3346//3318
f 3346//3318 3350//3322 3349//3321
f 3346//3318 3349//3321 3353//3325
f 3353//3325 3349//3321 2633//2605
f 3353//3325 2633//2605 2634//2606
f 2635//2607 2630//2602 3354//3326
f 3354//3326 2630//2602 3352//3324
f 3354//3326 3352//3324 3355//3327
f 3355//3327 3352//3324 3343//3315
f 3355//3327 3343//3315 594//577
f 594//577 3343//3315 593//576
f 3336//3308 3340//3312 3356//3328
f 3357//3329 609//592 608//591
f 3341//3313 2635//2607 3354//3326
f 3354//3326 3355//3327 3358//3330
f 3359//3331 3360//3332 3356//3328
f 3341//3313 3354//3326 3340//3312
f 3335//3307 3339//3311 3361//3333
f 3361//3333 3339//3311 3362//3334
f 609//592 3357//3329 613//596
f 3359//3331 3363//3335 3357//3329
f 3357//3329 3363//3335 599//582
f 3357//3329 599//582 613//596
f 3358//3330 3355//3327 3364//3336
f 3364//3336 3355//3327 594//577
f 3364//3336 594//577 598//581
f 2642//2614 3335//3307 3365//3337
f 3365//3337 3335//3307 3361//3333
f 3365//3337 3361//3333 3366//3338
f 3366//3338 3361//3333 3362//3334
f 3366//3338 3362//3334 3367//3339
f 3367//3339 3362//3334 3368//3340
f 3367//3339 3368//3340 3369//3341
f 3369//3341 3368//3340 3370//3342
f 3336//3308 3356//3328 3337//3309
f 3337//3309 3356//3328 3360//3332
f 3337//3309 3360//3332 3338//3310
f 608//591 3370//3342 3357//3329
f 3357//3329 3370//3342 3368//3340
f 3357//3329 3368//3340 3359//3331
f 3359//3331 3368//3340 3362//3334
f 3359//3331 3362//3334 3360//3332
f 3360//3332 3362//3334 3339//3311
f 3360//3332 3339//3311 3338//3310
f 3340//3312 3354//3326 3356//3328
f 3356//3328 3354//3326 3358//3330
f 3356//3328 3358//3330 3359//3331
f 3359//3331 3358//3330 3364//3336
f 3359//3331 3364//3336 3363//3335
f 3363//3335 3364//3336 598//581
f 3363//3335 598//581 599//582
f 2639//2611 2640//2612 3371//3343
f 605//588 607//590 3372//3344
f 2640//2612 2641//2613 3373//3345
f 3366//3338 3373//3345 3365//3337
f 3365//3337 3373//3345 2641//2613
f 3365//3337 2641//2613 2642//2614
f 2638//2610 2639//2611 3374//3346
f 3374//3346 2639//2611 3371//3343
f 3374//3346 3371//3343 3375//3347
f 2636//2608 2637//2609 3376//3348
f 2636//2608 3376//3348 3377//3349
f 3377//3349 3376//3348 3378//3350
f 3377//3349 3378//3350 3372//3344
f 3370//3342 608//591 604//587
f 2640//2612 3373//3345 3371//3343
f 3371//3343 3373//3345 3379//3351
f 3371//3343 3379//3351 3375//3347
f 3375//3347 3379//3351 3380//3352
f 3375//3347 3380//3352 3381//3353
f 3381//3353 3380//3352 603//586
f 3381//3353 603//586 605//588
f 3366//3338 3367//3339 3373//3345
f 3373//3345 3367//3339 3369//3341
f 3373//3345 3369//3341 3379//3351
f 3379//3351 3369//3341 3370//3342
f 3379//3351 3370//3342 3380//3352
f 3380//3352 3370//3342 604//587
f 3380//3352 604//587 603//586
f 605//588 3372//3344 3381//3353
f 3381//3353 3372//3344 3378//3350
f 3381//3353 3378//3350 3375//3347
f 3375//3347 3378//3350 3376//3348
f 3375//3347 3376//3348 3374//3346
f 3374//3346 3376//3348 2637//2609
f 3374//3346 2637//2609 2638//2610
f 2624//2596 2636//2608 3382//3354
f 3382//3354 2636//2608 3377//3349
f 3382//3354 3377//3349 3383//3355
f 3383//3355 3377//3349 3372//3344
f 3383//3355 3372//3344 3384//3356
f 3384//3356 3372//3344 607//590
f 3384//3356 607//590 610//593
f 2625//2597 2624//2596 3382//3354
f 2625//2597 3382//3354 2626//2598
f 3385//3357 3386//3358 3387//3359
f 2622//2594 2623//2595 3388//3360
f 3388//3360 2623//2595 3389//3361
f 3388//3360 3389//3361 3390//3362
f 3390//3362 3389//3361 3391//3363
f 3390//3362 3391//3363 3392//3364
f 3392//3364 3391//3363 3393//3365
f 3392//3364 3393//3365 3394//3366
f 2626//2598 3387//3359 2627//2599
f 2627//2599 3387//3359 3386//3358
f 2627//2599 3386//3358 2628//2600
f 2628//2600 3386//3358 2629//2601
f 3382//3354 3383//3355 3395//3367
f 3395//3367 3383//3355 3384//3356
f 3395//3367 3384//3356 3396//3368
f 3396//3368 3384//3356 610//593
f 3396//3368 610//593 611//594
f 612//595 3397//3369 600//583
f 600//583 3397//3369 3398//3370
f 600//583 3398//3370 601//584
f 2626//2598 3382//3354 3387//3359
f 3387//3359 3382//3354 3395//3367
f 3387//3359 3395//3367 3385//3357
f 3385//3357 3395//3367 3396//3368
f 3385//3357 3396//3368 3398//3370
f 3398//3370 3396//3368 611//594
f 3398//3370 611//594 601//584
f 3397//3369 3394//3366 3398//3370
f 3398//3370 3394//3366 3393//3365
f 3398//3370 3393//3365 3385//3357
f 3385//3357 3393//3365 3391//3363
f 3385//3357 3391//3363 3386//3358
f 3386//3358 3391//3363 3389//3361
f 3386//3358 3389//3361 2629//2601
f 2629//2601 3389//3361 2623//2595
f 3388//3360 3390//3362 3399//3371
f 2622//2594 3388//3360 3334//3306
f 3334//3306 3388//3360 3399//3371
f 3334//3306 3399//3371 3333//3305
f 596//579 3400//3372 3401//3373
f 3401//3373 3400//3372 3402//3374
f 3390//3362 3392//3364 3399//3371
f 3399//3371 3392//3364 3394//3366
f 3399//3371 3394//3366 3403//3375
f 3403//3375 3394//3366 3397//3369
f 3403//3375 3397//3369 3404//3376
f 3404//3376 3397//3369 612//595
f 3404//3376 612//595 597//580
f 2621//2593 3331//3303 3405//3377
f 3332//3304 3333//3305 3406//3378
f 3406//3378 3333//3305 3407//3379
f 3406//3378 3407//3379 3402//3374
f 596//579 595//578 3400//3372
f 3400//3372 595//578 3408//3380
f 3400//3372 3408//3380 3402//3374
f 3402//3374 3408//3380 3405//3377
f 3402//3374 3405//3377 3406//3378
f 3406//3378 3405//3377 3331//3303
f 3406//3378 3331//3303 3332//3304
f 2621//2593 3405//3377 3409//3381
f 3409//3381 3405//3377 3408//3380
f 3409//3381 3408//3380 3410//3382
f 3410//3382 3408//3380 595//578
f 3410//3382 595//578 589//572
f 3333//3305 3399//3371 3407//3379
f 3407//3379 3399//3371 3403//3375
f 3407//3379 3403//3375 3402//3374
f 3402//3374 3403//3375 3404//3376
f 3402//3374 3404//3376 3401//3373
f 3401//3373 3404//3376 597//580
f 3401//3373 597//580 596//579
f 2617//2589 2621//2593 3411//3383
f 3411//3383 2621//2593 3409//3381
f 3411//3383 3409//3381 3412//3384
f 3412//3384 3409//3381 3410//3382
f 3412//3384 3410//3382 588//571
f 588//571 3410//3382 589//572
f 2618//2590 2617//2589 3411//3383
f 2616//2588 2615//2587 3413//3385
f 3413//3385 2615//2587 2620//2592
f 2618//2590 3411//3383 2619//2591
f 3414//3386 3415//3387 3416//3388
f 3416//3388 3415//3387 3417//3389
f 3416//3388 3417//3389 3418//3390
f 3419//3391 2614//2586 2616//2588
f 649//632 2614//2586 650//633
f 650//633 2614//2586 3419//3391
f 650//633 3419//3391 651//634
f 2616//2588 3413//3385 3419//3391
f 3419//3391 3413//3385 3420//3392
f 3419//3391 3420//3392 651//634
f 651//634 3420//3392 3421//3393
f 651//634 3421//3393 652//635
f 652//635 3421//3393 3422//3394
f 652//635 3422//3394 654//637
f 3412//3384 588//571 582//565
f 582//565 587//570 3418//3390
f 3418//3390 587//570 586//569
f 584//567 654//637 585//568
f 585//568 654//637 3422//3394
f 585//568 3422//3394 586//569
f 582//565 3418//3390 3412//3384
f 3412//3384 3418//3390 3417//3389
f 3412//3384 3417//3389 3411//3383
f 3411//3383 3417//3389 3415//3387
f 3411//3383 3415//3387 2619//2591
f 586//569 3422//3394 3418//3390
f 3418//3390 3422//3394 3421//3393
f 3418//3390 3421//3393 3416//3388
f 3416//3388 3421//3393 3420//3392
f 3416//3388 3420//3392 3414//3386
f 3414//3386 3420//3392 3413//3385
f 3414//3386 3413//3385 3415//3387
f 3415//3387 3413//3385 2620//2592
f 3415//3387 2620//2592 2619//2591
f 663//646 662//645 2272//2245
f 2272//2245 662//645 2271//2244
f 2428//2401 801//779 2429//2402
f 2429//2402 801//779 800//778
f 3423//3395 726//709 719//702
f 719//702 718//701 769//747
f 545//528 709//692 546//529
f 546//529 709//692 563//546
f 546//529 563//546 719//702
f 719//702 563//546 562//545
f 719//702 562//545 3423//3395
f 769//747 799//777 719//702
f 719//702 799//777 811//789
f 719//702 811//789 546//529
f 546//529 811//789 812//790
f 546//529 812//790 803//781
f 803//781 798//776 546//529
f 546//529 798//776 797//775
f 546//529 797//775 796//774
f 796//774 784//762 546//529
f 546//529 784//762 786//764
f 546//529 786//764 787//765
f 787//765 615//598 546//529
f 546//529 615//598 614//597
f 546//529 614//597 620//603
f 774//752 765//743 766//744
f 3424//3396 3425//3397 3426//3398
f 766//744 3427//3399 3424//3396
f 3424//3396 3426//3398 766//744
f 766//744 3426//3398 780//758
f 766//744 780//758 774//752
f 579//562 776//754 3426//3398
f 776//754 783//761 3426//3398
f 3426//3398 783//761 782//760
f 3426//3398 782//760 780//758
f 3426//3398 3428//3400 3429//3401
f 3426//3398 3429//3401 579//562
f 579//562 3429//3401 3430//3401
f 579//562 3430//3401 580//563
f 279//266 743//721 280//267
f 280//267 743//721 686//669
f 704//687 3431//3402 694//677
f 694//677 3431//3402 692//675
f 702//685 701//684 3432//3403
f 702//685 3432//3403 706//689
f 3433//3404 3434//3405 704//687
f 704//687 3434//3405 3435//3406
f 704//687 3435//3406 3431//3402
f 706//689 3432//3403 704//687
f 704//687 3432//3403 3436//3407
f 704//687 3436//3407 3433//3404
f 724//707 723//706 3437//3408
f 3438//3409 3427//3399 3439//3410
f 3439//3410 3427//3399 766//744
f 3439//3410 766//744 3440//3411
f 756//734 758//736 3441//3412
f 758//736 760//738 3441//3412
f 3441//3412 760//738 762//740
f 3441//3412 762//740 747//725
f 1857//1835 1855//1833 562//545
f 3442//3413 3443//3414 3438//3409
f 3438//3409 3443//3414 3444//3415
f 3438//3409 3444//3415 3427//3399
f 3440//3411 766//744 3441//3412
f 3441//3412 766//744 754//732
f 3441//3412 754//732 756//734
f 286//273 747//725 749//727
f 3445//3416 3446//3417 724//707
f 724//707 3446//3417 3447//3418
f 528//511 1826//1804 1824//1802
f 1855//1833 1852//1830 562//545
f 562//545 1852//1830 1840//1818
f 562//545 1840//1818 1848//1826
f 3448//3419 3449//3420 3450//3421
f 3450//3421 3449//3420 3451//3422
f 3450//3421 3451//3422 3441//3412
f 3441//3412 3451//3422 3452//3423
f 3441//3412 3452//3423 3440//3411
f 1832//1810 1869//1847 528//511
f 528//511 1869//1847 1827//1805
f 528//511 1827//1805 1826//1804
f 743//721 279//266 746//724
f 746//724 279//266 286//273
f 746//724 286//273 751//729
f 751//729 286//273 749//727
f 3447//3418 3453//3424 724//707
f 724//707 3453//3424 3441//3412
f 724//707 3441//3412 3454//3425
f 3454//3425 3441//3412 747//725
f 3454//3425 747//725 288//275
f 288//275 747//725 286//273
f 3450//3421 3455//3426 527//510
f 527//510 3455//3426 3456//3427
f 527//510 3456//3427 3457//3428
f 1863//1841 1861//1839 562//545
f 562//545 1861//1839 1858//1836
f 562//545 1858//1836 1857//1835
f 529//512 3458//3429 527//510
f 527//510 3458//3429 3459//3430
f 527//510 3459//3430 3450//3421
f 3450//3421 3459//3430 3460//3431
f 3450//3421 3460//3431 3448//3419
f 3442//3413 3438//3409 3461//3432
f 3461//3432 3438//3409 3462//3433
f 3461//3432 3462//3433 3463//3434
f 1819//1797 1817//1795 1820//1798
f 1820//1798 1817//1795 528//511
f 1820//1798 528//511 1822//1800
f 1822//1800 528//511 1824//1802
f 273//260 1832//1810 272//259
f 272//259 1832//1810 270//257
f 559//542 1866//1844 562//545
f 562//545 1866//1844 1865//1843
f 562//545 1865//1843 1863//1841
f 1845//1823 1847//1825 562//545
f 562//545 1847//1825 1867//1845
f 562//545 1867//1845 1832//1810
f 3457//3428 3464//3435 527//510
f 527//510 3464//3435 262//249
f 527//510 262//249 528//511
f 528//511 262//249 264//251
f 264//251 266//253 528//511
f 528//511 266//253 267//254
f 528//511 267//254 1832//1810
f 1832//1810 267//254 269//256
f 1832//1810 269//256 270//257
f 1848//1826 1841//1819 562//545
f 562//545 1841//1819 1843//1821
f 562//545 1843//1821 1845//1823
f 273//260 260//247 1832//1810
f 1832//1810 260//247 259//246
f 1832//1810 259//246 562//545
f 562//545 259//246 274//261
f 562//545 274//261 276//263
f 3423//3395 562//545 3465//3436
f 3465//3436 562//545 276//263
f 3465//3436 276//263 3437//3408
f 3437//3408 276//263 278//265
f 3437//3408 278//265 724//707
f 724//707 278//265 3466//3437
f 724//707 3466//3437 3445//3416
f 547//530 546//529 638//621
f 638//621 546//529 555//538
f 680//663 681//664 556//539
f 2211//2187 3467//3438 639//622
f 639//622 3467//3438 556//539
f 681//664 672//655 556//539
f 556//539 672//655 671//654
f 556//539 671//654 670//653
f 670//653 675//658 556//539
f 556//539 675//658 674//657
f 556//539 674//657 639//622
f 639//622 674//657 626//609
f 639//622 626//609 627//610
f 620//603 619//602 546//529
f 546//529 619//602 618//601
f 546//529 618//601 555//538
f 555//538 618//601 683//666
f 555//538 683//666 556//539
f 556//539 683//666 678//661
f 556//539 678//661 680//663
f 3468//3439 3469//3440 2348//2321
f 653//636 655//638 2348//2321
f 3429//3401 3428//3400 3470//3441
f 3429//3401 3470//3441 3430//3401
f 645//628 644//627 2348//2321
f 2348//2321 644//627 642//625
f 2348//2321 642//625 653//636
f 3471//3442 3468//3439 3472//3443
f 3472//3443 3468//3439 2348//2321
f 3472//3443 2348//2321 3470//3441
f 3470//3441 2348//2321 655//638
f 3470//3441 655//638 3430//3401
f 3430//3401 655//638 583//566
f 3430//3401 583//566 580//563
f 2350//2323 2348//2321 3469//3440
f 3473//3444 2208//2186 150//137
f 153//140 3474//3445 3469//3440
f 3475//3446 3476//3447 3477//3448
f 2342//2315 2343//2316 3469//3440
f 3473//3444 150//137 3469//3440
f 3469//3440 150//137 152//139
f 3469//3440 152//139 153//140
f 317//300 556//539 316//299
f 316//299 556//539 314//297
f 3478//3449 538//521 3479//3450
f 3479//3450 538//521 503//486
f 3479//3450 503//486 3480//3451
f 3480//3451 503//486 3481//3452
f 78//65 556//539 3476//3447
f 3476//3447 556//539 3467//3438
f 3476//3447 3467//3438 3477//3448
f 1726//1704 1728//1706 502//485
f 1728//1706 1723//1701 502//485
f 502//485 1723//1701 1722//1700
f 502//485 1722//1700 1736//1714
f 3477//3448 3473//3444 3475//3446
f 3475//3446 3473//3444 3469//3440
f 3475//3446 3469//3440 3482//3453
f 3482//3453 3469//3440 3483//3454
f 3482//3453 3483//3454 3484//3455
f 3484//3455 3483//3454 3485//3456
f 3474//3445 2200//2178 2199//2177
f 2199//2177 2202//2180 3474//3445
f 3474//3445 2202//2180 2340//2313
f 3474//3445 2340//2313 3469//3440
f 3469//3440 2340//2313 2341//2314
f 3469//3440 2341//2314 2342//2315
f 2343//2316 2344//2317 3469//3440
f 3469//3440 2344//2317 2345//2318
f 3469//3440 2345//2318 2346//2319
f 317//300 319//302 556//539
f 556//539 319//302 320//303
f 556//539 320//303 557//540
f 557//540 320//303 322//305
f 557//540 322//305 1731//1709
f 1731//1709 322//305 3486//3457
f 1746//1724 1755//1733 3487//3458
f 3487//3458 1755//1733 3488//3459
f 3489//3460 1738//1716 3490//3461
f 3490//3461 1738//1716 1742//1720
f 3490//3461 1742//1720 3491//3462
f 3491//3462 1742//1720 1743//1721
f 3491//3462 1743//1721 1744//1722
f 2346//2319 2347//2320 3469//3440
f 3469//3440 2347//2320 2349//2322
f 3469//3440 2349//2322 2350//2323
f 1755//1733 1753//1731 3488//3459
f 3488//3459 1753//1731 1759//1737
f 3488//3459 1759//1737 3486//3457
f 3486//3457 1759//1737 1735//1713
f 3486//3457 1735//1713 1731//1709
f 1744//1722 1745//1723 3491//3462
f 3491//3462 1745//1723 1749//1727
f 3491//3462 1749//1727 3487//3458
f 3487//3458 1749//1727 1747//1725
f 3487//3458 1747//1725 1746//1724
f 503//486 303//286 3481//3452
f 3481//3452 303//286 305//288
f 3481//3452 305//288 307//290
f 1717//1695 1719//1697 502//485
f 502//485 1719//1697 1718//1696
f 502//485 1718//1696 1726//1704
f 1736//1714 1737//1715 502//485
f 502//485 1737//1715 1741//1719
f 502//485 1741//1719 1740//1718
f 3485//3456 3492//3463 3484//3455
f 3484//3455 3492//3463 3493//3464
f 3484//3455 3493//3464 3494//3465
f 3495//3466 502//485 3496//3467
f 3496//3467 502//485 1740//1718
f 3496//3467 1740//1718 3489//3460
f 3489//3460 1740//1718 1739//1717
f 3489//3460 1739//1717 1738//1716
f 308//291 310//293 78//65
f 78//65 310//293 311//294
f 78//65 311//294 556//539
f 556//539 311//294 313//296
f 556//539 313//296 314//297
f 3495//3466 3497//3468 502//485
f 502//485 3497//3468 3498//3469
f 502//485 3498//3469 503//486
f 503//486 3498//3469 3499//3470
f 503//486 3499//3470 303//286
f 78//65 3500//3471 308//291
f 308//291 3500//3471 3501//3472
f 308//291 3501//3472 307//290
f 307//290 3501//3472 3502//3473
f 307//290 3502//3473 3481//3452
f 3503//3474 3504//3475 3452//3423
f 3505//3476 3506//3477 3507//3478
f 3507//3478 3506//3477 3508//3479
f 3507//3478 3508//3479 3509//3480
f 3509//3480 3508//3479 3510//3481
f 3509//3480 3510//3481 3511//3482
f 3511//3482 3510//3481 3512//3483
f 3513//3484 3514//3485 3505//3476
f 3505//3476 3514//3485 3515//3486
f 3505//3476 3515//3486 3506//3477
f 3516//3487 3517//3488 3518//3489
f 3519//3490 3520//3491 3521//3492
f 3519//3490 3521//3492 3522//3493
f 3503//3474 3523//3494 3504//3475
f 3504//3475 3523//3494 3524//3495
f 3504//3475 3524//3495 3525//3496
f 116//103 114//101 3526//3497
f 121//108 116//103 3527//3498
f 3518//3489 3528//3499 3516//3487
f 3516//3487 3528//3499 3513//3484
f 3516//3487 3513//3484 3529//3500
f 3529//3500 3513//3484 3505//3476
f 3529//3500 3505//3476 3530//3501
f 3530//3501 3505//3476 3507//3478
f 3530//3501 3507//3478 3531//3502
f 3531//3502 3507//3478 3509//3480
f 3531//3502 3509//3480 3532//3503
f 3532//3503 3509//3480 3511//3482
f 3532//3503 3511//3482 120//107
f 120//107 3511//3482 3512//3483
f 120//107 3512//3483 118//105
f 120//107 121//108 3532//3503
f 3532//3503 121//108 3527//3498
f 3532//3503 3527//3498 3531//3502
f 3531//3502 3527//3498 3533//3504
f 3531//3502 3533//3504 3530//3501
f 3530//3501 3533//3504 3534//3505
f 3530//3501 3534//3505 3529//3500
f 3529//3500 3534//3505 3535//3506
f 3529//3500 3535//3506 3516//3487
f 3516//3487 3535//3506 3522//3493
f 3516//3487 3522//3493 3517//3488
f 3517//3488 3522//3493 3521//3492
f 116//103 3526//3497 3527//3498
f 3527//3498 3526//3497 3536//3507
f 3527//3498 3536//3507 3533//3504
f 3533//3504 3536//3507 3537//3508
f 3533//3504 3537//3508 3534//3505
f 3534//3505 3537//3508 3538//3509
f 3534//3505 3538//3509 3535//3506
f 3535//3506 3538//3509 3539//3510
f 3535//3506 3539//3510 3522//3493
f 3522//3493 3539//3510 3525//3496
f 3522//3493 3525//3496 3519//3490
f 3519//3490 3525//3496 3524//3495
f 3519//3490 3524//3495 3520//3491
f 123//110 3540//3511 113//100
f 113//100 3540//3511 3541//3512
f 3542//3513 3476//3447 3475//3446
f 3543//3514 3470//3441 3544//3515
f 3440//3411 3545//3516 3439//3410
f 3439//3410 3545//3516 3546//3517
f 3439//3410 3546//3517 3547//3518
f 3547//3518 3548//3519 3439//3410
f 3439//3410 3548//3519 3549//3520
f 3439//3410 3549//3520 3550//3521
f 3550//3521 3549//3520 3551//3522
f 3550//3521 3551//3522 3552//3523
f 3553//3524 3554//3525 3475//3446
f 3475//3446 3554//3525 3555//3526
f 3475//3446 3555//3526 3542//3513
f 3553//3524 3475//3446 3544//3515
f 3544//3515 3475//3446 3556//3527
f 3544//3515 3556//3527 3543//3514
f 3552//3523 3551//3522 3426//3398
f 3426//3398 3551//3522 3541//3512
f 3426//3398 3541//3512 3428//3400
f 3428//3400 3541//3512 3540//3511
f 3428//3400 3540//3511 3470//3441
f 3470//3441 3540//3511 3557//3528
f 3470//3441 3557//3528 3544//3515
f 3475//3446 3482//3453 3556//3527
f 3556//3527 3482//3453 3484//3455
f 3556//3527 3484//3455 3543//3514
f 3558//3529 3468//3439 3471//3442
f 3558//3529 3471//3442 3485//3456
f 3485//3456 3471//3442 3492//3463
f 3492//3463 3471//3442 3472//3443
f 3492//3463 3472//3443 3493//3464
f 3472//3443 3470//3441 3493//3464
f 3493//3464 3470//3441 3543//3514
f 3493//3464 3543//3514 3494//3465
f 3494//3465 3543//3514 3484//3455
f 78//65 3476//3447 77//64
f 77//64 3476//3447 3542//3513
f 77//64 3542//3513 97//84
f 97//84 3542//3513 98//85
f 98//85 3542//3513 3555//3526
f 98//85 3555//3526 99//86
f 99//86 3555//3526 3554//3525
f 99//86 3554//3525 101//88
f 101//88 3554//3525 3553//3524
f 101//88 3553//3524 103//90
f 103//90 3553//3524 3544//3515
f 103//90 3544//3515 105//92
f 105//92 3544//3515 3557//3528
f 105//92 3557//3528 107//94
f 107//94 3557//3528 3540//3511
f 107//94 3540//3511 123//110
f 3469//3440 3468//3439 3483//3454
f 3483//3454 3468//3439 3558//3529
f 3483//3454 3558//3529 3485//3456
f 3552//3523 3462//3433 3550//3521
f 3550//3521 3462//3433 3438//3409
f 3550//3521 3438//3409 3439//3410
f 3463//3434 3425//3397 3461//3432
f 3462//3433 3552//3523 3463//3434
f 3463//3434 3552//3523 3426//3398
f 3463//3434 3426//3398 3425//3397
f 3425//3397 3424//3396 3559//3530
f 3559//3530 3443//3414 3425//3397
f 3425//3397 3443//3414 3442//3413
f 3425//3397 3442//3413 3461//3432
f 3551//3522 3526//3497 3541//3512
f 3541//3512 3526//3497 114//101
f 3541//3512 114//101 113//100
f 3440//3411 3452//3423 3545//3516
f 3545//3516 3452//3423 3504//3475
f 3545//3516 3504//3475 3546//3517
f 3546//3517 3504//3475 3525//3496
f 3546//3517 3525//3496 3547//3518
f 3547//3518 3525//3496 3539//3510
f 3547//3518 3539//3510 3548//3519
f 3548//3519 3539//3510 3538//3509
f 3548//3519 3538//3509 3549//3520
f 3549//3520 3538//3509 3537//3508
f 3549//3520 3537//3508 3551//3522
f 3551//3522 3537//3508 3536//3507
f 3551//3522 3536//3507 3526//3497
f 3424//3396 3427//3399 3559//3530
f 3559//3530 3427//3399 3444//3415
f 3559//3530 3444//3415 3443//3414
f 3560//3531 3561//3532 96//83
f 107//94 123//110 108//95
f 108//95 123//110 122//109
f 108//95 122//109 69//56
f 69//56 122//109 3560//3531
f 69//56 3560//3531 70//57
f 70//57 3560//3531 96//83
f 3502//3473 3501//3472 3562//3533
f 3502//3473 3562//3533 3481//3452
f 3562//3533 3563//3534 3481//3452
f 3481//3452 3563//3534 3564//3535
f 3481//3452 3564//3535 3480//3451
f 91//78 3565//3536 72//59
f 72//59 3565//3536 3566//3537
f 3567//3538 3568//3539 88//75
f 3565//3536 3569//3540 3566//3537
f 3566//3537 3569//3540 3570//3541
f 3566//3537 3570//3541 3567//3538
f 3567//3538 3570//3541 3571//3542
f 3567//3538 3571//3542 3568//3539
f 3568//3539 3571//3542 3572//3543
f 88//75 86//73 3567//3538
f 3567//3538 86//73 85//72
f 3567//3538 85//72 3566//3537
f 3566//3537 85//72 73//60
f 3566//3537 73//60 72//59
f 3573//3544 75//62 79//66
f 3573//3544 79//66 3572//3543
f 3574//3545 78//65 76//63
f 3571//3542 3575//3546 3572//3543
f 3572//3543 3575//3546 3574//3545
f 3572//3543 3574//3545 3573//3544
f 3573//3544 3574//3545 76//63
f 3573//3544 76//63 75//62
f 3500//3471 78//65 3574//3545
f 79//66 81//68 3572//3543
f 3572//3543 81//68 84//71
f 3572//3543 84//71 3568//3539
f 3568//3539 84//71 83//70
f 3568//3539 83//70 88//75
f 3569//3540 3576//3547 3570//3541
f 3570//3541 3576//3547 3564//3535
f 3570//3541 3564//3535 3571//3542
f 3571//3542 3564//3535 3563//3534
f 3571//3542 3563//3534 3575//3546
f 3575//3546 3563//3534 3562//3533
f 3575//3546 3562//3533 3574//3545
f 3574//3545 3562//3533 3501//3472
f 3574//3545 3501//3472 3500//3471
f 91//78 3577//3548 3565//3536
f 3565//3536 3577//3548 3578//3549
f 3565//3536 3578//3549 3569//3540
f 3569//3540 3578//3549 3579//3550
f 3569//3540 3579//3550 3576//3547
f 3576//3547 3579//3550 3580//3551
f 3576//3547 3580//3551 3564//3535
f 3564//3535 3580//3551 3581//3552
f 3564//3535 3581//3552 3480//3451
f 3480//3451 3581//3552 3479//3450
f 3582//3553 3478//3449 3479//3450
f 3582//3553 3583//3554 3584//3555
f 538//521 3478//3449 537//520
f 537//520 3478//3449 3582//3553
f 537//520 3582//3553 539//522
f 539//522 3582//3553 3584//3555
f 539//522 3584//3555 540//523
f 3583//3554 3585//3556 3584//3555
f 3584//3555 3585//3556 3586//3557
f 3584//3555 3586//3557 540//523
f 540//523 3586//3557 541//524
f 3577//3548 3587//3558 3588//3559
f 3581//3552 3580//3551 3589//3560
f 3589//3560 3580//3551 3579//3550
f 3589//3560 3579//3550 3588//3559
f 3588//3559 3579//3550 3578//3549
f 3588//3559 3578//3549 3577//3548
f 3479//3450 3581//3552 3582//3553
f 3582//3553 3581//3552 3589//3560
f 3582//3553 3589//3560 3583//3554
f 3583//3554 3589//3560 3588//3559
f 3583//3554 3588//3559 3585//3556
f 3585//3556 3588//3559 3587//3558
f 3585//3556 3587//3558 3586//3557
f 3586//3557 3587//3558 536//519
f 3586//3557 536//519 541//524
f 3590//3561 3591//3562 3592//3563
f 3593//3564 3594//3565 496//479
f 496//479 3594//3565 3595//3566
f 496//479 3595//3566 498//481
f 3591//3562 3593//3564 3592//3563
f 3592//3563 3593//3564 3596//3567
f 3592//3563 3596//3567 3597//3568
f 492//475 3598//3569 493//476
f 493//476 3598//3569 3599//3570
f 493//476 3599//3570 494//477
f 494//477 3599//3570 496//479
f 3590//3561 3592//3563 3600//3571
f 3600//3571 3592//3563 3597//3568
f 3600//3571 3597//3568 3601//3572
f 3601//3572 3597//3568 3602//3573
f 3601//3572 3602//3573 3603//3574
f 3604//3575 3598//3569 3605//3576
f 3605//3576 3598//3569 492//475
f 3605//3576 492//475 491//474
f 3593//3564 496//479 3596//3567
f 3596//3567 496//479 3599//3570
f 3596//3567 3599//3570 3597//3568
f 3597//3568 3599//3570 3598//3569
f 3597//3568 3598//3569 3602//3573
f 3602//3573 3598//3569 3604//3575
f 3602//3573 3604//3575 3603//3574
f 3590//3561 3606//3577 3591//3562
f 631//614 3607//3578 488//471
f 3608//3579 3607//3578 67//54
f 67//54 3607//3578 631//614
f 67//54 631//614 65//52
f 65//52 631//614 63//50
f 3609//3580 3601//3572 3603//3574
f 488//471 3604//3575 489//472
f 489//472 3604//3575 3605//3576
f 489//472 3605//3576 491//474
f 3610//3581 3606//3577 3611//3582
f 3611//3582 3606//3577 3590//3561
f 3611//3582 3590//3561 3609//3580
f 3609//3580 3590//3561 3600//3571
f 3609//3580 3600//3571 3601//3572
f 3608//3579 3610//3581 3607//3578
f 3607//3578 3610//3581 3611//3582
f 3607//3578 3611//3582 488//471
f 488//471 3611//3582 3609//3580
f 488//471 3609//3580 3604//3575
f 3604//3575 3609//3580 3603//3574
f 3432//3403 701//684 3612//3583
f 3612//3583 701//684 3613//3584
f 3612//3583 3613//3584 3614//3585
f 3614//3585 3613//3584 3615//3586
f 3614//3585 3615//3586 3616//3587
f 701//684 700//683 1710//1688
f 1710//1688 700//683 699//682
f 3515//3486 3617//3588 3506//3477
f 3506//3477 3617//3588 3508//3479
f 3618//3589 96//83 3561//3532
f 3618//3589 3561//3532 3619//3590
f 3619//3590 3561//3532 119//106
f 3619//3590 119//106 118//105
f 1708//1686 632//615 3613//3584
f 634//617 500//483 3620//3591
f 3620//3591 500//483 498//481
f 94//81 95//82 3621//3589
f 3621//3589 95//82 96//83
f 3621//3589 96//83 3622//3590
f 3622//3590 96//83 3618//3589
f 3622//3590 3618//3589 3620//3591
f 3620//3591 3618//3589 3613//3584
f 3620//3591 3613//3584 634//617
f 634//617 3613//3584 632//615
f 3577//3548 91//78 90//77
f 699//682 713//696 1710//1688
f 1710//1688 713//696 1703//1681
f 1710//1688 1703//1681 1702//1680
f 3508//3479 3617//3588 3510//3481
f 3510//3481 3617//3588 3623//3592
f 3510//3481 3623//3592 3512//3483
f 118//105 3512//3483 3619//3590
f 3619//3590 3512//3483 3623//3592
f 3619//3590 3623//3592 3615//3586
f 3615//3586 3623//3592 3624//3593
f 3615//3586 3624//3593 3616//3587
f 498//481 3595//3566 3620//3591
f 3620//3591 3595//3566 3594//3565
f 3620//3591 3594//3565 3625//3594
f 3625//3594 3594//3565 3593//3564
f 3625//3594 3593//3564 3621//3589
f 3621//3589 3593//3564 3591//3562
f 3621//3589 3591//3562 94//81
f 94//81 3591//3562 3577//3548
f 94//81 3577//3548 89//76
f 89//76 3577//3548 90//77
f 701//684 1710//1688 3613//3584
f 3613//3584 1710//1688 1709//1687
f 3613//3584 1709//1687 1708//1686
f 3626//3595 3452//3423 3451//3422
f 3448//3419 3460//3431 3627//3596
f 3451//3422 3628//3597 3626//3595
f 3626//3595 3628//3597 3629//3598
f 3626//3595 3629//3598 3630//3599
f 3630//3599 3629//3598 3631//3600
f 3630//3599 3631//3600 3524//3495
f 3514//3485 3513//3484 3632//3601
f 3632//3601 3513//3484 3528//3499
f 3528//3499 3518//3489 3632//3601
f 3632//3601 3518//3489 3517//3488
f 3632//3601 3517//3488 3633//3602
f 3633//3602 3517//3488 3521//3492
f 3633//3602 3521//3492 3520//3491
f 3634//3603 3635//3604 3636//3605
f 3636//3605 3635//3604 3637//3606
f 3636//3605 3637//3606 3515//3486
f 3449//3420 3448//3419 3638//3607
f 3638//3607 3448//3419 3627//3596
f 3638//3607 3627//3596 3639//3608
f 3639//3608 3627//3596 3640//3609
f 3639//3608 3640//3609 3641//3610
f 3641//3610 3640//3609 3642//3611
f 3515//3486 3514//3485 3636//3605
f 3636//3605 3514//3485 3632//3601
f 3636//3605 3632//3601 3634//3603
f 3634//3603 3632//3601 3633//3602
f 3634//3603 3633//3602 3631//3600
f 3631//3600 3633//3602 3520//3491
f 3631//3600 3520//3491 3524//3495
f 3524//3495 3523//3494 3630//3599
f 3630//3599 3523//3494 3503//3474
f 3630//3599 3503//3474 3626//3595
f 3626//3595 3503//3474 3452//3423
f 3451//3422 3449//3420 3628//3597
f 3628//3597 3449//3420 3638//3607
f 3628//3597 3638//3607 3629//3598
f 3629//3598 3638//3607 3639//3608
f 3629//3598 3639//3608 3631//3600
f 3631//3600 3639//3608 3641//3610
f 3631//3600 3641//3610 3634//3603
f 3634//3603 3641//3610 3642//3611
f 3634//3603 3642//3611 3635//3604
f 3460//3431 3459//3430 3627//3596
f 3627//3596 3459//3430 3643//3612
f 3627//3596 3643//3612 3640//3609
f 3640//3609 3643//3612 3644//3613
f 3640//3609 3644//3613 3642//3611
f 3642//3611 3644//3613 3645//3614
f 3642//3611 3645//3614 3635//3604
f 3635//3604 3645//3614 3646//3615
f 3635//3604 3646//3615 3637//3606
f 3637//3606 3646//3615 3617//3588
f 3637//3606 3617//3588 3515//3486
f 3458//3429 529//512 3647//3616
f 3617//3588 3648//3617 3649//3618
f 3649//3618 3648//3617 531//514
f 3649//3618 531//514 530//513
f 529//512 532//515 3647//3616
f 3647//3616 532//515 533//516
f 3647//3616 533//516 3650//3619
f 3650//3619 533//516 535//518
f 3650//3619 535//518 3648//3617
f 3648//3617 535//518 534//517
f 3648//3617 534//517 531//514
f 3459//3430 3458//3429 3643//3612
f 3643//3612 3458//3429 3647//3616
f 3643//3612 3647//3616 3644//3613
f 3644//3613 3647//3616 3650//3619
f 3644//3613 3650//3619 3645//3614
f 3645//3614 3650//3619 3648//3617
f 3645//3614 3648//3617 3646//3615
f 3646//3615 3648//3617 3617//3588
f 3651//3620 3652//3621 3653//3622
f 3654//3623 3655//3624 3656//3625
f 3624//3593 3657//3626 3616//3587
f 3616//3587 3657//3626 3658//3627
f 3616//3587 3658//3627 3614//3585
f 3433//3404 3659//3628 3434//3405
f 3434//3405 3659//3628 3653//3622
f 3434//3405 3653//3622 3435//3406
f 3435//3406 3653//3622 3652//3621
f 3435//3406 3652//3621 3431//3402
f 3612//3583 3614//3585 3660//3629
f 3660//3629 3614//3585 3658//3627
f 3660//3629 3658//3627 3661//3630
f 3661//3630 3658//3627 3657//3626
f 3661//3630 3657//3626 3656//3625
f 3656//3625 3657//3626 3662//3631
f 3656//3625 3662//3631 3654//3623
f 3657//3626 3623//3592 3663//3632
f 3657//3626 3663//3632 3662//3631
f 3662//3631 3663//3632 3664//3633
f 3662//3631 3664//3633 3654//3623
f 3624//3593 3623//3592 3657//3626
f 3655//3624 3651//3620 3656//3625
f 3656//3625 3651//3620 3653//3622
f 3656//3625 3653//3622 3661//3630
f 3661//3630 3653//3622 3659//3628
f 3661//3630 3659//3628 3660//3629
f 3660//3629 3659//3628 3433//3404
f 3660//3629 3433//3404 3612//3583
f 3612//3583 3433//3404 3436//3407
f 3612//3583 3436//3407 3432//3403
f 3665//3634 3666//3635 3667//3636
f 3667//3636 693//676 692//675
f 3651//3620 3667//3636 3652//3621
f 3652//3621 3667//3636 692//675
f 3652//3621 692//675 3431//3402
f 3667//3636 3666//3635 693//676
f 693//676 3666//3635 3668//3637
f 693//676 3668//3637 695//678
f 695//678 3668//3637 3669//3638
f 695//678 3669//3638 696//679
f 696//679 3669//3638 3668//3637
f 696//679 3668//3637 690//673
f 3651//3620 3655//3624 3667//3636
f 3667//3636 3655//3624 3654//3623
f 3667//3636 3654//3623 3665//3634
f 3665//3634 3654//3623 3664//3633
f 3665//3634 3664//3633 3670//3639
f 3670//3639 3664//3633 3663//3632
f 3670//3639 3663//3632 3623//3592
f 519//502 690//673 518//501
f 518//501 690//673 3668//3637
f 518//501 3668//3637 517//500
f 517//500 3668//3637 3666//3635
f 517//500 3666//3635 530//513
f 530//513 3666//3635 3649//3618
f 3623//3592 3617//3588 3670//3639
f 3670//3639 3617//3588 3649//3618
f 3670//3639 3649//3618 3665//3634
f 3665//3634 3649//3618 3666//3635
f 1710//1688 1702//1680 1711//1689
f 1711//1689 1702//1680 1701//1679
f 1711//1689 1701//1679 1712//1690
f 1712//1690 1701//1679 1704//1682
f 1712//1690 1704//1682 1707//1685
f 1707//1685 1704//1682 1705//1683
f 1707//1685 1705//1683 1706//1684
f 3473//3444 2214//2189 2208//2186
f 2216//2190 2214//2189 3477//3448
f 3477//3448 2214//2189 3473//3444
f 3477//3448 3467//3438 2216//2190
f 2216//2190 3467//3438 2211//2187
f 723//706 736//715 3437//3408
f 736//715 737//716 3437//3408
f 3437//3408 737//716 3465//3436
f 737//716 726//709 3465//3436
f 3465//3436 726//709 3423//3395
f 1071//1049 1073//1051 3671//3640
f 3671//3640 1073//1051 3672//3641
f 3671//3640 3672//3641 3673//3642
f 3673//3642 3672//3641 3674//3643
f 3673//3642 3674//3643 3675//3644
f 3675//3644 3674//3643 3676//3645
f 3675//3644 3676//3645 2016//1994
f 2016//1994 3676//3645 481//464
f 479//462 481//464 3676//3645
f 1073//1051 1078//1056 3672//3641
f 3672//3641 1078//1056 3677//3646
f 3672//3641 3677//3646 3674//3643
f 3674//3643 3677//3646 3678//3647
f 3674//3643 3678//3647 3676//3645
f 3676//3645 3678//3647 3679//3648
f 3676//3645 3679//3648 479//462
f 479//462 3679//3648 482//465
f 2017//1995 2018//1996 3680//3649
f 2017//1995 3680//3649 2016//1994
f 1069//1047 1071//1049 3681//3650
f 3681//3650 1071//1049 3671//3640
f 3681//3650 3671//3640 3682//3651
f 3682//3651 3671//3640 3673//3642
f 3682//3651 3673//3642 3680//3649
f 3680//3649 3673//3642 3675//3644
f 3680//3649 3675//3644 2016//1994
f 1077//1055 1076//1054 3683//3652
f 1078//1056 1077//1055 3677//3646
f 3677//3646 1077//1055 3683//3652
f 3677//3646 3683//3652 3678//3647
f 3678//3647 3683//3652 3684//3653
f 3678//3647 3684//3653 3679//3648
f 3679//3648 3684//3653 3685//3654
f 3679//3648 3685//3654 482//465
f 482//465 3685//3654 2048//2026
f 2018//1996 486//469 3680//3649
f 3680//3649 486//469 3686//3655
f 3680//3649 3686//3655 3682//3651
f 3682//3651 3686//3655 3687//3656
f 3682//3651 3687//3656 3681//3650
f 3681//3650 3687//3656 3688//3657
f 3681//3650 3688//3657 1069//1047
f 1069//1047 3688//3657 1068//1046
f 1259//1237 1258//1236 3689//3658
f 2022//2000 2048//2026 3690//3659
f 3690//3659 2048//2026 3685//3654
f 3690//3659 3685//3654 3691//3660
f 3691//3660 3685//3654 3684//3653
f 3691//3660 3684//3653 3689//3658
f 3689//3658 3684//3653 3683//3652
f 3689//3658 3683//3652 1259//1237
f 1259//1237 3683//3652 1076//1054
f 483//466 485//468 3692//3661
f 1067//1045 1068//1046 3693//3662
f 3693//3662 1068//1046 3688//3657
f 3693//3662 3688//3657 3694//3663
f 3694//3663 3688//3657 3687//3656
f 3694//3663 3687//3656 3692//3661
f 3692//3661 3687//3656 3686//3655
f 3692//3661 3686//3655 483//466
f 483//466 3686//3655 486//469
f 1257//1235 1262//1240 3695//3664
f 2020//1998 2022//2000 3696//3665
f 3696//3665 2022//2000 3690//3659
f 3696//3665 3690//3659 3697//3666
f 3697//3666 3690//3659 3691//3660
f 3697//3666 3691//3660 3695//3664
f 3695//3664 3691//3660 3689//3658
f 3695//3664 3689//3658 1257//1235
f 1257//1235 3689//3658 1258//1236
f 2021//1999 2020//1998 3698//3667
f 3698//3667 2020//1998 3696//3665
f 3698//3667 3696//3665 3699//3668
f 3699//3668 3696//3665 3697//3666
f 3699//3668 3697//3666 3700//3669
f 3700//3669 3697//3666 3695//3664
f 3700//3669 3695//3664 1264//1242
f 1264//1242 3695//3664 1262//1240
f 1066//1044 1067//1045 3693//3662
f 3701//3670 1043//1021 1066//1044
f 1066//1044 3693//3662 3701//3670
f 3701//3670 3693//3662 3694//3663
f 3701//3670 3694//3663 3702//3671
f 3702//3671 3694//3663 3692//3661
f 3702//3671 3692//3661 3703//3672
f 3703//3672 3692//3661 485//468
f 3703//3672 485//468 2070//2048
f 3699//3668 3700//3669 3704//3673
f 1270//1248 3705//3674 1268//1246
f 1268//1246 3705//3674 3706//3675
f 1268//1246 3706//3675 1267//1245
f 1267//1245 3706//3675 3704//3673
f 1267//1245 3704//3673 1265//1243
f 1265//1243 3704//3673 3700//3669
f 1265//1243 3700//3669 1264//1242
f 1270//1248 1271//1249 3705//3674
f 3705//3674 1271//1249 1273//1251
f 3705//3674 1273//1251 3707//3676
f 3707//3676 1273//1251 1275//1253
f 3707//3676 1275//1253 3708//3677
f 3708//3677 1275//1253 1276//1254
f 3708//3677 1276//1254 3709//3678
f 3709//3678 1276//1254 3710//3679
f 2021//1999 3698//3667 3711//3680
f 3711//3680 3698//3667 3712//3681
f 3711//3680 3712//3681 3713//3682
f 3713//3682 3712//3681 3714//3683
f 3713//3682 3714//3683 3715//3684
f 3715//3684 3714//3683 3716//3685
f 3715//3684 3716//3685 3717//3686
f 3717//3686 3716//3685 3718//3687
f 3717//3686 3718//3687 3719//3688
f 3719//3688 3718//3687 3720//3689
f 3719//3688 3720//3689 3721//3690
f 3721//3690 3720//3689 3722//3691
f 3721//3690 3722//3691 3723//3692
f 3723//3692 3722//3691 3724//3693
f 3723//3692 3724//3693 3725//3694
f 3725//3694 3724//3693 3726//3695
f 1276//1254 1278//1256 3710//3679
f 3710//3679 1278//1256 1279//1257
f 3710//3679 1279//1257 1229//1207
f 1229//1207 3726//3695 3710//3679
f 3710//3679 3726//3695 3724//3693
f 3710//3679 3724//3693 3709//3678
f 3709//3678 3724//3693 3722//3691
f 3709//3678 3722//3691 3708//3677
f 3708//3677 3722//3691 3720//3689
f 3708//3677 3720//3689 3707//3676
f 3707//3676 3720//3689 3718//3687
f 3707//3676 3718//3687 3705//3674
f 3705//3674 3718//3687 3716//3685
f 3705//3674 3716//3685 3706//3675
f 3706//3675 3716//3685 3714//3683
f 3706//3675 3714//3683 3704//3673
f 3704//3673 3714//3683 3712//3681
f 3704//3673 3712//3681 3699//3668
f 3699//3668 3712//3681 3698//3667
f 2021//1999 3711//3680 2025//2003
f 2025//2003 3711//3680 3713//3682
f 2025//2003 3713//3682 2034//2012
f 2034//2012 3713//3682 3715//3684
f 2034//2012 3715//3684 2035//2013
f 2035//2013 3715//3684 3717//3686
f 2035//2013 3717//3686 2037//2015
f 2037//2015 3717//3686 3719//3688
f 2037//2015 3719//3688 2039//2017
f 2039//2017 3719//3688 3721//3690
f 2039//2017 3721//3690 2041//2019
f 2041//2019 3721//3690 3723//3692
f 2041//2019 3723//3692 2043//2021
f 2043//2021 3723//3692 3725//3694
f 2043//2021 3725//3694 2044//2022
f 1044//1022 1043//1021 3701//3670
f 1046//1024 1044//1022 3727//3696
f 3727//3696 1044//1022 3701//3670
f 3727//3696 3701//3670 3728//3697
f 3728//3697 3701//3670 3702//3671
f 3728//3697 3702//3671 3729//3698
f 3729//3698 3702//3671 3703//3672
f 3729//3698 3703//3672 1957//1935
f 1957//1935 3703//3672 2070//2048
f 3730//3699 3731//3700 3732//3701
f 3730//3699 3732//3701 3733//3702
f 3726//3695 1229//1207 1231//1209
f 1231//1209 3734//3703 3726//3695
f 3726//3695 3734//3703 3735//3704
f 3726//3695 3735//3704 3725//3694
f 2031//2009 3731//3700 2032//2010
f 2032//2010 3731//3700 3736//3705
f 2044//2022 3725//3694 2031//2009
f 2031//2009 3725//3694 3735//3704
f 2031//2009 3735//3704 3731//3700
f 3731//3700 3735//3704 3734//3703
f 3731//3700 3734//3703 3732//3701
f 3732//3701 3734//3703 1231//1209
f 3732//3701 1231//1209 3733//3702
f 3733//3702 1231//1209 1232//1210
f 1047//1025 1046//1024 3727//3696
f 1047//1025 3727//3696 1040//1018
f 3737//3706 3738//3707 3739//3708
f 3739//3708 3738//3707 3740//3709
f 3739//3708 3740//3709 3741//3710
f 3741//3710 3740//3709 3742//3711
f 3741//3710 3742//3711 1955//1933
f 1955//1933 3742//3711 1956//1934
f 1957//1935 1956//1934 3729//3698
f 3729//3698 1956//1934 3742//3711
f 3729//3698 3742//3711 3728//3697
f 3728//3697 3742//3711 3740//3709
f 3728//3697 3740//3709 3727//3696
f 3727//3696 3740//3709 3738//3707
f 3727//3696 3738//3707 1040//1018
f 1040//1018 3738//3707 3737//3706
f 1040//1018 3737//3706 1034//1012
f 2053//2031 2055//2033 3743//3712
f 2055//2033 2057//2035 3744//3713
f 3744//3713 2057//2035 2060//2038
f 3744//3713 2060//2038 2062//2040
f 3745//3714 2007//1985 2053//2031
f 2053//2031 3743//3712 3745//3714
f 3745//3714 3743//3712 3746//3715
f 3745//3714 3746//3715 3747//3716
f 3747//3716 3746//3715 3748//3717
f 3747//3716 3748//3717 3749//3718
f 3750//3719 1233//1211 1235//1213
f 1232//1210 1233//1211 3733//3702
f 3733//3702 1233//1211 3750//3719
f 3733//3702 3750//3719 3751//3720
f 2032//2010 3736//3705 3752//3721
f 3752//3721 3736//3705 3731//3700
f 3752//3721 3731//3700 3751//3720
f 3751//3720 3731//3700 3730//3699
f 3751//3720 3730//3699 3733//3702
f 2055//2033 3744//3713 3743//3712
f 3743//3712 3744//3713 3753//3722
f 3743//3712 3753//3722 3746//3715
f 3746//3715 3753//3722 3754//3723
f 3746//3715 3754//3723 3748//3717
f 1238//1216 3749//3718 1236//1214
f 1236//1214 3749//3718 3748//3717
f 1236//1214 3748//3717 1235//1213
f 1235//1213 3748//3717 3754//3723
f 1235//1213 3754//3723 3750//3719
f 3750//3719 3754//3723 3753//3722
f 3750//3719 3753//3722 3751//3720
f 3751//3720 3753//3722 3744//3713
f 3751//3720 3744//3713 3752//3721
f 3752//3721 3744//3713 2062//2040
f 3752//3721 2062//2040 2032//2010
f 3755//3724 3756//3725 3757//3726
f 3758//3727 1035//1013 1034//1012
f 3741//3710 1955//1933 1959//1937
f 3739//3708 3741//3710 3759//3728
f 3741//3710 1959//1937 3759//3728
f 3759//3728 1959//1937 1958//1936
f 3759//3728 1958//1936 3760//3729
f 3760//3729 1958//1936 1973//1951
f 3760//3729 1973//1951 3761//3730
f 3737//3706 3739//3708 3762//3731
f 3762//3731 3739//3708 3759//3728
f 3762//3731 3759//3728 3763//3732
f 3763//3732 3759//3728 3760//3729
f 3763//3732 3760//3729 3764//3733
f 3764//3733 3760//3729 3761//3730
f 3764//3733 3761//3730 3765//3734
f 1034//1012 3737//3706 3758//3727
f 3758//3727 3737//3706 3762//3731
f 3758//3727 3762//3731 3766//3735
f 3766//3735 3762//3731 3763//3732
f 3766//3735 3763//3732 3767//3736
f 3767//3736 3763//3732 3764//3733
f 3767//3736 3764//3733 3768//3737
f 3768//3737 3764//3733 3765//3734
f 3768//3737 3765//3734 3769//3738
f 3769//3738 1032//1010 3768//3737
f 3768//3737 1032//1010 1031//1009
f 3768//3737 1031//1009 3767//3736
f 3767//3736 1031//1009 1030//1008
f 3767//3736 1030//1008 3766//3735
f 3766//3735 1030//1008 1038//1016
f 3766//3735 1038//1016 3758//3727
f 3758//3727 1038//1016 1037//1015
f 3758//3727 1037//1015 1035//1013
f 3770//3739 3771//3740 3772//3741
f 3772//3741 3771//3740 3773//3742
f 3772//3741 3773//3742 3774//3743
f 3774//3743 3773//3742 3775//3744
f 3774//3743 3775//3744 1969//1947
f 1969//1947 3775//3744 1971//1949
f 1027//1005 1026//1004 3769//3738
f 3769//3738 1026//1004 1033//1011
f 3769//3738 1033//1011 1032//1010
f 3776//3745 1967//1945 1976//1954
f 3757//3726 3756//3725 3776//3745
f 3776//3745 1976//1954 3757//3726
f 3757//3726 1976//1954 1975//1953
f 3757//3726 1975//1953 3755//3724
f 1969//1947 1967//1945 3774//3743
f 3774//3743 1967//1945 3776//3745
f 3774//3743 3776//3745 3772//3741
f 3772//3741 3776//3745 3756//3725
f 3772//3741 3756//3725 3770//3739
f 3770//3739 3756//3725 3755//3724
f 3770//3739 3755//3724 3777//3746
f 1973//1951 1971//1949 3761//3730
f 3761//3730 1971//1949 3775//3744
f 3761//3730 3775//3744 3765//3734
f 3765//3734 3775//3744 3773//3742
f 3765//3734 3773//3742 3769//3738
f 3769//3738 3773//3742 3771//3740
f 3769//3738 3771//3740 1027//1005
f 1027//1005 3771//3740 3770//3739
f 1027//1005 3770//3739 1024//1002
f 1024//1002 3770//3739 3777//3746
f 1024//1002 3777//3746 1023//1001
f 1239//1217 1202//1180 3778//3747
f 2008//1986 2007//1985 3745//3714
f 1238//1216 1239//1217 3749//3718
f 3749//3718 1239//1217 3778//3747
f 3749//3718 3778//3747 3747//3716
f 3747//3716 3778//3747 3779//3748
f 3747//3716 3779//3748 3745//3714
f 3745//3714 3779//3748 3780//3749
f 3745//3714 3780//3749 2008//1986
f 2008//1986 3780//3749 2010//1988
f 1023//1001 3781//3750 1134//1112
f 1134//1112 3781//3750 3782//3751
f 1134//1112 3782//3751 1135//1113
f 1023//1001 3777//3746 3781//3750
f 3781//3750 3777//3746 3755//3724
f 3781//3750 3755//3724 3783//3752
f 3755//3724 1975//1953 3783//3752
f 3783//3752 1975//1953 1974//1952
f 3783//3752 1974//1952 390//373
f 390//373 3784//3753 3783//3752
f 3783//3752 3784//3753 3785//3754
f 3783//3752 3785//3754 3781//3750
f 3781//3750 3785//3754 3786//3755
f 3781//3750 3786//3755 3782//3751
f 3787//3756 3788//3757 3789//3758
f 1228//1206 1201//1179 3790//3759
f 2012//1990 2010//1988 3780//3749
f 2012//1990 3780//3749 2013//1991
f 2013//1991 3780//3749 3791//3760
f 2013//1991 3791//3760 2014//1992
f 3792//3761 3793//3762 3794//3763
f 3794//3763 3793//3762 2001//1979
f 1228//1206 3790//3759 1227//1205
f 1223//1201 1225//1203 3795//3764
f 3795//3764 1225//1203 1227//1205
f 3795//3764 1227//1205 3796//3765
f 3796//3765 1227//1205 3790//3759
f 1223//1201 3795//3764 1221//1199
f 1221//1199 3795//3764 3797//3766
f 1221//1199 3797//3766 1219//1197
f 1219//1197 3797//3766 3798//3767
f 1219//1197 3798//3767 1217//1195
f 1217//1195 3798//3767 3799//3768
f 1217//1195 3799//3768 1214//1192
f 1214//1192 3799//3768 3800//3769
f 1214//1192 3800//3769 1211//1189
f 1211//1189 3800//3769 3801//3770
f 1211//1189 3801//3770 1208//1186
f 1208//1186 3801//3770 1205//1183
f 1205//1183 3801//3770 3778//3747
f 1205//1183 3778//3747 1202//1180
f 2006//1984 2005//1983 3802//3771
f 3802//3771 2005//1983 2004//1982
f 3802//3771 2004//1982 3803//3772
f 3803//3772 2004//1982 2003//1981
f 3803//3772 2003//1981 3791//3760
f 3791//3760 2003//1981 2015//1993
f 3791//3760 2015//1993 2014//1992
f 3802//3771 3804//3773 2006//1984
f 2006//1984 3804//3773 3805//3774
f 2006//1984 3805//3774 1998//1976
f 1998//1976 3805//3774 3806//3775
f 1998//1976 3806//3775 1986//1964
f 1986//1964 3806//3775 3794//3763
f 1986//1964 3794//3763 2000//1978
f 2000//1978 3794//3763 2001//1979
f 3790//3759 3787//3756 3796//3765
f 3796//3765 3787//3756 3789//3758
f 3796//3765 3789//3758 3795//3764
f 3795//3764 3789//3758 3807//3776
f 3795//3764 3807//3776 3797//3766
f 3797//3766 3807//3776 3808//3777
f 3797//3766 3808//3777 3798//3767
f 3798//3767 3808//3777 3809//3778
f 3798//3767 3809//3778 3799//3768
f 3799//3768 3809//3778 3810//3779
f 3799//3768 3810//3779 3800//3769
f 3800//3769 3810//3779 3811//3780
f 3800//3769 3811//3780 3801//3770
f 3801//3770 3811//3780 3812//3781
f 3801//3770 3812//3781 3778//3747
f 3778//3747 3812//3781 3779//3748
f 3788//3757 3792//3761 3789//3758
f 3789//3758 3792//3761 3794//3763
f 3789//3758 3794//3763 3807//3776
f 3807//3776 3794//3763 3806//3775
f 3807//3776 3806//3775 3808//3777
f 3808//3777 3806//3775 3805//3774
f 3808//3777 3805//3774 3809//3778
f 3809//3778 3805//3774 3804//3773
f 3809//3778 3804//3773 3810//3779
f 3810//3779 3804//3773 3802//3771
f 3810//3779 3802//3771 3811//3780
f 3811//3780 3802//3771 3803//3772
f 3811//3780 3803//3772 3812//3781
f 3812//3781 3803//3772 3791//3760
f 3812//3781 3791//3760 3779//3748
f 3779//3748 3791//3760 3780//3749
f 3786//3755 3785//3754 3813//3782
f 1135//1113 3782//3751 3814//3783
f 324//307 3815//3784 394//377
f 394//377 3815//3784 3816//3785
f 394//377 3816//3785 387//370
f 387//370 3816//3785 3817//3786
f 387//370 3817//3786 388//371
f 388//371 3817//3786 3784//3753
f 388//371 3784//3753 390//373
f 3818//3787 3819//3788 3820//3789
f 1135//1113 3814//3783 1148//1126
f 1148//1126 3814//3783 3821//3790
f 1148//1126 3821//3790 1147//1125
f 1147//1125 3821//3790 3820//3789
f 1147//1125 3820//3789 1131//1109
f 1131//1109 3820//3789 3819//3788
f 1131//1109 3819//3788 1132//1110
f 3822//3791 3818//3787 3823//3792
f 3823//3792 3818//3787 3820//3789
f 3823//3792 3820//3789 3824//3793
f 3824//3793 3820//3789 3821//3790
f 3824//3793 3821//3790 3813//3782
f 3813//3782 3821//3790 3814//3783
f 3813//3782 3814//3783 3786//3755
f 3786//3755 3814//3783 3782//3751
f 324//307 3822//3791 3815//3784
f 3815//3784 3822//3791 3823//3792
f 3815//3784 3823//3792 3816//3785
f 3816//3785 3823//3792 3824//3793
f 3816//3785 3824//3793 3817//3786
f 3817//3786 3824//3793 3813//3782
f 3817//3786 3813//3782 3784//3753
f 3784//3753 3813//3782 3785//3754
f 1200//1178 1198//1176 3825//3794
f 1200//1178 3825//3794 1201//1179
f 1201//1179 3825//3794 3790//3759
f 3790//3759 3825//3794 3826//3795
f 3790//3759 3826//3795 3787//3756
f 3827//3796 3788//3757 3828//3797
f 3828//3797 3788//3757 3787//3756
f 3828//3797 3787//3756 3829//3798
f 3829//3798 3787//3756 3826//3795
f 2002//1980 2001//1979 3830//3799
f 3830//3799 2001//1979 3793//3762
f 3830//3799 3793//3762 3831//3800
f 3831//3800 3793//3762 3792//3761
f 1984//1962 2002//1980 3832//3801
f 3832//3801 2002//1980 3830//3799
f 3832//3801 3830//3799 3833//3802
f 3833//3802 3830//3799 3831//3800
f 3833//3802 3831//3800 3827//3796
f 3827//3796 3831//3800 3792//3761
f 3827//3796 3792//3761 3788//3757
f 323//306 329//312 3834//3803
f 1133//1111 1132//1110 3819//3788
f 1129//1107 1128//1106 3835//3804
f 3835//3804 1128//1106 1133//1111
f 1133//1111 3819//3788 3835//3804
f 3835//3804 3819//3788 3818//3787
f 3835//3804 3818//3787 3836//3805
f 3836//3805 3818//3787 3822//3791
f 3836//3805 3822//3791 3834//3803
f 3834//3803 3822//3791 324//307
f 3834//3803 324//307 323//306
f 3825//3794 1198//1176 3837//3806
f 3837//3806 1198//1176 1196//1174
f 3838//3807 3839//3808 3840//3809
f 3841//3810 3842//3811 3843//3812
f 1982//1960 1983//1961 3844//3813
f 3844//3813 1983//1961 3841//3810
f 3844//3813 3841//3810 3845//3814
f 3845//3814 3841//3810 3843//3812
f 3827//3796 3838//3807 3842//3811
f 3842//3811 3838//3807 3840//3809
f 3842//3811 3840//3809 3843//3812
f 3839//3808 3838//3807 3846//3815
f 3846//3815 3838//3807 3837//3806
f 3846//3815 3837//3806 3847//3816
f 3847//3816 3837//3806 1196//1174
f 3847//3816 1196//1174 1195//1173
f 3827//3796 3842//3811 3833//3802
f 3833//3802 3842//3811 3841//3810
f 3833//3802 3841//3810 3832//3801
f 3832//3801 3841//3810 1983//1961
f 3832//3801 1983//1961 1984//1962
f 3827//3796 3828//3797 3838//3807
f 3838//3807 3828//3797 3829//3798
f 3838//3807 3829//3798 3837//3806
f 3837//3806 3829//3798 3826//3795
f 3837//3806 3826//3795 3825//3794
f 3848//3817 3849//3818 3850//3819
f 3851//3820 3852//3821 3853//3822
f 1169//1147 1170//1148 3854//3823
f 3854//3823 1170//1148 1149//1127
f 3854//3823 1149//1127 3835//3804
f 3835//3804 1149//1127 1129//1107
f 1169//1147 3854//3823 1166//1144
f 1166//1144 3854//3823 3855//3824
f 1166//1144 3855//3824 1164//1142
f 1164//1142 3855//3824 3856//3825
f 1164//1142 3856//3825 1162//1140
f 1162//1140 3856//3825 3857//3826
f 1162//1140 3857//3826 1160//1138
f 1160//1138 3857//3826 3858//3827
f 1160//1138 3858//3827 1158//1136
f 1158//1136 3858//3827 1157//1135
f 1157//1135 3858//3827 3859//3828
f 1157//1135 3859//3828 1155//1133
f 1155//1133 3859//3828 3850//3819
f 1155//1133 3850//3819 1150//1128
f 1150//1128 3850//3819 3849//3818
f 1150//1128 3849//3818 1151//1129
f 334//317 3860//3829 3861//3830
f 329//312 327//310 3834//3803
f 3834//3803 327//310 326//309
f 3834//3803 326//309 3861//3830
f 3861//3830 326//309 332//315
f 3861//3830 332//315 334//317
f 334//317 335//318 3860//3829
f 3860//3829 335//318 337//320
f 3860//3829 337//320 3862//3831
f 3862//3831 337//320 339//322
f 3862//3831 339//322 3863//3832
f 3863//3832 339//322 342//325
f 3863//3832 342//325 3864//3833
f 3864//3833 342//325 343//326
f 3864//3833 343//326 3865//3834
f 3865//3834 343//326 347//330
f 3865//3834 347//330 3866//3835
f 3866//3835 347//330 345//328
f 3866//3835 345//328 3867//3836
f 3867//3836 345//328 344//327
f 3867//3836 3851//3820 3866//3835
f 3866//3835 3851//3820 3853//3822
f 3866//3835 3853//3822 3865//3834
f 3865//3834 3853//3822 3868//3837
f 3865//3834 3868//3837 3864//3833
f 3864//3833 3868//3837 3869//3838
f 3864//3833 3869//3838 3863//3832
f 3863//3832 3869//3838 3870//3839
f 3863//3832 3870//3839 3862//3831
f 3862//3831 3870//3839 3871//3840
f 3862//3831 3871//3840 3860//3829
f 3860//3829 3871//3840 3872//3841
f 3860//3829 3872//3841 3861//3830
f 3861//3830 3872//3841 3873//3842
f 3861//3830 3873//3842 3834//3803
f 3834//3803 3873//3842 3836//3805
f 3852//3821 3848//3817 3853//3822
f 3853//3822 3848//3817 3850//3819
f 3853//3822 3850//3819 3868//3837
f 3868//3837 3850//3819 3859//3828
f 3868//3837 3859//3828 3869//3838
f 3869//3838 3859//3828 3858//3827
f 3869//3838 3858//3827 3870//3839
f 3870//3839 3858//3827 3857//3826
f 3870//3839 3857//3826 3871//3840
f 3871//3840 3857//3826 3856//3825
f 3871//3840 3856//3825 3872//3841
f 3872//3841 3856//3825 3855//3824
f 3872//3841 3855//3824 3873//3842
f 3873//3842 3855//3824 3854//3823
f 3873//3842 3854//3823 3836//3805
f 3836//3805 3854//3823 3835//3804
f 1193//1171 1191//1169 3874//3843
f 3875//3844 1060//1038 1985//1963
f 3876//3845 3877//3846 3844//3813
f 3875//3844 3877//3846 3878//3847
f 3878//3847 3877//3846 3876//3845
f 3878//3847 3876//3845 3879//3848
f 1193//1171 3874//3843 1195//1173
f 3875//3844 1985//1963 3877//3846
f 3877//3846 1985//1963 1982//1960
f 3877//3846 1982//1960 3844//3813
f 3844//3813 3845//3814 3876//3845
f 3876//3845 3845//3814 3843//3812
f 3876//3845 3843//3812 3879//3848
f 3879//3848 3843//3812 3840//3809
f 3879//3848 3840//3809 3880//3849
f 3880//3849 3840//3809 3839//3808
f 3880//3849 3839//3808 3881//3850
f 3881//3850 3839//3808 3846//3815
f 3881//3850 3846//3815 3874//3843
f 3874//3843 3846//3815 3847//3816
f 3874//3843 3847//3816 1195//1173
f 1178//1156 1151//1129 3849//3818
f 1178//1156 3849//3818 1180//1158
f 3867//3836 344//327 352//335
f 352//335 3882//3851 3867//3836
f 3867//3836 3882//3851 3883//3852
f 3867//3836 3883//3852 3851//3820
f 3883//3852 3884//3853 3851//3820
f 3851//3820 3884//3853 3885//3854
f 3851//3820 3885//3854 3852//3821
f 3852//3821 3885//3854 3886//3855
f 3852//3821 3886//3855 3848//3817
f 3848//3817 3886//3855 3887//3856
f 3848//3817 3887//3856 3849//3818
f 3849//3818 3887//3856 3888//3857
f 3849//3818 3888//3857 1180//1158
f 352//335 354//337 3882//3851
f 3882//3851 354//337 3889//3858
f 3882//3851 3889//3858 3883//3852
f 3883//3852 3889//3858 3890//3859
f 3883//3852 3890//3859 3884//3853
f 1058//1036 3891//3860 1063//1041
f 1063//1041 3891//3860 3892//3861
f 1063//1041 3892//3861 1064//1042
f 1189//1167 1188//1166 3893//3862
f 3893//3862 1188//1166 3894//3863
f 3893//3862 3894//3863 3895//3864
f 3895//3864 3894//3863 3896//3865
f 3895//3864 3896//3865 3897//3866
f 3897//3866 3896//3865 3898//3867
f 3897//3866 3898//3867 3899//3868
f 3899//3868 3898//3867 3900//3869
f 3899//3868 3900//3869 3891//3860
f 3891//3860 3900//3869 3901//3870
f 3891//3860 3901//3870 3892//3861
f 1191//1169 1189//1167 3874//3843
f 3874//3843 1189//1167 3893//3862
f 3874//3843 3893//3862 3881//3850
f 3881//3850 3893//3862 3895//3864
f 3881//3850 3895//3864 3880//3849
f 3880//3849 3895//3864 3897//3866
f 3880//3849 3897//3866 3879//3848
f 3879//3848 3897//3866 3899//3868
f 3879//3848 3899//3868 3878//3847
f 3878//3847 3899//3868 3891//3860
f 3878//3847 3891//3860 3875//3844
f 3875//3844 3891//3860 1058//1036
f 3875//3844 1058//1036 1060//1038
f 3902//3871 3903//3872 3904//3873
f 3904//3873 3903//3872 3905//3874
f 1180//1158 3888//3857 1182//1160
f 1182//1160 3888//3857 3906//3875
f 1182//1160 3906//3875 1184//1162
f 3907//3876 3908//3877 3906//3875
f 3906//3875 3908//3877 3909//3878
f 3906//3875 3909//3878 1184//1162
f 2067//2045 2068//2046 3905//3874
f 3904//3873 3910//3879 3902//3871
f 3902//3871 3910//3879 3911//3880
f 3902//3871 3911//3880 3907//3876
f 3907//3876 3911//3880 3912//3881
f 3907//3876 3912//3881 3908//3877
f 3905//3874 3903//3872 2067//2045
f 2067//2045 3903//3872 3889//3858
f 2067//2045 3889//3858 354//337
f 3888//3857 3887//3856 3906//3875
f 3906//3875 3887//3856 3886//3855
f 3906//3875 3886//3855 3907//3876
f 3907//3876 3886//3855 3885//3854
f 3907//3876 3885//3854 3902//3871
f 3902//3871 3885//3854 3884//3853
f 3902//3871 3884//3853 3903//3872
f 3903//3872 3884//3853 3890//3859
f 3903//3872 3890//3859 3889//3858
f 1186//1164 1184//1162 3909//3878
f 2069//2047 1064//1042 3913//3882
f 3913//3882 1064//1042 3892//3861
f 3913//3882 3892//3861 3914//3883
f 3914//3883 3892//3861 3901//3870
f 3914//3883 3901//3870 3900//3869
f 3900//3869 3910//3879 3914//3883
f 3914//3883 3910//3879 3904//3873
f 3914//3883 3904//3873 3913//3882
f 3913//3882 3904//3873 3905//3874
f 3913//3882 3905//3874 2069//2047
f 2069//2047 3905//3874 2068//2046
f 1188//1166 1186//1164 3894//3863
f 3894//3863 1186//1164 3909//3878
f 3894//3863 3909//3878 3896//3865
f 3896//3865 3909//3878 3908//3877
f 3896//3865 3908//3877 3898//3867
f 3898//3867 3908//3877 3912//3881
f 3898//3867 3912//3881 3900//3869
f 3900//3869 3912//3881 3911//3880
f 3900//3869 3911//3880 3910//3879
f 3915//284 3916//3884 3917//3885
f 3918//3886 3919//3887 204//191
f 204//191 202//189 3918//3886
f 3918//3886 202//189 3920//3888
f 3918//3886 3920//3888 3921//3889
f 3922//3890 208//195 3919//3887
f 3919//3887 208//195 206//193
f 3919//3887 206//193 204//191
f 3915//284 214//201 3916//3884
f 3916//3884 214//201 212//199
f 3916//3884 212//199 3922//3890
f 3922//3890 212//199 210//197
f 3922//3890 210//197 208//195
f 3920//3888 3923//278 3921//3889
f 3921//3889 3923//278 3924//280
f 3921//3889 3924//280 3917//3885
f 3917//3885 3924//280 3925//282
f 3917//3885 3925//282 3915//284
f 2375//2348 3921//3889 2141//2119
f 2141//2119 3921//3889 2142//2120
f 2142//2120 3921//3889 2143//2121
f 2143//2121 3921//3889 3917//3885
f 2143//2121 3917//3885 2497//2469
f 2701//2673 2700//2672 3919//3887
f 2701//2673 3919//3887 474//457
f 2721//2693 2720//2692 3918//3886
f 3918//3886 2720//2692 478//461
f 3918//3886 478//461 3919//3887
f 3919//3887 478//461 475//458
f 3919//3887 475//458 474//457
f 2721//2693 3918//3886 2378//2351
f 2378//2351 3918//3886 3921//3889
f 2378//2351 3921//3889 2377//2350
f 2377//2350 3921//3889 2375//2348
f 3917//3885 3916//3884 2497//2469
f 2497//2469 3916//3884 2496//2468
f 3916//3884 3922//3890 2496//2468
f 2496//2468 3922//3890 2499//2471
f 3919//3887 2700//2672 2698//2670
f 2499//2471 3922//3890 2500//2472
f 2500//2472 3922//3890 3919//3887
f 2500//2472 3919//3887 2697//2669
f 2697//2669 3919//3887 2698//2670
f 3926//190 3927//3891 3928//3892
f 3929//198 3930//3893 3931//3894
f 3932//3895 292//277 3928//3892
f 3928//3892 292//277 290//188
f 3928//3892 290//188 3926//190
f 3933//3896 296//281 3932//3895
f 3932//3895 296//281 294//279
f 3932//3895 294//279 292//277
f 3926//190 3934//192 3927//3891
f 3927//3891 3934//192 3935//194
f 3927//3891 3935//194 3931//3894
f 3931//3894 3935//194 3936//196
f 3931//3894 3936//196 3929//198
f 3929//198 302//200 3930//3893
f 3930//3893 302//200 300//285
f 3930//3893 300//285 3933//3896
f 3933//3896 300//285 298//283
f 3933//3896 298//283 296//281
f 410//393 404//387 3932//3895
f 3932//3895 404//387 403//386
f 3932//3895 403//386 3933//3896
f 3933//3896 403//386 402//385
f 3933//3896 402//385 443//426
f 420//403 3927//3891 435//418
f 435//418 3927//3891 432//415
f 3931//3894 439//422 3927//3891
f 3927//3891 439//422 433//416
f 3927//3891 433//416 432//415
f 411//394 410//393 3932//3895
f 411//394 3932//3895 412//395
f 412//395 3932//3895 3928//3892
f 412//395 3928//3892 458//441
f 419//402 458//441 3928//3892
f 3927//3891 420//403 422//405
f 422//405 423//406 3927//3891
f 3927//3891 423//406 413//396
f 3927//3891 413//396 3928//3892
f 3928//3892 413//396 415//398
f 3928//3892 415//398 419//402
f 440//423 3930//3893 443//426
f 443//426 3930//3893 3933//3896
f 439//422 3931//3894 440//423
f 440//423 3931//3894 3930//3893
f 3937//3897 3938//3898 277//264
f 277//264 275//262 3937//3897
f 3937//3897 275//262 261//248
f 3937//3897 261//248 3939//3899
f 261//248 271//258 3939//3899
f 3939//3899 271//258 268//255
f 3939//3899 268//255 3940//3900
f 3941//3901 3942//3902 3943//3903
f 268//255 265//252 3940//3900
f 3940//3900 265//252 263//250
f 3940//3900 263//250 3943//3903
f 3943//3903 263//250 3944//3904
f 3943//3903 3944//3904 3941//3901
f 3941//3901 3945//3905 3942//3902
f 3942//3902 3945//3905 3946//3906
f 3942//3902 3946//3906 3938//3898
f 3938//3898 3946//3906 3947//3907
f 3938//3898 3947//3907 277//264
f 3943//3903 1991//1969 3940//3900
f 3940//3900 1991//1969 1990//1968
f 3940//3900 1990//1968 1989//1967
f 2011//1989 1991//1969 3943//3903
f 2011//1989 3943//3903 2009//1987
f 2009//1987 3943//3903 3942//3902
f 2009//1987 3942//3902 2054//2032
f 2054//2032 3942//3902 2056//2034
f 2056//2034 3942//3902 3938//3898
f 2056//2034 3938//3898 2058//2036
f 2058//2036 3938//3898 2059//2037
f 2059//2037 3938//3898 3937//3897
f 2059//2037 3937//3897 2050//2028
f 2050//2028 3937//3897 2051//2029
f 2051//2029 3937//3897 3939//3899
f 3939//3899 3940//3900 1989//1967
f 1989//1967 1992//1970 3939//3899
f 3939//3899 1992//1970 2065//2043
f 3939//3899 2065//2043 2051//2029
f 304//287 3948//3908 3949//3909
f 304//287 3950//3910 3948//3908
f 3948//3908 3950//3910 3951//3911
f 3948//3908 3951//3911 3952//3912
f 3951//3911 3953//3913 3952//3912
f 3952//3912 3953//3913 3954//3914
f 3952//3912 3954//3914 3955//3915
f 315//298 3956//3916 3957//3917
f 3954//3914 3958//3918 3955//3915
f 3955//3915 3958//3918 321//304
f 3955//3915 321//304 3957//3917
f 3957//3917 321//304 318//301
f 3957//3917 318//301 315//298
f 315//298 312//295 3956//3916
f 3956//3916 312//295 309//292
f 3956//3916 309//292 3949//3909
f 3949//3909 309//292 306//289
f 3949//3909 306//289 304//287
f 330//313 3949//3909 373//356
f 373//356 3949//3909 3948//3908
f 373//356 3948//3908 374//357
f 374//357 3948//3908 375//358
f 375//358 3948//3908 3952//3912
f 375//358 3952//3912 376//359
f 376//359 3952//3912 398//381
f 398//381 3952//3912 385//368
f 385//368 3952//3912 3955//3915
f 385//368 3955//3915 386//369
f 3957//3917 393//376 3955//3915
f 3955//3915 393//376 392//375
f 3955//3915 392//375 386//369
f 393//376 3957//3917 395//378
f 395//378 3957//3917 3956//3916
f 395//378 3956//3916 396//379
f 396//379 3956//3916 397//380
f 3949//3909 330//313 328//311
f 3949//3909 328//311 3956//3916
f 3956//3916 328//311 325//308
f 3956//3916 325//308 397//380
f 3959//3919 3960//3920 3961//3921
f 3961//3921 3960//3920 3962//3922
f 3961//3921 3962//3922 3963//3923
f 3963//3923 3962//3922 3964//3924
f 3963//3923 3964//3924 3965//3925
f 3965//3925 3964//3924 3966//3926
f 3965//3925 3966//3926 3967//3927
f 3968//3919 3969//3928 3970//3929
f 3970//3929 3969//3928 3971//3922
f 3970//3929 3971//3922 3972//3930
f 3972//3930 3971//3922 3973//3931
f 3972//3930 3973//3931 3974//3932
f 3973//3931 3967//3927 3974//3932
f 3974//3932 3967//3927 3966//3926
f 3974//3932 3966//3926 61//48
f 61//48 3966//3926 62//49
f 3975//3933 3976//3934 3977//3935
f 3977//3935 3976//3934 3978//3936
f 3968//3919 3970//3929 27//27
f 3625//3594 3621//3589 27//27
f 27//27 3970//3929 25//25
f 25//25 3970//3929 3972//3930
f 25//25 3972//3930 3974//3932
f 3979//3937 33//33 35//35
f 3980//3938 3981//3939 3982//3940
f 3982//3940 3981//3939 3983//3941
f 3621//3589 3984//3942 27//27
f 27//27 3984//3942 3985//3943
f 27//27 3985//3943 3968//3919
f 33//33 3979//3937 31//31
f 31//31 3979//3937 3986//3944
f 31//31 3986//3944 29//29
f 29//29 3986//3944 3987//3945
f 29//29 3987//3945 27//27
f 27//27 3987//3945 3988//3946
f 27//27 3988//3946 3625//3594
f 3989//3947 3990//3948 3991//3949
f 3991//3949 3990//3948 3992//3950
f 3991//3949 3992//3950 3993//3951
f 3993//3951 3992//3950 3994//3952
f 3993//3951 3994//3952 3983//3941
f 3983//3941 3994//3952 3995//3953
f 3983//3941 3995//3953 3982//3940
f 8//8 3996//3954 3997//3955
f 18//18 55//42 20//20
f 20//20 55//42 53//40
f 20//20 53//40 22//22
f 22//22 53//40 52//39
f 22//22 52//39 3989//3947
f 3989//3947 52//39 3998//3956
f 3989//3947 3998//3956 3990//3948
f 8//8 3981//3939 3996//3954
f 3996//3954 3981//3939 3980//3938
f 3996//3954 3980//3938 3999//3957
f 3999//3957 3980//3938 4000//3958
f 3999//3957 4000//3958 4001//3959
f 4001//3959 4000//3958 4002//3960
f 4001//3959 4002//3960 4003//3961
f 4003//3961 4002//3960 4004//3962
f 4003//3961 4004//3962 35//35
f 35//35 4004//3962 4005//3963
f 35//35 4005//3963 3979//3937
f 3979//3937 4005//3963 4006//3964
f 3997//3955 4007//3965 8//8
f 8//8 4007//3965 23//23
f 8//8 23//23 10//10
f 10//10 23//23 25//25
f 10//10 25//25 12//12
f 12//12 25//25 3974//3932
f 12//12 3974//3932 14//14
f 14//14 3974//3932 61//48
f 14//14 61//48 16//16
f 16//16 61//48 59//46
f 16//16 59//46 18//18
f 18//18 59//46 57//44
f 18//18 57//44 55//42
f 4008//3966 4009//3967 3977//3935
f 3977//3935 4009//3967 4010//3968
f 3977//3935 4010//3968 4011//3969
f 3969//3928 4012//3970 4013//3971
f 24//24 3977//3935 26//26
f 26//26 3977//3935 3978//3936
f 26//26 3978//3936 28//28
f 3973//3931 3971//3922 3620//3591
f 3620//3591 3971//3922 3969//3928
f 3620//3591 3969//3928 3622//3590
f 3622//3590 3969//3928 4013//3971
f 3967//3927 3973//3931 3978//3936
f 3978//3936 3973//3931 3620//3591
f 3978//3936 3620//3591 28//28
f 28//28 3620//3591 4014//3972
f 28//28 4014//3972 30//30
f 30//30 4014//3972 4015//3973
f 30//30 4015//3973 32//32
f 32//32 4015//3973 4016//3974
f 32//32 4016//3974 34//34
f 34//34 4016//3974 4017//3975
f 34//34 4017//3975 36//36
f 4017//3975 4018//3976 36//36
f 36//36 4018//3976 4019//3977
f 36//36 4019//3977 4020//3978
f 4020//3978 4019//3977 4021//3979
f 4020//3978 4021//3979 4022//3980
f 4022//3980 4021//3979 4023//3981
f 4022//3980 4023//3981 4024//3982
f 4024//3982 4023//3981 4025//3983
f 4024//3982 4025//3983 4026//3984
f 4026//3984 4025//3983 4008//3966
f 4026//3984 4008//3966 4027//3985
f 4027//3985 4008//3966 3977//3935
f 4027//3985 3977//3935 4028//3986
f 4028//3986 3977//3935 24//24
f 4029//3987 4030//3988 4031//3966
f 4031//3966 4032//3967 4029//3987
f 4029//3987 4032//3967 4033//3989
f 4029//3987 4033//3989 4034//3990
f 4034//3990 4033//3989 4035//3991
f 4034//3990 4035//3991 4036//3992
f 3962//3922 45//28 3964//3924
f 3964//3924 45//28 47//26
f 3964//3924 47//26 3966//3926
f 2//2 4037//3978 3//3
f 3//3 4037//3978 37//36
f 3//3 37//36 5//5
f 5//5 37//36 39//34
f 5//5 39//34 4038//3974
f 4038//3974 39//34 41//32
f 4038//3974 41//32 4039//3973
f 4039//3973 41//32 43//30
f 4039//3973 43//30 4040//3972
f 4040//3972 43//30 45//28
f 4040//3972 45//28 3615//3586
f 3615//3586 45//28 3619//3590
f 4041//3971 3619//3590 4042//3970
f 4042//3970 3619//3590 45//28
f 4042//3970 45//28 3960//3920
f 3960//3920 45//28 3962//3922
f 4035//3991 4043//3993 4036//3992
f 4036//3992 4043//3993 4044//3994
f 4036//3992 4044//3994 4045//3995
f 4045//3995 4044//3994 4046//3996
f 4045//3995 4046//3996 21//21
f 21//21 4046//3996 51//38
f 21//21 51//38 19//19
f 2//2 4047//3997 4037//3978
f 4037//3978 4047//3997 4048//3979
f 4037//3978 4048//3979 4049//3980
f 4049//3980 4048//3979 4050//3981
f 4049//3980 4050//3981 4051//3982
f 4051//3982 4050//3981 4052//3983
f 4051//3982 4052//3983 4053//3984
f 4053//3984 4052//3983 4031//3966
f 4053//3984 4031//3966 4054//3985
f 4054//3985 4031//3966 4030//3988
f 51//38 54//41 19//19
f 19//19 54//41 56//43
f 19//19 56//43 17//17
f 17//17 56//43 58//45
f 17//17 58//45 15//15
f 15//15 58//45 60//47
f 15//15 60//47 13//13
f 13//13 60//47 62//49
f 13//13 62//49 11//11
f 11//11 62//49 3966//3926
f 11//11 3966//3926 9//9
f 9//9 3966//3926 47//26
f 9//9 47//26 7//7
f 7//7 47//26 49//37
f 7//7 49//37 4030//3988
f 4030//3988 49//37 4055//3986
f 4030//3988 4055//3986 4054//3985
f 3965//3925 3976//3934 3963//3923
f 3963//3923 3976//3934 3961//3921
f 50//23 48//25 3976//3934
f 3613//3584 3618//3589 46//27
f 3613//3584 46//27 4056//3946
f 4057//3998 4058//3999 3975//3933
f 3975//3933 4058//3999 4059//4000
f 3975//3933 4059//4000 4060//3938
f 3976//3934 48//25 3961//3921
f 3961//3921 48//25 46//27
f 3961//3921 46//27 3959//3919
f 4056//3946 46//27 4061//3945
f 4061//3945 46//27 44//29
f 4061//3945 44//29 4062//3944
f 4062//3944 44//29 42//31
f 4062//3944 42//31 6//6
f 3618//3589 4063//3942 46//27
f 46//27 4063//3942 4064//3943
f 46//27 4064//3943 3959//3919
f 4065//4001 4066//3962 4067//4002
f 4066//3962 4065//4001 4068//3960
f 4068//3960 4065//4001 4069//3959
f 4068//3960 4069//3959 4070//3958
f 4070//3958 4069//3959 4071//3957
f 4070//3958 4071//3957 4060//3938
f 4060//3938 4071//3957 4072//3954
f 4060//3938 4072//3954 3975//3933
f 3975//3933 4072//3954 4073//3955
f 3975//3933 4073//3955 3976//3934
f 3976//3934 4073//3955 4074//4003
f 3976//3934 4074//4003 50//23
f 42//31 40//33 6//6
f 6//6 40//33 38//35
f 6//6 38//35 4//4
f 4//4 38//35 4065//4001
f 4//4 4065//4001 1//1
f 1//1 4065//4001 4067//4002
f 4009//3967 3982//3940 4010//3968
f 4010//3968 3982//3940 3995//3953
f 4060//3938 4031//3966 4052//3983
f 4060//3938 4052//3983 4070//3958
f 4070//3958 4052//3983 4050//3981
f 4070//3958 4050//3981 4068//3960
f 4068//3960 4050//3981 4048//3979
f 4068//3960 4048//3979 4066//3962
f 4066//3962 4048//3979 4047//3997
f 4066//3962 4047//3997 4067//4002
f 4060//3938 4059//4000 4031//3966
f 4031//3966 4059//4000 4032//3967
f 4019//3977 4005//3963 4004//3962
f 4019//3977 4004//3962 4021//3979
f 4021//3979 4004//3962 4002//3960
f 4021//3979 4002//3960 4023//3981
f 4023//3981 4002//3960 4000//3958
f 4023//3981 4000//3958 4025//3983
f 4025//3983 4000//3958 3980//3938
f 4025//3983 3980//3938 4008//3966
f 3980//3938 3982//3940 4008//3966
f 4008//3966 3982//3940 4009//3967
f 4032//3967 4059//4000 4033//3989
f 4033//3989 4059//4000 4058//3999
f 5//5 4038//3974 6//6
f 6//6 4038//3974 4062//3944
f 4017//3975 4016//3974 3979//3937
f 3979//3937 4016//3974 3986//3944
f 4057//3998 3975//3933 4011//3969
f 4011//3969 3975//3933 3977//3935
f 3978//3936 3976//3934 3967//3927
f 3967//3927 3976//3934 3965//3925
f 4017//3975 3979//3937 4006//3964
f 4017//3975 4006//3964 4018//3976
f 4018//3976 4006//3964 4005//3963
f 4018//3976 4005//3963 4019//3977
f 3618//3589 3619//3590 4041//3971
f 3618//3589 4041//3971 4063//3942
f 4063//3942 4041//3971 4042//3970
f 4063//3942 4042//3970 4064//3943
f 4064//3943 4042//3970 3960//3920
f 4064//3943 3960//3920 3959//3919
f 3621//3589 3622//3590 4013//3971
f 3621//3589 4013//3971 3984//3942
f 3984//3942 4013//3971 4012//3970
f 3984//3942 4012//3970 3985//3943
f 3985//3943 4012//3970 3969//3928
f 3985//3943 3969//3928 3968//3919
f 3615//3586 3613//3584 4056//3946
f 3615//3586 4056//3946 4040//3972
f 4040//3972 4056//3946 4061//3945
f 4040//3972 4061//3945 4039//3973
f 4039//3973 4061//3945 4062//3944
f 4039//3973 4062//3944 4038//3974
f 3620//3591 3625//3594 3988//3946
f 3620//3591 3988//3946 4014//3972
f 4014//3972 3988//3946 3987//3945
f 4014//3972 3987//3945 4015//3973
f 4015//3973 3987//3945 3986//3944
f 4015//3973 3986//3944 4016//3974
f 322//305 321//304 3486//3457
f 3486//3457 321//304 3958//3918
f 3486//3457 3958//3918 3488//3459
f 3488//3459 3958//3918 3487//3458
f 3487//3458 3958//3918 3954//3914
f 3487//3458 3954//3914 3491//3462
f 3491//3462 3954//3914 3490//3461
f 3490//3461 3954//3914 3953//3913
f 3490//3461 3953//3913 3489//3460
f 3951//3911 3495//3466 3953//3913
f 3953//3913 3495//3466 3496//3467
f 3953//3913 3496//3467 3489//3460
f 3950//3910 304//287 303//286
f 303//286 3499//3470 3950//3910
f 3950//3910 3499//3470 3498//3469
f 3950//3910 3498//3469 3951//3911
f 3951//3911 3498//3469 3497//3468
f 3951//3911 3497//3468 3495//3466
f 301//201 302//200 2210//199
f 2210//199 302//200 3929//198
f 2210//199 3929//198 2217//197
f 2217//197 3929//198 3936//196
f 2217//197 3936//196 2215//195
f 2215//195 3936//196 3935//194
f 2215//195 3935//194 2213//193
f 2213//193 3935//194 3934//192
f 2213//193 3934//192 2209//191
f 2209//191 3934//192 3926//190
f 2209//191 3926//190 289//189
f 289//189 3926//190 290//188
f 288//275 287//274 3454//3425
f 3454//3425 287//274 724//707
f 278//265 277//264 3466//3437
f 3466//3437 277//264 3947//3907
f 3466//3437 3947//3907 3445//3416
f 3445//3416 3947//3907 3446//3417
f 3446//3417 3947//3907 3946//3906
f 3446//3417 3946//3906 3447//3418
f 3447//3418 3946//3906 3453//3424
f 3453//3424 3946//3906 3945//3905
f 3453//3424 3945//3905 3441//3412
f 3441//3412 3945//3905 3450//3421
f 3450//3421 3945//3905 3941//3901
f 3450//3421 3941//3901 3455//3426
f 3455//3426 3941//3901 3456//3427
f 3456//3427 3941//3901 3944//3904
f 3456//3427 3944//3904 3457//3428
f 263//250 262//249 3944//3904
f 3944//3904 262//249 3464//3435
f 3944//3904 3464//3435 3457//3428
f 255//242 257//244 1677//1655
f 1677//1655 257//244 1644//1622
f 1677//1655 1644//1622 1676//1654
f 1676//1654 1644//1622 1645//1623
f 1676//1654 1645//1623 1674//1652
f 1645//1623 1649//1627 1674//1652
f 1674//1652 1649//1627 1653//1631
f 1674//1652 1653//1631 1672//1650
f 2365//2338 2363//2336 4075//4004
f 2363//2336 444//427 438//421
f 2368//2341 2367//2340 4076//4005
f 4076//4005 2367//2340 2365//2338
f 156//143 155//142 2368//2341
f 2363//2336 438//421 4075//4004
f 4075//4004 438//421 437//420
f 4075//4004 437//420 4077//4006
f 4077//4006 437//420 447//430
f 4077//4006 447//430 4078//4007
f 4078//4007 447//430 446//429
f 4078//4007 446//429 4079//4008
f 4079//4008 446//429 445//428
f 4079//4008 445//428 4080//4009
f 4080//4009 445//428 441//424
f 4080//4009 441//424 4081//4010
f 4081//4010 441//424 219//206
f 4081//4010 219//206 217//204
f 2365//2338 4075//4004 4076//4005
f 4076//4005 4075//4004 4077//4006
f 4076//4005 4077//4006 4082//4011
f 4082//4011 4077//4006 4078//4007
f 4082//4011 4078//4007 4083//4012
f 4083//4012 4078//4007 4079//4008
f 4083//4012 4079//4008 4084//4013
f 4084//4013 4079//4008 4080//4009
f 4084//4013 4080//4009 4085//4014
f 4085//4014 4080//4009 4081//4010
f 4085//4014 4081//4010 4086//4015
f 4086//4015 4081//4010 217//204
f 4086//4015 217//204 215//202
f 2368//2341 4076//4005 156//143
f 156//143 4076//4005 4082//4011
f 156//143 4082//4011 165//152
f 165//152 4082//4011 4083//4012
f 165//152 4083//4012 164//151
f 164//151 4083//4012 4084//4013
f 164//151 4084//4013 162//149
f 162//149 4084//4013 4085//4014
f 162//149 4085//4014 161//148
f 161//148 4085//4014 4086//4015
f 161//148 4086//4015 159//146
f 159//146 4086//4015 215//202
f 159//146 215//202 157//144
f 213//200 214//201 730//285
f 730//285 214//201 3915//284
f 730//285 3915//284 731//283
f 731//283 3915//284 3925//282
f 731//283 3925//282 732//281
f 732//281 3925//282 3924//280
f 732//281 3924//280 738//279
f 738//279 3924//280 3923//278
f 738//279 3923//278 733//277
f 733//277 3923//278 3920//3888
f 733//277 3920//3888 201//188
f 201//188 3920//3888 202//189
f 2109//2087 2114//2092 4087//4016
f 2114//2092 2112//2090 2498//2470
f 142//129 2108//2086 4088//4017
f 4088//4017 2108//2086 2109//2087
f 2114//2092 2498//2470 4087//4016
f 4087//4016 2498//2470 2507//2479
f 4087//4016 2507//2479 4089//4018
f 4089//4018 2507//2479 2506//2478
f 4089//4018 2506//2478 4090//4019
f 4090//4019 2506//2478 2505//2477
f 4090//4019 2505//2477 4091//4020
f 4091//4020 2505//2477 2504//2476
f 4091//4020 2504//2476 4092//4021
f 4092//4021 2504//2476 2510//2482
f 4092//4021 2510//2482 4093//4022
f 4093//4022 2510//2482 2509//2481
f 4093//4022 2509//2481 4094//4023
f 4094//4023 2509//2481 2508//2480
f 4094//4023 2508//2480 4095//4024
f 4095//4024 2508//2480 184//171
f 4095//4024 184//171 170//157
f 2109//2087 4087//4016 4088//4017
f 4088//4017 4087//4016 4089//4018
f 4088//4017 4089//4018 4096//4025
f 4096//4025 4089//4018 4090//4019
f 4096//4025 4090//4019 4097//4026
f 4097//4026 4090//4019 4091//4020
f 4097//4026 4091//4020 4098//4027
f 4098//4027 4091//4020 4092//4021
f 4098//4027 4092//4021 4099//4028
f 4099//4028 4092//4021 4093//4022
f 4099//4028 4093//4022 4100//4029
f 4100//4029 4093//4022 4094//4023
f 4100//4029 4094//4023 4101//4030
f 4101//4030 4094//4023 4095//4024
f 4101//4030 4095//4024 4102//4031
f 4102//4031 4095//4024 170//157
f 4102//4031 170//157 168//155
f 142//129 4088//4017 143//130
f 143//130 4088//4017 4096//4025
f 143//130 4096//4025 136//123
f 136//123 4096//4025 4097//4026
f 136//123 4097//4026 134//121
f 134//121 4097//4026 4098//4027
f 134//121 4098//4027 133//120
f 133//120 4098//4027 4099//4028
f 133//120 4099//4028 131//118
f 131//118 4099//4028 4100//4029
f 131//118 4100//4029 129//116
f 129//116 4100//4029 4101//4030
f 129//116 4101//4030 124//111
f 124//111 4101//4030 4102//4031
f 124//111 4102//4031 125//112
f 125//112 4102//4031 168//155
f 125//112 168//155 127//114
f 2220//2193 158//145 246//233
f 246//233 158//145 157//144
f 2207//2185 2206//2184 2265//2238
f 2265//2238 2206//2184 2223//2196
f 2265//2238 2223//2196 2088//2066
f 2088//2066 2223//2196 2222//2195
f 2222//2195 2071//2049 2075//2053
f 2075//2053 2079//2057 2222//2195
f 2222//2195 2079//2057 2081//2059
f 2222//2195 2081//2059 2088//2066
f 2071//2049 2222//2195 254//241
f 254//241 2222//2195 2226//2199
f 254//241 2226//2199 253//240
f 253//240 2226//2199 2225//2198
f 253//240 2225//2198 252//239
f 252//239 2225//2198 251//238
f 251//238 2225//2198 2224//2197
f 251//238 2224//2197 250//237
f 250//237 2224//2197 249//236
f 249//236 2224//2197 2221//2194
f 249//236 2221//2194 248//235
f 2220//2193 246//233 2221//2194
f 2221//2194 246//233 247//234
f 2221//2194 247//234 248//235
f 153//140 151//138 2212//2188
f 153//140 2212//2188 3474//3445
f 3474//3445 2212//2188 2201//2179
f 3474//3445 2201//2179 2200//2178
f 2729//2701 728//711 727//710
f 735//714 128//115 127//114
f 727//710 734//713 197//184
f 200//187 2729//2701 199//186
f 199//186 2729//2701 727//710
f 199//186 727//710 198//185
f 198//185 727//710 197//184
f 127//114 194//181 735//714
f 735//714 194//181 195//182
f 735//714 195//182 734//713
f 734//713 195//182 196//183
f 734//713 196//183 197//184
f 119//106 3561//3532 3560//3531
f 119//106 3560//3531 117//104
f 117//104 3560//3531 122//109
f 117//104 122//109 115//102
f 507//490 3610//3581 3608//3579
f 67//54 68//55 3608//3579
f 3608//3579 68//55 506//489
f 3608//3579 506//489 507//490
f 507//490 536//519 3610//3581
f 3610//3581 536//519 3587//3558
f 3610//3581 3587//3558 3606//3577
f 3606//3577 3587//3558 3577//3548
f 3606//3577 3577//3548 3591//3562
f 4033//3989 4058//3999 4035//3991
f 4035//3991 4058//3999 4057//3998
f 4010//3968 3995//3953 4011//3969
f 4011//3969 3995//3953 3994//3952
f 4011//3969 3994//3952 4057//3998
f 4057//3998 3994//3952 4035//3991
f 4035//3991 3994//3952 3992//3950
f 4035//3991 3992//3950 4043//3993
f 4043//3993 3992//3950 3990//3948
f 4043//3993 3990//3948 4044//3994
f 4044//3994 3990//3948 3998//3956
f 4044//3994 3998//3956 4046//3996
f 4046//3996 3998//3956 52//39
f 4046//3996 52//39 51//38
f 49//37 50//23 4055//3986
f 4055//3986 50//23 4074//4003
f 4055//3986 4074//4003 4054//3985
f 4054//3985 4074//4003 4073//3955
f 4054//3985 4073//3955 4053//3984
f 4053//3984 4073//3955 4072//3954
f 4053//3984 4072//3954 4051//3982
f 4051//3982 4072//3954 4071//3957
f 4051//3982 4071//3957 4049//3980
f 4049//3980 4071//3957 4069//3959
f 4049//3980 4069//3959 4037//3978
f 4037//3978 4069//3959 4065//4001
f 4037//3978 4065//4001 37//36
f 37//36 4065//4001 38//35
f 35//35 36//36 4003//3961
f 4003//3961 36//36 4020//3978
f 4003//3961 4020//3978 4001//3959
f 4001//3959 4020//3978 4022//3980
f 4001//3959 4022//3980 3999//3957
f 3999//3957 4022//3980 4024//3982
f 3999//3957 4024//3982 3996//3954
f 3996//3954 4024//3982 4026//3984
f 3996//3954 4026//3984 3997//3955
f 3997//3955 4026//3984 4027//3985
f 3997//3955 4027//3985 4007//3965
f 4007//3965 4027//3985 4028//3986
f 4007//3965 4028//3986 23//23
f 23//23 4028//3986 24//24
f 21//21 22//22 4045//3995
f 4045//3995 22//22 3989//3947
f 4045//3995 3989//3947 4036//3992
f 4036//3992 3989//3947 3991//3949
f 4036//3992 3991//3949 4034//3990
f 4034//3990 3991//3949 3993//3951
f 4034//3990 3993//3951 4029//3987
f 4029//3987 3993//3951 3983//3941
f 4029//3987 3983//3941 4030//3988
f 4030//3988 3983//3941 3981//3939
f 4030//3988 3981//3939 7//7
f 7//7 3981//3939 8//8
f 4047//3997 2//2 4067//4002
f 4067//4002 2//2 1//1
