# Blender 5.2.1 LTS
# www.blender.org
o shoulder_pitch_r_link
v 0.035696 -0.032346 0.002264
v 0.034253 -0.011003 0.009575
v 0.031948 -0.036044 0.015990
v 0.028352 -0.011001 0.021534
v 0.009101 -0.058720 0.034542
v 0.000012 -0.048430 0.035023
v 0.009385 -0.048065 0.034308
v 0.022589 -0.045515 0.027809
v 0.016792 -0.046791 0.031309
v 0.017937 -0.010999 0.030841
v 0.035439 -0.011000 -0.003811
v 0.033506 -0.034510 -0.012252
v 0.031477 -0.011000 -0.016670
v 0.026779 -0.041234 -0.023559
v 0.025102 -0.011000 -0.025102
v 0.017658 -0.011000 -0.030954
v 0.019140 -0.048822 -0.029906
v 0.016248 -0.047371 -0.031689
v 0.009105 -0.059075 -0.034586
v 0.000014 -0.048076 -0.035785
v 0.011342 -0.010939 0.031036
v 0.020023 -0.010997 0.026401
v 0.028777 -0.010998 0.016452
v 0.033468 -0.010997 0.000664
v 0.029299 -0.010999 -0.015537
v 0.020870 -0.010998 -0.025777
v 0.011262 -0.010921 -0.031041
v 0.011520 -0.009038 -0.029164
v -0.000275 -0.008902 -0.031225
v 0.000008 -0.009498 0.031199
v 0.008667 -0.008988 0.029895
v 0.018906 -0.008993 0.024831
v 0.027298 -0.009002 0.015100
v 0.030967 -0.008955 0.003177
v 0.029740 -0.008998 -0.009391
v 0.023440 -0.009000 -0.020599
v 0.000000 -0.046848 -0.031257
v 0.028135 -0.003000 0.013017
v 0.030541 -0.003000 0.005677
v 0.022512 -0.003000 0.021561
v 0.014521 -0.003000 0.027389
v 0.005164 -0.003000 0.030737
v -0.005015 -0.003000 0.030592
v -0.009135 -0.008995 0.029839
v -0.014314 -0.003000 0.027692
v -0.020649 -0.008994 0.023385
v -0.024895 -0.003000 0.018826
v -0.028368 -0.008975 0.012896
v -0.029377 -0.003000 0.009898
v -0.031275 -0.003000 0.000700
v -0.031155 -0.008981 0.000264
v -0.029448 -0.009000 -0.009717
v -0.028110 -0.003000 -0.013470
v -0.025287 -0.009000 -0.018256
v -0.019907 -0.003000 -0.023988
v -0.015487 -0.008999 -0.027084
v -0.008059 -0.003000 -0.030114
v 0.005164 -0.003000 -0.030737
v 0.017421 -0.003000 -0.025850
v 0.024679 -0.003000 -0.018760
v 0.030351 -0.003000 -0.007954
v 0.023949 -0.007812 0.023131
v 0.030243 -0.008071 0.022054
v 0.031070 -0.007816 0.011936
v 0.036339 -0.008105 0.008998
v -0.020798 -0.007793 0.026061
v -0.025099 -0.008103 0.027772
v -0.017678 -0.008099 0.033073
v -0.009382 -0.007807 0.031971
v -0.009205 -0.008106 0.036292
v -0.001884 -0.008109 0.037398
v -0.000703 -0.007766 0.033292
v 0.007307 -0.008079 0.036783
v 0.010741 -0.007815 0.031530
v 0.017411 -0.007775 0.028380
v -0.023949 -0.007812 -0.023131
v -0.025313 -0.008104 -0.027821
v -0.033073 -0.008099 -0.017678
v -0.031279 -0.007805 -0.011400
v -0.036298 -0.008103 -0.009147
v -0.037570 -0.008101 0.001774
v -0.033284 -0.007775 0.000888
v -0.032130 -0.007810 0.008679
v -0.035019 -0.008073 0.013246
v -0.029183 -0.007766 0.016037
v -0.031188 -0.008129 0.020875
v 0.036392 -0.008067 -0.008749
v 0.029183 -0.007766 -0.016037
v 0.030181 -0.008110 -0.022154
v 0.020798 -0.007793 -0.026061
v 0.025331 -0.008108 -0.027576
v 0.017760 -0.008104 -0.033040
v 0.009382 -0.007807 -0.031971
v 0.009286 -0.008105 -0.036268
v 0.001376 -0.008129 -0.037463
v 0.000703 -0.007766 -0.033292
v -0.005606 -0.008105 -0.037017
v -0.010741 -0.007815 -0.031530
v -0.014280 -0.008108 -0.034696
v -0.017411 -0.007775 -0.028380
v -0.007054 -0.020354 0.036871
v 0.000040 -0.067930 0.037529
v -0.004122 -0.021910 0.037273
v -0.000323 -0.026107 0.037524
v -0.010000 -0.020000 0.036142
v -0.018033 -0.019999 0.033065
v -0.029126 -0.020000 0.023903
v -0.036057 -0.020000 0.010938
v -0.037500 -0.020000 -0.000000
v -0.036057 -0.020000 -0.010938
v -0.029126 -0.020000 -0.023903
v -0.018454 -0.019999 -0.032785
v -0.010000 -0.020000 -0.036142
v -0.000399 -0.026153 -0.037524
v -0.004122 -0.021910 -0.037273
v -0.006726 -0.020468 -0.036927
v 0.032232 -0.034236 -0.019560
v 0.035721 -0.030695 -0.011943
v 0.037665 -0.028667 -0.003237
v 0.037471 -0.008305 -0.001772
v 0.037277 -0.029039 0.005524
v 0.035111 -0.031278 0.013787
v 0.031743 -0.036249 0.020614
v -0.004122 -0.021910 -0.035260
v -0.000323 -0.026107 -0.035526
v 0.000009 -0.011337 -0.035390
v -0.010000 -0.020000 -0.034062
v -0.007106 -0.020349 -0.034803
v -0.006926 -0.011000 -0.034818
v -0.013585 -0.020000 -0.032798
v -0.017356 -0.011000 -0.031144
v -0.019723 -0.020000 -0.029517
v -0.025102 -0.020000 -0.025102
v -0.030363 -0.011000 -0.019213
v -0.029517 -0.020000 -0.019723
v -0.032798 -0.020000 -0.013585
v -0.034818 -0.020000 -0.006926
v -0.035538 -0.011000 -0.002872
v -0.035500 -0.020000 -0.000000
v -0.034818 -0.020000 0.006926
v -0.032844 -0.011000 0.014572
v -0.032798 -0.020000 0.013585
v -0.029517 -0.020000 0.019723
v -0.025102 -0.020000 0.025102
v -0.022132 -0.011000 0.027953
v -0.019723 -0.020000 0.029517
v -0.013585 -0.020000 0.032798
v -0.010198 -0.011001 0.034123
v -0.010000 -0.020000 0.034062
v -0.000399 -0.026152 0.035524
v -0.000000 -0.011000 0.035500
v -0.004122 -0.021910 0.035260
v -0.006705 -0.020468 0.034894
v 0.026506 -0.091549 -0.029590
v 0.042168 -0.067186 0.037503
v 0.015315 -0.079351 0.036064
v 0.042320 -0.040939 0.025915
v 0.027920 -0.040111 0.025462
v 0.042249 -0.046799 0.030921
v 0.021098 -0.046912 0.031293
v 0.010076 -0.057922 0.036294
v 0.038922 -0.030886 -0.006262
v 0.039498 -0.030298 0.002630
v 0.042332 -0.030766 0.003863
v 0.036844 -0.032776 0.013539
v 0.042264 -0.035726 0.018949
v 0.042142 -0.030906 -0.005222
v 0.036493 -0.033083 -0.014314
v 0.042153 -0.036575 -0.020505
v 0.029168 -0.039029 -0.024361
v 0.042378 -0.046773 -0.030823
v 0.022493 -0.045522 -0.030208
v 0.042346 -0.053506 -0.034506
v 0.014755 -0.053213 -0.034650
v 0.042782 -0.059938 -0.036401
v 0.006196 -0.061800 -0.037004
v 0.000050 -0.067971 -0.037501
v 0.042310 -0.067917 -0.037445
v 0.042195 -0.076135 -0.036601
v 0.012239 -0.076621 -0.036698
v 0.042170 -0.093850 -0.027300
v 0.033450 -0.101851 -0.016643
v 0.042383 -0.100744 -0.018117
v 0.042133 -0.104718 -0.008174
v 0.035253 -0.105109 -0.005573
v 0.035399 -0.105357 0.004602
v 0.042260 -0.105164 0.005769
v 0.034133 -0.103006 0.014541
v 0.042268 -0.095807 0.025049
v 0.027625 -0.093105 0.028102
v 0.042355 -0.089422 0.030711
v -0.000000 -0.044248 0.033114
v -0.000000 -0.044895 0.035214
v 0.000000 -0.045959 0.031076
v -0.000000 -0.045991 0.033519
v -0.000000 -0.044248 -0.034886
v -0.000000 -0.044382 -0.033088
v -0.000000 -0.046214 -0.033895
v 0.037200 -0.036293 -0.016265
v 0.037200 -0.049594 -0.030390
v 0.037200 -0.059026 -0.034565
v 0.023411 -0.087811 0.029723
v 0.037200 -0.087589 0.029728
v 0.000075 -0.067992 0.035485
v 0.037200 -0.066842 0.035728
v 0.037200 -0.076898 0.034367
v 0.012331 -0.076761 0.034551
v 0.037200 -0.097408 0.020139
v 0.031649 -0.098987 0.018068
v 0.037207 -0.103120 0.006519
v 0.035662 -0.103670 0.001728
v 0.037201 -0.102884 -0.007340
v 0.033548 -0.101809 -0.011681
v 0.037200 -0.098526 -0.018228
v 0.037200 -0.095054 -0.023000
v 0.029105 -0.095192 -0.023003
v 0.037200 -0.086894 -0.030230
v 0.022538 -0.086887 -0.030173
v 0.037200 -0.073778 -0.035161
v 0.000061 -0.067981 -0.035486
v 0.012036 -0.076536 -0.034630
v 0.037200 -0.042774 -0.025028
v 0.037200 -0.033227 -0.007146
v 0.037197 -0.032565 0.003886
v 0.037200 -0.036657 0.017021
v 0.037200 -0.043083 0.025324
v 0.037200 -0.052181 0.032009
v 0.043500 -0.056503 -0.026741
v 0.043500 -0.045234 -0.018260
v 0.043500 -0.047693 -0.019506
v 0.043500 -0.045230 0.018335
v 0.043500 -0.046590 0.021776
v 0.043500 -0.071186 0.029009
v 0.043500 -0.091659 -0.026515
v 0.043457 -0.093193 -0.018913
v 0.043452 -0.045303 -0.028214
v 0.043500 -0.041234 -0.010238
v 0.043500 -0.041290 0.010743
v 0.043500 -0.048494 0.020307
v 0.043500 -0.045119 0.024022
v 0.043500 -0.049740 0.022766
v 0.043500 -0.057762 0.026766
v 0.043500 -0.064659 0.028629
v 0.043458 -0.093823 0.025414
v 0.043500 -0.090167 0.026790
v 0.043500 -0.090373 0.024022
v 0.043500 -0.085743 0.022545
v 0.043500 -0.077833 0.026385
v 0.043500 -0.079547 0.026708
v 0.043500 -0.089419 0.022041
v 0.043500 -0.090306 0.016972
v 0.043500 -0.091845 0.021776
v 0.043457 -0.093654 0.019374
v 0.043500 -0.093590 0.014029
v 0.043500 -0.097124 0.003136
v 0.043500 -0.096349 -0.003516
v 0.043498 -0.094599 0.009517
v 0.043500 -0.093656 -0.014136
v 0.043500 -0.091621 -0.015324
v 0.043500 -0.090373 -0.021233
v 0.043500 -0.090199 -0.026803
v 0.043500 -0.085728 -0.022585
v 0.043500 -0.089419 -0.023214
v 0.043500 -0.078238 -0.026766
v 0.043500 -0.071136 -0.029065
v 0.043500 -0.064497 -0.028390
v 0.043500 -0.046767 -0.022373
v 0.043500 -0.044455 -0.021546
v 0.043500 -0.049665 -0.022770
v 0.043500 -0.044895 -0.023962
v 0.043500 -0.056516 -0.025605
v 0.043500 -0.038935 -0.003136
v 0.043500 -0.039610 0.003501
v 0.043500 -0.091845 -0.023479
v 0.043500 -0.041271 -0.022182
v 0.043422 -0.040420 0.023600
v 0.043500 -0.045801 0.026803
v 0.043500 -0.044157 0.022048
v 0.043500 -0.041123 0.022187
v 0.043569 -0.035596 0.013951
v 0.043500 -0.037395 0.000254
v 0.043500 -0.035149 -0.001218
v 0.043500 -0.035414 0.001209
v 0.043400 -0.031661 0.000511
v 0.043524 -0.033350 -0.003288
v 0.043546 -0.035778 -0.014475
v 0.043500 -0.045833 -0.026790
v 0.043591 -0.053115 -0.032187
v 0.043500 -0.064744 -0.034650
v 0.043412 -0.070892 -0.036476
v 0.043500 -0.071269 -0.034618
v 0.043570 -0.080988 -0.032712
v 0.043402 -0.098148 -0.020661
v 0.043531 -0.098628 -0.017154
v 0.043500 -0.102650 -0.003256
v 0.043412 -0.104005 -0.005653
v 0.043500 -0.102888 0.003488
v 0.043500 -0.098251 0.017207
v 0.043384 -0.103457 0.008619
v 0.043539 -0.071272 0.034688
v 0.043572 -0.081121 0.032691
v 0.043500 -0.069081 0.032917
v 0.043500 -0.066520 0.032128
v 0.043500 -0.068586 0.030791
v 0.043524 -0.064712 0.034650
v 0.043568 -0.055011 0.032712
v 0.043500 -0.033350 0.003256
v 0.043388 -0.093345 0.017547
v 0.043329 -0.095417 0.018304
v 0.043500 -0.098654 -0.000629
v 0.043500 -0.101112 -0.000754
v 0.043500 -0.100477 0.001335
v 0.043408 -0.095211 -0.017812
v 0.043408 -0.094755 -0.019353
v 0.043408 -0.093671 -0.017356
v 0.043500 -0.068917 -0.033081
v 0.043500 -0.068754 -0.030888
v 0.043500 -0.066520 -0.031872
v 0.037200 -0.078584 0.029028
v 0.037200 -0.070589 0.028038
v 0.037199 -0.094494 0.009438
v 0.037200 -0.089891 0.017458
v 0.037200 -0.091845 -0.021776
v 0.037200 -0.083457 -0.023535
v 0.037200 -0.071715 -0.027911
v 0.037200 -0.061769 -0.027298
v 0.037200 -0.057576 -0.029433
v 0.037200 -0.044465 -0.015457
v 0.037200 -0.039233 0.013890
v 0.037200 -0.034665 -0.000477
v 0.037200 -0.037411 -0.010733
v 0.037200 -0.036754 -0.001112
v 0.037200 -0.036629 0.001346
v 0.037200 -0.040702 0.006231
v 0.037200 -0.036923 0.011221
v 0.037200 -0.044039 0.022529
v 0.037200 -0.046002 0.023974
v 0.037200 -0.050542 0.021891
v 0.037200 -0.058167 0.026385
v 0.037200 -0.045850 0.021293
v 0.037200 -0.043862 0.014498
v 0.037200 -0.055623 0.031386
v 0.037200 -0.057576 0.029696
v 0.037200 -0.068754 0.030888
v 0.037200 -0.068917 0.033081
v 0.037200 -0.066520 0.031872
v 0.037200 -0.079221 0.031077
v 0.037200 -0.089419 0.023214
v 0.037200 -0.091845 0.023479
v 0.037200 -0.090373 0.021233
v 0.037200 -0.082498 0.024138
v 0.037200 -0.098735 0.013541
v 0.037200 -0.098654 0.000629
v 0.037200 -0.096052 -0.002698
v 0.037200 -0.101112 0.000754
v 0.037200 -0.100477 -0.001335
v 0.037200 -0.099208 -0.013043
v 0.037200 -0.096539 -0.010733
v 0.037200 -0.098735 -0.010951
v 0.037200 -0.096317 -0.013716
v 0.037200 -0.089419 -0.022041
v 0.037201 -0.092080 -0.014564
v 0.037200 -0.090373 -0.024022
v 0.037200 -0.080895 -0.031380
v 0.037200 -0.067371 -0.033346
v 0.037200 -0.055886 -0.031386
v 0.037200 -0.053211 -0.023929
v 0.037200 -0.044455 -0.023708
v 0.037200 -0.045244 -0.021147
v 0.037200 -0.046581 -0.023214
v 0.037200 -0.040089 -0.003715
v 0.037200 -0.039607 -0.010951
v 0.037200 -0.040080 -0.013043
v 0.037200 -0.037188 -0.013716
v 0.037200 -0.053857 -0.029219
v 0.037200 -0.056120 -0.027857
v 0.037200 -0.078349 -0.029219
v 0.037200 -0.081493 -0.028094
v 0.037200 -0.095180 -0.018823
v 0.037200 -0.093479 -0.019219
v 0.037200 -0.094110 -0.017170
v 0.037200 -0.095078 0.017621
v 0.037200 -0.081758 0.030589
v 0.037200 -0.080895 0.027749
v 0.037200 -0.054047 0.029930
v 0.037200 -0.055409 0.027667
v 0.037200 -0.037141 0.013417
v 0.037200 -0.039906 0.010998
v 0.037200 -0.096317 0.010776
v 0.037200 -0.099208 0.011449
v 0.037200 -0.096539 0.013758
v 0.037200 -0.067523 -0.030665
v 0.037200 -0.069340 -0.031903
v 0.037200 -0.094110 0.019539
v 0.037200 -0.093323 0.017752
v 0.040500 -0.037188 0.013716
v 0.040500 -0.040080 0.013043
v 0.040500 -0.040891 0.011559
v 0.040500 -0.037411 0.010733
v 0.040498 -0.035432 0.013291
v 0.040500 -0.033382 0.003269
v 0.040500 -0.045234 0.018260
v 0.040500 -0.038935 0.003136
v 0.040498 -0.041169 0.022208
v 0.040500 -0.037188 -0.010776
v 0.040500 -0.040080 -0.011449
v 0.040500 -0.039233 -0.013890
v 0.040500 -0.037141 -0.013417
v 0.040500 -0.033350 -0.003256
v 0.040497 -0.035834 -0.014164
v 0.040499 -0.041164 -0.022178
v 0.040500 -0.045230 -0.018335
v 0.040500 -0.038991 -0.003186
v 0.040500 -0.041292 -0.011547
v 0.040500 -0.054047 -0.029930
v 0.040500 -0.055409 -0.027667
v 0.040500 -0.057576 -0.029696
v 0.040500 -0.055623 -0.031386
v 0.040500 -0.055088 -0.032673
v 0.040500 -0.064864 -0.029065
v 0.040500 -0.064731 -0.034618
v 0.040502 -0.057244 -0.027042
v 0.040500 -0.049740 -0.022766
v 0.040500 -0.045801 -0.026803
v 0.040500 -0.078424 -0.029433
v 0.040500 -0.078924 -0.027501
v 0.040500 -0.082143 -0.029219
v 0.040500 -0.080114 -0.031386
v 0.040500 -0.071186 -0.029009
v 0.040500 -0.086335 -0.022770
v 0.040500 -0.090204 -0.027125
v 0.040500 -0.078380 -0.033425
v 0.040500 -0.071256 -0.034650
v 0.040500 -0.096317 -0.010776
v 0.040500 -0.099208 -0.011449
v 0.040500 -0.098735 -0.013541
v 0.040500 -0.096539 -0.013758
v 0.040500 -0.098251 -0.017207
v 0.040500 -0.102888 -0.003488
v 0.040500 -0.093590 -0.014029
v 0.040500 -0.097124 -0.003136
v 0.040500 -0.096317 0.013716
v 0.040500 -0.099208 0.013043
v 0.040500 -0.100298 0.012106
v 0.040500 -0.096539 0.010733
v 0.040500 -0.093656 0.014136
v 0.040500 -0.102650 0.003256
v 0.040500 -0.097009 0.003186
v 0.040500 -0.098233 0.017178
v 0.040500 -0.078349 0.029219
v 0.040500 -0.080895 0.031380
v 0.040500 -0.081493 0.028094
v 0.040500 -0.080912 0.032673
v 0.040500 -0.071136 0.029065
v 0.040500 -0.078720 0.027051
v 0.040500 -0.086260 0.022766
v 0.040500 -0.090199 0.026803
v 0.040500 -0.071269 0.034618
v 0.040500 -0.053857 0.029219
v 0.040500 -0.055886 0.031386
v 0.040500 -0.057576 0.029433
v 0.040500 -0.057076 0.027501
v 0.040500 -0.045796 0.027125
v 0.040500 -0.064744 0.034650
v 0.040500 -0.049665 0.022770
v 0.040500 -0.064814 0.029009
v 0.040500 -0.057620 0.033425
v 0.042887 -0.032642 -0.011708
v 0.042883 -0.040573 -0.025138
v 0.042901 -0.085468 -0.032886
v 0.042729 -0.100865 0.017716
v 0.042922 -0.083498 0.033865
v 0.042890 -0.075452 0.036510
v 0.042892 -0.059177 0.036164
v 0.042929 -0.050458 0.032886
v 0.042901 -0.032757 0.012015
v -0.033167 -0.010999 -0.000523
v -0.030049 -0.010998 -0.014042
v -0.021680 -0.010998 -0.025096
v -0.009527 -0.010997 -0.031761
v -0.010552 -0.010998 0.031454
v -0.022484 -0.010998 0.024394
v -0.030489 -0.010998 0.013073
v 0.031042 -0.000000 0.003336
v 0.029782 0.001782 0.009688
v 0.026498 0.000000 0.016416
v 0.023160 0.001786 0.021105
v 0.017211 -0.000000 0.025991
v 0.012423 0.001789 0.028779
v 0.004773 -0.000000 0.030807
v -0.000521 0.001792 0.031352
v -0.008539 -0.000000 0.029983
v -0.013443 0.001802 0.028348
v -0.020268 -0.000002 0.023695
v -0.023909 0.001779 0.020266
v -0.027175 -0.000002 0.015024
v -0.029760 0.001845 0.009797
v -0.030456 -0.000000 0.006429
v -0.031238 0.001732 0.001752
v -0.030592 -0.000003 -0.006452
v -0.029751 0.001828 -0.009800
v -0.019391 0.000001 -0.024392
v -0.016067 0.001820 -0.026778
v -0.024171 0.001766 -0.019957
v -0.025876 0.000000 -0.017182
v -0.011474 -0.000000 -0.028798
v -0.005015 -0.000000 -0.030592
v -0.007459 0.001806 -0.030479
v 0.005713 0.000002 -0.030629
v 0.005720 0.001812 -0.030832
v 0.020402 0.000001 -0.023834
v 0.017921 0.001802 -0.025715
v 0.029395 0.000000 -0.010366
v 0.026996 0.001801 -0.015931
v 0.031126 0.001796 -0.003348
v -0.031555 0.002000 0.010253
v -0.026698 0.002000 0.019397
v -0.019502 0.002000 0.026843
v -0.006898 0.002000 0.032454
v 0.006898 0.002000 0.032454
v 0.019502 0.002000 0.026843
v 0.028734 0.002000 0.016590
v 0.032920 0.001989 0.003712
v 0.032279 0.002000 -0.006861
v 0.028734 0.002000 -0.016590
v 0.019502 0.002000 -0.026843
v 0.006898 0.002000 -0.032454
v -0.006898 0.002000 -0.032454
v -0.019502 0.002000 -0.026843
v -0.026698 0.002000 -0.019397
v -0.031555 0.002000 -0.010253
v -0.033000 0.002000 -0.000000
v 0.032150 -0.007809 -0.008610
v 0.033005 0.000501 0.002958
v 0.033154 -0.007752 0.003153
v 0.025768 -0.007394 -0.020794
v 0.015083 -0.007394 -0.029477
v -0.005124 -0.007394 -0.032713
v -0.025768 -0.007394 0.020794
v -0.015083 -0.007394 0.029477
v 0.005124 -0.007394 0.032713
v -0.021066 -0.003000 0.011286
v -0.019946 -0.003000 -0.011932
v -0.022012 -0.003000 -0.009646
v -0.026024 -0.003000 -0.010240
v -0.001512 -0.003000 -0.028025
v 0.026655 -0.003000 -0.001897
v -0.005411 -0.003000 0.016807
v -0.013639 -0.003000 0.011214
v -0.017536 -0.003000 0.002060
v -0.019946 -0.003000 0.006068
v -0.016037 -0.003000 -0.007582
v -0.009159 -0.003000 -0.015096
v -0.016934 -0.003000 -0.011286
v 0.005411 -0.003000 -0.016807
v -0.002491 -0.003000 -0.017322
v 0.025312 -0.003000 0.006636
v 0.015866 -0.003000 0.007748
v 0.025142 -0.003000 -0.006682
v 0.017536 -0.003000 -0.002060
v 0.009159 -0.003000 0.015096
v -0.006636 -0.003000 0.025312
v 0.002491 -0.003000 0.017322
v -0.008212 -0.003000 0.023856
v -0.010240 -0.003000 0.026024
v -0.016934 -0.003000 0.006714
v -0.015988 -0.003000 0.009646
v -0.018054 -0.003000 0.011932
v -0.027322 -0.003000 0.009141
v -0.007546 -0.003000 0.027322
v -0.001470 -0.003000 0.028248
v 0.001512 -0.003000 0.028025
v 0.007048 -0.003000 0.026849
v 0.006682 -0.003000 0.025142
v 0.008475 -0.003000 0.023856
v 0.009141 -0.003000 0.027322
v 0.010051 -0.003000 0.025312
v 0.023856 -0.003000 0.008212
v 0.026024 -0.003000 0.010240
v 0.027322 -0.003000 0.007546
v 0.013639 -0.003000 -0.011214
v 0.025312 -0.003000 -0.010051
v 0.001470 -0.003000 -0.028248
v 0.006636 -0.003000 -0.025312
v 0.008212 -0.003000 -0.023856
v 0.010240 -0.003000 -0.026024
v 0.007546 -0.003000 -0.027322
v -0.008475 -0.003000 -0.023856
v -0.010051 -0.003000 -0.025312
v -0.006447 -0.003000 -0.026024
v -0.009141 -0.003000 -0.027322
v -0.027322 -0.003000 -0.007546
v -0.027366 -0.003000 -0.001707
v 0.025356 -0.003000 0.000797
v 0.027366 -0.003000 0.001707
v 0.028822 -0.003000 0.000131
v 0.001295 -0.003000 0.025829
v -0.000797 -0.003000 0.025356
v 0.026849 -0.003000 -0.007048
v 0.027322 -0.003000 -0.009141
v 0.023856 -0.003000 -0.008475
v -0.001295 -0.003000 -0.025829
v 0.000797 -0.003000 -0.025356
v -0.020407 -0.003000 -0.006099
v -0.025312 -0.003000 -0.006636
v -0.023856 -0.003000 -0.008212
v -0.025356 -0.003000 -0.000797
v -0.026655 -0.003000 0.001897
v -0.028822 -0.003000 -0.000131
v -0.023856 -0.003000 0.008475
v -0.026024 -0.003000 0.006447
v -0.025312 -0.003000 0.010051
v -0.022012 -0.003000 0.008354
v -0.019097 -0.000000 -0.010340
v -0.023863 -0.000000 -0.008993
v -0.025142 -0.000000 -0.006682
v -0.017536 -0.000000 -0.002060
v 0.024881 -0.000000 -0.006700
v -0.000131 -0.000000 -0.028822
v 0.001897 -0.000000 -0.026655
v -0.001707 -0.000000 -0.027366
v -0.026703 -0.000000 -0.009856
v 0.004535 -0.000000 -0.017065
v 0.013041 -0.000000 -0.011904
v 0.013639 -0.000000 0.011214
v -0.013041 -0.000000 0.011904
v -0.009639 -0.000000 0.024508
v -0.007546 -0.000000 0.024035
v -0.004535 -0.000000 0.017065
v 0.024508 -0.000000 0.009639
v 0.024035 -0.000000 0.007546
v 0.016791 -0.000000 0.004930
v 0.017406 -0.000000 -0.002964
v -0.013639 -0.000000 -0.011214
v -0.005411 -0.000000 -0.016807
v -0.025356 -0.000000 0.000797
v -0.027366 -0.000000 0.001707
v -0.028661 -0.000000 0.000536
v -0.028025 -0.000000 -0.001512
v -0.025829 -0.000000 -0.001295
v -0.027191 -0.000000 -0.007319
v -0.007694 -0.000000 -0.023863
v -0.006831 -0.000000 -0.026703
v -0.009368 -0.000000 -0.027191
v -0.010005 -0.000000 -0.025142
v 0.009856 -0.000000 -0.026703
v 0.008993 -0.000000 -0.023863
v 0.007319 -0.000000 -0.027191
v 0.006682 -0.000000 -0.025142
v 0.028248 -0.000000 -0.001470
v 0.027149 -0.000000 0.009591
v 0.028025 -0.000000 0.001512
v 0.006700 -0.000000 0.024881
v 0.007546 -0.000000 0.027322
v 0.008710 -0.000000 0.023971
v 0.010240 -0.000000 0.026024
v 0.005411 -0.000000 0.016807
v 0.001470 -0.000000 0.028248
v -0.001512 -0.000000 0.028025
v -0.009591 -0.000000 0.027149
v -0.006700 -0.000000 0.026476
v -0.019254 -0.000000 0.010395
v -0.025142 -0.000000 0.010005
v -0.027191 -0.000000 0.009368
v -0.026703 -0.000000 0.006831
v 0.025829 -0.000000 0.001295
v 0.025356 -0.000000 -0.000797
v 0.026476 -0.000000 0.006700
v -0.001295 -0.000000 0.025829
v 0.000797 -0.000000 0.025356
v 0.023971 -0.000000 -0.008710
v 0.026024 -0.000000 -0.010240
v 0.027322 -0.000000 -0.007546
v -0.000797 -0.000000 -0.025356
v -0.023863 -0.000000 0.007694
v -0.017654 -0.000000 -0.008371
v -0.020335 -0.000000 -0.008523
v -0.016791 -0.000000 0.004930
v -0.017665 -0.000000 0.008523
v -0.020081 -0.000000 0.008083
v 0.036859 0.000500 0.003225
v 0.036859 -0.006000 0.003225
v 0.036970 -0.007917 0.003517
v 0.036890 -0.006000 -0.003222
v 0.036828 -0.007880 -0.003495
v 0.032954 0.000497 -0.002986
v 0.036859 0.000500 -0.003225
v 0.036696 -0.003709 -0.000050
v 0.036767 -0.001906 -0.000969
v 0.036740 -0.001695 0.000865
v 0.031360 -0.002947 0.000546
v 0.031843 -0.001908 0.000893
v 0.031822 -0.001763 -0.000848
v 0.031843 -0.003459 -0.000477
v 0.033134 -0.007750 -0.003151
v -0.027821 -0.007634 -0.018108
v -0.032737 -0.007591 -0.005352
v 0.027821 -0.007634 0.018108
v -0.021286 -0.006000 -0.006934
v -0.017593 -0.006000 -0.006099
v -0.016099 -0.006000 -0.010407
v -0.019646 -0.006000 -0.012012
v -0.021932 -0.006000 -0.009946
v -0.018903 -0.006000 -0.010340
v -0.017782 -0.006000 -0.008149
v -0.020395 -0.006000 -0.008746
v -0.022216 -0.006000 0.008768
v -0.019946 -0.006000 0.011932
v -0.016934 -0.006000 0.011286
v -0.016099 -0.006000 0.007593
v -0.019646 -0.006000 0.005988
v -0.019917 -0.006000 0.007919
v -0.017605 -0.006000 0.008746
v -0.019477 -0.006000 0.010335
v 0.006861 -0.044542 0.034560
v 0.006366 -0.045606 0.034915
v 0.006366 -0.045915 0.033394
v 0.006389 -0.044131 0.033245
v 0.006861 -0.045560 -0.033542
v 0.006366 -0.045915 -0.034606
v 0.006366 -0.044511 -0.033017
v 0.006389 -0.044131 -0.034755
v 0.033902 -0.008127 -0.015905
v 0.017788 -0.008092 0.033032
v 0.025407 -0.008192 0.027558
v 0.033920 -0.008127 0.015867
v 0.018891 -0.049372 0.002138
v 0.018837 -0.051225 0.007526
v 0.018891 -0.054769 0.013286
v 0.018891 -0.061844 0.017711
v 0.018894 -0.067899 0.018637
v 0.018891 -0.074229 0.017685
v 0.018891 -0.081286 0.013231
v 0.018891 -0.085711 0.006156
v 0.018891 -0.086628 -0.002138
v 0.019070 -0.085796 0.002129
v 0.019070 -0.083110 0.009640
v 0.019350 -0.079036 0.013838
v 0.019351 -0.073882 0.016809
v 0.019400 -0.068000 0.017683
v 0.019070 -0.061964 0.016877
v 0.019070 -0.055240 0.012586
v 0.019070 -0.050204 -0.002129
v -0.003097 -0.098108 0.002506
v -0.003100 -0.096372 0.010056
v -0.003097 -0.092822 0.017225
v -0.003097 -0.085433 0.024675
v -0.003097 -0.075943 0.029150
v -0.003100 -0.068254 0.030100
v -0.003097 -0.060303 0.029216
v -0.003100 -0.053170 0.026194
v -0.003097 -0.046727 0.021453
v -0.003097 -0.040672 0.012884
v -0.003097 -0.037914 0.002760
v 0.022221 -0.040098 0.013997
v 0.022217 -0.044413 0.020449
v 0.022209 -0.038235 0.015092
v 0.022212 -0.042395 0.021673
v 0.022209 -0.036862 0.002261
v 0.022225 -0.038417 0.009580
v 0.022197 -0.034730 0.002557
v 0.022206 -0.036274 0.010503
v 0.022223 -0.038415 -0.009710
v 0.022211 -0.036342 -0.010438
v 0.022289 -0.036999 -0.002282
v 0.022203 -0.034606 -0.002638
v 0.022224 -0.044378 -0.020300
v 0.022211 -0.042747 -0.021759
v 0.022230 -0.040139 -0.014007
v 0.022203 -0.038157 -0.015217
v 0.022215 -0.053991 -0.027882
v 0.022224 -0.047621 -0.023606
v 0.022214 -0.052908 -0.029768
v 0.022198 -0.046255 -0.025478
v 0.022296 -0.065749 -0.030998
v 0.022227 -0.058205 -0.029606
v 0.022304 -0.065439 -0.033434
v 0.022215 -0.057653 -0.031867
v 0.022232 -0.077763 -0.029604
v 0.022230 -0.070674 -0.030934
v 0.022231 -0.070156 -0.031602
v 0.022214 -0.078414 -0.031688
v 0.022203 -0.070638 -0.033394
v 0.022220 -0.088348 -0.023622
v 0.022224 -0.082011 -0.027861
v 0.022218 -0.089746 -0.025296
v 0.022198 -0.083217 -0.029840
v 0.022220 -0.095839 -0.014037
v 0.022224 -0.091606 -0.020379
v 0.022210 -0.097759 -0.015047
v 0.022207 -0.093480 -0.021750
v 0.022261 -0.098988 -0.002455
v 0.022197 -0.101252 -0.002396
v 0.022234 -0.097603 -0.009798
v 0.022203 -0.099862 -0.010342
v 0.022225 -0.097626 0.009833
v 0.022203 -0.099165 0.002204
v 0.022202 -0.099900 0.010318
v 0.022252 -0.101371 0.002708
v 0.022213 -0.091614 0.020420
v 0.022234 -0.095792 0.014063
v 0.022211 -0.093524 0.021745
v 0.022196 -0.097725 0.014941
v 0.022213 -0.082002 0.027903
v 0.022244 -0.087982 0.023756
v 0.022202 -0.089385 0.024288
v 0.022203 -0.083093 0.029762
v 0.022223 -0.089337 0.025996
v 0.022209 -0.070261 0.031138
v 0.022231 -0.077736 0.029598
v 0.022245 -0.070542 0.033291
v 0.022215 -0.078396 0.031836
v 0.022236 -0.058163 0.029621
v 0.022213 -0.065730 0.031111
v 0.022209 -0.057625 0.031719
v 0.022234 -0.065410 0.033401
v 0.017300 -0.038244 0.015330
v 0.017300 -0.042672 0.021673
v 0.017300 -0.044325 0.020332
v 0.017300 -0.040065 0.014036
v 0.017300 -0.034643 0.002776
v 0.017300 -0.036306 0.010330
v 0.017300 -0.038354 0.009720
v 0.017300 -0.036820 0.002277
v 0.017300 -0.036330 -0.010457
v 0.017300 -0.034766 -0.002585
v 0.017300 -0.036847 -0.002355
v 0.017300 -0.038359 -0.009537
v 0.017300 -0.042450 -0.021624
v 0.017300 -0.038285 -0.015106
v 0.017300 -0.040143 -0.014091
v 0.017300 -0.053009 -0.029787
v 0.017300 -0.046327 -0.025328
v 0.017300 -0.047637 -0.023694
v 0.017300 -0.053779 -0.027708
v 0.017300 -0.065390 -0.033318
v 0.017300 -0.057670 -0.031694
v 0.017300 -0.058266 -0.029662
v 0.017300 -0.078353 -0.031774
v 0.017300 -0.070585 -0.033234
v 0.017300 -0.070358 -0.031129
v 0.017300 -0.077685 -0.029660
v 0.017300 -0.089720 -0.025400
v 0.017300 -0.083106 -0.029715
v 0.017300 -0.082091 -0.027857
v 0.017300 -0.088298 -0.023696
v 0.017300 -0.097668 -0.015340
v 0.017300 -0.093513 -0.021695
v 0.017300 -0.091679 -0.020344
v 0.017300 -0.096091 -0.013955
v 0.017300 -0.101169 -0.002387
v 0.017300 -0.099874 -0.010280
v 0.017300 -0.097662 -0.009734
v 0.017300 -0.099043 -0.002554
v 0.017300 -0.099880 0.010201
v 0.017300 -0.101227 0.002457
v 0.017300 -0.099047 0.002505
v 0.017300 -0.097678 0.009828
v 0.017300 -0.093550 0.021624
v 0.017300 -0.097708 0.015093
v 0.017300 -0.095857 0.014091
v 0.017300 -0.091657 0.020437
v 0.017300 -0.083330 0.029756
v 0.017300 -0.089677 0.025317
v 0.017300 -0.088344 0.023679
v 0.017300 -0.082036 0.027935
v 0.017300 -0.070776 0.033357
v 0.017300 -0.078345 0.031681
v 0.017300 -0.077734 0.029662
v 0.017300 -0.070277 0.031180
v 0.017300 -0.057799 0.031880
v 0.017300 -0.065415 0.033234
v 0.017300 -0.065693 0.031158
v 0.017300 -0.058172 0.029678
v 0.017300 -0.044344 -0.020422
v 0.017300 -0.065672 -0.031145
v 0.022209 -0.047587 0.023617
v 0.022214 -0.053928 0.027798
v 0.022214 -0.046274 0.025334
v 0.022187 -0.052888 0.029843
v 0.017300 -0.046376 0.025550
v 0.017300 -0.052894 0.029715
v 0.017300 -0.053902 0.027843
v 0.017300 -0.047563 0.023657
v -0.010112 -0.091414 0.021100
v -0.010127 -0.082824 0.027759
v -0.010116 -0.092608 0.022638
v -0.010125 -0.084340 0.029479
v -0.010117 -0.098826 0.006564
v -0.010114 -0.094739 0.016660
v -0.010111 -0.100627 0.007303
v -0.010105 -0.096824 0.017361
v -0.010196 -0.097804 -0.009331
v -0.010121 -0.099268 -0.010212
v -0.010128 -0.100514 -0.009064
v -0.010164 -0.101426 0.000857
v -0.010116 -0.095842 -0.014833
v -0.010114 -0.089102 -0.023399
v -0.010126 -0.091021 -0.024625
v -0.010117 -0.097350 -0.015972
v -0.010146 -0.084666 -0.026755
v -0.010107 -0.074678 -0.030717
v -0.010103 -0.075026 -0.032555
v -0.010097 -0.085495 -0.028626
v -0.010113 -0.058286 -0.029973
v -0.010120 -0.069077 -0.031528
v -0.010125 -0.057978 -0.031891
v -0.010097 -0.068643 -0.033612
v -0.010136 -0.044583 -0.021103
v -0.010113 -0.053179 -0.027824
v -0.010122 -0.043393 -0.022647
v -0.010131 -0.051647 -0.029487
v -0.010114 -0.037129 -0.006574
v -0.010104 -0.041248 -0.016684
v -0.010126 -0.035351 -0.007335
v -0.010097 -0.039213 -0.017363
v -0.010108 -0.038018 0.009725
v -0.010118 -0.036541 -0.001048
v -0.010116 -0.036091 0.009992
v -0.010104 -0.034398 -0.000651
v -0.010112 -0.046900 0.023414
v -0.010117 -0.040162 0.014835
v -0.010116 -0.045362 0.024608
v -0.010101 -0.038555 0.016230
v -0.010158 -0.061457 0.030816
v -0.010115 -0.051318 0.026767
v -0.010116 -0.060699 0.032630
v -0.010120 -0.050556 0.028793
v -0.002700 -0.092580 0.022820
v -0.002700 -0.091400 0.021193
v -0.002700 -0.084058 0.029291
v -0.002700 -0.082871 0.027810
v -0.002700 -0.100697 0.007473
v -0.002700 -0.098861 0.006654
v -0.002700 -0.096552 0.017338
v -0.002700 -0.094762 0.016639
v -0.002700 -0.099831 -0.010161
v -0.002700 -0.098055 -0.009437
v -0.002700 -0.101396 0.000739
v -0.002700 -0.099429 0.001008
v -0.002700 -0.090820 -0.024580
v -0.002700 -0.089192 -0.023387
v -0.002700 -0.097291 -0.016058
v -0.002700 -0.095831 -0.014864
v -0.002700 -0.075111 -0.032505
v -0.002700 -0.074715 -0.030803
v -0.002700 -0.085238 -0.028901
v -0.002700 -0.084670 -0.026788
v -0.002700 -0.058089 -0.032035
v -0.002700 -0.058338 -0.030051
v -0.002700 -0.068739 -0.033396
v -0.002700 -0.069043 -0.031534
v -0.002700 -0.043427 -0.022828
v -0.002700 -0.044598 -0.021193
v -0.002700 -0.051942 -0.029291
v -0.002700 -0.053136 -0.027831
v -0.002700 -0.035307 -0.007494
v -0.002700 -0.037135 -0.006651
v -0.002700 -0.039448 -0.017338
v -0.002700 -0.041212 -0.016670
v -0.002700 -0.035952 0.009879
v -0.002700 -0.037948 0.009668
v -0.002700 -0.034563 -0.000706
v -0.002700 -0.036562 -0.001012
v -0.002700 -0.045180 0.024580
v -0.002700 -0.046807 0.023400
v -0.002700 -0.038709 0.016030
v -0.002700 -0.040176 0.014866
v -0.002700 -0.060527 0.032697
v -0.002700 -0.061346 0.030861
v -0.002700 -0.050614 0.028495
v -0.002700 -0.051350 0.026784
v -0.010135 -0.077748 0.030018
v -0.010106 -0.066883 0.031541
v -0.010160 -0.078013 0.031921
v -0.010100 -0.067446 0.033646
v -0.002700 -0.077877 0.032052
v -0.002700 -0.077669 0.030053
v -0.002700 -0.066933 0.033239
v -0.002700 -0.067229 0.031397
v -0.008674 -0.102637 -0.003886
v -0.008762 -0.099966 -0.014368
v -0.008762 -0.093569 -0.023968
v -0.008697 -0.083916 -0.031082
v -0.008678 -0.076879 -0.033535
v -0.008674 -0.066988 -0.034840
v -0.008674 -0.055730 -0.032624
v -0.008674 -0.045802 -0.026872
v -0.008674 -0.038280 -0.018208
v -0.008762 -0.033950 -0.008296
v -0.008678 -0.033312 -0.000375
v 0.020278 -0.033312 0.000375
v 0.020362 -0.034105 -0.008910
v 0.020271 -0.037111 -0.015799
v 0.020256 -0.042749 -0.023931
v 0.020256 -0.051887 -0.030833
v 0.020256 -0.062772 -0.034394
v 0.020256 -0.071864 -0.034468
v 0.020256 -0.079772 -0.032737
v 0.020256 -0.089764 -0.027141
v 0.020251 -0.095979 -0.020390
v 0.020362 -0.100220 -0.013787
v 0.020271 -0.102080 -0.006505
v 0.020256 -0.102625 0.003375
v 0.014881 -0.046718 -0.001420
v 0.014892 -0.048055 -0.008059
v 0.015287 -0.052033 -0.014562
v 0.014902 -0.056857 -0.018173
v 0.014980 -0.063855 -0.021047
v 0.014960 -0.072779 -0.020902
v 0.014960 -0.080868 -0.017151
v 0.014881 -0.087290 -0.009446
v 0.014892 -0.089498 -0.000750
v 0.016700 -0.067685 -0.024119
v 0.018300 -0.067832 -0.024079
v 0.016700 -0.068884 -0.024936
v 0.018300 -0.068884 -0.025064
v 0.018300 -0.067438 0.024196
v 0.016700 -0.067685 0.025881
v 0.018300 -0.067832 0.025921
v 0.016700 -0.068884 0.025064
v 0.018300 -0.068884 0.024936
v 0.005420 -0.068011 -0.030204
v 0.005371 -0.067952 -0.035029
v 0.005180 -0.067353 -0.032492
v 0.004518 -0.067077 -0.030185
v 0.003728 -0.068055 -0.035029
v 0.003917 -0.067378 -0.032492
v 0.003678 -0.067995 -0.030204
v 0.003898 -0.067339 0.032647
v 0.003728 -0.067945 0.035029
v 0.005420 -0.067988 0.030204
v 0.005370 -0.068047 0.035029
v 0.005183 -0.067378 0.032492
v 0.004554 -0.067062 0.030185
v 0.003678 -0.068005 0.030204
v 0.009600 -0.037858 0.002692
v 0.009600 -0.040778 0.013119
v 0.009600 -0.046864 0.021594
v 0.009600 -0.055468 0.027493
v 0.009598 -0.065344 0.030049
v 0.009601 -0.075284 0.029387
v 0.009600 -0.085388 0.024704
v 0.009600 -0.092752 0.017318
v 0.009600 -0.097165 0.007869
v 0.009600 -0.038835 -0.007869
v 0.009600 -0.043248 -0.017318
v 0.009600 -0.050612 -0.024704
v 0.009601 -0.060717 -0.029387
v 0.009598 -0.070656 -0.030049
v 0.009600 -0.080532 -0.027493
v 0.009600 -0.089136 -0.021594
v 0.009600 -0.095222 -0.013119
v 0.009600 -0.098143 -0.002692
v 0.000600 -0.098143 0.002692
v 0.000600 -0.095222 0.013119
v 0.000600 -0.089136 0.021594
v 0.000600 -0.080532 0.027493
v 0.000602 -0.070557 0.030068
v 0.000598 -0.060810 0.029419
v 0.000600 -0.050612 0.024704
v 0.000600 -0.043248 0.017318
v 0.000600 -0.038835 0.007869
v 0.000600 -0.097165 -0.007869
v 0.000600 -0.092752 -0.017318
v 0.000600 -0.085388 -0.024704
v 0.000598 -0.075190 -0.029419
v 0.000602 -0.065443 -0.030068
v 0.000600 -0.055468 -0.027493
v 0.000600 -0.046864 -0.021594
v 0.000600 -0.040778 -0.013119
v 0.000600 -0.037858 -0.002692
v 0.004518 -0.068923 0.030185
v -0.010131 -0.037748 0.002351
v -0.010087 -0.046172 0.021095
v -0.010237 -0.049131 0.024354
v -0.010155 -0.040172 0.012296
v -0.010229 -0.049994 0.024923
v -0.010155 -0.077898 0.028929
v -0.010132 -0.062403 0.030050
v -0.010149 -0.087363 0.023310
v -0.010161 -0.098176 -0.004842
v -0.010181 -0.097864 0.005086
v -0.010148 -0.095474 0.012981
v -0.010184 -0.091323 0.019335
v -0.010192 -0.040748 -0.021812
v -0.010144 -0.036038 -0.014369
v -0.010149 -0.033543 -0.005741
v -0.010186 -0.033096 -0.000434
v -0.010180 -0.046934 -0.027932
v -0.010187 -0.054102 -0.031994
v -0.010138 -0.062544 -0.034619
v -0.010177 -0.071065 -0.034775
v -0.010144 -0.079681 -0.033039
v -0.010189 -0.089805 -0.027339
v -0.010184 -0.095596 -0.021390
v -0.010171 -0.100132 -0.013989
v -0.010160 -0.102941 -0.002566
v 0.022269 -0.102913 -0.000175
v 0.022253 -0.101885 -0.008916
v 0.022261 -0.098629 -0.016765
v 0.022269 -0.093546 -0.023969
v 0.022247 -0.086975 -0.029321
v 0.022267 -0.079060 -0.033240
v 0.022283 -0.070548 -0.034806
v 0.022249 -0.065128 -0.034810
v 0.022257 -0.056315 -0.033031
v 0.022247 -0.048771 -0.029154
v 0.022282 -0.044220 -0.025553
v 0.022247 -0.040346 -0.021331
v 0.022260 -0.035785 -0.013772
v 0.022241 -0.033505 -0.005505
v 0.022300 -0.033203 -0.001129
v 0.022229 -0.033095 0.003297
v 0.014870 -0.086545 0.002221
v 0.014870 -0.083745 0.010047
v 0.014870 -0.077827 0.015884
v 0.014863 -0.069965 0.018578
v 0.014876 -0.059602 0.016892
v 0.014870 -0.052116 0.009827
v 0.014876 -0.049138 -0.000237
v 0.022175 -0.098125 -0.000000
v 0.022003 -0.097275 0.007400
v 0.022221 -0.095585 0.012434
v 0.022327 -0.089563 0.021798
v 0.022258 -0.085495 0.024756
v 0.021924 -0.079833 0.027694
v 0.022005 -0.070630 0.030067
v 0.022050 -0.062776 0.029626
v 0.022026 -0.055345 0.027399
v 0.022313 -0.046624 0.021838
v 0.021904 -0.040773 0.012984
v 0.022254 -0.038839 0.008147
v 0.022345 -0.037305 0.000684
v 0.021727 -0.037964 0.001975
v 0.021516 -0.096166 0.007631
v 0.021517 -0.097041 -0.002665
v 0.021519 -0.091735 0.017000
v 0.021521 -0.084322 0.024216
v 0.021521 -0.073197 0.028859
v 0.021520 -0.061134 0.028382
v 0.021650 -0.047724 0.022331
v 0.021523 -0.047877 0.021168
v 0.021530 -0.041704 0.012701
v 0.021517 -0.038959 0.002665
v 0.022022 -0.097158 -0.007813
v 0.021530 -0.094296 -0.012701
v 0.022093 -0.092754 -0.017332
v 0.021523 -0.088123 -0.021168
v 0.021533 -0.082068 -0.025482
v 0.022040 -0.080656 -0.027404
v 0.021520 -0.074866 -0.028382
v 0.021890 -0.071493 -0.029913
v 0.021521 -0.062803 -0.028859
v 0.021600 -0.058238 -0.028779
v 0.021521 -0.051678 -0.024216
v 0.022049 -0.046259 -0.020973
v 0.021519 -0.044265 -0.017000
v 0.022053 -0.040592 -0.012657
v 0.021516 -0.039834 -0.007631
v 0.021990 -0.038389 -0.005196
v 0.021600 -0.090844 0.020043
v 0.019804 -0.089278 -0.000566
v 0.018305 -0.090797 0.000606
v 0.018301 -0.087789 -0.010936
v 0.019811 -0.083566 -0.014889
v 0.018311 -0.078018 -0.020792
v 0.019805 -0.069661 -0.021220
v 0.018310 -0.059251 -0.021358
v 0.019804 -0.056871 -0.018144
v 0.018312 -0.046275 -0.007789
v 0.019811 -0.047323 -0.006036
v 0.018297 -0.040818 0.004426
v 0.019842 -0.039044 0.002721
v 0.019833 -0.042023 0.012971
v 0.018296 -0.047220 0.018073
v 0.019833 -0.048117 0.021189
v 0.018299 -0.057700 0.025340
v 0.019833 -0.057062 0.026917
v 0.018294 -0.072384 0.027456
v 0.019837 -0.065049 0.028799
v 0.019836 -0.073358 0.028564
v 0.019836 -0.083250 0.024740
v 0.018291 -0.089734 0.017335
v 0.019836 -0.091112 0.017620
v 0.019836 -0.095895 0.008151
v 0.018299 -0.095192 0.002972
v 0.019842 -0.096956 -0.002721
v 0.016700 -0.058352 0.028445
v 0.016700 -0.067585 -0.025888
v 0.016700 -0.075277 -0.028952
v 0.016700 -0.063113 -0.021046
v 0.016700 -0.052990 -0.015804
v 0.016700 -0.064936 -0.029694
v 0.016700 -0.067585 0.024112
v 0.016700 -0.053851 0.016580
v 0.016700 -0.054965 -0.026856
v 0.016700 -0.068000 0.029750
v 0.016700 -0.078893 0.027992
v 0.016700 -0.044571 -0.018795
v 0.016700 -0.046567 -0.003963
v 0.016700 -0.072095 -0.021214
v 0.016700 -0.080370 -0.017714
v 0.016700 -0.041144 0.013035
v 0.016700 -0.047581 0.007060
v 0.016700 -0.038306 0.003064
v 0.016700 -0.039048 -0.007277
v 0.016700 -0.047222 0.021434
v 0.016700 -0.063905 0.021214
v 0.016700 -0.072887 0.021046
v 0.016700 -0.084740 -0.024717
v 0.016700 -0.081025 0.017238
v 0.016700 -0.089434 0.020778
v 0.016700 -0.088141 0.008333
v 0.016700 -0.095248 0.012194
v 0.016700 -0.086505 -0.011151
v 0.016700 -0.092184 -0.017501
v 0.016700 -0.096711 -0.008174
v 0.016700 -0.089441 -0.002661
v 0.016700 -0.097775 0.002139
v 0.018297 -0.061084 -0.026659
v 0.018300 -0.067438 -0.025804
v 0.018299 -0.073469 -0.026802
v 0.018312 -0.084678 0.015952
v 0.018301 -0.072286 0.022200
v 0.018297 -0.085106 -0.021584
v 0.018296 -0.093906 -0.009346
v 0.018304 -0.046927 0.008719
v 0.018312 -0.057982 0.020791
v 0.018296 -0.048087 -0.019024
v 0.018299 -0.041817 -0.007918
v -0.004700 -0.033439 -0.003623
v -0.003700 -0.033314 -0.002115
v -0.003700 -0.035578 -0.012244
v -0.004700 -0.035836 -0.012664
v -0.003700 -0.038329 -0.018768
v -0.004700 -0.038895 -0.019633
v -0.003700 -0.045400 -0.026468
v -0.004700 -0.043764 -0.024773
v -0.004700 -0.052130 -0.030915
v -0.003700 -0.055219 -0.032372
v -0.004700 -0.063028 -0.034393
v -0.003700 -0.063620 -0.034289
v -0.003700 -0.073256 -0.034427
v -0.004700 -0.075013 -0.034231
v -0.003700 -0.080467 -0.032241
v -0.004700 -0.080951 -0.032146
v -0.003700 -0.089008 -0.027776
v -0.004700 -0.089936 -0.026951
v -0.003700 -0.094310 -0.022421
v -0.004700 -0.097499 -0.018368
v -0.003700 -0.099940 -0.014574
v -0.004700 -0.101865 -0.007795
v -0.003700 -0.102942 -0.003414
v -0.004700 -0.102561 0.003623
v -0.006200 -0.100902 -0.010533
v -0.006200 -0.094310 -0.022421
v -0.006200 -0.089008 -0.027776
v -0.006200 -0.080467 -0.032241
v -0.006200 -0.073256 -0.034427
v -0.006200 -0.063620 -0.034289
v -0.006200 -0.055219 -0.032372
v -0.006200 -0.045400 -0.026468
v -0.006200 -0.035578 -0.012244
v -0.006200 -0.033314 -0.002115
v -0.006200 -0.046846 0.028019
v -0.006200 -0.055473 0.032315
v -0.006200 -0.063028 0.034393
v -0.006200 -0.072380 0.034289
v -0.006200 -0.079887 0.033034
v -0.006200 -0.086288 0.029309
v -0.006200 -0.089969 0.027385
v -0.006200 -0.097499 0.018368
v -0.006200 -0.102053 0.007044
v -0.006200 -0.102942 -0.003414
v -0.006200 -0.099940 -0.014574
v -0.006200 -0.038329 -0.018768
v -0.006200 -0.034699 0.010012
v -0.006200 -0.038895 0.019633
v -0.006200 -0.044077 0.024923
v -0.004700 -0.099512 0.014649
v -0.004700 -0.093048 0.024087
v -0.004700 -0.083870 0.030915
v -0.004700 -0.072972 0.034393
v -0.004700 -0.063620 0.034289
v -0.004700 -0.056113 0.033034
v -0.004700 -0.049712 0.029309
v -0.004700 -0.046031 0.027385
v -0.004700 -0.038066 0.018024
v -0.004700 -0.035567 0.011897
v -0.004700 -0.033843 0.008117
v -0.002200 -0.102561 0.003623
v -0.003700 -0.100902 -0.010533
v -0.002200 -0.101865 -0.007795
v -0.002200 -0.097499 -0.018368
v -0.002200 -0.089936 -0.026951
v -0.002200 -0.080951 -0.032146
v -0.002200 -0.075013 -0.034231
v -0.002200 -0.063028 -0.034393
v -0.002200 -0.052130 -0.030915
v -0.002200 -0.043764 -0.024773
v -0.002200 -0.035836 -0.012664
v -0.002200 -0.033461 0.000721
v -0.003700 -0.046846 0.028019
v -0.003700 -0.055473 0.032315
v -0.003700 -0.063028 0.034393
v -0.003700 -0.072380 0.034289
v -0.003700 -0.079887 0.033034
v -0.003700 -0.086288 0.029309
v -0.003700 -0.089969 0.027385
v -0.003700 -0.097499 0.018368
v -0.003700 -0.102053 0.007044
v -0.003700 -0.034699 0.010012
v -0.003700 -0.038895 0.019633
v -0.003700 -0.044077 0.024923
v -0.002200 -0.099512 0.014649
v -0.002200 -0.093048 0.024087
v -0.002200 -0.083870 0.030915
v -0.002200 -0.072972 0.034393
v -0.002200 -0.063620 0.034289
v -0.002200 -0.056237 0.032779
v -0.002200 -0.047828 0.028071
v -0.002200 -0.042053 0.023230
v -0.002200 -0.036899 0.015087
v -0.002200 -0.033843 0.008117
v -0.002200 -0.033058 -0.003414
v -0.002200 -0.038895 -0.019633
v -0.007200 -0.102561 0.003623
v -0.007200 -0.101865 -0.007795
v -0.008700 -0.095699 -0.020645
v -0.007200 -0.097499 -0.018368
v -0.007200 -0.089936 -0.026951
v -0.007200 -0.080951 -0.032146
v -0.007200 -0.075013 -0.034231
v -0.007200 -0.063028 -0.034393
v -0.007200 -0.052130 -0.030915
v -0.007200 -0.043764 -0.024773
v -0.007200 -0.035836 -0.012664
v -0.007200 -0.033439 -0.003623
v -0.008700 -0.048506 0.028521
v -0.008762 -0.051599 0.030972
v -0.008651 -0.060566 0.033813
v -0.008762 -0.068317 0.035045
v -0.008700 -0.075780 0.033659
v -0.008762 -0.079679 0.033043
v -0.008656 -0.089764 0.027141
v -0.008651 -0.095979 0.020390
v -0.008762 -0.100220 0.013787
v -0.008678 -0.102153 0.006080
v -0.008762 -0.034105 0.008910
v -0.008678 -0.037314 0.016180
v -0.008762 -0.042431 0.023968
v -0.007200 -0.099512 0.014649
v -0.007200 -0.093048 0.024087
v -0.007200 -0.083870 0.030915
v -0.007200 -0.072972 0.034393
v -0.007200 -0.063620 0.034289
v -0.007200 -0.056113 0.033034
v -0.007200 -0.049712 0.029309
v -0.007200 -0.046031 0.027385
v -0.007200 -0.038066 0.018024
v -0.007200 -0.035567 0.011897
v -0.007200 -0.033843 0.008117
v -0.007200 -0.038895 -0.019633
v 0.017800 -0.033439 -0.003623
v 0.018800 -0.033314 -0.002115
v 0.018800 -0.035578 -0.012244
v 0.017800 -0.035836 -0.012664
v 0.018800 -0.038329 -0.018768
v 0.017800 -0.038895 -0.019633
v 0.018800 -0.045400 -0.026468
v 0.017800 -0.043764 -0.024773
v 0.017800 -0.052130 -0.030915
v 0.018800 -0.055219 -0.032372
v 0.017800 -0.063028 -0.034393
v 0.018800 -0.063620 -0.034289
v 0.018800 -0.073256 -0.034427
v 0.017800 -0.075013 -0.034231
v 0.018800 -0.080467 -0.032241
v 0.017800 -0.080951 -0.032146
v 0.018800 -0.089008 -0.027776
v 0.017800 -0.089936 -0.026951
v 0.018800 -0.094310 -0.022421
v 0.017800 -0.097499 -0.018368
v 0.018800 -0.099940 -0.014574
v 0.017800 -0.101865 -0.007795
v 0.018800 -0.102942 -0.003414
v 0.017800 -0.102561 0.003623
v 0.016300 -0.100902 -0.010533
v 0.016300 -0.094310 -0.022421
v 0.016300 -0.089008 -0.027776
v 0.016300 -0.080467 -0.032241
v 0.016300 -0.073256 -0.034427
v 0.016300 -0.063620 -0.034289
v 0.016300 -0.055219 -0.032372
v 0.016300 -0.045400 -0.026468
v 0.016300 -0.035578 -0.012244
v 0.016300 -0.033314 -0.002115
v 0.016300 -0.046846 0.028019
v 0.016300 -0.055473 0.032315
v 0.016300 -0.063028 0.034393
v 0.016300 -0.072380 0.034289
v 0.016300 -0.079887 0.033034
v 0.016300 -0.086288 0.029309
v 0.016300 -0.089969 0.027385
v 0.016300 -0.097499 0.018368
v 0.016300 -0.102053 0.007044
v 0.016300 -0.102942 -0.003414
v 0.016300 -0.099940 -0.014574
v 0.016300 -0.038329 -0.018768
v 0.016300 -0.034699 0.010012
v 0.016300 -0.038895 0.019633
v 0.016300 -0.044077 0.024923
v 0.017800 -0.099512 0.014649
v 0.017800 -0.093048 0.024087
v 0.017800 -0.083870 0.030915
v 0.017800 -0.072972 0.034393
v 0.017800 -0.063620 0.034289
v 0.017800 -0.056113 0.033034
v 0.017800 -0.049712 0.029309
v 0.017800 -0.046031 0.027385
v 0.017800 -0.038066 0.018024
v 0.017800 -0.035567 0.011897
v 0.017800 -0.033843 0.008117
v 0.018800 -0.100902 -0.010533
v 0.018800 -0.046846 0.028019
v 0.018800 -0.055473 0.032315
v 0.018800 -0.063028 0.034393
v 0.018800 -0.072380 0.034289
v 0.018800 -0.079887 0.033034
v 0.018800 -0.086288 0.029309
v 0.018800 -0.089969 0.027385
v 0.018800 -0.097499 0.018368
v 0.018800 -0.102053 0.007044
v 0.018800 -0.034699 0.010012
v 0.018800 -0.038895 0.019633
v 0.018800 -0.044077 0.024923
v 0.020256 -0.099654 0.014435
v 0.020256 -0.093251 0.023931
v 0.020256 -0.084113 0.030833
v 0.020251 -0.075434 0.033813
v 0.020362 -0.067683 0.035045
v 0.020300 -0.060220 0.033659
v 0.020362 -0.056321 0.033043
v 0.020251 -0.048158 0.028370
v 0.020362 -0.042002 0.023502
v 0.020278 -0.037671 0.016840
v 0.020362 -0.033950 0.008296
v 0.015300 -0.102561 0.003623
v 0.013800 -0.100902 -0.010533
v 0.015300 -0.101865 -0.007795
v 0.015300 -0.097499 -0.018368
v 0.013800 -0.094310 -0.022421
v 0.015300 -0.089936 -0.026951
v 0.013800 -0.089008 -0.027776
v 0.013800 -0.080467 -0.032241
v 0.015300 -0.080951 -0.032146
v 0.013800 -0.073256 -0.034427
v 0.015300 -0.075013 -0.034231
v 0.013800 -0.063620 -0.034289
v 0.015300 -0.063028 -0.034393
v 0.013800 -0.055219 -0.032372
v 0.015300 -0.052130 -0.030915
v 0.013800 -0.045400 -0.026468
v 0.015300 -0.043764 -0.024773
v 0.013800 -0.035578 -0.012244
v 0.015300 -0.035836 -0.012664
v 0.013800 -0.033314 -0.002115
v 0.015300 -0.033439 -0.003623
v 0.013800 -0.046846 0.028019
v 0.013800 -0.055473 0.032315
v 0.013800 -0.063028 0.034393
v 0.013800 -0.072380 0.034289
v 0.013800 -0.079887 0.033034
v 0.013800 -0.086288 0.029309
v 0.013800 -0.089969 0.027385
v 0.013800 -0.097499 0.018368
v 0.013800 -0.102053 0.007044
v 0.013800 -0.102942 -0.003414
v 0.013800 -0.099940 -0.014574
v 0.013800 -0.038329 -0.018768
v 0.013800 -0.034699 0.010012
v 0.013800 -0.038895 0.019633
v 0.013800 -0.044077 0.024923
v 0.015300 -0.099512 0.014649
v 0.015300 -0.093048 0.024087
v 0.015300 -0.083870 0.030915
v 0.015300 -0.072972 0.034393
v 0.015300 -0.063620 0.034289
v 0.015300 -0.056113 0.033034
v 0.015300 -0.049712 0.029309
v 0.015300 -0.046031 0.027385
v 0.015300 -0.038066 0.018024
v 0.015300 -0.035567 0.011897
v 0.015300 -0.033843 0.008117
v 0.015300 -0.038895 -0.019633
v 0.005302 -0.074077 0.032087
v 0.005257 -0.068475 0.032496
v 0.004011 -0.068813 0.032507
v 0.003800 -0.081344 0.029970
v 0.005300 -0.084833 0.027929
v 0.003800 -0.092648 0.021351
v 0.005300 -0.093293 0.020583
v 0.003800 -0.099961 0.008044
v 0.005300 -0.099648 0.008496
v 0.005300 -0.054559 -0.032641
v 0.005305 -0.059623 -0.031597
v 0.005300 -0.048761 -0.026331
v 0.005800 -0.042257 -0.023886
v 0.005300 -0.040947 -0.018209
v 0.005300 -0.034930 -0.012348
v 0.005300 -0.035567 -0.004960
v 0.005300 -0.032975 0.002388
v 0.005300 -0.036624 0.008887
v 0.005300 -0.035723 0.013808
v 0.005300 -0.041523 0.019037
v 0.005800 -0.042257 0.023886
v 0.005300 -0.049585 0.026913
v 0.005800 -0.051359 0.030924
v 0.005303 -0.060095 0.031664
v 0.005760 -0.062326 0.034671
v 0.003800 -0.032975 -0.002388
v 0.003800 -0.035560 -0.003331
v 0.003340 -0.062322 -0.034670
v 0.003800 -0.036364 0.007912
v 0.003800 -0.034930 0.012348
v 0.003800 -0.042340 0.020446
v 0.003300 -0.042257 0.023886
v 0.003800 -0.053601 0.029259
v 0.003800 -0.054559 0.032641
v 0.003798 -0.060153 -0.031685
v 0.003300 -0.051359 -0.030924
v 0.003800 -0.047358 -0.025503
v 0.003300 -0.042257 -0.023886
v 0.003800 -0.038632 -0.014175
v 0.003800 -0.035723 -0.013808
v 0.006306 -0.062215 -0.034675
v 0.005760 -0.073674 -0.034671
v 0.006300 -0.102985 0.004962
v 0.005300 -0.102985 -0.004962
v 0.006300 -0.050913 -0.030668
v 0.006300 -0.035723 -0.013808
v 0.006300 -0.032975 -0.002388
v 0.006300 -0.101845 -0.009329
v 0.005800 -0.098696 -0.016815
v 0.005800 -0.093743 -0.023886
v 0.005800 -0.084641 -0.030924
v 0.002800 -0.102985 -0.004962
v 0.002794 -0.073782 -0.034676
v 0.002800 -0.034930 -0.012348
v 0.002800 -0.032975 0.002388
v 0.003800 -0.101845 -0.009329
v 0.003300 -0.098696 -0.016815
v 0.003300 -0.093743 -0.023886
v 0.002800 -0.085087 -0.030668
v 0.003800 -0.081441 -0.032641
v 0.006300 -0.035561 -0.003347
v 0.007800 -0.035195 0.000723
v 0.007800 -0.038233 -0.013321
v 0.006300 -0.039952 -0.017029
v 0.007800 -0.044584 -0.022698
v 0.006300 -0.049712 -0.027001
v 0.007800 -0.053760 -0.029338
v 0.006300 -0.060050 -0.031628
v 0.007800 -0.064653 -0.032439
v 0.006300 -0.074409 -0.032181
v 0.007800 -0.075950 -0.031628
v 0.007800 -0.086288 -0.027001
v 0.006300 -0.087118 -0.026420
v 0.007800 -0.094420 -0.019118
v 0.006300 -0.095001 -0.018288
v 0.007800 -0.099365 -0.008929
v 0.006300 -0.099628 -0.007950
v 0.007800 -0.100432 0.004984
v 0.006300 -0.100181 0.006409
v 0.008255 -0.073780 -0.034639
v 0.008300 -0.082059 -0.032052
v 0.007800 -0.089969 -0.027385
v 0.007800 -0.097671 -0.018768
v 0.007800 -0.102157 -0.008117
v 0.007800 -0.102942 0.003414
v 0.007800 -0.099940 0.014574
v 0.007800 -0.095001 0.018288
v 0.007800 -0.093477 0.024155
v 0.007800 -0.085029 0.028048
v 0.007800 -0.084253 0.031119
v 0.007800 -0.071347 0.032439
v 0.007800 -0.073268 0.034710
v 0.007800 -0.058621 0.034034
v 0.007800 -0.060050 0.031628
v 0.007800 -0.049712 0.027001
v 0.007800 -0.046031 0.027385
v 0.007800 -0.039952 0.017029
v 0.007800 -0.038329 0.018768
v 0.007800 -0.033843 0.008117
v 0.007800 -0.033058 -0.003414
v 0.008300 -0.034896 -0.011364
v 0.007800 -0.038895 -0.019633
v 0.007800 -0.049312 -0.029951
v 0.007800 -0.062732 -0.034710
v 0.006300 -0.072984 0.032432
v 0.006306 -0.073785 0.034675
v 0.006300 -0.085087 0.030668
v 0.006300 -0.086288 0.027001
v 0.005800 -0.093743 0.023886
v 0.006300 -0.094420 0.019118
v 0.005800 -0.098696 0.016815
v 0.006300 -0.036926 0.010540
v 0.006300 -0.034930 0.012348
v 0.006300 -0.046359 0.024665
v 0.006300 -0.059071 0.031365
v 0.008800 -0.032973 -0.002384
v 0.008800 -0.038329 -0.018768
v 0.008800 -0.046031 -0.027385
v 0.008800 -0.058621 -0.034034
v 0.008800 -0.089154 -0.028019
v 0.008800 -0.098691 -0.017446
v 0.008800 -0.102942 -0.003414
v 0.001300 -0.035561 -0.003347
v 0.002800 -0.035195 0.000723
v 0.002800 -0.038233 -0.013321
v 0.001300 -0.038662 -0.014240
v 0.002800 -0.044584 -0.022698
v 0.001300 -0.047468 -0.025595
v 0.002800 -0.053760 -0.029338
v 0.001300 -0.060050 -0.031628
v 0.002800 -0.064653 -0.032439
v 0.001300 -0.074409 -0.032181
v 0.002800 -0.075950 -0.031628
v 0.002800 -0.086288 -0.027001
v 0.001300 -0.087118 -0.026420
v 0.002800 -0.094420 -0.019118
v 0.001300 -0.095001 -0.018288
v 0.002800 -0.099365 -0.008929
v 0.001300 -0.099628 -0.007950
v 0.002800 -0.100432 0.004984
v 0.001300 -0.100181 0.006409
v 0.002800 -0.071347 0.032439
v 0.002794 -0.062218 0.034676
v 0.002800 -0.060050 0.031628
v 0.002800 -0.050913 0.030668
v 0.002800 -0.049712 0.027001
v 0.002800 -0.039952 0.017029
v 0.002800 -0.035723 0.013808
v 0.002800 -0.101845 0.009329
v 0.002800 -0.095001 0.018288
v 0.003300 -0.098696 0.016815
v 0.003300 -0.093743 0.023886
v 0.002800 -0.085029 0.028048
v 0.003300 -0.084641 0.030924
v 0.003340 -0.073678 0.034670
v 0.001300 -0.058621 -0.034034
v 0.001300 -0.046031 -0.027385
v 0.001300 -0.038329 -0.018768
v 0.000800 -0.034896 -0.011364
v 0.001300 -0.032973 -0.002384
v 0.001300 -0.036926 0.010540
v 0.001300 -0.034097 0.009118
v 0.001300 -0.038895 0.019633
v 0.001300 -0.046359 0.024665
v 0.001300 -0.049312 0.029951
v 0.001300 -0.059071 0.031365
v 0.001300 -0.062732 0.034710
v 0.001300 -0.072984 0.032432
v 0.001300 -0.077379 0.034034
v 0.001300 -0.086288 0.027001
v 0.001300 -0.089969 0.027385
v 0.001300 -0.094420 0.019118
v 0.001300 -0.097671 0.018768
v 0.001300 -0.102157 0.008117
v 0.001300 -0.102942 -0.003414
v 0.001300 -0.098691 -0.017446
v 0.001300 -0.089154 -0.028019
v 0.000800 -0.082059 -0.032052
v 0.000755 -0.073780 -0.034639
v 0.000300 -0.033058 -0.003414
v 0.000300 -0.040600 -0.022260
v 0.000300 -0.051747 -0.031119
v 0.000300 -0.062732 -0.034710
v 0.000300 -0.089969 -0.027385
v 0.000300 -0.097671 -0.018768
v 0.000300 -0.102157 -0.008117
v 0.000300 -0.102942 0.003414
v 0.008800 -0.035561 -0.003347
v 0.010300 -0.035195 0.000723
v 0.010300 -0.038233 -0.013321
v 0.008800 -0.038662 -0.014240
v 0.010300 -0.044584 -0.022698
v 0.008800 -0.047468 -0.025595
v 0.010300 -0.053760 -0.029338
v 0.008800 -0.060050 -0.031628
v 0.010300 -0.064653 -0.032439
v 0.008800 -0.074409 -0.032181
v 0.010300 -0.075950 -0.031628
v 0.010300 -0.086288 -0.027001
v 0.008800 -0.087118 -0.026420
v 0.010300 -0.094420 -0.019118
v 0.008800 -0.095001 -0.018288
v 0.010300 -0.099365 -0.008929
v 0.008800 -0.099628 -0.007950
v 0.010300 -0.100432 0.004984
v 0.008800 -0.100181 0.006409
v 0.010755 -0.073780 -0.034639
v 0.010800 -0.082059 -0.032052
v 0.010300 -0.089969 -0.027385
v 0.010300 -0.097671 -0.018768
v 0.010300 -0.102157 -0.008117
v 0.010300 -0.102942 0.003414
v 0.010300 -0.099940 0.014574
v 0.010300 -0.095001 0.018288
v 0.010300 -0.093477 0.024155
v 0.010300 -0.085029 0.028048
v 0.010300 -0.084253 0.031119
v 0.010300 -0.071347 0.032439
v 0.010300 -0.073268 0.034710
v 0.010300 -0.058621 0.034034
v 0.010300 -0.060050 0.031628
v 0.010300 -0.049712 0.027001
v 0.010300 -0.046031 0.027385
v 0.010300 -0.039952 0.017029
v 0.010300 -0.038329 0.018768
v 0.010300 -0.033843 0.008117
v 0.010300 -0.033058 -0.003414
v 0.010800 -0.034896 -0.011364
v 0.010300 -0.040600 -0.022260
v 0.010300 -0.051747 -0.031119
v 0.010300 -0.062732 -0.034710
v 0.008800 -0.036926 0.010540
v 0.008800 -0.034097 0.009118
v 0.008800 -0.038895 0.019633
v 0.008800 -0.046359 0.024665
v 0.008800 -0.049312 0.029951
v 0.008800 -0.059071 0.031365
v 0.008800 -0.062732 0.034710
v 0.008800 -0.072984 0.032432
v 0.008800 -0.077379 0.034034
v 0.008800 -0.086288 0.027001
v 0.008800 -0.089969 0.027385
v 0.008800 -0.094420 0.019118
v 0.008800 -0.097671 0.018768
v 0.008800 -0.102157 0.008117
v -0.001200 -0.035561 -0.003347
v 0.000300 -0.035195 0.000723
v 0.000300 -0.038233 -0.013321
v -0.001200 -0.038662 -0.014240
v 0.000300 -0.044584 -0.022698
v -0.001200 -0.047468 -0.025595
v 0.000300 -0.053760 -0.029338
v -0.001200 -0.060050 -0.031628
v 0.000300 -0.064653 -0.032439
v -0.001200 -0.074409 -0.032181
v 0.000300 -0.075950 -0.031628
v 0.000300 -0.086288 -0.027001
v -0.001200 -0.087118 -0.026420
v 0.000300 -0.094420 -0.019118
v -0.001200 -0.095001 -0.018288
v 0.000300 -0.099365 -0.008929
v -0.001200 -0.099628 -0.007950
v 0.000300 -0.100432 0.004984
v -0.001200 -0.100181 0.006409
v 0.000300 -0.099940 0.014574
v 0.000300 -0.095001 0.018288
v 0.000300 -0.093477 0.024155
v 0.000300 -0.085029 0.028048
v 0.000300 -0.084253 0.031119
v 0.000300 -0.071347 0.032439
v 0.000300 -0.073268 0.034710
v 0.000300 -0.058621 0.034034
v 0.000300 -0.060050 0.031628
v 0.000300 -0.049712 0.027001
v 0.000300 -0.046031 0.027385
v 0.000300 -0.039952 0.017029
v 0.000300 -0.038329 0.018768
v 0.000300 -0.033843 0.008117
v -0.001200 -0.058621 -0.034034
v -0.001200 -0.046031 -0.027385
v -0.001200 -0.038329 -0.018768
v -0.001200 -0.033065 -0.005083
v -0.001200 -0.036926 0.010540
v -0.001200 -0.034097 0.009118
v -0.001200 -0.038895 0.019633
v -0.001200 -0.046359 0.024665
v -0.001200 -0.046846 0.028019
v -0.001200 -0.059071 0.031365
v -0.001200 -0.060050 0.034396
v -0.001200 -0.072984 0.032432
v -0.001200 -0.077379 0.034034
v -0.001200 -0.086288 0.027001
v -0.001200 -0.089969 0.027385
v -0.001200 -0.094420 0.019118
v -0.001200 -0.097671 0.018768
v -0.001200 -0.102157 0.008117
v -0.001200 -0.102942 -0.003414
v -0.001200 -0.098691 -0.017446
v -0.001200 -0.089154 -0.028019
v -0.001200 -0.075950 -0.034396
v 0.011300 -0.035561 -0.003347
v 0.012800 -0.035195 0.000723
v 0.012800 -0.038233 -0.013321
v 0.011300 -0.038662 -0.014240
v 0.012800 -0.044584 -0.022698
v 0.011300 -0.047468 -0.025595
v 0.012800 -0.053760 -0.029338
v 0.011300 -0.060050 -0.031628
v 0.012800 -0.064653 -0.032439
v 0.011300 -0.074409 -0.032181
v 0.012800 -0.075950 -0.031628
v 0.012800 -0.086288 -0.027001
v 0.011300 -0.087118 -0.026420
v 0.012800 -0.094420 -0.019118
v 0.011300 -0.095001 -0.018288
v 0.012800 -0.099365 -0.008929
v 0.011300 -0.099628 -0.007950
v 0.012800 -0.100432 0.004984
v 0.011300 -0.100181 0.006409
v 0.012800 -0.077379 -0.034034
v 0.012800 -0.089969 -0.027385
v 0.012800 -0.097671 -0.018768
v 0.012800 -0.102157 -0.008117
v 0.012800 -0.102942 0.003414
v 0.012800 -0.099940 0.014574
v 0.012800 -0.095001 0.018288
v 0.012800 -0.093477 0.024155
v 0.012800 -0.085029 0.028048
v 0.012800 -0.084253 0.031119
v 0.012800 -0.071347 0.032439
v 0.012800 -0.073268 0.034710
v 0.012800 -0.058621 0.034034
v 0.012800 -0.060050 0.031628
v 0.012800 -0.049712 0.027001
v 0.012800 -0.046031 0.027385
v 0.012800 -0.039952 0.017029
v 0.012800 -0.038329 0.018768
v 0.012800 -0.033843 0.008117
v 0.012800 -0.033058 -0.003414
v 0.012800 -0.037309 -0.017446
v 0.012800 -0.049312 -0.029951
v 0.012800 -0.062732 -0.034710
v 0.011300 -0.058621 -0.034034
v 0.011300 -0.046031 -0.027385
v 0.011300 -0.038329 -0.018768
v 0.011300 -0.032973 -0.002384
v 0.011300 -0.036926 0.010540
v 0.011300 -0.034097 0.009118
v 0.011300 -0.038895 0.019633
v 0.011300 -0.046359 0.024665
v 0.011300 -0.049312 0.029951
v 0.011300 -0.059071 0.031365
v 0.011300 -0.062732 0.034710
v 0.011300 -0.072984 0.032432
v 0.011300 -0.077379 0.034034
v 0.011300 -0.086288 0.027001
v 0.011300 -0.089969 0.027385
v 0.011300 -0.094420 0.019118
v 0.011300 -0.097671 0.018768
v 0.011300 -0.102157 0.008117
v 0.011300 -0.102942 -0.003414
v 0.011300 -0.098691 -0.017446
v 0.011300 -0.089154 -0.028019
v -0.004184 -0.088173 -0.026163
v -0.010200 -0.088170 -0.024938
v -0.004161 -0.087634 -0.024468
v -0.010200 -0.086154 -0.025041
v -0.004184 -0.086162 -0.025489
v -0.003689 -0.087003 -0.026233
v -0.004184 -0.056412 -0.030062
v -0.010200 -0.056640 -0.029664
v -0.003689 -0.056056 -0.028998
v -0.010200 -0.054798 -0.028458
v -0.004161 -0.054742 -0.028587
v -0.004161 -0.037327 -0.004275
v -0.010236 -0.037360 -0.003379
v -0.003689 -0.036494 -0.003223
v -0.010200 -0.035621 -0.002988
v -0.004184 -0.035323 -0.003294
v -0.010200 -0.035486 -0.004786
v -0.004161 -0.049830 0.025181
v -0.004184 -0.048809 0.026652
v -0.010200 -0.048663 0.026655
v -0.004184 -0.047646 0.025624
v -0.010200 -0.047643 0.025477
v -0.003689 -0.048487 0.024880
v -0.004161 -0.081258 0.028587
v -0.004184 -0.081110 0.030371
v -0.010200 -0.080984 0.030447
v -0.003689 -0.080045 0.030016
v -0.010200 -0.079290 0.029351
v -0.004184 -0.079521 0.028967
v -0.004161 -0.100516 0.003030
v -0.004184 -0.100368 0.004815
v -0.010200 -0.099656 0.005114
v -0.003689 -0.099303 0.004459
v -0.010200 -0.098850 0.003282
v 0.014284 -0.044277 0.022560
v 0.022300 -0.045164 0.023771
v 0.013789 -0.045117 0.023304
v 0.014261 -0.046461 0.023003
v 0.014284 -0.035085 -0.000606
v 0.022300 -0.035088 0.000618
v 0.014284 -0.035394 0.000915
v 0.014261 -0.037089 0.000375
v 0.022300 -0.037095 -0.000392
v 0.013789 -0.036255 -0.000677
v 0.013789 -0.044659 -0.022510
v 0.022300 -0.044486 -0.023380
v 0.022300 -0.045164 -0.021484
v 0.014284 -0.045305 -0.021532
v 0.014284 -0.046468 -0.022560
v 0.022300 -0.046467 -0.023019
v 0.014284 -0.066904 -0.032067
v 0.022300 -0.066901 -0.031921
v 0.014261 -0.068219 -0.030870
v 0.022300 -0.068698 -0.031001
v 0.014284 -0.068983 -0.032489
v 0.013789 -0.067883 -0.032714
v 0.014261 -0.089539 -0.023003
v 0.022300 -0.089636 -0.023108
v 0.022222 -0.089624 -0.021541
v 0.013789 -0.090372 -0.021951
v 0.014284 -0.091543 -0.022021
v 0.022300 -0.091619 -0.022147
v 0.014261 -0.099245 -0.000869
v 0.022300 -0.099114 -0.000752
v 0.014284 -0.099394 0.000915
v 0.022300 -0.099519 0.000991
v 0.014284 -0.100915 0.000606
v 0.022300 -0.101214 -0.000105
v 0.013789 -0.100560 -0.000458
v 0.014284 -0.089532 0.022560
v 0.022300 -0.090147 0.023619
v 0.013789 -0.090372 0.023304
v 0.014284 -0.091543 0.023234
v 0.022300 -0.091619 0.023108
v 0.014261 -0.066911 0.031625
v 0.022300 -0.066901 0.032079
v 0.013789 -0.067745 0.032677
v 0.022300 -0.068698 0.032999
v 0.014284 -0.068915 0.032606
v 0.019800 -0.050306 0.002355
v 0.019800 -0.053080 0.009799
v 0.019800 -0.060644 0.016461
v 0.019800 -0.084461 0.007356
v 0.019800 -0.085456 -0.004512
v 0.018891 -0.081231 -0.013286
v 0.018837 -0.084775 -0.007526
v 0.018878 -0.049970 -0.004376
v 0.018891 -0.052103 -0.009943
v 0.018878 -0.056631 -0.014663
v 0.018891 -0.061771 -0.017685
v 0.019070 -0.066116 -0.017824
v 0.018891 -0.070061 -0.018637
v 0.019070 -0.074036 -0.016877
v 0.018894 -0.076178 -0.016748
v 0.014871 -0.072428 -0.018340
v 0.014870 -0.081299 -0.013115
v 0.014870 -0.085672 -0.006046
v 0.014902 -0.085571 0.012069
v 0.014960 -0.080335 0.017538
v 0.014980 -0.072145 0.021047
v 0.014963 -0.065497 0.021180
v 0.014960 -0.058979 0.019451
v 0.014960 -0.051848 0.014101
v 0.014960 -0.047509 0.006312
v 0.014876 -0.053401 -0.011946
v 0.014870 -0.061954 -0.017672
v 0.012600 -0.038148 0.002852
v 0.012600 -0.040923 0.012890
v 0.012600 -0.046965 0.021373
v 0.012600 -0.057803 0.028399
v 0.012600 -0.070852 0.029852
v 0.012600 -0.083200 0.026066
v 0.012600 -0.094197 0.014974
v 0.012600 -0.097894 0.002375
v 0.012600 -0.050604 -0.024427
v 0.012600 -0.060008 -0.028904
v 0.012600 -0.073111 -0.029739
v 0.012600 -0.087296 -0.023199
v 0.012600 -0.096310 -0.010443
v 0.012600 -0.038973 -0.007530
v 0.012600 -0.043299 -0.017004
v -0.010187 -0.102373 0.005964
v -0.010178 -0.087570 -0.023173
v -0.010186 -0.097070 0.019463
v -0.010193 -0.083019 0.031544
v -0.010179 -0.037333 0.016692
v -0.010144 -0.033952 0.008292
v -0.010145 -0.042046 0.023557
v -0.010191 -0.050565 0.030348
v -0.010175 -0.061904 0.034493
v -0.010163 -0.073441 0.034609
v -0.010175 -0.089140 0.027894
v -0.010166 -0.100967 0.011499
v -0.010173 -0.070791 -0.030270
v -0.010155 -0.044810 -0.019964
v -0.010147 -0.038765 -0.008228
v -0.010200 -0.037230 -0.004381
v -0.010200 -0.081390 0.028704
v -0.010137 -0.099378 0.001027
v -0.010129 -0.093070 -0.017132
v -0.010165 -0.080950 -0.027533
v -0.010200 -0.055016 -0.030447
v -0.010143 -0.060572 -0.029443
v -0.010177 -0.053122 -0.026445
v -0.010200 -0.087650 -0.026651
v -0.010200 -0.100648 0.003148
v 0.019836 -0.062642 -0.028564
v 0.019836 -0.052750 -0.024740
v 0.019836 -0.044888 -0.017620
v 0.019836 -0.040105 -0.008151
v 0.019833 -0.093977 -0.012971
v 0.019833 -0.087883 -0.021189
v 0.019833 -0.078938 -0.026917
v 0.019837 -0.070951 -0.028799
v 0.022258 -0.050505 -0.024756
v 0.022300 -0.091108 -0.023619
v 0.022277 -0.044491 0.025807
v 0.022253 -0.102045 0.008286
v 0.022269 -0.098788 0.016463
v 0.022300 -0.091108 0.021636
v 0.022273 -0.093997 0.023476
v 0.022279 -0.084967 0.030626
v 0.022257 -0.074089 0.034503
v 0.022253 -0.062554 0.034612
v 0.022281 -0.051634 0.030950
v 0.022300 -0.068208 0.030856
v 0.022253 -0.038846 0.019435
v 0.022300 -0.044486 0.021875
v 0.022300 -0.033234 0.001535
v 0.022255 -0.035024 0.011490
v 0.022300 -0.035382 -0.000912
v 0.022236 -0.059846 -0.029150
v 0.022273 -0.068668 -0.030219
v 0.022300 -0.068208 -0.033144
v 0.019811 -0.077350 0.019405
v 0.019801 -0.086469 0.010207
v 0.019351 -0.080592 -0.012592
v 0.019800 -0.071509 -0.017685
v 0.019800 -0.061767 -0.016726
v 0.019351 -0.055408 -0.012592
v 0.019800 -0.051037 -0.005555
v 0.019804 -0.048792 0.009171
v 0.019812 -0.059836 0.019932
v 0.005300 -0.081441 0.032641
v 0.005300 -0.101845 0.009329
v 0.005214 -0.068606 -0.032525
v 0.005300 -0.081344 -0.029970
v 0.005300 -0.092648 -0.021351
v 0.005300 -0.099961 -0.008044
v 0.003888 -0.068630 -0.032549
v 0.003800 -0.082638 -0.029360
v 0.003800 -0.093293 -0.020583
v 0.003800 -0.099648 -0.008496
v 0.003800 -0.102985 0.004962
v -0.003097 -0.097150 -0.007943
v -0.003097 -0.092675 -0.017433
v -0.003097 -0.085225 -0.024822
v -0.003100 -0.078056 -0.028372
v -0.003097 -0.070506 -0.030108
v -0.003097 -0.060057 -0.029150
v -0.003097 -0.050567 -0.024675
v -0.003097 -0.043178 -0.017225
v -0.003097 -0.038784 -0.007697
v 0.015287 -0.088510 0.006808
v 0.014284 -0.068606 0.031085
v 0.014261 -0.091003 0.021539
v 0.014284 -0.091234 -0.023543
v 0.014261 -0.045153 -0.023758
v 0.014284 -0.045440 0.021532
v -0.004184 -0.098779 0.003410
v -0.004184 -0.035632 -0.004815
v -0.004184 -0.054890 -0.030371
v 0.004554 -0.068938 -0.030185
v -0.018274 -0.034746 -0.001341
v -0.016957 -0.034843 -0.001327
v -0.018216 -0.035436 -0.006321
v -0.017101 -0.035524 -0.006329
v -0.018235 -0.040029 0.007543
v -0.017901 -0.040772 0.007298
v -0.018214 -0.036221 0.008320
v -0.018078 -0.040308 -0.007422
v -0.018308 -0.036298 -0.008482
v -0.018164 -0.041394 -0.007273
v -0.016068 -0.040196 0.007401
v -0.015800 -0.039528 0.006450
v -0.015546 -0.038989 -0.001885
v -0.016152 -0.040078 -0.007469
v -0.016167 -0.038744 -0.004246
v -0.015857 -0.040422 -0.007338
v -0.016300 -0.036240 0.008279
v -0.016300 -0.036214 -0.008271
v -0.016300 -0.036046 -0.006418
v -0.012987 -0.055094 0.023915
v -0.012255 -0.053825 0.023733
v -0.013809 -0.053314 0.023448
v -0.012972 -0.049571 0.029755
v -0.012385 -0.051138 0.030681
v -0.012940 -0.055089 -0.023917
v -0.012427 -0.053507 -0.023521
v -0.012416 -0.051150 -0.030693
v -0.013244 -0.049441 -0.029666
v -0.012987 -0.080906 -0.023915
v -0.012255 -0.082175 -0.023733
v -0.013809 -0.082686 -0.023448
v -0.012972 -0.086429 -0.029755
v -0.012385 -0.084862 -0.030681
v -0.013300 -0.095034 -0.000000
v -0.012510 -0.095620 -0.000877
v -0.012842 -0.095633 0.001010
v -0.014548 -0.095602 0.000008
v -0.014276 -0.102999 0.000489
v -0.012808 -0.102987 0.001025
v -0.012325 -0.102999 -0.000488
v -0.012940 -0.080911 0.023917
v -0.012427 -0.082493 0.023521
v -0.012416 -0.084850 0.030693
v -0.013244 -0.086559 0.029666
v -0.018243 -0.051937 -0.030252
v -0.018238 -0.054380 -0.027082
v -0.018258 -0.057868 -0.028123
v -0.018223 -0.057008 -0.031979
v -0.018264 -0.057788 -0.033057
v -0.018227 -0.033413 -0.000819
v -0.018241 -0.034340 -0.007035
v -0.018255 -0.049845 0.029308
v -0.018115 -0.051090 0.026240
v -0.018207 -0.050895 0.024298
v -0.018280 -0.048285 0.022728
v -0.018208 -0.047147 0.023638
v -0.018239 -0.045471 0.025740
v -0.018242 -0.084038 0.030247
v -0.018214 -0.081644 0.027115
v -0.018257 -0.079029 0.032345
v -0.018266 -0.102236 0.001199
v -0.018245 -0.098793 0.006200
v -0.018226 -0.097301 0.004518
v -0.018213 -0.098274 0.001756
v -0.018238 -0.101608 0.006672
v -0.018247 -0.086166 -0.029022
v -0.018099 -0.084925 -0.026267
v -0.018211 -0.088808 -0.023622
v -0.018237 -0.090484 -0.025743
v -0.018213 -0.085102 -0.024250
v -0.018251 -0.087695 -0.022876
v -0.016943 -0.049692 0.029229
v -0.017086 -0.045544 0.025808
v -0.017099 -0.084097 0.030401
v -0.017097 -0.079242 0.032247
v -0.016938 -0.102501 0.001193
v -0.017097 -0.101574 0.006512
v -0.016943 -0.086308 -0.029229
v -0.017084 -0.090454 -0.025805
v -0.017099 -0.051890 -0.030410
v -0.017097 -0.056758 -0.032247
v -0.016992 -0.054315 -0.031767
v -0.017100 -0.053086 -0.028758
v -0.017100 -0.089580 -0.026759
v -0.017100 -0.086741 -0.027966
v -0.017100 -0.101979 0.005295
v -0.017100 -0.100999 0.001534
v -0.016997 -0.081685 0.031767
v -0.017100 -0.082919 0.028802
v -0.017100 -0.046420 0.026759
v -0.017100 -0.049259 0.027966
v -0.016902 -0.033456 -0.000904
v -0.017098 -0.034375 -0.006397
v -0.017028 -0.034825 -0.001917
v -0.016686 -0.068897 -0.034844
v -0.016654 -0.076735 -0.033915
v -0.016628 -0.087137 -0.029349
v -0.016728 -0.093263 -0.023878
v -0.016703 -0.098586 -0.016842
v -0.016713 -0.101686 -0.008642
v -0.016628 -0.103036 -0.000220
v -0.016711 -0.101078 0.011142
v -0.016714 -0.097515 0.018412
v -0.016684 -0.091469 0.025924
v -0.016612 -0.082343 0.032001
v -0.016711 -0.073571 0.034333
v -0.016684 -0.066986 0.034847
v -0.016654 -0.059270 0.033918
v -0.016628 -0.048863 0.029349
v -0.016728 -0.042737 0.023878
v -0.016703 -0.037414 0.016842
v -0.016669 -0.033445 0.005487
v -0.016620 -0.033423 -0.005760
v -0.016708 -0.035648 -0.012826
v -0.016714 -0.038485 -0.018412
v -0.016684 -0.044531 -0.025924
v -0.016612 -0.053657 -0.032001
v -0.016721 -0.062097 -0.034254
v -0.014652 -0.075130 -0.022036
v -0.014602 -0.074841 -0.023315
v -0.014622 -0.061205 -0.023362
v -0.014627 -0.060896 -0.022034
v -0.014657 -0.090189 0.007200
v -0.014608 -0.091318 0.006843
v -0.014617 -0.091359 -0.006793
v -0.014617 -0.090004 -0.007098
v -0.014683 -0.060763 0.022275
v -0.014614 -0.061155 0.023320
v -0.014610 -0.074791 0.023357
v -0.014671 -0.075187 0.022254
v -0.013502 -0.061158 0.023022
v -0.013500 -0.074822 0.023251
v -0.013501 -0.091022 0.006842
v -0.013500 -0.091251 -0.006822
v -0.013500 -0.074751 -0.023322
v -0.013500 -0.061178 -0.023251
v -0.013497 -0.089306 -0.006739
v -0.013514 -0.060683 -0.021061
v -0.013517 -0.074985 -0.021192
v -0.013526 -0.074897 0.021594
v -0.005429 -0.070230 -0.016284
v -0.005537 -0.062140 -0.015042
v -0.005467 -0.055690 -0.010687
v -0.005534 -0.052290 -0.003724
v -0.005435 -0.052216 0.004559
v -0.005429 -0.054781 0.009567
v -0.005431 -0.058755 0.013582
v -0.005425 -0.063636 0.015738
v -0.005428 -0.069558 0.016368
v -0.004171 -0.070230 0.016284
v -0.003625 -0.064213 0.015365
v -0.004063 -0.058710 0.013203
v -0.004160 -0.052928 0.006570
v -0.004161 -0.051689 0.000772
v -0.004165 -0.052216 -0.004559
v -0.004171 -0.054781 -0.009567
v -0.004063 -0.058950 -0.013368
v -0.004063 -0.066199 -0.016043
v -0.010280 -0.066261 -0.030640
v -0.010239 -0.059795 -0.029391
v -0.010267 -0.066045 -0.033573
v -0.010284 -0.058907 -0.032342
v -0.010234 -0.081713 -0.027303
v -0.010200 -0.076284 -0.029210
v -0.010218 -0.070349 -0.030384
v -0.010291 -0.083083 -0.030040
v -0.010270 -0.070508 -0.033502
v -0.010260 -0.076996 -0.032657
v -0.010287 -0.093686 -0.016820
v -0.010261 -0.089392 -0.021906
v -0.010287 -0.096087 -0.018483
v -0.010251 -0.091464 -0.024065
v -0.010231 -0.098562 -0.001688
v -0.010203 -0.097391 -0.007687
v -0.010230 -0.095534 -0.013210
v -0.010291 -0.101557 -0.001958
v -0.010267 -0.098268 -0.014581
v -0.010267 -0.100775 -0.008542
v -0.010225 -0.095291 0.013703
v -0.010225 -0.097566 0.007581
v -0.010287 -0.098062 0.015072
v -0.010292 -0.100551 0.008298
v -0.010214 -0.084765 0.025427
v -0.010198 -0.089232 0.021669
v -0.010251 -0.093274 0.017254
v -0.010291 -0.086505 0.028089
v -0.010291 -0.095748 0.018924
v -0.010227 -0.091418 0.024567
v -0.010285 -0.069741 0.030642
v -0.010223 -0.076193 0.029372
v -0.010293 -0.070003 0.033617
v -0.010292 -0.077089 0.032339
v -0.010212 -0.054359 0.027240
v -0.010220 -0.065658 0.030510
v -0.010291 -0.052917 0.030040
v -0.010297 -0.065446 0.033552
v -0.010276 -0.059017 0.032653
v -0.010271 -0.042336 0.016821
v -0.010259 -0.046613 0.021895
v -0.010292 -0.039916 0.018483
v -0.010252 -0.044536 0.024064
v -0.010216 -0.037548 0.001790
v -0.010206 -0.038781 0.008257
v -0.010231 -0.040464 0.013215
v -0.010254 -0.034428 0.001944
v -0.010286 -0.037728 0.014564
v -0.010246 -0.035211 0.008530
v -0.014700 -0.066047 -0.033469
v -0.014700 -0.058998 -0.032366
v -0.014700 -0.066190 -0.030689
v -0.014700 -0.059718 -0.029561
v -0.014700 -0.070604 -0.033486
v -0.014700 -0.070317 -0.030644
v -0.014700 -0.082991 -0.030449
v -0.014700 -0.096009 -0.018426
v -0.014700 -0.091529 -0.023979
v -0.014700 -0.093702 -0.016897
v -0.014700 -0.089472 -0.021984
v -0.014700 -0.098302 -0.014488
v -0.014700 -0.095697 -0.013315
v -0.014700 -0.101865 -0.002242
v -0.014700 -0.098781 -0.001739
v -0.014700 -0.097972 0.015036
v -0.014700 -0.100531 0.008387
v -0.014700 -0.095483 0.013777
v -0.014700 -0.097775 0.007603
v -0.014700 -0.095698 0.018999
v -0.014700 -0.093380 0.017328
v -0.014700 -0.086884 0.028182
v -0.014700 -0.084941 0.025723
v -0.014700 -0.069991 0.033539
v -0.014700 -0.077002 0.032366
v -0.014700 -0.069810 0.030689
v -0.014700 -0.076303 0.029587
v -0.014700 -0.065360 0.033531
v -0.014700 -0.065683 0.030644
v -0.014700 -0.053009 0.030449
v -0.014700 -0.054194 0.027533
v -0.014700 -0.039991 0.018426
v -0.014700 -0.044471 0.023979
v -0.014700 -0.042327 0.016912
v -0.014700 -0.046528 0.021984
v -0.014700 -0.037689 0.014479
v -0.014700 -0.040303 0.013315
v -0.014700 -0.034135 0.002242
v -0.014700 -0.037252 0.001810
v -0.014700 -0.081818 -0.027525
v -0.010285 -0.040593 -0.013813
v -0.010234 -0.038430 -0.007553
v -0.010257 -0.037945 -0.015099
v -0.010288 -0.035447 -0.008297
v -0.010209 -0.051233 -0.025419
v -0.010204 -0.046434 -0.021367
v -0.010234 -0.042788 -0.017221
v -0.010291 -0.049520 -0.028085
v -0.010287 -0.040249 -0.018924
v -0.010240 -0.044608 -0.024565
v -0.014700 -0.038038 -0.015043
v -0.014700 -0.035469 -0.008387
v -0.014700 -0.040517 -0.013777
v -0.014700 -0.038213 -0.007585
v -0.014700 -0.040302 -0.018999
v -0.014700 -0.042606 -0.017323
v -0.014700 -0.049126 -0.028207
v -0.014700 -0.051059 -0.025723
v -0.008611 -0.069825 0.013970
v -0.008613 -0.062728 0.013069
v -0.008586 -0.057059 0.008893
v -0.008098 -0.054039 0.002116
v -0.008840 -0.054098 0.002930
v -0.008833 -0.054672 -0.005216
v -0.008100 -0.054937 -0.005342
v -0.008609 -0.059625 -0.011358
v -0.008596 -0.066175 -0.013965
v -0.008100 -0.052596 0.005305
v -0.008100 -0.058566 0.013051
v -0.008100 -0.065712 0.015941
v -0.008100 -0.073382 0.015178
v -0.008594 -0.076374 0.011352
v -0.008100 -0.079819 0.010938
v -0.008100 -0.081063 0.005342
v -0.008100 -0.084105 0.002461
v -0.008098 -0.081961 -0.002116
v -0.008100 -0.082418 -0.007172
v -0.008586 -0.078941 -0.008893
v -0.008100 -0.076012 -0.014185
v -0.008613 -0.073272 -0.013069
v -0.008100 -0.066407 -0.016025
v -0.008100 -0.057578 -0.012522
v -0.008100 -0.052451 -0.004193
v -0.008530 -0.065598 -0.029117
v -0.008586 -0.073142 -0.028693
v -0.008507 -0.081257 -0.026070
v -0.008517 -0.087844 -0.021385
v -0.008505 -0.092683 -0.015670
v -0.008535 -0.096491 -0.006638
v -0.008518 -0.097000 0.003690
v -0.008519 -0.095143 0.010633
v -0.008527 -0.090899 0.018221
v -0.008516 -0.084659 0.023950
v -0.008507 -0.076849 0.027879
v -0.008521 -0.067583 0.029190
v -0.013255 -0.040863 -0.007352
v -0.010287 -0.040845 -0.007458
v -0.010332 -0.039942 -0.007126
v -0.013397 -0.040669 0.007278
v -0.010651 -0.040655 0.007314
v -0.010645 -0.040669 0.007278
v -0.013333 -0.040919 0.007327
v -0.010291 -0.039881 0.007060
v -0.010317 -0.040931 0.007397
v -0.010269 -0.043198 0.013321
v -0.010265 -0.049885 0.021665
v -0.010270 -0.052071 0.022118
v -0.010291 -0.054124 0.019682
v -0.010262 -0.053904 -0.019143
v -0.010272 -0.048606 -0.013343
v -0.010287 -0.045166 -0.005939
v -0.010278 -0.044746 0.004299
v -0.010298 -0.048529 0.013255
v -0.010254 -0.052726 -0.021927
v -0.010271 -0.050575 -0.021982
v -0.010269 -0.045668 -0.017142
v -0.010296 -0.079013 -0.025561
v -0.010149 -0.072229 -0.028207
v -0.010106 -0.066218 -0.028824
v -0.010290 -0.056926 -0.025477
v -0.010287 -0.057535 -0.022348
v -0.010251 -0.078106 -0.021823
v -0.010295 -0.069874 -0.023463
v -0.010255 -0.059446 -0.021962
v -0.010284 -0.094556 -0.002237
v -0.010275 -0.095734 -0.004064
v -0.010269 -0.093501 -0.011982
v -0.010183 -0.094048 -0.013015
v -0.010296 -0.084526 -0.022325
v -0.010285 -0.081889 -0.019701
v -0.010279 -0.091593 -0.002703
v -0.010285 -0.088366 -0.012094
v -0.010269 -0.091127 0.016094
v -0.010150 -0.093131 0.013957
v -0.010296 -0.095597 0.003149
v -0.010294 -0.084698 0.022298
v -0.010246 -0.092831 0.002084
v -0.010296 -0.081867 0.019728
v -0.010254 -0.091474 0.003158
v -0.010263 -0.087378 0.013333
v -0.010280 -0.058941 0.021954
v -0.010260 -0.057362 0.022596
v -0.010263 -0.070344 0.023404
v -0.010285 -0.056981 0.025564
v -0.010306 -0.078111 0.021889
v -0.010268 -0.068281 0.028360
v -0.010296 -0.079071 0.025475
v -0.014739 -0.041536 -0.007209
v -0.018273 -0.043978 0.013860
v -0.018253 -0.050966 0.021969
v -0.018262 -0.060709 0.026715
v -0.018230 -0.070555 0.027547
v -0.018138 -0.041414 0.007267
v -0.021189 -0.089521 -0.023907
v -0.021244 -0.091372 -0.023272
v -0.021371 -0.091443 -0.021423
v -0.021254 -0.090428 -0.020027
v -0.021244 -0.046661 -0.023816
v -0.021261 -0.048143 -0.021834
v -0.021244 -0.046524 -0.019988
v -0.021243 -0.048055 0.021673
v -0.021229 -0.047102 0.020102
v -0.021230 -0.047052 0.023776
v -0.021261 -0.088963 0.020090
v -0.021347 -0.091319 0.020930
v -0.021261 -0.091664 0.023027
v -0.021244 -0.089339 0.023816
v -0.015761 -0.089701 0.023051
v -0.021300 -0.089529 0.023015
v -0.015784 -0.088938 0.021431
v -0.021300 -0.089405 0.020816
v -0.015289 -0.090038 0.021207
v -0.015784 -0.046147 0.023016
v -0.021300 -0.046595 0.023024
v -0.015289 -0.045403 0.022176
v -0.021300 -0.044985 0.021529
v -0.015761 -0.045704 0.020832
v -0.021300 -0.046698 0.021008
v -0.015761 -0.045325 -0.021051
v -0.021300 -0.045193 -0.021168
v -0.015784 -0.045473 -0.022835
v -0.021300 -0.046185 -0.023134
v -0.015289 -0.046538 -0.022480
v -0.021244 -0.087988 0.022365
v -0.018300 -0.091854 0.022858
v -0.018300 -0.091298 0.020397
v -0.018300 -0.088714 0.020141
v -0.021261 -0.044250 0.022877
v -0.021244 -0.044728 0.020469
v -0.018300 -0.046876 0.019936
v -0.021244 -0.044728 -0.023372
v -0.021300 -0.046992 -0.021302
v -0.021261 -0.044250 -0.020963
v -0.018300 -0.045142 -0.019986
v -0.018300 -0.048311 -0.021514
v -0.018300 -0.046511 -0.023929
v -0.015761 -0.089701 -0.020790
v -0.021300 -0.089529 -0.020826
v -0.015784 -0.088938 -0.022410
v -0.021300 -0.089405 -0.023024
v -0.015289 -0.090038 -0.022634
v -0.021211 -0.088577 -0.020416
v -0.021245 -0.087974 -0.022625
v -0.018300 -0.091854 -0.020982
v -0.018300 -0.091298 -0.023444
v -0.004100 -0.060160 -0.015157
v -0.004100 -0.069553 -0.016823
v -0.004132 -0.074106 -0.015115
v -0.004173 -0.079681 -0.011605
v -0.004173 -0.083657 -0.005167
v -0.004172 -0.084340 0.002391
v -0.004100 -0.081640 0.010255
v -0.004063 -0.079987 0.010814
v -0.004174 -0.075762 0.014361
v -0.004100 -0.062742 0.016055
v -0.004100 -0.056297 0.012184
v -0.005500 -0.051478 -0.004271
v -0.005426 -0.074506 0.015018
v -0.005427 -0.079681 0.011605
v -0.005402 -0.083310 0.006148
v -0.005436 -0.084411 -0.000830
v -0.005432 -0.083016 -0.006388
v -0.005432 -0.080104 -0.011107
v -0.005426 -0.075762 -0.014361
v -0.005500 -0.061038 -0.015580
v -0.011533 -0.051902 -0.008831
v -0.011496 -0.056649 0.014282
v -0.011416 -0.049835 0.000944
v -0.011385 -0.050789 -0.005645
v -0.011413 -0.051931 0.008497
v -0.011404 -0.066890 0.018257
v -0.011417 -0.077732 0.015544
v -0.011522 -0.082315 0.011470
v -0.011424 -0.072857 -0.017489
v -0.011516 -0.083975 0.008936
v -0.011495 -0.079384 -0.014255
v -0.011406 -0.086162 -0.000940
v -0.011405 -0.085224 0.005629
v -0.011421 -0.084071 -0.008500
v -0.008470 -0.070433 0.030188
v -0.008442 -0.080796 0.027373
v -0.008462 -0.089163 0.021638
v -0.008429 -0.095365 0.012923
v -0.008451 -0.098145 0.002339
v -0.008447 -0.096458 -0.010720
v -0.008451 -0.089175 -0.021591
v -0.008450 -0.081011 -0.027296
v -0.008436 -0.070846 -0.030129
v -0.010211 -0.097910 0.018060
v -0.010260 -0.070693 0.034966
v -0.010239 -0.079534 0.032987
v -0.010227 -0.087112 0.029322
v -0.010240 -0.093544 0.023812
v -0.010425 -0.101145 0.011676
v -0.010201 -0.101966 0.007770
v -0.010234 -0.102840 0.002713
v -0.010291 -0.102870 -0.002571
v -0.010329 -0.101235 -0.011303
v -0.010208 -0.098086 -0.017770
v -0.010267 -0.091514 -0.026039
v -0.010208 -0.086186 -0.029857
v -0.010271 -0.077212 -0.033849
v -0.010238 -0.065335 -0.034957
v -0.010201 -0.086466 -0.024231
v -0.008385 -0.059906 0.029076
v -0.008445 -0.040670 -0.012906
v -0.008401 -0.038514 -0.005905
v -0.008458 -0.051039 -0.025039
v -0.008443 -0.060112 -0.029169
v -0.008473 -0.043076 0.017210
v -0.008455 -0.050826 0.024883
v -0.008400 -0.038000 -0.000000
v -0.008419 -0.038645 0.007258
v -0.008460 -0.044973 -0.019449
v -0.013460 -0.049183 -0.010147
v -0.013454 -0.054166 0.016803
v -0.013461 -0.048052 0.009905
v -0.013464 -0.045879 0.000142
v -0.013453 -0.047833 -0.009261
v -0.013463 -0.056325 0.014478
v -0.013490 -0.059074 0.016076
v -0.013466 -0.077025 -0.017017
v -0.013479 -0.077703 -0.014957
v -0.013441 -0.078226 -0.019170
v -0.013474 -0.066186 -0.022034
v -0.013467 -0.051469 -0.013462
v -0.013458 -0.051631 -0.015019
v -0.013487 -0.053293 -0.010129
v -0.013459 -0.053157 -0.012260
v -0.013434 -0.057779 0.019174
v -0.013461 -0.077905 0.019948
v -0.013471 -0.064106 0.021780
v -0.013455 -0.084801 0.013864
v -0.013491 -0.082800 0.009873
v -0.013466 -0.082859 0.012292
v -0.013481 -0.080019 -0.014683
v -0.013467 -0.083294 -0.016150
v -0.013433 -0.087189 0.010212
v -0.013471 -0.089780 0.003894
v -0.013460 -0.085060 0.009022
v -0.014589 -0.044801 -0.006273
v -0.014647 -0.045269 -0.005500
v -0.014687 -0.044579 -0.000012
v -0.014645 -0.045269 0.005536
v -0.014624 -0.044948 0.006222
v -0.014573 -0.041434 0.007229
v -0.013281 -0.045134 0.005949
v -0.013397 -0.040669 0.007279
v -0.013259 -0.045132 -0.005972
v -0.010914 -0.094586 -0.016234
v -0.018300 -0.094621 -0.016400
v -0.010889 -0.096649 -0.016737
v -0.018300 -0.096759 -0.016597
v -0.010524 -0.095849 -0.015139
v -0.018300 -0.094615 0.015938
v -0.010523 -0.095715 0.015128
v -0.018300 -0.095875 0.014877
v -0.010923 -0.096803 0.016311
v -0.010911 -0.068219 0.030870
v -0.018300 -0.068392 0.030905
v -0.010934 -0.068983 0.032489
v -0.018300 -0.068516 0.033104
v -0.010439 -0.067883 0.032714
v -0.010914 -0.040497 0.014867
v -0.018300 -0.040664 0.014901
v -0.010523 -0.041041 0.016438
v -0.018300 -0.041179 0.016702
v -0.010889 -0.039256 0.016587
v -0.018300 -0.039159 0.016438
v -0.010914 -0.041373 -0.016385
v -0.018300 -0.041043 -0.015127
v -0.010924 -0.039956 -0.014842
v -0.018300 -0.039152 -0.015711
v -0.010908 -0.039442 -0.016786
v -0.010334 -0.040287 -0.016000
v -0.010934 -0.068606 -0.031085
v -0.018300 -0.068208 -0.030856
v -0.010911 -0.066911 -0.031625
v -0.018300 -0.066901 -0.032079
v -0.010439 -0.067745 -0.032677
v -0.018300 -0.068698 -0.032999
v -0.014603 -0.055031 -0.019272
v -0.014631 -0.048614 -0.012786
v -0.014605 -0.051612 0.016415
v -0.003170 -0.069829 -0.016074
v -0.003170 -0.062149 -0.015083
v -0.003170 -0.055810 -0.010636
v -0.003172 -0.051728 -0.001753
v -0.003170 -0.053733 0.007626
v -0.003170 -0.058911 0.013383
v -0.003170 -0.070071 0.016045
v -0.011500 -0.054184 0.016747
v -0.011500 -0.057805 0.019235
v -0.011500 -0.051144 -0.014041
v -0.011500 -0.048468 -0.010186
v -0.011500 -0.082034 -0.016850
v -0.011500 -0.078196 -0.019229
v -0.011500 -0.087215 0.010212
v -0.011500 -0.084747 0.013809
v -0.011500 -0.088373 -0.008522
v -0.011500 -0.090199 0.001236
v -0.013463 -0.081517 -0.016595
v -0.011500 -0.076866 0.020620
v -0.011500 -0.064608 0.021821
v -0.011503 -0.059165 0.015948
v -0.011500 -0.048432 0.010557
v -0.011500 -0.045926 0.000646
v -0.013476 -0.051280 -0.008968
v -0.011500 -0.068892 -0.022305
v -0.011516 -0.053702 -0.011418
v -0.011522 -0.076836 -0.015986
v -0.011420 -0.056897 -0.014371
v -0.011500 -0.058717 -0.020022
v -0.011401 -0.064500 -0.017891
v -0.013201 -0.054060 -0.019596
v -0.013200 -0.051443 -0.022294
v -0.013202 -0.054076 0.019730
v -0.013199 -0.050954 0.022234
v -0.013200 -0.056947 0.025390
v -0.013200 -0.057966 0.021922
v -0.013200 -0.078922 0.025586
v -0.013200 -0.078109 0.021903
v -0.013200 -0.081965 0.019663
v -0.013200 -0.084531 0.022259
v -0.013200 -0.095620 0.003334
v -0.013200 -0.092023 0.002197
v -0.013200 -0.095203 -0.002452
v -0.013200 -0.081915 -0.019706
v -0.013200 -0.084697 -0.022252
v -0.013200 -0.079409 -0.024921
v -0.013200 -0.077499 -0.021851
v -0.013200 -0.057078 -0.025586
v -0.013200 -0.057926 -0.021888
v -0.013200 -0.067358 0.028278
v -0.013200 -0.069732 0.023521
v -0.013200 -0.092168 0.014695
v -0.013200 -0.089236 0.010260
v -0.013200 -0.092811 -0.013583
v -0.013200 -0.091672 -0.002824
v -0.013200 -0.087504 -0.013261
v -0.013200 -0.068537 -0.023732
v -0.013200 -0.068642 -0.028278
v -0.013199 -0.047122 0.010970
v -0.013201 -0.043606 0.013908
v -0.013199 -0.047263 -0.011217
v -0.013201 -0.045461 -0.016744
v -0.008996 -0.068137 0.018043
v -0.008966 -0.060873 0.016463
v -0.009037 -0.056294 0.013755
v -0.009028 -0.051427 0.007153
v -0.008984 -0.050135 0.001440
v -0.008966 -0.050489 -0.003900
v -0.008993 -0.051969 -0.008181
v -0.009028 -0.055595 -0.013014
v -0.009013 -0.061571 -0.016860
v -0.009013 -0.069071 -0.017959
v -0.003260 -0.070368 0.018287
v -0.003260 -0.078068 0.015448
v -0.003262 -0.082488 0.011225
v -0.003260 -0.085503 0.005801
v -0.003280 -0.086298 -0.002361
v -0.003262 -0.084400 -0.008183
v -0.003260 -0.080821 -0.013253
v -0.003262 -0.075720 -0.016622
v -0.003260 -0.069761 -0.018355
v -0.007360 -0.070511 0.020788
v -0.007351 -0.078550 0.018064
v -0.007298 -0.084232 0.013121
v -0.007687 -0.087337 0.008463
v -0.007238 -0.088997 -0.000588
v -0.007294 -0.086550 -0.009859
v -0.007295 -0.080940 -0.016552
v -0.007395 -0.071996 -0.020769
v -0.013500 -0.054961 -0.019103
v -0.013500 -0.048901 -0.013074
v -0.013500 -0.045372 -0.004877
v -0.013500 -0.045212 0.004070
v -0.013500 -0.048458 0.012410
v -0.013499 -0.054705 0.018963
v -0.014700 -0.083181 0.023284
v -0.014701 -0.057535 0.025528
v -0.014700 -0.095215 0.004625
v -0.014622 -0.084508 0.016322
v -0.014700 -0.091707 0.014144
v -0.014700 -0.082077 -0.023969
v -0.014701 -0.049554 0.020519
v -0.014693 -0.068831 0.027773
v -0.014697 -0.068908 -0.027656
v -0.014699 -0.057359 -0.025488
v -0.014701 -0.049299 -0.020245
v -0.014702 -0.043512 -0.012731
v -0.014702 -0.043922 0.013428
v -0.014700 -0.095048 -0.005519
v -0.014700 -0.091228 -0.014917
v -0.014623 -0.080810 -0.019369
v -0.014601 -0.087210 -0.013012
v -0.009101 -0.057088 0.017158
v -0.013500 -0.056344 0.017409
v -0.009376 -0.055979 0.016461
v -0.013500 -0.056513 0.015856
v -0.009376 -0.084461 0.012021
v -0.013500 -0.084085 0.011891
v -0.009101 -0.084193 0.010754
v -0.013500 -0.084467 0.010219
v -0.009487 -0.078729 -0.015862
v -0.013500 -0.078629 -0.015918
v -0.009470 -0.078433 -0.017219
v -0.013500 -0.078524 -0.017321
v -0.009168 -0.079840 -0.016692
v -0.009470 -0.051200 -0.010229
v -0.013500 -0.051958 -0.010420
v -0.013500 -0.050597 -0.010736
v -0.009376 -0.051062 -0.011984
v -0.013500 -0.051453 -0.012059
v -0.009101 -0.051928 -0.011020
v -0.008833 -0.081328 0.005216
v -0.008840 -0.081902 -0.002930
v -0.010200 -0.071871 0.020935
v -0.010200 -0.080518 0.016880
v -0.010200 -0.086419 0.010535
v -0.010200 -0.089099 0.000395
v -0.010200 -0.087436 -0.008221
v -0.010200 -0.082372 -0.015476
v -0.010200 -0.074896 -0.019945
v -0.010200 -0.066188 -0.021025
v -0.007200 -0.049216 -0.000536
v -0.007294 -0.047044 0.001462
v -0.007200 -0.052052 0.009579
v -0.007306 -0.053603 0.015240
v -0.007200 -0.057787 0.015550
v -0.007360 -0.061839 0.020012
v -0.007200 -0.067464 0.018784
v -0.007200 -0.077579 0.015948
v -0.007200 -0.083550 0.010213
v -0.007200 -0.086441 0.002454
v -0.007200 -0.085680 -0.005790
v -0.007200 -0.080131 -0.014352
v -0.007200 -0.068536 -0.018784
v -0.007360 -0.061222 -0.019811
v -0.007200 -0.058421 -0.015948
v -0.007363 -0.055536 -0.016687
v -0.007200 -0.052450 -0.010213
v -0.007360 -0.050871 -0.012043
v -0.007294 -0.047799 -0.005103
v -0.012100 -0.055630 -0.030996
v -0.012100 -0.058060 -0.030373
v -0.012100 -0.056451 -0.028332
v -0.012100 -0.055497 -0.026825
v -0.012100 -0.054240 -0.028846
v -0.012099 -0.052931 -0.029574
v -0.012100 -0.054798 -0.031811
v -0.012100 -0.088042 -0.026713
v -0.012100 -0.089019 -0.027632
v -0.012100 -0.088415 -0.024773
v -0.012100 -0.088611 -0.023313
v -0.012100 -0.086474 -0.024400
v -0.012100 -0.085513 -0.023802
v -0.012100 -0.086102 -0.026340
v -0.012099 -0.084970 -0.026728
v -0.012100 -0.101301 0.004033
v -0.012100 -0.102439 0.004387
v -0.012100 -0.098978 0.005056
v -0.012100 -0.098636 0.006221
v -0.012100 -0.098807 0.002776
v -0.012100 -0.097352 0.003383
v -0.012100 -0.099576 0.001327
v -0.012100 -0.081202 0.031811
v -0.012100 -0.079720 0.030613
v -0.012100 -0.077940 0.030373
v -0.012100 -0.079549 0.028332
v -0.012100 -0.080580 0.026807
v -0.012100 -0.082043 0.029590
v -0.012099 -0.083069 0.029574
v -0.012100 -0.050142 0.024902
v -0.012099 -0.051031 0.026726
v -0.012100 -0.048245 0.026945
v -0.012100 -0.046981 0.027632
v -0.012100 -0.047585 0.024773
v -0.012100 -0.047414 0.023303
v -0.012100 -0.050501 0.023825
v -0.012099 -0.037256 -0.006238
v -0.012100 -0.038684 -0.003945
v -0.012100 -0.037778 -0.003766
v -0.012098 -0.037490 -0.001666
v -0.012100 -0.035455 -0.002743
v -0.012100 -0.034586 -0.002072
v -0.012100 -0.035284 -0.005024
v -0.012099 -0.033937 -0.005151
v -0.003181 -0.050467 0.005339
v -0.003192 -0.053107 0.010988
v -0.003202 -0.063428 0.017736
v -0.003177 -0.079016 0.012099
v -0.003170 -0.083736 0.003753
v -0.003163 -0.083682 -0.003989
v -0.003177 -0.078683 -0.012394
v -0.003262 -0.063672 -0.017809
v -0.003260 -0.057932 -0.015448
v -0.003260 -0.052227 -0.009550
v -0.003280 -0.049636 -0.001769
v -0.010200 -0.036503 -0.005350
v -0.010200 -0.034850 -0.003403
v -0.010200 -0.055000 -0.030844
v -0.010200 -0.054340 -0.028672
v -0.010200 -0.086134 -0.026510
v -0.010200 -0.098637 0.002946
v -0.010200 -0.099152 0.005157
v -0.010200 -0.079379 0.028502
v -0.010200 -0.080637 0.030996
v -0.010201 -0.049534 0.024231
v -0.010200 -0.047291 0.025292
v -0.010213 -0.038522 0.018692
v -0.010218 -0.049135 -0.029481
v -0.010285 -0.058917 0.033887
v -0.010216 -0.051094 0.030572
v -0.010250 -0.044486 0.026040
v -0.010287 -0.034783 0.011275
v -0.010261 -0.032950 -0.000245
v -0.010244 -0.034166 -0.008694
v -0.010200 -0.037363 -0.002946
v -0.010224 -0.036165 -0.014335
v -0.010270 -0.040468 -0.021707
v -0.010247 -0.056352 -0.032948
v -0.010200 -0.101301 0.003766
v -0.010200 -0.081660 0.028672
v -0.010203 -0.056940 -0.028612
v -0.010200 -0.049627 0.026823
v -0.010200 -0.088798 -0.025690
v -0.018095 -0.040196 -0.007450
v -0.017910 -0.040755 0.007300
v -0.013500 -0.080059 -0.016547
v -0.013500 -0.081293 -0.018947
v -0.013496 -0.087367 -0.012690
v -0.013500 -0.085487 0.011173
v -0.013500 -0.057781 0.016467
v -0.013500 -0.086947 0.013293
v -0.013500 -0.080634 0.019391
v -0.014486 -0.085285 -0.030457
v -0.014328 -0.085061 0.030568
v -0.013827 -0.102987 -0.001016
v -0.010201 -0.043336 -0.015488
v -0.010197 -0.052505 -0.024839
v -0.010199 -0.080483 -0.026277
v -0.010202 -0.080313 0.026374
v -0.010200 -0.088584 0.020584
v -0.010199 -0.096998 -0.002328
v -0.010200 -0.096118 0.007534
v -0.010200 -0.088584 -0.020584
v -0.010201 -0.054175 0.025634
v -0.010200 -0.061104 0.019945
v -0.010200 -0.053588 0.015415
v -0.010199 -0.043838 0.016622
v -0.010200 -0.048564 0.008221
v -0.010200 -0.046901 -0.000395
v -0.010200 -0.048886 -0.008943
v -0.010200 -0.055949 -0.017550
v -0.010201 -0.067453 0.029284
v -0.016343 -0.037348 -0.001582
v -0.018253 -0.040184 0.020465
v -0.018229 -0.035461 0.011580
v -0.018258 -0.078132 0.028123
v -0.018226 -0.037373 -0.016156
v -0.018273 -0.042575 -0.023270
v -0.018263 -0.046314 -0.026770
v -0.018220 -0.069861 -0.034512
v -0.018205 -0.080346 -0.032312
v -0.018250 -0.095817 -0.020466
v -0.018185 -0.101598 -0.008876
v -0.018254 -0.098510 0.016374
v -0.018230 -0.091169 0.025648
v -0.018241 -0.070891 0.034392
v -0.018204 -0.060700 0.033789
v -0.008505 -0.055813 -0.026596
v -0.008518 -0.049169 -0.022291
v -0.008507 -0.044478 -0.017278
v -0.008519 -0.039008 -0.003683
v -0.008508 -0.041031 -0.011091
v -0.008507 -0.040727 0.010395
v -0.008522 -0.039132 0.003781
v -0.008522 -0.045565 0.018819
v -0.008495 -0.053356 0.025319
v -0.008526 -0.060002 0.028039
v -0.018252 -0.080210 0.024853
v -0.018240 -0.060737 -0.026719
v -0.018300 -0.044146 0.020982
v -0.018300 -0.044702 0.023444
v -0.018300 -0.066901 0.031921
v -0.018243 -0.088357 0.018764
v -0.018233 -0.094626 0.008162
v -0.018300 -0.088453 0.023650
v -0.018300 -0.096460 0.017005
v -0.018247 -0.095508 -0.002305
v -0.018283 -0.089919 -0.016765
v -0.018252 -0.093874 -0.009864
v -0.018300 -0.095720 -0.014865
v -0.018277 -0.077815 -0.025787
v -0.018256 -0.084805 -0.022010
v -0.018238 -0.070711 -0.027550
v -0.018299 -0.089122 -0.019945
v -0.018256 -0.044603 -0.015014
v -0.018238 -0.052194 -0.022778
v -0.018300 -0.044146 -0.022858
v -0.018300 -0.040679 -0.017095
v -0.014328 -0.050939 -0.030568
v -0.014486 -0.050715 0.030457
v -0.009050 -0.075352 0.016421
v -0.008983 -0.080313 0.013104
v -0.008949 -0.083792 0.008647
v -0.008966 -0.085511 0.003900
v -0.008984 -0.085865 -0.001440
v -0.009058 -0.084606 -0.007095
v -0.008989 -0.081259 -0.012057
v -0.009008 -0.076330 -0.016000
v -0.003586 -0.058208 0.015823
v -0.007687 -0.048772 0.008707
v -0.009470 -0.085219 0.010433
v -0.009470 -0.057738 0.016336
v -0.010934 -0.068915 -0.032606
v -0.010934 -0.066904 0.032067
v -0.010871 -0.094729 0.016680
v -0.008362 -0.037959 0.000005
v -0.015784 -0.091016 -0.021988
v -0.015784 -0.047062 -0.021431
v -0.015784 -0.047175 0.021853
v -0.015784 -0.091016 0.021853
v -0.014507 -0.081790 0.023909
v -0.014311 -0.081415 -0.024165
v -0.014507 -0.054210 -0.023909
v -0.014311 -0.054585 0.024165
v -0.026877 -0.042323 -0.011850
v -0.026849 -0.042400 0.011815
v -0.026839 -0.037636 -0.011840
v -0.026844 -0.037615 0.011840
v -0.028000 -0.037749 -0.011822
v -0.028000 -0.042322 -0.011751
v -0.028000 -0.037678 0.011751
v -0.028000 -0.042251 0.011822
v -0.025186 -0.049409 -0.028119
v -0.025139 -0.051551 -0.025697
v -0.025150 -0.054021 -0.027258
v -0.025155 -0.052915 -0.030173
v -0.025171 -0.052925 0.030149
v -0.025161 -0.051085 0.025889
v -0.025141 -0.049400 0.028172
v -0.025172 -0.086578 0.028114
v -0.025137 -0.084335 0.025615
v -0.025168 -0.081957 0.027465
v -0.025152 -0.083088 0.030158
v -0.025184 -0.083066 -0.030154
v -0.025150 -0.082024 -0.027093
v -0.025146 -0.084617 -0.025738
v -0.025153 -0.086587 -0.028151
v -0.024942 -0.077309 -0.014962
v -0.024956 -0.079588 -0.015925
v -0.024942 -0.078708 -0.018719
v -0.024950 -0.077307 0.018817
v -0.024963 -0.079203 0.018242
v -0.024946 -0.079497 0.015779
v -0.024963 -0.077169 0.014988
v -0.025771 -0.081812 -0.007041
v -0.025782 -0.081761 -0.008735
v -0.025780 -0.080256 -0.009199
v -0.025191 -0.101624 -0.001987
v -0.025150 -0.098949 0.001768
v -0.025156 -0.101663 0.002005
v -0.032027 -0.033324 0.003360
v -0.032038 -0.033445 -0.003396
v -0.032040 -0.038866 0.002794
v -0.032040 -0.038830 -0.002838
v -0.032031 -0.053550 0.031688
v -0.032036 -0.055855 0.026627
v -0.032046 -0.047812 0.028283
v -0.032043 -0.050958 0.023845
v -0.032037 -0.088204 0.028278
v -0.032040 -0.084987 0.023834
v -0.032043 -0.082473 0.031678
v -0.032043 -0.080129 0.026681
v -0.032033 -0.102575 -0.003399
v -0.032040 -0.102552 0.003388
v -0.032040 -0.097134 -0.002794
v -0.032040 -0.097170 0.002838
v -0.032048 -0.088187 -0.028279
v -0.032024 -0.082466 -0.031691
v -0.032036 -0.080145 -0.026627
v -0.032036 -0.085012 -0.023825
v -0.032036 -0.053538 -0.031667
v -0.032036 -0.047796 -0.028281
v -0.032036 -0.055874 -0.026680
v -0.032040 -0.051034 -0.023823
v -0.031044 -0.077305 0.014955
v -0.031044 -0.079201 0.015536
v -0.031061 -0.079494 0.017994
v -0.031044 -0.077169 0.018783
v -0.031044 -0.085581 -0.011896
v -0.031044 -0.086932 -0.010445
v -0.031044 -0.086351 -0.008549
v -0.031044 -0.084419 -0.008104
v -0.031044 -0.085581 0.008104
v -0.031044 -0.086932 0.009555
v -0.031044 -0.086351 0.011451
v -0.031044 -0.084419 0.011896
v -0.031044 -0.077305 -0.018820
v -0.031044 -0.079201 -0.018239
v -0.031061 -0.079494 -0.015781
v -0.031044 -0.077169 -0.014992
v -0.031129 -0.048846 -0.001742
v -0.031044 -0.050432 -0.000445
v -0.031061 -0.049457 0.001830
v -0.029074 -0.067856 0.007562
v -0.029007 -0.062309 0.004663
v -0.029000 -0.060617 -0.001457
v -0.029028 -0.064387 -0.006421
v -0.029064 -0.070721 -0.007052
v -0.028984 -0.047734 0.028249
v -0.029004 -0.033387 0.003414
v -0.029028 -0.034165 0.008131
v -0.028883 -0.042950 0.024383
v -0.028981 -0.037703 0.017319
v -0.029074 -0.038461 0.017735
v -0.029004 -0.033432 -0.003466
v -0.029032 -0.034173 -0.008623
v -0.028921 -0.047728 -0.028349
v -0.029097 -0.037746 -0.016853
v -0.029151 -0.039322 -0.018449
v -0.028901 -0.041124 -0.022441
v -0.028919 -0.058530 -0.033672
v -0.029010 -0.082353 -0.031666
v -0.029087 -0.066786 -0.034367
v -0.028574 -0.068560 -0.035093
v -0.028959 -0.076930 -0.033836
v -0.028935 -0.088284 -0.028324
v -0.028992 -0.102626 -0.003439
v -0.028878 -0.095606 -0.021474
v -0.028940 -0.100671 -0.012583
v -0.029079 -0.098157 -0.016639
v -0.029100 -0.099975 -0.013136
v -0.029039 -0.101676 0.008952
v -0.028901 -0.088279 0.028375
v -0.028971 -0.093318 0.023966
v -0.028580 -0.098759 0.016947
v -0.029045 -0.097928 0.017387
v -0.028995 -0.058468 0.033539
v -0.029012 -0.053658 0.031666
v -0.028624 -0.065504 0.034975
v -0.029062 -0.069207 0.034345
v -0.025685 -0.084547 -0.008054
v -0.025656 -0.086451 -0.008649
v -0.025639 -0.086744 -0.011107
v -0.025646 -0.083892 -0.011747
v -0.025673 -0.085581 0.011905
v -0.025646 -0.087067 0.009914
v -0.025650 -0.085443 0.008070
v -0.026798 -0.052996 -0.030432
v -0.026800 -0.049425 -0.028028
v -0.026799 -0.086671 -0.028109
v -0.026800 -0.082987 -0.030082
v -0.026799 -0.101648 0.002074
v -0.026799 -0.101851 -0.002217
v -0.026800 -0.082416 0.030757
v -0.026800 -0.082907 0.029687
v -0.026800 -0.086736 0.028115
v -0.026800 -0.053004 0.030279
v -0.026800 -0.049332 0.028122
v -0.029100 -0.050964 -0.023750
v -0.029100 -0.055921 -0.026589
v -0.029100 -0.084966 -0.023746
v -0.029100 -0.080049 -0.026669
v -0.028921 -0.102660 0.003400
v -0.029100 -0.097066 0.002833
v -0.029100 -0.097121 -0.002900
v -0.029100 -0.085072 0.023770
v -0.029100 -0.080079 0.026589
v -0.028978 -0.082322 0.031672
v -0.029100 -0.055951 0.026669
v -0.029100 -0.051013 0.023755
v -0.029100 -0.038879 0.002900
v -0.029100 -0.038934 -0.002833
v -0.025884 -0.052067 0.028808
v -0.032100 -0.051608 0.028807
v -0.025861 -0.050870 0.027494
v -0.032100 -0.051248 0.026826
v -0.025389 -0.052117 0.026999
v -0.025861 -0.083245 0.028582
v -0.032100 -0.082896 0.028229
v -0.025389 -0.083440 0.027254
v -0.032100 -0.084392 0.026618
v -0.025884 -0.084489 0.026730
v -0.025861 -0.099245 0.000869
v -0.032100 -0.099114 0.000752
v -0.025884 -0.099394 -0.000915
v -0.032100 -0.099519 -0.000991
v -0.025389 -0.100560 0.000458
v -0.025884 -0.083511 -0.026730
v -0.032100 -0.082856 -0.027505
v -0.025861 -0.083131 -0.028468
v -0.032100 -0.084392 -0.028807
v -0.025389 -0.084458 -0.028272
v -0.025389 -0.051883 -0.026999
v -0.032100 -0.052752 -0.026826
v -0.032100 -0.050856 -0.027505
v -0.025884 -0.050904 -0.027645
v -0.025884 -0.051933 -0.028808
v -0.032100 -0.052392 -0.028807
v -0.026800 -0.052252 0.025396
v -0.025132 -0.053940 0.026814
v -0.026800 -0.084088 0.025389
v -0.026800 -0.081956 0.027780
v -0.025115 -0.098353 -0.001400
v -0.026800 -0.081890 -0.027306
v -0.026800 -0.084404 -0.025602
v -0.026800 -0.051297 -0.025682
v -0.026800 -0.054030 -0.027007
v -0.032100 -0.053144 0.027505
v -0.032100 -0.084912 0.028331
v -0.032100 -0.101214 0.000105
v -0.032100 -0.084752 -0.026826
v -0.028923 -0.053616 -0.031713
v -0.032100 -0.035484 -0.001104
v -0.032100 -0.037095 0.000392
v -0.032100 -0.035382 0.000912
v -0.025089 -0.077633 0.017601
v -0.031100 -0.077645 0.018101
v -0.025561 -0.076620 0.016668
v -0.031100 -0.076838 0.016270
v -0.025584 -0.078239 0.015905
v -0.031100 -0.078636 0.016135
v -0.025089 -0.077633 -0.016174
v -0.031100 -0.077645 -0.015674
v -0.025561 -0.076620 -0.017107
v -0.031100 -0.076838 -0.017505
v -0.025584 -0.078239 -0.017870
v -0.031100 -0.078636 -0.017640
v -0.025561 -0.049369 0.000755
v -0.025089 -0.048042 0.000560
v -0.031100 -0.047719 0.000706
v -0.025561 -0.047631 -0.000755
v -0.031100 -0.047748 -0.000886
v -0.024985 -0.075838 -0.016307
v -0.024963 -0.076297 -0.018242
v -0.026800 -0.077119 -0.014933
v -0.026800 -0.078750 -0.015155
v -0.026800 -0.079705 -0.016257
v -0.026800 -0.078514 -0.019023
v -0.029100 -0.079684 -0.015950
v -0.029100 -0.078156 -0.019119
v -0.031061 -0.075687 -0.016974
v -0.024950 -0.075680 0.016973
v -0.026800 -0.077119 0.018842
v -0.026800 -0.079529 0.018093
v -0.026800 -0.078514 0.014752
v -0.029100 -0.078514 0.019023
v -0.029100 -0.079529 0.015682
v -0.029100 -0.077119 0.014933
v -0.031061 -0.075687 0.016801
v -0.031100 -0.049252 0.000886
v -0.031061 -0.046670 0.000957
v -0.031044 -0.047149 -0.001451
v -0.029100 -0.050229 0.001468
v -0.029100 -0.048906 -0.002232
v -0.024274 -0.051788 0.015724
v -0.024270 -0.051800 -0.015692
v -0.024274 -0.046212 -0.015724
v -0.024270 -0.046200 0.015692
v -0.026800 -0.051920 0.015698
v -0.026800 -0.051874 -0.015766
v -0.026800 -0.046110 -0.015714
v -0.026800 -0.046092 0.015750
v -0.021263 -0.090869 0.025096
v -0.021314 -0.091543 0.025895
v -0.023056 -0.090712 0.025339
v -0.023055 -0.091169 0.026281
v -0.021224 -0.078994 0.033409
v -0.022891 -0.078249 0.032383
v -0.021174 -0.078489 0.032260
v -0.022991 -0.078967 0.033244
v -0.023100 -0.084815 0.030696
v -0.029098 -0.081683 -0.006757
v -0.026800 -0.081761 -0.006507
v -0.029095 -0.081451 -0.006385
v -0.029100 -0.081777 0.006374
v -0.026800 -0.081734 0.006374
v -0.026800 -0.088322 0.006251
v -0.029100 -0.088251 0.006322
v -0.026800 -0.088300 -0.006300
v -0.029100 -0.088374 -0.006223
v -0.018348 -0.070062 -0.029929
v -0.018310 -0.066105 -0.030004
v -0.018370 -0.065192 -0.033632
v -0.018376 -0.070923 -0.033619
v -0.018376 -0.079436 -0.032097
v -0.018311 -0.088726 -0.027243
v -0.018300 -0.045564 -0.025832
v -0.018387 -0.040353 -0.019343
v -0.018338 -0.055071 -0.031638
v -0.018376 -0.095719 -0.019249
v -0.018310 -0.093037 -0.016643
v -0.018348 -0.043112 -0.016750
v -0.018360 -0.094979 -0.013159
v -0.018331 -0.041035 -0.013329
v -0.018383 -0.037445 -0.014383
v -0.018349 -0.098742 -0.014302
v -0.018295 -0.101751 -0.005615
v -0.018311 -0.101777 0.005556
v -0.018323 -0.034444 0.006392
v -0.018270 -0.033762 -0.001117
v -0.018288 -0.034816 -0.008081
v -0.018355 -0.098650 0.014417
v -0.018357 -0.037298 0.014314
v -0.018340 -0.095142 0.013235
v -0.018375 -0.040205 0.013157
v -0.018348 -0.092888 0.016750
v -0.018330 -0.042539 0.014572
v -0.018364 -0.042643 0.017308
v -0.018376 -0.040281 0.019249
v -0.018387 -0.095647 0.019343
v -0.018393 -0.089964 0.026013
v -0.018378 -0.082803 0.030642
v -0.018289 -0.075389 0.033370
v -0.018292 -0.055131 0.031730
v -0.018379 -0.065054 0.033670
v -0.018342 -0.046649 0.026679
v -0.018331 -0.069764 0.029787
v -0.018375 -0.070829 0.033678
v -0.018353 -0.065934 0.029936
v -0.023855 -0.064406 0.033623
v -0.023858 -0.068630 0.028662
v -0.023783 -0.066227 0.029369
v -0.023772 -0.065132 0.030600
v -0.023998 -0.072429 0.033609
v -0.023887 -0.071591 0.033655
v -0.023760 -0.095414 0.019655
v -0.023750 -0.095433 0.012857
v -0.023806 -0.092880 0.014020
v -0.023769 -0.092982 0.017651
v -0.023867 -0.098819 0.013701
v -0.023768 -0.098733 -0.013881
v -0.023755 -0.093283 -0.017798
v -0.023854 -0.092308 -0.015780
v -0.023775 -0.093297 -0.014043
v -0.023759 -0.095637 -0.012848
v -0.023786 -0.095420 -0.019651
v -0.023766 -0.071337 -0.033576
v -0.023863 -0.064421 -0.033589
v -0.023764 -0.065575 -0.029932
v -0.023861 -0.068099 -0.028586
v -0.023776 -0.070603 -0.030126
v -0.023759 -0.040586 -0.019657
v -0.023760 -0.040845 -0.012901
v -0.023861 -0.043294 -0.014379
v -0.023776 -0.043211 -0.017317
v -0.023863 -0.037130 -0.013692
v -0.026800 -0.036949 -0.013611
v -0.026800 -0.040822 -0.019825
v -0.026800 -0.064353 -0.033533
v -0.026800 -0.098734 -0.013627
v -0.026801 -0.095297 -0.020087
v -0.026799 -0.098799 0.013613
v -0.026803 -0.095413 0.020242
v -0.026801 -0.071789 0.033761
v -0.026800 -0.064330 0.033615
v -0.023800 -0.070742 0.033290
v -0.023800 -0.065147 0.033330
v -0.023764 -0.070498 0.030016
v -0.026800 -0.070424 0.029156
v -0.026800 -0.065436 0.029500
v -0.023800 -0.098237 0.014297
v -0.026800 -0.095608 0.012450
v -0.026800 -0.091937 0.015877
v -0.026800 -0.092657 -0.017669
v -0.026800 -0.092620 -0.014401
v -0.026800 -0.095308 -0.012542
v -0.023800 -0.065238 -0.033334
v -0.026800 -0.065027 -0.030188
v -0.026800 -0.068642 -0.028430
v -0.026800 -0.071745 -0.033444
v -0.023800 -0.037763 -0.014279
v -0.026800 -0.040369 -0.012519
v -0.026800 -0.043218 -0.014121
v -0.026800 -0.043485 -0.017378
v -0.023851 -0.037156 0.013700
v -0.023776 -0.040223 0.012807
v -0.023786 -0.040579 0.019649
v -0.026800 -0.040745 0.020085
v -0.026800 -0.037092 0.013627
v -0.023863 -0.042380 0.013310
v -0.023800 -0.037849 0.014172
v -0.023756 -0.042672 0.017860
v -0.023776 -0.043508 0.016117
v -0.026800 -0.041616 0.012501
v -0.029046 -0.066200 0.033727
v -0.029063 -0.065595 0.031305
v -0.029073 -0.067397 0.029565
v -0.029053 -0.040885 0.018426
v -0.029053 -0.038557 0.014198
v -0.029031 -0.041663 0.013793
v -0.029053 -0.040885 -0.013574
v -0.029053 -0.038485 -0.014270
v -0.029087 -0.067305 -0.029582
v -0.029053 -0.065574 -0.031403
v -0.029025 -0.094338 -0.013796
v -0.029025 -0.093509 -0.017374
v -0.029069 -0.096408 -0.018408
v -0.029058 -0.095017 0.018402
v -0.029071 -0.093278 0.016602
v -0.029025 -0.094491 0.013708
v -0.029047 -0.064467 -0.017767
v -0.029054 -0.065499 -0.014107
v -0.029063 -0.063919 -0.012025
v -0.029083 -0.059524 -0.012216
v -0.029056 -0.060083 -0.017972
v -0.029063 -0.058496 -0.015892
v -0.029060 -0.063933 0.012032
v -0.029034 -0.065737 0.015110
v -0.029060 -0.063918 0.017974
v -0.029070 -0.060067 0.017974
v -0.029081 -0.059614 0.012171
v -0.029063 -0.058467 0.015769
v -0.026837 -0.063933 -0.012030
v -0.026846 -0.065529 -0.014234
v -0.026824 -0.064384 -0.017827
v -0.026850 -0.059532 -0.017769
v -0.026840 -0.060082 -0.012026
v -0.026846 -0.058501 -0.014107
v -0.026836 -0.064471 0.017775
v -0.026846 -0.065499 0.014107
v -0.026837 -0.063919 0.012025
v -0.026844 -0.060068 0.012034
v -0.026820 -0.059614 0.017828
v -0.026846 -0.058471 0.014234
v -0.026232 -0.084579 0.010847
v -0.031100 -0.084107 0.010163
v -0.025863 -0.084688 0.009522
v -0.031100 -0.085295 0.009148
v -0.026272 -0.085684 -0.009416
v -0.031100 -0.084464 -0.009227
v -0.026280 -0.084088 -0.009772
v -0.031100 -0.084576 -0.010759
v -0.025926 -0.085097 -0.010641
v -0.025642 -0.083168 0.009042
v -0.025673 -0.083641 0.011456
v -0.026800 -0.084845 0.012144
v -0.026800 -0.087144 0.010155
v -0.026800 -0.085631 0.008045
v -0.029100 -0.085631 0.011955
v -0.029100 -0.087144 0.009845
v -0.029100 -0.084845 0.007856
v -0.031044 -0.083649 0.008549
v -0.031100 -0.085638 0.010655
v -0.031044 -0.083068 0.010445
v -0.025663 -0.083100 -0.009419
v -0.026800 -0.084845 -0.007856
v -0.026800 -0.087144 -0.009845
v -0.026800 -0.085631 -0.011955
v -0.029100 -0.085631 -0.008045
v -0.029100 -0.087144 -0.010155
v -0.029100 -0.084845 -0.012144
v -0.031044 -0.083649 -0.011451
v -0.031100 -0.085893 -0.010163
v -0.031044 -0.083068 -0.009555
v -0.028975 -0.079411 -0.008397
v -0.029042 -0.081386 -0.009123
v -0.028300 -0.079697 -0.007578
v -0.028300 -0.080042 -0.008889
v -0.028300 -0.081232 -0.009029
v -0.028300 -0.081429 -0.007014
v -0.026800 -0.081604 -0.009334
v -0.025858 -0.079267 -0.008324
v -0.025780 -0.079806 -0.007098
v -0.026800 -0.099663 -0.012110
v -0.026800 -0.100784 0.008759
v -0.026799 -0.077817 -0.032526
v -0.026799 -0.044740 -0.024765
v -0.026800 -0.033873 0.000362
v -0.023917 -0.067994 -0.009012
v -0.023917 -0.065210 -0.008569
v -0.023917 -0.062698 -0.007287
v -0.023917 -0.060706 -0.005292
v -0.023917 -0.059428 -0.002779
v -0.023903 -0.058986 0.000007
v -0.023917 -0.059431 0.002790
v -0.023917 -0.060713 0.005301
v -0.023917 -0.062708 0.007294
v -0.023917 -0.065221 0.008572
v -0.023917 -0.068006 0.009012
v -0.023860 -0.069668 0.010397
v -0.023860 -0.075024 0.007845
v -0.023868 -0.078154 0.002805
v -0.023860 -0.078054 -0.003131
v -0.023860 -0.074765 -0.008069
v -0.023852 -0.067785 -0.010694
v -0.016781 -0.071444 0.034767
v -0.016778 -0.059723 0.033880
v -0.016780 -0.049650 0.029663
v -0.016772 -0.041329 0.022512
v -0.016795 -0.037204 0.016168
v -0.016996 -0.033603 0.006745
v -0.016975 -0.033043 0.000171
v -0.016784 -0.034587 -0.009854
v -0.016779 -0.038035 -0.017883
v -0.016777 -0.057499 -0.033156
v -0.016778 -0.052257 -0.031047
v -0.016779 -0.044979 -0.026215
v -0.016778 -0.081673 0.032120
v -0.016780 -0.088645 0.028039
v -0.016787 -0.094792 0.022486
v -0.016786 -0.099547 0.014785
v -0.016771 -0.100813 -0.011956
v -0.016802 -0.102050 0.007565
v -0.016793 -0.103043 0.000134
v -0.016778 -0.091292 -0.026015
v -0.016776 -0.096927 -0.019391
v -0.016782 -0.084417 -0.030703
v -0.016781 -0.076389 -0.033891
v -0.016778 -0.065243 -0.034771
v -0.018300 -0.064635 0.034442
v -0.018300 -0.040381 0.020852
v -0.018300 -0.037810 -0.016917
v -0.018300 -0.062990 -0.034436
v -0.024700 -0.098034 0.017126
v -0.024700 -0.095579 0.017540
v -0.024700 -0.094587 0.018321
v -0.024700 -0.094556 0.015216
v -0.024700 -0.093637 0.014239
v -0.024700 -0.096837 0.015046
v -0.024700 -0.097366 0.014171
v -0.024700 -0.094556 -0.016784
v -0.024700 -0.093637 -0.017761
v -0.024700 -0.096837 -0.016954
v -0.024700 -0.097366 -0.017829
v -0.024700 -0.098034 -0.014874
v -0.024700 -0.095579 -0.014460
v -0.024700 -0.094587 -0.013679
v -0.024700 -0.069761 -0.034075
v -0.024700 -0.068954 -0.030876
v -0.024700 -0.069829 -0.030347
v -0.024700 -0.066874 -0.029679
v -0.024700 -0.066460 -0.032134
v -0.024700 -0.065679 -0.033126
v -0.024700 -0.068784 -0.033157
v -0.024700 -0.040551 -0.014549
v -0.024700 -0.039800 -0.013322
v -0.024700 -0.039021 -0.016885
v -0.024700 -0.037966 -0.017126
v -0.024700 -0.040804 -0.018410
v -0.024700 -0.041544 -0.016610
v -0.024700 -0.042860 -0.016186
v -0.024700 -0.040941 0.017400
v -0.024700 -0.042633 0.015243
v -0.024700 -0.041734 0.018135
v -0.024700 -0.038152 0.017447
v -0.024700 -0.038894 0.015899
v -0.024700 -0.039370 0.013437
v -0.024700 -0.040784 0.014612
v -0.024700 -0.068784 0.030843
v -0.024700 -0.069761 0.029925
v -0.024700 -0.068954 0.033124
v -0.024700 -0.069829 0.033653
v -0.024700 -0.067704 0.034131
v -0.024700 -0.065654 0.032757
v -0.024700 -0.066843 0.031216
v -0.024700 -0.066171 0.030347
v -0.026800 -0.067605 0.010757
v -0.026800 -0.075871 0.007343
v -0.026800 -0.078591 0.000274
v -0.026800 -0.076388 -0.006746
v -0.026800 -0.068395 -0.010757
v -0.023860 -0.057946 0.003131
v -0.023852 -0.062400 0.009113
v -0.023917 -0.070790 0.008569
v -0.023917 -0.073302 0.007287
v -0.023917 -0.075294 0.005292
v -0.023926 -0.076673 0.002487
v -0.023853 -0.077076 0.000080
v -0.023887 -0.076832 -0.002002
v -0.023917 -0.075287 -0.005302
v -0.023917 -0.073292 -0.007294
v -0.023917 -0.070779 -0.008572
v -0.023860 -0.060976 -0.007845
v -0.023868 -0.057846 -0.002805
v -0.027800 -0.060909 -0.001250
v -0.027800 -0.058978 0.001166
v -0.027800 -0.060909 0.001250
v -0.027800 -0.061765 0.003600
v -0.027800 -0.061386 0.006246
v -0.027800 -0.063372 0.005516
v -0.027800 -0.065537 0.006766
v -0.027800 -0.066321 0.008940
v -0.027800 -0.068000 0.007200
v -0.027800 -0.070463 0.006766
v -0.027800 -0.073140 0.007716
v -0.027735 -0.072439 0.005547
v -0.027800 -0.074235 0.003600
v -0.027800 -0.075091 0.001250
v -0.027800 -0.076940 0.001679
v -0.027800 -0.075091 -0.001250
v -0.027800 -0.076220 -0.003896
v -0.027800 -0.074235 -0.003600
v -0.027800 -0.072628 -0.005516
v -0.027800 -0.071221 -0.008694
v -0.027800 -0.070463 -0.006766
v -0.027800 -0.068000 -0.007200
v -0.027800 -0.065537 -0.006766
v -0.027800 -0.064104 -0.008220
v -0.027735 -0.063561 -0.005547
v -0.027800 -0.061765 -0.003600
v -0.027800 -0.060016 -0.004360
v -0.018300 -0.068654 0.030600
v -0.018300 -0.066612 0.032497
v -0.018300 -0.068784 0.033157
v -0.018300 -0.040551 0.014549
v -0.018300 -0.039021 0.016885
v -0.018300 -0.040941 -0.017400
v -0.018300 -0.038894 -0.015899
v -0.018300 -0.040784 -0.014612
v -0.018300 -0.068954 -0.033124
v -0.018300 -0.066743 -0.032610
v -0.018300 -0.068134 -0.030460
v -0.018300 -0.094456 -0.016610
v -0.018300 -0.095103 -0.014743
v -0.018300 -0.094173 0.016134
v -0.018300 -0.096497 0.017157
v -0.018300 -0.096703 -0.015105
v -0.018300 -0.096667 -0.017124
v -0.018300 -0.095619 -0.020852
v -0.018300 -0.076988 -0.033419
v -0.018300 -0.096667 0.014876
v -0.018300 -0.094994 0.021655
v -0.018300 -0.086500 0.029247
v -0.018300 -0.041544 0.016610
v -0.023998 -0.072423 0.033610
v -0.028936 -0.076133 0.034063
v -0.026800 -0.075606 -0.017042
v -0.026800 -0.082864 0.009236
v -0.026800 -0.035382 -0.000912
v -0.026800 -0.037095 -0.000392
v -0.026800 -0.035484 0.001104
v -0.026800 -0.082600 -0.012100
v -0.026800 -0.082864 -0.010764
v -0.026800 -0.098961 -0.001863
v -0.026800 -0.098228 0.001417
v -0.026800 -0.054030 0.027962
v -0.026800 -0.043749 0.016281
v -0.026800 -0.075606 0.016733
v -0.026800 -0.054750 0.009225
v -0.026800 -0.054750 -0.011650
v -0.026800 -0.060858 0.007824
v -0.026800 -0.057761 0.002721
v -0.026800 -0.061272 -0.008183
v -0.026800 -0.057916 -0.003247
v -0.026800 -0.078924 -0.008154
v -0.029036 -0.070297 -0.033226
v -0.029048 -0.070303 0.030770
v -0.029073 -0.042698 0.016695
v -0.029100 -0.075606 0.017042
v -0.029053 -0.097515 0.014270
v -0.029100 -0.082864 0.010764
v -0.029100 -0.082864 -0.009236
v -0.029100 -0.082050 -0.012034
v -0.029053 -0.097443 -0.014198
v -0.029046 -0.069727 -0.030200
v -0.029100 -0.075606 -0.016733
v -0.029053 -0.042089 -0.017730
v -0.029058 -0.042690 -0.015304
v -0.029100 -0.046364 0.000764
v -0.029074 -0.074969 -0.002462
v -0.029000 -0.074439 0.003895
v -0.029100 -0.077319 -0.014879
v -0.016993 -0.033165 -0.003086
v -0.026280 -0.085912 0.009772
v -0.025594 -0.049211 -0.000775
v -0.025584 -0.078733 -0.016398
v -0.025584 -0.078733 0.017377
v -0.025861 -0.053130 -0.027494
v -0.025884 -0.084983 -0.027223
v -0.025884 -0.100915 -0.000606
v -0.025884 -0.084983 0.028202
v -0.025884 -0.053096 0.027645
v -0.023826 -0.066799 0.008837
v -0.023838 -0.069785 0.008741
v -0.023843 -0.072405 0.007763
v -0.023838 -0.074582 0.006023
v -0.023826 -0.076401 0.003097
v -0.023841 -0.075973 -0.003995
v -0.023847 -0.074359 -0.006258
v -0.023841 -0.072102 -0.007919
v -0.023826 -0.069201 -0.008837
v -0.023883 -0.068580 0.007172
v -0.023907 -0.064441 0.006160
v -0.023886 -0.062161 0.004092
v -0.023887 -0.060922 0.000840
v -0.023897 -0.061402 -0.002811
v -0.023886 -0.063756 -0.005724
v -0.023883 -0.067420 -0.007172
v -0.027696 -0.067279 -0.007026
v -0.027722 -0.064856 -0.006354
v -0.027693 -0.062164 -0.003992
v -0.027603 -0.061070 -0.001370
v -0.027634 -0.061037 -0.000106
v -0.027609 -0.061085 0.001403
v -0.027688 -0.062158 0.003975
v -0.027687 -0.063919 0.005766
v -0.027686 -0.066197 0.006827
v -0.027696 -0.068721 0.007026
v -0.027752 -0.065640 -0.008706
v -0.027720 -0.069539 -0.008883
v -0.027714 -0.074492 -0.006445
v -0.027754 -0.076687 -0.002190
v -0.027766 -0.076583 0.003212
v -0.027695 -0.072670 0.007786
v -0.027781 -0.067109 0.009050
v -0.027761 -0.061371 -0.006208
v -0.027686 -0.069803 -0.006827
v -0.027687 -0.072081 -0.005766
v -0.027717 -0.061988 0.006798
v -0.027603 -0.059197 0.002375
v -0.027661 -0.058943 0.000005
v -0.027604 -0.059133 -0.001778
v -0.027693 -0.073836 0.003992
v -0.027722 -0.071144 0.006354
v -0.027688 -0.073842 -0.003975
v -0.027690 -0.074864 -0.001682
v -0.027698 -0.075045 0.000448
v -0.027709 -0.074686 0.002250
v -0.023865 -0.061789 0.006419
v -0.023841 -0.063898 0.007919
v -0.023886 -0.072244 0.005724
v -0.023828 -0.061556 -0.006168
v -0.023838 -0.059879 -0.003694
v -0.023838 -0.059135 -0.001003
v -0.023838 -0.059259 0.001785
v -0.023843 -0.060237 0.004405
v -0.023886 -0.073839 -0.004092
v -0.023907 -0.071559 -0.006160
v -0.023838 -0.066215 -0.008741
v -0.023865 -0.063815 -0.007891
v -0.023897 -0.074598 0.002811
v -0.023887 -0.075078 -0.000840
v 0.031596 -0.054774 0.032197
v 0.022516 -0.056787 0.033143
v 0.031697 -0.060452 0.033951
v 0.022286 -0.063428 0.034134
v 0.031195 -0.068309 0.035105
v 0.022337 -0.071100 0.034615
v 0.022811 -0.078552 0.033470
v 0.031713 -0.076827 0.033282
v 0.031654 -0.081500 0.031984
v 0.022419 -0.088108 0.028525
v 0.031709 -0.085195 0.029857
v 0.031588 -0.090737 0.026341
v 0.022363 -0.094134 0.022946
v 0.031621 -0.094632 0.022359
v 0.022823 -0.100454 0.013838
v 0.031200 -0.097842 0.018287
v 0.031724 -0.101223 0.009568
v 0.031191 -0.102704 0.005301
v 0.022358 -0.102818 0.000381
v 0.031241 -0.102612 -0.005800
v 0.022312 -0.101555 -0.008292
v 0.022793 -0.099407 -0.015667
v 0.031603 -0.100035 -0.013549
v 0.031713 -0.097720 -0.017382
v 0.022269 -0.095045 -0.021272
v 0.031588 -0.094341 -0.022737
v 0.022311 -0.089738 -0.026893
v 0.031169 -0.086063 -0.030293
v 0.022278 -0.085569 -0.029583
v 0.022403 -0.076964 -0.033912
v 0.022327 -0.055013 -0.032145
v 0.022354 -0.041976 -0.022974
v 0.022385 -0.034990 -0.011263
v 0.022284 -0.037989 -0.016880
v 0.022378 -0.047820 -0.028410
v 0.022334 -0.064500 -0.034728
v 0.022270 -0.073358 -0.033606
v 0.022261 -0.076717 -0.032970
v 0.022260 -0.097901 -0.016659
v 0.022300 -0.100446 -0.011810
v 0.022263 -0.101120 0.007808
v 0.022285 -0.100911 0.009118
v 0.022263 -0.097914 0.016472
v 0.031700 -0.065293 0.034394
v 0.031686 -0.054520 0.031119
v 0.031716 -0.063215 0.033994
v 0.031710 -0.072631 0.033996
v 0.031700 -0.070707 0.034394
v 0.031726 -0.080917 0.031333
v 0.031690 -0.089428 0.027053
v 0.031704 -0.096948 0.018808
v 0.031700 -0.094234 0.022406
v 0.031740 -0.097363 0.017433
v 0.031700 -0.102394 0.002707
v 0.031700 -0.101547 0.008054
v 0.031684 -0.099392 0.013025
v 0.031705 -0.101124 -0.008631
v 0.031728 -0.101873 -0.003854
v 0.031700 -0.102394 -0.002707
v 0.031700 -0.099854 -0.013261
v 0.031735 -0.100900 -0.009412
v 0.031721 -0.094496 -0.022376
v 0.031729 -0.089331 -0.026662
v 0.031700 -0.090406 -0.026234
v 0.031767 -0.087226 -0.027522
v 0.031700 -0.086026 -0.029416
v 0.031700 -0.081203 -0.031874
v 0.022300 -0.078993 0.030363
v 0.022300 -0.054368 -0.029863
v 0.022300 -0.053096 -0.029033
v 0.022300 -0.083516 0.024571
v 0.022300 -0.094708 -0.011553
v 0.022300 -0.056447 -0.026708
v 0.022301 -0.048085 -0.021229
v 0.022300 -0.041292 0.011553
v 0.022300 -0.038681 0.015252
v 0.022300 -0.046814 0.022939
v 0.022300 -0.067231 0.030833
v 0.022268 -0.049999 0.028694
v 0.022300 -0.081198 -0.030615
v 0.022300 -0.082989 -0.029288
v 0.022300 -0.090316 0.024069
v 0.022300 -0.089288 0.024825
v 0.022266 -0.085179 0.029561
v 0.022300 -0.087880 0.027393
v 0.022300 -0.082735 0.027868
v 0.022300 -0.069404 0.031549
v 0.022300 -0.057925 0.031034
v 0.022283 -0.050818 0.029871
v 0.022300 -0.054802 0.030615
v 0.022260 -0.059275 0.032993
v 0.022374 -0.041226 0.022160
v 0.022302 -0.033646 0.004252
v 0.022300 -0.034804 0.005453
v 0.022300 -0.035689 0.001441
v 0.022272 -0.035271 -0.009540
v 0.022300 -0.038502 -0.010761
v 0.022266 -0.040484 -0.019414
v 0.022300 -0.044921 -0.024031
v 0.022300 -0.067231 -0.033167
v 0.022300 -0.070579 -0.032581
v 0.022300 -0.069404 -0.032451
v 0.022300 -0.092121 -0.020144
v 0.022300 -0.098303 -0.011124
v 0.022300 -0.098132 -0.009554
v 0.022300 -0.100990 -0.001093
v 0.022300 -0.098961 0.003100
v 0.022300 -0.098670 0.009853
v 0.022300 -0.101109 0.005588
v 0.022300 -0.099224 0.005415
v 0.022300 -0.101568 0.003355
v 0.022300 -0.100451 0.001404
v 0.022300 -0.098670 -0.006971
v 0.022300 -0.101038 -0.005807
v 0.022300 -0.098602 -0.003721
v 0.022300 -0.096786 -0.003608
v 0.022300 -0.101109 -0.002896
v 0.022300 -0.100739 -0.009298
v 0.022300 -0.095220 -0.019061
v 0.022300 -0.096051 -0.017859
v 0.022300 -0.091930 -0.023459
v 0.022300 -0.079098 -0.026793
v 0.022300 -0.087880 -0.024175
v 0.022300 -0.089378 -0.023254
v 0.022300 -0.088507 -0.027225
v 0.022300 -0.084329 -0.026364
v 0.022300 -0.086122 -0.026143
v 0.022300 -0.079268 -0.030396
v 0.022300 -0.078021 -0.031487
v 0.022300 -0.074971 -0.032115
v 0.022300 -0.072763 -0.030602
v 0.022300 -0.074277 -0.028313
v 0.022300 -0.064117 -0.033885
v 0.022300 -0.065019 -0.031080
v 0.022300 -0.061092 -0.032352
v 0.022300 -0.062138 -0.031701
v 0.022300 -0.057925 -0.031752
v 0.022300 -0.046712 -0.024825
v 0.022300 -0.049656 -0.025062
v 0.022300 -0.050489 -0.029288
v 0.022300 -0.048574 -0.027447
v 0.022300 -0.044383 -0.021535
v 0.022300 -0.043542 -0.015582
v 0.022300 -0.043477 -0.018642
v 0.022300 -0.042575 -0.021448
v 0.022300 -0.037385 -0.013198
v 0.022300 -0.036687 -0.006630
v 0.022300 -0.037124 -0.005129
v 0.022404 -0.033102 -0.000469
v 0.022300 -0.035828 -0.001748
v 0.022300 -0.034517 -0.005384
v 0.022300 -0.036665 -0.002896
v 0.022300 -0.037954 -0.009298
v 0.022300 -0.034751 -0.000626
v 0.022360 -0.034699 0.010159
v 0.022300 -0.035347 0.007269
v 0.022277 -0.038229 0.017280
v 0.022300 -0.041115 0.017392
v 0.022300 -0.041298 0.018448
v 0.022300 -0.040577 0.014809
v 0.022300 -0.043836 0.019264
v 0.022300 -0.048487 0.021828
v 0.022300 -0.041394 0.021367
v 0.022300 -0.044383 0.023720
v 0.022354 -0.045026 0.026024
v 0.022300 -0.046434 0.025863
v 0.022300 -0.049476 0.026926
v 0.022300 -0.048938 0.024343
v 0.022300 -0.052637 0.029492
v 0.022300 -0.061029 0.032115
v 0.022300 -0.065261 0.031263
v 0.022300 -0.060311 0.029952
v 0.022300 -0.062317 0.031500
v 0.022300 -0.067287 0.033371
v 0.022300 -0.071100 0.033483
v 0.022300 -0.074971 0.030670
v 0.022300 -0.076053 0.033056
v 0.022300 -0.073905 0.032581
v 0.022300 -0.081156 0.031964
v 0.022300 -0.077915 0.030433
v 0.022300 -0.083252 0.029319
v 0.022300 -0.085072 0.026564
v 0.022300 -0.092022 0.022545
v 0.022300 -0.095625 0.014630
v 0.022300 -0.094017 0.013034
v 0.022300 -0.092121 0.019426
v 0.022300 -0.089796 0.021325
v 0.022300 -0.094825 0.018220
v 0.022300 -0.094743 0.021288
v 0.022300 -0.096241 0.017859
v 0.022300 -0.039558 -0.012985
v 0.022300 -0.079294 -0.028514
v 0.022300 -0.081224 -0.028732
v 0.022300 -0.096825 0.011124
v 0.022300 -0.098686 0.011507
v 0.022300 -0.096442 0.012985
v 0.022300 -0.098303 0.013368
v 0.022300 -0.055015 0.028442
v 0.022300 -0.052572 0.026564
v 0.022300 -0.057239 0.029498
v 0.022300 -0.036687 0.010193
v 0.022300 -0.037954 0.007525
v 0.022300 -0.034517 0.003100
v 0.022300 -0.036776 0.003069
v 0.022300 -0.037061 0.005353
v 0.022300 -0.071721 0.030602
v 0.022300 -0.086122 0.025425
v 0.022300 -0.098132 0.007269
v 0.022300 -0.093506 -0.018269
v 0.022300 -0.094537 -0.016155
v 0.022300 -0.096241 -0.014641
v 0.022300 -0.076053 -0.029730
v 0.022300 -0.059683 -0.029783
v 0.022300 -0.064537 -0.028809
v 0.022300 -0.051829 -0.026364
v 0.022300 -0.040813 -0.014747
v 0.022300 -0.040577 -0.017691
v 0.022300 -0.037395 -0.000082
v 0.022300 -0.039355 -0.005986
v 0.022300 -0.044921 0.021224
v 0.022300 -0.062295 0.028718
v 0.022300 -0.089221 0.019788
v 0.022300 -0.098559 -0.000311
v 0.022300 -0.096835 0.003853
v 0.022300 -0.090316 -0.021186
v 0.022300 -0.067287 -0.030629
v 0.022300 -0.069043 -0.028992
v 0.022300 -0.046814 -0.022316
v 0.022301 -0.087597 -0.021770
v 0.022300 -0.074739 0.028308
v 0.022300 -0.056553 -0.028312
v 0.022300 -0.056356 -0.030765
v 0.022300 -0.096442 -0.011507
v 0.022300 -0.097130 -0.013596
v 0.022300 -0.098773 -0.012677
v 0.022300 -0.039558 0.011507
v 0.022300 -0.039191 0.003462
v 0.022300 -0.037385 0.011294
v 0.022300 -0.038502 0.013730
v 0.022300 -0.081632 0.029863
v 0.022300 -0.080167 0.028223
v 0.031700 -0.098880 -0.012517
v 0.031700 -0.095054 -0.010716
v 0.031700 -0.096530 -0.014509
v 0.031700 -0.097963 -0.009334
v 0.031701 -0.081838 0.025934
v 0.031700 -0.071461 0.028804
v 0.031700 -0.066969 0.028996
v 0.031700 -0.045542 -0.021339
v 0.031700 -0.044875 -0.021426
v 0.031700 -0.046619 -0.019592
v 0.031700 -0.046661 0.022458
v 0.031700 -0.046574 0.023125
v 0.031700 -0.048237 0.021237
v 0.031700 -0.098981 0.012694
v 0.031700 -0.099309 0.010111
v 0.031733 -0.063437 -0.033869
v 0.031700 -0.065458 -0.031685
v 0.031700 -0.065293 -0.034394
v 0.031713 -0.050242 -0.029455
v 0.031588 -0.045263 -0.026341
v 0.031700 -0.048132 -0.024085
v 0.031721 -0.045624 -0.026496
v 0.031700 -0.034453 -0.008054
v 0.031700 -0.036126 -0.013203
v 0.031700 -0.038651 -0.017566
v 0.031700 -0.038584 -0.018026
v 0.031718 -0.034017 0.003724
v 0.031700 -0.033606 0.002707
v 0.031709 -0.034613 0.010089
v 0.031588 -0.041659 0.022737
v 0.031721 -0.041504 0.022376
v 0.031700 -0.070712 0.031714
v 0.031700 -0.088293 0.024254
v 0.031700 -0.100303 -0.005927
v 0.031700 -0.076054 -0.033547
v 0.031700 -0.079011 -0.031798
v 0.031700 -0.081014 -0.030756
v 0.031700 -0.083925 -0.029725
v 0.031700 -0.085950 -0.027608
v 0.031700 -0.087247 -0.024084
v 0.031700 -0.083582 -0.024458
v 0.031700 -0.090458 -0.023916
v 0.031700 -0.091125 -0.023828
v 0.031700 -0.093868 -0.021484
v 0.031700 -0.095312 -0.019245
v 0.031700 -0.089151 -0.020104
v 0.031700 -0.092468 -0.018581
v 0.031700 -0.094716 -0.017172
v 0.031700 -0.099309 -0.006712
v 0.031700 -0.101201 0.000497
v 0.031700 -0.101289 -0.000170
v 0.031700 -0.101031 -0.000791
v 0.031700 -0.100497 -0.001201
v 0.031700 -0.100759 0.002542
v 0.031699 -0.097251 0.001537
v 0.031700 -0.099476 0.006712
v 0.031700 -0.100999 0.005755
v 0.031700 -0.094793 0.011098
v 0.031700 -0.098643 0.004567
v 0.031700 -0.097857 0.008288
v 0.031700 -0.092271 0.020562
v 0.031700 -0.089237 0.019763
v 0.031700 -0.093123 0.018393
v 0.031700 -0.092458 0.015582
v 0.031700 -0.095297 0.019008
v 0.031700 -0.094444 0.021176
v 0.031700 -0.090458 0.021339
v 0.031700 -0.091125 0.021426
v 0.031700 -0.091659 0.021836
v 0.031700 -0.091916 0.022458
v 0.031700 -0.091828 0.023125
v 0.031700 -0.086086 0.025700
v 0.031700 -0.088110 0.027363
v 0.031700 -0.084787 0.026446
v 0.031700 -0.073164 0.030792
v 0.031700 -0.074712 0.031309
v 0.031700 -0.069201 0.032497
v 0.031700 -0.068791 0.033031
v 0.031700 -0.068170 0.033289
v 0.031700 -0.067503 0.033201
v 0.031700 -0.066969 0.032791
v 0.031700 -0.066711 0.032170
v 0.031700 -0.065337 0.031897
v 0.031700 -0.062981 0.030709
v 0.031700 -0.061723 0.028313
v 0.031700 -0.058383 0.032463
v 0.031700 -0.061018 0.032315
v 0.031700 -0.054986 0.030756
v 0.031736 -0.051174 0.029734
v 0.031700 -0.047012 0.024468
v 0.031700 -0.045594 0.026234
v 0.031700 -0.048132 0.027483
v 0.031700 -0.049974 0.029416
v 0.031700 -0.054164 0.025600
v 0.031700 -0.049794 0.025459
v 0.031700 -0.050546 0.026830
v 0.031700 -0.053449 0.028230
v 0.031700 -0.046164 0.023659
v 0.031700 -0.045542 0.023916
v 0.031700 -0.044875 0.023828
v 0.031714 -0.038472 0.017341
v 0.031700 -0.040671 0.019618
v 0.031553 -0.037221 0.016388
v 0.031700 -0.039077 0.014737
v 0.031700 -0.038037 0.009334
v 0.031690 -0.034679 0.009203
v 0.031701 -0.039481 0.005797
v 0.031700 -0.037291 0.003465
v 0.031705 -0.034876 0.008631
v 0.031700 -0.036691 0.006712
v 0.031700 -0.036074 0.005836
v 0.031700 -0.033606 -0.002707
v 0.031700 -0.034799 -0.000497
v 0.031700 -0.034711 0.000170
v 0.031700 -0.034969 0.000791
v 0.031700 -0.035503 0.001201
v 0.031738 -0.034221 -0.005131
v 0.031700 -0.034243 -0.007119
v 0.031700 -0.037291 -0.005019
v 0.031700 -0.035694 -0.002543
v 0.031700 -0.039155 -0.004017
v 0.031700 -0.036691 -0.010111
v 0.031700 -0.035094 -0.007634
v 0.031700 -0.039770 -0.014551
v 0.031700 -0.041433 -0.016575
v 0.031700 -0.039853 -0.011798
v 0.031700 -0.042300 -0.021484
v 0.031700 -0.041766 -0.022406
v 0.031700 -0.043646 -0.018863
v 0.031700 -0.040703 -0.019008
v 0.031700 -0.044341 -0.021836
v 0.031700 -0.044084 -0.022458
v 0.031700 -0.044172 -0.023125
v 0.031700 -0.046786 -0.026706
v 0.031700 -0.053491 -0.028530
v 0.031700 -0.054609 -0.025723
v 0.031700 -0.051242 -0.026616
v 0.031606 -0.054545 -0.032086
v 0.031701 -0.054835 -0.031897
v 0.031700 -0.058666 -0.029963
v 0.031727 -0.058453 -0.032926
v 0.031704 -0.059614 -0.033202
v 0.031700 -0.062222 -0.032346
v 0.031700 -0.061118 -0.030884
v 0.031700 -0.061597 -0.028346
v 0.031700 -0.068497 -0.033201
v 0.031700 -0.070707 -0.034394
v 0.031700 -0.067830 -0.033289
v 0.031700 -0.067209 -0.033031
v 0.031700 -0.066799 -0.032497
v 0.031700 -0.077181 -0.027613
v 0.031700 -0.077941 -0.030884
v 0.031700 -0.073164 -0.033652
v 0.031700 -0.074882 -0.031901
v 0.031700 -0.075903 -0.029863
v 0.031700 -0.072627 -0.030481
v 0.031700 -0.069014 -0.028998
v 0.031700 -0.070712 -0.032730
v 0.031700 -0.076920 -0.032922
v 0.031700 -0.037175 -0.011598
v 0.031700 -0.038165 -0.013562
v 0.031700 -0.082737 -0.027369
v 0.031700 -0.080566 -0.028113
v 0.031700 -0.078971 -0.029988
v 0.031700 -0.096303 0.012893
v 0.031700 -0.096683 0.014550
v 0.031700 -0.097293 0.010930
v 0.031700 -0.057205 0.029244
v 0.031700 -0.054862 0.028560
v 0.031700 -0.042132 0.021484
v 0.031700 -0.043752 0.019909
v 0.031700 -0.041554 0.016787
v 0.031700 -0.042338 0.018092
v 0.031701 -0.043496 0.015790
v 0.031700 -0.059204 0.029651
v 0.031700 -0.077727 0.030189
v 0.031700 -0.082671 0.028471
v 0.031700 -0.094632 0.017027
v 0.031700 -0.098906 -0.003038
v 0.031700 -0.062883 -0.030954
v 0.031700 -0.049729 -0.026561
v 0.031700 -0.050346 -0.023007
v 0.031700 -0.038037 -0.007490
v 0.031700 -0.036170 0.001289
v 0.031700 -0.035209 -0.001031
v 0.031700 -0.035830 -0.001289
v 0.031700 -0.036497 -0.001201
v 0.031700 -0.037031 -0.000791
v 0.031700 -0.037289 -0.000170
v 0.031700 -0.037201 0.000497
v 0.031700 -0.036791 0.001031
v 0.031700 -0.044341 0.023419
v 0.031700 -0.044084 0.022797
v 0.031700 -0.044172 0.022130
v 0.031700 -0.044581 0.021596
v 0.031700 -0.045203 0.021339
v 0.031700 -0.045870 0.021426
v 0.031700 -0.066799 0.031503
v 0.031700 -0.067209 0.030969
v 0.031700 -0.069289 0.031830
v 0.031700 -0.067830 0.030711
v 0.031700 -0.068497 0.030799
v 0.031700 -0.069031 0.031209
v 0.031700 -0.091419 0.023659
v 0.031700 -0.090797 0.023916
v 0.031700 -0.090130 0.023828
v 0.031700 -0.089596 0.023419
v 0.031700 -0.089339 0.022797
v 0.031700 -0.089426 0.022130
v 0.031700 -0.089836 0.021596
v 0.031700 -0.099830 -0.001289
v 0.031700 -0.100791 0.001031
v 0.031700 -0.100170 0.001289
v 0.031700 -0.099503 0.001201
v 0.031700 -0.098969 0.000791
v 0.031700 -0.098711 0.000170
v 0.031700 -0.098799 -0.000497
v 0.031700 -0.099209 -0.001031
v 0.031700 -0.091659 -0.023419
v 0.031700 -0.091916 -0.022797
v 0.031700 -0.091828 -0.022130
v 0.031700 -0.091419 -0.021596
v 0.031700 -0.090797 -0.021339
v 0.031700 -0.090130 -0.021426
v 0.031700 -0.089596 -0.021836
v 0.031700 -0.089339 -0.022458
v 0.031700 -0.089426 -0.023125
v 0.031700 -0.089836 -0.023659
v 0.031700 -0.069031 -0.032791
v 0.031700 -0.069289 -0.032170
v 0.031700 -0.069201 -0.031503
v 0.031700 -0.068791 -0.030969
v 0.031700 -0.066711 -0.031830
v 0.031700 -0.068170 -0.030711
v 0.031700 -0.067503 -0.030799
v 0.031700 -0.066969 -0.031209
v 0.031700 -0.046164 -0.021596
v 0.031700 -0.046574 -0.022130
v 0.031700 -0.046661 -0.022797
v 0.031700 -0.044581 -0.023659
v 0.031700 -0.045203 -0.023916
v 0.031700 -0.045870 -0.023828
v 0.031700 -0.046404 -0.023419
v 0.031700 -0.042400 -0.013836
v 0.031700 -0.039440 0.011354
v 0.031700 -0.046404 0.021836
v 0.031700 -0.081014 0.028373
v 0.031700 -0.079477 0.030756
v 0.031700 -0.079189 0.028835
v 0.031700 -0.096561 -0.013342
v 0.031700 -0.097494 -0.010830
v 0.031700 -0.038756 0.013697
v 0.031700 -0.037244 0.011477
v 0.031700 -0.056646 -0.028560
v 0.031700 -0.054303 -0.029244
v 0.031700 -0.056523 -0.030756
v 0.020581 -0.083531 0.024461
v 0.020561 -0.073892 0.028330
v 0.020563 -0.066413 0.028784
v 0.020582 -0.058944 0.027493
v 0.020575 -0.095582 0.008850
v 0.020552 -0.090868 0.017698
v 0.020594 -0.092396 -0.015685
v 0.020544 -0.096867 -0.003581
v 0.020557 -0.083760 -0.024456
v 0.033439 -0.054977 0.025839
v 0.033437 -0.062083 0.028214
v 0.033422 -0.069621 0.028922
v 0.033384 -0.081527 0.025802
v 0.033480 -0.088816 0.019982
v 0.033418 -0.093844 0.013037
v 0.033448 -0.096684 0.003656
v 0.033406 -0.096342 -0.006160
v 0.033456 -0.090944 -0.017881
v 0.033424 -0.083380 -0.024417
v 0.033455 -0.074146 -0.028431
v 0.033419 -0.061685 -0.028279
v 0.033514 -0.051074 -0.023511
v 0.033489 -0.043999 -0.016293
v 0.020555 -0.077185 -0.024280
v 0.020647 -0.085861 -0.018853
v 0.020518 -0.089493 -0.014689
v 0.020554 -0.093083 -0.006514
v 0.020554 -0.093873 0.002072
v 0.020608 -0.092327 0.008908
v 0.020554 -0.088314 0.016091
v 0.020570 -0.081838 0.021955
v 0.020570 -0.072973 0.025471
v 0.020566 -0.062631 0.025450
v 0.020526 -0.053772 0.021696
v 0.020563 -0.052233 0.024134
v 0.020575 -0.046422 0.019318
v 0.020571 -0.048282 0.016944
v 0.020561 -0.041124 0.010722
v 0.020571 -0.043493 0.008677
v 0.020503 -0.038994 -0.000214
v 0.020608 -0.042098 0.000482
v 0.020570 -0.043460 -0.008444
v 0.020536 -0.044427 -0.016827
v 0.020569 -0.046719 -0.014664
v 0.020565 -0.052778 -0.021157
v 0.020527 -0.049898 -0.022489
v 0.020557 -0.059526 -0.027853
v 0.020570 -0.063027 -0.025471
v 0.020569 -0.070314 -0.025740
v 0.020587 -0.071754 -0.028745
v 0.033449 -0.090893 0.014851
v 0.033432 -0.094705 0.005569
v 0.033432 -0.094914 -0.004454
v 0.033432 -0.091487 -0.013876
v 0.033437 -0.086991 -0.019438
v 0.033432 -0.080665 -0.024162
v 0.033432 -0.071081 -0.027105
v 0.033437 -0.063933 -0.026870
v 0.033432 -0.056351 -0.024667
v 0.033432 -0.048226 -0.018794
v 0.033467 -0.044106 -0.012979
v 0.033432 -0.041295 -0.005569
v 0.033395 -0.039418 -0.005769
v 0.033432 -0.041086 0.004454
v 0.033428 -0.039787 0.006525
v 0.033432 -0.044513 0.013876
v 0.033439 -0.043720 0.015742
v 0.033437 -0.049009 0.019438
v 0.033412 -0.048508 0.021310
v 0.033432 -0.055335 0.024162
v 0.033432 -0.064919 0.027105
v 0.033437 -0.072067 0.026870
v 0.033432 -0.079649 0.024667
v 0.033437 -0.085603 0.020704
v 0.026252 -0.055916 0.022926
v 0.026253 -0.047664 0.016185
v 0.026254 -0.042679 0.006166
v 0.026252 -0.042642 -0.005349
v 0.026249 -0.047544 -0.016203
v 0.026252 -0.056987 -0.023459
v 0.026249 -0.068603 -0.026089
v 0.026252 -0.080084 -0.022926
v 0.026400 -0.059557 0.025755
v 0.026400 -0.050823 0.020966
v 0.026400 -0.044409 0.013345
v 0.026400 -0.041182 0.003922
v 0.026400 -0.041576 -0.006031
v 0.026400 -0.045539 -0.015169
v 0.026400 -0.052535 -0.022259
v 0.026400 -0.064237 -0.027030
v 0.026400 -0.076443 -0.025755
v 0.026249 -0.094033 -0.001807
v 0.026400 -0.094568 -0.006241
v 0.026249 -0.089183 -0.015241
v 0.026400 -0.087303 -0.019292
v 0.026240 -0.066691 0.026000
v 0.026400 -0.069431 0.027066
v 0.026223 -0.077000 0.024471
v 0.026400 -0.079112 0.024721
v 0.026252 -0.086744 0.017897
v 0.026400 -0.088991 0.017441
v 0.026252 -0.091943 0.009917
v 0.026400 -0.094424 0.006031
v 0.020889 -0.040289 -0.008897
v 0.031195 -0.032895 0.000309
v 0.031247 -0.062166 -0.034605
v 0.031211 -0.073328 -0.034696
v 0.031168 -0.039393 -0.020336
v 0.031235 -0.034523 -0.010559
v 0.031186 -0.047738 0.028662
v 0.034525 -0.057686 0.018996
v 0.034784 -0.065865 0.021512
v 0.034437 -0.070936 0.021423
v 0.034511 -0.079294 0.018430
v 0.034558 -0.085814 0.012243
v 0.034594 -0.089254 0.003939
v 0.034525 -0.089019 -0.005046
v 0.034600 -0.085149 -0.013159
v 0.034507 -0.078913 -0.018604
v 0.034650 -0.056633 0.021267
v 0.034700 -0.048382 0.014200
v 0.034631 -0.044314 0.004711
v 0.034525 -0.044133 -0.003100
v 0.034700 -0.047374 -0.012690
v 0.034567 -0.053316 -0.019068
v 0.034631 -0.061000 -0.023076
v 0.034733 -0.069616 -0.024013
v 0.034567 -0.075697 -0.022803
v 0.042100 -0.077109 -0.019719
v 0.042200 -0.084954 -0.013285
v 0.042233 -0.088844 -0.005057
v 0.042300 -0.089152 0.003252
v 0.041900 -0.087803 0.008641
v 0.042300 -0.085536 0.012311
v 0.042150 -0.079389 0.018217
v 0.042400 -0.075507 0.020006
v 0.042200 -0.068726 0.021510
v 0.042200 -0.061315 0.020310
v 0.042150 -0.075000 -0.023076
v 0.042150 -0.065636 -0.023998
v 0.042169 -0.056633 -0.021267
v 0.042114 -0.048382 -0.014200
v 0.042150 -0.044314 -0.004711
v 0.042150 -0.044314 0.004711
v 0.042169 -0.047920 0.013417
v 0.042233 -0.053316 0.019068
v 0.042150 -0.061000 0.023076
v 0.037078 -0.094381 -0.022551
v 0.034198 -0.094600 -0.022580
v 0.037099 -0.065279 -0.034592
v 0.034200 -0.065217 -0.034733
v 0.037147 -0.041639 -0.022519
v 0.034200 -0.041444 -0.022598
v 0.035011 -0.065779 -0.011338
v 0.041400 -0.065286 -0.011400
v 0.035034 -0.064454 -0.010134
v 0.041400 -0.064725 -0.009478
v 0.034539 -0.065384 -0.009506
v 0.035011 -0.078045 -0.005851
v 0.041400 -0.078142 -0.005749
v 0.035034 -0.076339 -0.006397
v 0.041400 -0.076221 -0.006310
v 0.034539 -0.076260 -0.005277
v 0.041400 -0.076323 -0.004509
v 0.035034 -0.071362 0.009596
v 0.041400 -0.071081 0.009233
v 0.035011 -0.069589 0.009446
v 0.041400 -0.069406 0.009863
v 0.034539 -0.069956 0.010737
v 0.041400 -0.070714 0.011400
v 0.035034 -0.058971 0.004391
v 0.041400 -0.060081 0.004955
v 0.041400 -0.058316 0.004663
v 0.035034 -0.057952 0.005562
v 0.041400 -0.058680 0.006648
v 0.034539 -0.059740 0.005277
v 0.042239 -0.062256 0.027518
v 0.042200 -0.074174 0.027286
v 0.042243 -0.083212 0.023417
v 0.042161 -0.091746 0.015137
v 0.042261 -0.095602 0.004496
v 0.042249 -0.095479 -0.005370
v 0.042242 -0.092022 -0.014347
v 0.042286 -0.087244 -0.020116
v 0.042239 -0.080567 -0.024946
v 0.037200 -0.076864 -0.026661
v 0.037200 -0.087570 -0.020377
v 0.037200 -0.094773 -0.008825
v 0.037200 -0.096035 0.000579
v 0.037200 -0.094661 0.008864
v 0.037200 -0.088377 0.019570
v 0.037200 -0.076825 0.026773
v 0.037200 -0.067429 0.028028
v 0.037200 -0.056608 0.025873
v 0.043813 -0.051097 -0.008304
v 0.043838 -0.050519 -0.005631
v 0.043805 -0.058122 -0.016524
v 0.043852 -0.057537 -0.013852
v 0.043847 -0.051590 0.002502
v 0.043784 -0.049240 0.003922
v 0.043831 -0.051250 0.005751
v 0.043820 -0.057662 0.011864
v 0.043867 -0.055333 0.012323
v 0.043809 -0.055336 0.014365
v 0.043821 -0.066818 0.015850
v 0.043809 -0.065062 0.016850
v 0.043821 -0.065663 0.018733
v 0.043852 -0.078463 0.013852
v 0.043809 -0.076086 0.013623
v 0.043870 -0.075639 0.015557
v 0.043813 -0.083433 0.005090
v 0.043838 -0.082855 0.007763
v 0.043831 -0.084750 -0.005751
v 0.043821 -0.083420 -0.004277
v 0.043847 -0.084410 -0.002502
v 0.043809 -0.080664 -0.014365
v 0.043821 -0.078733 -0.014785
v 0.043809 -0.077712 -0.013041
v 0.043777 -0.068645 -0.019034
v 0.043813 -0.068349 -0.016006
v 0.043693 -0.073262 0.020490
v 0.043899 -0.071760 0.020294
v 0.043853 -0.064579 0.020486
v 0.043780 -0.058319 0.018544
v 0.043850 -0.088777 0.002495
v 0.043814 -0.086429 0.009621
v 0.043819 -0.082577 0.014980
v 0.043875 -0.086007 -0.010254
v 0.043404 -0.088411 -0.005379
v 0.043788 -0.082870 -0.014547
v 0.043855 -0.079164 -0.017467
v 0.043797 -0.073525 -0.020145
v 0.032469 -0.054393 0.025806
v 0.032469 -0.046388 0.019596
v 0.032469 -0.040989 0.011022
v 0.032473 -0.038689 -0.001562
v 0.032473 -0.043398 -0.016008
v 0.032469 -0.052455 -0.024686
v 0.032469 -0.061836 -0.028514
v 0.032469 -0.071960 -0.028903
v 0.032469 -0.081607 -0.025806
v 0.031708 -0.079852 -0.027784
v 0.031762 -0.072111 -0.030000
v 0.031912 -0.049821 -0.023997
v 0.031955 -0.055975 -0.027713
v 0.031728 -0.061619 -0.029627
v 0.031885 -0.038391 0.006040
v 0.031995 -0.038077 -0.003940
v 0.031702 -0.039901 -0.011291
v 0.031756 -0.044070 -0.018559
v 0.031862 -0.042499 0.016246
v 0.031705 -0.040225 0.012579
v 0.031804 -0.056645 0.027991
v 0.031978 -0.049623 0.023949
v 0.032400 -0.042016 -0.015759
v 0.032400 -0.068656 -0.030383
v 0.032400 -0.083759 -0.025984
v 0.043857 -0.075172 -0.012697
v 0.043767 -0.066532 -0.014632
v 0.043747 -0.058701 -0.011099
v 0.043854 -0.055496 -0.007297
v 0.043832 -0.053596 -0.002125
v 0.043755 -0.054315 0.004720
v 0.043755 -0.058003 0.010525
v 0.043862 -0.062454 0.013340
v 0.041376 -0.072170 -0.007262
v 0.041244 -0.065920 -0.008167
v 0.041299 -0.060922 -0.004331
v 0.041372 -0.059801 -0.000901
v 0.041231 -0.060794 0.004284
v 0.041347 -0.065353 0.007996
v 0.041400 -0.061077 -0.012407
v 0.041400 -0.075522 -0.011523
v 0.041400 -0.069219 -0.014189
v 0.041400 -0.064499 -0.013995
v 0.041400 -0.059670 -0.011589
v 0.041400 -0.055003 -0.005814
v 0.041400 -0.053907 0.002974
v 0.041400 -0.053819 -0.001765
v 0.041400 -0.057053 0.009123
v 0.041400 -0.058584 0.010753
v 0.038900 -0.052487 0.003126
v 0.038900 -0.049321 0.003726
v 0.038900 -0.051078 0.005695
v 0.038900 -0.057357 0.011866
v 0.038900 -0.054853 0.013386
v 0.038900 -0.068130 0.016487
v 0.038900 -0.065186 0.016724
v 0.038900 -0.066268 0.019109
v 0.038900 -0.077049 0.013312
v 0.038900 -0.075534 0.015016
v 0.038900 -0.077239 0.016530
v 0.038900 -0.084089 0.004916
v 0.038900 -0.082822 0.007584
v 0.038900 -0.085739 -0.005526
v 0.038900 -0.083354 -0.004444
v 0.038900 -0.085976 -0.002582
v 0.038900 -0.080985 -0.013828
v 0.038900 -0.078105 -0.014449
v 0.038900 -0.079006 -0.011644
v 0.038900 -0.070515 -0.018707
v 0.038900 -0.068200 -0.018444
v 0.038900 -0.068231 -0.016185
v 0.038900 -0.059579 -0.016362
v 0.038900 -0.057193 -0.015280
v 0.038900 -0.059815 -0.013418
v 0.038900 -0.051311 -0.008317
v 0.038900 -0.051010 -0.005115
v 0.032704 -0.065761 0.008011
v 0.032768 -0.061702 0.005349
v 0.032779 -0.059620 -0.000779
v 0.032768 -0.062651 -0.006298
v 0.032595 -0.062114 -0.007346
v 0.032768 -0.069951 -0.008029
v 0.031700 -0.039654 -0.013591
v 0.037200 -0.040050 -0.013075
v 0.037200 -0.037294 -0.013531
v 0.031700 -0.037184 -0.013311
v 0.031700 -0.037217 -0.010901
v 0.037200 -0.037151 -0.011104
v 0.031700 -0.056137 -0.031338
v 0.037200 -0.056687 -0.030917
v 0.037200 -0.054612 -0.030849
v 0.031700 -0.054038 -0.029463
v 0.037200 -0.054771 -0.028039
v 0.037200 -0.079417 -0.031178
v 0.031700 -0.078901 -0.030783
v 0.037200 -0.078961 -0.028422
v 0.031700 -0.098783 -0.013591
v 0.037200 -0.098548 -0.013771
v 0.031705 -0.095775 -0.012579
v 0.037200 -0.096212 -0.013179
v 0.037200 -0.096581 -0.010721
v 0.031700 -0.098119 -0.010518
v 0.031700 -0.098783 0.010901
v 0.037200 -0.098548 0.010721
v 0.031703 -0.096099 0.011291
v 0.037200 -0.096212 0.011313
v 0.031700 -0.096346 0.013591
v 0.037200 -0.096581 0.013771
v 0.037200 -0.080788 0.027932
v 0.031714 -0.079550 0.028058
v 0.037200 -0.078433 0.029475
v 0.031700 -0.078518 0.030119
v 0.037200 -0.080592 0.031248
v 0.031700 -0.037881 0.010518
v 0.037200 -0.038089 0.010562
v 0.037200 -0.036752 0.012592
v 0.031700 -0.037217 0.013591
v 0.037200 -0.038782 0.013930
v 0.031700 -0.054808 0.028128
v 0.037200 -0.055050 0.028080
v 0.037200 -0.054070 0.029911
v 0.032648 -0.074472 -0.007247
v 0.032659 -0.077520 -0.000581
v 0.032489 -0.076364 0.003774
v 0.032659 -0.074066 0.007361
v 0.032648 -0.067024 0.009667
v 0.032207 -0.086445 -0.030088
v 0.031700 -0.095432 -0.020922
v 0.032311 -0.100477 -0.014084
v 0.032172 -0.103139 0.002681
v 0.032207 -0.098088 0.018445
v 0.031745 -0.086033 0.029840
v 0.032212 -0.078788 0.033426
v 0.032167 -0.068251 0.035071
v 0.034200 -0.102757 -0.002795
v 0.034200 -0.094554 0.022601
v 0.034198 -0.090584 0.026594
v 0.034200 -0.070795 0.034757
v 0.034198 -0.065165 0.034774
v 0.037020 -0.065182 0.034737
v 0.037083 -0.090549 0.026354
v 0.037060 -0.085174 0.030404
v 0.037105 -0.102567 0.002686
v 0.036967 -0.101684 0.009456
v 0.034198 -0.102774 0.002840
v 0.037084 -0.097845 -0.018023
v 0.036697 -0.084959 -0.030751
v 0.037149 -0.090521 -0.026355
v 0.034200 -0.090601 -0.026554
v 0.037066 -0.101645 -0.009369
v 0.037016 -0.098019 0.017840
v 0.037091 -0.076462 0.033822
v 0.037052 -0.052361 0.031374
v 0.035838 -0.052492 0.007386
v 0.043900 -0.053215 0.007455
v 0.043900 -0.051396 0.008585
v 0.035891 -0.051488 0.009724
v 0.043900 -0.052116 0.010538
v 0.035874 -0.053201 0.010907
v 0.034909 -0.053079 0.009144
v 0.035838 -0.049967 -0.003131
v 0.043900 -0.049699 -0.003038
v 0.035891 -0.048963 -0.000792
v 0.043900 -0.049540 0.000200
v 0.034909 -0.050554 -0.001373
v 0.035874 -0.054570 -0.013128
v 0.043900 -0.054336 -0.013102
v 0.035874 -0.052930 -0.011243
v 0.043900 -0.052956 -0.011008
v 0.035891 -0.054400 -0.009697
v 0.043900 -0.055050 -0.009628
v 0.034909 -0.054693 -0.011365
v 0.035838 -0.064285 -0.018833
v 0.043900 -0.064051 -0.018706
v 0.043900 -0.062232 -0.017575
v 0.035874 -0.062152 -0.016894
v 0.043900 -0.063356 -0.015334
v 0.035891 -0.063622 -0.015349
v 0.034909 -0.063915 -0.017016
v 0.035838 -0.074110 -0.017926
v 0.043900 -0.074340 -0.017905
v 0.043900 -0.073032 -0.015313
v 0.035891 -0.073106 -0.015587
v 0.035874 -0.074819 -0.014405
v 0.034909 -0.074697 -0.016168
v 0.035838 -0.082334 -0.010902
v 0.043900 -0.082066 -0.010808
v 0.035891 -0.081330 -0.008563
v 0.043900 -0.081390 -0.008417
v 0.035874 -0.083044 -0.007381
v 0.034909 -0.082921 -0.009144
v 0.035891 -0.085739 -0.000295
v 0.043900 -0.086460 -0.000200
v 0.035874 -0.083858 0.000598
v 0.043900 -0.083763 0.000814
v 0.035874 -0.084671 0.002961
v 0.043900 -0.084887 0.003056
v 0.034909 -0.085446 0.001373
v 0.035838 -0.081678 0.009549
v 0.043900 -0.080452 0.009701
v 0.035891 -0.079639 0.011073
v 0.043900 -0.080293 0.012938
v 0.035874 -0.080532 0.012953
v 0.034909 -0.081307 0.011365
v 0.035838 -0.071498 0.015258
v 0.043900 -0.071230 0.015352
v 0.035891 -0.070495 0.017597
v 0.043900 -0.070554 0.017743
v 0.035874 -0.072208 0.018779
v 0.043900 -0.072443 0.018753
v 0.034909 -0.072085 0.017016
v 0.035838 -0.061674 0.014352
v 0.043900 -0.061395 0.014299
v 0.035891 -0.059635 0.015875
v 0.043900 -0.059614 0.016032
v 0.035838 -0.060932 0.017984
v 0.043900 -0.061211 0.018037
v 0.034909 -0.061303 0.016168
v 0.038600 -0.058439 -0.006985
v 0.034400 -0.057415 -0.007771
v 0.038600 -0.057692 -0.008995
v 0.034400 -0.059043 -0.009173
v 0.038600 -0.076702 0.008832
v 0.034400 -0.076608 0.008709
v 0.038600 -0.076987 0.007109
v 0.034400 -0.077158 0.007038
v 0.042400 -0.082004 -0.015787
v 0.042400 -0.072435 -0.020822
v 0.034400 -0.076130 -0.005448
v 0.034400 -0.077186 0.003375
v 0.034400 -0.070669 0.009416
v 0.034200 -0.067327 0.030688
v 0.034200 -0.067534 0.033473
v 0.034200 -0.045838 0.021154
v 0.034200 -0.044004 0.022909
v 0.034200 -0.046046 0.023939
v 0.034200 -0.034957 -0.001140
v 0.034200 -0.035927 0.001473
v 0.034200 -0.046172 -0.023866
v 0.034200 -0.044047 -0.023068
v 0.034200 -0.045706 -0.021118
v 0.034200 -0.067327 -0.033312
v 0.034200 -0.066956 -0.031072
v 0.034200 -0.091068 -0.023953
v 0.034200 -0.089118 -0.022294
v 0.034200 -0.099326 -0.001312
v 0.034200 -0.099201 0.001239
v 0.034200 -0.089154 0.022162
v 0.034200 -0.090909 0.023996
v 0.041400 -0.068889 -0.010592
v 0.034400 -0.068834 -0.010431
v 0.034400 -0.067151 -0.012856
v 0.041400 -0.067298 -0.013020
v 0.034400 -0.069775 -0.014047
v 0.041400 -0.061377 -0.008789
v 0.034400 -0.061074 -0.008829
v 0.034400 -0.059884 -0.011453
v 0.034400 -0.061774 -0.012325
v 0.041400 -0.055437 -0.003211
v 0.034400 -0.054692 -0.004634
v 0.034400 -0.056260 -0.006575
v 0.041400 -0.057466 -0.006356
v 0.034400 -0.056418 0.004700
v 0.034400 -0.054016 0.002523
v 0.041400 -0.056860 0.001345
v 0.034400 -0.057102 0.001531
v 0.034400 -0.058401 0.010481
v 0.041400 -0.058487 0.008543
v 0.034400 -0.058591 0.008407
v 0.041400 -0.060441 0.007822
v 0.034400 -0.060677 0.007920
v 0.041400 -0.066935 0.014230
v 0.034400 -0.065538 0.013437
v 0.041400 -0.065282 0.012819
v 0.034400 -0.066735 0.010091
v 0.041400 -0.067111 0.010592
v 0.034400 -0.067814 0.010876
v 0.041400 -0.072867 0.011513
v 0.034400 -0.073050 0.011633
v 0.034400 -0.073959 0.008876
v 0.041400 -0.073805 0.009127
v 0.041400 -0.076196 0.009803
v 0.041400 -0.078534 0.006356
v 0.034400 -0.078292 0.006170
v 0.041400 -0.078694 0.003119
v 0.034400 -0.078976 0.003002
v 0.041400 -0.079596 -0.001235
v 0.034400 -0.079057 -0.001627
v 0.041400 -0.078582 -0.003932
v 0.034400 -0.078768 -0.004175
v 0.041399 -0.081681 -0.004378
v 0.034400 -0.081635 -0.003894
v 0.034400 -0.076222 -0.007735
v 0.041400 -0.074587 -0.008779
v 0.034400 -0.074522 -0.008936
v 0.034400 -0.075545 -0.011287
v 0.041400 -0.077776 -0.010383
v 0.034400 -0.081034 -0.026017
v 0.034400 -0.071349 -0.028906
v 0.034400 -0.061261 -0.028308
v 0.034400 -0.051985 -0.024296
v 0.034400 -0.044641 -0.017354
v 0.034400 -0.040115 -0.008318
v 0.034400 -0.038951 0.001721
v 0.034400 -0.041292 0.011553
v 0.034400 -0.046854 0.019991
v 0.034400 -0.057394 0.027291
v 0.034200 -0.048113 0.022586
v 0.037200 -0.048208 0.022524
v 0.034200 -0.045076 0.019909
v 0.037200 -0.045030 0.019983
v 0.034200 -0.090838 0.019933
v 0.037200 -0.091325 0.020084
v 0.034200 -0.037847 0.001989
v 0.037200 -0.037945 0.002013
v 0.034200 -0.037857 -0.002071
v 0.037200 -0.037756 -0.002054
v 0.034200 -0.070112 0.030372
v 0.037200 -0.070132 0.030287
v 0.037122 -0.045474 0.026371
v 0.034473 -0.056486 -0.018322
v 0.034400 -0.076301 0.010554
v 0.034400 -0.060306 -0.006048
v 0.034400 -0.063239 -0.010762
v 0.034400 -0.081130 -0.001437
v 0.034400 -0.060880 0.006442
v 0.034400 -0.058453 0.001027
v 0.034400 -0.066973 -0.009547
v 0.034400 -0.081376 0.005186
v 0.034400 -0.075100 0.012254
v 0.034400 -0.057024 -0.003002
v 0.034455 -0.050615 -0.012765
v 0.034400 -0.058048 -0.005352
v 0.034540 -0.047811 -0.007590
v 0.034400 -0.078560 0.008666
v 0.034400 -0.059086 -0.007221
v 0.034588 -0.071946 -0.021289
v 0.034400 -0.070648 -0.012156
v 0.034775 -0.064479 -0.021279
v 0.034700 -0.047733 0.007177
v 0.034475 -0.046392 0.000566
v 0.034470 -0.050865 0.013194
v 0.034400 -0.077888 -0.009609
v 0.034400 -0.068406 0.013718
v 0.034400 -0.061269 0.010762
v 0.042233 -0.060792 -0.020202
v 0.042200 -0.053016 -0.015472
v 0.042400 -0.049567 -0.010652
v 0.042131 -0.048030 -0.008272
v 0.042233 -0.046560 0.000612
v 0.042233 -0.048663 0.009280
v 0.042233 -0.054109 0.016343
v 0.042233 -0.068980 -0.021546
v 0.037112 -0.070721 0.034580
v 0.037130 -0.094367 0.022526
v 0.037112 -0.102580 -0.002721
v 0.037128 -0.070691 -0.034571
v 0.037050 -0.078036 -0.033516
v 0.037060 -0.050826 -0.030404
v 0.037087 -0.059590 -0.033840
v 0.037083 -0.045451 -0.026354
v 0.037128 -0.033429 -0.002691
v 0.036697 -0.037249 -0.016959
v 0.037050 -0.034484 -0.010036
v 0.034200 -0.066068 0.029922
v 0.037200 -0.066092 0.030033
v 0.034200 -0.044935 -0.020046
v 0.037200 -0.044961 -0.019963
v 0.034200 -0.048237 -0.022370
v 0.037200 -0.048134 -0.022443
v 0.034200 -0.065865 -0.030484
v 0.037200 -0.066157 -0.029793
v 0.034200 -0.069843 -0.029793
v 0.037200 -0.070135 -0.030484
v 0.034200 -0.087925 -0.022768
v 0.037200 -0.088058 -0.023263
v 0.037200 -0.090182 -0.019813
v 0.034200 -0.090718 -0.019840
v 0.034200 -0.098484 -0.002135
v 0.037200 -0.097793 -0.001843
v 0.034200 -0.097490 0.000539
v 0.037200 -0.098484 0.002135
v 0.034200 -0.099050 0.002371
v 0.037200 -0.087810 0.022126
v 0.034200 -0.087829 0.022676
v 0.042250 -0.088864 -0.011997
v 0.042150 -0.083298 -0.018640
v 0.042245 -0.071456 -0.027705
v 0.042200 -0.061826 -0.027286
v 0.042250 -0.075697 0.022803
v 0.042150 -0.083298 0.018640
v 0.042200 -0.087955 0.013334
v 0.042150 -0.091076 0.007000
v 0.042100 -0.091913 -0.003831
v 0.042243 -0.044583 0.015212
v 0.042215 -0.051030 0.022244
v 0.042067 -0.069616 0.024013
v 0.042243 -0.052788 -0.023417
v 0.042215 -0.045756 -0.016970
v 0.042239 -0.040482 -0.005744
v 0.042200 -0.040714 0.006174
v 0.032473 -0.066438 0.029311
v 0.034400 -0.069721 0.029049
v 0.032469 -0.079022 0.027011
v 0.034400 -0.079553 0.026708
v 0.032473 -0.089449 0.020037
v 0.034400 -0.090018 0.019300
v 0.032469 -0.095776 0.008919
v 0.034400 -0.095885 0.008318
v 0.032473 -0.097137 -0.003551
v 0.034400 -0.096937 -0.004461
v 0.032473 -0.091457 -0.017644
v 0.034400 -0.090830 -0.018332
v 0.041231 -0.075206 -0.004284
v 0.032768 -0.074298 -0.005349
v 0.032786 -0.076357 0.000551
v 0.041292 -0.076067 0.001929
v 0.041332 -0.072516 0.007170
v 0.033116 -0.073192 0.006202
v 0.032755 -0.069550 0.008188
v 0.041400 -0.076475 -0.007768
v 0.041400 -0.081902 -0.002427
v 0.041399 -0.081524 0.004853
v 0.041400 -0.074995 0.012509
v 0.041400 -0.068702 0.013020
v 0.041400 -0.061571 0.009641
v 0.041400 -0.059853 0.011576
v 0.041400 -0.056700 0.004583
v 0.041400 -0.057846 -0.003821
v 0.041400 -0.063206 -0.011015
v 0.041400 -0.070718 -0.012819
v 0.034200 -0.091939 0.021954
v 0.034200 -0.101473 0.000073
v 0.034200 -0.091866 -0.021828
v 0.034200 -0.069473 -0.031534
v 0.034200 -0.037368 -0.000282
v 0.034200 -0.069368 0.031718
v 0.034631 -0.091686 -0.004711
v 0.034525 -0.091867 0.003100
v 0.034650 -0.089267 0.011367
v 0.034650 -0.083298 0.018640
v 0.034631 -0.075000 0.023076
v 0.034650 -0.065636 0.023998
v 0.034650 -0.083298 -0.018640
v 0.034733 -0.088864 -0.011997
v 0.032648 -0.059605 0.004893
v 0.032659 -0.058766 -0.002390
v 0.032659 -0.067419 -0.009520
v 0.043819 -0.053423 -0.014980
v 0.043848 -0.047251 -0.000365
v 0.043779 -0.058707 -0.018585
v 0.043870 -0.060361 -0.015557
v 0.043775 -0.080128 -0.007988
v 0.043846 -0.081425 0.005586
v 0.043781 -0.082480 -0.001292
v 0.043900 -0.062992 0.016304
v 0.043900 -0.073822 0.016659
v 0.043764 -0.072405 0.013701
v 0.043821 -0.067564 0.014558
v 0.043863 -0.068128 0.016811
v 0.043900 -0.083176 0.011457
v 0.043900 -0.086841 0.002336
v 0.043900 -0.084452 -0.009870
v 0.043820 -0.080102 -0.011696
v 0.043900 -0.083776 -0.007479
v 0.043845 -0.064905 -0.020630
v 0.043900 -0.065784 -0.016924
v 0.043900 -0.056430 -0.011723
v 0.043820 -0.048559 -0.007667
v 0.043900 -0.052423 -0.001281
v 0.043900 -0.054816 0.008786
v 0.043900 -0.053805 0.010675
v 0.043875 -0.049993 0.010254
v 0.043770 -0.077358 0.011115
v 0.043784 -0.086760 -0.003922
v 0.043809 -0.059914 -0.013623
v 0.043821 -0.052580 0.004277
v 0.043800 -0.053481 -0.006963
v 0.043821 -0.052464 -0.005219
v 0.043800 -0.057690 0.014602
v 0.043837 -0.053176 0.014559
v 0.043800 -0.067682 0.018741
v 0.043805 -0.077878 0.016524
v 0.043800 -0.085817 0.006430
v 0.043821 -0.084800 0.008175
v 0.043823 -0.071138 -0.017278
v 0.043900 -0.076434 -0.016525
v 0.043900 -0.075424 -0.014637
v 0.043404 -0.047589 0.005379
v 0.038600 -0.078639 0.008476
v 0.038600 -0.059548 -0.008335
v 0.035891 -0.062971 0.016460
v 0.035874 -0.073848 0.016894
v 0.035874 -0.082895 0.012141
v 0.035838 -0.087262 0.001744
v 0.035874 -0.084684 -0.009266
v 0.035874 -0.076460 -0.016290
v 0.035874 -0.065503 -0.016241
v 0.035838 -0.056509 -0.010995
v 0.035874 -0.050676 0.000390
v 0.035874 -0.052317 -0.001496
v 0.035874 -0.054842 0.009021
v 0.031832 -0.038185 0.018126
v 0.031700 -0.081973 -0.030119
v 0.031700 -0.057291 0.030335
v 0.031756 -0.091931 0.018559
v 0.031762 -0.098000 0.004111
v 0.031756 -0.086559 -0.023930
v 0.031700 -0.047078 -0.027432
v 0.031754 -0.093630 -0.016176
v 0.031700 -0.081973 0.029009
v 0.031754 -0.084176 0.025630
v 0.031700 -0.057291 -0.028794
v 0.034200 -0.033243 0.002795
v 0.034198 -0.033226 -0.002835
v 0.032207 -0.037912 -0.018445
v 0.034198 -0.045416 -0.026594
v 0.034199 -0.070852 -0.034821
v 0.032172 -0.070681 -0.035139
v 0.032311 -0.053916 -0.032477
v 0.032172 -0.032861 -0.002681
v 0.037083 -0.041646 0.022549
v 0.037082 -0.038126 0.017970
v 0.034198 -0.041406 0.022584
v 0.032209 -0.049600 0.030116
v 0.034200 -0.045399 0.026553
v 0.037066 -0.034356 0.009369
v 0.037200 -0.047031 0.018726
v 0.037200 -0.039972 -0.000571
v 0.037200 -0.049274 -0.020969
v 0.037200 -0.068579 -0.028035
v 0.037200 -0.057386 -0.029022
v 0.037200 -0.059175 -0.026773
v 0.037200 -0.042127 -0.011392
v 0.037200 -0.039140 -0.010761
v 0.037200 -0.041227 0.008825
v 0.037200 -0.040120 0.011899
v 0.037200 -0.056583 0.031178
v 0.037200 -0.057039 0.028422
v 0.037200 -0.081884 0.029696
v 0.037200 -0.098917 -0.011313
v 0.037112 -0.033420 0.002721
v 0.037200 -0.081930 -0.029911
v 0.037200 -0.080950 -0.028080
v 0.037200 -0.098917 0.013179
v 0.038900 -0.053441 -0.006792
v 0.038900 -0.070546 -0.016448
v 0.038900 -0.085429 0.007839
v 0.038900 -0.078753 0.014826
v 0.038900 -0.057895 0.014449
v 0.041400 -0.071572 0.011837
v 0.041400 -0.079133 0.009002
v 0.041400 -0.066526 -0.009580
v 0.032400 -0.094640 -0.014623
v 0.031889 -0.098061 -0.002440
v 0.032400 -0.096326 0.011008
v 0.032400 -0.087027 0.023696
v 0.031885 -0.074040 0.029609
v 0.031995 -0.064060 0.029923
v 0.035011 -0.059412 0.006578
v 0.035034 -0.071065 0.011120
v 0.035034 -0.077029 -0.004391
v 0.035034 -0.066535 -0.009728
v 0.038400 -0.072096 -0.020591
v 0.036632 -0.079000 -0.019739
v 0.036632 -0.070609 -0.022446
v 0.036632 -0.059811 -0.021250
v 0.038400 -0.061953 -0.019934
v 0.038400 -0.054785 -0.016102
v 0.036632 -0.049385 -0.013119
v 0.038400 -0.049629 -0.009819
v 0.036632 -0.045234 -0.000566
v 0.038400 -0.047006 -0.000000
v 0.036632 -0.047887 0.010301
v 0.038400 -0.050544 0.011664
v 0.036632 -0.053360 0.017214
v 0.038400 -0.058181 0.018371
v 0.036632 -0.061062 0.021506
v 0.040168 -0.059811 0.021250
v 0.040168 -0.049385 0.013119
v 0.040168 -0.045234 0.000566
v 0.040168 -0.047887 -0.010301
v 0.040168 -0.053360 -0.017214
v 0.040168 -0.061062 -0.021506
v 0.040168 -0.069820 -0.022524
v 0.040168 -0.078301 -0.020113
v 0.038400 -0.072794 -0.024102
v 0.038400 -0.083468 -0.018848
v 0.040168 -0.086615 -0.013119
v 0.038400 -0.090704 -0.009404
v 0.040168 -0.090766 -0.000566
v 0.038400 -0.092265 0.002390
v 0.040168 -0.087244 0.012177
v 0.038400 -0.088433 0.013653
v 0.040168 -0.079000 0.019739
v 0.038400 -0.079494 0.021504
v 0.040168 -0.070609 0.022446
v 0.038400 -0.070390 0.024265
v 0.038400 -0.058596 0.022704
v 0.036632 -0.069820 0.022524
v 0.036632 -0.078301 0.020113
v 0.036632 -0.086615 0.013119
v 0.036632 -0.090766 0.000566
v 0.036632 -0.087244 -0.012177
v 0.038400 -0.058596 -0.022704
v 0.038400 -0.049152 -0.015468
v 0.038400 -0.043898 -0.004794
v 0.038400 -0.044667 0.007078
v 0.038400 -0.049152 0.015468
v 0.038400 -0.081215 -0.016102
v 0.038400 -0.087396 -0.008034
v 0.038400 -0.088732 -0.000000
v 0.038400 -0.087396 0.008034
v 0.038400 -0.081215 0.016102
v 0.038400 -0.074047 0.019934
v 0.038400 -0.065958 0.020730
v 0.040021 -0.049277 -0.012669
v 0.038386 -0.048254 -0.014425
v 0.038347 -0.082575 -0.019666
v 0.038447 -0.067886 -0.024502
v 0.040023 -0.071033 -0.022581
v 0.038397 -0.056865 -0.021487
v 0.040023 -0.057444 -0.020299
v 0.040037 -0.045480 -0.003580
v 0.038405 -0.044140 -0.004037
v 0.038405 -0.044618 0.007330
v 0.040023 -0.047434 0.010023
v 0.038347 -0.053425 0.019666
v 0.040033 -0.054708 0.018259
v 0.038400 -0.079162 -0.017882
v 0.040033 -0.081292 -0.018259
v 0.038400 -0.085378 -0.011685
v 0.038382 -0.089086 -0.002206
v 0.040023 -0.088566 -0.010023
v 0.038392 -0.087359 0.008028
v 0.040033 -0.086563 0.012876
v 0.040027 -0.090517 0.003666
v 0.038418 -0.081350 0.016470
v 0.040023 -0.078556 0.020299
v 0.038400 -0.068702 0.021205
v 0.040023 -0.064967 0.022581
v 0.038400 -0.056838 0.017882
v 0.036779 -0.090197 0.004281
v 0.036767 -0.064488 0.022310
v 0.036777 -0.075455 0.021630
v 0.036763 -0.086455 0.013393
v 0.036777 -0.089817 -0.006889
v 0.036777 -0.081822 -0.018112
v 0.036767 -0.045769 -0.004021
v 0.036777 -0.054178 0.018112
v 0.036777 -0.046183 0.006889
v 0.036773 -0.049486 -0.013329
v 0.036777 -0.060545 -0.021630
v 0.036767 -0.071512 -0.022310
v 0.038413 -0.091630 0.005626
v 0.038405 -0.091382 -0.007330
v 0.038393 -0.086709 0.015547
v 0.038397 -0.079135 0.021487
v 0.038447 -0.068114 0.024502
v 0.038400 -0.067298 -0.021205
v 0.038418 -0.054650 -0.016470
v 0.038408 -0.048635 -0.008012
v 0.038382 -0.046914 0.002206
v 0.038400 -0.050622 0.011685
v 0.020081 -0.071917 0.006503
v 0.020086 -0.066158 0.007219
v 0.020081 -0.061497 0.003917
v 0.020081 -0.061009 -0.002959
v 0.020081 -0.066285 -0.007395
v 0.025404 -0.066161 0.007434
v 0.025404 -0.062143 0.004933
v 0.025400 -0.060222 -0.000641
v 0.025400 -0.063947 -0.006669
v 0.031381 -0.071016 0.007329
v 0.031378 -0.065439 0.007641
v 0.031397 -0.061329 0.004369
v 0.031393 -0.060039 -0.000094
v 0.031385 -0.061435 -0.004459
v 0.031381 -0.064984 -0.007329
v 0.025404 -0.069839 -0.007434
v 0.025400 -0.074669 -0.004053
v 0.025404 -0.075434 0.001839
v 0.025400 -0.072053 0.006669
v 0.043132 -0.055760 -0.007613
v 0.043164 -0.053714 0.001665
v 0.043138 -0.056864 0.008917
v 0.043149 -0.063308 0.013620
v 0.043144 -0.071204 0.013898
v 0.043162 -0.078237 0.010127
v 0.041561 -0.073762 0.012939
v 0.041486 -0.066831 0.014131
v 0.041509 -0.060790 0.012253
v 0.041604 -0.055649 0.007274
v 0.041497 -0.053819 -0.001845
v 0.041561 -0.057195 -0.009158
v 0.041561 -0.062238 -0.012939
v 0.042200 -0.078188 -0.003100
v 0.043200 -0.078518 -0.003302
v 0.042700 -0.079422 -0.006218
v 0.042200 -0.076372 -0.008262
v 0.043200 -0.075928 -0.008130
v 0.042200 -0.074567 -0.004251
v 0.042200 -0.077127 -0.003951
v 0.042200 -0.078088 -0.006300
v 0.042200 -0.075804 -0.006411
v 0.042200 -0.066784 -0.007824
v 0.043200 -0.067996 -0.009101
v 0.042200 -0.067935 -0.011445
v 0.043200 -0.067220 -0.012159
v 0.042655 -0.064818 -0.012679
v 0.042200 -0.066698 -0.009286
v 0.042200 -0.065375 -0.011745
v 0.042200 -0.063086 -0.010934
v 0.042200 -0.064413 -0.009396
v 0.042200 -0.063690 -0.008439
v 0.042200 -0.061310 0.006935
v 0.043200 -0.061495 0.006595
v 0.042200 -0.059932 0.002792
v 0.043200 -0.059482 0.002684
v 0.042200 -0.058515 0.004111
v 0.042200 -0.056363 0.005363
v 0.041800 -0.057763 0.005867
v 0.041800 -0.059084 0.006886
v 0.042700 -0.058446 0.007990
v 0.042200 -0.060438 0.005349
v 0.042700 -0.072319 0.011982
v 0.042200 -0.072564 0.008319
v 0.043200 -0.072635 0.008645
v 0.043200 -0.068886 0.008026
v 0.042200 -0.067757 0.009325
v 0.041880 -0.071287 0.011296
v 0.042200 -0.071587 0.009396
v 0.042200 -0.069302 0.009286
v 0.041743 -0.069673 0.011338
v 0.042655 -0.069850 0.012714
v -0.016900 -0.065349 -0.006678
v -0.016900 -0.061930 -0.003844
v -0.016900 -0.060830 0.000457
v -0.016900 -0.062468 0.004585
v -0.016900 -0.066219 0.006961
v -0.016900 -0.070651 0.006678
v 0.020081 -0.072975 -0.005735
v 0.020081 -0.075564 0.000654
v -0.028845 -0.072447 0.005414
v -0.028885 -0.067269 0.007078
v -0.028902 -0.062596 0.004395
v -0.028905 -0.061050 0.000415
v -0.028845 -0.062097 -0.003775
v -0.028877 -0.065452 -0.006504
v -0.028711 -0.064125 -0.004733
v -0.028745 -0.062037 -0.001652
v -0.028691 -0.062642 0.003181
v -0.028758 -0.065994 0.005804
v -0.028661 -0.069115 0.005975
v -0.028765 -0.071698 0.004925
v -0.028916 -0.074294 0.002757
v -0.028878 -0.074961 -0.001501
v -0.028875 -0.070874 -0.006519
v 0.041400 -0.073616 0.006223
v 0.041400 -0.065810 0.007904
v 0.041400 -0.061229 0.004394
v 0.041400 -0.059879 -0.001020
v 0.041400 -0.062687 -0.006077
v 0.043067 -0.065130 -0.005529
v 0.043108 -0.062010 -0.001893
v 0.043087 -0.062645 0.003267
v 0.043050 -0.066543 0.006057
v 0.043084 -0.070829 0.005521
v 0.043146 -0.063177 -0.013576
v 0.043200 -0.062875 -0.009947
v 0.043200 -0.065076 -0.007686
v 0.043042 -0.069356 -0.006033
v 0.043093 -0.074288 -0.000223
v 0.043200 -0.074769 -0.003921
v 0.043149 -0.072692 -0.013620
v 0.043200 -0.068029 0.011062
v 0.043200 -0.056373 0.005750
v 0.043072 -0.072935 0.003655
v 0.043138 -0.079136 -0.008917
v 0.043138 -0.081902 -0.003203
v 0.043137 -0.081915 0.003146
v 0.043085 -0.072512 -0.004217
v 0.041400 -0.060443 0.005550
v 0.041484 -0.078727 0.009174
v 0.041400 -0.071303 0.008921
v 0.041400 -0.058745 0.004043
v 0.041400 -0.069170 0.009833
v 0.041400 -0.077413 -0.006887
v 0.041495 -0.078993 -0.008934
v 0.041400 -0.077643 -0.004104
v 0.041561 -0.081897 -0.002738
v 0.041582 -0.081721 0.003555
v 0.041400 -0.068444 -0.008298
v 0.041400 -0.076086 0.000001
v 0.041400 -0.074352 -0.005097
v 0.041400 -0.075557 -0.005550
v 0.041480 -0.069167 -0.014128
v 0.041400 -0.066239 -0.008827
v 0.041400 -0.066302 -0.011387
v 0.041400 -0.064148 -0.010670
v -0.028702 -0.073950 0.001642
v -0.028768 -0.073826 -0.001879
v -0.028756 -0.071842 -0.004857
v -0.028729 -0.067683 -0.006175
v -0.016900 -0.069781 -0.006961
v -0.016900 -0.073532 -0.004585
v -0.016900 -0.075170 -0.000457
v -0.016900 -0.074070 0.003844
v 0.031377 -0.070565 -0.007638
v 0.031397 -0.074671 -0.004369
v 0.031393 -0.075961 0.000099
v 0.031385 -0.074565 0.004459
v 0.041889 -0.074451 -0.012800
v -0.000000 -0.048667 -0.035329
v -0.000004 -0.041299 -0.035382
v -0.000555 -0.025902 -0.035519
v 0.000000 -0.043646 -0.034657
v 0.000000 -0.046364 -0.034954
v 0.000000 -0.044716 -0.032438
v -0.000000 -0.042252 -0.031707
v 0.000000 -0.045000 -0.030500
v 0.000000 -0.047734 -0.031647
v -0.000617 -0.025667 0.035510
v -0.000357 -0.026222 0.037561
v -0.000004 -0.048708 0.035397
v 0.000000 -0.044716 0.035562
v -0.000007 -0.067992 0.037538
v 0.000000 -0.046501 0.033892
v -0.000000 -0.047748 0.031707
v 0.000000 -0.044046 0.032636
v 0.000000 -0.045000 0.030500
v 0.000000 -0.042266 0.031647
v -0.000009 -0.041360 0.035299
v -0.032100 -0.100535 0.001495
v -0.032100 -0.103250 0.003861
v -0.032100 -0.097371 -0.003048
v -0.032100 -0.097342 0.003091
v -0.032100 -0.098632 0.000442
v -0.032100 -0.099465 -0.001495
v -0.032100 -0.103129 -0.003772
v -0.032100 -0.101368 -0.000442
v -0.032100 -0.085325 0.023912
v -0.032100 -0.079994 0.026956
v -0.032100 -0.082505 0.028248
v -0.032100 -0.088924 0.028606
v -0.032100 -0.084284 0.026151
v -0.032100 -0.081588 0.032796
v -0.032100 -0.082265 0.032057
v -0.032100 -0.085211 0.028740
v -0.032100 -0.055954 0.026960
v -0.032100 -0.050652 0.023865
v -0.032100 -0.051156 0.026467
v -0.032100 -0.054412 0.032796
v -0.032100 -0.053710 0.032082
v -0.032099 -0.047086 0.028549
v -0.032100 -0.053658 0.027569
v -0.032100 -0.050973 0.028923
v -0.032100 -0.053735 -0.032057
v -0.032100 -0.054412 -0.032796
v -0.032100 -0.047112 -0.028578
v -0.032100 -0.056006 -0.026956
v -0.032100 -0.050755 -0.026869
v -0.032100 -0.050675 -0.023912
v -0.032100 -0.051856 -0.029371
v -0.032100 -0.053211 -0.026685
v -0.040500 -0.097342 -0.003091
v -0.040500 -0.085348 0.023865
v -0.040500 -0.056006 0.026956
v -0.040500 -0.050652 -0.023865
v -0.035100 -0.051343 -0.029067
v -0.035100 -0.052349 -0.029937
v -0.035100 -0.053027 -0.026502
v -0.035100 -0.050646 -0.027056
v -0.035100 -0.050499 0.027605
v -0.035100 -0.052954 0.026349
v -0.035100 -0.052284 0.029275
v -0.035100 -0.098505 -0.000535
v -0.035100 -0.100844 -0.001245
v -0.035100 -0.102101 -0.000809
v -0.035100 -0.099892 0.001501
v -0.035100 -0.083716 0.026151
v -0.035100 -0.085495 0.028248
v -0.035100 -0.082789 0.028740
v -0.032100 -0.082594 -0.028014
v -0.035100 -0.082505 -0.028248
v -0.032100 -0.084284 -0.029275
v -0.035100 -0.085211 -0.028740
v -0.032100 -0.085406 -0.027411
v -0.035100 -0.084284 -0.026151
v -0.032100 -0.083716 -0.026151
v -0.035453 -0.032522 -0.003512
v -0.000017 -0.067954 -0.035564
v -0.004867 -0.048811 -0.035028
v -0.008366 -0.059602 -0.034546
v -0.013585 -0.054415 -0.032798
v -0.019261 -0.048698 -0.029911
v -0.016054 -0.042084 -0.031694
v -0.026023 -0.041971 -0.024243
v -0.032167 -0.035843 -0.015564
v -0.035500 -0.020000 -0.000000
v -0.035115 -0.032864 0.005543
v -0.032154 -0.035834 0.015568
v -0.025803 -0.042174 0.024475
v -0.019839 -0.048128 0.029539
v -0.013585 -0.054415 0.032798
v -0.016075 -0.047914 0.031688
v -0.008284 -0.059661 0.034568
v -0.007050 -0.048797 0.034664
v -0.012805 -0.041420 0.033044
v -0.004536 -0.040754 0.035223
v -0.007080 -0.020353 0.034804
v -0.006707 -0.020489 -0.034877
v -0.042789 -0.059914 -0.036403
v -0.042330 -0.066474 -0.037403
v 0.000012 -0.067907 -0.037544
v -0.042318 -0.038082 -0.022548
v -0.042029 -0.044395 -0.029273
v -0.026466 -0.041590 -0.026931
v -0.042345 -0.052597 -0.034104
v -0.042201 -0.030687 0.002288
v -0.039640 -0.030250 -0.000422
v -0.038412 -0.031252 -0.008280
v -0.042264 -0.033827 -0.015255
v -0.035830 -0.033768 -0.015833
v -0.038296 -0.031395 0.008855
v -0.035463 -0.034066 0.016449
v -0.042392 -0.034132 0.016108
v -0.030174 -0.037871 0.022824
v -0.042211 -0.040862 0.025920
v -0.042378 -0.048834 0.032138
v -0.018953 -0.049129 0.032645
v -0.042249 -0.061344 0.036836
v -0.042251 -0.070130 0.037442
v 0.008572 -0.073788 0.037140
v -0.042266 -0.088544 0.031481
v -0.042264 -0.078865 0.035811
v -0.042267 -0.086542 -0.032586
v 0.025785 -0.090790 -0.029865
v -0.042264 -0.093601 -0.027296
v 0.031644 -0.098893 -0.021626
v -0.042341 -0.101345 -0.016990
v 0.035107 -0.104757 -0.008410
v -0.042341 -0.103958 -0.010372
v -0.042341 -0.105271 -0.003380
v 0.035261 -0.105042 0.007698
v -0.042784 -0.104912 0.005554
v -0.042251 -0.102984 0.013466
v -0.042147 -0.098634 0.021825
v 0.031288 -0.098374 0.022355
v 0.022264 -0.086471 0.032983
v -0.042382 -0.075618 -0.036726
v 0.016333 -0.080268 -0.035745
v -0.043381 -0.082009 -0.033672
v -0.043500 -0.071652 -0.005192
v -0.043409 -0.076154 0.035624
v -0.043500 -0.054670 0.028668
v -0.043463 -0.061773 0.035717
v -0.043424 -0.031780 -0.001471
v -0.043500 -0.051807 -0.025033
v -0.043500 -0.052193 0.025033
v -0.043426 -0.036687 0.018430
v -0.043500 -0.049557 0.026924
v -0.043500 -0.050493 0.029937
v -0.043378 -0.045092 0.028379
v -0.043500 -0.083045 0.030383
v -0.043361 -0.091653 0.027970
v -0.043500 -0.086680 0.027906
v -0.043461 -0.099602 0.017806
v -0.043500 -0.084193 0.025033
v -0.043500 -0.077750 0.009928
v -0.043500 -0.081557 0.026924
v -0.043450 -0.104079 0.003061
v -0.043452 -0.103297 -0.008849
v -0.043500 -0.081330 -0.028668
v -0.043500 -0.083807 -0.025033
v -0.043500 -0.085507 -0.029937
v -0.043420 -0.092173 -0.027105
v -0.043500 -0.086443 -0.026924
v -0.043401 -0.068269 -0.036445
v -0.043500 -0.054443 -0.026924
v -0.043500 -0.053905 -0.029435
v -0.043422 -0.048736 -0.030910
v -0.043500 -0.050828 -0.030130
v -0.043500 -0.049490 -0.027174
v -0.043387 -0.037330 -0.019963
v -0.043500 -0.061977 -0.001110
v -0.043500 -0.063377 0.004017
v -0.044100 -0.071741 0.004691
v -0.043500 -0.074023 0.001110
v -0.043500 -0.065112 -0.005401
v -0.043500 -0.068259 0.006119
v -0.043500 -0.102443 0.000789
v -0.043500 -0.101507 -0.002224
v -0.043500 -0.097330 -0.000955
v -0.043500 -0.099807 0.002680
v -0.035100 -0.081210 -0.028221
v -0.035100 -0.085172 -0.030130
v -0.035100 -0.086510 -0.027174
v -0.035100 -0.084193 -0.025033
v -0.035100 -0.049320 0.027906
v -0.035100 -0.051807 0.025033
v -0.035100 -0.054443 0.026924
v -0.035100 -0.052955 0.030383
v -0.035100 -0.081490 0.027174
v -0.035100 -0.083807 0.025033
v -0.035100 -0.086680 0.027520
v -0.035100 -0.083492 0.030502
v -0.035100 -0.097330 0.000955
v -0.035100 -0.099807 -0.002680
v -0.035100 -0.101507 0.002224
v -0.035100 -0.049210 -0.028221
v -0.035100 -0.054443 -0.028501
v -0.035100 -0.052955 -0.025043
v -0.015454 -0.020000 -0.034341
v -0.027744 -0.020000 -0.025494
v -0.035114 -0.020000 -0.013566
v -0.017308 -0.020001 0.033325
v -0.028035 -0.020001 0.025164
v -0.035350 -0.020001 0.012882
v -0.037635 -0.020000 -0.000342
v -0.008336 -0.059271 0.036626
v -0.006716 -0.020471 0.036909
v -0.009127 -0.043626 0.036429
v -0.011369 -0.046921 0.035791
v -0.017753 -0.047429 0.033061
v -0.020613 -0.045138 0.031326
v -0.026106 -0.041863 0.027239
v -0.034174 -0.032325 0.016005
v -0.037409 -0.028993 -0.005548
v -0.037333 -0.029073 0.006027
v -0.034184 -0.032295 -0.015944
v -0.030343 -0.037652 -0.022580
v -0.020632 -0.044295 -0.031309
v -0.017738 -0.047419 -0.033077
v -0.011084 -0.046860 -0.035855
v -0.009002 -0.058871 -0.036526
v -0.008583 -0.044523 -0.036510
v -0.007086 -0.020360 -0.036841
v -0.014386 -0.042418 -0.034701
v -0.000253 -0.026213 -0.037557
v -0.017740 -0.042584 0.033068
v -0.040493 -0.032143 -0.000578
v -0.040500 -0.047254 0.028484
v -0.040500 -0.042898 0.025102
v -0.040500 -0.054412 -0.032797
v -0.040500 -0.088746 -0.028484
v -0.040500 -0.097946 -0.019824
v -0.040500 -0.103289 0.004366
v -0.040500 -0.081587 0.032797
v 0.017416 -0.081585 0.032798
v 0.025764 -0.090598 0.027734
v -0.040500 -0.103240 -0.003898
v 0.025623 -0.090482 -0.027863
v 0.012038 -0.076470 -0.034703
v -0.032100 -0.082301 -0.032294
v -0.040500 -0.082259 -0.032395
v -0.040500 -0.074926 -0.034818
v -0.040500 -0.064272 -0.035452
v 0.031163 -0.098244 -0.018707
v 0.033942 -0.102733 -0.008310
v -0.040500 -0.097955 0.019874
v 0.034336 -0.103419 0.003506
v 0.032520 -0.100339 0.015159
v -0.000011 -0.067908 0.035585
v 0.010929 -0.075742 0.034679
v -0.040500 -0.074926 0.034818
v -0.040500 -0.063598 0.035364
v -0.040500 -0.054412 0.032797
v -0.040500 -0.036145 0.015983
v -0.040500 -0.037709 -0.019209
v -0.040500 -0.047154 -0.028504
v -0.032100 -0.088937 -0.028559
v -0.032100 -0.080046 -0.026960
v -0.032100 -0.085348 -0.023865
v -0.042750 -0.031550 -0.007838
v -0.042867 -0.098438 -0.021483
v -0.042863 -0.054663 0.034764
v -0.042913 -0.031870 0.009021
v -0.019654 -0.048441 -0.032230
v -0.040500 -0.055954 -0.026960
v -0.040500 -0.050675 0.023912
v -0.040500 -0.097371 0.003048
v -0.040500 -0.082290 0.032082
v -0.040500 -0.079994 -0.026956
v -0.040500 -0.102514 0.003534
v -0.040500 -0.053735 0.032057
v -0.040500 -0.085325 -0.023912
v -0.040500 -0.088795 0.028479
v -0.040500 -0.080046 0.026960
v -0.040500 -0.053710 -0.032082
v -0.044500 -0.066423 -0.004887
v -0.044500 -0.068259 -0.006119
v -0.044500 -0.071443 -0.003809
v -0.044500 -0.072945 -0.003613
v -0.044500 -0.073021 0.001077
v -0.044500 -0.073908 0.001614
v -0.044500 -0.069577 0.004887
v -0.044500 -0.067741 0.006119
v -0.044500 -0.064557 0.003809
v -0.044500 -0.063055 0.003613
v -0.044500 -0.062624 -0.000782
v -0.044500 -0.063377 -0.004017
v -0.041276 -0.067441 0.000682
v -0.041880 -0.066802 -0.000597
v -0.041853 -0.068921 -0.001060
v -0.041880 -0.068739 0.001116
v -0.049400 -0.066791 0.000586
v -0.049400 -0.067414 -0.001209
v -0.049400 -0.069209 -0.000586
v -0.049400 -0.068586 0.001209
v -0.049260 -0.063260 -0.001453
v -0.049260 -0.066888 -0.004831
v -0.049260 -0.071628 -0.003378
v -0.049260 -0.072740 0.001453
v -0.049260 -0.069112 0.004831
v -0.049260 -0.064372 0.003378
v -0.017130 -0.042946 0.031058
v -0.018244 -0.045238 0.030412
v -0.006849 -0.041182 -0.034730
v -0.017149 -0.047024 -0.031041
v -0.012625 -0.048653 -0.033133
v -0.018240 -0.044765 -0.030413
v -0.003000 -0.046508 -0.034704
v -0.003000 -0.043755 -0.034844
v -0.003000 -0.044465 -0.032505
v -0.003000 -0.046501 0.034108
v -0.003000 -0.045108 0.032499
v -0.003000 -0.043499 0.033892
v -0.003000 -0.044892 0.035501
v -0.002999 -0.043380 0.036002
v -0.002999 -0.046210 0.031555
v -0.003000 -0.042540 0.032947
v -0.003000 -0.047049 0.035947
v -0.003003 -0.044863 -0.036587
v -0.003000 -0.047408 -0.034827
v -0.003000 -0.042510 -0.034669
v -0.002999 -0.043789 -0.031556
v -0.003000 -0.046934 -0.032331
vn -0.7418 -0.6681 -0.0580
vn -0.7095 -0.6756 -0.2003
vn -0.5625 -0.5520 -0.6156
vn -0.5876 -0.6735 -0.4485
vn -0.0815 -0.1074 -0.9909
vn -0.8308 -0.2591 -0.4925
vn -0.1497 -0.5293 -0.8351
vn -0.3289 -0.3135 -0.8908
vn -0.3701 -0.0220 -0.9287
vn -0.2843 -0.6407 -0.7132
vn -0.7354 -0.6729 0.0803
vn -0.6258 -0.6181 0.4757
vn -0.6553 -0.6750 0.3391
vn -0.4152 -0.4151 0.8095
vn -0.5200 -0.6803 0.5165
vn -0.2625 -0.6377 0.7242
vn -0.2980 -0.2428 0.9232
vn -0.3386 -0.0395 0.9401
vn -0.0978 -0.1052 0.9896
vn -0.8753 -0.2555 0.4107
vn -0.1379 -0.4377 -0.8885
vn -0.2138 -0.9367 -0.2772
vn -0.2970 -0.9396 -0.1702
vn -0.3004 -0.9538 -0.0004
vn -0.2778 -0.9490 0.1491
vn -0.1878 -0.9515 0.2435
vn -0.1211 -0.3995 0.9087
vn -0.3484 -0.3967 0.8493
vn -0.1177 -0.3002 0.9466
vn -0.1847 -0.3034 -0.9348
vn -0.2431 -0.3464 -0.9060
vn -0.5596 -0.3881 -0.7323
vn -0.8126 -0.3895 -0.4336
vn -0.9125 -0.3877 -0.1301
vn -0.9076 -0.3059 0.2876
vn -0.7117 -0.3500 0.6091
vn -0.5934 -0.4849 0.6425
vn -0.6667 -0.6835 -0.2972
vn -0.7284 -0.6714 -0.1365
vn -0.5473 -0.6636 -0.5100
vn -0.3379 -0.6797 -0.6511
vn -0.1225 -0.6776 -0.7252
vn 0.1130 -0.6904 -0.7145
vn 0.2629 -0.3837 -0.8853
vn 0.3573 -0.6604 -0.6605
vn 0.5949 -0.4049 -0.6943
vn 0.5985 -0.6567 -0.4589
vn 0.8358 -0.3918 -0.3847
vn 0.7081 -0.6728 -0.2144
vn 0.7528 -0.6580 -0.0169
vn 0.9216 -0.3872 -0.0278
vn 0.8925 -0.3739 0.2521
vn 0.6742 -0.6689 0.3132
vn 0.7511 -0.3439 0.5635
vn 0.4848 -0.6597 0.5742
vn 0.4534 -0.3441 0.8222
vn 0.1997 -0.6425 0.7398
vn -0.1208 -0.6716 0.7310
vn -0.4246 -0.6561 0.6239
vn -0.6068 -0.6751 0.4196
vn -0.7348 -0.6508 0.1914
vn 0.5002 0.7189 0.4826
vn 0.6017 0.6696 0.4355
vn 0.6506 0.7200 0.2414
vn 0.7271 0.6633 0.1772
vn -0.4415 0.7189 0.5370
vn -0.5011 0.6601 0.5597
vn -0.3521 0.6615 0.6622
vn -0.2060 0.7201 0.6625
vn -0.1906 0.6645 0.7226
vn -0.0323 0.6610 0.7497
vn -0.0147 0.7167 0.6973
vn 0.1545 0.6584 0.7367
vn 0.2322 0.7217 0.6521
vn 0.3637 0.7128 0.5997
vn -0.5045 0.7154 -0.4835
vn -0.5093 0.6509 -0.5630
vn -0.6598 0.6580 -0.3629
vn -0.6549 0.7136 -0.2488
vn -0.7297 0.6631 -0.1670
vn -0.7600 0.6492 0.0309
vn -0.6989 0.7150 0.0207
vn -0.6773 0.7153 0.1722
vn -0.7021 0.6623 0.2616
vn -0.6135 0.7115 0.3425
vn -0.6328 0.6519 0.4179
vn 0.7208 0.6670 -0.1887
vn 0.6195 0.7087 -0.3376
vn 0.6003 0.6614 -0.4496
vn 0.4412 0.7185 -0.5377
vn 0.5067 0.6605 -0.5540
vn 0.3556 0.6594 -0.6623
vn 0.2057 0.7200 -0.6628
vn 0.1876 0.6620 -0.7256
vn 0.0338 0.6559 -0.7541
vn 0.0150 0.7151 -0.6988
vn -0.1181 0.6634 -0.7389
vn -0.2303 0.7209 -0.6536
vn -0.2919 0.6581 -0.6941
vn -0.3611 0.7120 -0.6022
vn -0.3243 -0.5972 0.7336
vn -0.6883 -0.3446 0.6383
vn -0.1348 -0.0425 0.9900
vn -0.5074 -0.2203 0.8331
vn -0.2970 0.0017 0.9549
vn -0.3647 -0.6726 0.6438
vn -0.5732 -0.6719 0.4691
vn -0.7072 -0.6705 0.2243
vn -0.7329 -0.6803 -0.0090
vn -0.7098 -0.6703 -0.2164
vn -0.5755 -0.6713 -0.4671
vn -0.3730 -0.6752 -0.6364
vn -0.2804 0.0170 -0.9597
vn -0.5584 -0.2238 -0.7988
vn -0.1388 -0.0428 -0.9894
vn -0.3442 -0.5783 -0.7397
vn 0.8014 0.1199 -0.5860
vn 0.8531 0.3374 -0.3981
vn 0.9329 0.3426 -0.1109
vn 0.8523 0.5221 -0.0308
vn 0.9110 0.3473 0.2223
vn 0.8231 0.3093 0.4762
vn 0.5143 0.5031 0.6945
vn 0.1089 -0.0109 0.9940
vn -0.8489 -0.1805 0.4968
vn -0.5919 -0.4301 0.6816
vn 0.2968 -0.0059 0.9549
vn -0.0525 -0.6743 0.7366
vn 0.1188 -0.7038 0.7003
vn 0.3909 -0.0038 0.9204
vn 0.3716 -0.6745 0.6380
vn 0.5652 -0.0022 0.8250
vn 0.7037 -0.0142 0.7103
vn 0.6348 -0.6609 0.4003
vn 0.8241 0.0293 0.5657
vn 0.9336 -0.0184 0.3579
vn 0.9757 -0.0102 0.2190
vn 0.7376 -0.6725 0.0607
vn 0.6828 -0.7305 -0.0132
vn 0.9818 -0.0213 -0.1887
vn 0.6855 -0.6609 -0.3054
vn 0.9264 0.0184 -0.3760
vn 0.8193 -0.0228 -0.5729
vn 0.7179 -0.0165 -0.6959
vn 0.4657 -0.6728 -0.5749
vn 0.5462 -0.0009 -0.8376
vn 0.4100 -0.0066 -0.9120
vn 0.2187 -0.6792 -0.7006
vn 0.2864 0.0103 -0.9581
vn -0.9704 -0.1862 -0.1535
vn -0.5544 -0.4830 -0.6778
vn 0.1038 -0.0012 -0.9946
vn -0.0931 -0.6675 -0.7388
vn -0.4085 -0.7180 -0.5636
vn 0.4505 0.0181 0.8926
vn -0.3937 -0.5860 0.7083
vn 0.4285 0.6396 0.6382
vn 0.4055 0.3990 0.8224
vn 0.4063 0.5392 0.7376
vn 0.2626 0.2571 0.9300
vn 0.1009 0.1020 0.9896
vn 0.3653 0.8985 -0.2436
vn 0.3774 0.9215 0.0917
vn 0.4536 0.8829 0.1210
vn 0.3370 0.8275 0.4492
vn 0.4618 0.7630 0.4523
vn 0.4191 0.9000 -0.1199
vn 0.3074 0.8180 -0.4863
vn 0.4481 0.7560 -0.4772
vn 0.4334 0.4216 -0.7965
vn 0.4462 0.4961 -0.7448
vn 0.3043 0.2970 -0.9051
vn 0.4632 0.3477 -0.8152
vn 0.1728 0.1673 -0.9706
vn 0.5833 0.1703 -0.7942
vn 0.0650 0.0634 -0.9959
vn -0.6897 -0.3556 -0.6307
vn 0.3676 0.0222 -0.9297
vn 0.4098 -0.2258 -0.8838
vn -0.3853 -0.5903 -0.7093
vn 0.4632 -0.6104 -0.6426
vn -0.4501 -0.8406 -0.3012
vn 0.4436 -0.7918 -0.4199
vn 0.3872 -0.8966 -0.2149
vn -0.5629 -0.8260 -0.0302
vn -0.6040 -0.7967 -0.0218
vn 0.4280 -0.8973 0.1086
vn -0.4218 -0.8610 0.2841
vn 0.3804 -0.7020 0.6021
vn -0.4181 -0.7403 0.5264
vn 0.4534 -0.5086 0.7319
vn -0.9554 -0.2206 0.1964
vn -0.9336 -0.0391 -0.3563
vn -0.6175 -0.3720 -0.6931
vn -0.9360 0.3234 0.1389
vn -0.9447 -0.1820 0.2729
vn -0.9361 -0.1831 -0.3003
vn -0.9662 0.2575 -0.0145
vn -0.6693 -0.6540 0.3527
vn -0.6777 -0.3803 0.6294
vn -0.6688 -0.1733 0.7229
vn -0.6045 -0.0609 -0.7943
vn -0.6690 0.4200 -0.6132
vn -0.7052 -0.3798 -0.5986
vn -0.6716 -0.0367 -0.7400
vn -0.6797 0.1972 -0.7065
vn -0.4512 -0.4337 -0.7800
vn -0.6645 0.5936 -0.4539
vn -0.8281 0.2502 -0.5017
vn -0.5978 0.7836 -0.1691
vn -0.7738 0.6331 -0.0191
vn -0.6458 0.7529 0.1269
vn -0.8657 0.3807 0.3250
vn -0.6747 0.6394 0.3687
vn -0.6882 0.5366 0.4882
vn -0.7643 0.1582 0.6252
vn -0.6711 0.3848 0.6337
vn -0.5879 -0.1239 0.7994
vn -0.6704 0.1170 0.7327
vn -0.7095 -0.3681 0.6010
vn -0.5005 -0.4593 0.7338
vn -0.6798 -0.5173 0.5198
vn -0.6399 -0.7588 0.1212
vn -0.6623 -0.7380 -0.1292
vn -0.6718 -0.6481 -0.3587
vn -0.6773 -0.5244 -0.5159
vn -0.6728 -0.3150 -0.6694
vn 0.6734 0.2794 -0.6844
vn 0.8718 0.4857 0.0636
vn 0.7538 -0.4647 0.4646
vn 0.8698 0.4861 -0.0849
vn 0.9603 0.2369 0.1474
vn 0.8743 -0.3848 0.2960
vn 0.9060 -0.2865 -0.3117
vn 0.9049 -0.3813 0.1889
vn 0.9195 0.2453 -0.3071
vn 0.9930 0.1175 0.0151
vn 0.9943 0.0865 0.0623
vn 0.7523 -0.4510 -0.4803
vn 0.9498 -0.0179 -0.3125
vn 0.8775 -0.0555 0.4763
vn 0.9876 -0.1354 0.0793
vn 0.7915 0.4546 -0.4086
vn 0.9091 -0.2933 0.2957
vn 0.9324 0.3603 -0.0282
vn 0.9451 -0.0343 -0.3251
vn 0.7410 0.6715 -0.0071
vn 0.7520 0.2083 -0.6254
vn 0.6777 -0.3027 0.6701
vn 0.9262 -0.3317 0.1795
vn 0.7331 0.5609 -0.3845
vn 0.9598 0.2335 0.1557
vn 0.9397 -0.1860 -0.2869
vn 0.8716 -0.4662 -0.1516
vn 0.8692 -0.2814 0.4067
vn 0.7544 0.4513 -0.4766
vn 0.7589 0.6168 -0.2087
vn 0.8683 -0.4634 0.1770
vn 0.7569 0.5493 0.3540
vn 0.9450 -0.0345 -0.3254
vn 0.9219 0.3856 0.0374
vn 0.7295 0.6806 -0.0684
vn 0.9993 -0.0375 0.0038
vn 0.8685 -0.4059 -0.2845
vn 0.7329 0.4944 0.4673
vn 0.9461 0.3189 -0.0565
vn 0.9474 -0.2093 -0.2422
vn 0.8752 -0.0711 -0.4786
vn 0.9571 -0.0328 0.2877
vn 0.7386 -0.2875 0.6098
vn 0.8687 0.2838 -0.4060
vn 0.7391 -0.4638 0.4885
vn 0.9620 0.2240 0.1558
vn 0.9290 -0.0051 0.3700
vn 0.9014 0.3346 0.2749
vn 0.9408 -0.3336 0.0595
vn 0.9313 -0.3174 0.1789
vn 0.9347 -0.0335 -0.3539
vn 0.8772 -0.4441 -0.1827
vn 0.9447 0.3272 -0.0239
vn 0.9576 -0.1427 0.2503
vn 0.9433 -0.1584 -0.2918
vn 0.8860 0.4637 -0.0066
vn 0.9415 -0.2292 -0.2469
vn 0.8972 -0.4158 0.1486
vn 0.9275 -0.3731 0.0224
vn 0.9371 -0.1566 0.3120
vn 0.9376 0.2429 0.2490
vn 0.8537 -0.0504 -0.5183
vn 0.9298 -0.2451 0.2747
vn 0.8905 0.1994 0.4090
vn 0.8476 -0.4252 -0.3176
vn 0.9525 0.0793 0.2939
vn 0.9385 0.2506 -0.2374
vn 0.8633 -0.5023 -0.0488
vn 0.9499 0.2346 0.2066
vn 0.9612 -0.0368 -0.2734
vn 0.8637 -0.4826 0.1449
vn 0.9631 -0.2502 -0.0991
vn 0.8613 0.2007 -0.4668
vn 0.9516 0.2075 -0.2267
vn 0.9669 -0.2523 -0.0391
vn 0.9377 0.1312 0.3219
vn 0.9614 0.2638 -0.0778
vn 0.8806 -0.2019 -0.4288
vn 0.9393 -0.2569 0.2275
vn 0.9248 -0.2127 0.3156
vn 0.9504 0.3058 0.0571
vn 0.9590 -0.2609 0.1107
vn 0.9287 0.2945 0.2253
vn 0.9450 0.0801 -0.3170
vn 0.8814 0.4002 -0.2509
vn 0.8335 0.1428 0.5338
vn 0.8906 -0.2283 -0.3933
vn 0.9447 0.1885 0.2685
vn 0.9262 0.1975 -0.3213
vn 0.9568 -0.2907 -0.0114
vn -0.8716 -0.4486 0.1976
vn -0.7462 0.0720 -0.6619
vn -0.7475 0.6298 -0.2112
vn -0.7272 0.5483 -0.4131
vn -0.9568 0.2461 -0.1551
vn -0.7226 0.3924 0.5692
vn -0.7387 0.0905 0.6679
vn -0.7176 -0.1703 0.6753
vn -0.8971 0.4409 -0.0295
vn -0.7405 -0.5551 0.3788
vn -0.8859 0.2306 -0.4026
vn -0.9446 -0.3193 0.0756
vn -0.9025 -0.2678 -0.3373
vn -0.9270 0.2286 0.2973
vn -0.9586 0.1071 -0.2638
vn -0.7228 -0.6687 -0.1744
vn -0.8992 -0.3488 0.2640
vn -0.9299 -0.3675 0.0106
vn -0.9602 0.1316 -0.2462
vn -0.7443 -0.4025 -0.5330
vn -0.7369 -0.2334 -0.6344
vn -0.9490 0.1330 0.2859
vn -0.7368 -0.5726 -0.3595
vn -0.8971 -0.0296 -0.4409
vn -0.9084 0.4180 -0.0109
vn -0.9373 0.1793 0.2989
vn -0.9556 0.1642 -0.2447
vn -0.9675 -0.2529 0.0079
vn -0.8794 -0.2581 -0.4000
vn -0.9261 -0.3317 -0.1796
vn -0.9568 0.2460 -0.1552
vn -0.9447 -0.0290 0.3268
vn -0.7280 0.3338 -0.5988
vn -0.8605 0.3196 -0.3967
vn -0.9590 -0.2611 -0.1105
vn -0.7431 0.6671 0.0518
vn -0.9292 0.2935 -0.2247
vn -0.9451 0.0801 0.3169
vn -0.8852 0.3957 0.2444
vn -0.8600 0.3209 -0.3968
vn -0.9274 -0.2488 0.2793
vn -0.9262 -0.3317 -0.1795
vn -0.7531 0.5619 0.3423
vn -0.9360 0.1135 0.3331
vn -0.9567 -0.1355 0.2575
vn -0.9084 0.0109 0.4180
vn -0.7500 -0.3552 0.5580
vn -0.9483 -0.2292 0.2195
vn -0.9607 -0.0372 -0.2751
vn -0.9303 0.3380 0.1426
vn -0.7387 -0.6679 0.0905
vn -0.8599 0.3209 -0.3969
vn -0.8808 0.4086 0.2392
vn -0.9212 -0.2636 0.2863
vn -0.9143 -0.4022 -0.0481
vn -0.8780 0.1091 -0.4660
vn -0.9183 -0.3947 -0.0307
vn -0.9195 0.2649 -0.2904
vn -0.9287 0.3427 0.1418
vn -0.9497 -0.2295 0.2130
vn -0.9629 -0.0399 -0.2669
vn -0.9511 0.2527 0.1777
vn -0.8975 0.3830 -0.2187
vn -0.9222 0.1242 0.3662
vn -0.8780 -0.4661 -0.1091
vn -0.9103 -0.0582 0.4098
vn -0.8549 -0.3988 -0.3318
vn -0.9124 0.2998 0.2786
vn -0.9401 -0.2122 0.2667
vn -0.9042 0.3420 0.2558
vn -0.9447 -0.1383 -0.2975
vn -0.9262 0.3770 -0.0103
vn -0.9662 -0.0162 -0.2574
vn -0.9399 -0.2954 0.1711
vn 0.9165 -0.2647 -0.3000
vn 0.8392 0.3928 -0.3761
vn 0.5779 0.7583 0.3018
vn 0.9074 -0.2399 0.3451
vn 0.6786 -0.6864 -0.2614
vn 0.5726 -0.6406 0.5116
vn 0.5974 0.7940 -0.1125
vn 0.6027 0.4397 0.6659
vn 0.5690 -0.0859 -0.8179
vn 0.9229 -0.2485 -0.2942
vn 0.8942 0.3899 -0.2200
vn 0.8762 0.2220 0.4278
vn 0.8721 -0.3943 0.2896
vn 0.5668 -0.6454 -0.5120
vn 0.6898 -0.6681 0.2790
vn 0.5707 -0.0963 0.8155
vn 0.5917 0.7976 0.1172
vn 0.5969 0.4776 -0.6447
vn 0.7778 0.5796 -0.2429
vn 0.8780 -0.4660 0.1092
vn 0.9142 -0.0476 -0.4025
vn 0.9084 0.4180 0.0106
vn 0.8971 -0.0295 0.4409
vn 0.6879 -0.2282 0.6890
vn 0.6032 0.6715 -0.4304
vn 0.5727 0.5125 0.6398
vn 0.7477 0.2226 -0.6256
vn 0.5919 -0.1020 -0.7995
vn 0.5704 -0.8178 0.0764
vn 0.8265 -0.5454 0.1394
vn 0.5401 -0.3301 -0.7742
vn 0.9139 0.4021 -0.0564
vn 0.9084 -0.0371 0.4164
vn 0.5989 -0.6391 -0.4826
vn 0.6025 0.1506 -0.7838
vn 0.5640 0.8102 0.1598
vn 0.6691 0.1887 0.7188
vn 0.5647 -0.5184 0.6422
vn 0.9274 -0.2488 -0.2793
vn 0.8851 0.3959 -0.2445
vn 0.8599 0.3209 0.3969
vn 0.9025 -0.2678 0.3373
vn 0.5757 0.2254 0.7860
vn 0.5579 0.7040 -0.4395
vn 0.5902 -0.7679 0.2491
vn 0.6069 -0.4178 -0.6761
vn 0.8035 0.3433 -0.4863
vn 0.4586 0.8694 -0.1841
vn 0.9322 -0.1861 0.3103
vn 0.5970 -0.7541 -0.2738
vn 0.5746 0.6328 0.5191
vn 0.5902 -0.4861 0.6445
vn 0.5716 0.2404 -0.7845
vn 0.9341 -0.3489 0.0752
vn 0.9294 0.1274 -0.3465
vn 0.9373 0.2251 0.2660
vn 0.6797 0.2685 -0.6826
vn 0.5907 -0.6487 0.4798
vn 0.7384 -0.2431 0.6290
vn 0.6005 0.1475 0.7859
vn 0.5612 0.8235 -0.0835
vn 0.5750 -0.5152 -0.6355
vn 0.9176 -0.3939 0.0534
vn 0.9084 0.0109 -0.4180
vn 0.8716 0.4886 -0.0399
vn 0.6139 0.3317 0.7163
vn 0.5640 -0.8102 -0.1597
vn 0.5628 0.5292 -0.6350
vn 0.5897 -0.1065 0.8006
vn 0.6041 0.6562 0.4522
vn 0.6692 -0.1887 -0.7187
vn 0.6173 0.7468 -0.2474
vn 0.6040 0.5851 -0.5411
vn 0.5893 -0.3767 -0.7147
vn 0.5793 -0.7124 0.3962
vn 0.5877 -0.3365 0.7358
vn 0.5969 -0.1574 0.7867
vn 0.5965 0.1921 0.7793
vn 0.6104 0.3514 0.7099
vn 0.6099 0.7548 0.2414
vn 0.3425 -0.9395 0.0077
vn 0.3000 -0.9438 0.1387
vn 0.2065 -0.9499 0.2345
vn 0.0885 -0.9546 0.2843
vn 0.1203 -0.9400 -0.3192
vn 0.2355 -0.9402 -0.2463
vn 0.3143 -0.9406 -0.1283
vn -0.8079 0.5833 -0.0846
vn -0.5675 0.8007 -0.1921
vn -0.6903 0.5967 -0.4092
vn -0.4412 0.7958 -0.4147
vn -0.4569 0.6008 -0.6560
vn -0.2294 0.7964 -0.5595
vn -0.1437 0.6048 -0.7833
vn 0.0230 0.7966 -0.6041
vn 0.1928 0.6082 -0.7700
vn 0.2699 0.7987 -0.5378
vn 0.4958 0.6065 -0.6216
vn 0.4784 0.7837 -0.3962
vn 0.6646 0.6478 -0.3724
vn 0.5929 0.7765 -0.2135
vn 0.7102 0.6905 -0.1372
vn 0.6331 0.7734 -0.0311
vn 0.7706 0.6229 0.1346
vn 0.5187 0.8214 0.2371
vn 0.4804 0.6419 0.5977
vn 0.2521 0.8149 0.5219
vn 0.4932 0.7651 0.4139
vn 0.7060 0.6129 0.3549
vn 0.3647 0.6079 0.7053
vn 0.0539 0.6950 0.7170
vn 0.1583 0.7701 0.6180
vn -0.1414 0.7047 0.6953
vn -0.1219 0.7500 0.6502
vn -0.5565 0.5948 0.5801
vn -0.2984 0.7887 0.5376
vn -0.7606 0.5957 0.2581
vn -0.4547 0.8415 0.2919
vn -0.5837 0.8093 0.0659
vn -0.6703 0.7103 0.2150
vn -0.5470 0.7280 0.4133
vn -0.4079 0.7103 0.5737
vn -0.1486 0.7103 0.6881
vn 0.1478 0.7114 0.6871
vn 0.4118 0.7116 0.5692
vn 0.6082 0.7121 0.3508
vn 0.6914 0.7164 0.0933
vn 0.6657 0.7301 -0.1542
vn 0.6005 0.7153 -0.3575
vn 0.4104 0.7132 -0.5683
vn 0.1465 0.7125 -0.6862
vn -0.1504 0.7141 -0.6837
vn -0.4042 0.7130 -0.5729
vn -0.5499 0.7317 -0.4028
vn -0.6668 0.7129 -0.2173
vn -0.6760 0.7369 0.0054
vn 0.6651 0.7203 -0.1968
vn 0.8751 0.3711 0.3106
vn 0.4971 0.5775 0.6476
vn 0.7104 -0.3730 -0.5968
vn 0.4217 -0.3449 -0.8386
vn -0.1397 -0.3129 -0.9395
vn -0.7087 -0.3799 0.5945
vn -0.4217 -0.3449 0.8386
vn 0.1397 -0.3129 0.9395
vn -0.3830 -0.8292 0.4072
vn -0.1739 -0.8311 -0.5282
vn -0.5385 -0.8371 -0.0960
vn 0.0705 -0.9192 0.3875
vn 0.3738 -0.8814 0.2889
vn 0.0803 -0.9096 0.4076
vn 0.2213 -0.7712 -0.5968
vn 0.4989 -0.7683 -0.4011
vn 0.6320 -0.7706 -0.0819
vn -0.1820 -0.8395 -0.5120
vn 0.8338 -0.3824 0.3981
vn 0.3338 -0.7904 0.5136
vn 0.3620 -0.8337 -0.4169
vn -0.2213 -0.7712 0.5968
vn 0.0573 -0.7658 0.6405
vn 0.1128 -0.8460 0.5210
vn -0.5747 -0.7710 -0.2743
vn 0.1764 -0.8480 -0.4997
vn -0.6365 -0.7683 0.0677
vn -0.3339 -0.7904 -0.5136
vn -0.5210 -0.8461 0.1128
vn -0.0573 -0.7658 -0.6405
vn 0.0058 -0.8778 0.4790
vn 0.4106 -0.9092 -0.0686
vn 0.3562 -0.8271 -0.4348
vn 0.5532 -0.8236 0.1248
vn 0.1737 -0.8191 0.5467
vn 0.4206 -0.8925 -0.1630
vn -0.1697 -0.8834 -0.4369
vn 0.2795 -0.9270 -0.2502
vn -0.3388 -0.9020 -0.2675
vn 0.3987 -0.8440 -0.3587
vn 0.4997 -0.8480 0.1764
vn -0.0507 -0.8851 0.4626
vn -0.2179 -0.8663 -0.4495
vn -0.4793 -0.8660 0.1428
vn 0.4790 -0.8778 -0.0058
vn -0.0686 -0.9092 -0.4106
vn -0.4369 -0.8834 0.1697
vn -0.4994 -0.7746 0.3880
vn 0.1428 -0.8660 0.4793
vn -0.3128 -0.9096 0.2734
vn 0.5040 -0.8574 -0.1038
vn 0.0095 -0.8871 -0.4616
vn -0.3875 -0.9192 0.0705
vn 0.1630 -0.8925 0.4206
vn 0.0094 -0.8870 -0.4616
vn 0.1630 -0.8925 0.4205
vn 0.0987 -0.8458 0.5243
vn 0.4371 -0.8814 -0.1792
vn -0.0987 -0.8458 -0.5243
vn -0.4729 -0.8811 -0.0029
vn -0.3982 -0.8601 0.3189
vn 0.2451 -0.8840 0.3982
vn -0.3587 -0.8440 -0.3987
vn -0.4497 -0.8660 0.2185
vn 0.4626 -0.8851 0.0507
vn 0.4047 -0.8458 -0.3476
vn -0.2339 -0.8811 -0.4109
vn -0.2086 -0.8672 0.4521
vn -0.1038 -0.8574 -0.5041
vn -0.4616 -0.8870 -0.0094
vn -0.4371 -0.8814 0.1792
vn -0.0639 -0.9136 -0.4015
vn 0.4673 -0.8840 -0.0132
vn -0.4616 -0.8871 -0.0095
vn -0.5375 -0.8311 -0.1426
vn 0.0058 0.9371 0.3490
vn -0.3834 0.9106 0.1544
vn -0.1753 0.8656 -0.4690
vn 0.6138 0.7847 0.0865
vn 0.1935 0.8805 -0.4327
vn 0.0027 0.8810 0.4731
vn -0.4076 0.9096 -0.0802
vn 0.5243 0.8458 0.0987
vn 0.2435 0.9005 0.3604
vn -0.1576 0.7683 0.6204
vn -0.4551 0.7746 0.4391
vn -0.4608 0.7904 -0.4036
vn 0.4509 0.7713 -0.4492
vn 0.3921 0.8597 0.3275
vn -0.2368 0.8692 0.4340
vn 0.1576 0.7683 -0.6204
vn 0.3275 0.8597 -0.3921
vn 0.4340 0.8692 0.2368
vn -0.6258 0.7658 -0.1479
vn -0.6222 0.7712 0.1341
vn 0.4641 0.7907 0.3992
vn 0.1897 0.7710 0.6079
vn -0.4494 0.8663 -0.2179
vn 0.1241 0.8517 -0.5091
vn 0.4905 0.8540 -0.1735
vn 0.2765 0.8634 0.4219
vn -0.3476 0.8458 0.4047
vn 0.3981 0.8842 -0.2445
vn -0.1544 0.9106 -0.3834
vn -0.3603 0.9003 0.2441
vn 0.2452 0.8837 0.3986
vn 0.4695 0.8654 -0.1750
vn -0.3604 0.9002 0.2445
vn 0.2451 0.8836 0.3989
vn 0.4695 0.8654 -0.1749
vn -0.2733 0.9096 0.3128
vn -0.3396 0.9041 -0.2595
vn -0.2889 0.8814 -0.3738
vn 0.4327 0.8805 0.1935
vn 0.1888 0.8909 -0.4131
vn -0.1367 0.8754 0.4636
vn -0.4051 0.9116 -0.0700
vn -0.1897 0.7710 -0.6079
vn -0.2795 0.9270 -0.2501
vn 0.3388 0.9021 -0.2674
vn 0.2594 0.9041 -0.3396
vn -0.4076 0.8878 -0.2138
vn 0.0535 0.9540 -0.2950
vn -0.1735 0.8661 -0.4689
vn 0.3985 0.8839 -0.2450
vn 0.2441 0.9003 0.3603
vn 0.3476 0.8458 -0.4047
vn 0.4109 0.8812 0.2339
vn -0.2138 0.8878 0.4076
vn 0.3982 0.8601 0.3189
vn -0.2451 0.8840 0.3982
vn 0.4636 0.8754 0.1367
vn -0.0700 0.9116 0.4051
vn -0.4131 0.8909 -0.1888
vn 0.1792 0.8814 -0.4371
vn -0.3834 0.9106 0.1545
vn -0.2234 0.9673 -0.1199
vn 0.2651 0.9554 -0.1302
vn 0.6064 0.7658 -0.2139
vn -0.2812 0.9542 0.1016
vn 0.2288 0.9540 0.1938
vn 0.5690 0.5688 0.5939
vn 0.6993 0.0800 0.7103
vn 0.8573 0.3823 0.3448
vn 0.7116 0.0482 -0.7009
vn 0.8550 -0.2287 -0.4655
vn 0.7926 0.5019 -0.3464
vn 0.5690 0.5710 -0.5918
vn 0.9611 0.2761 0.0088
vn 0.9339 -0.1582 0.3207
vn 0.9458 -0.1981 -0.2573
vn 0.7866 0.3866 -0.4815
vn 0.4399 -0.5112 -0.7383
vn 0.4938 -0.5532 0.6709
vn 0.4392 0.7696 0.4635
vn 0.5078 0.5840 -0.6333
vn -0.6955 -0.5715 -0.4355
vn -0.8432 -0.5210 -0.1324
vn 0.6901 -0.5668 0.4501
vn -0.5927 -0.6145 0.5207
vn 0.3626 -0.5813 0.7284
vn 0.7239 -0.6018 -0.3375
vn -0.1378 -0.6192 -0.7731
vn -0.7472 -0.6173 -0.2460
vn -0.0474 -0.9375 0.3448
vn -0.1985 -0.9678 -0.1551
vn 0.2853 -0.9546 -0.0860
vn -0.7975 -0.5995 -0.0685
vn -0.2676 -0.6248 0.7335
vn 0.5418 -0.6263 0.5606
vn 0.7103 -0.6075 -0.3555
vn -0.1711 -0.6150 -0.7698
vn 0.1938 -0.9540 0.2288
vn -0.2951 -0.9540 0.0534
vn 0.1013 -0.9540 -0.2823
vn -0.7755 -0.4513 -0.4415
vn -0.4578 0.5035 -0.7328
vn -0.5033 0.6916 0.5180
vn -0.4649 -0.6789 0.5682
vn -0.7905 0.4571 -0.4076
vn -0.4555 0.7068 0.5413
vn -0.4411 -0.4154 -0.7955
vn -0.5086 -0.6489 0.5658
vn 0.6806 0.6597 -0.3187
vn 0.3506 0.6563 0.6681
vn 0.5151 0.6415 0.5685
vn 0.6778 0.6615 0.3208
vn -0.6283 -0.7653 -0.1399
vn -0.3592 -0.8620 -0.3575
vn -0.5657 -0.5810 -0.5852
vn -0.5785 -0.2400 -0.7795
vn -0.4838 -0.0406 -0.8742
vn -0.4862 0.3003 -0.8206
vn -0.5328 0.6098 -0.5867
vn -0.5961 0.7578 -0.2653
vn -0.6266 0.7731 0.0982
vn -0.8405 0.5392 -0.0527
vn -0.7661 0.5143 -0.3854
vn 0.1717 0.6396 -0.7493
vn 0.1785 0.3120 -0.9332
vn 0.1734 -0.0267 -0.9845
vn -0.7288 -0.1720 -0.6628
vn -0.8581 -0.3531 -0.3728
vn -0.7776 -0.6271 0.0465
vn -0.0186 0.9967 -0.0786
vn -0.0506 0.9504 -0.3069
vn -0.0357 0.8137 -0.5801
vn -0.0285 0.5752 -0.8175
vn -0.0376 0.2576 -0.9655
vn 0.0059 0.0097 -0.9999
vn -0.0131 -0.2800 -0.9599
vn -0.0461 -0.4560 -0.8888
vn -0.0464 -0.7191 -0.6934
vn -0.0297 -0.9031 -0.4285
vn -0.0246 -0.9955 -0.0912
vn 0.9249 -0.0394 0.3781
vn 0.8987 0.4201 -0.1258
vn 0.9004 -0.4247 0.0947
vn 0.8911 -0.1068 -0.4410
vn 0.8596 0.3161 0.4015
vn 0.8741 0.4410 -0.2037
vn 0.8875 -0.3694 0.2754
vn 0.9217 -0.1913 -0.3375
vn 0.9104 0.3197 0.2625
vn 0.9116 -0.2099 0.3535
vn 0.9354 0.0667 -0.3472
vn 0.8995 -0.3442 -0.2690
vn 0.9079 0.4004 0.1241
vn 0.9071 -0.0369 0.4192
vn 0.9225 0.0146 -0.3858
vn 0.9049 -0.4163 -0.0891
vn 0.8900 0.4392 -0.1222
vn 0.7152 0.0469 -0.6974
vn 0.9041 0.0874 0.4182
vn 0.9003 -0.4294 0.0713
vn 0.9068 0.3487 -0.2371
vn 0.9001 -0.2285 -0.3710
vn 0.9215 0.2414 0.3044
vn 0.9086 -0.3456 0.2345
vn 0.9151 0.2747 -0.2952
vn 0.8360 -0.3706 -0.4046
vn 0.8136 -0.5750 -0.0856
vn 0.9072 0.3620 0.2143
vn 0.8614 -0.3288 0.3871
vn 0.8912 0.0845 -0.4457
vn 0.9226 -0.3852 -0.0217
vn 0.9084 0.4157 0.0447
vn 0.9050 -0.0812 0.4176
vn 0.9011 -0.0830 -0.4255
vn 0.9068 -0.4041 0.1199
vn 0.8945 0.4352 -0.1024
vn 0.9028 0.0708 0.4242
vn 0.8947 -0.2452 -0.3734
vn 0.9187 0.2943 -0.2634
vn 0.9173 -0.2850 0.2780
vn 0.9062 0.2350 0.3514
vn 0.9212 -0.2729 -0.2774
vn 0.9101 -0.1929 0.3667
vn 0.9014 0.2488 -0.3544
vn 0.8967 0.3759 0.2336
vn 0.8768 -0.4765 -0.0638
vn 0.8891 -0.1397 0.4358
vn 0.9001 0.0850 -0.4274
vn 0.9018 0.4158 0.1176
vn 0.8905 -0.4398 0.1166
vn 0.8025 -0.0905 0.5898
vn 0.8266 0.4371 0.3545
vn 0.8948 -0.0967 -0.4359
vn 0.8121 0.4900 -0.3167
vn 0.9036 -0.3994 0.1551
vn 0.9234 0.2694 0.2734
vn 0.9082 -0.2528 -0.3337
vn 0.9089 0.3469 -0.2313
vn 0.9192 -0.2631 0.2929
vn 0.8959 0.3851 0.2217
vn 0.8984 -0.3711 -0.2350
vn 0.9105 0.2396 -0.3370
vn 0.5858 -0.7994 0.1335
vn 0.5875 -0.1077 -0.8020
vn 0.5899 0.7998 -0.1112
vn 0.5854 0.1531 0.7962
vn 0.5832 -0.6919 0.4256
vn 0.5861 -0.4152 -0.6958
vn 0.5895 0.6946 -0.4123
vn 0.5860 0.4431 0.6785
vn 0.5739 -0.3775 0.7268
vn 0.5802 -0.6505 -0.4901
vn 0.5890 0.4697 -0.6576
vn 0.5993 0.7179 0.3541
vn 0.5863 -0.1871 0.7882
vn 0.5809 -0.7857 -0.2128
vn 0.5845 0.1912 -0.7885
vn 0.5773 0.2457 0.7787
vn 0.5799 -0.8067 0.1138
vn 0.5848 -0.1296 -0.8008
vn 0.6009 0.7543 -0.2647
vn 0.5831 0.4741 0.6597
vn 0.5810 -0.7041 0.4083
vn 0.5847 -0.4228 -0.6924
vn 0.5751 0.7017 0.4207
vn 0.5805 -0.4943 0.6471
vn 0.5909 -0.6548 -0.4712
vn 0.5911 0.4104 -0.6944
vn 0.5751 0.8090 0.1215
vn 0.5803 -0.2091 0.7871
vn 0.5846 -0.7889 -0.1894
vn 0.5893 0.1121 -0.8001
vn 0.5945 0.7991 -0.0896
vn 0.5770 0.1511 0.8026
vn 0.5846 -0.8004 0.1325
vn 0.5849 -0.1084 -0.8038
vn 0.5743 0.6031 -0.5536
vn 0.5777 0.4498 0.6811
vn 0.5861 -0.6830 0.4359
vn 0.6008 -0.5347 -0.5943
vn 0.5857 0.4712 -0.6595
vn 0.5826 0.6224 0.5227
vn 0.6000 -0.5320 0.5975
vn 0.5818 -0.6708 -0.4599
vn 0.5861 0.1820 -0.7895
vn 0.5791 0.7909 0.1977
vn 0.5904 -0.1993 0.7821
vn 0.5829 -0.7947 -0.1693
vn 0.5878 -0.1381 -0.7971
vn 0.6030 0.7897 -0.1133
vn 0.6027 0.1023 0.7913
vn 0.5867 -0.7960 0.1490
vn 0.5860 -0.4264 -0.6890
vn 0.5826 0.7057 -0.4032
vn 0.5861 0.4177 0.6943
vn 0.5861 -0.6769 0.4454
vn 0.5849 -0.6588 -0.4731
vn 0.5849 0.4847 -0.6503
vn 0.5845 0.6607 0.4709
vn 0.5861 -0.4545 0.6708
vn 0.5887 0.7927 0.1582
vn 0.5906 0.6566 -0.4691
vn 0.8735 -0.0555 0.4837
vn 0.9159 0.3979 0.0534
vn 0.8973 -0.4366 -0.0654
vn 0.8975 0.0979 -0.4301
vn 0.5843 -0.7897 -0.1869
vn 0.5828 0.2070 -0.7858
vn 0.5866 0.7853 0.1979
vn 0.5856 -0.1643 0.7938
vn -0.8913 0.0693 0.4480
vn -0.9077 -0.4184 0.0309
vn -0.8892 0.4539 -0.0574
vn -0.8893 -0.0300 -0.4563
vn -0.8951 -0.1715 0.4116
vn -0.9054 -0.3877 -0.1727
vn -0.8889 0.4184 0.1865
vn -0.8859 0.2037 -0.4167
vn -0.8715 -0.4410 0.2144
vn -0.8593 0.0057 0.5114
vn -0.7832 0.5654 0.2589
vn -0.9040 0.3265 -0.2761
vn -0.8965 -0.0640 -0.4385
vn -0.9035 -0.4233 0.0676
vn -0.8841 0.1037 0.4556
vn -0.8947 0.4435 -0.0536
vn -0.8903 0.1557 -0.4280
vn -0.8752 -0.4172 -0.2448
vn -0.9164 -0.1926 0.3509
vn -0.8951 0.4087 0.1784
vn -0.8696 -0.2722 -0.4121
vn -0.9043 0.3465 -0.2493
vn -0.8967 -0.3623 0.2542
vn -0.8866 0.2592 0.3830
vn -0.9016 -0.0565 -0.4290
vn -0.8248 0.5616 -0.0650
vn -0.8893 -0.4543 0.0519
vn -0.8881 0.0152 0.4595
vn -0.8939 0.1757 -0.4123
vn -0.9077 0.3834 0.1704
vn -0.8958 -0.4062 -0.1802
vn -0.8861 -0.2077 0.4143
vn -0.9019 0.3474 -0.2566
vn -0.8925 0.2615 0.3676
vn -0.8962 -0.2652 -0.3556
vn -0.4325 -0.4531 0.7795
vn -0.8929 0.4461 -0.0619
vn -0.9066 0.0428 0.4197
vn -0.7057 -0.1364 -0.6953
vn -0.8789 -0.4743 0.0497
vn -0.9126 0.3813 0.1474
vn -0.8903 -0.1671 0.4236
vn -0.8901 0.1914 -0.4137
vn -0.8807 -0.4296 -0.1994
vn -0.5810 0.8057 -0.1155
vn -0.5804 0.1151 0.8062
vn -0.5860 -0.1142 -0.8023
vn -0.5763 -0.8122 0.0901
vn -0.5804 0.7565 0.3016
vn -0.5801 -0.3038 0.7558
vn -0.5848 0.3051 -0.7516
vn -0.5751 -0.7509 -0.3247
vn -0.5825 0.3885 0.7140
vn -0.5983 -0.6905 0.4065
vn -0.5867 0.6412 -0.4946
vn -0.5823 -0.4952 -0.6447
vn -0.5857 0.1123 0.8027
vn -0.5799 -0.8071 0.1112
vn -0.5844 0.8057 -0.0963
vn -0.5796 -0.0943 -0.8094
vn -0.5736 -0.3928 0.7188
vn -0.5891 -0.7175 -0.3717
vn -0.5880 0.7102 0.3871
vn -0.5815 0.3541 -0.7324
vn -0.5788 -0.6455 0.4982
vn -0.5809 -0.4943 -0.6467
vn -0.5848 0.4932 0.6440
vn -0.5752 0.6596 -0.4838
vn -0.5815 -0.8050 0.1174
vn -0.5798 -0.1169 -0.8063
vn -0.5869 0.1108 0.8021
vn -0.5750 0.8136 -0.0865
vn -0.5816 -0.7578 -0.2958
vn -0.5784 0.3011 -0.7581
vn -0.5849 -0.3105 0.7493
vn -0.5756 0.7484 0.3294
vn -0.5798 -0.5041 -0.6401
vn -0.5799 0.6407 -0.5032
vn -0.5834 -0.6452 0.4933
vn -0.5752 0.4914 0.6540
vn -0.5801 -0.1180 -0.8059
vn -0.5798 0.8068 -0.1135
vn -0.5847 -0.8033 0.1128
vn -0.5758 0.0954 0.8120
vn -0.5810 0.3005 -0.7564
vn -0.5809 0.7547 0.3050
vn -0.5851 -0.7573 -0.2902
vn -0.5771 -0.3114 0.7549
vn -0.8980 0.2808 0.3387
vn -0.9054 -0.3415 0.2523
vn -0.8984 0.3565 -0.2566
vn -0.8727 -0.2406 -0.4249
vn -0.5823 0.6366 -0.5057
vn -0.5800 0.5040 0.6400
vn -0.5871 -0.5907 -0.5536
vn -0.6016 -0.5476 0.5815
vn 0.1583 -0.9790 -0.1282
vn 0.6558 -0.6866 -0.3139
vn 0.5938 -0.5802 -0.5574
vn 0.3225 -0.4157 -0.8504
vn 0.0135 -0.2587 -0.9659
vn 0.1165 0.0119 -0.9931
vn 0.1300 0.3265 -0.9362
vn 0.1396 0.6322 -0.7622
vn 0.2411 0.8211 -0.5174
vn 0.5987 0.7743 -0.2050
vn 0.2290 0.9725 0.0434
vn -0.1191 0.9927 0.0168
vn -0.6169 0.7618 -0.1977
vn -0.2583 0.8304 -0.4936
vn -0.2332 0.7396 -0.6314
vn -0.1145 0.4774 -0.8712
vn -0.0925 0.1602 -0.9827
vn -0.0419 -0.0850 -0.9955
vn -0.1205 -0.3563 -0.9265
vn -0.0265 -0.6328 -0.7739
vn -0.1782 -0.8203 -0.5434
vn -0.6101 -0.7280 -0.3127
vn -0.3036 -0.9456 -0.1171
vn -0.2333 -0.9716 0.0405
vn -0.6830 0.7297 0.0325
vn -0.5731 0.7328 -0.3667
vn -0.5364 0.6718 -0.5109
vn -0.6374 0.3667 -0.6777
vn -0.6796 0.1111 -0.7251
vn -0.6824 -0.1859 -0.7069
vn -0.6832 -0.4570 -0.5695
vn -0.6632 -0.6845 -0.3028
vn -0.6418 -0.7665 0.0245
vn -0.9522 -0.1369 -0.2732
vn 0.9503 -0.0859 -0.2993
vn -0.9330 0.3598 -0.0079
vn 0.9337 0.3547 0.0493
vn 0.9645 -0.1649 0.2062
vn 0.9517 -0.0858 -0.2949
vn 0.9338 0.3541 0.0507
vn -0.5502 -0.0707 0.8320
vn -0.4950 -0.0396 -0.8680
vn -0.8590 -0.4196 -0.2934
vn -0.0197 -0.5052 0.8628
vn 0.4945 0.0339 -0.8685
vn 0.8687 -0.3961 -0.2973
vn 0.6111 0.1301 0.7808
vn 0.8830 -0.3719 0.2863
vn 0.4876 -0.0240 0.8727
vn -0.5444 0.0733 -0.8356
vn -0.4990 0.0277 0.8662
vn -0.8553 -0.4237 0.2981
vn 0.0335 -0.5047 -0.8627
vn 0.6145 -0.1336 -0.7776
vn -0.0515 -0.9946 -0.0900
vn -0.0468 -0.8996 -0.4342
vn -0.0464 -0.6984 -0.7142
vn -0.0509 -0.4415 -0.8958
vn -0.1054 -0.0978 -0.9896
vn -0.0941 0.2561 -0.9621
vn -0.0652 0.6033 -0.7948
vn -0.0700 0.7944 -0.6034
vn -0.0956 0.9596 -0.2647
vn -0.0444 -0.9632 0.2652
vn -0.0447 -0.8168 0.5752
vn -0.0446 -0.5721 0.8190
vn -0.0611 -0.2335 0.9704
vn -0.0633 0.0611 0.9961
vn -0.1261 0.4134 0.9018
vn -0.0642 0.7255 0.6852
vn -0.0768 0.8802 0.4683
vn -0.0957 0.9907 0.0966
vn 0.0151 0.9955 -0.0938
vn 0.0098 0.9040 -0.4275
vn 0.0219 0.7012 -0.7127
vn 0.0214 0.4170 -0.9086
vn 0.0184 0.0936 -0.9954
vn 0.0108 -0.2495 -0.9683
vn 0.0093 -0.5696 -0.8219
vn 0.0220 -0.8186 -0.5740
vn 0.0221 -0.9648 -0.2622
vn 0.0087 0.9651 0.2618
vn 0.0094 0.8197 0.5727
vn 0.0056 0.5793 0.8151
vn 0.0137 0.2495 0.9683
vn 0.0344 -0.0956 0.9948
vn 0.0214 -0.4170 0.9086
vn 0.0219 -0.7012 0.7127
vn 0.0218 -0.9022 0.4308
vn 0.0259 -0.9956 0.0896
vn -0.0282 0.5060 -0.8621
vn -0.7560 -0.6531 -0.0438
vn -0.7259 -0.5278 -0.4410
vn -0.9027 -0.0510 0.4272
vn -0.7598 -0.5945 -0.2632
vn -0.7347 0.1086 -0.6697
vn -0.7651 0.2137 -0.6073
vn -0.7527 -0.1116 -0.6488
vn -0.7582 0.4139 -0.5038
vn -0.7538 0.6469 0.1154
vn -0.7414 0.6633 -0.1012
vn -0.7617 0.5871 -0.2740
vn -0.7475 0.5116 -0.4237
vn -0.5937 0.6136 -0.5206
vn -0.5819 0.7430 -0.3306
vn -0.6498 0.7540 -0.0957
vn -0.6490 0.7606 0.0194
vn -0.6281 0.4306 -0.6481
vn -0.6436 0.3455 -0.6830
vn -0.5518 0.1499 -0.8204
vn -0.5980 -0.0919 -0.7962
vn -0.5997 -0.2609 -0.7565
vn -0.5890 -0.4872 -0.6447
vn -0.6536 -0.6212 -0.4324
vn -0.6738 -0.6875 -0.2709
vn -0.6109 -0.7913 -0.0252
vn 0.6170 -0.7863 -0.0339
vn 0.6392 -0.7473 -0.1816
vn 0.6657 -0.6364 -0.3896
vn 0.5909 -0.5980 -0.5416
vn 0.6154 -0.4000 -0.6792
vn 0.6422 -0.2276 -0.7320
vn 0.6472 -0.0541 -0.7604
vn 0.6131 0.0415 -0.7889
vn 0.5860 0.2583 -0.7681
vn 0.6155 0.4592 -0.6406
vn 0.6441 0.4906 -0.5869
vn 0.6230 0.6365 -0.4547
vn 0.6351 0.7042 -0.3174
vn 0.6534 0.7525 -0.0829
vn 0.2927 0.9531 -0.0774
vn 0.5896 0.8039 0.0783
vn -0.7577 0.6483 -0.0751
vn -0.7582 0.5500 -0.3501
vn -0.7659 0.3421 -0.5444
vn -0.7658 0.0538 -0.6409
vn -0.7847 -0.2773 -0.5544
vn -0.7764 -0.5419 -0.3217
vn -0.7761 -0.6302 0.0242
vn 0.9592 0.2827 0.0013
vn 0.9476 0.3119 -0.0691
vn 0.9819 0.1629 -0.0968
vn 0.9839 -0.0559 -0.1697
vn 0.9695 0.1341 -0.2052
vn 0.9170 0.1889 -0.3512
vn 0.9620 0.0004 -0.2730
vn 0.9540 -0.0362 -0.2977
vn 0.9682 -0.1080 -0.2259
vn 0.9817 -0.0931 -0.1659
vn 0.9407 -0.3152 -0.1252
vn 0.9662 -0.2482 -0.0696
vn 0.9155 -0.1963 -0.3511
vn 0.8357 -0.5445 -0.0715
vn 0.5915 0.7800 -0.2043
vn 0.5030 0.8610 0.0752
vn 0.7267 0.5799 -0.3682
vn 0.5100 0.4922 -0.7055
vn 0.5307 0.1667 -0.8310
vn 0.5779 -0.1944 -0.7926
vn 0.7256 -0.4489 -0.5216
vn 0.7222 -0.5179 -0.4585
vn 0.6366 -0.6953 -0.3336
vn 0.6691 -0.7395 -0.0744
vn 0.9565 0.2833 0.0694
vn 0.4876 0.7905 0.3706
vn 0.9641 0.2177 0.1522
vn 0.5780 0.5546 0.5986
vn 0.6295 0.4261 0.6497
vn 0.9581 0.1196 0.2601
vn 0.5775 0.1984 0.7919
vn 0.9482 0.0214 0.3170
vn 0.6116 -0.1076 0.7838
vn 0.4893 -0.3383 0.8038
vn 0.4192 -0.5277 0.7388
vn 0.9614 -0.1933 0.1956
vn 0.5013 -0.7187 0.4819
vn 0.9639 -0.2410 0.1133
vn 0.5436 -0.8125 0.2105
vn 0.9420 -0.3321 0.0487
vn 0.6215 0.6407 -0.4509
vn 0.8933 -0.4471 -0.0462
vn 0.9493 -0.3134 0.0246
vn 0.9636 -0.2430 -0.1114
vn 0.7813 -0.4474 -0.4353
vn 0.9751 -0.0910 -0.2022
vn 0.6658 -0.0301 -0.7455
vn 0.9687 0.0831 -0.2338
vn 0.8256 0.3937 -0.4043
vn 0.9583 0.2609 -0.1164
vn 0.8777 0.4728 -0.0788
vn 0.8983 -0.4308 -0.0868
vn 0.4185 -0.9062 -0.0603
vn 0.4853 -0.7785 -0.3980
vn 0.8921 -0.3507 -0.2849
vn 0.4418 -0.5911 -0.6748
vn 0.9172 -0.1389 -0.3736
vn 0.3560 -0.3586 -0.8629
vn 0.8850 0.0682 -0.4606
vn 0.4534 -0.0910 -0.8866
vn 0.4023 0.2007 -0.8932
vn 0.4980 0.4228 -0.7571
vn 0.8834 0.3593 -0.3008
vn 0.3590 0.7382 -0.5712
vn 0.4706 0.8394 -0.2718
vn 0.8986 0.4362 -0.0469
vn 0.4500 0.8890 0.0852
vn -0.6715 -0.2333 -0.7033
vn -0.9642 -0.1217 0.2357
vn -0.6791 0.2190 0.7006
vn -0.7844 0.1575 -0.6000
vn -0.8075 0.3930 -0.4399
vn -0.6612 -0.0678 0.7471
vn -0.8447 0.3374 0.4155
vn -0.6742 -0.3260 0.6627
vn -0.6731 -0.0326 -0.7388
vn -0.6508 0.2579 -0.7141
vn -0.6617 -0.5835 0.4707
vn -0.8258 0.5553 -0.0990
vn -0.7882 -0.0970 -0.6077
vn -0.7883 -0.3355 -0.5157
vn -0.6828 -0.6562 -0.3211
vn -0.7906 0.5738 0.2137
vn -0.6828 -0.7265 -0.0773
vn -0.6805 -0.7089 0.1854
vn -0.6798 -0.5009 -0.5356
vn -0.7986 0.1205 0.5896
vn -0.7870 -0.1595 0.5959
vn -0.6701 0.3769 0.6394
vn -0.7856 -0.3866 0.4831
vn -0.6423 0.5451 -0.5388
vn -0.8073 -0.5376 0.2435
vn -0.6781 0.6842 -0.2684
vn -0.8041 -0.4877 -0.3400
vn -0.6423 0.6235 0.4457
vn -0.6791 0.7162 0.1607
vn -0.7922 -0.6020 -0.1003
vn -0.6798 0.7322 -0.0419
vn 0.8980 -0.1281 0.4210
vn 0.9650 -0.1650 0.2039
vn 0.9111 0.0837 0.4036
vn 0.9707 -0.1751 0.1648
vn 0.9677 -0.0229 0.2509
vn 0.8942 0.2663 0.3599
vn 0.8867 0.4384 0.1468
vn 0.9544 0.2822 0.0974
vn 0.9576 0.1462 0.2482
vn 0.8895 -0.3195 0.3268
vn 0.9190 -0.3775 0.1136
vn 0.0064 0.9857 -0.1681
vn 0.1137 0.9912 -0.0676
vn 0.0068 0.9439 -0.3301
vn -0.0659 0.9216 -0.3825
vn 0.6392 0.6770 -0.3649
vn -0.6395 0.6064 -0.4725
vn -0.0555 0.6218 -0.7812
vn -0.1187 0.7436 -0.6580
vn 0.0517 0.4956 -0.8670
vn -0.0645 0.3253 -0.9434
vn 0.0304 0.1460 -0.9888
vn 0.0312 0.0814 -0.9962
vn -0.0067 -0.0609 -0.9981
vn 0.0208 -0.2505 -0.9679
vn 0.0299 -0.3760 -0.9261
vn 0.0052 -0.4195 -0.9078
vn -0.0166 -0.5443 -0.8387
vn 0.0064 -0.6615 -0.7499
vn -0.0444 -0.7557 -0.6534
vn -0.1392 -0.8342 -0.5337
vn 0.4307 -0.8296 -0.3553
vn -0.1984 -0.9624 -0.1853
vn 0.4307 -0.9002 -0.0635
vn -0.1226 -0.9916 0.0412
vn 0.7470 -0.6250 -0.2265
vn 0.0178 0.9998 0.0051
vn 0.6450 0.4211 0.6376
vn 0.5118 0.3023 0.8041
vn 0.0205 0.1593 0.9870
vn 0.0436 -0.0942 0.9946
vn 0.4307 -0.2827 0.8571
vn 0.7470 -0.3742 0.5496
vn 0.4308 -0.5484 0.7168
vn -0.0637 -0.8301 0.5539
vn -0.0603 -0.9686 0.2410
vn 0.2200 0.9328 0.2853
vn 0.5544 0.6595 0.5076
vn 0.8548 0.3625 0.3713
vn 0.0681 -0.9198 0.3864
vn -0.1678 -0.7236 0.6696
vn -0.1984 -0.4159 0.8875
vn -0.0205 -0.1609 0.9868
vn -0.0436 0.0942 0.9946
vn -0.5113 0.2721 0.8152
vn -0.8316 0.2988 0.4681
vn -0.6450 0.5148 0.5647
vn -0.4723 0.7934 0.3840
vn -0.7756 0.5628 0.2860
vn -0.4797 0.8663 0.1393
vn -0.1801 -0.9831 0.0316
vn -0.1304 -0.9711 -0.2001
vn -0.3769 -0.7686 -0.5169
vn -0.0997 -0.6714 -0.7344
vn -0.0009 -0.4261 -0.9047
vn -0.2151 -0.1728 -0.9612
vn 0.0335 0.0895 -0.9954
vn 0.0189 0.4795 -0.8773
vn -0.2044 0.7355 -0.6460
vn 0.0290 0.9206 -0.3894
vn -0.7510 0.6585 0.0494
vn 0.1683 0.4029 0.8996
vn -0.0173 0.1207 0.9925
vn 0.3012 0.9066 0.2956
vn 0.7118 0.4722 0.5200
vn -0.1069 -0.9144 0.3905
vn -0.2396 -0.7023 0.6703
vn -0.1149 -0.4123 0.9038
vn 0.0020 -0.1223 0.9925
vn -0.0578 0.0497 0.9971
vn 0.0042 0.3789 0.9254
vn -0.3788 0.5028 0.7770
vn -0.1603 0.7611 0.6286
vn -0.2884 0.8494 0.4421
vn -0.6350 0.7630 0.1207
vn -0.6616 0.7499 0.0043
vn -0.6449 0.6074 -0.4639
vn 0.0076 -0.9961 0.0874
vn -0.1954 -0.9371 -0.2891
vn 0.4602 -0.7107 -0.5321
vn -0.1356 -0.8526 -0.5047
vn -0.2239 -0.6457 -0.7300
vn -0.1779 -0.4407 -0.8799
vn 0.0082 -0.2066 -0.9784
vn 0.0174 0.1659 -0.9860
vn 0.0558 0.4917 -0.8690
vn -0.0452 0.7233 -0.6890
vn -0.2898 0.9067 -0.3064
vn -0.1214 0.9755 -0.1837
vn 0.5023 0.5356 0.6789
vn 0.6105 0.3341 0.7181
vn 0.2652 0.2671 0.9265
vn 0.5523 0.0002 0.8337
vn 0.4600 -0.2032 0.8644
vn 0.5731 -0.2660 0.7751
vn 0.1675 -0.6242 0.7631
vn 0.1626 -0.7859 0.5966
vn 0.5876 -0.7375 0.3330
vn 0.1281 -0.9720 0.1972
vn 0.6471 0.7339 0.2066
vn 0.0533 0.8920 0.4490
vn 0.6504 0.5409 0.5334
vn -0.0690 -0.9170 0.3930
vn 0.0038 -0.7460 0.6659
vn -0.2308 -0.4459 0.8648
vn -0.1318 -0.0823 0.9879
vn -0.2152 0.0521 0.9752
vn -0.7714 0.3065 0.5577
vn -0.1635 0.8387 0.5194
vn -0.8446 0.5189 0.1321
vn 0.0973 0.9915 -0.0867
vn 0.1502 0.9475 -0.2822
vn -0.0460 0.6184 -0.7845
vn -0.0679 0.3267 -0.9427
vn 0.0180 0.0825 -0.9964
vn 0.0067 -0.1098 -0.9939
vn 0.0063 -0.4003 -0.9163
vn -0.0400 -0.5476 -0.8358
vn -0.0858 -0.7533 -0.6521
vn 0.8231 -0.5278 -0.2097
vn 0.3707 0.3689 0.8524
vn 0.1312 0.0782 0.9883
vn 0.2152 -0.0521 0.9752
vn 0.7343 -0.3852 0.5589
vn -0.0689 -0.8310 0.5520
vn -0.0642 -0.9687 0.2400
vn 0.3397 0.8920 0.2983
vn 0.8475 0.3870 0.3633
vn -0.1557 -0.9064 0.3926
vn -0.3030 -0.6719 0.6758
vn -0.2359 -0.3991 0.8861
vn -0.2379 -0.2718 0.9325
vn -0.5868 0.0012 0.8098
vn -0.4246 0.1926 0.8847
vn -0.5805 0.2668 0.7693
vn -0.2301 0.5521 0.8014
vn -0.6114 0.5866 0.5311
vn -0.3334 0.8254 0.4556
vn -0.6214 0.7602 0.1894
vn 0.1304 -0.7480 -0.6508
vn 0.1539 -0.5294 -0.8343
vn 0.0831 -0.4106 -0.9080
vn -0.0176 -0.0629 -0.9979
vn 0.1838 0.0756 -0.9801
vn -0.0016 0.3344 -0.9424
vn 0.0517 0.4955 -0.8670
vn -0.0596 0.6720 -0.7381
vn 0.0134 0.9456 -0.3251
vn 0.1859 0.9825 0.0146
vn 0.6352 0.4143 0.6518
vn 0.4257 0.3377 0.8395
vn 0.0518 0.1301 0.9901
vn 0.1950 -0.0904 0.9766
vn 0.5382 -0.2670 0.7994
vn 0.5382 -0.5142 0.6678
vn 0.0954 -0.8292 0.5507
vn 0.0977 -0.9661 0.2389
vn 0.5382 -0.8405 -0.0625
vn 0.5382 -0.7737 -0.3343
vn 0.6533 0.5872 -0.4780
vn 0.2243 0.9324 0.2833
vn 0.6448 0.6077 0.4636
vn -0.8373 -0.1032 0.5368
vn -0.8917 0.3915 0.2272
vn 0.8199 0.4181 0.3910
vn 0.7638 -0.2483 0.5957
vn -0.7823 -0.3763 0.4964
vn 0.6774 -0.5497 0.4888
vn -0.6910 -0.5877 0.4208
vn 0.7800 -0.6063 0.1550
vn -0.7199 -0.6566 0.2251
vn -0.4806 0.3108 -0.8200
vn -0.7792 0.2117 -0.5900
vn -0.6939 0.3915 -0.6044
vn 0.0037 0.7228 -0.6911
vn -0.7886 0.4872 -0.3753
vn -0.5479 0.7998 -0.2453
vn -0.8088 0.5768 -0.1146
vn -0.4838 0.8694 0.1008
vn -0.7653 0.6091 0.2083
vn -0.6613 0.6526 0.3700
vn -0.6911 0.6074 0.3917
vn -0.0152 0.7085 0.7055
vn -0.7629 0.3867 0.5182
vn 0.0064 0.4580 0.8889
vn -0.7980 0.1549 0.5824
vn 0.0041 0.2003 0.9797
vn 0.4838 0.8694 -0.1008
vn 0.7449 0.6671 -0.0075
vn 0.0019 0.2609 -0.9654
vn 0.7653 0.6320 0.1225
vn 0.5478 0.8000 0.2447
vn 0.7428 0.4993 0.4460
vn -0.0091 0.6948 0.7192
vn 0.7987 0.2731 0.5361
vn 0.4792 0.3177 0.8182
vn 0.6585 0.1939 -0.7272
vn 0.0069 0.4766 -0.8791
vn 0.7236 0.4508 -0.5227
vn 0.0142 0.7194 -0.6944
vn 0.8245 0.5108 -0.2436
vn 0.6626 0.6486 -0.3746
vn 0.4683 0.1459 -0.8715
vn -0.0306 -0.2429 -0.9696
vn 0.4381 -0.8936 0.0978
vn -0.4369 -0.8946 -0.0939
vn 0.4978 0.5057 -0.7046
vn 0.6614 0.6521 -0.3707
vn 0.5248 -0.7993 -0.2928
vn -0.0578 -0.8168 -0.5739
vn 0.0035 -0.7232 -0.6906
vn 0.0075 -0.4929 -0.8700
vn -0.4368 -0.8947 -0.0934
vn -0.4684 -0.1452 -0.8715
vn -0.5478 0.8000 -0.2448
vn -0.4838 0.8693 0.1008
vn 0.5324 -0.7864 -0.3131
vn 0.0046 -0.8744 -0.4852
vn -0.0013 -0.7154 -0.6987
vn -0.4978 -0.5057 -0.7046
vn 0.4791 -0.3168 -0.8186
vn 0.8141 0.5712 -0.1047
vn -0.8547 0.5179 0.0359
vn -0.7674 0.6083 -0.2025
vn 0.8060 0.4850 -0.3393
vn -0.8376 0.3903 -0.3823
vn 0.7885 0.3750 -0.4875
vn -0.8091 0.2458 -0.5338
vn 0.8100 0.1528 -0.5662
vn -0.8243 0.0151 -0.5659
vn 0.7300 -0.1222 -0.6724
vn -0.6708 -0.2396 -0.7019
vn -0.7389 -0.3201 -0.5930
vn 0.6747 -0.4521 -0.5834
vn -0.7575 -0.5109 -0.4065
vn 0.6790 -0.6195 -0.3939
vn -0.7588 -0.6193 -0.2017
vn 0.7644 -0.6340 -0.1172
vn -0.7877 -0.6146 0.0436
vn 0.7738 -0.6032 0.1932
vn -0.0326 -0.1622 -0.9862
vn -0.0389 -0.3266 -0.9444
vn -0.6371 -0.5250 -0.5643
vn -0.6616 -0.5867 -0.4669
vn -0.4887 -0.8383 -0.2417
vn -0.5382 -0.8405 0.0632
vn -0.5381 -0.7744 0.3327
vn -0.7657 -0.5516 0.3307
vn -0.5381 -0.6244 0.5662
vn -0.8197 -0.2641 0.5083
vn -0.4823 -0.4093 0.7745
vn -0.7463 -0.0126 0.6655
vn -0.5305 -0.0554 0.8458
vn -0.4509 0.2801 0.8475
vn -0.7644 0.1180 0.6339
vn -0.8140 0.2878 0.5045
vn -0.5306 0.5829 0.6154
vn -0.8919 0.3795 0.2460
vn -0.6450 0.6700 0.3674
vn -0.6450 0.7530 0.1300
vn -0.6511 0.7501 -0.1157
vn 0.0322 0.9370 -0.3477
vn -0.6459 0.6056 -0.4649
vn -0.4509 0.4338 -0.7801
vn -0.4941 0.0286 -0.8689
vn 0.8147 -0.1071 0.5698
vn 0.4730 -0.1304 0.8714
vn 0.4978 -0.5057 0.7046
vn 0.7221 -0.4517 0.5240
vn 0.0030 -0.7204 0.6935
vn 0.6875 -0.5702 0.4496
vn -0.0015 -0.8786 0.4775
vn 0.8919 0.4324 0.1326
vn 0.5478 0.8000 0.2448
vn 0.7805 0.4241 0.4593
vn 0.6715 0.2270 0.7054
vn 0.6487 0.7609 -0.0137
vn 0.6516 0.6644 -0.3659
vn 0.5306 0.5829 -0.6154
vn 0.4512 0.2764 -0.8485
vn 0.6507 -0.4271 -0.6278
vn 0.5482 -0.7507 -0.3687
vn 0.5382 -0.8403 -0.0651
vn 0.8021 0.5835 -0.1272
vn -0.7576 0.6077 -0.2382
vn 0.7205 0.6246 -0.3013
vn -0.7466 0.4985 -0.4406
vn 0.8393 0.3284 -0.4334
vn -0.7688 0.2699 -0.5797
vn 0.8094 0.1539 -0.5667
vn -0.7774 0.0592 -0.6262
vn 0.7300 -0.1134 -0.6740
vn -0.7459 -0.2213 -0.6282
vn -0.7426 -0.3642 -0.5621
vn 0.7588 -0.4013 -0.5130
vn -0.6784 -0.5796 -0.4514
vn 0.7575 -0.5567 -0.3411
vn -0.7265 -0.6459 -0.2347
vn 0.7877 -0.5924 0.1693
vn -0.6783 -0.0438 0.7335
vn -0.4684 0.1452 0.8715
vn -0.7651 0.1179 0.6331
vn -0.4978 0.5057 0.7046
vn -0.7947 0.3242 0.5132
vn -0.8639 0.4110 0.2911
vn -0.6614 0.6521 0.3707
vn -0.5248 -0.7993 0.2928
vn -0.6882 -0.6150 0.3848
vn 0.0578 -0.8168 0.5739
vn -0.0068 -0.7189 0.6951
vn -0.7432 -0.3197 0.5878
vn 0.0029 -0.4747 0.8801
vn -0.0038 -0.2760 0.9612
vn 0.4819 0.2560 -0.8380
vn 0.4824 0.5439 -0.6867
vn 0.5364 0.7511 -0.3849
vn 0.0316 0.9331 -0.3581
vn 0.6450 0.7241 0.2441
vn 0.6450 0.6052 0.4666
vn 0.8547 0.3604 0.3737
vn 0.4509 0.4338 0.7801
vn 0.7589 0.2026 0.6189
vn 0.5306 0.0571 0.8457
vn 0.8197 -0.1244 0.5591
vn 0.4816 -0.2596 0.8370
vn 0.7463 -0.4181 0.5179
vn 0.5382 -0.5118 0.6697
vn 0.7657 -0.5000 0.4047
vn 0.5381 -0.7021 0.4663
vn 0.5381 -0.8155 0.2131
vn -0.4820 0.6637 -0.5720
vn -0.4824 0.4104 -0.7739
vn -0.4940 0.0267 -0.8691
vn -0.6961 0.6708 -0.2558
vn -0.8138 0.4482 -0.3699
vn -0.8376 0.2360 -0.4927
vn 0.8140 0.5714 -0.1038
vn 0.7576 0.5731 -0.3124
vn 0.8096 -0.0888 -0.5803
vn 0.3829 0.2653 -0.8849
vn 0.4429 0.5399 -0.7158
vn 0.6393 0.6786 -0.3616
vn 0.5318 0.8252 -0.1906
vn 0.6390 0.7278 0.2489
vn 0.4484 0.7528 0.4819
vn 0.4893 0.5242 0.6970
vn 0.4272 0.1826 0.8855
vn 0.3829 -0.2653 0.8849
vn 0.4307 -0.5452 0.7192
vn 0.4307 -0.7499 0.5021
vn 0.4307 -0.8723 0.2314
vn 0.4307 -0.9000 -0.0669
vn 0.4422 -0.8014 -0.4027
vn 0.5095 -0.4817 -0.7129
vn 0.5283 -0.2108 -0.8225
vn -0.8348 0.0320 -0.5497
vn -0.7452 -0.2212 -0.6291
vn -0.7643 -0.3277 -0.5553
vn -0.4272 -0.2598 -0.8660
vn -0.5510 -0.5457 -0.6314
vn -0.4923 -0.7119 -0.5009
vn -0.5381 -0.8155 -0.2131
vn -0.4995 -0.8625 0.0810
vn -0.4197 -0.8377 0.3494
vn -0.4854 -0.6642 0.5686
vn -0.5381 -0.4067 0.7382
vn -0.4998 -0.1082 0.8593
vn -0.4264 0.2417 0.8717
vn -0.6447 0.5111 0.5684
vn -0.6384 0.6793 0.3620
vn -0.4797 0.8663 0.1397
vn -0.5098 0.8499 -0.1332
vn -0.5485 0.7504 -0.3689
vn -0.3899 0.4810 -0.7853
vn -0.4829 0.1424 -0.8640
vn -0.4723 0.7540 0.4565
vn -0.9417 0.2656 -0.2067
vn -0.5242 0.2744 -0.8062
vn -0.9690 -0.2311 -0.0871
vn -0.4325 -0.8999 -0.0556
vn -0.7833 -0.2293 0.5778
vn -0.4545 0.7389 0.4975
vn -0.9597 0.2805 0.0142
vn -0.7762 0.4495 -0.4421
vn -0.9698 -0.1337 -0.2038
vn -0.4693 -0.5844 -0.6620
vn -0.4891 0.8117 0.3194
vn -0.9138 0.3193 -0.2512
vn -0.7846 0.2350 -0.5738
vn -0.9169 -0.2155 -0.3360
vn -0.4585 -0.7363 -0.4976
vn -0.9411 -0.2227 0.2546
vn -0.4978 0.8304 0.2501
vn -0.4975 0.1091 -0.8606
vn -0.9270 0.0013 -0.3750
vn -0.4453 -0.8942 -0.0470
vn -0.9179 -0.3950 0.0375
vn -0.7844 -0.1871 0.5913
vn -0.4910 0.5602 0.6672
vn -0.4436 0.5261 -0.7256
vn -0.9410 0.1327 -0.3112
vn -0.7896 -0.3920 -0.4720
vn -0.9736 -0.2278 0.0134
vn -0.4397 -0.7760 0.4522
vn -0.5090 0.5656 0.6488
vn -0.4561 0.5423 -0.7056
vn -0.9720 -0.0056 -0.2350
vn -0.7910 -0.4078 -0.4561
vn -0.9607 -0.2360 0.1463
vn 0.4567 -0.8884 0.0465
vn 0.9589 -0.0597 -0.2774
vn 0.7818 -0.1757 -0.5982
vn 0.5051 0.8132 -0.2891
vn 0.4594 -0.7324 0.5025
vn 0.9135 -0.3023 -0.2722
vn 0.5121 -0.4381 -0.7388
vn 0.4974 0.8163 -0.2937
vn 0.7840 0.5198 0.3394
vn 0.7788 0.2421 0.5786
vn 0.7761 -0.6251 -0.0831
vn 0.9590 -0.2067 0.1938
vn 0.9701 -0.1290 -0.2057
vn 0.4450 -0.0677 -0.8929
vn 0.5036 0.8637 -0.0186
vn 0.9600 0.2400 0.1441
vn 0.4475 -0.8938 0.0280
vn 0.9377 -0.3447 -0.0430
vn 0.5140 0.1583 -0.8430
vn 0.9759 0.1176 -0.1836
vn 0.4581 0.8156 0.3534
vn 0.7919 -0.1168 0.5993
vn 0.4961 -0.8090 0.3153
vn 0.8801 -0.3636 0.3054
vn 0.9934 -0.0304 -0.1102
vn 0.7874 -0.2312 -0.5715
vn 0.4556 0.7375 -0.4985
vn 0.9177 0.3635 -0.1605
vn 0.4649 -0.5701 0.6774
vn 0.9691 -0.1295 0.2099
vn 0.5020 -0.5187 -0.6921
vn 0.9903 0.1097 -0.0850
vn 0.4548 0.7371 -0.4999
vn 0.9716 0.2355 0.0249
vn 0.7742 0.4450 0.4500
vn 0.4673 -0.8796 0.0891
vn 0.9330 -0.1978 -0.3005
vn 0.7923 -0.2028 -0.5754
vn 0.4520 0.7610 -0.4653
vn 0.9100 0.3721 -0.1830
vn 0.4845 -0.8257 0.2890
vn 0.8890 -0.0377 -0.4565
vn 0.7766 -0.2493 -0.5786
vn 0.9832 0.1458 -0.1102
vn 0.4447 0.7494 -0.4906
vn 0.8379 -0.5431 -0.0547
vn 0.6923 -0.5748 -0.4362
vn 0.8552 -0.2662 -0.4447
vn 0.8870 0.4312 -0.1654
vn 0.8317 0.5502 0.0748
vn -0.4847 0.6194 0.6176
vn -0.4076 0.8045 0.4321
vn -0.3453 -0.9119 0.2220
vn -0.5612 -0.7350 0.3806
vn -0.4216 -0.5263 0.7384
vn -0.6195 -0.2778 0.7342
vn -0.7989 -0.0640 0.5981
vn -0.5989 0.0456 0.7995
vn -0.8297 0.2371 0.5054
vn -0.5359 0.4095 0.7384
vn -0.7828 0.1526 0.6033
vn -0.7692 0.4529 0.4508
vn -0.7610 0.6075 0.2276
vn -0.6367 -0.6112 0.4702
vn -0.6822 -0.3949 0.6154
vn -0.6778 -0.1212 0.7252
vn -0.6913 0.0407 0.7214
vn -0.5979 0.3367 0.7275
vn -0.6305 0.6243 0.4612
vn -0.6775 0.7128 0.1814
vn -0.7794 -0.4849 0.3968
vn -0.7702 -0.2167 0.5998
vn -0.0605 -0.9934 -0.0976
vn -0.0532 -0.9031 -0.4261
vn -0.0573 -0.6966 -0.7152
vn -0.0266 -0.3344 -0.9420
vn -0.0496 0.0866 -0.9950
vn -0.0448 0.5114 -0.8582
vn -0.0349 0.8671 -0.4970
vn -0.0332 0.9963 -0.0795
vn -0.0804 -0.5848 0.8072
vn -0.0665 -0.2689 0.9609
vn -0.0336 0.1770 0.9836
vn -0.0396 0.6357 0.7709
vn -0.0335 0.9381 0.3448
vn -0.0582 -0.9652 0.2549
vn -0.0562 -0.8387 0.5417
vn -0.6429 -0.7556 0.1255
vn -0.7483 0.4237 0.5104
vn -0.6091 -0.6556 0.4464
vn -0.6016 -0.3963 0.6935
vn -0.6427 0.6581 0.3922
vn -0.6726 0.7263 0.1418
vn -0.6716 0.5673 0.4766
vn -0.6823 0.3930 0.6165
vn -0.5961 0.1495 0.7888
vn -0.5927 -0.1311 0.7947
vn -0.6261 -0.4536 0.6343
vn -0.6754 -0.7084 0.2049
vn -0.7573 0.0576 0.6505
vn -0.7677 -0.4916 0.4111
vn -0.7697 -0.6156 0.1691
vn -0.8573 0.4056 0.3169
vn -0.9660 0.2052 0.1575
vn -0.8933 -0.2790 -0.3523
vn -0.7566 0.5500 0.3537
vn -0.7665 0.2681 0.5836
vn -0.9386 -0.1700 0.3001
vn -0.7602 -0.1508 0.6319
vn -0.7628 -0.3034 0.5710
vn -0.9616 0.0760 0.2637
vn -0.9563 0.2432 0.1622
vn 0.4574 -0.1596 0.8748
vn 0.4624 -0.4343 0.7730
vn 0.4365 -0.7174 0.5429
vn 0.4237 -0.8677 0.2598
vn 0.4582 0.7765 0.4325
vn 0.4391 0.6293 0.6412
vn 0.4325 0.3514 0.8303
vn 0.3779 0.0508 0.9244
vn 0.9831 -0.1098 0.1466
vn 0.9152 0.1841 0.3585
vn 0.6614 0.4738 0.5815
vn 0.5831 -0.7854 0.2075
vn 0.6393 -0.6552 0.4025
vn 0.8945 0.2447 0.3741
vn 0.6304 -0.5935 0.5004
vn 0.6435 -0.3893 0.6591
vn 0.6191 -0.1541 0.7700
vn 0.6223 0.1315 0.7717
vn 0.6300 0.3820 0.6762
vn 0.9877 0.0771 0.1361
vn 0.6332 0.6520 0.4171
vn 0.9445 -0.2745 0.1806
vn 0.9804 0.1965 0.0130
vn 0.6623 0.6947 0.2806
vn 0.9148 -0.2082 0.3460
vn 0.7962 -0.0905 0.5983
vn 0.9392 -0.0366 0.3414
vn 0.9536 0.0798 0.2903
vn 0.7883 -0.2654 0.5552
vn 0.8056 -0.5443 0.2340
vn 0.1725 0.7036 0.6894
vn 0.8867 0.0679 0.4574
vn 0.8309 -0.1657 0.5312
vn 0.2519 -0.7040 0.6640
vn 0.6259 -0.7081 0.3268
vn 0.8828 0.4010 0.2445
vn 0.8847 0.1229 0.4497
vn -0.4808 -0.3109 0.8199
vn -0.5324 -0.7864 0.3131
vn -0.8889 0.3557 -0.2888
vn -0.7064 -0.2413 -0.6654
vn -0.6851 -0.5380 -0.4911
vn -0.7800 -0.6063 -0.1550
vn 0.8841 0.3743 -0.2799
vn 0.7714 -0.3445 -0.5349
vn 0.6924 -0.5833 -0.4247
vn 0.7199 -0.6566 -0.2251
vn 0.4369 -0.8946 0.0939
vn -0.0154 0.9607 0.2773
vn -0.0191 0.8178 0.5751
vn -0.0235 0.5799 0.8144
vn -0.0225 0.3456 0.9381
vn -0.0218 0.0676 0.9975
vn -0.0322 -0.2567 0.9660
vn -0.0339 -0.5734 0.8186
vn -0.0292 -0.8277 0.5604
vn -0.0256 -0.9664 0.2559
vn -0.5364 -0.8215 0.1935
vn 0.4963 0.4557 0.7389
vn 0.5226 0.2890 0.8021
vn 0.5021 0.4386 0.7453
vn 0.4895 -0.1538 0.8584
vn 0.5296 0.0893 0.8435
vn -0.4412 -0.7956 0.4151
vn -0.4987 -0.4322 0.7514
vn -0.4955 -0.5271 0.6904
vn 0.0341 0.5039 0.8631
vn -0.5847 -0.3804 -0.7165
vn -0.9088 -0.3468 -0.2319
vn -0.6137 -0.3102 0.7261
vn -0.1902 -0.5309 0.8258
vn -0.7332 0.1450 -0.6644
vn -0.1018 0.1119 -0.9885
vn -0.9097 -0.2440 -0.3360
vn -0.3366 0.1832 0.9236
vn -0.9067 -0.1745 0.3839
vn -0.5893 -0.4025 0.7005
vn -0.2458 -0.1243 -0.9613
vn 0.3266 -0.8822 -0.3392
vn -0.1052 -0.9944 0.0066
vn -0.3220 -0.0971 0.9418
vn -0.9450 0.2455 0.2164
vn -0.0414 0.2363 0.9708
vn -0.5741 -0.4794 -0.6638
vn -0.6081 -0.4399 0.6609
vn -0.6168 -0.3129 0.7222
vn -0.2422 0.9131 0.3280
vn -0.8068 -0.0334 0.5899
vn 0.3668 -0.4061 0.8370
vn -0.0576 0.2366 0.9699
vn -0.2093 0.6030 0.7698
vn -0.2654 0.9089 -0.3218
vn -0.5758 -0.2805 -0.7679
vn -0.1948 0.6076 -0.7700
vn -0.0743 0.2960 -0.9523
vn -0.2422 -0.9131 -0.3280
vn -0.8068 0.0334 -0.5899
vn 0.3668 0.4061 -0.8370
vn -0.0765 -0.2353 -0.9689
vn -0.1930 -0.5969 -0.7788
vn 0.0033 -0.9991 0.0419
vn -0.5687 -0.4591 0.6825
vn -0.3799 -0.4197 -0.8243
vn 0.8822 -0.4699 0.0291
vn 0.4108 -0.8700 -0.2727
vn -0.1817 -0.9398 -0.2895
vn -0.3630 -0.9160 0.1706
vn -0.2654 -0.9089 0.3218
vn -0.5758 0.2805 0.7679
vn -0.1880 -0.6085 0.7709
vn -0.0755 -0.2934 0.9530
vn -0.6290 -0.1626 -0.7602
vn -0.8572 -0.1818 -0.4818
vn -0.8902 0.4002 -0.2175
vn -0.7112 0.6958 -0.1005
vn -0.5947 0.3856 -0.7055
vn -0.5885 0.6789 -0.4390
vn -0.6300 0.7579 0.1694
vn -0.6182 0.7233 0.3077
vn -0.7937 0.5883 -0.1544
vn -0.8626 0.3735 0.3413
vn -0.5407 -0.5371 0.6474
vn -0.1500 -0.5356 0.8310
vn -0.6077 -0.0812 0.7900
vn -0.6291 0.1609 0.7605
vn -0.8515 0.1823 0.4916
vn -0.6260 -0.6505 0.4301
vn -0.6357 -0.5669 0.5240
vn -0.7925 -0.2789 -0.5424
vn -0.8362 -0.5352 -0.1198
vn -0.8384 -0.3297 0.4340
vn -0.6053 -0.6696 -0.4304
vn -0.6403 -0.7437 -0.1923
vn -0.7863 -0.5942 0.1693
vn -0.1651 0.5224 -0.8366
vn -0.6034 0.0962 -0.7916
vn -0.8597 -0.3755 -0.3463
vn -0.5307 0.4731 -0.7032
vn -0.7255 0.5018 0.4711
vn -0.5406 -0.1299 0.8312
vn -0.1439 -0.2285 0.9629
vn -0.6874 -0.7114 0.1465
vn -0.6734 -0.6984 0.2424
vn -0.5016 -0.6704 -0.5468
vn -0.7348 -0.4814 -0.4778
vn -0.5407 0.1272 -0.8315
vn -0.1062 0.2177 -0.9702
vn -0.6626 0.7383 -0.1262
vn -0.9839 -0.1742 0.0388
vn -0.1669 -0.8852 -0.4343
vn 0.7058 0.5300 0.4700
vn -0.8362 -0.3109 0.4518
vn 0.6779 0.7164 -0.1652
vn -0.4723 0.1041 0.8752
vn -0.9842 0.1737 -0.0359
vn -0.1811 0.8851 0.4286
vn 0.7044 -0.5310 -0.4709
vn -0.8360 0.3128 -0.4508
vn -0.2804 0.9235 -0.2617
vn 0.0393 0.8218 0.5684
vn -0.8837 -0.3913 -0.2570
vn -0.1117 -0.0277 -0.9934
vn -0.2782 -0.1989 -0.9397
vn -0.5076 -0.4848 -0.7123
vn -0.1766 -0.7154 -0.6761
vn -0.2242 -0.8545 -0.4685
vn -0.0391 -0.9748 -0.2195
vn -0.5199 -0.8539 -0.0238
vn -0.2298 -0.9281 0.2929
vn -0.1344 -0.8171 0.5606
vn -0.1404 -0.6684 0.7305
vn -0.4407 -0.3779 0.8142
vn -0.1748 -0.1959 0.9649
vn -0.1720 0.0500 0.9838
vn -0.1710 0.2688 0.9479
vn -0.5076 0.4848 0.7123
vn -0.1721 0.7168 0.6758
vn -0.1905 0.8601 0.4733
vn -0.2388 0.9581 0.1579
vn -0.5924 0.7934 -0.1399
vn -0.1705 0.9230 -0.3451
vn -0.1254 0.8287 -0.5454
vn -0.1451 0.6634 -0.7340
vn -0.4433 0.3775 -0.8130
vn -0.1958 0.1609 -0.9674
vn -0.7836 0.5408 0.3058
vn -0.8891 0.3130 0.3340
vn -0.8816 -0.2797 0.3803
vn -0.6988 -0.6361 0.3273
vn -0.5340 0.5896 -0.6060
vn -0.9004 0.3588 -0.2460
vn -0.8841 0.3782 0.2744
vn -0.7704 0.3155 0.5540
vn -0.5627 -0.5869 -0.5822
vn -0.8953 -0.2577 -0.3634
vn -0.8692 0.2771 -0.4094
vn -0.7734 0.5417 -0.3293
vn -0.6694 -0.3304 -0.6654
vn -0.6317 0.5091 -0.5846
vn -0.6617 0.6640 -0.3482
vn -0.6191 0.5698 0.5404
vn -0.6024 0.5180 0.6073
vn -0.6127 -0.5152 0.5993
vn -0.6023 0.7012 0.3815
vn -0.5098 -0.4054 0.7588
vn -0.5863 0.4146 0.6960
vn -0.6072 0.3615 -0.7076
vn 0.2562 0.1693 0.9517
vn 0.7735 -0.2193 0.5946
vn 0.0847 -0.7692 0.6334
vn 0.7547 -0.6446 0.1220
vn 0.0080 -0.9766 -0.2150
vn 0.1771 -0.8100 -0.5591
vn 0.1506 -0.5314 -0.8336
vn 0.2654 -0.2538 -0.9302
vn 0.0933 0.0783 -0.9926
vn -0.1386 0.1456 -0.9796
vn 0.1800 -0.1464 -0.9727
vn -0.7207 -0.4165 -0.5542
vn -0.1601 -0.9148 -0.3707
vn -0.1806 -0.9762 -0.1202
vn -0.4607 -0.8320 0.3091
vn -0.1485 -0.8253 0.5448
vn -0.8070 -0.3498 0.4758
vn -0.7916 -0.0807 0.6056
vn 0.8782 0.3589 -0.3160
vn 0.3951 -0.1109 -0.9119
vn 0.9132 0.2455 0.3252
vn 0.9127 -0.3465 0.2167
vn 0.4521 -0.1074 -0.8855
vn 0.1355 -0.2632 -0.9552
vn 0.4083 -0.3469 -0.8444
vn 0.8946 0.4192 0.1548
vn 0.9108 -0.2632 0.3180
vn 0.7684 0.1618 0.6192
vn 0.8805 -0.0931 -0.4648
vn 0.4432 -0.8237 -0.3536
vn 0.9010 0.4328 -0.0307
vn 0.9191 0.0081 0.3940
vn 0.5949 -0.7038 -0.3884
vn 0.1273 -0.9693 -0.2102
vn 0.4913 -0.8614 -0.1293
vn 0.9043 0.3117 -0.2918
vn 0.9033 0.1593 0.3984
vn 0.7824 0.5996 0.1686
vn 0.4361 -0.8911 0.1255
vn 0.5014 -0.7069 0.4988
vn 0.9035 0.1733 -0.3919
vn 0.8918 0.3822 0.2421
vn 0.4916 -0.7063 0.5093
vn 0.0213 -0.6961 0.7176
vn 0.6145 -0.4343 0.6586
vn 0.7813 -0.3154 -0.5386
vn 0.8990 0.4320 0.0717
vn 0.7737 0.4479 -0.4481
vn 0.8744 -0.3566 0.3290
vn 0.4944 0.0696 0.8665
vn 0.8991 -0.2685 -0.3458
vn 0.9091 0.3585 -0.2122
vn 0.4785 0.0597 0.8760
vn 0.4938 0.3970 0.7737
vn 0.8964 -0.4288 -0.1120
vn 0.9084 0.2646 -0.3238
vn 0.7667 -0.1619 -0.6213
vn 0.8857 0.0791 0.4574
vn 0.6214 0.7148 0.3209
vn 0.8895 -0.4471 0.0948
vn 0.9167 -0.0118 -0.3995
vn 0.4712 0.8064 0.3574
vn 0.0709 0.9535 0.2929
vn 0.5776 0.8162 0.0155
vn 0.9129 -0.2951 0.2822
vn 0.9051 -0.1450 -0.3998
vn 0.7789 -0.6039 -0.1690
vn 0.5807 0.5151 0.6304
vn 0.5792 -0.6798 0.4498
vn 0.5913 0.6302 -0.5033
vn 0.5920 -0.4384 -0.6763
vn 0.5872 -0.4850 0.6481
vn 0.5948 -0.6582 -0.4615
vn 0.5721 0.7388 0.3562
vn 0.5802 0.8045 -0.1272
vn 0.5807 0.0522 0.8124
vn 0.5899 -0.1170 -0.7990
vn 0.5903 -0.8061 0.0423
vn 0.5872 0.3189 0.7440
vn 0.5928 -0.7312 0.3375
vn 0.5734 0.6824 -0.4532
vn 0.5898 -0.4422 -0.6757
vn 0.5785 0.2887 -0.7629
vn 0.5791 0.7303 0.3623
vn 0.5959 -0.7437 -0.3031
vn 0.5946 -0.3569 0.7205
vn 0.5860 0.8046 0.0966
vn 0.5918 -0.0722 0.8029
vn 0.5765 -0.0660 -0.8144
vn 0.5917 -0.8049 0.0454
vn 0.5789 -0.5079 -0.6378
vn 0.5793 0.6806 -0.4485
vn 0.5901 -0.6327 0.5014
vn 0.5934 0.4421 0.6727
vn 0.5867 0.4801 -0.6522
vn 0.5939 0.6667 0.4503
vn 0.5710 -0.7410 -0.3535
vn 0.5977 -0.3705 0.7109
vn 0.5801 -0.8041 0.1304
vn 0.5806 -0.0523 -0.8125
vn 0.5914 0.1225 0.7970
vn 0.5907 0.8057 -0.0435
vn 0.5869 -0.3204 -0.7436
vn 0.5920 0.7308 -0.3396
vn 0.5731 -0.6759 0.4634
vn 0.5923 0.4457 0.6712
vn 0.5895 0.3583 -0.7239
vn 0.8788 0.4525 0.1518
vn 0.4629 0.7301 -0.5028
vn 0.9141 -0.1619 0.3718
vn 0.9029 -0.3766 -0.2074
vn 0.4060 0.7419 -0.5335
vn 0.1265 0.6813 -0.7210
vn 0.4620 0.5174 -0.7203
vn 0.8611 0.1975 0.4686
vn 0.9074 -0.4149 -0.0665
vn 0.7720 -0.4483 0.4506
vn 0.5810 -0.2880 0.7612
vn 0.5797 -0.7313 -0.3594
vn 0.5907 0.7521 0.2923
vn 0.5931 0.3593 -0.7205
vn 0.5860 -0.8048 -0.0940
vn 0.5932 0.0698 -0.8020
vn 0.5739 0.0674 0.8161
vn 0.5924 0.8042 -0.0483
vn -0.1027 0.1293 -0.9863
vn -0.1096 -0.3668 -0.9238
vn -0.1095 -0.8040 -0.5844
vn 0.7747 -0.6321 -0.0195
vn -0.8290 -0.5341 -0.1659
vn -0.8379 -0.5150 0.1807
vn 0.6904 -0.6539 0.3094
vn -0.0941 -0.6227 0.7768
vn -0.0862 -0.1357 0.9870
vn 0.6553 -0.7246 -0.2131
vn 0.6354 -0.4555 -0.6235
vn 0.6251 -0.1168 -0.7718
vn 0.6356 0.2681 -0.7240
vn -0.0996 0.6051 -0.7899
vn 0.6491 0.5978 -0.4704
vn 0.6905 0.6546 -0.3077
vn 0.6728 0.7303 -0.1182
vn 0.7746 0.6320 0.0245
vn 0.6621 0.6820 0.3106
vn -0.1079 0.7935 0.5989
vn 0.6084 0.3887 0.6919
vn -0.1192 0.2486 0.9612
vn 0.5805 -0.0934 0.8089
vn 0.5701 -0.5252 0.6318
vn 0.6648 -0.7222 0.1908
vn 0.7633 -0.0811 0.6410
vn 0.7811 0.1567 0.6044
vn 0.7623 0.2991 0.5740
vn 0.7393 0.4322 0.5164
vn 0.7498 0.5488 0.3696
vn 0.7774 0.6117 0.1466
vn 0.7818 0.6196 -0.0694
vn 0.7568 0.6007 -0.2579
vn 0.7767 0.5117 -0.3673
vn 0.7732 0.3613 -0.5212
vn 0.8049 0.1509 -0.5739
vn 0.6841 -0.0099 -0.7293
vn 0.2427 -0.2642 0.9334
vn 0.6581 -0.4950 0.5673
vn 0.1815 -0.8660 0.4659
vn -0.0263 -0.0297 -0.9992
vn -0.0139 0.0530 -0.9985
vn -0.0325 0.1589 -0.9868
vn 0.2487 -0.2742 -0.9290
vn 0.1691 -0.8660 -0.4705
vn 0.6011 -0.5650 -0.5652
vn 0.7230 -0.6043 -0.3348
vn 0.6759 -0.4386 -0.5923
vn 0.8411 0.1885 -0.5069
vn 0.8833 0.4686 0.0135
vn 0.8417 0.5252 -0.1257
vn 0.6554 0.6148 -0.4388
vn 0.6642 0.7279 -0.1703
vn 0.6567 0.7439 0.1240
vn 0.6578 0.6198 0.4280
vn 0.8456 0.3021 0.4400
vn 0.7829 -0.2865 0.5523
vn 0.7126 -0.5505 0.4350
vn 0.8741 0.3951 0.2826
vn 0.3521 0.2176 0.9103
vn 0.2395 -0.0969 0.9661
vn 0.8554 -0.4163 0.3081
vn 0.8389 -0.3892 -0.3803
vn 0.8932 0.2274 -0.3879
vn 0.6823 -0.0528 -0.7292
vn 0.7388 0.0260 -0.6734
vn 0.8412 0.1940 -0.5046
vn 0.8135 0.5814 -0.0160
vn 0.6773 0.7353 0.0253
vn 0.2951 0.9139 0.2788
vn 0.8822 0.0226 0.4704
vn 0.8907 -0.4544 0.0098
vn 0.8527 -0.3326 -0.4028
vn 0.6451 -0.6728 -0.3622
vn 0.6640 0.5473 -0.5094
vn 0.1953 0.8658 -0.4608
vn 0.8750 0.4303 0.2219
vn 0.8763 0.0536 -0.4788
vn 0.8417 -0.0384 0.5386
vn 0.8870 -0.4613 -0.0196
vn 0.7658 -0.5463 0.3392
vn 0.6445 -0.6284 0.4355
vn 0.7500 -0.0459 0.6599
vn 0.8344 -0.4474 0.3220
vn 0.6759 -0.0384 0.7360
vn 0.8676 -0.3804 -0.3203
vn 0.8885 0.2495 0.3852
vn 0.7444 0.0325 -0.6670
vn 0.8822 0.4121 -0.2278
vn -0.3090 -0.1032 0.9455
vn -0.7609 -0.5500 -0.3442
vn -0.7731 -0.3964 -0.4951
vn -0.7659 -0.1545 -0.6241
vn -0.7439 0.0949 -0.6615
vn -0.5688 -0.4359 -0.6974
vn -0.5722 0.1339 -0.8091
vn -0.5986 -0.6228 -0.5038
vn -0.8053 -0.5555 0.2073
vn -0.6017 -0.2543 0.7571
vn -0.5875 -0.2949 -0.7536
vn -0.6003 -0.7998 -0.0039
vn -0.5842 -0.2021 0.7860
vn -0.6067 -0.7858 -0.1201
vn -0.5755 -0.3830 -0.7226
vn -0.6007 -0.2958 0.7428
vn -0.5970 0.3432 -0.7252
vn -0.7402 -0.4553 -0.4948
vn -0.5689 -0.6745 0.4706
vn -0.5761 0.1223 0.8081
vn -0.4853 -0.1452 -0.8622
vn -0.9828 -0.0506 -0.1776
vn -0.4570 -0.8229 0.3375
vn -0.9374 -0.2129 0.2757
vn -0.7917 0.1261 0.5977
vn -0.4338 0.0063 -0.9010
vn -0.9787 0.0757 -0.1909
vn -0.7729 -0.6013 -0.2025
vn -0.9665 -0.2529 0.0438
vn -0.5070 -0.2693 0.8188
vn -0.9449 0.2071 0.2535
vn -0.5096 -0.5652 -0.6487
vn -0.9629 -0.2244 -0.1497
vn -0.4570 -0.5439 0.7038
vn -0.9770 0.0132 0.2126
vn -0.7917 0.4081 0.4546
vn -0.5912 0.7994 0.1069
vn -0.8917 -0.3851 0.2377
vn -0.8722 -0.3237 -0.3667
vn -0.8811 0.2808 -0.3806
vn -0.6054 0.6856 0.4042
vn -0.6041 0.5274 -0.5975
vn -0.8778 -0.1828 -0.4427
vn -0.6135 0.5462 -0.5703
vn -0.9529 0.2654 -0.1467
vn -0.6005 0.7135 0.3610
vn -0.8864 0.1854 0.4242
vn -0.9076 -0.4105 0.0878
vn -0.8669 -0.1294 -0.4815
vn -0.5340 -0.1866 -0.8246
vn -0.9468 -0.1610 -0.2785
vn -0.9846 -0.0803 0.1550
vn -0.5946 0.5709 0.5661
vn -0.6318 0.7411 -0.2270
vn -0.8803 -0.4263 0.2082
vn -0.8428 -0.3544 -0.4050
vn -0.6062 -0.4267 0.6711
vn -0.5231 0.0685 0.8495
vn -0.2634 0.3603 0.8949
vn -0.1442 0.7382 0.6589
vn -0.1507 0.9265 0.3449
vn -0.1593 0.9823 -0.0985
vn -0.4608 0.7214 -0.5170
vn -0.7800 0.5222 -0.3448
vn -0.2591 0.4525 -0.8533
vn -0.3777 -0.3100 -0.8725
vn -0.4945 -0.6207 -0.6084
vn 0.4811 -0.8508 0.2116
vn 0.0263 0.4114 -0.9111
vn 0.1494 0.6610 -0.7354
vn 0.1485 0.9074 -0.3931
vn 0.0257 0.9955 0.0907
vn 0.0531 0.9102 0.4108
vn 0.1112 0.7538 0.6477
vn -0.0426 0.4797 0.8764
vn 0.6130 -0.2721 0.7418
vn -0.4446 -0.4098 0.7965
vn -0.3788 -0.3410 -0.8604
vn -0.7706 -0.6362 -0.0361
vn -0.6945 -0.6833 0.2255
vn -0.7711 -0.5510 -0.3192
vn -0.7881 -0.0400 -0.6143
vn -0.7856 0.3216 -0.5286
vn -0.3758 0.8964 -0.2352
vn -0.7640 0.1707 0.6223
vn -0.3729 0.4403 -0.8167
vn -0.3927 0.3027 0.8684
vn -0.7689 0.6384 0.0346
vn -0.7297 0.6495 -0.2136
vn -0.7611 0.5651 0.3185
vn 0.6790 -0.0717 0.7306
vn 0.7030 -0.2986 0.6454
vn 0.7229 -0.4816 0.4954
vn 0.7560 -0.5909 0.2814
vn 0.7224 -0.6887 0.0617
vn 0.7045 -0.6684 -0.2384
vn 0.7639 -0.4722 -0.4400
vn 0.7541 -0.2809 -0.5936
vn 0.7530 -0.0584 -0.6554
vn 0.6826 -0.6162 0.3929
vn 0.6764 -0.0526 0.7347
vn 0.6827 -0.2158 0.6981
vn 0.6954 -0.4113 0.5893
vn 0.6768 -0.5532 0.4857
vn 0.5367 -0.7954 0.2815
vn 0.5112 -0.8430 0.1674
vn 0.6806 -0.7281 0.0811
vn 0.6820 -0.7259 -0.0893
vn 0.6409 -0.7316 -0.2324
vn 0.6882 -0.6066 -0.3981
vn 0.6627 -0.5218 -0.5372
vn 0.7021 -0.3625 -0.6128
vn 0.6689 -0.1818 -0.7208
vn 0.6770 0.0501 -0.7342
vn 0.5461 -0.4450 -0.7098
vn 0.7082 0.1959 0.6782
vn 0.6934 0.6554 -0.2996
vn 0.7800 0.6198 -0.0864
vn 0.7345 0.4056 -0.5441
vn 0.7574 0.1231 -0.6413
vn 0.6819 0.5988 0.4201
vn 0.7393 0.3834 0.5536
vn 0.9931 -0.1173 -0.0011
vn 0.7327 0.6581 0.1734
vn 0.7524 0.4925 -0.4373
vn -0.8185 0.0232 0.5740
vn -0.9062 -0.0158 -0.4225
vn -0.7520 -0.5999 -0.2730
vn -0.7522 -0.6585 0.0251
vn -0.7966 -0.5393 0.2730
vn -0.6046 0.1748 -0.7771
vn -0.6140 -0.7578 -0.2208
vn -0.6103 0.7727 -0.1745
vn -0.6184 0.4921 0.6127
vn -0.8755 0.4581 0.1538
vn -0.7410 -0.0803 0.6667
vn -0.8063 -0.5281 -0.2663
vn -0.8077 -0.4725 0.3527
vn -0.6499 -0.6702 0.3583
vn -0.5982 -0.6439 -0.4770
vn -0.8958 -0.4124 -0.1658
vn -0.7126 0.4089 -0.5700
vn -0.7546 -0.1308 -0.6431
vn -0.9131 0.4075 -0.0152
vn -0.6404 0.6378 -0.4279
vn -0.6133 0.6588 0.4357
vn -0.6192 -0.3828 0.6856
vn -0.8122 0.3853 0.4380
vn -0.9088 0.1365 -0.3942
vn -0.7809 0.6058 -0.1525
vn -0.6153 -0.1258 -0.7782
vn -0.8037 0.3412 0.4875
vn -0.7730 0.0733 0.6302
vn -0.9516 0.3070 -0.0119
vn -0.8641 0.1047 -0.4923
vn -0.8559 0.2737 -0.4388
vn -0.2843 -0.0845 -0.9550
vn 0.2517 0.9592 -0.1290
vn -0.1254 -0.4833 -0.8664
vn 0.2866 0.9013 0.3248
vn -0.5045 -0.8333 0.2258
vn -0.9579 -0.2639 0.1134
vn -0.5118 0.6611 0.5486
vn -0.9754 0.1847 0.1207
vn -0.6973 0.1393 -0.7031
vn -0.9399 -0.3403 -0.0284
vn -0.7052 -0.0473 0.7075
vn -0.9479 0.0830 0.3076
vn -0.5138 0.8106 -0.2810
vn -0.5076 0.1659 0.8455
vn -0.9565 0.1266 0.2628
vn -0.4537 0.8217 -0.3449
vn -0.9725 0.1231 -0.1977
vn -0.7894 -0.1229 -0.6014
vn -0.4982 0.1080 0.8603
vn -0.9582 0.0740 0.2763
vn -0.6974 0.6053 -0.3838
vn -0.9532 0.2305 -0.1958
vn -0.5172 -0.7547 -0.4036
vn -0.9728 -0.2201 -0.0728
vn -0.4728 0.8379 0.2727
vn -0.9472 0.2160 -0.2370
vn -0.4745 -0.2143 -0.8538
vn -0.9531 -0.2908 -0.0841
vn -0.4713 -0.6409 0.6059
vn -0.9996 0.0240 -0.0139
vn -0.4963 0.4571 -0.7381
vn -0.9547 0.0883 -0.2840
vn -0.4858 -0.8249 -0.2890
vn -0.9381 -0.3426 0.0511
vn -0.7773 -0.2490 0.5778
vn -0.9736 0.1510 0.1711
vn -0.7804 -0.3218 0.5361
vn -0.7739 -0.5367 0.3362
vn -0.8303 -0.3994 -0.3887
vn 0.8622 0.0573 0.5033
vn 0.8762 -0.1693 0.4512
vn 0.7650 -0.4606 0.4502
vn 0.7987 -0.5993 0.0536
vn 0.7531 -0.5376 -0.3793
vn 0.7866 -0.3335 -0.5196
vn 0.6938 0.0618 -0.7175
vn -0.5857 -0.0120 -0.8105
vn -0.5781 -0.7478 -0.3265
vn -0.5956 -0.8031 0.0177
vn -0.5908 -0.3614 0.7213
vn -0.5939 0.0190 0.8043
vn -0.5987 0.7506 0.2795
vn -0.5665 0.3031 -0.7663
vn -0.5848 0.8111 -0.0100
vn -0.6628 0.6644 0.3454
vn -0.5957 0.8030 -0.0184
vn -0.8230 -0.2142 0.5262
vn -0.6730 0.3393 -0.6572
vn -0.6669 -0.1057 -0.7376
vn -0.3928 -0.6662 -0.6339
vn -0.6494 -0.6502 -0.3944
vn -0.6589 -0.7518 -0.0234
vn -0.6201 0.0750 0.7810
vn -0.5997 0.0486 0.7988
vn -0.3712 -0.8969 0.2402
vn -0.3407 0.7149 0.6106
vn -0.7542 -0.3869 0.5306
vn -0.6533 -0.3692 0.6610
vn -0.7869 -0.1089 0.6074
vn 0.5978 0.8016 -0.0093
vn 0.6201 -0.0105 0.7845
vn 0.5987 0.8000 -0.0396
vn 0.6217 -0.0839 -0.7788
vn 0.5994 -0.6937 -0.3994
vn 0.6009 -0.4131 0.6843
vn 0.5887 0.6783 -0.4398
vn 0.5845 0.4369 0.6837
vn 0.5929 -0.8049 -0.0246
vn 0.5873 -0.0123 -0.8093
vn 0.5922 0.7116 0.3781
vn 0.5950 -0.3643 0.7164
vn 0.6042 0.5553 -0.5715
vn 0.5867 -0.8088 0.0406
vn 0.5896 0.0371 0.8068
vn 0.5793 0.7707 0.2652
vn 0.6260 0.2556 -0.7368
vn 0.5967 -0.6900 0.4097
vn 0.5915 -0.4421 -0.6743
vn 0.6622 -0.0411 -0.7482
vn 0.7567 -0.0070 0.6538
vn 0.7062 0.5881 -0.3943
vn 0.7783 -0.5686 0.2661
vn 0.7244 0.6078 0.3254
vn 0.6214 -0.4862 -0.6143
vn 0.7396 -0.5570 -0.3779
vn 0.7793 0.0129 -0.6265
vn 0.7299 0.0412 0.6823
vn 0.7599 0.5832 0.2870
vn 0.6793 -0.6198 -0.3929
vn 0.7515 0.5822 -0.3103
vn 0.6769 -0.5965 0.4312
vn -0.6438 0.0604 -0.7628
vn -0.6698 -0.2621 -0.6948
vn -0.6577 -0.5156 -0.5492
vn -0.6495 -0.7067 -0.2805
vn -0.7012 -0.7094 -0.0706
vn -0.6838 -0.7168 0.1364
vn -0.6981 -0.6364 0.3281
vn -0.6811 -0.4957 0.5389
vn -0.6244 -0.2973 0.7223
vn -0.6263 0.0457 0.7782
vn 0.6556 -0.1381 0.7424
vn 0.6673 -0.4070 0.6238
vn 0.6787 -0.5671 0.4667
vn 0.6608 -0.7124 0.2362
vn 0.6564 -0.7500 -0.0818
vn 0.6653 -0.6548 -0.3587
vn 0.6794 -0.5299 -0.5075
vn 0.6410 -0.2990 -0.7069
vn 0.6792 -0.0963 -0.7276
vn 0.6718 -0.0495 0.7390
vn 0.6484 -0.3677 0.6666
vn 0.6735 -0.5529 0.4907
vn 0.5328 -0.7973 0.2837
vn 0.6706 -0.7411 -0.0341
vn 0.6572 -0.6579 -0.3677
vn 0.6587 -0.4447 -0.6069
vn 0.6157 -0.1345 -0.7764
vn -0.6903 -0.3918 0.6082
vn -0.6843 -0.5877 0.4316
vn -0.7389 -0.6574 0.1480
vn -0.7326 -0.6715 -0.1112
vn -0.5487 -0.6989 -0.4588
vn -0.5474 -0.4691 -0.6930
vn -0.6419 0.4202 -0.6414
vn -0.6657 -0.2949 -0.6855
vn -0.6638 0.7411 -0.1006
vn -0.8314 0.3894 -0.3963
vn -0.6448 0.6539 -0.3957
vn -0.6500 0.3772 0.6596
vn -0.6676 -0.5251 -0.5278
vn -0.6465 0.0234 -0.7625
vn -0.6586 0.0208 0.7522
vn -0.6642 -0.2893 0.6893
vn -0.6657 -0.5153 0.5397
vn -0.6771 -0.6576 0.3304
vn -0.6838 -0.6276 -0.3721
vn -0.6694 0.7286 0.1453
vn -0.6682 0.6226 0.4074
vn -0.7922 0.2907 0.5367
vn -0.7566 0.5254 0.3893
vn -0.7673 0.1638 -0.6201
vn -0.9643 -0.1379 -0.2262
vn -0.5885 -0.7777 0.2208
vn -0.9392 -0.1590 0.3044
vn -0.5736 -0.0890 -0.8143
vn -0.9708 -0.1486 -0.1885
vn -0.7664 -0.5434 0.3426
vn -0.9551 -0.1032 0.2776
vn -0.5087 -0.3305 -0.7950
vn -0.9415 -0.1702 -0.2908
vn -0.5167 -0.5775 0.6321
vn -0.9632 -0.1419 0.2283
vn -0.6851 0.7206 0.1063
vn -0.5208 -0.2938 -0.8016
vn -0.9532 0.2243 -0.2027
vn -0.9362 -0.3296 -0.1221
vn -0.5736 -0.3301 0.7497
vn -0.9694 0.0254 0.2440
vn -0.7664 0.6419 -0.0250
vn -0.8397 0.5134 -0.1771
vn -0.8280 0.5352 0.1676
vn 0.7877 -0.1163 0.6050
vn 0.7559 -0.4003 0.5180
vn 0.7602 -0.5604 0.3287
vn 0.7573 -0.6526 0.0248
vn 0.6636 -0.6921 -0.2840
vn 0.7574 -0.4596 -0.4638
vn 0.7669 -0.2333 -0.5978
vn 0.7808 0.0569 -0.6222
vn 0.7742 0.6325 -0.0211
vn 0.6579 0.7490 0.0786
vn 0.7297 0.5950 0.3371
vn 0.6701 0.5036 0.5453
vn 0.7358 0.3603 0.5734
vn 0.6588 0.2045 0.7240
vn 0.7601 0.0242 0.6493
vn 0.7473 -0.3342 0.5743
vn 0.7490 -0.5524 0.3659
vn 0.7603 -0.6436 0.0880
vn 0.7544 -0.6191 -0.2181
vn 0.7705 -0.4070 -0.4906
vn 0.7505 -0.0189 -0.6606
vn 0.6270 0.2399 -0.7412
vn 0.7412 0.3422 -0.5775
vn 0.7076 0.4388 -0.5538
vn 0.7479 0.5590 -0.3580
vn 0.6254 0.6256 -0.4664
vn 0.6740 0.7150 -0.1859
vn -0.9571 0.0503 0.2853
vn -0.6072 0.7545 0.2492
vn -0.9391 0.2278 -0.2572
vn -0.6100 0.0270 -0.7920
vn -0.9252 -0.3480 -0.1515
vn -0.6019 -0.7985 -0.0142
vn -0.5972 -0.1533 0.7873
vn -0.9005 0.2182 0.3760
vn -0.6046 0.5312 0.5935
vn -0.8924 0.3523 -0.2818
vn -0.6282 0.4630 -0.6253
vn -0.8966 -0.2612 -0.3576
vn -0.6200 -0.5537 -0.5559
vn -0.8996 -0.3709 0.2307
vn -0.6106 -0.6753 0.4138
vn -0.9632 0.2684 -0.0159
vn -0.5957 0.7883 -0.1540
vn -0.9316 -0.1904 -0.3095
vn -0.6232 -0.2851 -0.7283
vn -0.9514 -0.1673 0.2586
vn -0.6232 -0.7668 0.1538
vn -0.6241 0.0060 0.7813
vn -0.5972 0.1533 -0.7873
vn -0.9244 -0.2315 -0.3030
vn -0.6076 -0.7553 -0.2456
vn -0.9390 -0.2039 0.2770
vn -0.6078 -0.0125 0.7940
vn -0.9463 0.3228 -0.0165
vn -0.6020 0.7984 0.0089
vn -0.9382 0.3200 0.1320
vn -0.6103 0.6753 -0.4142
vn -0.9361 -0.1117 -0.3337
vn -0.6047 -0.5325 -0.5922
vn -0.9106 -0.3254 0.2548
vn -0.6335 -0.4596 0.6225
vn -0.6229 0.5602 0.5461
vn -0.6009 0.2952 0.7428
vn -0.6162 0.7875 0.0109
vn -0.9439 0.3302 -0.0086
vn -0.5985 0.3764 -0.7072
vn -0.9134 -0.2009 -0.3540
vn -0.5935 -0.5612 -0.5768
vn -0.9307 -0.2222 0.2904
vn -0.5933 -0.7198 0.3605
vn 0.6672 0.7158 0.2061
vn 0.6687 0.5889 0.4539
vn 0.7083 0.1986 0.6774
vn 0.8459 0.3625 -0.3911
vn 0.7845 0.5672 -0.2507
vn 0.7485 0.6580 0.0825
vn 0.7805 0.3785 0.4975
vn 0.6557 0.1900 -0.7307
vn 0.6682 0.4222 -0.6125
vn 0.6616 0.6506 -0.3728
vn 0.6644 0.7391 -0.1108
vn 0.9391 0.0743 0.3354
vn 0.9432 -0.3071 -0.1267
vn 0.9501 -0.1001 0.2953
vn 0.9223 -0.3146 -0.2243
vn 0.9329 -0.2591 0.2502
vn 0.9557 -0.1965 0.2191
vn 0.9358 -0.1345 -0.3259
vn 0.9449 -0.2681 0.1880
vn 0.9508 0.0148 -0.3093
vn 0.4724 0.5147 0.7155
vn 0.9347 -0.3530 0.0427
vn 0.6864 0.5980 0.4139
vn 0.6954 0.4128 -0.5882
vn 0.6703 0.1796 0.7201
vn 0.7051 0.3268 0.6294
vn 0.6653 0.5185 0.5372
vn 0.6570 0.7139 0.2421
vn 0.6701 0.7423 0.0036
vn 0.6948 0.6937 -0.1898
vn 0.9366 0.2461 -0.2496
vn 0.6935 0.6543 -0.3016
vn 0.6686 0.5838 -0.4606
vn 0.6836 0.2167 -0.6970
vn 0.9667 0.2535 0.0342
vn 0.9253 0.3009 0.2308
vn 0.6539 0.4545 -0.6049
vn 0.9449 0.1842 -0.2707
vn 0.9469 0.3202 0.0309
vn -0.0056 0.2495 0.9684
vn -0.0160 0.2281 -0.9735
vn -0.9724 0.2332 0.0023
vn -0.6751 0.4366 0.5947
vn -0.6827 0.6174 0.3909
vn -0.9356 0.3464 -0.0677
vn -0.9575 0.2876 0.0232
vn -0.5514 0.6961 -0.4598
vn -0.5340 0.4592 -0.7099
vn 0.2181 -0.4869 -0.8458
vn 0.0671 -0.7419 0.6672
vn 0.1993 -0.9226 0.3303
vn 0.6569 -0.6433 0.3933
vn 0.6237 -0.4171 0.6611
vn 0.6744 0.2725 0.6863
vn 0.6483 0.3365 -0.6830
vn 0.6469 0.5287 -0.5496
vn 0.6288 0.7763 0.0435
vn 0.6649 0.7190 -0.2022
vn 0.6745 0.5294 0.5145
vn 0.6815 -0.3446 -0.6456
vn 0.7671 0.2134 0.6050
vn 0.7474 0.4533 0.4856
vn 0.5995 -0.6721 -0.4346
vn 0.7228 0.6342 0.2745
vn 0.7504 0.6606 -0.0246
vn 0.7690 0.5796 -0.2697
vn 0.7857 0.3500 -0.5101
vn 0.6335 -0.0161 -0.7735
vn -0.8700 0.0434 -0.4911
vn -0.7078 0.5641 0.4252
vn -0.6792 0.6943 0.2380
vn -0.8906 -0.3973 0.2215
vn -0.6990 0.6343 -0.3304
vn -0.7338 0.5236 -0.4329
vn -0.7486 0.3699 -0.5502
vn -0.7112 -0.0793 -0.6985
vn -0.6648 -0.3067 -0.6812
vn -0.7073 -0.5654 -0.4243
vn -0.6735 -0.7174 -0.1782
vn -0.7001 -0.6333 0.3298
vn -0.7536 -0.4311 0.4962
vn -0.7275 -0.0616 0.6833
vn -0.7564 0.1241 0.6423
vn 0.8172 -0.1871 0.5451
vn 0.7954 -0.4200 0.4370
vn 0.7661 -0.4957 0.4092
vn 0.6904 -0.7182 0.0865
vn 0.7707 -0.5926 0.2341
vn 0.7645 -0.5990 -0.2383
vn 0.6896 -0.7205 -0.0726
vn 0.7830 -0.4355 -0.4441
vn 0.7511 -0.3557 -0.5561
vn 0.8006 -0.1624 -0.5767
vn -0.7776 0.2391 -0.5815
vn -0.7665 -0.1471 0.6251
vn -0.8713 0.4348 -0.2277
vn -0.8443 0.3326 0.4202
vn -0.9406 -0.3392 0.0125
vn -0.7682 0.4685 -0.4364
vn -0.7771 0.5976 -0.1974
vn -0.9159 0.2413 0.3208
vn -0.9795 0.1214 -0.1606
vn -0.7525 0.6575 0.0378
vn -0.7516 0.5075 0.4214
vn -0.7608 0.6038 0.2382
vn -0.9486 0.0137 -0.3163
vn -0.7827 0.1782 0.5964
vn -0.7704 0.4228 0.4773
vn -0.7534 0.0985 0.6501
vn -0.8709 0.1903 0.4531
vn -0.7661 -0.5318 0.3610
vn -0.7602 -0.3736 0.5315
vn -0.8705 0.4482 -0.2035
vn -0.9517 0.1095 0.2869
vn 0.0671 0.7418 -0.6672
vn 0.2181 0.4869 0.8458
vn -0.6100 0.2458 -0.7533
vn -0.6861 0.4917 -0.5362
vn -0.6960 0.6335 -0.3382
vn -0.6839 0.7166 -0.1371
vn -0.7015 0.7092 0.0705
vn -0.6456 0.7149 0.2687
vn -0.6606 0.5651 0.4943
vn -0.6797 0.3283 0.6560
vn 0.5377 0.4294 0.7256
vn 0.5676 0.7418 0.3571
vn -0.5208 0.6552 0.5473
vn -0.4982 0.7709 0.3969
vn -0.4449 0.7505 0.4887
vn -0.4407 -0.8969 -0.0373
vn -0.5488 -0.6862 -0.4774
vn 0.1750 0.9835 -0.0450
vn -0.4739 0.8782 0.0645
vn -0.4414 0.7958 -0.4146
vn -0.5202 0.8483 0.0990
vn -0.4182 0.9083 0.0130
vn 0.8459 -0.2272 0.4825
vn 0.7848 -0.5849 -0.2046
vn 0.8459 0.2272 -0.4825
vn 0.7849 0.5849 0.2046
vn 0.8959 0.3168 0.3115
vn 0.9134 0.2904 -0.2853
vn 0.9068 -0.3079 0.2879
vn 0.9053 -0.3068 -0.2937
vn 0.6068 -0.5455 0.5782
vn 0.6009 0.5846 0.5451
vn 0.6122 -0.5681 -0.5499
vn 0.6086 0.5348 -0.5862
vn 0.3048 -0.2544 0.9178
vn 0.6106 0.0977 0.7859
vn 0.6125 -0.7575 0.2261
vn 0.2602 -0.8069 0.5303
vn 0.2835 -0.7701 -0.5715
vn 0.5951 0.3615 -0.7178
vn 0.2911 -0.1948 -0.9367
vn 0.1817 0.2240 -0.9575
vn 0.6245 -0.1268 -0.7706
vn 0.5823 0.7897 -0.1931
vn 0.1640 0.7321 -0.6612
vn 0.3074 0.6624 0.6832
vn 0.6074 0.7324 0.3077
vn 0.6129 -0.1888 0.7673
vn 0.2879 0.1493 0.9459
vn 0.6436 0.1558 0.7494
vn 0.6145 -0.7323 0.2935
vn 0.6120 -0.4532 -0.6482
vn 0.6173 0.1880 0.7639
vn 0.6240 -0.5661 0.5387
vn 0.5685 -0.7260 -0.3869
vn 0.5766 0.3096 -0.7561
vn 0.8344 -0.5371 -0.1237
vn 0.7629 -0.5780 0.2895
vn 0.5338 -0.0558 -0.8437
vn 0.2670 0.8650 -0.4248
vn 0.6272 0.4417 0.6415
vn 0.2997 0.9041 0.3047
vn -0.5722 0.5587 0.6004
vn -0.5752 0.5460 -0.6091
vn -0.5885 -0.6038 0.5378
vn -0.5879 -0.5952 -0.5478
vn -0.5751 -0.2396 0.7822
vn -0.5875 -0.7688 -0.2525
vn -0.5767 0.7979 0.1755
vn -0.5881 0.1798 -0.7886
vn -0.5797 -0.7989 0.1604
vn -0.5885 -0.1628 -0.7920
vn -0.5851 0.2369 0.7756
vn -0.5885 0.7727 -0.2378
vn -0.5750 -0.5463 -0.6091
vn -0.5765 -0.5396 0.6136
vn -0.5893 0.6062 -0.5341
vn -0.5869 0.5932 0.5510
vn -0.5811 -0.7971 -0.1640
vn -0.5750 0.2401 -0.7822
vn -0.5878 0.7694 0.2500
vn -0.5854 -0.1770 0.7912
vn -0.5772 -0.2364 -0.7816
vn -0.5734 0.8014 -0.1699
vn -0.5871 -0.7749 0.2340
vn -0.5888 0.1619 0.7919
vn -0.5987 0.1924 -0.7776
vn -0.6088 -0.5776 -0.5439
vn -0.5634 -0.7273 0.3920
vn -0.5634 0.3089 0.7663
vn -0.6000 -0.2934 -0.7443
vn -0.6182 -0.7555 -0.2168
vn -0.6106 -0.5499 0.5699
vn -0.5920 0.2405 0.7693
vn -0.5985 -0.2930 -0.7456
vn -0.6201 -0.7541 -0.2164
vn -0.6077 -0.5518 0.5711
vn -0.5938 0.2417 0.7674
vn -0.5682 0.3340 -0.7521
vn -0.5634 -0.6637 -0.4920
vn -0.6025 -0.6672 0.4379
vn -0.5969 0.2416 0.7650
vn -0.8260 -0.1179 -0.5512
vn -0.5206 -0.8247 -0.2207
vn -0.5616 -0.2548 0.7872
vn -0.8427 -0.0073 -0.5384
vn -0.7975 -0.4632 -0.3865
vn -0.8159 -0.5677 0.1091
vn -0.8093 -0.2982 0.5061
vn -0.8399 0.1995 0.5047
vn -0.3051 0.7542 0.5815
vn -0.2909 0.8766 0.3835
vn -0.6882 0.6984 0.1967
vn -0.6487 0.5468 0.5294
vn -0.8372 0.3642 0.4080
vn -0.8161 -0.1325 -0.5625
vn -0.3180 0.8793 -0.3546
vn -0.6796 0.7055 -0.2011
vn -0.3034 0.7309 -0.6113
vn -0.7905 0.1333 -0.5977
vn -0.8822 -0.0606 0.4670
vn -0.6482 0.5737 -0.5007
vn -0.6686 0.1967 -0.7171
vn -0.2815 -0.0300 -0.9591
vn -0.9760 -0.2173 0.0161
vn -0.4505 -0.0199 -0.8925
vn -0.6732 -0.1942 -0.7135
vn -0.2983 -0.7571 -0.5812
vn -0.2967 -0.8789 -0.3735
vn -0.6499 -0.5894 -0.4798
vn -0.6515 -0.7214 -0.2348
vn -0.4040 -0.0561 -0.9130
vn -0.9814 -0.1905 -0.0236
vn -0.6842 -0.7048 0.1874
vn -0.3073 -0.7442 0.5931
vn -0.6893 -0.5302 0.4937
vn -0.3919 -0.8141 0.4285
vn -0.9997 0.0207 -0.0125
vn -0.6809 0.2129 0.7007
vn -0.2751 0.0686 0.9589
vn -0.5004 0.0589 0.8638
vn -0.9589 0.2794 0.0488
vn 0.6290 0.2480 0.7368
vn 0.5580 -0.5953 0.5782
vn 0.5791 -0.6678 -0.4677
vn 0.5523 0.3832 -0.7404
vn 0.5886 -0.3477 0.7298
vn 0.6204 -0.7816 -0.0646
vn 0.6148 -0.1275 -0.7783
vn 0.5998 -0.7055 0.3775
vn 0.6009 0.1217 0.7900
vn 0.6039 -0.0571 0.7950
vn 0.6036 0.7446 0.2850
vn 0.5942 0.6319 0.4975
vn 0.6005 0.6614 -0.4495
vn 0.6369 0.4742 -0.6078
vn 0.6612 0.7484 0.0520
vn 0.5969 -0.0334 -0.8016
vn 0.6047 -0.7240 -0.3319
vn 0.5945 0.0583 -0.8020
vn -0.9052 0.1168 0.4086
vn -0.8955 -0.4257 0.1297
vn -0.8963 -0.1003 0.4319
vn -0.8908 0.4386 0.1191
vn -0.3007 -0.8885 0.3466
vn -0.8964 0.3259 0.3004
vn -0.8903 0.3179 -0.3259
vn -0.8946 -0.1068 -0.4338
vn -0.8900 0.4361 -0.1330
vn -0.2871 -0.0319 0.9574
vn -0.8923 -0.4346 -0.1224
vn -0.8935 0.0916 -0.4395
vn -0.8927 -0.3237 0.3136
vn -0.8905 -0.3371 -0.3055
vn -0.5052 0.0221 -0.8627
vn -0.9561 -0.0958 -0.2771
vn -0.4939 -0.8565 0.1500
vn -0.9559 -0.1864 0.2272
vn -0.7782 0.0851 0.6222
vn -0.4836 -0.5587 -0.6738
vn -0.9700 -0.2256 -0.0907
vn -0.7752 -0.5008 0.3851
vn -0.9592 0.0652 0.2752
vn -0.4461 0.3898 0.8057
vn -0.4649 -0.5680 -0.6791
vn -0.9605 -0.1827 -0.2100
vn -0.5035 -0.5180 0.6915
vn -0.9405 -0.1304 0.3139
vn -0.7757 0.4411 -0.4514
vn -0.5203 -0.4151 -0.7463
vn -0.9519 -0.3013 -0.0556
vn -0.4993 -0.6613 0.5597
vn -0.9559 0.1040 0.2745
vn -0.7818 0.3823 0.4926
vn -0.7782 -0.0851 -0.6222
vn -0.9568 0.1817 -0.2271
vn -0.9582 -0.2809 -0.0550
vn -0.4461 -0.8926 -0.0653
vn -0.5052 -0.0221 0.8627
vn -0.9550 0.0934 0.2814
vn 0.9153 -0.0490 -0.3998
vn 0.5738 -0.7354 -0.3604
vn 0.9199 0.0042 -0.3922
vn 0.8541 0.5190 -0.0332
vn 0.5723 0.6799 -0.4585
vn 0.8814 0.4565 0.1215
vn 0.8891 -0.0477 0.4551
vn 0.8816 0.1219 0.4559
vn 0.8867 -0.4203 0.1927
vn -0.9585 0.2800 0.0535
vn -0.9429 0.2663 -0.2002
vn -0.9720 0.2318 -0.0389
vn -0.9540 0.1986 -0.2245
vn -0.2974 0.1154 -0.9477
vn -0.9705 -0.0958 0.2215
vn -0.9544 0.2889 -0.0746
vn -0.9464 -0.2000 -0.2538
vn -0.7890 -0.1516 -0.5954
vn -0.9750 -0.0103 -0.2221
vn -0.4896 -0.8550 0.1710
vn -0.9483 -0.2764 0.1561
vn -0.5173 0.3337 0.7881
vn -0.9628 0.2234 0.1521
vn -0.4620 0.6532 -0.5998
vn -0.7660 -0.4116 -0.4938
vn -0.9098 -0.3148 -0.2706
vn -0.4898 -0.6754 0.5512
vn -0.8612 -0.4353 0.2622
vn 0.6127 0.7427 0.2702
vn 0.5676 0.5554 -0.6077
vn 0.8381 0.2016 0.5069
vn 0.8087 -0.2680 0.5236
vn 0.8584 -0.5107 0.0474
vn 0.9195 -0.1385 -0.3678
vn -0.8904 -0.4200 0.1755
vn -0.9166 -0.0562 -0.3959
vn -0.5786 0.8097 -0.0978
vn 0.6125 0.7891 0.0466
vn 0.8653 0.1609 0.4747
vn 0.8890 -0.3907 0.2389
vn 0.9099 -0.1332 -0.3929
vn -0.9092 -0.1322 0.3948
vn -0.8886 -0.3921 -0.2381
vn -0.8640 0.1625 -0.4765
vn -0.6019 0.7973 -0.0449
vn -0.9484 0.2193 -0.2289
vn -0.5988 0.6594 0.4546
vn -0.5133 0.6214 -0.5919
vn -0.9272 -0.2792 0.2497
vn -0.9242 -0.0713 -0.3752
vn 0.5889 -0.5613 0.5815
vn 0.5933 -0.5704 -0.5680
vn 0.5877 0.5654 -0.5788
vn 0.5951 0.5663 0.5702
vn 0.9064 -0.3048 0.2924
vn 0.9102 -0.2929 -0.2929
vn 0.9074 0.3026 -0.2915
vn 0.9110 0.2958 0.2873
vn -0.2577 0.8883 -0.3802
vn -0.2016 -0.3229 0.9247
vn 0.3804 0.8101 -0.4461
vn 0.4439 -0.3601 0.8205
vn -0.3450 -0.5195 0.7817
vn 0.2672 0.0082 -0.9636
vn -0.3452 0.0593 -0.9366
vn 0.3685 -0.5450 0.7531
vn 0.6534 -0.3651 0.6631
vn -0.8224 0.3497 0.4487
vn 0.6770 -0.4649 0.5705
vn -0.8058 -0.5702 -0.1599
vn -0.9005 -0.3003 -0.3146
vn 0.9049 -0.2978 -0.3040
vn 0.9014 0.3135 -0.2985
vn -0.9053 0.3020 -0.2988
vn 0.8957 0.3187 0.3100
vn -0.8995 0.3324 0.2835
vn 0.5970 -0.4814 0.6418
vn 0.6212 0.4736 0.6244
vn 0.8883 0.2425 0.3901
vn 0.8384 -0.2271 0.4954
vn 0.2407 0.3831 0.8918
vn 0.2097 0.5834 0.7846
vn 0.2292 -0.6366 0.7364
vn 0.8509 -0.5237 0.0399
vn 0.2215 -0.3684 0.9029
vn 0.8592 0.5116 -0.0047
vn 0.6366 0.7606 -0.1279
vn 0.5969 -0.7972 -0.0910
vn 0.6260 0.2631 0.7341
vn 0.6113 -0.3020 0.7315
vn 0.8627 -0.2603 0.4336
vn 0.5615 0.6130 0.5558
vn 0.1394 0.9760 0.1675
vn 0.1458 0.9826 -0.1152
vn 0.3196 -0.9259 -0.2015
vn 0.2375 -0.9682 0.0790
vn 0.2372 -0.9485 0.2099
vn 0.5471 0.6129 -0.5701
vn 0.5393 -0.6331 -0.5553
vn 0.5909 0.2702 -0.7601
vn 0.6200 -0.0423 -0.7835
vn 0.6248 0.7748 0.0966
vn 0.6343 -0.6514 -0.4164
vn 0.6507 -0.6821 0.3338
vn 0.8772 -0.4798 0.0194
vn 0.7141 0.6969 -0.0663
vn 0.4704 0.5695 -0.6741
vn -0.0512 0.3949 -0.9173
vn 0.1673 0.2218 -0.9606
vn 0.1439 -0.3710 -0.9174
vn 0.8776 0.2384 -0.4159
vn 0.1664 -0.6297 -0.7588
vn 0.6209 -0.4587 -0.6357
vn 0.7610 -0.2397 -0.6029
vn 0.6192 0.5176 -0.5906
vn 0.2030 0.2916 -0.9347
vn 0.5770 -0.0863 -0.8122
vn 0.1377 0.4237 -0.8953
vn 0.1260 0.9210 -0.3686
vn -0.0443 0.0289 -0.9986
vn 0.1811 -0.3761 -0.9087
vn 0.0383 0.9905 0.1318
vn 0.2030 0.0853 -0.9754
vn 0.1571 0.7846 -0.5998
vn 0.0820 0.8716 0.4834
vn 0.2515 0.6740 -0.6946
vn 0.0464 0.4159 0.9082
vn 0.1639 0.8296 -0.5338
vn 0.6029 0.7971 0.0322
vn 0.1589 0.7609 0.6291
vn 0.0818 0.0494 0.9954
vn 0.0475 0.9950 -0.0875
vn 0.0774 -0.5619 0.8236
vn 0.2244 0.2604 0.9391
vn 0.1796 0.6911 0.7001
vn 0.6022 0.0203 0.7981
vn 0.0858 -0.7542 0.6510
vn 0.0665 -0.9948 -0.0773
vn 0.1987 -0.2456 0.9488
vn 0.6013 -0.7013 0.3829
vn 0.1652 -0.9323 -0.3219
vn 0.2021 -0.6365 0.7444
vn 0.5856 -0.4008 0.7046
vn 0.6098 -0.7911 -0.0479
vn 0.5896 0.4309 0.6831
vn 0.6188 0.2806 0.7337
vn 0.6007 0.7993 0.0193
vn 0.5856 0.3396 -0.7361
vn 0.5809 0.8130 -0.0395
vn 0.5984 -0.3931 -0.6981
vn 0.5879 0.4104 -0.6971
vn 0.5828 -0.6832 -0.4400
vn 0.6068 0.6561 -0.4486
vn 0.2011 -0.7811 -0.5912
vn 0.8739 -0.3054 -0.3782
vn 0.8542 0.3493 -0.3851
vn 0.5977 0.1125 -0.7938
vn 0.8433 0.0704 -0.5329
vn 0.8865 0.4624 -0.0155
vn 0.8225 0.5030 -0.2656
vn 0.8272 0.4883 0.2780
vn 0.8396 0.0779 0.5376
vn 0.5874 0.6456 0.4880
vn 0.8355 0.4399 0.3292
vn 0.8750 -0.1115 0.4712
vn 0.6086 -0.3718 0.7010
vn 0.5879 -0.1002 0.8027
vn 0.8018 -0.0558 0.5949
vn 0.8325 -0.4572 0.3128
vn 0.8350 -0.5078 -0.2119
vn 0.1968 -0.6372 -0.7452
vn 0.1888 -0.0015 -0.9820
vn 0.0619 -0.9933 0.0979
vn 0.5967 -0.8012 -0.0442
vn 0.5835 -0.4016 -0.7058
vn 0.5840 -0.5911 -0.5564
vn 0.6068 -0.0087 -0.7948
vn 0.0604 -0.7897 0.6105
vn 0.1021 -0.9919 -0.0753
vn 0.8565 -0.2014 -0.4752
vn -0.8451 -0.3643 -0.3912
vn -0.8275 -0.5379 0.1610
vn -0.8404 -0.1115 0.5304
vn -0.8430 0.1139 -0.5257
vn -0.8613 -0.3580 0.3604
vn -0.8619 0.2724 0.4277
vn -0.8441 0.1707 -0.5083
vn -0.8362 -0.4179 -0.3552
vn -0.8396 -0.1336 -0.5266
vn -0.8450 -0.5224 -0.1143
vn -0.8799 -0.2591 -0.3982
vn -0.8825 -0.4120 0.2268
vn -0.8690 0.0758 0.4889
vn -0.8559 -0.1081 -0.5056
vn -0.8465 -0.5207 -0.1109
vn -0.8641 -0.2220 0.4518
vn -0.8606 0.3192 0.3968
vn -0.8186 0.5631 -0.1132
vn -0.8219 0.2440 -0.5148
vn -0.8496 -0.3190 -0.4201
vn -0.8051 -0.2384 0.5431
vn -0.8152 -0.5662 0.1219
vn -0.8299 0.2479 0.4998
vn -0.8356 0.5490 -0.0208
vn -0.8262 0.2281 -0.5151
vn -0.8191 -0.2302 -0.5255
vn -0.8509 -0.3027 0.4294
vn -0.8161 -0.5670 -0.1118
vn 0.8129 0.2528 -0.5246
vn 0.8104 0.5806 -0.0784
vn 0.8613 0.2997 0.4102
vn 0.8482 -0.3120 0.4280
vn 0.7761 -0.2222 -0.5902
vn 0.8096 -0.5735 -0.1252
vn -0.5636 0.4639 -0.6835
vn 0.8081 0.5681 0.1557
vn 0.8090 0.2472 0.5333
vn 0.8125 -0.2297 0.5358
vn 0.8505 -0.2987 -0.4329
vn 0.8126 -0.5723 0.1106
vn -0.5425 -0.3672 -0.7556
vn -0.9626 -0.2671 -0.0451
vn -0.7663 -0.3761 0.5209
vn -0.9573 0.0829 0.2768
vn -0.5345 0.6425 -0.5490
vn -0.9670 -0.1289 -0.2198
vn -0.5283 -0.8177 -0.2286
vn -0.9463 -0.1586 0.2816
vn -0.7365 0.1331 0.6633
vn 0.6383 0.6359 -0.4339
vn 0.5051 0.6508 0.5669
vn 0.8889 0.0423 0.4562
vn 0.8881 -0.4565 0.0532
vn 0.8809 -0.1360 -0.4533
vn -0.8489 -0.1515 0.5064
vn -0.8767 -0.4781 -0.0538
vn -0.8866 0.0396 -0.4609
vn -0.5619 0.5965 -0.5731
vn -0.9568 0.1965 -0.2143
vn -0.6443 0.7521 0.1388
vn 0.5213 0.7812 0.3436
vn 0.8885 0.0426 0.4569
vn 0.8886 -0.4559 0.0514
vn 0.8845 -0.1236 -0.4498
vn -0.7051 -0.2080 0.6779
vn -0.8757 -0.4806 -0.0463
vn -0.8883 0.0424 -0.4573
vn -0.5608 0.5979 -0.5727
vn -0.9635 0.2664 0.0270
vn -0.6459 0.7511 0.1368
vn -0.9450 -0.3134 0.0932
vn -0.9377 0.2442 0.2470
vn 0.0613 -0.8701 -0.4891
vn 0.1071 -0.5320 0.8400
vn -0.0421 0.5204 0.8529
vn -0.2978 0.6755 -0.6745
vn 0.9393 -0.1907 -0.2853
vn 0.6622 0.7114 -0.2352
vn 0.3125 -0.1047 0.9441
vn 0.6746 0.6826 0.2810
vn 0.6806 0.7022 -0.2090
vn 0.6803 0.2047 0.7038
vn 0.6856 -0.5041 0.5252
vn 0.6786 -0.7345 0.0013
vn 0.9855 -0.0020 -0.1694
vn 0.9894 0.0639 -0.1304
vn 0.9894 0.0594 -0.1324
vn 0.9866 0.1488 -0.0665
vn 0.9842 0.1609 -0.0732
vn 0.9892 0.1450 0.0197
vn 0.9856 0.1604 0.0535
vn 0.9887 0.1234 0.0849
vn 0.9892 0.0878 0.1171
vn 0.9893 0.0583 0.1340
vn 0.9864 0.0009 0.1646
vn 0.6486 -0.1722 0.7414
vn 0.6780 -0.4568 0.5759
vn 0.6451 -0.7299 0.2260
vn 0.6449 -0.7299 -0.2267
vn 0.6496 -0.4337 -0.6245
vn 0.6555 0.0345 -0.7544
vn 0.9481 0.0139 0.3177
vn 0.9620 0.0221 0.2721
vn 0.9464 0.1759 0.2709
vn 0.9624 0.2713 0.0136
vn 0.9581 0.2313 0.1688
vn 0.9329 0.3562 0.0531
vn 0.5284 -0.8489 -0.0141
vn 0.9505 0.3063 -0.0526
vn 0.9629 0.2680 0.0322
vn 0.9740 -0.0274 -0.2250
vn 0.9513 0.0783 -0.2982
vn 0.9606 0.1741 -0.2165
vn 0.9360 -0.2580 0.2394
vn 0.9109 0.1688 0.3765
vn 0.9725 -0.2170 0.0843
vn 0.9456 -0.3031 0.1183
vn 0.9354 -0.3373 -0.1064
vn 0.9475 -0.3192 0.0194
vn 0.8665 -0.4922 -0.0831
vn 0.9595 -0.1862 -0.2116
vn 0.9615 -0.0412 -0.2717
vn 0.9465 -0.1493 -0.2861
vn 0.9607 -0.2358 -0.1462
vn 0.9290 0.3263 -0.1745
vn 0.6287 -0.0692 -0.7745
vn 0.7042 -0.5769 -0.4138
vn 0.7145 -0.6297 0.3049
vn 0.6539 -0.1247 0.7462
vn -0.5944 0.7064 -0.3844
vn -0.9592 -0.0068 -0.2828
vn -0.6088 -0.3510 -0.7114
vn -0.9311 -0.3071 0.1969
vn -0.6038 -0.6187 0.5026
vn -0.9512 0.2526 0.1773
vn -0.6079 0.5051 0.6127
vn -0.9372 -0.2991 0.1794
vn -0.5879 -0.6483 0.4838
vn -0.9503 0.2540 0.1799
vn -0.6269 0.4855 0.6093
vn -0.6129 0.6898 -0.3853
vn -0.9629 -0.0148 -0.2693
vn -0.5933 -0.3971 -0.7002
vn -0.5979 0.5051 0.6224
vn -0.9508 0.1802 -0.2519
vn -0.6078 0.6125 -0.5053
vn -0.6079 -0.3608 -0.7073
vn -0.9655 -0.2598 0.0172
vn -0.6184 -0.6965 0.3639
vn -0.9404 0.1712 0.2939
vn -0.9512 0.0273 -0.3074
vn -0.6078 -0.1330 -0.7829
vn -0.9592 -0.2415 0.1473
vn -0.6272 -0.7296 0.2726
vn -0.6297 0.1628 0.7596
vn -0.9311 0.3241 0.1675
vn -0.6112 0.7911 -0.0241
vn -0.9592 0.1355 -0.2483
vn -0.6249 0.7307 0.2750
vn -0.6127 0.4056 -0.6784
vn -0.6181 -0.6709 -0.4098
vn -0.9311 -0.3644 0.0169
vn -0.5994 -0.3129 0.7368
vn -0.9512 0.1301 0.2798
vn -0.9154 0.2506 0.3150
vn -0.6004 0.5269 0.6016
vn -0.8678 0.4379 -0.2351
vn -0.6147 0.6244 -0.4819
vn -0.3652 -0.1763 -0.9141
vn -0.6271 -0.7253 -0.2840
vn -0.9052 -0.3592 0.2272
vn -0.6286 -0.5344 0.5650
vn 0.8147 0.0217 0.5795
vn 0.8057 -0.4294 0.4081
vn 0.7833 -0.6215 0.0144
vn 0.8061 -0.4570 -0.3760
vn 0.8035 -0.0358 -0.5943
vn 0.6719 0.7025 0.2346
vn 0.6353 0.3940 0.6642
vn 0.9859 -0.0592 0.1564
vn 0.9852 -0.1139 0.1278
vn 0.9880 -0.1008 0.1171
vn 0.9816 -0.1850 -0.0471
vn 0.7586 0.6515 0.0116
vn 0.9997 0.0204 0.0095
vn 0.9883 -0.1406 -0.0592
vn 0.9876 -0.0541 -0.1475
vn 0.9887 -0.0670 -0.1344
vn 0.6688 0.4897 -0.5593
vn 0.6689 0.7185 -0.1907
vn -0.3168 -0.9325 -0.1736
vn 0.6584 -0.7465 -0.0959
vn -0.1239 -0.9915 0.0408
vn -0.4587 -0.8041 -0.3780
vn 0.6583 -0.5477 -0.5164
vn -0.4308 -0.5236 -0.7351
vn -0.3887 -0.3864 -0.8364
vn 0.6569 -0.1263 -0.7433
vn -0.6362 -0.0630 -0.7689
vn -0.3820 0.3633 -0.8497
vn 0.6463 0.4230 -0.6352
vn 0.0714 0.5873 -0.8062
vn -0.6177 0.7365 -0.2755
vn -0.4130 0.8869 -0.2070
vn 0.6615 0.7340 -0.1537
vn -0.4665 0.8836 0.0408
vn 0.6564 0.6745 0.3378
vn -0.4354 0.7667 0.4719
vn -0.3723 0.7430 0.5562
vn 0.6409 0.2684 0.7192
vn -0.6292 0.2670 0.7300
vn -0.4311 -0.0778 0.8989
vn -0.5128 -0.2532 0.8203
vn 0.6618 -0.3129 0.6813
vn -0.0025 -0.6650 0.7468
vn -0.2874 -0.7838 0.5505
vn 0.6583 -0.6604 0.3613
vn 0.9691 0.1029 0.2242
vn 0.9590 -0.2750 -0.0687
vn 0.9597 0.1997 -0.1976
vn 0.9610 0.0447 0.2729
vn 0.9681 -0.2099 -0.1368
vn 0.9688 0.1168 0.2187
vn 0.9363 -0.3511 0.0026
vn 0.9595 0.0899 -0.2669
vn 0.9708 0.1960 0.1385
vn 0.9522 -0.2677 0.1470
vn 0.9697 0.0279 -0.2428
vn 0.9241 -0.3442 0.1658
vn 0.9039 -0.2245 -0.3641
vn 0.9674 -0.2533 -0.0080
vn 0.9384 0.1828 -0.2934
vn 0.8821 0.3781 -0.2810
vn 0.9306 0.2213 0.2916
vn 0.6922 0.5673 0.4462
vn 0.7129 0.1853 0.6763
vn 0.9581 0.1636 0.2349
vn 0.7074 0.5827 -0.4000
vn 0.6787 0.3842 -0.6259
vn 0.9421 0.2999 -0.1498
vn -0.0174 0.1037 -0.9945
vn -0.6739 -0.1689 0.7193
vn 0.8786 0.4734 -0.0626
vn 0.9182 0.3749 -0.1277
vn 0.9402 -0.2161 0.2632
vn 0.9613 0.2639 0.0793
vn 0.9668 -0.1080 -0.2316
vn 1.0000 -0.0000 -0.0000
vn 0.9156 0.3841 -0.1192
vn 0.8597 0.2892 -0.4210
vn 0.9093 0.3505 0.2245
vn 0.8319 -0.5544 0.0244
vn 0.8603 -0.5093 0.0240
vn 0.8887 0.4543 -0.0615
vn 1.0000 -0.0015 0.0021
vn 1.0000 -0.0026 -0.0020
vn 0.7858 0.4364 0.4383
vn 0.7795 0.6070 0.1547
vn 0.7868 0.3744 -0.4907
vn 0.7793 0.5945 -0.1984
vn 0.9480 0.3175 -0.0193
vn -0.8786 0.4190 0.2291
vn -0.8780 0.4336 0.2025
vn -0.8367 0.5316 -0.1313
vn -0.8890 0.4540 0.0591
vn -0.8632 0.3672 0.3465
vn -0.9027 0.4102 0.1302
vn -0.9024 0.4107 0.1305
vn -1.0000 0.0047 0.0033
vn -0.8379 0.3514 -0.4178
vn -0.8522 0.3683 -0.3717
vn -0.9006 0.4346 -0.0052
vn -0.8198 0.3864 0.4226
vn -0.8472 0.4993 -0.1816
vn -0.9304 0.3400 0.1374
vn -0.8081 0.5549 0.1976
vn -0.8262 0.4850 -0.2865
vn -0.8629 0.0982 0.4958
vn 0.6120 0.7885 -0.0614
vn -0.5143 0.8391 0.1771
vn -0.4972 0.5901 0.6360
vn -0.4608 0.7977 -0.3890
vn -0.4939 0.8565 -0.1500
vn -0.4591 0.8051 -0.3755
vn -0.4581 0.7323 0.5039
vn -0.4975 0.7578 -0.4223
vn -0.4461 0.8926 0.0653
vn 0.7295 0.1058 0.6757
vn 0.6877 -0.1352 0.7133
vn 0.7235 -0.3180 0.6127
vn 0.6870 -0.5309 0.4961
vn 0.7320 -0.6197 0.2831
vn 0.6822 -0.6680 -0.2971
vn 0.7292 -0.4850 -0.4828
vn 0.6921 -0.3252 -0.6444
vn 0.7243 -0.1058 -0.6813
vn 0.7669 0.0535 -0.6396
vn 0.7440 -0.3231 -0.5849
vn 0.7573 -0.5432 -0.3625
vn 0.7550 -0.6504 -0.0836
vn 0.7544 -0.6040 0.2570
vn 0.7607 -0.3766 0.5287
vn 0.7669 -0.0535 0.6396
vn -0.6840 -0.0292 0.7289
vn -0.7058 -0.2818 0.6499
vn -0.6787 -0.6443 0.3525
vn -0.5889 -0.8080 -0.0177
vn -0.9940 -0.1084 0.0126
vn -0.5972 -0.8020 -0.0133
vn -0.6640 -0.6588 -0.3538
vn -0.5462 -0.5164 -0.6595
vn -0.6813 -0.2350 -0.6933
vn -0.6928 0.0798 -0.7167
vn -0.6675 0.2015 -0.7169
vn -0.6715 -0.1471 -0.7262
vn -0.6471 -0.5368 -0.5415
vn -0.6669 -0.7248 -0.1730
vn -0.6517 -0.7122 0.2610
vn -0.6498 -0.3962 0.6486
vn -0.6641 0.0734 0.7440
vn -0.6666 0.5463 -0.5072
vn -0.7055 0.2352 0.6685
vn -0.7288 0.4243 0.5374
vn -0.6499 0.5046 0.5684
vn -0.6481 0.7286 0.2217
vn -0.9986 0.0533 -0.0029
vn -0.6575 0.7314 -0.1810
vn -0.7061 0.5893 -0.3927
vn -0.7630 0.2587 -0.5924
vn -0.6813 0.6440 0.3480
vn -0.7036 0.6957 0.1451
vn -0.7216 0.6900 -0.0562
vn -0.7018 0.6805 -0.2107
vn 0.7144 0.4955 0.4941
vn 0.6924 0.3159 0.6487
vn 0.7595 0.3750 -0.5315
vn 0.7289 0.4846 -0.4836
vn 0.6980 0.6399 -0.3214
vn 0.7234 0.6826 -0.1034
vn 0.7274 0.6772 0.1113
vn 0.6945 0.6269 0.3531
vn 0.7565 0.5413 0.3671
vn 0.7440 0.3231 0.5849
vn 0.7179 0.1140 -0.6868
vn 0.6849 0.3461 -0.6412
vn 0.7521 0.6069 -0.2568
vn 0.7600 0.6453 0.0772
vn 0.6622 0.2858 0.6927
vn -0.6307 0.2550 0.7330
vn 0.0197 0.2239 0.9744
vn -0.7995 0.0956 0.5930
vn 0.4031 -0.0073 0.9151
vn -0.6875 -0.0480 0.7246
vn -0.4285 -0.2641 0.8641
vn -0.6459 -0.1402 0.7505
vn 0.6746 -0.2959 0.6763
vn -0.6326 -0.4525 0.6286
vn -0.8964 -0.2255 0.3817
vn 0.6653 -0.4850 0.5676
vn -0.6745 -0.5544 0.4875
vn 0.6640 -0.5803 0.4716
vn -0.5013 -0.7974 0.3359
vn 0.3977 -0.7944 0.4591
vn 0.8566 -0.5042 0.1094
vn 0.4063 -0.9034 0.1372
vn -0.6786 -0.7344 0.0094
vn 0.4876 -0.8606 -0.1473
vn -0.7485 -0.4758 -0.4619
vn -0.4361 -0.7953 -0.4212
vn 0.6193 -0.7008 -0.3541
vn -0.6557 -0.6463 -0.3903
vn -0.7777 -0.6079 -0.1601
vn 0.6169 -0.5650 -0.5479
vn -0.7285 -0.1477 -0.6689
vn 0.4203 -0.4821 -0.7687
vn -0.7895 -0.0741 -0.6092
vn -0.6303 -0.2161 -0.7457
vn -0.6877 0.2709 -0.6735
vn -0.6840 0.5463 -0.4835
vn -0.6662 0.7019 -0.2519
vn -0.7735 0.4334 -0.4624
vn -0.6556 0.4381 -0.6150
vn -0.6775 0.0700 -0.7322
vn -0.9788 0.1771 0.1026
vn -0.9116 0.0209 0.4105
vn -0.9801 0.1386 -0.1423
vn -0.8109 -0.5574 -0.1784
vn -0.9070 -0.0348 0.4197
vn -0.8826 -0.1803 -0.4342
vn -0.9709 0.1215 0.2065
vn -0.1370 0.1321 0.9817
vn 0.9156 -0.3997 0.0435
vn 0.9965 -0.0715 0.0422
vn 0.9636 -0.0107 0.2671
vn 0.0866 -0.1815 0.9796
vn 0.2247 0.5297 -0.8179
vn 0.2911 -0.4566 0.8407
vn -0.1074 -0.8377 0.5355
vn 0.7029 -0.7112 0.0121
vn 0.9912 -0.0360 -0.1276
vn -0.0047 -0.9993 0.0365
vn 0.5319 -0.8197 0.2126
vn 0.7085 0.5852 -0.3945
vn -0.2461 -0.7499 -0.6141
vn 0.9701 0.1637 -0.1793
vn 0.6094 -0.7886 -0.0823
vn 0.1274 -0.8919 -0.4339
vn 0.9314 -0.0364 0.3623
vn 0.2018 -0.6887 -0.6964
vn 0.9569 0.2831 -0.0651
vn 0.0729 -0.6765 -0.7328
vn 0.9513 -0.2597 0.1658
vn -0.1161 -0.6440 -0.7562
vn 0.1658 -0.3179 -0.9335
vn -0.9644 -0.2133 -0.1561
vn -0.9568 -0.2896 0.0261
vn -0.9416 0.2892 0.1727
vn -0.7581 -0.3389 0.5573
vn -0.8363 -0.5095 -0.2025
vn -0.8009 0.2723 -0.5332
vn -0.7907 0.4229 -0.4427
vn -0.7799 0.5641 0.2712
vn -0.8482 -0.3875 0.3612
vn -0.9495 0.3072 -0.0634
vn -0.9336 -0.2136 0.2877
vn -0.9103 -0.4118 0.0410
vn -0.9979 0.0632 -0.0122
vn -0.9290 -0.3192 0.1873
vn -0.9557 -0.1140 -0.2714
vn -0.9652 0.1965 0.1728
vn -0.9665 0.2011 -0.1596
vn -0.9527 -0.0422 -0.3009
vn -0.8790 -0.4461 0.1683
vn -0.9509 0.3020 0.0670
vn -0.9179 -0.3727 0.1361
vn -0.9104 0.3289 0.2511
vn -0.9683 -0.1663 -0.1863
vn -0.9492 -0.0570 -0.3094
vn -0.6650 0.5739 0.4780
vn -0.2309 0.9615 0.1489
vn -0.8852 -0.2985 -0.3568
vn -0.9305 -0.0762 -0.3583
vn -0.9745 -0.1607 0.1566
vn -0.9610 0.0037 -0.2767
vn -0.9622 -0.2551 -0.0956
vn -0.9575 -0.0762 0.2781
vn -0.9398 -0.2223 0.2597
vn -0.9529 -0.2967 0.0626
vn -0.9514 0.3028 0.0566
vn -0.9240 -0.3663 0.1096
vn -0.8871 0.2403 -0.3942
vn -0.9348 -0.2636 0.2381
vn -0.9529 0.1927 0.2344
vn -0.9174 -0.2858 0.2768
vn -0.9055 -0.2014 -0.3736
vn -0.8837 0.2795 -0.3754
vn -0.8624 -0.3462 -0.3693
vn -0.9243 0.2899 0.2484
vn -0.9502 0.0856 -0.2996
vn -0.9231 -0.1775 -0.3412
vn -0.9639 0.0931 0.2494
vn -0.9521 -0.3000 -0.0590
vn -0.7211 -0.6867 -0.0918
vn -0.9345 0.1954 -0.2976
vn -0.8079 0.2765 0.5204
vn -0.8634 0.4372 -0.2516
vn -0.8682 -0.0413 0.4946
vn -0.9615 0.2396 0.1345
vn -0.8205 -0.2016 -0.5350
vn -0.9309 0.0349 -0.3637
vn -0.9337 -0.3104 0.1783
vn -0.7859 -0.0333 0.6175
vn -0.9654 0.0085 -0.2606
vn -0.9272 -0.3673 0.0738
vn -0.8907 -0.3475 0.2930
vn -0.9107 0.4083 -0.0630
vn -0.8966 -0.4106 0.1658
vn -0.9589 0.0987 -0.2661
vn -0.7769 -0.1693 -0.6064
vn -0.9617 0.0896 0.2592
vn -0.9492 0.2317 -0.2130
vn -0.9611 0.2321 0.1495
vn -0.9498 -0.2973 -0.0980
vn -0.9495 -0.3031 0.0810
vn -0.9602 -0.2340 -0.1524
vn -0.9291 0.3198 -0.1858
vn -0.9762 -0.1904 0.1041
vn -0.9522 0.0666 0.2981
vn -0.9498 -0.2051 -0.2363
vn -0.7560 0.5660 -0.3289
vn -0.9579 0.2064 -0.1995
vn -0.9550 0.0805 0.2855
vn -0.9536 -0.2322 0.1915
vn -0.9589 0.0002 -0.2837
vn -0.9156 0.3215 0.2416
vn -0.6604 0.7507 -0.0176
vn -0.9831 -0.0280 0.1810
vn -0.9658 -0.1712 0.1948
vn -0.7663 0.5808 -0.2747
vn -0.9301 0.3157 0.1875
vn -0.8797 -0.4710 0.0654
vn -0.6659 0.7125 0.2215
vn -0.9483 -0.2463 0.2002
vn -0.8420 0.5190 0.1471
vn -0.9267 0.2802 -0.2503
vn -0.9294 -0.2253 0.2925
vn -0.8984 0.2346 0.3713
vn -0.9515 0.3017 0.0603
vn -0.8219 0.3705 0.4326
vn -0.9788 -0.0751 -0.1905
vn -0.9581 -0.1910 -0.2133
vn -0.6852 0.4789 0.5487
vn -0.9672 -0.2534 -0.0178
vn -0.9260 0.3054 -0.2219
vn -0.9296 0.1473 0.3378
vn -0.8726 0.3677 -0.3217
vn -0.8849 0.4268 -0.1863
vn -0.9648 0.2310 0.1255
vn -0.9107 0.1760 0.3736
vn -0.9323 -0.3137 0.1797
vn -0.9646 -0.1168 -0.2363
vn -0.9543 -0.2085 -0.2142
vn -0.9358 -0.3021 0.1817
vn -0.9610 -0.0426 -0.2733
vn -0.9458 0.3193 -0.0591
vn -0.8155 -0.2528 0.5207
vn -0.9655 0.2241 0.1324
vn -0.8379 -0.3339 -0.4318
vn -0.9523 0.1541 0.2633
vn -0.9452 0.3263 0.0075
vn -0.9315 -0.0627 0.3583
vn -0.8148 -0.5147 0.2667
vn -0.9489 -0.3137 0.0348
vn -0.9633 -0.1563 0.2184
vn -0.9975 -0.0128 0.0697
vn -0.9719 0.0829 -0.2201
vn -0.7653 0.2746 -0.5821
vn -0.9315 0.3135 0.1842
vn -0.9079 -0.2797 -0.3123
vn -0.8948 0.3467 -0.2813
vn -0.9000 -0.2410 0.3631
vn -0.8943 0.3725 0.2480
vn -0.9020 -0.3560 -0.2441
vn -0.8924 0.2467 -0.3778
vn -0.9389 -0.1702 0.2992
vn -0.9583 0.1188 0.2600
vn -0.9689 0.2475 -0.0019
vn -0.9630 0.0182 -0.2689
vn -0.9290 0.3209 0.1841
vn -0.9229 -0.2794 0.2649
vn -0.8909 0.2881 0.3511
vn -0.9051 0.3248 -0.2745
vn -0.9465 -0.0996 0.3069
vn -0.9528 -0.2891 0.0922
vn -0.9353 -0.2514 0.2489
vn -0.8816 -0.0961 -0.4622
vn -0.9006 -0.4332 -0.0351
vn -0.9071 0.0317 -0.4197
vn -0.9328 -0.0771 -0.3520
vn -0.9296 0.0408 -0.3662
vn -0.8141 0.0520 -0.5785
vn -0.9672 -0.0051 -0.2538
vn -0.9647 0.1260 -0.2314
vn -0.9130 0.2178 0.3449
vn -0.9003 0.4350 -0.0158
vn -0.8106 0.5757 -0.1068
vn -0.9495 -0.0914 0.3001
vn -0.8251 0.1046 0.5552
vn -0.7890 -0.4323 0.4367
vn -0.9499 -0.3054 0.0659
vn -0.8347 -0.5470 0.0637
vn -0.9508 -0.0327 -0.3080
vn -0.9635 -0.1113 -0.2434
vn -0.7780 0.0060 -0.6282
vn -0.9500 0.3052 -0.0658
vn -0.8510 -0.3674 -0.3753
vn -0.7834 -0.1581 0.6011
vn -0.9673 0.1281 -0.2189
vn -0.9423 0.1736 0.2862
vn -0.9092 -0.3603 -0.2087
vn -0.9227 -0.1329 0.3619
vn -0.8766 0.4441 0.1851
vn -0.9389 0.2992 0.1702
vn -0.8007 0.5907 0.0994
vn -0.9579 -0.2240 0.1795
vn -0.9693 0.0079 -0.2458
vn -0.9521 0.2896 -0.0986
vn -0.9317 -0.0409 0.3608
vn 0.9344 0.3434 0.0953
vn 0.8364 -0.5028 -0.2182
vn 0.9548 0.0260 -0.2960
vn 0.9468 -0.2745 0.1680
vn 0.8033 -0.2765 0.5276
vn 0.7845 -0.1319 0.6059
vn 0.7712 0.0457 0.6349
vn 0.0630 0.1300 -0.9895
vn -0.0211 -0.4041 -0.9145
vn 0.7875 0.4461 -0.4252
vn -0.0985 0.9883 0.1165
vn -0.0538 0.9335 -0.3544
vn 0.7582 0.4466 0.4751
vn 0.9668 0.2392 -0.0900
vn 0.8576 -0.1372 -0.4957
vn 0.9859 0.0332 0.1640
vn 0.9466 0.3105 -0.0865
vn 0.5929 0.0770 -0.8016
vn -0.5846 0.3601 -0.7270
vn 0.6351 0.5428 -0.5495
vn 0.9456 -0.0098 -0.3253
vn 0.2012 0.6809 -0.7042
vn 0.5029 0.8322 -0.2337
vn 0.3008 0.8830 -0.3602
vn 0.9615 -0.1948 0.1938
vn -0.2187 0.8532 -0.4736
vn 0.9800 0.1112 0.1648
vn 0.2267 0.9328 0.2803
vn -0.6508 0.7290 0.2123
vn 0.6351 0.5502 0.5421
vn 0.1564 0.7053 0.6914
vn 0.9285 -0.3592 0.0939
vn 0.9173 0.1035 0.3844
vn 0.9457 -0.0239 0.3242
vn 0.3530 -0.2811 -0.8924
vn 0.9548 0.1897 0.2289
vn 0.9260 -0.0617 0.3724
vn 0.9462 0.3014 -0.1174
vn 0.9780 -0.0646 -0.1982
vn 0.7598 -0.3476 -0.5495
vn 0.2745 -0.1453 0.9505
vn 0.2081 0.3587 0.9100
vn 0.9540 -0.0086 0.2997
vn 0.9313 0.3365 -0.1398
vn 0.8044 -0.4102 -0.4298
vn 0.9628 -0.2056 -0.1751
vn 0.9490 -0.2827 0.1397
vn 0.9332 -0.0510 -0.3558
vn 0.5345 0.7775 -0.3313
vn 0.5403 0.8342 0.1103
vn 0.2871 0.7430 0.6047
vn -0.0682 0.4210 0.9045
vn 0.9614 0.0996 0.2567
vn 0.8271 -0.5618 0.0147
vn 0.9173 0.0461 0.3955
vn 0.9507 0.1700 -0.2594
vn 0.7936 -0.5809 0.1809
vn 0.9298 -0.3633 -0.0588
vn 0.8830 -0.4686 0.0263
vn 0.9207 -0.3596 -0.1515
vn 0.7614 -0.4750 0.4411
vn 0.8796 -0.2123 0.4256
vn 0.7791 -0.5164 0.3555
vn 0.9060 0.3816 0.1833
vn 0.9090 0.1899 -0.3709
vn -0.0981 -0.1136 0.9887
vn -0.0238 0.3569 0.9338
vn 0.0480 0.7840 0.6189
vn 0.2833 0.9534 0.1034
vn 0.1519 0.9125 -0.3799
vn 0.9343 -0.3559 0.0180
vn 0.8515 -0.0860 -0.5173
vn 0.9635 0.0922 0.2513
vn 0.9461 0.2038 0.2519
vn 0.9460 -0.3193 0.0560
vn -0.0562 0.8968 -0.4389
vn 0.2726 0.6150 -0.7399
vn 0.5268 0.1353 -0.8392
vn 0.4077 -0.3528 -0.8422
vn -0.0214 -0.8130 -0.5819
vn -0.0686 -0.9914 -0.1119
vn 0.9397 0.3399 0.0380
vn 0.9502 -0.1765 0.2567
vn 0.7638 0.1530 0.6271
vn 0.9396 -0.2724 -0.2071
vn 0.9490 0.2827 -0.1397
vn 0.9644 -0.1282 -0.2314
vn 0.9976 0.0242 -0.0651
vn 0.9608 -0.1954 0.1968
vn 0.2663 0.6537 0.7084
vn 0.9463 -0.0478 -0.3196
vn -0.5932 0.2927 0.7499
vn 0.7739 0.3130 0.5506
vn 0.9295 0.3556 0.0975
vn 0.9603 -0.1809 0.2125
vn 0.9475 0.3194 0.0117
vn 0.0406 0.5980 -0.8005
vn 0.2988 0.1128 -0.9476
vn 0.1447 -0.3712 -0.9172
vn -0.9577 -0.2502 -0.1423
vn 0.8774 -0.4791 0.0244
vn 0.6370 0.6902 0.3433
vn 0.9434 -0.0898 0.3194
vn 0.9453 0.2760 -0.1741
vn 0.7989 0.6012 -0.0161
vn 0.7825 0.6147 0.0991
vn 0.9520 0.2539 0.1711
vn -0.6844 -0.6385 0.3520
vn 0.9299 0.0492 0.3646
vn 0.9283 0.0512 -0.3684
vn -0.4468 0.8810 -0.1560
vn 0.3892 -0.8581 0.3348
vn 0.4698 -0.8693 -0.1536
vn 0.2688 -0.7898 -0.5513
vn 0.0067 -0.4076 -0.9132
vn 0.9752 0.1937 0.1070
vn 0.4900 0.8716 -0.0151
vn 0.9529 0.2665 0.1446
vn 0.9456 -0.0310 -0.3238
vn 0.7797 0.6253 -0.0335
vn 0.9461 0.0175 0.3233
vn 0.9453 -0.2903 -0.1485
vn 0.9478 -0.0512 -0.3148
vn 0.9299 0.3548 0.0971
vn 0.9615 0.2577 -0.0954
vn 0.9536 0.0165 0.3007
vn 0.2546 0.7101 -0.6565
vn 0.9548 0.2499 -0.1610
vn 0.9536 -0.2670 -0.1394
vn -0.0749 -0.7922 -0.6057
vn 0.2715 -0.9527 -0.1364
vn 0.2193 -0.9072 0.3591
vn 0.9383 -0.2884 0.1911
vn 0.9602 0.2732 0.0574
vn 0.8088 0.2480 -0.5333
vn 0.9433 -0.0988 -0.3170
vn 0.6110 0.3548 -0.7076
vn 0.1297 0.4055 -0.9049
vn 0.9266 -0.2034 -0.3164
vn 0.9465 -0.3047 -0.1067
vn -0.0026 0.6254 -0.7803
vn 0.8466 -0.5257 0.0826
vn 0.9170 0.3779 -0.1278
vn 0.7551 0.1475 -0.6388
vn 0.4726 0.3657 0.8018
vn -0.0039 -0.0359 -0.9993
vn 0.5269 -0.0927 0.8449
vn 0.3501 -0.5774 0.7376
vn -0.0278 -0.9386 0.3440
vn 0.7951 -0.2216 -0.5645
vn 0.8992 0.4145 -0.1403
vn 0.9574 0.1815 0.2246
vn 0.9038 -0.4072 0.1318
vn 0.9033 -0.1388 -0.4060
vn 0.9691 0.0654 -0.2379
vn 0.8196 -0.0006 -0.5729
vn 0.9408 -0.3272 0.0881
vn 0.8992 0.1353 0.4160
vn 0.9493 -0.2639 -0.1708
vn 0.9315 -0.0545 0.3596
vn 0.9475 -0.2691 -0.1730
vn 0.9658 0.0732 -0.2487
vn 0.9333 -0.3462 0.0951
vn 0.9528 -0.2543 -0.1661
vn 0.9589 0.0714 0.2748
vn 0.9332 -0.0564 0.3549
vn 0.9684 0.2462 0.0397
vn 0.9385 -0.2147 0.2704
vn 0.9246 -0.0255 -0.3801
vn 0.8909 0.4520 -0.0445
vn 0.9634 0.2581 -0.0721
vn 0.9050 0.0357 0.4238
vn 0.7826 0.5301 0.3264
vn 0.9612 -0.0423 0.2725
vn 0.9624 0.1848 0.1989
vn 0.9297 -0.3657 -0.0446
vn 0.9476 -0.2950 -0.1223
vn 0.9658 -0.1987 -0.1666
vn 0.8756 -0.2009 -0.4393
vn 0.9462 0.2873 0.1491
vn 0.7395 0.4231 -0.5236
vn 0.9460 0.2735 -0.1739
vn 0.0259 0.1439 -0.9892
vn 0.0502 -0.6007 0.7979
vn -0.0249 -0.1161 0.9929
vn -0.0801 0.3634 0.9282
vn -0.0104 0.7738 0.6333
vn 0.0382 0.9903 0.1335
vn -0.0392 0.9045 -0.4247
vn -0.0383 0.6324 -0.7737
vn -0.0254 -0.7875 -0.6157
vn 0.0290 -0.9937 -0.1079
vn -0.0526 -0.9080 0.4156
vn -0.1040 -0.6389 0.7623
vn 0.0070 -0.1511 0.9885
vn 0.0621 0.3864 0.9202
vn -0.0270 -0.9470 0.3201
vn 0.0315 -0.6242 0.7806
vn 0.0114 0.9920 0.1257
vn 0.0422 -0.1114 0.9929
vn -0.0328 0.3985 0.9166
vn -0.0177 0.7792 0.6265
vn -0.0085 0.6185 -0.7857
vn 0.0138 0.1274 -0.9918
vn -0.0742 -0.4227 -0.9032
vn -0.0885 -0.7731 -0.6281
vn 0.0352 -0.9873 -0.1550
vn 0.0512 -0.9249 0.3766
vn -0.0291 -0.5846 0.8108
vn 0.0439 -0.1376 0.9895
vn 0.4774 0.5229 -0.7062
vn 0.1051 0.1563 -0.9821
vn 0.0398 -0.3777 -0.9251
vn 0.0291 -0.7980 -0.6019
vn -0.0641 -0.9885 -0.1373
vn -0.0490 -0.9269 0.3720
vn 0.0462 -0.6089 0.7919
vn -0.0613 0.8145 0.5769
vn -0.0527 0.9883 0.1432
vn 0.0528 0.9211 -0.3856
vn 0.0366 0.6044 -0.7959
vn -0.0956 0.0982 -0.9906
vn -0.1074 -0.3466 -0.9318
vn 0.0267 -0.7861 -0.6175
vn 0.0591 -0.9895 -0.1319
vn -0.0216 -0.9122 0.4092
vn -0.0640 -0.6043 0.7942
vn 0.4584 0.6828 0.5689
vn 0.1621 0.9757 0.1475
vn 0.0585 0.9191 -0.3897
vn 0.0043 0.5898 -0.8075
vn -0.0190 -0.9957 -0.0911
vn -0.0655 0.1429 -0.9876
vn -0.0262 -0.3646 -0.9308
vn 0.0137 -0.7989 -0.6012
vn 0.0346 0.6043 -0.7960
vn -0.1086 0.9369 -0.3324
vn -0.0973 0.9897 0.1051
vn -0.0525 -0.5799 0.8130
vn -0.0564 -0.1538 0.9865
vn 0.0395 0.3835 0.9227
vn 0.0284 0.7991 0.6005
vn 0.7985 0.5439 -0.2581
vn 0.9385 0.2705 0.2148
vn 0.0158 0.8103 0.5858
vn 0.9267 0.2345 0.2938
vn 0.7897 -0.4049 -0.4609
vn 0.8836 -0.3890 0.2605
vn 0.9644 -0.1863 0.1880
vn 0.9496 -0.0483 -0.3097
vn 0.9683 0.0380 -0.2468
vn 0.9560 -0.2642 0.1276
vn 0.9399 0.2159 -0.2646
vn 0.9664 -0.2535 -0.0420
vn 0.9566 0.1338 0.2587
vn -0.6920 -0.3805 0.6135
vn -0.6944 -0.1144 0.7105
vn -0.6401 -0.0232 0.7679
vn -0.6173 0.3193 0.7190
vn -0.6516 -0.7244 0.2253
vn -0.6784 -0.5877 0.4409
vn -0.5983 -0.6664 -0.4449
vn -0.6656 -0.7402 -0.0955
vn -0.6355 -0.4013 -0.6597
vn 0.7065 0.3011 0.6404
vn 0.7220 0.1443 0.6767
vn 0.6917 -0.0516 0.7204
vn 0.7088 -0.3053 0.6359
vn 0.7195 -0.4916 0.4905
vn 0.6872 -0.6523 0.3196
vn 0.6916 -0.7042 0.1607
vn 0.6016 -0.7833 -0.1568
vn 0.6393 -0.6328 -0.4368
vn 0.7112 -0.3699 -0.5978
vn 0.6470 -0.1426 -0.7490
vn 0.6927 0.1568 -0.7039
vn 0.7055 0.4082 -0.5793
vn 0.6744 0.6058 -0.4222
vn -0.7573 0.2282 0.6119
vn -0.7175 0.4704 0.5138
vn -0.7506 0.5613 0.3486
vn -0.7594 0.6245 0.1824
vn -0.7627 0.6421 -0.0778
vn -0.7425 0.6332 -0.2186
vn -0.7448 0.5273 -0.4090
vn -0.7554 0.3552 -0.5506
vn -0.7436 0.1197 -0.6578
vn -0.7572 -0.1428 -0.6374
vn -0.7594 -0.3660 -0.5379
vn -0.6214 0.3708 0.6902
vn -0.6510 0.6053 0.4580
vn -0.7515 -0.4948 -0.4363
vn -0.7039 0.6652 0.2490
vn -0.7469 -0.6215 -0.2366
vn -0.6637 0.7480 -0.0011
vn -0.7362 -0.6767 -0.0058
vn -0.7438 -0.6300 0.2233
vn -0.6870 0.5875 -0.4276
vn -0.7241 -0.5723 0.3848
vn -0.7594 -0.3782 0.5295
vn -0.6966 0.4180 -0.5832
vn -0.6365 0.2086 -0.7425
vn -0.7527 -0.1411 0.6431
vn -0.7279 0.0747 0.6816
vn -0.6797 -0.0964 -0.7271
vn 0.7567 0.5587 -0.3393
vn 0.7581 0.6402 -0.1241
vn 0.7599 0.6445 0.0850
vn 0.7619 0.5622 0.3214
vn 0.7259 0.4746 0.4978
vn 0.7587 0.3019 0.5772
vn 0.7495 0.0806 0.6571
vn 0.7339 -0.1080 0.6706
vn 0.7468 -0.2877 0.5996
vn 0.6583 -0.5562 0.5072
vn 0.7411 -0.5947 0.3116
vn 0.7606 -0.6369 0.1255
vn 0.6288 0.7562 -0.1809
vn 0.7596 -0.6411 -0.1097
vn 0.6929 0.6979 0.1811
vn 0.7552 -0.5659 -0.3309
vn 0.7195 0.5881 0.3694
vn 0.7511 -0.4711 -0.4626
vn 0.7049 0.4739 0.5277
vn 0.7514 -0.3017 -0.5869
vn 0.7515 -0.0848 -0.6543
vn 0.7471 0.1111 -0.6554
vn 0.7660 0.2852 -0.5761
vn 0.7553 0.4096 -0.5117
vn 0.6763 -0.3452 -0.6507
vn 0.6739 -0.5759 -0.4629
vn 0.6062 -0.7616 -0.2290
vn 0.6963 -0.7038 0.1410
vn 0.6855 -0.5661 0.4579
vn 0.6599 -0.3076 0.6855
vn 0.6496 0.0328 0.7596
vn 0.6585 0.3604 0.6607
vn 0.6483 -0.2351 -0.7242
vn 0.6498 -0.4869 -0.5836
vn 0.6537 -0.6625 -0.3658
vn 0.6451 -0.7572 -0.1028
vn 0.6410 -0.7487 0.1691
vn 0.6463 -0.6387 0.4175
vn 0.6488 -0.4298 0.6279
vn 0.6417 -0.1120 0.7587
vn 0.6483 0.2367 0.7237
vn 0.6538 0.7555 0.0414
vn 0.6383 0.7484 0.1801
vn 0.5933 0.6738 0.4405
vn 0.6414 0.5428 0.5422
vn 0.6760 -0.0460 -0.7355
vn 0.6431 0.0484 -0.7642
vn 0.6743 0.2518 -0.6942
vn 0.6330 0.3367 -0.6971
vn 0.6913 0.5103 -0.5116
vn 0.6367 0.5922 -0.4938
vn 0.6573 0.6972 -0.2861
vn 0.6445 0.7464 -0.1660
vn -0.5254 0.7936 -0.3067
vn 0.4073 0.9132 0.0137
vn 0.4757 0.1545 -0.8659
vn 0.4178 -0.1358 -0.8983
vn 0.3891 0.7521 -0.5320
vn 0.4241 0.8637 -0.2722
vn 0.3988 0.5294 0.7488
vn -0.9994 0.0129 0.0321
vn -0.9933 0.0176 0.1145
vn -0.9907 0.0248 0.1338
vn -0.9993 -0.0230 0.0306
vn -0.9995 -0.0259 0.0164
vn -1.0000 -0.0008 0.0028
vn -0.9995 -0.0309 -0.0107
vn -0.9993 -0.0321 -0.0190
vn -0.9996 -0.0185 -0.0232
vn -1.0000 -0.0045 -0.0047
vn -0.9999 -0.0110 -0.0052
vn -0.9999 -0.0102 0.0033
vn -0.9997 -0.0239 0.0051
vn -1.0000 0.0030 0.0013
vn -1.0000 -0.0020 0.0091
vn -0.9994 -0.0228 0.0263
vn -0.9996 0.0145 0.0223
vn -0.9998 0.0111 0.0136
vn 0.9941 -0.0511 -0.0961
vn 0.9175 -0.2892 -0.2731
vn 0.8200 -0.5574 -0.1299
vn 0.8203 -0.5609 0.1120
vn 0.9832 -0.1681 0.0706
vn 0.7181 -0.6007 0.3513
vn 0.8952 -0.2335 0.3797
vn -0.3758 -0.3435 0.8607
vn 0.8673 -0.0123 0.4976
vn 0.8481 0.1594 0.5053
vn 0.9999 -0.0000 0.0144
vn 1.0000 0.0020 -0.0037
vn 1.0000 0.0002 0.0009
vn 1.0000 -0.0053 0.0053
vn 1.0000 -0.0085 -0.0019
vn 1.0000 0.0045 0.0015
vn 1.0000 0.0010 -0.0046
vn 1.0000 -0.0014 0.0032
vn 1.0000 -0.0051 -0.0011
vn 0.5767 -0.1061 -0.8100
vn 0.2192 -0.5344 -0.8163
vn 0.5837 -0.4883 -0.6487
vn 0.1763 -0.1648 -0.9704
vn 0.5867 0.0829 -0.8055
vn 0.1925 0.4990 -0.8450
vn 0.5089 0.1856 0.8406
vn 0.9635 -0.0414 0.2644
vn 0.4611 -0.8872 -0.0165
vn 0.9533 0.1586 0.2571
vn 0.7912 -0.1218 -0.5993
vn 0.5023 0.8167 0.2840
vn 0.9655 0.2564 0.0457
vn 0.4342 -0.4651 0.7715
vn 0.9404 -0.2108 0.2670
vn 0.7917 -0.5840 -0.1793
vn 0.9919 -0.0877 -0.0923
vn 0.4962 0.7066 0.5044
vn 0.9581 0.1887 0.2155
vn 0.4882 -0.6501 0.5823
vn 0.9379 -0.3399 0.0697
vn 0.7785 -0.4503 -0.4373
vn 0.9672 0.0648 -0.2455
vn 0.4703 -0.0547 0.8808
vn 0.9648 0.2628 -0.0079
vn 0.9712 -0.1053 0.2138
vn 0.5200 -0.8484 -0.0989
vn 0.9621 -0.0709 -0.2633
vn 0.7821 0.6051 0.1491
vn 0.6724 0.1449 0.7259
vn 0.6788 -0.1480 0.7192
vn 0.6701 -0.4060 0.6214
vn 0.6507 -0.6445 0.4015
vn 0.6936 -0.7108 0.1170
vn 0.6912 -0.7120 -0.1237
vn 0.6592 -0.6454 -0.3860
vn 0.7186 -0.4716 -0.5111
vn 0.6792 -0.3385 -0.6512
vn 0.7574 -0.2120 -0.6176
vn 0.7678 -0.4432 -0.4626
vn 0.7606 -0.6126 -0.2148
vn 0.7487 -0.6629 0.0069
vn 0.7573 -0.6168 0.2147
vn 0.7743 -0.4480 0.4469
vn 0.7631 -0.2159 0.6092
vn 0.7561 0.0058 0.6544
vn 0.7772 0.2600 0.5729
vn 0.9367 -0.1507 0.3161
vn 0.9049 -0.3672 -0.2150
vn 0.9138 -0.1784 0.3648
vn 0.9045 -0.3416 -0.2554
vn 0.8989 0.0854 0.4298
vn 0.9180 -0.3956 0.0275
vn 0.9125 0.0566 -0.4051
vn 0.3651 0.3806 0.8496
vn 0.8922 -0.3227 0.3160
vn 0.8759 -0.3340 -0.3482
vn 0.8520 0.0366 0.5223
vn 0.8808 -0.4485 0.1516
vn 0.8639 -0.3128 -0.3948
vn 0.8998 0.3540 0.2550
vn -0.5653 -0.5078 0.6501
vn 0.8742 -0.4366 -0.2125
vn 0.9148 -0.1801 0.3615
vn 0.9064 -0.3465 -0.2416
vn 0.8879 -0.0518 0.4572
vn 0.8446 -0.5307 0.0711
vn 0.8994 -0.1143 -0.4219
vn 0.9060 0.3362 0.2571
vn 0.8640 -0.1808 0.4699
vn 0.8842 -0.4511 -0.1208
vn 0.9398 -0.1573 0.3034
vn 0.8764 -0.2581 -0.4066
vn 0.6617 -0.2115 0.7193
vn 0.9348 -0.0251 0.3544
vn 0.7768 0.0983 0.6220
vn 0.7122 0.3337 0.6176
vn 0.7627 -0.6439 0.0609
vn 0.7401 -0.6177 0.2658
vn 0.7259 -0.4690 0.5031
vn 0.7718 -0.5632 -0.2953
vn 0.6409 -0.7385 -0.2097
vn 0.7058 -0.5426 -0.4555
vn 0.6666 -0.3692 -0.6476
vn 0.7281 -0.2182 -0.6498
vn -0.5518 -0.4186 -0.7213
vn -0.4653 -0.6644 -0.5848
vn -0.4355 -0.8386 -0.3272
vn -0.5443 -0.8382 0.0342
vn -0.7734 -0.5404 0.3315
vn -0.5314 -0.4460 0.7202
vn -0.5196 -0.1835 0.8345
vn -0.7032 0.1267 0.6996
vn -0.7369 0.3285 0.5908
vn -0.9886 0.0808 0.1272
vn -0.8909 0.1189 0.4384
vn -0.9698 -0.1655 0.1793
vn -0.9638 -0.0508 -0.2616
vn -0.9621 -0.0677 0.2642
vn -0.9811 -0.1897 -0.0394
vn -0.9243 -0.3684 0.1003
vn -0.9767 -0.0392 -0.2108
vn -0.9001 -0.3172 0.2986
vn -0.9788 -0.1743 -0.1073
vn -0.9706 0.2188 -0.1006
vn -0.9679 0.1887 0.1661
vn -0.9618 -0.1563 -0.2247
vn -0.4851 -0.7633 0.4267
vn -0.4202 -0.0164 0.9073
vn -0.4796 0.4461 0.7556
vn 0.8332 0.2419 0.4972
vn 0.7795 -0.0452 0.6247
vn 0.7769 -0.4271 0.4626
vn 0.7988 -0.4968 0.3393
vn 0.7730 -0.6289 0.0834
vn 0.7684 -0.5943 -0.2376
vn 0.7439 -0.4533 -0.4910
vn 0.8026 -0.2281 -0.5512
vn 0.7952 0.2957 0.5294
vn 0.7572 -0.1390 0.6382
vn 0.7108 -0.6031 0.3620
vn 0.7589 -0.6496 0.0455
vn 0.7440 -0.5540 -0.3736
vn 0.7965 -0.1864 -0.5752
vn 0.1457 -0.2397 0.9598
vn 0.5145 0.0971 0.8520
vn 0.1753 0.1343 0.9753
vn 0.6598 -0.2382 0.7126
vn 0.2882 -0.7638 0.5776
vn 0.2283 -0.8485 0.4774
vn 0.3269 -0.9369 -0.1237
vn 0.7127 -0.6964 0.0839
vn 0.6931 -0.5907 -0.4132
vn 0.2000 -0.7130 -0.6720
vn 0.6084 0.6594 0.4417
vn 0.5924 -0.7716 0.2317
vn 0.5771 0.0922 -0.8114
vn 0.5700 0.3047 0.7630
vn 0.6030 -0.7968 -0.0397
vn 0.6223 0.6757 0.3952
vn 0.5999 -0.7041 0.3800
vn 0.6077 -0.1169 -0.7856
vn 0.6106 -0.0467 0.7905
vn 0.6081 -0.7919 -0.0554
vn 0.6055 0.0377 -0.7950
vn 0.6071 -0.0138 0.7945
vn 0.5878 -0.6960 -0.4124
vn 0.6116 0.3903 0.6882
vn 0.6147 -0.7830 0.0946
vn 0.6184 0.3920 -0.6811
vn 0.5991 0.7580 0.2579
vn 0.6101 -0.5747 0.5455
vn 0.6113 -0.1682 -0.7733
vn 0.5941 0.5284 0.6065
vn 0.5829 -0.6430 0.4968
vn 0.5655 -0.5692 -0.5969
vn 0.6158 0.4011 0.6782
vn 0.6150 -0.7836 0.0878
vn 0.6151 0.4003 -0.6793
vn 0.5721 -0.3366 0.7479
vn 0.6048 -0.4248 -0.6736
vn -0.7598 -0.2067 -0.6164
vn -0.7362 -0.5065 -0.4489
vn -0.7374 -0.6741 0.0424
vn -0.6424 -0.7460 0.1753
vn -0.7105 0.1179 -0.6937
vn -0.7239 0.1785 0.6665
vn -0.8974 0.2716 0.3478
vn 0.9133 0.3537 0.2019
vn 0.9421 -0.1823 0.2815
vn -0.8909 -0.3464 0.2939
vn -0.9148 -0.2714 -0.2993
vn 0.8983 -0.3332 -0.2865
vn -0.9260 0.0880 0.3671
vn 0.8732 0.3022 0.3824
vn 0.9183 -0.3050 0.2524
vn -0.8977 -0.4372 0.0543
vn 0.9261 -0.1862 -0.3280
vn 0.9411 -0.1891 0.2804
vn -0.9442 -0.2413 0.2241
vn 0.8903 -0.3724 -0.2621
vn -0.9498 0.2042 0.2368
vn 0.9387 0.1512 0.3098
vn -0.9587 0.1346 0.2505
vn 0.8944 -0.3630 0.2615
vn 0.9011 -0.2417 -0.3600
vn -0.9417 0.1255 -0.3122
vn -0.8934 0.2625 0.3645
vn 0.9189 0.1869 0.3474
vn -0.8044 0.5928 0.0389
vn 0.8877 -0.3811 0.2584
vn -0.9133 -0.2433 -0.3265
vn 0.9159 -0.2320 -0.3276
vn 0.8910 0.0915 0.4446
vn -0.9201 -0.1371 0.3668
vn 0.9243 -0.3806 0.0288
vn -0.9047 -0.3959 -0.1575
vn 0.9305 0.0304 -0.3650
vn -0.9488 -0.1184 0.2928
vn 0.9058 -0.0636 0.4190
vn 0.9240 -0.3786 -0.0535
vn -0.9437 -0.2262 -0.2414
vn 0.8954 0.1065 -0.4324
vn -0.9060 -0.3472 0.2422
vn 0.8627 -0.2146 0.4579
vn 0.9017 -0.4246 -0.0811
vn -0.6141 -0.4979 -0.6123
vn -0.5668 -0.8197 -0.0826
vn -0.8497 -0.4721 0.2348
vn -0.5293 -0.5413 0.6534
vn -0.7467 0.0954 0.6583
vn -0.4296 -0.4755 -0.7677
vn -0.8972 -0.3691 -0.2426
vn -0.3963 -0.8434 -0.3628
vn -0.3984 -0.9151 0.0628
vn -0.4425 -0.7760 0.4495
vn -0.6900 -0.3811 0.6153
vn -0.4687 -0.2926 0.8335
vn -0.3929 -0.0082 0.9196
vn 0.1740 -0.9713 0.1622
vn 0.1954 -0.4978 0.8450
vn 0.1829 -0.8310 0.5254
vn 0.2870 0.1701 0.9427
vn 0.2615 -0.1685 0.9504
vn 0.5679 -0.4528 0.6874
vn 0.5794 -0.8079 0.1078
vn 0.6737 -0.3702 0.6396
vn 0.5771 -0.6308 -0.5186
vn 0.6156 -0.7558 0.2231
vn 0.3841 -0.8993 -0.2093
vn 0.6867 -0.6112 -0.3935
vn 0.5397 -0.4009 -0.7403
vn 0.5858 -0.8069 -0.0754
vn 0.1949 -0.8446 -0.4987
vn 0.6690 -0.7235 -0.1704
vn 0.6821 -0.6314 0.3690
vn 0.6876 -0.1654 0.7070
vn 0.6505 0.3143 0.6914
vn 0.4605 -0.2388 0.8549
vn 0.8851 0.0623 0.4613
vn 0.8823 -0.4485 0.1430
vn 0.4488 -0.8555 -0.2585
vn 0.8563 -0.3187 -0.4065
vn 0.4522 0.1075 -0.8854
vn 0.9997 0.0143 0.0174
vn 0.4401 -0.2421 0.8647
vn 0.9553 -0.1309 0.2651
vn 0.4391 -0.8640 -0.2465
vn 0.9534 -0.1618 -0.2545
vn 0.4423 -0.0214 0.8966
vn 0.9124 -0.0766 0.4020
vn 0.4416 -0.8969 -0.0239
vn 0.9076 -0.4099 -0.0908
vn 0.4398 -0.1270 -0.8891
vn 0.9023 0.0837 -0.4229
vn 0.9997 0.0134 0.0205
vn 0.4636 0.1714 0.8693
vn 0.8859 0.0541 0.4608
vn 0.9672 -0.1853 -0.1736
vn 0.4468 -0.8945 0.0170
vn 0.9693 -0.1024 -0.2238
vn 0.4338 -0.1561 -0.8874
vn 0.9995 0.0031 0.0303
vn 0.4407 -0.2560 0.8604
vn 0.9291 -0.0823 0.3607
vn 0.9841 -0.1772 0.0146
vn 0.4325 -0.8671 -0.2471
vn 0.4485 0.1063 -0.8874
vn 0.4554 -0.2520 0.8539
vn 0.9362 -0.1955 0.2920
vn 0.4325 -0.8640 -0.2579
vn 0.9189 -0.3615 -0.1578
vn 0.4497 0.0967 -0.8880
vn 0.4276 0.1884 0.8841
vn 0.9319 0.1688 0.3210
vn 0.4274 -0.8260 0.3676
vn 0.9333 -0.3345 0.1307
vn 0.4350 -0.3556 -0.8272
vn 0.9057 -0.1663 -0.3900
vn 0.9997 0.0080 -0.0211
vn 0.4660 0.2136 0.8586
vn 0.9579 -0.0987 0.2695
vn 0.4411 -0.8749 0.1999
vn 0.9545 -0.1619 -0.2504
vn 0.4381 -0.3452 -0.8300
vn 0.9997 0.0211 0.0080
vn 0.4491 -0.2481 0.8583
vn 0.9384 -0.1549 0.3088
vn 0.8968 -0.4209 -0.1364
vn 0.4411 0.1060 -0.8912
vn 0.8904 0.1138 -0.4407
vn 0.4512 0.1712 0.8758
vn 0.9207 0.0205 0.3898
vn 0.4283 -0.8883 0.1661
vn 0.8971 -0.4402 0.0381
vn 0.4512 -0.1712 -0.8758
vn 0.9258 -0.0053 -0.3780
vn -0.6036 -0.1112 -0.7895
vn -0.9431 -0.3233 -0.0770
vn -0.6018 -0.5651 0.5644
vn -0.9552 0.1294 0.2662
vn -0.5736 -0.5760 -0.5824
vn -0.9363 -0.2861 -0.2037
vn -0.5697 -0.2915 0.7684
vn -0.9550 -0.0583 0.2909
vn 0.0291 -0.6385 -0.7691
vn 0.1101 -0.1899 -0.9756
vn -0.8496 -0.4608 -0.2568
vn -0.8463 -0.4996 0.1851
vn -0.8588 -0.1788 0.4801
vn 0.9292 -0.1931 0.3153
vn 0.9443 -0.1075 -0.3110
vn 0.9441 0.1078 0.3115
vn 0.9135 -0.4022 -0.0608
vn 0.9292 0.1932 -0.3151
vn 0.9439 -0.2317 0.2351
vn 0.9306 -0.0460 -0.3630
vn 0.9308 0.2212 0.2909
vn 0.9120 -0.3942 0.1130
vn 0.9437 0.0833 -0.3201
vn 0.9307 -0.1417 0.3373
vn 0.9119 -0.2953 -0.2849
vn 0.9120 0.1131 0.3942
vn 0.9437 -0.3201 -0.0833
vn 0.9289 -0.1693 0.3293
vn 0.9289 -0.2006 -0.3113
vn 0.9441 -0.3115 0.1078
vn 0.9136 0.0608 -0.4022
vn 0.9327 -0.0225 -0.3598
vn -0.6690 -0.0756 -0.7394
vn -0.9274 -0.3663 0.0755
vn 0.9062 -0.4112 0.0985
vn -0.9003 0.1616 0.4043
vn 0.9401 -0.0428 -0.3382
vn -0.9338 -0.0757 -0.3498
vn -0.8992 -0.4124 0.1463
vn -0.8615 0.1012 0.4975
vn 0.9012 -0.2413 -0.3601
vn -0.9104 -0.4136 -0.0143
vn -0.8820 -0.0659 0.4666
vn 0.9004 0.2474 0.3580
vn -0.9528 0.0992 -0.2869
vn -0.9544 -0.2893 0.0733
vn 0.9566 0.1514 0.2491
vn -0.9535 0.2026 0.2229
vn -0.9023 -0.3360 -0.2703
vn 0.8622 -0.4209 0.2819
vn -0.8743 -0.3691 0.3153
vn 0.8813 0.1481 0.4487
vn -0.8980 0.2304 0.3748
vn 0.1968 -0.0623 -0.9785
vn -0.9221 -0.3250 -0.2097
vn 0.8912 -0.4509 -0.0496
vn -0.5962 0.0128 0.8028
vn 0.9276 0.0309 0.3723
vn -0.7957 0.4997 0.3421
vn 0.9025 -0.3958 -0.1698
vn -0.9053 -0.3766 -0.1966
vn -0.9295 -0.1197 0.3488
vn 0.8995 -0.2040 0.3864
vn 0.9140 0.3705 0.1654
vn 0.9542 -0.1581 -0.2541
vn -0.9531 -0.2076 -0.2201
vn 0.9528 -0.1368 0.2709
vn -0.9525 -0.1000 0.2875
vn 0.9082 -0.1425 -0.3936
vn -0.8718 -0.3450 -0.3477
vn 0.9253 -0.3159 0.2100
vn -0.9201 -0.2864 0.2671
vn 0.2305 0.8206 0.5230
vn -0.9069 0.3394 0.2498
vn -0.8874 0.0510 -0.4581
vn 0.8842 -0.4342 -0.1722
vn -0.8768 -0.4630 -0.1297
vn -0.9227 -0.1147 0.3681
vn 0.2453 0.7866 0.5667
vn -0.6676 0.3238 0.6704
vn -0.6634 0.0747 0.7446
vn -0.6651 -0.1908 0.7219
vn -0.6653 -0.4345 0.6072
vn -0.6596 -0.5626 0.4983
vn -0.5520 -0.7964 0.2470
vn -0.6294 -0.7709 -0.0981
vn -0.6693 -0.6745 -0.3115
vn -0.6646 -0.5302 -0.5264
vn -0.5759 -0.2657 -0.7731
vn 0.5967 0.7970 0.0937
vn 0.8975 0.4363 0.0647
vn 0.5831 0.0260 0.8120
vn 0.8735 0.0160 0.4866
vn 0.5885 -0.0432 0.8074
vn 0.8462 0.0554 0.5300
vn 0.5984 0.6095 -0.5199
vn 0.9087 0.3258 -0.2609
vn 0.5783 0.6160 0.5349
vn 0.8754 0.3592 0.3236
vn 0.6018 0.5556 0.5737
vn 0.8985 0.2973 0.3229
vn 0.5841 0.8038 0.1128
vn -0.9995 0.0102 -0.0286
vn -0.9015 0.4274 0.0681
vn -0.8509 0.4155 -0.3214
vn -0.9030 0.4290 -0.0229
vn -0.8835 0.2692 -0.3835
vn -0.8301 0.3635 0.4228
vn -0.8360 0.5461 0.0536
vn -0.7415 0.2745 -0.6122
vn -0.9569 0.2821 -0.0689
vn -0.8702 0.1606 -0.4657
vn -0.9123 0.1208 -0.3913
vn -0.9982 0.0469 -0.0378
vn -0.8676 0.4783 0.1358
vn -0.9995 0.0276 -0.0131
vn -0.9708 0.2240 -0.0861
vn -0.9244 0.2259 -0.3073
vn -0.9994 0.0120 -0.0312
vn -0.8824 0.4662 -0.0632
vn -0.9982 0.0019 -0.0605
vn -0.9990 -0.0372 0.0236
vn -0.9973 0.0722 -0.0123
vn -0.9984 0.0482 0.0279
vn -0.9133 0.4058 0.0333
vn -0.9258 0.2852 -0.2480
vn -0.9303 0.2751 -0.2426
vn 0.8594 0.1658 -0.4837
vn 0.8471 0.3686 -0.3829
vn 0.0872 0.8387 -0.5375
vn 0.9919 0.1223 -0.0336
vn 0.8483 0.5295 0.0037
vn 0.8498 0.4718 0.2351
vn 0.8610 0.3306 0.3866
vn 0.9965 0.0052 -0.0836
vn 0.5840 0.5060 0.6348
vn 0.5834 -0.0765 0.8086
vn 0.5882 -0.6462 0.4863
vn 0.5890 0.4978 -0.6366
vn 0.6222 -0.2259 -0.7496
vn 0.6841 0.3831 -0.6207
vn 0.6717 0.1570 -0.7240
vn 0.5826 0.8052 -0.1105
vn 0.5821 0.6384 0.5035
vn 0.5398 0.7403 -0.4008
vn 0.6264 0.7470 -0.2227
vn 0.5736 -0.4913 0.6555
vn 0.8820 -0.2833 0.3767
vn 0.6067 -0.0098 -0.7949
vn 0.8724 0.0036 -0.4887
vn 0.5681 0.8106 -0.1420
vn 0.8936 0.4422 -0.0774
vn 0.6219 -0.6057 -0.4963
vn 0.9383 -0.2006 -0.2817
vn 0.5623 0.4897 -0.6663
vn 0.8511 0.4055 -0.3334
vn 0.5884 -0.8066 -0.0573
vn 0.8494 -0.5253 0.0496
vn 0.9986 -0.0280 -0.0444
vn 0.5943 -0.0289 -0.8037
vn 0.6276 -0.4435 0.6399
vn 0.9125 -0.3265 0.2466
vn 0.5984 -0.7862 -0.1544
vn 0.8416 -0.3603 -0.4023
vn 0.6389 -0.3357 -0.6922
vn 0.9375 -0.3350 0.0941
vn 0.5927 -0.8045 0.0371
vn 0.9999 0.0118 0.0120
vn 0.9998 0.0170 0.0089
vn 0.6946 -0.0896 -0.7138
vn 0.6873 0.1495 -0.7108
vn 0.9996 0.0166 -0.0236
vn 1.0000 -0.0001 -0.0041
vn 0.9991 0.0348 -0.0247
vn 0.9996 0.0267 0.0084
vn 1.0000 0.0003 0.0024
vn 0.6829 0.6187 0.3883
vn 0.6698 0.4441 0.5951
vn 0.9970 0.0273 -0.0731
vn 0.6842 0.3903 -0.6161
vn 0.6786 0.5872 -0.4413
vn 0.6709 0.7271 -0.1461
vn 0.6872 0.7116 0.1462
vn -0.5607 -0.0384 -0.8271
vn -0.6255 0.0988 -0.7739
vn -0.4022 0.3407 -0.8498
vn -0.6634 0.3244 -0.6743
vn -0.6645 0.5427 -0.5136
vn -0.6481 0.5944 -0.4761
vn -0.7105 0.6759 -0.1957
vn -0.6642 0.7229 -0.1903
vn -0.5004 0.8599 0.1003
vn -0.6449 0.7470 0.1615
vn -0.6713 0.6007 0.4342
vn -0.6443 0.5784 0.5003
vn 0.7342 0.5686 0.3711
vn -0.7445 0.5196 0.4192
vn -0.7377 0.6688 -0.0924
vn 0.7638 0.6160 -0.1930
vn 0.8049 0.3239 -0.4972
vn 0.2070 0.6348 -0.7444
vn -0.7162 0.1547 -0.6805
vn 0.9002 0.1291 -0.4160
vn 0.2867 0.9422 -0.1733
vn 0.3681 0.9099 -0.1913
vn 0.2395 0.3860 -0.8908
vn 0.8909 0.4455 -0.0881
vn 0.8667 0.4981 -0.0262
vn 0.3131 -0.2691 -0.9108
vn 0.9497 0.1465 -0.2767
vn 0.8801 0.3987 -0.2578
vn 0.9108 0.4063 0.0730
vn 0.8893 0.4559 0.0364
vn 0.9292 0.3151 0.1932
vn 0.9291 0.3694 -0.0178
vn 0.9308 0.2909 -0.2213
vn 0.9438 0.3186 -0.0880
vn 0.9119 0.3982 0.0990
vn 0.9132 0.4028 0.0618
vn -0.9999 0.0122 -0.0010
vn -0.9995 0.0310 -0.0040
vn -0.9999 0.0138 -0.0058
vn -0.9999 0.0035 -0.0153
vn -1.0000 0.0010 0.0003
vn -0.9989 -0.0087 -0.0469
vn -0.9999 0.0015 0.0130
vn -0.9997 0.0229 0.0024
vn -0.6152 0.6855 0.3894
vn -0.6152 0.7667 -0.1837
vn -0.7547 0.1365 -0.6417
vn 0.7912 0.4233 -0.4413
vn 0.7936 0.6066 -0.0477
vn 0.7607 0.3198 -0.5648
vn 0.8781 0.4321 0.2054
vn 0.7850 0.5174 0.3407
vn 0.7775 0.5816 -0.2394
vn 0.7928 0.6092 0.0196
vn 0.9161 0.3975 -0.0518
vn 0.9193 0.3791 0.1059
vn 0.7897 0.1378 -0.5978
vn 0.7988 0.0168 -0.6013
vn 0.8538 0.4987 0.1495
vn 0.9554 0.2953 -0.0091
vn 0.8921 0.3875 -0.2323
vn 0.8917 0.4054 0.2011
vn 0.8849 0.1303 -0.4471
vn 0.9156 0.1823 -0.3585
vn 0.6550 0.0521 -0.7538
vn 0.9301 0.3639 -0.0491
vn 0.9192 0.3774 0.1124
vn 0.6530 0.7223 -0.2277
vn 0.9636 0.2671 -0.0082
vn 0.9027 0.4224 0.0824
vn 0.8541 0.2492 -0.4565
vn 0.7907 0.5113 0.3368
vn 0.7701 0.4190 -0.4810
vn 0.8920 0.4515 -0.0211
vn -0.5702 0.4962 -0.6547
vn 0.8863 0.4518 -0.1017
vn 0.8945 0.4285 0.1277
vn 0.8592 0.2070 -0.4680
vn 0.8999 0.2775 -0.3364
vn 0.7668 0.4882 0.4167
vn 0.8588 0.3150 -0.4041
vn 0.9244 0.1750 -0.3390
vn 0.8918 0.4369 0.1172
vn 0.8680 0.1652 -0.4683
vn 0.9374 0.3448 -0.0496
vn 0.8995 0.4209 0.1175
vn 0.8846 0.1717 -0.4336
vn 0.5112 0.8338 0.2084
vn -0.5667 0.7979 -0.2057
vn -0.6006 0.7751 0.1961
vn 0.4283 0.8883 -0.1661
vn 0.4351 0.8942 0.1056
vn 0.4367 0.8196 -0.3709
vn 0.4579 0.8613 -0.2204
vn 0.4496 0.8866 0.1084
vn 0.4401 0.8913 0.1092
vn 0.4411 0.8355 -0.3276
vn 0.4624 0.8771 -0.1302
vn 0.4482 0.1151 -0.8865
vn 0.4287 0.8960 0.1157
vn -0.6601 0.6344 0.4023
vn -0.9455 0.3088 0.1030
vn -0.8913 0.3796 -0.2479
vn -0.9474 0.2574 -0.1903
vn -0.9600 0.2780 -0.0324
vn -0.9071 0.2919 0.3033
vn -0.9031 0.2310 -0.3619
vn -0.8374 0.4161 0.3545
vn -0.9182 0.3854 0.0916
vn -0.9325 0.1479 -0.3294
vn -0.9078 0.4166 0.0480
vn 0.2196 0.9602 -0.1725
vn 0.3761 0.9049 0.1993
vn -0.4296 0.7677 -0.4755
vn 0.2169 0.8138 -0.5392
vn 0.3560 0.1912 -0.9147
vn -0.4040 -0.0634 -0.9126
vn -0.3993 0.3619 -0.8424
vn -0.3972 0.9153 -0.0665
vn 0.5786 0.0883 0.8108
vn 0.6759 0.6360 0.3724
vn 0.2293 0.5240 0.8203
vn -0.4226 0.4697 0.7751
vn 0.1882 0.8387 0.5110
vn 0.6659 0.7187 0.2000
vn 0.7570 0.4888 0.4336
vn 0.7561 0.6544 -0.0057
vn 0.7566 0.4333 -0.4897
vn 0.7497 -0.0044 -0.6617
vn 0.9070 0.3882 -0.1633
vn 0.7624 0.2131 -0.6110
vn 0.7773 0.5729 -0.2600
vn 0.8672 0.2355 -0.4388
vn 0.7624 0.6110 0.2129
vn 0.8990 0.4258 0.1023
vn 0.9358 0.2086 -0.2843
vn 0.8953 0.3538 0.2707
vn 0.8799 0.4713 -0.0611
vn 0.8923 0.3706 -0.2579
vn 0.5862 0.6407 -0.4959
vn 0.9182 0.3897 0.0714
vn 0.8596 0.2390 -0.4517
vn 0.9306 0.2869 -0.2272
vn 0.5997 0.7999 0.0230
vn 0.6017 0.5835 -0.5453
vn 0.6079 0.6220 -0.4936
vn 0.6050 0.7951 0.0420
vn 0.5926 0.5505 -0.5880
vn 1.0000 -0.0016 -0.0031
vn 0.6742 0.5801 -0.4572
vn 0.9591 0.2694 -0.0869
vn -0.6526 0.6542 0.3822
vn -0.9596 0.2807 -0.0181
vn -0.5996 0.7523 -0.2730
vn -0.4249 0.5939 -0.6831
vn -0.9813 0.0394 -0.1885
vn -0.9563 -0.0504 -0.2880
vn 0.4883 0.2806 -0.8263
vn 0.4452 0.5099 -0.7360
vn 0.4583 0.1056 -0.8825
vn 0.4416 0.8205 -0.3630
vn 0.0066 -0.2131 -0.9770
vn 0.9854 0.0753 0.1530
vn 0.9929 -0.0142 0.1180
vn 0.9909 -0.0272 0.1316
vn -0.0168 0.2298 -0.9731
vn -0.0976 0.6194 -0.7789
vn 0.9850 -0.1546 0.0771
vn -0.0389 0.9050 -0.4237
vn 0.9819 -0.1859 -0.0361
vn 0.0031 1.0000 0.0091
vn 0.9899 -0.1054 -0.0946
vn -0.0269 0.8403 0.5415
vn 0.9851 -0.0967 -0.1423
vn 0.0153 0.5205 0.8537
vn 0.9932 0.0132 -0.1155
vn -0.9916 -0.0397 -0.1234
vn -0.9890 -0.1283 -0.0740
vn -0.9787 -0.2053 -0.0094
vn -0.9879 -0.1357 0.0755
vn -0.9892 -0.0775 0.1248
vn -0.9940 0.0239 0.1065
vn -0.9906 -0.0244 0.1345
vn -0.9843 0.0780 0.1585
vn -0.0030 0.1985 0.9801
vn 0.0014 0.6424 0.7664
vn -0.9739 0.1800 0.1381
vn -0.0084 0.9398 0.3415
vn -0.9815 0.1890 0.0311
vn -0.0158 0.9850 -0.1719
vn -0.9903 0.1304 -0.0483
vn 0.0039 0.8349 -0.5504
vn -0.9948 0.0649 -0.0790
vn 0.0010 0.4841 -0.8750
vn -0.9952 0.0161 -0.0966
vn -0.0010 0.0837 -0.9965
vn 0.0120 -0.4033 -0.9150
vn 0.9948 -0.0121 -0.1011
vn 0.9952 0.0403 -0.0892
vn 0.9898 0.1142 -0.0849
vn 0.9857 0.1676 0.0189
vn 0.9782 0.1651 0.1261
vn -0.0097 -0.3959 0.9183
vn -0.0093 -0.7498 0.6616
vn 0.0043 -0.9728 0.2316
vn -0.0195 -0.9593 -0.2816
vn 0.0103 -0.7444 -0.6676
vn -0.0027 -0.6459 -0.7634
vn 0.0214 -0.9444 -0.3281
vn -0.0000 -1.0000 -0.0000
vn -0.0214 -0.9444 0.3281
vn 0.0026 -0.6497 0.7602
vn -0.0000 -0.2903 0.9569
vn 0.0255 0.1039 0.9943
vn 0.9949 0.0940 -0.0358
vn 0.0143 0.7936 -0.6082
vn -0.0015 -0.5958 -0.8031
vn 0.0175 0.0321 -0.9993
vn 0.9684 -0.0862 -0.2340
vn -0.0886 0.5019 -0.8604
vn 0.9749 0.1215 -0.1864
vn 0.9833 0.1808 -0.0219
vn -0.0316 0.9853 -0.1677
vn 0.0458 0.9587 0.2807
vn 0.9573 0.2158 0.1924
vn -0.0015 0.5958 0.8031
vn 0.9966 0.0113 0.0820
vn -0.0156 0.4740 0.8804
vn 0.9966 -0.0113 -0.0820
vn 0.0516 0.7879 0.6136
vn -0.0806 0.9923 0.0945
vn 0.9573 -0.2158 -0.1922
vn -0.0067 0.9224 -0.3861
vn 0.9860 -0.1624 0.0374
vn 0.9787 -0.2054 -0.0055
vn 0.0822 0.6298 -0.7724
vn 0.9756 -0.1151 0.1869
vn -0.0260 0.0795 -0.9965
vn 0.9684 0.0862 0.2340
vn -0.0156 -0.4740 -0.8804
vn -0.9911 -0.1328 -0.0084
vn -0.9771 0.0739 0.1995
vn -0.9584 -0.0733 0.2760
vn -0.9828 -0.1611 0.0902
vn -0.9865 -0.1557 -0.0504
vn -0.9933 -0.0807 -0.0826
vn -0.9922 0.1213 -0.0283
vn -0.9933 0.0807 0.0826
vn -0.9866 0.1549 0.0514
vn -0.9887 0.1164 -0.0948
vn -0.9584 0.0750 -0.2754
vn -0.9771 -0.0739 -0.1995
vn 0.0034 -0.9630 0.2695
vn 0.0461 -0.9596 -0.2775
vn 0.0138 -0.7383 0.6744
vn -0.0836 -0.4919 0.8666
vn 0.0175 -0.0321 0.9993
vn -0.0260 -0.0795 0.9965
vn 0.0805 -0.6307 0.7718
vn 0.0067 -0.9253 0.3792
vn -0.0824 -0.9920 -0.0955
vn 0.0516 -0.7879 -0.6136
vn -0.0182 -0.5368 0.8435
vn -0.0292 0.2392 0.9705
vn -0.0369 0.8652 0.5001
vn -0.0389 0.9174 -0.3961
vn -0.0480 0.2231 -0.9736
vn -0.0349 0.2125 0.9765
vn -0.0225 0.7648 0.6439
vn -0.0485 0.9952 -0.0850
vn -0.0439 0.5280 -0.8481
vn -0.0392 -0.3337 0.9419
vn -0.0526 0.3093 0.9495
vn -0.0440 0.8336 0.5506
vn -0.0307 0.9995 0.0094
vn -0.0408 0.8275 -0.5600
vn -0.0468 0.3455 -0.9372
vn -0.0290 -0.2329 -0.9721
vn -0.0436 -0.8530 -0.5200
vn -0.0722 -0.9626 0.2611
vn -0.0629 -0.5127 0.8563
vn 0.5461 0.7285 -0.4136
vn 0.5278 0.8394 0.1297
vn 0.6858 0.5177 0.5116
vn 0.5820 0.2569 0.7715
vn 0.6958 -0.1294 0.7065
vn 0.5927 -0.5553 0.5834
vn -0.6553 -0.3299 0.6795
vn -0.6358 0.0244 0.7715
vn -0.6417 0.4352 0.6315
vn -0.6001 0.7028 0.3821
vn -0.5561 0.8185 -0.1443
vn -0.6186 0.5488 -0.5623
vn -0.6638 0.3589 -0.6562
vn 0.5711 0.3087 -0.7606
vn 0.8908 0.2517 -0.3784
vn 0.9408 0.3158 0.1234
vn 0.5401 -0.0722 0.8385
vn 0.9277 -0.1993 0.3158
vn 0.5500 -0.7910 -0.2679
vn 0.9523 -0.0159 -0.3049
vn 0.8285 0.5029 0.2463
vn 0.9416 -0.2630 0.2103
vn 0.4900 0.4011 -0.7740
vn 0.9184 0.3728 -0.1324
vn 0.5202 0.7688 0.3720
vn 0.8828 0.2690 0.3852
vn 0.7898 0.0120 0.6132
vn 0.9392 0.3081 -0.1515
vn 0.8371 -0.0435 0.5453
vn 0.5299 -0.7528 0.3905
vn 0.9514 -0.2396 -0.1935
vn 0.5354 -0.5933 -0.6011
vn 0.5291 0.7125 -0.4609
vn 0.9063 0.4146 -0.0824
vn 0.5350 0.3690 0.7600
vn 0.9368 -0.0062 0.3499
vn 0.9177 -0.1400 0.3718
vn 0.4934 -0.8530 0.1703
vn -0.1894 -0.9819 0.0052
vn -0.4232 0.0528 -0.9045
vn 0.9416 -0.1431 -0.3046
vn 0.9049 0.4092 0.1170
vn 0.9396 0.2485 -0.2356
vn 0.5386 0.5931 0.5985
vn 0.8752 0.3989 0.2737
vn 0.9549 -0.1296 0.2673
vn 0.4409 -0.8497 0.2891
vn -0.3695 0.6262 -0.6866
vn 0.8847 0.4513 0.1171
vn 0.9230 -0.2232 0.3134
vn -0.4868 -0.5699 -0.6620
vn 0.9234 -0.0792 -0.3757
vn -0.0119 0.3715 -0.9284
vn -0.0122 0.8434 -0.5372
vn -0.0172 0.9978 0.0636
vn -0.0172 0.7657 0.6430
vn -0.0085 0.2573 0.9663
vn -0.0037 -0.3672 0.9301
vn -0.0484 -0.6526 -0.7561
vn -0.0322 -0.9947 0.0972
vn -0.6803 -0.4326 0.5916
vn -0.6911 0.0779 0.7185
vn -0.7161 0.5400 0.4422
vn -0.7059 0.7070 0.0442
vn -0.6675 0.6336 -0.3912
vn -0.6987 0.2410 -0.6736
vn 0.1661 -0.7146 0.6795
vn -0.7017 -0.6936 0.1627
vn -0.6593 -0.6619 -0.3568
vn -0.6854 -0.2803 -0.6720
vn -0.4677 0.2261 -0.8545
vn -0.7336 0.4192 -0.5349
vn -0.7369 -0.6367 0.2271
vn -0.6669 -0.7209 -0.1885
vn -0.6768 -0.3094 -0.6680
vn -0.8210 -0.3787 0.4273
vn -0.8097 0.1368 0.5707
vn -0.7912 0.5125 0.3337
vn -0.7928 0.6047 -0.0758
vn -0.7702 0.4184 -0.4814
vn 0.7659 -0.3190 0.5583
vn 0.8044 -0.5684 0.1728
vn 0.7951 -0.5238 -0.3057
vn 0.7662 -0.1540 -0.6239
vn 0.7657 0.2607 -0.5879
vn 0.6199 0.1963 -0.7597
vn 0.8792 -0.4721 -0.0638
vn 0.8792 -0.1139 -0.4627
vn 0.7366 0.1090 0.6675
vn 0.7920 0.6097 0.0323
vn 0.9192 -0.2998 -0.2553
vn 0.6027 -0.2336 -0.7630
vn 0.9285 -0.3625 -0.0810
vn 0.9108 -0.4124 -0.0196
vn 0.7314 0.5756 -0.3658
vn 0.6633 -0.6217 -0.4166
vn 0.6348 -0.7399 -0.2224
vn 0.6301 -0.7587 0.1652
vn 0.7725 0.4829 0.4124
vn -0.9045 0.4248 0.0374
vn -0.6954 -0.5772 0.4282
vn -0.9364 0.1251 0.3280
vn -0.9228 -0.0139 0.3849
vn -0.9005 -0.3702 0.2281
vn -0.9489 0.0811 0.3051
vn -0.6781 -0.5749 -0.4580
vn -0.9557 0.1558 -0.2496
vn -0.6696 -0.7316 -0.1280
vn -0.6606 -0.7191 0.2156
vn -0.8033 -0.0390 -0.5943
vn -0.7904 -0.6123 0.0210
vn -0.7945 -0.4680 -0.3870
vn -0.9457 -0.3212 -0.0501
vn -0.5860 -0.0224 -0.8100
vn -0.9476 0.1109 -0.2995
vn -0.9501 0.2313 0.2093
vn -0.9570 -0.2843 0.0576
vn -0.5383 0.8292 -0.1502
vn -0.7240 0.6543 0.2185
vn -0.6584 0.4903 0.5711
vn -0.6441 -0.0231 0.7646
vn -0.0100 -0.2426 -0.9701
vn -0.0032 -0.7721 -0.6355
vn -0.0110 -0.9982 -0.0581
vn -0.0139 -0.8490 0.5283
vn -0.0642 -0.3129 -0.9476
vn -0.0350 -0.8262 -0.5624
vn -0.0182 -0.9997 0.0170
vn -0.0219 -0.8362 0.5480
vn -0.4672 -0.4603 -0.7549
vn 0.8957 -0.2854 0.3410
vn 0.9305 0.2857 0.2291
vn 0.7115 0.3102 0.6305
vn 0.9342 -0.3131 0.1711
vn 0.9669 0.2267 0.1173
vn 0.9525 -0.0183 -0.3041
vn 0.6283 0.5871 0.5104
vn 0.6324 0.0094 0.7746
vn 0.6300 -0.5841 0.5118
vn 0.7194 0.3289 -0.6118
vn 0.7058 0.2464 0.6642
vn 0.8881 -0.2750 -0.3684
vn 0.9576 -0.0752 -0.2783
vn 0.4722 0.2450 0.8468
vn 0.9247 0.3788 0.0382
vn 0.6281 -0.5873 -0.5105
vn 0.9465 -0.1919 0.2594
vn 0.6324 -0.0093 -0.7746
vn 0.6291 0.5872 -0.5093
vn 0.8952 0.3099 -0.3204
vn 0.9000 0.1394 -0.4131
vn 0.2542 0.8965 0.3629
vn 0.5867 0.6063 -0.5367
vn 0.5799 0.6087 0.5415
vn 0.8715 -0.4600 -0.1700
vn 0.8954 -0.1415 0.4223
vn 0.2646 0.9043 -0.3351
vn 0.8493 0.4981 0.1747
vn 0.5870 -0.1594 -0.7937
vn 0.5819 0.7732 -0.2520
vn 0.9431 -0.3148 -0.1073
vn 0.2896 0.3332 -0.8973
vn 0.9431 0.0645 0.3263
vn 0.0490 0.5355 -0.8431
vn 0.8526 0.5160 -0.0833
vn 0.9431 0.2503 -0.2190
vn 0.5859 -0.7704 -0.2514
vn 0.5819 0.1616 -0.7970
vn 0.9137 -0.2167 0.3437
vn 0.0478 -0.5148 -0.8560
vn 0.8577 -0.5058 -0.0922
vn 0.2853 -0.3023 -0.9095
vn 0.9466 0.3223 0.0061
vn 0.9309 -0.2149 -0.2952
vn 0.8526 -0.5159 0.0833
vn 0.0533 -0.5211 0.8518
vn 0.2923 -0.3108 0.9044
vn 0.5819 -0.7732 0.2520
vn 0.9335 -0.3067 -0.1856
vn 0.5869 0.1603 0.7936
vn 0.9509 -0.0279 0.3081
vn 0.9459 0.2643 -0.1884
vn 0.8899 0.3430 -0.3007
vn 0.8907 -0.0906 -0.4455
vn 0.8927 -0.4284 -0.1396
vn 0.8906 0.0902 0.4458
vn -0.7971 -0.5093 0.3244
vn -0.3056 0.1483 0.9405
vn -0.9419 0.2305 -0.2443
vn -0.9222 -0.3480 -0.1687
vn -0.9117 -0.4073 0.0533
vn -0.9456 0.1904 0.2638
vn -0.9336 0.0980 -0.3447
vn -0.9123 -0.3887 0.1290
vn -0.7949 0.0857 0.6007
vn -0.2993 0.9008 0.3146
vn -0.9046 -0.0388 -0.4246
vn -0.9431 -0.0645 0.3263
vn -0.9431 0.3148 -0.1073
vn -0.9431 -0.2503 -0.2190
vn 0.8854 -0.4587 0.0756
vn -0.9372 -0.3313 0.1095
vn 0.9028 0.0673 0.4247
vn -0.9305 0.2818 0.2340
vn 0.8752 0.4725 -0.1035
vn -0.9359 0.0585 -0.3473
vn 0.9114 -0.0981 -0.3998
vn 0.7109 -0.6691 0.2166
vn 0.5049 0.2926 0.8121
vn 0.1185 -0.5967 0.7937
vn 0.0862 -0.0939 0.9918
vn 0.1843 -0.1864 0.9650
vn 0.2751 -0.2703 0.9226
vn 0.2875 0.2123 0.9339
vn 0.4057 -0.4053 0.8192
vn 0.5789 -0.5838 0.5693
vn 0.6878 0.7259 -0.0026
vn 0.7113 -0.6544 -0.2566
vn 0.5738 -0.5556 -0.6018
vn 0.4107 -0.4029 -0.8179
vn 0.2942 -0.2746 -0.9155
vn 0.1527 -0.2029 -0.9672
vn 0.2908 -0.2044 -0.9347
vn 0.0853 -0.0992 -0.9914
vn 0.1423 -0.5673 -0.8111
vn 0.2181 0.4346 -0.8738
vn 0.1364 0.3831 -0.9136
vn 0.3311 0.7116 -0.6196
vn 0.3606 0.6937 0.6235
vn -0.5908 0.1871 -0.7848
vn -0.3620 0.0392 -0.9314
vn 0.5000 0.2020 -0.8421
vn -0.4168 0.7048 -0.5741
vn -0.4165 0.5832 -0.6975
vn -0.3608 0.3795 -0.8519
vn -0.4330 0.3604 -0.8262
vn -0.4112 0.9092 0.0653
vn -0.3627 0.9318 -0.0155
vn -0.3390 0.8838 -0.3224
vn -0.4410 0.8228 -0.3585
vn -0.3014 0.7981 -0.5216
vn -0.3609 0.8708 0.3338
vn -0.3030 0.7673 0.5652
vn -0.4300 0.8145 0.3896
vn -0.4809 0.4712 0.7394
vn -0.4278 0.6611 0.6164
vn -0.4252 0.4672 0.7752
vn -0.2300 0.2501 0.9405
vn -0.3602 0.1577 0.9194
vn -0.4415 -0.0406 0.8963
vn 0.4905 0.4478 0.7476
vn -0.4428 -0.4778 0.7587
vn -0.3806 -0.3008 0.8744
vn -0.4192 -0.4523 -0.7872
vn 0.6924 -0.0354 -0.7206
vn -0.3579 -0.6398 -0.6801
vn 0.7936 -0.3070 -0.5254
vn -0.5015 -0.7801 -0.3741
vn 0.8305 -0.5170 -0.2075
vn -0.3855 -0.8794 -0.2794
vn -0.4542 -0.8890 -0.0581
vn 0.8279 -0.5264 0.1936
vn -0.5270 -0.8386 0.1380
vn -0.4333 -0.8435 0.3175
vn -0.4019 -0.7322 0.5499
vn 0.7872 -0.2911 0.5437
vn 0.6686 0.0894 0.7382
vn -0.4634 -0.1866 -0.8663
vn 0.6086 0.2796 -0.7426
vn -0.8572 -0.1843 -0.4808
vn -0.9101 -0.2231 -0.3492
vn -0.8666 -0.1032 0.4883
vn -0.9224 0.3633 -0.1308
vn -0.9132 0.0546 0.4038
vn -0.8945 0.4467 -0.0173
vn -0.8807 -0.0504 -0.4710
vn -0.8960 0.0692 0.4386
vn -0.8904 0.3785 0.2528
vn -0.8602 -0.4786 0.1761
vn -0.9167 -0.1969 -0.3478
vn -0.8642 0.3166 0.3910
vn -0.9312 -0.1292 -0.3408
vn -0.8011 -0.4063 0.4396
vn -0.9191 0.3930 -0.0294
vn -0.8984 -0.3858 0.2098
vn -0.8887 0.0528 0.4555
vn -0.9999 -0.0078 0.0067
vn -0.8763 -0.4633 0.1320
vn -0.9214 -0.3885 -0.0063
vn -0.9030 -0.4173 -0.1026
vn -0.9491 -0.2989 0.0994
vn -0.9016 -0.0770 -0.4257
vn -0.9175 0.1887 0.3500
vn -0.9057 -0.2726 -0.3247
vn -0.8665 0.4750 -0.1533
vn -0.8964 -0.0190 -0.4429
vn -0.8978 0.4384 -0.0419
vn -0.8493 0.3813 0.3650
vn -0.8704 0.2634 -0.4160
vn -0.9151 -0.2507 0.3157
vn -0.8694 -0.4768 -0.1299
vn -0.8672 0.4242 -0.2607
vn -0.9067 0.4187 -0.0511
vn -0.8239 0.3958 0.4057
vn -0.9659 -0.1427 0.2161
vn -0.8188 -0.5738 0.0173
vn -0.8761 0.2055 -0.4362
vn -0.8126 -0.0278 0.5822
vn -0.8646 0.4782 -0.1541
vn -0.8947 0.2180 0.3899
vn -0.9200 -0.3682 0.1342
vn -0.8914 -0.0755 -0.4468
vn -0.5757 -0.8044 0.1467
vn -0.5858 0.2790 0.7609
vn -0.6031 0.7814 -0.1606
vn -0.5868 -0.0245 -0.8094
vn -0.6035 -0.7927 -0.0866
vn -0.5962 -0.0876 0.7981
vn -0.6058 0.7605 0.2335
vn -0.5982 0.2274 -0.7684
vn -0.5971 -0.7935 0.1180
vn -0.5914 -0.0171 0.8062
vn -0.5830 0.8123 0.0175
vn -0.5781 -0.1100 -0.8085
vn -0.5982 -0.7536 -0.2724
vn -0.6021 -0.1054 0.7915
vn -0.6057 0.4177 -0.6772
vn -0.5972 -0.7984 0.0775
vn -0.6121 0.7583 0.2244
vn -0.5944 0.1885 -0.7818
vn -0.3286 0.6773 -0.6582
vn -0.5371 0.6756 -0.5050
vn -0.6808 0.6802 -0.2717
vn -0.3542 0.6789 0.6432
vn -0.5451 0.6763 0.4954
vn -0.6836 0.6824 0.2589
vn -0.7292 0.6843 -0.0060
vn -0.0889 0.0819 0.9927
vn 0.1348 0.7076 0.6937
vn -0.4032 -0.6742 0.6187
vn -0.3192 0.7453 0.5854
vn -0.2660 0.3731 0.8888
vn -0.4611 0.0234 0.8870
vn -0.3633 0.3532 0.8621
vn -0.7880 0.3055 0.5345
vn -0.9132 0.3530 -0.2035
vn -0.9184 0.3384 0.2049
vn -0.7865 0.3066 -0.5361
vn -0.4868 0.4663 -0.7386
vn -0.4688 0.0177 -0.8831
vn -0.2626 0.2750 -0.9249
vn -0.3047 0.7665 -0.5654
vn -0.0920 0.0899 -0.9917
vn -0.7896 -0.5505 -0.2712
vn 0.0966 0.7142 -0.6932
vn -0.2686 -0.5036 -0.8212
vn 0.7149 0.2700 -0.6451
vn -0.3018 -0.2945 0.9068
vn 0.6581 -0.7527 0.0210
vn 0.5790 0.1154 -0.8071
vn 0.6813 -0.5253 -0.5099
vn 0.6544 -0.3835 0.6517
vn 0.5751 -0.0782 0.8143
vn 0.6602 0.6338 0.4031
vn 0.6173 0.7710 0.1564
vn 0.6559 0.3913 -0.6456
vn 0.4748 0.7499 -0.4607
vn 0.5908 0.7528 -0.2903
vn 0.5749 0.6946 -0.4324
vn 0.5254 0.7629 0.3768
vn 0.4476 0.7809 0.4357
vn 0.2743 0.6804 0.6795
vn 0.5774 0.7424 0.3398
vn 0.6817 0.1379 0.7185
vn 0.6756 -0.0744 0.7335
vn 0.5239 0.8073 0.2718
vn 0.5532 0.8263 0.1053
vn 0.6604 0.6315 -0.4062
vn 0.5476 0.8353 -0.0484
vn 0.5667 0.7987 -0.2021
vn 0.5178 0.3003 -0.8010
vn 0.4528 0.6801 -0.5766
vn 0.6825 0.1266 -0.7198
vn 0.6748 -0.0850 -0.7331
vn 0.6509 -0.3967 -0.6473
vn 0.6746 -0.6601 -0.3304
vn 0.6661 -0.6336 0.3935
vn 0.5793 0.0700 0.8121
vn 0.2849 0.3337 0.8986
vn 0.5867 0.7682 0.2562
vn 0.5819 -0.1611 0.7972
vn -0.6043 0.7766 -0.1778
vn -0.6098 -0.6457 -0.4595
vn -0.5921 0.2936 0.7504
vn -0.6417 0.7427 0.1913
vn -0.2359 0.2602 -0.9363
vn 0.8897 -0.4341 0.1416
vn 0.8887 0.0929 -0.4490
vn 0.8917 0.3342 0.3052
vn 0.5991 0.7877 -0.1436
vn 0.8904 0.4313 0.1453
vn 0.6389 0.3300 0.6949
vn 0.6034 -0.7872 -0.1272
vn 0.8887 -0.0929 0.4490
vn 0.5767 -0.0779 -0.8132
vn 0.8897 0.4341 -0.1416
vn 0.5992 -0.7877 0.1435
vn -0.8406 0.1676 -0.5150
vn -0.4291 -0.0272 -0.9029
vn -0.8412 -0.3605 -0.4031
vn -0.4758 -0.7851 -0.3965
vn -0.8412 -0.5293 0.1106
vn -0.6126 -0.7474 0.2570
vn -0.7256 -0.2680 0.6338
vn -0.6061 0.1067 0.7882
vn -0.8312 0.3536 0.4291
vn -0.6045 0.6820 0.4116
vn -0.4597 0.8835 -0.0898
vn -0.4980 0.6804 -0.5376
vn -0.7926 -0.3886 -0.4698
vn -0.4729 -0.7734 0.4222
vn -0.5247 0.5636 0.6380
vn -0.4494 0.5204 -0.7261
vn -0.9127 -0.3645 -0.1846
vn -0.9069 -0.1854 0.3784
vn -0.9099 0.3761 0.1748
vn -0.9157 0.1737 -0.3624
vn -0.6363 0.7298 -0.2502
vn -0.6194 0.1712 -0.7661
vn -0.6194 -0.5772 -0.5321
vn -0.6191 -0.7495 0.2345
vn -0.6194 -0.1712 0.7661
vn -0.6285 0.5598 0.5399
vn 0.3051 0.1551 -0.9396
vn 0.3517 -0.0197 -0.9359
vn 0.1432 0.5645 0.8129
vn 0.2922 -0.1406 0.9460
vn 0.2173 -0.4364 0.8731
vn 0.3361 0.0125 0.9418
vn -0.9650 0.2440 0.0964
vn -0.9339 -0.2814 0.2206
vn -0.9514 -0.0732 -0.2992
vn -0.9033 0.4270 -0.0413
vn -0.8903 0.0571 0.4518
vn -0.8944 -0.4471 0.0108
vn -0.9012 -0.0197 -0.4330
vn -0.6030 -0.4971 -0.6239
vn -0.5914 0.3870 0.7074
vn -0.5865 -0.7281 0.3548
vn -0.5900 0.6262 -0.5097
vn -0.6059 -0.0458 0.7943
vn -0.6184 0.7311 0.2881
vn -0.5977 -0.7771 0.1972
vn -0.5905 -0.3686 -0.7180
vn -0.6110 0.5742 -0.5450
s 1
f 5//5 204//204 6//6
f 5//5 6//6 7//7
f 7//7 9//9 5//5
f 5//5 9//9 8//8
f 9//9 10//10 8//8
f 4//4 8//8 10//10
f 4//4 3//3 8//8
f 2//2 3//3 4//4
f 2//2 1//1 3//3
f 1//1 2//2 11//11
f 1//1 11//11 12//12
f 12//12 11//11 13//13
f 15//15 14//14 13//13
f 13//13 14//14 12//12
f 14//14 15//15 16//16
f 14//14 16//16 17//17
f 17//17 16//16 18//18
f 17//17 18//18 19//19
f 19//19 18//18 20//20
f 19//19 20//20 220//220
f 10//10 21//21 22//22
f 10//10 22//22 4//4
f 4//4 22//22 23//23
f 4//4 23//23 2//2
f 2//2 23//23 24//24
f 2//2 24//24 11//11
f 11//11 24//24 13//13
f 13//13 24//24 25//25
f 13//13 25//25 15//15
f 15//15 25//25 26//26
f 15//15 26//26 16//16
f 16//16 26//26 27//27
f 27//27 28//28 29//29
f 22//22 21//21 31//31
f 31//31 21//21 30//30
f 31//31 32//32 22//22
f 22//22 32//32 23//23
f 32//32 33//33 23//23
f 23//23 33//33 24//24
f 33//33 34//34 24//24
f 34//34 35//35 24//24
f 24//24 35//35 25//25
f 35//35 36//36 25//25
f 25//25 36//36 26//26
f 28//28 27//27 26//26
f 28//28 26//26 36//36
f 20//20 18//18 37//37
f 33//33 38//38 39//39
f 38//38 33//33 40//40
f 40//40 33//33 32//32
f 40//40 32//32 41//41
f 41//41 32//32 31//31
f 41//41 31//31 42//42
f 31//31 30//30 42//42
f 42//42 30//30 43//43
f 30//30 44//44 43//43
f 43//43 44//44 45//45
f 44//44 46//46 45//45
f 45//45 46//46 47//47
f 47//47 46//46 48//48
f 47//47 48//48 49//49
f 49//49 48//48 50//50
f 50//50 48//48 51//51
f 50//50 51//51 52//52
f 50//50 52//52 53//53
f 53//53 52//52 54//54
f 53//53 54//54 55//55
f 55//55 54//54 56//56
f 55//55 56//56 57//57
f 57//57 56//56 29//29
f 57//57 29//29 58//58
f 58//58 29//29 28//28
f 58//58 28//28 59//59
f 28//28 36//36 59//59
f 59//59 36//36 60//60
f 60//60 36//36 61//61
f 36//36 35//35 61//61
f 61//61 35//35 34//34
f 61//61 34//34 39//39
f 39//39 34//34 33//33
f 62//62 63//63 64//64
f 64//64 63//63 726//715
f 64//64 726//715 65//65
f 64//64 65//65 535//530
f 535//530 65//65 683//672
f 66//66 67//67 68//68
f 66//66 68//68 69//69
f 69//69 68//68 70//70
f 69//69 70//70 71//71
f 69//69 71//71 72//72
f 72//72 71//71 73//73
f 72//72 73//73 74//74
f 74//74 73//73 75//75
f 75//75 73//73 724//713
f 75//75 724//713 62//62
f 62//62 724//713 63//63
f 76//76 77//77 78//78
f 76//76 78//78 79//79
f 79//79 78//78 80//80
f 79//79 80//80 81//81
f 79//79 81//81 82//82
f 82//82 81//81 83//83
f 83//83 81//81 84//84
f 83//83 84//84 85//85
f 85//85 84//84 86//86
f 85//85 86//86 66//66
f 66//66 86//86 67//67
f 695//684 685//674 533//528
f 533//528 685//674 87//87
f 533//528 87//87 88//88
f 88//88 87//87 723//712
f 88//88 723//712 89//89
f 88//88 89//89 90//90
f 90//90 89//89 91//91
f 90//90 91//91 92//92
f 90//90 92//92 93//93
f 93//93 92//92 94//94
f 93//93 94//94 95//95
f 93//93 95//95 96//96
f 96//96 95//95 97//97
f 96//96 97//97 98//98
f 98//98 97//97 99//99
f 98//98 99//99 100//100
f 100//100 99//99 77//77
f 100//100 77//77 76//76
f 161//161 104//104 102//102
f 70//70 101//101 71//71
f 71//71 101//101 103//103
f 71//71 103//103 104//104
f 101//101 70//70 105//105
f 105//105 70//70 106//106
f 70//70 68//68 106//106
f 106//106 68//68 67//67
f 106//106 67//67 107//107
f 107//107 67//67 86//86
f 107//107 86//86 108//108
f 86//86 84//84 108//108
f 84//84 81//81 108//108
f 108//108 81//81 109//109
f 109//109 81//81 110//110
f 81//81 80//80 110//110
f 80//80 78//78 110//110
f 110//110 78//78 111//111
f 111//111 78//78 77//77
f 111//111 77//77 112//112
f 112//112 77//77 99//99
f 112//112 99//99 113//113
f 113//113 99//99 116//116
f 116//116 99//99 97//97
f 114//114 115//115 95//95
f 95//95 115//115 116//116
f 95//95 116//116 97//97
f 177//177 114//114 176//176
f 176//176 114//114 95//95
f 176//176 95//95 94//94
f 176//176 94//94 174//174
f 174//174 94//94 92//92
f 174//174 92//92 172//172
f 172//172 92//92 91//91
f 172//172 91//91 170//170
f 170//170 91//91 117//117
f 117//117 91//91 89//89
f 117//117 89//89 723//712
f 117//117 723//712 118//118
f 118//118 723//712 87//87
f 118//118 87//87 119//119
f 119//119 87//87 120//120
f 119//119 120//120 683//672
f 119//119 683//672 121//121
f 121//121 683//672 65//65
f 121//121 65//65 122//122
f 122//122 65//65 726//715
f 122//122 726//715 63//63
f 122//122 63//63 123//123
f 123//123 725//714 158//158
f 123//123 63//63 725//714
f 158//158 725//714 160//160
f 160//160 725//714 724//713
f 724//713 161//161 160//160
f 71//71 104//104 73//73
f 73//73 104//104 161//161
f 161//161 724//713 73//73
f 124//124 125//125 126//126
f 127//127 128//128 129//129
f 129//129 128//128 126//126
f 126//126 128//128 124//124
f 127//127 129//129 130//130
f 130//130 129//129 131//131
f 130//130 131//131 132//132
f 132//132 131//131 133//133
f 133//133 131//131 134//134
f 133//133 134//134 135//135
f 135//135 134//134 136//136
f 136//136 134//134 137//137
f 137//137 134//134 138//138
f 137//137 138//138 139//139
f 139//139 138//138 140//140
f 140//140 138//138 141//141
f 140//140 141//141 142//142
f 142//142 141//141 143//143
f 143//143 141//141 144//144
f 144//144 141//141 145//145
f 144//144 145//145 146//146
f 146//146 145//145 147//147
f 147//147 145//145 148//148
f 147//147 148//148 149//149
f 149//149 148//148 153//153
f 150//150 152//152 151//151
f 151//151 152//152 153//153
f 151//151 153//153 148//148
f 154//154 180//180 470//465
f 155//155 102//102 156//156
f 155//155 156//156 473//468
f 157//157 158//158 159//159
f 159//159 158//158 160//160
f 159//159 160//160 475//470
f 475//470 160//160 161//161
f 475//470 161//161 474//469
f 474//469 161//161 155//155
f 155//155 161//161 102//102
f 164//164 163//163 476//471
f 476//471 163//163 165//165
f 476//471 165//165 166//166
f 166//166 165//165 123//123
f 166//166 123//123 157//157
f 157//157 123//123 158//158
f 163//163 167//167 162//162
f 162//162 167//167 468//463
f 162//162 468//463 168//168
f 168//168 468//463 169//169
f 168//168 169//169 170//170
f 170//170 169//169 469//464
f 170//170 469//464 172//172
f 172//172 469//464 171//171
f 172//172 171//171 174//174
f 174//174 171//171 173//173
f 175//175 176//176 174//174
f 174//174 173//173 175//175
f 178//178 177//177 176//176
f 176//176 175//175 178//178
f 179//179 180//180 178//178
f 178//178 180//180 177//177
f 470//465 180//180 179//179
f 154//154 470//465 181//181
f 154//154 181//181 182//182
f 182//182 181//181 183//183
f 182//182 183//183 184//184
f 182//182 184//184 185//185
f 185//185 184//184 186//186
f 186//186 184//184 187//187
f 186//186 187//187 188//188
f 187//187 471//466 188//188
f 188//188 471//466 189//189
f 188//188 189//189 190//190
f 190//190 189//189 191//191
f 190//190 191//191 156//156
f 156//156 191//191 472//467
f 156//156 472//467 473//468
f 150//150 151//151 30//30
f 192//192 193//193 104//104
f 104//104 193//193 6//6
f 104//104 6//6 102//102
f 102//102 6//6 204//204
f 104//104 150//150 192//192
f 192//192 150//150 30//30
f 192//192 30//30 194//194
f 6//6 193//193 195//195
f 6//6 195//195 194//194
f 194//194 195//195 192//192
f 177//177 220//220 20//20
f 126//126 125//125 196//196
f 126//126 196//196 29//29
f 29//29 196//196 197//197
f 29//29 197//197 37//37
f 20//20 198//198 196//196
f 177//177 20//20 114//114
f 114//114 20//20 196//196
f 114//114 196//196 125//125
f 37//37 197//197 198//198
f 37//37 198//198 20//20
f 207//207 204//204 205//205
f 203//203 202//202 206//206
f 202//202 207//207 206//206
f 206//206 207//207 205//205
f 208//208 209//209 203//203
f 203//203 209//209 202//202
f 209//209 208//208 210//210
f 209//209 210//210 211//211
f 211//211 210//210 212//212
f 211//211 212//212 213//213
f 213//213 212//212 214//214
f 214//214 215//215 216//216
f 213//213 214//214 216//216
f 216//216 215//215 217//217
f 216//216 217//217 218//218
f 219//219 221//221 217//217
f 217//217 221//221 218//218
f 220//220 221//221 219//219
f 219//219 201//201 220//220
f 220//220 201//201 19//19
f 19//19 201//201 17//17
f 17//17 201//201 200//200
f 17//17 200//200 14//14
f 14//14 200//200 222//222
f 199//199 14//14 222//222
f 223//223 12//12 199//199
f 199//199 12//12 14//14
f 224//224 1//1 223//223
f 223//223 1//1 12//12
f 1//1 224//224 3//3
f 3//3 224//224 225//225
f 3//3 225//225 8//8
f 8//8 225//225 226//226
f 8//8 226//226 227//227
f 227//227 5//5 8//8
f 227//227 205//205 5//5
f 5//5 205//205 204//204
f 240//240 277//276 232//232
f 232//232 277//276 241//241
f 232//232 241//241 239//239
f 239//239 241//241 242//242
f 246//246 245//245 244//244
f 243//243 233//233 248//248
f 248//248 233//233 249//249
f 248//248 249//249 247//247
f 245//245 246//246 247//247
f 247//247 246//246 250//250
f 247//247 250//250 251//251
f 251//251 252//252 253//253
f 251//251 254//254 257//257
f 255//255 256//256 257//257
f 255//255 257//257 254//254
f 256//256 258//258 259//259
f 234//234 261//261 263//250
f 259//259 260//260 262//262
f 262//262 260//260 263//250
f 263//250 261//261 262//262
f 264//263 265//264 266//265
f 268//267 230//230 267//266
f 267//266 230//230 269//268
f 267//266 269//268 270//269
f 270//269 269//268 287//286
f 266//265 228//228 271//270
f 271//270 228//228 230//230
f 230//230 228//228 269//268
f 237//237 272//271 273//272
f 230//230 229//229 237//237
f 251//251 250//250 252//252
f 244//244 252//252 246//246
f 234//234 274//273 235//235
f 235//235 274//273 260//260
f 263//250 274//273 234//234
f 270//269 287//286 236//236
f 270//269 236//236 268//267
f 229//229 268//267 275//274
f 268//267 236//236 275//274
f 240//240 276//275 277//276
f 278//277 276//275 240//240
f 279//278 276//275 278//277
f 279//278 278//277 231//231
f 231//231 278//277 232//232
f 276//275 279//278 280//279
f 272//271 282//281 281//280
f 273//272 272//271 281//280
f 273//272 281//280 283//282
f 273//272 283//282 284//283
f 282//281 272//271 285//284
f 284//283 283//282 282//281
f 284//283 282//281 285//284
f 236//236 286//285 275//274
f 236//236 287//286 288//287
f 289//288 290//289 288//287
f 291//290 292//291 290//289
f 261//261 234//234 292//291
f 235//235 293//292 234//234
f 294//293 295//294 296//295
f 244//244 299//298 298//297
f 298//297 299//298 297//296
f 297//296 299//298 296//295
f 252//252 244//244 253//253
f 244//244 245//245 301//300
f 302//301 300//299 233//233
f 233//233 304//303 302//301
f 303//302 243//243 305//304
f 303//302 304//303 243//243
f 243//243 304//303 233//233
f 300//299 302//301 305//304
f 305//304 302//301 303//302
f 306//305 277//276 276//275
f 284//283 307//306 273//272
f 307//306 284//283 280//279
f 239//239 238//238 231//231
f 239//239 231//231 232//232
f 259//259 258//258 294//293
f 229//229 230//230 268//267
f 308//307 309//308 298//297
f 244//244 298//297 309//308
f 298//297 254//254 251//251
f 298//297 251//251 308//307
f 244//244 309//308 253//253
f 253//253 308//307 251//251
f 297//296 311//310 312//311
f 256//256 255//255 310//309
f 297//296 312//311 255//255
f 255//255 312//311 310//309
f 256//256 310//309 295//294
f 295//294 310//309 311//310
f 295//294 311//310 297//296
f 295//294 297//296 296//295
f 315//314 235//235 259//259
f 235//235 314//313 293//292
f 314//313 313//312 293//292
f 293//292 313//312 294//293
f 294//293 313//312 315//314
f 294//293 315//314 259//259
f 260//260 259//259 235//235
f 291//290 316//315 265//264
f 265//264 316//315 317//316
f 266//265 265//264 317//316
f 266//265 317//316 318//317
f 266//265 318//317 289//288
f 318//317 316//315 289//288
f 289//288 316//315 291//290
f 289//288 291//290 290//289
f 149//149 105//105 147//147
f 147//147 105//105 106//106
f 147//147 106//106 146//146
f 146//146 106//106 144//144
f 144//144 106//106 107//107
f 144//144 107//107 143//143
f 143//143 107//107 142//142
f 142//142 107//107 108//108
f 142//142 108//108 140//140
f 140//140 108//108 139//139
f 139//139 108//108 109//109
f 139//139 109//109 137//137
f 137//137 109//109 110//110
f 137//137 110//110 136//136
f 136//136 110//110 135//135
f 135//135 110//110 111//111
f 135//135 111//111 133//133
f 133//133 111//111 132//132
f 132//132 111//111 112//112
f 132//132 112//112 130//130
f 130//130 112//112 127//127
f 127//127 112//112 113//113
f 122//122 123//123 165//165
f 122//122 165//165 121//121
f 121//121 165//165 163//163
f 121//121 163//163 119//119
f 119//119 163//163 162//162
f 119//119 162//162 118//118
f 118//118 162//162 168//168
f 118//118 168//168 117//117
f 117//117 168//168 170//170
f 325//324 326//325 327//326
f 223//223 331//330 332//331
f 330//329 333//332 224//224
f 224//224 333//332 334//333
f 334//333 333//332 331//330
f 331//330 333//332 332//331
f 223//223 332//331 330//329
f 223//223 330//329 224//224
f 224//224 335//334 225//225
f 340//339 336//335 225//225
f 226//226 225//225 336//335
f 337//336 338//337 339//338
f 337//336 226//226 336//335
f 338//337 337//336 340//339
f 338//337 340//339 341//340
f 227//227 226//226 337//336
f 205//205 227//227 342//341
f 345//344 344//343 320//319
f 205//205 345//344 206//206
f 343//342 346//345 205//205
f 205//205 346//345 345//344
f 320//319 344//343 343//342
f 343//342 344//343 346//345
f 345//344 320//319 206//206
f 206//206 320//319 319//318
f 206//206 319//318 347//346
f 206//206 347//346 203//203
f 348//347 349//348 203//203
f 203//203 349//348 208//208
f 350//349 351//350 322//321
f 208//208 352//351 210//210
f 354//353 356//355 353//352
f 389//386 353//352 210//210
f 210//210 353//352 355//354
f 210//210 355//354 212//212
f 212//212 355//354 356//355
f 212//212 356//355 354//353
f 212//212 357//356 214//214
f 360//358 358//330 354//353
f 354//353 358//330 212//212
f 212//212 358//330 359//357
f 212//212 359//357 357//356
f 357//356 360//358 214//214
f 214//214 360//358 215//215
f 361//359 362//360 324//323
f 363//349 217//217 323//322
f 323//322 217//217 215//215
f 217//217 363//349 324//323
f 324//323 363//349 361//359
f 217//217 364//361 219//219
f 201//201 219//219 365//362
f 201//201 327//326 366//363
f 200//200 367//364 222//222
f 369//366 367//364 328//327
f 368//365 222//222 370//367
f 370//367 222//222 367//364
f 222//222 368//365 369//366
f 222//222 369//366 199//199
f 199//199 369//366 373//370
f 328//327 371//368 372//369
f 328//327 372//369 373//370
f 328//327 373//370 369//366
f 373//370 374//371 199//199
f 199//199 374//371 223//223
f 331//330 223//223 374//371
f 371//368 334//333 331//330
f 371//368 331//330 372//369
f 201//201 366//363 200//200
f 200//200 366//363 375//372
f 200//200 375//372 367//364
f 369//366 370//367 367//364
f 375//372 376//373 367//364
f 367//364 376//373 326//325
f 326//325 376//373 327//326
f 219//219 364//361 377//374
f 219//219 377//374 325//324
f 325//324 377//374 324//323
f 217//217 378//375 364//361
f 324//323 377//374 378//375
f 324//323 378//375 217//217
f 361//359 323//322 362//360
f 362//360 323//322 380//377
f 360//358 354//353 215//215
f 215//215 354//353 379//376
f 215//215 379//376 380//377
f 215//215 380//377 323//322
f 380//377 381//378 362//360
f 362//360 381//378 354//353
f 354//353 381//378 379//376
f 354//353 353//352 389//386
f 354//353 389//386 321//320
f 322//321 321//320 382//379
f 347//346 383//380 203//203
f 203//203 383//380 384//381
f 350//349 348//347 351//350
f 351//350 348//347 203//203
f 351//350 203//203 384//381
f 351//350 384//381 320//319
f 384//381 319//318 320//319
f 320//319 343//342 339//338
f 337//336 386//383 227//227
f 227//227 386//383 385//382
f 227//227 385//382 342//341
f 205//205 342//341 343//342
f 343//342 386//383 339//338
f 339//338 386//383 337//336
f 329//328 341//340 225//225
f 225//225 341//340 340//339
f 335//334 387//384 225//225
f 225//225 387//384 329//328
f 329//328 388//385 341//340
f 341//340 388//385 334//333
f 334//333 388//385 224//224
f 224//224 388//385 335//334
f 382//379 321//320 389//386
f 352//351 390//387 210//210
f 210//210 390//387 389//386
f 391//330 382//379 389//386
f 201//201 365//362 327//326
f 327//326 365//362 392//388
f 325//324 327//326 392//388
f 325//324 392//388 393//389
f 325//324 393//389 219//219
f 219//219 393//389 365//362
f 322//321 395//391 349//348
f 322//321 349//348 350//349
f 394//390 382//379 208//208
f 208//208 382//379 391//330
f 208//208 391//330 352//351
f 322//321 382//379 395//391
f 395//391 394//390 349//348
f 349//348 394//390 208//208
f 322//321 251//251 257//257
f 322//321 257//257 321//320
f 321//320 257//257 354//353
f 354//353 257//257 256//256
f 259//259 362//360 256//256
f 256//256 362//360 354//353
f 362//360 259//259 324//323
f 324//323 259//259 262//262
f 324//323 262//262 264//263
f 324//323 264//263 325//324
f 325//324 264//263 266//265
f 325//324 266//265 326//325
f 326//325 266//265 271//270
f 326//325 271//270 367//364
f 367//364 271//270 230//230
f 367//364 230//230 328//327
f 328//327 230//230 237//237
f 328//327 237//237 371//368
f 371//368 237//237 273//272
f 371//368 273//272 334//333
f 334//333 273//272 341//340
f 341//340 273//272 238//238
f 341//340 238//238 239//239
f 341//340 239//239 338//337
f 338//337 239//239 339//338
f 339//338 239//239 242//242
f 339//338 242//242 320//319
f 320//319 242//242 243//243
f 320//319 243//243 248//248
f 320//319 248//248 351//350
f 351//350 248//248 247//247
f 351//350 247//247 322//321
f 322//321 247//247 251//251
f 335//334 396//392 387//384
f 387//384 396//392 329//328
f 329//328 396//392 397//393
f 329//328 397//393 388//385
f 388//385 397//393 398//394
f 388//385 398//394 399//395
f 388//385 399//395 335//334
f 335//334 399//395 396//392
f 400//396 396//392 399//395
f 400//396 399//395 401//397
f 398//394 397//393 402//398
f 402//398 397//393 404//400
f 401//397 399//395 403//399
f 403//399 399//395 398//394
f 396//392 400//396 404//400
f 396//392 404//400 397//393
f 374//371 405//401 331//330
f 331//330 405//401 372//369
f 372//369 405//401 406//402
f 372//369 406//402 373//370
f 373//370 406//402 407//403
f 373//370 407//403 374//371
f 374//371 407//403 408//404
f 374//371 408//404 405//401
f 409//405 405//401 410//406
f 411//407 407//403 412//408
f 407//403 411//407 408//404
f 408//404 411//407 410//406
f 408//404 410//406 405//401
f 412//408 407//403 414//410
f 414//410 407//403 406//402
f 414//410 406//402 413//409
f 413//409 406//402 405//401
f 413//409 405//401 409//405
f 375//372 415//411 416//412
f 375//372 416//412 376//373
f 376//373 416//412 327//326
f 327//326 416//412 417//413
f 327//326 417//413 366//363
f 366//363 417//413 418//414
f 366//363 418//414 375//372
f 375//372 418//414 415//411
f 419//415 415//411 418//414
f 419//415 418//414 421//417
f 421//417 418//414 417//413
f 421//417 417//413 420//416
f 420//416 417//413 422//418
f 422//418 417//413 416//412
f 422//418 416//412 423//419
f 415//411 419//415 424//420
f 415//411 424//420 416//412
f 416//412 424//420 423//419
f 377//374 425//421 426//422
f 377//374 426//422 378//375
f 378//375 426//422 427//423
f 378//375 427//423 364//361
f 364//361 427//423 428//424
f 364//361 428//424 377//374
f 377//374 428//424 425//421
f 427//423 431//427 428//424
f 428//424 431//427 432//428
f 427//423 430//426 431//427
f 426//422 425//421 429//425
f 429//425 425//421 433//429
f 433//429 425//421 432//428
f 432//428 425//421 428//424
f 430//426 427//423 426//422
f 360//358 434//430 358//330
f 358//330 434//430 359//357
f 359//357 434//430 435//431
f 359//357 435//431 357//356
f 357//356 435//431 436//432
f 357//356 436//432 360//358
f 360//358 436//432 437//433
f 360//358 437//433 434//430
f 439//435 438//434 436//432
f 436//432 435//431 439//435
f 437//433 440//436 434//430
f 434//430 440//436 441//437
f 438//434 437//433 436//432
f 439//435 435//431 441//437
f 441//437 435//431 434//430
f 437//433 438//434 440//436
f 389//386 442//430 391//330
f 391//330 442//430 352//351
f 352//351 442//430 443//438
f 352//351 443//438 390//387
f 390//387 443//438 444//439
f 390//387 444//439 389//386
f 389//386 444//439 445//440
f 389//386 445//440 442//430
f 442//430 446//441 449//444
f 444//439 447//442 445//440
f 444//439 443//438 449//444
f 449//444 443//438 442//430
f 442//430 445//440 446//441
f 446//441 445//440 448//443
f 448//443 445//440 447//442
f 319//318 450//445 347//346
f 347//346 450//445 451//446
f 347//346 451//446 383//380
f 383//380 451//446 452//447
f 383//380 452//447 384//381
f 384//381 452//447 450//445
f 384//381 450//445 319//318
f 455//450 450//445 452//447
f 455//450 452//447 456//451
f 452//447 457//452 456//451
f 457//452 452//447 453//448
f 453//448 452//447 451//446
f 453//448 451//446 458//453
f 458//453 451//446 450//445
f 458//453 450//445 454//449
f 454//449 450//445 455//450
f 385//382 459//454 342//341
f 342//341 459//454 460//455
f 342//341 460//455 343//342
f 343//342 460//455 461//456
f 343//342 461//456 386//383
f 386//383 461//456 462//457
f 386//383 462//457 459//454
f 386//383 459//454 385//382
f 462//457 461//456 466//461
f 466//461 461//456 464//459
f 464//459 461//456 467//462
f 467//462 461//456 460//455
f 459//454 465//460 463//458
f 465//460 459//454 462//457
f 459//454 463//458 460//455
f 460//455 463//458 467//462
f 213//213 185//185 211//211
f 185//185 186//186 211//211
f 211//211 186//186 209//209
f 348//347 250//250 246//246
f 348//347 246//246 349//348
f 349//348 246//246 252//252
f 349//348 252//252 350//349
f 350//349 252//252 250//250
f 350//349 250//250 348//347
f 353//352 310//309 312//311
f 353//352 312//311 355//354
f 355//354 312//311 311//310
f 355//354 311//310 356//355
f 356//355 311//310 310//309
f 356//355 310//309 353//352
f 361//359 263//250 260//260
f 361//359 260//260 323//322
f 323//322 260//260 274//273
f 323//322 274//273 363//349
f 363//349 274//273 263//250
f 363//349 263//250 361//359
f 365//362 318//317 392//388
f 392//388 318//317 317//316
f 392//388 317//316 393//389
f 393//389 317//316 316//315
f 393//389 316//315 365//362
f 365//362 316//315 318//317
f 368//365 268//267 369//366
f 369//366 268//267 267//266
f 369//366 267//266 370//367
f 370//367 267//266 270//269
f 370//367 270//269 368//365
f 368//365 270//269 268//267
f 330//329 282//281 283//282
f 330//329 283//282 333//332
f 333//332 283//282 281//280
f 333//332 281//280 332//331
f 332//331 281//280 282//281
f 332//331 282//281 330//329
f 336//335 278//277 240//240
f 336//335 240//240 337//336
f 337//336 240//240 232//232
f 337//336 232//232 340//339
f 340//339 232//232 278//277
f 340//339 278//277 336//335
f 346//345 303//302 345//344
f 345//344 303//302 302//301
f 345//344 302//301 344//343
f 344//343 302//301 304//303
f 344//343 304//303 346//345
f 346//345 304//303 303//302
f 395//391 308//307 394//390
f 394//390 308//307 253//253
f 394//390 253//253 309//308
f 394//390 309//308 382//379
f 382//379 309//308 308//307
f 382//379 308//307 395//391
f 380//377 235//235 381//378
f 381//378 235//235 315//314
f 381//378 315//314 313//312
f 381//378 313//312 379//376
f 379//376 313//312 314//313
f 379//376 314//313 380//377
f 380//377 314//313 235//235
f 284//283 285//284 286//285
f 284//283 286//285 468//463
f 468//463 286//285 469//464
f 469//464 286//285 236//236
f 175//175 288//287 290//289
f 290//289 292//291 470//465
f 470//465 292//291 234//234
f 470//465 234//234 293//292
f 293//292 294//293 296//295
f 471//466 299//298 244//244
f 472//467 244//244 301//300
f 472//467 301//300 473//468
f 473//468 301//300 300//299
f 473//468 300//299 474//469
f 474//469 300//299 305//304
f 474//469 305//304 306//305
f 474//469 306//305 475//470
f 475//470 306//305 276//275
f 276//275 280//279 476//471
f 476//471 280//279 284//283
f 284//283 164//164 476//471
f 476//471 166//166 276//275
f 276//275 166//166 157//157
f 276//275 157//157 475//470
f 475//470 157//157 159//159
f 474//469 155//155 473//468
f 472//467 191//191 244//244
f 244//244 191//191 189//189
f 244//244 189//189 471//466
f 299//298 471//466 187//187
f 299//298 187//187 296//295
f 296//295 187//187 184//184
f 296//295 184//184 183//183
f 296//295 183//183 293//292
f 293//292 183//183 181//181
f 293//292 181//181 470//465
f 470//465 179//179 290//289
f 290//289 179//179 178//178
f 290//289 178//178 175//175
f 175//175 173//173 288//287
f 288//287 173//173 171//171
f 288//287 171//171 236//236
f 236//236 171//171 469//464
f 469//464 169//169 468//463
f 468//463 167//167 284//283
f 284//283 167//167 164//164
f 167//167 163//163 164//164
f 128//128 127//127 113//113
f 114//114 125//125 115//115
f 115//115 125//125 124//124
f 115//115 124//124 116//116
f 116//116 124//124 128//128
f 116//116 128//128 113//113
f 150//150 104//104 152//152
f 152//152 104//104 103//103
f 152//152 103//103 153//153
f 153//153 103//103 101//101
f 153//153 101//101 149//149
f 149//149 101//101 105//105
f 477//472 138//138 478//473
f 478//473 138//138 134//134
f 478//473 134//134 479//474
f 479//474 134//134 131//131
f 479//474 131//131 480//475
f 480//475 131//131 129//129
f 480//475 129//129 126//126
f 30//30 151//151 481//476
f 481//476 151//151 148//148
f 481//476 148//148 482//477
f 482//477 148//148 145//145
f 482//477 145//145 483//478
f 483//478 145//145 141//141
f 483//478 141//141 477//472
f 477//472 141//141 138//138
f 485//480 484//479 486//481
f 485//480 486//481 487//482
f 487//482 486//481 488//483
f 487//482 488//483 489//484
f 489//484 488//483 490//485
f 489//484 490//485 491//486
f 491//486 490//485 492//487
f 491//486 492//487 493//488
f 493//488 492//487 494//489
f 493//488 494//489 495//490
f 495//490 494//489 496//491
f 495//490 496//491 497//492
f 497//492 496//491 498//493
f 497//492 498//493 499//494
f 499//494 498//493 500//495
f 499//494 500//495 501//496
f 502//497 503//498 504//499
f 502//497 504//499 505//500
f 505//500 504//499 500//495
f 500//495 504//499 501//496
f 506//501 507//502 508//503
f 506//501 508//503 502//497
f 502//497 508//503 503//498
f 509//504 510//505 507//502
f 507//502 510//505 508//503
f 511//506 512//507 509//504
f 509//504 512//507 510//505
f 513//508 514//509 511//506
f 511//506 514//509 512//507
f 485//480 515//510 484//479
f 484//479 515//510 513//508
f 513//508 515//510 514//509
f 497//492 516//511 495//490
f 495//490 516//511 517//512
f 495//490 517//512 518//513
f 495//490 518//513 493//488
f 493//488 518//513 519//514
f 493//488 519//514 491//486
f 491//486 519//514 520//515
f 491//486 520//515 489//484
f 489//484 520//515 521//516
f 489//484 521//516 487//482
f 487//482 521//516 522//517
f 487//482 522//517 485//480
f 485//480 522//517 523//518
f 485//480 523//518 515//510
f 515//510 523//518 524//519
f 515//510 524//519 514//509
f 514//509 524//519 525//520
f 514//509 525//520 512//507
f 512//507 525//520 526//521
f 512//507 526//521 510//505
f 510//505 526//521 527//522
f 510//505 527//522 508//503
f 508//503 527//522 528//523
f 508//503 528//523 503//498
f 503//498 528//523 529//524
f 503//498 529//524 504//499
f 504//499 529//524 530//525
f 504//499 530//525 501//496
f 501//496 530//525 531//526
f 501//496 531//526 499//494
f 499//494 531//526 532//527
f 499//494 532//527 497//492
f 497//492 532//527 516//511
f 686//675 695//684 533//528
f 686//675 524//519 534//529
f 534//529 524//519 523//518
f 534//529 523//518 535//530
f 686//675 533//528 524//519
f 524//519 533//528 525//520
f 533//528 88//88 525//520
f 88//88 536//531 525//520
f 525//520 536//531 526//521
f 536//531 90//90 526//521
f 90//90 537//532 526//521
f 526//521 537//532 527//522
f 537//532 93//93 527//522
f 93//93 96//96 527//522
f 527//522 96//96 528//523
f 96//96 538//533 528//523
f 538//533 98//98 528//523
f 528//523 98//98 529//524
f 98//98 100//100 529//524
f 100//100 76//76 529//524
f 529//524 76//76 530//525
f 76//76 696//685 530//525
f 530//525 696//685 531//526
f 696//685 79//79 531//526
f 79//79 697//686 531//526
f 531//526 697//686 532//527
f 697//686 82//82 532//527
f 532//527 82//82 516//511
f 82//82 83//83 516//511
f 83//83 85//85 516//511
f 516//511 85//85 517//512
f 85//85 539//534 517//512
f 517//512 539//534 518//513
f 539//534 66//66 518//513
f 66//66 540//535 518//513
f 518//513 540//535 519//514
f 540//535 69//69 519//514
f 69//69 72//72 519//514
f 519//514 72//72 520//515
f 72//72 541//536 520//515
f 541//536 74//74 520//515
f 520//515 74//74 521//516
f 74//74 75//75 521//516
f 75//75 62//62 521//516
f 521//516 62//62 522//517
f 62//62 698//687 522//517
f 698//687 64//64 522//517
f 522//517 64//64 523//518
f 523//518 64//64 535//530
f 543//538 544//539 545//540
f 55//55 553//548 552//547
f 552//547 554//549 55//55
f 557//552 558//553 559//554
f 559//554 558//553 560//555
f 562//557 548//543 563//558
f 548//543 562//557 564//559
f 548//543 564//559 549//544
f 549//544 564//559 565//560
f 550//545 549//544 566//561
f 566//561 549//544 567//562
f 567//562 549//544 568//563
f 49//49 50//50 611//540
f 611//540 569//564 49//49
f 49//49 569//564 47//47
f 542//537 568//563 47//47
f 47//47 568//563 549//544
f 47//47 549//544 45//45
f 45//45 549//544 565//560
f 565//560 570//565 45//45
f 45//45 570//565 571//566
f 45//45 571//566 43//43
f 571//566 570//565 562//557
f 43//43 571//566 42//42
f 571//566 572//567 42//42
f 42//42 572//567 41//41
f 573//568 572//567 574//569
f 576//571 577//572 41//41
f 41//41 577//572 561//556
f 561//556 577//572 575//570
f 561//556 575//570 563//558
f 576//571 41//41 572//567
f 576//571 572//567 573//568
f 558//553 578//573 561//556
f 561//556 578//573 40//40
f 40//40 578//573 579//574
f 40//40 41//41 561//556
f 38//38 40//40 579//574
f 38//38 579//574 580//575
f 38//38 580//575 39//39
f 39//39 580//575 557//552
f 581//576 60//60 582//577
f 582//577 60//60 61//61
f 59//59 60//60 585//580
f 585//580 60//60 581//576
f 583//578 584//579 555//550
f 555//550 584//579 585//580
f 555//550 585//580 581//576
f 585//580 586//581 59//59
f 59//59 586//581 58//58
f 583//578 587//582 584//579
f 586//581 587//582 58//58
f 58//58 587//582 583//578
f 58//58 583//578 57//57
f 57//57 583//578 546//541
f 588//583 55//55 589//579
f 589//579 55//55 591//584
f 591//584 55//55 57//57
f 588//583 590//581 546//541
f 546//541 590//581 591//584
f 546//541 591//584 57//57
f 53//53 592//564 593//585
f 53//53 593//585 50//50
f 39//39 557//552 594//586
f 559//554 547//542 594//586
f 559//554 594//586 557//552
f 594//586 595//587 39//39
f 39//39 595//587 596//588
f 39//39 596//588 61//61
f 61//61 596//588 547//542
f 597//589 598//590 574//569
f 574//569 572//567 597//589
f 563//558 575//570 574//569
f 563//558 574//569 562//557
f 562//557 574//569 598//590
f 562//557 598//590 571//566
f 547//542 559//554 599//591
f 600//592 582//577 61//61
f 547//542 599//591 600//592
f 547//542 600//592 61//61
f 581//576 582//577 601//593
f 581//576 601//593 560//555
f 560//555 601//593 559//554
f 588//583 546//541 602//594
f 553//548 55//55 556//551
f 556//551 55//55 588//583
f 556//551 588//583 555//550
f 555//550 588//583 602//594
f 555//550 602//594 603//595
f 555//550 603//595 583//578
f 554//549 543//538 55//55
f 55//55 543//538 53//53
f 53//53 543//538 545//540
f 53//53 545//540 592//564
f 604//596 605//597 606//598
f 604//596 606//598 544//539
f 544//539 606//598 545//540
f 605//597 607//599 593//585
f 605//597 593//585 592//564
f 50//50 608//600 551//546
f 50//50 593//585 609//601
f 50//50 609//601 608//600
f 610//602 611//540 551//546
f 551//546 611//540 50//50
f 569//564 612//597 47//47
f 47//47 612//597 610//602
f 610//602 551//546 613//603
f 610//602 613//603 542//537
f 610//602 542//537 47//47
f 552//547 550//545 604//596
f 604//596 550//545 551//546
f 604//596 551//546 605//597
f 605//597 551//546 607//599
f 607//599 551//546 608//600
f 550//545 566//561 551//546
f 558//553 557//552 578//573
f 677//666 614//604 615//605
f 615//605 616//606 617//607
f 494//489 492//487 660//649
f 506//501 621//611 507//502
f 623//613 624//614 511//506
f 626//616 627//617 628//618
f 626//616 628//618 629//619
f 625//615 630//620 631//621
f 625//615 631//621 632//622
f 632//622 631//621 633//623
f 633//623 631//621 618//608
f 633//623 618//608 624//614
f 502//497 634//624 635//625
f 617//607 636//626 637//627
f 617//607 637//627 498//493
f 498//493 637//627 638//628
f 498//493 638//628 500//495
f 500//495 638//628 639//629
f 639//629 640//630 617//607
f 617//607 640//630 636//626
f 617//607 616//606 500//495
f 617//607 500//495 639//629
f 616//606 641//631 500//495
f 622//612 505//500 500//495
f 622//612 500//495 641//631
f 642//632 635//625 643//633
f 643//633 635//625 621//611
f 644//634 506//501 645//635
f 645//635 506//501 502//497
f 506//501 644//634 621//611
f 621//611 644//634 643//633
f 635//625 642//632 502//497
f 502//497 642//632 645//635
f 619//609 509//504 507//502
f 619//609 507//502 621//611
f 646//636 647//632 511//506
f 511//506 647//632 623//613
f 509//504 619//609 620//610
f 509//504 620//610 648//637
f 509//504 648//637 646//636
f 509//504 646//636 511//506
f 620//610 649//638 648//637
f 651//640 486//481 484//479
f 655//644 656//645 488//483
f 488//483 625//615 655//644
f 655//644 625//615 657//646
f 655//644 657//646 653//642
f 651//640 630//620 486//481
f 486//481 630//620 625//615
f 486//481 625//615 488//483
f 488//483 656//645 654//643
f 658//647 490//485 654//643
f 654//643 490//485 488//483
f 490//485 658//647 492//487
f 492//487 658//647 659//648
f 661//650 660//649 659//648
f 659//648 660//649 492//487
f 628//618 661//650 659//648
f 494//489 662//651 496//491
f 496//491 663//652 664//653
f 496//491 664//653 498//493
f 498//493 664//653 665//654
f 498//493 665//654 617//607
f 666//655 631//621 652//641
f 631//621 666//655 667//656
f 631//621 667//656 618//608
f 513//508 650//639 484//479
f 484//479 650//639 652//641
f 631//621 668//657 652//641
f 652//641 668//657 484//479
f 484//479 668//657 651//640
f 628//618 659//648 669//658
f 657//646 629//619 653//642
f 653//642 629//619 628//618
f 653//642 628//618 670//659
f 670//659 628//618 669//658
f 653//642 670//659 654//643
f 654//643 670//659 658//647
f 618//608 671//660 624//614
f 624//614 671//660 511//506
f 511//506 671//660 672//661
f 667//656 650//639 618//608
f 618//608 650//639 673//662
f 513//508 511//506 672//661
f 513//508 672//661 673//662
f 513//508 673//662 650//639
f 674//663 621//611 635//625
f 620//610 623//613 649//638
f 649//638 623//613 647//632
f 623//613 620//610 674//663
f 635//625 623//613 674//663
f 662//651 675//664 496//491
f 496//491 675//664 663//652
f 617//607 634//624 676//665
f 676//665 677//666 617//607
f 617//607 677//666 615//605
f 505//500 622//612 615//605
f 505//500 615//605 502//497
f 502//497 615//605 614//604
f 502//497 614//604 634//624
f 634//624 614//604 676//665
f 660//649 627//617 626//616
f 660//649 626//616 494//489
f 494//489 626//616 678//667
f 678//667 680//669 679//668
f 678//667 679//668 494//489
f 494//489 679//668 662//651
f 675//664 662//651 680//669
f 665//654 675//664 617//607
f 675//664 680//669 678//667
f 675//664 678//667 617//607
f 550//545 617//607 678//667
f 550//545 678//667 549//544
f 549//544 678//667 626//616
f 549//544 626//616 548//543
f 548//543 626//616 629//619
f 548//543 629//619 563//558
f 563//558 629//619 657//646
f 563//558 657//646 561//556
f 561//556 657//646 625//615
f 561//556 625//615 558//553
f 558//553 625//615 632//622
f 558//553 632//622 560//555
f 560//555 632//622 633//623
f 560//555 633//623 581//576
f 581//576 633//623 624//614
f 581//576 624//614 555//550
f 555//550 624//614 623//613
f 555//550 623//613 556//551
f 556//551 623//613 635//625
f 556//551 635//625 553//548
f 553//548 635//625 634//624
f 553//548 634//624 552//547
f 552//547 634//624 617//607
f 552//547 617//607 550//545
f 594//586 667//656 666//655
f 594//586 666//655 595//587
f 595//587 666//655 652//641
f 595//587 652//641 596//588
f 596//588 652//641 650//639
f 596//588 650//639 547//542
f 547//542 650//639 667//656
f 547//542 667//656 594//586
f 578//573 631//621 630//620
f 578//573 630//620 579//574
f 579//574 630//620 651//640
f 579//574 651//640 580//575
f 580//575 651//640 668//657
f 580//575 668//657 557//552
f 557//552 668//657 631//621
f 557//552 631//621 578//573
f 574//569 653//642 573//568
f 573//568 653//642 654//643
f 573//568 654//643 576//571
f 576//571 654//643 656//645
f 576//571 656//645 577//572
f 577//572 656//645 575//570
f 575//570 656//645 655//644
f 575//570 655//644 653//642
f 575//570 653//642 574//569
f 571//566 659//648 658//647
f 571//566 658//647 572//567
f 572//567 658//647 597//589
f 597//589 658//647 670//659
f 597//589 670//659 598//590
f 598//590 670//659 669//658
f 598//590 669//658 571//566
f 571//566 669//658 659//648
f 601//593 671//660 618//608
f 601//593 618//608 559//554
f 559//554 618//608 599//591
f 599//591 618//608 673//662
f 599//591 673//662 600//592
f 600//592 673//662 672//661
f 600//592 672//661 582//577
f 582//577 672//661 601//593
f 601//593 672//661 671//660
f 584//579 649//638 585//580
f 585//580 649//638 647//632
f 585//580 647//632 586//581
f 586//581 647//632 646//636
f 586//581 646//636 587//582
f 587//582 646//636 648//637
f 587//582 648//637 584//579
f 584//579 648//637 649//638
f 546//541 621//611 602//594
f 602//594 621//611 674//663
f 602//594 674//663 603//595
f 603//595 674//663 620//610
f 603//595 620//610 583//578
f 583//578 620//610 619//609
f 583//578 619//609 546//541
f 546//541 619//609 621//611
f 589//579 645//635 588//583
f 588//583 645//635 642//632
f 588//583 642//632 590//581
f 590//581 642//632 643//633
f 590//581 643//633 591//584
f 591//584 643//633 644//634
f 591//584 644//634 589//579
f 589//579 644//634 645//635
f 592//564 641//631 605//597
f 605//597 641//631 616//606
f 605//597 616//606 606//598
f 606//598 616//606 615//605
f 606//598 615//605 545//540
f 545//540 615//605 622//612
f 545//540 622//612 592//564
f 592//564 622//612 641//631
f 609//601 638//628 608//600
f 608//600 638//628 637//627
f 608//600 637//627 636//626
f 608//600 636//626 607//599
f 607//599 636//626 640//630
f 607//599 640//630 593//585
f 593//585 640//630 639//629
f 593//585 639//629 609//601
f 609//601 639//629 638//628
f 569//564 664//653 612//597
f 612//597 664//653 663//652
f 612//597 663//652 610//602
f 610//602 663//652 675//664
f 610//602 675//664 611//540
f 611//540 675//664 665//654
f 611//540 665//654 569//564
f 569//564 665//654 664//653
f 565//560 660//649 570//565
f 570//565 660//649 661//650
f 570//565 661//650 562//557
f 562//557 661//650 628//618
f 562//557 628//618 564//559
f 564//559 628//618 627//617
f 564//559 627//617 565//560
f 565//560 627//617 660//649
f 681//670 534//529 682//671
f 682//671 534//529 535//530
f 682//671 535//530 683//672
f 685//674 684//673 683//672
f 683//672 684//673 682//671
f 685//674 695//684 684//673
f 684//673 695//684 686//675
f 684//673 686//675 687//676
f 534//529 681//670 687//676
f 687//676 686//675 534//529
f 688//677 684//673 689//678
f 689//678 684//673 687//676
f 684//673 688//677 682//671
f 681//670 690//679 687//676
f 687//676 690//679 689//678
f 682//671 688//677 681//670
f 681//670 688//677 690//679
f 693//682 692//681 691//680
f 694//683 693//682 691//680
f 693//682 690//679 692//681
f 692//681 690//679 691//680
f 691//680 690//679 688//677
f 691//680 688//677 694//683
f 694//683 688//677 693//682
f 693//682 688//677 689//678
f 693//682 689//678 690//679
f 696//685 76//76 79//79
f 697//686 79//79 82//82
f 698//687 62//62 64//64
f 536//531 88//88 90//90
f 537//532 90//90 93//93
f 538//533 96//96 98//98
f 539//534 85//85 66//66
f 540//535 66//66 69//69
f 541//536 72//72 74//74
f 544//539 699//688 604//596
f 604//596 699//688 700//689
f 604//596 700//689 552//547
f 552//547 700//689 701//690
f 552//547 701//690 554//549
f 554//549 701//690 702//691
f 554//549 702//691 543//538
f 543//538 702//691 703//692
f 543//538 703//692 544//539
f 544//539 703//692 699//688
f 704//693 702//691 701//690
f 704//693 701//690 705//694
f 705//694 701//690 700//689
f 705//694 700//689 706//695
f 706//695 700//689 699//688
f 706//695 699//688 703//692
f 706//695 703//692 704//693
f 704//693 703//692 702//691
f 613//603 707//696 542//537
f 542//537 707//696 708//697
f 542//537 708//697 568//563
f 568//563 708//697 709//698
f 568//563 709//698 567//562
f 567//562 709//698 710//699
f 567//562 710//699 566//561
f 566//561 710//699 711//700
f 566//561 711//700 551//546
f 551//546 711//700 707//696
f 551//546 707//696 613//603
f 712//701 711//700 713//702
f 713//702 711//700 710//699
f 713//702 710//699 709//698
f 713//702 709//698 714//703
f 714//703 709//698 708//697
f 714//703 708//697 707//696
f 714//703 707//696 712//701
f 712//701 707//696 711//700
f 679//668 713//702 662//651
f 662//651 713//702 714//703
f 662//651 714//703 680//669
f 680//669 714//703 712//701
f 680//669 712//701 679//668
f 679//668 712//701 713//702
f 676//665 705//694 677//666
f 677//666 705//694 706//695
f 677//666 706//695 614//604
f 614//604 706//695 704//693
f 614//604 704//693 676//665
f 676//665 704//693 705//694
f 7//7 6//6 9//9
f 194//194 9//9 6//6
f 717//706 716//705 715//704
f 718//707 717//706 715//704
f 717//706 195//195 716//705
f 716//705 195//195 193//193
f 716//705 193//193 715//704
f 715//704 193//193 718//707
f 718//707 193//193 192//192
f 718//707 192//192 717//706
f 717//706 192//192 195//195
f 721//710 722//711 719//708
f 722//711 720//709 719//708
f 720//709 198//198 719//708
f 719//708 198//198 721//710
f 721//710 198//198 197//197
f 721//710 197//197 722//711
f 722//711 197//197 196//196
f 722//711 196//196 720//709
f 720//709 196//196 198//198
f 480//475 126//126 29//29
f 29//29 56//56 480//475
f 480//475 56//56 479//474
f 56//56 54//54 479//474
f 479//474 54//54 478//473
f 54//54 52//52 478//473
f 478//473 52//52 477//472
f 52//52 51//51 477//472
f 477//472 51//51 483//478
f 51//51 48//48 483//478
f 483//478 48//48 482//477
f 48//48 46//46 482//477
f 482//477 46//46 481//476
f 46//46 44//44 481//476
f 44//44 30//30 481//476
f 18//18 16//16 37//37
f 37//37 16//16 27//27
f 37//37 27//27 29//29
f 10//10 9//9 21//21
f 21//21 9//9 194//194
f 194//194 30//30 21//21
f 87//87 685//674 683//672
f 724//713 725//714 63//63
f 683//672 120//120 87//87
f 207//207 156//156 102//102
f 207//207 102//102 204//204
f 207//207 202//202 156//156
f 156//156 202//202 190//190
f 202//202 209//209 190//190
f 190//190 209//209 188//188
f 188//188 209//209 186//186
f 220//220 177//177 180//180
f 220//220 180//180 221//221
f 154//154 218//218 180//180
f 180//180 218//218 221//221
f 182//182 185//185 213//213
f 182//182 213//213 216//216
f 182//182 216//216 154//154
f 154//154 216//216 218//218
f 463//458 277//276 306//305
f 463//458 306//305 467//462
f 467//462 306//305 464//459
f 464//459 306//305 305//304
f 466//461 243//243 242//242
f 466//461 242//242 462//457
f 462//457 242//242 241//241
f 462//457 241//241 465//460
f 463//458 465//460 277//276
f 277//276 465//460 241//241
f 466//461 464//459 243//243
f 243//243 464//459 305//304
f 458//453 300//299 453//448
f 453//448 300//299 301//300
f 453//448 301//300 457//452
f 457//452 301//300 245//245
f 456//451 247//247 249//249
f 456//451 249//249 455//450
f 455//450 249//249 233//233
f 455//450 233//233 454//449
f 458//453 454//449 300//299
f 300//299 454//449 233//233
f 456//451 457//452 247//247
f 247//247 457//452 245//245
f 449//444 298//297 444//439
f 444//439 298//297 297//296
f 444//439 297//296 447//442
f 448//443 255//255 446//441
f 446//441 255//255 254//254
f 449//444 446//441 298//297
f 298//297 446//441 254//254
f 448//443 447//442 255//255
f 255//255 447//442 297//296
f 440//436 258//258 441//437
f 441//437 258//258 256//256
f 439//435 295//294 294//293
f 439//435 294//293 438//434
f 439//435 441//437 295//294
f 295//294 441//437 256//256
f 440//436 438//434 258//258
f 258//258 438//434 294//293
f 431//427 261//261 292//291
f 431//427 292//291 432//428
f 432//428 292//291 433//429
f 433//429 292//291 291//290
f 429//425 265//264 264//263
f 429//425 264//263 426//422
f 426//422 264//263 262//262
f 426//422 262//262 430//426
f 431//427 430//426 261//261
f 261//261 430//426 262//262
f 429//425 433//429 265//264
f 265//264 433//429 291//290
f 423//419 269//268 228//228
f 423//419 228//228 422//418
f 422//418 228//228 266//265
f 422//418 266//265 420//416
f 421//417 289//288 419//415
f 419//415 289//288 288//287
f 419//415 288//287 424//420
f 424//420 288//287 287//286
f 421//417 420//416 289//288
f 289//288 420//416 266//265
f 423//419 424//420 269//268
f 269//268 424//420 287//286
f 413//409 272//271 237//237
f 413//409 237//237 414//410
f 414//410 237//237 229//229
f 414//410 229//229 412//408
f 286//285 410//406 411//407
f 286//285 411//407 275//274
f 410//406 286//285 409//405
f 409//405 286//285 285//284
f 411//407 412//408 275//274
f 275//274 412//408 229//229
f 413//409 409//405 272//271
f 272//271 409//405 285//284
f 402//398 231//231 238//238
f 402//398 238//238 398//394
f 398//394 238//238 273//272
f 398//394 273//272 403//399
f 401//397 307//306 400//396
f 400//396 307//306 280//279
f 400//396 280//279 404//400
f 404//400 280//279 279//278
f 401//397 403//399 307//306
f 307//306 403//399 273//272
f 402//398 404//400 231//231
f 231//231 404//400 279//278
f 820//809 757//746 817//806
f 818//807 758//747 756//745
f 824//813 761//750 821//810
f 828//817 763//752 825//814
f 875//864 768//757 829//818
f 835//824 771//760 832//821
f 841//830 781//770 780//769
f 854//843 792//781 851//840
f 851//840 792//781 793//782
f 858//847 798//787 855//844
f 856//845 799//788 797//786
f 856//845 797//786 857//846
f 862//851 802//791 859//848
f 866//855 807//796 863//852
f 865//854 806//795 805//794
f 870//859 811//800 867//856
f 874//863 815//804 871//860
f 818//807 819//808 817//806
f 820//809 817//806 819//808
f 817//806 757//746 758//747
f 817//806 758//747 818//807
f 820//809 755//744 757//746
f 819//808 756//745 820//809
f 820//809 756//745 755//744
f 818//807 756//745 819//808
f 824//813 821//810 823//812
f 823//812 821//810 822//811
f 821//810 761//750 762//751
f 821//810 762//751 822//811
f 824//813 759//748 761//750
f 823//812 760//749 824//813
f 824//813 760//749 759//748
f 822//811 762//751 823//812
f 826//815 827//816 825//814
f 827//816 828//817 825//814
f 825//814 764//753 766//755
f 825//814 766//755 826//815
f 825//814 763//752 764//753
f 827//816 765//754 763//752
f 827//816 763//752 828//817
f 826//815 766//755 827//816
f 827//816 766//755 765//754
f 831//820 875//864 829//818
f 830//819 831//820 829//818
f 829//818 768//757 770//759
f 829//818 770//759 830//819
f 875//864 767//756 768//757
f 831//820 769//758 875//864
f 875//864 769//758 767//756
f 830//819 770//759 831//820
f 831//820 770//759 769//758
f 835//824 832//821 834//823
f 833//822 834//823 832//821
f 832//821 773//762 774//763
f 832//821 774//763 833//822
f 832//821 771//760 773//762
f 834//823 772//761 771//760
f 834//823 771//760 835//824
f 833//822 774//763 834//823
f 834//823 774//763 772//761
f 838//827 876//865 836//825
f 837//826 838//827 836//825
f 836//825 777//766 778//767
f 836//825 778//767 837//826
f 876//865 775//764 836//825
f 836//825 775//764 777//766
f 838//827 776//765 876//865
f 876//865 776//765 775//764
f 837//826 778//767 838//827
f 838//827 778//767 776//765
f 840//829 841//830 839//828
f 842//831 839//828 841//830
f 839//828 782//771 783//772
f 839//828 783//772 840//829
f 842//831 779//768 839//828
f 839//828 779//768 782//771
f 841//830 780//769 842//831
f 842//831 780//769 779//768
f 840//829 783//772 841//830
f 841//830 783//772 781//770
f 844//833 845//834 843//832
f 846//835 843//832 845//834
f 843//832 786//775 787//776
f 843//832 787//776 844//833
f 846//835 784//773 843//832
f 843//832 784//773 786//775
f 845//834 785//774 846//835
f 846//835 785//774 784//773
f 844//833 787//776 845//834
f 845//834 787//776 785//774
f 850//839 847//836 848//837
f 850//839 848//837 849//838
f 847//836 790//779 848//837
f 848//837 790//779 791//780
f 850//839 788//777 790//779
f 849//838 789//778 850//839
f 850//839 789//778 788//777
f 848//837 791//780 849//838
f 849//838 791//780 789//778
f 852//841 853//842 854//843
f 852//841 854//843 851//840
f 851//840 793//782 852//841
f 852//841 793//782 795//784
f 853//842 794//783 854//843
f 854//843 794//783 792//781
f 852//841 795//784 853//842
f 853//842 795//784 794//783
f 855//844 856//845 857//846
f 857//846 858//847 855//844
f 855//844 798//787 856//845
f 856//845 798//787 799//788
f 858//847 796//785 798//787
f 857//846 797//786 858//847
f 858//847 797//786 796//785
f 860//849 861//850 859//848
f 862//851 859//848 861//850
f 859//848 802//791 860//849
f 860//849 802//791 803//792
f 862//851 800//789 802//791
f 861//850 801//790 862//851
f 862//851 801//790 800//789
f 860//849 803//792 861//850
f 861//850 803//792 801//790
f 864//853 865//854 863//852
f 866//855 863//852 865//854
f 863//852 807//796 808//797
f 863//852 808//797 864//853
f 866//855 804//793 807//796
f 865//854 805//794 866//855
f 866//855 805//794 804//793
f 864//853 806//795 865//854
f 868//857 869//858 867//856
f 870//859 867//856 869//858
f 867//856 811//800 812//801
f 867//856 812//801 868//857
f 870//859 809//798 811//800
f 869//858 810//799 870//859
f 870//859 810//799 809//798
f 868//857 812//801 869//858
f 869//858 812//801 810//799
f 871//860 872//861 873//862
f 874//863 871//860 873//862
f 871//860 815//804 816//805
f 871//860 816//805 872//861
f 874//863 813//802 815//804
f 873//862 814//803 874//863
f 874//863 814//803 813//802
f 872//861 816//805 873//862
f 873//862 816//805 814//803
f 884//873 879//868 881//870
f 882//871 883//872 881//870
f 883//872 884//873 881//870
f 881//870 879//868 880//869
f 881//870 880//869 882//871
f 884//873 877//866 879//868
f 883//872 878//867 877//866
f 883//872 877//866 884//873
f 882//871 880//869 883//872
f 883//872 880//869 878//867
f 930//919 885//874 929//918
f 929//918 885//874 887//876
f 931//920 888//877 932//921
f 932//921 888//877 886//875
f 934//923 889//878 933//922
f 933//922 889//878 891//880
f 935//924 892//881 936//925
f 936//925 892//881 890//879
f 937//926 894//883 895//884
f 938//927 893//882 937//926
f 937//926 893//882 894//883
f 939//928 896//885 940//929
f 940//929 896//885 1998//1730
f 942//931 898//887 941//930
f 941//930 898//887 899//888
f 943//932 900//889 944//933
f 944//933 900//889 897//886
f 947//936 904//893 948//937
f 948//937 904//893 901//890
f 951//940 908//897 952//941
f 952//941 908//897 906//895
f 955//944 912//901 956//945
f 956//945 912//901 910//899
f 959//948 916//905 960//949
f 960//949 916//905 914//903
f 962//951 917//906 961//950
f 961//950 917//906 919//908
f 963//952 920//909 964//953
f 964//953 920//909 918//907
f 966//955 921//910 965//954
f 965//954 921//910 923//912
f 967//956 924//913 968//957
f 968//957 924//913 922//911
f 970//959 925//914 969//958
f 969//958 925//914 927//916
f 971//960 928//917 972//961
f 972//961 928//917 926//915
f 968//957 966//955 965//954
f 968//957 965//954 967//956
f 965//954 923//912 924//913
f 965//954 924//913 967//956
f 968//957 922//911 966//955
f 966//955 922//911 921//910
f 962//951 961//950 964//953
f 964//953 961//950 963//952
f 964//953 918//907 962//951
f 962//951 918//907 917//906
f 959//948 960//949 957//946
f 957//946 960//949 958//947
f 957//946 915//904 916//905
f 957//946 916//905 959//948
f 960//949 914//903 913//902
f 960//949 913//902 958//947
f 956//945 954//943 953//942
f 955//944 956//945 953//942
f 953//942 911//900 912//901
f 953//942 912//901 955//944
f 956//945 910//899 909//898
f 956//945 909//898 954//943
f 949//938 951//940 952//941
f 950//939 949//938 952//941
f 949//938 907//896 908//897
f 949//938 908//897 951//940
f 952//941 906//895 950//939
f 950//939 906//895 905//894
f 948//937 946//935 947//936
f 947//936 946//935 945//934
f 945//934 903//892 947//936
f 947//936 903//892 904//893
f 946//935 902//891 945//934
f 945//934 902//891 903//892
f 948//937 901//890 946//935
f 946//935 901//890 902//891
f 942//931 941//930 944//933
f 943//932 944//933 941//930
f 941//930 899//888 943//932
f 943//932 899//888 900//889
f 944//933 897//886 942//931
f 942//931 897//886 898//887
f 938//927 937//926 940//929
f 940//929 937//926 939//928
f 937//926 895//884 939//928
f 939//928 895//884 896//885
f 940//929 1998//1730 938//927
f 938//927 1998//1730 893//882
f 934//923 933//922 936//925
f 936//925 933//922 935//924
f 933//922 891//880 892//881
f 933//922 892//881 935//924
f 936//925 890//879 934//923
f 934//923 890//879 889//878
f 931//920 932//921 929//918
f 929//918 932//921 930//919
f 929//918 887//876 888//877
f 929//918 888//877 931//920
f 932//921 886//875 930//919
f 930//919 886//875 885//874
f 969//958 971//960 972//961
f 970//959 969//958 972//961
f 969//958 927//916 928//917
f 969//958 928//917 971//960
f 972//961 926//915 970//959
f 970//959 926//915 925//914
f 978//967 973//962 977//966
f 977//966 973//962 975//964
f 979//968 974//963 980//969
f 980//969 978//967 977//966
f 979//968 980//969 977//966
f 977//966 975//964 976//965
f 977//966 976//965 979//968
f 980//969 974//963 973//962
f 980//969 973//962 978//967
f 1006//995 1007//996 1008//997
f 1190//1177 1222//1208 1014//1003
f 1014//1003 1222//1208 1015//1004
f 1014//1003 1015//1004 1016//1005
f 1016//1005 1015//1004 1017//1006
f 1195//1177 1018//1007 1019//1003
f 1019//1003 1018//1007 1020//1008
f 1019//1003 1020//1008 1021//1005
f 1021//1005 1020//1008 1022//1009
f 1025//1012 1024//1011 1023//1010
f 1025//1012 1023//1010 1026//1013
f 1025//1012 1026//1013 1028//1015
f 1026//1013 1029//1016 1028//1015
f 1028//1015 1029//1016 1027//1014
f 1033//1020 1034//1021 1032//1019
f 1034//1021 1035//1022 1032//1019
f 1030//1017 1035//1022 1034//1021
f 1036//1023 1035//1022 1030//1017
f 1036//1023 1030//1017 1031//1018
f 1032//1019 1035//1022 1041//1028
f 1060//1047 1035//1022 1059//1046
f 1059//1046 1035//1022 1036//1023
f 1036//1023 1073//1060 1059//1046
f 1042//1029 1073//1060 1041//1028
f 1041//1028 1073//1060 1032//1019
f 1072//1059 1037//1024 1063//1050
f 1063//1050 1037//1024 1038//1025
f 1063//1050 1038//1025 1062//1049
f 1062//1049 1038//1025 1039//1026
f 1062//1049 1039//1026 1061//1048
f 1061//1048 1039//1026 1040//1027
f 1061//1048 1040//1027 1060//1047
f 1060//1047 1040//1027 1041//1028
f 1060//1047 1041//1028 1035//1022
f 1059//1046 1073//1060 1042//1029
f 1059//1046 1042//1029 1058//1045
f 1058//1045 1042//1029 1043//1030
f 1058//1045 1043//1030 1057//1044
f 1057//1044 1043//1030 1044//1031
f 1057//1044 1044//1031 1056//1043
f 1056//1043 1044//1031 1045//1032
f 1056//1043 1045//1032 1055//1042
f 1055//1042 1045//1032 1054//1041
f 1075//1062 1078//1065 1076//1063
f 1105//1092 1106//1093 777//766
f 1113//1100 1112//1099 1114//1101
f 744//733 1082//1069 1083//1070
f 744//733 1083//1070 745//734
f 745//734 1083//1070 1084//1071
f 745//734 1084//1071 746//735
f 746//735 1084//1071 1085//1072
f 746//735 1085//1072 747//736
f 747//736 1085//1072 1081//1068
f 747//736 1081//1068 1079//1066
f 747//736 1079//1066 748//737
f 748//737 1079//1066 749//738
f 749//738 1079//1066 1080//1067
f 749//738 1080//1067 750//739
f 750//739 1080//1067 751//740
f 751//740 1080//1067 1078//1065
f 751//740 1078//1065 752//741
f 752//741 1078//1065 1075//1062
f 752//741 1075//1062 753//742
f 753//742 1075//1062 1077//1064
f 753//742 1077//1064 754//743
f 754//743 1077//1064 1074//1061
f 1134//1121 1133//1120 1135//1122
f 1137//1124 1146//1133 1147//1134
f 1147//1134 1146//1133 1148//1135
f 1147//1134 1148//1135 1149//1136
f 1149//1136 1148//1135 1918//1650
f 1149//1136 1918//1650 1150//1137
f 1150//1137 1918//1650 1151//1138
f 1150//1137 1151//1138 1152//1139
f 1152//1139 1151//1138 1153//1140
f 1152//1139 1153//1140 1154//1141
f 1154//1141 1153//1140 1155//1142
f 1154//1141 1155//1142 1156//1143
f 1156//1143 1155//1142 1157//1144
f 1156//1143 1157//1144 1158//1145
f 1158//1145 1157//1144 1159//1146
f 1158//1145 1159//1146 1160//1147
f 1160//1147 1159//1146 1161//1148
f 1160//1147 1161//1148 1145//1132
f 1145//1132 1161//1148 1135//1122
f 1145//1132 1135//1122 1144//1131
f 1144//1131 1135//1122 1132//1119
f 1144//1131 1132//1119 1143//1130
f 1143//1130 1132//1119 1142//1129
f 1142//1129 1130//1117 1141//1128
f 1141//1128 1130//1117 1129//1116
f 1141//1128 1129//1116 1140//1127
f 1140//1127 1129//1116 1128//1115
f 1140//1127 1128//1115 1127//1114
f 1140//1127 1127//1114 1139//1126
f 1139//1126 1127//1114 1162//1149
f 1139//1126 1162//1149 1138//1125
f 1138//1125 1162//1149 1136//1123
f 1136//1123 1162//1149 1123//1110
f 1136//1123 1123//1110 1137//1124
f 1137//1124 1123//1110 1122//1109
f 1137//1124 1122//1109 1146//1133
f 1135//1122 1133//1120 1132//1119
f 1142//1129 1132//1119 1131//1118
f 1142//1129 1131//1118 1130//1117
f 1127//1114 1126//1113 1162//1149
f 1162//1149 1126//1113 1125//1112
f 1162//1149 1125//1112 1124//1111
f 1162//1149 1124//1111 1123//1110
f 1163//1150 1164//1151 1165//1152
f 1163//1150 1165//1152 1166//1153
f 1166//1153 1165//1152 1167//1154
f 1166//1153 1167//1154 1168//1155
f 1168//1155 1167//1154 1169//1156
f 1168//1155 1169//1156 1170//1157
f 1170//1157 1169//1156 1171//1158
f 1170//1157 1171//1158 1172//1159
f 1173//1160 1174//1161 1175//1162
f 1173//1160 1175//1162 1176//1163
f 1176//1163 1175//1162 1177//1164
f 1176//1163 1177//1164 1178//1165
f 1178//1165 1177//1164 1179//1166
f 1178//1165 1179//1166 1180//1167
f 1180//1167 1179//1166 1181//1168
f 1180//1167 1181//1168 1182//1169
f 1180//1167 1182//1169 1183//1170
f 1180//1167 1183//1170 1184//1171
f 1184//1171 1183//1170 1185//1172
f 1184//1171 1185//1172 1186//1173
f 1184//1171 1186//1173 1187//1174
f 1187//1174 1186//1173 1188//1175
f 1016//1005 1190//1177 1191//1178
f 1192//1179 1193//1180 1014//1003
f 1191//1178 1190//1177 1194//1181
f 1194//1181 1190//1177 1197//1183
f 1195//1177 1019//1003 1189//1176
f 1189//1176 1019//1003 1198//1184
f 1198//1184 1019//1003 1199//1185
f 1190//1177 1014//1003 1197//1183
f 1197//1183 1014//1003 1193//1180
f 1197//1183 1193//1180 1200//1186
f 1200//1186 1193//1180 1201//1187
f 1192//1179 1014//1003 1202//1188
f 1016//1005 1203//1189 1014//1003
f 1014//1003 1203//1189 1202//1188
f 1196//1182 1204//1190 1205//1191
f 1205//1191 1204//1190 1206//1192
f 1205//1191 1206//1192 1201//1187
f 1201//1187 1206//1192 1207//1193
f 1201//1187 1207//1193 1200//1186
f 1196//1182 1195//1177 1189//1176
f 1196//1182 1189//1176 1208//1194
f 1196//1182 1208//1194 1204//1190
f 1199//1185 1019//1003 1021//1005
f 1209//1195 1210//1196 1195//1177
f 1016//1005 1191//1178 1211//1197
f 1195//1177 1210//1196 1021//1005
f 1021//1005 1210//1196 1212//1198
f 1195//1177 1196//1182 1209//1195
f 1199//1185 1021//1005 1212//1198
f 1199//1185 1212//1198 1213//1199
f 1213//1199 1212//1198 1214//1200
f 1213//1199 1214//1200 1215//1201
f 1216//1202 1217//1203 1218//1204
f 1216//1202 1218//1204 1219//1205
f 1219//1205 1218//1204 1220//1206
f 1219//1205 1220//1206 1214//1200
f 1214//1200 1220//1206 1215//1201
f 1203//1189 1016//1005 1211//1197
f 1203//1189 1211//1197 1216//1202
f 1216//1202 1211//1197 1217//1203
f 1022//1009 1020//1008 1180//1167
f 1221//1207 1222//1208 1223//1209
f 1180//1167 1224//1210 1225//1211
f 1165//1152 1226//1212 1167//1154
f 1022//1009 1180//1167 1225//1211
f 1180//1167 1184//1171 1224//1210
f 1224//1210 1184//1171 1164//1151
f 1164//1151 1184//1171 1187//1174
f 1164//1151 1187//1174 1227//1213
f 1164//1151 1227//1213 1165//1152
f 1165//1152 1227//1213 1226//1212
f 1180//1167 1020//1008 1178//1165
f 1178//1165 1020//1008 1018//1007
f 1228//1214 1176//1163 1229//1215
f 1229//1215 1176//1163 1178//1165
f 1229//1215 1178//1165 1018//1007
f 1229//1215 1018//1007 1225//1211
f 1225//1211 1018//1007 1022//1009
f 1222//1208 1221//1207 1169//1156
f 1222//1208 1169//1156 1015//1004
f 1015//1004 1169//1156 1167//1154
f 1015//1004 1167//1154 1017//1006
f 1017//1006 1167//1154 1226//1212
f 1017//1006 1226//1212 1223//1209
f 1017//1006 1223//1209 1222//1208
f 1221//1207 1230//1216 1169//1156
f 1169//1156 1230//1216 1171//1158
f 1171//1158 1230//1216 1231//1217
f 1171//1158 1231//1217 1173//1160
f 1171//1158 1173//1160 1228//1214
f 1228//1214 1173//1160 1176//1163
f 1232//1218 1233//1219 1234//1220
f 1232//1218 1234//1220 1235//1221
f 1235//1221 1234//1220 1236//1222
f 1235//1221 1236//1222 1237//1223
f 1237//1223 1236//1222 1238//1224
f 1237//1223 1238//1224 1239//1225
f 1239//1225 1238//1224 1240//1226
f 1240//1226 1238//1224 1241//1227
f 1240//1226 1241//1227 1242//1228
f 1242//1228 1241//1227 1243//1229
f 1242//1228 1243//1229 1244//1230
f 1242//1228 1244//1230 1245//1231
f 1245//1231 1244//1230 1246//1232
f 1245//1231 1246//1232 1247//1233
f 1247//1233 1246//1232 1248//1234
f 1247//1233 1248//1234 1249//1235
f 1249//1235 1248//1234 1250//1236
f 1249//1235 1250//1236 1251//1237
f 1251//1237 1250//1236 1252//1238
f 1251//1237 1252//1238 1253//1239
f 1253//1239 1252//1238 1254//1240
f 1253//1239 1254//1240 1255//1241
f 1255//1241 1274//1252 1256//1242
f 1255//1241 1256//1242 1253//1239
f 1253//1239 1256//1242 1251//1237
f 1251//1237 1256//1242 1257//1236
f 1251//1237 1257//1236 1249//1235
f 1249//1235 1257//1236 1258//1234
f 1249//1235 1258//1234 1259//1232
f 1249//1235 1259//1232 1247//1233
f 1247//1233 1259//1232 1260//1230
f 1247//1233 1260//1230 1245//1231
f 1245//1231 1260//1230 1261//1229
f 1245//1231 1261//1229 1242//1228
f 1242//1228 1261//1229 1262//1227
f 1242//1228 1262//1227 1240//1226
f 1240//1226 1262//1227 1263//1224
f 1240//1226 1263//1224 1239//1225
f 1239//1225 1263//1224 1264//1220
f 1239//1225 1264//1220 1235//1221
f 1235//1221 1264//1220 1265//1243
f 1235//1221 1265//1243 1232//1218
f 1280//1255 1266//1244 1267//1245
f 1269//1247 1270//1248 1271//1249
f 1271//1249 1270//1248 1272//1250
f 1271//1249 1272//1250 1273//1251
f 1274//1252 1275//1240 1256//1242
f 1256//1242 1275//1240 1276//1238
f 1256//1242 1276//1238 1257//1236
f 1263//1224 1277//1222 1264//1220
f 1278//1253 1279//1254 1280//1255
f 1280//1255 1279//1254 1266//1244
f 1285//1260 1286//1261 1287//1262
f 1287//1262 1286//1261 1288//1263
f 1287//1262 1288//1263 1289//1264
f 1290//1265 1289//1264 1291//1266
f 1290//1265 1291//1266 1232//1218
f 1235//1221 1237//1223 1239//1225
f 1292//1267 1312//1252 1293//1242
f 1292//1267 1293//1242 1294//1268
f 1294//1268 1293//1242 1295//1269
f 1295//1269 1293//1242 1250//1236
f 1295//1269 1250//1236 1296//1270
f 1296//1270 1250//1236 1248//1234
f 1296//1270 1248//1234 1246//1232
f 1296//1270 1246//1232 1297//1271
f 1297//1271 1246//1232 1244//1230
f 1297//1271 1244//1230 1298//1272
f 1298//1272 1244//1230 1243//1229
f 1298//1272 1243//1229 1299//1273
f 1299//1273 1243//1229 1241//1227
f 1299//1273 1241//1227 1300//1274
f 1300//1274 1241//1227 1238//1224
f 1300//1274 1238//1224 1301//1275
f 1301//1275 1238//1224 1234//1220
f 1301//1275 1234//1220 1302//1276
f 1302//1276 1234//1220 1233//1219
f 1302//1276 1233//1219 1303//1277
f 1315//1281 1304//1244 1305//1278
f 1307//1247 1308//1248 1309//1249
f 1309//1249 1308//1248 1310//1250
f 1309//1249 1310//1250 1311//1251
f 1312//1252 1254//1240 1293//1242
f 1293//1242 1254//1240 1252//1238
f 1293//1242 1252//1238 1250//1236
f 1238//1224 1236//1222 1234//1220
f 1313//1280 1314//1254 1315//1281
f 1315//1281 1314//1254 1304//1244
f 1324//1290 1325//1291 1303//1277
f 1303//1277 1325//1291 1326//1292
f 1303//1277 1326//1292 1302//1276
f 1302//1276 1327//1293 1301//1275
f 1328//1294 1349//1315 981//970
f 1328//1294 981//970 1329//1295
f 1329//1295 981//970 1330//1296
f 1329//1295 1330//1296 1331//1297
f 1331//1297 1330//1296 1332//1298
f 1332//1298 1330//1296 984//973
f 1332//1298 984//973 985//974
f 1332//1298 985//974 1333//1299
f 1333//1299 985//974 1334//1300
f 1334//1300 985//974 986//975
f 1334//1300 986//975 1335//1301
f 1335//1301 986//975 987//976
f 1335//1301 987//976 1336//1302
f 1336//1302 987//976 988//977
f 1336//1302 988//977 1337//1303
f 1337//1303 988//977 989//978
f 1337//1303 989//978 1338//1304
f 1338//1304 989//978 991//980
f 1338//1304 991//980 1339//1305
f 1340//1306 1341//1307 1342//1308
f 1342//1308 1343//1309 1344//1310
f 1344//1310 1343//1309 1345//1311
f 1344//1310 1345//1311 1346//1312
f 1347//1313 1348//1314 1349//1315
f 981//970 982//971 1330//1296
f 1330//1296 982//971 983//972
f 1330//1296 983//972 984//973
f 989//978 990//979 991//980
f 991//980 1350//1316 1351//1317
f 1351//1317 1352//1318 1340//1306
f 1340//1306 1352//1318 1341//1307
f 1357//1323 1358//1261 1359//1324
f 1359//1324 1358//1261 1360//1263
f 1359//1324 1360//1263 1361//1325
f 1362//1326 1361//1325 1363//1266
f 1362//1326 1363//1266 1339//1305
f 1338//1304 1364//1223 1337//1303
f 1365//1218 1366//1327 1367//1328
f 1365//1218 1367//1328 1368//1221
f 1368//1221 1367//1328 1369//1222
f 1368//1221 1369//1222 1370//1223
f 1370//1223 1369//1222 1371//1329
f 1370//1223 1371//1329 1372//1225
f 1372//1225 1371//1329 1373//1226
f 1373//1226 1371//1329 1374//1330
f 1373//1226 1374//1330 1375//1228
f 1375//1228 1374//1330 1376//1331
f 1375//1228 1376//1331 1377//1332
f 1375//1228 1377//1332 1378//1231
f 1378//1231 1377//1332 1379//1333
f 1378//1231 1379//1333 1380//1233
f 1380//1233 1379//1333 1381//1334
f 1380//1233 1381//1334 1382//1235
f 1382//1235 1381//1334 1383//1335
f 1382//1235 1383//1335 1384//1237
f 1384//1237 1383//1335 1385//1238
f 1384//1237 1385//1238 1386//1239
f 1386//1239 1385//1238 1387//1240
f 1386//1239 1387//1240 1388//1241
f 1388//1241 1407//1252 1389//1242
f 1388//1241 1389//1242 1386//1239
f 1386//1239 1389//1242 1384//1237
f 1384//1237 1389//1242 1390//1236
f 1384//1237 1390//1236 1382//1235
f 1382//1235 1390//1236 1391//1234
f 1382//1235 1391//1234 1392//1232
f 1382//1235 1392//1232 1380//1233
f 1380//1233 1392//1232 1393//1230
f 1380//1233 1393//1230 1378//1231
f 1378//1231 1393//1230 1394//1229
f 1378//1231 1394//1229 1375//1228
f 1375//1228 1394//1229 1395//1227
f 1375//1228 1395//1227 1373//1226
f 1373//1226 1395//1227 1396//1224
f 1373//1226 1396//1224 1372//1225
f 1372//1225 1396//1224 1397//1220
f 1372//1225 1397//1220 1368//1221
f 1368//1221 1397//1220 1398//1243
f 1368//1221 1398//1243 1365//1218
f 1413//1255 1399//1244 1400//1245
f 1402//1247 1403//1248 1404//1249
f 1404//1249 1403//1248 1405//1250
f 1404//1249 1405//1250 1406//1251
f 1407//1252 1408//1240 1389//1242
f 1389//1242 1408//1240 1409//1238
f 1389//1242 1409//1238 1390//1236
f 1396//1224 1410//1222 1397//1220
f 1411//1253 1412//1254 1413//1255
f 1413//1255 1412//1254 1399//1244
f 1418//1260 1419//1261 1420//1262
f 1420//1262 1419//1261 1421//1263
f 1420//1262 1421//1263 1422//1264
f 1423//1265 1422//1264 1424//1266
f 1423//1265 1424//1266 1365//1218
f 1368//1221 1370//1223 1372//1225
f 1004//993 1434//1342 1425//1336
f 1004//993 1425//1336 1003//992
f 1003//992 1425//1336 1001//990
f 1001//990 1425//1336 1383//1335
f 1001//990 1383//1335 1000//989
f 1000//989 1383//1335 1381//1334
f 1000//989 1381//1334 1379//1333
f 1000//989 1379//1333 999//988
f 999//988 1379//1333 1377//1332
f 999//988 1377//1332 998//987
f 998//987 1377//1332 1376//1331
f 998//987 1376//1331 997//986
f 997//986 1376//1331 1374//1330
f 997//986 1374//1330 996//985
f 996//985 1374//1330 1371//1329
f 996//985 1371//1329 995//984
f 995//984 1371//1329 1367//1328
f 995//984 1367//1328 994//983
f 994//983 1367//1328 1366//1327
f 994//983 1366//1327 992//981
f 1437//1344 1426//1244 1427//1337
f 1429//1339 1430//1248 1431//1340
f 1431//1340 1430//1248 1432//1250
f 1431//1340 1432//1250 1433//1341
f 1434//1342 1387//1240 1425//1336
f 1425//1336 1387//1240 1385//1238
f 1425//1336 1385//1238 1383//1335
f 1371//1329 1369//1222 1367//1328
f 1435//1343 1436//1254 1437//1344
f 1437//1344 1436//1254 1426//1244
f 1441//1348 1442//1349 1443//1350
f 1443//1350 1442//1349 1444//1351
f 1443//1350 1444//1351 1445//1352
f 1445//1352 1446//1353 1447//1354
f 1447//1354 1448//1355 992//981
f 992//981 993//982 994//983
f 1001//990 1002//991 1003//992
f 1449//1241 1478//1373 1450//1242
f 1449//1241 1450//1242 1451//1239
f 1451//1239 1450//1242 1452//1237
f 1452//1237 1450//1242 1453//1356
f 1452//1237 1453//1356 1454//1235
f 1454//1235 1453//1356 1455//1357
f 1454//1235 1455//1357 1456//1358
f 1454//1235 1456//1358 1457//1233
f 1457//1233 1456//1358 1458//1359
f 1457//1233 1458//1359 1459//1231
f 1459//1231 1458//1359 1460//1360
f 1459//1231 1460//1360 1461//1228
f 1461//1228 1460//1360 1462//1361
f 1461//1228 1462//1361 1463//1362
f 1463//1362 1462//1361 1464//1363
f 1463//1362 1464//1363 1465//1225
f 1465//1225 1464//1363 1466//1364
f 1465//1225 1466//1364 1467//1221
f 1467//1221 1466//1364 1468//1365
f 1467//1221 1468//1365 1469//1218
f 1484//1255 1470//1366 1471//1367
f 1473//1369 1474//1370 1475//1249
f 1475//1249 1474//1370 1476//1371
f 1475//1249 1476//1371 1477//1372
f 1478//1373 1479//1374 1450//1242
f 1450//1242 1479//1374 1480//1375
f 1450//1242 1480//1375 1453//1356
f 1464//1363 1481//1376 1466//1364
f 1482//1377 1483//1378 1484//1255
f 1484//1255 1483//1378 1470//1366
f 1489//1260 1490//1261 1491//1262
f 1491//1262 1490//1261 1492//1263
f 1491//1262 1492//1263 1493//1264
f 1494//1265 1493//1264 1495//1266
f 1494//1265 1495//1266 1469//1218
f 1467//1221 1496//1223 1465//1225
f 1497//1379 1498//1380 1499//1381
f 1497//1379 1499//1381 1500//1382
f 1497//1379 1500//1382 1501//1383
f 1501//1383 1500//1382 1502//1384
f 1501//1383 1502//1384 1503//1385
f 1503//1385 1502//1384 1504//1386
f 1503//1385 1504//1386 1505//1387
f 1505//1387 1504//1386 2048//1780
f 1024//1011 1025//1012 1506//1388
f 1506//1388 1025//1012 1507//1389
f 1506//1388 1507//1389 1508//1390
f 1506//1388 1508//1390 1509//1391
f 1509//1391 1508//1390 1510//1392
f 1509//1391 1510//1392 1511//1393
f 1511//1393 1510//1392 1512//1394
f 1511//1393 1512//1394 1513//1395
f 1513//1395 1512//1394 1514//1396
f 1513//1395 1514//1396 1515//1397
f 1515//1397 1514//1396 1516//1398
f 1515//1397 1516//1398 1517//1399
f 1517//1399 1516//1398 1518//1400
f 1517//1399 1518//1400 1519//1401
f 1519//1401 1518//1400 1520//1402
f 1519//1401 1520//1402 1521//1403
f 1521//1403 1520//1402 1034//1021
f 1521//1403 1034//1021 1033//1020
f 1028//1015 1027//1014 1524//1406
f 1523//1405 1522//1404 1525//1407
f 1525//1407 1522//1404 1526//1408
f 1525//1407 1526//1408 1527//1409
f 1527//1409 1526//1408 1528//1410
f 1527//1409 1528//1410 1529//1411
f 1529//1411 1528//1410 1530//1412
f 1529//1411 1530//1412 1030//1017
f 1030//1017 1530//1412 1031//1018
f 1028//1015 1524//1406 1531//1413
f 1531//1413 1524//1406 1532//1414
f 1531//1413 1532//1414 1533//1415
f 1533//1415 1532//1414 1534//1416
f 1533//1415 1534//1416 1535//1417
f 1535//1417 1534//1416 1536//1418
f 1535//1417 1536//1418 1523//1405
f 1523//1405 1536//1418 1522//1404
f 1024//1011 1537//1419 1538//1420
f 1537//1419 1024//1011 1506//1388
f 1537//1419 1506//1388 1541//1423
f 1541//1423 1506//1388 1509//1391
f 1509//1391 1511//1393 1542//1424
f 1542//1424 1511//1393 1543//1404
f 1543//1404 1511//1393 1513//1395
f 1539//1421 1540//1422 1544//1425
f 1544//1425 1540//1422 1545//1426
f 1524//1406 1027//1014 1549//1430
f 1534//1416 1550//1431 1536//1418
f 1536//1418 1550//1431 1522//1404
f 1522//1404 1550//1431 1551//1432
f 2053//1785 1548//1429 1552//1433
f 1552//1433 1548//1429 1553//1434
f 1554//1435 1555//1436 1556//1437
f 1556//1437 1555//1436 1549//1430
f 1556//1437 1549//1430 1027//1014
f 1557//1438 1558//1439 1559//1440
f 1557//1438 1559//1440 1560//1441
f 1560//1441 1559//1440 1561//1442
f 1560//1441 1561//1442 1562//1443
f 1562//1443 1561//1442 1563//1444
f 1562//1443 1563//1444 1564//1445
f 1564//1445 1563//1444 1565//1446
f 1564//1445 1565//1446 1566//1447
f 1566//1447 1565//1446 1567//1448
f 1566//1447 1567//1448 1568//1449
f 1566//1447 1568//1449 1569//1450
f 1569//1450 1568//1449 1570//1451
f 1569//1450 1570//1451 1571//1452
f 1571//1452 1570//1451 1572//1453
f 1571//1452 1572//1453 1573//1454
f 1573//1454 1572//1453 1574//1455
f 1573//1454 1574//1455 1575//1456
f 1565//1446 1576//1457 1567//1448
f 1567//1448 1576//1457 1577//1458
f 1567//1448 1577//1458 1568//1449
f 1568//1449 1577//1458 1578//1459
f 1568//1449 1578//1459 1570//1451
f 1570//1451 1578//1459 1579//1460
f 1570//1451 1579//1460 1572//1453
f 1572//1453 1579//1460 1580//1461
f 1572//1453 1580//1461 1574//1455
f 1574//1455 1580//1461 1581//1462
f 1574//1455 1581//1462 1582//1463
f 1574//1455 1582//1463 1583//1464
f 1583//1464 1582//1463 1584//1465
f 1583//1464 1584//1465 1585//1466
f 1585//1466 1584//1465 1586//1467
f 1585//1466 1586//1467 1587//1468
f 1587//1468 1586//1467 1588//1469
f 1587//1468 1588//1469 1589//1470
f 1587//1468 1589//1470 1590//1471
f 1590//1471 1589//1470 1591//1472
f 1591//1472 1589//1470 1592//1473
f 1591//1472 1592//1473 1593//1474
f 1593//1474 1592//1473 1594//1475
f 1593//1474 1594//1475 1595//1476
f 1593//1474 1595//1476 1558//1439
f 1558//1439 1595//1476 1596//1477
f 1558//1439 1596//1477 1559//1440
f 1559//1440 1596//1477 1597//1478
f 1559//1440 1597//1478 1598//1479
f 1559//1440 1598//1479 1561//1442
f 1561//1442 1598//1479 1599//1480
f 1561//1442 1599//1480 1563//1444
f 1563//1444 1599//1480 1565//1446
f 1565//1446 1599//1480 1600//1481
f 1565//1446 1600//1481 1576//1457
f 1601//1482 1602//1483 1603//1484
f 1601//1482 1603//1484 1604//1485
f 1604//1485 1603//1484 1605//1486
f 1604//1485 1605//1486 1606//1487
f 1606//1487 1605//1486 1607//1488
f 1606//1487 1607//1488 1575//1456
f 1575//1456 1607//1488 1539//1421
f 1557//1438 1543//1404 1608//1489
f 1608//1489 1543//1404 1609//1490
f 1608//1489 1609//1490 1610//1491
f 1610//1491 1609//1490 1517//1399
f 1610//1491 1517//1399 1519//1401
f 1610//1491 1519//1401 1611//1492
f 1611//1492 1519//1401 1521//1403
f 1611//1492 1521//1403 1601//1482
f 1601//1482 1521//1403 1602//1483
f 1566//1447 1537//1419 1564//1445
f 1564//1445 1537//1419 1541//1423
f 1564//1445 1541//1423 1562//1443
f 1562//1443 1541//1423 1509//1391
f 1562//1443 1509//1391 1560//1441
f 1560//1441 1509//1391 1542//1424
f 1560//1441 1542//1424 1557//1438
f 1557//1438 1542//1424 1543//1404
f 1575//1456 1539//1421 1573//1454
f 1573//1454 1539//1421 1544//1425
f 1573//1454 1544//1425 1571//1452
f 1571//1452 1544//1425 1545//1426
f 1571//1452 1545//1426 1546//1427
f 1571//1452 1546//1427 1569//1450
f 1569//1450 1546//1427 1547//1428
f 1569//1450 1547//1428 1566//1447
f 1566//1447 1547//1428 1538//1420
f 1566//1447 1538//1420 1537//1419
f 1596//1477 1612//1493 1597//1478
f 1597//1478 1613//1494 1598//1479
f 1598//1479 1613//1494 1614//1495
f 1598//1479 1614//1495 1599//1480
f 1599//1480 1614//1495 1615//1496
f 1599//1480 1615//1496 1600//1481
f 1600//1481 1615//1496 1576//1457
f 1577//1458 1616//1497 1578//1459
f 1578//1459 1616//1497 1617//1498
f 1578//1459 1617//1498 1579//1460
f 1579//1460 1617//1498 1580//1461
f 1580//1461 1617//1498 1618//1499
f 1580//1461 1618//1499 1581//1462
f 1619//1500 1620//1439 1621//1501
f 1619//1500 1621//1501 1622//1502
f 1622//1502 1621//1501 1623//1503
f 1622//1502 1623//1503 1624//1504
f 1624//1504 1623//1503 1625//1505
f 1624//1504 1625//1505 1626//1506
f 1626//1506 1625//1505 1627//1507
f 1626//1506 1627//1507 1628//1508
f 1628//1508 1627//1507 1629//1509
f 1628//1508 1629//1509 1630//1510
f 1628//1508 1630//1510 1631//1511
f 1631//1511 1630//1510 1632//1512
f 1631//1511 1632//1512 1633//1513
f 1633//1513 1632//1512 1634//1514
f 1633//1513 1634//1514 1635//1454
f 1635//1454 1634//1514 1636//1455
f 1635//1454 1636//1455 1637//1515
f 1638//1516 1639//1517 1640//1518
f 1640//1518 1639//1517 1641//1519
f 1640//1518 1641//1519 1642//1520
f 1642//1520 1641//1519 1528//1410
f 1642//1520 1528//1410 1643//1521
f 1643//1521 1528//1410 1644//1522
f 1643//1521 1644//1522 1620//1439
f 1620//1439 1644//1522 1551//1432
f 1548//1429 1636//1455 1634//1514
f 1636//1455 1548//1429 1645//1523
f 1636//1455 1645//1523 1646//1524
f 1646//1524 1645//1523 1647//1525
f 1646//1524 1647//1525 1648//1526
f 1646//1524 1648//1526 1649//1527
f 1649//1527 1648//1526 1650//1528
f 1649//1527 1650//1528 1638//1516
f 1638//1516 1650//1528 1651//1529
f 1638//1516 1651//1529 1639//1517
f 1627//1507 1549//1430 1629//1509
f 1629//1509 1549//1430 1555//1436
f 1629//1509 1555//1436 1630//1510
f 1630//1510 1555//1436 1554//1435
f 1630//1510 1554//1435 1632//1512
f 1632//1512 1554//1435 1553//1434
f 1632//1512 1553//1434 1634//1514
f 1634//1514 1553//1434 1548//1429
f 1620//1439 1551//1432 1550//1431
f 1620//1439 1550//1431 1621//1501
f 1621//1501 1550//1431 1623//1503
f 1623//1503 1550//1431 1534//1416
f 1623//1503 1534//1416 1625//1505
f 1625//1505 1534//1416 1532//1414
f 1625//1505 1532//1414 1627//1507
f 1627//1507 1532//1414 1524//1406
f 1627//1507 1524//1406 1549//1430
f 1628//1508 1652//1530 1626//1506
f 1626//1506 1652//1530 1624//1504
f 1624//1504 1652//1530 1653//1531
f 1624//1504 1653//1531 1654//1532
f 1624//1504 1654//1532 1622//1502
f 1622//1502 1654//1532 1655//1533
f 1622//1502 1655//1533 1619//1500
f 1619//1500 1655//1533 1656//1493
f 1619//1500 1656//1493 1657//1489
f 1657//1489 1656//1493 1658//1534
f 1657//1489 1658//1534 1659//1535
f 1657//1489 1659//1535 1660//1536
f 1660//1536 1659//1535 1661//1537
f 1660//1536 1661//1537 1662//1538
f 1662//1538 1661//1537 1663//1539
f 1662//1538 1663//1539 1664//1540
f 1664//1540 1663//1539 1665//1541
f 1664//1540 1665//1541 1666//1542
f 1666//1542 1665//1541 1667//1543
f 1666//1542 1667//1543 1668//1544
f 1668//1544 1667//1543 1669//1545
f 1668//1544 1669//1545 1637//1515
f 1637//1515 1669//1545 1670//1546
f 1637//1515 1670//1546 1671//1499
f 1637//1515 1671//1499 1635//1454
f 1635//1454 1671//1499 1672//1498
f 1635//1454 1672//1498 1633//1513
f 1633//1513 1672//1498 1631//1511
f 1631//1511 1672//1498 1673//1497
f 1631//1511 1673//1497 1628//1508
f 1628//1508 1673//1497 1674//1458
f 1628//1508 1674//1458 1675//1457
f 1628//1508 1675//1457 1652//1530
f 1676//1477 1656//1493 1655//1533
f 1655//1533 1654//1532 1677//1547
f 1677//1547 1654//1532 1653//1531
f 1677//1547 1653//1531 1678//1548
f 1678//1548 1653//1531 1652//1530
f 1678//1548 1652//1530 1679//1549
f 1679//1549 1652//1530 1675//1457
f 1674//1458 1673//1497 1680//1459
f 1680//1459 1673//1497 1672//1498
f 1680//1459 1672//1498 1681//1460
f 1681//1460 1672//1498 1682//1461
f 1682//1461 1672//1498 1671//1499
f 1682//1461 1671//1499 1683//1462
f 1684//1500 1685//1439 1686//1550
f 1684//1500 1686//1550 1687//1502
f 1687//1502 1686//1550 1688//1551
f 1687//1502 1688//1551 1689//1504
f 1689//1504 1688//1551 1690//1552
f 1689//1504 1690//1552 1691//1506
f 1691//1506 1690//1552 1692//1446
f 1691//1506 1692//1446 1693//1508
f 1693//1508 1692//1446 1694//1448
f 1693//1508 1694//1448 1695//1449
f 1693//1508 1695//1449 1696//1511
f 1696//1511 1695//1449 1697//1451
f 1696//1511 1697//1451 1698//1513
f 1698//1513 1697//1451 1699//1453
f 1698//1513 1699//1453 1700//1454
f 1700//1454 1699//1453 1701//1455
f 1700//1454 1701//1455 1702//1515
f 1692//1446 1703//1457 1694//1448
f 1694//1448 1703//1457 1704//1458
f 1694//1448 1704//1458 1695//1449
f 1695//1449 1704//1458 1705//1459
f 1695//1449 1705//1459 1697//1451
f 1697//1451 1705//1459 1706//1460
f 1697//1451 1706//1460 1699//1453
f 1699//1453 1706//1460 1707//1461
f 1699//1453 1707//1461 1701//1455
f 1701//1455 1707//1461 1708//1462
f 1701//1455 1708//1462 1709//1463
f 1701//1455 1709//1463 1710//1464
f 1710//1464 1709//1463 1711//1465
f 1710//1464 1711//1465 1712//1466
f 1712//1466 1711//1465 1713//1467
f 1712//1466 1713//1467 1714//1468
f 1714//1468 1713//1467 1715//1469
f 1714//1468 1715//1469 1716//1470
f 1714//1468 1716//1470 1717//1471
f 1717//1471 1716//1470 1718//1472
f 1718//1472 1716//1470 1719//1473
f 1718//1472 1719//1473 1720//1474
f 1720//1474 1719//1473 1721//1475
f 1720//1474 1721//1475 1722//1476
f 1720//1474 1722//1476 1685//1439
f 1685//1439 1722//1476 1723//1477
f 1685//1439 1723//1477 1686//1550
f 1686//1550 1723//1477 1724//1533
f 1686//1550 1724//1533 1725//1547
f 1686//1550 1725//1547 1688//1551
f 1688//1551 1725//1547 1690//1552
f 1690//1552 1725//1547 1726//1548
f 1690//1552 1726//1548 1692//1446
f 1692//1446 1726//1548 1727//1549
f 1692//1446 1727//1549 1703//1457
f 1693//1508 1615//1496 1691//1506
f 1691//1506 1615//1496 1689//1504
f 1689//1504 1615//1496 1614//1495
f 1689//1504 1614//1495 1613//1494
f 1689//1504 1613//1494 1687//1502
f 1687//1502 1613//1494 1597//1478
f 1687//1502 1597//1478 1684//1500
f 1684//1500 1597//1478 1612//1493
f 1684//1500 1612//1493 1728//1489
f 1728//1489 1612//1493 1729//1534
f 1728//1489 1729//1534 1730//1535
f 1728//1489 1730//1535 1731//1536
f 1731//1536 1730//1535 1732//1537
f 1731//1536 1732//1537 1733//1538
f 1733//1538 1732//1537 1734//1539
f 1733//1538 1734//1539 1735//1540
f 1735//1540 1734//1539 1736//1541
f 1735//1540 1736//1541 1737//1542
f 1737//1542 1736//1541 1738//1543
f 1737//1542 1738//1543 1739//1544
f 1739//1544 1738//1543 1740//1545
f 1739//1544 1740//1545 1702//1515
f 1702//1515 1740//1545 1741//1546
f 1702//1515 1741//1546 1618//1499
f 1702//1515 1618//1499 1700//1454
f 1700//1454 1618//1499 1617//1498
f 1700//1454 1617//1498 1698//1513
f 1698//1513 1617//1498 1696//1511
f 1696//1511 1617//1498 1616//1497
f 1696//1511 1616//1497 1693//1508
f 1693//1508 1616//1497 1577//1458
f 1693//1508 1577//1458 1576//1457
f 1693//1508 1576//1457 1615//1496
f 1742//1553 1743//1439 1744//1550
f 1742//1553 1744//1550 1745//1554
f 1745//1554 1744//1550 1746//1551
f 1745//1554 1746//1551 1747//1504
f 1747//1504 1746//1551 1748//1552
f 1747//1504 1748//1552 1749//1506
f 1749//1506 1748//1552 1750//1446
f 1749//1506 1750//1446 1751//1555
f 1751//1555 1750//1446 1752//1448
f 1751//1555 1752//1448 1753//1449
f 1751//1555 1753//1449 1754//1511
f 1754//1511 1753//1449 1755//1451
f 1754//1511 1755//1451 1756//1513
f 1756//1513 1755//1451 1757//1453
f 1756//1513 1757//1453 1758//1454
f 1758//1454 1757//1453 1759//1455
f 1758//1454 1759//1455 1760//1515
f 1750//1446 1675//1457 1752//1448
f 1752//1448 1675//1457 1674//1458
f 1752//1448 1674//1458 1753//1449
f 1753//1449 1674//1458 1680//1459
f 1753//1449 1680//1459 1755//1451
f 1755//1451 1680//1459 1681//1460
f 1755//1451 1681//1460 1757//1453
f 1757//1453 1681//1460 1682//1461
f 1757//1453 1682//1461 1759//1455
f 1759//1455 1682//1461 1683//1462
f 1759//1455 1683//1462 1761//1463
f 1759//1455 1761//1463 1762//1464
f 1762//1464 1761//1463 1763//1465
f 1762//1464 1763//1465 1764//1466
f 1764//1466 1763//1465 1765//1467
f 1764//1466 1765//1467 1766//1468
f 1766//1468 1765//1467 1767//1469
f 1766//1468 1767//1469 1768//1470
f 1766//1468 1768//1470 1769//1471
f 1769//1471 1768//1470 1770//1472
f 1770//1472 1768//1470 1771//1473
f 1770//1472 1771//1473 1772//1474
f 1772//1474 1771//1473 1773//1475
f 1772//1474 1773//1475 1774//1476
f 1772//1474 1774//1476 1743//1439
f 1743//1439 1774//1476 1676//1477
f 1743//1439 1676//1477 1744//1550
f 1744//1550 1676//1477 1655//1533
f 1744//1550 1655//1533 1677//1547
f 1744//1550 1677//1547 1746//1551
f 1746//1551 1677//1547 1748//1552
f 1748//1552 1677//1547 1678//1548
f 1748//1552 1678//1548 1750//1446
f 1750//1446 1678//1548 1679//1549
f 1750//1446 1679//1549 1675//1457
f 1751//1555 1775//1556 1749//1506
f 1749//1506 1775//1556 1747//1504
f 1747//1504 1775//1556 1776//1557
f 1747//1504 1776//1557 1777//1558
f 1747//1504 1777//1558 1745//1554
f 1745//1554 1777//1558 1778//1559
f 1745//1554 1778//1559 1742//1553
f 1742//1553 1778//1559 1779//1489
f 1779//1489 1778//1559 1780//1560
f 1779//1489 1780//1560 1781//1561
f 1779//1489 1781//1561 1782//1536
f 1782//1536 1781//1561 1783//1562
f 1782//1536 1783//1562 1784//1538
f 1784//1538 1783//1562 1785//1563
f 1784//1538 1785//1563 1786//1540
f 1786//1540 1785//1563 1787//1564
f 1786//1540 1787//1564 1788//1542
f 1788//1542 1787//1564 1789//1565
f 1788//1542 1789//1565 1790//1544
f 1790//1544 1789//1565 1791//1566
f 1790//1544 1791//1566 1760//1515
f 1760//1515 1791//1566 1792//1567
f 1760//1515 1792//1567 1793//1568
f 1760//1515 1793//1568 1758//1454
f 1758//1454 1793//1568 1794//1569
f 1758//1454 1794//1569 1756//1513
f 1756//1513 1794//1569 1754//1511
f 1754//1511 1794//1569 1795//1570
f 1754//1511 1795//1570 1751//1555
f 1751//1555 1795//1570 1796//1571
f 1751//1555 1796//1571 1775//1556
f 1797//1500 1798//1439 1799//1501
f 1797//1500 1799//1501 1800//1502
f 1800//1502 1799//1501 1801//1551
f 1800//1502 1801//1551 1802//1504
f 1802//1504 1801//1551 1803//1552
f 1802//1504 1803//1552 1804//1506
f 1804//1506 1803//1552 1805//1572
f 1804//1506 1805//1572 1806//1508
f 1806//1508 1805//1572 1807//1573
f 1806//1508 1807//1573 1808//1574
f 1806//1508 1808//1574 1809//1511
f 1809//1511 1808//1574 1810//1451
f 1809//1511 1810//1451 1811//1513
f 1811//1513 1810//1451 1812//1453
f 1811//1513 1812//1453 1813//1454
f 1813//1454 1812//1453 1814//1455
f 1813//1454 1814//1455 1815//1515
f 1805//1572 1816//1575 1807//1573
f 1807//1573 1816//1575 1808//1574
f 1808//1574 1816//1575 1817//1576
f 1808//1574 1817//1576 1810//1451
f 1810//1451 1817//1576 1818//1577
f 1810//1451 1818//1577 1812//1453
f 1812//1453 1818//1577 1819//1578
f 1812//1453 1819//1578 1814//1455
f 1814//1455 1819//1578 1820//1579
f 1814//1455 1820//1579 1821//1580
f 1814//1455 1821//1580 1822//1464
f 1822//1464 1821//1580 1823//1581
f 1822//1464 1823//1581 1824//1466
f 1824//1466 1823//1581 1825//1582
f 1824//1466 1825//1582 1826//1468
f 1826//1468 1825//1582 1827//1583
f 1826//1468 1827//1583 1828//1584
f 1826//1468 1828//1584 1829//1471
f 1829//1471 1828//1584 1830//1472
f 1830//1472 1828//1584 1831//1585
f 1830//1472 1831//1585 1832//1474
f 1832//1474 1831//1585 1833//1586
f 1832//1474 1833//1586 1834//1587
f 1832//1474 1834//1587 1798//1439
f 1798//1439 1834//1587 1835//1588
f 1798//1439 1835//1588 1799//1501
f 1799//1501 1835//1588 1836//1589
f 1799//1501 1836//1589 1801//1551
f 1801//1551 1836//1589 1837//1590
f 1801//1551 1837//1590 1803//1552
f 1803//1552 1837//1590 1805//1572
f 1805//1572 1837//1590 1838//1591
f 1805//1572 1838//1591 1816//1575
f 1806//1508 1839//1530 1804//1506
f 1804//1506 1839//1530 1802//1504
f 1802//1504 1839//1530 1840//1531
f 1802//1504 1840//1531 1841//1532
f 1802//1504 1841//1532 1800//1502
f 1800//1502 1841//1532 1724//1533
f 1800//1502 1724//1533 1797//1500
f 1797//1500 1724//1533 1842//1493
f 1797//1500 1842//1493 1843//1489
f 1843//1489 1842//1493 1844//1534
f 1843//1489 1844//1534 1845//1535
f 1843//1489 1845//1535 1846//1536
f 1846//1536 1845//1535 1847//1537
f 1846//1536 1847//1537 1848//1538
f 1848//1538 1847//1537 1849//1539
f 1848//1538 1849//1539 1850//1540
f 1850//1540 1849//1539 1851//1541
f 1850//1540 1851//1541 1852//1542
f 1852//1542 1851//1541 1853//1543
f 1852//1542 1853//1543 1854//1544
f 1854//1544 1853//1543 1855//1545
f 1854//1544 1855//1545 1815//1515
f 1815//1515 1855//1545 1856//1546
f 1815//1515 1856//1546 1857//1499
f 1815//1515 1857//1499 1813//1454
f 1813//1454 1857//1499 1858//1498
f 1813//1454 1858//1498 1811//1513
f 1811//1513 1858//1498 1809//1511
f 1809//1511 1858//1498 1859//1497
f 1809//1511 1859//1497 1806//1508
f 1806//1508 1859//1497 1704//1458
f 1806//1508 1704//1458 1703//1457
f 1806//1508 1703//1457 1839//1530
f 1860//1592 1861//1593 1862//1594
f 1862//1594 1861//1593 1863//1595
f 1862//1594 1863//1595 1864//1596
f 1860//1592 1862//1594 1865//1597
f 1862//1594 1864//1596 1865//1597
f 1866//1598 1867//1599 1868//1600
f 1868//1600 1867//1599 1869//1601
f 1868//1600 1869//1601 1870//1602
f 1871//1603 1996//1728 1872//1604
f 1871//1603 1872//1604 1873//1605
f 1873//1605 1872//1604 1874//1606
f 1873//1605 1874//1606 1875//1607
f 1875//1607 1874//1606 1876//1608
f 1877//1609 1078//1065 1878//1610
f 1878//1610 1078//1065 1879//1611
f 1878//1610 1879//1611 1880//1612
f 1880//1612 1879//1611 1881//1613
f 1877//1609 1878//1610 1882//1614
f 1878//1610 1880//1612 1882//1614
f 1883//1615 1997//1729 1884//1616
f 1884//1616 1997//1729 1885//1617
f 1884//1616 1885//1617 1886//1618
f 1886//1618 1885//1617 1887//1619
f 1886//1618 1887//1619 1888//1620
f 1883//1615 1884//1616 1886//1618
f 1889//1621 2005//1737 1890//1622
f 1890//1622 2005//1737 1891//1623
f 1890//1622 1891//1623 1892//1624
f 1892//1624 1891//1623 2069//1801
f 2069//1801 1891//1623 1893//1625
f 1889//1621 1890//1622 1892//1624
f 1894//1626 2027//1759 1895//1627
f 1894//1626 1895//1627 1896//1628
f 1896//1628 1895//1627 1897//1629
f 1897//1629 1895//1627 1131//1118
f 1898//1630 1899//1631 1900//1632
f 1900//1632 1899//1631 1134//1121
f 1900//1632 1134//1121 1901//1633
f 1901//1633 1134//1121 1902//1634
f 1898//1630 1900//1632 1903//1635
f 1900//1632 1901//1633 1903//1635
f 1904//1636 1905//1637 1906//1638
f 1904//1636 1906//1638 1907//1639
f 1907//1639 1906//1638 1908//1640
f 1908//1640 1906//1638 1909//1641
f 1907//1639 1908//1640 1904//1636
f 1910//1642 1911//1643 1912//1644
f 1912//1644 1911//1643 1913//1645
f 1912//1644 1913//1645 1914//1646
f 1910//1642 1912//1644 1915//1647
f 1915//1647 1912//1644 1914//1646
f 1916//1648 1917//1649 1918//1650
f 1916//1648 1918//1650 1919//1651
f 1919//1651 1918//1650 1920//1652
f 1920//1652 1918//1650 1921//1653
f 1922//1654 1923//1655 1924//1656
f 1924//1656 1923//1655 1925//1657
f 1924//1656 1925//1657 1926//1658
f 1926//1658 1925//1657 1927//1659
f 1922//1654 1924//1656 1928//1660
f 1924//1656 1926//1658 1928//1660
f 1929//1661 1125//1112 1930//1662
f 1929//1661 1930//1662 1931//1663
f 1931//1663 1930//1662 1932//1664
f 1932//1664 1930//1662 1933//1665
f 1934//1666 1935//1667 1936//1668
f 1936//1668 1935//1667 1937//1669
f 1936//1668 1937//1669 1938//1670
f 743//732 1939//1671 728//717
f 728//717 1939//1671 1940//1672
f 728//717 1940//1672 742//731
f 742//731 1940//1672 1941//1673
f 742//731 1941//1673 741//730
f 741//730 1941//1673 740//729
f 737//726 738//727 1942//1674
f 737//726 1942//1674 736//725
f 736//725 1942//1674 1943//1675
f 2036//1768 1944//1676 1945//1677
f 1945//1677 735//724 736//725
f 736//725 735//724 734//723
f 736//725 734//723 737//726
f 737//726 734//723 733//722
f 737//726 733//722 738//727
f 738//727 733//722 739//728
f 739//728 733//722 732//721
f 739//728 732//721 740//729
f 740//729 732//721 731//720
f 740//729 731//720 741//730
f 741//730 731//720 730//719
f 741//730 730//719 742//731
f 742//731 730//719 729//718
f 742//731 729//718 728//717
f 728//717 727//716 743//732
f 743//732 727//716 1946//1678
f 1946//1678 1947//1679 2039//1771
f 2039//1771 1947//1679 1948//1680
f 1948//1680 1949//1681 1950//1682
f 1950//1682 1949//1681 1951//1683
f 1950//1682 1951//1683 1952//1684
f 1952//1684 1951//1683 1953//1685
f 1952//1684 1953//1685 2036//1768
f 2036//1768 1953//1685 1944//1676
f 1005//994 1201//1187 1006//995
f 1006//995 1201//1187 1193//1180
f 1006//995 1193//1180 1007//996
f 1007//996 1193//1180 1008//997
f 1008//997 1193//1180 1192//1179
f 1008//997 1192//1179 1009//998
f 1009//998 1192//1179 1202//1188
f 1009//998 1202//1188 1010//999
f 1010//999 1202//1188 1203//1189
f 1010//999 1203//1189 1011//1000
f 1011//1000 1203//1189 1216//1202
f 1011//1000 1216//1202 1012//1001
f 1012//1001 1216//1202 1219//1205
f 1012//1001 1219//1205 1013//1002
f 1954//1686 1010//999 1011//1000
f 1954//1686 1011//1000 1955//1687
f 1955//1687 1011//1000 1012//1001
f 1955//1687 1012//1001 1956//1688
f 1956//1688 1012//1001 1115//1102
f 1115//1102 1012//1001 1013//1002
f 1115//1102 1013//1002 1116//1103
f 1116//1103 1013//1002 1957//1689
f 1116//1103 1957//1689 1117//1104
f 1117//1104 1957//1689 1958//1690
f 1117//1104 1958//1690 1118//1105
f 1118//1105 1958//1690 1959//1691
f 1118//1105 1959//1691 1960//1692
f 1118//1105 1960//1692 1119//1106
f 1119//1106 1960//1692 1961//1693
f 1119//1106 1961//1693 1962//1694
f 1119//1106 1962//1694 1120//1107
f 1120//1107 1962//1694 1963//1695
f 1120//1107 1963//1695 1121//1108
f 1121//1108 1963//1695 1005//994
f 1121//1108 1005//994 1964//1696
f 1964//1696 1005//994 1006//995
f 1964//1696 1006//995 1008//997
f 1964//1696 1008//997 1965//1697
f 1965//1697 1008//997 1009//998
f 1965//1697 1009//998 1954//1686
f 1954//1686 1009//998 1010//999
f 1966//1698 1206//1192 1967//1699
f 1967//1699 1206//1192 1204//1190
f 1967//1699 1204//1190 1968//1700
f 1968//1700 1204//1190 1208//1194
f 1968//1700 1208//1194 1969//1701
f 1969//1701 1208//1194 1189//1176
f 1969//1701 1189//1176 1970//1702
f 1970//1702 1189//1176 1198//1184
f 1970//1702 1198//1184 1199//1185
f 1970//1702 1199//1185 1971//1703
f 1971//1703 1199//1185 1213//1199
f 1971//1703 1213//1199 1972//1704
f 1972//1704 1213//1199 1215//1201
f 1972//1704 1215//1201 1973//1705
f 1973//1705 1215//1201 1220//1206
f 1891//1623 2005//1737 1981//1713
f 1887//1619 1885//1617 975//964
f 918//907 920//909 1089//1076
f 1985//1717 917//906 1077//1064
f 1077//1064 917//906 918//907
f 918//907 1872//1604 1074//1061
f 918//907 1074//1061 1077//1064
f 919//908 1986//1718 920//909
f 920//909 1986//1718 1089//1076
f 1986//1718 919//908 1985//1717
f 1985//1717 919//908 917//906
f 1077//1064 922//911 924//913
f 1076//1063 1881//1613 921//910
f 1076//1063 921//910 1075//1062
f 1075//1062 921//910 922//911
f 1075//1062 922//911 1077//1064
f 923//912 921//910 1881//1613
f 1077//1064 924//913 1985//1717
f 1985//1717 924//913 1987//1719
f 1987//1719 924//913 923//912
f 1988//1720 1987//1719 1881//1613
f 1881//1613 1987//1719 923//912
f 927//916 1989//1721 928//917
f 928//917 1989//1721 1988//1720
f 1989//1721 927//916 925//914
f 1984//1716 1885//1617 1997//1729
f 1085//1072 885//874 1081//1068
f 887//876 1983//1715 1991//1723
f 887//876 1991//1723 888//877
f 1983//1715 887//876 1085//1072
f 1085//1072 887//876 885//874
f 1084//1071 890//879 1085//1072
f 1085//1072 890//879 1983//1715
f 1983//1715 890//879 892//881
f 892//881 891//880 1992//1724
f 1992//1724 891//880 1981//1713
f 892//881 1992//1724 1983//1715
f 891//880 889//878 1981//1713
f 1981//1713 889//878 1083//1070
f 1981//1713 896//885 1098//1085
f 894//883 1097//1084 895//884
f 893//882 897//886 900//889
f 893//882 900//889 1097//1084
f 1097//1084 900//889 1096//1083
f 1096//1083 900//889 899//888
f 1096//1083 899//888 1095//1082
f 1095//1082 899//888 898//887
f 1095//1082 904//893 1094//1081
f 903//892 1093//1080 1094//1081
f 903//892 1094//1081 904//893
f 1093//1080 903//892 1993//1725
f 908//897 1093//1080 906//895
f 906//895 1093//1080 1993//1725
f 1093//1080 908//897 1092//1079
f 1092//1079 908//897 907//896
f 1092//1079 907//896 1091//1078
f 1090//1077 1091//1078 912//901
f 910//899 1091//1078 2003//1735
f 1091//1078 910//899 912//901
f 914//903 916//905 1086//1073
f 1086//1073 916//905 1087//1074
f 914//903 1994//1726 913//902
f 913//902 1994//1726 1995//1727
f 1089//1076 1088//1075 1876//1608
f 1089//1076 1876//1608 1874//1606
f 1872//1604 918//907 1089//1076
f 1872//1604 1089//1076 1874//1606
f 1876//1608 913//902 1996//1728
f 1876//1608 915//904 913//902
f 1872//1604 1996//1728 1995//1727
f 1995//1727 1996//1728 913//902
f 1087//1074 916//905 915//904
f 1087//1074 915//904 1088//1075
f 1088//1075 915//904 1876//1608
f 1984//1716 1997//1729 888//877
f 1984//1716 888//877 1991//1723
f 1079//1066 886//875 1997//1729
f 1997//1729 886//875 888//877
f 885//874 886//875 1081//1068
f 1081//1068 886//875 1079//1066
f 1097//1084 894//883 893//882
f 1098//1085 896//885 895//884
f 1098//1085 895//884 1097//1084
f 1982//1714 898//887 1999//1731
f 1999//1731 898//887 897//886
f 1999//1731 897//886 893//882
f 902//891 1993//1725 903//892
f 1993//1725 902//891 2000//1732
f 2000//1732 902//891 901//890
f 1091//1078 1869//1601 2003//1735
f 1867//1599 2001//1733 1091//1078
f 1091//1078 2001//1733 1869//1601
f 1867//1599 2002//1734 1869//1601
f 1869//1601 2002//1734 2003//1735
f 1091//1078 907//896 1867//1599
f 1867//1599 907//896 905//894
f 1867//1599 905//894 2002//1734
f 2002//1734 905//894 906//895
f 2002//1734 906//895 1993//1725
f 1994//1726 909//898 2003//1735
f 2003//1735 909//898 910//899
f 1086//1073 911//900 909//898
f 1994//1726 914//903 1086//1073
f 1994//1726 1086//1073 909//898
f 911//900 1086//1073 1090//1077
f 911//900 1090//1077 912//901
f 1988//1720 1879//1611 928//917
f 1080//1067 926//915 1078//1065
f 1078//1065 926//915 1879//1611
f 1879//1611 926//915 928//917
f 973//962 1887//1619 975//964
f 1885//1617 1984//1716 975//964
f 975//964 1984//1716 1990//1722
f 975//964 1990//1722 976//965
f 976//965 1990//1722 1989//1721
f 973//962 974//963 925//914
f 925//914 974//963 1989//1721
f 1989//1721 974//963 976//965
f 1082//1069 893//882 1998//1730
f 1082//1069 1998//1730 1083//1070
f 1887//1619 973//962 1079//1066
f 1079//1066 973//962 1080//1067
f 1080//1067 973//962 925//914
f 1080//1067 925//914 926//915
f 2000//1732 901//890 1863//1595
f 2000//1732 1863//1595 1982//1714
f 1095//1082 1861//1593 2004//1736
f 1982//1714 1863//1595 1861//1593
f 1095//1082 898//887 1982//1714
f 1095//1082 1982//1714 1861//1593
f 1095//1082 2004//1736 901//890
f 901//890 2004//1736 1863//1595
f 1881//1613 1879//1611 1988//1720
f 1079//1066 1997//1729 1887//1619
f 1998//1730 1893//1625 1083//1070
f 1083//1070 889//878 1084//1071
f 1084//1071 889//878 890//879
f 1893//1625 1891//1623 1083//1070
f 1083//1070 1891//1623 1981//1713
f 896//885 2005//1737 1998//1730
f 1998//1730 2005//1737 1893//1625
f 896//885 1981//1713 2005//1737
f 1095//1082 901//890 904//893
f 1835//1588 1468//1365 1466//1364
f 1835//1588 1466//1364 1836//1589
f 1836//1589 1466//1364 1481//1376
f 1836//1589 1481//1376 1464//1363
f 1836//1589 1464//1363 1837//1590
f 1837//1590 1464//1363 1462//1361
f 1837//1590 1462//1361 1838//1591
f 1838//1591 1462//1361 1460//1360
f 1838//1591 1460//1360 1458//1359
f 1838//1591 1458//1359 1816//1575
f 1816//1575 1458//1359 1456//1358
f 1816//1575 1456//1358 1455//1357
f 1816//1575 1455//1357 1817//1576
f 1817//1576 1455//1357 1453//1356
f 1817//1576 1453//1356 1818//1577
f 1818//1577 1453//1356 1480//1375
f 1818//1577 1480//1375 1819//1578
f 1819//1578 1480//1375 1479//1374
f 1819//1578 1479//1374 1820//1579
f 2015//1747 1921//1653 1102//1089
f 1895//1627 2027//1759 2016//1748
f 1129//1116 1130//1117 813//802
f 1099//1086 799//788 2017//1749
f 2017//1749 798//787 2018//1750
f 2017//1749 799//788 798//787
f 796//785 803//792 2018//1750
f 796//785 2018//1750 798//787
f 801//790 796//785 1123//1110
f 801//790 1123//1110 1124//1111
f 801//790 1124//1111 1125//1112
f 796//785 801//790 803//792
f 2018//1750 803//792 802//791
f 2018//1750 802//791 2020//1752
f 800//789 2019//1751 802//791
f 802//791 2019//1751 1933//1665
f 802//791 1933//1665 2020//1752
f 2020//1752 1933//1665 1930//1662
f 806//795 2020//1752 1930//1662
f 810//799 1126//1113 1127//1114
f 1128//1115 810//799 1127//1114
f 806//795 808//797 2020//1752
f 2020//1752 808//797 2021//1753
f 2021//1753 808//797 807//796
f 812//801 807//796 804//793
f 812//801 804//793 810//799
f 2021//1753 812//801 2022//1754
f 812//801 2021//1753 807//796
f 2022//1754 812//801 811//800
f 816//805 2023//1755 2022//1754
f 815//804 2024//1756 2023//1755
f 815//804 2023//1755 816//805
f 1129//1116 2025//1757 1128//1115
f 1128//1115 2025//1757 809//798
f 1128//1115 809//798 810//799
f 813//802 880//869 2024//1756
f 813//802 2024//1756 815//804
f 813//802 878//867 880//869
f 2024//1756 880//869 879//868
f 2024//1756 879//868 2016//1748
f 877//866 1131//1118 1895//1627
f 877//866 1895//1627 879//868
f 879//868 1895//1627 2016//1748
f 2026//1758 2016//1748 758//747
f 2027//1759 756//745 758//747
f 2027//1759 758//747 2016//1748
f 760//749 1133//1120 759//748
f 759//748 1133//1120 1134//1121
f 1133//1120 755//744 1132//1119
f 1132//1119 755//744 756//745
f 1132//1119 756//745 1131//1118
f 762//751 2029//1761 2026//1758
f 762//751 2026//1758 757//746
f 2026//1758 758//747 757//746
f 1133//1120 760//749 755//744
f 755//744 760//749 762//751
f 755//744 762//751 757//746
f 761//750 759//748 2028//1760
f 2028//1760 759//748 1134//1121
f 2029//1761 762//751 1114//1101
f 1114//1101 762//751 2028//1760
f 2028//1760 762//751 761//750
f 2030//1762 1113//1100 1899//1631
f 1899//1631 1113//1100 2028//1760
f 1113//1100 2030//1762 765//754
f 1899//1631 2028//1760 1134//1121
f 2030//1762 1902//1634 765//754
f 765//754 1902//1634 1134//1121
f 1159//1146 763//752 1161//1148
f 1161//1148 763//752 765//754
f 763//752 1159//1146 769//758
f 763//752 769//758 764//753
f 1111//1098 770//759 1110//1097
f 1113//1100 765//754 766//755
f 764//753 769//758 1111//1098
f 1111//1098 769//758 770//759
f 1113//1100 766//755 1112//1099
f 1112//1099 766//755 1111//1098
f 1111//1098 766//755 764//753
f 1906//1638 767//756 1157//1144
f 1110//1097 770//759 768//757
f 1110//1097 768//757 1109//1096
f 1157//1144 767//756 769//758
f 1157//1144 769//758 1159//1146
f 1905//1637 1109//1096 768//757
f 1905//1637 768//757 1906//1638
f 1906//1638 768//757 767//756
f 1109//1096 1905//1637 1909//1641
f 774//763 1109//1096 772//761
f 772//761 1109//1096 1909//1641
f 776//765 2014//1746 2031//1763
f 773//762 1107//1094 1108//1095
f 776//765 771//760 2014//1746
f 2014//1746 771//760 772//761
f 1109//1096 774//763 1108//1095
f 1108//1095 774//763 773//762
f 2031//1763 775//764 776//765
f 1107//1094 778//767 1106//1093
f 1106//1093 778//767 777//766
f 1107//1094 773//762 778//767
f 778//767 773//762 771//760
f 778//767 771//760 776//765
f 2032//1764 1913//1645 775//764
f 777//766 2033//1765 1105//1092
f 1105//1092 2033//1765 1913//1645
f 1105//1092 1913//1645 2032//1764
f 1913//1645 1911//1643 775//764
f 775//764 1911//1643 777//766
f 777//766 1911//1643 2033//1765
f 785//774 787//776 1104//1091
f 1151//1138 785//774 779//768
f 779//768 785//774 782//771
f 782//771 785//774 1104//1091
f 1104//1091 787//776 1103//1090
f 1151//1138 779//768 1153//1140
f 1153//1140 779//768 780//769
f 1153//1140 780//769 2032//1764
f 1105//1092 783//772 1104//1091
f 1104//1091 783//772 782//771
f 780//769 781//770 2032//1764
f 2032//1764 781//770 1105//1092
f 1105//1092 781//770 783//772
f 1917//1649 784//773 1918//1650
f 1918//1650 784//773 785//774
f 1918//1650 785//774 1151//1138
f 1103//1090 787//776 786//775
f 1103//1090 786//775 1102//1089
f 784//773 1917//1649 786//775
f 786//775 1917//1649 2015//1747
f 786//775 2015//1747 1102//1089
f 1921//1653 789//778 791//780
f 1921//1653 791//780 1102//1089
f 794//783 1148//1135 1146//1133
f 794//783 1146//1133 792//781
f 1102//1089 791//780 1101//1088
f 1101//1088 791//780 790//779
f 794//783 790//779 788//777
f 790//779 794//783 1101//1088
f 1101//1088 794//783 795//784
f 1101//1088 795//784 1100//1087
f 793//782 1099//1086 1100//1087
f 793//782 1100//1087 795//784
f 794//783 788//777 1148//1135
f 1148//1135 788//777 789//778
f 1927//1659 793//782 792//781
f 796//785 797//786 1123//1110
f 1123//1110 797//786 1122//1109
f 1122//1109 797//786 799//788
f 2019//1751 800//789 1125//1112
f 1125//1112 800//789 801//790
f 810//799 804//793 1126//1113
f 1126//1113 804//793 805//794
f 813//802 814//803 1129//1116
f 1129//1116 814//803 2025//1757
f 2025//1757 814//803 816//805
f 1131//1118 877//866 878//867
f 1131//1118 878//867 1130//1117
f 1130//1117 878//867 813//802
f 2027//1759 1131//1118 756//745
f 806//795 1930//1662 805//794
f 805//794 1930//1662 1125//1112
f 805//794 1125//1112 1126//1113
f 1918//1650 1148//1135 789//778
f 1918//1650 789//778 1921//1653
f 772//761 1909//1641 2014//1746
f 2014//1746 1909//1641 1157//1144
f 1157//1144 1909//1641 1906//1638
f 811//800 809//798 2025//1757
f 811//800 2025//1757 1937//1669
f 2022//1754 811//800 816//805
f 816//805 811//800 1937//1669
f 1935//1667 2025//1757 816//805
f 1935//1667 816//805 1937//1669
f 1099//1086 793//782 1927//1659
f 1099//1086 1927//1659 799//788
f 799//788 1927//1659 1925//1657
f 799//788 1925//1657 1122//1109
f 1146//1133 1122//1109 792//781
f 792//781 1122//1109 1923//1655
f 1923//1655 1122//1109 1925//1657
f 792//781 1923//1655 1927//1659
f 1121//1108 727//716 1120//1107
f 1120//1107 727//716 728//717
f 1120//1107 728//717 729//718
f 1120//1107 729//718 1119//1106
f 1119//1106 729//718 730//719
f 1119//1106 730//719 1118//1105
f 1118//1105 730//719 731//720
f 1118//1105 731//720 732//721
f 1118//1105 732//721 1117//1104
f 1117//1104 732//721 733//722
f 1117//1104 733//722 1116//1103
f 1116//1103 733//722 734//723
f 1116//1103 734//723 1115//1102
f 1115//1102 734//723 735//724
f 1723//1477 1842//1493 1724//1533
f 1724//1533 1841//1532 1725//1547
f 1725//1547 1841//1532 1840//1531
f 1725//1547 1840//1531 1726//1548
f 1726//1548 1840//1531 1839//1530
f 1726//1548 1839//1530 1727//1549
f 1727//1549 1839//1530 1703//1457
f 1704//1458 1859//1497 1705//1459
f 1705//1459 1859//1497 1858//1498
f 1705//1459 1858//1498 1706//1460
f 1706//1460 1858//1498 1707//1461
f 1707//1461 1858//1498 1857//1499
f 1707//1461 1857//1499 1708//1462
f 1089//1076 991//980 990//979
f 1089//1076 990//979 1088//1075
f 1088//1075 990//979 1087//1074
f 1087//1074 990//979 989//978
f 1087//1074 989//978 1086//1073
f 1086//1073 989//978 988//977
f 1086//1073 988//977 1090//1077
f 1090//1077 988//977 987//976
f 1090//1077 987//976 1091//1078
f 1091//1078 987//976 1092//1079
f 1092//1079 987//976 986//975
f 1092//1079 986//975 1093//1080
f 1093//1080 986//975 985//974
f 1093//1080 985//974 1094//1081
f 1094//1081 985//974 984//973
f 1094//1081 984//973 1095//1082
f 1095//1082 984//973 983//972
f 1095//1082 983//972 1096//1083
f 1096//1083 983//972 982//971
f 1096//1083 982//971 1097//1084
f 1097//1084 982//971 981//970
f 1097//1084 981//970 1098//1085
f 1469//1218 1398//1243 1397//1220
f 1469//1218 1397//1220 1467//1221
f 1467//1221 1397//1220 1410//1222
f 1467//1221 1410//1222 1496//1223
f 1496//1223 1410//1222 1396//1224
f 1496//1223 1396//1224 1465//1225
f 1465//1225 1396//1224 1463//1362
f 1463//1362 1396//1224 1395//1227
f 1463//1362 1395//1227 1461//1228
f 1461//1228 1395//1227 1394//1229
f 1461//1228 1394//1229 1393//1230
f 1461//1228 1393//1230 1459//1231
f 1459//1231 1393//1230 1392//1232
f 1459//1231 1392//1232 1457//1233
f 1457//1233 1392//1232 1391//1234
f 1457//1233 1391//1234 1454//1235
f 1454//1235 1391//1234 1390//1236
f 1454//1235 1390//1236 1452//1237
f 1452//1237 1390//1236 1409//1238
f 1452//1237 1409//1238 1451//1239
f 1451//1239 1409//1238 1408//1240
f 1451//1239 1408//1240 1449//1241
f 992//981 1114//1101 1112//1099
f 992//981 1112//1099 993//982
f 993//982 1112//1099 1111//1098
f 993//982 1111//1098 994//983
f 994//983 1111//1098 1110//1097
f 994//983 1110//1097 995//984
f 995//984 1110//1097 1109//1096
f 995//984 1109//1096 1108//1095
f 995//984 1108//1095 996//985
f 996//985 1108//1095 1107//1094
f 996//985 1107//1094 997//986
f 997//986 1107//1094 1106//1093
f 997//986 1106//1093 1105//1092
f 997//986 1105//1092 998//987
f 998//987 1105//1092 1104//1091
f 998//987 1104//1091 999//988
f 999//988 1104//1091 1103//1090
f 999//988 1103//1090 1000//989
f 1000//989 1103//1090 1102//1089
f 1000//989 1102//1089 1001//990
f 1001//990 1102//1089 1101//1088
f 1001//990 1101//1088 1002//991
f 1002//991 1101//1088 1100//1087
f 1002//991 1100//1087 1003//992
f 1003//992 1100//1087 1099//1086
f 1003//992 1099//1086 1004//993
f 1339//1305 1265//1243 1264//1220
f 1339//1305 1264//1220 1338//1304
f 1338//1304 1264//1220 1277//1222
f 1338//1304 1277//1222 1364//1223
f 1364//1223 1277//1222 1263//1224
f 1364//1223 1263//1224 1337//1303
f 1337//1303 1263//1224 1336//1302
f 1336//1302 1263//1224 1262//1227
f 1336//1302 1262//1227 1335//1301
f 1335//1301 1262//1227 1261//1229
f 1335//1301 1261//1229 1260//1230
f 1335//1301 1260//1230 1334//1300
f 1334//1300 1260//1230 1259//1232
f 1334//1300 1259//1232 1333//1299
f 1333//1299 1259//1232 1258//1234
f 1333//1299 1258//1234 1332//1298
f 1332//1298 1258//1234 1257//1236
f 1332//1298 1257//1236 1331//1297
f 1331//1297 1257//1236 1276//1238
f 1331//1297 1276//1238 1329//1295
f 1329//1295 1276//1238 1275//1240
f 1329//1295 1275//1240 1328//1294
f 1326//1292 1778//1559 1302//1276
f 1302//1276 1778//1559 1777//1558
f 1302//1276 1777//1558 1327//1293
f 1327//1293 1777//1558 1776//1557
f 1327//1293 1776//1557 1301//1275
f 1301//1275 1776//1557 1300//1274
f 1300//1274 1776//1557 1775//1556
f 1300//1274 1775//1556 1299//1273
f 1299//1273 1775//1556 1796//1571
f 1299//1273 1796//1571 1298//1272
f 1298//1272 1796//1571 1297//1271
f 1297//1271 1796//1571 1795//1570
f 1297//1271 1795//1570 1296//1270
f 1296//1270 1795//1570 1794//1569
f 1296//1270 1794//1569 1295//1269
f 1295//1269 1794//1569 1294//1268
f 1294//1268 1794//1569 1793//1568
f 1294//1268 1793//1568 1292//1267
f 740//729 2034//1766 739//728
f 739//728 2034//1766 738//727
f 738//727 2034//1766 1942//1674
f 1942//1674 2034//1766 2035//1767
f 1942//1674 2035//1767 1163//1150
f 1942//1674 1163//1150 1943//1675
f 1943//1675 1163//1150 1166//1153
f 1943//1675 1166//1153 2036//1768
f 2036//1768 1166//1153 2037//1769
f 2037//1769 1166//1153 1168//1155
f 2037//1769 1168//1155 2038//1770
f 2038//1770 1168//1155 1170//1157
f 2038//1770 1170//1157 2039//1771
f 2039//1771 1170//1157 1172//1159
f 2039//1771 1172//1159 2040//1772
f 2040//1772 1172//1159 1939//1671
f 1939//1671 1172//1159 2041//1773
f 1939//1671 2041//1773 1940//1672
f 1940//1672 2041//1773 1941//1673
f 1941//1673 2041//1773 2042//1774
f 1941//1673 2042//1774 740//729
f 740//729 2042//1774 2034//1766
f 1174//1161 1145//1132 1144//1131
f 1174//1161 1144//1131 1175//1162
f 1175//1162 1144//1131 1177//1164
f 1144//1131 1143//1130 1177//1164
f 1177//1164 1143//1130 1179//1166
f 1143//1130 1142//1129 1179//1166
f 1142//1129 1141//1128 1179//1166
f 1179//1166 1141//1128 1181//1168
f 1181//1168 1141//1128 1140//1127
f 1181//1168 1140//1127 1182//1169
f 1182//1169 1140//1127 1183//1170
f 1140//1127 1139//1126 1183//1170
f 1183//1170 1139//1126 1185//1172
f 1139//1126 1138//1125 1185//1172
f 1185//1172 1138//1125 1186//1173
f 1138//1125 1136//1123 1186//1173
f 1137//1124 1188//1175 1136//1123
f 1136//1123 1188//1175 1186//1173
f 754//743 1072//1059 1063//1050
f 754//743 1063//1050 753//742
f 753//742 1063//1050 1062//1049
f 753//742 1062//1049 752//741
f 752//741 1062//1049 1061//1048
f 752//741 1061//1048 751//740
f 751//740 1061//1048 750//739
f 750//739 1061//1048 1060//1047
f 750//739 1060//1047 749//738
f 749//738 1060//1047 1059//1046
f 749//738 1059//1046 748//737
f 748//737 1059//1046 1058//1045
f 748//737 1058//1045 747//736
f 747//736 1058//1045 1057//1044
f 747//736 1057//1044 746//735
f 746//735 1057//1044 1056//1043
f 746//735 1056//1043 745//734
f 745//734 1056//1043 744//733
f 744//733 1056//1043 1055//1042
f 1037//1024 1966//1698 1038//1025
f 1038//1025 1966//1698 1967//1699
f 1038//1025 1967//1699 1039//1026
f 1039//1026 1967//1699 1968//1700
f 1039//1026 1968//1700 1040//1027
f 1040//1027 1968//1700 1969//1701
f 1040//1027 1969//1701 1041//1028
f 1041//1028 1969//1701 1970//1702
f 1041//1028 1970//1702 1042//1029
f 1042//1029 1970//1702 1971//1703
f 1042//1029 1971//1703 1043//1030
f 1043//1030 1971//1703 1044//1031
f 1044//1031 1971//1703 1972//1704
f 1044//1031 1972//1704 1045//1032
f 1045//1032 1972//1704 1973//1705
f 1045//1032 1973//1705 1054//1041
f 1025//1012 1028//1015 1531//1413
f 1025//1012 1531//1413 1507//1389
f 1507//1389 1531//1413 1533//1415
f 1507//1389 1533//1415 1508//1390
f 1508//1390 1533//1415 1510//1392
f 1510//1392 1533//1415 1535//1417
f 1510//1392 1535//1417 1512//1394
f 1512//1394 1535//1417 1523//1405
f 1512//1394 1523//1405 1525//1407
f 1512//1394 1525//1407 1514//1396
f 1514//1396 1525//1407 1527//1409
f 1514//1396 1527//1409 1516//1398
f 1516//1398 1527//1409 1518//1400
f 1518//1400 1527//1409 1529//1411
f 1518//1400 1529//1411 1520//1402
f 1520//1402 1529//1411 1030//1017
f 1520//1402 1030//1017 1034//1021
f 1033//1020 1498//1380 1497//1379
f 1033//1020 1497//1379 2043//1775
f 2043//1775 1497//1379 1501//1383
f 2043//1775 1501//1383 1605//1486
f 1605//1486 1501//1383 1503//1385
f 1605//1486 1503//1385 1607//1488
f 1607//1488 1503//1385 1505//1387
f 1607//1488 1505//1387 2044//1776
f 2044//1776 1505//1387 1540//1422
f 1540//1422 1505//1387 2048//1780
f 2045//1777 1024//1011 1538//1420
f 2045//1777 1538//1420 2046//1778
f 2046//1778 1538//1420 1547//1428
f 2046//1778 1547//1428 2047//1779
f 2047//1779 1547//1428 1546//1427
f 2047//1779 1546//1427 2048//1780
f 2048//1780 1546//1427 1545//1426
f 2048//1780 1545//1426 1540//1422
f 1027//1014 2049//1781 1556//1437
f 1556//1437 2049//1781 2050//1782
f 1556//1437 2050//1782 1554//1435
f 1554//1435 2050//1782 2051//1783
f 1554//1435 2051//1783 1553//1434
f 1553//1434 2051//1783 2052//1784
f 1553//1434 2052//1784 1552//1433
f 1552//1433 2052//1784 2053//1785
f 2053//1785 2052//1784 1504//1386
f 1499//1381 1031//1018 1651//1529
f 1499//1381 1651//1529 1500//1382
f 1500//1382 1651//1529 1650//1528
f 1500//1382 1650//1528 1502//1384
f 1502//1384 1650//1528 1648//1526
f 1502//1384 1648//1526 1504//1386
f 1504//1386 1648//1526 1647//1525
f 1504//1386 1647//1525 2053//1785
f 1054//1041 1973//1705 1978//1710
f 1054//1041 1978//1710 1053//1040
f 1053//1040 1978//1710 1052//1039
f 1052//1039 1978//1710 1977//1709
f 1052//1039 1977//1709 1051//1038
f 1051//1038 1977//1709 1976//1708
f 1051//1038 1976//1708 1050//1037
f 1050//1037 1976//1708 1049//1036
f 1049//1036 1976//1708 1975//1707
f 1049//1036 1975//1707 1048//1035
f 1048//1035 1975//1707 1974//1706
f 1048//1035 1974//1706 1047//1034
f 1047//1034 1974//1706 1980//1712
f 1047//1034 1980//1712 1046//1033
f 1046//1033 1980//1712 1979//1711
f 1046//1033 1979//1711 1037//1024
f 1037//1024 1979//1711 1966//1698
f 744//733 1055//1042 2054//1786
f 2054//1786 1055//1042 1064//1051
f 2054//1786 1064//1051 2055//1787
f 2055//1787 1064//1051 1065//1052
f 2055//1787 1065//1052 2056//1788
f 2056//1788 1065//1052 1066//1053
f 2056//1788 1066//1053 2057//1789
f 2057//1789 1066//1053 1067//1054
f 2057//1789 1067//1054 2058//1790
f 2058//1790 1067//1054 1068//1055
f 2058//1790 1068//1055 2059//1791
f 2059//1791 1068//1055 1069//1056
f 2059//1791 1069//1056 2060//1792
f 2060//1792 1069//1056 1070//1057
f 2060//1792 1070//1057 2061//1793
f 2061//1793 1070//1057 1071//1058
f 2061//1793 1071//1058 2062//1794
f 2062//1794 1071//1058 1072//1059
f 2062//1794 1072//1059 754//743
f 1188//1175 1137//1124 1147//1134
f 1188//1175 1147//1134 2010//1742
f 2010//1742 1147//1134 2011//1743
f 1147//1134 1149//1136 2011//1743
f 2011//1743 1149//1136 2012//1744
f 1149//1136 1150//1137 2012//1744
f 1150//1137 1152//1139 2012//1744
f 2012//1744 1152//1139 2013//1745
f 2013//1745 1152//1139 1154//1141
f 2013//1745 1154//1141 2006//1738
f 2006//1738 1154//1141 2007//1739
f 1154//1141 1156//1143 2007//1739
f 2007//1739 1156//1143 2008//1740
f 1156//1143 1158//1145 2008//1740
f 2008//1740 1158//1145 2009//1741
f 1158//1145 1160//1147 2009//1741
f 1145//1132 1174//1161 1160//1147
f 1160//1147 1174//1161 2009//1741
f 1292//1267 1793//1568 1792//1567
f 1292//1267 1792//1567 1316//1282
f 1316//1282 1792//1567 1791//1566
f 1316//1282 1791//1566 1317//1283
f 1317//1283 1791//1566 1789//1565
f 1317//1283 1789//1565 1318//1284
f 1318//1284 1789//1565 1787//1564
f 1318//1284 1787//1564 1319//1285
f 1319//1285 1787//1564 1785//1563
f 1319//1285 1785//1563 1320//1286
f 1320//1286 1785//1563 1321//1287
f 1321//1287 1785//1563 1783//1562
f 1321//1287 1783//1562 1322//1288
f 1322//1288 1783//1562 1323//1289
f 1323//1289 1783//1562 1781//1561
f 1323//1289 1781//1561 1324//1290
f 1324//1290 1781//1561 1780//1560
f 1324//1290 1780//1560 1325//1291
f 1325//1291 1780//1560 1778//1559
f 1325//1291 1778//1559 1326//1292
f 1328//1294 1275//1240 1274//1252
f 1328//1294 1274//1252 1353//1319
f 1353//1319 1274//1252 1273//1251
f 1353//1319 1273//1251 1354//1320
f 1354//1320 1273//1251 1272//1250
f 1354//1320 1272//1250 1355//1321
f 1355//1321 1272//1250 1270//1248
f 1355//1321 1270//1248 1356//1322
f 1356//1322 1270//1248 1269//1247
f 1356//1322 1269//1247 1268//1246
f 1356//1322 1268//1246 1357//1323
f 1357//1323 1268//1246 1358//1261
f 1358//1261 1268//1246 1267//1245
f 1358//1261 1267//1245 1266//1244
f 1358//1261 1266//1244 1360//1263
f 1360//1263 1266//1244 1279//1254
f 1360//1263 1279//1254 1361//1325
f 1361//1325 1279//1254 1278//1253
f 1361//1325 1278//1253 1363//1266
f 1363//1266 1278//1253 1265//1243
f 1363//1266 1265//1243 1339//1305
f 1004//993 1099//1086 2017//1749
f 1004//993 2017//1749 1438//1345
f 1438//1345 2017//1749 2018//1750
f 1438//1345 2018//1750 2020//1752
f 1438//1345 2020//1752 1439//1346
f 1439//1346 2020//1752 2021//1753
f 1439//1346 2021//1753 1440//1347
f 1440//1347 2021//1753 2022//1754
f 1440//1347 2022//1754 1441//1348
f 1441//1348 2022//1754 1442//1349
f 1442//1349 2022//1754 2023//1755
f 1442//1349 2023//1755 1444//1351
f 1444//1351 2023//1755 2024//1756
f 1444//1351 2024//1756 1445//1352
f 1445//1352 2024//1756 2016//1748
f 1445//1352 2016//1748 1446//1353
f 1446//1353 2016//1748 2026//1758
f 1446//1353 2026//1758 1447//1354
f 1447//1354 2026//1758 2029//1761
f 1447//1354 2029//1761 1448//1355
f 1448//1355 2029//1761 1114//1101
f 1448//1355 1114//1101 992//981
f 1449//1241 1408//1240 1407//1252
f 1449//1241 1407//1252 1485//1256
f 1485//1256 1407//1252 1406//1251
f 1485//1256 1406//1251 1486//1257
f 1486//1257 1406//1251 1405//1250
f 1486//1257 1405//1250 1487//1258
f 1487//1258 1405//1250 1403//1248
f 1487//1258 1403//1248 1488//1259
f 1488//1259 1403//1248 1402//1247
f 1488//1259 1402//1247 1401//1246
f 1488//1259 1401//1246 1489//1260
f 1489//1260 1401//1246 1490//1261
f 1490//1261 1401//1246 1400//1245
f 1490//1261 1400//1245 1399//1244
f 1490//1261 1399//1244 1492//1263
f 1492//1263 1399//1244 1412//1254
f 1492//1263 1412//1254 1493//1264
f 1493//1264 1412//1254 1411//1253
f 1493//1264 1411//1253 1495//1266
f 1495//1266 1411//1253 1398//1243
f 1495//1266 1398//1243 1469//1218
f 1098//1085 981//970 1349//1315
f 1098//1085 1349//1315 1981//1713
f 1981//1713 1349//1315 1348//1314
f 1981//1713 1348//1314 1992//1724
f 1992//1724 1348//1314 1983//1715
f 1983//1715 1348//1314 1347//1313
f 1983//1715 1347//1313 1346//1312
f 1983//1715 1346//1312 1991//1723
f 1991//1723 1346//1312 1345//1311
f 1991//1723 1345//1311 1984//1716
f 1984//1716 1345//1311 1990//1722
f 1990//1722 1345//1311 1343//1309
f 1990//1722 1343//1309 1989//1721
f 1989//1721 1343//1309 1342//1308
f 1989//1721 1342//1308 1341//1307
f 1989//1721 1341//1307 1988//1720
f 1988//1720 1341//1307 1352//1318
f 1988//1720 1352//1318 1987//1719
f 1987//1719 1352//1318 1351//1317
f 1987//1719 1351//1317 1985//1717
f 1985//1717 1351//1317 1350//1316
f 1985//1717 1350//1316 1986//1718
f 1986//1718 1350//1316 991//980
f 1986//1718 991//980 1089//1076
f 1708//1462 1857//1499 1856//1546
f 1708//1462 1856//1546 1709//1463
f 1709//1463 1856//1546 1855//1545
f 1709//1463 1855//1545 1711//1465
f 1711//1465 1855//1545 1853//1543
f 1711//1465 1853//1543 1713//1467
f 1713//1467 1853//1543 1851//1541
f 1713//1467 1851//1541 1715//1469
f 1715//1469 1851//1541 1849//1539
f 1715//1469 1849//1539 1716//1470
f 1716//1470 1849//1539 1847//1537
f 1716//1470 1847//1537 1719//1473
f 1719//1473 1847//1537 1845//1535
f 1719//1473 1845//1535 1721//1475
f 1721//1475 1845//1535 1844//1534
f 1721//1475 1844//1534 1722//1476
f 1722//1476 1844//1534 1842//1493
f 1722//1476 1842//1493 1723//1477
f 1115//1102 735//724 1956//1688
f 1956//1688 735//724 1945//1677
f 1956//1688 1945//1677 1955//1687
f 1955//1687 1945//1677 1944//1676
f 1955//1687 1944//1676 1954//1686
f 1954//1686 1944//1676 1953//1685
f 1954//1686 1953//1685 1951//1683
f 1954//1686 1951//1683 1965//1697
f 1965//1697 1951//1683 1949//1681
f 1965//1697 1949//1681 1964//1696
f 1964//1696 1949//1681 1948//1680
f 1964//1696 1948//1680 1947//1679
f 1964//1696 1947//1679 1121//1108
f 1121//1108 1947//1679 1946//1678
f 1121//1108 1946//1678 727//716
f 1820//1579 1479//1374 1478//1373
f 1820//1579 1478//1373 1821//1580
f 1821//1580 1478//1373 1477//1372
f 1821//1580 1477//1372 1823//1581
f 1823//1581 1477//1372 1476//1371
f 1823//1581 1476//1371 1825//1582
f 1825//1582 1476//1371 1474//1370
f 1825//1582 1474//1370 1827//1583
f 1827//1583 1474//1370 1473//1369
f 1827//1583 1473//1369 1472//1368
f 1827//1583 1472//1368 1828//1584
f 1828//1584 1472//1368 1471//1367
f 1828//1584 1471//1367 1470//1366
f 1828//1584 1470//1366 1831//1585
f 1831//1585 1470//1366 1483//1378
f 1831//1585 1483//1378 1833//1586
f 1833//1586 1483//1378 1482//1377
f 1833//1586 1482//1377 1834//1587
f 1834//1587 1482//1377 1468//1365
f 1834//1587 1468//1365 1835//1588
f 1973//1705 1220//1206 1978//1710
f 1978//1710 1220//1206 1218//1204
f 1978//1710 1218//1204 1217//1203
f 1978//1710 1217//1203 1977//1709
f 1977//1709 1217//1203 1211//1197
f 1977//1709 1211//1197 1976//1708
f 1976//1708 1211//1197 1191//1178
f 1976//1708 1191//1178 1194//1181
f 1976//1708 1194//1181 1975//1707
f 1975//1707 1194//1181 1197//1183
f 1975//1707 1197//1183 1974//1706
f 1974//1706 1197//1183 1200//1186
f 1974//1706 1200//1186 1980//1712
f 1980//1712 1200//1186 1979//1711
f 1979//1711 1200//1186 1207//1193
f 1979//1711 1207//1193 1966//1698
f 1966//1698 1207//1193 1206//1192
f 1013//1002 1219//1205 1214//1200
f 1013//1002 1214//1200 2063//1795
f 2063//1795 1214//1200 1957//1689
f 1957//1689 1214//1200 1212//1198
f 1957//1689 1212//1198 1958//1690
f 1958//1690 1212//1198 1210//1196
f 1958//1690 1210//1196 1959//1691
f 1959//1691 1210//1196 1209//1195
f 1959//1691 1209//1195 1960//1692
f 1960//1692 1209//1195 1961//1693
f 1961//1693 1209//1195 1196//1182
f 1961//1693 1196//1182 1962//1694
f 1962//1694 1196//1182 1205//1191
f 1962//1694 1205//1191 1963//1695
f 1963//1695 1205//1191 1201//1187
f 1963//1695 1201//1187 1005//994
f 736//725 1943//1675 1945//1677
f 1945//1677 1943//1675 2036//1768
f 1952//1684 2036//1768 2037//1769
f 1952//1684 2037//1769 1950//1682
f 1950//1682 2037//1769 2038//1770
f 1950//1682 2038//1770 1948//1680
f 1948//1680 2038//1770 2039//1771
f 1946//1678 2039//1771 2040//1772
f 1946//1678 2040//1772 743//732
f 743//732 2040//1772 1939//1671
f 1938//1670 2064//1796 1936//1668
f 2064//1796 1934//1666 1936//1668
f 1938//1670 1937//1669 2064//1796
f 2064//1796 1937//1669 2025//1757
f 2064//1796 2025//1757 1934//1666
f 1934//1666 2025//1757 1935//1667
f 1932//1664 2065//1797 1931//1663
f 2065//1797 1929//1661 1931//1663
f 1932//1664 1933//1665 2065//1797
f 2065//1797 1933//1665 2019//1751
f 2065//1797 2019//1751 1125//1112
f 2065//1797 1125//1112 1929//1661
f 1926//1658 1927//1659 1928//1660
f 1928//1660 1927//1659 1922//1654
f 1922//1654 1927//1659 1923//1655
f 1920//1652 2066//1798 1919//1651
f 2066//1798 1916//1648 1919//1651
f 1920//1652 1921//1653 2066//1798
f 2066//1798 1921//1653 2015//1747
f 2066//1798 2015//1747 1916//1648
f 1916//1648 2015//1747 1917//1649
f 1914//1646 1913//1645 2033//1765
f 1914//1646 2033//1765 1915//1647
f 1915//1647 2033//1765 1910//1642
f 1910//1642 2033//1765 1911//1643
f 1908//1640 2067//1799 1904//1636
f 1908//1640 1909//1641 2067//1799
f 2067//1799 1909//1641 1905//1637
f 2067//1799 1905//1637 1904//1636
f 1901//1633 1902//1634 1903//1635
f 1903//1635 1902//1634 2030//1762
f 1903//1635 2030//1762 1898//1630
f 1898//1630 2030//1762 1899//1631
f 1897//1629 2068//1800 1896//1628
f 2068//1800 1894//1626 1896//1628
f 1897//1629 1131//1118 2068//1800
f 2068//1800 1131//1118 2027//1759
f 2068//1800 2027//1759 1894//1626
f 1892//1624 2069//1801 1889//1621
f 2069//1801 1893//1625 1889//1621
f 1889//1621 1893//1625 2005//1737
f 1886//1618 1888//1620 1883//1615
f 1888//1620 1887//1619 1883//1615
f 1883//1615 1887//1619 1997//1729
f 1880//1612 1881//1613 1882//1614
f 1882//1614 1881//1613 1076//1063
f 1882//1614 1076//1063 1877//1609
f 1877//1609 1076//1063 1078//1065
f 1875//1607 2070//1802 1873//1605
f 2070//1802 1871//1603 1873//1605
f 1875//1607 1876//1608 2070//1802
f 2070//1802 1876//1608 1871//1603
f 1871//1603 1876//1608 1996//1728
f 1870//1602 2071//1803 1868//1600
f 2071//1803 1866//1598 1868//1600
f 1870//1602 1869//1601 2071//1803
f 2071//1803 1869//1601 2001//1733
f 2071//1803 2001//1733 1866//1598
f 1866//1598 2001//1733 1867//1599
f 1864//1596 1863//1595 1865//1597
f 1865//1597 1863//1595 2004//1736
f 1865//1597 2004//1736 1860//1592
f 1860//1592 2004//1736 1861//1593
f 1815//1515 1814//1455 1822//1464
f 1815//1515 1822//1464 1854//1544
f 1854//1544 1822//1464 1824//1466
f 1854//1544 1824//1466 1852//1542
f 1852//1542 1824//1466 1850//1540
f 1850//1540 1824//1466 1826//1468
f 1850//1540 1826//1468 1829//1471
f 1850//1540 1829//1471 1848//1538
f 1848//1538 1829//1471 1830//1472
f 1848//1538 1830//1472 1846//1536
f 1846//1536 1830//1472 1832//1474
f 1846//1536 1832//1474 1843//1489
f 1843//1489 1832//1474 1798//1439
f 1843//1489 1798//1439 1797//1500
f 1760//1515 1759//1455 1762//1464
f 1760//1515 1762//1464 1790//1544
f 1790//1544 1762//1464 1764//1466
f 1790//1544 1764//1466 1788//1542
f 1788//1542 1764//1466 1786//1540
f 1786//1540 1764//1466 1766//1468
f 1786//1540 1766//1468 1769//1471
f 1786//1540 1769//1471 1784//1538
f 1784//1538 1769//1471 1770//1472
f 1784//1538 1770//1472 1782//1536
f 1782//1536 1770//1472 1772//1474
f 1782//1536 1772//1474 1779//1489
f 1779//1489 1772//1474 1743//1439
f 1779//1489 1743//1439 1742//1553
f 1702//1515 1701//1455 1710//1464
f 1702//1515 1710//1464 1739//1544
f 1739//1544 1710//1464 1712//1466
f 1739//1544 1712//1466 1737//1542
f 1737//1542 1712//1466 1735//1540
f 1735//1540 1712//1466 1714//1468
f 1735//1540 1714//1468 1717//1471
f 1735//1540 1717//1471 1733//1538
f 1733//1538 1717//1471 1718//1472
f 1733//1538 1718//1472 1731//1536
f 1731//1536 1718//1472 1720//1474
f 1731//1536 1720//1474 1728//1489
f 1728//1489 1720//1474 1685//1439
f 1728//1489 1685//1439 1684//1500
f 1683//1462 1671//1499 1670//1546
f 1683//1462 1670//1546 1761//1463
f 1761//1463 1670//1546 1669//1545
f 1761//1463 1669//1545 1763//1465
f 1763//1465 1669//1545 1667//1543
f 1763//1465 1667//1543 1765//1467
f 1765//1467 1667//1543 1665//1541
f 1765//1467 1665//1541 1767//1469
f 1767//1469 1665//1541 1663//1539
f 1767//1469 1663//1539 1768//1470
f 1768//1470 1663//1539 1661//1537
f 1768//1470 1661//1537 1771//1473
f 1771//1473 1661//1537 1659//1535
f 1771//1473 1659//1535 1773//1475
f 1773//1475 1659//1535 1658//1534
f 1773//1475 1658//1534 1774//1476
f 1774//1476 1658//1534 1656//1493
f 1774//1476 1656//1493 1676//1477
f 1637//1515 1636//1455 1646//1524
f 1637//1515 1646//1524 1668//1544
f 1668//1544 1646//1524 1649//1527
f 1668//1544 1649//1527 1666//1542
f 1666//1542 1649//1527 1664//1540
f 1664//1540 1649//1527 1638//1516
f 1664//1540 1638//1516 1640//1518
f 1664//1540 1640//1518 1662//1538
f 1662//1538 1640//1518 1642//1520
f 1662//1538 1642//1520 1660//1536
f 1660//1536 1642//1520 1643//1521
f 1660//1536 1643//1521 1657//1489
f 1657//1489 1643//1521 1620//1439
f 1657//1489 1620//1439 1619//1500
f 1581//1462 1618//1499 1741//1546
f 1581//1462 1741//1546 1582//1463
f 1582//1463 1741//1546 1740//1545
f 1582//1463 1740//1545 1584//1465
f 1584//1465 1740//1545 1738//1543
f 1584//1465 1738//1543 1586//1467
f 1586//1467 1738//1543 1736//1541
f 1586//1467 1736//1541 1588//1469
f 1588//1469 1736//1541 1734//1539
f 1588//1469 1734//1539 1589//1470
f 1589//1470 1734//1539 1732//1537
f 1589//1470 1732//1537 1592//1473
f 1592//1473 1732//1537 1730//1535
f 1592//1473 1730//1535 1594//1475
f 1594//1475 1730//1535 1729//1534
f 1594//1475 1729//1534 1595//1476
f 1595//1476 1729//1534 1612//1493
f 1595//1476 1612//1493 1596//1477
f 1575//1456 1574//1455 1583//1464
f 1575//1456 1583//1464 1606//1487
f 1606//1487 1583//1464 1585//1466
f 1606//1487 1585//1466 1604//1485
f 1604//1485 1585//1466 1601//1482
f 1601//1482 1585//1466 1587//1468
f 1601//1482 1587//1468 1590//1471
f 1601//1482 1590//1471 1611//1492
f 1611//1492 1590//1471 1591//1472
f 1611//1492 1591//1472 1610//1491
f 1610//1491 1591//1472 1593//1474
f 1610//1491 1593//1474 1608//1489
f 1608//1489 1593//1474 1558//1439
f 1608//1489 1558//1439 1557//1438
f 1651//1529 1031//1018 1639//1517
f 1647//1525 1645//1523 2053//1785
f 2053//1785 1645//1523 1548//1429
f 1522//1404 1551//1432 1526//1408
f 1526//1408 1551//1432 1644//1522
f 1526//1408 1644//1522 1528//1410
f 1528//1410 1641//1519 1530//1412
f 1530//1412 1641//1519 1639//1517
f 1530//1412 1639//1517 1031//1018
f 1033//1020 1602//1483 1521//1403
f 1602//1483 1033//1020 2043//1775
f 1602//1483 2043//1775 1603//1484
f 1603//1484 2043//1775 1605//1486
f 1607//1488 2044//1776 1539//1421
f 1539//1421 2044//1776 1540//1422
f 1543//1404 1513//1395 1609//1490
f 1609//1490 1513//1395 1515//1397
f 1609//1490 1515//1397 1517//1399
f 2048//1780 1504//1386 2052//1784
f 2048//1780 2052//1784 2051//1783
f 2048//1780 2051//1783 2047//1779
f 2047//1779 2051//1783 2050//1782
f 2047//1779 2050//1782 2046//1778
f 2046//1778 2050//1782 2049//1781
f 2046//1778 2049//1781 2045//1777
f 1469//1218 1468//1365 1482//1377
f 1469//1218 1482//1377 1494//1265
f 1494//1265 1482//1377 1484//1255
f 1494//1265 1484//1255 1493//1264
f 1493//1264 1484//1255 1491//1262
f 1491//1262 1484//1255 1471//1367
f 1491//1262 1471//1367 1472//1368
f 1491//1262 1472//1368 1489//1260
f 1489//1260 1472//1368 1473//1369
f 1489//1260 1473//1369 1488//1259
f 1488//1259 1473//1369 1475//1249
f 1488//1259 1475//1249 1487//1258
f 1487//1258 1475//1249 1486//1257
f 1486//1257 1475//1249 1477//1372
f 1486//1257 1477//1372 1485//1256
f 1485//1256 1477//1372 1478//1373
f 1485//1256 1478//1373 1449//1241
f 992//981 1366//1327 1435//1343
f 992//981 1435//1343 1447//1354
f 1447//1354 1435//1343 1437//1344
f 1447//1354 1437//1344 1445//1352
f 1445//1352 1437//1344 1427//1337
f 1445//1352 1427//1337 1443//1350
f 1443//1350 1427//1337 1428//1338
f 1443//1350 1428//1338 1429//1339
f 1443//1350 1429//1339 1441//1348
f 1441//1348 1429//1339 1431//1340
f 1441//1348 1431//1340 1440//1347
f 1440//1347 1431//1340 1439//1346
f 1439//1346 1431//1340 1433//1341
f 1439//1346 1433//1341 1438//1345
f 1438//1345 1433//1341 1434//1342
f 1438//1345 1434//1342 1004//993
f 1365//1218 1398//1243 1411//1253
f 1365//1218 1411//1253 1423//1265
f 1423//1265 1411//1253 1413//1255
f 1423//1265 1413//1255 1422//1264
f 1422//1264 1413//1255 1420//1262
f 1420//1262 1413//1255 1400//1245
f 1420//1262 1400//1245 1401//1246
f 1420//1262 1401//1246 1418//1260
f 1418//1260 1401//1246 1402//1247
f 1418//1260 1402//1247 1417//1259
f 1417//1259 1402//1247 1404//1249
f 1417//1259 1404//1249 1416//1258
f 1416//1258 1404//1249 1415//1257
f 1415//1257 1404//1249 1406//1251
f 1415//1257 1406//1251 1414//1256
f 1414//1256 1406//1251 1407//1252
f 1414//1256 1407//1252 1388//1241
f 1388//1241 1387//1240 1434//1342
f 1388//1241 1434//1342 1414//1256
f 1414//1256 1434//1342 1433//1341
f 1414//1256 1433//1341 1415//1257
f 1415//1257 1433//1341 1432//1250
f 1415//1257 1432//1250 1416//1258
f 1416//1258 1432//1250 1430//1248
f 1416//1258 1430//1248 1417//1259
f 1417//1259 1430//1248 1429//1339
f 1417//1259 1429//1339 1428//1338
f 1417//1259 1428//1338 1418//1260
f 1418//1260 1428//1338 1419//1261
f 1419//1261 1428//1338 1427//1337
f 1419//1261 1427//1337 1426//1244
f 1419//1261 1426//1244 1421//1263
f 1421//1263 1426//1244 1436//1254
f 1421//1263 1436//1254 1422//1264
f 1422//1264 1436//1254 1435//1343
f 1422//1264 1435//1343 1424//1266
f 1424//1266 1435//1343 1366//1327
f 1424//1266 1366//1327 1365//1218
f 1339//1305 991//980 1362//1326
f 1362//1326 991//980 1351//1317
f 1362//1326 1351//1317 1361//1325
f 1361//1325 1351//1317 1340//1306
f 1361//1325 1340//1306 1359//1324
f 1359//1324 1340//1306 1342//1308
f 1359//1324 1342//1308 1357//1323
f 1357//1323 1342//1308 1344//1310
f 1357//1323 1344//1310 1356//1322
f 1356//1322 1344//1310 1355//1321
f 1355//1321 1344//1310 1346//1312
f 1355//1321 1346//1312 1354//1320
f 1354//1320 1346//1312 1347//1313
f 1354//1320 1347//1313 1353//1319
f 1353//1319 1347//1313 1349//1315
f 1353//1319 1349//1315 1328//1294
f 1303//1277 1233//1219 1313//1280
f 1303//1277 1313//1280 1324//1290
f 1324//1290 1313//1280 1315//1281
f 1324//1290 1315//1281 1323//1289
f 1323//1289 1315//1281 1322//1288
f 1322//1288 1315//1281 1305//1278
f 1322//1288 1305//1278 1321//1287
f 1321//1287 1305//1278 1306//1279
f 1321//1287 1306//1279 1320//1286
f 1320//1286 1306//1279 1307//1247
f 1320//1286 1307//1247 1319//1285
f 1319//1285 1307//1247 1309//1249
f 1319//1285 1309//1249 1318//1284
f 1318//1284 1309//1249 1317//1283
f 1317//1283 1309//1249 1311//1251
f 1317//1283 1311//1251 1316//1282
f 1316//1282 1311//1251 1312//1252
f 1316//1282 1312//1252 1292//1267
f 1232//1218 1265//1243 1278//1253
f 1232//1218 1278//1253 1290//1265
f 1290//1265 1278//1253 1280//1255
f 1290//1265 1280//1255 1289//1264
f 1289//1264 1280//1255 1287//1262
f 1287//1262 1280//1255 1267//1245
f 1287//1262 1267//1245 1268//1246
f 1287//1262 1268//1246 1285//1260
f 1285//1260 1268//1246 1269//1247
f 1285//1260 1269//1247 1284//1259
f 1284//1259 1269//1247 1271//1249
f 1284//1259 1271//1249 1283//1258
f 1283//1258 1271//1249 1282//1257
f 1282//1257 1271//1249 1273//1251
f 1282//1257 1273//1251 1281//1256
f 1281//1256 1273//1251 1274//1252
f 1281//1256 1274//1252 1255//1241
f 1255//1241 1254//1240 1312//1252
f 1255//1241 1312//1252 1281//1256
f 1281//1256 1312//1252 1311//1251
f 1281//1256 1311//1251 1282//1257
f 1282//1257 1311//1251 1310//1250
f 1282//1257 1310//1250 1283//1258
f 1283//1258 1310//1250 1308//1248
f 1283//1258 1308//1248 1284//1259
f 1284//1259 1308//1248 1307//1247
f 1284//1259 1307//1247 1306//1279
f 1284//1259 1306//1279 1285//1260
f 1285//1260 1306//1279 1286//1261
f 1286//1261 1306//1279 1305//1278
f 1286//1261 1305//1278 1304//1244
f 1286//1261 1304//1244 1288//1263
f 1288//1263 1304//1244 1314//1254
f 1288//1263 1314//1254 1289//1264
f 1289//1264 1314//1254 1313//1280
f 1289//1264 1313//1280 1291//1266
f 1291//1266 1313//1280 1233//1219
f 1291//1266 1233//1219 1232//1218
f 1187//1174 1188//1175 1227//1213
f 1227//1213 1188//1175 2010//1742
f 1227//1213 2010//1742 1226//1212
f 1226//1212 2010//1742 2011//1743
f 1226//1212 2011//1743 2012//1744
f 1226//1212 2012//1744 1223//1209
f 1223//1209 2012//1744 2013//1745
f 1223//1209 2013//1745 1221//1207
f 1221//1207 2013//1745 2006//1738
f 1221//1207 2006//1738 2007//1739
f 1221//1207 2007//1739 1230//1216
f 1230//1216 2007//1739 2008//1740
f 1230//1216 2008//1740 1231//1217
f 1231//1217 2008//1740 2009//1741
f 1231//1217 2009//1741 1173//1160
f 1173//1160 2009//1741 1174//1161
f 1172//1159 1171//1158 1228//1214
f 1172//1159 1228//1214 2041//1773
f 2041//1773 1228//1214 1229//1215
f 2041//1773 1229//1215 2042//1774
f 2042//1774 1229//1215 1225//1211
f 2042//1774 1225//1211 2034//1766
f 2034//1766 1225//1211 1224//1210
f 2034//1766 1224//1210 2035//1767
f 2035//1767 1224//1210 1164//1151
f 2035//1767 1164//1151 1163//1150
f 1153//1140 2032//1764 1155//1142
f 1155//1142 2032//1764 2031//1763
f 1155//1142 2031//1763 2014//1746
f 1155//1142 2014//1746 1157//1144
f 1134//1121 1135//1122 765//754
f 765//754 1135//1122 1161//1148
f 2032//1764 775//764 2031//1763
f 754//743 1074//1061 2062//1794
f 2062//1794 1074//1061 1995//1727
f 2062//1794 1995//1727 2061//1793
f 2061//1793 1995//1727 1994//1726
f 2061//1793 1994//1726 2060//1792
f 2060//1792 1994//1726 2003//1735
f 2060//1792 2003//1735 2059//1791
f 2059//1791 2003//1735 2002//1734
f 2059//1791 2002//1734 2058//1790
f 2058//1790 2002//1734 1993//1725
f 2058//1790 1993//1725 2057//1789
f 2057//1789 1993//1725 2000//1732
f 2057//1789 2000//1732 2056//1788
f 2056//1788 2000//1732 1982//1714
f 2056//1788 1982//1714 2055//1787
f 2055//1787 1982//1714 1999//1731
f 2055//1787 1999//1731 2054//1786
f 2054//1786 1999//1731 1082//1069
f 2054//1786 1082//1069 744//733
f 1113//1100 1114//1101 2028//1760
f 893//882 1082//1069 1999//1731
f 1872//1604 1995//1727 1074//1061
f 1023//1010 2072//1804 1050//1037
f 1067//1054 2072//1804 1068//1055
f 1068//1055 2072//1804 1029//1016
f 1029//1016 1026//1013 1068//1055
f 1049//1036 1026//1013 1050//1037
f 1050//1037 1026//1013 1023//1010
f 1055//1042 1054//1041 1064//1051
f 1064//1051 1054//1041 1053//1040
f 1064//1051 1053//1040 1065//1052
f 1065//1052 1053//1040 1052//1039
f 1065//1052 1052//1039 1066//1053
f 1066//1053 1052//1039 1051//1038
f 1066//1053 1051//1038 1067//1054
f 1067//1054 1051//1038 1050//1037
f 1067//1054 1050//1037 2072//1804
f 1068//1055 1026//1013 1049//1036
f 1068//1055 1049//1036 1069//1056
f 1069//1056 1049//1036 1048//1035
f 1069//1056 1048//1035 1070//1057
f 1070//1057 1048//1035 1047//1034
f 1070//1057 1047//1034 1071//1058
f 1071//1058 1047//1034 1046//1033
f 1071//1058 1046//1033 1072//1059
f 1072//1059 1046//1033 1037//1024
f 1498//1380 1033//1020 1032//1019
f 1498//1380 1032//1019 1073//1060
f 1498//1380 1073//1060 1499//1381
f 1073//1060 1036//1023 1499//1381
f 1499//1381 1036//1023 1031//1018
f 1023//1010 1024//1011 2045//1777
f 2045//1777 2072//1804 1023//1010
f 2049//1781 2072//1804 2045//1777
f 1029//1016 2072//1804 2049//1781
f 1029//1016 2049//1781 1027//1014
f 1021//1005 1022//1009 1195//1177
f 1195//1177 1022//1009 1018//1007
f 1016//1005 1017//1006 1190//1177
f 1190//1177 1017//1006 1222//1208
f 1013//1002 2063//1795 1957//1689
f 979//968 976//965 974//963
f 961//950 919//908 920//909
f 961//950 920//909 963//952
f 958//947 913//902 957//946
f 957//946 913//902 915//904
f 954//943 909//898 953//942
f 953//942 909//898 911//900
f 950//939 905//894 949//938
f 949//938 905//894 907//896
f 864//853 808//797 806//795
f 850//839 790//779 847//836
f 823//812 762//751 760//749
f 2080//1812 2081//1813 2082//1814
f 2087//1819 2086//1818 2085//1817
f 2085//1817 2084//1816 2087//1819
f 2087//1819 2084//1816 2896//2626
f 2896//2626 2084//1816 2083//1815
f 2073//1805 2074//1806 2089//1821
f 2073//1805 2089//1821 2079//1811
f 2075//1807 2081//1813 2076//1808
f 2076//1808 2081//1813 2090//1822
f 2076//1808 2090//1822 2091//1823
f 2091//1823 2086//1818 2087//1819
f 2090//1822 2086//1818 2091//1823
f 2092//1824 2093//1825 2094//1826
f 2094//1826 2093//1825 2095//1827
f 2095//1827 2093//1825 2096//1828
f 2096//1828 2093//1825 2092//1824
f 2097//1829 2098//1830 2099//1831
f 2099//1831 2098//1830 2100//1832
f 2101//1833 2102//1834 2103//1835
f 2103//1835 2102//1834 2104//1836
f 2104//1836 2102//1834 2105//1837
f 2105//1837 2102//1834 2101//1833
f 2106//1838 2107//1839 2108//1840
f 2108//1840 2109//1841 2106//1838
f 2110//1842 2109//1841 2111//1843
f 2109//1841 2108//1840 2111//1843
f 2111//1843 2108//1840 2107//1839
f 2111//1843 2107//1839 2112//1844
f 2113//1845 2114//1846 2115//1847
f 2115//1847 2114//1846 2116//1848
f 2120//1852 2153//1885 2121//1853
f 2152//1884 2154//1886 2155//1887
f 2155//1887 2118//1850 2152//1884
f 2152//1884 2118//1850 2117//1849
f 2150//1882 2156//1888 2157//1889
f 2150//1882 2157//1889 2139//1871
f 2150//1882 2139//1871 2138//1870
f 2159//1891 2148//1880 2158//1890
f 2149//1881 2137//1869 2134//1866
f 2159//1891 2136//1868 2148//1880
f 2148//1880 2136//1868 2133//1865
f 2161//1893 2146//1878 2160//1892
f 2161//1893 2131//1863 2146//1878
f 2146//1878 2131//1863 2130//1862
f 2144//1876 2162//1894 2163//1895
f 2144//1876 2163//1895 2125//1857
f 2145//1877 2129//1861 2128//1860
f 2144//1876 2125//1857 2124//1856
f 2122//1854 2164//1896 2074//1806
f 2122//1854 2074//1806 2073//1805
f 2075//1807 2076//1808 2165//1897
f 2075//1807 2165//1897 2123//1855
f 2074//1806 2164//1896 2166//1898
f 2166//1898 2164//1896 2165//1897
f 2150//1882 2169//1901 2170//1902
f 2148//1880 2172//1904 2173//1905
f 2148//1880 2173//1905 2174//1906
f 2160//1892 2176//1908 2177//1909
f 2160//1892 2177//1909 2178//1910
f 2144//1876 2180//1912 2181//1913
f 2144//1876 2181//1913 2182//1914
f 2164//1896 2184//1916 2185//1917
f 2164//1896 2185//1917 2186//1918
f 2154//1886 2188//1920 2189//1921
f 2154//1886 2189//1921 2190//1922
f 2150//1882 2168//1900 2169//1901
f 2209//1941 2198//1930 2206//1938
f 2206//1938 2198//1930 2197//1929
f 2205//1937 2196//1928 2195//1927
f 2206//1938 2197//1929 2205//1937
f 2205//1937 2197//1929 2196//1928
f 2210//1942 2194//1926 2208//1940
f 2208//1940 2194//1926 2193//1925
f 2207//1939 2192//1924 2211//1943
f 2211//1943 2192//1924 2191//1923
f 2208//1940 2193//1925 2207//1939
f 2207//1939 2193//1925 2192//1924
f 2212//1944 2202//1934 2204//1936
f 2204//1936 2202//1934 2201//1933
f 2203//1935 2200//1932 2199//1931
f 2204//1936 2201//1933 2203//1935
f 2203//1935 2201//1933 2200//1932
f 2302//2034 2301//2033 2300//2032
f 2300//2032 2301//2033 2299//2031
f 2301//2033 2258//1990 2260//1992
f 2301//2033 2260//1992 2299//2031
f 2299//2031 2260//1992 2259//1991
f 2302//2034 2255//1987 2301//2033
f 2301//2033 2255//1987 2258//1990
f 2300//2032 2257//1989 2256//1988
f 2300//2032 2256//1988 2302//2034
f 2302//2034 2256//1988 2255//1987
f 2299//2031 2259//1991 2300//2032
f 2300//2032 2259//1991 2257//1989
f 2290//2022 2289//2021 2288//2020
f 2288//2020 2289//2021 2287//2019
f 2287//2019 2243//1975 2288//2020
f 2288//2020 2243//1975 2244//1976
f 2289//2021 2241//1973 2287//2019
f 2287//2019 2241//1973 2243//1975
f 2242//1974 2241//1973 2290//2022
f 2290//2022 2241//1973 2289//2021
f 2288//2020 2244//1976 2290//2022
f 2290//2022 2244//1976 2242//1974
f 2293//2025 2291//2023 2292//2024
f 2294//2026 2293//2025 2292//2024
f 2293//2025 2248//1980 2250//1982
f 2293//2025 2250//1982 2291//2023
f 2291//2023 2250//1982 2249//1981
f 2294//2026 2245//1977 2293//2025
f 2293//2025 2245//1977 2248//1980
f 2292//2024 2247//1979 2246//1978
f 2292//2024 2246//1978 2294//2026
f 2294//2026 2246//1978 2245//1977
f 2291//2023 2249//1981 2292//2024
f 2292//2024 2249//1981 2247//1979
f 2281//2013 2283//2015 2280//2012
f 2280//2012 2283//2015 2282//2014
f 2280//2012 2233//1965 2281//2013
f 2281//2013 2233//1965 2234//1966
f 2282//2014 2231//1963 2280//2012
f 2280//2012 2231//1963 2233//1965
f 2232//1964 2231//1963 2283//2015
f 2283//2015 2231//1963 2282//2014
f 2281//2013 2234//1966 2283//2015
f 2283//2015 2234//1966 2232//1964
f 2318//2050 2317//2049 2316//2048
f 2316//2048 2317//2049 2315//2047
f 2317//2049 2277//2009 2279//2011
f 2317//2049 2279//2011 2315//2047
f 2315//2047 2279//2011 2278//2010
f 2318//2050 2274//2006 2317//2049
f 2317//2049 2274//2006 2277//2009
f 2316//2048 2276//2008 2275//2007
f 2316//2048 2275//2007 2318//2050
f 2318//2050 2275//2007 2274//2006
f 2315//2047 2278//2010 2316//2048
f 2316//2048 2278//2010 2276//2008
f 2305//2037 2303//2035 2306//2038
f 2306//2038 2303//2035 2304//2036
f 2303//2035 2263//1995 2304//2036
f 2304//2036 2263//1995 2264//1996
f 2305//2037 2261//1993 2303//2035
f 2303//2035 2261//1993 2263//1995
f 2262//1994 2261//1993 2306//2038
f 2306//2038 2261//1993 2305//2037
f 2304//2036 2264//1996 2306//2038
f 2306//2038 2264//1996 2262//1994
f 2307//2039 2308//2040 2309//2041
f 2309//2041 2308//2040 2310//2042
f 2309//2041 2267//1999 2269//2001
f 2309//2041 2269//2001 2307//2039
f 2307//2039 2269//2001 2268//2000
f 2310//2042 2265//1997 2309//2041
f 2309//2041 2265//1997 2267//1999
f 2308//2040 2266//1998 2310//2042
f 2310//2042 2266//1998 2265//1997
f 2307//2039 2268//2000 2308//2040
f 2308//2040 2268//2000 2266//1998
f 2296//2028 2298//2030 2295//2027
f 2295//2027 2298//2030 2297//2029
f 2295//2027 2253//1985 2296//2028
f 2296//2028 2253//1985 2254//1986
f 2297//2029 2251//1983 2295//2027
f 2295//2027 2251//1983 2253//1985
f 2252//1984 2251//1983 2298//2030
f 2298//2030 2251//1983 2297//2029
f 2296//2028 2254//1986 2298//2030
f 2298//2030 2254//1986 2252//1984
f 2284//2016 2285//2017 2286//2018
f 2286//2018 2285//2017 2319//2051
f 2286//2018 2238//1970 2240//1972
f 2286//2018 2240//1972 2284//2016
f 2284//2016 2240//1972 2239//1971
f 2319//2051 2235//1967 2286//2018
f 2286//2018 2235//1967 2238//1970
f 2285//2017 2237//1969 2236//1968
f 2285//2017 2236//1968 2319//2051
f 2319//2051 2236//1968 2235//1967
f 2284//2016 2239//1971 2285//2017
f 2285//2017 2239//1971 2237//1969
f 2313//2045 2311//2043 2314//2046
f 2314//2046 2311//2043 2312//2044
f 2311//2043 2272//2004 2312//2044
f 2312//2044 2272//2004 2273//2005
f 2313//2045 2270//2002 2311//2043
f 2311//2043 2270//2002 2272//2004
f 2271//2003 2270//2002 2314//2046
f 2314//2046 2270//2002 2313//2045
f 2312//2044 2273//2005 2314//2046
f 2314//2046 2273//2005 2271//2003
f 2331//2063 2333//2065 2330//2062
f 2332//2064 2330//2062 2333//2065
f 2330//2062 2322//2054 2331//2063
f 2331//2063 2322//2054 2323//2055
f 2332//2064 2320//2052 2330//2062
f 2330//2062 2320//2052 2322//2054
f 2321//2053 2320//2052 2333//2065
f 2333//2065 2320//2052 2332//2064
f 2331//2063 2323//2055 2333//2065
f 2333//2065 2323//2055 2321//2053
f 2335//2067 2337//2069 2336//2068
f 2335//2067 2336//2068 2334//2066
f 2336//2068 2327//2059 2329//2061
f 2336//2068 2329//2061 2334//2066
f 2334//2066 2329//2061 2328//2060
f 2337//2069 2324//2056 2336//2068
f 2336//2068 2324//2056 2327//2059
f 2335//2067 2326//2058 2325//2057
f 2335//2067 2325//2057 2337//2069
f 2337//2069 2325//2057 2324//2056
f 2334//2066 2328//2060 2335//2067
f 2335//2067 2328//2060 2326//2058
f 2340//2072 2342//2074 2341//2073
f 2341//2073 2342//2074 2343//2075
f 2341//2073 2343//2075 2344//2076
f 2344//2076 2343//2075 2345//2077
f 2341//2073 2347//2079 2340//2072
f 2340//2072 2347//2079 2348//2080
f 2340//2072 2348//2080 2339//2071
f 2339//2071 2348//2080 2349//2081
f 2339//2071 2349//2081 2338//2070
f 2338//2070 2349//2081 2350//2082
f 2338//2070 2350//2082 2351//2083
f 2351//2083 2350//2082 2352//2084
f 2351//2083 2352//2084 2353//2085
f 2353//2085 2352//2084 2354//2086
f 2353//2085 2354//2086 2355//2087
f 2355//2087 2354//2086 2356//2088
f 2355//2087 2356//2088 2357//2089
f 2357//2089 2356//2088 2358//2090
f 2357//2089 2358//2090 2359//2091
f 2359//2091 2358//2090 2346//2078
f 2346//2078 2358//2090 2360//2092
f 2346//2078 2360//2092 2345//2077
f 2345//2077 2360//2092 2361//2093
f 2345//2077 2361//2093 2344//2076
f 2344//2076 2361//2093 2362//2094
f 2344//2076 2362//2094 2341//2073
f 2341//2073 2362//2094 2347//2079
f 2363//2095 2364//2096 2527//2257
f 2527//2257 2364//2096 2365//2097
f 2522//2252 2369//2101 2370//2102
f 2375//2107 2376//2108 2377//2109
f 2380//2112 2381//2113 2379//2111
f 2379//2111 2381//2113 2378//2110
f 2383//2115 2381//2113 2380//2112
f 2382//2114 2383//2115 2379//2111
f 2447//2179 2448//2180 2449//2181
f 2449//2181 2448//2180 2450//2182
f 2449//2181 2450//2182 2451//2183
f 2451//2183 2447//2179 2449//2181
f 2452//2184 2453//2185 2454//2186
f 2454//2186 2453//2185 2455//2187
f 2454//2186 2455//2187 2456//2188
f 2456//2188 2455//2187 2457//2189
f 2458//2190 2459//2191 2460//2192
f 2460//2192 2459//2191 2461//2193
f 2458//2190 2460//2192 2462//2194
f 2448//2180 2445//2177 2446//2178
f 2448//2180 2446//2178 2463//2195
f 2448//2180 2463//2195 2450//2182
f 2450//2182 2463//2195 2443//2175
f 2450//2182 2443//2175 2444//2176
f 2444//2176 2445//2177 2448//2180
f 2928//2658 2446//2178 2445//2177
f 2928//2658 2445//2177 2464//2196
f 2464//2196 2445//2177 2444//2176
f 2464//2196 2444//2176 2465//2197
f 2465//2197 2444//2176 2443//2175
f 2465//2197 2443//2175 2466//2198
f 2453//2185 2442//2174 2467//2199
f 2453//2185 2467//2199 2455//2187
f 2455//2187 2467//2199 2468//2200
f 2455//2187 2468//2200 2457//2189
f 2457//2189 2468//2200 2441//2173
f 2457//2189 2441//2173 2440//2172
f 2457//2189 2440//2172 2453//2185
f 2453//2185 2440//2172 2442//2174
f 2128//1860 2442//2174 2127//1859
f 2442//2174 2440//2172 2127//1859
f 2127//1859 2440//2172 2441//2173
f 2127//1859 2441//2173 2469//2201
f 2461//2193 2470//2202 2437//2169
f 2461//2193 2437//2169 2438//2170
f 2461//2193 2438//2170 2471//2203
f 2471//2203 2438//2170 2439//2171
f 2471//2203 2439//2171 2459//2191
f 2459//2191 2439//2171 2472//2204
f 2459//2191 2472//2204 2461//2193
f 2461//2193 2472//2204 2470//2202
f 2473//2205 2439//2171 2474//2206
f 2474//2206 2439//2171 2438//2170
f 2474//2206 2438//2170 2437//2169
f 2474//2206 2437//2169 2475//2207
f 2476//2208 2477//2209 2478//2181
f 2478//2181 2477//2209 2479//2210
f 2478//2181 2479//2210 2480//2183
f 2480//2183 2476//2208 2478//2181
f 2479//2210 2482//2212 2433//2165
f 2479//2210 2433//2165 2434//2166
f 2479//2210 2434//2166 2435//2167
f 2477//2209 2435//2167 2436//2168
f 2477//2209 2436//2168 2481//2211
f 2477//2209 2481//2211 2479//2210
f 2479//2210 2481//2211 2482//2212
f 2937//2667 2436//2168 2483//2213
f 2483//2213 2436//2168 2435//2167
f 2483//2213 2435//2167 2434//2166
f 2483//2213 2434//2166 2484//2214
f 2484//2214 2434//2166 2433//2165
f 2484//2214 2433//2165 2140//1872
f 2229//1961 2228//1960 2485//2215
f 2229//1961 2485//2215 2230//1962
f 2230//1962 2485//2215 2486//2216
f 2230//1962 2486//2216 2487//2217
f 2490//2220 2491//2221 2492//2222
f 2492//2222 2491//2221 2493//2223
f 2223//1955 2222//1954 2494//2224
f 2223//1955 2494//2224 2224//1956
f 2224//1956 2494//2224 2495//2225
f 2224//1956 2495//2225 2225//1957
f 2216//1948 2496//2226 2217//1949
f 2214//1946 2213//1945 2504//2234
f 2214//1946 2504//2234 2215//1947
f 2216//1948 2215//1947 2496//2226
f 2213//1945 2486//2216 2504//2234
f 2504//2234 2486//2216 2485//2215
f 2504//2234 2485//2215 2215//1947
f 2215//1947 2485//2215 2228//1960
f 2215//1947 2228//1960 2496//2226
f 2496//2226 2228//1960 2227//1959
f 2496//2226 2227//1959 2226//1958
f 2496//2226 2226//1958 2217//1949
f 2217//1949 2226//1958 2225//1957
f 2217//1949 2225//1957 2218//1950
f 2218//1950 2225//1957 2495//2225
f 2218//1950 2495//2225 2219//1951
f 2219//1951 2495//2225 2494//2224
f 2219//1951 2494//2224 2220//1952
f 2220//1952 2494//2224 2221//1953
f 2221//1953 2494//2224 2222//1954
f 2534//2264 2533//2263 2535//2265
f 2528//2258 2533//2263 2534//2264
f 2526//2256 2235//1967 2236//1968
f 2519//2249 2266//1998 2262//1994
f 2519//2249 2262//1994 2520//2250
f 2262//1994 2255//1987 2520//2250
f 2520//2250 2255//1987 2521//2251
f 2521//2251 2255//1987 2256//1988
f 2256//1988 2257//1989 2521//2251
f 2521//2251 2257//1989 2251//1983
f 2521//2251 2251//1983 2522//2252
f 2522//2252 2251//1983 2252//1984
f 2522//2252 2252//1984 2523//2253
f 2523//2253 2252//1984 2245//1977
f 2523//2253 2245//1977 2246//1978
f 2523//2253 2246//1978 2524//2254
f 2524//2254 2246//1978 2247//1979
f 2524//2254 2247//1979 2242//1974
f 2524//2254 2242//1974 2525//2255
f 2525//2255 2242//1974 2543//2273
f 2525//2255 2543//2273 2235//1967
f 2525//2255 2235//1967 2526//2256
f 2236//1968 2527//2257 2526//2256
f 2527//2257 2236//1968 2237//1969
f 2519//2249 2374//2106 2544//2274
f 2915//2645 2545//2275 2546//2276
f 2547//2277 2912//2642 2911//2641
f 2547//2277 2911//2641 2548//2278
f 2369//2101 2522//2252 2523//2253
f 2520//2250 2373//2105 2519//2249
f 2519//2249 2373//2105 2374//2106
f 2521//2251 2371//2103 2372//2104
f 2521//2251 2372//2104 2520//2250
f 2549//2279 2550//2280 2918//2648
f 2551//2281 2552//2282 2917//2647
f 2917//2647 2914//2644 2551//2281
f 2551//2281 2914//2644 2546//2276
f 2546//2276 2914//2644 2915//2645
f 2913//2643 2553//2283 2545//2275
f 2370//2102 2371//2103 2522//2252
f 2522//2252 2371//2103 2521//2251
f 2549//2279 2918//2648 2916//2646
f 2549//2279 2916//2646 2552//2282
f 2552//2282 2916//2646 2917//2647
f 2363//2095 2527//2257 2548//2278
f 2363//2095 2548//2278 2911//2641
f 2366//2098 2525//2255 2526//2256
f 2524//2254 2525//2255 2367//2099
f 2520//2250 2372//2104 2373//2105
f 2544//2274 2920//2650 2919//2649
f 2544//2274 2919//2649 2550//2280
f 2550//2280 2919//2649 2918//2648
f 2545//2275 2915//2645 2913//2643
f 2913//2643 2912//2642 2553//2283
f 2553//2283 2912//2642 2547//2277
f 2526//2256 2527//2257 2365//2097
f 2526//2256 2365//2097 2366//2098
f 2525//2255 2366//2098 2367//2099
f 2524//2254 2367//2099 2368//2100
f 2524//2254 2368//2100 2523//2253
f 2523//2253 2368//2100 2369//2101
f 2432//2164 2077//1809 2078//1810
f 2589//2319 2590//2320 2591//2321
f 2591//2321 2590//2320 2592//2322
f 2589//2319 2591//2321 2593//2323
f 2958//2688 2594//2324 2595//2325
f 2595//2325 2594//2324 2596//2326
f 2595//2325 2596//2326 2597//2327
f 2597//2327 2596//2326 2929//2659
f 2598//2328 2599//2329 2600//2330
f 2600//2330 2599//2329 2601//2331
f 2600//2330 2601//2331 2602//2332
f 2602//2332 2598//2328 2600//2330
f 2603//2333 2604//2334 2605//2335
f 2605//2335 2604//2334 2606//2336
f 2605//2335 2606//2336 2607//2337
f 2607//2337 2606//2336 2608//2338
f 2609//2339 2610//2340 2611//2341
f 2611//2341 2610//2340 2612//2342
f 2611//2341 2612//2342 2613//2343
f 2614//2344 2609//2339 2611//2341
f 2611//2341 2613//2343 2614//2344
f 2615//2345 2616//2346 2617//2347
f 2617//2347 2616//2346 2618//2348
f 2617//2347 2618//2348 2619//2349
f 2619//2349 2618//2348 2620//2350
f 2615//2345 2617//2347 2619//2349
f 2633//2363 2565//2295 2566//2296
f 2635//2365 2641//2371 2576//2306
f 2635//2365 2576//2306 2639//2369
f 2639//2369 2576//2306 2209//1941
f 2639//2369 2209//1941 2640//2370
f 2640//2370 2209//1941 2578//2308
f 2640//2370 2578//2308 2637//2367
f 2637//2367 2578//2308 2577//2307
f 2640//2370 2637//2367 2514//2244
f 2639//2369 2515//2245 2635//2365
f 2514//2244 2517//2247 2640//2370
f 2517//2247 2516//2246 2640//2370
f 2640//2370 2516//2246 2639//2369
f 2639//2369 2516//2246 2518//2248
f 2639//2369 2518//2248 2515//2245
f 2562//2292 2575//2305 2515//2245
f 2515//2245 2575//2305 2641//2371
f 2515//2245 2641//2371 2635//2365
f 2579//2309 2573//2303 2514//2244
f 2638//2368 2572//2302 2642//2372
f 2642//2372 2572//2302 2570//2300
f 2642//2372 2570//2300 2212//1944
f 2642//2372 2212//1944 2643//2373
f 2643//2373 2212//1944 2571//2301
f 2643//2373 2571//2301 2632//2362
f 2632//2362 2571//2301 2569//2299
f 2512//2242 2573//2303 2574//2304
f 2512//2242 2574//2304 2572//2302
f 2512//2242 2572//2302 2638//2368
f 2644//2374 2632//2362 2569//2299
f 2569//2299 2560//2290 2644//2374
f 2643//2373 2632//2362 2644//2374
f 2511//2241 2642//2372 2510//2240
f 2510//2240 2642//2372 2643//2373
f 2510//2240 2643//2373 2644//2374
f 2638//2368 2642//2372 2512//2242
f 2512//2242 2642//2372 2511//2241
f 2631//2361 2555//2285 2645//2375
f 2645//2375 2555//2285 2556//2286
f 2645//2375 2556//2286 2646//2376
f 2646//2376 2556//2286 2557//2287
f 2646//2376 2557//2287 2634//2364
f 2634//2364 2557//2287 2558//2288
f 2506//2236 2559//2289 2555//2285
f 2506//2236 2555//2285 2631//2361
f 2505//2235 2634//2364 2554//2284
f 2647//2377 2505//2235 2554//2284
f 2567//2297 2505//2235 2647//2377
f 2645//2375 2506//2236 2631//2361
f 2634//2364 2505//2235 2646//2376
f 2505//2235 2508//2238 2646//2376
f 2646//2376 2508//2238 2507//2237
f 2646//2376 2507//2237 2645//2375
f 2645//2375 2507//2237 2509//2239
f 2506//2236 2645//2375 2509//2239
f 2648//2378 2564//2294 2211//1943
f 2648//2378 2211//1943 2636//2366
f 2636//2366 2211//1943 2563//2293
f 2649//2379 2567//2297 2568//2298
f 2649//2379 2568//2298 2565//2295
f 2649//2379 2565//2295 2633//2363
f 2650//2380 2636//2366 2563//2293
f 2563//2293 2561//2291 2650//2380
f 2561//2291 2562//2292 2650//2380
f 2652//2382 2649//2379 2633//2363
f 2650//2380 2513//2243 2648//2378
f 2650//2380 2648//2378 2636//2366
f 2651//2381 2649//2379 2652//2382
f 2651//2381 2652//2382 2653//2383
f 2653//2383 2652//2382 2648//2378
f 2653//2383 2648//2378 2513//2243
f 2654//2384 2393//2125 2655//2385
f 2655//2385 2393//2125 2394//2126
f 2393//2125 2654//2384 2388//2120
f 2657//2387 2386//2118 2656//2386
f 2656//2386 2386//2118 2387//2119
f 2659//2389 2421//2153 2658//2388
f 2658//2388 2421//2153 2423//2155
f 2659//2389 2420//2152 2421//2153
f 2660//2390 2426//2158 2661//2391
f 2661//2391 2426//2158 2424//2156
f 2664//2394 2414//2146 2665//2395
f 2665//2395 2414//2146 2416//2148
f 2665//2395 2416//2148 2418//2150
f 2666//2396 2404//2136 2405//2137
f 2668//2398 2408//2140 2667//2397
f 2667//2397 2408//2140 2409//2141
f 2669//2399 2401//2133 2396//2128
f 2670//2400 2401//2133 2669//2399
f 2671//2401 2399//2131 2672//2402
f 2672//2402 2399//2131 2400//2132
f 2659//2389 2658//2388 2673//2403
f 2659//2389 2673//2403 2674//2404
f 2674//2404 2673//2403 2661//2391
f 2673//2403 2660//2390 2661//2391
f 2674//2404 2422//2154 2420//2152
f 2674//2404 2420//2152 2659//2389
f 2673//2403 2425//2157 2660//2390
f 2660//2390 2425//2157 2426//2158
f 2662//2392 2663//2393 2675//2405
f 2662//2392 2675//2405 2676//2406
f 2676//2406 2675//2405 2665//2395
f 2665//2395 2675//2405 2664//2394
f 2665//2395 2418//2150 2676//2406
f 2676//2406 2418//2150 2419//2151
f 2676//2406 2419//2151 2662//2392
f 2662//2392 2419//2151 2417//2149
f 2663//2393 2415//2147 2675//2405
f 2675//2405 2415//2147 2412//2144
f 2675//2405 2412//2144 2413//2145
f 2675//2405 2413//2145 2664//2394
f 2664//2394 2413//2145 2414//2146
f 2678//2408 2677//2407 2679//2409
f 2679//2409 2677//2407 2667//2397
f 2677//2407 2668//2398 2667//2397
f 2678//2408 2666//2396 2677//2407
f 2667//2397 2409//2141 2411//2143
f 2667//2397 2411//2143 2679//2409
f 2679//2409 2411//2143 2678//2408
f 2678//2408 2411//2143 2410//2142
f 2666//2396 2405//2137 2677//2407
f 2677//2407 2405//2137 2406//2138
f 2677//2407 2406//2138 2407//2139
f 2677//2407 2407//2139 2668//2398
f 2668//2398 2407//2139 2408//2140
f 2670//2400 2669//2399 2680//2410
f 2680//2410 2669//2399 2681//2411
f 2680//2410 2681//2411 2672//2402
f 2672//2402 2681//2411 2671//2401
f 2672//2402 2403//2135 2680//2410
f 2680//2410 2403//2135 2402//2134
f 2680//2410 2402//2134 2401//2133
f 2680//2410 2401//2133 2670//2400
f 2669//2399 2396//2128 2681//2411
f 2681//2411 2396//2128 2397//2129
f 2681//2411 2397//2129 2398//2130
f 2681//2411 2398//2130 2671//2401
f 2671//2401 2398//2130 2399//2131
f 2586//2316 2381//2113 2682//2412
f 2381//2113 2683//2413 2682//2412
f 2682//2412 2683//2413 2656//2386
f 2656//2386 2683//2413 2657//2387
f 2381//2113 2383//2115 2384//2116
f 2381//2113 2384//2116 2683//2413
f 2683//2413 2384//2116 2385//2117
f 2683//2413 2385//2117 2657//2387
f 2684//2414 2654//2384 2685//2415
f 2685//2415 2654//2384 2655//2385
f 2684//2414 2685//2415 2375//2107
f 2684//2414 2375//2107 2588//2318
f 2655//2385 2394//2126 2395//2127
f 2655//2385 2395//2127 2685//2415
f 2685//2415 2395//2127 2376//2108
f 2685//2415 2376//2108 2375//2107
f 2707//2437 2708//2438 2709//2439
f 2194//1926 2210//1942 2621//2351
f 2621//2351 2210//1942 2713//2443
f 2621//2351 2713//2443 2714//2444
f 2621//2351 2714//2444 2622//2352
f 2622//2352 2714//2444 2715//2445
f 2622//2352 2715//2445 2581//2311
f 2581//2311 2715//2445 2582//2312
f 2582//2312 2715//2445 2716//2446
f 2582//2312 2716//2446 2583//2313
f 2583//2313 2716//2446 2717//2447
f 2583//2313 2717//2447 2584//2314
f 2584//2314 2717//2447 2623//2353
f 2623//2353 2717//2447 2718//2448
f 2623//2353 2718//2448 2199//1931
f 2199//1931 2718//2448 2203//1935
f 2202//1934 2719//2449 2201//1933
f 2726//2456 2720//2450 2200//1932
f 2719//2449 2202//1934 2722//2452
f 2719//2449 2722//2452 2723//2453
f 2722//2452 2195//1927 2723//2453
f 2723//2453 2195//1927 2196//1928
f 2723//2453 2196//1928 2721//2451
f 2581//2311 2580//2310 2622//2352
f 2201//1933 2719//2449 2726//2456
f 2201//1933 2726//2456 2200//1932
f 2191//1923 2192//1924 2724//2454
f 2724//2454 2192//1924 2727//2457
f 2727//2457 2192//1924 2193//1925
f 2727//2457 2193//1925 2728//2458
f 2728//2458 2193//1925 2729//2459
f 2729//2459 2193//1925 2194//1926
f 2580//2310 2427//2159 2730//2460
f 2725//2455 2731//2461 2584//2314
f 2584//2314 2731//2461 2585//2315
f 2623//2353 2725//2455 2584//2314
f 2623//2353 2199//1931 2725//2455
f 2725//2455 2199//1931 2720//2450
f 2720//2450 2199//1931 2200//1932
f 2721//2451 2196//1928 2732//2462
f 2732//2462 2196//1928 2197//1929
f 2732//2462 2197//1929 2733//2463
f 2733//2463 2197//1929 2198//1930
f 2734//2464 2191//1923 2724//2454
f 2734//2464 2724//2454 2735//2465
f 2735//2465 2724//2454 2733//2463
f 2735//2465 2733//2463 2198//1930
f 2622//2352 2729//2459 2621//2351
f 2621//2351 2729//2459 2194//1926
f 2729//2459 2622//2352 2580//2310
f 2729//2459 2580//2310 2730//2460
f 2736//2466 2737//2467 2738//2468
f 2738//2468 2737//2467 2739//2469
f 2740//2470 2741//2471 2742//2472
f 2742//2472 2741//2471 2743//2473
f 2742//2472 2743//2473 2954//2684
f 2744//2474 2745//2475 2746//2476
f 2746//2476 2745//2475 2747//2477
f 2748//2478 2744//2474 2746//2476
f 2749//2479 2750//2480 2751//2481
f 2749//2479 2751//2481 2752//2482
f 2752//2482 2751//2481 2753//2483
f 2754//2484 2749//2479 2752//2482
f 2694//2424 2695//2425 2346//2078
f 2690//2420 2343//2075 2342//2074
f 2694//2424 2346//2078 2345//2077
f 2340//2072 2689//2419 2342//2074
f 2342//2074 2689//2419 2690//2420
f 2340//2072 2688//2418 2689//2419
f 2351//2083 2944//2674 2338//2070
f 2338//2070 2944//2674 2686//2416
f 2351//2083 2945//2675 2944//2674
f 2755//2485 2946//2676 2351//2083
f 2351//2083 2946//2676 2945//2675
f 2755//2485 2947//2677 2946//2676
f 2949//2679 2948//2678 2756//2486
f 2949//2679 2756//2486 2357//2089
f 2949//2679 2357//2089 2950//2680
f 2345//2077 2693//2423 2694//2424
f 2343//2075 2692//2422 2345//2077
f 2345//2077 2692//2422 2693//2423
f 2343//2075 2691//2421 2692//2422
f 2690//2420 2691//2421 2343//2075
f 2339//2071 2687//2417 2340//2072
f 2340//2072 2687//2417 2688//2418
f 2686//2416 2339//2071 2338//2070
f 2756//2486 2948//2678 2755//2485
f 2755//2485 2948//2678 2947//2677
f 2686//2416 2687//2417 2339//2071
f 2950//2680 2357//2089 2951//2681
f 2951//2681 2357//2089 2359//2091
f 2346//2078 2695//2425 2359//2091
f 2359//2091 2695//2425 2951//2681
f 2705//2435 2757//2487 2706//2436
f 2706//2436 2757//2487 2758//2488
f 2706//2436 2758//2488 2707//2437
f 2758//2488 2759//2489 2707//2437
f 2707//2437 2759//2489 2708//2438
f 2708//2438 2759//2489 2760//2490
f 2708//2438 2760//2490 2709//2439
f 2709//2439 2760//2490 2761//2491
f 2709//2439 2761//2491 2710//2440
f 2710//2440 2761//2491 2762//2492
f 2710//2440 2762//2492 2711//2441
f 2711//2441 2762//2492 2763//2493
f 2711//2441 2763//2493 2712//2442
f 2712//2442 2763//2493 2764//2494
f 2765//2495 2766//2496 2767//2497
f 2767//2497 2766//2496 2768//2498
f 2767//2497 2768//2498 2769//2499
f 2769//2499 2768//2498 2770//2500
f 2769//2499 2770//2500 2771//2501
f 2771//2501 2770//2500 2705//2435
f 2771//2501 2705//2435 2772//2502
f 2772//2502 2705//2435 2706//2436
f 2772//2502 2706//2436 2773//2503
f 2773//2503 2706//2436 2707//2437
f 2773//2503 2707//2437 2774//2504
f 2774//2504 2707//2437 2709//2439
f 2774//2504 2709//2439 2775//2505
f 2775//2505 2709//2439 2710//2440
f 2775//2505 2710//2440 2776//2506
f 2776//2506 2710//2440 2711//2441
f 2776//2506 2711//2441 2777//2507
f 2777//2507 2711//2441 2712//2442
f 2777//2507 2712//2442 2778//2508
f 2777//2507 2778//2508 2779//2509
f 2779//2509 2778//2508 2780//2510
f 2779//2509 2780//2510 2781//2511
f 2781//2511 2780//2510 2782//2512
f 2781//2511 2782//2512 2765//2495
f 2765//2495 2782//2512 2783//2513
f 2765//2495 2783//2513 2766//2496
f 2387//2119 2392//2124 2656//2386
f 2656//2386 2392//2124 2682//2412
f 2391//2123 2586//2316 2682//2412
f 2391//2123 2682//2412 2392//2124
f 2588//2318 2390//2122 2684//2414
f 2684//2414 2390//2122 2389//2121
f 2684//2414 2389//2121 2654//2384
f 2654//2384 2389//2121 2388//2120
f 2390//2122 2588//2318 2581//2311
f 2390//2122 2581//2311 2582//2312
f 2390//2122 2582//2312 2391//2123
f 2391//2123 2582//2312 2583//2313
f 2391//2123 2583//2313 2586//2316
f 2784//2514 2785//2515 2786//2516
f 2786//2516 2785//2515 2787//2517
f 2786//2516 2787//2517 2788//2518
f 2788//2518 2787//2517 2789//2519
f 2788//2518 2789//2519 2784//2514
f 2784//2514 2789//2519 2790//2520
f 2784//2514 2790//2520 2785//2515
f 2797//2527 2798//2528 2791//2521
f 2791//2521 2798//2528 2792//2522
f 2791//2521 2792//2522 2793//2523
f 2793//2523 2792//2522 2794//2524
f 2793//2523 2794//2524 2795//2525
f 2795//2525 2794//2524 2796//2526
f 2795//2525 2796//2526 2797//2527
f 2797//2527 2796//2526 2798//2528
f 2799//2529 2805//2535 2800//2530
f 2799//2529 2800//2530 2801//2531
f 2801//2531 2800//2530 2802//2532
f 2801//2531 2802//2532 2803//2533
f 2803//2533 2802//2532 2804//2534
f 2803//2533 2804//2534 2805//2535
f 2803//2533 2805//2535 2799//2529
f 2811//2541 2806//2536 2807//2537
f 2807//2537 2806//2536 2808//2538
f 2807//2537 2808//2538 2809//2539
f 2809//2539 2808//2538 2810//2540
f 2809//2539 2810//2540 2811//2541
f 2811//2541 2810//2540 2812//2542
f 2811//2541 2812//2542 2806//2536
f 2813//2543 2814//2544 2815//2545
f 2815//2545 2814//2544 2816//2546
f 2815//2545 2816//2546 2817//2547
f 2817//2547 2816//2546 2818//2548
f 2817//2547 2818//2548 2813//2543
f 2813//2543 2818//2548 2819//2549
f 2813//2543 2819//2549 2814//2544
f 2820//2550 2821//2551 2822//2552
f 2822//2552 2821//2551 2823//2553
f 2822//2552 2823//2553 2824//2554
f 2824//2554 2823//2553 2825//2555
f 2824//2554 2825//2555 2826//2556
f 2826//2556 2825//2555 2827//2557
f 2826//2556 2827//2557 2820//2550
f 2826//2556 2820//2550 2822//2552
f 2630//2360 2222//1954 2223//1955
f 2629//2359 2223//1955 2224//1956
f 2629//2359 2224//1956 2628//2358
f 2628//2358 2224//1956 2225//1957
f 2628//2358 2225//1957 2627//2357
f 2627//2357 2225//1957 2226//1958
f 2627//2357 2226//1958 2227//1959
f 2627//2357 2227//1959 2626//2356
f 2626//2356 2227//1959 2228//1960
f 2626//2356 2228//1960 2229//1961
f 2626//2356 2229//1961 2625//2355
f 2625//2355 2229//1961 2230//1962
f 2625//2355 2230//1962 2624//2354
f 2696//2426 2771//2501 2772//2502
f 2696//2426 2772//2502 2697//2427
f 2697//2427 2772//2502 2773//2503
f 2697//2427 2773//2503 2698//2428
f 2698//2428 2773//2503 2699//2429
f 2699//2429 2773//2503 2774//2504
f 2699//2429 2774//2504 2700//2430
f 2700//2430 2774//2504 2775//2505
f 2700//2430 2775//2505 2701//2431
f 2701//2431 2775//2505 2776//2506
f 2701//2431 2776//2506 2702//2432
f 2702//2432 2776//2506 2703//2433
f 2703//2433 2776//2506 2777//2507
f 2703//2433 2777//2507 2704//2434
f 2627//2357 2828//2558 2628//2358
f 2628//2358 2828//2558 2829//2559
f 2628//2358 2829//2559 2629//2359
f 2629//2359 2829//2559 2830//2560
f 2629//2359 2830//2560 2223//1955
f 2223//1955 2830//2560 2630//2360
f 2630//2360 2830//2560 2696//2426
f 2630//2360 2696//2426 2831//2561
f 2831//2561 2696//2426 2697//2427
f 2831//2561 2697//2427 2698//2428
f 2831//2561 2698//2428 2832//2562
f 2832//2562 2698//2428 2699//2429
f 2832//2562 2699//2429 2833//2563
f 2699//2429 2700//2430 2833//2563
f 2833//2563 2700//2430 2701//2431
f 2833//2563 2701//2431 2834//2564
f 2834//2564 2701//2431 2702//2432
f 2834//2564 2702//2432 2703//2433
f 2834//2564 2703//2433 2624//2354
f 2624//2354 2703//2433 2704//2434
f 2624//2354 2704//2434 2625//2355
f 2625//2355 2704//2434 2835//2565
f 2625//2355 2835//2565 2836//2566
f 2625//2355 2836//2566 2626//2356
f 2626//2356 2836//2566 2837//2567
f 2626//2356 2837//2567 2627//2357
f 2627//2357 2837//2567 2838//2568
f 2627//2357 2838//2568 2828//2558
f 2826//2556 2839//2569 2840//2570
f 2826//2556 2840//2570 2824//2554
f 2824//2554 2840//2570 2858//2588
f 2784//2514 2841//2571 2788//2518
f 2788//2518 2841//2571 2842//2572
f 2788//2518 2842//2572 2786//2516
f 2786//2516 2842//2572 2864//2594
f 2791//2521 2843//2573 2797//2527
f 2797//2527 2843//2573 2795//2525
f 2795//2525 2843//2573 2543//2273
f 2803//2533 2844//2574 2801//2531
f 2801//2531 2844//2574 2845//2575
f 2809//2539 2846//2576 2807//2537
f 2807//2537 2846//2576 2847//2577
f 2813//2543 2848//2578 2817//2547
f 2817//2547 2848//2578 2849//2579
f 2817//2547 2849//2579 2815//2545
f 2815//2545 2849//2579 2865//2595
f 2276//2008 2278//2010 2850//2580
f 2529//2259 2266//1998 2268//2000
f 2529//2259 2268//2000 2852//2582
f 2852//2582 2268//2000 2269//2001
f 2852//2582 2269//2001 2267//1999
f 2852//2582 2267//1999 2853//2583
f 2848//2578 2271//2003 2273//2005
f 2272//2004 2850//2580 2273//2005
f 2273//2005 2850//2580 2854//2584
f 2277//2009 2856//2586 2279//2011
f 2279//2011 2856//2586 2855//2585
f 2857//2587 2856//2586 2277//2009
f 2277//2009 2840//2570 2857//2587
f 2857//2587 2840//2570 2839//2569
f 2274//2006 2858//2588 2277//2009
f 2277//2009 2858//2588 2840//2570
f 2839//2569 2321//2053 2323//2055
f 2839//2569 2323//2055 2857//2587
f 2857//2587 2323//2055 2859//2589
f 2859//2589 2323//2055 2322//2054
f 2859//2589 2322//2054 2860//2590
f 2326//2058 2328//2060 2322//2054
f 2322//2054 2328//2060 2860//2590
f 2328//2060 2329//2061 2860//2590
f 2860//2590 2329//2061 2851//2581
f 2851//2581 2329//2061 2327//2059
f 2233//1965 2542//2272 2234//1966
f 2234//1966 2542//2272 2861//2591
f 2542//2272 2239//1971 2541//2271
f 2541//2271 2239//1971 2240//1972
f 2541//2271 2240//1972 2540//2270
f 2539//2269 2244//1976 2538//2268
f 2538//2268 2244//1976 2243//1975
f 2249//1981 2538//2268 2247//1979
f 2247//1979 2538//2268 2243//1975
f 2247//1979 2243//1975 2241//1973
f 2538//2268 2250//1982 2537//2267
f 2537//2267 2250//1982 2536//2266
f 2536//2266 2250//1982 2248//1980
f 2536//2266 2248//1980 2535//2265
f 2535//2265 2862//2592 2534//2264
f 2248//1980 2245//1977 2535//2265
f 2535//2265 2245//1977 2844//2574
f 2535//2265 2844//2574 2862//2592
f 2862//2592 2845//2575 2252//1984
f 2252//1984 2845//2575 2844//2574
f 2252//1984 2844//2574 2245//1977
f 2862//2592 2252//1984 2534//2264
f 2534//2264 2252//1984 2254//1986
f 2534//2264 2254//1986 2528//2258
f 2528//2258 2254//1986 2253//1985
f 2259//1991 2528//2258 2257//1989
f 2528//2258 2259//1991 2532//2262
f 2532//2262 2259//1991 2260//1992
f 2260//1992 2531//2261 2532//2262
f 2531//2261 2260//1992 2258//1990
f 2863//2593 2847//2577 2531//2261
f 2531//2261 2847//2577 2530//2260
f 2262//1994 2846//2576 2255//1987
f 2255//1987 2846//2576 2863//2593
f 2531//2261 2255//1987 2863//2593
f 2530//2260 2847//2577 2262//1994
f 2262//1994 2847//2577 2846//2576
f 2266//1998 2261//1993 2262//1994
f 2262//1994 2264//1996 2530//2260
f 2530//2260 2264//1996 2529//2259
f 2529//2259 2264//1996 2263//1995
f 2529//2259 2263//1995 2266//1998
f 2266//1998 2263//1995 2261//1993
f 2540//2270 2238//1970 2235//1967
f 2841//2571 2851//2581 2842//2572
f 2842//2572 2851//2581 2324//2056
f 2864//2594 2232//1964 2841//2571
f 2841//2571 2232//1964 2234//1966
f 2841//2571 2234//1966 2861//2591
f 2841//2571 2861//2591 2851//2581
f 2237//1969 2231//1963 2232//1964
f 2237//1969 2233//1965 2231//1963
f 2538//2268 2249//1981 2250//1982
f 2247//1979 2241//1973 2242//1974
f 2543//2273 2242//1974 2244//1976
f 2257//1989 2528//2258 2251//1983
f 2528//2258 2253//1985 2251//1983
f 2850//2580 2278//2010 2855//2585
f 2855//2585 2278//2010 2279//2011
f 2850//2580 2272//2004 2270//2002
f 2850//2580 2270//2002 2276//2008
f 2276//2008 2270//2002 2271//2003
f 2327//2059 2324//2056 2851//2581
f 2326//2058 2322//2054 2320//2052
f 2326//2058 2320//2052 2321//2053
f 2324//2056 2864//2594 2842//2572
f 2839//2569 2858//2588 2321//2053
f 2321//2053 2858//2588 2274//2006
f 2853//2583 2865//2595 2854//2584
f 2854//2584 2865//2595 2849//2579
f 2273//2005 2854//2584 2849//2579
f 2273//2005 2849//2579 2848//2578
f 2265//1997 2848//2578 2865//2595
f 2865//2595 2853//2583 2265//1997
f 2531//2261 2258//1990 2255//1987
f 2539//2269 2540//2270 2244//1976
f 2244//1976 2540//2270 2866//2596
f 2543//2273 2244//1976 2866//2596
f 2540//2270 2843//2573 2866//2596
f 2240//1972 2238//1970 2540//2270
f 2540//2270 2235//1967 2843//2573
f 2843//2573 2235//1967 2543//2273
f 2237//1969 2239//1971 2233//1965
f 2233//1965 2239//1971 2542//2272
f 2267//1999 2265//1997 2853//2583
f 2653//2383 2695//2425 2694//2424
f 2653//2383 2694//2424 2651//2381
f 2651//2381 2694//2424 2693//2423
f 2567//2297 2649//2379 2692//2422
f 2651//2381 2693//2423 2649//2379
f 2649//2379 2693//2423 2692//2422
f 2688//2418 2506//2236 2509//2239
f 2688//2418 2509//2239 2689//2419
f 2689//2419 2509//2239 2507//2237
f 2689//2419 2507//2237 2690//2420
f 2690//2420 2507//2237 2691//2421
f 2691//2421 2507//2237 2508//2238
f 2691//2421 2508//2238 2692//2422
f 2692//2422 2508//2238 2505//2235
f 2692//2422 2505//2235 2567//2297
f 2560//2290 2559//2289 2506//2236
f 2560//2290 2506//2236 2644//2374
f 2644//2374 2506//2236 2688//2418
f 2644//2374 2688//2418 2687//2417
f 2644//2374 2687//2417 2510//2240
f 2510//2240 2687//2417 2686//2416
f 2726//2456 2431//2163 2430//2162
f 2726//2456 2430//2162 2720//2450
f 2430//2162 2429//2161 2720//2450
f 2720//2450 2429//2161 2725//2455
f 2725//2455 2429//2161 2731//2461
f 2429//2161 2428//2160 2731//2461
f 2432//2164 2585//2315 2428//2160
f 2428//2160 2585//2315 2731//2461
f 2580//2310 2581//2311 2588//2318
f 2427//2159 2580//2310 2588//2318
f 2086//1818 2082//1814 2427//2159
f 2375//2107 2427//2159 2588//2318
f 2090//1822 2081//1813 2086//1818
f 2086//1818 2081//1813 2867//2597
f 2082//1814 2086//1818 2080//1812
f 2080//1812 2086//1818 2867//2597
f 2584//2314 2586//2316 2583//2313
f 2432//2164 2078//1810 2083//1815
f 2586//2316 2584//2314 2381//2113
f 2381//2113 2584//2314 2585//2315
f 2381//2113 2585//2315 2083//1815
f 2083//1815 2585//2315 2432//2164
f 2079//1811 2089//1821 2077//1809
f 2077//1809 2089//1821 2083//1815
f 2077//1809 2083//1815 2868//2598
f 2868//2598 2083//1815 2078//1810
f 2753//2483 2751//2481 2714//2444
f 2564//2294 2210//1942 2208//1940
f 2745//2475 2562//2292 2561//2291
f 2745//2475 2561//2291 2747//2477
f 2747//2477 2561//2291 2563//2293
f 2207//1939 2211//1943 2564//2294
f 2207//1939 2564//2294 2208//1940
f 2869//2599 2575//2305 2745//2475
f 2745//2475 2575//2305 2562//2292
f 2747//2477 2563//2293 2870//2600
f 2747//2477 2870//2600 2869//2599
f 2869//2599 2870//2600 2641//2371
f 2869//2599 2641//2371 2575//2305
f 2870//2600 2563//2293 2211//1943
f 2870//2600 2576//2306 2641//2371
f 2210//1942 2566//2296 2713//2443
f 2713//2443 2566//2296 2714//2444
f 2751//2481 2554//2284 2714//2444
f 2750//2480 2647//2377 2751//2481
f 2751//2481 2647//2377 2554//2284
f 2753//2483 2568//2298 2750//2480
f 2750//2480 2568//2298 2567//2297
f 2750//2480 2567//2297 2647//2377
f 2714//2444 2566//2296 2565//2295
f 2753//2483 2714//2444 2565//2295
f 2753//2483 2565//2295 2568//2298
f 2554//2284 2558//2288 2714//2444
f 2714//2444 2558//2288 2715//2445
f 2715//2445 2558//2288 2557//2287
f 2715//2445 2557//2287 2716//2446
f 2716//2446 2557//2287 2556//2286
f 2716//2446 2556//2286 2717//2447
f 2717//2447 2556//2286 2718//2448
f 2870//2600 2871//2601 2576//2306
f 2204//1936 2203//1935 2571//2301
f 2556//2286 2555//2285 2718//2448
f 2576//2306 2871//2601 2209//1941
f 2741//2471 2573//2303 2743//2473
f 2743//2473 2573//2303 2579//2309
f 2743//2473 2579//2309 2872//2602
f 2571//2301 2212//1944 2204//1936
f 2737//2467 2873//2603 2560//2290
f 2205//1937 2578//2308 2206//1938
f 2206//1938 2578//2308 2209//1941
f 2560//2290 2873//2603 2559//2289
f 2559//2289 2873//2603 2739//2469
f 2559//2289 2739//2469 2555//2285
f 2574//2304 2573//2303 2741//2471
f 2574//2304 2741//2471 2572//2302
f 2555//2285 2739//2469 2737//2467
f 2555//2285 2737//2467 2718//2448
f 2571//2301 2203//1935 2569//2299
f 2569//2299 2203//1935 2718//2448
f 2578//2308 2205//1937 2577//2307
f 2577//2307 2205//1937 2874//2604
f 2560//2290 2569//2299 2737//2467
f 2737//2467 2569//2299 2718//2448
f 2874//2604 2572//2302 2741//2471
f 2874//2604 2741//2471 2872//2602
f 2579//2309 2577//2307 2872//2602
f 2872//2602 2577//2307 2874//2604
f 2572//2302 2874//2604 2570//2300
f 2570//2300 2874//2604 2875//2605
f 2570//2300 2875//2605 2212//1944
f 2168//1900 2105//1837 2876//2606
f 2168//1900 2876//2606 2169//1901
f 2104//1836 2169//1901 2876//2606
f 2539//2269 2104//1836 2540//2270
f 2104//1836 2105//1837 2540//2270
f 2540//2270 2105//1837 2541//2271
f 2116//1848 2531//2261 2115//1847
f 2176//1908 2116//1848 2177//1909
f 2177//1909 2116//1848 2877//2607
f 2115//1847 2531//2261 2530//2260
f 2877//2607 2115//1847 2177//1909
f 2177//1909 2115//1847 2530//2260
f 2177//1909 2530//2260 2178//1910
f 2178//1910 2530//2260 2529//2259
f 2178//1910 2529//2259 2179//1911
f 2531//2261 2116//1848 2176//1908
f 2531//2261 2176//1908 2532//2262
f 2532//2262 2176//1908 2528//2258
f 2528//2258 2176//1908 2175//1907
f 2528//2258 2175//1907 2533//2263
f 2533//2263 2175//1907 2174//1906
f 2533//2263 2174//1906 2535//2265
f 2535//2265 2174//1906 2173//1905
f 2535//2265 2173//1905 2111//1843
f 2535//2265 2111//1843 2112//1844
f 2535//2265 2112//1844 2536//2266
f 2173//1905 2878//2608 2110//1842
f 2173//1905 2110//1842 2111//1843
f 2169//1901 2104//1836 2539//2269
f 2169//1901 2539//2269 2170//1902
f 2170//1902 2539//2269 2171//1903
f 2171//1903 2539//2269 2538//2268
f 2171//1903 2538//2268 2537//2267
f 2171//1903 2537//2267 2172//1904
f 2172//1904 2537//2267 2173//1905
f 2173//1905 2537//2267 2536//2266
f 2173//1905 2536//2266 2878//2608
f 2878//2608 2536//2266 2112//1844
f 2541//2271 2105//1837 2168//1900
f 2541//2271 2168//1900 2542//2272
f 2542//2272 2168//1900 2167//1899
f 2376//2108 2879//2609 2377//2109
f 2879//2609 2376//2108 2395//2127
f 2879//2609 2395//2127 2880//2610
f 2395//2127 2394//2126 2880//2610
f 2880//2610 2394//2126 2393//2125
f 2881//2611 2396//2128 2401//2133
f 2393//2125 2399//2131 2880//2610
f 2396//2128 2881//2611 2397//2129
f 2393//2125 2400//2132 2399//2131
f 2880//2610 2399//2131 2398//2130
f 2401//2133 2402//2134 2403//2135
f 2758//2488 2882//2612 2417//2149
f 2408//2140 2881//2611 2409//2141
f 2409//2141 2881//2611 2401//2133
f 2415//2147 2417//2149 2882//2612
f 2409//2141 2762//2492 2761//2491
f 2409//2141 2761//2491 2416//2148
f 2416//2148 2761//2491 2418//2150
f 2418//2150 2761//2491 2760//2490
f 2415//2147 2882//2612 2883//2613
f 2758//2488 2417//2149 2759//2489
f 2759//2489 2417//2149 2419//2151
f 2759//2489 2419//2151 2418//2150
f 2759//2489 2418//2150 2760//2490
f 2416//2148 2410//2142 2409//2141
f 2409//2141 2410//2142 2411//2143
f 2415//2147 2883//2613 2412//2144
f 2412//2144 2883//2613 2413//2145
f 2413//2145 2885//2615 2414//2146
f 2414//2146 2885//2615 2884//2614
f 2881//2611 2408//2140 2886//2616
f 2886//2616 2408//2140 2407//2139
f 2407//2139 2406//2138 2884//2614
f 2884//2614 2406//2138 2405//2137
f 2884//2614 2405//2137 2404//2136
f 2404//2136 2416//2148 2884//2614
f 2884//2614 2416//2148 2414//2146
f 2416//2148 2404//2136 2410//2142
f 2764//2494 2763//2493 2401//2133
f 2388//2120 2764//2494 2393//2125
f 2393//2125 2764//2494 2401//2133
f 2393//2125 2401//2133 2403//2135
f 2393//2125 2403//2135 2400//2132
f 2762//2492 2409//2141 2401//2133
f 2762//2492 2401//2133 2763//2493
f 2757//2487 2424//2156 2758//2488
f 2426//2158 2882//2612 2424//2156
f 2424//2156 2882//2612 2758//2488
f 2391//2123 2392//2124 2387//2119
f 2391//2123 2387//2119 2421//2153
f 2421//2153 2387//2119 2423//2155
f 2424//2156 2757//2487 2422//2154
f 2422//2154 2757//2487 2420//2152
f 2420//2152 2757//2487 2888//2618
f 2420//2152 2888//2618 2889//2619
f 2420//2152 2889//2619 2421//2153
f 2421//2153 2889//2619 2391//2123
f 2387//2119 2386//2118 2423//2155
f 2423//2155 2386//2118 2887//2617
f 2890//2620 2383//2115 2382//2114
f 2889//2619 2891//2621 2391//2123
f 2391//2123 2891//2621 2892//2622
f 2391//2123 2892//2622 2390//2122
f 2390//2122 2892//2622 2893//2623
f 2390//2122 2893//2623 2389//2121
f 2389//2121 2893//2623 2894//2624
f 2389//2121 2894//2624 2388//2120
f 2388//2120 2894//2624 2764//2494
f 2384//2116 2383//2115 2890//2620
f 2384//2116 2890//2620 2385//2117
f 2385//2117 2890//2620 2887//2617
f 2385//2117 2887//2617 2386//2118
f 2423//2155 2887//2617 2425//2157
f 2425//2157 2887//2617 2895//2625
f 2882//2612 2426//2158 2895//2625
f 2895//2625 2426//2158 2425//2157
f 2221//1953 2349//2081 2220//1952
f 2220//1952 2349//2081 2219//1951
f 2219//1951 2349//2081 2348//2080
f 2219//1951 2348//2080 2218//1950
f 2218//1950 2348//2080 2347//2079
f 2218//1950 2347//2079 2217//1949
f 2217//1949 2347//2079 2216//1948
f 2216//1948 2347//2079 2362//2094
f 2216//1948 2362//2094 2215//1947
f 2215//1947 2362//2094 2361//2093
f 2215//1947 2361//2093 2214//1946
f 2214//1946 2361//2093 2360//2092
f 2214//1946 2360//2092 2213//1945
f 2198//1930 2209//1941 2871//2601
f 2871//2601 2735//2465 2198//1930
f 2735//2465 2871//2601 2870//2600
f 2735//2465 2870//2600 2734//2464
f 2734//2464 2870//2600 2211//1943
f 2734//2464 2211//1943 2191//1923
f 2202//1934 2212//1944 2875//2605
f 2202//1934 2875//2605 2722//2452
f 2722//2452 2875//2605 2874//2604
f 2722//2452 2874//2604 2195//1927
f 2195//1927 2874//2604 2205//1937
f 2091//1823 2820//2550 2827//2557
f 2825//2555 2823//2553 2896//2626
f 2896//2626 2166//1898 2825//2555
f 2825//2555 2166//1898 2827//2557
f 2827//2557 2166//1898 2165//1897
f 2827//2557 2165//1897 2076//1808
f 2827//2557 2076//1808 2091//1823
f 2816//2546 2163//1895 2162//1894
f 2816//2546 2162//1894 2818//2548
f 2127//1859 2818//2548 2128//1860
f 2128//1860 2818//2548 2145//1877
f 2145//1877 2818//2548 2162//1894
f 2132//1864 2899//2629 2147//1879
f 2147//1879 2899//2629 2808//2538
f 2147//1879 2808//2538 2160//1892
f 2160//1892 2808//2538 2806//2536
f 2131//1863 2810//2540 2899//2629
f 2899//2629 2810//2540 2808//2538
f 2149//1881 2134//1866 2802//2532
f 2136//1868 2159//1891 2805//2535
f 2136//1868 2805//2535 2804//2534
f 2136//1868 2804//2534 2135//1867
f 2135//1867 2804//2534 2802//2532
f 2135//1867 2802//2532 2134//1866
f 2157//1889 2792//2522 2798//2528
f 2157//1889 2798//2528 2139//1871
f 2794//2524 2143//1875 2796//2526
f 2796//2526 2143//1875 2142//1874
f 2796//2526 2142//1874 2798//2528
f 2798//2528 2142//1874 2139//1871
f 2154//1886 2790//2520 2789//2519
f 2154//1886 2789//2519 2155//1887
f 2787//2517 2118//1850 2155//1887
f 2787//2517 2155//1887 2789//2519
f 2150//1882 2138//1870 2904//2634
f 2905//2635 2141//1873 2170//1902
f 2170//1902 2141//1873 2151//1883
f 2170//1902 2151//1883 2150//1882
f 2174//1906 2137//1869 2149//1881
f 2174//1906 2149//1881 2148//1880
f 2148//1880 2149//1881 2158//1890
f 2146//1878 2176//1908 2160//1892
f 2146//1878 2130//1862 2908//2638
f 2909//2639 2132//1864 2178//1910
f 2178//1910 2132//1864 2147//1879
f 2178//1910 2147//1879 2160//1892
f 2903//2633 2167//1899 2904//2634
f 2904//2634 2167//1899 2168//1900
f 2151//1883 2156//1888 2150//1882
f 2150//1882 2904//2634 2168//1900
f 2171//1903 2905//2635 2170//1902
f 2172//1904 2906//2636 2171//1903
f 2171//1903 2906//2636 2905//2635
f 2906//2636 2172//1904 2148//1880
f 2906//2636 2148//1880 2133//1865
f 2137//1869 2174//1906 2907//2637
f 2907//2637 2174//1906 2175//1907
f 2176//1908 2908//2638 2175//1907
f 2175//1907 2908//2638 2907//2637
f 2146//1878 2908//2638 2176//1908
f 2909//2639 2178//1910 2179//1911
f 2381//2113 2083//1815 2587//2317
f 2587//2317 2083//1815 2378//2110
f 2379//2111 2378//2110 2083//1815
f 2379//2111 2083//1815 2084//1816
f 2379//2111 2084//1816 2382//2114
f 2375//2107 2088//1820 2427//2159
f 2398//2130 2363//2095 2911//2641
f 2398//2130 2911//2641 2880//2610
f 2880//2610 2911//2641 2912//2642
f 2880//2610 2912//2642 2879//2609
f 2912//2642 2913//2643 2879//2609
f 2086//1818 2377//2109 2085//1817
f 2085//1817 2377//2109 2914//2644
f 2913//2643 2915//2645 2879//2609
f 2879//2609 2915//2645 2377//2109
f 2377//2109 2915//2645 2914//2644
f 2916//2646 2382//2114 2917//2647
f 2916//2646 2890//2620 2382//2114
f 2890//2620 2916//2646 2918//2648
f 2890//2620 2918//2648 2887//2617
f 2918//2648 2919//2649 2887//2617
f 2887//2617 2919//2649 2920//2650
f 2887//2617 2920//2650 2895//2625
f 2895//2625 2920//2650 2374//2106
f 2382//2114 2084//1816 2917//2647
f 2917//2647 2084//1816 2914//2644
f 2914//2644 2084//1816 2085//1817
f 2921//2651 2899//2629 2431//2163
f 2073//1805 2079//1811 2898//2628
f 2898//2628 2122//1854 2073//1805
f 2897//2627 2898//2628 2608//2338
f 2428//2160 2606//2336 2604//2334
f 2079//1811 2604//2334 2608//2338
f 2898//2628 2079//1811 2608//2338
f 2432//2164 2428//2160 2077//1809
f 2077//1809 2428//2160 2604//2334
f 2604//2334 2079//1811 2077//1809
f 2469//2201 2923//2653 2428//2160
f 2608//2338 2606//2336 2897//2627
f 2897//2627 2606//2336 2428//2160
f 2897//2627 2428//2160 2923//2653
f 2897//2627 2923//2653 2924//2654
f 2897//2627 2924//2654 2129//1861
f 2129//1861 2924//2654 2128//1860
f 2126//1858 2429//2161 2125//1857
f 2125//1857 2429//2161 2430//2162
f 2125//1857 2430//2162 2124//1856
f 2429//2161 2127//1859 2469//2201
f 2429//2161 2469//2201 2428//2160
f 2429//2161 2126//1858 2127//1859
f 2910//2640 2925//2655 2601//2331
f 2910//2640 2601//2331 2909//2639
f 2925//2655 2910//2640 2124//1856
f 2925//2655 2124//1856 2430//2162
f 2925//2655 2430//2162 2599//2329
f 2599//2329 2430//2162 2431//2163
f 2599//2329 2431//2163 2899//2629
f 2599//2329 2899//2629 2601//2331
f 2601//2331 2899//2629 2132//1864
f 2909//2639 2601//2331 2132//1864
f 2464//2196 2907//2637 2908//2638
f 2465//2197 2926//2656 2927//2657
f 2465//2197 2466//2198 2926//2656
f 2926//2656 2466//2198 2921//2651
f 2921//2651 2466//2198 2928//2658
f 2928//2658 2131//1863 2921//2651
f 2921//2651 2131//1863 2899//2629
f 2464//2196 2908//2638 2928//2658
f 2928//2658 2908//2638 2131//1863
f 2908//2638 2130//1862 2131//1863
f 2465//2197 2594//2324 2929//2659
f 2464//2196 2465//2197 2907//2637
f 2907//2637 2465//2197 2929//2659
f 2596//2326 2594//2324 2134//1866
f 2133//1865 2136//1868 2930//2660
f 2930//2660 2136//1868 2927//2657
f 2927//2657 2136//1868 2135//1867
f 2927//2657 2135//1867 2134//1866
f 2927//2657 2134//1866 2465//2197
f 2465//2197 2134//1866 2594//2324
f 2907//2637 2134//1866 2137//1869
f 2929//2659 2596//2326 2907//2637
f 2907//2637 2596//2326 2134//1866
f 2592//2322 2590//2320 2931//2661
f 2932//2662 2590//2320 2933//2663
f 2592//2322 2905//2635 2906//2636
f 2592//2322 2906//2636 2933//2663
f 2933//2663 2906//2636 2133//1865
f 2932//2662 2933//2663 2133//1865
f 2932//2662 2133//1865 2930//2660
f 2937//2667 2483//2213 2931//2661
f 2905//2635 2592//2322 2931//2661
f 2905//2635 2931//2661 2483//2213
f 2138//1870 2139//1871 2934//2664
f 2590//2320 2932//2662 2931//2661
f 2905//2635 2483//2213 2484//2214
f 2905//2635 2484//2214 2141//1873
f 2141//1873 2484//2214 2140//1872
f 2139//1871 2935//2665 2934//2664
f 2139//1871 2142//1874 2935//2665
f 2935//2665 2142//1874 2143//1875
f 2935//2665 2143//1875 2937//2667
f 2935//2665 2937//2667 2931//2661
f 2904//2634 2138//1870 2934//2664
f 2618//2348 2119//1851 2120//1852
f 2903//2633 2620//2350 2121//1853
f 2121//1853 2620//2350 2618//2348
f 2121//1853 2618//2348 2120//1852
f 2903//2633 2904//2634 2620//2350
f 2620//2350 2904//2634 2616//2346
f 2616//2346 2904//2634 2934//2664
f 2616//2346 2934//2664 2936//2666
f 2616//2346 2936//2666 2922//2652
f 2616//2346 2922//2652 2618//2348
f 2618//2348 2922//2652 2119//1851
f 2938//2668 2473//2205 2474//2206
f 2939//2669 2118//1850 2922//2652
f 2922//2652 2118//1850 2119//1851
f 2938//2668 2474//2206 2939//2669
f 2939//2669 2474//2206 2118//1850
f 2902//2632 2940//2670 2901//2631
f 2901//2631 2940//2670 2473//2205
f 2902//2632 2475//2207 2940//2670
f 2902//2632 2117//1849 2118//1850
f 2902//2632 2118//1850 2475//2207
f 2475//2207 2118//1850 2474//2206
f 2938//2668 2610//2340 2901//2631
f 2938//2668 2901//2631 2473//2205
f 2610//2340 2941//2671 2901//2631
f 2901//2631 2941//2671 2900//2630
f 2941//2671 2612//2342 2900//2630
f 2938//2668 2082//1814 2610//2340
f 2610//2340 2082//1814 2612//2342
f 2612//2342 2082//1814 2081//1813
f 2612//2342 2081//1813 2900//2630
f 2900//2630 2081//1813 2123//1855
f 2075//1807 2123//1855 2081//1813
f 2166//1898 2896//2626 2074//1806
f 2074//1806 2896//2626 2089//1821
f 2089//1821 2896//2626 2083//1815
f 2363//2095 2398//2130 2364//2096
f 2364//2096 2398//2130 2397//2129
f 2881//2611 2365//2097 2397//2129
f 2397//2129 2365//2097 2364//2096
f 2886//2616 2365//2097 2881//2611
f 2886//2616 2366//2098 2365//2097
f 2407//2139 2367//2099 2886//2616
f 2886//2616 2367//2099 2366//2098
f 2407//2139 2368//2100 2367//2099
f 2368//2100 2407//2139 2884//2614
f 2368//2100 2884//2614 2369//2101
f 2369//2101 2884//2614 2885//2615
f 2369//2101 2885//2615 2370//2102
f 2370//2102 2885//2615 2413//2145
f 2370//2102 2413//2145 2371//2103
f 2371//2103 2413//2145 2883//2613
f 2371//2103 2883//2613 2372//2104
f 2372//2104 2883//2613 2882//2612
f 2372//2104 2882//2612 2373//2105
f 2373//2105 2882//2612 2895//2625
f 2895//2625 2374//2106 2373//2105
f 2377//2109 2086//1818 2088//1820
f 2377//2109 2088//1820 2375//2107
f 2897//2627 2129//1861 2182//1914
f 2182//1914 2129//1861 2145//1877
f 2182//1914 2145//1877 2144//1876
f 2186//1918 2123//1855 2165//1897
f 2186//1918 2165//1897 2164//1896
f 2152//1884 2188//1920 2154//1886
f 2152//1884 2117//1849 2902//2632
f 2190//1922 2121//1853 2153//1885
f 2190//1922 2153//1885 2154//1886
f 2909//2639 2179//1911 2910//2640
f 2910//2640 2179//1911 2180//1912
f 2145//1877 2162//1894 2144//1876
f 2144//1876 2124//1856 2180//1912
f 2180//1912 2124//1856 2910//2640
f 2183//1915 2897//2627 2182//1914
f 2184//1916 2898//2628 2183//1915
f 2183//1915 2898//2628 2897//2627
f 2898//2628 2184//1916 2122//1854
f 2122//1854 2184//1916 2164//1896
f 2123//1855 2186//1918 2900//2630
f 2900//2630 2186//1918 2187//1919
f 2188//1920 2901//2631 2187//1919
f 2187//1919 2901//2631 2900//2630
f 2152//1884 2902//2632 2188//1920
f 2188//1920 2902//2632 2901//2631
f 2121//1853 2190//1922 2903//2633
f 2903//2633 2190//1922 2167//1899
f 2120//1852 2119//1851 2153//1885
f 2153//1885 2119//1851 2785//2515
f 2153//1885 2785//2515 2154//1886
f 2154//1886 2785//2515 2790//2520
f 2118//1850 2787//2517 2119//1851
f 2119//1851 2787//2517 2785//2515
f 2792//2522 2157//1889 2156//1888
f 2792//2522 2156//1888 2794//2524
f 2140//1872 2151//1883 2141//1873
f 2143//1875 2794//2524 2140//1872
f 2140//1872 2794//2524 2151//1883
f 2151//1883 2794//2524 2156//1888
f 2805//2535 2159//1891 2800//2530
f 2800//2530 2159//1891 2158//1890
f 2800//2530 2158//1890 2802//2532
f 2802//2532 2158//1890 2149//1881
f 2160//1892 2806//2536 2812//2542
f 2160//1892 2812//2542 2161//1893
f 2810//2540 2131//1863 2161//1893
f 2810//2540 2161//1893 2812//2542
f 2163//1895 2816//2546 2814//2544
f 2163//1895 2814//2544 2125//1857
f 2818//2548 2127//1859 2819//2549
f 2819//2549 2127//1859 2126//1858
f 2819//2549 2126//1858 2814//2544
f 2814//2544 2126//1858 2125//1857
f 2821//2551 2087//1819 2823//2553
f 2820//2550 2087//1819 2821//2551
f 2820//2550 2091//1823 2087//1819
f 2087//1819 2896//2626 2823//2553
f 2213//1945 2360//2092 2358//2090
f 2213//1945 2358//2090 2503//2233
f 2503//2233 2358//2090 2502//2232
f 2502//2232 2358//2090 2356//2088
f 2502//2232 2356//2088 2501//2231
f 2501//2231 2356//2088 2500//2230
f 2500//2230 2356//2088 2354//2086
f 2500//2230 2354//2086 2499//2229
f 2499//2229 2354//2086 2498//2228
f 2498//2228 2354//2086 2352//2084
f 2498//2228 2352//2084 2497//2227
f 2497//2227 2352//2084 2350//2082
f 2497//2227 2350//2082 2221//1953
f 2221//1953 2350//2082 2349//2081
f 2100//1832 2851//2581 2099//1831
f 2188//1920 2100//1832 2189//1921
f 2189//1921 2100//1832 2942//2672
f 2099//1831 2851//2581 2861//2591
f 2180//1912 2096//1828 2943//2673
f 2180//1912 2943//2673 2181//1913
f 2095//1827 2181//1913 2943//2673
f 2854//2584 2095//1827 2853//2583
f 2095//1827 2096//1828 2853//2583
f 2853//2583 2096//1828 2852//2582
f 2942//2672 2099//1831 2189//1921
f 2189//1921 2099//1831 2861//2591
f 2189//1921 2861//2591 2190//1922
f 2190//1922 2861//2591 2542//2272
f 2190//1922 2542//2272 2167//1899
f 2851//2581 2100//1832 2188//1920
f 2851//2581 2188//1920 2860//2590
f 2860//2590 2188//1920 2187//1919
f 2860//2590 2187//1919 2859//2589
f 2859//2589 2187//1919 2186//1918
f 2859//2589 2186//1918 2857//2587
f 2857//2587 2186//1918 2185//1917
f 2857//2587 2185//1917 2856//2586
f 2856//2586 2185//1917 2184//1916
f 2181//1913 2095//1827 2854//2584
f 2181//1913 2854//2584 2182//1914
f 2182//1914 2854//2584 2183//1915
f 2183//1915 2854//2584 2850//2580
f 2183//1915 2850//2580 2855//2585
f 2183//1915 2855//2585 2184//1916
f 2184//1916 2855//2585 2856//2586
f 2852//2582 2096//1828 2180//1912
f 2852//2582 2180//1912 2529//2259
f 2529//2259 2180//1912 2179//1911
f 2922//2652 2936//2666 2727//2457
f 2427//2159 2082//1814 2730//2460
f 2082//1814 2938//2668 2730//2460
f 2730//2460 2938//2668 2729//2459
f 2938//2668 2939//2669 2729//2459
f 2729//2459 2939//2669 2728//2458
f 2728//2458 2939//2669 2922//2652
f 2922//2652 2727//2457 2728//2458
f 2727//2457 2936//2666 2724//2454
f 2724//2454 2936//2666 2934//2664
f 2724//2454 2934//2664 2935//2665
f 2724//2454 2935//2665 2733//2463
f 2733//2463 2935//2665 2931//2661
f 2733//2463 2931//2661 2932//2662
f 2733//2463 2932//2662 2732//2462
f 2732//2462 2932//2662 2930//2660
f 2732//2462 2930//2660 2721//2451
f 2721//2451 2930//2660 2927//2657
f 2721//2451 2927//2657 2723//2453
f 2723//2453 2927//2657 2926//2656
f 2723//2453 2926//2656 2719//2449
f 2719//2449 2926//2656 2921//2651
f 2719//2449 2921//2651 2726//2456
f 2726//2456 2921//2651 2431//2163
f 2510//2240 2686//2416 2511//2241
f 2511//2241 2686//2416 2944//2674
f 2511//2241 2944//2674 2945//2675
f 2511//2241 2945//2675 2512//2242
f 2512//2242 2945//2675 2946//2676
f 2512//2242 2946//2676 2573//2303
f 2514//2244 2573//2303 2946//2676
f 2514//2244 2946//2676 2517//2247
f 2517//2247 2946//2676 2947//2677
f 2517//2247 2947//2677 2516//2246
f 2516//2246 2947//2677 2948//2678
f 2516//2246 2948//2678 2949//2679
f 2516//2246 2949//2679 2518//2248
f 2518//2248 2949//2679 2950//2680
f 2518//2248 2950//2680 2515//2245
f 2515//2245 2950//2680 2951//2681
f 2562//2292 2515//2245 2650//2380
f 2650//2380 2515//2245 2951//2681
f 2650//2380 2951//2681 2513//2243
f 2513//2243 2951//2681 2695//2425
f 2513//2243 2695//2425 2653//2383
f 2815//2545 2865//2595 2813//2543
f 2813//2543 2865//2595 2848//2578
f 2807//2537 2847//2577 2811//2541
f 2811//2541 2847//2577 2863//2593
f 2811//2541 2863//2593 2809//2539
f 2809//2539 2863//2593 2846//2576
f 2801//2531 2845//2575 2799//2529
f 2799//2529 2845//2575 2862//2592
f 2799//2529 2862//2592 2803//2533
f 2803//2533 2862//2592 2844//2574
f 2795//2525 2543//2273 2793//2523
f 2793//2523 2543//2273 2866//2596
f 2793//2523 2866//2596 2791//2521
f 2791//2521 2866//2596 2843//2573
f 2786//2516 2864//2594 2784//2514
f 2784//2514 2864//2594 2841//2571
f 2824//2554 2858//2588 2822//2552
f 2822//2552 2858//2588 2839//2569
f 2822//2552 2839//2569 2826//2556
f 2704//2434 2777//2507 2835//2565
f 2835//2565 2777//2507 2779//2509
f 2835//2565 2779//2509 2836//2566
f 2836//2566 2779//2509 2781//2511
f 2836//2566 2781//2511 2837//2567
f 2837//2567 2781//2511 2765//2495
f 2837//2567 2765//2495 2838//2568
f 2838//2568 2765//2495 2828//2558
f 2828//2558 2765//2495 2767//2497
f 2828//2558 2767//2497 2829//2559
f 2829//2559 2767//2497 2769//2499
f 2829//2559 2769//2499 2952//2682
f 2952//2682 2769//2499 2771//2501
f 2952//2682 2771//2501 2830//2560
f 2830//2560 2771//2501 2696//2426
f 2624//2354 2230//1962 2487//2217
f 2624//2354 2487//2217 2834//2564
f 2834//2564 2487//2217 2488//2218
f 2834//2564 2488//2218 2833//2563
f 2833//2563 2488//2218 2489//2219
f 2833//2563 2489//2219 2832//2562
f 2832//2562 2489//2219 2490//2220
f 2832//2562 2490//2220 2831//2561
f 2831//2561 2490//2220 2492//2222
f 2831//2561 2492//2222 2493//2223
f 2831//2561 2493//2223 2630//2360
f 2630//2360 2493//2223 2222//1954
f 2712//2442 2764//2494 2778//2508
f 2778//2508 2764//2494 2894//2624
f 2778//2508 2894//2624 2780//2510
f 2780//2510 2894//2624 2782//2512
f 2782//2512 2894//2624 2893//2623
f 2782//2512 2893//2623 2783//2513
f 2783//2513 2893//2623 2892//2622
f 2783//2513 2892//2622 2766//2496
f 2766//2496 2892//2622 2891//2621
f 2766//2496 2891//2621 2953//2683
f 2953//2683 2891//2621 2889//2619
f 2953//2683 2889//2619 2768//2498
f 2768//2498 2889//2619 2888//2618
f 2768//2498 2888//2618 2770//2500
f 2770//2500 2888//2618 2757//2487
f 2770//2500 2757//2487 2705//2435
f 2752//2482 2753//2483 2754//2484
f 2754//2484 2753//2483 2750//2480
f 2754//2484 2750//2480 2749//2479
f 2746//2476 2747//2477 2748//2478
f 2748//2478 2747//2477 2869//2599
f 2748//2478 2869//2599 2744//2474
f 2744//2474 2869//2599 2745//2475
f 2954//2684 2740//2470 2742//2472
f 2954//2684 2743//2473 2872//2602
f 2954//2684 2872//2602 2740//2470
f 2740//2470 2872//2602 2741//2471
f 2738//2468 2955//2685 2736//2466
f 2738//2468 2739//2469 2955//2685
f 2955//2685 2739//2469 2873//2603
f 2955//2685 2873//2603 2736//2466
f 2736//2466 2873//2603 2737//2467
f 2766//2496 2953//2683 2768//2498
f 2829//2559 2952//2682 2830//2560
f 2658//2388 2423//2155 2673//2403
f 2673//2403 2423//2155 2425//2157
f 2661//2391 2424//2156 2422//2154
f 2661//2391 2422//2154 2674//2404
f 2672//2402 2400//2132 2403//2135
f 2678//2408 2410//2142 2666//2396
f 2666//2396 2410//2142 2404//2136
f 2662//2392 2417//2149 2663//2393
f 2663//2393 2417//2149 2415//2147
f 2657//2387 2385//2117 2386//2118
f 2633//2363 2566//2296 2652//2382
f 2652//2382 2566//2296 2210//1942
f 2652//2382 2210//1942 2648//2378
f 2648//2378 2210//1942 2564//2294
f 2637//2367 2577//2307 2579//2309
f 2637//2367 2579//2309 2514//2244
f 2634//2364 2558//2288 2554//2284
f 2956//2686 2615//2345 2619//2349
f 2619//2349 2620//2350 2956//2686
f 2956//2686 2620//2350 2615//2345
f 2615//2345 2620//2350 2616//2346
f 2614//2344 2613//2343 2609//2339
f 2613//2343 2612//2342 2941//2671
f 2613//2343 2941//2671 2609//2339
f 2609//2339 2941//2671 2610//2340
f 2605//2335 2607//2337 2603//2333
f 2607//2337 2608//2338 2603//2333
f 2603//2333 2608//2338 2604//2334
f 2957//2687 2598//2328 2602//2332
f 2602//2332 2601//2331 2957//2687
f 2957//2687 2601//2331 2925//2655
f 2957//2687 2925//2655 2598//2328
f 2598//2328 2925//2655 2599//2329
f 2597//2327 2958//2688 2595//2325
f 2597//2327 2929//2659 2958//2688
f 2958//2688 2929//2659 2594//2324
f 2591//2321 2592//2322 2593//2323
f 2593//2323 2592//2322 2933//2663
f 2593//2323 2933//2663 2589//2319
f 2589//2319 2933//2663 2590//2320
f 2527//2257 2237//1969 2232//1964
f 2527//2257 2232//1964 2548//2278
f 2548//2278 2232//1964 2864//2594
f 2548//2278 2864//2594 2547//2277
f 2547//2277 2864//2594 2324//2056
f 2547//2277 2324//2056 2553//2283
f 2553//2283 2324//2056 2325//2057
f 2553//2283 2325//2057 2326//2058
f 2553//2283 2326//2058 2545//2275
f 2545//2275 2326//2058 2321//2053
f 2321//2053 2546//2276 2545//2275
f 2546//2276 2321//2053 2274//2006
f 2546//2276 2274//2006 2959//2689
f 2959//2689 2274//2006 2552//2282
f 2274//2006 2275//2007 2552//2282
f 2552//2282 2275//2007 2549//2279
f 2549//2279 2275//2007 2276//2008
f 2276//2008 2271//2003 2549//2279
f 2549//2279 2271//2003 2848//2578
f 2549//2279 2848//2578 2550//2280
f 2550//2280 2848//2578 2265//1997
f 2550//2280 2265//1997 2544//2274
f 2265//1997 2266//1998 2544//2274
f 2544//2274 2266//1998 2519//2249
f 2221//1953 2222//1954 2497//2227
f 2497//2227 2222//1954 2493//2223
f 2497//2227 2493//2223 2498//2228
f 2498//2228 2493//2223 2491//2221
f 2498//2228 2491//2221 2499//2229
f 2499//2229 2491//2221 2490//2220
f 2499//2229 2490//2220 2500//2230
f 2500//2230 2490//2220 2489//2219
f 2500//2230 2489//2219 2501//2231
f 2501//2231 2489//2219 2502//2232
f 2502//2232 2489//2219 2488//2218
f 2502//2232 2488//2218 2503//2233
f 2503//2233 2488//2218 2487//2217
f 2503//2233 2487//2217 2213//1945
f 2213//1945 2487//2217 2486//2216
f 2481//2211 2436//2168 2937//2667
f 2140//1872 2433//2165 2482//2212
f 2140//1872 2482//2212 2143//1875
f 2143//1875 2482//2212 2481//2211
f 2143//1875 2481//2211 2937//2667
f 2960//2690 2476//2208 2480//2183
f 2480//2183 2479//2210 2960//2690
f 2960//2690 2479//2210 2435//2167
f 2960//2690 2435//2167 2476//2208
f 2476//2208 2435//2167 2477//2209
f 2475//2207 2437//2169 2470//2202
f 2475//2207 2470//2202 2940//2670
f 2940//2670 2470//2202 2472//2204
f 2940//2670 2472//2204 2473//2205
f 2473//2205 2472//2204 2439//2171
f 2469//2201 2441//2173 2468//2200
f 2469//2201 2468//2200 2923//2653
f 2923//2653 2468//2200 2467//2199
f 2923//2653 2467//2199 2924//2654
f 2924//2654 2467//2199 2442//2174
f 2924//2654 2442//2174 2128//1860
f 2466//2198 2443//2175 2463//2195
f 2466//2198 2463//2195 2928//2658
f 2928//2658 2463//2195 2446//2178
f 2462//2194 2961//2691 2458//2190
f 2460//2192 2461//2193 2462//2194
f 2462//2194 2461//2193 2961//2691
f 2961//2691 2461//2193 2471//2203
f 2961//2691 2471//2203 2458//2190
f 2458//2190 2471//2203 2459//2191
f 2456//2188 2962//2692 2454//2186
f 2962//2692 2452//2184 2454//2186
f 2456//2188 2457//2189 2962//2692
f 2962//2692 2457//2189 2453//2185
f 2962//2692 2453//2185 2452//2184
f 2963//2693 2447//2179 2451//2183
f 2451//2183 2450//2182 2963//2693
f 2963//2693 2450//2182 2444//2176
f 2963//2693 2444//2176 2447//2179
f 2447//2179 2444//2176 2448//2180
f 2544//2274 2374//2106 2920//2650
f 2357//2089 2756//2486 2355//2087
f 2355//2087 2756//2486 2755//2485
f 2355//2087 2755//2485 2353//2085
f 2353//2085 2755//2485 2351//2083
f 2114//1846 2964//2694 2116//1848
f 2116//1848 2964//2694 2877//2607
f 2877//2607 2964//2694 2113//1845
f 2877//2607 2113//1845 2115//1847
f 2113//1845 2964//2694 2114//1846
f 2112//1844 2107//1839 2878//2608
f 2878//2608 2107//1839 2109//1841
f 2878//2608 2109//1841 2110//1842
f 2109//1841 2107//1839 2106//1838
f 2105//1837 2101//1833 2876//2606
f 2876//2606 2101//1833 2965//2695
f 2876//2606 2965//2695 2103//1835
f 2876//2606 2103//1835 2104//1836
f 2103//1835 2965//2695 2101//1833
f 2098//1830 2966//2696 2100//1832
f 2100//1832 2966//2696 2942//2672
f 2942//2672 2966//2696 2097//1829
f 2942//2672 2097//1829 2099//1831
f 2097//1829 2966//2696 2098//1830
f 2096//1828 2092//1824 2943//2673
f 2943//2673 2092//1824 2967//2697
f 2943//2673 2967//2697 2094//1826
f 2943//2673 2094//1826 2095//1827
f 2094//1826 2967//2697 2092//1824
f 2972//2702 2975//2705 2973//2703
f 2975//2705 2972//2702 2974//2704
f 2975//2705 2969//2699 2973//2703
f 2973//2703 2969//2699 2968//2698
f 2974//2704 2971//2701 2975//2705
f 2975//2705 2971//2701 2969//2699
f 2972//2702 2970//2700 2974//2704
f 2974//2704 2970//2700 2971//2701
f 2973//2703 2968//2698 2972//2702
f 2972//2702 2968//2698 2970//2700
f 3055//2785 3056//2786 3057//2787
f 3061//2791 3063//2793 3062//2792
f 3066//2796 3064//2794 3067//2797
f 3066//2796 3067//2797 3068//2798
f 3073//2803 3071//2801 3074//2804
f 3074//2804 3071//2801 3072//2802
f 3075//2805 3078//2808 3079//2809
f 3079//2809 3078//2808 3077//2807
f 3082//2812 3080//2810 3083//2813
f 3097//2827 2986//2716 3098//2828
f 3116//2846 3117//2847 3118//2848
f 3118//2848 3117//2847 3119//2849
f 3118//2848 3119//2849 3120//2850
f 3116//2846 3118//2848 3120//2850
f 3121//2851 3122//2852 3123//2853
f 3123//2853 3122//2852 3124//2854
f 3123//2853 3124//2854 3125//2855
f 3126//2856 3127//2857 3128//2858
f 3128//2858 3127//2857 3129//2859
f 3126//2856 3128//2858 3130//2860
f 3131//2861 3154//2884 3132//2862
f 3131//2861 3132//2862 3133//2863
f 3133//2863 3132//2862 3134//2864
f 3135//2865 3131//2861 3133//2863
f 3136//2866 3137//2867 3138//2868
f 3136//2866 3138//2868 3139//2869
f 3139//2869 3138//2868 3140//2870
f 3140//2870 3138//2868 3141//2871
f 3139//2869 3140//2870 3136//2866
f 2981//2711 3142//2872 3101//2831
f 2981//2711 3101//2831 2982//2712
f 2980//2710 2981//2711 2982//2712
f 3143//2873 2981//2711 2980//2710
f 2984//2714 3144//2874 2985//2715
f 2985//2715 3144//2874 3145//2875
f 2985//2715 3145//2875 3098//2828
f 2985//2715 3098//2828 2986//2716
f 2986//2716 2983//2713 2984//2714
f 2984//2714 2985//2715 2986//2716
f 3578//3302 3095//2825 3002//2732
f 3002//2732 3095//2825 3003//2733
f 3146//2876 3002//2732 3003//2733
f 3146//2876 3003//2733 3001//2731
f 2987//2717 3094//2824 3147//2877
f 2987//2717 3147//2877 2988//2718
f 2988//2718 3147//2877 3148//2878
f 2988//2718 3148//2878 2989//2719
f 2989//2719 3148//2878 3093//2823
f 2989//2719 3093//2823 2990//2720
f 2988//2718 2989//2719 2990//2720
f 2988//2718 2990//2720 2987//2717
f 2976//2706 3092//2822 3149//2879
f 2976//2706 3149//2879 2977//2707
f 2977//2707 3149//2879 3150//2880
f 2977//2707 3150//2880 2978//2708
f 2978//2708 3150//2880 3091//2821
f 2978//2708 3091//2821 2979//2709
f 2979//2709 2976//2706 2977//2707
f 2979//2709 2977//2707 2978//2708
f 3011//2741 3119//2849 3010//2740
f 3011//2741 3009//2739 3151//2881
f 3119//2849 3011//2741 3151//2881
f 3117//2847 3008//2738 3010//2740
f 3117//2847 3010//2740 3119//2849
f 3008//2738 3117//2847 3151//2881
f 3008//2738 3151//2881 3009//2739
f 3081//2811 3008//2738 3112//2842
f 3112//2842 3008//2738 3009//2739
f 3113//2843 3011//2741 3052//2782
f 3052//2782 3011//2741 3010//2740
f 3011//2741 3113//2843 3009//2739
f 3009//2739 3113//2843 3112//2842
f 3015//2745 3122//2852 3014//2744
f 3012//2742 3152//2882 3124//2854
f 3012//2742 3124//2854 3013//2743
f 3014//2744 3122//2852 3152//2882
f 3014//2744 3152//2882 3012//2742
f 3013//2743 3124//2854 3015//2745
f 3015//2745 3124//2854 3122//2852
f 3076//2806 3012//2742 3109//2839
f 3109//2839 3012//2742 3013//2743
f 3110//2840 3015//2745 3111//2841
f 3111//2841 3015//2745 3014//2744
f 3015//2745 3110//2840 3013//2743
f 3013//2743 3110//2840 3109//2839
f 3016//2746 3129//2859 3018//2748
f 3153//2883 3017//2747 3127//2857
f 3127//2857 3017//2747 3019//2749
f 3016//2746 3153//2883 3129//2859
f 3153//2883 3016//2746 3017//2747
f 3018//2748 3129//2859 3019//2749
f 3019//2749 3129//2859 3127//2857
f 3070//2800 3016//2746 3108//2838
f 3108//2838 3016//2746 3018//2748
f 3107//2837 3019//2749 3106//2836
f 3106//2836 3019//2749 3017//2747
f 3019//2749 3107//2837 3018//2748
f 3018//2748 3107//2837 3108//2838
f 3023//2753 3022//2752 3132//2862
f 3154//2884 3020//2750 3023//2753
f 3023//2753 3132//2862 3154//2884
f 3132//2862 3022//2752 3021//2751
f 3132//2862 3021//2751 3134//2864
f 3154//2884 3134//2864 3020//2750
f 3020//2750 3134//2864 3021//2751
f 3065//2795 3021//2751 3105//2835
f 3105//2835 3021//2751 3022//2752
f 3104//2834 3023//2753 3069//2799
f 3069//2799 3023//2753 3020//2750
f 3023//2753 3104//2834 3022//2752
f 3022//2752 3104//2834 3105//2835
f 3024//2754 3141//2871 3025//2755
f 3025//2755 3141//2871 3138//2868
f 3026//2756 3137//2867 3024//2754
f 3024//2754 3137//2867 3141//2871
f 3138//2868 3027//2757 3025//2755
f 3138//2868 3137//2867 3027//2757
f 3027//2757 3137//2867 3026//2756
f 3060//2790 3025//2755 3102//2832
f 3102//2832 3025//2755 3027//2757
f 3103//2833 3026//2756 3155//2885
f 3155//2885 3026//2756 3024//2754
f 3026//2756 3103//2833 3027//2757
f 3027//2757 3103//2833 3102//2832
f 3005//2735 3007//2737 3156//2886
f 3157//2887 3006//2736 3158//2888
f 3158//2888 3006//2736 3004//2734
f 3007//2737 3157//2887 3156//2886
f 3006//2736 3157//2887 3007//2737
f 3158//2888 3004//2734 3156//2886
f 3156//2886 3004//2734 3005//2735
f 3053//2783 3004//2734 3114//2844
f 3114//2844 3004//2734 3006//2736
f 3115//2845 3007//2737 3058//2788
f 3058//2788 3007//2737 3005//2735
f 3007//2737 3115//2845 3006//2736
f 3006//2736 3115//2845 3114//2844
f 3159//2889 3160//2890 3161//2891
f 3161//2891 3160//2890 3162//2892
f 3161//2891 3162//2892 3163//2893
f 3163//2893 3162//2892 3164//2894
f 3159//2889 3161//2891 3163//2893
f 3165//2889 3166//2890 3167//2891
f 3167//2891 3166//2890 3168//2892
f 3167//2891 3168//2892 3169//2893
f 3169//2893 3168//2892 3170//2894
f 3165//2889 3167//2891 3169//2893
f 3171//2895 3193//2917 3172//2896
f 3172//2896 3193//2917 3173//2897
f 3172//2896 3173//2897 3174//2898
f 3174//2898 3173//2897 3175//2899
f 2993//2723 2991//2721 2992//2722
f 3177//2901 3176//2900 2991//2721
f 3177//2901 2991//2721 2993//2723
f 2991//2721 3178//2902 3179//2903
f 2991//2721 3179//2903 2992//2722
f 2992//2722 3179//2903 3180//2904
f 2992//2722 3180//2904 3181//2905
f 2992//2722 3181//2905 2993//2723
f 3605//3329 3043//2773 3042//2772
f 3605//3329 3042//2772 3182//2906
f 3182//2906 3042//2772 3041//2771
f 3182//2906 3041//2771 3183//2907
f 3183//2907 3041//2771 3040//2770
f 3168//2892 3040//2770 3170//2894
f 3170//2894 3040//2770 3041//2771
f 3170//2894 3041//2771 3042//2772
f 3170//2894 3042//2772 3166//2890
f 3166//2890 3042//2772 3043//2773
f 3166//2890 3043//2773 3184//2908
f 3166//2890 3184//2908 3168//2892
f 3168//2892 3184//2908 3040//2770
f 2997//2727 2994//2724 2996//2726
f 3185//2909 2994//2724 2997//2727
f 2995//2725 2996//2726 2994//2724
f 2994//2724 3186//2910 3187//2911
f 2994//2724 3187//2911 2995//2725
f 2995//2725 3187//2911 2996//2726
f 2996//2726 3187//2911 3188//2912
f 2996//2726 3188//2912 2997//2727
f 3189//2913 3031//2761 3030//2760
f 3189//2913 3030//2760 3190//2914
f 3190//2914 3030//2760 3029//2759
f 3190//2914 3029//2759 3028//2758
f 3190//2914 3028//2758 3191//2915
f 3164//2894 3030//2760 3160//2890
f 3160//2890 3030//2760 3031//2761
f 3160//2890 3031//2761 3192//2916
f 3160//2890 3192//2916 3162//2892
f 3162//2892 3192//2916 3028//2758
f 3162//2892 3028//2758 3164//2894
f 3164//2894 3028//2758 3029//2759
f 3164//2894 3029//2759 3030//2760
f 3193//2917 3046//2776 3173//2897
f 3173//2897 3046//2776 3194//2918
f 3173//2897 3194//2918 3175//2899
f 3175//2899 3194//2918 3195//2919
f 3175//2899 3195//2919 3044//2774
f 3044//2774 3045//2775 3193//2917
f 3193//2917 3045//2775 3046//2776
f 3196//2920 3046//2776 3045//2775
f 3196//2920 3045//2775 3197//2921
f 3197//2921 3045//2775 3044//2774
f 3199//2923 3200//2924 3198//2922
f 3198//2922 3200//2924 3201//2925
f 3200//2924 3204//2928 3205//2929
f 3200//2924 3205//2929 3201//2925
f 3202//2926 3198//2922 3205//2929
f 3205//2929 3198//2922 3201//2925
f 3198//2922 3202//2926 3199//2923
f 3199//2923 3202//2926 3203//2927
f 3204//2928 3200//2924 3203//2927
f 3203//2927 3200//2924 3199//2923
f 3208//2932 3209//2933 3207//2931
f 3208//2932 3207//2931 3206//2930
f 3211//2935 3212//2936 3210//2934
f 3213//2937 3211//2935 3210//2934
f 3209//2933 3208//2932 3214//2938
f 3214//2938 3208//2932 3213//2937
f 3213//2937 3208//2932 3211//2935
f 3207//2931 3210//2934 3212//2936
f 3215//2939 3216//2940 3217//2941
f 3267//2991 3297//3021 3268//2992
f 3263//2987 3300//3024 3266//2990
f 3264//2988 3265//2989 3301//3025
f 3268//2992 3301//3025 3299//3023
f 3264//2988 3302//3026 3303//3027
f 3264//2988 3303//3027 3265//2989
f 3265//2989 3303//3027 3266//2990
f 3266//2990 3303//3027 3298//3022
f 3266//2990 3298//3022 3263//2987
f 3304//3028 3273//2997 3270//2994
f 3270//2994 3305//3029 3271//2995
f 3271//2995 3305//3029 3306//3030
f 3271//2995 3306//3030 3272//2996
f 3272//2996 3306//3030 3296//3020
f 3272//2996 3296//3020 3269//2993
f 3276//3000 3277//3001 3275//2999
f 3279//3003 3294//3018 3307//3031
f 3279//3003 3307//3031 3275//2999
f 3275//2999 3307//3031 3276//3000
f 3276//3000 3307//3031 3308//3032
f 3276//3000 3308//3032 3277//3001
f 3277//3001 3308//3032 3309//3033
f 3277//3001 3309//3033 3278//3002
f 3278//3002 3309//3033 3293//3017
f 3278//3002 3293//3017 3274//2998
f 3310//3034 3281//3005 3282//3006
f 3282//3006 3283//3007 3284//3008
f 3281//3005 3292//3016 3311//3035
f 3281//3005 3311//3035 3282//3006
f 3282//3006 3311//3035 3312//3036
f 3282//3006 3312//3036 3283//3007
f 3283//3007 3312//3036 3284//3008
f 3284//3008 3312//3036 3313//3037
f 3284//3008 3313//3037 3280//3004
f 3289//3013 3286//3010 3314//3038
f 3286//3010 3287//3011 3288//3012
f 3289//3013 3290//3014 3315//3039
f 3289//3013 3315//3039 3286//3010
f 3286//3010 3315//3039 3316//3040
f 3286//3010 3316//3040 3287//3011
f 3287//3011 3316//3040 3317//3041
f 3287//3011 3317//3041 3288//3012
f 3288//3012 3317//3041 3291//3015
f 3288//3012 3291//3015 3285//3009
f 3324//3048 3319//3043 3318//3042
f 3319//3043 3326//3050 3323//3047
f 3319//3043 3327//3051 3322//3046
f 3319//3043 3322//3046 3318//3042
f 3347//3071 3360//3084 3346//3070
f 3346//3070 3360//3084 3356//3080
f 3344//3068 3358//3082 3348//3072
f 3348//3072 3358//3082 3359//3083
f 3350//3074 3364//3088 3354//3078
f 3354//3078 3364//3088 3365//3089
f 3353//3077 3366//3090 3352//3076
f 3352//3076 3366//3090 3362//3086
f 3368//3092 3386//3110 3369//3093
f 3368//3092 3369//3093 3370//3094
f 3370//3094 3369//3093 3371//3095
f 3372//3096 3373//3097 3374//3098
f 3374//3098 3373//3097 3375//3099
f 3374//3098 3375//3099 3376//3100
f 3376//3100 3372//3096 3374//3098
f 3378//3102 3088//2818 3090//2820
f 3090//2820 3088//2818 3089//2819
f 3378//3102 3090//2820 3377//3101
f 3088//2818 3379//3103 3380//3104
f 3088//2818 3380//3104 3089//2819
f 3089//2819 3380//3104 3381//3105
f 3089//2819 3381//3105 3090//2820
f 3382//3106 3039//2769 3038//2768
f 3382//3106 3038//2768 3383//3107
f 3383//3107 3038//2768 3037//2767
f 3383//3107 3037//2767 3036//2766
f 3383//3107 3036//2766 3384//3108
f 3371//3095 3385//3109 3036//2766
f 3371//3095 3036//2766 3037//2767
f 3371//3095 3037//2767 3386//3110
f 3386//3110 3037//2767 3038//2768
f 3386//3110 3038//2768 3039//2769
f 3386//3110 3039//2769 3369//3093
f 3369//3093 3039//2769 3387//3111
f 3369//3093 3387//3111 3385//3109
f 3369//3093 3385//3109 3371//3095
f 3084//2814 3085//2815 3388//3112
f 3388//3112 3085//2815 3086//2816
f 3388//3112 3086//2816 3087//2817
f 3084//2814 3389//3113 3085//2815
f 3085//2815 3389//3113 3390//3114
f 3085//2815 3390//3114 3086//2816
f 3086//2816 3390//3114 3391//3115
f 3086//2816 3391//3115 3087//2817
f 3392//3116 3035//2765 3034//2764
f 3392//3116 3034//2764 3393//3117
f 3393//3117 3034//2764 3033//2763
f 3393//3117 3033//2763 3032//2762
f 3393//3117 3032//2762 3394//3118
f 3375//3099 3395//3119 3032//2762
f 3375//3099 3032//2762 3396//3120
f 3396//3120 3032//2762 3033//2763
f 3396//3120 3033//2763 3034//2764
f 3396//3120 3034//2764 3373//3097
f 3373//3097 3034//2764 3035//2765
f 3373//3097 3035//2765 3397//3121
f 3373//3097 3397//3121 3375//3099
f 3375//3099 3397//3121 3395//3119
f 3403//3127 3217//2941 3400//3124
f 3400//3124 3217//2941 3398//3122
f 3400//3124 3398//3122 3401//3125
f 3401//3125 3398//3122 3402//3126
f 3402//3126 3398//3122 3399//3123
f 2998//2728 3216//2940 3404//3128
f 2998//2728 3404//3128 2999//2729
f 2999//2729 3404//3128 3000//2730
f 3000//2730 3405//3129 3406//3130
f 3217//2941 3216//2940 3219//2943
f 3217//2941 3219//2943 3218//2942
f 3220//2944 3221//2945 3219//2943
f 3219//2943 3221//2945 3218//2942
f 3221//2945 3220//2944 3223//2947
f 3223//2947 3220//2944 3222//2946
f 3216//2940 3215//2939 3222//2946
f 3222//2946 3215//2939 3223//2947
f 3366//3090 3353//3077 3355//3079
f 3366//3090 3355//3079 3367//3091
f 3367//3091 3355//3079 3354//3078
f 3367//3091 3354//3078 3365//3089
f 3358//3082 3344//3068 3357//3081
f 3357//3081 3344//3068 3345//3069
f 3357//3081 3345//3069 3356//3080
f 3356//3080 3345//3069 3346//3070
f 3269//2993 3253//2977 3249//2973
f 3269//2993 3249//2973 3272//2996
f 3272//2996 3249//2973 3271//2995
f 3301//3025 3260//2984 3261//2985
f 3301//3025 3261//2985 3299//3023
f 3278//3002 3236//2960 3277//3001
f 3293//3017 3407//3131 3274//2998
f 3274//2998 3407//3131 3240//2964
f 3274//2998 3240//2964 3239//2963
f 3408//3132 3295//3019 3241//2965
f 3241//2965 3295//3019 3273//2997
f 3241//2965 3273//2997 3245//2969
f 3240//2964 3001//2731 3241//2965
f 3241//2965 3001//2731 3003//2733
f 3408//3132 3241//2965 3095//2825
f 3095//2825 3241//2965 3003//2733
f 3407//3131 3096//2826 3240//2964
f 3240//2964 3096//2826 3001//2731
f 3245//2969 3304//3028 3247//2971
f 3247//2971 3304//3028 3270//2994
f 3280//3004 3227//2951 3224//2948
f 3280//3004 3224//2948 3284//3008
f 3409//3133 3094//2824 2987//2717
f 3280//3004 3228//2952 3227//2951
f 3294//3018 3279//3003 3229//2953
f 3229//2953 3279//3003 3233//2957
f 3228//2952 2987//2717 3229//2953
f 3229//2953 2987//2717 2990//2720
f 3294//3018 3229//2953 3093//2823
f 3093//2823 3229//2953 2990//2720
f 2987//2717 3228//2952 3409//3133
f 3409//3133 3228//2952 3280//3004
f 3409//3133 3280//3004 3313//3037
f 3277//3001 3234//2958 3275//2999
f 3275//2999 3234//2958 3233//2957
f 3275//2999 3233//2957 3279//3003
f 3285//3009 3231//2955 3235//2959
f 3285//3009 3235//2959 3288//3012
f 3410//3134 3092//2822 2976//2706
f 3285//3009 3230//2954 3231//2955
f 3292//3016 3281//3005 3232//2956
f 3232//2956 3281//3005 3226//2950
f 3230//2954 2976//2706 3232//2956
f 3232//2956 2976//2706 2979//2709
f 3292//3016 3232//2956 3091//2821
f 3091//2821 3232//2956 2979//2709
f 2976//2706 3230//2954 3410//3134
f 3410//3134 3230//2954 3285//3009
f 3410//3134 3285//3009 3291//3015
f 3282//3006 3225//2949 3226//2950
f 3282//3006 3226//2950 3310//3034
f 3324//3048 3246//2970 3248//2972
f 3324//3048 3248//2972 3319//3043
f 3250//2974 3319//3043 3248//2972
f 3318//3042 3242//2966 3246//2970
f 3244//2968 3289//3013 3238//2962
f 3290//3014 3289//3013 3244//2968
f 3290//3014 3244//2968 3243//2967
f 3290//3014 3243//2967 3411//3135
f 3411//3135 3243//2967 3242//2966
f 3411//3135 3242//2966 3322//3046
f 3322//3046 3242//2966 3318//3042
f 3286//3010 3237//2961 3238//2962
f 3286//3010 3238//2962 3314//3038
f 3300//3024 3258//2982 3262//2986
f 3300//3024 3262//2986 3266//2990
f 3266//2990 3262//2986 3265//2989
f 2982//2712 3259//2983 2980//2710
f 2980//2710 3259//2983 3257//2981
f 3263//2987 3257//2981 3258//2982
f 3321//3045 3320//3044 3259//2983
f 3259//2983 3320//3044 3252//2976
f 3321//3045 3259//2983 3101//2831
f 3101//2831 3259//2983 2982//2712
f 2980//2710 3257//2981 3100//2830
f 3100//2830 3257//2981 3298//3022
f 3298//3022 3257//2981 3263//2987
f 3326//3050 3250//2974 3251//2975
f 3326//3050 3251//2975 3325//3049
f 3325//3049 3251//2975 3252//2976
f 3325//3049 3252//2976 3320//3044
f 3429//3153 3453//3177 3430//3154
f 3430//3154 3453//3177 3257//2981
f 3430//3154 3257//2981 3431//3155
f 3431//3155 3257//2981 3259//2983
f 3431//3155 3259//2983 3432//3156
f 3432//3156 3259//2983 3454//3178
f 3432//3156 3454//3178 3433//3157
f 3433//3157 3454//3178 3246//2970
f 3433//3157 3246//2970 3434//3158
f 3434//3158 3246//2970 3242//2966
f 3434//3158 3242//2966 3435//3159
f 3435//3159 3242//2966 3243//2967
f 3435//3159 3243//2967 3436//3160
f 3436//3160 3243//2967 3244//2968
f 3436//3160 3244//2968 3437//3161
f 3437//3161 3244//2968 3455//3179
f 3437//3161 3455//3179 3440//3164
f 3440//3164 3455//3179 3230//2954
f 3440//3164 3230//2954 3439//3163
f 3439//3163 3230//2954 3232//2956
f 3439//3163 3232//2956 3438//3162
f 3438//3162 3232//2956 3456//3180
f 3438//3162 3456//3180 3452//3176
f 3462//3186 3457//3181 3458//3182
f 3458//3182 3457//3181 3459//3183
f 3458//3182 3459//3183 3460//3184
f 3460//3184 3459//3183 3461//3185
f 3460//3184 3461//3185 3462//3186
f 3462//3186 3461//3185 3463//3187
f 3462//3186 3463//3187 3457//3181
f 3464//3188 3465//3189 3466//3190
f 3466//3190 3465//3189 3467//3191
f 3466//3190 3467//3191 3468//3192
f 3466//3190 3468//3192 3469//3193
f 3469//3193 3468//3192 3470//3194
f 3469//3193 3470//3194 3464//3188
f 3464//3188 3470//3194 3465//3189
f 3477//3201 3471//3195 3472//3196
f 3472//3196 3471//3195 3473//3197
f 3472//3196 3473//3197 3474//3198
f 3472//3196 3474//3198 3475//3199
f 3475//3199 3474//3198 3476//3200
f 3475//3199 3476//3200 3477//3201
f 3477//3201 3476//3200 3471//3195
f 3478//3202 3479//3203 3480//3204
f 3480//3204 3479//3203 3481//3205
f 3480//3204 3481//3205 3482//3206
f 3480//3204 3482//3206 3483//3207
f 3483//3207 3482//3206 3484//3208
f 3483//3207 3484//3208 3478//3202
f 3478//3202 3484//3208 3479//3203
f 3485//3209 3486//3210 3487//3211
f 3485//3209 3487//3211 3488//3212
f 3485//3209 3488//3212 3489//3213
f 3489//3213 3488//3212 3490//3214
f 3489//3213 3490//3214 3491//3215
f 3491//3215 3490//3214 3486//3210
f 3491//3215 3486//3210 3485//3209
f 3492//3216 3493//3217 3494//3218
f 3494//3218 3493//3217 3495//3219
f 3494//3218 3495//3219 3496//3220
f 3496//3220 3497//3221 3498//3222
f 3498//3222 3497//3221 3499//3223
f 3498//3222 3499//3223 3492//3216
f 3492//3216 3499//3223 3493//3217
f 3423//3147 3500//3224 3501//3225
f 3423//3147 3501//3225 3424//3148
f 3424//3148 3501//3225 3425//3149
f 3425//3149 3501//3225 3502//3226
f 3425//3149 3502//3226 3426//3150
f 3426//3150 3502//3226 3503//3227
f 3426//3150 3503//3227 3427//3151
f 3427//3151 3503//3227 3504//3228
f 3427//3151 3504//3228 3428//3152
f 3417//3141 3505//3229 3418//3142
f 3418//3142 3505//3229 3419//3143
f 3419//3143 3505//3229 3506//3230
f 3419//3143 3506//3230 3420//3144
f 3420//3144 3506//3230 3421//3145
f 3421//3145 3506//3230 3422//3146
f 3422//3146 3506//3230 3423//3147
f 3422//3146 3423//3147 3507//3231
f 3507//3231 3423//3147 3508//3232
f 3508//3232 3423//3147 3424//3148
f 3508//3232 3424//3148 3509//3233
f 3509//3233 3424//3148 3510//3234
f 3510//3234 3424//3148 3425//3149
f 3510//3234 3425//3149 3511//3235
f 3511//3235 3425//3149 3426//3150
f 3511//3235 3426//3150 3512//3236
f 3512//3236 3426//3150 3513//3237
f 3513//3237 3426//3150 3427//3151
f 3513//3237 3427//3151 3514//3238
f 3514//3238 3427//3151 3515//3239
f 3515//3239 3427//3151 3428//3152
f 3515//3239 3428//3152 3412//3136
f 3412//3136 3428//3152 3413//3137
f 3413//3137 3428//3152 3414//3138
f 3414//3138 3428//3152 3516//3240
f 3414//3138 3516//3240 3415//3139
f 3415//3139 3516//3240 3416//3140
f 3416//3140 3516//3240 3517//3241
f 3416//3140 3517//3241 3417//3141
f 3417//3141 3517//3241 3505//3229
f 3319//3043 3250//2974 3326//3050
f 3518//3242 3519//3243 3520//3244
f 3520//3244 3519//3243 3521//3245
f 3521//3245 3519//3243 3522//3246
f 3521//3245 3522//3246 3523//3247
f 3523//3247 3522//3246 3524//3248
f 3524//3248 3522//3246 3525//3249
f 3524//3248 3525//3249 3526//3250
f 3526//3250 3525//3249 3527//3251
f 3527//3251 3525//3249 3528//3252
f 3527//3251 3528//3252 3529//3253
f 3529//3253 3528//3252 3530//3254
f 3530//3254 3528//3252 3531//3255
f 3528//3252 3532//3256 3531//3255
f 3531//3255 3532//3256 3533//3257
f 3533//3257 3532//3256 3534//3258
f 3533//3257 3534//3258 3535//3259
f 3535//3259 3534//3258 3536//3260
f 3536//3260 3534//3258 3537//3261
f 3536//3260 3537//3261 3538//3262
f 3538//3262 3537//3261 3539//3263
f 3539//3263 3537//3261 3540//3264
f 3540//3264 3537//3261 3541//3265
f 3540//3264 3541//3265 3542//3266
f 3542//3266 3541//3265 3543//3267
f 3543//3267 3541//3265 3544//3268
f 3543//3267 3544//3268 3518//3242
f 3518//3242 3544//3268 3519//3243
f 3537//3261 3412//3136 3541//3265
f 3541//3265 3412//3136 3413//3137
f 3541//3265 3413//3137 3414//3138
f 3541//3265 3414//3138 3544//3268
f 3544//3268 3414//3138 3415//3139
f 3544//3268 3415//3139 3416//3140
f 3544//3268 3416//3140 3519//3243
f 3519//3243 3416//3140 3417//3141
f 3519//3243 3417//3141 3418//3142
f 3519//3243 3418//3142 3522//3246
f 3522//3246 3418//3142 3419//3143
f 3522//3246 3419//3143 3420//3144
f 3522//3246 3420//3144 3525//3249
f 3525//3249 3420//3144 3421//3145
f 3525//3249 3421//3145 3422//3146
f 3492//3216 3545//3269 3498//3222
f 3498//3222 3545//3269 3546//3270
f 3498//3222 3546//3270 3496//3220
f 3496//3220 3546//3270 3494//3218
f 3494//3218 3546//3270 3547//3271
f 3491//3215 3548//3272 3489//3213
f 3489//3213 3548//3272 3549//3273
f 3489//3213 3549//3273 3485//3209
f 3480//3204 3550//3274 3551//3275
f 3480//3204 3551//3275 3478//3202
f 3478//3202 3551//3275 3552//3276
f 3477//3201 3553//3277 3475//3199
f 3475//3199 3553//3277 3554//3278
f 3475//3199 3554//3278 3555//3279
f 3475//3199 3555//3279 3472//3196
f 3466//3190 3561//3285 3464//3188
f 3464//3188 3561//3285 3556//3280
f 3464//3188 3556//3280 3469//3193
f 3469//3193 3556//3280 3557//3281
f 3462//3186 3564//3288 3460//3184
f 3460//3184 3564//3288 3558//3282
f 3460//3184 3558//3282 3458//3182
f 3458//3182 3558//3282 3559//3283
f 3288//3012 3235//2959 3286//3010
f 3286//3010 3235//2959 3237//2961
f 3284//3008 3224//2948 3282//3006
f 3282//3006 3224//2948 3225//2949
f 3277//3001 3236//2960 3234//2958
f 3271//2995 3249//2973 3270//2994
f 3270//2994 3249//2973 3247//2971
f 3265//2989 3260//2984 3301//3025
f 3236//2960 3239//2963 3560//3284
f 3561//3285 3560//3284 3239//2963
f 3561//3285 3239//2963 3562//3286
f 3236//2960 3560//3284 3557//3281
f 3236//2960 3557//3281 3234//2958
f 3556//3280 3561//3285 3233//2957
f 3233//2957 3561//3285 3562//3286
f 3233//2957 3562//3286 3229//2953
f 3228//2952 3229//2953 3563//3287
f 3228//2952 3563//3287 3227//2951
f 3227//2951 3563//3287 3456//3180
f 3234//2958 3557//3281 3556//3280
f 3234//2958 3556//3280 3233//2957
f 3245//2969 3564//3288 3559//3283
f 3247//2971 3558//3282 3564//3288
f 3245//2969 3559//3283 3565//3289
f 3249//2973 3558//3282 3247//2971
f 3558//3282 3249//2973 3253//2977
f 3558//3282 3253//2977 3559//3283
f 3564//3288 3245//2969 3247//2971
f 3559//3283 3253//2977 3565//3289
f 3565//3289 3253//2977 3254//2978
f 3565//3289 3254//2978 3566//3290
f 3566//3290 3254//2978 3255//2979
f 3566//3290 3255//2979 3256//2980
f 3256//2980 3261//2985 3453//3177
f 3549//3273 3252//2976 3567//3291
f 3454//3178 3549//3273 3246//2970
f 3252//2976 3251//2975 3567//3291
f 3567//3291 3251//2975 3250//2974
f 3567//3291 3250//2974 3548//3272
f 3454//3178 3259//2983 3252//2976
f 3454//3178 3252//2976 3549//3273
f 3548//3272 3250//2974 3248//2972
f 3548//3272 3248//2972 3549//3273
f 3549//3273 3248//2972 3246//2970
f 3552//3276 3237//2961 3550//3274
f 3550//3274 3237//2961 3235//2959
f 3244//2968 3238//2962 3455//3179
f 3550//3274 3455//3179 3551//3275
f 3551//3275 3455//3179 3238//2962
f 3550//3274 3235//2959 3231//2955
f 3551//3275 3238//2962 3552//3276
f 3552//3276 3238//2962 3237//2961
f 3550//3274 3231//2955 3455//3179
f 3455//3179 3231//2955 3230//2954
f 3456//3180 3232//2956 3226//2950
f 3456//3180 3226//2950 3227//2951
f 3547//3271 3261//2985 3545//3269
f 3261//2985 3547//3271 3258//2982
f 3261//2985 3258//2982 3453//3177
f 3453//3177 3258//2982 3257//2981
f 3547//3271 3546//3270 3258//2982
f 3261//2985 3260//2984 3545//3269
f 3545//3269 3260//2984 3262//2986
f 3545//3269 3262//2986 3546//3270
f 3546//3270 3262//2986 3258//2982
f 3225//2949 3224//2948 3555//3279
f 3555//3279 3224//2948 3553//3277
f 3226//2950 3554//3278 3553//3277
f 3226//2950 3553//3277 3227//2951
f 3554//3278 3226//2950 3555//3279
f 3555//3279 3226//2950 3225//2949
f 3553//3277 3224//2948 3227//2951
f 3459//3183 3341//3065 3342//3066
f 3459//3183 3342//3066 3461//3185
f 3461//3185 3342//3066 3343//3067
f 3470//3194 3338//3062 3465//3189
f 3465//3189 3338//3062 3339//3063
f 3465//3189 3339//3063 3340//3064
f 3474//3198 3336//3060 3337//3061
f 3474//3198 3337//3061 3476//3200
f 3476//3200 3337//3061 3066//2796
f 3476//3200 3066//2796 3471//3195
f 3479//3203 3334//3058 3335//3059
f 3479//3203 3335//3059 3481//3205
f 3481//3205 3335//3059 3061//2791
f 3481//3205 3061//2791 3062//2792
f 3481//3205 3062//2792 3482//3206
f 3487//3211 3331//3055 3488//3212
f 3488//3212 3331//3055 3057//2787
f 3488//3212 3057//2787 3056//2786
f 3488//3212 3056//2786 3490//3214
f 3490//3214 3056//2786 3332//3056
f 3490//3214 3332//3056 3333//3057
f 3496//3220 3083//2813 3328//3052
f 3496//3220 3328//3052 3497//3221
f 3497//3221 3328//3052 3329//3053
f 3497//3221 3329//3053 3499//3223
f 3499//3223 3329//3053 3330//3054
f 3499//3223 3330//3054 3493//3217
f 3526//3250 3047//2777 3524//3248
f 3524//3248 3047//2777 3523//3247
f 3523//3247 3047//2777 3048//2778
f 3523//3247 3048//2778 3521//3245
f 3521//3245 3048//2778 3520//3244
f 3520//3244 3048//2778 3049//2779
f 3520//3244 3049//2779 3518//3242
f 3518//3242 3049//2779 3543//3267
f 3543//3267 3049//2779 3542//3266
f 3542//3266 3049//2779 3050//2780
f 3542//3266 3050//2780 3540//3264
f 3540//3264 3050//2780 3539//3263
f 3539//3263 3050//2780 3051//2781
f 2998//2728 3403//3127 3406//3130
f 3406//3130 3403//3127 3400//3124
f 3406//3130 3400//3124 3000//2730
f 3000//2730 3400//3124 3401//3125
f 3364//3088 3350//3074 3363//3087
f 3363//3087 3350//3074 3351//3075
f 3363//3087 3351//3075 3362//3086
f 3362//3086 3351//3075 3352//3076
f 3360//3084 3347//3071 3361//3085
f 3361//3085 3347//3071 3349//3073
f 3361//3085 3349//3073 3359//3083
f 3359//3083 3349//3073 3348//3072
f 3314//3038 3238//2962 3289//3013
f 3310//3034 3226//2950 3281//3005
f 3304//3028 3245//2969 3273//2997
f 3263//2987 3258//2982 3300//3024
f 3269//2993 3296//3020 3254//2978
f 3269//2993 3254//2978 3253//2977
f 3256//2980 3297//3021 3267//2991
f 3256//2980 3267//2991 3261//2985
f 3261//2985 3267//2991 3568//3292
f 3261//2985 3568//3292 3268//2992
f 3208//2932 2983//2713 2986//2716
f 3208//2932 2986//2716 3211//2935
f 2986//2716 3097//2827 3211//2935
f 3208//2932 3296//3020 3099//2829
f 3208//2932 3099//2829 2983//2713
f 3296//3020 3208//2932 3206//2930
f 3296//3020 3206//2930 3254//2978
f 3256//2980 3212//2936 3211//2935
f 3256//2980 3211//2935 3297//3021
f 3297//3021 3211//2935 3097//2827
f 3212//2936 3256//2980 3255//2979
f 3212//2936 3255//2979 3207//2931
f 3207//2931 3255//2979 3206//2930
f 3206//2930 3255//2979 3254//2978
f 3069//2799 3020//2750 3021//2751
f 3067//2797 3452//3176 3451//3175
f 3450//3174 3065//2795 3068//2798
f 3450//3174 3068//2798 3451//3175
f 3451//3175 3068//2798 3067//2797
f 3021//2751 3065//2795 3450//3174
f 3021//2751 3450//3174 3069//2799
f 3069//2799 3450//3174 3448//3172
f 3069//2799 3448//3172 3071//2801
f 3071//2801 3448//3172 3449//3173
f 3447//3171 3070//2800 3445//3169
f 3445//3169 3070//2800 3072//2802
f 3445//3169 3072//2802 3449//3173
f 3449//3173 3072//2802 3071//2801
f 3017//2747 3016//2746 3106//2836
f 3106//2836 3016//2746 3070//2800
f 3070//2800 3447//3171 3106//2836
f 3106//2836 3447//3171 3075//2805
f 3075//2805 3447//3171 3446//3170
f 3075//2805 3446//3170 3078//2808
f 3078//2808 3446//3170 3444//3168
f 3078//2808 3444//3168 3443//3167
f 3078//2808 3443//3167 3077//2807
f 3077//2807 3443//3167 3207//2931
f 3207//2931 3209//2933 3077//2807
f 3077//2807 3209//2933 3076//2806
f 3076//2806 3209//2933 3214//2938
f 3076//2806 3214//2938 3012//2742
f 3012//2742 3214//2938 3014//2744
f 3111//2841 3014//2744 3214//2938
f 3111//2841 3214//2938 3569//3293
f 3569//3293 3214//2938 3213//2937
f 3213//2937 3210//2934 3429//3153
f 3213//2937 3429//3153 3569//3293
f 3569//3293 3429//3153 3082//2812
f 3207//2931 3443//3167 3442//3166
f 3207//2931 3442//3166 3210//2934
f 3429//3153 3210//2934 3441//3165
f 3441//3165 3210//2934 3442//3166
f 3379//3103 3571//3295 3188//2912
f 3572//3296 3573//3297 2970//2700
f 2970//2700 3573//3297 2971//2701
f 2971//2701 3573//3297 3574//3298
f 2971//2701 3574//3298 3322//3046
f 3322//3046 3574//3298 3411//3135
f 3574//3298 3572//3296 3411//3135
f 3411//3135 3572//3296 3290//3014
f 3290//3014 3572//3296 2970//2700
f 3317//3041 3410//3134 3291//3015
f 3150//2880 3149//2879 3317//3041
f 3317//3041 3149//2879 3410//3134
f 3410//3134 3149//2879 3092//2822
f 3358//3082 3312//3036 3150//2880
f 3312//3036 3311//3035 3150//2880
f 3150//2880 3311//3035 3091//2821
f 3091//2821 3311//3035 3292//3016
f 3312//3036 3358//3082 3313//3037
f 3313//3037 3358//3082 3147//2877
f 3147//2877 3094//2824 3409//3133
f 3307//3031 3294//3018 3148//2878
f 3307//3031 3148//2878 3180//2904
f 3307//3031 3180//2904 3308//3032
f 3294//3018 3093//2823 3148//2878
f 3407//3131 3293//3017 3309//3033
f 3407//3131 3309//3033 3575//3299
f 3575//3299 3309//3033 3308//3032
f 3575//3299 3576//3300 3391//3115
f 3575//3299 3391//3115 3407//3131
f 3407//3131 3391//3115 3096//2826
f 3096//2826 3391//3115 3390//3114
f 3389//3113 3576//3300 3216//2940
f 3408//3132 3220//2944 3219//2943
f 3577//3301 3222//2946 3578//3302
f 3578//3302 3222//2946 3220//2944
f 3095//2825 3578//3302 3408//3132
f 3408//3132 3578//3302 3220//2944
f 3389//3113 3216//2940 3222//2946
f 3389//3113 3222//2946 3390//3114
f 3390//3114 3222//2946 3096//2826
f 3096//2826 3222//2946 3577//3301
f 3219//2943 3571//3295 3381//3105
f 3219//2943 3381//3105 3408//3132
f 3408//3132 3381//3105 3380//3104
f 3379//3103 3306//3030 3380//3104
f 3380//3104 3306//3030 3305//3029
f 3408//3132 3380//3104 3305//3029
f 3295//3019 3408//3132 3305//3029
f 3306//3030 3379//3103 3188//2912
f 3145//2875 3144//2874 3187//2911
f 3306//3030 3144//2874 3296//3020
f 3296//3020 3144//2874 3099//2829
f 3145//2875 3187//2911 3097//2827
f 3145//2875 3097//2827 3098//2828
f 3366//3090 3303//3027 3581//3305
f 3581//3305 3303//3027 3302//3026
f 3142//2872 3579//3303 3366//3090
f 3366//3090 3579//3303 3100//2830
f 3366//3090 3100//2830 3303//3027
f 3303//3027 3100//2830 3298//3022
f 3101//2831 3142//2872 3321//3045
f 3321//3045 3142//2872 3366//3090
f 2971//2701 3327//3051 2969//2699
f 2969//2699 3327//3051 3580//3304
f 2971//2701 3322//3046 3327//3051
f 2969//2699 3316//3040 2968//2698
f 3316//3040 3315//3039 2968//2698
f 2968//2698 3315//3039 2970//2700
f 2970//2700 3315//3039 3290//3014
f 3358//3082 3570//3294 3181//2905
f 3358//3082 3181//2905 3147//2877
f 3179//2903 3178//2902 3504//3228
f 3504//3228 3178//2902 3570//3294
f 3180//2904 3179//2903 3404//3128
f 3147//2877 3409//3133 3313//3037
f 3581//3305 3188//2912 3362//3086
f 3186//2910 3581//3305 3302//3026
f 3186//2910 3302//3026 3297//3021
f 3362//3086 3366//3090 3581//3305
f 3364//3088 3363//3087 3188//2912
f 3188//2912 3363//3087 3362//3086
f 3582//3306 3365//3089 3364//3088
f 3582//3306 3364//3088 3188//2912
f 3366//3090 3367//3091 3202//2926
f 3202//2926 3367//3091 3582//3306
f 3582//3306 3367//3091 3365//3089
f 3570//3294 3358//3082 3504//3228
f 3504//3228 3358//3082 3357//3081
f 3150//2880 3359//3083 3358//3082
f 3150//2880 3361//3085 3359//3083
f 3504//3228 3356//3080 3583//3307
f 3583//3307 3356//3080 3360//3084
f 3582//3306 3584//3308 3585//3309
f 3582//3306 3585//3309 3587//3311
f 3582//3306 3587//3311 3583//3307
f 3583//3307 3587//3311 3586//3310
f 3584//3308 3582//3306 3500//3224
f 3500//3224 3582//3306 3188//2912
f 3500//3224 3188//2912 3501//3225
f 3586//3310 3504//3228 3583//3307
f 3179//2903 3504//3228 3503//3227
f 3179//2903 3503//3227 3502//3226
f 3179//2903 3502//3226 3188//2912
f 3188//2912 3502//3226 3501//3225
f 3216//2940 3576//3300 3404//3128
f 3188//2912 3219//2943 3216//2940
f 3188//2912 3216//2940 3588//3312
f 3179//2903 3588//3312 3404//3128
f 3188//2912 3588//3312 3179//2903
f 3150//2880 3203//2927 3583//3307
f 3150//2880 3583//3307 3361//3085
f 3361//3085 3583//3307 3360//3084
f 3317//3041 3204//2928 3203//2927
f 3317//3041 3203//2927 3150//2880
f 3317//3041 3316//3040 3204//2928
f 3204//2928 3316//3040 2969//2699
f 3204//2928 2969//2699 3205//2929
f 3205//2929 2969//2699 3580//3304
f 3202//2926 3205//2929 3580//3304
f 3583//3307 3203//2927 3202//2926
f 3583//3307 3202//2926 3582//3306
f 3097//2827 3187//2911 3297//3021
f 3297//3021 3187//2911 3186//2910
f 3188//2912 3187//2911 3306//3030
f 3306//3030 3187//2911 3144//2874
f 3575//3299 3308//3032 3180//2904
f 3575//3299 3180//2904 3404//3128
f 3180//2904 3148//2878 3147//2877
f 3180//2904 3147//2877 3181//2905
f 3188//2912 3571//3295 3219//2943
f 3576//3300 3575//3299 3404//3128
f 3356//3080 3504//3228 3357//3081
f 3580//3304 3321//3045 3366//3090
f 3580//3304 3366//3090 3202//2926
f 3333//3057 3332//3056 3054//2784
f 3054//2784 3332//3056 3056//2786
f 3112//2842 3353//3077 3080//2810
f 3353//3077 3112//2842 3355//3079
f 3333//3057 3354//3078 3355//3079
f 3333//3057 3355//3079 3591//3315
f 3591//3315 3355//3079 3112//2842
f 3591//3315 3112//2842 3113//2843
f 3055//2785 3057//2787 3331//3055
f 3055//2785 3331//3055 3052//2782
f 3052//2782 3331//3055 3591//3315
f 3080//2810 3081//2811 3112//2842
f 3591//3315 3113//2843 3052//2782
f 3329//3053 3328//3052 3080//2810
f 3080//2810 3328//3052 3083//2813
f 3352//3076 3351//3075 3330//3054
f 3330//3054 3351//3075 3047//2777
f 3330//3054 3047//2777 3590//3314
f 3329//3053 3080//2810 3353//3077
f 3329//3053 3353//3077 3330//3054
f 3330//3054 3353//3077 3352//3076
f 3191//2915 3592//3316 3047//2777
f 3047//2777 3592//3316 3590//3314
f 3590//3314 3592//3316 3189//2913
f 3569//3293 3083//2813 3590//3314
f 3569//3293 3590//3314 3189//2913
f 3110//2840 3189//2913 3190//2914
f 3189//2913 3110//2840 3569//3293
f 3569//3293 3110//2840 3111//2841
f 3593//3317 3075//2805 3079//2809
f 3190//2914 3343//3067 3342//3066
f 3342//3066 3109//2839 3110//2840
f 3077//2807 3076//2806 3109//2839
f 3341//3065 3079//2809 3077//2807
f 3341//3065 3077//2807 3342//3066
f 3342//3066 3077//2807 3109//2839
f 3594//3318 3382//3106 3190//2914
f 3190//2914 3382//3106 3075//2805
f 3190//2914 3075//2805 3343//3067
f 3343//3067 3075//2805 3593//3317
f 3075//2805 3382//3106 3383//3107
f 3594//3318 3218//2942 3384//3108
f 3075//2805 3383//3107 3384//3108
f 3221//2945 3075//2805 3218//2942
f 3218//2942 3075//2805 3384//3108
f 3221//2945 3107//2837 3075//2805
f 3223//2947 3108//2838 3221//2945
f 3221//2945 3108//2838 3107//2837
f 3075//2805 3107//2837 3106//2836
f 3072//2802 3223//2947 3215//2939
f 3070//2800 3108//2838 3223//2947
f 3070//2800 3223//2947 3072//2802
f 3074//2804 3072//2802 3393//3117
f 3595//3319 3215//2939 3596//3320
f 3215//2939 3595//3319 3392//3116
f 3215//2939 3392//3116 3072//2802
f 3072//2802 3392//3116 3393//3117
f 3074//2804 3393//3117 3394//3118
f 3595//3319 3596//3320 3394//3118
f 3183//2907 3340//3064 3339//3063
f 3338//3062 3597//3321 3074//2804
f 3074//2804 3597//3321 3073//2803
f 3074//2804 3394//3118 3596//3320
f 3074//2804 3596//3320 3338//3062
f 3183//2907 3339//3063 3596//3320
f 3596//3320 3339//3063 3338//3062
f 3183//2907 3104//2834 3340//3064
f 3073//2803 3340//3064 3071//2801
f 3071//2801 3340//3064 3104//2834
f 3071//2801 3104//2834 3069//2799
f 3068//2798 3589//3313 3066//2796
f 3599//3323 3598//3322 3589//3313
f 3599//3323 3589//3313 3183//2907
f 3183//2907 3589//3313 3068//2798
f 3599//3323 3336//3060 3598//3322
f 3064//2794 3066//2796 3337//3061
f 3064//2794 3337//3061 3336//3060
f 3336//3060 3103//2833 3064//2794
f 3064//2794 3103//2833 3155//2885
f 3336//3060 3102//2832 3103//2833
f 3063//2793 3060//2790 3102//2832
f 3063//2793 3102//2832 3062//2792
f 3062//2792 3102//2832 3336//3060
f 3062//2792 3336//3060 3600//3324
f 3335//3059 3059//2789 3061//2791
f 3334//3058 3601//3325 3347//3071
f 3601//3325 3600//3324 3349//3073
f 3349//3073 3600//3324 3336//3060
f 3349//3073 3336//3060 3348//3072
f 3601//3325 3349//3073 3347//3071
f 3335//3059 3334//3058 3059//2789
f 3059//2789 3334//3058 3347//3071
f 3347//3071 3196//2920 3197//2921
f 3059//2789 3197//2921 3602//3326
f 3115//2845 3602//3326 3114//2844
f 3054//2784 3053//2783 3114//2844
f 3602//3326 3115//2845 3059//2789
f 3059//2789 3115//2845 3058//2788
f 3114//2844 3602//3326 3054//2784
f 3054//2784 3602//3326 3196//2920
f 3347//3071 3197//2921 3059//2789
f 3354//3078 3333//3057 3054//2784
f 3354//3078 3054//2784 3196//2920
f 3049//2779 3048//2778 3354//3078
f 3354//3078 3048//2778 3047//2777
f 3354//3078 3196//2920 3347//3071
f 3354//3078 3347//3071 3049//2779
f 3347//3071 3051//2781 3050//2780
f 3347//3071 3050//2780 3049//2779
f 3191//2915 3047//2777 3604//3328
f 3191//2915 3604//3328 3603//3327
f 3605//3329 3182//2906 3596//3320
f 3596//3320 3182//2906 3183//2907
f 3065//2795 3105//2835 3068//2798
f 3068//2798 3105//2835 3183//2907
f 3047//2777 3351//3075 3350//3074
f 3051//2781 3345//3069 3599//3323
f 3599//3323 3345//3069 3344//3068
f 3599//3323 3344//3068 3336//3060
f 3336//3060 3344//3068 3348//3072
f 3051//2781 3346//3070 3345//3069
f 3347//3071 3346//3070 3051//2781
f 3399//3123 3596//3320 3215//2939
f 3399//3123 3398//3122 3605//3329
f 3605//3329 3398//3122 3603//3327
f 3191//2915 3217//2941 3218//2942
f 3047//2777 3350//3074 3354//3078
f 3191//2915 3218//2942 3594//3318
f 3191//2915 3594//3318 3190//2914
f 3110//2840 3190//2914 3342//3066
f 3217//2941 3191//2915 3603//3327
f 3217//2941 3603//3327 3398//3122
f 3399//3123 3605//3329 3596//3320
f 3603//3327 3051//2781 3605//3329
f 3605//3329 3051//2781 3599//3323
f 3104//2834 3183//2907 3105//2835
f 3574//3298 3158//2888 3156//2886
f 3574//3298 3156//2886 3572//3296
f 3572//3296 3156//2886 3573//3297
f 3573//3297 3156//2886 3157//2887
f 3573//3297 3157//2887 3574//3298
f 3574//3298 3157//2887 3158//2888
f 3082//2812 3429//3153 3430//3154
f 3082//2812 3430//3154 3080//2810
f 3080//2810 3430//3154 3431//3155
f 3080//2810 3431//3155 3081//2811
f 3081//2811 3431//3155 3008//2738
f 3010//2740 3008//2738 3052//2782
f 3052//2782 3008//2738 3431//3155
f 3052//2782 3431//3155 3055//2785
f 3055//2785 3431//3155 3432//3156
f 3055//2785 3432//3156 3056//2786
f 3056//2786 3432//3156 3433//3157
f 3056//2786 3433//3157 3434//3158
f 3056//2786 3434//3158 3054//2784
f 3054//2784 3434//3158 3053//2783
f 3053//2783 3434//3158 3606//3330
f 3053//2783 3606//3330 3004//2734
f 3005//2735 3004//2734 3058//2788
f 3058//2788 3004//2734 3606//3330
f 3058//2788 3606//3330 3059//2789
f 3059//2789 3606//3330 3436//3160
f 3437//3161 3061//2791 3436//3160
f 3436//3160 3061//2791 3059//2789
f 3437//3161 3063//2793 3061//2791
f 3440//3164 3063//2793 3437//3161
f 3440//3164 3060//2790 3063//2793
f 3024//2754 3025//2755 3439//3163
f 3439//3163 3025//2755 3060//2790
f 3439//3163 3060//2790 3440//3164
f 3155//2885 3024//2754 3439//3163
f 3155//2885 3439//3163 3064//2794
f 3064//2794 3439//3163 3438//3162
f 3064//2794 3438//3162 3452//3176
f 3064//2794 3452//3176 3067//2797
f 3299//3023 3261//2985 3268//2992
f 3246//2970 3324//3048 3318//3042
f 3000//2730 3401//3125 2999//2729
f 2999//2729 3401//3125 3402//3126
f 2999//2729 3402//3126 3403//3127
f 2999//2729 3403//3127 2998//2728
f 3539//3263 3051//2781 3538//3262
f 3538//3262 3051//2781 3536//3260
f 3536//3260 3051//2781 3535//3259
f 3535//3259 3051//2781 3603//3327
f 3535//3259 3603//3327 3533//3257
f 3533//3257 3603//3327 3531//3255
f 3531//3255 3603//3327 3604//3328
f 3531//3255 3604//3328 3530//3254
f 3530//3254 3604//3328 3529//3253
f 3529//3253 3604//3328 3527//3251
f 3527//3251 3604//3328 3047//2777
f 3527//3251 3047//2777 3526//3250
f 3493//3217 3330//3054 3590//3314
f 3493//3217 3590//3314 3495//3219
f 3495//3219 3590//3314 3083//2813
f 3495//3219 3083//2813 3496//3220
f 3490//3214 3333//3057 3486//3210
f 3486//3210 3333//3057 3591//3315
f 3486//3210 3591//3315 3487//3211
f 3487//3211 3591//3315 3331//3055
f 3482//3206 3062//2792 3600//3324
f 3482//3206 3600//3324 3484//3208
f 3484//3208 3600//3324 3601//3325
f 3484//3208 3601//3325 3479//3203
f 3479//3203 3601//3325 3334//3058
f 3471//3195 3066//2796 3589//3313
f 3471//3195 3589//3313 3473//3197
f 3473//3197 3589//3313 3598//3322
f 3473//3197 3598//3322 3474//3198
f 3474//3198 3598//3322 3336//3060
f 3465//3189 3340//3064 3467//3191
f 3467//3191 3340//3064 3073//2803
f 3467//3191 3073//2803 3468//3192
f 3468//3192 3073//2803 3597//3321
f 3468//3192 3597//3321 3470//3194
f 3470//3194 3597//3321 3338//3062
f 3461//3185 3343//3067 3463//3187
f 3463//3187 3343//3067 3593//3317
f 3463//3187 3593//3317 3457//3181
f 3457//3181 3593//3317 3079//2809
f 3457//3181 3079//2809 3459//3183
f 3459//3183 3079//2809 3341//3065
f 3265//2989 3262//2986 3260//2984
f 3458//3182 3559//3283 3462//3186
f 3462//3186 3559//3283 3564//3288
f 3469//3193 3557//3281 3560//3284
f 3469//3193 3560//3284 3466//3190
f 3466//3190 3560//3284 3561//3285
f 3472//3196 3555//3279 3553//3277
f 3472//3196 3553//3277 3477//3201
f 3478//3202 3552//3276 3483//3207
f 3483//3207 3552//3276 3550//3274
f 3483//3207 3550//3274 3480//3204
f 3485//3209 3549//3273 3567//3291
f 3485//3209 3567//3291 3491//3215
f 3491//3215 3567//3291 3548//3272
f 3494//3218 3547//3271 3545//3269
f 3494//3218 3545//3269 3492//3216
f 3525//3249 3422//3146 3528//3252
f 3528//3252 3422//3146 3507//3231
f 3528//3252 3507//3231 3508//3232
f 3528//3252 3508//3232 3509//3233
f 3528//3252 3509//3233 3532//3256
f 3532//3256 3509//3233 3510//3234
f 3532//3256 3510//3234 3511//3235
f 3532//3256 3511//3235 3534//3258
f 3534//3258 3511//3235 3512//3236
f 3534//3258 3512//3236 3513//3237
f 3534//3258 3513//3237 3537//3261
f 3537//3261 3513//3237 3514//3238
f 3537//3261 3514//3238 3515//3239
f 3537//3261 3515//3239 3412//3136
f 3428//3152 3504//3228 3586//3310
f 3428//3152 3586//3310 3516//3240
f 3516//3240 3586//3310 3587//3311
f 3516//3240 3587//3311 3517//3241
f 3517//3241 3587//3311 3585//3309
f 3517//3241 3585//3309 3505//3229
f 3505//3229 3585//3309 3584//3308
f 3505//3229 3584//3308 3506//3230
f 3506//3230 3584//3308 3500//3224
f 3506//3230 3500//3224 3423//3147
f 3452//3176 3456//3180 3451//3175
f 3451//3175 3456//3180 3563//3287
f 3451//3175 3563//3287 3450//3174
f 3450//3174 3563//3287 3229//2953
f 3450//3174 3229//2953 3448//3172
f 3448//3172 3229//2953 3562//3286
f 3448//3172 3562//3286 3449//3173
f 3449//3173 3562//3286 3445//3169
f 3445//3169 3562//3286 3239//2963
f 3445//3169 3239//2963 3240//2964
f 3445//3169 3240//2964 3447//3171
f 3447//3171 3240//2964 3446//3170
f 3446//3170 3240//2964 3241//2965
f 3446//3170 3241//2965 3444//3168
f 3444//3168 3241//2965 3245//2969
f 3444//3168 3245//2969 3443//3167
f 3443//3167 3245//2969 3565//3289
f 3443//3167 3565//3289 3442//3166
f 3442//3166 3565//3289 3566//3290
f 3442//3166 3566//3290 3441//3165
f 3441//3165 3566//3290 3256//2980
f 3441//3165 3256//2980 3429//3153
f 3429//3153 3256//2980 3453//3177
f 3436//3160 3606//3330 3435//3159
f 3274//2998 3239//2963 3236//2960
f 3274//2998 3236//2960 3278//3002
f 3000//2730 3404//3128 3588//3312
f 3000//2730 3588//3312 3405//3129
f 3405//3129 3588//3312 3406//3130
f 3406//3130 3588//3312 3216//2940
f 3406//3130 3216//2940 2998//2728
f 3402//3126 3399//3123 3403//3127
f 3403//3127 3399//3123 3215//2939
f 3403//3127 3215//2939 3217//2941
f 3394//3118 3032//2762 3395//3119
f 3394//3118 3395//3119 3595//3319
f 3595//3319 3395//3119 3397//3121
f 3595//3319 3397//3121 3035//2765
f 3595//3319 3035//2765 3392//3116
f 3087//2817 3391//3115 3576//3300
f 3087//2817 3576//3300 3388//3112
f 3388//3112 3576//3300 3389//3113
f 3388//3112 3389//3113 3084//2814
f 3384//3108 3036//2766 3385//3109
f 3384//3108 3385//3109 3594//3318
f 3594//3318 3385//3109 3387//3111
f 3594//3318 3387//3111 3039//2769
f 3594//3318 3039//2769 3382//3106
f 3090//2820 3381//3105 3571//3295
f 3090//2820 3571//3295 3377//3101
f 3377//3101 3571//3295 3378//3102
f 3378//3102 3571//3295 3379//3103
f 3378//3102 3379//3103 3088//2818
f 3376//3100 3375//3099 3396//3120
f 3376//3100 3396//3120 3372//3096
f 3372//3096 3396//3120 3373//3097
f 3607//3331 3368//3092 3370//3094
f 3370//3094 3371//3095 3607//3331
f 3607//3331 3371//3095 3386//3110
f 3607//3331 3386//3110 3368//3092
f 3320//3044 3321//3045 3325//3049
f 3325//3049 3321//3045 3580//3304
f 3325//3049 3580//3304 3326//3050
f 3326//3050 3580//3304 3327//3051
f 3326//3050 3327//3051 3323//3047
f 3323//3047 3327//3051 3319//3043
f 3273//2997 3295//3019 3305//3029
f 3273//2997 3305//3029 3270//2994
f 3268//2992 3297//3021 3302//3026
f 3268//2992 3302//3026 3301//3025
f 3301//3025 3302//3026 3264//2988
f 3197//2921 3044//2774 3195//2919
f 3197//2921 3195//2919 3602//3326
f 3602//3326 3195//2919 3194//2918
f 3602//3326 3194//2918 3046//2776
f 3602//3326 3046//2776 3196//2920
f 3191//2915 3028//2758 3192//2916
f 3191//2915 3192//2916 3592//3316
f 3592//3316 3192//2916 3031//2761
f 3592//3316 3031//2761 3189//2913
f 2997//2727 3188//2912 3581//3305
f 2997//2727 3581//3305 3185//2909
f 3185//2909 3581//3305 3186//2910
f 3185//2909 3186//2910 2994//2724
f 3183//2907 3040//2770 3184//2908
f 3183//2907 3184//2908 3599//3323
f 3599//3323 3184//2908 3043//2773
f 3599//3323 3043//2773 3605//3329
f 2993//2723 3181//2905 3177//2901
f 3177//2901 3181//2905 3570//3294
f 3177//2901 3570//3294 3176//2900
f 3176//2900 3570//3294 3178//2902
f 3176//2900 3178//2902 2991//2721
f 3172//2896 3608//3332 3171//2895
f 3174//2898 3608//3332 3172//2896
f 3174//2898 3175//2899 3608//3332
f 3608//3332 3175//2899 3044//2774
f 3608//3332 3044//2774 3171//2895
f 3171//2895 3044//2774 3193//2917
f 3165//2889 3169//2893 3609//3333
f 3169//2893 3170//2894 3609//3333
f 3609//3333 3170//2894 3166//2890
f 3609//3333 3166//2890 3165//2889
f 3159//2889 3163//2893 3610//3333
f 3163//2893 3164//2894 3610//3333
f 3610//3333 3164//2894 3160//2890
f 3610//3333 3160//2890 3159//2889
f 3096//2826 3577//3301 3001//2731
f 3001//2731 3577//3301 3146//2876
f 3146//2876 3577//3301 3578//3302
f 3146//2876 3578//3302 3002//2732
f 2983//2713 3099//2829 3144//2874
f 2983//2713 3144//2874 2984//2714
f 2980//2710 3100//2830 3579//3303
f 2980//2710 3579//3303 3143//2873
f 3143//2873 3579//3303 3142//2872
f 3143//2873 3142//2872 2981//2711
f 3140//2870 3611//3334 3136//2866
f 3140//2870 3141//2871 3611//3334
f 3611//3334 3141//2871 3137//2867
f 3611//3334 3137//2867 3136//2866
f 3135//2865 3612//3335 3131//2861
f 3133//2863 3134//2864 3135//2865
f 3135//2865 3134//2864 3612//3335
f 3612//3335 3134//2864 3154//2884
f 3612//3335 3154//2884 3131//2861
f 3128//2858 3613//3336 3130//2860
f 3128//2858 3129//2859 3613//3336
f 3613//3336 3129//2859 3153//2883
f 3613//3336 3153//2883 3130//2860
f 3130//2860 3153//2883 3126//2856
f 3126//2856 3153//2883 3127//2857
f 3123//2853 3125//2855 3614//3337
f 3123//2853 3614//3337 3121//2851
f 3125//2855 3124//2854 3614//3337
f 3614//3337 3124//2854 3152//2882
f 3614//3337 3152//2882 3121//2851
f 3121//2851 3152//2882 3122//2852
f 3615//3338 3116//2846 3120//2850
f 3120//2850 3119//2849 3151//2881
f 3120//2850 3151//2881 3615//3338
f 3615//3338 3151//2881 3116//2846
f 3116//2846 3151//2881 3117//2847
f 3082//2812 3083//2813 3569//3293
f 3616//3339 3422//3146 3617//3340
f 3617//3340 3507//3231 3618//3341
f 3618//3341 3508//3232 3619//3342
f 3619//3342 3509//3233 3620//3343
f 3620//3343 3510//3234 3512//3236
f 3621//3344 3513//3237 3622//3345
f 3622//3345 3514//3238 3623//3346
f 3623//3346 3515//3239 3624//3347
f 3632//3355 3633//3356 3540//3264
f 3543//3267 3634//3357 3635//3358
f 3518//3242 3635//3358 3636//3359
f 3636//3359 3637//3360 3520//3244
f 3637//3360 3638//3361 3521//3245
f 3638//3361 3639//3362 3523//3247
f 3639//3362 3640//3363 3524//3248
f 3641//3364 3526//3250 3640//3363
f 3625//3348 3641//3364 3640//3363
f 3625//3348 3640//3363 3626//3349
f 3626//3349 3640//3363 3639//3362
f 3626//3349 3639//3362 3627//3350
f 3627//3350 3639//3362 3638//3361
f 3627//3350 3638//3361 3628//3351
f 3628//3351 3638//3361 3637//3360
f 3628//3351 3637//3360 3635//3358
f 3628//3351 3635//3358 3629//3352
f 3629//3352 3635//3358 3634//3357
f 3629//3352 3634//3357 3630//3353
f 3630//3353 3634//3357 3542//3266
f 3630//3353 3542//3266 3631//3354
f 3631//3354 3542//3266 3633//3356
f 3631//3354 3633//3356 3632//3355
f 3422//3146 3648//3371 3617//3340
f 3617//3340 3648//3371 3647//3370
f 3617//3340 3647//3370 3507//3231
f 3507//3231 3647//3370 3618//3341
f 3618//3341 3647//3370 3508//3232
f 3508//3232 3647//3370 3619//3342
f 3619//3342 3647//3370 3646//3369
f 3619//3342 3646//3369 3509//3233
f 3509//3233 3646//3369 3620//3343
f 3620//3343 3646//3369 3510//3234
f 3510//3234 3646//3369 3512//3236
f 3512//3236 3646//3369 3645//3368
f 3512//3236 3645//3368 3644//3367
f 3512//3236 3644//3367 3621//3344
f 3621//3344 3644//3367 3513//3237
f 3513//3237 3644//3367 3622//3345
f 3622//3345 3644//3367 3514//3238
f 3514//3238 3644//3367 3623//3346
f 3623//3346 3644//3367 3643//3366
f 3623//3346 3643//3366 3515//3239
f 3515//3239 3643//3366 3624//3347
f 3624//3347 3643//3366 3412//3136
f 3634//3357 3649//3372 3542//3266
f 3542//3266 3649//3372 3633//3356
f 3633//3356 3649//3372 3540//3264
f 3540//3264 3649//3372 3642//3365
f 3540//3264 3642//3365 3632//3355
f 3632//3355 3642//3365 3539//3263
f 3539//3263 3642//3365 3650//3373
f 3650//3373 3642//3365 3643//3366
f 3650//3373 3643//3366 3538//3262
f 3538//3262 3643//3366 3651//3374
f 3651//3374 3643//3366 3644//3367
f 3651//3374 3644//3367 3536//3260
f 3523//3247 3652//3375 3638//3361
f 3638//3361 3652//3375 3521//3245
f 3521//3245 3652//3375 3653//3376
f 3521//3245 3653//3376 3637//3360
f 3637//3360 3653//3376 3520//3244
f 3520//3244 3653//3376 3654//3377
f 3520//3244 3654//3377 3636//3359
f 3636//3359 3654//3377 3518//3242
f 3518//3242 3654//3377 3655//3378
f 3518//3242 3655//3378 3635//3358
f 3635//3358 3655//3378 3543//3267
f 3543//3267 3655//3378 3649//3372
f 3543//3267 3649//3372 3634//3357
f 3656//3379 3646//3369 3529//3253
f 3529//3253 3646//3369 3647//3370
f 3529//3253 3647//3370 3657//3380
f 3657//3380 3647//3370 3527//3251
f 3527//3251 3647//3370 3648//3371
f 3527//3251 3648//3371 3641//3364
f 3641//3364 3648//3371 3526//3250
f 3526//3250 3648//3371 3640//3363
f 3640//3363 3648//3371 3524//3248
f 3524//3248 3648//3371 3639//3362
f 3639//3362 3648//3371 3523//3247
f 3523//3247 3648//3371 3652//3375
f 3536//3260 3644//3367 3658//3381
f 3658//3381 3644//3367 3535//3259
f 3535//3259 3644//3367 3645//3368
f 3535//3259 3645//3368 3659//3382
f 3659//3382 3645//3368 3533//3257
f 3533//3257 3645//3368 3660//3383
f 3660//3383 3645//3368 3646//3369
f 3660//3383 3646//3369 3531//3255
f 3531//3255 3646//3369 3661//3384
f 3661//3384 3646//3369 3530//3254
f 3530//3254 3646//3369 3656//3379
f 3627//3350 3662//3385 3663//3386
f 3627//3350 3663//3386 3626//3349
f 3626//3349 3663//3386 3616//3339
f 3626//3349 3616//3339 3625//3348
f 3625//3348 3616//3339 3617//3340
f 3625//3348 3617//3340 3664//3387
f 3664//3387 3617//3340 3618//3341
f 3630//3353 3665//3388 3629//3352
f 3629//3352 3665//3388 3666//3389
f 3629//3352 3666//3389 3628//3351
f 3628//3351 3666//3389 3667//3390
f 3628//3351 3667//3390 3668//3391
f 3628//3351 3668//3391 3627//3350
f 3627//3350 3668//3391 3669//3392
f 3627//3350 3669//3392 3662//3385
f 3670//3393 3622//3345 3623//3346
f 3670//3393 3623//3346 3671//3394
f 3671//3394 3623//3346 3624//3347
f 3671//3394 3624//3347 3631//3354
f 3631//3354 3624//3347 3672//3395
f 3631//3354 3672//3395 3630//3353
f 3630//3353 3672//3395 3673//3396
f 3630//3353 3673//3396 3665//3388
f 3664//3387 3618//3341 3619//3342
f 3664//3387 3619//3342 3674//3397
f 3674//3397 3619//3342 3620//3343
f 3674//3397 3620//3343 3675//3398
f 3675//3398 3620//3343 3512//3236
f 3675//3398 3512//3236 3670//3393
f 3670//3393 3512//3236 3621//3344
f 3670//3393 3621//3344 3622//3345
f 3412//3136 3643//3366 3642//3365
f 3412//3136 3642//3365 3672//3395
f 3672//3395 3642//3365 3413//3137
f 3413//3137 3642//3365 3673//3396
f 3673//3396 3642//3365 3649//3372
f 3673//3396 3649//3372 3414//3138
f 3414//3138 3649//3372 3665//3388
f 3665//3388 3649//3372 3415//3139
f 3415//3139 3649//3372 3666//3389
f 3666//3389 3649//3372 3655//3378
f 3666//3389 3655//3378 3416//3140
f 3416//3140 3655//3378 3667//3390
f 3667//3390 3655//3378 3417//3141
f 3417//3141 3655//3378 3653//3376
f 3417//3141 3653//3376 3668//3391
f 3668//3391 3653//3376 3418//3142
f 3418//3142 3653//3376 3669//3392
f 3669//3392 3653//3376 3652//3375
f 3669//3392 3652//3375 3419//3143
f 3419//3143 3652//3375 3662//3385
f 3662//3385 3652//3375 3420//3144
f 3420//3144 3652//3375 3663//3386
f 3663//3386 3652//3375 3648//3371
f 3663//3386 3648//3371 3421//3145
f 3421//3145 3648//3371 3616//3339
f 3616//3339 3648//3371 3422//3146
f 3631//3354 3632//3355 3650//3373
f 3631//3354 3650//3373 3671//3394
f 3671//3394 3650//3373 3651//3374
f 3671//3394 3651//3374 3670//3393
f 3670//3393 3651//3374 3658//3381
f 3670//3393 3658//3381 3675//3398
f 3675//3398 3658//3381 3659//3382
f 3675//3398 3659//3382 3660//3383
f 3675//3398 3660//3383 3674//3397
f 3674//3397 3660//3383 3661//3384
f 3674//3397 3661//3384 3656//3379
f 3674//3397 3656//3379 3664//3387
f 3664//3387 3656//3379 3529//3253
f 3664//3387 3529//3253 3625//3348
f 3625//3348 3529//3253 3657//3380
f 3625//3348 3657//3380 3641//3364
f 3641//3364 3657//3380 3527//3251
f 3530//3254 3656//3379 3661//3384
f 3661//3384 3660//3383 3531//3255
f 3660//3383 3659//3382 3533//3257
f 3659//3382 3658//3381 3535//3259
f 3658//3381 3651//3374 3536//3260
f 3651//3374 3650//3373 3538//3262
f 3632//3355 3539//3263 3650//3373
f 3624//3347 3412//3136 3672//3395
f 3672//3395 3413//3137 3673//3396
f 3673//3396 3414//3138 3665//3388
f 3665//3388 3415//3139 3666//3389
f 3666//3389 3416//3140 3667//3390
f 3667//3390 3417//3141 3668//3391
f 3668//3391 3418//3142 3669//3392
f 3669//3392 3419//3143 3662//3385
f 3662//3385 3420//3144 3663//3386
f 3663//3386 3421//3145 3616//3339
f 3676//3399 3677//3400 3678//3401
f 3678//3401 3677//3400 3679//3402
f 3678//3401 3679//3402 3680//3403
f 3680//3403 3679//3402 3681//3404
f 3680//3403 3681//3404 3682//3405
f 3680//3403 3682//3405 3683//3406
f 3683//3406 3682//3405 3684//3407
f 3684//3407 3682//3405 3685//3408
f 3684//3407 3685//3408 3686//3409
f 3686//3409 3685//3408 3687//3410
f 3687//3410 3685//3408 3688//3411
f 3687//3410 3688//3411 3689//3412
f 3689//3412 3688//3411 3690//3413
f 3689//3412 3690//3413 3691//3414
f 3691//3414 3690//3413 3692//3415
f 3692//3415 3690//3413 3693//3416
f 3693//3416 3690//3413 3694//3417
f 3693//3416 3694//3417 3695//3418
f 3695//3418 3694//3417 3696//3419
f 3695//3418 3696//3419 3697//3420
f 3695//3418 3697//3420 3698//3421
f 3698//3421 3697//3420 3699//3422
f 3699//3422 3697//3420 3700//3423
f 3699//3422 3700//3423 3701//3424
f 3701//3424 3700//3423 3702//3425
f 3701//3424 3702//3425 3703//3426
f 3703//3426 3702//3425 3704//3427
f 3703//3426 3704//3427 3705//3428
f 3709//3432 3707//3430 3773//3496
f 3705//3428 3712//3435 3711//3434
f 3705//3428 3713//3436 3712//3435
f 3697//3420 3714//3437 3700//3423
f 3697//3420 3715//3438 3714//3437
f 3696//3419 3715//3438 3697//3420
f 3716//3439 3694//3417 3690//3413
f 3716//3439 3690//3413 3717//3440
f 3717//3440 3690//3413 3718//3441
f 3719//3442 3721//3444 3680//3403
f 3680//3403 3721//3444 3678//3401
f 3683//3406 3722//3445 3680//3403
f 3680//3403 3722//3445 3723//3446
f 3680//3403 3723//3446 3719//3442
f 3686//3409 3687//3410 3725//3448
f 3691//3414 3726//3449 3689//3412
f 3689//3412 3727//3450 3687//3410
f 3692//3415 3728//3451 3691//3414
f 3691//3414 3728//3451 3726//3449
f 3695//3418 3729//3452 3693//3416
f 3693//3416 3729//3452 3730//3453
f 3693//3416 3730//3453 3692//3415
f 3692//3415 3731//3454 3728//3451
f 3695//3418 3732//3455 3733//3456
f 3695//3418 3733//3456 3734//3457
f 3695//3418 3734//3457 3729//3452
f 3698//3421 3735//3458 3736//3459
f 3698//3421 3736//3459 3695//3418
f 3695//3418 3736//3459 3732//3455
f 3699//3422 3701//3424 3737//3460
f 3703//3426 3738//3461 3739//3462
f 3703//3426 3739//3462 3701//3424
f 3738//3461 3703//3426 3740//3463
f 3740//3463 3703//3426 3741//3464
f 3741//3464 3703//3426 3742//3465
f 3764//3487 3765//3488 3677//3400
f 3677//3400 3765//3488 3763//3486
f 3677//3400 3763//3486 3766//3489
f 3784//3507 3716//3439 3785//3508
f 3785//3508 3716//3439 3899//3622
f 3785//3508 3899//3622 3782//3505
f 3694//3417 3786//3509 3787//3510
f 3787//3510 3786//3509 3782//3505
f 3716//3439 3784//3507 3694//3417
f 3694//3417 3784//3507 3786//3509
f 3694//3417 3792//3515 3789//3512
f 3694//3417 3789//3512 3696//3419
f 3788//3511 3696//3419 3789//3512
f 3788//3511 3789//3512 3790//3513
f 3715//3438 3793//3516 3779//3502
f 3779//3502 3793//3516 3780//3503
f 3780//3503 3788//3511 3747//3470
f 3747//3470 3788//3511 3790//3513
f 3747//3470 3790//3513 3791//3514
f 3781//3504 3790//3513 3792//3515
f 3781//3504 3792//3515 3694//3417
f 3696//3419 3793//3516 3715//3438
f 3794//3517 3714//3437 3795//3518
f 3796//3519 3700//3423 3778//3501
f 3796//3519 3702//3425 3700//3423
f 3797//3520 3798//3521 3799//3522
f 3797//3520 3756//3479 3801//3524
f 3799//3522 3798//3521 3702//3425
f 3800//3523 3802//3525 3801//3524
f 3801//3524 3802//3525 3797//3520
f 3797//3520 3802//3525 3798//3521
f 3702//3425 3800//3523 3704//3427
f 3800//3523 3801//3524 3704//3427
f 3705//3428 3704//3427 3756//3479
f 3705//3428 3756//3479 3755//3478
f 3705//3428 3755//3478 3803//3526
f 3705//3428 3803//3526 3804//3527
f 3705//3428 3804//3527 3713//3436
f 3806//3529 3807//3530 3777//3500
f 3806//3529 3777//3500 3776//3499
f 3776//3499 3711//3434 3712//3435
f 3807//3530 3806//3529 3712//3435
f 3777//3500 3711//3434 3776//3499
f 3808//3531 3711//3434 3809//3532
f 3809//3532 3711//3434 3775//3498
f 3711//3434 3810//3533 3706//3429
f 3811//3534 3810//3533 3711//3434
f 3811//3534 3711//3434 3808//3531
f 3813//3536 3814//3537 3749//3472
f 3710//3433 3706//3429 3815//3538
f 3710//3433 3813//3536 3774//3497
f 3710//3433 3816//3539 3813//3536
f 3710//3433 3774//3497 3707//3430
f 3774//3497 3817//3540 3707//3430
f 3818//3541 3773//3496 3819//3542
f 3820//3543 3707//3430 3817//3540
f 3818//3541 3819//3542 3817//3540
f 3817//3540 3819//3542 3820//3543
f 3820//3543 3773//3496 3707//3430
f 3773//3496 3892//3615 3709//3432
f 3821//3544 3708//3431 3709//3432
f 3772//3495 3708//3431 3821//3544
f 3772//3495 3771//3494 3708//3431
f 3823//3546 3826//3549 3822//3545
f 3822//3545 3826//3549 3771//3494
f 3771//3494 3826//3549 3824//3547
f 3824//3547 3826//3549 3825//3548
f 3823//3546 3822//3545 3894//3617
f 3822//3545 3828//3551 3894//3617
f 3894//3617 3828//3551 3772//3495
f 3772//3495 3828//3551 3771//3494
f 3825//3548 3829//3552 3824//3547
f 3824//3547 3829//3552 3768//3491
f 3830//3553 3768//3491 3831//3554
f 3769//3492 3831//3554 3768//3491
f 3830//3553 3751//3474 3832//3555
f 3832//3555 3833//3556 3834//3557
f 3833//3556 3835//3558 3750//3473
f 3750//3473 3835//3558 3751//3474
f 3834//3557 3833//3556 3836//3559
f 3836//3559 3833//3556 3750//3473
f 3836//3559 3750//3473 3837//3560
f 3838//3561 3836//3559 3895//3618
f 3767//3490 3832//3555 3838//3561
f 3767//3490 3838//3561 3895//3618
f 3832//3555 3834//3557 3838//3561
f 3895//3618 3839//3562 3767//3490
f 3767//3490 3839//3562 3840//3563
f 3841//3564 3842//3565 3754//3477
f 3841//3564 3840//3563 3752//3475
f 3754//3477 3842//3565 3837//3560
f 3842//3565 3843//3566 3837//3560
f 3837//3560 3843//3566 3752//3475
f 3752//3475 3843//3566 3841//3564
f 3840//3563 3841//3564 3754//3477
f 3765//3488 3764//3487 3844//3567
f 3753//3476 3846//3569 3847//3570
f 3847//3570 3846//3569 3848//3571
f 3847//3570 3848//3571 3845//3568
f 3845//3568 3848//3571 3679//3402
f 3845//3568 3679//3402 3766//3489
f 3846//3569 3753//3476 3679//3402
f 3679//3402 3753//3476 3849//3572
f 3679//3402 3849//3572 3681//3404
f 3850//3573 3681//3404 3762//3485
f 3850//3573 3762//3485 3881//3604
f 3851//3574 3852//3575 3853//3576
f 3853//3576 3852//3575 3681//3404
f 3743//3466 3854//3577 3855//3578
f 3681//3404 3852//3575 3854//3577
f 3854//3577 3852//3575 3855//3578
f 3851//3574 3853//3576 3905//3628
f 3743//3466 3855//3578 3905//3628
f 3905//3628 3855//3578 3851//3574
f 3761//3484 3856//3579 3854//3577
f 3854//3577 3856//3579 3759//3482
f 3760//3483 3759//3482 3857//3580
f 3760//3483 3857//3580 3746//3469
f 3685//3408 3758//3481 3757//3480
f 3858//3581 3688//3411 3757//3480
f 3757//3480 3688//3411 3685//3408
f 3718//3441 3859//3582 3860//3583
f 3861//3584 3862//3585 3860//3583
f 3861//3584 3860//3583 3859//3582
f 3861//3584 3859//3582 3863//3586
f 3862//3585 3861//3584 3864//3587
f 3862//3585 3864//3587 3688//3411
f 3688//3411 3864//3587 3718//3441
f 3865//3588 3864//3587 3863//3586
f 3864//3587 3865//3588 3718//3441
f 3709//3432 3866//3589 3821//3544
f 3867//3590 3887//3610 3803//3526
f 3887//3610 3867//3590 3797//3520
f 3797//3520 3867//3590 3868//3591
f 3797//3520 3868//3591 3756//3479
f 3756//3479 3868//3591 3755//3478
f 3717//3440 3870//3593 3869//3592
f 3871//3594 3718//3441 3860//3583
f 3871//3594 3860//3583 3869//3592
f 3871//3594 3872//3595 3718//3441
f 3718//3441 3872//3595 3717//3440
f 3717//3440 3872//3595 3870//3593
f 3873//3596 3765//3488 3874//3597
f 3873//3596 3874//3597 3875//3598
f 3875//3598 3874//3597 3847//3570
f 3765//3488 3875//3598 3763//3486
f 3763//3486 3875//3598 3847//3570
f 3831//3554 3876//3599 3830//3553
f 3876//3599 3877//3600 3750//3473
f 3769//3492 3877//3600 3831//3554
f 3878//3601 3768//3491 3770//3493
f 3878//3601 3770//3493 3879//3602
f 3768//3491 3878//3601 3769//3492
f 3877//3600 3769//3492 3880//3603
f 3877//3600 3880//3603 3912//3635
f 3912//3635 3880//3603 3879//3602
f 3765//3488 3844//3567 3874//3597
f 3874//3597 3754//3477 3837//3560
f 3853//3576 3881//3604 3905//3628
f 3681//3404 3850//3573 3853//3576
f 3882//3605 3746//3469 3758//3481
f 3746//3469 3882//3605 3760//3483
f 3759//3482 3760//3483 3685//3408
f 3685//3408 3760//3483 3758//3481
f 3883//3606 3899//3622 3716//3439
f 3899//3622 3883//3606 3869//3592
f 3869//3592 3883//3606 3783//3506
f 3869//3592 3783//3506 3717//3440
f 3778//3501 3884//3607 3885//3608
f 3885//3608 3884//3607 3794//3517
f 3714//3437 3794//3517 3700//3423
f 3794//3517 3795//3518 3885//3608
f 3747//3470 3885//3608 3886//3609
f 3805//3528 3807//3530 3712//3435
f 3805//3528 3712//3435 3713//3436
f 3805//3528 3887//3610 3807//3530
f 3803//3526 3887//3610 3804//3527
f 3812//3535 3706//3429 3810//3533
f 3748//3471 3888//3611 3889//3612
f 3889//3612 3888//3611 3810//3533
f 3889//3612 3810//3533 3811//3534
f 3889//3612 3811//3534 3809//3532
f 3710//3433 3815//3538 3816//3539
f 3816//3539 3815//3538 3814//3537
f 3814//3537 3815//3538 3890//3613
f 3814//3537 3890//3613 3749//3472
f 3749//3472 3890//3613 3748//3471
f 3748//3471 3890//3613 3745//3468
f 3818//3541 3866//3589 3891//3614
f 3818//3541 3891//3614 3892//3615
f 3818//3541 3892//3615 3773//3496
f 3709//3432 3891//3614 3866//3589
f 3768//3491 3829//3552 3770//3493
f 3879//3602 3770//3493 3893//3616
f 3893//3616 3825//3548 3894//3617
f 3840//3563 3839//3562 3752//3475
f 3837//3560 3752//3475 3895//3618
f 3837//3560 3895//3618 3836//3559
f 3681//3404 3849//3572 3762//3485
f 3881//3604 3762//3485 3896//3619
f 3896//3619 3762//3485 3753//3476
f 3688//3411 3858//3581 3862//3585
f 3897//3620 3862//3585 3758//3481
f 3758//3481 3862//3585 3757//3480
f 3899//3622 3898//3621 3787//3510
f 3787//3510 3781//3504 3694//3417
f 3790//3513 3781//3504 3898//3621
f 3796//3519 3778//3501 3900//3623
f 3702//3425 3796//3519 3799//3522
f 3799//3522 3900//3623 3904//3627
f 3904//3627 3900//3623 3778//3501
f 3777//3500 3775//3498 3711//3434
f 3809//3532 3775//3498 3901//3624
f 3809//3532 3901//3624 3902//3625
f 3817//3540 3903//3626 3749//3472
f 3749//3472 3903//3626 3813//3536
f 3813//3536 3903//3626 3774//3497
f 3894//3617 3825//3548 3827//3550
f 3894//3617 3827//3550 3823//3546
f 3894//3617 3772//3495 3866//3589
f 3894//3617 3866//3589 3818//3541
f 3817//3540 3749//3472 3818//3541
f 3889//3612 3809//3532 3902//3625
f 3902//3625 3901//3624 3777//3500
f 3902//3625 3777//3500 3807//3530
f 3807//3530 3887//3610 3797//3520
f 3904//3627 3797//3520 3799//3522
f 3904//3627 3778//3501 3885//3608
f 3904//3627 3885//3608 3747//3470
f 3790//3513 3898//3621 3899//3622
f 3790//3513 3899//3622 3791//3514
f 3787//3510 3782//3505 3899//3622
f 3899//3622 3869//3592 3860//3583
f 3860//3583 3862//3585 3897//3620
f 3897//3620 3758//3481 3746//3469
f 3857//3580 3761//3484 3746//3469
f 3746//3469 3761//3484 3905//3628
f 3896//3619 3905//3628 3881//3604
f 3896//3619 3753//3476 3847//3570
f 3896//3619 3847//3570 3874//3597
f 3896//3619 3874//3597 3837//3560
f 3745//3468 3744//3467 3906//3629
f 3745//3468 3906//3629 3748//3471
f 3748//3471 3906//3629 3812//3535
f 3748//3471 3812//3535 3888//3611
f 3706//3429 3744//3467 3745//3468
f 3706//3429 3745//3468 3815//3538
f 3906//3629 3907//3630 3812//3535
f 3812//3535 3907//3630 3706//3429
f 3706//3429 3907//3630 3744//3467
f 3747//3470 3908//3631 3779//3502
f 3747//3470 3779//3502 3780//3503
f 3715//3438 3779//3502 3910//3633
f 3910//3633 3909//3632 3715//3438
f 3715//3438 3909//3632 3886//3609
f 3715//3438 3886//3609 3714//3437
f 3886//3609 3909//3632 3747//3470
f 3747//3470 3909//3632 3908//3631
f 3911//3634 3913//3636 3876//3599
f 3750//3473 3911//3634 3876//3599
f 3912//3635 3750//3473 3877//3600
f 3912//3635 3879//3602 3894//3617
f 3894//3617 3879//3602 3893//3616
f 3913//3636 3830//3553 3876//3599
f 3913//3636 3914//3637 3830//3553
f 3830//3553 3914//3637 3751//3474
f 3751//3474 3914//3637 3750//3473
f 3750//3473 3914//3637 3911//3634
f 3916//3639 3743//3466 3905//3628
f 3854//3577 3743//3466 3915//3638
f 3761//3484 3854//3577 3915//3638
f 3761//3484 3915//3638 3916//3639
f 3761//3484 3916//3639 3905//3628
f 3924//3647 3925//3648 3926//3649
f 3927//3650 3928//3651 3929//3652
f 3932//3655 3933//3656 3934//3657
f 3936//3659 3937//3660 3938//3661
f 3939//3662 4038//3760 3940//3663
f 3940//3663 4038//3760 3941//3664
f 3940//3663 3941//3664 3942//3665
f 3946//3669 4086//3808 3947//3670
f 3687//3410 3949//3672 3725//3448
f 3701//3424 3960//3682 3737//3460
f 3951//3674 3952//3299 3742//3465
f 3742//3465 3952//3299 3953//3675
f 3742//3465 3953//3675 3741//3464
f 3953//3675 3954//3676 3741//3464
f 3741//3464 3954//3676 3955//3677
f 3740//3463 3957//3679 3956//3678
f 3738//3461 3958//3680 3739//3462
f 3739//3462 3958//3680 3959//3681
f 3739//3462 3959//3681 3701//3424
f 3737//3460 3960//3682 3699//3422
f 3961//3683 3699//3422 3960//3682
f 3918//3641 3919//3642 3962//3684
f 3962//3684 3919//3642 3964//3686
f 3964//3686 3699//3422 3961//3683
f 3964//3686 3961//3683 3963//3685
f 3964//3686 3963//3685 3962//3684
f 3950//3673 3732//3455 3965//3687
f 3966//3688 3729//3452 3967//3689
f 3967//3689 3729//3452 3734//3457
f 3967//3689 3734//3457 3968//3690
f 3968//3690 3734//3457 3733//3456
f 3968//3690 3733//3456 3969//3691
f 3729//3452 3970//3692 3973//3695
f 3729//3452 3973//3695 3730//3453
f 3970//3692 3729//3452 3971//3693
f 3973//3695 3972//3694 3730//3453
f 3974//3696 3975//3697 3971//3693
f 3971//3693 3975//3697 3970//3692
f 3931//3654 3976//3698 3974//3696
f 3974//3696 3976//3698 3975//3697
f 3975//3697 3976//3698 3972//3694
f 3972//3694 3973//3695 3975//3697
f 3972//3694 3692//3415 3730//3453
f 3692//3415 3931//3654 3930//3653
f 3692//3415 3930//3653 3731//3454
f 3731//3454 3930//3653 3728//3451
f 3979//3701 3980//3702 3977//3699
f 3977//3699 3980//3702 3978//3700
f 3981//3703 3726//3449 3980//3702
f 3981//3703 3980//3702 3979//3701
f 3726//3449 3981//3703 3982//3704
f 3726//3449 3982//3704 3689//3412
f 3983//3705 3984//3706 3978//3700
f 3978//3700 3984//3706 3689//3412
f 3978//3700 3689//3412 3977//3699
f 3977//3699 3689//3412 3982//3704
f 3984//3706 3985//3707 3689//3412
f 3689//3412 3985//3707 3986//3708
f 3689//3412 3986//3708 3727//3450
f 3727//3450 3986//3708 3987//3709
f 3727//3450 3987//3709 3687//3410
f 3725//3448 3989//3711 3686//3409
f 3988//3710 3686//3409 3989//3711
f 3988//3710 3990//3712 3686//3409
f 3684//3407 3686//3409 4093//3815
f 3684//3407 4093//3815 3724//3447
f 3948//3671 3991//3713 3922//3645
f 3992//3714 3991//3713 3683//3406
f 3683//3406 3991//3713 3722//3445
f 3722//3445 3993//3715 3994//3716
f 3722//3445 3994//3716 3723//3446
f 3723//3446 3994//3716 3995//3717
f 3723//3446 3995//3717 3719//3442
f 3719//3442 3995//3717 3996//3718
f 3719//3442 3996//3718 3721//3444
f 3996//3718 3997//3719 3721//3444
f 3721//3444 3997//3719 3998//3720
f 3721//3444 3998//3720 3999//3721
f 4000//3722 3999//3721 4001//3723
f 3721//3444 4000//3722 4001//3723
f 4002//3724 3676//3399 3678//3401
f 3721//3444 4003//3725 3678//3401
f 3678//3401 4003//3725 4002//3724
f 4004//3726 4005//3727 3720//3443
f 4013//3735 4005//3727 4004//3726
f 4006//3728 4007//3729 4008//3730
f 4008//3730 4007//3729 4009//3731
f 3929//3652 4006//3728 4010//3732
f 4006//3728 4011//3733 4010//3732
f 4010//3732 4011//3733 4012//3734
f 4009//3731 4005//3727 4008//3730
f 4008//3730 4005//3727 4012//3734
f 4008//3730 4012//3734 4011//3733
f 4012//3734 4013//3735 4010//3732
f 4010//3732 4013//3735 4004//3726
f 4006//3728 3929//3652 4007//3729
f 4007//3729 3929//3652 3928//3651
f 4007//3729 3928//3651 4014//3736
f 4014//3736 4015//3737 4007//3729
f 4007//3729 4015//3737 4016//3738
f 4007//3729 4016//3738 3946//3669
f 4017//3739 4018//3740 4088//3810
f 4019//3741 4020//3742 3945//3668
f 3945//3668 4021//3743 4022//3744
f 4024//3746 4027//3749 4023//3745
f 4023//3745 4027//3749 4026//3748
f 4023//3745 4026//3748 4021//3743
f 4025//3747 4026//3748 4027//3749
f 4025//3747 4027//3749 3943//3666
f 4033//3755 4028//3750 4029//3751
f 4029//3751 4028//3750 4030//3752
f 4030//3752 4028//3750 3944//3667
f 4030//3752 3944//3667 4031//3753
f 4031//3753 3944//3667 3943//3666
f 4031//3753 3943//3666 4032//3754
f 4037//3759 4035//3757 4036//3758
f 4034//3756 4033//3755 4035//3757
f 4034//3756 4035//3757 4037//3759
f 4039//3761 4038//3760 3939//3662
f 4034//3756 4039//3761 3939//3662
f 4041//3763 4040//3762 4042//3764
f 3942//3665 3941//3664 4046//3768
f 3942//3665 4046//3768 4044//3766
f 4044//3766 4046//3768 4043//3765
f 4041//3763 4045//3767 4046//3768
f 4041//3763 4046//3768 3941//3664
f 4043//3765 4045//3767 3926//3649
f 3926//3649 4045//3767 4042//3764
f 4042//3764 4045//3767 4041//3763
f 4043//3765 3926//3649 4044//3766
f 4044//3766 3926//3649 3925//3648
f 4044//3766 3925//3648 4047//3769
f 4047//3769 4048//3770 4044//3766
f 4044//3766 4048//3770 4049//3771
f 4044//3766 4049//3771 3936//3659
f 3938//3661 3937//3660 4050//3772
f 4051//3773 4053//3775 4052//3774
f 4052//3774 4053//3775 4097//3819
f 4097//3819 4053//3775 3935//3658
f 4055//3777 4056//3778 4057//3779
f 4058//3780 4060//3782 4059//3781
f 4059//3781 4060//3782 4061//3783
f 4060//3782 4056//3778 4061//3783
f 4062//3784 4063//3785 4064//3786
f 4064//3786 4063//3785 3934//3657
f 4064//3786 3934//3657 4065//3787
f 4065//3787 3934//3657 3933//3656
f 4065//3787 3933//3656 4066//3788
f 4067//3789 3952//3299 4068//3790
f 3951//3674 4063//3785 4069//3791
f 4069//3791 4070//3792 3951//3674
f 4067//3789 4068//3790 4071//3793
f 4072//3794 4073//3795 4067//3789
f 4072//3794 4067//3789 4071//3793
f 4072//3794 4074//3796 4073//3795
f 4073//3795 4074//3796 4063//3785
f 4063//3785 4074//3796 4069//3791
f 4070//3792 4069//3791 4072//3794
f 4070//3792 4072//3794 4071//3793
f 4070//3792 4075//3797 3951//3674
f 3951//3674 4075//3797 3952//3299
f 3952//3299 4075//3797 4068//3790
f 4042//3764 4076//3798 4038//3760
f 4040//3762 3941//3664 4042//3764
f 4042//3764 3941//3664 4077//3799
f 4038//3760 4076//3798 3941//3664
f 3941//3664 4076//3798 4077//3799
f 4067//3789 4078//3800 4079//3801
f 4080//3802 3952//3299 4067//3789
f 4080//3802 4067//3789 4079//3801
f 3953//3675 4079//3801 4078//3800
f 3952//3299 4080//3802 3953//3675
f 4082//3804 4081//3803 3974//3696
f 4081//3803 4083//3805 3974//3696
f 3974//3696 4083//3805 3931//3654
f 3931//3654 4083//3805 3930//3653
f 3720//3443 3676//3399 4004//3726
f 4004//3726 3676//3399 4002//3724
f 4004//3726 4002//3724 4084//3806
f 4084//3806 4010//3732 4085//3807
f 4004//3726 4085//3807 4010//3732
f 3947//3670 4086//3808 4017//3739
f 4017//3739 4086//3808 4018//3740
f 4088//3810 4018//3740 4089//3811
f 4088//3810 4089//3811 4090//3812
f 4090//3812 4089//3811 4087//3809
f 4019//3741 4017//3739 4020//3742
f 4020//3742 4088//3810 4090//3812
f 4001//3723 4091//3813 4003//3725
f 4002//3724 4091//3813 4084//3806
f 4001//3723 4003//3725 3721//3444
f 3992//3714 3922//3645 3991//3713
f 3922//3645 3992//3714 3921//3644
f 3921//3644 3992//3714 4092//3814
f 4093//3815 3990//3712 3921//3644
f 3921//3644 3990//3712 3988//3710
f 4082//3804 3930//3653 4081//3803
f 3930//3653 4082//3804 3728//3451
f 4094//3816 3980//3702 3726//3449
f 4094//3816 3726//3449 3728//3451
f 3980//3702 4094//3816 4082//3804
f 3965//3687 3920//3643 3918//3641
f 4095//3817 3965//3687 3971//3693
f 4095//3817 3950//3673 3965//3687
f 3732//3455 3950//3673 3733//3456
f 3955//3677 3957//3679 3740//3463
f 3955//3677 3740//3463 3741//3464
f 3957//3679 3955//3677 4078//3800
f 3953//3675 4078//3800 3954//3676
f 3933//3656 4096//3818 4061//3783
f 4061//3783 4096//3818 4059//3781
f 4058//3780 4059//3781 3932//3655
f 3938//3661 4050//3772 3935//3658
f 3935//3658 4050//3772 4097//3819
f 4042//3764 4038//3760 4099//3821
f 4037//3759 4099//3821 4034//3756
f 4034//3756 4099//3821 4039//3761
f 3943//3666 4024//3746 4100//3822
f 3943//3666 4100//3822 4032//3754
f 4029//3751 4101//3823 4033//3755
f 4033//3755 4101//3823 4102//3824
f 4033//3755 4102//3824 4036//3758
f 4036//3758 4102//3824 4103//3825
f 4036//3758 4103//3825 4037//3759
f 4037//3759 4103//3825 4104//3826
f 4104//3826 4105//3827 4037//3759
f 4037//3759 4105//3827 4106//3828
f 4037//3759 4106//3828 4024//3746
f 4024//3746 4106//3828 4107//3829
f 4024//3746 4107//3829 4100//3822
f 4016//3738 4108//3830 3946//3669
f 3946//3669 4108//3830 4109//3831
f 3946//3669 4109//3831 4086//3808
f 4086//3808 4109//3831 4110//3832
f 4086//3808 4110//3832 4087//3809
f 4110//3832 4111//3833 4087//3809
f 4087//3809 4111//3833 4112//3834
f 4087//3809 4112//3834 4113//3835
f 4114//3836 4115//3837 3923//3646
f 3722//3445 3948//3671 4116//3838
f 3722//3445 4116//3838 3993//3715
f 4115//3837 4117//3839 3923//3646
f 3923//3646 4117//3839 4118//3840
f 3923//3646 4118//3840 3948//3671
f 3948//3671 4118//3840 4119//3841
f 3948//3671 4119//3841 4116//3838
f 3987//3709 4120//3842 3687//3410
f 3687//3410 4120//3842 4121//3843
f 3687//3410 4121//3843 3949//3672
f 3949//3672 4121//3843 4122//3844
f 3949//3672 4122//3844 4123//3845
f 4123//3845 4124//3846 3949//3672
f 3949//3672 4124//3846 4125//3847
f 3949//3672 4125//3847 3978//3700
f 3978//3700 4125//3847 4126//3848
f 3733//3456 4095//3817 4127//3849
f 3733//3456 4127//3849 3969//3691
f 3966//3688 4128//3850 3729//3452
f 3729//3452 4128//3850 4129//3851
f 3729//3452 4129//3851 3971//3693
f 3971//3693 4129//3851 4130//3852
f 3971//3693 4130//3852 4131//3853
f 4131//3853 4132//3854 3971//3693
f 3971//3693 4132//3854 4133//3855
f 3971//3693 4133//3855 4095//3817
f 4095//3817 4133//3855 4134//3856
f 4095//3817 4134//3856 4127//3849
f 3959//3681 4135//3857 3701//3424
f 3701//3424 4135//3857 4136//3858
f 3701//3424 4136//3858 3960//3682
f 3960//3682 4136//3858 4137//3859
f 3960//3682 4137//3859 3963//3685
f 3963//3685 4137//3859 4138//3860
f 3963//3685 4138//3860 4139//3861
f 4140//3862 4141//3863 3962//3684
f 3962//3684 4141//3863 4142//3864
f 3962//3684 4142//3864 3956//3678
f 3956//3678 4142//3864 4143//3865
f 3956//3678 4143//3865 3738//3461
f 3738//3461 4143//3865 4144//3866
f 3738//3461 4144//3866 3958//3680
f 4062//3784 4145//3867 4063//3785
f 4063//3785 4145//3867 4146//3868
f 4063//3785 4146//3868 4073//3795
f 4073//3795 4146//3868 4147//3869
f 4073//3795 4147//3869 4148//3870
f 3933//3656 4149//3871 4066//3788
f 4148//3870 4150//3872 4073//3795
f 4073//3795 4150//3872 4151//3873
f 4073//3795 4151//3873 3933//3656
f 3933//3656 4151//3873 4152//3874
f 3933//3656 4152//3874 4149//3871
f 4153//3875 3926//3649 4154//3876
f 4154//3876 3926//3649 3937//3660
f 4154//3876 3937//3660 4155//3877
f 4049//3771 4156//3878 3936//3659
f 3936//3659 4156//3878 4157//3879
f 3936//3659 4157//3879 3937//3660
f 3937//3660 4157//3879 4158//3880
f 3937//3660 4158//3880 4159//3881
f 3937//3660 4159//3881 4155//3877
f 3998//3720 4114//3836 3999//3721
f 3999//3721 4114//3836 3923//3646
f 3999//3721 3923//3646 4001//3723
f 3922//3645 3923//3646 3948//3671
f 3988//3710 3949//3672 3921//3644
f 3921//3644 3949//3672 3978//3700
f 4126//3848 3983//3705 3978//3700
f 3980//3702 4082//3804 3974//3696
f 3971//3693 3965//3687 3918//3641
f 4139//3861 4140//3862 3963//3685
f 3963//3685 4140//3862 3962//3684
f 3962//3684 3956//3678 3957//3679
f 3957//3679 4078//3800 4067//3789
f 4073//3795 3933//3656 4061//3783
f 3926//3649 4098//3820 3937//3660
f 4153//3875 3924//3647 3926//3649
f 4160//3882 3926//3649 4042//3764
f 4160//3882 4042//3764 4037//3759
f 4037//3759 4042//3764 4099//3821
f 4024//3746 4023//3745 4037//3759
f 4161//3883 4020//3742 4090//3812
f 4090//3812 4087//3809 3929//3652
f 3929//3652 4087//3809 4113//3835
f 3929//3652 4113//3835 4162//3884
f 4162//3884 3927//3650 3929//3652
f 4010//3732 4084//3806 4001//3723
f 4001//3723 4084//3806 4091//3813
f 3921//3644 4163//3885 4093//3815
f 4092//3814 4164//3886 4165//3887
f 4092//3814 4165//3887 3921//3644
f 3921//3644 4165//3887 4163//3885
f 4093//3815 4163//3885 3724//3447
f 3724//3447 4164//3886 4092//3814
f 3724//3447 4092//3814 3684//3407
f 3684//3407 4092//3814 3683//3406
f 3917//3640 4167//3889 3920//3643
f 3699//3422 3919//3642 3698//3421
f 3698//3421 3919//3642 3735//3458
f 3735//3458 3919//3642 4166//3888
f 3735//3458 4166//3888 3917//3640
f 3735//3458 3917//3640 3920//3643
f 3735//3458 3920//3643 3736//3459
f 3918//3641 3920//3643 4167//3889
f 4167//3889 4166//3888 3918//3641
f 3918//3641 4166//3888 3919//3642
f 4090//3812 4023//3745 4161//3883
f 4161//3883 4023//3745 4021//3743
f 4161//3883 4021//3743 4169//3891
f 3945//3668 4020//3742 4168//3890
f 4161//3883 4168//3890 4020//3742
f 4168//3890 4169//3891 3945//3668
f 3945//3668 4169//3891 4021//3743
f 4052//3774 4061//3783 4170//3892
f 4170//3892 4061//3783 4056//3778
f 4170//3892 4056//3778 4172//3894
f 4170//3892 4171//3893 4051//3773
f 4170//3892 4051//3773 4052//3774
f 4098//3820 4052//3774 4097//3819
f 4098//3820 4097//3819 3937//3660
f 3935//3658 4051//3773 4054//3776
f 4054//3776 4051//3773 4055//3777
f 4055//3777 4051//3773 4171//3893
f 4171//3893 4172//3894 4055//3777
f 4055//3777 4172//3894 4056//3778
f 4173//3895 3746//3469 3905//3628
f 4173//3895 3905//3628 4174//3896
f 4174//3896 3905//3628 3896//3619
f 4174//3896 3896//3619 4175//3897
f 4175//3897 3896//3619 4176//3898
f 4177//3899 3860//3583 4178//3900
f 4178//3900 3860//3583 3897//3620
f 4178//3900 3897//3620 4173//3895
f 4173//3895 3897//3620 3746//3469
f 4180//3902 3899//3622 4177//3899
f 4177//3899 3899//3622 3860//3583
f 4179//3901 3747//3470 4180//3902
f 4180//3902 3747//3470 3791//3514
f 4180//3902 3791//3514 3899//3622
f 4179//3901 3904//3627 3747//3470
f 3904//3627 4179//3901 4181//3903
f 3904//3627 4181//3903 3797//3520
f 3925//3648 3817//3540 4047//3769
f 4047//3769 3817//3540 4048//3770
f 4048//3770 3817//3540 4049//3771
f 4049//3771 3817//3540 3774//3497
f 4049//3771 3774//3497 4156//3878
f 4156//3878 3774//3497 4157//3879
f 4157//3879 3774//3497 4158//3880
f 4151//3873 3901//3624 4152//3874
f 4152//3874 3901//3624 4149//3871
f 4149//3871 3901//3624 4066//3788
f 4066//3788 3901//3624 3775//3498
f 4066//3788 3775//3498 4065//3787
f 4065//3787 3775//3498 4064//3786
f 4064//3786 3775//3498 4062//3784
f 4062//3784 3775//3498 3777//3500
f 4140//3862 3900//3623 4141//3863
f 4141//3863 3900//3623 4142//3864
f 4142//3864 3900//3623 3799//3522
f 4142//3864 3799//3522 4143//3865
f 4143//3865 3799//3522 4144//3866
f 4144//3866 3799//3522 3958//3680
f 3958//3680 3799//3522 3796//3519
f 3958//3680 3796//3519 3959//3681
f 4130//3852 3787//3510 4131//3853
f 4131//3853 3787//3510 3898//3621
f 4131//3853 3898//3621 4132//3854
f 4132//3854 3898//3621 4133//3855
f 4133//3855 3898//3621 4134//3856
f 4134//3856 3898//3621 4127//3849
f 4127//3849 3898//3621 3781//3504
f 4127//3849 3781//3504 3969//3691
f 4122//3844 3757//3480 4123//3845
f 4123//3845 3757//3480 4124//3846
f 4124//3846 3757//3480 3862//3585
f 4124//3846 3862//3585 4125//3847
f 4125//3847 3862//3585 4126//3848
f 4126//3848 3862//3585 3983//3705
f 3983//3705 3862//3585 3984//3706
f 3996//3718 3849//3572 3997//3719
f 3997//3719 3849//3572 3998//3720
f 3998//3720 3849//3572 4114//3836
f 4114//3836 3849//3572 3753//3476
f 4114//3836 3753//3476 4115//3837
f 4115//3837 3753//3476 4117//3839
f 4117//3839 3753//3476 4118//3840
f 4118//3840 3753//3476 3762//3485
f 4016//3738 3839//3562 4108//3830
f 4108//3830 3839//3562 4109//3831
f 4109//3831 3839//3562 4110//3832
f 4110//3832 3839//3562 3895//3618
f 4110//3832 3895//3618 4111//3833
f 4111//3833 3895//3618 4112//3834
f 4112//3834 3895//3618 4113//3835
f 4032//3754 3770//3493 4031//3753
f 4031//3753 3770//3493 4030//3752
f 4030//3752 3770//3493 3829//3552
f 4030//3752 3829//3552 4029//3751
f 4029//3751 3829//3552 4101//3823
f 4101//3823 3829//3552 4102//3824
f 4102//3824 3829//3552 3825//3548
f 4102//3824 3825//3548 4103//3825
f 4039//3761 3822//3545 3771//3494
f 4039//3761 3771//3494 4038//3760
f 4038//3760 3771//3494 3828//3551
f 4036//3758 3825//3548 4033//3755
f 4033//3755 3825//3548 3826//3549
f 4033//3755 3826//3549 4035//3757
f 4035//3757 3826//3549 3823//3546
f 4046//3768 3773//3496 4043//3765
f 4043//3765 3773//3496 3820//3543
f 4040//3762 3891//3614 3709//3432
f 4040//3762 3709//3432 3941//3664
f 3941//3664 3709//3432 3892//3615
f 4053//3775 3890//3613 3935//3658
f 3935//3658 3890//3613 3815//3538
f 3935//3658 3815//3538 4051//3773
f 4051//3773 3815//3538 3745//3468
f 3937//3660 3813//3536 4050//3772
f 4050//3772 3813//3536 3816//3539
f 4050//3772 3816//3539 4097//3819
f 4096//3818 3811//3534 4059//3781
f 4059//3781 3811//3534 3932//3655
f 3932//3655 3811//3534 3808//3531
f 4056//3778 3888//3611 3812//3535
f 4056//3778 3812//3535 4057//3779
f 4057//3779 3812//3535 4058//3780
f 4058//3780 3812//3535 3810//3533
f 4071//3793 3887//3610 4070//3792
f 4070//3792 3887//3610 3805//3528
f 4070//3792 3805//3528 4075//3797
f 4075//3797 3805//3528 3713//3436
f 4072//3794 3806//3529 3776//3499
f 4072//3794 3776//3499 4074//3796
f 4074//3796 3776//3499 4069//3791
f 4069//3791 3776//3499 3712//3435
f 3956//3678 3798//3521 3802//3525
f 3956//3678 3802//3525 3740//3463
f 3740//3463 3802//3525 3800//3523
f 3740//3463 3800//3523 3738//3461
f 4078//3800 3801//3524 3756//3479
f 4078//3800 3756//3479 3954//3676
f 3954//3676 3756//3479 3704//3427
f 3919//3642 3886//3609 3885//3608
f 3919//3642 3885//3608 3964//3686
f 3964//3686 3885//3608 3795//3518
f 3964//3686 3795//3518 3699//3422
f 3963//3685 3884//3607 3778//3501
f 3963//3685 3778//3501 3960//3682
f 3960//3682 3778//3501 3700//3423
f 4095//3817 3790//3513 3950//3673
f 3950//3673 3790//3513 3789//3512
f 3965//3687 3788//3511 3920//3643
f 3920//3643 3788//3511 3780//3503
f 3920//3643 3780//3503 3736//3459
f 3736//3459 3780//3503 3793//3516
f 3931//3654 3783//3506 3976//3698
f 3976//3698 3783//3506 3883//3606
f 3976//3698 3883//3606 3972//3694
f 3972//3694 3883//3606 3716//3439
f 3973//3695 3785//3508 3975//3697
f 3975//3697 3785//3508 3782//3505
f 3975//3697 3782//3505 3970//3692
f 3970//3692 3782//3505 3786//3509
f 3977//3699 3864//3587 3861//3584
f 3977//3699 3861//3584 3979//3701
f 3979//3701 3861//3584 3863//3586
f 3979//3701 3863//3586 3981//3703
f 4094//3816 3865//3588 3863//3586
f 4094//3816 3863//3586 3859//3582
f 4094//3816 3859//3582 4082//3804
f 3686//3409 3856//3579 4093//3815
f 4093//3815 3856//3579 3761//3484
f 4093//3815 3761//3484 3990//3712
f 3990//3712 3761//3484 3857//3580
f 3989//3711 3760//3483 3988//3710
f 3988//3710 3760//3483 3882//3605
f 3988//3710 3882//3605 3949//3672
f 3949//3672 3882//3605 3758//3481
f 3722//3445 3850//3573 3948//3671
f 3948//3671 3850//3573 3881//3604
f 3948//3671 3881//3604 3991//3713
f 3683//3406 3852//3575 3992//3714
f 3992//3714 3852//3575 3851//3574
f 3992//3714 3851//3574 4092//3814
f 4092//3814 3851//3574 3855//3578
f 4002//3724 3766//3489 3763//3486
f 4002//3724 3763//3486 4091//3813
f 4091//3813 3763//3486 3847//3570
f 3721//3444 3679//3402 3848//3571
f 3721//3444 3848//3571 4000//3722
f 4000//3722 3848//3571 3846//3569
f 4008//3730 3841//3564 4006//3728
f 4006//3728 3841//3564 3843//3566
f 4005//3727 3764//3487 4012//3734
f 4012//3734 3764//3487 3754//3477
f 4012//3734 3754//3477 3874//3597
f 4017//3739 3832//3555 4020//3742
f 4020//3742 3832//3555 3751//3474
f 4020//3742 3751//3474 3835//3558
f 4086//3808 3838//3561 4018//3740
f 3838//3561 3834//3557 4018//3740
f 4018//3740 3834//3557 4089//3811
f 4089//3811 3834//3557 3836//3559
f 4027//3749 3769//3492 3943//3666
f 3943//3666 3769//3492 3878//3601
f 3943//3666 3878//3601 4024//3746
f 4024//3746 3878//3601 3879//3602
f 4022//3744 3876//3599 4025//3747
f 4025//3747 3876//3599 3831//3554
f 4025//3747 3831//3554 4026//3748
f 4026//3748 3831//3554 3877//3600
f 4168//3890 3914//3637 4169//3891
f 4169//3891 3914//3637 3913//3636
f 4169//3891 3913//3636 4161//3883
f 4161//3883 3913//3636 3911//3634
f 4004//3726 3765//3488 4085//3807
f 4085//3807 3765//3488 3873//3596
f 4085//3807 3873//3596 4084//3806
f 4084//3806 3873//3596 3875//3598
f 4164//3886 3743//3466 4165//3887
f 4165//3887 3743//3466 3916//3639
f 4165//3887 3916//3639 4163//3885
f 4081//3803 3871//3594 3869//3592
f 4081//3803 3869//3592 4083//3805
f 4083//3805 3869//3592 3870//3593
f 4167//3889 3908//3631 4166//3888
f 4166//3888 3908//3631 3909//3632
f 4079//3801 3867//3590 4080//3802
f 4080//3802 3867//3590 3803//3526
f 4080//3802 3803//3526 3953//3675
f 3953//3675 3803//3526 3755//3478
f 4171//3893 3906//3629 3744//3467
f 4171//3893 3744//3467 4172//3894
f 4172//3894 3744//3467 3907//3630
f 4076//3798 3772//3495 3821//3544
f 4076//3798 3821//3544 4077//3799
f 4077//3799 3821//3544 3866//3589
f 4182//3904 4010//3732 4001//3723
f 4182//3904 4001//3723 4183//3905
f 4183//3905 4001//3723 3923//3646
f 4183//3905 3923//3646 4184//3906
f 4184//3906 3923//3646 3922//3645
f 4184//3906 3922//3645 3921//3644
f 4184//3906 3921//3644 4185//3907
f 4185//3907 3921//3644 4186//3908
f 4186//3908 3921//3644 3978//3700
f 4186//3908 3978//3700 3980//3702
f 4186//3908 3980//3702 4187//3909
f 4187//3909 3980//3702 3974//3696
f 4187//3909 3974//3696 3971//3693
f 4187//3909 3971//3693 4188//3910
f 4188//3910 3971//3693 4189//3911
f 4189//3911 3971//3693 3918//3641
f 4189//3911 3918//3641 4190//3912
f 4190//3912 3918//3641 3962//3684
f 4190//3912 3962//3684 4191//3913
f 3962//3684 3957//3679 4191//3913
f 4191//3913 3957//3679 4067//3789
f 4191//3913 4067//3789 4192//3914
f 4196//3918 4181//3903 4197//3919
f 4197//3919 4181//3903 4198//3920
f 4198//3920 4181//3903 4179//3901
f 4198//3920 4179//3901 4199//3921
f 4199//3921 4179//3901 4180//3902
f 4199//3921 4180//3902 4200//3922
f 4200//3922 4180//3902 4177//3899
f 4200//3922 4177//3899 4201//3923
f 4201//3923 4177//3899 4202//3924
f 4202//3924 4177//3899 4178//3900
f 4202//3924 4178//3900 4203//3925
f 4203//3925 4178//3900 4173//3895
f 4203//3925 4173//3895 4204//3926
f 4204//3926 4173//3895 4174//3896
f 4204//3926 4174//3896 4205//3927
f 4205//3927 4174//3896 4175//3897
f 4175//3897 4176//3898 4205//3927
f 4205//3927 4176//3898 4206//3928
f 4206//3928 4176//3898 4207//3929
f 4206//3928 4207//3929 4208//3930
f 4206//3928 4208//3930 4209//3931
f 4209//3931 4208//3930 4210//3932
f 4209//3931 4210//3932 4211//3933
f 4211//3933 4210//3932 4212//3934
f 4211//3933 4212//3934 4213//3935
f 4213//3935 4212//3934 4214//3936
f 4214//3936 4212//3934 4215//3937
f 4214//3936 4215//3937 4216//3938
f 4216//3938 4215//3937 4217//3939
f 4217//3939 4215//3937 4218//3940
f 4217//3939 4218//3940 4219//3941
f 4217//3939 4219//3941 4220//3942
f 4220//3942 4219//3941 4221//3943
f 4221//3943 4219//3941 4222//3944
f 4221//3943 4222//3944 4196//3918
f 4196//3918 4222//3944 4181//3903
f 4223//3945 4187//3909 4224//3946
f 4224//3946 4187//3909 4188//3910
f 4224//3946 4188//3910 4225//3947
f 4225//3947 4188//3910 4189//3911
f 4225//3947 4189//3911 4226//3948
f 4226//3948 4189//3911 4190//3912
f 4226//3948 4190//3912 4227//3949
f 4227//3949 4190//3912 4228//3950
f 4228//3950 4190//3912 4191//3913
f 4228//3950 4191//3913 4192//3914
f 4228//3950 4192//3914 4229//3951
f 4229//3951 4192//3914 4230//3952
f 4230//3952 4192//3914 4193//3915
f 4230//3952 4193//3915 4231//3953
f 4231//3953 4193//3915 4194//3916
f 4231//3953 4194//3916 4232//3954
f 4232//3954 4194//3916 4233//3955
f 4194//3916 4195//3917 4233//3955
f 4233//3955 4195//3917 4234//3956
f 4234//3956 4195//3917 4235//3957
f 4234//3956 4235//3957 4236//3958
f 4236//3958 4235//3957 4237//3959
f 4236//3958 4237//3959 4238//3960
f 4238//3960 4237//3959 4239//3961
f 4238//3960 4239//3961 4240//3962
f 4240//3962 4239//3961 4241//3963
f 4240//3962 4241//3963 4242//3964
f 4242//3964 4241//3963 4182//3904
f 4242//3964 4182//3904 4243//3965
f 4243//3965 4182//3904 4183//3905
f 4243//3965 4183//3905 4184//3906
f 4243//3965 4184//3906 4244//3966
f 4244//3966 4184//3906 4245//3967
f 4245//3967 4184//3906 4185//3907
f 4245//3967 4185//3907 4246//3968
f 4246//3968 4185//3907 4186//3908
f 4246//3968 4186//3908 4223//3945
f 4223//3945 4186//3908 4187//3909
f 4205//3927 4206//3928 4247//3969
f 4247//3969 4206//3928 4209//3931
f 4247//3969 4209//3931 4248//3970
f 4248//3970 4209//3931 4211//3933
f 4248//3970 4211//3933 4249//3971
f 4249//3971 4211//3933 4213//3935
f 4249//3971 4213//3935 4250//3972
f 4250//3972 4213//3935 4214//3936
f 4250//3972 4214//3936 4251//3973
f 4251//3973 4214//3936 4216//3938
f 4251//3973 4216//3938 4217//3939
f 4251//3973 4217//3939 4252//3974
f 4217//3939 4220//3942 4252//3974
f 4252//3974 4220//3942 4253//3975
f 4220//3942 4221//3943 4253//3975
f 4196//3918 4254//3976 4253//3975
f 4196//3918 4253//3975 4221//3943
f 4242//3964 4255//3977 4256//3978
f 4242//3964 4256//3978 4240//3962
f 4240//3962 4256//3978 4238//3960
f 4238//3960 4256//3978 4257//3979
f 4238//3960 4257//3979 4236//3958
f 4236//3958 4257//3979 4258//3980
f 4236//3958 4258//3980 4234//3956
f 4234//3956 4258//3980 4259//3981
f 4234//3956 4259//3981 4233//3955
f 4233//3955 4259//3981 4260//3982
f 4233//3955 4260//3982 4232//3954
f 4232//3954 4260//3982 4261//3983
f 4232//3954 4261//3983 4231//3953
f 4231//3953 4261//3983 4262//3984
f 4231//3953 4262//3984 4230//3952
f 4230//3952 4262//3984 4229//3951
f 4229//3951 4262//3984 4263//3985
f 4229//3951 4263//3985 4228//3950
f 4264//3986 4265//3987 4266//3988
f 4266//3988 4265//3987 4267//3989
f 4266//3988 4267//3989 4254//3976
f 4254//3976 4267//3989 4263//3985
f 4254//3976 4263//3985 4253//3975
f 4253//3975 4263//3985 4262//3984
f 4253//3975 4262//3984 4252//3974
f 4252//3974 4262//3984 4261//3983
f 4252//3974 4261//3983 4251//3973
f 4251//3973 4261//3983 4260//3982
f 4251//3973 4260//3982 4250//3972
f 4250//3972 4260//3982 4259//3981
f 4250//3972 4259//3981 4249//3971
f 4249//3971 4259//3981 4258//3980
f 4249//3971 4258//3980 4248//3970
f 4248//3970 4258//3980 4257//3979
f 4248//3970 4257//3979 4256//3978
f 4248//3970 4256//3978 4247//3969
f 4247//3969 4256//3978 4255//3977
f 4247//3969 4255//3977 4268//3990
f 4268//3990 4255//3977 4269//3991
f 4268//3990 4269//3991 4270//3992
f 4270//3992 4269//3991 4271//3993
f 4270//3992 4271//3993 4272//3994
f 4272//3994 4271//3993 4273//3995
f 4272//3994 4273//3995 4274//3996
f 4274//3996 4273//3995 4275//3997
f 4274//3996 4275//3997 4264//3986
f 4264//3986 4275//3997 4265//3987
f 4228//3950 4263//3985 4267//3989
f 4228//3950 4267//3989 4227//3949
f 4227//3949 4267//3989 4226//3948
f 4226//3948 4267//3989 4265//3987
f 4226//3948 4265//3987 4225//3947
f 4225//3947 4265//3987 4224//3946
f 4224//3946 4265//3987 4275//3997
f 4224//3946 4275//3997 4223//3945
f 4223//3945 4275//3997 4273//3995
f 4223//3945 4273//3995 4246//3968
f 4246//3968 4273//3995 4245//3967
f 4245//3967 4273//3995 4271//3993
f 4245//3967 4271//3993 4244//3966
f 4244//3966 4271//3993 4269//3991
f 4244//3966 4269//3991 4243//3965
f 4243//3965 4269//3991 4255//3977
f 4243//3965 4255//3977 4242//3964
f 4196//3918 4197//3919 4254//3976
f 4254//3976 4197//3919 4266//3988
f 4266//3988 4197//3919 4198//3920
f 4266//3988 4198//3920 4199//3921
f 4266//3988 4199//3921 4264//3986
f 4199//3921 4200//3922 4264//3986
f 4264//3986 4200//3922 4201//3923
f 4264//3986 4201//3923 4274//3996
f 4274//3996 4201//3923 4202//3924
f 4274//3996 4202//3924 4272//3994
f 4202//3924 4203//3925 4272//3994
f 4272//3994 4203//3925 4270//3992
f 4203//3925 4204//3926 4270//3992
f 4270//3992 4204//3926 4268//3990
f 4204//3926 4205//3927 4268//3990
f 4205//3927 4247//3969 4268//3990
f 4212//3934 4276//3998 4215//3937
f 4192//3914 4067//3789 4073//3795
f 4192//3914 4073//3795 4193//3915
f 4073//3795 4061//3783 4193//3915
f 4193//3915 4061//3783 4052//3774
f 4193//3915 4052//3774 4194//3916
f 4194//3916 4052//3774 4098//3820
f 4194//3916 4098//3820 3926//3649
f 4194//3916 3926//3649 4195//3917
f 4195//3917 3926//3649 4160//3882
f 4195//3917 4160//3882 4235//3957
f 4235//3957 4160//3882 4037//3759
f 4235//3957 4037//3759 4023//3745
f 4235//3957 4023//3745 4237//3959
f 4237//3959 4023//3745 4090//3812
f 4237//3959 4090//3812 4239//3961
f 4239//3961 4090//3812 4241//3963
f 4241//3963 4090//3812 3929//3652
f 4241//3963 3929//3652 4010//3732
f 4241//3963 4010//3732 4182//3904
f 4077//3799 3866//3589 4042//3764
f 4042//3764 3866//3589 3772//3495
f 4042//3764 3772//3495 4076//3798
f 4172//3894 3907//3630 3906//3629
f 4172//3894 3906//3629 4170//3892
f 4170//3892 3906//3629 4171//3893
f 3953//3675 3755//3478 4079//3801
f 4079//3801 3755//3478 3868//3591
f 4079//3801 3868//3591 3867//3590
f 4166//3888 3909//3632 3917//3640
f 3917//3640 3909//3632 3910//3633
f 3917//3640 3910//3633 3779//3502
f 3917//3640 3779//3502 4167//3889
f 4167//3889 3779//3502 3908//3631
f 4083//3805 3870//3593 3930//3653
f 3930//3653 3870//3593 3872//3595
f 3930//3653 3872//3595 4081//3803
f 4081//3803 3872//3595 3871//3594
f 4163//3885 3916//3639 3915//3638
f 4163//3885 3915//3638 3724//3447
f 3724//3447 3915//3638 4164//3886
f 4164//3886 3915//3638 3743//3466
f 4084//3806 3875//3598 4004//3726
f 4004//3726 3875//3598 3765//3488
f 4161//3883 3911//3634 4168//3890
f 4168//3890 3911//3634 3914//3637
f 4026//3748 3877//3600 4021//3743
f 4021//3743 3877//3600 3876//3599
f 4021//3743 3876//3599 4022//3744
f 4024//3746 3879//3602 3880//3603
f 4024//3746 3880//3603 4027//3749
f 4027//3749 3880//3603 3769//3492
f 4089//3811 3836//3559 4087//3809
f 4087//3809 3836//3559 4086//3808
f 4086//3808 3836//3559 3838//3561
f 4020//3742 3835//3558 4088//3810
f 4088//3810 3835//3558 3833//3556
f 4088//3810 3833//3556 4017//3739
f 4017//3739 3833//3556 3832//3555
f 4012//3734 3874//3597 4013//3735
f 4013//3735 3874//3597 3844//3567
f 4013//3735 3844//3567 4005//3727
f 4005//3727 3844//3567 3764//3487
f 4006//3728 3843//3566 4011//3733
f 4011//3733 3843//3566 3842//3565
f 4011//3733 3842//3565 4008//3730
f 4008//3730 3842//3565 3841//3564
f 4000//3722 3846//3569 3999//3721
f 3999//3721 3846//3569 3721//3444
f 3721//3444 3846//3569 3679//3402
f 4091//3813 3847//3570 4003//3725
f 4003//3725 3847//3570 3845//3568
f 4003//3725 3845//3568 3766//3489
f 4003//3725 3766//3489 4002//3724
f 4092//3814 3855//3578 3683//3406
f 3683//3406 3855//3578 3852//3575
f 3991//3713 3881//3604 3853//3576
f 3991//3713 3853//3576 3722//3445
f 3722//3445 3853//3576 3850//3573
f 3949//3672 3758//3481 3725//3448
f 3725//3448 3758//3481 3989//3711
f 3989//3711 3758//3481 3760//3483
f 3990//3712 3857//3580 3686//3409
f 3686//3409 3857//3580 3759//3482
f 3686//3409 3759//3482 3856//3579
f 4082//3804 3859//3582 3718//3441
f 4082//3804 3718//3441 3728//3451
f 3728//3451 3718//3441 3865//3588
f 3728//3451 3865//3588 4094//3816
f 3981//3703 3863//3586 3864//3587
f 3981//3703 3864//3587 3982//3704
f 3982//3704 3864//3587 3977//3699
f 3970//3692 3786//3509 3973//3695
f 3973//3695 3786//3509 3784//3507
f 3973//3695 3784//3507 3785//3508
f 3972//3694 3716//3439 3692//3415
f 3692//3415 3716//3439 3717//3440
f 3692//3415 3717//3440 3931//3654
f 3931//3654 3717//3440 3783//3506
f 3736//3459 3793//3516 3732//3455
f 3732//3455 3793//3516 3696//3419
f 3732//3455 3696//3419 3965//3687
f 3965//3687 3696//3419 3788//3511
f 3950//3673 3789//3512 3733//3456
f 3733//3456 3789//3512 3792//3515
f 3733//3456 3792//3515 4095//3817
f 4095//3817 3792//3515 3790//3513
f 3960//3682 3700//3423 3961//3683
f 3961//3683 3700//3423 3794//3517
f 3884//3607 3963//3685 3794//3517
f 3794//3517 3963//3685 3961//3683
f 3699//3422 3795//3518 3714//3437
f 3699//3422 3714//3437 3919//3642
f 3919//3642 3714//3437 3886//3609
f 3954//3676 3704//3427 3955//3677
f 3955//3677 3704//3427 3801//3524
f 3955//3677 3801//3524 4078//3800
f 3738//3461 3800//3523 3702//3425
f 3738//3461 3702//3425 3956//3678
f 3956//3678 3702//3425 3798//3521
f 4069//3791 3712//3435 4072//3794
f 4072//3794 3712//3435 3806//3529
f 4075//3797 3713//3436 3804//3527
f 4075//3797 3804//3527 4068//3790
f 4068//3790 3804//3527 3887//3610
f 4068//3790 3887//3610 4071//3793
f 4058//3780 3810//3533 4060//3782
f 4060//3782 3810//3533 3888//3611
f 4060//3782 3888//3611 4056//3778
f 3932//3655 3808//3531 3933//3656
f 3933//3656 3808//3531 3809//3532
f 3933//3656 3809//3532 4096//3818
f 4096//3818 3809//3532 3811//3534
f 4097//3819 3816//3539 3814//3537
f 4097//3819 3814//3537 3937//3660
f 3937//3660 3814//3537 3813//3536
f 4051//3773 3745//3468 3890//3613
f 4051//3773 3890//3613 4053//3775
f 3941//3664 3892//3615 4041//3763
f 4041//3763 3892//3615 3891//3614
f 4041//3763 3891//3614 4040//3762
f 4043//3765 3820//3543 4045//3767
f 4045//3767 3820//3543 3819//3542
f 4045//3767 3819//3542 4046//3768
f 4046//3768 3819//3542 3773//3496
f 4035//3757 3823//3546 3827//3550
f 4035//3757 3827//3550 4036//3758
f 4036//3758 3827//3550 3825//3548
f 4038//3760 3828//3551 4099//3821
f 4099//3821 3828//3551 3822//3545
f 4099//3821 3822//3545 4039//3761
f 4103//3825 3825//3548 4104//3826
f 4104//3826 3825//3548 3893//3616
f 4104//3826 3893//3616 4105//3827
f 4105//3827 3893//3616 4106//3828
f 4106//3828 3893//3616 4107//3829
f 4107//3829 3893//3616 3770//3493
f 4107//3829 3770//3493 4100//3822
f 4100//3822 3770//3493 4032//3754
f 4113//3835 3895//3618 4162//3884
f 4162//3884 3895//3618 3752//3475
f 4162//3884 3752//3475 3927//3650
f 3927//3650 3752//3475 3928//3651
f 3928//3651 3752//3475 4014//3736
f 4014//3736 3752//3475 4015//3737
f 4015//3737 3752//3475 3839//3562
f 4015//3737 3839//3562 4016//3738
f 4118//3840 3762//3485 4119//3841
f 4119//3841 3762//3485 4116//3838
f 4116//3838 3762//3485 3993//3715
f 3993//3715 3762//3485 3994//3716
f 3994//3716 3762//3485 3849//3572
f 3994//3716 3849//3572 3995//3717
f 3995//3717 3849//3572 3996//3718
f 3984//3706 3862//3585 3985//3707
f 3985//3707 3862//3585 3858//3581
f 3985//3707 3858//3581 3986//3708
f 3986//3708 3858//3581 3987//3709
f 3987//3709 3858//3581 4120//3842
f 4120//3842 3858//3581 3757//3480
f 4120//3842 3757//3480 4121//3843
f 4121//3843 3757//3480 4122//3844
f 3969//3691 3781//3504 3968//3690
f 3968//3690 3781//3504 3967//3689
f 3967//3689 3781//3504 3966//3688
f 3966//3688 3781//3504 3787//3510
f 3966//3688 3787//3510 4128//3850
f 4128//3850 3787//3510 4129//3851
f 4129//3851 3787//3510 4130//3852
f 3959//3681 3796//3519 4135//3857
f 4135//3857 3796//3519 4136//3858
f 4136//3858 3796//3519 4137//3859
f 4137//3859 3796//3519 4138//3860
f 4138//3860 3796//3519 3900//3623
f 4138//3860 3900//3623 4139//3861
f 4139//3861 3900//3623 4140//3862
f 4062//3784 3777//3500 4145//3867
f 4145//3867 3777//3500 4146//3868
f 4146//3868 3777//3500 4147//3869
f 4147//3869 3777//3500 4148//3870
f 4148//3870 3777//3500 3901//3624
f 4148//3870 3901//3624 4150//3872
f 4150//3872 3901//3624 4151//3873
f 4158//3880 3774//3497 4159//3881
f 4159//3881 3774//3497 3903//3626
f 4159//3881 3903//3626 4155//3877
f 4155//3877 3903//3626 4154//3876
f 4154//3876 3903//3626 4153//3875
f 4153//3875 3903//3626 3924//3647
f 3924//3647 3903//3626 3817//3540
f 3924//3647 3817//3540 3925//3648
f 3797//3520 4181//3903 4222//3944
f 3797//3520 4222//3944 3807//3530
f 3807//3530 4222//3944 3902//3625
f 4219//3941 3889//3612 4222//3944
f 4222//3944 3889//3612 3902//3625
f 4218//3940 3748//3471 4219//3941
f 4219//3941 3748//3471 3889//3612
f 4218//3940 3749//3472 3748//3471
f 3749//3472 4218//3940 4215//3937
f 3749//3472 4215//3937 3818//3541
f 3818//3541 4215//3937 4276//3998
f 3818//3541 4276//3998 3894//3617
f 3894//3617 4276//3998 4212//3934
f 4212//3934 3912//3635 3894//3617
f 3912//3635 4212//3934 4210//3932
f 3912//3635 4210//3932 3750//3473
f 3750//3473 4210//3932 4208//3930
f 3750//3473 4208//3930 3837//3560
f 3837//3560 4208//3930 4207//3929
f 3837//3560 4207//3929 4176//3898
f 3837//3560 4176//3898 3896//3619
f 4017//3739 4019//3741 3946//3669
f 4278//4000 4063//3785 4279//4001
f 4279//4001 4063//3785 3951//3674
f 4279//4001 3951//3674 3742//3465
f 4279//4001 3742//3465 3703//3426
f 4278//4000 4058//3780 3932//3655
f 4278//4000 3932//3655 3934//3657
f 4278//4000 3934//3657 4063//3785
f 4054//3776 4055//3777 4278//4000
f 4278//4000 4055//3777 4057//3779
f 4278//4000 4057//3779 4058//3780
f 3936//3659 3938//3661 3935//3658
f 3936//3659 4280//4002 4044//3766
f 4044//3766 4280//4002 3942//3665
f 3942//3665 4280//4002 4281//4003
f 3942//3665 4281//4003 3940//3663
f 3940//3663 4281//4003 3939//3662
f 4028//3750 4033//3755 4277//3999
f 4277//3999 4033//3755 4281//4003
f 4281//4003 4033//3755 4034//3756
f 4281//4003 4034//3756 3939//3662
f 4022//3744 4025//3747 3943//3666
f 4022//3744 3943//3666 4277//3999
f 4277//3999 3943//3666 3944//3667
f 4277//3999 3944//3667 4028//3750
f 4019//3741 3945//3668 4022//3744
f 3946//3669 3947//3670 4017//3739
f 3946//3669 4282//4004 4007//3729
f 4007//3729 4282//4004 4009//3731
f 4009//3731 4282//4004 4005//3727
f 4005//3727 4282//4004 3676//3399
f 4005//3727 3676//3399 3720//3443
f 3768//3491 3830//3553 3824//3547
f 3688//3411 3718//3441 3690//3413
f 3682//3405 3854//3577 3685//3408
f 3685//3408 3854//3577 3759//3482
f 3682//3405 3681//3404 3854//3577
f 3679//3402 3677//3400 3766//3489
f 3764//3487 3840//3563 3754//3477
f 3824//3547 3708//3431 3771//3494
f 3703//3426 3705//3428 4279//4001
f 4279//4001 3705//3428 3711//3434
f 4279//4001 3711//3434 4278//4000
f 4278//4000 3711//3434 3706//3429
f 4278//4000 3706//3429 4054//3776
f 4054//3776 3706//3429 3710//3433
f 4054//3776 3710//3433 3935//3658
f 3935//3658 3710//3433 3936//3659
f 3936//3659 3710//3433 3707//3430
f 3936//3659 3707//3430 4280//4002
f 4280//4002 3707//3430 3709//3432
f 4280//4002 3709//3432 3708//3431
f 4280//4002 3708//3431 4281//4003
f 4281//4003 3708//3431 3824//3547
f 4281//4003 3824//3547 4277//3999
f 4277//3999 3824//3547 3830//3553
f 4277//3999 3830//3553 4022//3744
f 4022//3744 3830//3553 4019//3741
f 4019//3741 3830//3553 3832//3555
f 4019//3741 3832//3555 3767//3490
f 4019//3741 3767//3490 3946//3669
f 3946//3669 3767//3490 3840//3563
f 3946//3669 3840//3563 4282//4004
f 4282//4004 3840//3563 3764//3487
f 4282//4004 3764//3487 3677//3400
f 4282//4004 3677//3400 3676//3399
f 4305//4027 4304//4026 4306//4028
f 4307//4029 4308//4030 4309//4031
f 4326//4048 4327//4049 4328//4050
f 4328//4050 4327//4049 4329//4051
f 4328//4050 4329//4051 4330//4052
f 4330//4052 4326//4048 4328//4050
f 4331//4053 4332//4054 4333//4055
f 4333//4055 4332//4054 4334//4056
f 4333//4055 4334//4056 4335//4057
f 4335//4057 4334//4056 4336//4058
f 4335//4057 4336//4058 4966//4681
f 4331//4053 4333//4055 4335//4057
f 4337//4059 4338//4060 4339//4061
f 4339//4061 4338//4060 4340//4062
f 4339//4061 4340//4062 4341//4063
f 4341//4063 4340//4062 4342//4064
f 4337//4059 4339//4061 4341//4063
f 4343//4065 4344//4066 4345//4067
f 4343//4065 4345//4067 4346//4068
f 4346//4068 4345//4067 4347//4069
f 4346//4068 4347//4069 4964//4679
f 4348//4070 4343//4065 4346//4068
f 4348//4070 4346//4068 4964//4679
f 4358//4080 4357//4079 4359//4081
f 4359//4081 4357//4079 4356//4078
f 4359//4081 4356//4078 4355//4077
f 4359//4081 4355//4077 4360//4082
f 4360//4082 4355//4077 4354//4076
f 4360//4082 4354//4076 4361//4083
f 4361//4083 4354//4076 4353//4075
f 4361//4083 4353//4075 4362//4084
f 4362//4084 4353//4075 4352//4074
f 4362//4084 4352//4074 4363//4085
f 4363//4085 4352//4074 4351//4073
f 4363//4085 4351//4073 4364//4086
f 4364//4086 4351//4073 4350//4072
f 4364//4086 4350//4072 4365//4087
f 4365//4087 4350//4072 4349//4071
f 4365//4087 4349//4071 4366//4088
f 4393//4115 4394//4116 4395//4117
f 4401//4123 4400//4122 4397//4119
f 4419//4141 4423//4145 4424//4146
f 4427//4149 4420//4142 4421//4143
f 4427//4149 4421//4143 4422//4144
f 4427//4149 4422//4144 4416//4138
f 4417//4139 4418//4140 4428//4150
f 4428//4150 4418//4140 4415//4137
f 4428//4150 4415//4137 4429//4151
f 4429//4151 4415//4137 4414//4136
f 4447//4169 4431//4153 4432//4154
f 4447//4169 4432//4154 4444//4166
f 4445//4167 4430//4152 4446//4168
f 4446//4168 4430//4152 4431//4153
f 4446//4168 4431//4153 4447//4169
f 4432//4154 4448//4170 4444//4166
f 4434//4156 4449//4171 4433//4155
f 4433//4155 4449//4171 4432//4154
f 4432//4154 4449//4171 4448//4170
f 4435//4157 4450//4172 4434//4156
f 4434//4156 4450//4172 4451//4173
f 4434//4156 4451//4173 4449//4171
f 4450//4172 4435//4157 4452//4174
f 4452//4174 4435//4157 4436//4158
f 4452//4174 4436//4158 4453//4175
f 4453//4175 4436//4158 4437//4159
f 4453//4175 4437//4159 4831//4547
f 4454//4176 4371//4093 4455//4177
f 4455//4177 4371//4093 4372//4094
f 4455//4177 4372//4094 4456//4178
f 4456//4178 4372//4094 4373//4095
f 4457//4179 4374//4096 4458//4180
f 4458//4180 4374//4096 4375//4097
f 4458//4180 4375//4097 4376//4098
f 4459//4181 4377//4099 4460//4182
f 4460//4182 4377//4099 4378//4100
f 4460//4182 4378//4100 4461//4183
f 4461//4183 4378//4100 4379//4101
f 4462//4184 4380//4102 4381//4103
f 4462//4184 4381//4103 4463//4185
f 4463//4185 4381//4103 4382//4104
f 4463//4185 4382//4104 4464//4186
f 4464//4186 4382//4104 4887//4603
f 4465//4187 4383//4105 4466//4188
f 4466//4188 4383//4105 4384//4106
f 4467//4189 4385//4107 4468//4190
f 4468//4190 4385//4107 4386//4108
f 4468//4190 4386//4108 4387//4109
f 4468//4190 4387//4109 4469//4191
f 4470//4192 4388//4110 4471//4193
f 4471//4193 4388//4110 4389//4111
f 4471//4193 4389//4111 4390//4112
f 4471//4193 4390//4112 4472//4194
f 4472//4194 4390//4112 4868//4584
f 4473//4195 4391//4113 4474//4196
f 4474//4196 4391//4113 4475//4197
f 4475//4197 4391//4113 4392//4114
f 4476//4198 4369//4091 4477//4199
f 4477//4199 4369//4091 4370//4092
f 4477//4199 4370//4092 4478//4200
f 4479//4201 4367//4089 4480//4202
f 4480//4202 4367//4089 4368//4090
f 4487//4209 4488//4210 4489//4211
f 4487//4209 4489//4211 4490//4212
f 4490//4212 4489//4211 4491//4213
f 4491//4213 4489//4211 4492//4214
f 4493//4215 4494//4216 4495//4217
f 4493//4215 4495//4217 4496//4218
f 4496//4218 4495//4217 4497//4219
f 4496//4218 4497//4219 4417//4139
f 4908//4623 4498//4220 4499//4221
f 4499//4221 4498//4220 4500//4222
f 4499//4221 4500//4222 4414//4136
f 4501//4223 4502//4224 4503//4225
f 4503//4225 4502//4224 4504//4226
f 4503//4225 4504//4226 4505//4227
f 4503//4225 4505//4227 4506//4228
f 4507//4229 4508//4230 4509//4231
f 4509//4231 4508//4230 4510//4232
f 4509//4231 4510//4232 4511//4233
f 4511//4233 4510//4232 4512//4234
f 4915//4630 4513//4235 4514//4236
f 4514//4236 4513//4235 4515//4237
f 4514//4236 4515//4237 4516//4238
f 4516//4238 4515//4237 4517//4239
f 4518//4240 4519//4241 4520//4242
f 4518//4240 4520//4242 4521//4243
f 4521//4243 4520//4242 4522//4244
f 4425//4147 4943//4658 4523//4245
f 4523//4245 4943//4658 4524//4246
f 4523//4245 4524//4246 4525//4247
f 4523//4245 4525//4247 3720//3443
f 3720//3443 4525//4247 4942//4657
f 3742//3465 4531//4253 3741//3464
f 3741//3464 4531//4253 3739//3462
f 3739//3462 4531//4253 3737//3460
f 4532//4254 3737//3460 4533//4255
f 4532//4254 4533//4255 3699//3422
f 3699//3422 4533//4255 3735//3458
f 3735//3458 4533//4255 3732//3455
f 3732//3455 4533//4255 4534//4256
f 3732//3455 4534//4256 3734//3457
f 3734//3457 4534//4256 3729//3452
f 3729//3452 4534//4256 3730//3453
f 3730//3453 4534//4256 4535//4257
f 3730//3453 4535//4257 3731//3454
f 3731//3454 4535//4257 3726//3449
f 3726//3449 4535//4257 3727//3450
f 3727//3450 4535//4257 3725//3448
f 3686//3409 4536//4258 4537//4259
f 3686//3409 4537//4259 3724//3447
f 3724//3447 4537//4259 3683//3406
f 3683//3406 4537//4259 4538//4260
f 3683//3406 4538//4260 3723//3446
f 3723//3446 4538//4260 3719//3442
f 3719//3442 4538//4260 3678//3401
f 3678//3401 4929//4644 3720//3443
f 4534//4256 4539//4261 4549//4271
f 4535//4257 4540//4262 4541//4263
f 4538//4260 4542//4264 4543//4265
f 4543//4265 4544//4266 3678//3401
f 4543//4265 3678//3401 4538//4260
f 4556//4278 4758//4474 4542//4264
f 4542//4264 4538//4260 4537//4259
f 4542//4264 4537//4259 4556//4278
f 4545//4267 4546//4268 4541//4263
f 4541//4263 4546//4268 4536//4258
f 4541//4263 4536//4258 3725//3448
f 4541//4263 3725//3448 4535//4257
f 4555//4277 4759//4475 4540//4262
f 4540//4262 4535//4257 4555//4277
f 4547//4269 4548//4270 4549//4271
f 4549//4271 4548//4270 4534//4256
f 4554//4276 4760//4476 4539//4261
f 4539//4261 4534//4256 4533//4255
f 4539//4261 4533//4255 4554//4276
f 4320//4042 4550//4272 4321//4043
f 4321//4043 4550//4272 4533//4255
f 4321//4043 4533//4255 3737//3460
f 4321//4043 3737//3460 4531//4253
f 4551//4273 4552//4274 4553//4275
f 4531//4253 4551//4273 4553//4275
f 4531//4253 4553//4275 4321//4043
f 4550//4272 4554//4276 4533//4255
f 4534//4256 4548//4270 4535//4257
f 4535//4257 4548//4270 4555//4277
f 4536//4258 4546//4268 4537//4259
f 4537//4259 4546//4268 4556//4278
f 4557//4279 4929//4644 3678//3401
f 4557//4279 3678//3401 4544//4266
f 4558//4280 4559//4281 4560//4282
f 4558//4280 4560//4282 4561//4283
f 4561//4283 4560//4282 4562//4284
f 4561//4283 4562//4284 4563//4285
f 4564//4286 4561//4283 4563//4285
f 4558//4280 4561//4283 4564//4286
f 4565//4287 4566//4288 4567//4289
f 4567//4289 4566//4288 4568//4290
f 4567//4289 4568//4290 4904//4620
f 4569//4286 4567//4289 4904//4620
f 4565//4287 4567//4289 4569//4286
f 4570//4291 4571//4292 4572//4293
f 4572//4293 4571//4292 4573//4294
f 4572//4293 4573//4294 4574//4295
f 4574//4295 4573//4294 4575//4296
f 4576//4297 4570//4291 4572//4293
f 4576//4297 4572//4293 4574//4295
f 4577//4298 4578//4299 4579//4300
f 4577//4298 4579//4300 4580//4301
f 4580//4301 4579//4300 4581//4302
f 4580//4301 4581//4302 4582//4303
f 4583//4304 4577//4298 4580//4301
f 4583//4304 4580//4301 4582//4303
f 4584//4305 4585//4306 4586//4307
f 4584//4305 4586//4307 4587//4308
f 4587//4308 4586//4307 4588//4309
f 4589//4286 4587//4308 4588//4309
f 4584//4305 4587//4308 4589//4286
f 4590//4310 4591//4311 4592//4312
f 4592//4312 4591//4311 4593//4313
f 4592//4312 4593//4313 4594//4314
f 4594//4314 4593//4313 4869//4585
f 4595//4286 4592//4312 4594//4314
f 4590//4310 4592//4312 4595//4286
f 4596//4315 4597//4316 4598//4317
f 4598//4317 4597//4316 4599//4318
f 4598//4317 4599//4318 4600//4319
f 4600//4319 4599//4318 4601//4320
f 4596//4315 4598//4317 4602//4321
f 4598//4317 4600//4319 4602//4321
f 4603//4322 4604//4323 4605//4324
f 4605//4324 4604//4323 4606//4325
f 4605//4324 4606//4325 4607//4326
f 4608//4327 4603//4322 4605//4324
f 4605//4324 4607//4326 4608//4327
f 4609//4328 4610//4329 4611//4312
f 4611//4312 4610//4329 4612//4330
f 4611//4312 4612//4330 4613//4331
f 4613//4331 4612//4330 4614//4332
f 4615//4286 4611//4312 4613//4331
f 4609//4328 4611//4312 4615//4286
f 4616//4333 4617//4334 4618//4335
f 4618//4335 4617//4334 4619//4336
f 4618//4335 4619//4336 4620//4337
f 4620//4337 4619//4336 4621//4338
f 4622//3299 4616//4333 4618//4335
f 4618//4335 4620//4337 4622//3299
f 4623//4339 4624//4340 4625//4341
f 4625//4341 4624//4340 4626//4342
f 4627//4343 4628//4344 4629//4345
f 4629//4345 4628//4344 4630//4346
f 4396//4118 4310//4032 4395//4117
f 4395//4117 4310//4032 4309//4031
f 4395//4117 4309//4031 4393//4115
f 4393//4115 4309//4031 4308//4030
f 4393//4115 4308//4030 4307//4029
f 4393//4115 4307//4029 4399//4121
f 4399//4121 4307//4029 4306//4028
f 4399//4121 4306//4028 4398//4120
f 4398//4120 4306//4028 4304//4026
f 4398//4120 4304//4026 4397//4119
f 4397//4119 4304//4026 4303//4025
f 4397//4119 4303//4025 4401//4123
f 4401//4123 4303//4025 4302//4024
f 4401//4123 4302//4024 4400//4122
f 4400//4122 4302//4024 4631//4347
f 4400//4122 4631//4347 4402//4124
f 4402//4124 4631//4347 4403//4125
f 4403//4125 4631//4347 4632//4348
f 4403//4125 4632//4348 4404//4126
f 4526//4248 4655//4371 4633//4349
f 4526//4248 4633//4349 4527//4249
f 4527//4249 4633//4349 4634//4350
f 4527//4249 4634//4350 4528//4250
f 4528//4250 4634//4350 4529//4251
f 4529//4251 4634//4350 4635//4351
f 4529//4251 4635//4351 4530//4252
f 4530//4252 4635//4351 4679//4395
f 4118//3840 4636//4352 4117//3839
f 4117//3839 4636//4352 4115//3837
f 4115//3837 4636//4352 4114//3836
f 4114//3836 4636//4352 3998//3720
f 3998//3720 4636//4352 4637//4353
f 3998//3720 4637//4353 3997//3719
f 3997//3719 4637//4353 3996//3718
f 4113//3835 4638//4354 4112//3834
f 4112//3834 4638//4354 4111//3833
f 4111//3833 4638//4354 4110//3832
f 4110//3832 4638//4354 4639//4355
f 4110//3832 4639//4355 4109//3831
f 4109//3831 4639//4355 4108//3830
f 4108//3830 4639//4355 4016//3738
f 4016//3738 4639//4355 4640//4356
f 4103//3825 4641//4357 4102//3824
f 4102//3824 4641//4357 4101//3823
f 4101//3823 4641//4357 4029//3751
f 4029//3751 4641//4357 4030//3752
f 4030//3752 4641//4357 4031//3753
f 4031//3753 4641//4357 4642//4358
f 4031//3753 4642//4358 4032//3754
f 4158//3880 4643//4359 4157//3879
f 4157//3879 4643//4359 4156//3878
f 4156//3878 4643//4359 4644//4360
f 4156//3878 4644//4360 4049//3771
f 4049//3771 4644//4360 4048//3770
f 4048//3770 4644//4360 4047//3769
f 4047//3769 4644//4360 4645//4361
f 4047//3769 4645//4361 3925//3648
f 4062//3784 4646//4362 4064//3786
f 4064//3786 4646//4362 4065//3787
f 4065//3787 4646//4362 4066//3788
f 4066//3788 4646//4362 4149//3871
f 4149//3871 4646//4362 4647//4363
f 4149//3871 4647//4363 4152//3874
f 4152//3874 4647//4363 4151//3873
f 3959//3681 4648//4364 3958//3680
f 3958//3680 4648//4364 4144//3866
f 4144//3866 4648//4364 4649//4365
f 4144//3866 4649//4365 4143//3865
f 4143//3865 4649//4365 4142//3864
f 4142//3864 4649//4365 4141//3863
f 4141//3863 4649//4365 4140//3862
f 3969//3691 4650//4366 4127//3849
f 4127//3849 4650//4366 4134//3856
f 4134//3856 4650//4366 4133//3855
f 4133//3855 4650//4366 4132//3854
f 4132//3854 4650//4366 4651//4367
f 4132//3854 4651//4367 4131//3853
f 4131//3853 4651//4367 4130//3852
f 3984//3706 4836//4552 3983//3705
f 3983//3705 4836//4552 4652//4368
f 3983//3705 4652//4368 4126//3848
f 4126//3848 4652//4368 4125//3847
f 4125//3847 4652//4368 4124//3846
f 4124//3846 4652//4368 4123//3845
f 4123//3845 4652//4368 4122//3844
f 4122//3844 4652//4368 4653//4369
f 4654//4370 4655//4371 4656//4372
f 4654//4370 4656//4372 4657//4373
f 4657//4373 4656//4372 4446//4168
f 4446//4168 4656//4372 4658//4374
f 4659//4375 4660//4376 4448//4170
f 4448//4170 4660//4376 4661//4377
f 4448//4170 4661//4377 4444//4166
f 4444//4166 4661//4377 4662//4378
f 4663//4379 4735//4451 4664//4380
f 4663//4379 4664//4380 4449//4171
f 4449//4171 4664//4380 4665//4381
f 4665//4381 4666//4382 4449//4171
f 4832//4548 4667//4383 4450//4172
f 4450//4172 4667//4383 4668//4384
f 4450//4172 4668//4384 4669//4385
f 4669//4385 4668//4384 4670//4386
f 4453//4175 4671//4387 4672//4388
f 4672//4388 4671//4387 4673//4389
f 4672//4388 4673//4389 4674//4390
f 4674//4390 4673//4389 4675//4391
f 4676//4392 4677//4393 4678//4394
f 4678//4394 4677//4393 4679//4395
f 4678//4394 4679//4395 4680//4396
f 4680//4396 4679//4395 4681//4397
f 4682//4398 4683//4399 4684//4400
f 4682//4398 4684//4400 4685//4401
f 4685//4401 4684//4400 4686//4402
f 4687//4403 4688//4404 4689//4405
f 4689//4405 4688//4404 4690//4406
f 4691//4407 4692//4408 4693//4409
f 4693//4409 4692//4408 4694//4410
f 4693//4409 4694//4410 4695//4411
f 4695//4411 4694//4410 4696//4412
f 4825//4541 4697//4413 4698//4414
f 4698//4414 4697//4413 4699//4415
f 4698//4414 4699//4415 4445//4167
f 4445//4167 4699//4415 4700//4416
f 4445//4167 4700//4416 4701//4417
f 4443//4165 4481//4203 4442//4164
f 4442//4164 4481//4203 4482//4204
f 4442//4164 4482//4204 4483//4205
f 4442//4164 4483//4205 4441//4163
f 4441//4163 4483//4205 4440//4162
f 4440//4162 4483//4205 4484//4206
f 4440//4162 4484//4206 4439//4161
f 4439//4161 4484//4206 4485//4207
f 4439//4161 4485//4207 4486//4208
f 4439//4161 4486//4208 4438//4160
f 4413//4135 4702//4418 4412//4134
f 4412//4134 4702//4418 4703//4419
f 4412//4134 4703//4419 4411//4133
f 4411//4133 4703//4419 4704//4420
f 4411//4133 4704//4420 4410//4132
f 4410//4132 4704//4420 4705//4421
f 4410//4132 4705//4421 4409//4131
f 4409//4131 4705//4421 4706//4422
f 4409//4131 4706//4422 4707//4423
f 4409//4131 4707//4423 4408//4130
f 4408//4130 4707//4423 4708//4424
f 4408//4130 4708//4424 4407//4129
f 4407//4129 4708//4424 4709//4425
f 4407//4129 4709//4425 4406//4128
f 4406//4128 4709//4425 4710//4426
f 4406//4128 4710//4426 4405//4127
f 4405//4127 4710//4426 4711//4427
f 4712//4428 4713//4429 4714//4430
f 4714//4430 4713//4429 4715//4431
f 4718//4434 4719//4435 4720//4436
f 4720//4436 4719//4435 4721//4437
f 4288//4010 4690//4406 4289//4011
f 4725//4441 4662//4378 4661//4377
f 4729//4445 4690//4406 4692//4408
f 4692//4408 4633//4349 4694//4410
f 4690//4406 4729//4445 4289//4011
f 4289//4011 4729//4445 4696//4412
f 4634//4350 4630//4346 4684//4400
f 4634//4350 4684//4400 4635//4351
f 4635//4351 4684//4400 4683//4399
f 4730//4446 4667//4383 4731//4447
f 4731//4447 4667//4383 4670//4386
f 4731//4447 4670//4386 4735//4451
f 4731//4447 4735//4451 4727//4443
f 4727//4443 4660//4376 4728//4444
f 4727//4443 4728//4444 4732//4448
f 4694//4410 4633//4349 4655//4371
f 4733//4449 4288//4010 4287//4009
f 4733//4449 4287//4009 4688//4404
f 4288//4010 4733//4449 4690//4406
f 4634//4350 4690//4406 4630//4346
f 4630//4346 4690//4406 4688//4404
f 4683//4399 4734//4450 4286//4008
f 4286//4008 4734//4450 4726//4442
f 4286//4008 4726//4442 4628//4344
f 4670//4386 4668//4384 4735//4451
f 4735//4451 4668//4384 4745//4461
f 4736//4452 4665//4381 4664//4380
f 4736//4452 4664//4380 4738//4454
f 4727//4443 4735//4451 4737//4453
f 4726//4442 4684//4400 4628//4344
f 4684//4400 4630//4346 4628//4344
f 4287//4009 4739//4455 4688//4404
f 4688//4404 4739//4455 4630//4346
f 4660//4376 4740//4456 4626//4342
f 4660//4376 4727//4443 4740//4456
f 4737//4453 4665//4381 4727//4443
f 4727//4443 4665//4381 4624//4340
f 4727//4443 4624//4340 4740//4456
f 4660//4376 4626//4342 4661//4377
f 4736//4452 4626//4342 4624//4340
f 4736//4452 4624//4340 4665//4381
f 4658//4374 4741//4457 4291//4013
f 4658//4374 4291//4013 4742//4458
f 4741//4457 4658//4374 4656//4372
f 4741//4457 4656//4372 4728//4444
f 4742//4458 4291//4013 4655//4371
f 4728//4444 4656//4372 4655//4371
f 4728//4444 4662//4378 4741//4457
f 4741//4457 4662//4378 4725//4441
f 4741//4457 4725//4441 4743//4459
f 4746//4462 4744//4460 4745//4461
f 4628//4344 4739//4455 4287//4009
f 4628//4344 4287//4009 4286//4008
f 4290//4012 4747//4463 4291//4013
f 4291//4013 4747//4463 4700//4416
f 4697//4413 4747//4463 4694//4410
f 4694//4410 4747//4463 4290//4012
f 4694//4410 4290//4012 4696//4412
f 4696//4412 4290//4012 4289//4011
f 4291//4013 4700//4416 4655//4371
f 4655//4371 4700//4416 4699//4415
f 4655//4371 4699//4415 4697//4413
f 4655//4371 4697//4413 4694//4410
f 4677//4393 4285//4007 4283//4005
f 4677//4393 4283//4005 4679//4395
f 4748//4464 4681//4397 4683//4399
f 4683//4399 4681//4397 4679//4395
f 4677//4393 4748//4464 4285//4007
f 4285//4007 4748//4464 4683//4399
f 4671//4387 4746//4462 4673//4389
f 4673//4389 4746//4462 4730//4446
f 4746//4462 4671//4387 4283//4005
f 4671//4387 4749//4465 4283//4005
f 4283//4005 4749//4465 4679//4395
f 4749//4465 4675//4391 4679//4395
f 4679//4395 4675//4391 4730//4446
f 4730//4446 4675//4391 4673//4389
f 4667//4383 4730//4446 4746//4462
f 4683//4399 4286//4008 4285//4007
f 4283//4005 4285//4007 4284//4006
f 4683//4399 4679//4395 4635//4351
f 4668//4384 4667//4383 4745//4461
f 4745//4461 4667//4383 4746//4462
f 4745//4461 4738//4454 4735//4451
f 4735//4451 4738//4454 4664//4380
f 4634//4350 4633//4349 4692//4408
f 4634//4350 4692//4408 4690//4406
f 4736//4452 4725//4441 4626//4342
f 4626//4342 4725//4441 4661//4377
f 4732//4448 4728//4444 4655//4371
f 4752//4468 4751//4467 4753//4469
f 4752//4468 4753//4469 4754//4470
f 4631//4347 4302//4024 4301//4023
f 4631//4347 4301//4023 4632//4348
f 4632//4348 4301//4023 4757//4473
f 4632//4348 4757//4473 4750//4466
f 4552//4274 4551//4273 4762//4478
f 4324//4046 4767//4483 4768//4484
f 4722//4438 4723//4439 4769//4485
f 4769//4485 4723//4439 4770//4486
f 4771//4487 4772//4488 4773//4489
f 4773//4489 4772//4488 4774//4490
f 4775//4491 4776//4492 4777//4493
f 4777//4493 4776//4492 4778//4494
f 4779//4495 4780//4496 4781//4497
f 4779//4495 4781//4497 4782//4498
f 4783//4499 4784//4500 4785//4501
f 4785//4501 4784//4500 4786//4502
f 4785//4501 4786//4502 4787//4503
f 4716//4432 4717//4433 4788//4504
f 4716//4432 4788//4504 4789//4505
f 4790//4506 4355//4077 4356//4078
f 4790//4506 4356//4078 4791//4507
f 4791//4507 4356//4078 4357//4079
f 4791//4507 4357//4079 4311//4033
f 4311//4033 4357//4079 4792//4508
f 4311//4033 4792//4508 4312//4034
f 4312//4034 4792//4508 4793//4509
f 4312//4034 4793//4509 4313//4035
f 4794//4510 4351//4073 4795//4511
f 4795//4511 4351//4073 4352//4074
f 4795//4511 4352//4074 4796//4512
f 4796//4512 4352//4074 4797//4513
f 4797//4513 4352//4074 4353//4075
f 4797//4513 4353//4075 4798//4514
f 4798//4514 4353//4075 4354//4076
f 4798//4514 4354//4076 4790//4506
f 4790//4506 4354//4076 4355//4077
f 4317//4039 4799//4515 4318//4040
f 4318//4040 4799//4515 4800//4516
f 4318//4040 4800//4516 4319//4041
f 4319//4041 4800//4516 4349//4071
f 4319//4041 4349//4071 4801//4517
f 4801//4517 4349//4071 4794//4510
f 4794//4510 4349//4071 4350//4072
f 4794//4510 4350//4072 4351//4073
f 4313//4035 4793//4509 4802//4518
f 4313//4035 4802//4518 4314//4036
f 4314//4036 4802//4518 4803//4519
f 4314//4036 4803//4519 4315//4037
f 4315//4037 4803//4519 4804//4520
f 4315//4037 4804//4520 4316//4038
f 4316//4038 4804//4520 4805//4521
f 4316//4038 4805//4521 4317//4039
f 4317//4039 4805//4521 4799//4515
f 4405//4127 4711//4427 4806//4522
f 4806//4522 4711//4427 4807//4523
f 4806//4522 4807//4523 4808//4524
f 4808//4524 4807//4523 4809//4525
f 4808//4524 4809//4525 4810//4526
f 4810//4526 4809//4525 4811//4527
f 4810//4526 4811//4527 4812//4528
f 4812//4528 4811//4527 4813//4529
f 4812//4528 4813//4529 4814//4530
f 4814//4530 4813//4529 4815//4531
f 4814//4530 4815//4531 4816//4532
f 4816//4532 4815//4531 4817//4533
f 4816//4532 4817//4533 4413//4135
f 4413//4135 4817//4533 4702//4418
f 4438//4160 4486//4208 4818//4534
f 4818//4534 4486//4208 4819//4535
f 4818//4534 4819//4535 4820//4536
f 4818//4534 4820//4536 4821//4537
f 4821//4537 4820//4536 4822//4538
f 4822//4538 4820//4536 4823//4539
f 4822//4538 4823//4539 4824//4540
f 4822//4538 4824//4540 4443//4165
f 4443//4165 4824//4540 4481//4203
f 4701//4417 4700//4416 4747//4463
f 4701//4417 4747//4463 4825//4541
f 4825//4541 4747//4463 4697//4413
f 4695//4411 4696//4412 4826//4542
f 4826//4542 4696//4412 4729//4445
f 4826//4542 4729//4445 4691//4407
f 4691//4407 4729//4445 4692//4408
f 4689//4405 4690//4406 4827//4543
f 4827//4543 4690//4406 4733//4449
f 4688//4404 4687//4403 4733//4449
f 4733//4449 4687//4403 4827//4543
f 4686//4402 4684//4400 4726//4442
f 4686//4402 4726//4442 4828//4544
f 4828//4544 4726//4442 4734//4450
f 4828//4544 4734//4450 4682//4398
f 4682//4398 4734//4450 4683//4399
f 4680//4396 4681//4397 4829//4545
f 4829//4545 4681//4397 4748//4464
f 4829//4545 4748//4464 4676//4392
f 4676//4392 4748//4464 4677//4393
f 4674//4390 4675//4391 4830//4546
f 4830//4546 4675//4391 4749//4465
f 4830//4546 4749//4465 4831//4547
f 4831//4547 4749//4465 4453//4175
f 4453//4175 4749//4465 4671//4387
f 4669//4385 4670//4386 4832//4548
f 4832//4548 4670//4386 4667//4383
f 4666//4382 4665//4381 4737//4453
f 4666//4382 4737//4453 4833//4549
f 4833//4549 4737//4453 4735//4451
f 4833//4549 4735//4451 4663//4379
f 4444//4166 4662//4378 4834//4550
f 4834//4550 4662//4378 4728//4444
f 4834//4550 4728//4444 4659//4375
f 4659//4375 4728//4444 4660//4376
f 4446//4168 4658//4374 4835//4551
f 4835//4551 4658//4374 4742//4458
f 4835//4551 4742//4458 4654//4370
f 4654//4370 4742//4458 4655//4371
f 4122//3844 4653//4369 4121//3843
f 4121//3843 4653//4369 4120//3842
f 4120//3842 4653//4369 3987//3709
f 3987//3709 4653//4369 4836//4552
f 3987//3709 4836//4552 3986//3708
f 3986//3708 4836//4552 3985//3707
f 3985//3707 4836//4552 3984//3706
f 4130//3852 4651//4367 4129//3851
f 4129//3851 4651//4367 4128//3850
f 4128//3850 4651//4367 4837//4553
f 4128//3850 4837//4553 3966//3688
f 3966//3688 4837//4553 3967//3689
f 3967//3689 4837//4553 3968//3690
f 3968//3690 4837//4553 3969//3691
f 3969//3691 4837//4553 4650//4366
f 4140//3862 4649//4365 4139//3861
f 4139//3861 4649//4365 4838//4554
f 4139//3861 4838//4554 4138//3860
f 4138//3860 4838//4554 4137//3859
f 4137//3859 4838//4554 4136//3858
f 4136//3858 4838//4554 4135//3857
f 4135//3857 4838//4554 4648//4364
f 4135//3857 4648//4364 3959//3681
f 4151//3873 4647//4363 4150//3872
f 4150//3872 4647//4363 4839//4555
f 4150//3872 4839//4555 4148//3870
f 4148//3870 4839//4555 4147//3869
f 4147//3869 4839//4555 4146//3868
f 4146//3868 4839//4555 4145//3867
f 4145//3867 4839//4555 4062//3784
f 4062//3784 4839//4555 4646//4362
f 3925//3648 4645//4361 3924//3647
f 3924//3647 4645//4361 4153//3875
f 4153//3875 4645//4361 4154//3876
f 4154//3876 4645//4361 4155//3877
f 4155//3877 4645//4361 4643//4359
f 4155//3877 4643//4359 4159//3881
f 4159//3881 4643//4359 4158//3880
f 4032//3754 4642//4358 4100//3822
f 4100//3822 4642//4358 4107//3829
f 4107//3829 4642//4358 4106//3828
f 4106//3828 4642//4358 4840//4556
f 4106//3828 4840//4556 4105//3827
f 4105//3827 4840//4556 4104//3826
f 4104//3826 4840//4556 4103//3825
f 4103//3825 4840//4556 4641//4357
f 4016//3738 4640//4356 4015//3737
f 4015//3737 4640//4356 4014//3736
f 4014//3736 4640//4356 3928//3651
f 3928//3651 4640//4356 3927//3650
f 3927//3650 4640//4356 4638//4354
f 3927//3650 4638//4354 4162//3884
f 4162//3884 4638//4354 4113//3835
f 3996//3718 4637//4353 3995//3717
f 3995//3717 4637//4353 3994//3716
f 3994//3716 4637//4353 3993//3715
f 3993//3715 4637//4353 4841//4557
f 3993//3715 4841//4557 4116//3838
f 4116//3838 4841//4557 4119//3841
f 4119//3841 4841//4557 4118//3840
f 4118//3840 4841//4557 4636//4352
f 4842//4558 4815//4531 4843//4559
f 4843//4559 4815//4531 4813//4529
f 4843//4559 4813//4529 4844//4560
f 4844//4560 4813//4529 4811//4527
f 4844//4560 4811//4527 4845//4561
f 4845//4561 4811//4527 4846//4562
f 4811//4527 4809//4525 4846//4562
f 4846//4562 4809//4525 4807//4523
f 4846//4562 4807//4523 4847//4563
f 4847//4563 4807//4523 4711//4427
f 4847//4563 4711//4427 4292//4014
f 4292//4014 4711//4427 4293//4015
f 4293//4015 4711//4427 4710//4426
f 4293//4015 4710//4426 4294//4016
f 4298//4020 4704//4420 4299//4021
f 4299//4021 4704//4420 4703//4419
f 4299//4021 4703//4419 4300//4022
f 4300//4022 4703//4419 4702//4418
f 4300//4022 4702//4418 4848//4564
f 4848//4564 4702//4418 4817//4533
f 4848//4564 4817//4533 4849//4565
f 4849//4565 4817//4533 4842//4558
f 4842//4558 4817//4533 4815//4531
f 4710//4426 4709//4425 4294//4016
f 4294//4016 4709//4425 4708//4424
f 4294//4016 4708//4424 4295//4017
f 4295//4017 4708//4424 4707//4423
f 4295//4017 4707//4423 4296//4018
f 4296//4018 4707//4423 4706//4422
f 4296//4018 4706//4422 4297//4019
f 4297//4019 4706//4422 4705//4421
f 4297//4019 4705//4421 4298//4020
f 4298//4020 4705//4421 4704//4420
f 4819//4535 4526//4248 4820//4536
f 4820//4536 4526//4248 4527//4249
f 4820//4536 4527//4249 4528//4250
f 4528//4250 4529//4251 4824//4540
f 4824//4540 4529//4251 4530//4252
f 4824//4540 4530//4252 4481//4203
f 4481//4203 4530//4252 4482//4204
f 4482//4204 4530//4252 4850//4566
f 4482//4204 4850//4566 4483//4205
f 4483//4205 4850//4566 4851//4567
f 4483//4205 4851//4567 4484//4206
f 4484//4206 4851//4567 4485//4207
f 4485//4207 4852//4568 4486//4208
f 4486//4208 4852//4568 4526//4248
f 4486//4208 4526//4248 4819//4535
f 4530//4252 4679//4395 4730//4446
f 4530//4252 4730//4446 4850//4566
f 4850//4566 4730//4446 4731//4447
f 4850//4566 4731//4447 4851//4567
f 4851//4567 4731//4447 4727//4443
f 4851//4567 4727//4443 4485//4207
f 4485//4207 4727//4443 4732//4448
f 4485//4207 4732//4448 4852//4568
f 4852//4568 4732//4448 4655//4371
f 4852//4568 4655//4371 4526//4248
f 4887//4603 4393//4115 4399//4121
f 4369//4091 4855//4571 4853//4569
f 4431//4153 4856//4572 4432//4154
f 4430//4152 4857//4573 4591//4311
f 4858//4574 4387//4109 4859//4575
f 4437//4159 4617//4334 4860//4576
f 4621//4338 4395//4117 4860//4576
f 4619//4336 4617//4334 4374//4096
f 4610//4329 4861//4577 4382//4104
f 4610//4329 4862//4578 4863//4579
f 4610//4329 4863//4579 4612//4330
f 4612//4330 4864//4580 4614//4332
f 4614//4332 4394//4116 4861//4577
f 4384//4106 4858//4574 4604//4323
f 4380//4102 4606//4325 4604//4323
f 4380//4102 4604//4323 4858//4574
f 4384//4106 4604//4323 4865//4581
f 4384//4106 4865//4581 4398//4120
f 4398//4120 4865//4581 4399//4121
f 4601//4320 4858//4574 4383//4105
f 4601//4320 4599//4318 4858//4574
f 4858//4574 4599//4318 4387//4109
f 4387//4109 4599//4318 4597//4316
f 4397//4119 4866//4582 4383//4105
f 4383//4105 4866//4582 4601//4320
f 4397//4119 4597//4316 4866//4582
f 4867//4583 4400//4122 4591//4311
f 4591//4311 4400//4122 4868//4584
f 4869//4585 4593//4313 4857//4573
f 4857//4573 4593//4313 4591//4311
f 4871//4587 4392//4114 4578//4299
f 4578//4299 4392//4114 4870//4586
f 4578//4299 4870//4586 4579//4300
f 4871//4587 4581//4302 4431//4153
f 4431//4153 4581//4302 4856//4572
f 4856//4572 4581//4302 4579//4300
f 4367//4089 4433//4155 4575//4296
f 4370//4092 4872//4588 4433//4155
f 4433//4155 4872//4588 4575//4296
f 4872//4588 4370//4092 4571//4292
f 4367//4089 4575//4296 4573//4294
f 4367//4089 4573//4294 4873//4589
f 4873//4589 4573//4294 4853//4569
f 4853//4569 4573//4294 4571//4292
f 4434//4156 4368//4090 4566//4288
f 4566//4288 4874//4590 4434//4156
f 4371//4093 4874//4590 4568//4290
f 4854//4570 4568//4290 4566//4288
f 4854//4570 4566//4288 4873//4589
f 4873//4589 4566//4288 4368//4090
f 4875//4591 4436//4158 4435//4157
f 4875//4591 4435//4157 4559//4281
f 4375//4097 4876//4592 4562//4284
f 4375//4097 4562//4284 4877//4593
f 4877//4593 4562//4284 4560//4282
f 4862//4578 4610//4329 4382//4104
f 4862//4578 4382//4104 4878//4594
f 4878//4594 4382//4104 4381//4103
f 4878//4594 4381//4103 4380//4102
f 4878//4594 4380//4102 4858//4574
f 4386//4108 4385//4107 4869//4585
f 4386//4108 4859//4575 4387//4109
f 4859//4575 4386//4108 4869//4585
f 4859//4575 4869//4585 4857//4573
f 4871//4587 4431//4153 4430//4152
f 4856//4572 4880//4596 4432//4154
f 4432//4154 4880//4596 4370//4092
f 4432//4154 4370//4092 4433//4155
f 4874//4590 4371//4093 4434//4156
f 4881//4597 4373//4095 4560//4282
f 4559//4281 4435//4157 4560//4282
f 4560//4282 4435//4157 4881//4597
f 4434//4156 4371//4093 4435//4157
f 4435//4157 4371//4093 4881//4597
f 4436//4158 4875//4591 4876//4592
f 4436//4158 4876//4592 4437//4159
f 4368//4090 4367//4089 4873//4589
f 4433//4155 4367//4089 4882//4598
f 4434//4156 4433//4155 4882//4598
f 4882//4598 4883//4599 4434//4156
f 4434//4156 4883//4599 4368//4090
f 4571//4292 4370//4092 4853//4569
f 4853//4569 4370//4092 4369//4091
f 4877//4593 4372//4094 4854//4570
f 4854//4570 4372//4094 4568//4290
f 4568//4290 4372//4094 4371//4093
f 4619//4336 4374//4096 4884//4600
f 4619//4336 4884//4600 4376//4098
f 4619//4336 4376//4098 4885//4601
f 4885//4601 4376//4098 4375//4097
f 4375//4097 4374//4096 4876//4592
f 4876//4592 4374//4096 4437//4159
f 4378//4100 4437//4159 4395//4117
f 4395//4117 4437//4159 4860//4576
f 4886//4602 4394//4116 4864//4580
f 4394//4116 4886//4602 4379//4101
f 4394//4116 4379//4101 4395//4117
f 4395//4117 4379//4101 4378//4100
f 4437//4159 4378//4100 4863//4579
f 4378//4100 4377//4099 4863//4579
f 4863//4579 4377//4099 4612//4330
f 4612//4330 4377//4099 4864//4580
f 4399//4121 4865//4581 4606//4325
f 4399//4121 4606//4325 4380//4102
f 4399//4121 4380//4102 4887//4603
f 4397//4119 4888//4604 4398//4120
f 4888//4604 4889//4605 4398//4120
f 4398//4120 4889//4605 4384//4106
f 4383//4105 4858//4574 4384//4106
f 4397//4119 4383//4105 4888//4604
f 4400//4122 4879//4595 4397//4119
f 4397//4119 4879//4595 4597//4316
f 4597//4316 4879//4595 4387//4109
f 4430//4152 4591//4311 4868//4584
f 4430//4152 4868//4584 4390//4112
f 4430//4152 4390//4112 4403//4125
f 4390//4112 4389//4111 4403//4125
f 4403//4125 4389//4111 4388//4110
f 4403//4125 4388//4110 4402//4124
f 4392//4114 4871//4587 4430//4152
f 4430//4152 4890//4606 4392//4114
f 4890//4606 4404//4126 4391//4113
f 4391//4113 4404//4126 4870//4586
f 4403//4125 4891//4607 4430//4152
f 4430//4152 4891//4607 4892//4608
f 4890//4606 4586//4307 4404//4126
f 4586//4307 4585//4306 4404//4126
f 4404//4126 4585//4306 4403//4125
f 4403//4125 4585//4306 4891//4607
f 4402//4124 4388//4110 4868//4584
f 4402//4124 4868//4584 4400//4122
f 4867//4583 4869//4585 4400//4122
f 4400//4122 4869//4585 4385//4107
f 4400//4122 4385//4107 4879//4595
f 4393//4115 4887//4603 4382//4104
f 4393//4115 4382//4104 4394//4116
f 4382//4104 4861//4577 4394//4116
f 4394//4116 4614//4332 4864//4580
f 4396//4118 4395//4117 4621//4338
f 4375//4097 4877//4593 4885//4601
f 4885//4601 4396//4118 4619//4336
f 4619//4336 4396//4118 4621//4338
f 4877//4593 4560//4282 4373//4095
f 4877//4593 4373//4095 4372//4094
f 4855//4571 4369//4091 4856//4572
f 4855//4571 4856//4572 4870//4586
f 4579//4300 4870//4586 4856//4572
f 4392//4114 4391//4113 4870//4586
f 4892//4608 4586//4307 4430//4152
f 4430//4152 4586//4307 4890//4606
f 4437//4159 4374//4096 4617//4334
f 4404//4126 4632//4348 4870//4586
f 4870//4586 4632//4348 4750//4466
f 4870//4586 4750//4466 4855//4571
f 4855//4571 4750//4466 4751//4467
f 4855//4571 4751//4467 4853//4569
f 4853//4569 4751//4467 4752//4468
f 4853//4569 4752//4468 4873//4589
f 4873//4589 4752//4468 4754//4470
f 4873//4589 4754//4470 4854//4570
f 4854//4570 4754//4470 4893//4609
f 4893//4609 4754//4470 4755//4471
f 4893//4609 4755//4471 4877//4593
f 4877//4593 4755//4471 4756//4472
f 4877//4593 4756//4472 4885//4601
f 4885//4601 4756//4472 4396//4118
f 4396//4118 4756//4472 4310//4032
f 4629//4345 4630//4346 4894//4610
f 4894//4610 4630//4346 4739//4455
f 4894//4610 4739//4455 4627//4343
f 4627//4343 4739//4455 4628//4344
f 4627//4343 4629//4345 4894//4610
f 4625//4341 4626//4342 4895//4611
f 4895//4611 4626//4342 4740//4456
f 4895//4611 4740//4456 4623//4339
f 4623//4339 4740//4456 4624//4340
f 4623//4339 4625//4341 4895//4611
f 4622//3299 4620//4337 4896//4612
f 4896//4612 4616//4333 4622//3299
f 4620//4337 4621//4338 4896//4612
f 4896//4612 4621//4338 4860//4576
f 4896//4612 4860//4576 4616//4333
f 4616//4333 4860//4576 4617//4334
f 4615//4286 4613//4331 4897//4613
f 4615//4286 4897//4613 4609//4328
f 4613//4331 4614//4332 4897//4613
f 4897//4613 4614//4332 4861//4577
f 4897//4613 4861//4577 4609//4328
f 4609//4328 4861//4577 4610//4329
f 4607//4326 4898//4614 4608//4327
f 4898//4614 4603//4322 4608//4327
f 4607//4326 4606//4325 4898//4614
f 4898//4614 4606//4325 4865//4581
f 4898//4614 4865//4581 4603//4322
f 4603//4322 4865//4581 4604//4323
f 4600//4319 4899//4615 4602//4321
f 4602//4321 4899//4615 4596//4315
f 4600//4319 4601//4320 4899//4615
f 4899//4615 4601//4320 4866//4582
f 4899//4615 4866//4582 4597//4316
f 4899//4615 4597//4316 4596//4315
f 4595//4286 4594//4314 4900//4616
f 4595//4286 4900//4616 4590//4310
f 4594//4314 4869//4585 4900//4616
f 4900//4616 4869//4585 4867//4583
f 4900//4616 4867//4583 4590//4310
f 4590//4310 4867//4583 4591//4311
f 4589//4286 4588//4309 4901//4617
f 4589//4286 4901//4617 4584//4305
f 4588//4309 4586//4307 4892//4608
f 4588//4309 4892//4608 4901//4617
f 4901//4617 4892//4608 4891//4607
f 4901//4617 4891//4607 4584//4305
f 4584//4305 4891//4607 4585//4306
f 4582//4303 4902//4618 4583//4304
f 4902//4618 4577//4298 4583//4304
f 4582//4303 4581//4302 4902//4618
f 4902//4618 4581//4302 4871//4587
f 4902//4618 4871//4587 4577//4298
f 4577//4298 4871//4587 4578//4299
f 4574//4295 4903//4619 4576//4297
f 4576//4297 4903//4619 4570//4291
f 4574//4295 4575//4296 4903//4619
f 4903//4619 4575//4296 4872//4588
f 4903//4619 4872//4588 4570//4291
f 4570//4291 4872//4588 4571//4292
f 4569//4286 4904//4620 4905//4621
f 4569//4286 4905//4621 4565//4287
f 4904//4620 4568//4290 4874//4590
f 4904//4620 4874//4590 4905//4621
f 4905//4621 4874//4590 4565//4287
f 4565//4287 4874//4590 4566//4288
f 4564//4286 4563//4285 4906//4617
f 4564//4286 4906//4617 4558//4280
f 4563//4285 4562//4284 4876//4592
f 4563//4285 4876//4592 4906//4617
f 4906//4617 4876//4592 4875//4591
f 4906//4617 4875//4591 4558//4280
f 4558//4280 4875//4591 4559//4281
f 4017//3739 4423//4145 4907//4622
f 3934//3657 4418//4140 4058//3780
f 3739//3462 4908//4623 3741//3464
f 3734//3457 4959//4674 3732//3455
f 3727//3450 4511//4233 3726//3449
f 4425//4147 4963//4678 4909//4624
f 4147//3869 4146//3868 4414//4136
f 4130//3852 4129//3851 4509//4231
f 4119//3841 4118//3840 4962//4677
f 4962//4677 4118//3840 4117//3839
f 4962//4677 4117//3839 4963//4678
f 4963//4678 4117//3839 4115//3837
f 4963//4678 4115//3837 4114//3836
f 4963//4678 4114//3836 4909//4624
f 4909//4624 4114//3836 3998//3720
f 4909//4624 3998//3720 3719//3442
f 3719//3442 3998//3720 3997//3719
f 3719//3442 3997//3719 3996//3718
f 3993//3715 4116//3838 4962//4677
f 4916//4631 4124//3846 4536//4258
f 4536//4258 4124//3846 4123//3845
f 4536//4258 4123//3845 4122//3844
f 4536//4258 4122//3844 3725//3448
f 3984//3706 3983//3705 4910//4625
f 4910//4625 3983//3705 4126//3848
f 4910//4625 4126//3848 4916//4631
f 4916//4631 4126//3848 4125//3847
f 4916//4631 4125//3847 4124//3846
f 3987//3709 3727//3450 4120//3842
f 4120//3842 3727//3450 3725//3448
f 4120//3842 3725//3448 4121//3843
f 4121//3843 3725//3448 4122//3844
f 3985//3707 4511//4233 3727//3450
f 3985//3707 3727//3450 3986//3708
f 4134//3856 4959//4674 4127//3849
f 4127//3849 4959//4674 3969//3691
f 3969//3691 4959//4674 3734//3457
f 4134//3856 4133//3855 4959//4674
f 4959//4674 4133//3855 4132//3854
f 4959//4674 4132//3854 4911//4626
f 4911//4626 4132//3854 4131//3853
f 4509//4231 4129//3851 4507//4229
f 4507//4229 4129//3851 3729//3452
f 4507//4229 3729//3452 3730//3453
f 3734//3457 3968//3690 3969//3691
f 4143//3865 4142//3864 4912//4627
f 4912//4627 4142//3864 4141//3863
f 4912//4627 4141//3863 4914//4629
f 4141//3863 4140//3862 4914//4629
f 4914//4629 4140//3862 4139//3861
f 4914//4629 4139//3861 4532//4254
f 4532//4254 4139//3861 4138//3860
f 4138//3860 4137//3859 4532//4254
f 4532//4254 4137//3859 3737//3460
f 3959//3681 3739//3462 4135//3857
f 4135//3857 3739//3462 3737//3460
f 4135//3857 3737//3460 4136//3858
f 4136//3858 3737//3460 4137//3859
f 4414//4136 4908//4623 4144//3866
f 4144//3866 4908//4623 3739//3462
f 4144//3866 3739//3462 3958//3680
f 4418//4140 4151//3873 4150//3872
f 4418//4140 4150//3872 4415//4137
f 4415//4137 4150//3872 4148//3870
f 3934//3657 4066//3788 4418//4140
f 4418//4140 4066//3788 4149//3871
f 4418//4140 4149//3871 4152//3874
f 4418//4140 4152//3874 4151//3873
f 4414//4136 4146//3868 4499//4221
f 4499//4221 4146//3868 4063//3785
f 4499//4221 4063//3785 3951//3674
f 3934//3657 4065//3787 4066//3788
f 4159//3881 4158//3880 4913//4628
f 4913//4628 4158//3880 3938//3661
f 4416//4138 4422//4144 4153//3875
f 4153//3875 4154//3876 4416//4138
f 4416//4138 4154//3876 4155//3877
f 4416//4138 4155//3877 4913//4628
f 4913//4628 4155//3877 4159//3881
f 4158//3880 4157//3879 3938//3661
f 3938//3661 4157//3879 4156//3878
f 3938//3661 4156//3878 4044//3766
f 4156//3878 4049//3771 4044//3766
f 4044//3766 4048//3770 4421//4143
f 4421//4143 4048//3770 4047//3769
f 4421//4143 4047//3769 4422//4144
f 4422//4144 4047//3769 3925//3648
f 4422//4144 3925//3648 3924//3647
f 4422//4144 3924//3647 4153//3875
f 4032//3754 4100//3822 4419//4141
f 4107//3829 4106//3828 4419//4141
f 4419//4141 4106//3828 4105//3827
f 4419//4141 4105//3827 4420//4142
f 4420//4142 4105//3827 4104//3826
f 4420//4142 4104//3826 4103//3825
f 4420//4142 4103//3825 4421//4143
f 4421//4143 4103//3825 4102//3824
f 4421//4143 4102//3824 4028//3750
f 4028//3750 4102//3824 4101//3823
f 4028//3750 4101//3823 4029//3751
f 3947//3670 4109//3831 4108//3830
f 3947//3670 4108//3830 4007//3729
f 4108//3830 4016//3738 4007//3729
f 4007//3729 4015//3737 4425//4147
f 4425//4147 4015//3737 4014//3736
f 4425//4147 4014//3736 4426//4148
f 4426//4148 4014//3736 3928//3651
f 4109//3831 3947//3670 4110//3832
f 4110//3832 3947//3670 4907//4622
f 4110//3832 4907//4622 4111//3833
f 4111//3833 4907//4622 4423//4145
f 4111//3833 4423//4145 4112//3834
f 4113//3835 4423//4145 4162//3884
f 4162//3884 4423//4145 4426//4148
f 4162//3884 4426//4148 3927//3650
f 3927//3650 4426//4148 3928//3651
f 3726//3449 4511//4233 3731//3454
f 3731//3454 4507//4229 3730//3453
f 3741//3464 4908//4623 3742//3465
f 3742//3465 4908//4623 3951//3674
f 3951//3674 4908//4623 4499//4221
f 4148//3870 4147//3869 4415//4137
f 4415//4137 4147//3869 4414//4136
f 4912//4627 4414//4136 4144//3866
f 4912//4627 4144//3866 4143//3865
f 4501//4223 4503//4225 4532//4254
f 4532//4254 3699//3422 4501//4223
f 3735//3458 3732//3455 4506//4228
f 4506//4228 4501//4223 3735//3458
f 3735//3458 4501//4223 3699//3422
f 4503//4225 4914//4629 4532//4254
f 4503//4225 4506//4228 4959//4674
f 4959//4674 4506//4228 3732//3455
f 4131//3853 4130//3852 4911//4626
f 4911//4626 4130//3852 4509//4231
f 4509//4231 4511//4233 4910//4625
f 4910//4625 4511//4233 3985//3707
f 4910//4625 3985//3707 3984//3706
f 4915//4630 4514//4236 4536//4258
f 4514//4236 4516//4238 4962//4677
f 4962//4677 4116//3838 4119//3841
f 3994//3716 3993//3715 3723//3446
f 3723//3446 3993//3715 4962//4677
f 3723//3446 4962//4677 3683//3406
f 3683//3406 4962//4677 4516//4238
f 3683//3406 4516//4238 3724//3447
f 3724//3447 4915//4630 3686//3409
f 3686//3409 4915//4630 4536//4258
f 4514//4236 4916//4631 4536//4258
f 4017//3739 3945//3668 4521//4243
f 4113//3835 4112//3834 4423//4145
f 4424//4146 4518//4240 4419//4141
f 4419//4141 4100//3822 4107//3829
f 4017//3739 4521//4243 4423//4145
f 4423//4145 4521//4243 4424//4146
f 4031//3753 4032//3754 3944//3667
f 3944//3667 4032//3754 4419//4141
f 3944//3667 4419//4141 4025//3747
f 4025//3747 4419//4141 4518//4240
f 4025//3747 4518//4240 3945//3668
f 3945//3668 4518//4240 4521//4243
f 4913//4628 3935//3658 4496//4218
f 4055//3777 4058//3780 4493//4215
f 4913//4628 4496//4218 4417//4139
f 4055//3777 4493//4215 3935//3658
f 3935//3658 4493//4215 4496//4218
f 4917//4632 4418//4140 4417//4139
f 4913//4628 4417//4139 4416//4138
f 4418//4140 4917//4632 4058//3780
f 4058//3780 4917//4632 4493//4215
f 4425//4147 4523//4245 4007//3729
f 4007//3729 4523//4245 4009//3731
f 4523//4245 3720//3443 4009//3731
f 3678//3401 3720//3443 4909//4624
f 3678//3401 4909//4624 3719//3442
f 3942//3665 4490//4212 3940//3663
f 3940//3663 4490//4212 3939//3662
f 4421//4143 4487//4209 4044//3766
f 4044//3766 4487//4209 3942//3665
f 3942//3665 4487//4209 4490//4212
f 4490//4212 4491//4213 3939//3662
f 3939//3662 4491//4213 4028//3750
f 4028//3750 4491//4213 4421//4143
f 4925//4640 4918//4633 4919//4634
f 4920//4635 4325//4047 4921//4636
f 4761//4477 4762//4478 4922//4637
f 4922//4637 4762//4478 4923//4638
f 4764//4480 4322//4044 4323//4045
f 4922//4637 4923//4638 4323//4045
f 4323//4045 4923//4638 4924//4639
f 4323//4045 4924//4639 4764//4480
f 4765//4481 4763//4479 4921//4636
f 4921//4636 4763//4479 4924//4639
f 4921//4636 4924//4639 3938//3661
f 4921//4636 3938//3661 4920//4635
f 4767//4483 4324//4046 4325//4047
f 4325//4047 4920//4635 4767//4483
f 4766//4482 4768//4484 4919//4634
f 4919//4634 4768//4484 4925//4640
f 4931//4646 4946//4661 4918//4633
f 4918//4633 4925//4640 3945//3668
f 4918//4633 3945//3668 4931//4646
f 4926//4641 4927//4642 4928//4643
f 4928//4643 4927//4642 4907//4622
f 4928//4643 4907//4622 3947//3670
f 4928//4643 3947//3670 4929//4644
f 4557//4279 4724//4440 4930//4645
f 4929//4644 4557//4279 4930//4645
f 4929//4644 4930//4645 4928//4643
f 4907//4622 4927//4642 3945//3668
f 4927//4642 4931//4646 3945//3668
f 4925//4640 4768//4484 4920//4635
f 4768//4484 4767//4483 4920//4635
f 4924//4639 4763//4479 4764//4480
f 4551//4273 4531//4253 4762//4478
f 4762//4478 4531//4253 4923//4638
f 4764//4480 4763//4479 4495//4217
f 4764//4480 4495//4217 4494//4216
f 4764//4480 4494//4216 4935//4650
f 4935//4650 4494//4216 4936//4651
f 4937//4652 4935//4650 4936//4651
f 4937//4652 4936//4651 4497//4219
f 4937//4652 4497//4219 4934//4649
f 4934//4649 4497//4219 4763//4479
f 4763//4479 4497//4219 4495//4217
f 4768//4484 4489//4211 4324//4046
f 4488//4210 4772//4488 4489//4211
f 4766//4482 4492//4214 4768//4484
f 4768//4484 4492//4214 4489//4211
f 4763//4479 4774//4490 4934//4649
f 4934//4649 4774//4490 4772//4488
f 4934//4649 4772//4488 4488//4210
f 4934//4649 4488//4210 4938//4653
f 4938//4653 4488//4210 4939//4654
f 4938//4653 4939//4654 4933//4648
f 4489//4211 4772//4488 4324//4046
f 4492//4214 4766//4482 4721//4437
f 4492//4214 4721//4437 4939//4654
f 4932//4647 4522//4244 4927//4642
f 4940//4655 4933//4648 4519//4241
f 4940//4655 4519//4241 4941//4656
f 4940//4655 4941//4656 4932//4647
f 4932//4647 4941//4656 4522//4244
f 4927//4642 4522//4244 4520//4242
f 4927//4642 4520//4242 4931//4646
f 4557//4279 4544//4266 4942//4657
f 4770//4486 4943//4658 4942//4657
f 4770//4486 4942//4657 4544//4266
f 4770//4486 4365//4087 4943//4658
f 4943//4658 4365//4087 4366//4088
f 4943//4658 4366//4088 4524//4246
f 4524//4246 4366//4088 4932//4647
f 4525//4247 4724//4440 4557//4279
f 4525//4247 4557//4279 4942//4657
f 4932//4647 4713//4429 4524//4246
f 4524//4246 4713//4429 4525//4247
f 4525//4247 4713//4429 4724//4440
f 4556//4278 4546//4268 4517//4239
f 4363//4085 4513//4235 4546//4268
f 4546//4268 4513//4235 4944//4659
f 4546//4268 4944//4659 4517//4239
f 4556//4278 4517//4239 4515//4237
f 4556//4278 4515//4237 4365//4087
f 4364//4086 4365//4087 4515//4237
f 4364//4086 4515//4237 4513//4235
f 4364//4086 4513//4235 4363//4085
f 4554//4276 4550//4272 4502//4224
f 4554//4276 4502//4224 4945//4660
f 4554//4276 4945//4660 4361//4083
f 4361//4083 4945//4660 4505//4227
f 4360//4082 4361//4083 4505//4227
f 4360//4082 4505//4227 4359//4081
f 4359//4081 4505//4227 4504//4226
f 4359//4081 4504//4226 4550//4272
f 4550//4272 4504//4226 4502//4224
f 4927//4642 4715//4431 4932//4647
f 4932//4647 4715//4431 4713//4429
f 4927//4642 4926//4641 4715//4431
f 4520//4242 4519//4241 4931//4646
f 4931//4646 4519//4241 4933//4648
f 4931//4646 4933//4648 4719//4435
f 4939//4654 4721//4437 4933//4648
f 4933//4648 4721//4437 4719//4435
f 4931//4646 4719//4435 4946//4661
f 4763//4479 4765//4481 4774//4490
f 4776//4492 4764//4480 4935//4650
f 4776//4492 4935//4650 4778//4494
f 4776//4492 4322//4044 4764//4480
f 4948//4663 4500//4222 4780//4496
f 4780//4496 4500//4222 4778//4494
f 4762//4478 4761//4477 4498//4220
f 4948//4663 4780//4496 4947//4662
f 4947//4662 4780//4496 4552//4274
f 4762//4478 4498//4220 4947//4662
f 4762//4478 4947//4662 4552//4274
f 4778//4494 4500//4222 4498//4220
f 4498//4220 4761//4477 4778//4494
f 4935//4650 4358//4080 4778//4494
f 4778//4494 4358//4080 4780//4496
f 4780//4496 4358//4080 4359//4081
f 4780//4496 4359//4081 4781//4497
f 4781//4497 4359//4081 4550//4272
f 4550//4272 4320//4042 4781//4497
f 4784//4500 4554//4276 4361//4083
f 4784//4500 4361//4083 4786//4502
f 4784//4500 4760//4476 4554//4276
f 4548//4270 4547//4269 4508//4230
f 4512//4234 4510//4232 4717//4433
f 4717//4433 4510//4232 4786//4502
f 4786//4502 4510//4232 4508//4230
f 4786//4502 4508//4230 4547//4269
f 4512//4234 4759//4475 4555//4277
f 4512//4234 4555//4277 4949//4664
f 4949//4664 4555//4277 4548//4270
f 4949//4664 4548//4270 4508//4230
f 4512//4234 4717//4433 4759//4475
f 4361//4083 4362//4084 4786//4502
f 4786//4502 4362//4084 4717//4433
f 4717//4433 4362//4084 4363//4085
f 4717//4433 4363//4085 4788//4504
f 4788//4504 4363//4085 4546//4268
f 4546//4268 4545//4267 4788//4504
f 4365//4087 4770//4486 4723//4439
f 4365//4087 4723//4439 4556//4278
f 4556//4278 4723//4439 4758//4474
f 3720//3443 4929//4644 4009//3731
f 4009//3731 4929//4644 4007//3729
f 4007//3729 4929//4644 3947//3670
f 4017//3739 4907//4622 3945//3668
f 4025//3747 3945//3668 4925//4640
f 4025//3747 4925//4640 3944//3667
f 3944//3667 4925//4640 4028//3750
f 4028//3750 4925//4640 3939//3662
f 3939//3662 4925//4640 4920//4635
f 3939//3662 4920//4635 3940//3663
f 3940//3663 4920//4635 3942//3665
f 3942//3665 4920//4635 4044//3766
f 4044//3766 4920//4635 3938//3661
f 4913//4628 3938//3661 4924//4639
f 4913//4628 4924//4639 3935//3658
f 3935//3658 4924//4639 4055//3777
f 4055//3777 4924//4639 4058//3780
f 4058//3780 4924//4639 4923//4638
f 4058//3780 4923//4638 3934//3657
f 3934//3657 4923//4638 4063//3785
f 4063//3785 4923//4638 3951//3674
f 3951//3674 4923//4638 4531//4253
f 3951//3674 4531//4253 3742//3465
f 3720//3443 4942//4657 4909//4624
f 4909//4624 4942//4657 4943//4658
f 4909//4624 4943//4658 4425//4147
f 4521//4243 4522//4244 4424//4146
f 4424//4146 4522//4244 4941//4656
f 4424//4146 4941//4656 4518//4240
f 4518//4240 4941//4656 4519//4241
f 4516//4238 4517//4239 3724//3447
f 3724//3447 4517//4239 4915//4630
f 4915//4630 4517//4239 4944//4659
f 4915//4630 4944//4659 4513//4235
f 4511//4233 4512//4234 3731//3454
f 3731//3454 4512//4234 4949//4664
f 3731//3454 4949//4664 4507//4229
f 4507//4229 4949//4664 4508//4230
f 4506//4228 4505//4227 4945//4660
f 4506//4228 4945//4660 4501//4223
f 4501//4223 4945//4660 4502//4224
f 4414//4136 4500//4222 4948//4663
f 4414//4136 4948//4663 4908//4623
f 4908//4623 4948//4663 4947//4662
f 4908//4623 4947//4662 4498//4220
f 4417//4139 4497//4219 4917//4632
f 4917//4632 4497//4219 4936//4651
f 4917//4632 4936//4651 4493//4215
f 4493//4215 4936//4651 4494//4216
f 4491//4213 4492//4214 4939//4654
f 4491//4213 4939//4654 4421//4143
f 4421//4143 4939//4654 4488//4210
f 4421//4143 4488//4210 4487//4209
f 4820//4536 4528//4250 4823//4539
f 4823//4539 4528//4250 4824//4540
f 4841//4557 4542//4264 4722//4438
f 4637//4353 4543//4265 4542//4264
f 4637//4353 4542//4264 4841//4557
f 4841//4557 4722//4438 4636//4352
f 4636//4352 4722//4438 4769//4485
f 4636//4352 4769//4485 4637//4353
f 4637//4353 4769//4485 4543//4265
f 4640//4356 4639//4355 4928//4643
f 4638//4354 4714//4430 4639//4355
f 4639//4355 4714//4430 4928//4643
f 4640//4356 4930//4645 4712//4428
f 4640//4356 4712//4428 4638//4354
f 4638//4354 4712//4428 4714//4430
f 4928//4643 4930//4645 4640//4356
f 4642//4358 4918//4633 4718//4434
f 4642//4358 4718//4434 4840//4556
f 4641//4357 4919//4634 4918//4633
f 4641//4357 4918//4633 4642//4358
f 4840//4556 4718//4434 4720//4436
f 4840//4556 4720//4436 4641//4357
f 4641//4357 4720//4436 4919//4634
f 4921//4636 4644//4360 4643//4359
f 4644//4360 4325//4047 4645//4361
f 4645//4361 4325//4047 4771//4487
f 4645//4361 4771//4487 4773//4489
f 4645//4361 4773//4489 4643//4359
f 4643//4359 4773//4489 4921//4636
f 4921//4636 4325//4047 4644//4360
f 4646//4362 4839//4555 4922//4637
f 4646//4362 4922//4637 4323//4045
f 4646//4362 4323//4045 4647//4363
f 4647//4363 4323//4045 4775//4491
f 4647//4363 4775//4491 4839//4555
f 4839//4555 4775//4491 4777//4493
f 4839//4555 4777//4493 4922//4637
f 4321//4043 4648//4364 4838//4554
f 4321//4043 4838//4554 4782//4498
f 4648//4364 4553//4275 4649//4365
f 4649//4365 4553//4275 4779//4495
f 4649//4365 4779//4495 4782//4498
f 4649//4365 4782//4498 4838//4554
f 4321//4043 4553//4275 4648//4364
f 4837//4553 4549//4271 4539//4261
f 4837//4553 4539//4261 4650//4366
f 4650//4366 4539//4261 4783//4499
f 4650//4366 4783//4499 4651//4367
f 4651//4367 4783//4499 4785//4501
f 4651//4367 4785//4501 4787//4503
f 4651//4367 4787//4503 4837//4553
f 4837//4553 4787//4503 4549//4271
f 4540//4262 4836//4552 4541//4263
f 4541//4263 4836//4552 4653//4369
f 4836//4552 4540//4262 4716//4432
f 4836//4552 4716//4432 4652//4368
f 4652//4368 4716//4432 4789//4505
f 4652//4368 4789//4505 4653//4369
f 4653//4369 4789//4505 4541//4263
f 4480//4202 4368//4090 4883//4599
f 4480//4202 4883//4599 4950//4665
f 4950//4665 4883//4599 4882//4598
f 4950//4665 4882//4598 4479//4201
f 4479//4201 4882//4598 4367//4089
f 4950//4665 4479//4201 4480//4202
f 4478//4200 4370//4092 4880//4596
f 4478//4200 4880//4596 4856//4572
f 4478//4200 4856//4572 4476//4198
f 4476//4198 4856//4572 4369//4091
f 4477//4199 4478//4200 4476//4198
f 4475//4197 4392//4114 4951//4666
f 4951//4666 4392//4114 4890//4606
f 4951//4666 4890//4606 4473//4195
f 4473//4195 4890//4606 4391//4113
f 4475//4197 4473//4195 4474//4196
f 4473//4195 4475//4197 4951//4666
f 4472//4194 4868//4584 4470//4192
f 4470//4192 4868//4584 4388//4110
f 4471//4193 4472//4194 4470//4192
f 4469//4191 4387//4109 4879//4595
f 4469//4191 4879//4595 4467//4189
f 4467//4189 4879//4595 4385//4107
f 4469//4191 4467//4189 4468//4190
f 4466//4188 4384//4106 4952//4667
f 4952//4667 4384//4106 4889//4605
f 4952//4667 4889//4605 4888//4604
f 4952//4667 4888//4604 4465//4187
f 4465//4187 4888//4604 4383//4105
f 4952//4667 4465//4187 4466//4188
f 4464//4186 4887//4603 4953//4668
f 4953//4668 4887//4603 4380//4102
f 4953//4668 4380//4102 4462//4184
f 4953//4668 4462//4184 4464//4186
f 4464//4186 4462//4184 4463//4185
f 4461//4183 4379//4101 4886//4602
f 4461//4183 4886//4602 4459//4181
f 4459//4181 4886//4602 4864//4580
f 4459//4181 4864//4580 4377//4099
f 4461//4183 4459//4181 4460//4182
f 4458//4180 4376//4098 4954//4669
f 4954//4669 4376//4098 4884//4600
f 4954//4669 4884//4600 4374//4096
f 4954//4669 4374//4096 4457//4179
f 4457//4179 4458//4180 4954//4669
f 4456//4178 4373//4095 4454//4176
f 4454//4176 4373//4095 4881//4597
f 4454//4176 4881//4597 4371//4093
f 4455//4177 4456//4178 4454//4176
f 4438//4160 4825//4541 4698//4414
f 4438//4160 4698//4414 4445//4167
f 4691//4407 4693//4409 4821//4537
f 4827//4543 4826//4542 4691//4407
f 4956//4671 4686//4402 4828//4544
f 4955//4670 4682//4398 4822//4538
f 4822//4538 4682//4398 4685//4401
f 4822//4538 4685//4401 4686//4402
f 4680//4396 4829//4545 4955//4670
f 4680//4396 4443//4165 4678//4394
f 4831//4547 4676//4392 4678//4394
f 4832//4548 4452//4174 4441//4163
f 4441//4163 4669//4385 4832//4548
f 4833//4549 4441//4163 4659//4375
f 4833//4549 4659//4375 4666//4382
f 4833//4549 4663//4379 4441//4163
f 4441//4163 4663//4379 4451//4173
f 4441//4163 4451//4173 4669//4385
f 4669//4385 4451//4173 4450//4172
f 4449//4171 4666//4382 4448//4170
f 4448//4170 4666//4382 4659//4375
f 4451//4173 4663//4379 4449//4171
f 4659//4375 4440//4162 4834//4550
f 4443//4165 4680//4396 4340//4062
f 4443//4165 4340//4062 4822//4538
f 4822//4538 4340//4062 4338//4060
f 4822//4538 4338//4060 4955//4670
f 4955//4670 4338//4060 4342//4064
f 4821//4537 4822//4538 4691//4407
f 4818//4534 4821//4537 4693//4409
f 4693//4409 4701//4417 4332//4054
f 4332//4054 4336//4058 4693//4409
f 4693//4409 4336//4058 4818//4534
f 4818//4534 4336//4058 4438//4160
f 4438//4160 4327//4049 4957//4672
f 4438//4160 4957//4672 4439//4161
f 4439//4161 4957//4672 4329//4051
f 4345//4067 4441//4163 4452//4174
f 4345//4067 4452//4174 4347//4069
f 4442//4164 4344//4066 4443//4165
f 4344//4066 4347//4069 4443//4165
f 4680//4396 4955//4670 4342//4064
f 4825//4541 4334//4056 4332//4054
f 4825//4541 4332//4054 4701//4417
f 4329//4051 4834//4550 4439//4161
f 4439//4161 4834//4550 4440//4162
f 4440//4162 4659//4375 4441//4163
f 4442//4164 4441//4163 4345//4067
f 4442//4164 4345//4067 4344//4066
f 4834//4550 4329//4051 4327//4049
f 4672//4388 4674//4390 4347//4069
f 4674//4390 4830//4546 4443//4165
f 4443//4165 4830//4546 4831//4547
f 4443//4165 4831//4547 4678//4394
f 4452//4174 4453//4175 4672//4388
f 4347//4069 4452//4174 4672//4388
f 4445//4167 4835//4551 4438//4160
f 4438//4160 4835//4551 4654//4370
f 4438//4160 4654//4370 4327//4049
f 4327//4049 4654//4370 4657//4373
f 4447//4169 4657//4373 4446//4168
f 4445//4167 4446//4168 4835//4551
f 4689//4405 4827//4543 4691//4407
f 4686//4402 4956//4671 4822//4538
f 4822//4538 4956//4671 4687//4403
f 4822//4538 4687//4403 4689//4405
f 4822//4538 4689//4405 4691//4407
f 4956//4671 4827//4543 4687//4403
f 4828//4544 4955//4670 4676//4392
f 4676//4392 4955//4670 4829//4545
f 4695//4411 4701//4417 4693//4409
f 4336//4058 4334//4056 4438//4160
f 4438//4160 4334//4056 4825//4541
f 4447//4169 4444//4166 4834//4550
f 4834//4550 4327//4049 4447//4169
f 4447//4169 4327//4049 4657//4373
f 4828//4544 4682//4398 4955//4670
f 4347//4069 4674//4390 4443//4165
f 4680//4396 4342//4064 4340//4062
f 4452//4174 4832//4548 4450//4172
f 4878//4594 4828//4544 4862//4578
f 4831//4547 4437//4159 4676//4392
f 4676//4392 4437//4159 4863//4579
f 4676//4392 4863//4579 4828//4544
f 4828//4544 4863//4579 4862//4578
f 4858//4574 4956//4671 4878//4594
f 4878//4594 4956//4671 4828//4544
f 4857//4573 4695//4411 4859//4575
f 4859//4575 4695//4411 4826//4542
f 4859//4575 4826//4542 4827//4543
f 4859//4575 4827//4543 4858//4574
f 4858//4574 4827//4543 4956//4671
f 4430//4152 4445//4167 4701//4417
f 4430//4152 4701//4417 4857//4573
f 4857//4573 4701//4417 4695//4411
f 4429//4151 4414//4136 4912//4627
f 4429//4151 4912//4627 4958//4673
f 4958//4673 4912//4627 4914//4629
f 4958//4673 4914//4629 4503//4225
f 4958//4673 4503//4225 4959//4674
f 4959//4674 4911//4626 4960//4675
f 4960//4675 4911//4626 4509//4231
f 4960//4675 4509//4231 4910//4625
f 4960//4675 4910//4625 4961//4676
f 4961//4676 4910//4625 4916//4631
f 4961//4676 4916//4631 4962//4677
f 4962//4677 4916//4631 4514//4236
f 4413//4135 4429//4151 4816//4532
f 4816//4532 4429//4151 4958//4673
f 4816//4532 4958//4673 4814//4530
f 4814//4530 4958//4673 4959//4674
f 4814//4530 4959//4674 4812//4528
f 4812//4528 4959//4674 4960//4675
f 4812//4528 4960//4675 4810//4526
f 4810//4526 4960//4675 4961//4676
f 4810//4526 4961//4676 4808//4524
f 4808//4524 4961//4676 4962//4677
f 4808//4524 4962//4677 4806//4522
f 4806//4522 4962//4677 4963//4678
f 4806//4522 4963//4678 4405//4127
f 4405//4127 4963//4678 4425//4147
f 4405//4127 4425//4147 4426//4148
f 4405//4127 4426//4148 4406//4128
f 4406//4128 4426//4148 4423//4145
f 4406//4128 4423//4145 4407//4129
f 4407//4129 4423//4145 4419//4141
f 4407//4129 4419//4141 4408//4130
f 4408//4130 4419//4141 4420//4142
f 4408//4130 4420//4142 4409//4131
f 4409//4131 4420//4142 4427//4149
f 4409//4131 4427//4149 4410//4132
f 4410//4132 4427//4149 4416//4138
f 4410//4132 4416//4138 4417//4139
f 4410//4132 4417//4139 4411//4133
f 4411//4133 4417//4139 4428//4150
f 4411//4133 4428//4150 4412//4134
f 4412//4134 4428//4150 4413//4135
f 4413//4135 4428//4150 4429//4151
f 4893//4609 4877//4593 4854//4570
f 4366//4088 4349//4071 4800//4516
f 4366//4088 4800//4516 4932//4647
f 4805//4521 4940//4655 4799//4515
f 4799//4515 4940//4655 4932//4647
f 4799//4515 4932//4647 4800//4516
f 4804//4520 4933//4648 4805//4521
f 4805//4521 4933//4648 4940//4655
f 4803//4519 4934//4649 4938//4653
f 4803//4519 4938//4653 4804//4520
f 4804//4520 4938//4653 4933//4648
f 4934//4649 4803//4519 4802//4518
f 4934//4649 4802//4518 4937//4652
f 4937//4652 4802//4518 4793//4509
f 4937//4652 4793//4509 4935//4650
f 4935//4650 4793//4509 4792//4508
f 4935//4650 4792//4508 4358//4080
f 4358//4080 4792//4508 4357//4079
f 4964//4679 4347//4069 4344//4066
f 4964//4679 4344//4066 4348//4070
f 4348//4070 4344//4066 4343//4065
f 4965//4680 4337//4059 4341//4063
f 4341//4063 4342//4064 4965//4680
f 4965//4680 4342//4064 4337//4059
f 4337//4059 4342//4064 4338//4060
f 4335//4057 4966//4681 4331//4053
f 4966//4681 4336//4058 4332//4054
f 4966//4681 4332//4054 4331//4053
f 4967//4682 4326//4048 4330//4052
f 4330//4052 4329//4051 4957//4672
f 4330//4052 4957//4672 4967//4682
f 4967//4682 4957//4672 4326//4048
f 4326//4048 4957//4672 4327//4049
f 4715//4431 4926//4641 4714//4430
f 4714//4430 4926//4641 4928//4643
f 4712//4428 4930//4645 4713//4429
f 4713//4429 4930//4645 4724//4440
f 4788//4504 4545//4267 4789//4505
f 4789//4505 4545//4267 4541//4263
f 4716//4432 4540//4262 4717//4433
f 4717//4433 4540//4262 4759//4475
f 4786//4502 4547//4269 4787//4503
f 4787//4503 4547//4269 4549//4271
f 4783//4499 4539//4261 4784//4500
f 4784//4500 4539//4261 4760//4476
f 4781//4497 4320//4042 4782//4498
f 4782//4498 4320//4042 4321//4043
f 4779//4495 4553//4275 4780//4496
f 4780//4496 4553//4275 4552//4274
f 4778//4494 4761//4477 4777//4493
f 4777//4493 4761//4477 4922//4637
f 4775//4491 4323//4045 4776//4492
f 4776//4492 4323//4045 4322//4044
f 4774//4490 4765//4481 4773//4489
f 4773//4489 4765//4481 4921//4636
f 4771//4487 4325//4047 4772//4488
f 4772//4488 4325//4047 4324//4046
f 4721//4437 4766//4482 4720//4436
f 4720//4436 4766//4482 4919//4634
f 4718//4434 4918//4633 4719//4435
f 4719//4435 4918//4633 4946//4661
f 4770//4486 4544//4266 4769//4485
f 4769//4485 4544//4266 4543//4265
f 4722//4438 4542//4264 4723//4439
f 4723//4439 4542//4264 4758//4474
f 4753//4469 4314//4036 4315//4037
f 4753//4469 4315//4037 4754//4470
f 4754//4470 4315//4037 4316//4038
f 4754//4470 4316//4038 4755//4471
f 4755//4471 4316//4038 4317//4039
f 4755//4471 4317//4039 4756//4472
f 4756//4472 4317//4039 4318//4040
f 4756//4472 4318//4040 4310//4032
f 4310//4032 4318//4040 4319//4041
f 4310//4032 4319//4041 4309//4031
f 4309//4031 4319//4041 4801//4517
f 4309//4031 4801//4517 4307//4029
f 4307//4029 4801//4517 4794//4510
f 4307//4029 4794//4510 4795//4511
f 4307//4029 4795//4511 4306//4028
f 4306//4028 4795//4511 4305//4027
f 4795//4511 4796//4512 4305//4027
f 4305//4027 4796//4512 4797//4513
f 4305//4027 4797//4513 4304//4026
f 4304//4026 4797//4513 4798//4514
f 4304//4026 4798//4514 4303//4025
f 4303//4025 4798//4514 4302//4024
f 4302//4024 4798//4514 4790//4506
f 4302//4024 4790//4506 4791//4507
f 4302//4024 4791//4507 4301//4023
f 4301//4023 4791//4507 4311//4033
f 4301//4023 4311//4033 4757//4473
f 4757//4473 4311//4033 4312//4034
f 4757//4473 4312//4034 4750//4466
f 4750//4466 4312//4034 4313//4035
f 4750//4466 4313//4035 4751//4467
f 4751//4467 4313//4035 4314//4036
f 4751//4467 4314//4036 4753//4469
f 4288//4010 4844//4560 4287//4009
f 4287//4009 4844//4560 4845//4561
f 4287//4009 4845//4561 4286//4008
f 4286//4008 4845//4561 4846//4562
f 4286//4008 4846//4562 4285//4007
f 4285//4007 4846//4562 4284//4006
f 4284//4006 4846//4562 4847//4563
f 4284//4006 4847//4563 4283//4005
f 4283//4005 4847//4563 4292//4014
f 4283//4005 4292//4014 4746//4462
f 4746//4462 4292//4014 4293//4015
f 4746//4462 4293//4015 4744//4460
f 4744//4460 4293//4015 4745//4461
f 4745//4461 4293//4015 4294//4016
f 4745//4461 4294//4016 4738//4454
f 4294//4016 4295//4017 4738//4454
f 4738//4454 4295//4017 4296//4018
f 4738//4454 4296//4018 4736//4452
f 4736//4452 4296//4018 4725//4441
f 4725//4441 4296//4018 4297//4019
f 4725//4441 4297//4019 4298//4020
f 4725//4441 4298//4020 4743//4459
f 4743//4459 4298//4020 4299//4021
f 4743//4459 4299//4021 4741//4457
f 4741//4457 4299//4021 4300//4022
f 4741//4457 4300//4022 4291//4013
f 4291//4013 4300//4022 4848//4564
f 4291//4013 4848//4564 4290//4012
f 4290//4012 4848//4564 4849//4565
f 4290//4012 4849//4565 4289//4011
f 4289//4011 4849//4565 4842//4558
f 4289//4011 4842//4558 4288//4010
f 4288//4010 4842//4558 4843//4559
f 4288//4010 4843//4559 4844//4560
f 4968//4683 4969//4684 4970//4685
f 4968//4683 4970//4685 4971//4686
f 4968//4683 4971//4686 4972//4687
f 4972//4687 4971//4686 4973//4688
f 4973//4688 4971//4686 4974//4689
f 4973//4688 4974//4689 4975//4690
f 4975//4690 4974//4689 4976//4691
f 4975//4690 4976//4691 4977//4692
f 4977//4692 4976//4691 4978//4693
f 4977//4692 4978//4693 4979//4694
f 4979//4694 4978//4693 4980//4695
f 4979//4694 4980//4695 4981//4696
f 4981//4696 4980//4695 4982//4697
f 4981//4696 4983//4698 4984//4699
f 4981//4696 4984//4699 4979//4694
f 4979//4694 4984//4699 4985//4700
f 4979//4694 4985//4700 4977//4692
f 4977//4692 4985//4700 4986//4701
f 4977//4692 4986//4701 4975//4690
f 4975//4690 4986//4701 4987//4702
f 4975//4690 4987//4702 4973//4688
f 4973//4688 4987//4702 4988//4703
f 4973//4688 4988//4703 4972//4687
f 4972//4687 4988//4703 4989//4704
f 4972//4687 4989//4704 4968//4683
f 4968//4683 4989//4704 4990//4705
f 4990//4705 4991//4706 4992//4707
f 4990//4705 4992//4707 4993//4708
f 4993//4708 4992//4707 4994//4709
f 4993//4708 4994//4709 4995//4710
f 4995//4710 4994//4709 4996//4711
f 4995//4710 4996//4711 4997//4712
f 4997//4712 4996//4711 4998//4713
f 4997//4712 4998//4713 4999//4714
f 4999//4714 4998//4713 5000//4715
f 4999//4714 5000//4715 5001//4716
f 5001//4716 5000//4715 5002//4717
f 5001//4716 5002//4717 4983//4698
f 4983//4698 5002//4717 5003//4718
f 4982//4697 5003//4718 5004//4719
f 5004//4719 5003//4718 5002//4717
f 5004//4719 5002//4717 5005//4720
f 5005//4720 5002//4717 5000//4715
f 5005//4720 5000//4715 5006//4721
f 5006//4721 5000//4715 4998//4713
f 5006//4721 4998//4713 5007//4722
f 5007//4722 4998//4713 4996//4711
f 5007//4722 4996//4711 4994//4709
f 5007//4722 4994//4709 5008//4723
f 5008//4723 4994//4709 4992//4707
f 5008//4723 4992//4707 4969//4684
f 4969//4684 4992//4707 4991//4706
f 4969//4684 4991//4706 4970//4685
f 4970//4685 4991//4706 4971//4686
f 4971//4686 4991//4706 5009//4724
f 4971//4686 5009//4724 4974//4689
f 4974//4689 5009//4724 5010//4725
f 4974//4689 5010//4725 5011//4726
f 4974//4689 5011//4726 4976//4691
f 4976//4691 5011//4726 5012//4727
f 4976//4691 5012//4727 4978//4693
f 4978//4693 5012//4727 5013//4728
f 4978//4693 5013//4728 4980//4695
f 4980//4695 5013//4728 5003//4718
f 4980//4695 5003//4718 4982//4697
f 4983//4698 5003//4718 4984//4699
f 4984//4699 5003//4718 5013//4728
f 4984//4699 5013//4728 5012//4727
f 4984//4699 5012//4727 4985//4700
f 4985//4700 5012//4727 5011//4726
f 4985//4700 5011//4726 4986//4701
f 4986//4701 5011//4726 5010//4725
f 4986//4701 5010//4725 4987//4702
f 4987//4702 5010//4725 5009//4724
f 4987//4702 5009//4724 4988//4703
f 4988//4703 5009//4724 4989//4704
f 4989//4704 5009//4724 4991//4706
f 4989//4704 4991//4706 4990//4705
f 4968//4683 4990//4705 5014//4729
f 5014//4729 4990//4705 4993//4708
f 5014//4729 4993//4708 5015//4730
f 5015//4730 4993//4708 4995//4710
f 5015//4730 4995//4710 5016//4731
f 5016//4731 4995//4710 5017//4732
f 5017//4732 4995//4710 4997//4712
f 5017//4732 4997//4712 5018//4733
f 5018//4733 4997//4712 4999//4714
f 5018//4733 4999//4714 5019//4734
f 5019//4734 4999//4714 5001//4716
f 5019//4734 5001//4716 5020//4735
f 5020//4735 5001//4716 4983//4698
f 5020//4735 4983//4698 4981//4696
f 4981//4696 4982//4697 5020//4735
f 5020//4735 4982//4697 5004//4719
f 5020//4735 5004//4719 5019//4734
f 5019//4734 5004//4719 5005//4720
f 5019//4734 5005//4720 5018//4733
f 5018//4733 5005//4720 5006//4721
f 5018//4733 5006//4721 5017//4732
f 5017//4732 5006//4721 5007//4722
f 5017//4732 5007//4722 5016//4731
f 5016//4731 5007//4722 5015//4730
f 5015//4730 5007//4722 5008//4723
f 5015//4730 5008//4723 5014//4729
f 5014//4729 5008//4723 4969//4684
f 5014//4729 4969//4684 4968//4683
f 5023//4738 5024//4739 5025//4740
f 5024//4739 5026//4741 5027//4742
f 5024//4739 5027//4742 5025//4740
f 5026//4741 5022//4737 5027//4742
f 5022//4737 5021//4736 5027//4742
f 5021//4736 5022//4737 5028//4743
f 5028//4743 5022//4737 5029//4744
f 5028//4743 5029//4744 5030//4745
f 5028//4743 5030//4745 5031//4746
f 5031//4746 5030//4745 5032//4747
f 5031//4746 5032//4747 5033//4748
f 5033//4748 5032//4747 5045//4760
f 5025//4740 5034//4749 5035//4750
f 5036//4751 5038//4753 5034//4749
f 5034//4749 5038//4753 5035//4750
f 5037//4752 5038//4753 5036//4751
f 5037//4752 5041//4756 5038//4753
f 5039//4754 5041//4756 5037//4752
f 5039//4754 5040//4755 5041//4756
f 5040//4755 5039//4754 5042//4757
f 5040//4755 5042//4757 5043//4758
f 5043//4758 5042//4757 5044//4759
f 5043//4758 5044//4759 5045//4760
f 5045//4760 5044//4759 5046//4761
f 5054//4769 5046//4761 5048//4763
f 5048//4763 5046//4761 5044//4759
f 5048//4763 5044//4759 5049//4764
f 5049//4764 5044//4759 5042//4757
f 5049//4764 5042//4757 5050//4765
f 5050//4765 5042//4757 5039//4754
f 5039//4754 5047//4762 5050//4765
f 5047//4762 5039//4754 5037//4752
f 5047//4762 5037//4752 5051//4766
f 5051//4766 5037//4752 5036//4751
f 5051//4766 5036//4751 5052//4767
f 5052//4767 5036//4751 5034//4749
f 5030//4745 5055//4770 5032//4747
f 5032//4747 5055//4770 5054//4769
f 5029//4744 5053//4768 5030//4745
f 5030//4745 5053//4768 5055//4770
f 5053//4768 5029//4744 5056//4771
f 5056//4771 5029//4744 5022//4737
f 5056//4771 5022//4737 5057//4772
f 5057//4772 5022//4737 5026//4741
f 5057//4772 5026//4741 5024//4739
f 5057//4772 5024//4739 5058//4773
f 5058//4773 5024//4739 5023//4738
f 5058//4773 5023//4738 5052//4767
f 5060//4775 5051//4766 5023//4738
f 5023//4738 5051//4766 5052//4767
f 5059//4774 5047//4762 5060//4775
f 5060//4775 5047//4762 5051//4766
f 5047//4762 5059//4774 5050//4765
f 5050//4765 5059//4774 5061//4776
f 5050//4765 5061//4776 5049//4764
f 5049//4764 5061//4776 5062//4777
f 5049//4764 5062//4777 5063//4778
f 5049//4764 5063//4778 5048//4763
f 5048//4763 5063//4778 5032//4747
f 5048//4763 5032//4747 5054//4769
f 5052//4767 5034//4749 5058//4773
f 5058//4773 5034//4749 5064//4779
f 5064//4779 5057//4772 5058//4773
f 5065//4780 5057//4772 5064//4779
f 5065//4780 5056//4771 5057//4772
f 5066//4781 5056//4771 5065//4780
f 5066//4781 5053//4768 5056//4771
f 5053//4768 5066//4781 5067//4782
f 5053//4768 5067//4782 5055//4770
f 5055//4770 5067//4782 5068//4783
f 5055//4770 5068//4783 5054//4769
f 5054//4769 5068//4783 5046//4761
f 5045//4760 5046//4761 5033//4748
f 5033//4748 5046//4761 5031//4746
f 5031//4746 5046//4761 5068//4783
f 5031//4746 5068//4783 5067//4782
f 5031//4746 5067//4782 5028//4743
f 5028//4743 5067//4782 5066//4781
f 5066//4781 5021//4736 5028//4743
f 5021//4736 5066//4781 5065//4780
f 5021//4736 5065//4780 5027//4742
f 5027//4742 5065//4780 5064//4779
f 5027//4742 5064//4779 5025//4740
f 5025//4740 5064//4779 5034//4749
f 5032//4747 5063//4778 5045//4760
f 5063//4778 5062//4777 5043//4758
f 5063//4778 5043//4758 5045//4760
f 5062//4777 5061//4776 5043//4758
f 5061//4776 5040//4755 5043//4758
f 5040//4755 5061//4776 5041//4756
f 5041//4756 5061//4776 5059//4774
f 5041//4756 5059//4774 5060//4775
f 5041//4756 5060//4775 5038//4753
f 5038//4753 5060//4775 5023//4738
f 5038//4753 5023//4738 5035//4750
f 5035//4750 5023//4738 5025//4740
f 5087//4802 5078//4793 5079//4794
f 5087//4802 5079//4794 5074//4789
f 5074//4789 5079//4794 5080//4795
f 5074//4789 5080//4795 5075//4790
f 5075//4790 5080//4795 5081//4796
f 5075//4790 5081//4796 5076//4791
f 5076//4791 5081//4796 5082//4797
f 5076//4791 5082//4797 5077//4792
f 5077//4792 5082//4797 5083//4798
f 5101//4816 5102//4817 5103//4818
f 5104//4819 5103//4818 5105//4820
f 5109//4824 5106//4821 5107//4822
f 5107//4822 5106//4821 5101//4816
f 5107//4822 5101//4816 5108//4823
f 5108//4823 5101//4816 5103//4818
f 5108//4823 5103//4818 5104//4819
f 5108//4823 5104//4819 5109//4824
f 5109//4824 5104//4819 5106//4821
f 5110//4825 5111//4826 5112//4827
f 5112//4827 5111//4826 5113//4828
f 5112//4827 5113//4828 5114//4829
f 5115//4830 5110//4825 5112//4827
f 5115//4830 5112//4827 5116//4831
f 5116//4831 5112//4827 5114//4829
f 5116//4831 5114//4829 5117//4832
f 5116//4831 5117//4832 5118//4833
f 5118//4833 5117//4832 5119//4834
f 5118//4833 5119//4834 5115//4830
f 5115//4830 5119//4834 5110//4825
f 5120//4835 5121//4836 5122//4837
f 5122//4837 5121//4836 5123//4838
f 5124//4839 5122//4837 5125//4840
f 5124//4839 5125//4840 5126//4841
f 5126//4841 5125//4840 5127//4842
f 5127//4842 5125//4840 5128//4843
f 5127//4842 5128//4843 5120//4835
f 5127//4842 5120//4835 5129//4844
f 5129//4844 5120//4835 5122//4837
f 5129//4844 5122//4837 5124//4839
f 5131//4846 5130//4845 5132//4847
f 5131//4846 5132//4847 5133//4848
f 5131//4846 5133//4848 5134//4849
f 5135//4850 5130//4845 5136//4851
f 5136//4851 5130//4845 5131//4846
f 5136//4851 5131//4846 5137//4852
f 5137//4852 5131//4846 5134//4849
f 5137//4852 5134//4849 5138//4853
f 5138//4853 5134//4849 5139//4854
f 5138//4853 5139//4854 5135//4850
f 5135//4850 5139//4854 5130//4845
f 5073//4788 5140//4855 5141//4856
f 5073//4788 5141//4856 5072//4787
f 5072//4787 5141//4856 5142//4857
f 5072//4787 5142//4857 5071//4786
f 5071//4786 5142//4857 5143//4858
f 5071//4786 5143//4858 5144//4859
f 5071//4786 5144//4859 5070//4785
f 5070//4785 5144//4859 5145//4860
f 5070//4785 5145//4860 5069//4784
f 5153//4868 5154//4869 5155//4870
f 5151//4866 5155//4870 5156//4871
f 5151//4866 5156//4871 5150//4865
f 5150//4865 5156//4871 5157//4872
f 5157//4872 5158//4873 5149//4864
f 5149//4864 5158//4873 5159//4874
f 5148//4863 5149//4864 5159//4874
f 5148//4863 5159//4874 5160//4875
f 5161//4876 5160//4875 5206//4921
f 5162//4877 5161//4876 5207//4922
f 5153//4868 5162//4877 5208//4923
f 5152//4867 5153//4868 5155//4870
f 5152//4867 5155//4870 5151//4866
f 5149//4864 5150//4865 5157//4872
f 5078//4793 5163//4878 5164//4879
f 5078//4793 5164//4879 5079//4794
f 5079//4794 5164//4879 5165//4880
f 5079//4794 5165//4880 5080//4795
f 5080//4795 5165//4880 5166//4881
f 5080//4795 5166//4881 5081//4796
f 5081//4796 5166//4881 5082//4797
f 5082//4797 5166//4881 5167//4882
f 5082//4797 5167//4882 5083//4798
f 5094//4809 5093//4808 5092//4807
f 5094//4809 5092//4807 5095//4810
f 5095//4810 5092//4807 5091//4806
f 5095//4810 5091//4806 5096//4811
f 5096//4811 5091//4806 5090//4805
f 5096//4811 5090//4805 5097//4812
f 5097//4812 5090//4805 5089//4804
f 5097//4812 5089//4804 5098//4813
f 5098//4813 5089//4804 5088//4803
f 5098//4813 5088//4803 5099//4814
f 5099//4814 5088//4803 5173//4888
f 5099//4814 5173//4888 5100//4815
f 5173//4888 5114//4829 5113//4828
f 5088//4803 5089//4804 5174//4889
f 5168//4883 5175//4890 5169//4884
f 5173//4888 5113//4828 5179//4894
f 5179//4894 5113//4828 5105//4820
f 5105//4820 5113//4828 5111//4826
f 5175//4890 5168//4883 5111//4826
f 5176//4891 5105//4820 5168//4883
f 5168//4883 5105//4820 5111//4826
f 5175//4890 5174//4889 5169//4884
f 5169//4884 5174//4889 5089//4804
f 5114//4829 5173//4888 5174//4889
f 5174//4889 5173//4888 5088//4803
f 5102//4817 5178//4893 5177//4892
f 5091//4806 5128//4843 5090//4805
f 5090//4805 5128//4843 5181//4896
f 5090//4805 5181//4896 5089//4804
f 5123//4838 5170//4885 5169//4884
f 5089//4804 5181//4896 5123//4838
f 5089//4804 5123//4838 5169//4884
f 5182//4897 5132//4847 5177//4892
f 5180//4895 5091//4806 5139//4854
f 5139//4854 5091//4806 5092//4807
f 5179//4894 5105//4820 5183//4898
f 5183//4898 5105//4820 5103//4818
f 5183//4898 5103//4818 5184//4899
f 5184//4899 5103//4818 5102//4817
f 5184//4899 5102//4817 5185//4900
f 5185//4900 5102//4817 5093//4808
f 5093//4808 5102//4817 5177//4892
f 5177//4892 5132//4847 5093//4808
f 5139//4854 5092//4807 5130//4845
f 5130//4845 5092//4807 5093//4808
f 5130//4845 5093//4808 5132//4847
f 5133//4848 5171//4886 5121//4836
f 5133//4848 5121//4836 5180//4895
f 5180//4895 5121//4836 5091//4806
f 5091//4806 5121//4836 5128//4843
f 5182//4897 5172//4887 5132//4847
f 5132//4847 5172//4887 5133//4848
f 5133//4848 5172//4887 5171//4886
f 5121//4836 5171//4886 5170//4885
f 5121//4836 5170//4885 5123//4838
f 5176//4891 5186//4901 5105//4820
f 5105//4820 5186//4901 5178//4893
f 5178//4893 5186//4901 5177//4892
f 5095//4810 5138//4853 5094//4809
f 5094//4809 5138//4853 5135//4850
f 5094//4809 5135//4850 5188//4903
f 5188//4903 5135//4850 5189//4904
f 5098//4813 5190//4905 5097//4812
f 5097//4812 5190//4905 5126//4841
f 5097//4812 5126//4841 5096//4811
f 5096//4811 5126//4841 5127//4842
f 5096//4811 5127//4842 5095//4810
f 5095//4810 5127//4842 5187//4902
f 5095//4810 5187//4902 5138//4853
f 5164//4879 5187//4902 5165//4880
f 5138//4853 5187//4902 5191//4906
f 5191//4906 5187//4902 5164//4879
f 5191//4906 5164//4879 5189//4904
f 5189//4904 5164//4879 5163//4878
f 5189//4904 5163//4878 5188//4903
f 5192//4907 5193//4908 5194//4909
f 5194//4909 5193//4908 5195//4910
f 5194//4909 5195//4910 5196//4911
f 5194//4909 5196//4911 5188//4903
f 5192//4907 5200//4915 5197//4912
f 5163//4878 5198//4913 5188//4903
f 5188//4903 5198//4913 5194//4909
f 5194//4909 5198//4913 5199//4914
f 5194//4909 5199//4914 5200//4915
f 5200//4915 5199//4914 5197//4912
f 5193//4908 5192//4907 5197//4912
f 5193//4908 5197//4912 5201//4916
f 5197//4912 5202//4917 5201//4916
f 5201//4916 5202//4917 5203//4918
f 5204//4919 5099//4814 5100//4815
f 5204//4919 5100//4815 5203//4918
f 5203//4918 5100//4815 5201//4916
f 5202//4917 5098//4813 5204//4919
f 5204//4919 5098//4813 5099//4814
f 5166//4881 5098//4813 5167//4882
f 5167//4882 5098//4813 5202//4917
f 5167//4882 5202//4917 5197//4912
f 5165//4880 5187//4902 5190//4905
f 5165//4880 5190//4905 5166//4881
f 5166//4881 5190//4905 5098//4813
f 5140//4855 5153//4868 5152//4867
f 5140//4855 5152//4867 5141//4856
f 5141//4856 5152//4867 5151//4866
f 5141//4856 5151//4866 5142//4857
f 5142//4857 5151//4866 5150//4865
f 5142//4857 5150//4865 5143//4858
f 5143//4858 5150//4865 5149//4864
f 5143//4858 5149//4864 5144//4859
f 5144//4859 5149//4864 5145//4860
f 5145//4860 5149//4864 5148//4863
f 5177//4892 5205//4920 5182//4897
f 5182//4897 5205//4920 5159//4874
f 5182//4897 5159//4874 5172//4887
f 5177//4892 5206//4921 5205//4920
f 5176//4891 5207//4922 5186//4901
f 5186//4901 5207//4922 5177//4892
f 5177//4892 5207//4922 5206//4921
f 5168//4883 5154//4869 5208//4923
f 5168//4883 5208//4923 5176//4891
f 5176//4891 5208//4923 5207//4922
f 5077//4792 5073//4788 5072//4787
f 5077//4792 5072//4787 5076//4791
f 5076//4791 5072//4787 5071//4786
f 5076//4791 5071//4786 5075//4790
f 5075//4790 5071//4786 5070//4785
f 5075//4790 5070//4785 5074//4789
f 5074//4789 5070//4785 5069//4784
f 5074//4789 5069//4784 5087//4802
f 5137//4852 5189//4904 5136//4851
f 5136//4851 5189//4904 5135//4850
f 5124//4839 5190//4905 5129//4844
f 5129//4844 5190//4905 5187//4902
f 5129//4844 5187//4902 5127//4842
f 5116//4831 5204//4919 5203//4918
f 5116//4831 5203//4918 5115//4830
f 5115//4830 5203//4918 5202//4917
f 5109//4824 5192//4907 5108//4823
f 5108//4823 5192//4907 5194//4909
f 5108//4823 5194//4909 5107//4822
f 5107//4822 5194//4909 5200//4915
f 5107//4822 5200//4915 5109//4824
f 5109//4824 5200//4915 5192//4907
f 5115//4830 5202//4917 5118//4833
f 5118//4833 5202//4917 5204//4919
f 5118//4833 5204//4919 5116//4831
f 5124//4839 5126//4841 5190//4905
f 5137//4852 5138//4853 5191//4906
f 5137//4852 5191//4906 5189//4904
f 5087//4802 5069//4784 5147//4862
f 5087//4802 5147//4862 5086//4801
f 5086//4801 5147//4862 5085//4800
f 5085//4800 5147//4862 5146//4861
f 5085//4800 5146//4861 5084//4799
f 5084//4799 5146//4861 5073//4788
f 5084//4799 5073//4788 5077//4792
f 5169//4884 5155//4870 5154//4869
f 5169//4884 5154//4869 5168//4883
f 5170//4885 5156//4871 5169//4884
f 5169//4884 5156//4871 5155//4870
f 5171//4886 5157//4872 5170//4885
f 5170//4885 5157//4872 5156//4871
f 5172//4887 5159//4874 5158//4873
f 5172//4887 5158//4873 5171//4886
f 5171//4886 5158//4873 5157//4872
f 5145//4860 5148//4863 5212//4927
f 5212//4927 5148//4863 5160//4875
f 5212//4927 5160//4875 5161//4876
f 5212//4927 5161//4876 5211//4926
f 5211//4926 5161//4876 5210//4925
f 5210//4925 5161//4876 5162//4877
f 5210//4925 5162//4877 5209//4924
f 5209//4924 5162//4877 5153//4868
f 5209//4924 5153//4868 5140//4855
f 5100//4815 5173//4888 5201//4916
f 5201//4916 5173//4888 5179//4894
f 5201//4916 5179//4894 5217//4932
f 5217//4932 5179//4894 5183//4898
f 5217//4932 5183//4898 5193//4908
f 5193//4908 5183//4898 5184//4899
f 5193//4908 5184//4899 5195//4910
f 5195//4910 5184//4899 5185//4900
f 5195//4910 5185//4900 5196//4911
f 5196//4911 5185//4900 5093//4808
f 5196//4911 5093//4808 5188//4903
f 5188//4903 5093//4808 5094//4809
f 5083//4798 5167//4882 5197//4912
f 5083//4798 5197//4912 5213//4928
f 5197//4912 5199//4914 5213//4928
f 5213//4928 5199//4914 5214//4929
f 5214//4929 5199//4914 5198//4913
f 5214//4929 5198//4913 5215//4930
f 5215//4930 5198//4913 5163//4878
f 5215//4930 5163//4878 5216//4931
f 5216//4931 5163//4878 5078//4793
f 5159//4874 5205//4920 5160//4875
f 5160//4875 5205//4920 5206//4921
f 5161//4876 5206//4921 5207//4922
f 5207//4922 5208//4923 5162//4877
f 5208//4923 5154//4869 5153//4868
f 5069//4784 5145//4860 5212//4927
f 5069//4784 5212//4927 5147//4862
f 5147//4862 5212//4927 5211//4926
f 5147//4862 5211//4926 5210//4925
f 5147//4862 5210//4925 5146//4861
f 5146//4861 5210//4925 5209//4924
f 5146//4861 5209//4924 5073//4788
f 5073//4788 5209//4924 5140//4855
f 5134//4849 5133//4848 5180//4895
f 5134//4849 5180//4895 5139//4854
f 5122//4837 5123//4838 5125//4840
f 5125//4840 5123//4838 5181//4896
f 5125//4840 5181//4896 5128//4843
f 5120//4835 5128//4843 5121//4836
f 5117//4832 5114//4829 5174//4889
f 5117//4832 5174//4889 5119//4834
f 5119//4834 5174//4889 5175//4890
f 5119//4834 5175//4890 5110//4825
f 5110//4825 5175//4890 5111//4826
f 5104//4819 5105//4820 5106//4821
f 5106//4821 5105//4820 5178//4893
f 5106//4821 5178//4893 5101//4816
f 5101//4816 5178//4893 5102//4817
f 5201//4916 5217//4932 5193//4908
f 5077//4792 5083//4798 5213//4928
f 5077//4792 5213//4928 5084//4799
f 5084//4799 5213//4928 5214//4929
f 5084//4799 5214//4929 5085//4800
f 5085//4800 5214//4929 5215//4930
f 5085//4800 5215//4930 5086//4801
f 5086//4801 5215//4930 5216//4931
f 5086//4801 5216//4931 5087//4802
f 5087//4802 5216//4931 5078//4793
f 5219//4934 5444//5159 5220//4935
f 5219//4934 5221//4936 5222//4937
f 5444//5159 5219//4934 5222//4937
f 5444//5159 5222//4937 5218//4933
f 5221//4936 5219//4934 5223//4938
f 5223//4938 5219//4934 5224//4939
f 5223//4938 5224//4939 5225//4940
f 5223//4938 5225//4940 5226//4941
f 5223//4938 5226//4941 5222//4937
f 5222//4937 5226//4941 5218//4933
f 5237//4952 5227//4942 5228//4943
f 5231//4946 5229//4944 5230//4945
f 5231//4946 5230//4945 5228//4943
f 5228//4943 5230//4945 5237//4952
f 5230//4945 5229//4944 5232//4947
f 5232//4947 5229//4944 5233//4948
f 5232//4947 5233//4948 5234//4949
f 5234//4949 5233//4948 5235//4950
f 5234//4949 5235//4950 5236//4951
f 5234//4949 5236//4951 5237//4952
f 5234//4949 5237//4952 5230//4945
f 5238//4953 5241//4956 5239//4954
f 5240//4955 5241//4956 5242//4957
f 5242//4957 5241//4956 5238//4953
f 5240//4955 5242//4957 5243//4958
f 5238//4953 5239//4954 5245//4960
f 5245//4960 5239//4954 5244//4959
f 5245//4960 5244//4959 5243//4958
f 5243//4958 5244//4959 5240//4955
f 5246//4961 5247//4962 5248//4963
f 5248//4963 5250//4965 5246//4961
f 5246//4961 5250//4965 5249//4964
f 5251//4966 5249//4964 5252//4967
f 5252//4967 5249//4964 5253//4968
f 5248//4963 5247//4962 5252//4967
f 5248//4963 5252//4967 5253//4968
f 5250//4965 5253//4968 5249//4964
f 5254//4969 5255//4970 5256//4971
f 5257//4972 5258//4973 5259//4974
f 5256//4971 5260//4975 5254//4969
f 5256//4971 5255//4970 5261//4976
f 5261//4976 5255//4970 5259//4974
f 5261//4976 5259//4974 5258//4973
f 5261//4976 5258//4973 5260//4975
f 5260//4975 5258//4973 5254//4969
f 5262//4977 5263//4978 5264//4979
f 5266//4981 5264//4979 5267//4982
f 5266//4981 5268//4983 5264//4979
f 5268//4983 5262//4977 5264//4979
f 5266//4981 5267//4982 5269//4984
f 5269//4984 5267//4982 5265//4980
f 5269//4984 5265//4980 5268//4983
f 5268//4983 5265//4980 5262//4977
f 5486//5201 5241//4956 5270//4985
f 5270//4985 5241//4956 5240//4955
f 5493//5208 5247//4962 5271//4986
f 5271//4986 5247//4962 5246//4961
f 5485//5200 5255//4970 5272//4987
f 5272//4987 5255//4970 5254//4969
f 5484//5199 5265//4980 5273//4988
f 5273//4988 5265//4980 5267//4982
f 5266//4981 5277//4992 5268//4983
f 5268//4983 5277//4992 5274//4989
f 5268//4983 5274//4989 5275//4990
f 5268//4983 5275//4990 5269//4984
f 5269//4984 5275//4990 5276//4991
f 5269//4984 5276//4991 5266//4981
f 5266//4981 5276//4991 5277//4992
f 5261//4976 5278//4993 5256//4971
f 5256//4971 5278//4993 5279//4994
f 5256//4971 5279//4994 5260//4975
f 5260//4975 5279//4994 5280//4995
f 5260//4975 5280//4995 5261//4976
f 5261//4976 5280//4995 5278//4993
f 5242//4957 5281//4996 5243//4958
f 5243//4958 5281//4996 5282//4997
f 5243//4958 5282//4997 5245//4960
f 5245//4960 5282//4997 5283//4998
f 5245//4960 5283//4998 5238//4953
f 5238//4953 5283//4998 5284//4999
f 5238//4953 5284//4999 5242//4957
f 5242//4957 5284//4999 5281//4996
f 5248//4963 5287//5002 5285//5000
f 5248//4963 5285//5000 5250//4965
f 5250//4965 5285//5000 5286//5001
f 5250//4965 5286//5001 5253//4968
f 5253//4968 5286//5001 5287//5002
f 5253//4968 5287//5002 5248//4963
f 5288//5003 5289//5004 5290//5005
f 5290//5005 5289//5004 5291//5006
f 5290//5005 5291//5006 5292//5007
f 5292//5007 5291//5006 5293//5008
f 5292//5007 5293//5008 5294//5009
f 5294//5009 5293//5008 5289//5004
f 5294//5009 5289//5004 5288//5003
f 5297//5012 5298//5013 5296//5011
f 5297//5012 5296//5011 5218//4933
f 5298//5013 5297//5012 5525//5240
f 5298//5013 5525//5240 5299//5014
f 5299//5014 5525//5240 5300//5015
f 5525//5240 5524//5239 5300//5015
f 5524//5239 5526//5241 5300//5015
f 5300//5015 5526//5241 132//132
f 132//132 5526//5241 5301//5016
f 5301//5016 130//130 132//132
f 133//133 135//135 5303//5018
f 5303//5018 5302//5017 133//133
f 133//133 5302//5017 132//132
f 132//132 5302//5017 5300//5015
f 137//137 5295//5010 136//136
f 5295//5010 5303//5018 136//136
f 136//136 5303//5018 135//135
f 5295//5010 137//137 5304//5019
f 5295//5010 5304//5019 5305//5020
f 5305//5020 5304//5019 140//140
f 5305//5020 140//140 5306//5021
f 5306//5021 140//140 142//142
f 5306//5021 142//142 143//143
f 5306//5021 143//143 5307//5022
f 5307//5022 143//143 144//144
f 5307//5022 144//144 5308//5023
f 5308//5023 144//144 146//146
f 146//146 5521//5236 5522//5237
f 146//146 5522//5237 5308//5023
f 5522//5237 5310//5025 5308//5023
f 5308//5023 5310//5025 5309//5024
f 5309//5024 5310//5025 5311//5026
f 5311//5026 5310//5025 5312//5027
f 5229//4944 5468//5183 5312//5027
f 5312//5027 5468//5183 5311//5026
f 147//147 5313//5028 146//146
f 146//146 5313//5028 5521//5236
f 5227//4942 5237//4952 5314//5029
f 5314//5029 152//152 5227//4942
f 5313//5028 147//147 149//149
f 5313//5028 149//149 5315//5030
f 5313//5028 5315//5030 5314//5029
f 5314//5029 5315//5030 152//152
f 130//130 5301//5016 127//127
f 127//127 5301//5016 5523//5238
f 127//127 5523//5238 5316//5031
f 124//124 5316//5031 5523//5238
f 124//124 5523//5238 5220//4935
f 5220//4935 5523//5238 5219//4934
f 5317//5032 5440//5155 5318//5033
f 5318//5033 5440//5155 5319//5034
f 5320//5035 5436//5151 5321//5036
f 5321//5036 5436//5151 5322//5037
f 5321//5036 5322//5037 5483//5198
f 5321//5036 5483//5198 5323//5038
f 5323//5038 5483//5198 5440//5155
f 5323//5038 5440//5155 5317//5032
f 5479//5194 5325//5040 5326//5041
f 5479//5194 5326//5041 5327//5042
f 5327//5042 5326//5041 5328//5043
f 5327//5042 5328//5043 5320//5035
f 5320//5035 5328//5043 5436//5151
f 5329//5044 5324//5039 5482//5197
f 5329//5044 5482//5197 5330//5045
f 5330//5045 5482//5197 5331//5046
f 5330//5045 5331//5046 5333//5048
f 5330//5045 5333//5048 5332//5047
f 5333//5048 5431//5146 5332//5047
f 5431//5146 5333//5048 5335//5050
f 5335//5050 5333//5048 5334//5049
f 5481//5196 5425//5140 5335//5050
f 5335//5050 5334//5049 5481//5196
f 5425//5140 5481//5196 5336//5051
f 5337//5052 5231//4946 5336//5051
f 5336//5051 5231//4946 5425//5140
f 5337//5052 5338//5053 5231//4946
f 5339//5054 5354//5069 5340//5055
f 5340//5055 5354//5069 5338//5053
f 5340//5055 5338//5053 5337//5052
f 5341//5056 5342//5057 5343//5058
f 5343//5058 5342//5057 5344//5059
f 5343//5058 5344//5059 5480//5195
f 5480//5195 5344//5059 5345//5060
f 5345//5060 5344//5059 5346//5061
f 5345//5060 5346//5061 5347//5062
f 5347//5062 5346//5061 5348//5063
f 5348//5063 5346//5061 5349//5064
f 5348//5063 5349//5064 5350//5065
f 5350//5065 5349//5064 5351//5066
f 5351//5066 5349//5064 5352//5067
f 5352//5067 5349//5064 5353//5068
f 5352//5067 5353//5068 5339//5054
f 5339//5054 5353//5068 5354//5069
f 5318//5033 5319//5034 5355//5070
f 5355//5070 5319//5034 5356//5071
f 5355//5070 5356//5071 5341//5056
f 5341//5056 5356//5071 5342//5057
f 5383//5098 5357//5072 5358//5073
f 5365//5080 5362//5077 5364//5079
f 5361//5076 5360//5075 5364//5079
f 5366//5081 5365//5080 5364//5079
f 5360//5075 5361//5076 5367//5082
f 5367//5082 5361//5076 5368//5083
f 5367//5082 5368//5083 5366//5081
f 5366//5081 5368//5083 5365//5080
f 5359//5074 5369//5084 5370//5085
f 5370//5085 5369//5084 5371//5086
f 5370//5085 5371//5086 5372//5087
f 5374//5089 5373//5088 5375//5090
f 5374//5089 5375//5090 5359//5074
f 5359//5074 5375//5090 5369//5084
f 5357//5072 5378//5093 5358//5073
f 5358//5073 5378//5093 5379//5094
f 5378//5093 5357//5072 5380//5095
f 5380//5095 5357//5072 5381//5096
f 5380//5095 5381//5096 5382//5097
f 5382//5097 5381//5096 5379//5094
f 5379//5094 5381//5096 5377//5092
f 5363//5078 5383//5098 5358//5073
f 5363//5078 5384//5099 5383//5098
f 5383//5098 5384//5099 5385//5100
f 5383//5098 5385//5100 5386//5101
f 5386//5101 5385//5100 5387//5102
f 5386//5101 5387//5102 5388//5103
f 5386//5101 5388//5103 5389//5104
f 5363//5078 5362//5077 5389//5104
f 5363//5078 5389//5104 5388//5103
f 5364//5079 5390//5105 5391//5106
f 5362//5077 5363//5078 5364//5079
f 5364//5079 5363//5078 5390//5105
f 5392//5107 5393//5108 5374//5089
f 5374//5089 5393//5108 5358//5073
f 5363//5078 5358//5073 5394//5109
f 5363//5078 5394//5109 5390//5105
f 5392//5107 5374//5089 5395//5110
f 5377//5092 5396//5111 5397//5112
f 5377//5092 5376//5091 5396//5111
f 5398//5113 5358//5073 5397//5112
f 5397//5112 5358//5073 5377//5092
f 5398//5113 5372//5087 5358//5073
f 5398//5113 5399//5114 5372//5087
f 5372//5087 5399//5114 5376//5091
f 5376//5091 5399//5114 5396//5111
f 5358//5073 5379//5094 5377//5092
f 5374//5089 5358//5073 5372//5087
f 5374//5089 5372//5087 5373//5088
f 5373//5088 5372//5087 5371//5086
f 5391//5106 5395//5110 5364//5079
f 5364//5079 5395//5110 5374//5089
f 5364//5079 5374//5089 5361//5076
f 5361//5076 5374//5089 5359//5074
f 5400//5115 5378//5093 5401//5116
f 5401//5116 5378//5093 5380//5095
f 5401//5116 5380//5095 5402//5117
f 5402//5117 5380//5095 5382//5097
f 5402//5117 5382//5097 5403//5118
f 5403//5118 5382//5097 5379//5094
f 5403//5118 5379//5094 5400//5115
f 5400//5115 5379//5094 5378//5093
f 5404//5119 5366//5081 5405//5120
f 5405//5120 5366//5081 5364//5079
f 5405//5120 5364//5079 5406//5121
f 5406//5121 5364//5079 5360//5075
f 5406//5121 5360//5075 5407//5122
f 5407//5122 5360//5075 5367//5082
f 5407//5122 5367//5082 5404//5119
f 5404//5119 5367//5082 5366//5081
f 5408//5123 5375//5090 5409//5124
f 5409//5124 5375//5090 5373//5088
f 5409//5124 5373//5088 5410//5125
f 5410//5125 5373//5088 5371//5086
f 5410//5125 5371//5086 5411//5126
f 5411//5126 5371//5086 5369//5084
f 5411//5126 5369//5084 5408//5123
f 5408//5123 5369//5084 5375//5090
f 5412//5127 5398//5113 5413//5128
f 5413//5128 5398//5113 5397//5112
f 5413//5128 5397//5112 5283//4998
f 5283//4998 5397//5112 5396//5111
f 5283//4998 5396//5111 5414//5129
f 5414//5129 5396//5111 5399//5114
f 5414//5129 5399//5114 5412//5127
f 5412//5127 5399//5114 5398//5113
f 5415//5130 5388//5103 5387//5102
f 5415//5130 5387//5102 5275//4990
f 5275//4990 5387//5102 5385//5100
f 5275//4990 5385//5100 5416//5131
f 5416//5131 5385//5100 5384//5099
f 5416//5131 5384//5099 5417//5132
f 5417//5132 5384//5099 5363//5078
f 5417//5132 5363//5078 5415//5130
f 5415//5130 5363//5078 5388//5103
f 127//127 113//113 130//130
f 130//130 113//113 5418//5133
f 130//130 5418//5133 132//132
f 132//132 5418//5133 133//133
f 133//133 5418//5133 5419//5134
f 133//133 5419//5134 135//135
f 135//135 5419//5134 136//136
f 136//136 5419//5134 5420//5135
f 136//136 5420//5135 137//137
f 137//137 5420//5135 5304//5019
f 105//105 149//149 5421//5136
f 5421//5136 149//149 147//147
f 5421//5136 147//147 146//146
f 5421//5136 146//146 5422//5137
f 5422//5137 146//146 144//144
f 5422//5137 144//144 143//143
f 5422//5137 143//143 5423//5138
f 5423//5138 143//143 142//142
f 5423//5138 142//142 140//140
f 5423//5138 140//140 5424//5139
f 5424//5139 140//140 5304//5019
f 5424//5139 5304//5019 5420//5135
f 5228//4943 5426//5141 5425//5140
f 5228//4943 103//103 5426//5141
f 5425//5140 5231//4946 5228//4943
f 5426//5141 5427//5142 5425//5140
f 5425//5140 5427//5142 5428//5143
f 5425//5140 5428//5143 5335//5050
f 5335//5050 5428//5143 5429//5144
f 5335//5050 5429//5144 5430//5145
f 5422//5137 5332//5047 5431//5146
f 5434//5149 5432//5147 5423//5138
f 5423//5138 5432//5147 5422//5137
f 5422//5137 5432//5147 5332//5047
f 5433//5148 5434//5149 5424//5139
f 5424//5139 5434//5149 5423//5138
f 5433//5148 5424//5139 5420//5135
f 5433//5148 5420//5135 5435//5150
f 5435//5150 5420//5135 5419//5134
f 5435//5150 5419//5134 5436//5151
f 5436//5151 5419//5134 5322//5037
f 5437//5152 5438//5153 5483//5198
f 5483//5198 5438//5153 5440//5155
f 5440//5155 5438//5153 5439//5154
f 5439//5154 5441//5156 5440//5155
f 5440//5155 5441//5156 5442//5157
f 5442//5157 5441//5156 113//113
f 113//113 5441//5156 5418//5133
f 5418//5133 5441//5156 5443//5158
f 5444//5159 5319//5034 5440//5155
f 5444//5159 5442//5157 115//115
f 5444//5159 5440//5155 5442//5157
f 5418//5133 5437//5152 5419//5134
f 5419//5134 5437//5152 5322//5037
f 5418//5133 5443//5158 5437//5152
f 5422//5137 5431//5146 5430//5145
f 5422//5137 5430//5145 5421//5136
f 5421//5136 5430//5145 5445//5160
f 5427//5142 5426//5141 105//105
f 5427//5142 105//105 5421//5136
f 5427//5142 5421//5136 5445//5160
f 5259//4974 5447//5162 5448//5163
f 5476//5191 5450//5165 5451//5166
f 5251//4966 5453//5168 5454//5169
f 5251//4966 5454//5169 5249//4964
f 5465//5180 5492//5207 5249//4964
f 5454//5169 5455//5170 5249//4964
f 5457//5172 5458//5173 5459//5174
f 5459//5174 5458//5173 5460//5175
f 5302//5017 5264//4979 5300//5015
f 5307//5022 5308//5023 5259//4974
f 5259//4974 5308//5023 5257//4972
f 5257//4972 5308//5023 5309//5024
f 5461//5176 5458//5173 5296//5011
f 5461//5176 5296//5011 5462//5177
f 5460//5175 5458//5173 5461//5176
f 5457//5172 5459//5174 5476//5191
f 5457//5172 5476//5191 5451//5166
f 5457//5172 5451//5166 5463//5178
f 5239//4954 5464//5179 5244//4959
f 5244//4959 5464//5179 5456//5171
f 5456//5171 5464//5179 5451//5166
f 5451//5166 5464//5179 5463//5178
f 5465//5180 5467//5182 5452//5167
f 5452//5167 5467//5182 5466//5181
f 5452//5167 5466//5181 5239//4954
f 5239//4954 5466//5181 5464//5179
f 5249//4964 5455//5170 5465//5180
f 5465//5180 5455//5170 5467//5182
f 5468//5183 5469//5184 5470//5185
f 5470//5185 5469//5184 5453//5168
f 5453//5168 5469//5184 5454//5169
f 5311//5026 5468//5183 5471//5186
f 5471//5186 5468//5183 5470//5185
f 5472//5187 5257//4972 5309//5024
f 5472//5187 5309//5024 5471//5186
f 5471//5186 5309//5024 5311//5026
f 5448//5163 5473//5188 5306//5021
f 5307//5022 5259//4974 5448//5163
f 5307//5022 5448//5163 5306//5021
f 5446//5161 5305//5020 5473//5188
f 5305//5020 5306//5021 5473//5188
f 5305//5020 5446//5161 5295//5010
f 5295//5010 5446//5161 5303//5018
f 5303//5018 5446//5161 5474//5189
f 5303//5018 5474//5189 5302//5017
f 5302//5017 5474//5189 5475//5190
f 5302//5017 5475//5190 5264//4979
f 5462//5177 5298//5013 5449//5164
f 5449//5164 5298//5013 5299//5014
f 5449//5164 5299//5014 5263//4978
f 5263//4978 5299//5014 5300//5015
f 5263//4978 5300//5015 5264//4979
f 5462//5177 5296//5011 5298//5013
f 5294//5009 5478//5193 5292//5007
f 5292//5007 5478//5193 5476//5191
f 5292//5007 5476//5191 5290//5005
f 5290//5005 5476//5191 5459//5174
f 5290//5005 5459//5174 5288//5003
f 5288//5003 5459//5174 5477//5192
f 5477//5192 5478//5193 5294//5009
f 5477//5192 5294//5009 5288//5003
f 5277//4992 5417//5132 5415//5130
f 5277//4992 5415//5130 5274//4989
f 5274//4989 5415//5130 5275//4990
f 5275//4990 5416//5131 5276//4991
f 5276//4991 5416//5131 5417//5132
f 5276//4991 5417//5132 5277//4992
f 5283//4998 5414//5129 5284//4999
f 5284//4999 5414//5129 5412//5127
f 5284//4999 5412//5127 5281//4996
f 5281//4996 5412//5127 5413//5128
f 5281//4996 5413//5128 5282//4997
f 5282//4997 5413//5128 5283//4998
f 5287//5002 5411//5126 5408//5123
f 5287//5002 5408//5123 5285//5000
f 5285//5000 5408//5123 5409//5124
f 5285//5000 5409//5124 5286//5001
f 5286//5001 5409//5124 5410//5125
f 5286//5001 5410//5125 5411//5126
f 5286//5001 5411//5126 5287//5002
f 5278//4993 5404//5119 5279//4994
f 5279//4994 5404//5119 5405//5120
f 5279//4994 5405//5120 5406//5121
f 5279//4994 5406//5121 5280//4995
f 5280//4995 5406//5121 5407//5122
f 5280//4995 5407//5122 5278//4993
f 5278//4993 5407//5122 5404//5119
f 5293//5008 5402//5117 5403//5118
f 5293//5008 5403//5118 5289//5004
f 5289//5004 5403//5118 5400//5115
f 5289//5004 5400//5115 5291//5006
f 5291//5006 5400//5115 5401//5116
f 5291//5006 5401//5116 5402//5117
f 5291//5006 5402//5117 5293//5008
f 5362//5077 5479//5194 5389//5104
f 5386//5101 5317//5032 5383//5098
f 5381//5096 5480//5195 5377//5092
f 5376//5091 5350//5065 5372//5087
f 5361//5076 5481//5196 5368//5083
f 5365//5080 5482//5197 5362//5077
f 5479//5194 5327//5042 5389//5104
f 5389//5104 5327//5042 5320//5035
f 5389//5104 5320//5035 5321//5036
f 5389//5104 5321//5036 5386//5101
f 5386//5101 5321//5036 5323//5038
f 5386//5101 5323//5038 5317//5032
f 5317//5032 5318//5033 5383//5098
f 5383//5098 5318//5033 5355//5070
f 5383//5098 5355//5070 5357//5072
f 5357//5072 5355//5070 5341//5056
f 5357//5072 5341//5056 5381//5096
f 5381//5096 5341//5056 5343//5058
f 5381//5096 5343//5058 5480//5195
f 5480//5195 5345//5060 5347//5062
f 5480//5195 5347//5062 5377//5092
f 5377//5092 5347//5062 5348//5063
f 5377//5092 5348//5063 5350//5065
f 5377//5092 5350//5065 5376//5091
f 5350//5065 5351//5066 5372//5087
f 5372//5087 5351//5066 5352//5067
f 5372//5087 5352//5067 5370//5085
f 5370//5085 5352//5067 5339//5054
f 5370//5085 5339//5054 5359//5074
f 5359//5074 5339//5054 5340//5055
f 5359//5074 5340//5055 5337//5052
f 5359//5074 5337//5052 5361//5076
f 5361//5076 5337//5052 5336//5051
f 5361//5076 5336//5051 5481//5196
f 5481//5196 5334//5049 5368//5083
f 5368//5083 5334//5049 5333//5048
f 5368//5083 5333//5048 5365//5080
f 5365//5080 5333//5048 5331//5046
f 5365//5080 5331//5046 5482//5197
f 5482//5197 5324//5039 5362//5077
f 5362//5077 5324//5039 5479//5194
f 5324//5039 5325//5040 5479//5194
f 5335//5050 5430//5145 5431//5146
f 5324//5039 5329//5044 5325//5040
f 5322//5037 5437//5152 5483//5198
f 5435//5150 5436//5151 5328//5043
f 5435//5150 5328//5043 5433//5148
f 5433//5148 5328//5043 5326//5041
f 5433//5148 5326//5041 5325//5040
f 5433//5148 5325//5040 5434//5149
f 5434//5149 5325//5040 5329//5044
f 5434//5149 5329//5044 5432//5147
f 5432//5147 5329//5044 5330//5045
f 5432//5147 5330//5045 5332//5047
f 149//149 105//105 5315//5030
f 5315//5030 105//105 5426//5141
f 5315//5030 5426//5141 152//152
f 152//152 5426//5141 103//103
f 152//152 103//103 5227//4942
f 5227//4942 103//103 5228//4943
f 113//113 127//127 5442//5157
f 5442//5157 127//127 5316//5031
f 5220//4935 5444//5159 124//124
f 124//124 5444//5159 115//115
f 124//124 115//115 5316//5031
f 5316//5031 115//115 5442//5157
f 5488//5203 5460//5175 5484//5199
f 5448//5163 5486//5201 5270//4985
f 5448//5163 5270//4985 5491//5206
f 5272//4987 5486//5201 5485//5200
f 5465//5180 5486//5201 5492//5207
f 5448//5163 5485//5200 5486//5201
f 5272//4987 5471//5186 5470//5185
f 5272//4987 5470//5185 5487//5202
f 5484//5199 5448//5163 5491//5206
f 5484//5199 5491//5206 5488//5203
f 5484//5199 5273//4988 5448//5163
f 5448//5163 5273//4988 5473//5188
f 5486//5201 5465//5180 5452//5167
f 5486//5201 5452//5167 5489//5204
f 5470//5185 5453//5168 5487//5202
f 5450//5165 5491//5206 5270//4985
f 5448//5163 5447//5162 5485//5200
f 5492//5207 5486//5201 5271//4986
f 5471//5186 5272//4987 5472//5187
f 5472//5187 5272//4987 5490//5205
f 5474//5189 5446//5161 5273//4988
f 5273//4988 5446//5161 5473//5188
f 5487//5202 5493//5208 5272//4987
f 5451//5166 5450//5165 5270//4985
f 5462//5177 5484//5199 5461//5176
f 5461//5176 5484//5199 5460//5175
f 5451//5166 5270//4985 5456//5171
f 5484//5199 5462//5177 5449//5164
f 5484//5199 5449//5164 5494//5209
f 5474//5189 5273//4988 5475//5190
f 5272//4987 5493//5208 5486//5201
f 5486//5201 5493//5208 5271//4986
f 5491//5206 5478//5193 5488//5203
f 5488//5203 5478//5193 5477//5192
f 5495//5210 5496//5211 5497//5212
f 5497//5212 5496//5211 5498//5213
f 5497//5212 5498//5213 5499//5214
f 5499//5214 5498//5213 5500//5215
f 5499//5214 5500//5215 5501//5216
f 5501//5216 5500//5215 5392//5107
f 5392//5107 5502//5217 5501//5216
f 5501//5216 5502//5217 5503//5218
f 5503//5218 5502//5217 5504//5219
f 5503//5218 5504//5219 5505//5220
f 5505//5220 5506//5221 5495//5210
f 5495//5210 5506//5221 5496//5211
f 5393//5108 5498//5213 5358//5073
f 5358//5073 5498//5213 5496//5211
f 5358//5073 5496//5211 5394//5109
f 5394//5109 5496//5211 5506//5221
f 5394//5109 5506//5221 5390//5105
f 5390//5105 5506//5221 5505//5220
f 5390//5105 5505//5220 5504//5219
f 5390//5105 5504//5219 5391//5106
f 5391//5106 5504//5219 5502//5217
f 5391//5106 5502//5217 5395//5110
f 5395//5110 5502//5217 5392//5107
f 5392//5107 5500//5215 5393//5108
f 5393//5108 5500//5215 5498//5213
f 5508//5223 5509//5224 5507//5222
f 5509//5224 5510//5225 5507//5222
f 5508//5223 5511//5226 5512//5227
f 5508//5223 5512//5227 5509//5224
f 5509//5224 5512//5227 5513//5228
f 5509//5224 5513//5228 5510//5225
f 5510//5225 5513//5228 5514//5229
f 5510//5225 5514//5229 5507//5222
f 5507//5222 5514//5229 5511//5226
f 5507//5222 5511//5226 5508//5223
f 5512//5227 5515//5230 5516//5231
f 5512//5227 5516//5231 5513//5228
f 5513//5228 5516//5231 5517//5232
f 5513//5228 5517//5232 5518//5233
f 5513//5228 5518//5233 5514//5229
f 5514//5229 5518//5233 5519//5234
f 5514//5229 5519//5234 5511//5226
f 5511//5226 5519//5234 5520//5235
f 5511//5226 5520//5235 5515//5230
f 5511//5226 5515//5230 5512//5227
f 5499//5214 5517//5232 5497//5212
f 5497//5212 5517//5232 5516//5231
f 5497//5212 5516//5231 5495//5210
f 5495//5210 5516//5231 5515//5230
f 5495//5210 5515//5230 5505//5220
f 5505//5220 5515//5230 5520//5235
f 5505//5220 5520//5235 5503//5218
f 5503//5218 5520//5235 5519//5234
f 5503//5218 5519//5234 5501//5216
f 5501//5216 5519//5234 5518//5233
f 5501//5216 5518//5233 5499//5214
f 5499//5214 5518//5233 5517//5232
f 5460//5175 5488//5203 5459//5174
f 5459//5174 5488//5203 5477//5192
f 5262//4977 5265//4980 5494//5209
f 5494//5209 5265//4980 5484//5199
f 5475//5190 5273//4988 5264//4979
f 5264//4979 5273//4988 5267//4982
f 5259//4974 5255//4970 5447//5162
f 5447//5162 5255//4970 5485//5200
f 5490//5205 5272//4987 5258//4973
f 5258//4973 5272//4987 5254//4969
f 5252//4967 5247//4962 5487//5202
f 5487//5202 5247//4962 5493//5208
f 5492//5207 5271//4986 5249//4964
f 5249//4964 5271//4986 5246//4961
f 5239//4954 5241//4956 5489//5204
f 5489//5204 5241//4956 5486//5201
f 5456//5171 5270//4985 5244//4959
f 5244//4959 5270//4985 5240//4955
f 5476//5191 5478//5193 5450//5165
f 5450//5165 5478//5193 5491//5206
f 5236//4951 5313//5028 5237//4952
f 5236//4951 5521//5236 5313//5028
f 5522//5237 5521//5236 5235//4950
f 5235//4950 5521//5236 5236//4951
f 5233//4948 5310//5025 5235//4950
f 5235//4950 5310//5025 5522//5237
f 5229//4944 5312//5027 5233//4948
f 5233//4948 5312//5027 5310//5025
f 5525//5240 5297//5012 5226//4941
f 5226//4941 5297//5012 5218//4933
f 5226//4941 5524//5239 5525//5240
f 5526//5241 5524//5239 5225//4940
f 5225//4940 5524//5239 5226//4941
f 5224//4939 5301//5016 5225//4940
f 5225//4940 5301//5016 5526//5241
f 5219//4934 5523//5238 5224//4939
f 5224//4939 5523//5238 5301//5016
f 5314//5029 5237//4952 5313//5028
f 5527//5242 5222//4937 5528//5243
f 5528//5243 5222//4937 5221//4936
f 5528//5243 5221//4936 5529//5244
f 5529//5244 5221//4936 5223//4938
f 5529//5244 5223//4938 5527//5242
f 5527//5242 5223//4938 5222//4937
f 5530//5245 5232//4947 5531//5246
f 5531//5246 5232//4947 5234//4949
f 5531//5246 5234//4949 5532//5247
f 5532//5247 5234//4949 5230//4945
f 5532//5247 5230//4945 5533//5248
f 5533//5248 5230//4945 5530//5245
f 5530//5245 5230//4945 5232//4947
f 5537//5252 5535//5250 5429//5144
f 5535//5250 5430//5145 5429//5144
f 5536//5251 5430//5145 5535//5250
f 5536//5251 5445//5160 5430//5145
f 5534//5249 5427//5142 5536//5251
f 5536//5251 5427//5142 5445//5160
f 5428//5143 5427//5142 5537//5252
f 5537//5252 5427//5142 5534//5249
f 5537//5252 5429//5144 5428//5143
f 5533//5248 5534//5249 5532//5247
f 5532//5247 5534//5249 5536//5251
f 5532//5247 5536//5251 5531//5246
f 5531//5246 5536//5251 5535//5250
f 5531//5246 5535//5250 5530//5245
f 5530//5245 5535//5250 5537//5252
f 5530//5245 5537//5252 5533//5248
f 5533//5248 5537//5252 5534//5249
f 5538//5253 5439//5154 5539//5254
f 5538//5253 5441//5156 5439//5154
f 5540//5255 5443//5158 5538//5253
f 5538//5253 5443//5158 5441//5156
f 5541//5256 5443//5158 5540//5255
f 5541//5256 5437//5152 5443//5158
f 5542//5257 5438//5153 5437//5152
f 5542//5257 5437//5152 5541//5256
f 5539//5254 5439//5154 5438//5153
f 5539//5254 5438//5153 5542//5257
f 5529//5244 5541//5256 5528//5243
f 5528//5243 5541//5256 5540//5255
f 5528//5243 5540//5255 5538//5253
f 5528//5243 5538//5253 5527//5242
f 5527//5242 5538//5253 5539//5254
f 5527//5242 5539//5254 5542//5257
f 5527//5242 5542//5257 5529//5244
f 5529//5244 5542//5257 5541//5256
f 5231//4946 5338//5053 5468//5183
f 5468//5183 5338//5053 5469//5184
f 5469//5184 5338//5053 5454//5169
f 5454//5169 5338//5053 5354//5069
f 5454//5169 5354//5069 5455//5170
f 5455//5170 5354//5069 5353//5068
f 5455//5170 5353//5068 5467//5182
f 5467//5182 5353//5068 5349//5064
f 5467//5182 5349//5064 5466//5181
f 5466//5181 5349//5064 5464//5179
f 5464//5179 5349//5064 5346//5061
f 5464//5179 5346//5061 5463//5178
f 5463//5178 5346//5061 5344//5059
f 5463//5178 5344//5059 5457//5172
f 5457//5172 5344//5059 5342//5057
f 5457//5172 5356//5071 5458//5173
f 5457//5172 5342//5057 5356//5071
f 5319//5034 5296//5011 5458//5173
f 5458//5173 5356//5071 5319//5034
f 5296//5011 5319//5034 5218//4933
f 5218//4933 5319//5034 5444//5159
f 5229//4944 5231//4946 5468//5183
f 5257//4972 5472//5187 5258//4973
f 5258//4973 5472//5187 5490//5205
f 5252//4967 5487//5202 5251//4966
f 5251//4966 5487//5202 5453//5168
f 5239//4954 5489//5204 5452//5167
f 5262//4977 5494//5209 5263//4978
f 5263//4978 5494//5209 5449//5164
