# Blender 5.2.1 LTS
# www.blender.org
o wrist_roll_r_link
v 0.026284 -0.010902 -0.036842
v 0.026439 -0.010929 -0.036393
v 0.025204 -0.013457 -0.036399
v 0.002664 -0.028336 -0.036432
v 0.000000 -0.028462 -0.036481
v 0.000000 -0.028462 -0.036999
v 0.000000 -0.028462 -0.035464
v 0.002657 -0.028336 -0.035464
v 0.004214 -0.028147 -0.035464
v 0.005443 -0.027941 -0.036432
v 0.005409 -0.027943 -0.035464
v 0.013269 -0.025165 -0.036023
v 0.013217 -0.025165 -0.035463
v 0.010786 -0.026343 -0.036024
v 0.010555 -0.026422 -0.035464
v 0.008323 -0.027217 -0.035464
v 0.022073 -0.018134 -0.035972
v 0.023890 -0.015912 -0.035939
v 0.023984 -0.015993 -0.035635
v 0.025498 -0.013528 -0.035903
v 0.025715 -0.013620 -0.035567
v 0.026484 -0.010937 -0.036320
v 0.027181 -0.011050 -0.035503
v 0.024529 -0.015559 -0.035262
v 0.024015 -0.016159 -0.035284
v 0.022078 -0.018282 -0.035360
v 0.021136 -0.019229 -0.035387
v 0.020083 -0.020185 -0.035997
v 0.020039 -0.020261 -0.035411
v 0.017946 -0.022055 -0.036012
v 0.017741 -0.022198 -0.035444
v 0.015672 -0.023722 -0.036020
v 0.015609 -0.023731 -0.035458
v 0.014131 -0.024652 -0.035462
v 0.010805 -0.026343 -0.036432
v 0.010807 -0.026345 -0.036999
v 0.011706 -0.025956 -0.036999
v 0.020062 -0.020163 -0.036424
v 0.020046 -0.020157 -0.036999
v 0.021988 -0.018092 -0.036416
v 0.021059 -0.019094 -0.036999
v 0.013295 -0.025165 -0.036432
v 0.013731 -0.024932 -0.036999
v 0.015699 -0.023720 -0.036431
v 0.015796 -0.023661 -0.036999
v 0.017960 -0.022046 -0.036429
v 0.017679 -0.022274 -0.036999
v 0.019435 -0.020748 -0.036999
v 0.002324 -0.028366 -0.036999
v 0.002687 -0.028334 -0.036999
v 0.004968 -0.028029 -0.036999
v 0.008166 -0.027277 -0.036432
v 0.025874 -0.013880 -0.035179
v 0.027042 -0.012239 -0.035044
v 0.027767 -0.011136 -0.034937
v 0.023711 -0.015851 -0.036407
v 0.005421 -0.027941 -0.035464
v 0.021939 -0.018079 -0.036999
v 0.022676 -0.017150 -0.036999
v 0.023980 -0.015287 -0.036999
v 0.025123 -0.013344 -0.036999
v 0.026100 -0.011324 -0.036999
v 0.026279 -0.010902 -0.036999
v 0.010088 -0.026630 -0.036999
v 0.010361 -0.026525 -0.036999
v 0.010632 -0.026417 -0.036999
v 0.007305 -0.027519 -0.036999
v 0.008171 -0.027277 -0.036999
v 0.009540 -0.026831 -0.036999
v 0.027042 0.012249 -0.035044
v 0.027767 0.011146 -0.034937
v 0.027181 0.011059 -0.035503
v 0.002657 0.028346 -0.035464
v 0.002664 0.028346 -0.036432
v 0.000000 0.028472 -0.035464
v 0.000000 0.028472 -0.036065
v 0.025874 0.013889 -0.035179
v 0.022073 0.018144 -0.035972
v 0.022078 0.018291 -0.035360
v 0.023984 0.016002 -0.035635
v 0.024015 0.016169 -0.035284
v 0.024529 0.015568 -0.035262
v 0.021988 0.018102 -0.036416
v 0.020083 0.020195 -0.035997
v 0.020062 0.020173 -0.036424
v 0.017960 0.022055 -0.036429
v 0.004214 0.028157 -0.035464
v 0.005409 0.027953 -0.035464
v 0.005443 0.027951 -0.036432
v 0.005421 0.027951 -0.035464
v 0.008166 0.027286 -0.036432
v 0.008323 0.027227 -0.035464
v 0.010805 0.026353 -0.036432
v 0.010555 0.026432 -0.035464
v 0.013295 0.025174 -0.036432
v 0.006203 0.027795 -0.036999
v 0.003928 0.028201 -0.036999
v 0.002665 0.028346 -0.036999
v 0.001642 0.028423 -0.036999
v 0.000000 0.028472 -0.036999
v 0.010774 0.026369 -0.036999
v 0.008659 0.027136 -0.036999
v 0.006464 0.027736 -0.036999
v 0.026279 0.010911 -0.036999
v 0.025505 0.012612 -0.036999
v 0.026284 0.010912 -0.036842
v 0.025075 0.013442 -0.036999
v 0.026439 0.010939 -0.036393
v 0.023711 0.015861 -0.036407
v 0.023622 0.015841 -0.036999
v 0.023129 0.016548 -0.036999
v 0.023890 0.015922 -0.035939
v 0.025715 0.013630 -0.035567
v 0.026484 0.010946 -0.036320
v 0.025498 0.013538 -0.035903
v 0.025204 0.013467 -0.036399
v 0.024398 0.014627 -0.036999
v 0.017963 0.022053 -0.036999
v 0.015699 0.023729 -0.036431
v 0.016826 0.022940 -0.036999
v 0.021702 0.018372 -0.036999
v 0.021281 0.018857 -0.036999
v 0.019667 0.020537 -0.036999
v 0.018624 0.021493 -0.036999
v 0.013217 0.025175 -0.035463
v 0.014131 0.024662 -0.035462
v 0.015609 0.023741 -0.035458
v 0.017741 0.022207 -0.035444
v 0.020039 0.020271 -0.035411
v 0.021136 0.019239 -0.035387
v 0.015710 0.023729 -0.036999
v 0.014809 0.024308 -0.036999
v 0.012821 0.025428 -0.036999
v 0.010807 0.026355 -0.036999
v 0.000000 0.013965 -0.031786
v 0.000000 0.013965 -0.036999
v 0.003350 0.013558 -0.031786
v 0.003350 0.013558 -0.036999
v 0.004860 0.013094 -0.031786
v 0.006506 0.012361 -0.036999
v 0.006506 0.012361 -0.031786
v 0.009284 0.010444 -0.031786
v 0.009284 0.010444 -0.036999
v 0.010873 0.008784 -0.036999
v 0.011522 0.007917 -0.031786
v 0.011522 0.007917 -0.036999
v 0.012728 0.005795 -0.031786
v 0.012983 0.005204 -0.036999
v 0.013090 0.004929 -0.031786
v 0.013090 0.004929 -0.036999
v 0.013898 0.001652 -0.031786
v 0.013898 0.001652 -0.036999
v 0.013898 -0.001723 -0.031786
v 0.013898 -0.001723 -0.036999
v 0.013090 -0.005000 -0.031786
v 0.013090 -0.005000 -0.036999
v 0.012770 -0.005773 -0.031786
v 0.011522 -0.007988 -0.036999
v 0.011522 -0.007988 -0.031786
v 0.010873 -0.008855 -0.036999
v 0.009284 -0.010515 -0.031786
v 0.009284 -0.010515 -0.036999
v 0.006506 -0.012432 -0.031786
v 0.006506 -0.012432 -0.036999
v 0.004918 -0.013143 -0.031786
v 0.003350 -0.013629 -0.036999
v 0.000000 -0.014035 -0.036999
v 0.000000 -0.014035 -0.031786
v 0.003350 -0.013629 -0.031786
v 0.023849 0.011720 -0.031809
v 0.024331 0.012048 -0.031838
v 0.023493 0.013206 -0.031978
v 0.000000 0.025919 -0.032200
v 0.000000 0.025325 -0.032082
v 0.002301 0.025213 -0.032082
v 0.000000 0.021581 -0.031805
v 0.000000 0.018647 -0.031786
v 0.001640 0.018565 -0.031786
v 0.007154 0.018883 -0.031789
v 0.007469 0.018606 -0.031788
v 0.008634 0.021617 -0.031873
v 0.010603 0.020652 -0.031873
v 0.007581 0.018444 -0.031787
v 0.007675 0.018240 -0.031787
v 0.007748 0.017827 -0.031786
v 0.007681 0.017413 -0.031786
v 0.008237 0.016683 -0.031786
v 0.007581 0.017194 -0.031786
v 0.007480 0.017044 -0.031786
v 0.005604 0.018692 -0.031786
v 0.006527 0.022383 -0.031873
v 0.005416 0.018444 -0.031786
v 0.005365 0.018347 -0.031786
v 0.005873 0.018901 -0.031787
v 0.005943 0.018939 -0.031787
v 0.006345 0.019059 -0.031788
v 0.006498 0.019069 -0.031788
v 0.006765 0.019040 -0.031789
v 0.007123 0.018901 -0.031789
v 0.004340 0.022928 -0.031873
v 0.003461 0.018307 -0.031786
v 0.005254 0.017942 -0.031786
v 0.005246 0.017872 -0.031786
v 0.005249 0.017871 -0.031786
v 0.000000 0.024499 -0.031969
v 0.000000 0.023355 -0.031873
v 0.002105 0.023252 -0.031873
v 0.000000 0.022258 -0.031823
v 0.012492 0.019467 -0.031871
v 0.010180 0.015545 -0.031786
v 0.014257 0.018095 -0.031866
v 0.010943 0.015005 -0.031786
v 0.011655 0.014448 -0.031786
v 0.015889 0.016554 -0.031856
v 0.013492 0.012725 -0.031786
v 0.017378 0.014860 -0.031840
v 0.014259 0.011853 -0.031786
v 0.018705 0.013027 -0.031819
v 0.015553 0.010092 -0.031786
v 0.019848 0.011069 -0.031795
v 0.016313 0.008810 -0.031786
v 0.018559 0.007906 -0.031785
v 0.017101 0.007153 -0.031786
v 0.002654 0.018444 -0.031786
v 0.000000 0.026834 -0.032488
v 0.002208 0.026738 -0.032488
v 0.005005 0.026345 -0.032488
v 0.004714 0.024862 -0.032082
v 0.005010 0.026344 -0.032488
v 0.025251 0.010689 -0.031631
v 0.024503 0.010472 -0.031668
v 0.023883 0.010269 -0.031694
v 0.023103 0.012886 -0.031915
v 0.023319 0.011466 -0.031788
v 0.022280 0.011001 -0.031778
v 0.022779 0.009860 -0.031731
v 0.022654 0.012613 -0.031870
v 0.022753 0.014174 -0.032078
v 0.021159 0.014763 -0.032012
v 0.021831 0.015317 -0.032179
v 0.019527 0.016753 -0.032116
v 0.020100 0.017289 -0.032314
v 0.019308 0.018118 -0.032357
v 0.017778 0.018594 -0.032185
v 0.018280 0.019130 -0.032400
v 0.016350 0.020839 -0.032451
v 0.012881 0.023306 -0.032485
v 0.011463 0.022394 -0.032081
v 0.013498 0.021112 -0.032076
v 0.015410 0.019633 -0.032060
v 0.016074 0.021062 -0.032456
v 0.014308 0.022382 -0.032477
v 0.021706 0.012107 -0.031825
v 0.020376 0.014211 -0.031912
v 0.018862 0.016170 -0.031981
v 0.017200 0.017979 -0.032030
v 0.020783 0.008997 -0.031770
v 0.022373 0.009697 -0.031741
v 0.012153 0.023729 -0.032487
v 0.012148 0.023732 -0.032487
v 0.009344 0.023440 -0.032082
v 0.009662 0.024942 -0.032488
v 0.007073 0.024271 -0.032082
v 0.007503 0.025719 -0.032488
v 0.006027 0.026121 -0.032488
v 0.000000 -0.022121 -0.031819
v 0.000000 -0.023335 -0.031873
v 0.002105 -0.023232 -0.031873
v 0.000000 -0.026514 -0.032371
v 0.000000 -0.026821 -0.032488
v 0.002208 -0.026725 -0.032488
v 0.005493 -0.018633 -0.031786
v 0.005416 -0.018515 -0.031786
v 0.006527 -0.022363 -0.031873
v 0.004340 -0.022908 -0.031873
v 0.005249 -0.017842 -0.031786
v 0.005246 -0.017843 -0.031786
v 0.005248 -0.017890 -0.031786
v 0.003461 -0.018278 -0.031786
v 0.005304 -0.018258 -0.031786
v 0.007185 -0.018934 -0.031789
v 0.007123 -0.018972 -0.031789
v 0.008634 -0.021597 -0.031873
v 0.006498 -0.019140 -0.031789
v 0.006178 -0.019098 -0.031788
v 0.006596 -0.019136 -0.031789
v 0.005873 -0.018972 -0.031787
v 0.005796 -0.018924 -0.031787
v 0.007668 -0.017449 -0.031786
v 0.007748 -0.017861 -0.031786
v 0.010603 -0.020632 -0.031873
v 0.007581 -0.017265 -0.031786
v 0.008238 -0.016653 -0.031786
v 0.007456 -0.017086 -0.031786
v 0.007418 -0.017043 -0.031786
v 0.007687 -0.018276 -0.031787
v 0.007581 -0.018515 -0.031788
v 0.007492 -0.018648 -0.031788
v 0.000000 -0.024477 -0.031968
v 0.000000 -0.025562 -0.032127
v 0.002301 -0.025197 -0.032082
v 0.000000 -0.018618 -0.031786
v 0.001640 -0.018536 -0.031786
v 0.002654 -0.018415 -0.031786
v 0.014257 -0.018076 -0.031866
v 0.010943 -0.014976 -0.031786
v 0.012492 -0.019447 -0.031871
v 0.010180 -0.015516 -0.031786
v 0.012148 -0.023719 -0.032487
v 0.011463 -0.022378 -0.032081
v 0.009344 -0.023424 -0.032082
v 0.012153 -0.023716 -0.032487
v 0.012881 -0.023293 -0.032485
v 0.013498 -0.021096 -0.032076
v 0.014308 -0.022369 -0.032477
v 0.016073 -0.021050 -0.032456
v 0.015410 -0.019617 -0.032060
v 0.016350 -0.020826 -0.032451
v 0.017778 -0.018579 -0.032185
v 0.018280 -0.019117 -0.032400
v 0.019527 -0.016739 -0.032116
v 0.023319 -0.011452 -0.031788
v 0.022654 -0.012599 -0.031870
v 0.023849 -0.011707 -0.031809
v 0.023103 -0.012873 -0.031915
v 0.024331 -0.012036 -0.031838
v 0.019308 -0.018106 -0.032357
v 0.020100 -0.017276 -0.032314
v 0.021159 -0.014749 -0.032012
v 0.021831 -0.015304 -0.032179
v 0.022753 -0.014162 -0.032078
v 0.023493 -0.013194 -0.031978
v 0.022280 -0.010986 -0.031778
v 0.021706 -0.012091 -0.031825
v 0.020376 -0.014195 -0.031912
v 0.018862 -0.016154 -0.031981
v 0.017200 -0.017964 -0.032030
v 0.005005 -0.026332 -0.032488
v 0.004714 -0.024846 -0.032082
v 0.005010 -0.026331 -0.032488
v 0.006027 -0.026108 -0.032488
v 0.007073 -0.024255 -0.032082
v 0.007503 -0.025706 -0.032488
v 0.009661 -0.024930 -0.032488
v 0.020783 -0.008977 -0.031770
v 0.017101 -0.007124 -0.031786
v 0.019848 -0.011049 -0.031795
v 0.016313 -0.008781 -0.031786
v 0.018705 -0.013008 -0.031819
v 0.015553 -0.010063 -0.031786
v 0.017378 -0.014841 -0.031840
v 0.014259 -0.011824 -0.031786
v 0.015889 -0.016534 -0.031856
v 0.013492 -0.012695 -0.031786
v 0.011655 -0.014419 -0.031786
v 0.025251 -0.010677 -0.031631
v 0.024503 -0.010459 -0.031668
v 0.023358 -0.010067 -0.031713
v 0.025842 -0.014129 -0.034953
v 0.025747 -0.014416 -0.034711
v 0.023922 -0.016429 -0.034876
v 0.000000 -0.028109 -0.033592
v 0.000000 -0.028268 -0.033943
v 0.002606 -0.028133 -0.033914
v 0.000000 -0.028373 -0.034313
v 0.000000 -0.028433 -0.034694
v 0.002633 -0.028312 -0.034731
v 0.000000 -0.028458 -0.035078
v 0.000000 -0.027442 -0.032838
v 0.005382 -0.027918 -0.034731
v 0.008073 -0.027254 -0.034731
v 0.010674 -0.026321 -0.034731
v 0.013111 -0.025151 -0.034730
v 0.010125 -0.025327 -0.032782
v 0.007668 -0.026225 -0.032782
v 0.005116 -0.026863 -0.032782
v 0.002505 -0.027243 -0.032782
v 0.000000 -0.027621 -0.032983
v 0.026079 -0.013423 -0.032365
v 0.024405 -0.014671 -0.032538
v 0.026264 -0.013724 -0.032613
v 0.024712 -0.015120 -0.032919
v 0.026383 -0.013847 -0.032784
v 0.024990 -0.015309 -0.033338
v 0.026547 -0.013925 -0.033032
v 0.025625 -0.012171 -0.031873
v 0.025971 -0.013190 -0.032233
v 0.024035 -0.013977 -0.032211
v 0.022339 -0.015871 -0.032434
v 0.023030 -0.016727 -0.033143
v 0.022721 -0.016373 -0.032763
v 0.020928 -0.018155 -0.032919
v 0.020562 -0.017755 -0.032585
v 0.018691 -0.019569 -0.032682
v 0.016714 -0.021273 -0.032740
v 0.017012 -0.021618 -0.033083
v 0.014624 -0.022829 -0.032770
v 0.012415 -0.024199 -0.032780
v 0.014882 -0.023177 -0.033114
v 0.012631 -0.024560 -0.033126
v 0.010299 -0.025704 -0.033127
v 0.000000 -0.028043 -0.033479
v 0.002549 -0.027648 -0.033127
v 0.005203 -0.027263 -0.033127
v 0.005321 -0.027741 -0.033914
v 0.007799 -0.026615 -0.033127
v 0.007977 -0.027082 -0.033914
v 0.010540 -0.026155 -0.033914
v 0.012935 -0.024993 -0.033912
v 0.015252 -0.023593 -0.033901
v 0.017445 -0.022026 -0.033871
v 0.027312 -0.012894 -0.034254
v 0.027415 -0.012581 -0.034415
v 0.027580 -0.011987 -0.034665
v 0.021860 -0.018556 -0.034570
v 0.027115 -0.013382 -0.033939
v 0.025511 -0.014933 -0.034241
v 0.023750 -0.016706 -0.034441
v 0.026602 -0.013928 -0.033117
v 0.025256 -0.015243 -0.033782
v 0.026848 -0.013798 -0.033507
v 0.023295 -0.016900 -0.033559
v 0.023536 -0.016883 -0.033997
v 0.015476 -0.023733 -0.034721
v 0.017721 -0.022131 -0.034697
v 0.019849 -0.020389 -0.034650
v 0.019026 -0.019927 -0.033022
v 0.019296 -0.020188 -0.033403
v 0.019517 -0.020346 -0.033812
v 0.021682 -0.018634 -0.034141
v 0.019701 -0.020404 -0.034233
v 0.019960 0.020342 -0.035048
v 0.005116 0.026875 -0.032782
v 0.007799 0.026626 -0.033127
v 0.010299 0.025715 -0.033127
v 0.010540 0.026165 -0.033914
v 0.022339 0.015883 -0.032434
v 0.025623 0.012176 -0.031872
v 0.023030 0.016737 -0.033143
v 0.023295 0.016910 -0.033559
v 0.019517 0.020356 -0.033812
v 0.000000 0.028469 -0.035142
v 0.000000 0.028454 -0.034820
v 0.002633 0.028321 -0.034731
v 0.000000 0.028384 -0.034318
v 0.000000 0.028252 -0.033875
v 0.002606 0.028143 -0.033914
v 0.000000 0.027934 -0.033307
v 0.000000 0.027840 -0.033193
v 0.002549 0.027659 -0.033127
v 0.000000 0.027332 -0.032754
v 0.024990 0.015319 -0.033338
v 0.026383 0.013857 -0.032784
v 0.026547 0.013935 -0.033032
v 0.026264 0.013734 -0.032613
v 0.024712 0.015130 -0.032919
v 0.026079 0.013435 -0.032366
v 0.024405 0.014681 -0.032538
v 0.025971 0.013200 -0.032233
v 0.024035 0.013988 -0.032211
v 0.020928 0.018166 -0.032919
v 0.019296 0.020198 -0.033403
v 0.019026 0.019938 -0.033022
v 0.017445 0.022036 -0.033871
v 0.018691 0.019581 -0.032682
v 0.016714 0.021285 -0.032740
v 0.012415 0.024211 -0.032780
v 0.014624 0.022841 -0.032770
v 0.012935 0.025003 -0.033912
v 0.012631 0.024571 -0.033126
v 0.015252 0.023603 -0.033901
v 0.014882 0.023188 -0.033114
v 0.017012 0.021629 -0.033083
v 0.020562 0.017767 -0.032585
v 0.005321 0.027751 -0.033914
v 0.010125 0.025339 -0.032782
v 0.007668 0.026237 -0.032782
v 0.007977 0.027092 -0.033914
v 0.005203 0.027274 -0.033127
v 0.002505 0.027255 -0.032782
v 0.000000 0.027239 -0.032694
v 0.005382 0.027927 -0.034731
v 0.008073 0.027264 -0.034731
v 0.027580 0.011997 -0.034665
v 0.025842 0.014139 -0.034953
v 0.021994 0.018432 -0.034982
v 0.021682 0.018644 -0.034141
v 0.023536 0.016893 -0.033997
v 0.023750 0.016716 -0.034441
v 0.025511 0.014942 -0.034241
v 0.025747 0.014425 -0.034711
v 0.027312 0.012904 -0.034254
v 0.027415 0.012590 -0.034415
v 0.013111 0.025160 -0.034730
v 0.015476 0.023742 -0.034721
v 0.017721 0.022140 -0.034697
v 0.023922 0.016438 -0.034876
v 0.021860 0.018566 -0.034570
v 0.019849 0.020398 -0.034650
v 0.019701 0.020414 -0.034233
v 0.027115 0.013392 -0.033939
v 0.025256 0.015253 -0.033782
v 0.026848 0.013807 -0.033507
v 0.026602 0.013938 -0.033116
v 0.022721 0.016384 -0.032763
v 0.010674 0.026331 -0.034731
v 0.005930 -0.014806 -0.031786
v 0.005416 -0.017265 -0.031786
v 0.006778 -0.016671 -0.031786
v 0.006498 -0.016640 -0.031786
v 0.005873 -0.016807 -0.031786
v 0.005873 0.016736 -0.031786
v 0.005878 0.014734 -0.031786
v 0.006498 0.016569 -0.031786
v 0.006732 0.016591 -0.031786
v 0.005416 0.017194 -0.031786
v 0.005248 0.017819 -0.031786
v 0.014714 0.009390 -0.036999
v 0.015564 0.009163 -0.036999
v 0.014714 -0.012406 -0.036999
v 0.017036 -0.011783 -0.036999
v 0.017264 -0.010933 -0.036999
v 0.019000 -0.001285 -0.036999
v 0.020250 -0.000035 -0.036999
v 0.028367 -0.001689 -0.036999
v 0.020083 -0.000660 -0.036999
v 0.028282 -0.002791 -0.036999
v 0.028141 -0.004001 -0.036999
v 0.020083 0.000590 -0.036999
v 0.027999 0.004924 -0.036999
v 0.028186 0.003670 -0.036999
v 0.027953 0.005190 -0.036999
v 0.019625 0.001047 -0.036999
v 0.019000 0.001215 -0.036999
v 0.018375 0.001047 -0.036999
v 0.017917 0.000590 -0.036999
v 0.017750 -0.000035 -0.036999
v 0.015564 -0.009233 -0.036999
v 0.027841 -0.005765 -0.036999
v 0.027551 -0.007045 -0.036999
v 0.019625 -0.001118 -0.036999
v 0.027214 -0.008272 -0.036999
v 0.026909 -0.009227 -0.036999
v 0.014714 -0.009461 -0.036999
v 0.014092 -0.010083 -0.036999
v 0.013864 -0.010933 -0.036999
v 0.014092 -0.011783 -0.036999
v 0.028282 0.002801 -0.036999
v 0.028384 0.001361 -0.036999
v 0.028412 -0.000428 -0.036999
v 0.017917 -0.000660 -0.036999
v 0.018375 -0.001118 -0.036999
v 0.016414 -0.009461 -0.036999
v 0.017036 -0.010083 -0.036999
v 0.016414 -0.012406 -0.036999
v 0.015564 -0.012633 -0.036999
v 0.014714 0.012335 -0.036999
v 0.014092 0.011713 -0.036999
v 0.016414 0.009390 -0.036999
v 0.017036 0.010013 -0.036999
v 0.013864 0.010863 -0.036999
v 0.014092 0.010013 -0.036999
v 0.017264 0.010863 -0.036999
v 0.027048 0.008815 -0.036999
v 0.027643 0.006678 -0.036999
v 0.017036 0.011713 -0.036999
v 0.016414 0.012335 -0.036999
v 0.015564 0.012563 -0.036999
v 0.005248 0.017819 -0.036999
v 0.005416 0.017194 -0.036999
v 0.005873 0.016736 -0.036999
v 0.006498 0.016569 -0.036999
v 0.007123 0.016736 -0.036999
v 0.007581 0.017194 -0.036999
v 0.007748 0.017819 -0.036999
v 0.007581 0.018444 -0.036999
v 0.007123 0.018901 -0.036999
v 0.005416 0.018444 -0.036999
v 0.005873 0.018901 -0.036999
v 0.006498 0.019069 -0.036999
v 0.005416 -0.017265 -0.036999
v 0.005248 -0.017890 -0.036999
v 0.007123 -0.018972 -0.036999
v 0.007581 -0.018515 -0.036999
v 0.007748 -0.017890 -0.036999
v 0.007581 -0.017265 -0.036999
v 0.007123 -0.016807 -0.036999
v 0.005873 -0.018972 -0.036999
v 0.006498 -0.019140 -0.036999
v 0.005416 -0.018515 -0.036999
v 0.005873 -0.016807 -0.036999
v 0.006498 -0.016640 -0.036999
v 0.027940 -0.010749 -0.034961
v 0.028889 0.005582 -0.035542
v 0.028499 0.005608 -0.035884
v 0.027822 0.008351 -0.035874
v 0.027761 0.009720 -0.035509
v 0.028419 0.009597 -0.035040
v 0.028232 0.008354 -0.035525
v 0.028891 0.002818 -0.035893
v 0.027367 0.009691 -0.035873
v 0.028305 0.002802 -0.036736
v 0.028438 0.000005 -0.036736
v 0.027236 0.008285 -0.036736
v 0.027904 0.005571 -0.036736
v 0.028305 -0.002792 -0.036736
v 0.027904 -0.005561 -0.036736
v 0.027236 -0.008275 -0.036736
v 0.027389 0.008307 -0.036391
v 0.028062 0.005588 -0.036392
v 0.028461 0.002811 -0.036394
v 0.028593 0.000005 -0.036395
v 0.028461 -0.002801 -0.036394
v 0.028062 -0.005578 -0.036392
v 0.027389 -0.008297 -0.036391
v 0.027367 -0.009682 -0.035873
v 0.027761 -0.009710 -0.035509
v 0.028419 -0.009587 -0.035040
v 0.027822 -0.008341 -0.035874
v 0.028499 -0.005599 -0.035884
v 0.028232 -0.008344 -0.035525
v 0.028889 -0.005572 -0.035542
v 0.028988 -0.007802 -0.035127
v 0.028984 0.007826 -0.035126
v 0.029443 0.005467 -0.035134
v 0.029610 0.004263 -0.035139
v 0.029766 0.002737 -0.035153
v 0.029018 0.000005 -0.035897
v 0.029873 -0.000311 -0.035163
v 0.028891 -0.002808 -0.035893
v 0.029766 -0.002727 -0.035153
v 0.029522 -0.004917 -0.035135
v 0.029443 -0.005458 -0.035134
v 0.033950 0.000000 -0.010500
v 0.038893 0.000000 -0.010500
v 0.033950 0.002958 -0.010075
v 0.038893 0.002958 -0.010075
v 0.033950 0.005677 -0.008833
v 0.038893 0.005677 -0.008833
v 0.033950 0.007935 -0.006876
v 0.038893 0.007935 -0.006876
v 0.033950 0.009551 -0.004362
v 0.038893 0.009551 -0.004362
v 0.033950 0.010393 -0.001494
v 0.038893 0.010393 -0.001494
v 0.033950 0.010393 0.001494
v 0.038893 0.010393 0.001494
v 0.033950 0.009551 0.004362
v 0.038893 0.009551 0.004362
v 0.033950 0.007935 0.006876
v 0.038893 0.007935 0.006876
v 0.033950 0.005677 0.008833
v 0.038893 0.005677 0.008833
v 0.033950 0.002958 0.010075
v 0.038893 0.002958 0.010075
v 0.033950 0.000000 0.010500
v 0.038893 0.000000 0.010500
v 0.033950 -0.002958 0.010075
v 0.038893 -0.002958 0.010075
v 0.033950 -0.005677 0.008833
v 0.038893 -0.005677 0.008833
v 0.033950 -0.007935 0.006876
v 0.038893 -0.007935 0.006876
v 0.033950 -0.009551 0.004362
v 0.038893 -0.009551 0.004362
v 0.033950 -0.010393 0.001494
v 0.038893 -0.010393 0.001494
v 0.033950 -0.010393 -0.001494
v 0.038893 -0.010393 -0.001494
v 0.033950 -0.009551 -0.004362
v 0.038893 -0.009551 -0.004362
v 0.033950 -0.007935 -0.006876
v 0.038893 -0.007935 -0.006876
v 0.033950 -0.005677 -0.008833
v 0.038893 -0.005677 -0.008833
v 0.033950 -0.002958 -0.010075
v 0.038893 -0.002958 -0.010075
v 0.036592 -0.004975 0.010360
v 0.038893 -0.004975 0.010360
v 0.036592 -0.004150 0.010581
v 0.038893 -0.004150 0.010581
v 0.036592 -0.003546 0.011185
v 0.038893 -0.003546 0.011185
v 0.036592 -0.003325 0.012010
v 0.038893 -0.003325 0.012010
v 0.036592 -0.003546 0.012835
v 0.038893 -0.003546 0.012835
v 0.036592 -0.004150 0.013439
v 0.038893 -0.004150 0.013439
v 0.036592 -0.004975 0.013660
v 0.038893 -0.004975 0.013660
v 0.036592 -0.005800 0.013439
v 0.038893 -0.005800 0.013439
v 0.036592 -0.006404 0.012835
v 0.038893 -0.006404 0.012835
v 0.036592 -0.006625 0.012010
v 0.038893 -0.006625 0.012010
v 0.036592 -0.006404 0.011185
v 0.038893 -0.006404 0.011185
v 0.036592 -0.005800 0.010581
v 0.038893 -0.005800 0.010581
v 0.036592 0.004975 0.010360
v 0.038893 0.004975 0.010360
v 0.036592 0.005800 0.010581
v 0.038893 0.005800 0.010581
v 0.036592 0.006404 0.011185
v 0.038893 0.006404 0.011185
v 0.036592 0.006625 0.012010
v 0.038893 0.006625 0.012010
v 0.036592 0.006404 0.012835
v 0.038893 0.006404 0.012835
v 0.036592 0.005800 0.013439
v 0.038893 0.005800 0.013439
v 0.036592 0.004975 0.013660
v 0.038893 0.004975 0.013660
v 0.036592 0.004150 0.013439
v 0.038893 0.004150 0.013439
v 0.036592 0.003546 0.012835
v 0.038893 0.003546 0.012835
v 0.036592 0.003325 0.012010
v 0.038893 0.003325 0.012010
v 0.036592 0.003546 0.011185
v 0.038893 0.003546 0.011185
v 0.036592 0.004150 0.010581
v 0.038893 0.004150 0.010581
v 0.036592 0.012010 0.003325
v 0.038893 0.012010 0.003325
v 0.036592 0.012835 0.003546
v 0.038893 0.012835 0.003546
v 0.036592 0.013439 0.004150
v 0.038893 0.013439 0.004150
v 0.036592 0.013660 0.004975
v 0.038893 0.013660 0.004975
v 0.036592 0.013439 0.005800
v 0.038893 0.013439 0.005800
v 0.036592 0.012835 0.006404
v 0.038893 0.012835 0.006404
v 0.036592 0.012010 0.006625
v 0.038893 0.012010 0.006625
v 0.036592 0.011185 0.006404
v 0.038893 0.011185 0.006404
v 0.036592 0.010582 0.005800
v 0.038893 0.010582 0.005800
v 0.036592 0.010360 0.004975
v 0.038893 0.010360 0.004975
v 0.036592 0.010582 0.004150
v 0.038893 0.010582 0.004150
v 0.036592 0.011185 0.003546
v 0.038893 0.011185 0.003546
v 0.036592 0.012010 -0.006625
v 0.038893 0.012010 -0.006625
v 0.036592 0.012835 -0.006404
v 0.038893 0.012835 -0.006404
v 0.036592 0.013439 -0.005800
v 0.038893 0.013439 -0.005800
v 0.036592 0.013660 -0.004975
v 0.038893 0.013660 -0.004975
v 0.036592 0.013439 -0.004150
v 0.038893 0.013439 -0.004150
v 0.036592 0.012835 -0.003546
v 0.038893 0.012835 -0.003546
v 0.036592 0.012010 -0.003325
v 0.038893 0.012010 -0.003325
v 0.036592 0.011185 -0.003546
v 0.038893 0.011185 -0.003546
v 0.036592 0.010582 -0.004150
v 0.038893 0.010582 -0.004150
v 0.036592 0.010360 -0.004975
v 0.038893 0.010360 -0.004975
v 0.036592 0.010582 -0.005800
v 0.038893 0.010582 -0.005800
v 0.036592 0.011185 -0.006404
v 0.038893 0.011185 -0.006404
v 0.036592 0.004975 -0.013660
v 0.038893 0.004975 -0.013660
v 0.036592 0.005800 -0.013439
v 0.038893 0.005800 -0.013439
v 0.036592 0.006404 -0.012835
v 0.038893 0.006404 -0.012835
v 0.036592 0.006625 -0.012010
v 0.038893 0.006625 -0.012010
v 0.036592 0.006404 -0.011185
v 0.038893 0.006404 -0.011185
v 0.036592 0.005800 -0.010581
v 0.038893 0.005800 -0.010581
v 0.036592 0.004975 -0.010360
v 0.038893 0.004975 -0.010360
v 0.036592 0.004150 -0.010581
v 0.038893 0.004150 -0.010581
v 0.036592 0.003546 -0.011185
v 0.038893 0.003546 -0.011185
v 0.036592 0.003325 -0.012010
v 0.038893 0.003325 -0.012010
v 0.036592 0.003546 -0.012835
v 0.038893 0.003546 -0.012835
v 0.036592 0.004150 -0.013439
v 0.038893 0.004150 -0.013439
v 0.036592 -0.004975 -0.013660
v 0.038893 -0.004975 -0.013660
v 0.036592 -0.004150 -0.013439
v 0.038893 -0.004150 -0.013439
v 0.036592 -0.003546 -0.012835
v 0.038893 -0.003546 -0.012835
v 0.036592 -0.003325 -0.012010
v 0.038893 -0.003325 -0.012010
v 0.036592 -0.003546 -0.011185
v 0.038893 -0.003546 -0.011185
v 0.036592 -0.004150 -0.010581
v 0.038893 -0.004150 -0.010581
v 0.036592 -0.004975 -0.010360
v 0.038893 -0.004975 -0.010360
v 0.036592 -0.005800 -0.010581
v 0.038893 -0.005800 -0.010581
v 0.036592 -0.006404 -0.011185
v 0.038893 -0.006404 -0.011185
v 0.036592 -0.006625 -0.012010
v 0.038893 -0.006625 -0.012010
v 0.036592 -0.006404 -0.012835
v 0.038893 -0.006404 -0.012835
v 0.036592 -0.005800 -0.013439
v 0.038893 -0.005800 -0.013439
v 0.036592 -0.012010 -0.006625
v 0.038893 -0.012010 -0.006625
v 0.036592 -0.011185 -0.006404
v 0.038893 -0.011185 -0.006404
v 0.036592 -0.010581 -0.005800
v 0.038893 -0.010581 -0.005800
v 0.036592 -0.010360 -0.004975
v 0.038893 -0.010360 -0.004975
v 0.036592 -0.010581 -0.004150
v 0.038893 -0.010581 -0.004150
v 0.036592 -0.011185 -0.003546
v 0.038893 -0.011185 -0.003546
v 0.036592 -0.012010 -0.003325
v 0.038893 -0.012010 -0.003325
v 0.036592 -0.012835 -0.003546
v 0.038893 -0.012835 -0.003546
v 0.036592 -0.013439 -0.004150
v 0.038893 -0.013439 -0.004150
v 0.036592 -0.013660 -0.004975
v 0.038893 -0.013660 -0.004975
v 0.036592 -0.013439 -0.005800
v 0.038893 -0.013439 -0.005800
v 0.036592 -0.012835 -0.006404
v 0.038893 -0.012835 -0.006404
v 0.036592 -0.012010 0.003325
v 0.038893 -0.012010 0.003325
v 0.036592 -0.011185 0.003546
v 0.038893 -0.011185 0.003546
v 0.036592 -0.010581 0.004150
v 0.038893 -0.010581 0.004150
v 0.036592 -0.010360 0.004975
v 0.038893 -0.010360 0.004975
v 0.036592 -0.010581 0.005800
v 0.038893 -0.010581 0.005800
v 0.036592 -0.011185 0.006404
v 0.038893 -0.011185 0.006404
v 0.036592 -0.012010 0.006625
v 0.038893 -0.012010 0.006625
v 0.036592 -0.012835 0.006404
v 0.038893 -0.012835 0.006404
v 0.036592 -0.013439 0.005800
v 0.038893 -0.013439 0.005800
v 0.036592 -0.013660 0.004975
v 0.038893 -0.013660 0.004975
v 0.036592 -0.013439 0.004150
v 0.038893 -0.013439 0.004150
v 0.036592 -0.012835 0.003546
v 0.038893 -0.012835 0.003546
v 0.033949 0.000000 -0.019000
v 0.038392 0.000000 -0.019000
v 0.033949 0.000500 -0.018866
v 0.038392 0.000500 -0.018866
v 0.033949 0.000866 -0.018500
v 0.038392 0.000866 -0.018500
v 0.033949 0.001000 -0.018000
v 0.038392 0.001000 -0.018000
v 0.033949 0.000866 -0.017500
v 0.038392 0.000866 -0.017500
v 0.033949 0.000500 -0.017134
v 0.038392 0.000500 -0.017134
v 0.033949 0.000000 -0.017000
v 0.038392 0.000000 -0.017000
v 0.033949 -0.000500 -0.017134
v 0.038392 -0.000500 -0.017134
v 0.033949 -0.000866 -0.017500
v 0.038392 -0.000866 -0.017500
v 0.033949 -0.001000 -0.018000
v 0.038392 -0.001000 -0.018000
v 0.033949 -0.000866 -0.018500
v 0.038392 -0.000866 -0.018500
v 0.033949 -0.000500 -0.018866
v 0.038392 -0.000500 -0.018866
v 0.039593 0.001000 -0.020000
v 0.039593 -0.001000 -0.020000
v 0.039593 -0.002495 -0.020580
v 0.039593 -0.017990 0.007780
v 0.039593 -0.015957 0.011381
v 0.039593 -0.017244 0.011517
v 0.039593 -0.017755 -0.008302
v 0.039593 -0.019102 -0.004392
v 0.039593 -0.019991 -0.005536
v 0.039593 -0.005565 -0.018793
v 0.039593 -0.006042 -0.019846
v 0.039593 -0.004052 -0.020337
v 0.039593 0.019102 -0.004392
v 0.039593 0.017755 -0.008302
v 0.039593 0.019170 -0.007942
v 0.039593 0.018297 -0.009777
v 0.039593 0.012786 -0.014855
v 0.039593 0.009384 -0.017207
v 0.039593 0.011515 -0.017246
v 0.039593 -0.000001 -0.020726
v 0.039593 0.001107 -0.020697
v 0.039593 0.001250 -0.019933
v 0.039593 0.002034 -0.020629
v 0.039593 0.001433 -0.019750
v 0.039593 0.004599 -0.020223
v 0.039593 0.001498 -0.019543
v 0.039593 0.005565 -0.018793
v 0.039593 -0.019222 0.003832
v 0.039593 -0.020629 0.002037
v 0.039593 -0.019598 -0.000286
v 0.039593 -0.020720 -0.000509
v 0.039593 -0.020508 -0.003046
v 0.039593 0.019991 -0.005538
v 0.039593 0.020507 -0.003048
v 0.039593 0.019598 -0.000286
v 0.039593 0.020720 -0.000511
v 0.039593 0.019222 0.003832
v 0.039593 0.006025 -0.019851
v 0.039593 0.007940 -0.019171
v 0.039593 0.009761 -0.018306
v 0.039593 -0.001250 -0.019933
v 0.039593 -0.001433 -0.019750
v 0.039593 -0.001498 -0.019543
v 0.039593 -0.009384 -0.017207
v 0.039593 -0.009777 -0.018297
v 0.039593 -0.007942 -0.019170
v 0.039593 -0.018533 0.009326
v 0.039593 -0.019535 0.006993
v 0.039593 -0.020234 0.004550
v 0.039593 0.015957 0.011381
v 0.039593 0.017990 0.007780
v 0.039593 0.018534 0.009324
v 0.039593 -0.015618 -0.011842
v 0.039593 -0.016316 -0.012788
v 0.039593 -0.012786 -0.014855
v 0.039593 -0.014656 -0.014655
v 0.039593 -0.019171 -0.007940
v 0.039593 -0.018306 -0.009761
v 0.039593 -0.017246 -0.011515
v 0.039593 0.020629 0.002035
v 0.039593 0.020234 0.004548
v 0.039593 0.019535 0.006991
v 0.039593 0.017552 -0.011048
v 0.039593 0.015618 -0.011842
v 0.039593 0.016025 -0.013148
v 0.039593 0.012788 -0.016316
v 0.039593 0.014655 -0.014656
v 0.039593 0.015418 -0.013852
v 0.039593 -0.013852 -0.015418
v 0.039593 -0.013148 -0.016026
v 0.039593 -0.011048 -0.017552
v 0.039593 -0.005044 0.020119
v 0.039593 -0.006111 0.018623
v 0.039593 -0.002541 0.020574
v 0.039593 -0.002068 0.019491
v 0.039593 0.000001 0.020726
v 0.039593 0.002068 0.019491
v 0.039593 0.002543 0.020574
v 0.039593 -0.009882 0.016926
v 0.039593 -0.011934 0.016956
v 0.039593 -0.013214 0.014476
v 0.039593 -0.013917 0.015360
v 0.039593 -0.015697 0.013537
v 0.039593 -0.007468 0.019359
v 0.039593 -0.007940 0.019171
v 0.039593 -0.009775 0.018298
v 0.039593 0.005046 0.020118
v 0.039593 0.006111 0.018623
v 0.039593 0.007470 0.019359
v 0.039593 0.009882 0.016926
v 0.039593 0.009777 0.018297
v 0.039593 0.007942 0.019170
v 0.039593 0.017246 0.011515
v 0.039593 0.015698 0.013536
v 0.039593 0.013214 0.014476
v 0.039593 0.013919 0.015358
v 0.039593 0.011936 0.016955
v 0.017750 -0.000035 -0.031786
v 0.015245 -0.006411 -0.031786
v 0.018375 -0.001118 -0.031786
v 0.017917 -0.000660 -0.031786
v 0.015231 0.006435 -0.031786
v 0.017713 -0.005403 -0.031786
v 0.017917 0.000590 -0.031786
v 0.018375 0.001047 -0.031786
v 0.018469 0.001096 -0.031786
v 0.018412 0.001845 -0.031786
v 0.018464 -0.001164 -0.031786
v 0.018412 -0.001815 -0.031786
v 0.018029 -0.004203 -0.031786
v 0.018039 0.004185 -0.031786
v 0.017713 0.005432 -0.031786
v 0.033950 -0.015628 -0.001954
v 0.033950 -0.014764 -0.005484
v 0.033949 -0.015822 -0.015827
v 0.033949 -0.018618 -0.012436
v 0.033949 -0.022278 0.002030
v 0.033949 -0.017339 -0.014152
v 0.033950 -0.013115 -0.008722
v 0.033950 -0.010766 -0.011495
v 0.033949 -0.014738 -0.016843
v 0.033949 -0.021894 0.001915
v 0.033949 -0.016407 0.001435
v 0.033949 -0.015916 0.001517
v 0.033950 -0.015660 0.001680
v 0.033949 -0.019480 -0.011052
v 0.033949 -0.022371 -0.000550
v 0.033949 -0.022287 0.002035
v 0.033949 -0.014193 -0.017307
v 0.033950 -0.007845 -0.013657
v 0.033949 -0.011803 -0.019031
v 0.033949 -0.020698 -0.008575
v 0.033949 -0.021583 -0.005980
v 0.033949 -0.022141 -0.003290
v 0.033949 -0.008570 -0.020702
v 0.033949 -0.010552 -0.019760
v 0.033949 -0.007283 -0.017747
v 0.033949 -0.006479 -0.016158
v 0.033949 -0.005623 -0.014712
v 0.033949 -0.005598 -0.018549
v 0.033536 0.008741 -0.024951
v 0.033461 0.007513 -0.025300
v 0.033652 0.007433 -0.024746
v 0.033948 0.002242 -0.022673
v 0.033948 0.004457 -0.022352
v 0.033927 0.004680 -0.023480
v 0.033949 0.005631 -0.014709
v 0.033949 0.006489 -0.016158
v 0.033949 0.004961 -0.016676
v 0.033949 0.004428 -0.015115
v 0.033949 0.003354 -0.017021
v 0.033950 0.002701 -0.015517
v 0.033949 0.001693 -0.017213
v 0.033949 0.001567 -0.015672
v 0.033950 -0.000927 -0.015723
v 0.033949 -0.001560 -0.015673
v 0.033949 -0.004952 -0.016676
v 0.033950 -0.004506 -0.015092
v 0.033949 -0.004418 -0.015118
v 0.033949 -0.003055 -0.015451
v 0.033949 -0.003345 -0.017021
v 0.033949 -0.001684 -0.017213
v 0.033949 -0.001891 -0.019247
v 0.033949 0.000005 -0.019332
v 0.033949 0.001901 -0.019247
v 0.033949 -0.003766 -0.018987
v 0.033461 -0.007504 -0.025300
v 0.033536 -0.008732 -0.024951
v 0.033700 -0.008612 -0.024377
v 0.033753 -0.009772 -0.023928
v 0.033645 -0.009917 -0.024453
v 0.033635 -0.009929 -0.024499
v 0.033343 -0.005016 -0.025772
v 0.033009 -0.004977 -0.026339
v 0.032917 -0.002211 -0.026550
v 0.032921 0.002391 -0.026542
v 0.032896 0.000005 -0.026599
v 0.033506 0.000005 -0.025662
v 0.033523 -0.002500 -0.025570
v 0.033573 -0.004984 -0.025275
v 0.033652 -0.007423 -0.024746
v 0.033854 0.007214 -0.023825
v 0.033932 0.006959 -0.022922
v 0.033948 0.006628 -0.021818
v 0.033949 0.008580 -0.020702
v 0.033949 0.008600 -0.020751
v 0.033894 0.009463 -0.022925
v 0.033885 0.009494 -0.023016
v 0.033753 0.009782 -0.023928
v 0.033700 0.008622 -0.024377
v 0.033645 0.009927 -0.024453
v 0.033162 0.007463 -0.025980
v 0.033273 0.008735 -0.025713
v 0.033435 0.010150 -0.025327
v 0.033635 0.009939 -0.024499
v 0.033948 0.000005 -0.022780
v 0.033924 0.002354 -0.023813
v 0.033829 0.004855 -0.024388
v 0.033523 0.002510 -0.025570
v 0.033573 0.004994 -0.025275
v 0.033343 0.005026 -0.025772
v 0.033811 0.002443 -0.024717
v 0.033805 0.000005 -0.024825
v 0.033923 0.000005 -0.023924
v 0.033811 -0.002434 -0.024717
v 0.033924 -0.002345 -0.023813
v 0.033829 -0.004846 -0.024388
v 0.033927 -0.004671 -0.023480
v 0.033854 -0.007205 -0.023825
v 0.033932 -0.006949 -0.022922
v 0.033119 0.006875 -0.026083
v 0.033948 -0.002232 -0.022673
v 0.033948 -0.004447 -0.022352
v 0.033948 -0.006618 -0.021818
v 0.033949 0.003775 -0.018987
v 0.033949 0.005608 -0.018549
v 0.033949 0.007292 -0.017745
v 0.033435 -0.010141 -0.025327
v 0.033365 -0.009573 -0.025493
v 0.033162 -0.007453 -0.025980
v 0.033091 -0.006451 -0.026148
v 0.033885 -0.009485 -0.023016
v 0.033894 -0.009453 -0.022925
v 0.033948 -0.008723 -0.021070
v 0.033949 -0.008591 -0.020751
v 0.033009 0.004987 -0.026339
v 0.033949 0.021629 -0.005712
v 0.033949 0.021666 -0.005706
v 0.033949 0.021593 -0.005980
v 0.033950 0.015290 -0.003777
v 0.033949 0.015475 -0.004018
v 0.033950 0.014018 -0.007181
v 0.033949 0.015908 -0.004263
v 0.033950 0.006185 -0.014485
v 0.033950 0.009341 -0.012681
v 0.033950 0.011998 -0.010203
v 0.033949 0.017312 -0.014198
v 0.033949 0.016848 -0.014742
v 0.033949 0.019036 -0.011808
v 0.033949 0.021228 -0.005688
v 0.033949 0.020707 -0.008575
v 0.033949 0.019765 -0.010557
v 0.033949 0.015831 -0.015827
v 0.033949 0.014157 -0.017344
v 0.033949 0.012441 -0.018623
v 0.033949 0.011057 -0.019485
v 0.034449 -0.023464 -0.009832
v 0.034658 -0.023555 -0.009916
v 0.034658 -0.024563 -0.006899
v 0.036889 -0.022982 -0.009965
v 0.037065 -0.022830 -0.009900
v 0.037065 -0.023807 -0.006860
v 0.033949 -0.020049 0.011272
v 0.033949 -0.020580 0.010270
v 0.033975 -0.021603 0.010872
v 0.033949 -0.022786 0.002708
v 0.033949 -0.022663 0.002396
v 0.033975 -0.024046 0.002373
v 0.033949 -0.022444 0.002141
v 0.033975 -0.024152 -0.000595
v 0.033949 -0.021654 0.007752
v 0.033949 -0.021815 0.007289
v 0.033975 -0.022771 0.008152
v 0.033949 -0.021889 0.007062
v 0.033975 -0.023585 0.005304
v 0.033949 -0.022433 0.005076
v 0.033949 -0.022798 0.003044
v 0.033949 -0.021421 0.008376
v 0.033949 -0.019578 0.012070
v 0.033975 -0.020101 0.013426
v 0.033949 -0.019126 0.012775
v 0.033949 -0.017416 0.015023
v 0.033949 -0.017563 0.014850
v 0.033975 -0.018296 0.015782
v 0.033949 -0.018195 0.014069
v 0.033949 -0.018419 0.013775
v 0.033975 -0.016222 0.017906
v 0.033949 -0.015382 0.017100
v 0.033949 -0.016851 0.015654
v 0.033949 -0.012512 0.019299
v 0.033949 -0.013236 0.018810
v 0.033975 -0.013910 0.019768
v 0.033949 -0.013792 0.018406
v 0.033949 -0.014448 0.017896
v 0.033949 -0.010719 0.020349
v 0.033975 -0.011392 0.021333
v 0.033949 -0.008854 0.021227
v 0.033975 -0.008703 0.022570
v 0.033949 -0.008275 0.021460
v 0.033949 -0.006922 0.021934
v 0.033975 -0.005877 0.023455
v 0.033949 -0.005419 0.022352
v 0.033949 -0.003379 0.022750
v 0.033975 -0.002959 0.023987
v 0.033949 -0.002816 0.022827
v 0.033949 0.000728 0.022988
v 0.033949 0.000005 0.023000
v 0.033975 0.000005 0.024164
v 0.033949 -0.001329 0.022962
v 0.033949 -0.002526 0.022861
v 0.033949 0.001831 0.022927
v 0.033975 0.002968 0.023987
v 0.033949 0.002285 0.022886
v 0.033949 0.006121 0.022170
v 0.033949 0.005599 0.022308
v 0.033975 0.005886 0.023455
v 0.033949 0.004342 0.022587
v 0.033949 0.002825 0.022826
v 0.033949 0.010842 0.020284
v 0.033949 0.010192 0.020618
v 0.033975 0.011402 0.021333
v 0.033949 0.009732 0.020840
v 0.033975 0.008712 0.022570
v 0.033949 0.008297 0.021451
v 0.033949 0.006347 0.022107
v 0.033975 0.013919 0.019768
v 0.033949 0.013306 0.018760
v 0.033949 0.011573 0.019876
v 0.033949 0.016081 0.016444
v 0.033949 0.015447 0.017041
v 0.033975 0.016231 0.017906
v 0.033949 0.014930 0.017496
v 0.033949 0.013898 0.018326
v 0.033949 0.017104 0.015377
v 0.033975 0.018306 0.015782
v 0.033949 0.017500 0.014925
v 0.033949 0.018766 0.013298
v 0.033975 0.020110 0.013426
v 0.033949 0.019129 0.012771
v 0.033975 0.021612 0.010872
v 0.033949 0.019879 0.011568
v 0.033949 0.019697 0.011875
v 0.033975 0.022780 0.008152
v 0.033949 0.021454 0.008291
v 0.033949 0.020618 0.010194
v 0.033949 0.022588 0.004336
v 0.033949 0.022440 0.005044
v 0.033975 0.023595 0.005304
v 0.033949 0.022110 0.006337
v 0.033949 0.021655 0.007749
v 0.033975 0.024055 0.002373
v 0.033949 0.022889 0.002258
v 0.033949 0.022830 0.002795
v 0.033949 0.022695 0.003735
v 0.033949 0.022989 0.000722
v 0.033975 0.024162 -0.000595
v 0.033949 0.022993 -0.000565
v 0.033975 0.023311 -0.006459
v 0.033949 0.021981 -0.005592
v 0.033949 0.022241 -0.005379
v 0.033949 0.022416 -0.005092
v 0.033949 0.022464 -0.004937
v 0.033949 0.022468 -0.004920
v 0.033975 0.023914 -0.003554
v 0.033949 0.022749 -0.003385
v 0.033949 0.022961 -0.001339
v 0.037584 -0.022279 -0.009636
v 0.038598 -0.020846 -0.008873
v 0.038598 -0.021738 -0.006164
v 0.036181 -0.023418 -0.010110
v 0.036535 -0.023233 -0.010060
v 0.036535 -0.024227 -0.006973
v 0.036007 -0.024493 -0.007019
v 0.036007 -0.023488 -0.010120
v 0.035504 -0.023614 -0.010103
v 0.035047 -0.023630 -0.010027
v 0.035504 -0.024624 -0.007014
v 0.034361 -0.023408 -0.009789
v 0.034159 -0.023184 -0.009652
v 0.034361 -0.024410 -0.006817
v 0.034038 -0.022845 -0.009484
v 0.034159 -0.024177 -0.006726
v 0.033975 -0.022345 -0.009264
v 0.034038 -0.023822 -0.006612
v 0.033975 -0.023302 -0.006459
v 0.033975 -0.023904 -0.003554
v 0.038598 -0.012976 0.018439
v 0.038598 -0.015133 0.016703
v 0.038598 -0.017068 0.014721
v 0.038598 -0.018751 0.012524
v 0.038598 -0.020152 0.010142
v 0.038598 -0.021242 0.007604
v 0.038598 -0.022002 0.004945
v 0.038598 -0.022431 0.002202
v 0.038598 -0.022530 -0.000589
v 0.038598 -0.022299 -0.003390
v 0.038598 -0.008120 0.021052
v 0.038598 -0.010628 0.019898
v 0.038598 -0.005484 0.021878
v 0.038598 -0.002762 0.022374
v 0.038598 0.000002 0.022539
v 0.038598 0.002767 0.022374
v 0.038598 0.005488 0.021878
v 0.038598 0.008124 0.021052
v 0.038598 0.010633 0.019898
v 0.037065 -0.024422 -0.003773
v 0.036535 -0.024853 -0.003834
v 0.037065 -0.024676 -0.000673
v 0.036535 -0.025111 -0.000683
v 0.037065 -0.024567 0.002401
v 0.036535 -0.025001 0.002444
v 0.037065 -0.024097 0.005414
v 0.036535 -0.024522 0.005510
v 0.037065 -0.023264 0.008328
v 0.036535 -0.023675 0.008475
v 0.037065 -0.022071 0.011108
v 0.036535 -0.022461 0.011304
v 0.037065 -0.020537 0.013717
v 0.036535 -0.020899 0.013959
v 0.037065 -0.018693 0.016124
v 0.036535 -0.019023 0.016408
v 0.037065 -0.016573 0.018294
v 0.036535 -0.016866 0.018617
v 0.037065 -0.014211 0.020196
v 0.036535 -0.014462 0.020552
v 0.037065 -0.011640 0.021795
v 0.036535 -0.011845 0.022179
v 0.037065 -0.008892 0.023058
v 0.036535 -0.009049 0.023465
v 0.037065 -0.006005 0.023963
v 0.036535 -0.006110 0.024386
v 0.037065 -0.003024 0.024506
v 0.036535 -0.003077 0.024939
v 0.037065 0.000004 0.024687
v 0.036535 0.000004 0.025123
v 0.037065 0.003032 0.024506
v 0.036535 0.003086 0.024939
v 0.037065 0.006013 0.023963
v 0.036535 0.006119 0.024386
v 0.037065 0.008900 0.023058
v 0.036535 0.009057 0.023465
v 0.037065 0.011648 0.021794
v 0.036535 0.011854 0.022179
v 0.037065 0.014220 0.020195
v 0.036535 0.014471 0.020552
v 0.037065 0.016582 0.018294
v 0.036535 0.016875 0.018617
v 0.037065 0.018701 0.016123
v 0.036535 0.019031 0.016408
v 0.037065 0.020544 0.013717
v 0.036535 0.020907 0.013959
v 0.037065 0.022079 0.011107
v 0.036535 0.022469 0.011303
v 0.037065 0.023272 0.008328
v 0.036535 0.023683 0.008475
v 0.037065 0.024104 0.005414
v 0.036535 0.024530 0.005510
v 0.037065 0.024575 0.002401
v 0.036535 0.025009 0.002444
v 0.037065 0.024683 -0.000674
v 0.036535 0.025120 -0.000683
v 0.037065 0.024430 -0.003773
v 0.036535 0.024862 -0.003835
v 0.037065 0.023815 -0.006861
v 0.036535 0.024236 -0.006973
v 0.034658 -0.025198 -0.003796
v 0.034361 -0.025041 -0.003751
v 0.034658 -0.025459 -0.000650
v 0.034361 -0.025300 -0.000636
v 0.034658 -0.025347 0.002493
v 0.034361 -0.025189 0.002481
v 0.034658 -0.024862 0.005589
v 0.034361 -0.024707 0.005555
v 0.034658 -0.024003 0.008593
v 0.034361 -0.023853 0.008539
v 0.034658 -0.022772 0.011460
v 0.034361 -0.022630 0.011389
v 0.034658 -0.021189 0.014153
v 0.034361 -0.021056 0.014065
v 0.034658 -0.019286 0.016636
v 0.034361 -0.019166 0.016532
v 0.034658 -0.017100 0.018875
v 0.034361 -0.016993 0.018758
v 0.034658 -0.014662 0.020837
v 0.034361 -0.014571 0.020707
v 0.034658 -0.012009 0.022487
v 0.034361 -0.011934 0.022347
v 0.034658 -0.009174 0.023791
v 0.034361 -0.009117 0.023643
v 0.034658 -0.006195 0.024725
v 0.034361 -0.006156 0.024570
v 0.034658 -0.003119 0.025285
v 0.034361 -0.003100 0.025127
v 0.034658 0.000005 0.025471
v 0.034361 0.000005 0.025313
v 0.034658 0.003129 0.025285
v 0.034361 0.003109 0.025127
v 0.034658 0.006205 0.024725
v 0.034361 0.006166 0.024570
v 0.034658 0.009184 0.023791
v 0.034361 0.009126 0.023643
v 0.034658 0.012019 0.022487
v 0.034361 0.011944 0.022347
v 0.034658 0.014672 0.020837
v 0.034361 0.014581 0.020707
v 0.034658 0.017109 0.018875
v 0.034361 0.017002 0.018758
v 0.034658 0.019296 0.016636
v 0.034361 0.019176 0.016532
v 0.034658 0.021198 0.014153
v 0.034361 0.021066 0.014065
v 0.034658 0.022782 0.011460
v 0.034361 0.022640 0.011389
v 0.034658 0.024013 0.008593
v 0.034361 0.023863 0.008539
v 0.034658 0.024871 0.005589
v 0.034361 0.024716 0.005555
v 0.034658 0.025357 0.002493
v 0.034361 0.025199 0.002481
v 0.034658 0.025469 -0.000650
v 0.034361 0.025310 -0.000636
v 0.034658 0.025207 -0.003796
v 0.034361 0.025050 -0.003751
v 0.034658 0.024573 -0.006899
v 0.034361 0.024419 -0.006817
v 0.034159 -0.024801 -0.003701
v 0.034159 -0.025059 -0.000624
v 0.034159 -0.024948 0.002460
v 0.034159 -0.024471 0.005502
v 0.034159 -0.023625 0.008458
v 0.034159 -0.022414 0.011280
v 0.034159 -0.020855 0.013930
v 0.034159 -0.018983 0.016374
v 0.034159 -0.016831 0.018579
v 0.034159 -0.014432 0.020510
v 0.034159 -0.011820 0.022134
v 0.034159 -0.009030 0.023417
v 0.034159 -0.006097 0.024336
v 0.034159 -0.003070 0.024887
v 0.034159 0.000005 0.025071
v 0.034159 0.003080 0.024887
v 0.034159 0.006107 0.024336
v 0.034159 0.009039 0.023417
v 0.034159 0.011830 0.022134
v 0.034159 0.014441 0.020510
v 0.034159 0.016840 0.018579
v 0.034159 0.018993 0.016374
v 0.034159 0.020865 0.013930
v 0.034159 0.022423 0.011280
v 0.034159 0.023635 0.008458
v 0.034159 0.024480 0.005502
v 0.034159 0.024958 0.002460
v 0.034159 0.025068 -0.000624
v 0.034159 0.024811 -0.003701
v 0.034159 0.024186 -0.006726
v 0.034038 -0.024438 -0.003638
v 0.034038 -0.024691 -0.000610
v 0.034038 -0.024583 0.002425
v 0.034038 -0.024112 0.005422
v 0.034038 -0.023279 0.008334
v 0.034038 -0.022085 0.011115
v 0.034038 -0.020550 0.013726
v 0.034038 -0.018705 0.016134
v 0.034038 -0.016584 0.018306
v 0.034038 -0.014220 0.020209
v 0.034038 -0.011647 0.021809
v 0.034038 -0.008897 0.023074
v 0.034038 -0.006008 0.023979
v 0.034038 -0.003025 0.024522
v 0.034038 0.000005 0.024703
v 0.034038 0.003035 0.024522
v 0.034038 0.006018 0.023979
v 0.034038 0.008907 0.023074
v 0.034038 0.011657 0.021809
v 0.034038 0.014230 0.020209
v 0.034038 0.016594 0.018306
v 0.034038 0.018714 0.016134
v 0.034038 0.020559 0.013726
v 0.034038 0.022095 0.011115
v 0.034038 0.023289 0.008334
v 0.034038 0.024122 0.005422
v 0.034038 0.024592 0.002425
v 0.034038 0.024701 -0.000610
v 0.034038 0.024448 -0.003638
v 0.034038 0.023832 -0.006612
v 0.038598 0.012981 0.018438
v 0.038598 0.015137 0.016702
v 0.038598 0.017072 0.014720
v 0.038598 0.018755 0.012523
v 0.038598 0.020156 0.010140
v 0.038598 0.021246 0.007603
v 0.038598 0.022005 0.004944
v 0.038598 0.022435 0.002200
v 0.038598 0.022534 -0.000591
v 0.038598 0.022303 -0.003392
v 0.038598 0.021741 -0.006165
v 0.038598 0.020849 -0.008874
v 0.037584 -0.023233 -0.006680
v 0.037584 -0.023833 -0.003673
v 0.037584 -0.024080 -0.000653
v 0.037584 -0.023974 0.002345
v 0.037584 -0.023515 0.005284
v 0.037584 -0.022703 0.008127
v 0.037584 -0.021538 0.010839
v 0.037584 -0.020041 0.013386
v 0.037584 -0.018242 0.015734
v 0.037584 -0.016174 0.017852
v 0.037584 -0.013869 0.019708
v 0.037584 -0.011359 0.021268
v 0.037584 -0.008678 0.022501
v 0.037584 -0.005860 0.023384
v 0.037584 -0.002951 0.023914
v 0.037584 0.000004 0.024090
v 0.037584 0.002958 0.023914
v 0.037584 0.005867 0.023384
v 0.037584 0.008685 0.022501
v 0.037584 0.011366 0.021268
v 0.037584 0.013876 0.019707
v 0.037584 0.016181 0.017852
v 0.037584 0.018249 0.015734
v 0.037584 0.020048 0.013385
v 0.037584 0.021545 0.010839
v 0.037584 0.022709 0.008127
v 0.037584 0.023522 0.005283
v 0.037584 0.023981 0.002344
v 0.037584 0.024087 -0.000654
v 0.037584 0.023839 -0.003674
v 0.037584 0.023239 -0.006680
v 0.037584 0.022285 -0.009636
v 0.037065 0.022838 -0.009900
v 0.036889 0.022990 -0.009966
v 0.036535 0.023241 -0.010060
v 0.036181 0.023427 -0.010110
v 0.036007 -0.025126 -0.003860
v 0.036007 -0.025387 -0.000683
v 0.036007 -0.025275 0.002474
v 0.036007 -0.024791 0.005571
v 0.036007 -0.023935 0.008568
v 0.036007 -0.022707 0.011428
v 0.036007 -0.021128 0.014112
v 0.036007 -0.019231 0.016588
v 0.036007 -0.017051 0.018822
v 0.036007 -0.014621 0.020778
v 0.036007 -0.011975 0.022423
v 0.036007 -0.009148 0.023723
v 0.036007 -0.006177 0.024654
v 0.036007 -0.003111 0.025212
v 0.036007 0.000005 0.025399
v 0.036007 0.003120 0.025212
v 0.036007 0.006187 0.024654
v 0.036007 0.009157 0.023723
v 0.036007 0.011984 0.022423
v 0.036007 0.014630 0.020778
v 0.036007 0.017060 0.018821
v 0.036007 0.019241 0.016588
v 0.036007 0.021137 0.014112
v 0.036007 0.022716 0.011428
v 0.036007 0.023944 0.008568
v 0.036007 0.024800 0.005571
v 0.036007 0.025284 0.002474
v 0.036007 0.025396 -0.000683
v 0.036007 0.025135 -0.003861
v 0.036007 0.024502 -0.007019
v 0.036007 0.023497 -0.010120
v 0.035504 -0.025261 -0.003858
v 0.035504 -0.025523 -0.000676
v 0.035504 -0.025410 0.002491
v 0.035504 -0.024924 0.005601
v 0.035504 -0.024063 0.008614
v 0.035504 -0.022829 0.011489
v 0.035504 -0.021241 0.014188
v 0.035504 -0.019334 0.016677
v 0.035504 -0.017142 0.018923
v 0.035504 -0.014699 0.020889
v 0.035504 -0.012039 0.022543
v 0.035504 -0.009197 0.023851
v 0.035504 -0.006210 0.024786
v 0.035504 -0.003127 0.025348
v 0.035504 0.000005 0.025535
v 0.035504 0.003137 0.025348
v 0.035504 0.006220 0.024786
v 0.035504 0.009206 0.023851
v 0.035504 0.012049 0.022543
v 0.035504 0.014709 0.020889
v 0.035504 0.017152 0.018923
v 0.035504 0.019344 0.016677
v 0.035504 0.021251 0.014188
v 0.035504 0.022838 0.011489
v 0.035504 0.024072 0.008614
v 0.035504 0.024933 0.005601
v 0.035504 0.025420 0.002491
v 0.035504 0.025532 -0.000676
v 0.035504 0.025270 -0.003858
v 0.035504 0.024634 -0.007014
v 0.035504 0.023623 -0.010103
v 0.035047 -0.024641 -0.006969
v 0.035047 -0.025278 -0.003834
v 0.035047 -0.025540 -0.000664
v 0.035047 -0.025428 0.002497
v 0.035047 -0.024941 0.005606
v 0.035047 -0.024079 0.008620
v 0.035047 -0.022844 0.011497
v 0.035047 -0.021256 0.014198
v 0.035047 -0.019348 0.016689
v 0.035047 -0.017154 0.018935
v 0.035047 -0.014709 0.020903
v 0.035047 -0.012047 0.022559
v 0.035047 -0.009203 0.023867
v 0.035047 -0.006215 0.024803
v 0.035047 -0.003129 0.025365
v 0.035047 0.000005 0.025552
v 0.035047 0.003139 0.025365
v 0.035047 0.006224 0.024803
v 0.035047 0.009213 0.023867
v 0.035047 0.012057 0.022559
v 0.035047 0.014719 0.020903
v 0.035047 0.017164 0.018935
v 0.035047 0.019357 0.016689
v 0.035047 0.021265 0.014198
v 0.035047 0.022854 0.011497
v 0.035047 0.024089 0.008620
v 0.035047 0.024950 0.005606
v 0.035047 0.025437 0.002497
v 0.035047 0.025550 -0.000664
v 0.035047 0.025287 -0.003834
v 0.035047 0.024651 -0.006969
v 0.035047 0.023639 -0.010027
v 0.033975 0.022355 -0.009264
v 0.034038 0.022854 -0.009484
v 0.034159 0.023194 -0.009652
v 0.034361 0.023418 -0.009789
v 0.034449 0.023474 -0.009832
v 0.034658 0.023565 -0.009916
v 0.007123 0.016736 -0.031786
v 0.007123 -0.016807 -0.031786
v 0.038685 -0.008574 -0.021807
v 0.036888 -0.021906 -0.012420
v 0.036864 -0.011848 -0.024631
v 0.036792 -0.010783 -0.025445
v 0.037315 -0.010478 -0.024505
v 0.036460 -0.013068 -0.024474
v 0.036367 -0.012290 -0.025249
v 0.036615 -0.012043 -0.024989
v 0.036210 -0.011237 -0.026238
v 0.036504 -0.010970 -0.025888
v 0.037232 -0.009427 -0.025239
v 0.036569 -0.014210 -0.023273
v 0.036783 -0.014019 -0.023079
v 0.036706 -0.016009 -0.021239
v 0.036752 -0.016780 -0.020303
v 0.037098 -0.015691 -0.020877
v 0.036997 -0.013842 -0.022823
v 0.036878 -0.020689 -0.014683
v 0.036861 -0.019720 -0.016257
v 0.037578 -0.020047 -0.014178
v 0.037563 -0.018644 -0.016337
v 0.037584 -0.021266 -0.011941
v 0.038263 -0.020390 -0.011328
v 0.038261 -0.019218 -0.013422
v 0.038256 -0.017863 -0.015419
v 0.038246 -0.016343 -0.017300
v 0.037533 -0.017077 -0.018403
v 0.038231 -0.014674 -0.019045
v 0.037485 -0.015365 -0.020362
v 0.038213 -0.012868 -0.020621
v 0.037422 -0.013513 -0.022177
v 0.038195 -0.010938 -0.021995
v 0.037349 -0.011524 -0.023796
v 0.038179 -0.008897 -0.023131
v 0.035980 -0.009998 -0.027316
v 0.036405 -0.009819 -0.026698
v 0.036735 -0.009669 -0.026155
v 0.036796 -0.017698 -0.019131
v 0.037167 -0.017403 -0.018828
v 0.036850 -0.019266 -0.016944
v 0.036015 -0.008598 -0.027902
v 0.036705 0.008515 -0.026728
v 0.036735 0.009677 -0.026156
v 0.037232 0.009433 -0.025239
v 0.038165 0.004550 -0.024615
v 0.038163 0.002288 -0.024975
v 0.037243 0.002415 -0.027106
v 0.037246 0.004806 -0.026744
v 0.037256 0.007150 -0.026102
v 0.038170 0.006763 -0.024004
v 0.036030 0.007265 -0.028328
v 0.036015 0.008606 -0.027902
v 0.036690 0.004898 -0.027801
v 0.036693 0.007322 -0.027178
v 0.037268 0.008292 -0.025661
v 0.038179 0.008901 -0.023132
v 0.036067 -0.000154 -0.029255
v 0.036067 0.000004 -0.029255
v 0.036693 0.000003 -0.028254
v 0.036063 0.002459 -0.029158
v 0.036692 0.002455 -0.028146
v 0.036059 0.003592 -0.029044
v 0.036051 0.004905 -0.028853
v 0.036705 -0.008508 -0.026728
v 0.037268 -0.008286 -0.025661
v 0.036063 -0.002452 -0.029158
v 0.036692 -0.002448 -0.028145
v 0.036054 -0.004381 -0.028936
v 0.036690 -0.004891 -0.027801
v 0.037256 -0.007144 -0.026102
v 0.036693 -0.007315 -0.027177
v 0.037246 -0.004800 -0.026744
v 0.037243 -0.002409 -0.027106
v 0.037243 0.000003 -0.027221
v 0.036029 -0.007440 -0.028276
v 0.036051 -0.004897 -0.028853
v 0.038163 0.000002 -0.025092
v 0.038163 -0.002285 -0.024975
v 0.038165 -0.004547 -0.024615
v 0.038170 -0.006759 -0.024004
v 0.035980 0.010006 -0.027316
v 0.036405 0.009827 -0.026698
v 0.038685 0.008576 -0.021807
v 0.038195 0.010942 -0.021995
v 0.036504 0.010978 -0.025888
v 0.038261 0.019222 -0.013423
v 0.038256 0.017867 -0.015420
v 0.037563 0.018650 -0.016337
v 0.037578 0.020053 -0.014179
v 0.037584 0.021272 -0.011941
v 0.038263 0.020394 -0.011329
v 0.036792 0.010790 -0.025446
v 0.036864 0.011855 -0.024631
v 0.036836 0.018789 -0.017649
v 0.037167 0.017410 -0.018828
v 0.037533 0.017083 -0.018404
v 0.037098 0.015698 -0.020878
v 0.037485 0.015371 -0.020362
v 0.036997 0.013850 -0.022823
v 0.037422 0.013519 -0.022177
v 0.037349 0.011530 -0.023797
v 0.037315 0.010485 -0.024505
v 0.036210 0.011245 -0.026238
v 0.036367 0.012298 -0.025249
v 0.036615 0.012051 -0.024989
v 0.036399 0.012553 -0.025000
v 0.036783 0.014027 -0.023080
v 0.036569 0.014218 -0.023273
v 0.036686 0.015721 -0.021586
v 0.038246 0.016347 -0.017301
v 0.038231 0.014677 -0.019046
v 0.038213 0.012872 -0.020622
v 0.036888 0.021945 -0.012355
v 0.036883 0.021159 -0.013870
v 0.036850 0.019274 -0.016944
v 0.036706 0.016017 -0.021239
v 0.036796 0.017706 -0.019131
v 0.033671 -0.008322 -0.030990
v 0.034267 -0.008516 -0.030268
v 0.034019 -0.009863 -0.029931
v 0.032784 -0.009041 -0.026845
v 0.032167 -0.008551 -0.027795
v 0.032353 -0.009894 -0.027962
v 0.029226 -0.009796 -0.034303
v 0.030392 -0.009003 -0.033673
v 0.030086 -0.010397 -0.033352
v 0.031198 -0.009851 -0.032669
v 0.032214 -0.009589 -0.031886
v 0.031952 -0.010511 -0.031533
v 0.032447 -0.008271 -0.032195
v 0.031456 -0.008509 -0.032977
v 0.030940 -0.008719 -0.033331
v 0.028844 -0.011269 -0.033943
v 0.030928 -0.010781 -0.032305
v 0.031676 -0.011051 -0.031154
v 0.031131 -0.011041 -0.030387
v 0.030106 -0.011295 -0.031112
v 0.031263 -0.011177 -0.030575
v 0.030238 -0.011436 -0.031306
v 0.031399 -0.011224 -0.030766
v 0.030374 -0.011486 -0.031505
v 0.031537 -0.011182 -0.030960
v 0.030512 -0.011448 -0.031707
v 0.030651 -0.011319 -0.031910
v 0.029796 -0.011332 -0.032963
v 0.028955 -0.011819 -0.031719
v 0.029091 -0.011963 -0.031919
v 0.029229 -0.012018 -0.032124
v 0.029369 -0.011985 -0.032334
v 0.029510 -0.011862 -0.032546
v 0.028534 -0.012187 -0.033511
v 0.031389 -0.008276 -0.028694
v 0.030596 -0.008237 -0.029398
v 0.030672 -0.009565 -0.029723
v 0.030209 -0.008280 -0.029687
v 0.029649 -0.009790 -0.030419
v 0.027676 -0.012625 -0.032217
v 0.027815 -0.012770 -0.032420
v 0.027956 -0.012828 -0.032631
v 0.028098 -0.012802 -0.032847
v 0.028241 -0.012690 -0.033067
v 0.027403 -0.012055 -0.031838
v 0.033227 -0.011400 -0.027087
v 0.033626 -0.011878 -0.025611
v 0.033307 -0.010959 -0.026212
v 0.033558 -0.011539 -0.025525
v 0.031794 -0.008382 -0.028258
v 0.031571 -0.009593 -0.028912
v 0.031788 -0.010512 -0.029199
v 0.030886 -0.010492 -0.030034
v 0.029859 -0.010735 -0.030746
v 0.028700 -0.011249 -0.031344
v 0.034932 -0.008896 -0.029317
v 0.035110 -0.009033 -0.029030
v 0.034803 -0.010446 -0.028678
v 0.035748 -0.010702 -0.027273
v 0.035454 -0.011443 -0.027167
v 0.034442 -0.011360 -0.028366
v 0.035152 -0.012059 -0.027009
v 0.034987 -0.012334 -0.026903
v 0.034091 -0.011882 -0.028041
v 0.034647 -0.012743 -0.026650
v 0.033925 -0.012011 -0.027875
v 0.034553 -0.012815 -0.026572
v 0.033766 -0.012056 -0.027709
v 0.034307 -0.012903 -0.026351
v 0.033617 -0.012020 -0.027545
v 0.034114 -0.012855 -0.026161
v 0.033476 -0.011902 -0.027385
v 0.033910 -0.012645 -0.025946
v 0.033757 -0.012330 -0.025772
v 0.033149 -0.009527 -0.026115
v 0.033019 -0.010506 -0.026845
v 0.032569 -0.010807 -0.028224
v 0.032818 -0.011333 -0.028540
v 0.032036 -0.011051 -0.029535
v 0.032954 -0.011460 -0.028710
v 0.032169 -0.011183 -0.029715
v 0.033098 -0.011500 -0.028885
v 0.032307 -0.011226 -0.029899
v 0.033249 -0.011455 -0.029063
v 0.032450 -0.011182 -0.030085
v 0.033403 -0.011322 -0.029240
v 0.032596 -0.011049 -0.030271
v 0.033718 -0.010785 -0.029592
v 0.032884 -0.010509 -0.030638
v 0.033153 -0.009589 -0.030986
v 0.033382 -0.008271 -0.031304
v 0.026450 -0.009892 -0.031381
v 0.027151 -0.011071 -0.031503
v 0.027012 -0.009557 -0.031219
v 0.028482 -0.010280 -0.031010
v 0.028554 -0.008779 -0.030633
v 0.029493 -0.008441 -0.030147
v 0.028844 0.011278 -0.033943
v 0.031794 0.008392 -0.028258
v 0.032167 0.008560 -0.027795
v 0.032353 0.009903 -0.027962
v 0.034932 0.008904 -0.029317
v 0.034267 0.008525 -0.030268
v 0.034019 0.009872 -0.029932
v 0.034091 0.011892 -0.028041
v 0.034647 0.012752 -0.026650
v 0.034987 0.012343 -0.026903
v 0.028534 0.012197 -0.033511
v 0.027403 0.012065 -0.031838
v 0.029649 0.009800 -0.030419
v 0.030672 0.009575 -0.029723
v 0.030886 0.010502 -0.030034
v 0.030596 0.008247 -0.029398
v 0.030208 0.008290 -0.029687
v 0.029493 0.008451 -0.030147
v 0.028554 0.008789 -0.030633
v 0.027012 0.009568 -0.031219
v 0.028482 0.010291 -0.031010
v 0.029859 0.010745 -0.030746
v 0.031131 0.011051 -0.030387
v 0.031676 0.011060 -0.031154
v 0.030651 0.011329 -0.031910
v 0.031537 0.011192 -0.030960
v 0.030512 0.011458 -0.031707
v 0.031399 0.011234 -0.030766
v 0.030374 0.011496 -0.031505
v 0.031263 0.011187 -0.030575
v 0.030238 0.011445 -0.031306
v 0.030106 0.011305 -0.031112
v 0.028700 0.011259 -0.031344
v 0.027151 0.011081 -0.031503
v 0.026450 0.009903 -0.031381
v 0.029510 0.011871 -0.032546
v 0.029369 0.011995 -0.032334
v 0.029229 0.012028 -0.032124
v 0.029091 0.011973 -0.031919
v 0.028955 0.011829 -0.031719
v 0.028241 0.012699 -0.033067
v 0.028098 0.012812 -0.032847
v 0.027956 0.012838 -0.032631
v 0.027815 0.012780 -0.032420
v 0.027676 0.012635 -0.032217
v 0.033382 0.008280 -0.031304
v 0.032447 0.008281 -0.032195
v 0.032214 0.009598 -0.031886
v 0.031456 0.008518 -0.032977
v 0.031198 0.009861 -0.032669
v 0.030940 0.008729 -0.033331
v 0.030086 0.010407 -0.033352
v 0.035110 0.009041 -0.029030
v 0.035748 0.010711 -0.027273
v 0.034803 0.010455 -0.028678
v 0.035454 0.011452 -0.027167
v 0.033671 0.008331 -0.030990
v 0.033153 0.009598 -0.030986
v 0.032884 0.010518 -0.030638
v 0.031952 0.010520 -0.031533
v 0.030928 0.010790 -0.032305
v 0.029796 0.011342 -0.032963
v 0.033227 0.011410 -0.027087
v 0.033019 0.010516 -0.026845
v 0.033307 0.010969 -0.026212
v 0.032784 0.009050 -0.026845
v 0.033149 0.009537 -0.026115
v 0.034553 0.012824 -0.026572
v 0.033925 0.012020 -0.027875
v 0.034307 0.012913 -0.026351
v 0.033766 0.012065 -0.027709
v 0.034114 0.012864 -0.026161
v 0.033617 0.012030 -0.027545
v 0.033910 0.012655 -0.025946
v 0.033476 0.011911 -0.027385
v 0.033757 0.012339 -0.025772
v 0.033626 0.011888 -0.025611
v 0.033558 0.011548 -0.025525
v 0.031389 0.008286 -0.028694
v 0.031571 0.009603 -0.028912
v 0.031788 0.010522 -0.029199
v 0.032569 0.010816 -0.028224
v 0.032036 0.011061 -0.029535
v 0.032818 0.011343 -0.028540
v 0.032169 0.011193 -0.029715
v 0.032954 0.011470 -0.028710
v 0.032307 0.011236 -0.029899
v 0.033098 0.011510 -0.028885
v 0.032450 0.011192 -0.030085
v 0.033249 0.011464 -0.029063
v 0.032596 0.011059 -0.030271
v 0.033403 0.011332 -0.029240
v 0.033718 0.010795 -0.029592
v 0.034442 0.011370 -0.028366
v 0.035152 0.012068 -0.027009
v 0.030392 0.009013 -0.033673
v 0.029226 0.009806 -0.034303
v 0.032641 0.006571 -0.032445
v 0.030712 -0.007130 -0.033895
v 0.029476 0.008811 -0.034433
v 0.035204 0.008108 -0.029256
v 0.034522 0.004642 -0.030885
v 0.034429 0.006742 -0.030601
v 0.035261 0.007061 -0.029492
v 0.035322 0.004793 -0.029892
v 0.034569 0.002365 -0.031069
v 0.033672 0.004547 -0.031800
v 0.033555 0.006568 -0.031581
v 0.033740 0.002326 -0.031941
v 0.032881 0.002331 -0.032742
v 0.032914 0.000005 -0.032780
v 0.032017 0.002396 -0.033464
v 0.032065 0.000005 -0.033493
v 0.031249 0.000005 -0.034129
v 0.031183 0.002506 -0.034106
v 0.032788 0.004554 -0.032628
v 0.031887 0.004684 -0.033371
v 0.030995 0.004918 -0.034032
v 0.031692 0.006762 -0.033211
v 0.030712 0.007139 -0.033895
v 0.029735 0.007681 -0.034525
v 0.032641 -0.006562 -0.032445
v 0.031692 -0.006753 -0.033211
v 0.032788 -0.004544 -0.032628
v 0.031887 -0.004675 -0.033371
v 0.032881 -0.002321 -0.032742
v 0.032017 -0.002387 -0.033464
v 0.029476 -0.008801 -0.034433
v 0.029735 -0.007672 -0.034525
v 0.030995 -0.004909 -0.034032
v 0.030156 -0.005203 -0.034619
v 0.031183 -0.002496 -0.034106
v 0.035322 -0.004785 -0.029892
v 0.035261 -0.007052 -0.029492
v 0.035204 -0.008100 -0.029256
v 0.034429 -0.006733 -0.030601
v 0.034569 -0.002356 -0.031069
v 0.034522 -0.004633 -0.030885
v 0.034583 0.000004 -0.031134
v 0.033761 0.000005 -0.031991
v 0.033740 -0.002317 -0.031941
v 0.033672 -0.004538 -0.031800
v 0.033555 -0.006558 -0.031581
v 0.023195 -0.008675 -0.031684
v 0.023534 -0.007476 -0.031640
v 0.021493 -0.006817 -0.031745
v 0.024930 -0.009140 -0.031534
v 0.025599 -0.009152 -0.031449
v 0.025923 -0.007229 -0.031283
v 0.025228 -0.007815 -0.031440
v 0.024642 -0.007741 -0.031528
v 0.024317 -0.009014 -0.031603
v 0.024930 0.009153 -0.031534
v 0.025599 0.009164 -0.031449
v 0.021493 0.006837 -0.031745
v 0.020083 -0.000660 -0.031780
v 0.019984 -0.000807 -0.031781
v 0.022275 -0.002299 -0.031710
v 0.019673 -0.001089 -0.031783
v 0.019625 -0.001118 -0.031783
v 0.019286 -0.001252 -0.031785
v 0.019000 -0.001285 -0.031785
v 0.018868 -0.001278 -0.031785
v 0.018843 0.001205 -0.031785
v 0.019000 0.001215 -0.031785
v 0.019262 0.001187 -0.031785
v 0.022275 0.002319 -0.031710
v 0.019652 0.001031 -0.031783
v 0.019968 0.000755 -0.031781
v 0.020083 0.000590 -0.031780
v 0.020175 0.000390 -0.031779
v 0.022369 0.000010 -0.031704
v 0.020250 -0.000023 -0.031778
v 0.020184 -0.000437 -0.031779
v 0.024317 0.009028 -0.031603
v 0.023195 0.008690 -0.031684
v 0.024642 0.007755 -0.031528
v 0.025228 0.007828 -0.031440
v 0.025946 0.007081 -0.031272
v 0.025839 0.007810 -0.031327
v 0.025303 0.002595 -0.031330
v 0.026159 0.005202 -0.031158
v 0.025073 0.005180 -0.031405
v 0.021987 -0.004583 -0.031724
v 0.024015 -0.005017 -0.031564
v 0.024281 -0.002515 -0.031515
v 0.024363 0.000008 -0.031498
v 0.024281 0.002530 -0.031515
v 0.021987 0.004603 -0.031724
v 0.024015 0.005033 -0.031564
v 0.023534 0.007491 -0.031640
v 0.025073 -0.005166 -0.031405
v 0.025303 -0.002581 -0.031330
v 0.025374 0.000007 -0.031306
v 0.026354 0.002137 -0.031052
v 0.026159 -0.005190 -0.031158
v 0.026321 -0.002900 -0.031070
v 0.026390 0.000006 -0.031032
v 0.032937 0.007319 -0.026410
v 0.032659 0.007127 -0.026862
v 0.029405 -0.006690 -0.029939
v 0.028315 -0.007008 -0.030501
v 0.027406 0.000006 -0.030664
v 0.027370 -0.002539 -0.030697
v 0.032008 -0.006765 -0.027748
v 0.031786 0.000005 -0.027821
v 0.030304 -0.004526 -0.029177
v 0.031248 -0.006563 -0.028562
v 0.031147 -0.004541 -0.028496
v 0.032937 -0.007309 -0.026410
v 0.032659 -0.007118 -0.026862
v 0.031886 -0.004657 -0.027772
v 0.032513 -0.004832 -0.027034
v 0.031811 -0.002368 -0.027806
v 0.031067 0.000005 -0.028468
v 0.030254 0.000005 -0.029098
v 0.029367 -0.004628 -0.029795
v 0.029359 0.000005 -0.029684
v 0.028403 0.000005 -0.030211
v 0.028386 -0.002448 -0.030243
v 0.028348 -0.004818 -0.030339
v 0.030380 -0.006538 -0.029292
v 0.027265 -0.005043 -0.030799
v 0.029405 0.006701 -0.029939
v 0.028315 0.007018 -0.030501
v 0.027108 0.007458 -0.030975
v 0.030304 0.004536 -0.029177
v 0.029367 0.004638 -0.029795
v 0.028348 0.004829 -0.030339
v 0.027265 0.005054 -0.030799
v 0.032008 0.006775 -0.027748
v 0.030380 0.006547 -0.029292
v 0.031248 0.006573 -0.028562
v 0.032513 0.004842 -0.027034
v 0.031886 0.004666 -0.027772
v 0.031811 0.002378 -0.027806
v 0.031147 0.004551 -0.028496
v 0.027108 -0.007446 -0.030975
v 0.027370 0.002550 -0.030697
v 0.036121 -0.012601 -0.025372
v 0.034906 -0.022543 -0.012344
v 0.034402 -0.019590 -0.016525
v 0.034852 -0.019851 -0.016773
v 0.034435 -0.021122 -0.014327
v 0.034892 -0.021274 -0.014607
v 0.034444 -0.021873 -0.013085
v 0.034447 -0.022398 -0.012127
v 0.035486 -0.021284 -0.014817
v 0.036166 -0.021099 -0.014874
v 0.035501 -0.022544 -0.012499
v 0.036179 -0.022356 -0.012526
v 0.036488 -0.019504 -0.017093
v 0.036128 -0.019689 -0.017147
v 0.035700 -0.018318 -0.019287
v 0.035363 -0.018394 -0.019172
v 0.035228 -0.016868 -0.021188
v 0.035883 -0.012936 -0.025388
v 0.035742 -0.015008 -0.023421
v 0.035452 -0.013525 -0.025269
v 0.036355 -0.014414 -0.023393
v 0.036145 -0.014623 -0.023449
v 0.036424 -0.017957 -0.019294
v 0.036316 -0.016317 -0.021414
v 0.036056 -0.018168 -0.019337
v 0.035934 -0.016585 -0.021435
v 0.035365 -0.015276 -0.023278
v 0.035020 -0.015387 -0.023071
v 0.033966 -0.013070 -0.024005
v 0.033878 -0.012494 -0.023689
v 0.033695 -0.011412 -0.024485
v 0.034888 -0.013998 -0.024931
v 0.034720 -0.014037 -0.024800
v 0.034562 -0.014017 -0.024666
v 0.034646 -0.016711 -0.020777
v 0.034235 -0.014797 -0.022333
v 0.034447 -0.015113 -0.022594
v 0.034158 -0.013606 -0.024267
v 0.034712 -0.015325 -0.022840
v 0.034918 -0.016837 -0.020995
v 0.034775 -0.018313 -0.018833
v 0.035052 -0.018387 -0.019017
v 0.035133 -0.019892 -0.016923
v 0.035444 -0.019884 -0.017045
v 0.034343 -0.018060 -0.018411
v 0.034256 -0.016546 -0.020059
v 0.034091 -0.014476 -0.022039
v 0.033964 -0.013162 -0.023160
v 0.034415 -0.013938 -0.024533
v 0.035066 -0.013899 -0.025056
v 0.034906 0.022552 -0.012344
v 0.036121 0.012609 -0.025372
v 0.035883 0.012945 -0.025388
v 0.035452 0.013534 -0.025269
v 0.035742 0.015017 -0.023421
v 0.035365 0.015285 -0.023278
v 0.033695 0.011421 -0.024485
v 0.033878 0.012504 -0.023689
v 0.033966 0.013080 -0.024005
v 0.033937 0.012941 -0.023346
v 0.034091 0.014486 -0.022039
v 0.034235 0.014807 -0.022333
v 0.034251 0.016471 -0.020145
v 0.034646 0.016720 -0.020777
v 0.034158 0.013616 -0.024267
v 0.034415 0.013947 -0.024533
v 0.034712 0.015334 -0.022840
v 0.034562 0.014026 -0.024666
v 0.035020 0.015397 -0.023071
v 0.035228 0.016877 -0.021188
v 0.036488 0.019513 -0.017093
v 0.036424 0.017965 -0.019295
v 0.035066 0.013909 -0.025056
v 0.034888 0.014007 -0.024931
v 0.034720 0.014046 -0.024800
v 0.036355 0.014422 -0.023393
v 0.036316 0.016325 -0.021414
v 0.035501 0.022553 -0.012499
v 0.036179 0.022365 -0.012526
v 0.035486 0.021294 -0.014817
v 0.036056 0.018177 -0.019337
v 0.036128 0.019698 -0.017147
v 0.036521 0.020932 -0.014816
v 0.036145 0.014632 -0.023449
v 0.035934 0.016594 -0.021435
v 0.035700 0.018328 -0.019288
v 0.034892 0.021284 -0.014607
v 0.035133 0.019902 -0.016923
v 0.034852 0.019860 -0.016773
v 0.035052 0.018396 -0.019017
v 0.034775 0.018323 -0.018833
v 0.034343 0.018069 -0.018411
v 0.034447 0.022407 -0.012127
v 0.034442 0.021683 -0.013428
v 0.034404 0.019676 -0.016424
v 0.034395 0.019383 -0.016809
v 0.034447 0.015122 -0.022594
v 0.034918 0.016847 -0.020995
v 0.035363 0.018403 -0.019172
v 0.035444 0.019894 -0.017045
v 0.036166 0.021108 -0.014874
v 0.033956 0.020915 -0.011174
v 0.034011 0.021674 -0.011597
v 0.033956 0.019712 -0.013164
v 0.034009 0.020429 -0.013668
v 0.033955 0.018320 -0.015031
v 0.034003 0.018988 -0.015616
v 0.033954 0.016754 -0.016757
v 0.033991 0.017372 -0.017427
v 0.033973 0.015595 -0.019084
v 0.034043 0.015986 -0.019718
v 0.034002 0.014242 -0.021692
v 0.033964 0.014052 -0.021319
v 0.033845 0.012175 -0.023212
v 0.033868 0.011976 -0.022720
v 0.033817 0.010885 -0.023326
v 0.033749 0.011074 -0.023882
v 0.034159 0.022139 -0.011893
v 0.034152 0.020870 -0.014030
v 0.034134 0.019408 -0.016055
v 0.034099 0.017774 -0.017955
v 0.033923 0.011622 -0.021843
v 0.033949 0.013674 -0.020564
v 0.034002 -0.014232 -0.021692
v 0.034159 -0.022129 -0.011893
v 0.033973 -0.015586 -0.019084
v 0.033949 -0.013664 -0.020564
v 0.033923 -0.011612 -0.021843
v 0.033749 -0.011065 -0.023882
v 0.033845 -0.012165 -0.023212
v 0.033868 -0.011966 -0.022720
v 0.033817 -0.010876 -0.023326
v 0.034152 -0.020860 -0.014030
v 0.034134 -0.019398 -0.016055
v 0.034099 -0.017764 -0.017955
v 0.034043 -0.015976 -0.019718
v 0.033964 -0.014042 -0.021319
v 0.033956 -0.020906 -0.011174
v 0.033956 -0.019703 -0.013164
v 0.033955 -0.018310 -0.015031
v 0.033954 -0.016745 -0.016757
v 0.034011 -0.021665 -0.011597
v 0.034009 -0.020419 -0.013668
v 0.034003 -0.018979 -0.015616
v 0.033991 -0.017362 -0.017427
v 0.033950 -0.011560 -0.004195
v 0.033950 -0.012010 -0.004075
v 0.033950 -0.010805 -0.000000
v 0.033950 0.000000 0.010805
v 0.033950 0.009792 0.010232
v 0.033950 0.009192 0.010392
v 0.033950 0.010805 0.010805
v 0.033950 0.006934 0.010805
v 0.033950 0.009143 0.012516
v 0.033950 0.008592 0.010232
v 0.033950 0.008153 0.009792
v 0.033950 0.007992 0.009192
v 0.033950 0.008153 0.008592
v 0.033950 0.009792 0.008153
v 0.033950 0.010805 0.006934
v 0.033950 0.009192 0.007992
v 0.033950 0.008592 0.008153
v 0.033950 0.010232 0.008592
v 0.033950 0.010392 0.009192
v 0.033950 0.010232 0.009792
v 0.033950 0.010805 -0.006934
v 0.033950 0.010805 -0.000000
v 0.033950 0.007992 -0.009192
v 0.033950 0.008153 -0.009792
v 0.033950 0.006934 -0.010446
v 0.033950 0.008153 -0.008592
v 0.033950 0.008592 -0.008153
v 0.033950 0.009192 -0.007992
v 0.033950 0.009792 -0.008153
v 0.033950 0.010232 -0.008592
v 0.033950 0.010392 -0.009192
v 0.033950 0.010805 -0.010446
v 0.033950 0.010232 -0.009792
v 0.033950 0.008592 -0.010232
v 0.033950 0.009192 -0.010392
v 0.033950 0.009792 -0.010232
v 0.033950 -0.006934 -0.010446
v 0.033950 -0.006934 -0.010805
v 0.033950 -0.009792 -0.008153
v 0.033950 -0.010446 -0.006934
v 0.033950 -0.009192 -0.007992
v 0.033950 -0.008592 -0.008153
v 0.033950 -0.010232 -0.008592
v 0.033950 -0.010392 -0.009192
v 0.033950 -0.010446 -0.010446
v 0.033950 -0.010232 -0.009792
v 0.033950 -0.009792 -0.010232
v 0.033950 -0.009192 -0.010392
v 0.033950 -0.008153 -0.008592
v 0.033950 -0.007992 -0.009192
v 0.033950 -0.008153 -0.009792
v 0.033950 -0.008592 -0.010232
v 0.033950 -0.010446 0.006934
v 0.033950 -0.010446 -0.000000
v 0.033950 -0.009792 0.010232
v 0.033950 -0.010232 0.009792
v 0.033950 -0.010446 0.010805
v 0.033950 -0.010392 0.009192
v 0.033950 -0.009192 0.010392
v 0.033950 -0.006934 0.010805
v 0.033950 -0.008592 0.010232
v 0.033950 -0.007992 0.009192
v 0.033950 -0.008153 0.009792
v 0.033950 -0.010232 0.008592
v 0.033950 -0.009792 0.008153
v 0.033950 -0.009192 0.007992
v 0.033950 -0.008592 0.008153
v 0.033950 -0.008153 0.008592
v 0.033950 -0.011560 0.005754
v 0.033950 -0.012010 0.005875
v 0.033950 -0.012755 0.008807
v 0.033950 -0.012460 0.005754
v 0.033950 -0.014417 0.005693
v 0.033950 -0.012010 0.004075
v 0.033950 -0.011560 0.004195
v 0.033950 -0.015750 -0.000001
v 0.033950 -0.015525 0.001825
v 0.033950 -0.012460 0.004195
v 0.033950 -0.011231 0.004525
v 0.033950 -0.011110 0.004975
v 0.033950 -0.010805 0.006934
v 0.033950 -0.011231 0.005425
v 0.033950 -0.012790 0.005425
v 0.033950 -0.012910 0.004975
v 0.033950 -0.015331 0.002284
v 0.033950 -0.012790 0.004525
v 0.033950 -0.012790 -0.005425
v 0.033950 -0.012460 -0.005754
v 0.033950 -0.012010 -0.005875
v 0.033950 -0.012460 -0.004195
v 0.033950 -0.012790 -0.004525
v 0.033950 -0.012910 -0.004975
v 0.033950 -0.011560 -0.005754
v 0.033950 -0.011231 -0.005425
v 0.033950 -0.010805 -0.006934
v 0.033950 -0.011110 -0.004975
v 0.033950 -0.011231 -0.004525
v 0.033950 -0.010810 -0.011454
v 0.033950 -0.011411 -0.010856
v 0.033950 -0.010805 -0.010805
v 0.033950 -0.011730 -0.010510
v 0.033950 -0.010805 -0.010446
v 0.033950 -0.010446 -0.010805
v 0.033950 -0.004195 -0.011560
v 0.033950 -0.004525 -0.011231
v 0.033950 0.000000 -0.010805
v 0.033950 -0.004975 -0.011110
v 0.033950 -0.005875 -0.012010
v 0.033950 -0.005754 -0.011560
v 0.033950 -0.005425 -0.011231
v 0.033950 -0.005754 -0.012460
v 0.033950 -0.005425 -0.012790
v 0.033950 -0.004975 -0.012910
v 0.033950 -0.004525 -0.012790
v 0.033950 0.000005 -0.015750
v 0.033950 -0.004195 -0.012460
v 0.033950 -0.004075 -0.012010
v 0.033950 0.004525 -0.011231
v 0.033950 0.004975 -0.011110
v 0.033950 0.006934 -0.010805
v 0.033950 0.005425 -0.011231
v 0.033950 0.005754 -0.011560
v 0.033950 0.005425 -0.012790
v 0.033950 0.005754 -0.012460
v 0.033950 0.005875 -0.012010
v 0.033950 0.004195 -0.011560
v 0.033950 0.004075 -0.012010
v 0.033950 0.004195 -0.012460
v 0.033950 0.004525 -0.012790
v 0.033950 0.004975 -0.012910
v 0.033950 0.011405 -0.010862
v 0.033950 0.010876 -0.011392
v 0.033950 0.010805 -0.010805
v 0.033950 0.012010 -0.004075
v 0.033950 0.011560 -0.004195
v 0.033950 0.012460 -0.004195
v 0.033950 0.015500 -0.000004
v 0.033950 0.012790 -0.004525
v 0.033950 0.011560 -0.005754
v 0.033950 0.012010 -0.005875
v 0.033950 0.011231 -0.004525
v 0.033950 0.011110 -0.004975
v 0.033950 0.011231 -0.005425
v 0.033950 0.011763 -0.010473
v 0.033950 0.012460 -0.005754
v 0.033950 0.012790 -0.005425
v 0.033950 0.012910 -0.004975
v 0.033950 0.015213 -0.003594
v 0.033950 0.015187 -0.003097
v 0.033950 0.012010 0.005875
v 0.033950 0.011560 0.005754
v 0.033950 0.011231 0.004525
v 0.033950 0.011110 0.004975
v 0.033950 0.011231 0.005425
v 0.033950 0.011560 0.004195
v 0.033950 0.012010 0.004075
v 0.033950 0.012460 0.004195
v 0.033950 0.015494 0.000419
v 0.033950 0.012790 0.004525
v 0.033950 0.014998 0.003914
v 0.033950 0.012910 0.004975
v 0.033950 0.013724 0.007205
v 0.033950 0.012790 0.005425
v 0.033950 0.012460 0.005754
v 0.033950 0.011738 0.010123
v 0.033950 0.004195 0.011560
v 0.033950 0.004525 0.011231
v 0.033950 0.006075 0.014260
v 0.033950 0.005754 0.012460
v 0.033950 0.005425 0.012790
v 0.033950 0.004975 0.012910
v 0.033950 0.002692 0.015265
v 0.033950 0.004525 0.012790
v 0.033950 0.000004 0.015500
v 0.033950 0.004195 0.012460
v 0.033950 0.004075 0.012010
v 0.033950 0.004975 0.011110
v 0.033950 0.005425 0.011231
v 0.033950 0.005754 0.011560
v 0.033950 0.005875 0.012010
v 0.033950 -0.005754 0.011560
v 0.033950 -0.005875 0.012010
v 0.033950 -0.007568 0.013527
v 0.033950 -0.005754 0.012460
v 0.033950 -0.004525 0.011231
v 0.033950 -0.004975 0.011110
v 0.033950 -0.005425 0.011231
v 0.033950 -0.004195 0.011560
v 0.033950 -0.004075 0.012010
v 0.033950 -0.004195 0.012460
v 0.033950 -0.000831 0.015478
v 0.033950 -0.004525 0.012790
v 0.033950 -0.004311 0.014888
v 0.033950 -0.004975 0.012910
v 0.033950 -0.005425 0.012790
v 0.033950 -0.011065 0.010855
v 0.033950 -0.010805 0.010805
v 0.033950 -0.010846 0.011073
v 0.033950 -0.010448 0.011449
v 0.033950 -0.010432 0.011464
v 0.036592 -0.004975 0.011110
v 0.036592 -0.004525 0.011231
v 0.036592 -0.004195 0.011560
v 0.036592 -0.004075 0.012010
v 0.036592 -0.004195 0.012460
v 0.036592 -0.004525 0.012790
v 0.036592 -0.004975 0.012910
v 0.036592 -0.005425 0.012790
v 0.036592 -0.005754 0.012460
v 0.036592 -0.005875 0.012010
v 0.036592 -0.005754 0.011560
v 0.036592 -0.005425 0.011231
v 0.036592 0.004975 0.011110
v 0.036592 0.005425 0.011231
v 0.036592 0.005754 0.011560
v 0.036592 0.005875 0.012010
v 0.036592 0.005754 0.012460
v 0.036592 0.005425 0.012790
v 0.036592 0.004975 0.012910
v 0.036592 0.004525 0.012790
v 0.036592 0.004195 0.012460
v 0.036592 0.004075 0.012010
v 0.036592 0.004195 0.011560
v 0.036592 0.004525 0.011231
v 0.036592 0.012010 0.004075
v 0.036592 0.012460 0.004195
v 0.036592 0.012790 0.004525
v 0.036592 0.012910 0.004975
v 0.036592 0.012790 0.005425
v 0.036592 0.012460 0.005754
v 0.036592 0.012010 0.005875
v 0.036592 0.011560 0.005754
v 0.036592 0.011231 0.005425
v 0.036592 0.011110 0.004975
v 0.036592 0.011231 0.004525
v 0.036592 0.011560 0.004195
v 0.036592 0.012010 -0.005875
v 0.036592 0.012460 -0.005754
v 0.036592 0.012790 -0.005425
v 0.036592 0.012910 -0.004975
v 0.036592 0.012790 -0.004525
v 0.036592 0.012460 -0.004195
v 0.036592 0.012010 -0.004075
v 0.036592 0.011560 -0.004195
v 0.036592 0.011231 -0.004525
v 0.036592 0.011110 -0.004975
v 0.036592 0.011231 -0.005425
v 0.036592 0.011560 -0.005754
v 0.036592 0.004975 -0.012910
v 0.036592 0.005425 -0.012790
v 0.036592 0.005754 -0.012460
v 0.036592 0.005875 -0.012010
v 0.036592 0.005754 -0.011560
v 0.036592 0.005425 -0.011231
v 0.036592 0.004975 -0.011110
v 0.036592 0.004525 -0.011231
v 0.036592 0.004195 -0.011560
v 0.036592 0.004075 -0.012010
v 0.036592 0.004195 -0.012460
v 0.036592 0.004525 -0.012790
v 0.036592 -0.004975 -0.012910
v 0.036592 -0.004525 -0.012790
v 0.036592 -0.004195 -0.012460
v 0.036592 -0.004075 -0.012010
v 0.036592 -0.004195 -0.011560
v 0.036592 -0.004525 -0.011231
v 0.036592 -0.004975 -0.011110
v 0.036592 -0.005425 -0.011231
v 0.036592 -0.005754 -0.011560
v 0.036592 -0.005875 -0.012010
v 0.036592 -0.005754 -0.012460
v 0.036592 -0.005425 -0.012790
v 0.036592 -0.012010 -0.005875
v 0.036592 -0.011560 -0.005754
v 0.036592 -0.011231 -0.005425
v 0.036592 -0.011110 -0.004975
v 0.036592 -0.011231 -0.004525
v 0.036592 -0.011560 -0.004195
v 0.036592 -0.012010 -0.004075
v 0.036592 -0.012460 -0.004195
v 0.036592 -0.012790 -0.004525
v 0.036592 -0.012910 -0.004975
v 0.036592 -0.012790 -0.005425
v 0.036592 -0.012460 -0.005754
v 0.036592 -0.012010 0.004075
v 0.036592 -0.011560 0.004195
v 0.036592 -0.011231 0.004525
v 0.036592 -0.011110 0.004975
v 0.036592 -0.011231 0.005425
v 0.036592 -0.011560 0.005754
v 0.036592 -0.012010 0.005875
v 0.036592 -0.012460 0.005754
v 0.036592 -0.012790 0.005425
v 0.036592 -0.012910 0.004975
v 0.036592 -0.012790 0.004525
v 0.036592 -0.012460 0.004195
v 0.037449 0.015187 -0.003097
v 0.037449 0.015441 -0.001348
v 0.037449 0.015494 0.000419
v 0.037449 0.015346 0.002181
v 0.037449 0.014998 0.003914
v 0.037449 0.014455 0.005596
v 0.037449 0.013724 0.007205
v 0.037449 0.012814 0.008721
v 0.037449 0.011738 0.010123
v 0.037449 0.010509 0.011393
v 0.037449 0.009143 0.012516
v 0.037449 0.007659 0.013475
v 0.037449 0.006075 0.014260
v 0.037449 0.004412 0.014859
v 0.037449 0.002692 0.015265
v 0.037449 0.000936 0.015472
v 0.037449 -0.000831 0.015478
v 0.037449 -0.002588 0.015282
v 0.037449 -0.004311 0.014888
v 0.037449 -0.005978 0.014301
v 0.037449 -0.007568 0.013527
v 0.037449 -0.009059 0.012577
v 0.037449 -0.010432 0.011464
v 0.037449 -0.011669 0.010202
v 0.037449 -0.012755 0.008807
v 0.037449 -0.013675 0.007298
v 0.037449 -0.014417 0.005693
v 0.037449 -0.014971 0.004015
v 0.037449 -0.015331 0.002284
v 0.037449 0.021228 -0.005688
v 0.037449 0.015908 -0.004263
v 0.037449 -0.022407 0.005190
v 0.037449 -0.022798 0.003044
v 0.037449 0.022992 -0.000612
v 0.037449 0.022830 -0.002787
v 0.037449 0.022464 -0.004937
v 0.037449 0.022695 0.003735
v 0.037449 0.022946 0.001568
v 0.037449 0.022239 0.005868
v 0.037449 0.021583 0.007948
v 0.037449 0.020733 0.009956
v 0.037449 0.019697 0.011875
v 0.037449 0.017104 0.015377
v 0.037449 0.018484 0.013687
v 0.037449 0.013898 0.018326
v 0.037449 0.015571 0.016928
v 0.037449 0.010192 0.020618
v 0.037449 0.012100 0.019560
v 0.037449 0.008194 0.021491
v 0.037449 0.006121 0.022170
v 0.037449 0.001831 0.022927
v 0.037449 0.003994 0.022651
v 0.037449 -0.000349 0.022997
v 0.037449 -0.002526 0.022861
v 0.037449 -0.008842 0.021232
v 0.037449 -0.006792 0.021974
v 0.037449 -0.004680 0.022519
v 0.037449 -0.012688 0.019184
v 0.037449 -0.014448 0.017896
v 0.037449 -0.010814 0.020299
v 0.037449 -0.017563 0.014850
v 0.037449 -0.016078 0.016447
v 0.037449 -0.018891 0.013120
v 0.037449 -0.020049 0.011272
v 0.037449 -0.021026 0.009322
v 0.037449 -0.021815 0.007289
v 0.037449 -0.016407 0.001435
v 0.037449 -0.021894 0.001915
v 0.037949 -0.022302 0.002978
v 0.037949 -0.021920 0.005077
v 0.037949 -0.021850 0.002414
v 0.037949 0.021358 -0.005205
v 0.037949 0.022334 -0.002726
v 0.037949 0.021976 -0.004830
v 0.037949 0.015821 -0.003657
v 0.037949 0.015690 -0.003446
v 0.037949 0.016038 -0.003780
v 0.037949 0.015677 -0.003197
v 0.037949 0.021894 -0.005013
v 0.037949 0.021747 -0.005149
v 0.037949 0.021558 -0.005217
v 0.037949 0.013227 0.009002
v 0.037949 0.019269 0.011617
v 0.037949 0.014166 0.007437
v 0.037949 0.020283 0.009740
v 0.037949 0.014921 0.005776
v 0.037949 0.021114 0.007775
v 0.037949 0.015482 0.004040
v 0.037949 0.021756 0.005740
v 0.037949 0.015841 0.002251
v 0.037949 0.022201 0.003654
v 0.037949 0.015994 0.000433
v 0.037949 0.022448 0.001534
v 0.037949 0.022492 -0.000599
v 0.037949 0.015939 -0.001391
v 0.037949 -0.002672 0.015775
v 0.037949 -0.002471 0.022364
v 0.037949 -0.000858 0.015977
v 0.037949 -0.000342 0.022497
v 0.037949 0.000966 0.015971
v 0.037949 0.001791 0.022429
v 0.037949 0.002778 0.015757
v 0.037949 0.003907 0.022158
v 0.037949 0.004554 0.015338
v 0.037949 0.005988 0.021688
v 0.037949 0.006271 0.014720
v 0.037949 -0.010768 0.011834
v 0.037949 -0.014134 0.017507
v 0.037949 -0.009351 0.012983
v 0.037949 -0.012412 0.018767
v 0.037949 -0.007812 0.013963
v 0.037949 -0.010579 0.019858
v 0.037949 -0.006171 0.014762
v 0.037949 -0.008650 0.020771
v 0.037949 -0.004450 0.015369
v 0.037949 -0.006644 0.021497
v 0.037949 -0.004578 0.022029
v 0.037949 -0.016363 0.001934
v 0.037949 0.008016 0.021024
v 0.037949 0.009971 0.020170
v 0.037949 0.007906 0.013910
v 0.037949 0.011836 0.019135
v 0.037949 0.009438 0.012920
v 0.037949 0.013596 0.017928
v 0.037949 0.010848 0.011761
v 0.037949 0.015233 0.016560
v 0.037949 0.012117 0.010449
v 0.037949 0.016733 0.015042
v 0.037949 0.018082 0.013390
v 0.037949 -0.015825 0.002358
v 0.037949 -0.015922 0.002129
v 0.037949 -0.016118 0.001974
v 0.037949 -0.015454 0.004144
v 0.037949 -0.021340 0.007130
v 0.037949 -0.014882 0.005877
v 0.037949 -0.020569 0.009119
v 0.037949 -0.014116 0.007533
v 0.037949 -0.019613 0.011027
v 0.037949 -0.013166 0.009091
v 0.037949 -0.018480 0.012835
v 0.037949 -0.012046 0.010531
v 0.037949 -0.017182 0.014527
v 0.037949 -0.015728 0.016089
v 0.037949 -0.022042 0.002471
v 0.037949 -0.022197 0.002599
v 0.037949 -0.022288 0.002778
v 0.037449 -0.015525 0.001825
v 0.037449 -0.015916 0.001517
v 0.037449 -0.022770 0.002644
v 0.037449 -0.022587 0.002286
v 0.037449 -0.022278 0.002030
v 0.037449 0.015475 -0.004018
v 0.037449 0.015213 -0.003594
v 0.037449 0.022301 -0.005304
v 0.037449 0.022007 -0.005577
v 0.037449 0.021629 -0.005712
v 0.038893 -0.008493 -0.012080
v 0.038893 0.012080 -0.000000
v 0.038893 0.008493 0.012080
v 0.038893 -0.008493 -0.008493
v 0.038893 -0.008493 0.008493
v 0.038893 -0.008493 0.012080
v 0.038893 0.008493 0.008493
v 0.038893 0.008493 -0.008493
v 0.038893 0.008493 -0.012080
v 0.038893 0.000000 0.012080
v 0.038893 -0.012080 -0.000000
v 0.038893 0.002068 0.019491
v 0.038893 -0.002068 0.019491
v 0.038893 -0.006111 0.018623
v 0.038893 -0.009882 0.016926
v 0.038893 0.009882 0.016926
v 0.038893 0.006111 0.018623
v 0.038893 0.019598 -0.000286
v 0.038893 0.019222 0.003832
v 0.038893 0.017990 0.007780
v 0.038893 0.019102 -0.004392
v 0.038893 0.017755 -0.008302
v 0.038893 0.012080 -0.008493
v 0.038893 0.000000 -0.016500
v 0.038893 0.000750 -0.016701
v 0.038893 0.001498 -0.019543
v 0.038893 0.005565 -0.018793
v 0.038893 0.001500 -0.019500
v 0.038893 0.001433 -0.019250
v 0.038893 0.001250 -0.019067
v 0.038893 0.001299 -0.017250
v 0.038893 0.001107 -0.019012
v 0.038893 0.001299 -0.018750
v 0.038893 0.001500 -0.018000
v 0.038893 -0.001500 -0.018000
v 0.038893 -0.001299 -0.017250
v 0.038893 0.000000 -0.012080
v 0.038893 -0.000750 -0.016701
v 0.038893 -0.001498 -0.019543
v 0.038893 -0.001500 -0.019500
v 0.038893 -0.005565 -0.018793
v 0.038893 -0.001462 -0.019309
v 0.038893 -0.009384 -0.017207
v 0.038893 -0.001354 -0.019146
v 0.038893 -0.001299 -0.018750
v 0.038893 -0.001191 -0.019038
v 0.038893 -0.001107 -0.019012
v 0.038893 -0.017755 -0.008302
v 0.038893 -0.019102 -0.004392
v 0.038893 -0.019598 -0.000286
v 0.038893 -0.019222 0.003832
v 0.038893 -0.017990 0.007780
v 0.038893 -0.012080 0.008493
v 0.038893 -0.012080 -0.008493
v 0.038893 -0.015618 -0.011842
v 0.038893 -0.012080 -0.012080
v 0.038893 -0.012786 -0.014855
v 0.038893 -0.015957 0.011381
v 0.038893 -0.012080 0.012080
v 0.038893 -0.013214 0.014476
v 0.038893 0.012080 0.008493
v 0.038893 0.015957 0.011381
v 0.038893 0.012080 0.012080
v 0.038893 0.013214 0.014476
v 0.038893 0.009384 -0.017207
v 0.038893 0.012786 -0.014855
v 0.038893 0.012080 -0.012080
v 0.038893 0.015618 -0.011842
v 0.015564 -0.012433 -0.032999
v 0.015564 -0.012433 -0.036799
v 0.014814 -0.012232 -0.032999
v 0.014814 -0.012232 -0.036799
v 0.014265 -0.011683 -0.032999
v 0.014265 -0.011683 -0.036799
v 0.014064 -0.010933 -0.032999
v 0.014064 -0.010933 -0.036799
v 0.014265 -0.010183 -0.032999
v 0.014265 -0.010183 -0.036799
v 0.014814 -0.009634 -0.032999
v 0.014814 -0.009634 -0.036799
v 0.015564 -0.009433 -0.032999
v 0.015564 -0.009433 -0.036799
v 0.016314 -0.009634 -0.032999
v 0.016314 -0.009634 -0.036799
v 0.016863 -0.010183 -0.032999
v 0.016863 -0.010183 -0.036799
v 0.017064 -0.010933 -0.032999
v 0.017064 -0.010933 -0.036799
v 0.016863 -0.011683 -0.032999
v 0.016863 -0.011683 -0.036799
v 0.016314 -0.012232 -0.032999
v 0.016314 -0.012232 -0.036799
v 0.015564 -0.010933 -0.032999
v 0.015564 0.009363 -0.032999
v 0.015564 0.009363 -0.036799
v 0.014814 0.009564 -0.032999
v 0.014814 0.009564 -0.036799
v 0.014265 0.010113 -0.032999
v 0.014265 0.010113 -0.036799
v 0.014064 0.010863 -0.032999
v 0.014064 0.010863 -0.036799
v 0.014265 0.011613 -0.032999
v 0.014265 0.011613 -0.036799
v 0.014814 0.012162 -0.032999
v 0.014814 0.012162 -0.036799
v 0.015564 0.012363 -0.032999
v 0.015564 0.012363 -0.036799
v 0.016314 0.012162 -0.032999
v 0.016314 0.012162 -0.036799
v 0.016863 0.011613 -0.032999
v 0.016863 0.011613 -0.036799
v 0.017064 0.010863 -0.032999
v 0.017064 0.010863 -0.036799
v 0.016863 0.010113 -0.032999
v 0.016863 0.010113 -0.036799
v 0.016314 0.009564 -0.032999
v 0.016314 0.009564 -0.036799
v 0.015564 0.010863 -0.032999
v 0.037450 -0.009192 0.010192
v 0.034150 -0.009192 0.010192
v 0.037450 -0.008692 0.010058
v 0.034150 -0.008692 0.010058
v 0.037450 -0.008326 0.009692
v 0.034150 -0.008326 0.009692
v 0.037450 -0.008192 0.009192
v 0.034150 -0.008192 0.009192
v 0.037450 -0.008326 0.008692
v 0.034150 -0.008326 0.008692
v 0.037450 -0.008692 0.008326
v 0.034150 -0.008692 0.008326
v 0.037450 -0.009192 0.008192
v 0.034150 -0.009192 0.008192
v 0.037450 -0.009692 0.008326
v 0.034150 -0.009692 0.008326
v 0.037450 -0.010058 0.008692
v 0.034150 -0.010058 0.008692
v 0.037450 -0.010192 0.009192
v 0.034150 -0.010192 0.009192
v 0.037450 -0.010058 0.009692
v 0.034150 -0.010058 0.009692
v 0.037450 -0.009692 0.010058
v 0.034150 -0.009692 0.010058
v 0.037450 -0.009192 0.009192
v 0.037450 -0.010192 -0.009192
v 0.034150 -0.010192 -0.009192
v 0.037450 -0.010058 -0.008692
v 0.034150 -0.010058 -0.008692
v 0.037450 -0.009692 -0.008326
v 0.034150 -0.009692 -0.008326
v 0.037450 -0.009192 -0.008192
v 0.034150 -0.009192 -0.008192
v 0.037450 -0.008692 -0.008326
v 0.034150 -0.008692 -0.008326
v 0.037450 -0.008326 -0.008692
v 0.034150 -0.008326 -0.008692
v 0.037450 -0.008192 -0.009192
v 0.034150 -0.008192 -0.009192
v 0.037450 -0.008326 -0.009692
v 0.034150 -0.008326 -0.009692
v 0.037450 -0.008692 -0.010058
v 0.034150 -0.008692 -0.010058
v 0.037450 -0.009192 -0.010192
v 0.034150 -0.009192 -0.010192
v 0.037450 -0.009692 -0.010058
v 0.034150 -0.009692 -0.010058
v 0.037450 -0.010058 -0.009692
v 0.034150 -0.010058 -0.009692
v 0.037450 -0.009192 -0.009192
v 0.037450 0.009192 -0.008192
v 0.034150 0.009192 -0.008192
v 0.037450 0.009692 -0.008326
v 0.034150 0.009692 -0.008326
v 0.037450 0.010058 -0.008692
v 0.034150 0.010058 -0.008692
v 0.037450 0.010192 -0.009192
v 0.034150 0.010192 -0.009192
v 0.037450 0.010058 -0.009692
v 0.034150 0.010058 -0.009692
v 0.037450 0.009692 -0.010058
v 0.034150 0.009692 -0.010058
v 0.037450 0.009192 -0.010192
v 0.034150 0.009192 -0.010192
v 0.037450 0.008692 -0.010058
v 0.034150 0.008692 -0.010058
v 0.037450 0.008326 -0.009692
v 0.034150 0.008326 -0.009692
v 0.037450 0.008192 -0.009192
v 0.034150 0.008192 -0.009192
v 0.037450 0.008326 -0.008692
v 0.034150 0.008326 -0.008692
v 0.037450 0.008692 -0.008326
v 0.034150 0.008692 -0.008326
v 0.037450 0.009192 -0.009192
v 0.037450 0.008192 0.009192
v 0.034150 0.008192 0.009192
v 0.037450 0.008326 0.009692
v 0.034150 0.008326 0.009692
v 0.037450 0.008692 0.010058
v 0.034150 0.008692 0.010058
v 0.037450 0.009192 0.010192
v 0.034150 0.009192 0.010192
v 0.037450 0.009692 0.010058
v 0.034150 0.009692 0.010058
v 0.037450 0.010058 0.009692
v 0.034150 0.010058 0.009692
v 0.037450 0.010192 0.009192
v 0.034150 0.010192 0.009192
v 0.037450 0.010058 0.008692
v 0.034150 0.010058 0.008692
v 0.037450 0.009692 0.008326
v 0.034150 0.009692 0.008326
v 0.037450 0.009192 0.008192
v 0.034150 0.009192 0.008192
v 0.037450 0.008692 0.008326
v 0.034150 0.008692 0.008326
v 0.037450 0.008326 0.008692
v 0.034150 0.008326 0.008692
v 0.037450 0.009192 0.009192
v 0.037882 0.015973 -0.004021
v 0.037882 0.015648 -0.003838
v 0.037882 0.015451 -0.003520
v 0.037882 0.015432 -0.003147
v 0.037699 0.015926 -0.004198
v 0.037699 0.015521 -0.003970
v 0.037699 0.015277 -0.003574
v 0.037699 0.015253 -0.003110
v 0.037882 -0.015578 0.002321
v 0.037882 -0.015212 0.004080
v 0.037882 -0.014649 0.005785
v 0.037882 -0.013895 0.007415
v 0.037882 -0.012961 0.008949
v 0.037882 -0.011857 0.010367
v 0.037882 -0.010600 0.011649
v 0.037882 -0.009205 0.012780
v 0.037882 -0.007690 0.013745
v 0.037882 -0.006075 0.014531
v 0.037882 -0.004381 0.015128
v 0.037882 -0.002630 0.015529
v 0.037882 -0.000845 0.015727
v 0.037882 0.000951 0.015721
v 0.037882 0.002735 0.015511
v 0.037882 0.004483 0.015098
v 0.037882 0.006173 0.014490
v 0.037882 0.007783 0.013693
v 0.037882 0.009291 0.012718
v 0.037882 0.010679 0.011577
v 0.037882 0.011927 0.010286
v 0.037882 0.013021 0.008861
v 0.037882 0.013945 0.007321
v 0.037882 0.014688 0.005686
v 0.037882 0.015240 0.003977
v 0.037882 0.015593 0.002216
v 0.037882 0.015744 0.000426
v 0.037882 0.015690 -0.001369
v 0.037699 -0.015397 0.002294
v 0.037699 -0.015036 0.004032
v 0.037699 -0.014479 0.005718
v 0.037699 -0.013734 0.007329
v 0.037699 -0.012810 0.008845
v 0.037699 -0.011720 0.010246
v 0.037699 -0.010477 0.011514
v 0.037699 -0.009098 0.012632
v 0.037699 -0.007600 0.013585
v 0.037699 -0.006004 0.014362
v 0.037699 -0.004330 0.014953
v 0.037699 -0.002599 0.015348
v 0.037699 -0.000835 0.015545
v 0.037699 0.000940 0.015539
v 0.037699 0.002703 0.015330
v 0.037699 0.004431 0.014923
v 0.037699 0.006101 0.014322
v 0.037699 0.007692 0.013534
v 0.037699 0.009183 0.012570
v 0.037699 0.010554 0.011443
v 0.037699 0.011789 0.010167
v 0.037699 0.012869 0.008758
v 0.037699 0.013783 0.007236
v 0.037699 0.014517 0.005620
v 0.037699 0.015063 0.003930
v 0.037699 0.015412 0.002190
v 0.037699 0.015561 0.000421
v 0.037699 0.015508 -0.001353
v 0.037699 0.021246 -0.005623
v 0.037882 0.021293 -0.005447
v 0.037882 -0.015723 0.001977
v 0.037882 -0.016017 0.001746
v 0.037882 -0.016385 0.001684
v 0.037699 -0.015578 0.001866
v 0.037699 -0.015943 0.001578
v 0.037699 -0.016401 0.001502
v 0.037882 0.022220 -0.004883
v 0.037882 0.022097 -0.005158
v 0.037882 0.021877 -0.005363
v 0.037882 0.021594 -0.005465
v 0.037699 0.022398 -0.004922
v 0.037699 0.022246 -0.005265
v 0.037699 0.021972 -0.005519
v 0.037699 0.021620 -0.005646
v 0.037640 -0.021890 0.001953
v 0.037699 -0.021888 0.001982
v 0.037802 -0.021881 0.002061
v 0.037910 -0.021867 0.002223
v 0.037882 -0.021872 0.002164
v 0.037802 -0.022652 0.003025
v 0.037699 -0.022731 0.003035
v 0.037699 -0.022342 0.005174
v 0.037640 -0.022760 0.003039
v 0.037699 -0.021751 0.007267
v 0.037699 -0.020965 0.009295
v 0.037699 -0.019990 0.011239
v 0.037699 -0.018836 0.013082
v 0.037699 -0.017512 0.014807
v 0.037699 -0.016031 0.016399
v 0.037699 -0.014406 0.017844
v 0.037699 -0.012651 0.019128
v 0.037699 -0.010782 0.020240
v 0.037699 -0.008817 0.021170
v 0.037699 -0.006772 0.021910
v 0.037699 -0.004666 0.022453
v 0.037699 -0.002519 0.022794
v 0.037699 -0.000348 0.022930
v 0.037699 0.001825 0.022860
v 0.037699 0.003982 0.022585
v 0.037699 0.006104 0.022106
v 0.037699 0.008170 0.021428
v 0.037699 0.010163 0.020558
v 0.037699 0.012064 0.019503
v 0.037699 0.013857 0.018273
v 0.037699 0.015526 0.016878
v 0.037699 0.017055 0.015332
v 0.037699 0.018430 0.013648
v 0.037699 0.019640 0.011841
v 0.037699 0.020673 0.009927
v 0.037699 0.021520 0.007924
v 0.037699 0.022174 0.005850
v 0.037699 0.022629 0.003724
v 0.037699 0.022880 0.001564
v 0.037699 0.022925 -0.000610
v 0.037699 0.022764 -0.002779
v 0.037882 -0.022550 0.003011
v 0.037882 -0.022163 0.005133
v 0.037882 -0.021577 0.007209
v 0.037882 -0.020798 0.009221
v 0.037882 -0.019831 0.011149
v 0.037882 -0.018686 0.012977
v 0.037882 -0.017372 0.014689
v 0.037882 -0.015903 0.016268
v 0.037882 -0.014291 0.017701
v 0.037882 -0.012550 0.018975
v 0.037882 -0.010696 0.020079
v 0.037882 -0.008746 0.021002
v 0.037882 -0.006718 0.021736
v 0.037882 -0.004629 0.022274
v 0.037882 -0.002498 0.022612
v 0.037882 -0.000345 0.022747
v 0.037882 0.001811 0.022678
v 0.037882 0.003950 0.022404
v 0.037882 0.006055 0.021929
v 0.037882 0.008105 0.021257
v 0.037882 0.010082 0.020394
v 0.037882 0.011968 0.019348
v 0.037882 0.013747 0.018127
v 0.037882 0.015402 0.016744
v 0.037882 0.016918 0.015209
v 0.037882 0.018283 0.013539
v 0.037882 0.019483 0.011746
v 0.037882 0.020508 0.009848
v 0.037882 0.021349 0.007861
v 0.037882 0.021997 0.005804
v 0.037882 0.022448 0.003694
v 0.037882 0.022697 0.001551
v 0.037882 0.022742 -0.000605
v 0.037882 0.022582 -0.002757
v 0.037640 -0.022260 0.002063
v 0.037802 -0.022629 0.002683
v 0.037802 -0.022209 0.002159
v 0.037910 -0.022133 0.002302
v 0.037910 -0.022346 0.002479
v 0.037910 -0.022473 0.002726
v 0.037802 -0.022473 0.002378
v 0.037640 -0.022557 0.002310
v 0.037640 -0.022733 0.002654
v 0.038547 0.000577 -0.019000
v 0.038807 0.001000 -0.019000
v 0.038547 -0.000577 -0.019000
v 0.038807 -0.001000 -0.019000
v 0.038392 0.001000 -0.019000
v 0.038392 -0.001000 -0.019000
v 0.038392 0.001500 -0.019500
v 0.038392 0.001433 -0.019750
v 0.038392 0.001000 -0.020000
v 0.038392 0.001250 -0.019933
v 0.038392 -0.001000 -0.020000
v 0.038392 -0.001433 -0.019750
v 0.038392 -0.001500 -0.019500
v 0.038392 -0.001250 -0.019933
v 0.038392 0.001433 -0.019250
v 0.038392 0.001250 -0.019067
v 0.038392 -0.001191 -0.019038
v 0.038392 -0.001354 -0.019146
v 0.038392 -0.001462 -0.019309
v -0.029551 0.002676 -0.009115
v -0.034095 0.002800 -0.009078
v -0.034095 0.000000 -0.009500
v -0.029551 0.002800 -0.009078
v -0.029551 0.005136 -0.007992
v -0.034095 0.005352 -0.007849
v -0.029551 0.005352 -0.007849
v -0.029551 0.007180 -0.006221
v -0.034095 0.007427 -0.005923
v -0.029551 0.007427 -0.005923
v -0.029551 0.008641 -0.003946
v -0.034095 0.008843 -0.003471
v -0.029551 0.008843 -0.003471
v -0.029551 0.009403 -0.001352
v -0.034095 0.009473 -0.000710
v -0.029551 0.009473 -0.000710
v -0.029551 0.009403 0.001352
v -0.034095 0.009262 0.002114
v -0.029551 0.009262 0.002114
v -0.029551 0.008641 0.003946
v -0.034095 0.008227 0.004750
v -0.029551 0.008227 0.004750
v -0.029551 0.007180 0.006221
v -0.034095 0.006462 0.006964
v -0.029551 0.006462 0.006964
v -0.029551 0.005136 0.007992
v -0.034095 0.004122 0.008559
v -0.029551 0.004122 0.008559
v -0.029551 0.002676 0.009115
v -0.034095 0.001416 0.009394
v -0.029551 0.001416 0.009394
v -0.034095 0.000000 0.009500
v -0.029551 0.000000 0.009500
v -0.034095 -0.001416 0.009394
v -0.029551 -0.001416 0.009394
v -0.029551 -0.002676 0.009115
v -0.034095 -0.004122 0.008559
v -0.029551 -0.004122 0.008559
v -0.029551 -0.005136 0.007992
v -0.034095 -0.006462 0.006964
v -0.029551 -0.006462 0.006964
v -0.029551 -0.007180 0.006221
v -0.034095 -0.008227 0.004750
v -0.029551 -0.008227 0.004750
v -0.029551 -0.008642 0.003946
v -0.034095 -0.009262 0.002114
v -0.029551 -0.009262 0.002114
v -0.029551 -0.009403 0.001352
v -0.034095 -0.009473 -0.000710
v -0.029551 -0.009473 -0.000710
v -0.029551 -0.009403 -0.001352
v -0.034095 -0.008843 -0.003471
v -0.029551 -0.008843 -0.003471
v -0.029551 -0.008642 -0.003946
v -0.034095 -0.007427 -0.005923
v -0.029551 -0.007427 -0.005923
v -0.029551 -0.007180 -0.006221
v -0.034095 -0.005352 -0.007849
v -0.029551 -0.005352 -0.007849
v -0.029551 -0.005136 -0.007992
v -0.034095 -0.002800 -0.009078
v -0.029551 -0.002800 -0.009078
v -0.029551 -0.002676 -0.009115
v -0.029551 0.000000 -0.009500
v -0.025519 -0.013913 -0.035199
v -0.027200 -0.011136 -0.034937
v -0.026883 -0.011050 -0.035503
v -0.023809 -0.015932 -0.035939
v -0.023809 -0.016014 -0.035637
v -0.025487 -0.013636 -0.035572
v -0.022020 -0.018162 -0.035972
v -0.022681 -0.017399 -0.035330
v -0.023732 -0.016182 -0.035290
v -0.025304 -0.014215 -0.035218
v -0.023750 -0.015871 -0.036407
v -0.022027 -0.018120 -0.036416
v -0.020051 -0.020219 -0.035997
v -0.020101 -0.020197 -0.036424
v -0.017994 -0.022084 -0.036429
v -0.015726 -0.023759 -0.036431
v -0.016411 -0.023154 -0.035454
v -0.017770 -0.022120 -0.035443
v -0.019728 -0.020433 -0.035415
v -0.019881 -0.020291 -0.035412
v -0.021859 -0.018308 -0.035360
v -0.002682 -0.028344 -0.036432
v -0.002279 -0.028376 -0.035464
v -0.005472 -0.027955 -0.036432
v -0.002001 -0.028398 -0.036999
v -0.004396 -0.028138 -0.036999
v -0.005478 -0.027955 -0.036999
v -0.008206 -0.027294 -0.036432
v -0.008217 -0.027294 -0.036999
v -0.006639 -0.027710 -0.036999
v -0.025549 -0.012720 -0.036999
v -0.025172 -0.013443 -0.036999
v -0.025240 -0.013468 -0.036399
v -0.026382 -0.010902 -0.036999
v -0.026471 -0.010929 -0.036396
v -0.026472 -0.010929 -0.036393
v -0.025386 -0.013538 -0.035903
v -0.026690 -0.010994 -0.035877
v -0.024443 -0.014712 -0.036999
v -0.014325 -0.024651 -0.036999
v -0.013313 -0.025204 -0.036432
v -0.016209 -0.023448 -0.036999
v -0.018011 -0.022088 -0.036999
v -0.019300 -0.020970 -0.036999
v -0.020115 -0.020190 -0.036999
v -0.023711 -0.015851 -0.036999
v -0.023180 -0.016610 -0.036999
v -0.021764 -0.018410 -0.036999
v -0.020932 -0.019345 -0.036999
v -0.005431 -0.027953 -0.035464
v -0.006272 -0.027778 -0.035464
v -0.008135 -0.027292 -0.035464
v -0.010856 -0.026361 -0.036432
v -0.010098 -0.026620 -0.035464
v -0.013058 -0.025256 -0.035464
v -0.015529 -0.023767 -0.035458
v -0.013335 -0.025204 -0.036999
v -0.012363 -0.025697 -0.036999
v -0.011101 -0.026266 -0.036999
v -0.009012 -0.027046 -0.036999
v -0.026471 0.010938 -0.036396
v -0.026472 0.010939 -0.036393
v -0.025240 0.013477 -0.036399
v -0.002682 0.028354 -0.036432
v -0.005472 0.027964 -0.036432
v -0.008206 0.027303 -0.036432
v -0.008135 0.027301 -0.035464
v -0.006272 0.027788 -0.035464
v -0.005431 0.027963 -0.035464
v -0.002279 0.028385 -0.035464
v -0.015661 0.023771 -0.036020
v -0.015529 0.023777 -0.035458
v -0.013259 0.025214 -0.036023
v -0.013058 0.025266 -0.035464
v -0.010817 0.026371 -0.036024
v -0.010098 0.026630 -0.035464
v -0.025487 0.013646 -0.035572
v -0.025519 0.013921 -0.035199
v -0.025304 0.014225 -0.035218
v -0.023809 0.016023 -0.035637
v -0.022020 0.018171 -0.035972
v -0.023809 0.015941 -0.035939
v -0.025386 0.013548 -0.035903
v -0.023732 0.016192 -0.035290
v -0.022681 0.017409 -0.035330
v -0.021859 0.018318 -0.035360
v -0.020051 0.020228 -0.035997
v -0.019881 0.020301 -0.035412
v -0.019728 0.020442 -0.035415
v -0.017928 0.022102 -0.036013
v -0.017770 0.022130 -0.035443
v -0.016411 0.023163 -0.035454
v -0.020101 0.020206 -0.036424
v -0.020115 0.020200 -0.036999
v -0.021054 0.019222 -0.036999
v -0.022027 0.018129 -0.036416
v -0.010856 0.026371 -0.036432
v -0.011808 0.025966 -0.036999
v -0.013313 0.025214 -0.036432
v -0.013811 0.024955 -0.036999
v -0.015726 0.023769 -0.036431
v -0.015827 0.023719 -0.036999
v -0.017994 0.022093 -0.036429
v -0.017677 0.022367 -0.036999
v -0.019433 0.020856 -0.036999
v -0.002299 0.028386 -0.036999
v -0.002960 0.028327 -0.036999
v -0.005213 0.028013 -0.036999
v -0.027200 0.011146 -0.034937
v -0.026883 0.011059 -0.035503
v -0.026690 0.011004 -0.035877
v -0.023750 0.015880 -0.036407
v -0.022019 0.018117 -0.036999
v -0.022545 0.017464 -0.036999
v -0.023861 0.015637 -0.036999
v -0.025020 0.013730 -0.036999
v -0.026019 0.011747 -0.036999
v -0.026382 0.010911 -0.036999
v -0.010220 0.026629 -0.036999
v -0.010487 0.026525 -0.036999
v -0.010754 0.026419 -0.036999
v -0.007490 0.027507 -0.036999
v -0.008593 0.027190 -0.036999
v -0.009681 0.026827 -0.036999
v -0.027151 0.008816 -0.036999
v -0.028844 0.000005 -0.035897
v -0.028719 -0.002808 -0.035893
v -0.029202 -0.002727 -0.035153
v -0.028695 -0.006770 -0.035142
v -0.029112 -0.003692 -0.035144
v -0.028557 -0.005574 -0.035543
v -0.028280 -0.006967 -0.035537
v -0.028366 -0.008221 -0.035122
v -0.027918 -0.008350 -0.035527
v -0.027959 -0.009396 -0.035056
v -0.027450 -0.009713 -0.035509
v -0.028331 -0.005599 -0.035884
v -0.027664 -0.008341 -0.035874
v -0.027159 -0.008781 -0.036999
v -0.027417 -0.008297 -0.036391
v -0.027757 -0.006619 -0.036999
v -0.028085 -0.005578 -0.036392
v -0.027984 -0.005559 -0.036999
v -0.027417 0.008307 -0.036391
v -0.028085 0.005588 -0.036392
v -0.027748 0.006667 -0.036999
v -0.027450 0.009723 -0.035509
v -0.027664 0.008351 -0.035874
v -0.028719 0.002818 -0.035893
v -0.028557 0.005584 -0.035543
v -0.028331 0.005608 -0.035884
v -0.028280 0.006977 -0.035537
v -0.027918 0.008360 -0.035527
v -0.027878 0.009609 -0.035042
v -0.028375 0.008203 -0.035123
v -0.028681 0.006857 -0.035142
v -0.028905 0.005385 -0.035136
v -0.029202 0.002737 -0.035153
v -0.029297 0.000976 -0.035162
v -0.029310 0.000005 -0.035164
v -0.027984 0.005569 -0.036999
v -0.028175 0.004477 -0.036999
v -0.028483 0.002811 -0.036394
v -0.028437 0.002194 -0.036999
v -0.028614 0.000005 -0.036395
v -0.028519 0.000018 -0.036999
v -0.028483 -0.002801 -0.036394
v -0.028435 -0.002212 -0.036999
v -0.028181 -0.004429 -0.036999
v -0.003350 -0.013629 -0.031786
v -0.003350 -0.013629 -0.036999
v -0.005125 -0.013064 -0.031786
v -0.006506 -0.012432 -0.036999
v -0.003350 0.013558 -0.036999
v -0.005067 0.013016 -0.031786
v -0.006506 0.012361 -0.036999
v -0.006506 0.012361 -0.031786
v -0.009284 0.010444 -0.036999
v -0.009284 0.010444 -0.031786
v -0.011522 0.007917 -0.036999
v -0.011522 0.007917 -0.031786
v -0.013090 0.004929 -0.036999
v -0.013090 0.004929 -0.031786
v -0.013898 0.001652 -0.036999
v -0.013898 0.001652 -0.031786
v -0.013898 -0.001723 -0.036999
v -0.013898 -0.001723 -0.031786
v -0.013090 -0.005000 -0.036999
v -0.013090 -0.005000 -0.031786
v -0.011522 -0.007988 -0.036999
v -0.011522 -0.007988 -0.031786
v -0.009284 -0.010515 -0.036999
v -0.009284 -0.010515 -0.031786
v -0.006506 -0.012432 -0.031786
v -0.003350 0.013558 -0.031786
v -0.030051 0.000000 0.011500
v -0.030051 -0.001683 0.013898
v -0.030051 -0.003103 0.011074
v -0.030051 -0.004951 0.013095
v -0.030051 -0.005975 0.009826
v -0.030051 -0.006352 0.012476
v -0.030051 -0.008405 0.007849
v -0.030051 -0.008241 0.009459
v -0.030051 -0.009565 0.006385
v -0.030051 0.009584 0.006356
v -0.030051 0.009453 0.006738
v -0.030051 0.008405 0.007849
v -0.030051 0.008132 0.009681
v -0.030051 0.005975 0.009826
v -0.030051 0.006367 0.012468
v -0.030051 0.003103 0.011074
v -0.030051 0.004951 0.013095
v -0.030051 0.001683 0.013898
v -0.030051 0.011315 -0.005940
v -0.030051 0.012577 -0.006149
v -0.030051 0.013610 -0.003283
v -0.030051 0.007934 0.011535
v -0.030051 0.012377 0.006543
v -0.030051 0.010458 0.009308
v -0.030051 0.009957 -0.005754
v -0.030051 0.010836 -0.003851
v -0.030051 0.011473 -0.000785
v -0.030051 0.014000 0.000060
v -0.030051 0.011259 0.002340
v -0.030051 0.013581 0.003400
v -0.030051 0.010211 0.005291
v -0.030051 -0.013610 -0.003283
v -0.030051 -0.010836 -0.003851
v -0.030051 -0.014000 0.000060
v -0.030051 -0.011473 -0.000785
v -0.030051 -0.013581 0.003400
v -0.030051 -0.011259 0.002340
v -0.030051 -0.012377 0.006543
v -0.030051 -0.012577 -0.006151
v -0.030051 -0.011314 -0.005941
v -0.030051 -0.009957 -0.005755
v -0.030051 -0.007934 0.011535
v -0.030051 -0.010458 0.009308
v -0.030051 -0.010211 0.005291
v -0.030051 -0.007406 -0.013168
v -0.030051 -0.006238 -0.012631
v -0.030051 -0.006906 -0.011686
v -0.030051 -0.006502 -0.013968
v -0.030051 -0.005607 -0.013441
v -0.030107 -0.018979 -0.015616
v -0.030098 -0.017362 -0.017427
v -0.030057 -0.016745 -0.016757
v -0.030051 -0.015917 -0.015479
v -0.030051 -0.016308 -0.015389
v -0.030051 -0.015822 -0.015827
v -0.030051 -0.016633 -0.015153
v -0.030051 -0.017393 -0.014273
v -0.030058 -0.018310 -0.015031
v -0.030051 -0.019224 -0.011691
v -0.030051 -0.019844 -0.010605
v -0.030059 -0.020906 -0.011174
v -0.030051 -0.012433 -0.006436
v -0.030051 -0.020787 -0.008612
v -0.030078 -0.022345 -0.009264
v -0.030140 -0.022845 -0.009484
v -0.030051 -0.011030 -0.011030
v -0.030051 -0.012885 -0.012885
v -0.030051 -0.012756 -0.013129
v -0.030051 -0.014537 -0.014537
v -0.030051 -0.014512 -0.014563
v -0.030051 -0.015186 -0.015186
v -0.030051 -0.015522 -0.015408
v -0.030051 -0.011263 -0.007408
v -0.030051 -0.011798 -0.007537
v -0.030051 -0.010626 -0.008731
v -0.030051 -0.010537 -0.009218
v -0.030051 -0.009904 -0.009979
v -0.030044 -0.011612 -0.021843
v -0.030022 -0.009442 -0.022894
v -0.030028 -0.009390 -0.022748
v -0.030051 -0.010552 -0.019760
v -0.030110 -0.014042 -0.021319
v -0.030168 -0.014232 -0.021691
v -0.030041 -0.012165 -0.023210
v -0.030402 -0.016434 -0.020174
v -0.030172 -0.015976 -0.019718
v -0.030084 -0.015586 -0.019084
v -0.029780 -0.010141 -0.025327
v -0.029885 -0.009917 -0.024453
v -0.029970 -0.011412 -0.024480
v -0.029969 -0.011065 -0.023880
v -0.030097 -0.012496 -0.023680
v -0.030150 -0.013020 -0.023267
v -0.030277 -0.014476 -0.022036
v -0.030216 -0.017764 -0.017955
v -0.030243 -0.019398 -0.016055
v -0.030257 -0.020860 -0.014030
v -0.030550 -0.022398 -0.012127
v -0.030547 -0.021766 -0.013270
v -0.030542 -0.021122 -0.014327
v -0.030514 -0.019476 -0.016675
v -0.030473 -0.018060 -0.018411
v -0.030051 -0.018710 -0.012498
v -0.030059 -0.019703 -0.013164
v -0.030114 -0.021665 -0.011597
v -0.030262 -0.023184 -0.009652
v -0.030051 -0.009116 -0.011144
v -0.030051 -0.008210 -0.009517
v -0.030051 -0.008583 -0.008784
v -0.030051 -0.009565 -0.006385
v -0.030051 -0.005135 -0.014002
v -0.030051 -0.005517 -0.014550
v -0.030051 -0.006312 -0.015855
v -0.030051 -0.007260 -0.014684
v -0.030051 -0.007000 -0.017162
v -0.030051 -0.007951 -0.015509
v -0.030051 -0.008408 -0.013848
v -0.030051 -0.008278 -0.012215
v -0.030051 -0.007004 -0.011540
v -0.030051 -0.008314 -0.020085
v -0.030051 -0.008089 -0.019552
v -0.030051 -0.009689 -0.018183
v -0.030051 -0.008586 -0.016394
v -0.030051 -0.009291 -0.014624
v -0.030051 -0.009481 -0.012860
v -0.030051 -0.010483 -0.011745
v -0.030051 -0.010537 -0.013586
v -0.030051 -0.010077 -0.015455
v -0.030051 -0.011409 -0.017137
v -0.030051 -0.012432 -0.018623
v -0.030065 -0.013664 -0.020564
v -0.030033 -0.011966 -0.022720
v -0.029992 -0.010876 -0.023326
v -0.029950 -0.009751 -0.023856
v -0.030051 -0.011691 -0.012416
v -0.030051 -0.011469 -0.014361
v -0.030051 -0.013022 -0.015926
v -0.030051 -0.014193 -0.017307
v -0.030112 -0.020419 -0.013668
v -0.030262 -0.022129 -0.011893
v -0.030463 -0.023408 -0.009789
v -0.030551 -0.023464 -0.009832
v -0.030051 -0.010583 -0.010583
v -0.030051 -0.010330 -0.010156
v -0.030051 -0.010314 -0.009660
v -0.030051 0.011273 -0.007408
v -0.030051 0.009584 -0.006356
v -0.030051 0.008810 -0.008321
v -0.030028 0.009399 -0.022748
v -0.030022 0.009452 -0.022894
v -0.030044 0.011622 -0.021843
v -0.030041 0.012175 -0.023210
v -0.030155 0.013080 -0.023227
v -0.030277 0.014486 -0.022036
v -0.030168 0.014242 -0.021691
v -0.030110 0.014052 -0.021319
v -0.030033 0.011976 -0.022720
v -0.030057 0.016754 -0.016757
v -0.030051 0.015831 -0.015827
v -0.030051 0.014203 -0.017307
v -0.030051 0.015186 -0.015186
v -0.030051 0.014542 -0.014542
v -0.030051 0.014522 -0.014563
v -0.030051 0.012885 -0.012885
v -0.030051 0.015522 -0.015408
v -0.030051 0.017397 -0.014268
v -0.030051 0.016633 -0.015153
v -0.030051 0.016308 -0.015389
v -0.030051 0.015917 -0.015479
v -0.030051 0.019224 -0.011691
v -0.030051 0.018713 -0.012493
v -0.030059 0.019712 -0.013164
v -0.030051 0.010330 -0.010156
v -0.030051 0.010314 -0.009660
v -0.030051 0.009914 -0.009979
v -0.030051 0.010537 -0.009218
v -0.030051 0.010635 -0.008731
v -0.030051 0.010885 -0.008804
v -0.030051 0.012433 -0.006436
v -0.030051 0.020788 -0.008609
v -0.030051 0.019846 -0.010601
v -0.030078 0.022355 -0.009264
v -0.030059 0.020915 -0.011174
v -0.030140 0.022854 -0.009484
v -0.030551 0.023474 -0.009832
v -0.030463 0.023418 -0.009789
v -0.030550 0.022407 -0.012127
v -0.030262 0.022139 -0.011893
v -0.030262 0.023194 -0.009652
v -0.030114 0.021674 -0.011597
v -0.030058 0.018320 -0.015031
v -0.030112 0.020429 -0.013668
v -0.030107 0.018988 -0.015616
v -0.030257 0.020870 -0.014030
v -0.030547 0.021706 -0.013390
v -0.030051 0.010562 -0.019760
v -0.030051 0.012441 -0.018623
v -0.030065 0.013674 -0.020564
v -0.030084 0.015595 -0.019084
v -0.030098 0.017372 -0.017427
v -0.030243 0.019408 -0.016055
v -0.030542 0.021132 -0.014327
v -0.030097 0.012505 -0.023680
v -0.029969 0.011074 -0.023880
v -0.029970 0.011422 -0.024480
v -0.029992 0.010885 -0.023326
v -0.030409 0.016568 -0.020046
v -0.030172 0.015986 -0.019718
v -0.030216 0.017774 -0.017955
v -0.030473 0.018069 -0.018411
v -0.030513 0.019438 -0.016737
v -0.030051 0.010492 -0.011745
v -0.030051 0.009125 -0.011144
v -0.030051 0.008288 -0.012215
v -0.030051 0.009490 -0.012860
v -0.030051 0.007415 -0.013168
v -0.030051 0.008418 -0.013848
v -0.030051 0.006511 -0.013968
v -0.030051 0.007270 -0.014684
v -0.030051 0.005526 -0.014550
v -0.030051 0.006321 -0.015855
v -0.030051 0.012765 -0.013129
v -0.030051 0.011478 -0.014361
v -0.030051 0.013031 -0.015926
v -0.030051 0.010087 -0.015455
v -0.030051 0.011419 -0.017137
v -0.030051 0.008596 -0.016394
v -0.030051 0.009698 -0.018183
v -0.030051 0.010583 -0.010583
v -0.030051 0.011036 -0.011036
v -0.030051 0.011700 -0.012416
v -0.030051 0.010546 -0.013586
v -0.030051 0.009300 -0.014624
v -0.030051 0.007961 -0.015509
v -0.030051 0.007010 -0.017162
v -0.030051 0.008266 -0.009430
v -0.030051 0.008220 -0.009517
v -0.030051 0.007582 -0.010641
v -0.030051 0.006916 -0.011686
v -0.030051 0.006624 -0.012110
v -0.030051 0.005617 -0.013441
v -0.030051 0.005145 -0.014002
v -0.029950 0.009761 -0.023856
v -0.029885 0.009927 -0.024453
v -0.029780 0.010150 -0.025327
v -0.030051 0.008323 -0.020085
v -0.030051 0.008099 -0.019552
v -0.030051 -0.009395 -0.006632
v -0.030051 0.009395 -0.006632
v -0.030051 0.007258 -0.008921
v -0.030051 -0.007258 -0.008921
v -0.030051 0.004582 -0.010548
v -0.030051 0.001566 -0.011393
v -0.030051 0.001528 -0.014019
v -0.030051 0.004252 -0.014010
v -0.030051 0.002974 -0.014017
v -0.030051 -0.004582 -0.010548
v -0.030051 -0.004243 -0.014010
v -0.030051 -0.002964 -0.014017
v -0.030051 -0.001566 -0.011393
v -0.030051 -0.001518 -0.014019
v -0.030051 0.000005 -0.014019
v -0.029633 -0.005016 -0.025735
v -0.029376 -0.004977 -0.026339
v -0.029285 -0.002111 -0.026555
v -0.029633 0.005026 -0.025735
v -0.029376 0.004987 -0.026339
v -0.029483 0.006902 -0.026078
v -0.029746 0.000005 -0.025601
v -0.029266 0.000005 -0.026599
v -0.029292 0.002454 -0.026539
v -0.030051 0.003009 -0.015017
v -0.030051 -0.006503 -0.021437
v -0.030051 -0.005327 -0.017745
v -0.030051 -0.004634 -0.015774
v -0.030051 -0.004347 -0.014863
v -0.030051 -0.003152 -0.016043
v -0.030051 -0.002999 -0.015017
v -0.030051 -0.003587 -0.018149
v -0.030051 -0.001802 -0.018384
v -0.030051 -0.004370 -0.021962
v -0.030051 -0.002193 -0.022277
v -0.030051 0.000005 -0.018460
v -0.030051 0.000005 -0.016228
v -0.030051 -0.001593 -0.016185
v -0.030051 -0.001528 -0.015092
v -0.030051 0.000005 -0.022382
v -0.030051 0.004357 -0.014863
v -0.030051 0.004643 -0.015774
v -0.030051 0.006512 -0.021437
v -0.030051 0.005337 -0.017745
v -0.029628 0.008736 -0.025713
v -0.029805 0.008734 -0.024907
v -0.029522 0.007463 -0.025980
v -0.029739 0.007510 -0.025257
v -0.030051 0.001538 -0.015092
v -0.030051 0.001603 -0.016185
v -0.030051 0.003161 -0.016043
v -0.030051 0.001812 -0.018384
v -0.030051 0.003597 -0.018149
v -0.030051 0.002203 -0.022277
v -0.030051 0.004379 -0.021962
v -0.030043 0.004638 -0.023264
v -0.030000 0.007181 -0.023700
v -0.029909 0.008604 -0.024304
v -0.030041 0.002333 -0.023595
v -0.029982 0.004832 -0.024264
v -0.029870 0.007418 -0.024674
v -0.029805 -0.008724 -0.024907
v -0.029700 -0.009447 -0.025528
v -0.029628 -0.008726 -0.025713
v -0.029522 -0.007454 -0.025980
v -0.029739 -0.007500 -0.025257
v -0.029449 -0.006358 -0.026162
v -0.030000 -0.007171 -0.023700
v -0.029870 -0.007409 -0.024674
v -0.029909 -0.008594 -0.024304
v -0.029761 -0.002497 -0.025507
v -0.029804 -0.004977 -0.025208
v -0.030043 -0.004628 -0.023264
v -0.029982 -0.004822 -0.024264
v -0.030041 -0.002323 -0.023595
v -0.029969 -0.002422 -0.024595
v -0.030041 0.000005 -0.023705
v -0.029964 0.000005 -0.024704
v -0.029969 0.002431 -0.024595
v -0.029761 0.002506 -0.025507
v -0.029804 0.004986 -0.025208
v -0.021340 0.012637 -0.031872
v -0.020572 0.012130 -0.031826
v -0.019397 0.014254 -0.031913
v 0.000000 0.022282 -0.031824
v -0.002072 0.023267 -0.031873
v -0.000128 0.026834 -0.032488
v -0.002317 0.026733 -0.032488
v -0.002205 0.025230 -0.032082
v -0.005367 0.018351 -0.031786
v -0.005255 0.017947 -0.031786
v -0.003612 0.018329 -0.031786
v -0.005416 0.018444 -0.031786
v -0.006769 0.019039 -0.031788
v -0.006481 0.022418 -0.031873
v -0.007123 0.018901 -0.031788
v -0.008557 0.021654 -0.031873
v -0.007325 0.018757 -0.031788
v -0.006498 0.019069 -0.031788
v -0.006350 0.019060 -0.031788
v -0.005948 0.018941 -0.031787
v -0.005873 0.018901 -0.031787
v -0.005607 0.018695 -0.031786
v -0.004310 0.022955 -0.031873
v -0.008416 0.016727 -0.031786
v -0.007544 0.017134 -0.031786
v -0.007595 0.017219 -0.031786
v -0.007732 0.017615 -0.031786
v -0.007748 0.017819 -0.031786
v -0.010396 0.020732 -0.031873
v -0.007730 0.018035 -0.031786
v -0.007589 0.018430 -0.031787
v 0.000000 0.025931 -0.032202
v -0.001770 0.018578 -0.031786
v -0.002654 0.018481 -0.031786
v -0.010348 0.015610 -0.031786
v -0.012224 0.019549 -0.031871
v -0.011299 0.014938 -0.031786
v -0.013913 0.018173 -0.031867
v -0.013230 0.013268 -0.031786
v -0.015459 0.016623 -0.031857
v -0.013809 0.012671 -0.031786
v -0.016855 0.014917 -0.031841
v -0.014488 0.011898 -0.031786
v -0.011130 0.022481 -0.032081
v -0.012807 0.023169 -0.032484
v -0.013073 0.021200 -0.032076
v -0.013894 0.022410 -0.032478
v -0.014872 0.019717 -0.032061
v -0.015624 0.021007 -0.032455
v -0.016528 0.018053 -0.032032
v -0.020959 0.014912 -0.032145
v -0.022065 0.013229 -0.031981
v -0.022074 0.013213 -0.031979
v -0.020047 0.014807 -0.032014
v -0.018041 0.016230 -0.031983
v -0.017536 0.019154 -0.032401
v -0.018337 0.018277 -0.032364
v -0.019125 0.017348 -0.032317
v -0.020664 0.015331 -0.032180
v -0.002444 0.026722 -0.032488
v -0.004064 0.026517 -0.032488
v -0.004615 0.024892 -0.032082
v -0.004866 0.026375 -0.032488
v -0.004973 0.026354 -0.032488
v -0.006947 0.024308 -0.032082
v -0.007813 0.025603 -0.032488
v -0.009169 0.023480 -0.032082
v -0.009818 0.024819 -0.032488
v -0.011860 0.023760 -0.032487
v -0.015839 0.010061 -0.031786
v -0.018088 0.013068 -0.031820
v -0.016570 0.008827 -0.031786
v -0.019140 0.011090 -0.031795
v -0.017367 0.007153 -0.031786
v -0.019998 0.008997 -0.031770
v -0.021073 0.011013 -0.031779
v -0.021507 0.009860 -0.031731
v -0.021906 0.011479 -0.031789
v -0.022382 0.010269 -0.031694
v -0.022872 0.011868 -0.031813
v -0.023514 0.010689 -0.031631
v -0.035695 0.001433 -0.019750
v -0.035695 0.004636 -0.020215
v -0.035695 0.001250 -0.019933
v -0.035695 0.002034 -0.020629
v -0.035695 0.001000 -0.020000
v -0.035695 0.017990 0.007780
v -0.035695 0.015957 0.011381
v -0.035695 0.017246 0.011515
v -0.035695 0.002068 0.019491
v -0.035695 -0.002068 0.019491
v -0.035695 -0.002541 0.020574
v -0.035695 -0.001433 -0.019750
v -0.035695 -0.002378 -0.020593
v -0.035695 -0.001498 -0.019543
v -0.035695 -0.004052 -0.020337
v -0.035695 -0.005565 -0.018793
v -0.035695 -0.001250 -0.019933
v -0.035695 -0.001000 -0.020000
v -0.035695 -0.000001 -0.020726
v -0.035695 0.001185 -0.020693
v -0.035695 -0.019102 -0.004392
v -0.035695 -0.017755 -0.008302
v -0.035695 -0.019171 -0.007940
v -0.035695 0.001498 -0.019543
v -0.035695 0.005565 -0.018793
v -0.035695 0.006025 -0.019851
v -0.035695 0.017755 -0.008302
v -0.035695 0.019102 -0.004392
v -0.035695 0.019991 -0.005538
v -0.035695 -0.015957 0.011381
v -0.035695 -0.017990 0.007780
v -0.035695 -0.018533 0.009326
v -0.035695 0.009384 -0.017207
v -0.035695 0.009898 -0.018231
v -0.035695 0.007940 -0.019171
v -0.035695 0.015618 -0.011842
v -0.035695 0.016025 -0.013148
v -0.035695 0.015470 -0.013795
v -0.035695 -0.005044 0.020119
v -0.035695 -0.006111 0.018623
v -0.035695 -0.007468 0.019359
v -0.035695 -0.019222 0.003832
v -0.035695 -0.020234 0.004550
v -0.035695 -0.019535 0.006993
v -0.035695 -0.012786 -0.014855
v -0.035695 -0.013795 -0.015470
v -0.035695 -0.014656 -0.014655
v -0.035695 -0.005892 -0.019891
v -0.035695 -0.007942 -0.019170
v -0.035695 -0.009384 -0.017207
v -0.035695 0.012786 -0.014855
v -0.035695 0.019222 0.003832
v -0.035695 0.020629 0.002035
v -0.035695 0.019598 -0.000286
v -0.035695 0.020720 -0.000511
v -0.035695 0.020507 -0.003048
v -0.035695 0.000001 0.020726
v -0.035695 0.002543 0.020574
v -0.035695 0.006111 0.018623
v -0.035695 0.005046 0.020118
v -0.035695 -0.009882 0.016926
v -0.035695 -0.009775 0.018298
v -0.035695 -0.007940 0.019171
v -0.035695 -0.017244 0.011517
v -0.035695 -0.015697 0.013537
v -0.035695 -0.013214 0.014476
v -0.035695 -0.013917 0.015360
v -0.035695 -0.011934 0.016956
v -0.035695 -0.019991 -0.005536
v -0.035695 -0.020508 -0.003046
v -0.035695 -0.019598 -0.000286
v -0.035695 -0.020720 -0.000509
v -0.035695 -0.020629 0.002037
v -0.035695 -0.015618 -0.011842
v -0.035695 -0.009777 -0.018297
v -0.035695 -0.011015 -0.017572
v -0.035695 -0.013148 -0.016026
v -0.035695 0.014655 -0.014656
v -0.035695 0.012880 -0.016243
v -0.035695 0.011515 -0.017246
v -0.035695 0.018534 0.009324
v -0.035695 0.019535 0.006991
v -0.035695 0.020234 0.004548
v -0.035695 0.009882 0.016926
v -0.035695 0.011936 0.016955
v -0.035695 0.013214 0.014476
v -0.035695 0.013919 0.015358
v -0.035695 0.015698 0.013536
v -0.035695 0.007470 0.019359
v -0.035695 0.007942 0.019170
v -0.035695 0.009777 0.018297
v -0.035695 -0.016243 -0.012880
v -0.035695 -0.017246 -0.011515
v -0.035695 -0.018231 -0.009898
v -0.035695 0.019170 -0.007942
v -0.035695 0.018297 -0.009777
v -0.035695 0.017572 -0.011015
v -0.020047 -0.014793 -0.032014
v -0.019397 -0.014238 -0.031913
v -0.020572 -0.012115 -0.031826
v -0.020664 -0.015318 -0.032180
v -0.019125 -0.017335 -0.032317
v -0.021906 -0.011465 -0.031789
v -0.022382 -0.010256 -0.031694
v -0.023514 -0.010677 -0.031631
v 0.000000 -0.026494 -0.032364
v 0.000000 -0.025551 -0.032125
v -0.002205 -0.025214 -0.032082
v -0.002072 -0.023247 -0.031873
v -0.001770 -0.018548 -0.031786
v -0.007748 -0.017914 -0.031786
v -0.007686 -0.017499 -0.031786
v -0.008416 -0.016698 -0.031786
v -0.007581 -0.017265 -0.031786
v -0.007490 -0.017128 -0.031786
v -0.005593 -0.018751 -0.031786
v -0.005873 -0.018972 -0.031787
v -0.006481 -0.022398 -0.031873
v -0.005929 -0.019002 -0.031787
v -0.006330 -0.019128 -0.031788
v -0.006498 -0.019140 -0.031788
v -0.006749 -0.019114 -0.031789
v -0.008557 -0.021634 -0.031873
v -0.007140 -0.018962 -0.031789
v -0.007459 -0.018689 -0.031788
v -0.007581 -0.018515 -0.031787
v -0.007670 -0.018326 -0.031787
v -0.010396 -0.020713 -0.031873
v -0.005359 -0.018403 -0.031786
v -0.003612 -0.018300 -0.031786
v -0.005253 -0.017997 -0.031786
v -0.005249 -0.017919 -0.031786
v -0.004310 -0.022936 -0.031873
v -0.005416 -0.018515 -0.031786
v -0.016855 -0.014897 -0.031841
v -0.014488 -0.011869 -0.031786
v -0.018088 -0.013048 -0.031820
v -0.015839 -0.010032 -0.031786
v -0.019140 -0.011070 -0.031795
v -0.016570 -0.008798 -0.031786
v -0.019998 -0.008977 -0.031770
v -0.017367 -0.007124 -0.031786
v -0.012224 -0.019529 -0.031871
v -0.010348 -0.015581 -0.031786
v -0.013913 -0.018153 -0.031867
v -0.011299 -0.014909 -0.031786
v -0.015459 -0.016603 -0.031857
v -0.013230 -0.013239 -0.031786
v -0.013809 -0.012641 -0.031786
v -0.002651 -0.018452 -0.031786
v -0.004973 -0.026341 -0.032488
v -0.004615 -0.024876 -0.032082
v -0.006947 -0.024292 -0.032082
v -0.004866 -0.026362 -0.032488
v -0.004064 -0.026504 -0.032488
v -0.002444 -0.026709 -0.032488
v -0.000128 -0.026821 -0.032488
v -0.022873 -0.011856 -0.031813
v -0.022074 -0.013201 -0.031979
v -0.021340 -0.012623 -0.031872
v -0.022065 -0.013216 -0.031981
v -0.020959 -0.014899 -0.032145
v -0.021507 -0.009845 -0.031731
v -0.021073 -0.010998 -0.031779
v -0.018041 -0.016214 -0.031983
v -0.016528 -0.018037 -0.032032
v -0.018337 -0.018264 -0.032364
v -0.017536 -0.019142 -0.032401
v -0.014872 -0.019701 -0.032061
v -0.015624 -0.020994 -0.032455
v -0.013073 -0.021184 -0.032076
v -0.013894 -0.022397 -0.032478
v -0.011130 -0.022465 -0.032081
v -0.012807 -0.023156 -0.032484
v -0.011860 -0.023747 -0.032487
v -0.009169 -0.023464 -0.032082
v -0.009818 -0.024806 -0.032488
v -0.007813 -0.025590 -0.032488
v -0.007123 0.016736 -0.031786
v -0.018679 0.001845 -0.031786
v -0.018730 0.001185 -0.031786
v -0.018375 0.001047 -0.031786
v -0.017917 0.000590 -0.031786
v -0.017750 -0.000035 -0.031786
v -0.006143 0.014732 -0.031786
v -0.007040 0.016692 -0.031786
v -0.018416 0.003656 -0.031786
v -0.017917 -0.000660 -0.031786
v -0.018375 -0.001118 -0.031786
v -0.006199 -0.014812 -0.031786
v -0.007123 -0.016807 -0.031786
v -0.007093 -0.016790 -0.031786
v -0.018724 -0.001255 -0.031786
v -0.018679 -0.001815 -0.031786
v -0.018416 -0.003627 -0.031786
v -0.017979 -0.005403 -0.031786
v -0.017979 0.005432 -0.031786
v -0.023959 -0.012271 -0.031899
v -0.022617 -0.013983 -0.032212
v -0.023487 -0.015125 -0.032920
v -0.022027 -0.016738 -0.033144
v -0.021617 -0.016384 -0.032764
v -0.019719 -0.020356 -0.035049
v -0.002638 -0.028318 -0.034731
v -0.002596 -0.028139 -0.033914
v 0.000000 -0.028039 -0.033473
v -0.002533 -0.027654 -0.033127
v 0.000000 -0.027436 -0.032834
v -0.002492 -0.027248 -0.032782
v -0.025392 -0.014154 -0.034968
v -0.025189 -0.014430 -0.034719
v -0.023494 -0.016443 -0.034878
v -0.026650 -0.012588 -0.034424
v -0.026907 -0.011991 -0.034668
v -0.021670 -0.018441 -0.034983
v -0.025681 -0.013816 -0.033476
v -0.026151 -0.013384 -0.033941
v -0.024336 -0.015248 -0.033783
v -0.024763 -0.014939 -0.034242
v -0.022805 -0.016894 -0.033998
v -0.023169 -0.016718 -0.034442
v -0.021107 -0.018651 -0.034142
v -0.021412 -0.018574 -0.034571
v -0.019257 -0.020427 -0.034233
v -0.019508 -0.020412 -0.034651
v -0.017468 -0.022157 -0.034698
v -0.018975 -0.020368 -0.033813
v -0.020772 -0.018626 -0.033714
v -0.022420 -0.016911 -0.033561
v -0.023909 -0.015314 -0.033338
v -0.015294 -0.023762 -0.034722
v -0.016151 -0.021299 -0.032741
v -0.014210 -0.022857 -0.032770
v -0.012124 -0.024227 -0.032781
v -0.020418 -0.018463 -0.033301
v -0.018666 -0.020210 -0.033404
v -0.018328 -0.019949 -0.033023
v -0.017034 -0.022052 -0.033872
v -0.020039 -0.018172 -0.032921
v -0.017953 -0.019592 -0.032683
v -0.019623 -0.017773 -0.032587
v -0.021174 -0.015883 -0.032435
v -0.023063 -0.014676 -0.032539
v -0.016480 -0.021644 -0.033084
v -0.014490 -0.023205 -0.033115
v -0.012354 -0.024589 -0.033126
v -0.009960 -0.025340 -0.032782
v -0.010142 -0.025717 -0.033127
v -0.007578 -0.026237 -0.032782
v -0.007712 -0.026627 -0.033127
v -0.005076 -0.026873 -0.032782
v -0.005163 -0.027273 -0.033127
v -0.005294 -0.027751 -0.033914
v -0.007916 -0.027095 -0.033914
v -0.010426 -0.026168 -0.033914
v -0.012723 -0.025022 -0.033912
v -0.014951 -0.023621 -0.033902
v -0.005379 -0.027928 -0.034731
v -0.012986 -0.025180 -0.034730
v -0.010621 -0.026335 -0.034731
v -0.008051 -0.027267 -0.034731
v -0.024796 -0.013724 -0.032613
v -0.025012 -0.013864 -0.032819
v -0.025231 -0.013925 -0.033032
v -0.025454 -0.013910 -0.033251
v -0.024373 -0.013190 -0.032233
v -0.017953 0.019604 -0.032683
v -0.022617 0.013994 -0.032212
v -0.021174 0.015895 -0.032435
v -0.021617 0.016395 -0.032764
v -0.007578 0.026249 -0.032782
v -0.007712 0.026638 -0.033127
v -0.010142 0.025728 -0.033127
v 0.000000 0.027938 -0.033313
v -0.002596 0.028149 -0.033914
v -0.002638 0.028327 -0.034731
v -0.002492 0.027260 -0.032782
v 0.000000 0.027339 -0.032758
v -0.002533 0.027665 -0.033127
v -0.005163 0.027284 -0.033127
v -0.005076 0.026885 -0.032782
v -0.017034 0.022062 -0.033872
v -0.016480 0.021655 -0.033084
v -0.014951 0.023631 -0.033902
v -0.014490 0.023216 -0.033115
v -0.012723 0.025032 -0.033912
v -0.012354 0.024600 -0.033126
v -0.010426 0.026178 -0.033914
v -0.007916 0.027105 -0.033914
v -0.005294 0.027761 -0.033914
v -0.022420 0.016921 -0.033561
v -0.023909 0.015324 -0.033338
v -0.023487 0.015135 -0.032920
v -0.025454 0.013920 -0.033251
v -0.025231 0.013935 -0.033032
v -0.025012 0.013874 -0.032819
v -0.024796 0.013734 -0.032613
v -0.024373 0.013200 -0.032233
v -0.012124 0.024239 -0.032781
v -0.009960 0.025352 -0.032782
v -0.016151 0.021311 -0.032741
v -0.018975 0.020378 -0.033813
v -0.020418 0.018474 -0.033301
v -0.018666 0.020220 -0.033404
v -0.020039 0.018183 -0.032921
v -0.018328 0.019960 -0.033023
v -0.019623 0.017785 -0.032587
v -0.014210 0.022869 -0.032770
v -0.020772 0.018636 -0.033714
v -0.022027 0.016748 -0.033144
v -0.023063 0.014687 -0.032539
v -0.023959 0.012282 -0.031899
v -0.017468 0.022167 -0.034698
v -0.015294 0.023771 -0.034722
v -0.019508 0.020421 -0.034651
v -0.021412 0.018584 -0.034571
v -0.026650 0.012597 -0.034424
v -0.025189 0.014439 -0.034719
v -0.026907 0.012001 -0.034668
v -0.025392 0.014164 -0.034968
v -0.023494 0.016453 -0.034878
v -0.026151 0.013394 -0.033941
v -0.024763 0.014948 -0.034242
v -0.023169 0.016728 -0.034442
v -0.005379 0.027938 -0.034731
v -0.008051 0.027277 -0.034731
v -0.010621 0.026345 -0.034731
v -0.012986 0.025190 -0.034730
v -0.025681 0.013826 -0.033476
v -0.024336 0.015258 -0.033783
v -0.022805 0.016903 -0.033998
v -0.021107 0.018661 -0.034142
v -0.019257 0.020436 -0.034233
v -0.032992 -0.022982 -0.009965
v -0.032638 -0.023233 -0.010060
v -0.032638 -0.024227 -0.006973
v -0.032992 0.022990 -0.009966
v -0.033168 0.022838 -0.009900
v -0.033168 0.023815 -0.006861
v -0.032284 -0.023418 -0.010110
v -0.032110 -0.023488 -0.010120
v -0.032110 -0.024493 -0.007019
v -0.032284 0.023427 -0.010110
v -0.032638 0.023241 -0.010060
v -0.032638 0.024236 -0.006973
v -0.030463 -0.024410 -0.006817
v -0.030761 0.023565 -0.009916
v -0.030761 0.024573 -0.006899
v -0.030078 0.002968 0.023987
v -0.030078 0.005886 0.023455
v -0.030140 0.006018 0.023979
v -0.030051 -0.022489 0.000698
v -0.030051 -0.022391 0.002210
v -0.030078 -0.024046 0.002373
v -0.030051 0.021105 -0.007798
v -0.030078 0.024162 -0.000595
v -0.030051 0.022207 -0.003617
v -0.030078 0.023914 -0.003554
v -0.030051 0.021684 -0.006005
v -0.030078 0.023311 -0.006459
v -0.030051 0.022391 0.002209
v -0.030051 0.022489 0.000698
v -0.030051 0.022493 -0.000553
v -0.030078 0.024055 0.002373
v -0.030078 0.023595 0.005304
v -0.030051 0.021940 0.004987
v -0.030078 0.022780 0.008152
v -0.030051 0.021184 0.007581
v -0.030051 0.020581 0.009092
v -0.030078 0.021612 0.010872
v -0.030051 0.020100 0.010111
v -0.030078 0.020110 0.013426
v -0.030051 0.018713 0.012493
v -0.030051 0.012282 0.018852
v -0.030051 0.012954 0.018397
v -0.030078 0.013919 0.019768
v -0.030051 0.015111 0.016671
v -0.030078 0.016231 0.017906
v -0.030051 0.015661 0.016155
v -0.030078 0.018306 0.015782
v -0.030051 0.017041 0.014692
v -0.030051 0.018462 0.012861
v -0.030051 0.010606 0.019843
v -0.030078 0.011402 0.021333
v -0.030051 0.008449 0.020853
v -0.030078 0.008712 0.022570
v -0.030051 0.008103 0.020990
v -0.030051 0.005477 0.021823
v -0.030078 -0.002959 0.023987
v -0.030051 -0.002754 0.022331
v -0.030051 0.000000 0.022500
v -0.030051 -0.008449 0.020853
v -0.030051 -0.008095 0.020993
v -0.030078 -0.008703 0.022570
v -0.030051 -0.005468 0.021825
v -0.030051 -0.015661 0.016155
v -0.030051 -0.015106 0.016675
v -0.030078 -0.016222 0.017906
v -0.030051 -0.012948 0.018401
v -0.030051 -0.020581 0.009092
v -0.030051 -0.020098 0.010115
v -0.030078 -0.021603 0.010872
v -0.030051 -0.018710 0.012498
v -0.030051 -0.021940 0.004987
v -0.030051 -0.021183 0.007584
v -0.030078 -0.023585 0.005304
v -0.030078 -0.022771 0.008152
v -0.030140 -0.023279 0.008334
v -0.030078 -0.023904 -0.003554
v -0.030078 -0.023302 -0.006459
v -0.030051 -0.022207 -0.003617
v -0.030051 -0.021683 -0.006007
v -0.030051 -0.021105 -0.007798
v -0.030140 0.023832 -0.006612
v -0.030140 0.024448 -0.003638
v -0.030140 0.024701 -0.000610
v -0.030140 0.024592 0.002425
v -0.030140 0.024122 0.005422
v -0.030140 0.023289 0.008334
v -0.030140 0.022095 0.011115
v -0.030140 0.020559 0.013726
v -0.030140 0.018714 0.016134
v -0.030140 0.016594 0.018306
v -0.030140 0.014230 0.020209
v -0.030140 0.011657 0.021809
v -0.030140 0.008907 0.023074
v -0.030262 -0.022414 0.011280
v -0.030140 -0.022085 0.011115
v -0.030140 -0.023822 -0.006612
v -0.030140 -0.024438 -0.003638
v -0.030140 -0.024691 -0.000610
v -0.030262 0.024186 -0.006726
v -0.030262 0.024811 -0.003701
v -0.030262 0.025068 -0.000624
v -0.030262 0.024958 0.002460
v -0.030262 0.024480 0.005502
v -0.030262 0.023635 0.008458
v -0.030262 0.022423 0.011280
v -0.030262 0.020865 0.013930
v -0.030262 0.018993 0.016374
v -0.030262 0.016840 0.018579
v -0.030262 0.014441 0.020510
v -0.030262 0.011830 0.022134
v -0.030262 0.009039 0.023417
v -0.030463 -0.021056 0.014065
v -0.030262 -0.020855 0.013930
v -0.030140 -0.020550 0.013726
v -0.030078 -0.020101 0.013426
v -0.030051 -0.018462 0.012861
v -0.030262 -0.024177 -0.006726
v -0.030262 -0.024801 -0.003701
v -0.030262 -0.025059 -0.000624
v -0.030262 -0.024948 0.002460
v -0.030463 0.024419 -0.006817
v -0.030463 0.025050 -0.003751
v -0.030463 0.025310 -0.000636
v -0.030463 0.025199 0.002481
v -0.030463 0.024716 0.005555
v -0.030463 0.023863 0.008539
v -0.030463 0.022640 0.011389
v -0.030463 0.021066 0.014065
v -0.030463 0.019176 0.016532
v -0.030463 0.017002 0.018758
v -0.030463 0.014581 0.020707
v -0.030463 0.011944 0.022347
v -0.030463 0.009126 0.023643
v -0.030761 -0.019286 0.016636
v -0.030463 -0.019166 0.016532
v -0.030262 -0.018983 0.016374
v -0.030140 -0.018705 0.016134
v -0.030078 -0.018296 0.015782
v -0.030051 -0.017037 0.014696
v -0.030463 -0.025041 -0.003751
v -0.030463 -0.025300 -0.000636
v -0.030463 -0.025189 0.002481
v -0.030463 -0.024707 0.005555
v -0.030761 0.009184 0.023791
v -0.030761 0.012019 0.022487
v -0.030761 0.014672 0.020837
v -0.030761 0.017109 0.018875
v -0.030761 0.019296 0.016636
v -0.030761 0.021198 0.014153
v -0.030761 0.022782 0.011460
v -0.030761 0.024013 0.008593
v -0.030761 0.024871 0.005589
v -0.030761 0.025357 0.002493
v -0.030761 0.025469 -0.000650
v -0.030761 0.025207 -0.003796
v -0.031150 -0.017154 0.018935
v -0.030761 -0.017100 0.018875
v -0.030463 -0.016993 0.018758
v -0.030262 -0.016831 0.018579
v -0.030140 -0.016584 0.018306
v -0.030761 -0.023555 -0.009916
v -0.030761 -0.024563 -0.006899
v -0.030761 -0.025198 -0.003796
v -0.030761 -0.025459 -0.000650
v -0.030761 -0.025347 0.002493
v -0.030761 -0.024862 0.005589
v -0.030761 -0.024003 0.008593
v -0.031150 0.023639 -0.010027
v -0.031150 0.024651 -0.006969
v -0.031150 0.025287 -0.003834
v -0.031150 0.025550 -0.000664
v -0.031150 0.025437 0.002497
v -0.031150 0.024950 0.005606
v -0.031150 0.024089 0.008620
v -0.031150 0.022854 0.011497
v -0.031150 0.021265 0.014198
v -0.031150 0.019357 0.016689
v -0.031150 0.017164 0.018935
v -0.031150 0.014719 0.020903
v -0.031150 0.012057 0.022559
v -0.031150 0.009213 0.023867
v -0.031607 -0.014699 0.020889
v -0.031150 -0.014709 0.020903
v -0.030761 -0.014662 0.020837
v -0.030463 -0.014571 0.020707
v -0.030262 -0.014432 0.020510
v -0.030140 -0.014220 0.020209
v -0.030078 -0.013910 0.019768
v -0.030051 -0.012282 0.018852
v -0.031150 -0.023630 -0.010027
v -0.031150 -0.024641 -0.006969
v -0.031150 -0.025278 -0.003834
v -0.031150 -0.025540 -0.000664
v -0.031150 -0.025428 0.002497
v -0.031150 -0.024941 0.005606
v -0.031150 -0.024079 0.008620
v -0.031150 -0.022844 0.011497
v -0.031607 0.023623 -0.010103
v -0.031607 0.024634 -0.007014
v -0.031607 0.025270 -0.003858
v -0.031607 0.025532 -0.000676
v -0.031607 0.025420 0.002491
v -0.031607 0.024933 0.005601
v -0.031607 0.024072 0.008614
v -0.031607 0.022838 0.011489
v -0.031607 0.021251 0.014188
v -0.031607 0.019344 0.016677
v -0.031607 0.017152 0.018923
v -0.031607 0.014709 0.020889
v -0.031607 0.012049 0.022543
v -0.031607 0.009206 0.023851
v -0.032110 -0.011975 0.022423
v -0.031607 -0.012039 0.022543
v -0.031150 -0.012047 0.022559
v -0.030761 -0.012009 0.022487
v -0.030463 -0.011934 0.022347
v -0.030262 -0.011820 0.022134
v -0.030140 -0.011647 0.021809
v -0.030078 -0.011392 0.021333
v -0.030051 -0.010599 0.019847
v -0.031607 -0.023614 -0.010103
v -0.031607 -0.024624 -0.007014
v -0.031607 -0.025261 -0.003858
v -0.031607 -0.025523 -0.000676
v -0.031607 -0.025410 0.002491
v -0.031607 -0.024924 0.005601
v -0.031607 -0.024063 0.008614
v -0.031607 -0.022829 0.011489
v -0.031607 -0.021241 0.014188
v -0.032110 0.023497 -0.010120
v -0.032110 0.024502 -0.007019
v -0.032110 0.025135 -0.003861
v -0.032110 0.025396 -0.000683
v -0.032110 0.025284 0.002474
v -0.032110 0.024800 0.005571
v -0.032110 0.023944 0.008568
v -0.032110 0.022716 0.011428
v -0.032110 0.021137 0.014112
v -0.032110 0.019241 0.016588
v -0.032110 0.017060 0.018821
v -0.032110 0.014630 0.020778
v -0.032110 0.011984 0.022423
v -0.032110 0.009157 0.023723
v -0.032638 -0.009049 0.023465
v -0.032110 -0.009148 0.023723
v -0.031607 -0.009197 0.023851
v -0.031150 -0.009203 0.023867
v -0.030761 -0.009174 0.023791
v -0.030463 -0.009117 0.023643
v -0.030262 -0.009030 0.023417
v -0.030140 -0.008897 0.023074
v -0.032110 -0.025126 -0.003860
v -0.032110 -0.025387 -0.000683
v -0.032110 -0.025275 0.002474
v -0.032110 -0.024791 0.005571
v -0.032110 -0.023935 0.008568
v -0.032110 -0.022707 0.011428
v -0.032110 -0.021128 0.014112
v -0.032110 -0.019231 0.016588
v -0.032638 0.024862 -0.003835
v -0.032638 0.025120 -0.000683
v -0.032638 0.025009 0.002444
v -0.032638 0.024530 0.005510
v -0.032638 0.023683 0.008475
v -0.032638 0.022469 0.011303
v -0.032638 0.020907 0.013959
v -0.032638 0.019031 0.016408
v -0.032638 0.016875 0.018617
v -0.032638 0.014471 0.020552
v -0.032638 0.011854 0.022179
v -0.032638 0.009057 0.023465
v -0.033168 -0.006005 0.023963
v -0.032638 -0.006110 0.024386
v -0.032110 -0.006177 0.024654
v -0.031607 -0.006210 0.024786
v -0.031150 -0.006215 0.024803
v -0.030761 -0.006195 0.024725
v -0.030463 -0.006156 0.024570
v -0.030262 -0.006097 0.024336
v -0.030140 -0.006008 0.023979
v -0.030078 -0.005877 0.023455
v -0.030051 -0.004304 0.022085
v -0.032638 -0.024853 -0.003834
v -0.032638 -0.025111 -0.000683
v -0.032638 -0.025001 0.002444
v -0.032638 -0.024522 0.005510
v -0.032638 -0.023675 0.008475
v -0.032638 -0.022461 0.011304
v -0.032638 -0.020899 0.013959
v -0.032638 -0.019023 0.016408
v -0.032638 -0.016866 0.018617
v -0.033168 0.024430 -0.003773
v -0.033168 0.024683 -0.000674
v -0.033168 0.024575 0.002401
v -0.033168 0.024104 0.005414
v -0.033168 0.023272 0.008328
v -0.033168 0.022079 0.011107
v -0.033168 0.020544 0.013717
v -0.033168 0.018701 0.016123
v -0.033168 0.016582 0.018294
v -0.033168 0.014220 0.020195
v -0.033168 0.011648 0.021794
v -0.033168 0.008900 0.023058
v -0.033687 -0.002951 0.023914
v -0.033168 -0.003024 0.024506
v -0.032638 -0.003077 0.024939
v -0.032110 -0.003111 0.025212
v -0.031607 -0.003127 0.025348
v -0.031150 -0.003129 0.025365
v -0.030761 -0.003119 0.025285
v -0.030463 -0.003100 0.025127
v -0.030262 -0.003070 0.024887
v -0.030140 -0.003025 0.024522
v -0.033168 -0.022830 -0.009900
v -0.033168 -0.023807 -0.006860
v -0.033168 -0.024422 -0.003773
v -0.033168 -0.024676 -0.000673
v -0.033168 -0.024567 0.002401
v -0.033168 -0.024097 0.005414
v -0.033168 -0.023264 0.008328
v -0.033168 -0.022071 0.011108
v -0.033168 -0.020537 0.013717
v -0.033168 -0.018693 0.016124
v -0.033168 -0.016573 0.018294
v -0.033168 -0.014211 0.020196
v -0.033687 0.022285 -0.009636
v -0.033687 0.023239 -0.006680
v -0.033687 0.023839 -0.003674
v -0.033687 0.024087 -0.000654
v -0.033687 0.023981 0.002344
v -0.033687 0.023522 0.005283
v -0.033687 0.022709 0.008127
v -0.033687 0.021545 0.010839
v -0.033687 0.020048 0.013385
v -0.033687 0.018249 0.015734
v -0.033687 0.016181 0.017852
v -0.033687 0.013876 0.019707
v -0.033687 0.011366 0.021268
v -0.033687 0.008685 0.022501
v -0.034701 0.000002 0.022539
v -0.033687 0.000004 0.024090
v -0.033168 0.000004 0.024687
v -0.032638 0.000004 0.025123
v -0.032110 0.000005 0.025399
v -0.031607 0.000005 0.025535
v -0.031150 0.000005 0.025552
v -0.030761 0.000005 0.025471
v -0.030463 0.000005 0.025313
v -0.030262 0.000005 0.025071
v -0.030140 0.000005 0.024703
v -0.030078 0.000005 0.024164
v -0.030051 0.002764 0.022330
v -0.033687 -0.022279 -0.009636
v -0.033687 -0.023233 -0.006680
v -0.033687 -0.023833 -0.003673
v -0.033687 -0.024080 -0.000653
v -0.033687 -0.023974 0.002345
v -0.033687 -0.023515 0.005284
v -0.033687 -0.022703 0.008127
v -0.033687 -0.021538 0.010839
v -0.033687 -0.020041 0.013386
v -0.033687 -0.018242 0.015734
v -0.033687 -0.016174 0.017852
v -0.033687 -0.013869 0.019708
v -0.033687 -0.011359 0.021268
v -0.034701 0.020849 -0.008874
v -0.034701 0.021741 -0.006165
v -0.034701 0.022303 -0.003392
v -0.034701 0.022534 -0.000591
v -0.034701 0.022435 0.002200
v -0.034701 0.022005 0.004944
v -0.034701 0.021246 0.007603
v -0.034701 0.020156 0.010140
v -0.034701 0.018755 0.012523
v -0.034701 0.017072 0.014720
v -0.034701 0.015137 0.016702
v -0.034701 0.012981 0.018438
v -0.034701 0.010633 0.019898
v -0.034701 0.008124 0.021052
v -0.034701 -0.020846 -0.008873
v -0.034701 -0.021738 -0.006164
v -0.034701 -0.022299 -0.003390
v -0.034701 -0.022530 -0.000589
v -0.034701 -0.022431 0.002202
v -0.034701 -0.022002 0.004945
v -0.034701 -0.021242 0.007604
v -0.034701 -0.020152 0.010142
v -0.034701 -0.018751 0.012524
v -0.034701 -0.017068 0.014721
v -0.034701 -0.015133 0.016703
v -0.034701 -0.012976 0.018439
v -0.034701 -0.010628 0.019898
v -0.034701 -0.008120 0.021052
v -0.030262 0.006107 0.024336
v -0.030463 0.006166 0.024570
v -0.030761 0.006205 0.024725
v -0.031150 0.006224 0.024803
v -0.031607 0.006220 0.024786
v -0.032110 0.006187 0.024654
v -0.032638 0.006119 0.024386
v -0.033168 0.006013 0.023963
v -0.033687 0.005867 0.023384
v -0.034701 0.005488 0.021878
v -0.030140 0.003035 0.024522
v -0.030262 0.003080 0.024887
v -0.030463 0.003109 0.025127
v -0.030761 0.003129 0.025285
v -0.031150 0.003139 0.025365
v -0.031607 0.003137 0.025348
v -0.032110 0.003120 0.025212
v -0.032638 0.003086 0.024939
v -0.033168 0.003032 0.024506
v -0.033687 0.002958 0.023914
v -0.034701 0.002767 0.022374
v -0.030051 0.004304 0.022085
v -0.034701 -0.002762 0.022374
v -0.033687 -0.005860 0.023384
v -0.033168 -0.008892 0.023058
v -0.032638 -0.011845 0.022179
v -0.032110 -0.014621 0.020778
v -0.031607 -0.017142 0.018923
v -0.031150 -0.019348 0.016689
v -0.030761 -0.021189 0.014153
v -0.030463 -0.022630 0.011389
v -0.030262 -0.023625 0.008458
v -0.030140 -0.024112 0.005422
v -0.034701 -0.005484 0.021878
v -0.033687 -0.008678 0.022501
v -0.033168 -0.011640 0.021795
v -0.032638 -0.014462 0.020552
v -0.032110 -0.017051 0.018822
v -0.031607 -0.019334 0.016677
v -0.031150 -0.021256 0.014198
v -0.030761 -0.022772 0.011460
v -0.030463 -0.023853 0.008539
v -0.030262 -0.024471 0.005502
v -0.030140 -0.024583 0.002425
v -0.030078 -0.024152 -0.000595
v -0.030051 -0.022493 -0.000553
v -0.005873 -0.016807 -0.031786
v -0.006498 -0.016640 -0.031786
v -0.005248 -0.017890 -0.031786
v -0.005416 -0.017265 -0.031786
v -0.005416 0.017194 -0.031786
v -0.005248 0.017819 -0.031786
v -0.006498 0.016569 -0.031786
v -0.005873 0.016736 -0.031786
v -0.029969 0.011548 -0.025525
v -0.031470 0.013909 -0.025056
v -0.031215 0.012752 -0.026650
v -0.031606 0.012280 -0.026930
v -0.032942 0.017706 -0.019131
v -0.032964 0.018846 -0.017567
v -0.032575 0.017965 -0.019295
v -0.032611 0.019513 -0.017093
v -0.032253 0.019698 -0.017147
v -0.032211 0.018177 -0.019337
v -0.031605 0.022553 -0.012499
v -0.032283 0.022365 -0.012526
v -0.032275 0.021108 -0.014874
v -0.032989 0.021182 -0.013828
v -0.032991 0.021945 -0.012355
v -0.031569 0.019894 -0.017045
v -0.031517 0.018403 -0.019172
v -0.031856 0.018328 -0.019288
v -0.031300 0.015397 -0.023071
v -0.031652 0.015285 -0.023278
v -0.031110 0.014046 -0.024800
v -0.031029 0.012870 -0.026502
v -0.031287 0.014007 -0.024931
v -0.030850 0.012913 -0.026351
v -0.032515 0.016325 -0.021414
v -0.032419 0.014631 -0.023448
v -0.032618 0.014421 -0.023391
v -0.032893 0.016017 -0.021239
v -0.032886 0.015821 -0.021470
v -0.032818 0.014216 -0.023270
v -0.030679 0.012884 -0.026200
v -0.031858 0.013534 -0.025269
v -0.032027 0.011452 -0.027167
v -0.030830 0.016720 -0.020777
v -0.030454 0.014807 -0.022333
v -0.030692 0.015122 -0.022594
v -0.030254 0.013080 -0.024003
v -0.030494 0.013616 -0.024267
v -0.030782 0.013947 -0.024533
v -0.030978 0.015334 -0.022840
v -0.030516 0.012780 -0.026052
v -0.030220 0.012339 -0.025772
v -0.031010 0.022552 -0.012344
v -0.031000 0.021284 -0.014607
v -0.030972 0.019860 -0.016773
v -0.031256 0.019902 -0.016923
v -0.030919 0.018323 -0.018833
v -0.031203 0.018396 -0.019017
v -0.031595 0.021294 -0.014817
v -0.032971 0.019274 -0.016944
v -0.032516 0.010006 -0.027316
v -0.032687 0.011999 -0.025523
v -0.032257 0.010853 -0.027258
v -0.032489 0.012606 -0.025365
v -0.032271 0.012944 -0.025386
v -0.032028 0.015017 -0.023421
v -0.030782 -0.013938 -0.024533
v -0.030978 -0.015325 -0.022840
v -0.031300 -0.015387 -0.023071
v -0.030830 -0.016711 -0.020777
v -0.030919 -0.018313 -0.018833
v -0.031203 -0.018387 -0.019017
v -0.030454 -0.014797 -0.022333
v -0.030494 -0.013606 -0.024267
v -0.030220 -0.012330 -0.025772
v -0.029969 -0.011539 -0.025525
v -0.030254 -0.013071 -0.024003
v -0.031256 -0.019892 -0.016923
v -0.030972 -0.019851 -0.016773
v -0.031000 -0.021274 -0.014607
v -0.031010 -0.022543 -0.012344
v -0.031606 -0.012270 -0.026930
v -0.031215 -0.012743 -0.026650
v -0.031470 -0.013899 -0.025056
v -0.032489 -0.012597 -0.025365
v -0.032257 -0.010844 -0.027258
v -0.032271 -0.012935 -0.025386
v -0.032027 -0.011443 -0.027167
v -0.031858 -0.013525 -0.025269
v -0.032028 -0.015008 -0.023421
v -0.032419 -0.014623 -0.023448
v -0.032618 -0.014413 -0.023391
v -0.031652 -0.015276 -0.023278
v -0.032140 -0.016585 -0.021435
v -0.032515 -0.016317 -0.021414
v -0.032893 -0.016009 -0.021239
v -0.032818 -0.014208 -0.023270
v -0.032762 -0.013179 -0.024347
v -0.032706 -0.012285 -0.025239
v -0.032630 -0.011234 -0.026231
v -0.032516 -0.009998 -0.027316
v -0.032253 -0.019689 -0.017147
v -0.032211 -0.018168 -0.019337
v -0.031856 -0.018318 -0.019287
v -0.031605 -0.022544 -0.012499
v -0.032283 -0.022356 -0.012526
v -0.031595 -0.021284 -0.014817
v -0.032275 -0.021099 -0.014874
v -0.031569 -0.019884 -0.017045
v -0.032923 -0.016961 -0.020078
v -0.032575 -0.017957 -0.019294
v -0.032971 -0.019266 -0.016944
v -0.032611 -0.019504 -0.017093
v -0.032630 -0.020923 -0.014816
v -0.032991 -0.021972 -0.012284
v -0.032986 -0.020689 -0.014683
v -0.032978 -0.019839 -0.016073
v -0.031517 -0.018394 -0.019172
v -0.030692 -0.015113 -0.022594
v -0.031287 -0.013998 -0.024931
v -0.031029 -0.012860 -0.026502
v -0.031110 -0.014037 -0.024800
v -0.030850 -0.012903 -0.026351
v -0.030679 -0.012874 -0.026200
v -0.030516 -0.012771 -0.026052
v -0.028428 0.000005 -0.027821
v -0.026725 -0.006690 -0.029939
v -0.026635 -0.004628 -0.029795
v -0.027350 -0.004526 -0.029177
v -0.027350 0.004536 -0.029177
v -0.026635 0.004638 -0.029795
v -0.026725 0.006701 -0.029939
v -0.025882 0.007018 -0.030501
v -0.025993 0.008881 -0.030727
v -0.024938 0.009568 -0.031219
v -0.024939 0.007458 -0.030975
v -0.025853 0.004829 -0.030339
v -0.025021 0.005054 -0.030799
v -0.025853 0.002459 -0.030243
v -0.025082 0.002550 -0.030697
v -0.023942 0.007810 -0.031327
v -0.024175 0.005202 -0.031158
v -0.024303 0.002606 -0.031063
v -0.025104 0.000006 -0.030664
v -0.025857 0.000005 -0.030211
v -0.025082 -0.002539 -0.030697
v -0.025853 -0.004818 -0.030339
v -0.025021 -0.005043 -0.030799
v -0.024939 -0.007446 -0.030975
v -0.025882 -0.007008 -0.030501
v -0.025993 -0.008870 -0.030727
v -0.024938 -0.009557 -0.031219
v -0.029011 -0.004832 -0.027034
v -0.028544 -0.004657 -0.027772
v -0.028457 -0.002368 -0.027806
v -0.027988 -0.004541 -0.028496
v -0.029164 -0.007118 -0.026861
v -0.029368 -0.009105 -0.026740
v -0.028688 -0.006765 -0.027748
v -0.028123 -0.006563 -0.028562
v -0.027469 -0.006538 -0.029292
v -0.026885 -0.008441 -0.030147
v -0.029368 0.009114 -0.026740
v -0.026885 0.008451 -0.030147
v -0.027652 0.008254 -0.029472
v -0.027469 0.006547 -0.029292
v -0.028315 0.008286 -0.028694
v -0.028123 0.006573 -0.028562
v -0.028884 0.008560 -0.027795
v -0.028688 0.006775 -0.027748
v -0.029164 0.007127 -0.026861
v -0.027988 0.004551 -0.028496
v -0.028544 0.004666 -0.027772
v -0.029011 0.004842 -0.027034
v -0.028457 0.002378 -0.027806
v -0.027883 0.000005 -0.028468
v -0.027265 0.000005 -0.029098
v -0.026584 0.000005 -0.029684
v -0.024343 0.000006 -0.031032
v -0.024303 -0.002593 -0.031063
v -0.024175 -0.005190 -0.031158
v -0.023942 -0.007797 -0.031327
v -0.028884 -0.008551 -0.027795
v -0.028315 -0.008276 -0.028694
v -0.027652 -0.008245 -0.029472
v -0.020083 0.000590 -0.031775
v -0.019892 0.000840 -0.031779
v -0.021346 0.002319 -0.031710
v -0.019625 0.001047 -0.031782
v -0.019552 0.001086 -0.031783
v -0.019149 0.001206 -0.031785
v -0.019000 0.001215 -0.031785
v -0.018982 -0.001285 -0.031785
v -0.019397 -0.001221 -0.031784
v -0.021346 -0.002299 -0.031710
v -0.019625 -0.001118 -0.031782
v -0.019767 -0.001023 -0.031781
v -0.020215 -0.000327 -0.031772
v -0.021430 0.000010 -0.031704
v -0.020083 -0.000660 -0.031775
v -0.020050 -0.000713 -0.031776
v -0.020250 -0.000035 -0.031771
v -0.020244 0.000091 -0.031771
v -0.020131 0.000496 -0.031774
v -0.023004 0.007755 -0.031527
v -0.023351 0.005180 -0.031405
v -0.023535 0.002595 -0.031330
v -0.023592 0.000007 -0.031306
v -0.023535 -0.002581 -0.031330
v -0.023351 -0.005166 -0.031405
v -0.023004 -0.007741 -0.031527
v -0.022152 0.007491 -0.031640
v -0.022561 0.005033 -0.031564
v -0.022785 0.002530 -0.031515
v -0.022855 0.000008 -0.031498
v -0.022785 -0.002515 -0.031515
v -0.022561 -0.005017 -0.031564
v -0.022152 -0.007476 -0.031640
v -0.020639 0.006837 -0.031745
v -0.021085 0.004603 -0.031724
v -0.021085 -0.004583 -0.031724
v -0.020639 -0.006817 -0.031745
v -0.032742 -0.004164 -0.028968
v -0.032769 -0.002452 -0.029158
v -0.031877 -0.002356 -0.031069
v -0.032079 0.008108 -0.029255
v -0.031964 0.009041 -0.029029
v -0.031457 0.008525 -0.030268
v -0.032272 0.004793 -0.029892
v -0.031801 0.004642 -0.030885
v -0.032752 0.003671 -0.029035
v -0.028865 0.007687 -0.034527
v -0.029105 -0.006466 -0.034584
v -0.028865 -0.007678 -0.034527
v -0.029467 -0.007130 -0.033895
v -0.028577 -0.008805 -0.034434
v -0.028281 -0.009797 -0.034304
v -0.029077 -0.009003 -0.033673
v -0.029991 -0.002496 -0.034106
v -0.029298 -0.005205 -0.034619
v -0.029787 -0.004909 -0.034032
v -0.030455 -0.002387 -0.033464
v -0.030509 0.000005 -0.033493
v -0.030975 0.000005 -0.032780
v -0.030455 0.002396 -0.033464
v -0.029105 0.006476 -0.034584
v -0.029298 0.005214 -0.034619
v -0.029467 0.007139 -0.033895
v -0.029077 0.009013 -0.033673
v -0.028577 0.008814 -0.034434
v -0.028281 0.009807 -0.034304
v -0.030302 0.004684 -0.033371
v -0.030934 0.002331 -0.032742
v -0.031410 0.002326 -0.031941
v -0.031441 0.000005 -0.031991
v -0.031877 0.002365 -0.031069
v -0.031901 0.000004 -0.031134
v -0.032783 -0.000009 -0.029255
v -0.032769 0.002459 -0.029158
v -0.032601 0.008606 -0.027901
v -0.032655 0.007281 -0.028324
v -0.029761 0.008518 -0.032977
v -0.030065 0.006762 -0.033211
v -0.030626 0.006571 -0.032445
v -0.030816 0.004554 -0.032628
v -0.031157 0.006568 -0.031581
v -0.031316 0.004547 -0.031800
v -0.031666 0.006742 -0.030601
v -0.032162 0.007061 -0.029491
v -0.031457 -0.008516 -0.030268
v -0.031964 -0.009032 -0.029029
v -0.032079 -0.008099 -0.029255
v -0.032601 -0.008597 -0.027901
v -0.032726 -0.004897 -0.028853
v -0.032272 -0.004785 -0.029892
v -0.031801 -0.004633 -0.030885
v -0.029761 -0.008509 -0.032977
v -0.030371 -0.008271 -0.032195
v -0.030626 -0.006562 -0.032445
v -0.030931 -0.008271 -0.031304
v -0.031157 -0.006558 -0.031581
v -0.031666 -0.006733 -0.030601
v -0.032162 -0.007052 -0.029491
v -0.032654 -0.007302 -0.028315
v -0.031410 -0.002317 -0.031941
v -0.031316 -0.004538 -0.031800
v -0.030934 -0.002321 -0.032742
v -0.030816 -0.004544 -0.032628
v -0.030302 -0.004675 -0.033371
v -0.030065 -0.006753 -0.033211
v -0.029787 0.004918 -0.034032
v -0.029991 0.002506 -0.034106
v -0.030062 0.000005 -0.034129
v -0.032726 0.004905 -0.028853
v -0.030931 0.008280 -0.031304
v -0.030371 0.008281 -0.032195
v -0.025173 0.011081 -0.031503
v -0.025535 0.012065 -0.031838
v -0.025941 0.012635 -0.032217
v -0.026154 0.012780 -0.032420
v -0.026373 0.012838 -0.032631
v -0.026596 0.012812 -0.032847
v -0.026822 0.012699 -0.033067
v -0.027287 0.012197 -0.033512
v -0.027768 0.011280 -0.033945
v -0.026228 0.010291 -0.031010
v -0.026558 0.011259 -0.031344
v -0.026943 0.011829 -0.031719
v -0.027148 0.011973 -0.031919
v -0.027359 0.012028 -0.032124
v -0.027574 0.011995 -0.032334
v -0.027791 0.011871 -0.032546
v -0.028228 0.011342 -0.032963
v -0.028659 0.010407 -0.033352
v -0.027130 0.009800 -0.030419
v -0.027446 0.010745 -0.030746
v -0.027811 0.011305 -0.031112
v -0.028006 0.011445 -0.031306
v -0.028207 0.011496 -0.031505
v -0.028410 0.011458 -0.031707
v -0.028615 0.011329 -0.031910
v -0.029020 0.010790 -0.032305
v -0.029407 0.009861 -0.032669
v -0.027902 0.009575 -0.029723
v -0.028209 0.010502 -0.030034
v -0.028558 0.011051 -0.030387
v -0.028743 0.011187 -0.030575
v -0.028933 0.011234 -0.030766
v -0.029126 0.011192 -0.030960
v -0.029320 0.011060 -0.031154
v -0.029700 0.010520 -0.031533
v -0.030057 0.009598 -0.031886
v -0.028564 0.009603 -0.028912
v -0.028861 0.010522 -0.029199
v -0.029195 0.011061 -0.029535
v -0.029372 0.011193 -0.029715
v -0.029555 0.011236 -0.029899
v -0.029741 0.011192 -0.030085
v -0.029928 0.011059 -0.030271
v -0.030296 0.010518 -0.030638
v -0.030638 0.009598 -0.030986
v -0.029125 0.009903 -0.027962
v -0.029409 0.010816 -0.028224
v -0.029729 0.011343 -0.028540
v -0.029900 0.011470 -0.028710
v -0.030078 0.011510 -0.028885
v -0.030260 0.011464 -0.029063
v -0.030446 0.011332 -0.029240
v -0.030814 0.010795 -0.029592
v -0.031163 0.009872 -0.029932
v -0.029594 0.010516 -0.026845
v -0.029860 0.011410 -0.027087
v -0.030167 0.011911 -0.027385
v -0.030334 0.012030 -0.027545
v -0.030508 0.012065 -0.027709
v -0.030689 0.012020 -0.027875
v -0.030874 0.011892 -0.028041
v -0.031256 0.011370 -0.028366
v -0.031636 0.010455 -0.028678
v -0.025173 -0.011071 -0.031503
v -0.025535 -0.012055 -0.031838
v -0.025941 -0.012625 -0.032217
v -0.026154 -0.012770 -0.032420
v -0.026373 -0.012828 -0.032631
v -0.026596 -0.012802 -0.032847
v -0.026822 -0.012690 -0.033067
v -0.027287 -0.012187 -0.033512
v -0.027768 -0.011270 -0.033945
v -0.026228 -0.010280 -0.031010
v -0.026558 -0.011249 -0.031344
v -0.026943 -0.011819 -0.031719
v -0.027148 -0.011963 -0.031919
v -0.027359 -0.012018 -0.032124
v -0.027574 -0.011985 -0.032334
v -0.027791 -0.011862 -0.032546
v -0.028228 -0.011332 -0.032963
v -0.028659 -0.010397 -0.033352
v -0.027130 -0.009790 -0.030419
v -0.027446 -0.010735 -0.030746
v -0.027811 -0.011295 -0.031112
v -0.028006 -0.011436 -0.031306
v -0.028207 -0.011486 -0.031505
v -0.028410 -0.011448 -0.031707
v -0.028615 -0.011319 -0.031910
v -0.029020 -0.010781 -0.032305
v -0.029407 -0.009851 -0.032669
v -0.027902 -0.009565 -0.029723
v -0.028209 -0.010492 -0.030034
v -0.028558 -0.011041 -0.030387
v -0.028743 -0.011177 -0.030575
v -0.028933 -0.011224 -0.030766
v -0.029126 -0.011182 -0.030960
v -0.029320 -0.011051 -0.031154
v -0.029700 -0.010511 -0.031533
v -0.030057 -0.009589 -0.031886
v -0.028564 -0.009593 -0.028912
v -0.028861 -0.010512 -0.029199
v -0.029195 -0.011051 -0.029535
v -0.029372 -0.011183 -0.029715
v -0.029555 -0.011226 -0.029899
v -0.029741 -0.011182 -0.030085
v -0.029928 -0.011049 -0.030271
v -0.030296 -0.010509 -0.030638
v -0.030638 -0.009589 -0.030986
v -0.029125 -0.009894 -0.027962
v -0.029409 -0.010807 -0.028224
v -0.029729 -0.011333 -0.028540
v -0.029900 -0.011460 -0.028710
v -0.030078 -0.011500 -0.028885
v -0.030260 -0.011455 -0.029063
v -0.030446 -0.011322 -0.029240
v -0.030814 -0.010785 -0.029592
v -0.031163 -0.009863 -0.029931
v -0.029594 -0.010506 -0.026845
v -0.029860 -0.011400 -0.027087
v -0.030167 -0.011902 -0.027385
v -0.030334 -0.012020 -0.027545
v -0.030508 -0.012056 -0.027709
v -0.030689 -0.012011 -0.027875
v -0.030874 -0.011882 -0.028041
v -0.031256 -0.011360 -0.028366
v -0.031636 -0.010446 -0.028678
v -0.034358 0.016347 -0.017301
v -0.035151 0.008330 -0.020793
v -0.033326 0.018985 -0.016688
v -0.033304 0.017410 -0.018828
v -0.033661 0.017083 -0.018404
v -0.034329 0.008901 -0.023132
v -0.033559 0.010485 -0.024505
v -0.033701 0.009311 -0.024767
v -0.033552 0.009405 -0.025130
v -0.032875 0.010975 -0.025883
v -0.032842 0.009827 -0.026698
v -0.033117 0.010789 -0.025444
v -0.033102 0.009677 -0.026155
v -0.033017 0.014026 -0.023078
v -0.032927 0.012047 -0.024981
v -0.033216 0.013849 -0.022823
v -0.033149 0.011853 -0.024629
v -0.033605 0.013519 -0.022177
v -0.033572 0.011530 -0.023797
v -0.034334 0.010942 -0.021995
v -0.033268 0.015698 -0.020878
v -0.034362 0.017867 -0.015420
v -0.033676 0.018650 -0.016337
v -0.033687 0.021272 -0.011941
v -0.033337 0.020402 -0.014469
v -0.033684 0.020053 -0.014179
v -0.034365 0.019222 -0.013423
v -0.034341 0.012872 -0.020622
v -0.033637 0.015371 -0.020362
v -0.034350 0.014677 -0.019046
v -0.034366 0.020394 -0.011329
v -0.035150 -0.008330 -0.020792
v -0.033588 0.002415 -0.027106
v -0.033594 0.000003 -0.027221
v -0.034338 0.000002 -0.025092
v -0.033701 -0.009306 -0.024767
v -0.033551 -0.008286 -0.025661
v -0.033552 -0.009399 -0.025130
v -0.033106 -0.008508 -0.026728
v -0.033102 -0.009669 -0.026155
v -0.032842 -0.009819 -0.026697
v -0.033556 -0.007144 -0.026102
v -0.033121 -0.007315 -0.027178
v -0.034336 -0.002285 -0.024975
v -0.033588 -0.002409 -0.027106
v -0.034332 -0.004547 -0.024615
v -0.033573 -0.004800 -0.026744
v -0.034329 -0.006759 -0.024004
v -0.033160 -0.004891 -0.027801
v -0.034329 0.006763 -0.024004
v -0.033556 0.007150 -0.026102
v -0.034332 0.004550 -0.024615
v -0.033573 0.004806 -0.026744
v -0.034336 0.002288 -0.024975
v -0.033551 0.008292 -0.025661
v -0.033106 0.008516 -0.026729
v -0.034329 -0.008897 -0.023131
v -0.033160 0.004898 -0.027801
v -0.033121 0.007322 -0.027178
v -0.032875 -0.010968 -0.025883
v -0.034366 -0.020390 -0.011328
v -0.033687 -0.021266 -0.011941
v -0.033684 -0.020047 -0.014178
v -0.034365 -0.019218 -0.013422
v -0.034362 -0.017863 -0.015419
v -0.033676 -0.018644 -0.016337
v -0.033661 -0.017077 -0.018403
v -0.034358 -0.016343 -0.017300
v -0.034350 -0.014674 -0.019045
v -0.033637 -0.015365 -0.020362
v -0.033117 -0.010782 -0.025444
v -0.033149 -0.011846 -0.024628
v -0.032927 -0.012039 -0.024981
v -0.033017 -0.014018 -0.023077
v -0.033559 -0.010478 -0.024505
v -0.033572 -0.011524 -0.023796
v -0.033605 -0.013513 -0.022177
v -0.033216 -0.013842 -0.022822
v -0.033268 -0.015691 -0.020877
v -0.033304 -0.017403 -0.018828
v -0.033326 -0.018978 -0.016688
v -0.034341 -0.012868 -0.020621
v -0.034334 -0.010938 -0.021995
v -0.029051 -0.010211 0.005291
v -0.029051 -0.011259 0.002340
v -0.029051 -0.011473 -0.000785
v -0.029051 -0.010836 -0.003851
v -0.029051 -0.009395 -0.006632
v -0.029051 -0.007258 -0.008921
v -0.029051 -0.004582 -0.010548
v -0.029051 -0.001566 -0.011393
v -0.029051 0.000000 -0.011500
v -0.029051 0.001566 -0.011393
v -0.029051 0.004582 -0.010548
v -0.029051 0.007258 -0.008921
v -0.029051 0.009395 -0.006632
v -0.029051 0.010836 -0.003851
v -0.029051 0.011473 -0.000785
v -0.029051 0.011259 0.002340
v -0.029051 0.010211 0.005291
v -0.029051 0.008405 0.007849
v -0.029051 -0.008405 0.007849
v -0.029051 -0.005975 0.009826
v -0.029051 -0.003103 0.011074
v -0.029051 0.000000 0.011500
v -0.029051 0.003103 0.011074
v -0.029051 0.005975 0.009826
v -0.029051 0.000000 -0.010000
v -0.029051 0.002817 -0.009595
v -0.029051 0.005406 -0.008413
v -0.029051 0.007558 -0.006549
v -0.029051 0.009096 -0.004154
v -0.029051 0.009898 -0.001423
v -0.029051 0.009898 0.001423
v -0.029051 0.009096 0.004154
v -0.029051 0.007558 0.006549
v -0.029051 0.005406 0.008413
v -0.029051 0.002817 0.009595
v -0.029051 0.000000 0.010000
v -0.029051 -0.002817 0.009595
v -0.029051 -0.005406 0.008413
v -0.029051 -0.007558 0.006549
v -0.029051 -0.009096 0.004154
v -0.029051 -0.009898 0.001423
v -0.029051 -0.009898 -0.001423
v -0.029051 -0.009096 -0.004154
v -0.029051 -0.007558 -0.006549
v -0.029051 -0.005406 -0.008413
v -0.029051 -0.002817 -0.009595
v -0.033551 -0.010537 -0.009218
v -0.033551 -0.011942 -0.007307
v -0.033551 -0.012433 -0.006436
v -0.033551 -0.013004 -0.005186
v -0.033551 -0.013610 -0.003283
v -0.033551 -0.013693 -0.002917
v -0.033551 -0.013989 -0.000564
v -0.033551 -0.013883 0.001805
v -0.033551 -0.014000 0.000060
v -0.033551 -0.012377 0.006543
v -0.033551 -0.012492 0.006321
v -0.033551 -0.013379 0.004122
v -0.033551 -0.013581 0.003400
v -0.033551 -0.011246 0.008339
v -0.033551 -0.010458 0.009308
v -0.033551 -0.009677 0.010117
v -0.033551 -0.007830 0.011605
v -0.033551 -0.005759 0.012760
v -0.033551 -0.004951 0.013095
v -0.033551 -0.003523 0.013549
v -0.033551 -0.001683 0.013898
v -0.033551 -0.001186 0.013950
v -0.033551 0.001186 0.013950
v -0.033551 0.003523 0.013549
v -0.033551 0.001683 0.013898
v -0.033551 0.009677 0.010117
v -0.033551 0.007831 0.011605
v -0.033551 0.005759 0.012760
v -0.033551 0.004951 0.013095
v -0.033551 0.011246 0.008339
v -0.033551 0.010458 0.009308
v -0.033551 0.013581 0.003400
v -0.033551 0.013379 0.004122
v -0.033551 0.012492 0.006321
v -0.033551 0.012377 0.006543
v -0.033551 0.013883 0.001805
v -0.033551 0.014000 0.000060
v -0.033551 0.013989 -0.000564
v -0.033551 0.013693 -0.002917
v -0.033551 0.010537 -0.009218
v -0.033551 0.011942 -0.007307
v -0.033551 0.012433 -0.006436
v -0.033551 0.013004 -0.005186
v -0.033551 0.013610 -0.003283
v -0.033551 -0.015186 -0.015186
v -0.033551 -0.010583 -0.010583
v -0.033551 0.018012 -0.013484
v -0.033551 0.016633 -0.015153
v -0.033551 0.019224 -0.011691
v -0.033551 0.020258 -0.009790
v -0.033551 0.021105 -0.007798
v -0.033551 0.021757 -0.005734
v -0.033551 0.022207 -0.003617
v -0.033551 0.022452 -0.001466
v -0.033551 0.022489 0.000698
v -0.033551 0.022318 0.002856
v -0.033551 0.021940 0.004987
v -0.033551 0.021360 0.007072
v -0.033551 0.020581 0.009092
v -0.033551 0.019613 0.011027
v -0.033551 0.018462 0.012861
v -0.033551 0.017141 0.014575
v -0.033551 0.015661 0.016155
v -0.033551 0.014036 0.017585
v -0.033551 0.012282 0.018852
v -0.033551 0.010414 0.019945
v -0.033551 0.008449 0.020853
v -0.033551 0.006406 0.021569
v -0.033551 0.004304 0.022085
v -0.033551 0.002162 0.022396
v -0.033551 0.000000 0.022500
v -0.033551 -0.002162 0.022396
v -0.033551 -0.004304 0.022085
v -0.033551 -0.006406 0.021569
v -0.033551 -0.008449 0.020853
v -0.033551 -0.010414 0.019945
v -0.033551 -0.012282 0.018852
v -0.033551 -0.014037 0.017585
v -0.033551 -0.015661 0.016155
v -0.033551 -0.017141 0.014575
v -0.033551 -0.018462 0.012861
v -0.033551 -0.019613 0.011027
v -0.033551 -0.020581 0.009092
v -0.033551 -0.021360 0.007072
v -0.033551 -0.021940 0.004987
v -0.033551 -0.022318 0.002856
v -0.033551 -0.022489 0.000698
v -0.033551 -0.022452 -0.001466
v -0.033551 -0.022207 -0.003617
v -0.033551 -0.021757 -0.005734
v -0.033551 -0.021105 -0.007798
v -0.033551 -0.020258 -0.009790
v -0.033551 -0.019224 -0.011691
v -0.033551 -0.016633 -0.015153
v -0.033551 -0.018012 -0.013484
v -0.033551 0.015186 -0.015186
v -0.033551 0.010583 -0.010583
v -0.034051 -0.017611 -0.013185
v -0.034051 -0.010914 -0.009547
v -0.034051 -0.018797 -0.011431
v -0.034051 -0.012368 -0.007568
v -0.034051 -0.019808 -0.009572
v -0.034051 -0.013468 -0.005372
v -0.034051 -0.014488 -0.000584
v -0.034051 -0.021714 -0.003537
v -0.034051 -0.014182 -0.003021
v -0.034051 -0.021274 -0.005607
v -0.034051 -0.020636 -0.007625
v -0.034051 -0.014379 0.001869
v -0.034051 -0.021989 0.000682
v -0.034051 -0.021953 -0.001434
v -0.034051 0.021453 0.004876
v -0.034051 0.013857 0.004269
v -0.034051 0.014379 0.001869
v -0.034051 0.012369 -0.007568
v -0.034051 0.019808 -0.009572
v -0.034051 0.013468 -0.005372
v -0.034051 0.020636 -0.007625
v -0.034051 0.014182 -0.003021
v -0.034051 0.010914 -0.009547
v -0.034051 0.017611 -0.013185
v -0.034051 0.018797 -0.011431
v -0.034051 -0.010810 -0.010016
v -0.034051 -0.010802 -0.009768
v -0.034051 -0.010937 -0.010229
v -0.034051 -0.015540 -0.014833
v -0.034051 0.014488 -0.000584
v -0.034051 0.021989 0.000682
v -0.034051 0.021822 0.002792
v -0.034051 -0.015905 -0.014979
v -0.034051 -0.015707 -0.014943
v -0.034051 -0.016101 -0.014934
v -0.034051 -0.016263 -0.014816
v -0.034051 -0.013857 0.004269
v -0.034051 -0.021453 0.004876
v -0.034051 -0.021822 0.002792
v -0.034051 -0.012938 0.006547
v -0.034051 -0.020124 0.008890
v -0.034051 -0.020885 0.006915
v -0.034051 -0.010023 0.010479
v -0.034051 -0.016760 0.014251
v -0.034051 -0.011647 0.008637
v -0.034051 -0.018052 0.012575
v -0.034051 -0.019177 0.010782
v -0.034051 -0.001228 0.014448
v -0.034051 -0.004208 0.021594
v -0.034051 -0.003649 0.014033
v -0.034051 -0.006264 0.021089
v -0.034051 -0.005965 0.013216
v -0.034051 0.001228 0.014448
v -0.034051 0.000000 0.022000
v -0.034051 -0.002114 0.021898
v -0.034051 0.008110 0.012020
v -0.034051 0.010182 0.019502
v -0.034051 0.005965 0.013216
v -0.034051 0.008261 0.020390
v -0.034051 0.003649 0.014033
v -0.034051 0.021274 -0.005607
v -0.034051 0.021714 -0.003537
v -0.034051 0.021953 -0.001434
v -0.034051 0.010802 -0.009768
v -0.034051 0.010810 -0.010016
v -0.034051 0.010937 -0.010229
v -0.034051 0.015540 -0.014833
v -0.034051 0.016263 -0.014816
v -0.034051 -0.008110 0.012020
v -0.034051 -0.013725 0.017194
v -0.034051 -0.015313 0.015796
v -0.034051 0.006264 0.021089
v -0.034051 0.004208 0.021594
v -0.034051 0.002114 0.021898
v -0.034051 0.015708 -0.014943
v -0.034051 0.015905 -0.014979
v -0.034051 0.016101 -0.014934
v -0.034051 -0.008261 0.020390
v -0.034051 -0.010182 0.019502
v -0.034051 -0.012009 0.018433
v -0.034051 0.010023 0.010479
v -0.034051 0.013725 0.017194
v -0.034051 0.012009 0.018433
v -0.034051 0.020885 0.006915
v -0.034051 0.020124 0.008890
v -0.034051 0.012938 0.006547
v -0.034051 0.019177 0.010782
v -0.034051 0.011647 0.008637
v -0.034051 0.018052 0.012575
v -0.034051 0.016760 0.014251
v -0.034051 0.015313 0.015796
v -0.034995 0.012786 -0.014855
v -0.034995 0.009384 -0.017207
v -0.034995 0.001433 -0.019250
v -0.034995 0.005565 -0.018793
v -0.034995 0.001500 -0.019500
v -0.034995 0.001498 -0.019543
v -0.034995 0.001250 -0.019067
v -0.034995 0.017990 0.007780
v -0.034995 0.019222 0.003832
v -0.034995 0.017755 -0.008302
v -0.034995 0.015618 -0.011842
v -0.034995 -0.009384 -0.017207
v -0.034995 -0.001433 -0.019250
v -0.034995 -0.005565 -0.018793
v -0.034995 -0.001500 -0.019500
v -0.034995 -0.001498 -0.019543
v -0.034995 0.019598 -0.000286
v -0.034995 0.019102 -0.004392
v -0.034995 -0.019102 -0.004392
v -0.034995 -0.019598 -0.000286
v -0.034995 -0.001250 -0.019067
v -0.034995 -0.019222 0.003832
v -0.034995 -0.017990 0.007780
v -0.034995 -0.012786 -0.014855
v -0.034995 -0.015618 -0.011842
v -0.034995 -0.017755 -0.008302
v -0.034995 -0.007271 0.001841
v -0.034995 -0.006279 0.004102
v -0.034995 -0.015957 0.011381
v -0.034995 -0.004607 0.005919
v -0.034995 0.002435 0.007094
v -0.034995 0.009882 0.016926
v -0.034995 0.004607 0.005919
v -0.034995 0.013214 0.014476
v -0.034995 0.006279 0.004102
v -0.034995 0.015957 0.011381
v -0.034995 0.007271 0.001841
v -0.034995 -0.002435 0.007094
v -0.034995 -0.002068 0.019491
v -0.034995 0.000000 0.007500
v -0.034995 0.002068 0.019491
v -0.034995 0.006111 0.018623
v -0.034995 -0.003570 -0.006596
v -0.034995 -0.001234 -0.007398
v -0.034995 0.003570 -0.006596
v -0.034995 0.005518 -0.005080
v -0.034995 0.006868 -0.003013
v -0.034995 0.007474 -0.000619
v -0.034995 -0.013214 0.014476
v -0.034995 -0.009882 0.016926
v -0.034995 -0.006111 0.018623
v -0.034995 -0.007474 -0.000619
v -0.034995 -0.006868 -0.003013
v -0.034995 -0.005518 -0.005080
v -0.034995 0.001234 -0.007398
v -0.034995 0.001000 -0.019000
v -0.034995 -0.001000 -0.019000
v -0.005416 0.017194 -0.036999
v -0.005248 0.017819 -0.036999
v -0.005873 0.018901 -0.036999
v -0.006498 0.019069 -0.036999
v -0.005416 0.018444 -0.036999
v -0.007123 0.018901 -0.036999
v -0.007581 0.018444 -0.036999
v -0.006498 -0.019140 -0.036999
v -0.005873 -0.018972 -0.036999
v -0.005416 -0.018515 -0.036999
v -0.007748 0.017819 -0.036999
v -0.005248 -0.017890 -0.036999
v -0.005416 -0.017265 -0.036999
v -0.005873 -0.016807 -0.036999
v -0.006498 -0.016640 -0.036999
v -0.017750 -0.000035 -0.036999
v -0.007581 0.017194 -0.036999
v -0.019000 0.001215 -0.036999
v -0.018375 0.001047 -0.036999
v -0.007581 -0.018515 -0.036999
v -0.007123 -0.018972 -0.036999
v -0.007748 -0.017890 -0.036999
v -0.007123 -0.016807 -0.036999
v -0.019000 -0.001285 -0.036999
v -0.007581 -0.017265 -0.036999
v -0.018375 -0.001118 -0.036999
v -0.017917 -0.000660 -0.036999
v -0.005873 0.016736 -0.036999
v -0.006498 0.016569 -0.036999
v -0.007123 0.016736 -0.036999
v -0.020250 -0.000035 -0.036999
v -0.020083 0.000590 -0.036999
v -0.020083 -0.000660 -0.036999
v -0.019625 0.001047 -0.036999
v -0.019625 -0.001118 -0.036999
v -0.017917 0.000590 -0.036999
v -0.034095 0.001234 -0.007398
v -0.034095 -0.001234 -0.007398
v -0.034095 -0.003570 -0.006596
v -0.034095 -0.005518 -0.005080
v -0.034095 -0.006868 -0.003013
v -0.034095 -0.007474 -0.000619
v -0.034095 -0.007271 0.001841
v -0.034095 -0.006279 0.004102
v -0.034095 -0.004607 0.005919
v -0.034095 -0.002435 0.007094
v -0.034095 0.000000 0.007500
v -0.034095 0.003570 -0.006596
v -0.034095 0.005518 -0.005080
v -0.034095 0.006868 -0.003013
v -0.034095 0.007474 -0.000619
v -0.034095 0.007271 0.001841
v -0.034095 0.006279 0.004102
v -0.034095 0.004607 0.005919
v -0.034095 0.002435 0.007094
v -0.033551 0.015522 -0.015408
v -0.033551 0.015917 -0.015479
v -0.033551 0.016308 -0.015389
v -0.033551 0.010314 -0.009660
v -0.033551 0.010330 -0.010156
v -0.033551 -0.010330 -0.010156
v -0.033551 -0.010314 -0.009660
v -0.033551 -0.016308 -0.015389
v -0.033551 -0.015917 -0.015479
v -0.033551 -0.015522 -0.015408
v -0.033801 -0.010630 -0.010536
v -0.033743 -0.010610 -0.010556
v -0.033743 -0.010367 -0.010145
v -0.033985 -0.010760 -0.010406
v -0.033905 -0.010687 -0.010479
v -0.033905 -0.010471 -0.010115
v -0.034013 -0.010801 -0.010365
v -0.034013 -0.010626 -0.010070
v -0.034013 -0.010615 -0.009727
v -0.034013 -0.010770 -0.009421
v -0.033905 -0.010457 -0.009692
v -0.033905 -0.010648 -0.009314
v -0.033743 -0.010351 -0.009668
v -0.033743 -0.010566 -0.009243
v -0.033743 -0.011974 -0.007327
v -0.033743 -0.013039 -0.005200
v -0.033743 -0.013730 -0.002925
v -0.033743 -0.014027 -0.000566
v -0.033743 -0.013921 0.001810
v -0.033743 -0.013416 0.004133
v -0.033743 -0.012526 0.006338
v -0.033743 -0.011276 0.008361
v -0.033743 -0.009703 0.010145
v -0.033743 -0.007852 0.011637
v -0.033743 -0.005775 0.012795
v -0.033743 -0.003533 0.013586
v -0.033743 -0.001189 0.013988
v -0.033743 0.001189 0.013988
v -0.033743 0.003533 0.013586
v -0.033743 0.005775 0.012795
v -0.033743 0.007852 0.011637
v -0.033743 0.009703 0.010145
v -0.033743 0.011276 0.008361
v -0.033743 0.012526 0.006338
v -0.033743 0.013416 0.004133
v -0.033743 0.013921 0.001810
v -0.033743 0.014027 -0.000566
v -0.033743 0.013730 -0.002925
v -0.033743 0.013039 -0.005200
v -0.033743 0.010566 -0.009243
v -0.033743 0.011974 -0.007327
v -0.033905 0.010648 -0.009314
v -0.033905 0.012067 -0.007383
v -0.033905 0.013140 -0.005241
v -0.033905 0.013836 -0.002948
v -0.033905 0.014135 -0.000570
v -0.033905 0.014028 0.001824
v -0.033905 0.013519 0.004165
v -0.033905 0.012622 0.006387
v -0.033905 0.011363 0.008426
v -0.033905 0.009778 0.010223
v -0.033905 0.007912 0.011727
v -0.033905 0.005820 0.012894
v -0.033905 0.003560 0.013691
v -0.033905 0.001198 0.014096
v -0.033905 -0.001198 0.014096
v -0.033905 -0.003560 0.013691
v -0.033905 -0.005820 0.012894
v -0.033905 -0.007912 0.011727
v -0.033905 -0.009778 0.010223
v -0.033905 -0.011363 0.008426
v -0.033905 -0.012622 0.006387
v -0.033905 -0.013519 0.004165
v -0.033905 -0.014028 0.001824
v -0.033905 -0.014135 -0.000570
v -0.033905 -0.013836 -0.002948
v -0.033905 -0.013140 -0.005241
v -0.033905 -0.012067 -0.007383
v -0.034013 0.010770 -0.009421
v -0.034013 0.012205 -0.007468
v -0.034013 0.013291 -0.005301
v -0.034013 0.013995 -0.002982
v -0.034013 0.014297 -0.000577
v -0.034013 0.014189 0.001845
v -0.034013 0.013674 0.004213
v -0.034013 0.012767 0.006460
v -0.034013 0.011494 0.008523
v -0.034013 0.009890 0.010340
v -0.034013 0.008003 0.011861
v -0.034013 0.005886 0.013042
v -0.034013 0.003601 0.013848
v -0.034013 0.001212 0.014257
v -0.034013 -0.001212 0.014257
v -0.034013 -0.003601 0.013848
v -0.034013 -0.005886 0.013042
v -0.034013 -0.008003 0.011861
v -0.034013 -0.009890 0.010340
v -0.034013 -0.011494 0.008523
v -0.034013 -0.012767 0.006460
v -0.034013 -0.013674 0.004213
v -0.034013 -0.014189 0.001845
v -0.034013 -0.014297 -0.000577
v -0.034013 -0.013995 -0.002982
v -0.034013 -0.013291 -0.005301
v -0.034013 -0.012205 -0.007468
v -0.033801 -0.015234 -0.015139
v -0.033985 -0.015363 -0.015010
v -0.034013 0.010615 -0.009727
v -0.034013 0.010626 -0.010070
v -0.034013 0.010801 -0.010365
v -0.033905 0.010471 -0.010115
v -0.033905 0.010687 -0.010479
v -0.033743 0.010367 -0.010145
v -0.033743 0.010610 -0.010556
v -0.033905 0.010457 -0.009692
v -0.033743 0.010351 -0.009668
v -0.033985 -0.016448 -0.014984
v -0.033985 -0.016204 -0.015162
v -0.033985 -0.015911 -0.015229
v -0.033985 -0.015615 -0.015175
v -0.033801 -0.016583 -0.015108
v -0.033801 -0.016280 -0.015328
v -0.033801 -0.015915 -0.015412
v -0.033801 -0.015546 -0.015345
v -0.033743 0.015213 -0.015159
v -0.033905 0.015290 -0.015083
v -0.034013 0.015405 -0.014968
v -0.033905 0.016524 -0.015054
v -0.033801 0.016583 -0.015108
v -0.033801 0.017958 -0.013444
v -0.033743 0.016605 -0.015127
v -0.033801 0.019167 -0.011656
v -0.033801 0.020198 -0.009761
v -0.033801 0.021043 -0.007775
v -0.033801 0.021692 -0.005717
v -0.033801 0.022141 -0.003606
v -0.033801 0.022385 -0.001462
v -0.033801 0.022422 0.000696
v -0.033801 0.022252 0.002847
v -0.033801 0.021875 0.004972
v -0.033801 0.021296 0.007051
v -0.033801 0.020520 0.009065
v -0.033801 0.019554 0.010994
v -0.033801 0.018407 0.012822
v -0.033801 0.017090 0.014532
v -0.033801 0.015615 0.016107
v -0.033801 0.013995 0.017532
v -0.033801 0.012245 0.018796
v -0.033801 0.010383 0.019886
v -0.033801 0.008424 0.020791
v -0.033801 0.006387 0.021505
v -0.033801 0.004291 0.022019
v -0.033801 0.002156 0.022329
v -0.033801 0.000000 0.022433
v -0.033801 -0.002156 0.022329
v -0.033801 -0.004291 0.022019
v -0.033801 -0.006387 0.021505
v -0.033801 -0.008424 0.020791
v -0.033801 -0.010383 0.019886
v -0.033801 -0.012245 0.018796
v -0.033801 -0.013995 0.017532
v -0.033801 -0.015615 0.016107
v -0.033801 -0.017090 0.014532
v -0.033801 -0.018407 0.012822
v -0.033801 -0.019554 0.010994
v -0.033801 -0.020520 0.009065
v -0.033801 -0.021296 0.007051
v -0.033801 -0.021875 0.004972
v -0.033801 -0.022252 0.002847
v -0.033801 -0.022422 0.000696
v -0.033801 -0.022385 -0.001462
v -0.033801 -0.022141 -0.003606
v -0.033801 -0.021692 -0.005717
v -0.033801 -0.021043 -0.007775
v -0.033801 -0.020198 -0.009761
v -0.033801 -0.019167 -0.011656
v -0.033801 -0.017958 -0.013444
v -0.033985 0.016448 -0.014984
v -0.033985 0.017812 -0.013335
v -0.033985 0.019010 -0.011561
v -0.033985 0.020033 -0.009681
v -0.033985 0.020871 -0.007711
v -0.033985 0.021515 -0.005670
v -0.033985 0.021961 -0.003577
v -0.033985 0.022203 -0.001450
v -0.033985 0.022239 0.000690
v -0.033985 0.022070 0.002824
v -0.033985 0.021697 0.004931
v -0.033985 0.021122 0.006993
v -0.033985 0.020353 0.008991
v -0.033985 0.019395 0.010905
v -0.033985 0.018257 0.012718
v -0.033985 0.016951 0.014413
v -0.033985 0.015487 0.015975
v -0.033985 0.013881 0.017389
v -0.033985 0.012145 0.018643
v -0.033985 0.010298 0.019723
v -0.033985 0.008355 0.020622
v -0.033985 0.006335 0.021329
v -0.033985 0.004256 0.021839
v -0.033985 0.002138 0.022147
v -0.033985 0.000000 0.022250
v -0.033985 -0.002138 0.022147
v -0.033985 -0.004256 0.021839
v -0.033985 -0.006335 0.021329
v -0.033985 -0.008355 0.020622
v -0.033985 -0.010298 0.019723
v -0.033985 -0.012145 0.018643
v -0.033985 -0.013881 0.017389
v -0.033985 -0.015487 0.015975
v -0.033985 -0.016951 0.014413
v -0.033985 -0.018257 0.012718
v -0.033985 -0.019395 0.010905
v -0.033985 -0.020353 0.008991
v -0.033985 -0.021122 0.006993
v -0.033985 -0.021697 0.004931
v -0.033985 -0.022070 0.002824
v -0.033985 -0.022239 0.000690
v -0.033985 -0.022203 -0.001450
v -0.033985 -0.021961 -0.003577
v -0.033985 -0.021515 -0.005670
v -0.033985 -0.020871 -0.007711
v -0.033985 -0.020033 -0.009681
v -0.033985 -0.019010 -0.011561
v -0.033985 -0.017812 -0.013335
v -0.033905 0.016247 -0.015256
v -0.034013 0.015636 -0.015121
v -0.034013 0.015910 -0.015170
v -0.034013 0.016180 -0.015108
v -0.033905 0.015576 -0.015272
v -0.033905 0.015913 -0.015333
v -0.033743 0.015536 -0.015372
v -0.033743 0.015916 -0.015441
v -0.033743 0.016292 -0.015355
v -0.034195 0.001000 -0.019000
v -0.034195 -0.001000 -0.019000
v -0.034195 -0.001500 -0.019500
v -0.034195 -0.001433 -0.019750
v -0.034195 -0.001000 -0.020000
v -0.034195 -0.001250 -0.019933
v -0.034195 0.001000 -0.020000
v -0.034195 0.001433 -0.019750
v -0.034195 0.001500 -0.019500
v -0.034195 0.001250 -0.019933
v -0.034195 -0.001433 -0.019250
v -0.034195 -0.001250 -0.019067
v -0.034195 0.001250 -0.019067
v -0.034195 0.001433 -0.019250
vn 0.9106 -0.3772 -0.1689
vn 0.8246 -0.3638 -0.4332
vn 0.8191 -0.4456 -0.3611
vn 0.0932 -0.9956 0.0016
vn -0.4446 -0.8957 0.0017
vn -0.3330 -0.6750 -0.6584
vn -0.4438 -0.8961 0.0042
vn 0.0895 -0.9958 0.0213
vn 0.1359 -0.9898 0.0430
vn 0.2043 -0.9788 -0.0136
vn 0.1785 -0.9837 0.0224
vn 0.4682 -0.8831 0.0315
vn 0.4583 -0.8866 0.0629
vn 0.3869 -0.9218 0.0245
vn 0.3735 -0.9266 0.0443
vn 0.2960 -0.9546 0.0323
vn 0.7344 -0.6533 -0.1840
vn 0.7538 -0.5464 -0.3651
vn 0.7279 -0.5762 -0.3718
vn 0.7314 -0.4225 -0.5353
vn 0.6858 -0.4316 -0.5861
vn 0.7406 -0.3566 -0.5696
vn 0.6586 -0.3304 -0.6761
vn 0.7327 -0.5960 -0.3285
vn 0.7207 -0.6238 -0.3023
vn 0.7186 -0.6856 -0.1167
vn 0.7002 -0.7098 -0.0775
vn 0.6840 -0.7267 -0.0632
vn 0.6663 -0.7457 -0.0024
vn 0.6260 -0.7797 0.0146
vn 0.6088 -0.7915 0.0537
vn 0.5520 -0.8330 0.0386
vn 0.5515 -0.8312 0.0701
vn 0.5166 -0.8550 0.0467
vn 0.3818 -0.9240 0.0225
vn 0.2758 -0.6559 -0.7027
vn 0.3100 -0.6602 -0.6841
vn 0.7001 -0.7124 -0.0483
vn 0.5016 -0.4924 -0.7113
vn 0.7543 -0.6418 -0.1383
vn 0.5236 -0.4934 -0.6946
vn 0.4699 -0.8825 0.0181
vn 0.3614 -0.6281 -0.6891
vn 0.5551 -0.8315 0.0209
vn 0.4065 -0.5945 -0.6938
vn 0.6364 -0.7714 -0.0064
vn 0.4446 -0.5674 -0.6931
vn 0.4817 -0.5434 -0.6875
vn 0.0406 -0.7175 -0.6953
vn 0.0815 -0.7088 -0.7007
vn 0.1162 -0.7153 -0.6891
vn 0.2869 -0.9579 0.0127
vn 0.6924 -0.4887 -0.5308
vn 0.6407 -0.3738 -0.6707
vn 0.6286 -0.3436 -0.6978
vn 0.7904 -0.5547 -0.2598
vn 0.2150 -0.9763 0.0232
vn 0.5261 -0.4367 -0.7297
vn 0.5481 -0.4190 -0.7239
vn 0.5612 -0.3583 -0.7461
vn 0.5706 -0.2963 -0.7659
vn 0.6736 -0.3216 -0.6654
vn 0.6510 -0.2604 -0.7130
vn 0.2505 -0.6763 -0.6927
vn 0.2585 -0.6652 -0.7005
vn 0.2649 -0.6594 -0.7035
vn 0.1653 -0.7215 -0.6724
vn 0.2149 -0.6825 -0.6986
vn 0.2358 -0.7126 -0.6607
vn 0.6211 0.3883 -0.6808
vn 0.6209 0.3283 -0.7118
vn 0.6635 0.3180 -0.6772
vn 0.0889 0.9959 0.0147
vn 0.0909 0.9959 0.0042
vn -0.4433 0.8964 0.0036
vn -0.4469 0.8946 0.0013
vn 0.7032 0.4775 -0.5268
vn 0.7339 0.6518 -0.1912
vn 0.7244 0.6764 -0.1336
vn 0.7263 0.5811 -0.3670
vn 0.7186 0.6269 -0.3010
vn 0.7244 0.5781 -0.3756
vn 0.7585 0.6370 -0.1378
vn 0.6917 0.7200 -0.0557
vn 0.7036 0.7086 -0.0528
vn 0.6269 0.7790 0.0127
vn 0.1371 0.9905 0.0120
vn 0.1786 0.9837 0.0223
vn 0.1789 0.9834 -0.0296
vn 0.2140 0.9765 0.0239
vn 0.2735 0.9618 -0.0078
vn 0.2959 0.9547 0.0326
vn 0.3837 0.9233 0.0175
vn 0.3752 0.9259 0.0430
vn 0.4718 0.8816 0.0173
vn 0.1475 0.7020 -0.6967
vn 0.1264 0.7440 -0.6562
vn 0.0599 0.7120 -0.6997
vn 0.0498 0.7336 -0.6778
vn -0.3410 0.6724 -0.6570
vn 0.2549 0.6682 -0.6990
vn 0.2291 0.6896 -0.6870
vn 0.1911 0.7199 -0.6673
vn 0.6521 0.2677 -0.7093
vn 0.7694 0.3971 -0.5003
vn 0.9117 0.3708 -0.1769
vn 0.5642 0.2987 -0.7697
vn 0.8373 0.3463 -0.4231
vn 0.7961 0.5544 -0.2425
vn 0.5483 0.3668 -0.7516
vn 0.5438 0.4112 -0.7316
vn 0.7466 0.5475 -0.3780
vn 0.7016 0.4326 -0.5662
vn 0.7458 0.3261 -0.5810
vn 0.7233 0.4241 -0.5449
vn 0.8185 0.4539 -0.3522
vn 0.5654 0.3497 -0.7470
vn 0.4444 0.5589 -0.7001
vn 0.5601 0.8279 0.0313
vn 0.4584 0.5943 -0.6608
vn 0.5245 0.4407 -0.7285
vn 0.5185 0.4782 -0.7088
vn 0.4869 0.5218 -0.7005
vn 0.4880 0.5404 -0.6854
vn 0.4593 0.8863 0.0591
vn 0.5145 0.8536 0.0824
vn 0.5552 0.8287 0.0704
vn 0.6101 0.7909 0.0474
vn 0.6727 0.7394 -0.0282
vn 0.6840 0.7190 -0.1232
vn 0.3999 0.5927 -0.6991
vn 0.3776 0.6255 -0.6828
vn 0.3216 0.6499 -0.6887
vn 0.2850 0.6543 -0.7005
vn -0.3231 -0.6414 0.6958
vn -0.2324 -0.6592 -0.7151
vn -0.1426 -0.6710 0.7276
vn -0.1589 -0.6619 -0.7325
vn -0.2427 -0.6476 0.7223
vn -0.3199 -0.6008 -0.7326
vn -0.3353 -0.5973 0.7285
vn -0.4484 -0.5114 0.7331
vn -0.4428 -0.5197 -0.7306
vn -0.5276 -0.4475 -0.7221
vn -0.5591 -0.3954 0.7287
vn -0.5811 -0.3738 -0.7229
vn -0.6215 -0.3056 0.7214
vn -0.6315 -0.2896 -0.7192
vn -0.6545 -0.2157 0.7246
vn -0.6593 -0.2093 -0.7222
vn -0.6728 -0.0817 0.7353
vn -0.6728 -0.0817 -0.7353
vn -0.6728 0.0817 0.7353
vn -0.6728 0.0817 -0.7353
vn -0.6550 0.2149 0.7244
vn -0.6371 0.2383 -0.7330
vn -0.6222 0.3029 0.7219
vn -0.5820 0.3709 -0.7237
vn -0.5595 0.3942 0.7291
vn -0.5276 0.4475 -0.7221
vn -0.4484 0.5114 0.7331
vn -0.4428 0.5197 -0.7306
vn -0.3361 0.5972 0.7283
vn -0.3199 0.6008 -0.7326
vn -0.2441 0.6471 0.7223
vn -0.1589 0.6619 -0.7326
vn -0.2833 0.6500 -0.7051
vn -0.3231 0.6414 0.6958
vn -0.1433 0.6706 0.7278
vn -0.0086 0.0965 0.9953
vn -0.0060 0.1229 0.9924
vn 0.0637 0.1694 0.9835
vn -0.6894 0.1803 0.7016
vn -0.3704 0.1541 0.9160
vn 0.0237 0.1834 0.9827
vn -0.1004 0.0151 0.9948
vn -0.4478 0.0051 0.8941
vn 0.0025 0.0074 1.0000
vn -0.3982 -0.5446 0.7381
vn -0.5001 -0.4411 0.7452
vn 0.0268 0.0625 0.9977
vn 0.0322 0.0569 0.9979
vn -0.5901 -0.3345 0.7348
vn -0.6354 -0.1986 0.7462
vn -0.6569 0.0009 0.7539
vn -0.6452 0.1964 0.7384
vn 0.0056 0.0055 1.0000
vn -0.5991 0.3364 0.7266
vn -0.5045 0.4485 0.7378
vn 0.4635 -0.4616 0.7564
vn 0.0184 0.0635 0.9978
vn 0.5462 -0.3512 0.7605
vn 0.6336 -0.2383 0.7360
vn 0.3677 -0.5651 0.7386
vn 0.2556 -0.6202 0.7416
vn 0.1199 -0.6568 0.7445
vn -0.0144 -0.6772 0.7357
vn -0.1581 -0.6428 0.7496
vn -0.2934 -0.6071 0.7385
vn 0.0120 0.0627 0.9980
vn 0.0007 0.0088 1.0000
vn 0.6726 -0.1156 0.7309
vn -0.0004 -0.0000 1.0000
vn 0.7003 -0.0322 0.7131
vn -0.0852 0.1095 0.9903
vn 0.0003 0.0652 0.9979
vn 0.0109 0.0633 0.9979
vn -0.7020 0.0238 0.7118
vn 0.0343 0.0528 0.9980
vn 0.0051 0.0081 1.0000
vn 0.0350 0.0479 0.9982
vn 0.0055 0.0074 1.0000
vn 0.0055 0.0069 1.0000
vn 0.0317 0.0412 0.9986
vn 0.0049 0.0055 1.0000
vn 0.0239 0.0333 0.9992
vn 0.0038 0.0040 1.0000
vn 0.0125 0.0238 0.9996
vn 0.0018 0.0023 1.0000
vn 0.0025 0.0120 0.9999
vn 0.0005 0.0007 1.0000
vn -0.0055 0.0035 1.0000
vn -0.0003 -0.0001 1.0000
vn 0.0013 0.0094 1.0000
vn 0.0082 0.3801 0.9249
vn 0.0368 0.3749 0.9263
vn 0.0604 0.3676 0.9280
vn 0.0354 0.1813 0.9828
vn 0.0740 0.3643 0.9284
vn -0.0802 0.1253 0.9889
vn -0.0700 0.0782 0.9945
vn -0.0488 0.0582 0.9971
vn 0.0373 0.1215 0.9919
vn -0.0031 0.0737 0.9973
vn -0.0254 0.0347 0.9991
vn -0.0448 0.0278 0.9986
vn 0.0309 0.0918 0.9953
vn 0.1107 0.1820 0.9770
vn 0.0864 0.1264 0.9882
vn 0.1598 0.2062 0.9654
vn 0.1244 0.1593 0.9794
vn 0.1961 0.2427 0.9501
vn 0.2127 0.2552 0.9432
vn 0.1439 0.1836 0.9724
vn 0.2236 0.2734 0.9356
vn 0.2123 0.2806 0.9361
vn 0.1937 0.3204 0.9273
vn 0.0890 0.1630 0.9826
vn 0.1008 0.1531 0.9830
vn 0.1014 0.1412 0.9848
vn 0.2095 0.2868 0.9348
vn 0.2028 0.3039 0.9309
vn 0.0052 0.0418 0.9991
vn 0.0415 0.0700 0.9967
vn 0.0684 0.0909 0.9935
vn 0.0838 0.1076 0.9906
vn -0.0136 0.0104 0.9999
vn -0.0349 0.0221 0.9991
vn 0.1817 0.3219 0.9292
vn 0.1712 0.3291 0.9286
vn 0.0736 0.1710 0.9825
vn 0.1420 0.3472 0.9270
vn 0.0542 0.1774 0.9826
vn 0.1118 0.3552 0.9281
vn 0.0918 0.3671 0.9256
vn -0.4432 -0.0229 0.8961
vn -0.4427 -0.0576 0.8948
vn 0.0106 -0.0629 0.9980
vn -0.6875 -0.2185 0.6925
vn 0.0089 -0.4250 0.9052
vn 0.0344 -0.3764 0.9258
vn 0.4998 0.4202 0.7574
vn 0.6041 0.3174 0.7310
vn 0.0185 -0.0636 0.9978
vn 0.0119 -0.0627 0.9980
vn 0.6678 -0.1010 0.7375
vn 0.0001 -0.0000 1.0000
vn 0.6856 0.0447 0.7266
vn 0.0003 -0.0086 1.0000
vn 0.6486 0.1865 0.7379
vn -0.4091 0.5322 0.7412
vn -0.2756 0.6057 0.7464
vn 0.0269 -0.0624 0.9977
vn 0.0323 0.6763 0.7359
vn 0.1725 0.6413 0.7476
vn -0.1113 0.6550 0.7474
vn 0.3103 0.5998 0.7376
vn 0.4106 0.5250 0.7455
vn -0.6358 -0.2158 0.7411
vn -0.6507 -0.0140 0.7592
vn 0.0324 -0.0568 0.9979
vn -0.5940 -0.3453 0.7266
vn 0.0055 -0.0063 1.0000
vn -0.5446 -0.4292 0.7206
vn -0.4742 -0.4950 0.7281
vn -0.6377 0.1839 0.7480
vn -0.5952 0.3236 0.7355
vn -0.5072 0.4313 0.7462
vn -0.0841 -0.1130 0.9900
vn -0.6909 -0.1459 0.7081
vn 0.0227 -0.1836 0.9827
vn -0.4461 -0.0044 0.8950
vn 0.0020 -0.0078 1.0000
vn 0.0014 -0.0094 1.0000
vn 0.0368 -0.0483 0.9982
vn 0.0055 -0.0076 1.0000
vn 0.0351 -0.0530 0.9980
vn 0.0052 -0.0081 1.0000
vn 0.1712 -0.3282 0.9290
vn 0.0889 -0.1625 0.9827
vn 0.0734 -0.1709 0.9825
vn 0.1815 -0.3214 0.9294
vn 0.1996 -0.3236 0.9249
vn 0.1006 -0.1521 0.9832
vn 0.2023 -0.3056 0.9304
vn 0.2091 -0.2875 0.9347
vn 0.1006 -0.1394 0.9851
vn 0.2142 -0.2800 0.9358
vn 0.1468 -0.1808 0.9725
vn 0.2233 -0.2723 0.9359
vn 0.1268 -0.1551 0.9797
vn -0.0155 -0.0702 0.9974
vn 0.0206 -0.0914 0.9956
vn -0.0119 -0.0991 0.9950
vn 0.0301 -0.1278 0.9913
vn 0.0071 -0.1492 0.9888
vn 0.2208 -0.2602 0.9400
vn 0.2011 -0.2405 0.9496
vn 0.0885 -0.1247 0.9882
vn 0.1550 -0.2044 0.9665
vn 0.1211 -0.1888 0.9745
vn 0.0835 -0.1774 0.9806
vn -0.0212 -0.0403 0.9990
vn 0.0065 -0.0470 0.9989
vn 0.0429 -0.0684 0.9967
vn 0.0694 -0.0889 0.9936
vn 0.0847 -0.1046 0.9909
vn 0.0625 -0.3669 0.9282
vn 0.0349 -0.1809 0.9829
vn 0.0759 -0.3628 0.9288
vn 0.0971 -0.3762 0.9214
vn 0.0549 -0.1764 0.9828
vn 0.1110 -0.3569 0.9275
vn 0.1411 -0.3465 0.9274
vn -0.0175 -0.0110 0.9998
vn -0.0013 -0.0005 1.0000
vn 0.0027 -0.0170 0.9999
vn 0.0014 -0.0017 1.0000
vn 0.0168 -0.0257 0.9995
vn 0.0036 -0.0032 1.0000
vn 0.0277 -0.0345 0.9990
vn 0.0052 -0.0048 1.0000
vn 0.0341 -0.0423 0.9985
vn 0.0060 -0.0061 1.0000
vn 0.0061 -0.0070 1.0000
vn -0.0744 -0.1285 0.9889
vn -0.0687 -0.0782 0.9946
vn -0.0505 -0.0424 0.9978
vn 0.7022 -0.5526 -0.4489
vn 0.6926 -0.6046 -0.3934
vn 0.7169 -0.6643 -0.2116
vn -0.2699 -0.8516 0.4493
vn -0.4315 -0.8477 0.3085
vn 0.0946 -0.9225 0.3743
vn -0.4342 -0.8799 0.1931
vn -0.4372 -0.8938 0.0996
vn 0.0970 -0.9874 0.1251
vn -0.4397 -0.8975 0.0353
vn -0.6789 -0.4150 0.6056
vn 0.1927 -0.9719 0.1350
vn 0.2828 -0.9490 0.1391
vn 0.3856 -0.9098 0.1538
vn 0.4617 -0.8693 0.1767
vn 0.2220 -0.5150 0.8279
vn 0.1652 -0.5393 0.8257
vn 0.1073 -0.5567 0.8237
vn 0.0571 -0.5614 0.8256
vn 0.0007 -0.6972 0.7169
vn 0.2059 -0.4770 0.8544
vn 0.2501 -0.4067 0.8787
vn 0.3030 -0.5753 0.7598
vn 0.4004 -0.5649 0.7215
vn 0.4136 -0.6695 0.6170
vn 0.5642 -0.6961 0.4440
vn 0.5067 -0.7328 0.4542
vn 0.0054 -0.2441 0.9697
vn 0.1072 -0.3733 0.9215
vn 0.1480 -0.2726 0.9507
vn 0.2394 -0.3083 0.9207
vn 0.4640 -0.5585 0.6875
vn 0.3415 -0.4256 0.8380
vn 0.3863 -0.4624 0.7981
vn 0.2924 -0.3464 0.8914
vn 0.3168 -0.3843 0.8672
vn 0.3214 -0.4213 0.8481
vn 0.4224 -0.5689 0.7057
vn 0.3028 -0.4571 0.8363
vn 0.2681 -0.4909 0.8290
vn 0.4023 -0.6100 0.6827
vn 0.3565 -0.6521 0.6691
vn 0.2933 -0.6906 0.6611
vn -0.6707 -0.6088 0.4237
vn 0.0774 -0.7540 0.6522
vn 0.1460 -0.7435 0.6526
vn 0.1777 -0.9082 0.3789
vn 0.2205 -0.7219 0.6559
vn 0.2682 -0.8827 0.3860
vn 0.3565 -0.8457 0.3971
vn 0.4337 -0.8009 0.4128
vn 0.4934 -0.7552 0.4314
vn 0.5311 -0.7201 0.4466
vn 0.6544 -0.5371 -0.5322
vn 0.6480 -0.4752 -0.5952
vn 0.6351 -0.3996 -0.6610
vn 0.6907 -0.7214 0.0492
vn 0.6747 -0.6399 -0.3678
vn 0.7033 -0.6758 -0.2206
vn 0.6998 -0.7113 -0.0663
vn 0.5884 -0.7654 0.2607
vn 0.6736 -0.7338 0.0879
vn 0.6627 -0.7466 -0.0593
vn 0.5818 -0.6701 0.4609
vn 0.6684 -0.7203 0.1856
vn 0.5395 -0.8199 0.1918
vn 0.5940 -0.7827 0.1859
vn 0.6475 -0.7528 0.1180
vn 0.4111 -0.4970 0.7642
vn 0.4983 -0.6045 0.6215
vn 0.5690 -0.6866 0.4525
vn 0.6432 -0.7187 0.2642
vn 0.6167 -0.7360 0.2791
vn 0.6614 0.7490 0.0401
vn 0.1070 0.5576 0.8232
vn 0.2204 0.7222 0.6556
vn 0.2929 0.6909 0.6609
vn 0.3561 0.8461 0.3967
vn 0.2367 0.3059 0.9222
vn 0.0107 0.2385 0.9711
vn 0.4615 0.5631 0.6856
vn 0.5827 0.6707 0.4589
vn 0.5667 0.6914 0.4481
vn -0.2371 0.9711 0.0285
vn -0.0595 0.9940 0.0919
vn 0.0929 0.9874 0.1278
vn -0.3918 0.8992 0.1949
vn 0.0012 0.9214 0.3886
vn 0.0934 0.9226 0.3742
vn -0.6723 0.6124 0.4159
vn 0.0002 0.7196 0.6944
vn 0.0752 0.7543 0.6522
vn -0.6809 0.4363 0.5882
vn 0.5691 0.6933 0.4421
vn 0.4028 0.6734 0.6199
vn 0.5039 0.7348 0.4540
vn 0.3007 0.5824 0.7552
vn 0.4102 0.5612 0.7189
vn 0.2063 0.4773 0.8542
vn 0.2581 0.4080 0.8757
vn 0.1185 0.3740 0.9198
vn 0.1426 0.2777 0.9500
vn 0.3886 0.4663 0.7947
vn 0.4868 0.6089 0.6263
vn 0.4090 0.5109 0.7562
vn 0.5374 0.7146 0.4479
vn 0.3160 0.3833 0.8679
vn 0.3198 0.4224 0.8481
vn 0.2670 0.4915 0.8289
vn 0.3038 0.4576 0.8357
vn 0.4337 0.8014 0.4120
vn 0.3558 0.6525 0.6691
vn 0.4940 0.7561 0.4293
vn 0.4013 0.6105 0.6829
vn 0.4301 0.5673 0.7023
vn 0.2902 0.3489 0.8911
vn 0.1775 0.9085 0.3784
vn 0.2223 0.5150 0.8279
vn 0.1675 0.5406 0.8244
vn 0.2679 0.8830 0.3855
vn 0.1460 0.7439 0.6522
vn 0.0570 0.5638 0.8239
vn -0.1474 0.5061 0.8498
vn 0.1936 0.9718 0.1347
vn 0.2823 0.9493 0.1384
vn 0.6320 0.4031 -0.6619
vn 0.7017 0.5452 -0.4587
vn 0.7101 0.7026 -0.0465
vn 0.6443 0.7193 0.2597
vn 0.6701 0.7201 0.1799
vn 0.7077 0.7042 -0.0578
vn 0.7003 0.6771 -0.2258
vn 0.7075 0.6055 -0.3644
vn 0.6599 0.5420 -0.5204
vn 0.6470 0.4722 -0.5987
vn 0.4639 0.8681 0.1764
vn 0.5381 0.8217 0.1876
vn 0.5954 0.7814 0.1868
vn 0.7206 0.6626 -0.2042
vn 0.6849 0.7256 0.0659
vn 0.6474 0.7502 0.1341
vn 0.6146 0.7374 0.2800
vn 0.6606 0.6439 -0.3860
vn 0.6744 0.7337 0.0824
vn 0.6500 0.7558 -0.0791
vn 0.5809 0.7751 0.2486
vn 0.3402 0.4313 0.8356
vn 0.3842 0.9103 0.1542
vn -0.0000 -0.0000 1.0000
vn 0.5517 -0.3256 0.7678
vn -0.1650 -0.6519 0.7401
vn 0.0491 -0.6579 0.7515
vn 0.3188 -0.5523 0.7703
vn 0.3189 0.5523 0.7703
vn 0.0556 0.6600 0.7492
vn -0.1504 0.6581 0.7378
vn 0.5523 0.3189 0.7703
vn 0.6675 0.0808 0.7402
vn 0.1629 0.2821 -0.9455
vn -0.0000 0.3258 -0.9454
vn -0.2821 0.1629 -0.9455
vn -0.3258 -0.0000 -0.9454
vn 0.0008 0.6401 -0.7683
vn -0.6405 -0.0001 -0.7679
vn 0.7190 -0.0354 -0.6941
vn -0.5545 0.3204 -0.7680
vn 0.6777 -0.0657 -0.7324
vn 0.7139 -0.1029 -0.6926
vn -0.5546 -0.3203 -0.7680
vn 0.6980 0.1060 -0.7082
vn 0.7088 0.1004 -0.6982
vn 0.6715 0.1222 -0.7308
vn -0.3178 -0.5540 -0.7695
vn -0.0015 -0.6387 -0.7695
vn 0.3205 -0.5527 -0.7693
vn 0.5523 -0.3189 -0.7703
vn 0.6377 -0.0000 -0.7703
vn -0.0000 -0.3258 -0.9455
vn 0.6710 -0.1410 -0.7279
vn 0.7018 -0.1734 -0.6909
vn -0.3205 0.5545 -0.7680
vn 0.6534 -0.1941 -0.7317
vn 0.6894 -0.2496 -0.6800
vn 0.1629 -0.2821 -0.9455
vn 0.2821 -0.1629 -0.9454
vn 0.3258 -0.0000 -0.9454
vn 0.2821 0.1629 -0.9455
vn 0.6781 0.0617 -0.7324
vn 0.7210 0.0339 -0.6921
vn 0.6941 -0.0189 -0.7196
vn 0.5523 0.3189 -0.7703
vn 0.3200 0.5526 -0.7696
vn -0.1629 -0.2821 -0.9455
vn -0.2821 -0.1629 -0.9455
vn -0.1629 0.2821 -0.9455
vn -0.0000 0.3257 -0.9455
vn 0.1629 -0.2821 -0.9454
vn 0.2821 -0.1629 -0.9455
vn -0.2821 0.1629 -0.9454
vn 0.2822 0.1629 -0.9454
vn 0.6734 0.2364 -0.7004
vn 0.7008 0.1718 -0.6924
vn -0.2821 -0.1629 -0.9454
vn -0.1629 -0.2821 -0.9454
vn -0.0000 -0.3258 -0.9454
vn 0.6386 0.0009 -0.7695
vn 0.3189 0.5523 -0.7703
vn 0.0015 0.6391 -0.7691
vn -0.3204 0.5544 -0.7681
vn -0.6405 -0.0000 -0.7680
vn -0.3183 -0.5541 -0.7692
vn 0.5547 -0.3194 -0.7683
vn 0.3191 -0.5547 -0.7684
vn -0.0007 -0.6385 -0.7696
vn 0.5524 -0.3195 -0.7699
vn 0.6396 -0.0012 -0.7687
vn -0.3197 0.5534 -0.7691
vn -0.5537 0.3208 -0.7685
vn -0.6405 -0.0002 -0.7680
vn -0.5549 -0.3201 -0.7679
vn -0.3182 -0.5544 -0.7690
vn 0.3206 0.5543 -0.7681
vn -0.0008 0.6401 -0.7683
vn 0.5543 0.3206 -0.7681
vn 0.3188 -0.5523 -0.7703
vn -0.0000 -0.6378 -0.7702
vn 0.6197 -0.3121 -0.7201
vn 0.6310 0.1254 -0.7656
vn 0.7033 0.1395 -0.6971
vn 0.6899 0.2057 -0.6941
vn 0.6233 0.2571 -0.7385
vn 0.5974 0.2599 -0.7586
vn 0.6031 0.1904 -0.7746
vn 0.7011 0.0651 -0.7101
vn 0.6822 0.2570 -0.6845
vn 0.9647 0.0910 -0.2471
vn 0.9661 0.0039 -0.2583
vn 0.9248 0.2737 -0.2644
vn 0.9481 0.1887 -0.2560
vn 0.9646 -0.0929 -0.2469
vn 0.9500 -0.1811 -0.2543
vn 0.9299 -0.2766 -0.2425
vn 0.8116 0.2440 -0.5308
vn 0.8260 0.1626 -0.5397
vn 0.8376 0.0803 -0.5404
vn 0.8426 -0.0003 -0.5386
vn 0.8376 -0.0803 -0.5403
vn 0.8261 -0.1617 -0.5398
vn 0.8134 -0.2416 -0.5292
vn 0.6817 -0.2334 -0.6934
vn 0.6267 -0.2435 -0.7403
vn 0.6155 -0.2675 -0.7414
vn 0.6886 -0.2037 -0.6960
vn 0.6986 -0.1418 -0.7013
vn 0.5998 -0.1871 -0.7780
vn 0.6330 -0.1496 -0.7596
vn 0.5950 -0.1745 -0.7846
vn 0.5845 0.1587 -0.7957
vn 0.6019 0.1122 -0.7907
vn 0.6114 0.0838 -0.7869
vn 0.6241 0.0496 -0.7798
vn 0.7065 0.0014 -0.7077
vn 0.6258 -0.0070 -0.7800
vn 0.7028 -0.0681 -0.7082
vn 0.6224 -0.0552 -0.7807
vn 0.6103 -0.0851 -0.7876
vn 0.6054 -0.1055 -0.7889
vn -0.7406 -0.0000 0.6720
vn 0.7406 -0.0000 0.6720
vn -0.7406 -0.1893 0.6447
vn 0.7406 -0.1893 0.6447
vn -0.7406 -0.3633 0.5653
vn 0.7406 -0.3633 0.5653
vn -0.7406 -0.5078 0.4400
vn 0.7406 -0.5078 0.4400
vn -0.7406 -0.6112 0.2791
vn 0.7406 -0.6112 0.2792
vn -0.7406 -0.6651 0.0956
vn 0.7406 -0.6651 0.0956
vn -0.7406 -0.6651 -0.0956
vn 0.7406 -0.6651 -0.0956
vn -0.7406 -0.6112 -0.2792
vn 0.7406 -0.6112 -0.2791
vn -0.7406 -0.5078 -0.4400
vn 0.7406 -0.5079 -0.4401
vn -0.7406 -0.3633 -0.5653
vn 0.7406 -0.3633 -0.5653
vn -0.7406 -0.1893 -0.6447
vn 0.7406 -0.1893 -0.6447
vn -0.7406 -0.0000 -0.6720
vn 0.7406 -0.0000 -0.6720
vn -0.7406 0.1893 -0.6447
vn 0.7406 0.1893 -0.6447
vn -0.7406 0.3633 -0.5653
vn 0.7406 0.3633 -0.5653
vn -0.7406 0.5078 -0.4400
vn 0.7406 0.5078 -0.4400
vn -0.7406 0.6112 -0.2791
vn 0.7406 0.6112 -0.2791
vn -0.7406 0.6651 -0.0956
vn 0.7406 0.6651 -0.0956
vn -0.7406 0.6651 0.0956
vn 0.7406 0.6651 0.0956
vn -0.7406 0.6112 0.2791
vn 0.7406 0.6112 0.2791
vn -0.7406 0.5078 0.4400
vn 0.7406 0.5078 0.4401
vn -0.7406 0.3633 0.5653
vn 0.7406 0.3633 0.5653
vn -0.7406 0.1893 0.6447
vn 0.7406 0.1893 0.6447
vn 0.6532 -0.0000 0.7572
vn 0.7703 -0.0000 0.6377
vn 0.6532 -0.3786 0.6557
vn 0.7703 -0.3189 0.5523
vn 0.6532 -0.6557 0.3786
vn 0.7703 -0.5523 0.3189
vn 0.6532 -0.7572 -0.0000
vn 0.7703 -0.6377 -0.0000
vn 0.6532 -0.6557 -0.3786
vn 0.7703 -0.5523 -0.3189
vn 0.6532 -0.3786 -0.6557
vn 0.7703 -0.3189 -0.5523
vn 0.6532 -0.0000 -0.7572
vn 0.7703 -0.0000 -0.6377
vn 0.6532 0.3786 -0.6557
vn 0.7703 0.3188 -0.5523
vn 0.6532 0.6557 -0.3786
vn 0.7703 0.5523 -0.3188
vn 0.6532 0.7571 -0.0000
vn 0.7703 0.6377 -0.0000
vn 0.6532 0.6557 0.3786
vn 0.7703 0.5523 0.3188
vn 0.6532 0.3786 0.6557
vn 0.7703 0.3189 0.5523
vn 0.7703 0.3189 -0.5523
vn 0.7703 0.5523 -0.3189
vn 0.6532 0.7572 -0.0000
vn 0.7703 0.5523 0.3189
vn 0.7703 -0.3188 0.5523
vn -0.7703 -0.0000 0.6377
vn 0.7705 -0.0000 0.6375
vn -0.7703 -0.3189 0.5523
vn 0.4070 -0.4567 0.7911
vn -0.7703 -0.5523 0.3189
vn 0.4155 -0.7914 0.4484
vn -0.7703 -0.6377 -0.0000
vn 0.4070 -0.9134 -0.0000
vn -0.7703 -0.5523 -0.3189
vn 0.4070 -0.7911 -0.4567
vn -0.7703 -0.3190 -0.5521
vn 0.4070 -0.4567 -0.7911
vn -0.7706 0.0001 -0.6373
vn 0.4070 -0.0000 -0.9134
vn -0.7704 0.3190 -0.5521
vn 0.4070 0.4567 -0.7911
vn -0.7703 0.5523 -0.3188
vn 0.4069 0.7911 -0.4567
vn -0.7702 0.6377 -0.0000
vn 0.4070 0.9135 -0.0000
vn -0.7703 0.5523 0.3188
vn 0.4174 0.7926 0.4444
vn -0.7703 0.3189 0.5523
vn 0.4168 0.4448 0.7927
vn 0.7377 -0.0881 0.6694
vn 0.7377 0.0881 0.6693
vn 0.9866 -0.0181 -0.1620
vn 0.7316 0.6257 -0.2706
vn 0.7316 0.5550 -0.3959
vn 0.9663 -0.2135 0.1438
vn 0.7317 0.6175 0.2887
vn 0.7316 0.6644 0.1527
vn 0.9676 -0.2441 -0.0651
vn 0.7316 0.1936 0.6536
vn 0.9858 -0.0490 -0.1608
vn 0.9863 -0.0334 -0.1615
vn 0.7316 -0.6644 0.1527
vn 0.7316 -0.6175 0.2887
vn 0.9689 0.2298 -0.0915
vn 0.9705 0.2140 -0.1113
vn 0.7316 -0.4447 0.5167
vn 0.7316 -0.3264 0.5985
vn 0.9823 0.1060 -0.1546
vn 0.9869 -0.0025 -0.1615
vn 0.9871 0.0081 -0.1601
vn 0.7702 -0.3189 0.5523
vn 0.9867 0.0189 -0.1612
vn 0.7649 -0.5509 0.3339
vn 0.9863 0.0348 -0.1614
vn 0.6073 -0.5264 0.5950
vn 0.7316 -0.1936 0.6536
vn 0.7317 0.6685 -0.1333
vn 0.9663 -0.2563 0.0247
vn 0.7316 0.6816 0.0099
vn 0.9664 -0.2571 -0.0059
vn 0.9667 -0.2533 -0.0359
vn 0.9674 0.2445 -0.0657
vn 0.9667 0.2532 -0.0362
vn 0.7316 -0.6816 0.0099
vn 0.9665 0.2567 -0.0060
vn 0.7316 -0.6685 -0.1333
vn 0.9861 0.0489 -0.1591
vn 0.9858 0.0650 -0.1547
vn 0.9839 0.0877 -0.1554
vn 0.7649 0.5509 0.3339
vn 0.6073 0.5264 0.5950
vn 0.7316 0.3264 0.5985
vn 0.9835 -0.0897 -0.1569
vn 0.9857 -0.0647 -0.1557
vn 0.9663 -0.2298 0.1164
vn 0.9662 -0.2427 0.0864
vn 0.9663 -0.2515 0.0554
vn 0.7316 -0.5550 -0.3958
vn 0.7316 -0.6257 -0.2706
vn 0.9664 0.2295 0.1162
vn 0.7316 0.5432 0.4119
vn 0.9740 -0.1789 -0.1391
vn 0.7316 0.4447 0.5167
vn 0.9768 -0.1561 -0.1467
vn 0.9691 -0.2290 -0.0920
vn 0.9700 -0.2145 -0.1142
vn 0.9719 -0.1976 -0.1280
vn 0.9664 0.2559 0.0246
vn 0.9664 0.2510 0.0554
vn 0.9663 0.2423 0.0863
vn 0.9722 0.1978 -0.1250
vn 0.7316 -0.5432 0.4119
vn 0.9748 0.1755 -0.1375
vn 0.9804 0.1260 -0.1517
vn 0.9781 0.1472 -0.1471
vn 0.9765 0.1617 -0.1424
vn 0.9780 -0.1394 -0.1549
vn 0.9791 -0.1299 -0.1565
vn 0.9814 -0.1075 -0.1590
vn 0.9663 -0.0616 0.2498
vn 0.7316 0.2125 -0.6477
vn 0.9664 -0.0307 0.2553
vn 0.7316 0.0719 -0.6779
vn 0.9664 -0.0000 0.2571
vn 0.7316 -0.0719 -0.6779
vn 0.9664 0.0307 0.2553
vn 0.7316 0.3437 -0.5887
vn 0.9663 -0.1489 0.2098
vn 0.7316 0.4596 -0.5035
vn 0.9663 -0.1730 0.1904
vn 0.9663 -0.1945 0.1684
vn 0.9672 -0.0849 0.2392
vn 0.9668 -0.1036 0.2334
vn 0.9663 -0.1226 0.2263
vn 0.9664 0.0616 0.2497
vn 0.7316 -0.2125 -0.6477
vn 0.9673 0.0849 0.2391
vn 0.7316 -0.3437 -0.5887
vn 0.9666 0.1230 0.2249
vn 0.9672 0.1019 0.2325
vn 0.9664 0.2132 0.1436
vn 0.9664 0.1943 0.1682
vn 0.7316 -0.4596 -0.5035
vn 0.9664 0.1728 0.1902
vn 0.9664 0.1488 0.2096
vn 0.6377 -0.0000 0.7702
vn 0.3971 0.5394 0.7425
vn -0.0042 0.0003 1.0000
vn 0.5523 -0.3189 0.7703
vn 0.3961 -0.5397 0.7429
vn 0.2533 -0.6338 0.7309
vn -0.0076 -0.0032 1.0000
vn 0.2510 0.6331 0.7323
vn -0.0063 0.0029 1.0000
vn -0.0069 0.0006 1.0000
vn -0.0085 -0.0012 1.0000
vn -0.0056 0.0004 1.0000
vn -1.0000 0.0008 -0.0000
vn -1.0000 0.0001 -0.0000
vn -1.0000 -0.0014 -0.0014
vn -1.0000 -0.0024 -0.0016
vn -0.7314 0.2614 0.6299
vn -1.0000 -0.0021 -0.0016
vn -1.0000 0.0001 0.0001
vn -1.0000 -0.0022 -0.0038
vn -0.7305 0.1278 0.6708
vn -0.7365 -0.0260 0.6759
vn -0.7559 -0.2329 0.6119
vn -0.7402 -0.4331 0.5143
vn -1.0000 -0.0027 -0.0015
vn -1.0000 -0.0075 -0.0004
vn -0.7184 0.3619 0.5940
vn -1.0000 -0.0037 -0.0024
vn -1.0000 -0.0000 0.0002
vn -1.0000 -0.0003 0.0027
vn -1.0000 -0.0068 -0.0018
vn -1.0000 -0.0074 -0.0020
vn -1.0000 -0.0076 -0.0011
vn -1.0000 -0.0000 -0.0000
vn -1.0000 0.0028 0.0045
vn -1.0000 -0.0001 0.0001
vn -1.0000 0.0022 0.0050
vn -0.9561 -0.0203 0.2924
vn -0.9329 -0.0211 0.3596
vn -0.9625 -0.0303 0.2696
vn -0.9999 -0.0008 0.0107
vn -1.0000 -0.0014 0.0091
vn -0.9981 -0.0086 0.0618
vn -0.9999 -0.0041 0.0135
vn -1.0000 0.0009 0.0005
vn -1.0000 -0.0014 0.0046
vn -1.0000 -0.0001 0.0002
vn -1.0000 -0.0001 0.0004
vn -1.0000 -0.0006 0.0087
vn -1.0000 0.0005 0.0008
vn -0.9999 0.0019 0.0115
vn -1.0000 -0.0000 0.0001
vn -1.0000 -0.0019 0.0028
vn -0.9937 0.0241 0.1096
vn -1.0000 0.0009 0.0049
vn -0.9289 0.0414 0.3680
vn -0.9553 0.0131 0.2952
vn -0.9754 0.0305 0.2184
vn -0.9865 0.0162 0.1631
vn -0.9786 -0.0001 0.2060
vn -0.9718 -0.0196 0.2350
vn -0.8822 0.0346 0.4696
vn -0.8393 0.0255 0.5431
vn -0.8030 0.0064 0.5960
vn -0.8049 -0.0081 0.5933
vn -0.7920 0.0016 0.6105
vn -0.8962 -0.0000 0.4436
vn -0.9043 0.0160 0.4265
vn -0.9372 0.0311 0.3473
vn -0.9623 0.0408 0.2689
vn -0.9895 -0.0250 0.1423
vn -0.9989 -0.0130 0.0441
vn -1.0000 -0.0046 0.0080
vn -0.9999 -0.0054 0.0104
vn -0.9983 -0.0157 0.0570
vn -0.9941 -0.0255 0.1052
vn -0.9852 -0.0330 0.1684
vn -0.9731 -0.0322 0.2282
vn -0.9786 -0.0186 0.2050
vn -0.9044 0.0027 0.4266
vn -0.9431 0.0047 0.3325
vn -0.9661 0.0621 0.2504
vn -0.9762 0.0052 0.2169
vn -0.9999 -0.0000 0.0113
vn -0.9973 -0.0047 0.0727
vn -0.9817 -0.0222 0.1891
vn -0.9046 -0.0159 0.4259
vn -0.9358 -0.0377 0.3505
vn -0.8871 -0.0293 0.4606
vn -0.9748 -0.0120 0.2228
vn -0.9719 -0.0000 0.2355
vn -0.9970 -0.0000 0.0770
vn -0.9748 0.0120 0.2228
vn -0.9973 0.0047 0.0727
vn -0.9817 0.0222 0.1891
vn -0.9981 0.0086 0.0618
vn -0.9895 0.0263 0.1423
vn -0.9989 0.0130 0.0441
vn -0.8857 -0.0182 0.4639
vn -0.9999 0.0008 0.0107
vn -1.0000 0.0014 0.0091
vn -1.0000 0.0041 0.0081
vn -1.0000 0.0016 0.0007
vn -0.9669 -0.0747 0.2440
vn -0.9517 -0.0184 0.3065
vn -0.9018 0.0178 0.4318
vn -0.8852 -0.0002 0.4653
vn -0.9937 0.0226 0.1099
vn -0.9981 0.0145 0.0603
vn -0.9999 0.0034 0.0124
vn -0.8412 -0.0101 0.5407
vn -0.7327 -0.0344 0.6796
vn -0.7319 -0.1676 0.6605
vn -1.0000 0.0072 -0.0022
vn -0.7365 0.5841 0.3412
vn -0.7558 0.4281 0.4954
vn -1.0000 -0.0009 0.0004
vn -0.7365 0.2556 0.6263
vn -1.0000 0.0003 0.0005
vn -1.0000 0.0021 -0.0016
vn -1.0000 0.0020 -0.0018
vn -1.0000 0.0025 -0.0016
vn -0.7305 0.1093 0.6741
vn -1.0000 0.0071 -0.0029
vn -1.0000 0.0040 -0.0009
vn -1.0000 0.0016 -0.0015
vn -1.0000 0.0027 -0.0043
vn -1.0000 0.0020 -0.0005
vn -1.0000 0.0005 0.0053
vn -0.5480 -0.7785 -0.3060
vn -0.3798 -0.8609 -0.3385
vn -0.3660 -0.8989 -0.2409
vn 0.6412 -0.7156 -0.2771
vn 0.7240 -0.6439 -0.2474
vn 0.6970 -0.6943 -0.1793
vn -0.7201 0.6057 -0.3385
vn -0.7224 0.6212 -0.3038
vn -0.9975 -0.0630 0.0318
vn -0.7561 0.6404 0.1347
vn -0.7561 0.5624 0.3347
vn -0.9976 -0.0687 0.0058
vn -0.7412 0.4423 0.5050
vn -0.9977 -0.0671 -0.0017
vn -0.7193 0.6528 -0.2376
vn -0.7166 0.6609 -0.2229
vn -0.9975 -0.0665 0.0237
vn -0.7207 0.6638 -0.2001
vn -0.9975 -0.0689 0.0151
vn -0.7253 0.6716 -0.1514
vn -0.7407 0.6703 -0.0462
vn -0.7230 0.6409 -0.2577
vn -0.7203 0.5903 -0.3642
vn -0.9975 -0.0586 0.0395
vn -0.7202 0.5759 -0.3868
vn -0.7178 0.5239 -0.4586
vn -0.7180 0.5353 -0.4449
vn -0.9975 -0.0534 0.0463
vn -0.7203 0.5469 -0.4266
vn -0.7203 0.5580 -0.4120
vn -0.9975 -0.0476 0.0522
vn -0.7227 0.4657 -0.5107
vn -0.7222 0.5019 -0.4760
vn -0.7224 0.3688 -0.5850
vn -0.7197 0.3996 -0.5678
vn -0.9975 -0.0408 0.0576
vn -0.7200 0.4158 -0.5556
vn -0.7204 0.4382 -0.5376
vn -0.7251 0.3207 -0.6095
vn -0.9975 -0.0334 0.0620
vn -0.7216 0.2764 -0.6347
vn -0.9975 -0.0254 0.0659
vn -0.7204 0.2435 -0.6494
vn -0.7237 0.2050 -0.6589
vn -0.9975 -0.0169 0.0685
vn -0.7268 0.1581 -0.6684
vn -0.7249 0.1154 -0.6791
vn -0.9975 -0.0085 0.0702
vn -0.7173 0.0877 -0.6912
vn -0.7204 -0.0242 -0.6931
vn -0.7201 0.0034 -0.6939
vn -0.9975 -0.0000 0.0707
vn -0.7238 0.0422 -0.6887
vn -0.7201 0.0667 -0.6906
vn -0.7190 -0.0505 -0.6932
vn -0.9975 0.0085 0.0702
vn -0.7179 -0.0705 -0.6925
vn -0.7168 -0.1833 -0.6728
vn -0.7201 -0.1626 -0.6745
vn -0.9975 0.0170 0.0685
vn -0.7223 -0.1301 -0.6792
vn -0.7206 -0.0914 -0.6873
vn -0.7198 -0.3290 -0.6113
vn -0.7179 -0.3100 -0.6233
vn -0.9975 0.0335 0.0621
vn -0.7206 -0.2859 -0.6317
vn -0.9975 0.0252 0.0658
vn -0.7238 -0.2461 -0.6447
vn -0.7208 -0.2041 -0.6625
vn -0.9975 0.0407 0.0576
vn -0.7243 -0.3885 -0.5696
vn -0.7240 -0.3555 -0.5911
vn -0.7213 -0.4876 -0.4920
vn -0.7188 -0.4677 -0.5144
vn -0.9975 0.0475 0.0523
vn -0.7225 -0.4434 -0.5305
vn -0.7214 -0.4237 -0.5477
vn -0.7202 -0.5116 -0.4686
vn -0.9975 0.0534 0.0462
vn -0.7213 -0.5335 -0.4418
vn -0.7226 -0.5598 -0.4054
vn -0.9975 0.0586 0.0395
vn -0.7213 -0.5764 -0.3840
vn -0.9975 0.0629 0.0318
vn -0.7204 -0.6044 -0.3402
vn -0.7185 -0.5928 -0.3638
vn -0.9975 0.0664 0.0237
vn -0.7213 -0.6421 -0.2597
vn -0.7239 -0.6196 -0.3035
vn -0.7192 -0.6820 -0.1330
vn -0.7207 -0.6758 -0.1549
vn -0.9975 0.0689 0.0152
vn -0.7227 -0.6636 -0.1934
vn -0.7206 -0.6555 -0.2259
vn -0.9975 0.0703 0.0068
vn -0.7205 -0.6906 -0.0626
vn -0.7199 -0.6887 -0.0861
vn -0.7190 -0.6861 -0.1105
vn -0.7221 -0.6915 -0.0227
vn -0.9975 0.0706 -0.0017
vn -0.7200 -0.6938 0.0131
vn -0.9977 0.0651 -0.0187
vn -0.7551 -0.3252 0.5692
vn -0.7538 -0.4938 0.4336
vn -0.7429 -0.6102 0.2751
vn -0.7244 -0.6668 0.1754
vn -0.7189 -0.6815 0.1369
vn -0.9975 0.0697 -0.0100
vn -0.7235 -0.6832 0.0993
vn -0.7218 -0.6903 0.0487
vn 0.8028 -0.5570 -0.2129
vn 0.8678 -0.4628 -0.1807
vn 0.8611 -0.4916 -0.1299
vn 0.4156 -0.8469 -0.3317
vn 0.5429 -0.7825 -0.3047
vn 0.5453 -0.8117 -0.2095
vn 0.3479 -0.9070 -0.2371
vn 0.2956 -0.8885 -0.3511
vn 0.0952 -0.9287 -0.3583
vn -0.1502 -0.9217 -0.3576
vn 0.1261 -0.9590 -0.2538
vn -0.7019 -0.6630 -0.2605
vn -0.8812 -0.4390 -0.1753
vn -0.6437 -0.7390 -0.1987
vn -0.9765 -0.2001 -0.0798
vn -0.8754 -0.4667 -0.1258
vn -0.9978 -0.0623 -0.0235
vn -0.9759 -0.2104 -0.0571
vn -0.9978 -0.0645 -0.0175
vn -0.9978 -0.0663 -0.0096
vn 0.8569 -0.2983 0.4204
vn 0.8568 -0.3467 0.3816
vn 0.8568 -0.3898 0.3375
vn 0.8569 -0.4276 0.2880
vn 0.8570 -0.4598 0.2328
vn 0.8570 -0.4856 0.1728
vn 0.8568 -0.5036 0.1109
vn 0.8566 -0.5136 0.0492
vn 0.8569 -0.5154 -0.0120
vn 0.8581 -0.5084 -0.0720
vn 0.8567 -0.1850 0.4815
vn 0.8570 -0.2442 0.4537
vn 0.8571 -0.1234 0.5002
vn 0.8570 -0.0616 0.5116
vn 0.8570 -0.0000 0.5154
vn 0.8570 0.0616 0.5116
vn 0.8572 0.1234 0.5001
vn 0.8566 0.1845 0.4818
vn 0.8569 0.2449 0.4536
vn 0.6955 -0.7116 -0.0999
vn 0.5486 -0.8279 -0.1166
vn 0.6951 -0.7188 -0.0167
vn 0.5499 -0.8350 -0.0196
vn 0.6950 -0.7158 0.0683
vn 0.5502 -0.8313 0.0793
vn 0.6952 -0.7021 0.1545
vn 0.5503 -0.8155 0.1794
vn 0.6953 -0.6771 0.2409
vn 0.5503 -0.7866 0.2799
vn 0.6953 -0.6412 0.3246
vn 0.5503 -0.7450 0.3771
vn 0.6952 -0.5962 0.4015
vn 0.5502 -0.6926 0.4664
vn 0.6951 -0.5435 0.4706
vn 0.5501 -0.6314 0.5466
vn 0.6951 -0.4834 0.5321
vn 0.5501 -0.5616 0.6181
vn 0.6953 -0.4159 0.5862
vn 0.5503 -0.4832 0.6810
vn 0.6954 -0.3405 0.6328
vn 0.5504 -0.3956 0.7352
vn 0.6955 -0.2580 0.6706
vn 0.5505 -0.2998 0.7791
vn 0.6955 -0.1721 0.6976
vn 0.5505 -0.2000 0.8105
vn 0.6954 -0.0860 0.7135
vn 0.5504 -0.0999 0.8289
vn 0.6954 -0.0000 0.7187
vn 0.5504 -0.0000 0.8349
vn 0.6954 0.0860 0.7134
vn 0.5505 0.0999 0.8289
vn 0.6956 0.1721 0.6975
vn 0.5506 0.2000 0.8104
vn 0.6958 0.2580 0.6703
vn 0.5508 0.2998 0.7789
vn 0.6958 0.3404 0.6325
vn 0.5508 0.3955 0.7350
vn 0.6957 0.4157 0.5859
vn 0.5507 0.4830 0.6808
vn 0.6956 0.4831 0.5317
vn 0.5506 0.5614 0.6178
vn 0.6956 0.5431 0.4702
vn 0.5507 0.6311 0.5464
vn 0.6958 0.5958 0.4012
vn 0.5508 0.6923 0.4662
vn 0.6959 0.6407 0.3243
vn 0.5510 0.7446 0.3769
vn 0.6960 0.6765 0.2407
vn 0.5510 0.7862 0.2797
vn 0.6958 0.7014 0.1543
vn 0.5510 0.8150 0.1793
vn 0.6957 0.7151 0.0682
vn 0.5509 0.8308 0.0792
vn 0.6958 0.7181 -0.0167
vn 0.5507 0.8345 -0.0195
vn 0.6962 0.7109 -0.0998
vn 0.5494 0.8274 -0.1164
vn 0.6978 0.6935 -0.1792
vn 0.5461 0.8111 -0.2096
vn -0.3473 -0.9283 -0.1329
vn -0.6328 -0.7665 -0.1098
vn -0.3398 -0.9402 -0.0222
vn -0.6284 -0.7777 -0.0182
vn -0.3383 -0.9367 0.0898
vn -0.6275 -0.7751 0.0745
vn -0.3389 -0.9188 0.2026
vn -0.6279 -0.7600 0.1677
vn -0.3393 -0.8862 0.3155
vn -0.6281 -0.7331 0.2610
vn -0.3393 -0.8393 0.4248
vn -0.6281 -0.6942 0.3514
vn -0.3392 -0.7803 0.5254
vn -0.6281 -0.6454 0.4347
vn -0.3392 -0.7112 0.6158
vn -0.6280 -0.5883 0.5094
vn -0.3392 -0.6326 0.6963
vn -0.6280 -0.5233 0.5760
vn -0.3392 -0.5443 0.7672
vn -0.6280 -0.4503 0.6347
vn -0.3393 -0.4458 0.8284
vn -0.6281 -0.3687 0.6852
vn -0.3393 -0.3378 0.8779
vn -0.6281 -0.2795 0.7262
vn -0.3393 -0.2253 0.9133
vn -0.6281 -0.1864 0.7555
vn -0.3392 -0.1125 0.9340
vn -0.6280 -0.0931 0.7726
vn -0.3391 -0.0000 0.9407
vn -0.6280 -0.0000 0.7782
vn -0.3392 0.1125 0.9340
vn -0.6280 0.0931 0.7726
vn -0.3392 0.2254 0.9133
vn -0.6281 0.1864 0.7555
vn -0.3393 0.3378 0.8779
vn -0.6281 0.2795 0.7262
vn -0.3393 0.4458 0.8284
vn -0.6281 0.3687 0.6852
vn -0.3392 0.5443 0.7672
vn -0.6280 0.4503 0.6347
vn -0.3391 0.6326 0.6963
vn -0.6280 0.5233 0.5760
vn -0.3391 0.7112 0.6158
vn -0.6280 0.5884 0.5094
vn -0.3392 0.7803 0.5255
vn -0.6281 0.6454 0.4347
vn -0.3393 0.8393 0.4248
vn -0.6281 0.6943 0.3514
vn -0.3392 0.8862 0.3155
vn -0.6281 0.7330 0.2610
vn -0.3389 0.9188 0.2026
vn -0.6278 0.7601 0.1676
vn -0.3383 0.9367 0.0899
vn -0.6275 0.7751 0.0745
vn -0.3398 0.9402 -0.0220
vn -0.6284 0.7777 -0.0181
vn -0.3472 0.9284 -0.1326
vn -0.6328 0.7665 -0.1096
vn -0.3657 0.8993 -0.2398
vn -0.6441 0.7390 -0.1976
vn -0.8724 -0.4838 -0.0694
vn -0.8712 -0.4908 -0.0115
vn -0.8710 -0.4891 0.0470
vn -0.8711 -0.4796 0.1058
vn -0.8711 -0.4626 0.1647
vn -0.8711 -0.4381 0.2218
vn -0.8711 -0.4073 0.2743
vn -0.8711 -0.3713 0.3215
vn -0.8711 -0.3303 0.3635
vn -0.8711 -0.2841 0.4005
vn -0.8711 -0.2327 0.4324
vn -0.8711 -0.1764 0.4583
vn -0.8711 -0.1176 0.4768
vn -0.8711 -0.0587 0.4876
vn -0.8711 -0.0000 0.4911
vn -0.8711 0.0587 0.4876
vn -0.8711 0.1176 0.4768
vn -0.8711 0.1764 0.4583
vn -0.8711 0.2327 0.4324
vn -0.8711 0.2842 0.4005
vn -0.8711 0.3303 0.3635
vn -0.8711 0.3713 0.3214
vn -0.8711 0.4073 0.2743
vn -0.8711 0.4381 0.2218
vn -0.8711 0.4626 0.1647
vn -0.8711 0.4797 0.1058
vn -0.8709 0.4891 0.0470
vn -0.8712 0.4908 -0.0114
vn -0.8725 0.4838 -0.0693
vn -0.8755 0.4666 -0.1256
vn -0.9756 -0.2171 -0.0313
vn -0.9755 -0.2199 -0.0052
vn -0.9755 -0.2190 0.0211
vn -0.9755 -0.2148 0.0474
vn -0.9755 -0.2072 0.0738
vn -0.9755 -0.1963 0.0994
vn -0.9755 -0.1824 0.1229
vn -0.9755 -0.1663 0.1440
vn -0.9755 -0.1479 0.1628
vn -0.9755 -0.1273 0.1794
vn -0.9755 -0.1042 0.1937
vn -0.9755 -0.0790 0.2053
vn -0.9755 -0.0527 0.2136
vn -0.9755 -0.0263 0.2184
vn -0.9755 -0.0000 0.2200
vn -0.9755 0.0263 0.2184
vn -0.9755 0.0527 0.2136
vn -0.9755 0.0790 0.2053
vn -0.9755 0.1043 0.1937
vn -0.9755 0.1273 0.1794
vn -0.9755 0.1479 0.1628
vn -0.9755 0.1663 0.1440
vn -0.9755 0.1824 0.1229
vn -0.9755 0.1963 0.0994
vn -0.9755 0.2072 0.0738
vn -0.9755 0.2148 0.0474
vn -0.9755 0.2190 0.0211
vn -0.9755 0.2199 -0.0052
vn -0.9756 0.2171 -0.0313
vn -0.9760 0.2104 -0.0570
vn 0.8572 0.2980 0.4200
vn 0.8571 0.3464 0.3812
vn 0.8571 0.3894 0.3371
vn 0.8572 0.4271 0.2876
vn 0.8574 0.4592 0.2324
vn 0.8574 0.4849 0.1726
vn 0.8572 0.5029 0.1108
vn 0.8571 0.5128 0.0490
vn 0.8573 0.5146 -0.0122
vn 0.8586 0.5075 -0.0723
vn 0.8617 0.4905 -0.1303
vn 0.8678 0.4630 -0.1805
vn 0.7998 -0.5809 -0.1513
vn 0.7972 -0.5979 -0.0839
vn 0.7961 -0.6050 -0.0140
vn 0.7959 -0.6027 0.0575
vn 0.7961 -0.5911 0.1301
vn 0.7962 -0.5700 0.2028
vn 0.7962 -0.5398 0.2732
vn 0.7961 -0.5019 0.3380
vn 0.7961 -0.4575 0.3961
vn 0.7961 -0.4070 0.4479
vn 0.7962 -0.3501 0.4935
vn 0.7963 -0.2866 0.5326
vn 0.7964 -0.2172 0.5644
vn 0.7964 -0.1449 0.5872
vn 0.7963 -0.0724 0.6006
vn 0.7963 -0.0000 0.6050
vn 0.7963 0.0724 0.6005
vn 0.7965 0.1448 0.5871
vn 0.7966 0.2171 0.5642
vn 0.7966 0.2865 0.5323
vn 0.7965 0.3499 0.4931
vn 0.7965 0.4066 0.4475
vn 0.7965 0.4571 0.3958
vn 0.7966 0.5014 0.3377
vn 0.7967 0.5392 0.2729
vn 0.7967 0.5693 0.2026
vn 0.7966 0.5904 0.1299
vn 0.7964 0.6020 0.0574
vn 0.7967 0.6042 -0.0141
vn 0.7978 0.5970 -0.0840
vn 0.8006 0.5798 -0.1514
vn 0.8050 0.5545 -0.2108
vn 0.7237 0.6451 -0.2453
vn 0.6448 0.7148 -0.2708
vn 0.5403 0.7863 -0.2997
vn 0.4223 0.8471 -0.3228
vn 0.3586 -0.9243 -0.1307
vn 0.3624 -0.9317 -0.0219
vn 0.3633 -0.9275 0.0885
vn 0.3632 -0.9099 0.2003
vn 0.3631 -0.8778 0.3124
vn 0.3631 -0.8313 0.4208
vn 0.3630 -0.7729 0.5205
vn 0.3629 -0.7045 0.6099
vn 0.3630 -0.6266 0.6896
vn 0.3631 -0.5391 0.7599
vn 0.3632 -0.4415 0.8204
vn 0.3633 -0.3346 0.8695
vn 0.3632 -0.2232 0.9046
vn 0.3632 -0.1115 0.9250
vn 0.3632 -0.0000 0.9317
vn 0.3632 0.1115 0.9250
vn 0.3634 0.2232 0.9045
vn 0.3635 0.3346 0.8694
vn 0.3635 0.4415 0.8203
vn 0.3634 0.5391 0.7598
vn 0.3634 0.6265 0.6895
vn 0.3634 0.7043 0.6098
vn 0.3636 0.7727 0.5204
vn 0.3637 0.8311 0.4207
vn 0.3637 0.8776 0.3123
vn 0.3638 0.9097 0.2002
vn 0.3639 0.9272 0.0885
vn 0.3631 0.9315 -0.0218
vn 0.3593 0.9241 -0.1304
vn 0.3490 0.9067 -0.2368
vn 0.2917 0.8928 -0.3433
vn 0.1428 -0.9799 -0.1393
vn 0.1493 -0.9885 -0.0234
vn 0.1507 -0.9841 0.0940
vn 0.1503 -0.9655 0.2127
vn 0.1500 -0.9314 0.3315
vn 0.1500 -0.8821 0.4465
vn 0.1499 -0.8201 0.5523
vn 0.1499 -0.7475 0.6471
vn 0.1499 -0.6649 0.7318
vn 0.1500 -0.5721 0.8064
vn 0.1501 -0.4685 0.8706
vn 0.1501 -0.3551 0.9227
vn 0.1501 -0.2368 0.9599
vn 0.1501 -0.1183 0.9816
vn 0.1501 -0.0000 0.9887
vn 0.1501 0.1183 0.9816
vn 0.1502 0.2368 0.9599
vn 0.1503 0.3551 0.9227
vn 0.1503 0.4685 0.8706
vn 0.1503 0.5721 0.8063
vn 0.1502 0.6648 0.7317
vn 0.1503 0.7474 0.6471
vn 0.1503 0.8200 0.5522
vn 0.1504 0.8821 0.4465
vn 0.1504 0.9314 0.3315
vn 0.1507 0.9654 0.2126
vn 0.1511 0.9840 0.0941
vn 0.1497 0.9885 -0.0232
vn 0.1433 0.9799 -0.1388
vn 0.1268 0.9591 -0.2530
vn 0.0921 0.9271 -0.3634
vn -0.1124 -0.9601 -0.2559
vn -0.0920 -0.9858 -0.1407
vn -0.0840 -0.9962 -0.0236
vn -0.0824 -0.9921 0.0950
vn -0.0829 -0.9732 0.2145
vn -0.0834 -0.9388 0.3342
vn -0.0833 -0.8891 0.4500
vn -0.0833 -0.8266 0.5566
vn -0.0833 -0.7534 0.6523
vn -0.0833 -0.6701 0.7375
vn -0.0833 -0.5766 0.8128
vn -0.0833 -0.4722 0.8775
vn -0.0833 -0.3579 0.9300
vn -0.0833 -0.2387 0.9675
vn -0.0832 -0.1192 0.9894
vn -0.0832 -0.0000 0.9965
vn -0.0832 0.1192 0.9894
vn -0.0832 0.2387 0.9675
vn -0.0832 0.3579 0.9300
vn -0.0832 0.4722 0.8775
vn -0.0832 0.5766 0.8128
vn -0.0831 0.6701 0.7376
vn -0.0831 0.7534 0.6523
vn -0.0831 0.8266 0.5566
vn -0.0832 0.8891 0.4500
vn -0.0831 0.9388 0.3342
vn -0.0827 0.9732 0.2144
vn -0.0821 0.9921 0.0950
vn -0.0838 0.9962 -0.0234
vn -0.0918 0.9858 -0.1403
vn -0.1122 0.9604 -0.2551
vn -0.1483 0.9202 -0.3623
vn -0.9976 0.0622 -0.0297
vn -0.9768 0.1967 -0.0848
vn -0.8822 0.4363 -0.1771
vn -0.7037 0.6598 -0.2635
vn -0.5465 0.7783 -0.3092
vn -0.3803 0.8604 -0.3392
vn -0.3373 0.5698 0.7494
vn -0.3319 -0.5791 0.7446
vn 0.9418 -0.1355 -0.3075
vn 0.6477 -0.6828 -0.3381
vn 0.8630 -0.2864 -0.4163
vn 0.8677 -0.2494 -0.4301
vn 0.8981 -0.2168 -0.3825
vn 0.7959 -0.3975 -0.4568
vn 0.7905 -0.3659 -0.4911
vn 0.8373 -0.3177 -0.4450
vn 0.7951 -0.3331 -0.5068
vn 0.8426 -0.2747 -0.4631
vn 0.8984 -0.1882 -0.3968
vn 0.7604 -0.4430 -0.4749
vn 0.8030 -0.3961 -0.4453
vn 0.7227 -0.5054 -0.4716
vn 0.7183 -0.5317 -0.4487
vn 0.8078 -0.4227 -0.4109
vn 0.8403 -0.3517 -0.4125
vn 0.6510 -0.6552 -0.3833
vn 0.6585 -0.6336 -0.4061
vn 0.8064 -0.5069 -0.3047
vn 0.8201 -0.4642 -0.3345
vn 0.7968 -0.5418 -0.2677
vn 0.8650 -0.4476 -0.2265
vn 0.8737 -0.4134 -0.2565
vn 0.8837 -0.3738 -0.2816
vn 0.8946 -0.3326 -0.2985
vn 0.8483 -0.4019 -0.3448
vn 0.9060 -0.2877 -0.3105
vn 0.8644 -0.3521 -0.3590
vn 0.9157 -0.2449 -0.3186
vn 0.8798 -0.2990 -0.3695
vn 0.9219 -0.2043 -0.3291
vn 0.8928 -0.2466 -0.3769
vn 0.9249 -0.1605 -0.3446
vn 0.8056 -0.2693 -0.5277
vn 0.8443 -0.2386 -0.4798
vn 0.8703 -0.2161 -0.4426
vn 0.6951 -0.5623 -0.4480
vn 0.7843 -0.4783 -0.3952
vn 0.6938 -0.5870 -0.4171
vn 0.8253 -0.2061 -0.5257
vn 0.8680 0.1834 -0.4615
vn 0.8702 0.2165 -0.4425
vn 0.8973 0.1915 -0.3977
vn 0.9339 0.0735 -0.3500
vn 0.9344 0.0369 -0.3543
vn 0.9014 0.0423 -0.4310
vn 0.9021 0.0869 -0.4226
vn 0.9023 0.1291 -0.4113
vn 0.9322 0.1107 -0.3447
vn 0.8310 0.1551 -0.5342
vn 0.8236 0.2115 -0.5263
vn 0.8684 0.0967 -0.4863
vn 0.8693 0.1472 -0.4719
vn 0.9019 0.1603 -0.4011
vn 0.9258 0.1597 -0.3427
vn 0.8179 -0.0134 -0.5753
vn 0.8172 0.0113 -0.5763
vn 0.8658 0.0002 -0.5003
vn 0.8178 0.0426 -0.5739
vn 0.8672 0.0445 -0.4959
vn 0.8244 0.0684 -0.5619
vn 0.8293 0.1077 -0.5484
vn 0.8695 -0.1826 -0.4590
vn 0.9035 -0.1623 -0.3967
vn 0.8198 -0.0441 -0.5710
vn 0.8667 -0.0451 -0.4967
vn 0.8308 -0.0802 -0.5507
vn 0.8683 -0.0973 -0.4863
vn 0.9024 -0.1288 -0.4112
vn 0.8700 -0.1444 -0.4714
vn 0.9018 -0.0871 -0.4233
vn 0.9011 -0.0422 -0.4315
vn 0.9008 0.0002 -0.4342
vn 0.8318 -0.1590 -0.5319
vn 0.8303 -0.1101 -0.5463
vn 0.9346 -0.0001 -0.3557
vn 0.9347 -0.0360 -0.3537
vn 0.9341 -0.0741 -0.3492
vn 0.9323 -0.1118 -0.3440
vn 0.8104 0.2617 -0.5241
vn 0.8426 0.2334 -0.4854
vn 0.9414 0.1375 -0.3080
vn 0.9228 0.2021 -0.3282
vn 0.8427 0.2746 -0.4630
vn 0.8737 0.4131 -0.2568
vn 0.8839 0.3741 -0.2806
vn 0.8186 0.4674 -0.3337
vn 0.8028 0.5089 -0.3108
vn 0.7993 0.5397 -0.2642
vn 0.8635 0.4524 -0.2228
vn 0.8677 0.2489 -0.4303
vn 0.8621 0.2892 -0.4160
vn 0.6904 0.5836 -0.4275
vn 0.7861 0.4764 -0.3938
vn 0.8470 0.4041 -0.3455
vn 0.8084 0.4227 -0.4096
vn 0.8630 0.3544 -0.3602
vn 0.8384 0.3554 -0.4133
vn 0.8786 0.3007 -0.3709
vn 0.8912 0.2503 -0.3782
vn 0.8970 0.2153 -0.3861
vn 0.7945 0.3342 -0.5071
vn 0.7897 0.3627 -0.4947
vn 0.8383 0.3168 -0.4437
vn 0.7921 0.3880 -0.4712
vn 0.8071 0.3946 -0.4392
vn 0.7587 0.4450 -0.4758
vn 0.7274 0.4925 -0.4779
vn 0.8943 0.3333 -0.2986
vn 0.9055 0.2888 -0.3110
vn 0.9152 0.2444 -0.3206
vn 0.6490 0.6836 -0.3340
vn 0.6501 0.6654 -0.3669
vn 0.6932 0.5976 -0.4029
vn 0.7208 0.5149 -0.4641
vn 0.6948 0.5599 -0.4514
vn 0.7078 -0.2340 -0.6665
vn 0.7304 -0.2399 -0.6395
vn 0.6873 -0.3636 -0.6288
vn -0.8855 -0.0995 0.4538
vn -0.8298 -0.1330 0.5419
vn -0.8382 -0.2447 0.4875
vn 0.5911 -0.2856 -0.7544
vn 0.6024 -0.2527 -0.7571
vn 0.6075 -0.3787 -0.6982
vn 0.6176 -0.3588 -0.6999
vn 0.6376 -0.3511 -0.6857
vn 0.5899 -0.5365 -0.6035
vn 0.6538 -0.2282 -0.7214
vn 0.6242 -0.2330 -0.7457
vn 0.6059 -0.2410 -0.7582
vn 0.6125 -0.4131 -0.6739
vn 0.5976 -0.5453 -0.5877
vn 0.4752 -0.7641 -0.4361
vn -0.3597 -0.7495 0.5558
vn -0.1525 -0.7259 0.6706
vn -0.1494 -0.9325 0.3288
vn 0.0435 -0.8923 0.4494
vn 0.0822 -0.9947 0.0624
vn 0.2348 -0.9548 0.1820
vn 0.2983 -0.9326 -0.2034
vn 0.4005 -0.9106 -0.1022
vn 0.5265 -0.7639 -0.3732
vn 0.6116 -0.5658 -0.5529
vn 0.0322 -0.6739 0.7381
vn 0.2069 -0.8215 0.5313
vn 0.3614 -0.8889 0.2816
vn 0.4875 -0.8731 0.0010
vn 0.5764 -0.7628 -0.2930
vn 0.6376 -0.5946 -0.4898
vn -0.7006 -0.1623 0.6949
vn -0.6205 -0.1726 0.7650
vn -0.5733 -0.2921 0.7655
vn -0.5405 -0.1741 0.8231
vn -0.4149 -0.2939 0.8611
vn 0.1839 -0.6131 0.7683
vn 0.3313 -0.7443 0.5799
vn 0.4562 -0.8141 0.3593
vn 0.5522 -0.8286 0.0923
vn 0.6215 -0.7591 -0.1937
vn 0.0130 -0.4303 0.9026
vn -0.8996 -0.3884 0.1997
vn -0.9615 -0.2578 0.0955
vn -0.9542 -0.1777 0.2407
vn -0.9751 -0.1661 0.1469
vn -0.7696 -0.1439 0.6221
vn -0.7172 -0.2751 0.6402
vn -0.6829 -0.4762 0.5540
vn -0.5070 -0.4970 0.7043
vn -0.3190 -0.4920 0.8100
vn -0.1408 -0.4669 0.8730
vn 0.7517 -0.2589 -0.6065
vn 0.7730 -0.2634 -0.5771
vn 0.7103 -0.3824 -0.5909
vn 0.7711 -0.3310 -0.5439
vn 0.7111 -0.4245 -0.5605
vn 0.5667 -0.5673 -0.5975
vn 0.6244 -0.5235 -0.5797
vn 0.4954 -0.6349 -0.5928
vn 0.3035 -0.7669 -0.5655
vn 0.2678 -0.7565 -0.5966
vn -0.0147 -0.8825 -0.4701
vn -0.0111 -0.8304 -0.5570
vn -0.3168 -0.8885 -0.3320
vn -0.3546 -0.8227 -0.4442
vn -0.5874 -0.7923 -0.1648
vn -0.6698 -0.6964 -0.2576
vn -0.7874 -0.6162 0.0167
vn -0.8521 -0.5171 -0.0810
vn -0.9279 -0.3719 0.0274
vn -0.9369 -0.0854 0.3391
vn -0.9142 -0.2134 0.3444
vn -0.8170 -0.4368 0.3765
vn -0.7046 -0.6798 0.2037
vn -0.5570 -0.7317 0.3930
vn -0.4967 -0.8679 -0.0005
vn -0.3426 -0.9235 0.1726
vn -0.2229 -0.9522 -0.2089
vn -0.0796 -0.9943 -0.0716
vn 0.0776 -0.9169 -0.3915
vn 0.1870 -0.9353 -0.3004
vn 0.3637 -0.7678 -0.5275
vn 0.4206 -0.7658 -0.4865
vn 0.5791 -0.5491 -0.6026
vn 0.5841 -0.5381 -0.6077
vn 0.6615 -0.3530 -0.6617
vn 0.6849 -0.2300 -0.6914
vn -0.1566 -0.1503 0.9761
vn -0.1244 -0.2615 0.9572
vn -0.2274 -0.1516 0.9619
vn -0.2590 -0.2863 0.9225
vn -0.3442 -0.1677 0.9238
vn -0.4541 -0.1755 0.8735
vn 0.6162 0.4153 -0.6692
vn -0.7694 0.1443 0.6223
vn -0.8298 0.1330 0.5419
vn -0.8382 0.2447 0.4875
vn 0.7518 0.2588 -0.6065
vn 0.7304 0.2399 -0.6395
vn 0.6873 0.3636 -0.6288
vn 0.3037 0.7664 -0.5660
vn 0.2713 0.7573 -0.5940
vn 0.4924 0.6352 -0.5951
vn 0.6383 0.5949 -0.4885
vn 0.0131 0.4303 0.9026
vn -0.4148 0.2939 0.8611
vn -0.5732 0.2921 0.7656
vn -0.5069 0.4970 0.7043
vn -0.6148 0.1787 0.7681
vn -0.5438 0.1855 0.8185
vn -0.4540 0.1755 0.8735
vn -0.3441 0.1677 0.9238
vn -0.2227 0.1587 0.9619
vn -0.2589 0.2864 0.9225
vn -0.3189 0.4920 0.8100
vn -0.3599 0.7494 0.5557
vn 0.4759 0.7635 -0.4364
vn 0.5271 0.7630 -0.3742
vn 0.2988 0.9325 -0.2030
vn 0.4010 0.9105 -0.1014
vn 0.0821 0.9947 0.0626
vn 0.2349 0.9547 0.1825
vn -0.1499 0.9324 0.3288
vn 0.0433 0.8922 0.4496
vn -0.1524 0.7260 0.6706
vn -0.1407 0.4670 0.8730
vn -0.1242 0.2616 0.9572
vn -0.1565 0.1503 0.9762
vn 0.5766 0.7620 -0.2948
vn 0.4879 0.8729 0.0021
vn 0.3614 0.8886 0.2823
vn 0.2067 0.8214 0.5316
vn 0.0323 0.6741 0.7380
vn 0.6236 0.7565 -0.1968
vn 0.5563 0.8248 0.1013
vn 0.4570 0.8132 0.3603
vn 0.3317 0.7435 0.5807
vn 0.1843 0.6130 0.7683
vn 0.6862 0.2285 -0.6906
vn 0.6539 0.2282 -0.7214
vn 0.6376 0.3510 -0.6857
vn 0.6237 0.2324 -0.7463
vn 0.6176 0.3587 -0.6999
vn 0.6062 0.2404 -0.7581
vn 0.6075 0.3787 -0.6982
vn 0.7778 0.2601 -0.5721
vn 0.7716 0.3348 -0.5409
vn 0.7088 0.3840 -0.5918
vn 0.7164 0.4238 -0.5541
vn 0.7075 0.2316 -0.6677
vn 0.6615 0.3530 -0.6617
vn 0.5842 0.5380 -0.6077
vn 0.5900 0.5364 -0.6035
vn 0.5976 0.5453 -0.5877
vn 0.6116 0.5658 -0.5529
vn -0.8996 0.3884 0.1997
vn -0.9161 0.2196 0.3354
vn -0.9536 0.1807 0.2407
vn -0.8898 0.1054 0.4440
vn -0.9328 0.0743 0.3528
vn -0.0022 0.8338 -0.5520
vn -0.0151 0.8807 -0.4734
vn -0.3522 0.8240 -0.4437
vn -0.3220 0.8860 -0.3335
vn -0.6731 0.6903 -0.2655
vn -0.5870 0.7936 -0.1603
vn -0.8547 0.5121 -0.0847
vn -0.7848 0.6195 0.0197
vn -0.9278 0.3726 0.0207
vn -0.9623 0.2551 0.0943
vn -0.9742 0.1679 0.1510
vn -0.7008 0.1626 0.6946
vn -0.7172 0.2751 0.6402
vn -0.6829 0.4762 0.5540
vn -0.8170 0.4368 0.3765
vn -0.5577 0.7311 0.3931
vn -0.7057 0.6785 0.2041
vn -0.3435 0.9233 0.1720
vn -0.4975 0.8675 -0.0013
vn -0.0797 0.9942 -0.0721
vn -0.2228 0.9521 -0.2096
vn 0.1876 0.9351 -0.3006
vn 0.0785 0.9167 -0.3918
vn 0.4210 0.7656 -0.4865
vn 0.3640 0.7676 -0.5275
vn 0.5791 0.5490 -0.6026
vn 0.5685 0.5666 -0.5965
vn 0.6246 0.5216 -0.5812
vn 0.6028 0.2534 -0.7566
vn 0.6022 0.2925 -0.7428
vn 0.6594 0.1478 -0.7372
vn 0.5983 -0.1553 -0.7861
vn 0.6053 0.2270 -0.7630
vn 0.7883 0.1941 -0.5839
vn 0.7470 0.0960 -0.6578
vn 0.7480 0.1497 -0.6466
vn 0.7910 0.1519 -0.5926
vn 0.7871 0.1000 -0.6087
vn 0.7542 0.0438 -0.6552
vn 0.7040 0.0918 -0.7042
vn 0.7025 0.1477 -0.6962
vn 0.7028 0.0446 -0.7100
vn 0.6623 0.0439 -0.7480
vn 0.6625 -0.0000 -0.7490
vn 0.6274 0.0451 -0.7774
vn 0.6286 -0.0000 -0.7777
vn 0.6070 0.0004 -0.7947
vn 0.6061 0.0471 -0.7940
vn 0.6614 0.0906 -0.7445
vn 0.6242 0.0927 -0.7757
vn 0.6052 0.0998 -0.7898
vn 0.6216 0.1497 -0.7689
vn 0.5989 0.1551 -0.7857
vn 0.6160 0.1678 -0.7697
vn 0.6594 -0.1478 -0.7372
vn 0.6217 -0.1494 -0.7689
vn 0.6614 -0.0906 -0.7445
vn 0.6242 -0.0927 -0.7757
vn 0.6623 -0.0439 -0.7480
vn 0.6274 -0.0451 -0.7774
vn 0.5963 -0.2207 -0.7719
vn 0.6159 -0.1758 -0.7680
vn 0.6037 -0.0999 -0.7909
vn 0.6016 -0.1194 -0.7898
vn 0.6058 -0.0472 -0.7942
vn 0.7862 -0.0993 -0.6100
vn 0.7893 -0.1525 -0.5947
vn 0.7872 -0.1973 -0.5843
vn 0.7483 -0.1494 -0.6463
vn 0.7533 -0.0443 -0.6562
vn 0.7470 -0.0960 -0.6579
vn 0.7539 0.0007 -0.6569
vn 0.7022 -0.0000 -0.7120
vn 0.7028 -0.0446 -0.7100
vn 0.7040 -0.0918 -0.7042
vn 0.7023 -0.1471 -0.6965
vn -0.0573 -0.0188 0.9982
vn -0.0805 -0.0153 0.9966
vn -0.0311 -0.0039 0.9995
vn -0.1194 -0.0505 0.9916
vn -0.1458 -0.0722 0.9867
vn -0.2252 -0.0470 0.9732
vn -0.1752 -0.0247 0.9842
vn -0.1319 -0.0215 0.9910
vn -0.1053 -0.0208 0.9942
vn -0.1247 0.0597 0.9904
vn -0.1587 0.0838 0.9838
vn -0.0341 0.0079 0.9994
vn -0.6104 0.3368 0.7170
vn -0.5222 0.4475 0.7260
vn -0.0594 0.0002 0.9982
vn -0.4186 0.5540 0.7197
vn -0.3134 0.6247 0.7152
vn -0.1734 0.6629 0.7283
vn -0.0229 0.6875 0.7258
vn 0.1115 0.6703 0.7337
vn 0.1171 -0.6699 0.7331
vn -0.0231 -0.6931 0.7204
vn -0.1672 -0.6682 0.7250
vn -0.0611 -0.0022 0.9981
vn -0.3514 -0.5756 0.7384
vn -0.5148 -0.4542 0.7271
vn -0.6069 -0.3427 0.7171
vn -0.6569 -0.2035 0.7260
vn -0.0689 -0.0009 0.9976
vn -0.6783 -0.0077 0.7347
vn -0.6576 0.1946 0.7278
vn -0.0931 0.0401 0.9948
vn -0.0611 0.0223 0.9979
vn -0.1318 0.0270 0.9909
vn -0.1656 0.0480 0.9850
vn -0.2280 0.0360 0.9730
vn -0.2155 0.0422 0.9756
vn -0.2141 0.0091 0.9768
vn -0.2684 0.0220 0.9631
vn -0.1854 0.0162 0.9825
vn -0.0460 -0.0027 0.9989
vn -0.1150 -0.0100 0.9933
vn -0.1374 -0.0054 0.9905
vn -0.1440 -0.0007 0.9896
vn -0.1347 0.0043 0.9909
vn -0.0496 0.0012 0.9988
vn -0.1101 0.0097 0.9939
vn -0.0800 0.0136 0.9967
vn -0.1853 -0.0171 0.9825
vn -0.2135 -0.0077 0.9769
vn -0.2230 -0.0004 0.9748
vn -0.2947 0.0083 0.9555
vn -0.2684 -0.0224 0.9630
vn -0.2932 -0.0111 0.9560
vn -0.3006 -0.0013 0.9537
vn -0.8671 0.0141 0.4979
vn -0.8352 0.0248 0.5495
vn -0.4856 -0.0991 0.8685
vn -0.3835 -0.0893 0.9192
vn -0.3774 -0.0007 0.9260
vn -0.3700 -0.0122 0.9289
vn -0.7819 -0.0662 0.6199
vn -0.7078 0.0047 0.7064
vn -0.5893 -0.0407 0.8069
vn -0.6910 -0.0858 0.7177
vn -0.6680 -0.0314 0.7435
vn -0.8748 -0.0120 0.4843
vn -0.8326 -0.0329 0.5529
vn -0.7364 -0.0188 0.6763
vn -0.7872 0.0041 0.6167
vn -0.7221 -0.0102 0.6917
vn -0.6431 0.0015 0.7658
vn -0.5814 -0.0011 0.8136
vn -0.5039 -0.0440 0.8626
vn -0.5158 -0.0001 0.8567
vn -0.4442 0.0011 0.8959
vn -0.4207 -0.0137 0.9071
vn -0.4220 -0.0425 0.9056
vn -0.5951 -0.0962 0.7978
vn -0.3435 -0.0331 0.9386
vn -0.4878 0.0974 0.8675
vn -0.3835 0.0894 0.9192
vn -0.2944 0.0694 0.9531
vn -0.5898 0.0418 0.8064
vn -0.5056 0.0423 0.8617
vn -0.4229 0.0372 0.9054
vn -0.3425 0.0317 0.9390
vn -0.7817 0.0661 0.6201
vn -0.5936 0.0928 0.7994
vn -0.6911 0.0856 0.7176
vn -0.7847 0.0006 0.6199
vn -0.7364 0.0188 0.6763
vn -0.7323 0.0035 0.6810
vn -0.6673 0.0319 0.7441
vn -0.3039 -0.0785 0.9495
vn -0.3599 0.0152 0.9329
vn 0.7294 -0.4339 -0.5289
vn -0.2834 -0.8560 -0.4324
vn -0.7463 -0.5424 -0.3859
vn -0.5046 -0.7120 -0.4883
vn -0.6734 -0.6265 -0.3925
vn -0.3575 -0.8002 -0.4815
vn -0.6402 -0.6673 -0.3806
vn -0.6163 -0.7022 -0.3563
vn 0.0016 -0.8625 -0.5061
vn 0.3673 -0.8029 -0.4695
vn 0.0566 -0.8945 -0.4435
vn 0.3859 -0.8285 -0.4057
vn 0.5266 -0.7133 -0.4624
vn 0.3219 -0.7943 -0.5152
vn 0.1161 -0.8015 -0.5866
vn -0.1572 -0.8026 -0.5755
vn -0.2090 -0.7831 -0.5858
vn 0.6555 -0.5145 -0.5527
vn 0.4249 -0.6785 -0.5993
vn 0.4888 -0.6405 -0.5924
vn 0.6983 -0.5018 -0.5104
vn 0.6049 -0.5729 -0.5531
vn 0.5520 -0.6599 -0.5098
vn 0.5788 -0.6136 -0.5371
vn 0.3601 -0.7458 -0.5604
vn 0.3510 -0.7281 -0.5887
vn 0.0964 -0.7776 -0.6214
vn -0.3157 -0.7635 -0.5634
vn -0.9708 -0.2383 -0.0275
vn -0.9891 -0.1427 0.0360
vn -0.9892 -0.0633 0.1319
vn -0.1112 -0.8093 -0.5768
vn -0.3596 -0.7827 -0.5080
vn -0.5897 -0.6958 -0.4099
vn -0.7428 -0.5371 -0.3997
vn -0.9163 -0.3372 -0.2161
vn -0.8339 -0.4601 -0.3048
vn -0.9048 -0.3993 -0.1481
vn -0.6485 -0.6237 -0.4365
vn -0.5315 -0.6836 -0.5002
vn -0.6210 -0.6343 -0.4605
vn -0.4062 -0.7451 -0.5290
vn -0.2912 -0.7934 -0.5345
vn -0.0229 -0.8335 -0.5521
vn -0.8260 -0.4464 -0.3442
vn -0.8989 -0.3410 -0.2752
vn -0.9644 -0.2267 -0.1365
vn -0.9921 -0.1211 -0.0329
vn -0.7641 -0.5744 -0.2936
vn 0.1968 -0.7653 -0.6129
vn -0.2804 0.8566 -0.4332
vn 0.7214 0.4353 -0.5386
vn 0.6598 0.5098 -0.5520
vn 0.4890 0.6407 -0.5919
vn 0.4253 0.6783 -0.5992
vn 0.1015 0.7792 -0.6185
vn -0.9867 0.0871 0.1371
vn -0.9917 0.1275 0.0147
vn -0.9728 0.2308 -0.0192
vn -0.9901 0.1397 -0.0160
vn -0.9644 0.2160 -0.1528
vn -0.9201 0.3252 -0.2183
vn -0.8970 0.3553 -0.2630
vn -0.7408 0.5419 -0.3970
vn -0.9039 0.4016 -0.1472
vn -0.7719 0.5673 -0.2870
vn -0.6480 0.6323 -0.4246
vn -0.5804 0.7021 -0.4125
vn -0.3120 0.7706 -0.5557
vn -0.2148 0.7809 -0.5866
vn 0.5357 0.7007 -0.4712
vn 0.5510 0.6584 -0.5127
vn 0.1954 0.7648 -0.6139
vn -0.1115 0.8053 -0.5823
vn -0.3643 0.7789 -0.5105
vn 0.6964 0.5008 -0.5141
vn 0.5808 0.6143 -0.5342
vn 0.0517 0.8930 -0.4471
vn 0.3830 0.8276 -0.4104
vn 0.0028 0.8638 -0.5038
vn 0.3607 0.7456 -0.5603
vn 0.3112 0.7924 -0.5247
vn 0.5480 0.7255 -0.4163
vn 0.6064 0.5711 -0.5533
vn 0.3516 0.7279 -0.5886
vn 0.1166 0.8015 -0.5866
vn -0.3813 0.7906 -0.4792
vn -0.2881 0.7979 -0.5295
vn -0.5106 0.7090 -0.4864
vn -0.4115 0.7344 -0.5397
vn -0.6332 0.6185 -0.4653
vn -0.8249 0.4444 -0.3493
vn -0.6195 0.6969 -0.3613
vn -0.6568 0.6552 -0.3733
vn -0.7388 0.5565 -0.3802
vn -0.7542 0.5185 -0.4029
vn -0.8310 0.4667 -0.3028
vn -0.5340 0.6811 -0.5010
vn -0.1600 0.7985 -0.5804
vn -0.0180 0.8362 -0.5481
vn 0.3320 0.8183 -0.4693
vn -0.9994 0.0322 -0.0142
vn -0.9864 0.1457 -0.0755
vn -0.9994 0.0282 -0.0186
vn -0.9877 0.1310 -0.0848
vn -0.9995 0.0239 -0.0185
vn -0.9906 0.1093 -0.0827
vn -0.9997 0.0177 -0.0143
vn -0.9943 0.0827 -0.0678
vn -0.9982 0.0455 -0.0382
vn -0.9793 0.1600 -0.1241
vn -0.9851 0.1452 -0.0924
vn -0.9980 0.0594 -0.0213
vn -0.9977 0.0645 0.0232
vn -0.9982 0.0109 0.0584
vn -0.9940 -0.0046 0.1093
vn -0.9925 0.0390 0.1155
vn -0.8856 0.4105 -0.2171
vn -0.8809 0.3914 -0.2661
vn -0.9251 0.3091 -0.2207
vn -0.9534 0.2333 -0.1915
vn -0.9993 0.0032 0.0376
vn -0.9998 0.0198 -0.0028
vn -0.9866 -0.1392 -0.0853
vn -0.8860 -0.4112 -0.2141
vn -0.9985 -0.0432 -0.0330
vn -0.9999 -0.0157 0.0020
vn -0.9992 0.0079 0.0396
vn -0.9934 -0.0135 0.1140
vn -0.9961 -0.0784 0.0403
vn -0.9981 -0.0187 0.0590
vn -0.9943 0.0160 0.1054
vn -0.9012 -0.3668 -0.2307
vn -0.9257 -0.3059 -0.2224
vn -0.9542 -0.2334 -0.1870
vn -0.9784 -0.1606 -0.1301
vn -0.9975 -0.0634 -0.0324
vn -0.9994 -0.0299 -0.0164
vn -0.9994 -0.0280 -0.0180
vn -0.9996 -0.0235 -0.0176
vn -0.9998 -0.0163 -0.0147
vn -0.9864 -0.1441 -0.0787
vn -0.9879 -0.1308 -0.0833
vn -0.9908 -0.1086 -0.0804
vn -0.9947 -0.0798 -0.0649
vn -0.7703 -0.3189 -0.5523
vn -0.7703 -0.0000 -0.6377
vn -0.9454 -0.1629 -0.2821
vn -0.9454 -0.0000 -0.3258
vn -0.6896 0.4272 0.5848
vn -0.9454 0.1629 -0.2821
vn -0.9454 0.2821 -0.1629
vn -0.9454 0.3258 -0.0000
vn -0.9454 0.2821 0.1629
vn -0.9454 -0.1629 0.2821
vn -0.9454 -0.0000 0.3258
vn -0.9454 0.1629 0.2821
vn -0.9454 -0.2821 0.1629
vn -0.9454 -0.3258 -0.0000
vn -0.9454 -0.2821 -0.1629
vn -0.9455 0.1629 0.2821
vn -0.9454 -0.1629 -0.2822
vn -0.9455 -0.2821 -0.1629
vn -0.9455 -0.3258 -0.0000
vn -0.9455 -0.2821 0.1629
vn -0.9454 -0.1629 0.2822
vn -0.7703 -0.3188 -0.5523
vn -0.6889 -0.5988 0.4084
vn -0.7703 0.3189 -0.5523
vn -0.6896 -0.6736 0.2660
vn -1.0000 0.0082 -0.0000
vn -0.7519 -0.5507 0.3624
vn -0.7703 0.6377 -0.0000
vn -0.7265 -0.6518 0.2177
vn -0.7703 0.5523 0.3189
vn -0.7703 0.5523 -0.3189
vn -0.0077 1.0000 -0.0000
vn 0.9847 0.1744 -0.0000
vn 0.4538 -0.8911 -0.0000
vn -0.0049 0.0265 0.9996
vn 0.0427 -0.9991 -0.0000
vn -0.0257 0.9997 -0.0000
vn -0.6972 0.7164 -0.0266
vn 0.0402 -0.9992 -0.0000
vn -0.7703 -0.3188 0.5523
vn -0.7486 0.6461 0.1487
vn -0.7272 0.6861 -0.0217
vn -0.6966 0.7158 0.0493
vn -0.6896 0.7007 0.1829
vn -0.6896 0.6412 0.3366
vn -0.6896 0.5484 0.4730
vn -0.6896 0.2838 0.6663
vn -0.6907 0.1323 0.7109
vn -0.6964 0.0184 0.7175
vn -0.6896 -0.3536 0.6320
vn -0.6952 -0.0637 0.7160
vn -0.6896 -0.2014 0.6956
vn -0.6955 -0.5297 0.4855
vn -0.7023 -0.4977 0.5090
vn -0.7050 -0.4825 0.5197
vn -0.6980 -0.4559 0.5522
vn 0.7703 -0.3188 -0.5523
vn -0.1281 0.9906 -0.0476
vn -0.1331 0.9873 -0.0871
vn -0.1299 0.9911 0.0276
vn -0.1353 0.9809 0.1394
vn -0.1312 0.9592 0.2503
vn -0.1354 0.9240 0.3577
vn -0.1311 0.8777 0.4608
vn -0.1354 0.8191 0.5574
vn -0.1311 0.7507 0.6474
vn -0.1354 0.6718 0.7283
vn -0.1312 0.5848 0.8005
vn -0.1354 0.4896 0.8614
vn -0.1311 0.3885 0.9120
vn -0.1354 0.2820 0.9498
vn -0.1311 0.1721 0.9763
vn -0.1314 0.0611 0.9894
vn -0.1296 -0.0543 0.9901
vn -0.1354 -0.1654 0.9769
vn -0.1312 -0.2757 0.9522
vn -0.1354 -0.3821 0.9141
vn -0.1312 -0.4840 0.8652
vn -0.1354 -0.5790 0.8040
vn -0.1297 -0.6666 0.7340
vn -0.1360 -0.7487 0.6488
vn -0.1343 -0.8137 0.5655
vn -0.1353 -0.8741 0.4665
vn -0.1311 -0.9221 0.3641
vn -0.1353 -0.9570 0.2566
vn -0.1280 -0.9471 0.2941
vn -0.1289 0.1595 0.9787
vn -0.1283 0.3738 0.9186
vn -0.1296 0.9658 -0.2247
vn -0.0970 0.9937 -0.0557
vn -0.1327 -0.9908 0.0264
vn -0.1320 -0.9839 0.1201
vn -0.1313 -0.9491 0.2862
vn -0.1330 -0.9780 -0.1610
vn -0.1329 -0.9888 -0.0676
vn -0.1322 -0.9583 -0.2535
vn -0.1315 -0.9303 -0.3423
vn -0.1314 -0.8937 -0.4291
vn -0.1321 -0.8490 -0.5116
vn -0.1325 -0.7371 -0.6626
vn -0.1318 -0.7967 -0.5899
vn -0.1295 -0.5982 -0.7908
vn -0.1320 -0.6704 -0.7301
vn -0.1326 -0.4391 -0.8886
vn -0.1286 -0.5240 -0.8419
vn -0.1314 -0.3528 -0.9264
vn -0.1319 -0.2642 -0.9554
vn -0.1331 -0.0789 -0.9880
vn -0.1325 -0.1724 -0.9761
vn -0.1321 0.0161 -0.9911
vn -0.1293 0.1104 -0.9854
vn -0.1316 0.3818 -0.9148
vn -0.1307 0.2916 -0.9476
vn -0.1264 0.1998 -0.9716
vn -0.1321 0.5462 -0.8271
vn -0.1329 0.6226 -0.7712
vn -0.1307 0.4660 -0.8751
vn -0.1330 0.7569 -0.6399
vn -0.1324 0.6929 -0.7088
vn -0.1329 0.8140 -0.5654
vn -0.1330 0.8639 -0.4857
vn -0.1321 0.9063 -0.4015
vn -0.1319 0.9403 -0.3138
vn -0.1279 -0.0376 0.9911
vn -0.0969 0.1857 0.9778
vn -0.9910 0.1329 -0.0155
vn -0.9909 0.1310 -0.0303
vn -0.9945 0.0203 0.1028
vn -0.9902 0.0214 0.1379
vn -0.9909 -0.1334 0.0163
vn -0.9900 -0.1349 0.0418
vn -0.9885 0.1046 0.1089
vn -0.9885 0.1441 0.0449
vn -0.9899 0.0551 0.1309
vn -0.9901 0.1402 -0.0051
vn -0.9891 -0.1196 0.0854
vn -0.9891 -0.0763 0.1256
vn -0.9891 -0.0208 0.1455
vn -0.9920 0.1041 0.0708
vn -0.9909 -0.1151 -0.0694
vn -0.9920 0.1115 0.0585
vn -0.9909 -0.1212 -0.0582
vn -0.9920 0.1174 0.0454
vn -0.9909 -0.1261 -0.0464
vn -0.9920 0.1218 0.0318
vn -0.9909 -0.1300 -0.0343
vn -0.9920 0.1246 0.0177
vn -0.9909 -0.1326 -0.0218
vn -0.9920 0.1258 0.0034
vn -0.9909 -0.1341 -0.0092
vn -0.9909 -0.1344 0.0036
vn -0.9920 0.1254 -0.0109
vn -0.9920 -0.0210 0.1241
vn -0.9909 0.0148 -0.1336
vn -0.9920 -0.0068 0.1257
vn -0.9909 0.0020 -0.1344
vn -0.9920 0.0076 0.1257
vn -0.9909 -0.0107 -0.1340
vn -0.9920 0.0219 0.1240
vn -0.9909 -0.0233 -0.1324
vn -0.9920 0.0358 0.1207
vn -0.9909 -0.0358 -0.1296
vn -0.9920 0.0493 0.1158
vn -0.9920 -0.0847 0.0931
vn -0.9909 0.0844 -0.1046
vn -0.9920 -0.0736 0.1021
vn -0.9909 0.0741 -0.1121
vn -0.9920 -0.0615 0.1099
vn -0.9909 0.0632 -0.1186
vn -0.9920 -0.0486 0.1161
vn -0.9909 0.0517 -0.1241
vn -0.9920 -0.0350 0.1209
vn -0.9909 0.0397 -0.1284
vn -0.9909 0.0273 -0.1316
vn -0.9899 -0.0076 0.1416
vn -0.9909 -0.0479 -0.1256
vn -0.9909 -0.0596 -0.1205
vn -0.9920 0.0622 0.1094
vn -0.9909 -0.0707 -0.1143
vn -0.9920 0.0742 0.1016
vn -0.9909 -0.0812 -0.1071
vn -0.9920 0.0854 0.0925
vn -0.9909 -0.0910 -0.0989
vn -0.9920 0.0953 0.0822
vn -0.9909 -0.0999 -0.0898
vn -0.9909 -0.1080 -0.0800
vn -0.9901 -0.1335 0.0431
vn -0.9885 -0.1201 0.0915
vn -0.9885 -0.0610 0.1381
vn -0.9920 -0.1216 0.0326
vn -0.9909 0.1275 -0.0426
vn -0.9920 -0.1171 0.0462
vn -0.9909 0.1229 -0.0545
vn -0.9920 -0.1110 0.0593
vn -0.9909 0.1171 -0.0659
vn -0.9920 -0.1036 0.0715
vn -0.9909 0.1104 -0.0767
vn -0.9920 -0.0948 0.0829
vn -0.9909 0.1026 -0.0868
vn -0.9909 0.0940 -0.0961
vn -0.9939 0.0521 0.0974
vn -0.9939 0.0862 0.0691
vn -0.9939 0.1064 0.0296
vn -0.1280 -0.7888 0.6012
vn -0.1281 -0.4009 0.9071
vn -0.0958 0.9588 0.2675
vn -0.0973 0.7778 0.6210
vn -0.0983 0.4687 0.8779
vn -0.1300 0.6858 0.7161
vn -0.1301 0.9470 0.2938
vn -0.1294 -0.8061 0.5775
vn -0.1285 -0.5158 0.8470
vn -0.1289 -0.1403 0.9817
vn 1.0000 -0.0000 -0.0000
vn 0.6841 -0.0769 -0.7253
vn 0.6841 0.0769 -0.7253
vn 0.6841 0.2274 -0.6930
vn 0.6841 0.3678 -0.6299
vn 0.6841 -0.3678 -0.6299
vn 0.6841 -0.2274 -0.6930
vn 0.6841 -0.7293 0.0106
vn 0.6841 -0.7153 -0.1426
vn 0.6841 -0.6695 -0.2895
vn 0.6841 -0.7108 0.1634
vn 0.6841 -0.6607 0.3089
vn 0.9454 -0.0000 -0.3258
vn 0.9454 -0.1629 -0.2821
vn 0.2398 -0.8589 0.4525
vn 0.6841 -0.2071 0.6993
vn 0.7430 -0.6653 -0.0730
vn 0.7566 -0.3571 -0.5478
vn 0.9454 -0.2821 -0.1629
vn 0.7643 -0.4788 -0.4319
vn 0.9400 -0.3055 0.1517
vn 0.9454 -0.3258 -0.0000
vn 0.9454 0.3258 -0.0000
vn 0.9454 0.2822 -0.1629
vn 0.9454 0.1629 -0.2821
vn 0.2771 0.8575 0.4335
vn 0.7488 0.6622 -0.0290
vn 0.6841 0.2071 0.6994
vn 0.7537 0.6071 -0.2515
vn 0.6841 0.3492 0.6403
vn 0.7538 0.4647 -0.4646
vn 0.9391 0.3089 0.1502
vn 0.7405 0.2904 -0.6061
vn 0.7645 0.4719 -0.4391
vn 0.6841 0.6607 0.3089
vn 0.6841 0.7108 0.1634
vn 0.6841 0.7293 0.0106
vn 0.6841 0.7153 -0.1426
vn 0.6841 0.6695 -0.2895
vn 0.6841 0.5812 0.4407
vn 0.6841 0.4758 0.5528
vn 0.6841 0.5938 -0.4235
vn 0.6841 0.4917 -0.5387
vn 0.6841 -0.5938 -0.4235
vn 0.6841 -0.4917 -0.5387
vn 0.6841 -0.3492 0.6403
vn 0.6841 -0.4758 0.5528
vn 0.6841 -0.5812 0.4407
vn -0.0000 0.7572 -0.6532
vn -0.0000 0.9134 -0.4070
vn 0.3786 0.6557 -0.6532
vn 0.4567 0.7911 -0.4070
vn 0.6557 0.3786 -0.6532
vn 0.7911 0.4567 -0.4070
vn 0.7572 -0.0000 -0.6532
vn 0.9134 -0.0000 -0.4070
vn 0.6557 -0.3786 -0.6532
vn 0.7911 -0.4567 -0.4070
vn 0.3786 -0.6557 -0.6532
vn 0.4567 -0.7911 -0.4070
vn -0.0000 -0.7572 -0.6532
vn -0.0000 -0.9134 -0.4070
vn -0.3786 -0.6557 -0.6532
vn -0.4567 -0.7911 -0.4070
vn -0.6557 -0.3786 -0.6532
vn -0.7911 -0.4567 -0.4070
vn -0.7572 -0.0000 -0.6532
vn -0.9134 -0.0000 -0.4070
vn -0.6557 0.3786 -0.6532
vn -0.7911 0.4567 -0.4070
vn -0.3786 0.6557 -0.6532
vn -0.4567 0.7911 -0.4070
vn -0.0000 -0.0000 -1.0000
vn -0.0000 0.9135 -0.4069
vn -0.0000 -0.9135 -0.4069
vn -0.7911 0.4567 -0.4069
vn -0.6532 -0.0000 -0.7572
vn -0.4070 -0.0000 -0.9134
vn -0.6532 -0.3786 -0.6557
vn -0.4069 -0.4567 -0.7911
vn -0.6532 -0.6557 -0.3786
vn -0.4070 -0.7911 -0.4567
vn -0.6532 -0.7572 -0.0000
vn -0.4070 -0.9134 -0.0000
vn -0.6532 -0.6557 0.3786
vn -0.4070 -0.7911 0.4567
vn -0.6532 -0.3786 0.6557
vn -0.4069 -0.4567 0.7911
vn -0.6532 -0.0000 0.7572
vn -0.4069 -0.0000 0.9135
vn -0.6532 0.3786 0.6557
vn -0.4070 0.4567 0.7911
vn -0.6532 0.6557 0.3786
vn -0.4070 0.7911 0.4567
vn -0.6532 0.7572 -0.0000
vn -0.4069 0.9135 -0.0000
vn -0.6532 0.6557 -0.3786
vn -0.4070 0.7911 -0.4567
vn -0.6532 0.3786 -0.6557
vn -0.4070 0.4567 -0.7911
vn -0.4069 -0.0000 -0.9135
vn -0.4070 -0.0000 0.9134
vn -0.4070 -0.4567 -0.7911
vn -0.4069 -0.9135 -0.0000
vn -0.4070 -0.4567 0.7911
vn -0.8554 0.1976 0.4788
vn -0.8481 0.3669 0.3821
vn -0.8481 0.5058 0.1577
vn -0.8567 0.5153 -0.0224
vn -0.4889 0.3289 0.8080
vn -0.4830 0.6065 0.6316
vn -0.4830 0.8359 0.2606
vn -0.4896 0.8710 -0.0417
vn -0.8567 -0.4919 0.1552
vn -0.8701 -0.4761 0.1277
vn -0.8701 -0.4584 0.1810
vn -0.8701 -0.4348 0.2321
vn -0.8701 -0.4056 0.2801
vn -0.8701 -0.3711 0.3244
vn -0.8701 -0.3317 0.3646
vn -0.8701 -0.2881 0.4000
vn -0.8701 -0.2407 0.4302
vn -0.8701 -0.1901 0.4548
vn -0.8701 -0.1371 0.4735
vn -0.8701 -0.0823 0.4860
vn -0.8701 -0.0264 0.4922
vn -0.8701 0.0298 0.4920
vn -0.8701 0.0856 0.4854
vn -0.8701 0.1403 0.4725
vn -0.8701 0.1932 0.4535
vn -0.8701 0.2436 0.4285
vn -0.8701 0.2908 0.3980
vn -0.8701 0.3342 0.3623
vn -0.8701 0.3733 0.3219
vn -0.8701 0.4075 0.2773
vn -0.8701 0.4364 0.2291
vn -0.8701 0.4597 0.1780
vn -0.8701 0.4769 0.1245
vn -0.8701 0.4880 0.0693
vn -0.8701 0.4927 0.0133
vn -0.8701 0.4911 -0.0429
vn -0.4895 -0.8328 0.2587
vn -0.5041 -0.8342 0.2237
vn -0.5041 -0.8033 0.3172
vn -0.5041 -0.7619 0.4066
vn -0.5041 -0.7107 0.4907
vn -0.5041 -0.6502 0.5684
vn -0.5041 -0.5812 0.6388
vn -0.5041 -0.5047 0.7008
vn -0.5041 -0.4217 0.7537
vn -0.5041 -0.3331 0.7968
vn -0.5041 -0.2402 0.8295
vn -0.5041 -0.1442 0.8515
vn -0.5041 -0.0463 0.8624
vn -0.5041 0.0522 0.8621
vn -0.5041 0.1500 0.8505
vn -0.5041 0.2458 0.8279
vn -0.5041 0.3385 0.7945
vn -0.5041 0.4268 0.7508
vn -0.5041 0.5095 0.6974
vn -0.5041 0.5855 0.6348
vn -0.5041 0.6540 0.5640
vn -0.5041 0.7140 0.4859
vn -0.5041 0.7646 0.4015
vn -0.5041 0.8054 0.3118
vn -0.5042 0.8356 0.2181
vn -0.5041 0.8551 0.1215
vn -0.5041 0.8634 0.0234
vn -0.5041 0.8604 -0.0751
vn -0.4914 0.1401 0.8596
vn -0.8578 0.0811 0.5076
vn -0.8481 -0.4214 0.3212
vn -0.8481 -0.2142 0.4846
vn -0.8554 -0.0233 0.5174
vn -0.4830 -0.6964 0.5308
vn -0.4830 -0.3540 0.8009
vn -0.4887 -0.0341 0.8718
vn -0.8565 -0.4937 0.1505
vn -0.8516 -0.4265 0.3047
vn -0.8516 -0.2723 0.4478
vn -0.8516 -0.0743 0.5188
vn -0.4905 -0.8343 0.2517
vn -0.4862 -0.7110 0.5080
vn -0.4862 -0.4540 0.7467
vn -0.4862 -0.1239 0.8650
vn -0.3176 0.1769 0.9316
vn -0.5236 0.1612 0.8366
vn -0.7012 0.1338 0.7003
vn -0.9438 0.0628 0.3245
vn -0.8452 0.1034 0.5244
vn -0.7010 0.7120 -0.0393
vn -0.5238 0.8506 -0.0453
vn -0.4964 0.8449 -0.1992
vn -0.3176 0.9467 -0.0532
vn -0.4966 0.8232 -0.2750
vn -0.4966 0.7935 -0.3518
vn -0.4967 0.7566 -0.4254
vn -0.4967 0.7129 -0.4951
vn -0.4967 0.6628 -0.5604
vn -0.4967 0.6067 -0.6207
vn -0.4967 0.5452 -0.6753
vn -0.4966 0.4788 -0.7239
vn -0.4967 0.4081 -0.7660
vn -0.4966 0.3337 -0.8013
vn -0.4966 0.2563 -0.8293
vn -0.4966 0.1766 -0.8498
vn -0.4966 0.0953 -0.8627
vn -0.4966 0.0132 -0.8679
vn -0.4967 -0.0691 -0.8652
vn -0.4967 -0.1507 -0.8548
vn -0.4967 -0.2310 -0.8366
vn -0.4967 -0.3092 -0.8110
vn -0.4966 -0.3846 -0.7781
vn -0.4967 -0.4566 -0.7381
vn -0.4967 -0.5244 -0.6916
vn -0.4966 -0.5876 -0.6388
vn -0.4966 -0.6455 -0.5803
vn -0.4966 -0.6976 -0.5165
vn -0.4966 -0.7433 -0.4481
vn -0.4967 -0.7824 -0.3757
vn -0.4966 -0.8145 -0.2999
vn -0.4967 -0.8392 -0.2214
vn -0.4966 -0.8565 -0.1409
vn -0.4967 -0.8659 -0.0592
vn -0.4967 -0.8676 0.0231
vn -0.4966 -0.8616 0.1052
vn -0.8874 0.4601 -0.0297
vn -0.8632 0.4913 -0.1159
vn -0.8626 0.4798 -0.1603
vn -0.8626 0.4624 -0.2050
vn -0.8626 0.4409 -0.2479
vn -0.8626 0.4155 -0.2885
vn -0.8626 0.3863 -0.3266
vn -0.8626 0.3536 -0.3617
vn -0.8626 0.3177 -0.3936
vn -0.8626 0.2791 -0.4219
vn -0.8626 0.2378 -0.4465
vn -0.8626 0.1945 -0.4670
vn -0.8626 0.1494 -0.4833
vn -0.8626 0.1029 -0.4952
vn -0.8626 0.0556 -0.5028
vn -0.8626 0.0077 -0.5058
vn -0.8626 -0.0403 -0.5042
vn -0.8626 -0.0878 -0.4981
vn -0.8626 -0.1346 -0.4876
vn -0.8626 -0.1802 -0.4726
vn -0.8626 -0.2242 -0.4535
vn -0.8626 -0.2661 -0.4302
vn -0.8626 -0.3057 -0.4031
vn -0.8626 -0.3425 -0.3723
vn -0.8626 -0.3762 -0.3382
vn -0.8626 -0.4065 -0.3010
vn -0.8626 -0.4332 -0.2611
vn -0.8626 -0.4560 -0.2190
vn -0.8626 -0.4747 -0.1748
vn -0.8626 -0.4891 -0.1290
vn -0.8626 -0.4992 -0.0821
vn -0.8626 -0.5047 -0.0345
vn -0.8626 -0.5056 0.0135
vn -0.8626 -0.5021 0.0613
vn -0.3710 0.4420 0.8167
vn -0.6945 0.6906 0.2020
vn -0.6945 0.3479 0.6298
vn -0.9167 0.1955 0.3486
vn -0.9149 0.3150 0.2524
vn -0.9176 0.3826 0.1080
vn -0.6949 0.5612 0.4496
vn -0.3742 0.7238 0.5798
vn -0.3710 0.8934 0.2532
vn 0.7591 -0.4145 -0.5019
vn 0.6660 -0.5497 -0.5043
vn 0.7829 0.3985 -0.4778
vn 0.6794 0.5571 -0.4776
vn 0.6841 -0.0877 -0.7241
vn 0.6857 0.0713 -0.7244
vn 0.6566 -0.7543 -0.0044
vn 0.6558 -0.6517 0.3812
vn 0.6789 -0.0959 0.7280
vn 0.6789 0.0958 0.7280
vn 0.6543 0.6546 0.3786
vn 0.6594 0.7514 0.0246
vn 0.6582 -0.3830 -0.6481
vn 0.6668 0.2856 -0.6884
vn 0.6657 0.5277 -0.5276
vn 0.6658 0.6894 -0.2856
vn 0.3890 -0.1979 0.8997
vn 0.6767 -0.2163 0.7037
vn 0.6760 -0.0000 0.7369
vn 0.3829 -0.3328 0.8618
vn 0.3887 -0.4479 0.8052
vn 0.6778 -0.4137 0.6078
vn 0.3762 -0.5714 0.7294
vn 0.3883 -0.6603 0.6428
vn 0.6787 -0.5739 0.4582
vn 0.3684 -0.7617 0.5331
vn 0.3879 -0.8172 0.4263
vn 0.6795 -0.6828 0.2684
vn 0.3596 -0.8871 0.2895
vn 0.3874 -0.9054 0.1738
vn 0.6802 -0.7309 0.0550
vn 0.3499 -0.9366 0.0194
vn 0.3870 -0.9173 -0.0935
vn 0.6808 -0.7141 -0.1628
vn 0.3396 -0.9056 -0.2543
vn 0.3865 -0.8521 -0.3530
vn 0.6813 -0.6340 -0.3659
vn 0.3285 -0.7962 -0.5080
vn 0.3859 -0.7150 -0.5830
vn 0.6816 -0.4978 -0.5363
vn 0.3169 -0.6175 -0.7199
vn 0.3853 -0.5177 -0.7639
vn 0.6818 -0.3174 -0.6590
vn 0.3046 -0.3843 -0.8715
vn 0.3847 -0.2766 -0.8806
vn 0.6862 -0.1301 -0.7157
vn 0.2918 -0.1162 -0.9494
vn 0.6907 -0.0000 -0.7232
vn 0.3820 -0.0121 -0.9241
vn 0.6862 0.1301 -0.7157
vn 0.3508 0.1357 -0.9266
vn 0.3913 0.2654 -0.8812
vn 0.6818 0.3174 -0.6590
vn 0.3517 0.3957 -0.8484
vn 0.3912 0.5082 -0.7672
vn 0.6816 0.4978 -0.5363
vn 0.3536 0.6220 -0.6986
vn 0.3911 0.7080 -0.5881
vn 0.6813 0.6340 -0.3659
vn 0.3563 0.7955 -0.4901
vn 0.3909 0.8475 -0.3590
vn 0.6808 0.7141 -0.1628
vn 0.3598 0.9015 -0.2405
vn 0.3907 0.9151 -0.0993
vn 0.6802 0.7309 0.0550
vn 0.3640 0.9309 0.0290
vn 0.3905 0.9050 0.1688
vn 0.6795 0.6828 0.2683
vn 0.3688 0.8814 0.2953
vn 0.3901 0.8180 0.4226
vn 0.6787 0.5739 0.4582
vn 0.3738 0.7569 0.5360
vn 0.3898 0.6615 0.6406
vn 0.6778 0.4137 0.6078
vn 0.3790 0.5682 0.7304
vn 0.3894 0.4488 0.8043
vn 0.6767 0.2163 0.7037
vn 0.3839 0.3314 0.8618
vn 0.3890 0.1979 0.8997
vn 0.3955 -0.0000 0.9185
vn -0.8025 -0.5198 -0.2928
vn -0.7712 -0.3910 -0.5024
vn -0.7938 -0.3666 -0.4854
vn -0.7970 -0.5775 -0.1771
vn -0.7942 -0.5928 -0.1337
vn -0.7925 -0.4683 -0.3907
vn -0.7454 -0.6663 -0.0197
vn -0.7453 -0.6647 0.0527
vn -0.7813 -0.6228 -0.0409
vn -0.7539 -0.5800 -0.3087
vn -0.8182 -0.5636 -0.1133
vn -0.7659 -0.6420 -0.0347
vn -0.6963 -0.7136 0.0767
vn -0.7035 -0.7099 0.0348
vn -0.6274 -0.7758 0.0667
vn -0.5437 -0.8382 0.0428
vn -0.5857 -0.7932 0.1666
vn -0.6177 -0.7695 0.1622
vn -0.6588 -0.7399 0.1359
vn -0.6888 -0.7106 0.1435
vn -0.7216 -0.6883 0.0740
vn -0.0990 -0.9951 0.0012
vn -0.0756 -0.9970 0.0181
vn -0.1833 -0.9830 0.0109
vn -0.0410 -0.7219 -0.6908
vn -0.1016 -0.7208 -0.6856
vn -0.1333 -0.6997 -0.7019
vn -0.2833 -0.9589 0.0162
vn -0.1917 -0.6898 -0.6981
vn -0.1846 -0.7208 -0.6681
vn -0.6098 -0.2985 -0.7342
vn -0.5851 -0.3319 -0.7399
vn -0.8523 -0.4798 -0.2084
vn -0.6120 -0.2501 -0.7502
vn -0.8977 -0.3732 -0.2342
vn -0.8588 -0.3653 -0.3591
vn -0.8119 -0.4663 -0.3513
vn -0.8251 -0.3577 -0.4373
vn -0.6236 -0.3636 -0.6920
vn -0.4009 -0.6398 -0.6557
vn -0.4725 -0.8795 0.0573
vn -0.4281 -0.5978 -0.6778
vn -0.4535 -0.5646 -0.6896
vn -0.4905 -0.5440 -0.6808
vn -0.5042 -0.5067 -0.6994
vn -0.5694 -0.3822 -0.7278
vn -0.5632 -0.4256 -0.7083
vn -0.5354 -0.4705 -0.7014
vn -0.5501 -0.4954 -0.6723
vn -0.1700 -0.9851 0.0261
vn -0.2352 -0.9709 0.0460
vn -0.2877 -0.9567 0.0447
vn -0.3804 -0.9241 0.0366
vn -0.3562 -0.9325 0.0602
vn -0.4657 -0.8791 0.1018
vn -0.5401 -0.8300 0.1393
vn -0.3376 -0.6338 -0.6960
vn -0.3139 -0.6618 -0.6808
vn -0.2765 -0.6650 -0.6937
vn -0.2510 -0.6943 -0.6745
vn -0.8983 0.3738 -0.2310
vn -0.8586 0.3623 -0.3627
vn -0.8566 0.4657 -0.2221
vn -0.0951 0.9954 0.0111
vn -0.1919 0.9814 -0.0022
vn -0.2828 0.9590 0.0196
vn -0.2887 0.9564 0.0442
vn -0.2363 0.9712 0.0296
vn -0.1695 0.9851 0.0280
vn -0.0769 0.9968 0.0204
vn -0.5484 0.8305 0.0969
vn -0.5377 0.8301 0.1475
vn -0.4737 0.8774 0.0756
vn -0.4642 0.8785 0.1130
vn -0.3897 0.9189 0.0617
vn -0.3528 0.9331 0.0699
vn -0.7905 0.4658 -0.3976
vn -0.8210 0.5085 -0.2594
vn -0.7746 0.5685 -0.2769
vn -0.7822 0.6037 -0.1539
vn -0.7475 0.6640 -0.0155
vn -0.8030 0.5731 -0.1635
vn -0.8148 0.4699 -0.3394
vn -0.7643 0.6423 -0.0581
vn -0.7474 0.6622 0.0543
vn -0.7241 0.6814 0.1065
vn -0.6901 0.7199 0.0735
vn -0.6802 0.7153 0.1602
vn -0.6579 0.7371 0.1544
vn -0.6230 0.7749 0.1070
vn -0.6167 0.7687 0.1697
vn -0.5890 0.7958 0.1410
vn -0.6998 0.7136 0.0316
vn -0.5058 0.5051 -0.6993
vn -0.5325 0.4926 -0.6883
vn -0.7627 0.6459 -0.0324
vn -0.3814 0.9238 0.0336
vn -0.3100 0.6628 -0.6816
vn -0.4689 0.8824 0.0384
vn -0.3638 0.6322 -0.6841
vn -0.5547 0.8302 0.0555
vn -0.4088 0.5999 -0.6878
vn -0.6378 0.7690 0.0438
vn -0.4479 0.5774 -0.6826
vn -0.4893 0.5575 -0.6707
vn -0.0383 0.7190 -0.6939
vn -0.0864 0.7122 -0.6966
vn -0.1241 0.7092 -0.6940
vn -0.7770 0.4028 -0.4837
vn -0.7852 0.3856 -0.4845
vn -0.8207 0.3669 -0.4380
vn -0.8142 0.5667 -0.1263
vn -0.5385 0.4513 -0.7116
vn -0.5637 0.4335 -0.7031
vn -0.5778 0.3784 -0.7231
vn -0.5897 0.3335 -0.7355
vn -0.6143 0.3014 -0.7292
vn -0.6109 0.2446 -0.7530
vn -0.2515 0.6757 -0.6929
vn -0.2596 0.6657 -0.6996
vn -0.2718 0.6598 -0.7005
vn -0.1686 0.7150 -0.6785
vn -0.2268 0.6856 -0.6918
vn -0.2383 0.7053 -0.6677
vn -0.6296 0.2086 -0.7484
vn -0.8754 -0.0026 -0.4833
vn -0.8690 -0.0775 -0.4886
vn -0.8216 -0.0598 -0.5669
vn -0.7841 -0.1615 -0.5993
vn -0.8123 -0.0995 -0.5746
vn -0.8094 -0.1308 -0.5725
vn -0.7250 -0.1785 -0.6652
vn -0.7673 -0.2385 -0.5953
vn -0.7379 -0.2353 -0.6326
vn -0.7592 -0.3126 -0.5709
vn -0.7128 -0.3083 -0.6300
vn -0.8543 -0.1609 -0.4942
vn -0.8224 -0.2513 -0.5104
vn -0.6287 -0.2149 -0.7474
vn -0.9121 -0.2750 -0.3042
vn -0.6469 -0.1579 -0.7461
vn -0.9374 -0.1812 -0.2972
vn -0.6382 -0.1239 -0.7598
vn -0.9107 0.2629 -0.3185
vn -0.9371 0.1838 -0.2968
vn -0.6632 0.1777 -0.7271
vn -0.7476 0.2932 -0.5960
vn -0.8216 0.2516 -0.5116
vn -0.8701 0.0841 -0.4856
vn -0.8095 0.1379 -0.5707
vn -0.8553 0.1580 -0.4935
vn -0.7456 0.1755 -0.6429
vn -0.7370 0.2298 -0.6356
vn -0.7837 0.3406 -0.5194
vn -0.7802 0.2482 -0.5742
vn -0.7795 0.1591 -0.6058
vn -0.7918 0.1102 -0.6007
vn -0.8213 0.0734 -0.5658
vn -0.8264 0.0352 -0.5620
vn -0.8263 -0.0103 -0.5632
vn -0.6381 0.1243 -0.7598
vn -0.6598 0.0957 -0.7454
vn -0.9499 0.0931 -0.2983
vn -0.6626 0.0417 -0.7478
vn -0.9568 -0.0018 -0.2907
vn -0.6593 -0.0023 -0.7519
vn -0.9449 -0.0999 -0.3118
vn -0.6664 -0.0419 -0.7444
vn -0.6815 -0.0842 -0.7270
vn 0.1458 0.6690 0.7288
vn 0.1590 0.6618 -0.7327
vn 0.2492 0.6452 0.7223
vn 0.3200 0.6008 -0.7325
vn 0.1589 -0.6618 -0.7326
vn 0.2477 -0.6457 0.7223
vn 0.3200 -0.6008 -0.7325
vn 0.3382 -0.5969 0.7276
vn 0.4494 -0.5073 -0.7353
vn 0.4494 -0.5073 0.7353
vn 0.5578 -0.3850 -0.7353
vn 0.5578 -0.3850 0.7353
vn 0.6337 -0.2403 -0.7353
vn 0.6337 -0.2403 0.7353
vn 0.6728 -0.0817 -0.7353
vn 0.6728 -0.0817 0.7353
vn 0.6728 0.0817 -0.7353
vn 0.6728 0.0817 0.7353
vn 0.6337 0.2403 -0.7353
vn 0.6337 0.2403 0.7353
vn 0.5578 0.3850 -0.7353
vn 0.5578 0.3850 0.7353
vn 0.4494 0.5073 -0.7353
vn 0.4494 0.5073 0.7353
vn 0.3390 0.5967 0.7273
vn 0.1451 -0.6695 0.7285
vn 0.7391 -0.0000 0.6736
vn 0.6870 -0.0846 0.7217
vn 0.7391 -0.1817 0.6486
vn 0.6918 -0.2389 0.6815
vn 0.7391 -0.3500 0.5755
vn 0.6907 -0.3351 0.6408
vn 0.7387 -0.4901 0.4627
vn 0.7675 -0.5140 0.3831
vn 0.7443 0.5494 0.3798
vn 0.7326 0.4848 0.4778
vn 0.7391 0.3500 0.5755
vn 0.6941 0.3315 0.6390
vn 0.7391 0.1817 0.6486
vn 0.6926 0.2376 0.6811
vn 0.6870 0.0846 0.7217
vn 0.6968 0.6571 -0.2876
vn 0.6873 0.7073 -0.1656
vn 0.6899 0.4228 0.5876
vn 0.6855 0.6454 0.3369
vn 0.6886 0.5415 0.4823
vn 0.7420 0.5914 -0.3157
vn 0.7336 0.6453 -0.2130
vn 0.7391 0.6720 -0.0460
vn 0.6875 0.7262 0.0009
vn 0.7391 0.6595 0.1370
vn 0.6870 0.7039 0.1802
vn 0.7291 0.6201 0.2894
vn 0.6842 -0.7093 -0.1695
vn 0.7388 -0.6360 -0.2229
vn 0.6870 -0.7266 -0.0002
vn 0.7391 -0.6720 -0.0460
vn 0.6879 -0.7036 0.1779
vn 0.7391 -0.6595 0.1370
vn 0.6867 -0.6433 0.3385
vn 0.6923 -0.6612 -0.2890
vn 0.7580 -0.5835 -0.2914
vn 0.6879 -0.4206 0.5915
vn 0.6886 -0.5415 0.4823
vn 0.7293 -0.6198 0.2898
vn 0.9900 -0.1118 -0.0858
vn 0.9935 -0.0884 -0.0712
vn 0.9997 -0.0188 -0.0167
vn 0.7552 0.0153 0.6553
vn 0.7566 0.2706 0.5953
vn 1.0000 -0.0015 -0.0017
vn 0.7355 0.4585 0.4988
vn 0.7171 0.5428 0.4371
vn 0.9995 -0.0248 -0.0195
vn 0.7150 0.5985 0.3614
vn 0.7175 0.6170 0.3232
vn 0.9993 -0.0327 -0.0159
vn 0.6988 -0.6311 -0.3368
vn 0.7194 0.6378 0.2750
vn 0.9976 -0.0633 -0.0296
vn 0.9768 -0.1967 -0.0847
vn 0.7071 -0.5000 0.5000
vn 0.7305 -0.4317 0.5291
vn 0.7552 -0.2438 0.6084
vn 0.6927 -0.6011 -0.3985
vn 0.7267 -0.5843 -0.3614
vn 0.9999 -0.0039 0.0104
vn 0.9985 0.0070 0.0539
vn 0.9996 0.0037 0.0266
vn 1.0000 -0.0017 0.0024
vn 0.9943 -0.0849 -0.0639
vn 0.9780 -0.1669 -0.1252
vn 0.9968 -0.0765 -0.0250
vn 0.8821 -0.3650 -0.2978
vn 0.9729 -0.1729 -0.1538
vn 0.9977 -0.0493 -0.0456
vn 0.9847 -0.0919 0.1481
vn 0.9929 -0.0239 0.1165
vn 0.9929 -0.1148 0.0305
vn 0.9979 -0.0484 0.0423
vn 0.9853 -0.1541 -0.0732
vn 0.9789 -0.1764 -0.1032
vn 0.9472 -0.2510 -0.1997
vn 0.9482 -0.2486 -0.1979
vn 0.9213 -0.3136 -0.2299
vn 0.9007 -0.3649 -0.2357
vn 0.6196 -0.6970 -0.3610
vn 0.6259 -0.6738 -0.3927
vn 0.6669 -0.6298 -0.3983
vn 0.7447 -0.5340 -0.4002
vn 0.8110 -0.4599 -0.3616
vn 0.7168 0.5753 0.3941
vn 0.9994 -0.0287 -0.0189
vn 0.9864 -0.1458 -0.0757
vn 0.8821 -0.4366 -0.1769
vn 0.7150 -0.5868 -0.3800
vn 1.0000 0.0013 0.0031
vn 1.0000 -0.0033 -0.0029
vn 0.9996 -0.0253 -0.0157
vn 0.9997 -0.0235 0.0077
vn 0.9983 -0.0134 0.0566
vn 0.9959 0.0003 0.0902
vn 1.0000 -0.0034 -0.0057
vn 0.9876 -0.1318 -0.0857
vn 0.8855 -0.4106 -0.2174
vn 0.7039 -0.6597 -0.2633
vn 0.5467 -0.7782 -0.3092
vn 0.7364 -0.5345 0.4149
vn 0.7674 -0.6154 0.1797
vn 0.7675 -0.6260 -0.1382
vn 0.7155 0.5871 -0.3787
vn 0.9996 -0.0034 0.0273
vn 0.9983 -0.0064 0.0574
vn 0.9999 0.0045 0.0133
vn 0.9960 0.0868 -0.0218
vn 0.9839 0.1583 -0.0835
vn 0.9512 0.2443 -0.1884
vn 0.9786 0.1569 -0.1330
vn 0.9942 0.0826 -0.0693
vn 0.9992 0.0384 0.0101
vn 0.9997 0.0188 -0.0167
vn 1.0000 0.0015 -0.0016
vn 1.0000 0.0036 -0.0043
vn 0.7305 0.4318 0.5291
vn 0.7071 0.5000 0.5000
vn 0.7552 0.2438 0.6085
vn 0.7194 -0.5391 0.4380
vn 0.7370 -0.4595 0.4957
vn 0.7566 -0.2706 0.5953
vn 0.7552 -0.0153 0.6553
vn 0.7164 -0.5986 0.3584
vn 0.7168 -0.5754 0.3939
vn 0.9994 0.0286 -0.0189
vn 0.7674 0.6155 0.1797
vn 0.7674 0.6260 -0.1382
vn 0.7340 0.5667 -0.3743
vn 0.6954 0.5746 -0.4317
vn 0.6974 0.6231 -0.3541
vn 0.7238 -0.6321 0.2768
vn 0.7220 -0.6129 0.3210
vn 0.9976 0.0625 -0.0299
vn 0.9994 0.0324 -0.0144
vn 0.9768 0.1967 -0.0848
vn 0.5479 0.7785 -0.3061
vn 0.7017 0.6631 -0.2608
vn 0.6161 0.7010 -0.3591
vn 0.8865 0.4106 -0.2134
vn 0.8822 0.4363 -0.1771
vn 0.9864 0.1458 -0.0757
vn 0.9995 0.0248 -0.0194
vn 0.9876 0.1318 -0.0857
vn 0.9900 0.1118 -0.0858
vn 0.9009 0.3642 -0.2363
vn 0.6402 0.6670 -0.3811
vn 1.0000 -0.0006 0.0017
vn 1.0000 0.0021 -0.0010
vn 0.9995 0.0265 -0.0172
vn 0.9977 0.0506 -0.0458
vn 0.9935 0.0884 -0.0712
vn 0.9210 0.3146 -0.2299
vn 0.6745 0.6215 -0.3984
vn 0.9866 0.1558 -0.0482
vn 0.9970 0.0594 0.0493
vn 0.9937 0.1066 0.0337
vn 0.9986 0.0101 0.0512
vn 0.8845 0.3550 -0.3027
vn 0.9723 0.1749 -0.1552
vn 0.9482 0.2484 -0.1979
vn 0.8178 0.4525 -0.3557
vn 0.7539 0.5281 -0.3908
vn 0.7364 0.5345 0.4148
vn 0.9954 0.0005 0.0962
vn 0.9923 0.0203 0.1221
vn 0.9853 0.0972 0.1404
vn 1.0000 -0.0007 0.0028
vn 0.7243 -0.5377 -0.4316
vn 0.7245 0.5378 -0.4311
vn 0.7391 0.4251 -0.5225
vn 0.7391 -0.4251 -0.5225
vn 0.7391 0.2684 -0.6179
vn 0.7321 0.1075 -0.6726
vn 0.7391 -0.2684 -0.6179
vn 0.7321 -0.1075 -0.6726
vn 0.9357 0.0237 0.3519
vn 0.9078 0.0014 0.4194
vn 0.8752 0.0025 0.4837
vn 0.9367 -0.0110 0.3499
vn 0.9024 -0.0064 0.4308
vn 0.9356 0.0018 0.3532
vn 0.9418 0.0001 0.3362
vn 0.8657 -0.0020 0.5005
vn 0.8760 -0.0001 0.4823
vn 1.0000 0.0029 0.0081
vn 1.0000 0.0006 0.0033
vn 1.0000 0.0002 0.0039
vn 1.0000 -0.0000 0.0042
vn 1.0000 -0.0018 0.0097
vn 0.9696 0.0387 0.2415
vn 0.9811 -0.0041 0.1937
vn 0.9447 0.0024 0.3281
vn 0.9666 -0.0210 0.2556
vn 1.0000 -0.0002 0.0039
vn 1.0000 -0.0030 0.0048
vn 0.9995 -0.0084 0.0295
vn 0.9971 -0.0113 0.0749
vn 0.9905 -0.0164 0.1367
vn 0.9992 -0.0024 0.0400
vn 0.9926 -0.0124 0.1205
vn 0.9841 -0.0215 0.1760
vn 0.9814 -0.0099 0.1919
vn 0.9706 -0.0411 0.2370
vn 0.9713 -0.0339 0.2353
vn 0.9508 -0.0236 0.3090
vn 0.9660 0.0107 0.2582
vn 0.9423 -0.0069 0.3348
vn 0.9971 0.0109 0.0755
vn 0.9842 0.0120 0.1769
vn 0.9898 0.0102 0.1418
vn 0.9474 0.0092 0.3201
vn 0.9683 0.0237 0.2486
vn 0.9995 0.0057 0.0322
vn 0.9926 0.0124 0.1205
vn 0.9992 0.0024 0.0400
vn 0.9891 0.0070 0.1473
vn 0.9991 -0.0000 0.0428
vn 0.9875 -0.0000 0.1575
vn 0.9891 -0.0070 0.1473
vn 0.9477 -0.0093 0.3190
vn 0.9692 -0.0176 0.2455
vn -0.0430 0.0885 0.9951
vn -0.0090 0.0462 0.9989
vn -0.0454 0.0689 0.9966
vn 0.7021 0.0239 0.7117
vn -0.0102 0.0629 0.9980
vn -0.0176 0.3826 0.9238
vn -0.0252 0.3730 0.9275
vn -0.0203 0.1852 0.9825
vn -0.6336 -0.2489 0.7325
vn -0.6706 -0.1101 0.7336
vn -0.0001 0.0085 1.0000
vn -0.5801 -0.3678 0.7268
vn 0.1570 -0.6455 0.7475
vn -0.0192 0.0643 0.9977
vn 0.3178 -0.5847 0.7464
vn -0.0279 0.0626 0.9976
vn 0.4555 -0.4815 0.7488
vn 0.0156 -0.6771 0.7357
vn -0.1180 -0.6576 0.7441
vn -0.2536 -0.6209 0.7417
vn -0.3665 -0.5661 0.7384
vn -0.4797 -0.4658 0.7436
vn -0.0118 0.0634 0.9979
vn -0.0056 0.0068 1.0000
vn 0.5250 0.4221 0.7391
vn 0.6180 0.2881 0.7315
vn 0.6549 0.1451 0.7416
vn 0.6741 -0.0022 0.7387
vn -0.0338 0.0581 0.9977
vn 0.6494 -0.1396 0.7475
vn 0.5659 -0.3184 0.7605
vn 0.6852 0.1865 0.7041
vn -0.0007 0.0095 1.0000
vn -0.0013 0.0094 1.0000
vn -0.0055 0.0086 0.9999
vn -0.0383 0.0548 0.9978
vn -0.0062 0.0080 0.9999
vn -0.0412 0.0505 0.9979
vn -0.0063 0.0070 1.0000
vn -0.0397 0.0447 0.9982
vn -0.0056 0.0059 1.0000
vn -0.0337 0.0363 0.9988
vn -0.0059 0.0047 1.0000
vn -0.0940 0.1650 0.9818
vn -0.2164 0.3254 0.9205
vn -0.1102 0.1547 0.9818
vn -0.2156 0.3009 0.9289
vn -0.1183 0.1429 0.9826
vn -0.2250 0.2772 0.9341
vn -0.1113 0.1270 0.9856
vn -0.1650 0.1910 0.9676
vn -0.0918 0.1657 0.9819
vn -0.0847 0.1591 0.9836
vn -0.1026 0.1304 0.9861
vn -0.0915 0.1087 0.9899
vn -0.2211 0.2500 0.9427
vn -0.2141 0.2326 0.9487
vn -0.2007 0.2177 0.9552
vn -0.1714 0.2027 0.9641
vn -0.0404 0.3703 0.9280
vn -0.0561 0.3765 0.9247
vn -0.0360 0.1818 0.9827
vn -0.0681 0.3663 0.9280
vn -0.0824 0.3642 0.9276
vn -0.0548 0.1793 0.9823
vn -0.1211 0.3574 0.9260
vn -0.0760 0.1726 0.9821
vn -0.1559 0.3418 0.9267
vn -0.1838 0.3259 0.9274
vn -0.0042 0.0035 1.0000
vn -0.0205 0.0266 0.9994
vn -0.0016 0.0019 1.0000
vn 0.0020 0.0179 0.9998
vn 0.0020 0.0003 1.0000
vn 0.0187 0.0073 0.9998
vn 0.0115 0.0362 0.9993
vn 0.0463 0.0269 0.9986
vn 0.0124 0.0732 0.9972
vn 0.0673 0.0553 0.9962
vn 0.0030 0.1381 0.9904
vn 0.1098 0.1287 0.9856
vn -0.7649 -0.5509 0.3339
vn -0.9873 0.0342 -0.1551
vn -0.7702 -0.3189 0.5523
vn -0.9879 0.0184 -0.1539
vn -0.7377 -0.0881 0.6693
vn -0.7316 -0.6257 -0.2706
vn -0.7316 -0.5550 -0.3959
vn -0.9664 0.2132 0.1436
vn -0.7316 -0.0719 -0.6779
vn -0.7316 0.0719 -0.6779
vn -0.9664 -0.0307 0.2553
vn -0.7649 0.5509 0.3339
vn -0.9878 -0.0167 -0.1547
vn -0.6074 0.5264 0.5950
vn -0.9876 -0.0310 -0.1539
vn -0.7316 0.1936 0.6536
vn -0.7377 0.0881 0.6693
vn -0.9879 -0.0016 -0.1548
vn -0.9881 0.0075 -0.1536
vn -0.7316 0.6644 0.1527
vn -0.7316 0.6175 0.2887
vn -0.9690 -0.2290 -0.0923
vn -0.6073 -0.5264 0.5950
vn -0.7316 -0.1936 0.6536
vn -0.9869 0.0480 -0.1540
vn -0.7316 -0.6175 0.2887
vn -0.7316 -0.6644 0.1527
vn -0.9674 0.2445 -0.0657
vn -0.7316 0.5550 -0.3958
vn -0.7316 0.6257 -0.2706
vn -0.9663 -0.2298 0.1164
vn -0.7316 -0.3264 0.5985
vn -0.9840 0.0897 -0.1541
vn -0.9864 0.0640 -0.1514
vn -0.7316 -0.5432 0.4119
vn -0.9745 0.1778 -0.1369
vn -0.9757 0.1623 -0.1469
vn -0.9663 -0.0616 0.2498
vn -0.7316 0.2125 -0.6477
vn -0.9672 -0.0849 0.2392
vn -0.7316 0.6685 -0.1333
vn -0.9663 -0.2515 0.0555
vn -0.9662 -0.2427 0.0864
vn -0.7317 0.4447 0.5167
vn -0.9793 -0.1379 -0.1480
vn -0.9776 -0.1518 -0.1458
vn -0.9868 -0.0478 -0.1549
vn -0.9857 -0.0678 -0.1541
vn -0.7316 0.3264 0.5985
vn -0.7316 -0.4447 0.5167
vn -0.7316 -0.6685 -0.1333
vn -0.9664 0.2559 0.0246
vn -0.7316 -0.6816 0.0099
vn -0.9665 0.2567 -0.0060
vn -0.9667 0.2532 -0.0362
vn -0.9664 -0.0000 0.2571
vn -0.9664 0.0307 0.2553
vn -0.7316 -0.2125 -0.6477
vn -0.9664 0.0616 0.2497
vn -0.7316 0.3437 -0.5887
vn -0.9665 -0.1231 0.2251
vn -0.9672 -0.1020 0.2327
vn -0.9663 -0.2135 0.1438
vn -0.9663 -0.1945 0.1684
vn -0.7316 0.4596 -0.5035
vn -0.9663 -0.1730 0.1904
vn -0.9663 -0.1489 0.2098
vn -0.9676 -0.2441 -0.0651
vn -0.9667 -0.2533 -0.0359
vn -0.7316 0.6816 0.0099
vn -0.9664 -0.2571 -0.0059
vn -0.9663 -0.2563 0.0247
vn -0.7316 0.5432 0.4119
vn -0.9845 -0.0828 -0.1546
vn -0.9831 -0.1025 -0.1519
vn -0.9809 -0.1233 -0.1503
vn -0.9769 0.1522 -0.1498
vn -0.9796 0.1295 -0.1538
vn -0.9819 0.1088 -0.1553
vn -0.9664 0.2295 0.1162
vn -0.9663 0.2423 0.0863
vn -0.9664 0.2510 0.0554
vn -0.7316 -0.3437 -0.5887
vn -0.9664 0.1488 0.2096
vn -0.7316 -0.4596 -0.5035
vn -0.9664 0.1728 0.1902
vn -0.9664 0.1943 0.1682
vn -0.9673 0.0849 0.2391
vn -0.9669 0.1035 0.2333
vn -0.9664 0.1225 0.2261
vn -0.9750 -0.1749 -0.1370
vn -0.9728 -0.1939 -0.1267
vn -0.9705 -0.2132 -0.1129
vn -0.9689 0.2297 -0.0914
vn -0.9703 0.2142 -0.1124
vn -0.9717 0.2000 -0.1260
vn -0.1021 -0.1254 0.9868
vn -0.0574 -0.0697 0.9959
vn -0.0091 -0.0518 0.9986
vn -0.1716 -0.1987 0.9649
vn -0.1996 -0.2184 0.9552
vn 0.0169 -0.0818 0.9965
vn 0.0740 -0.0546 0.9958
vn 0.0984 -0.1332 0.9862
vn 0.6882 -0.2157 0.6927
vn 0.6916 -0.1445 0.7077
vn -0.0213 -0.1829 0.9829
vn -0.0104 -0.0632 0.9979
vn -0.0020 -0.0079 1.0000
vn 0.6570 0.0070 0.7538
vn 0.6463 -0.1901 0.7391
vn -0.0058 -0.0063 1.0000
vn 0.6012 -0.3326 0.7266
vn 0.5074 -0.4453 0.7378
vn -0.4835 0.4616 0.7438
vn -0.3713 0.5625 0.7387
vn -0.0193 -0.0645 0.9977
vn -0.2617 0.6182 0.7412
vn -0.1263 0.6544 0.7455
vn 0.0099 0.6770 0.7359
vn 0.1561 0.6420 0.7506
vn -0.0280 -0.0631 0.9976
vn 0.3326 0.5596 0.7591
vn 0.4926 0.4451 0.7478
vn 0.5835 0.3366 0.7390
vn 0.6337 0.2026 0.7465
vn -0.0340 -0.0582 0.9977
vn -0.6357 0.2407 0.7334
vn 0.0001 -0.0084 1.0000
vn -0.6741 0.1059 0.7310
vn -0.7017 0.0232 0.7121
vn -0.0117 -0.0634 0.9979
vn -0.5831 0.3627 0.7269
vn -0.0287 -0.0354 0.9990
vn -0.0044 -0.0046 1.0000
vn -0.0152 -0.0253 0.9996
vn -0.0020 -0.0026 1.0000
vn 0.0012 -0.0144 0.9999
vn 0.0008 -0.0010 1.0000
vn 0.0231 -0.0109 0.9997
vn 0.0046 0.0004 1.0000
vn -0.0374 -0.0546 0.9978
vn -0.0054 -0.0085 0.9999
vn -0.0392 -0.0501 0.9980
vn -0.0058 -0.0078 1.0000
vn -0.0366 -0.0437 0.9984
vn -0.0054 -0.0065 1.0000
vn -0.0054 -0.0050 1.0000
vn -0.0012 -0.0095 1.0000
vn -0.0823 -0.3637 0.9279
vn -0.0359 -0.1814 0.9827
vn -0.0553 -0.1790 0.9823
vn -0.0680 -0.3657 0.9282
vn -0.0537 -0.3834 0.9220
vn -0.0378 -0.3746 0.9264
vn -0.0108 -0.4228 0.9062
vn 0.0018 -0.1367 0.9906
vn -0.0620 -0.1622 0.9848
vn -0.0385 -0.0948 0.9948
vn -0.0920 -0.1612 0.9826
vn -0.1471 -0.1904 0.9706
vn 0.0542 -0.0293 0.9981
vn 0.0204 -0.0348 0.9992
vn -0.0944 -0.1087 0.9896
vn -0.1117 -0.1270 0.9856
vn -0.2122 -0.2319 0.9493
vn -0.2212 -0.2483 0.9431
vn -0.1155 -0.1429 0.9830
vn -0.2244 -0.2779 0.9340
vn -0.1085 -0.1556 0.9818
vn -0.2143 -0.2985 0.9300
vn -0.0939 -0.1651 0.9818
vn -0.2046 -0.3155 0.9266
vn -0.1834 -0.3250 0.9278
vn -0.0758 -0.1731 0.9820
vn -0.1545 -0.3406 0.9274
vn -0.1214 -0.3559 0.9266
vn 0.3923 0.5479 0.7389
vn 0.0098 -0.0038 0.9999
vn -0.1623 -0.6527 0.7400
vn -0.3536 -0.5473 0.7586
vn -0.5523 -0.3189 0.7703
vn -0.6377 -0.0000 0.7703
vn 0.2347 0.6330 0.7377
vn 0.0104 -0.0009 0.9999
vn -0.5523 0.3189 0.7703
vn -0.3582 0.5476 0.7562
vn 0.3929 -0.5572 0.7316
vn 0.2490 -0.6274 0.7379
vn -0.1643 0.6556 0.7370
vn 0.0119 0.0039 0.9999
vn 0.0123 0.0014 0.9999
vn 0.0086 0.0012 1.0000
vn 0.0062 -0.0006 1.0000
vn -0.0212 -0.2455 0.9692
vn -0.1538 -0.2623 0.9527
vn -0.3900 -0.4889 0.7803
vn -0.4400 -0.4882 0.7537
vn -0.3370 -0.3854 0.8590
vn -0.6619 -0.7192 0.2113
vn -0.1000 -0.9874 0.1230
vn -0.0927 -0.9222 0.3755
vn 0.6713 -0.6076 0.4244
vn -0.0763 -0.7540 0.6525
vn 0.6799 -0.4147 0.6047
vn -0.0550 -0.5637 0.8241
vn -0.7885 -0.6066 -0.1017
vn -0.7724 -0.6343 -0.0311
vn -0.7525 -0.6527 0.0876
vn -0.7716 -0.5530 -0.3143
vn -0.7682 -0.4536 -0.4517
vn -0.7059 -0.6889 0.1649
vn -0.6723 -0.7145 0.1936
vn -0.7360 -0.6685 -0.1068
vn -0.6590 -0.6745 0.3328
vn -0.7376 -0.6702 0.0825
vn -0.6460 -0.6521 0.3969
vn -0.7114 -0.6722 0.2053
vn -0.6272 -0.6558 0.4202
vn -0.6763 -0.6835 0.2747
vn -0.5982 -0.6850 0.4160
vn -0.6384 -0.7112 0.2943
vn -0.5910 -0.7490 0.2994
vn -0.5476 -0.6349 0.5450
vn -0.5564 -0.5952 0.5798
vn -0.5497 -0.5852 0.5961
vn -0.5316 -0.6021 0.5957
vn -0.5359 -0.8007 0.2677
vn -0.3293 -0.4013 0.8547
vn -0.3139 -0.4426 0.8400
vn -0.2759 -0.4821 0.8316
vn -0.4717 -0.5097 0.7195
vn -0.4714 -0.5563 0.6844
vn -0.4060 -0.4701 0.7837
vn -0.5316 -0.6659 0.5234
vn -0.3854 -0.4164 0.8234
vn -0.3249 -0.3608 0.8742
vn -0.3004 -0.3233 0.8973
vn -0.2461 -0.2855 0.9263
vn -0.2593 -0.3694 0.8924
vn -0.4312 -0.5282 0.7315
vn -0.4048 -0.5823 0.7051
vn -0.3607 -0.6343 0.6837
vn -0.2267 -0.5132 0.8278
vn -0.2974 -0.6808 0.6693
vn -0.1648 -0.5370 0.8273
vn -0.2231 -0.7177 0.6596
vn -0.1125 -0.5567 0.8231
vn -0.1465 -0.7423 0.6538
vn -0.1773 -0.9067 0.3828
vn -0.2696 -0.8779 0.3957
vn -0.3589 -0.8349 0.4173
vn -0.4358 -0.7811 0.4472
vn -0.4927 -0.7236 0.4834
vn -0.1849 -0.9726 0.1406
vn -0.4706 -0.8535 0.2239
vn -0.3913 -0.9034 0.1752
vn -0.2845 -0.9459 0.1560
vn -0.2879 -0.5121 0.8093
vn -0.3925 -0.5987 0.6982
vn -0.4941 -0.6602 0.5656
vn -0.5805 -0.6979 0.4195
vn -0.1541 -0.3798 0.9121
vn -0.3268 0.3613 0.8733
vn -0.1551 0.2582 0.9536
vn -0.2497 0.2861 0.9251
vn -0.3375 0.3835 0.8597
vn -0.1650 0.5377 0.8269
vn -0.2238 0.7188 0.6582
vn -0.2988 0.6818 0.6677
vn 0.6729 0.6125 0.4148
vn -0.0924 0.9223 0.3752
vn -0.1024 0.9874 0.1205
vn -0.0522 0.5679 0.8214
vn 0.6741 0.4242 0.6047
vn -0.0739 0.7542 0.6525
vn -0.1469 0.7432 0.6528
vn -0.1132 0.5574 0.8225
vn -0.5237 0.6751 0.5196
vn -0.4236 0.5319 0.7332
vn -0.4928 0.7230 0.4841
vn -0.4068 0.5832 0.7031
vn -0.4366 0.7809 0.4468
vn -0.3624 0.6353 0.6819
vn -0.3600 0.8348 0.4165
vn -0.2705 0.8780 0.3950
vn -0.1779 0.9069 0.3821
vn -0.5482 0.5841 0.5986
vn -0.5283 0.6059 0.5948
vn -0.3819 0.4908 0.7831
vn -0.5848 0.6943 0.4195
vn -0.4956 0.6548 0.5707
vn -0.4006 0.5959 0.6960
vn -0.2829 0.5077 0.8137
vn -0.1403 0.3849 0.9122
vn -0.2769 0.4827 0.8309
vn -0.2277 0.5136 0.8273
vn -0.3314 0.4008 0.8541
vn -0.5515 0.6249 0.5525
vn -0.4714 0.5087 0.7204
vn -0.4864 0.5479 0.6806
vn -0.3866 0.4150 0.8236
vn -0.4106 0.4542 0.7906
vn -0.3060 0.3209 0.8963
vn -0.3131 0.4430 0.8401
vn -0.5554 0.5944 0.5816
vn -0.4387 0.4870 0.7553
vn -0.2564 0.3691 0.8934
vn -0.0094 0.2507 0.9680
vn -0.5911 0.7489 0.2995
vn -0.5338 0.8019 0.2685
vn -0.6408 0.7151 0.2794
vn -0.6832 0.6847 0.2536
vn -0.7666 0.5540 -0.3246
vn -0.7717 0.6331 -0.0603
vn -0.7456 0.4541 -0.4878
vn -0.8055 0.5888 -0.0678
vn -0.7443 0.6639 0.0729
vn -0.7560 0.6524 -0.0529
vn -0.7368 0.6702 0.0890
vn -0.7069 0.6793 0.1971
vn -0.1826 0.9732 0.1400
vn -0.2908 0.9438 0.1571
vn -0.3976 0.9023 0.1666
vn -0.4685 0.8552 0.2217
vn -0.6779 0.7043 0.2108
vn -0.6582 0.6714 0.3405
vn -0.6445 0.6510 0.4010
vn -0.6259 0.6558 0.4222
vn -0.6027 0.6819 0.4144
vn -0.6441 -0.7155 -0.2705
vn -0.5395 -0.7869 -0.2996
vn -0.5453 -0.8116 -0.2095
vn -0.6418 0.7153 -0.2766
vn -0.7247 0.6434 -0.2466
vn -0.6978 0.6935 -0.1792
vn -0.4216 -0.8474 -0.3228
vn -0.2908 -0.8933 -0.3429
vn -0.3479 -0.9070 -0.2371
vn -0.4163 0.8466 -0.3315
vn -0.5436 0.7821 -0.3045
vn -0.5461 0.8111 -0.2096
vn 0.6442 -0.7389 -0.1975
vn 0.3803 0.8604 -0.3392
vn 0.3665 0.8988 -0.2407
vn 0.9977 0.0081 0.0670
vn 0.9977 0.0162 0.0655
vn 0.9755 0.0527 0.2135
vn 0.7212 0.6924 -0.0210
vn 0.7228 0.6869 -0.0758
vn 0.9977 -0.0673 0.0065
vn 0.7201 -0.6537 0.2325
vn 0.9977 0.0675 -0.0016
vn 0.7254 -0.6797 0.1083
vn 0.9977 0.0667 -0.0096
vn 0.7242 -0.6655 0.1808
vn 0.9977 0.0648 -0.0176
vn 0.7249 -0.6848 -0.0753
vn 0.7209 -0.6926 -0.0251
vn 0.7224 -0.6909 0.0283
vn 0.9977 0.0672 0.0065
vn 0.9977 0.0659 0.0145
vn 0.7259 -0.6712 -0.1502
vn 0.9977 0.0636 0.0226
vn 0.7228 -0.6528 -0.2266
vn 0.7213 -0.6340 -0.2790
vn 0.9977 0.0602 0.0305
vn 0.7252 -0.6104 -0.3185
vn 0.9977 0.0560 0.0377
vn 0.7225 -0.5858 -0.3673
vn 0.7201 -0.3710 -0.5863
vn 0.7206 -0.4093 -0.5596
vn 0.9977 0.0391 0.0551
vn 0.7205 -0.4561 -0.5224
vn 0.9977 0.0454 0.0500
vn 0.7198 -0.4901 -0.4917
vn 0.9977 0.0511 0.0442
vn 0.7235 -0.5240 -0.4494
vn 0.7195 -0.5618 -0.4083
vn 0.7240 -0.3228 -0.6096
vn 0.9977 0.0320 0.0594
vn 0.7196 -0.2750 -0.6376
vn 0.9977 0.0242 0.0630
vn 0.7195 -0.2350 -0.6536
vn 0.7216 -0.1778 -0.6691
vn 0.9977 -0.0080 0.0671
vn 0.7228 0.0774 -0.6867
vn 0.7259 -0.0017 -0.6878
vn 0.7193 0.2744 -0.6381
vn 0.7220 0.2302 -0.6525
vn 0.9977 -0.0242 0.0630
vn 0.7251 0.1768 -0.6655
vn 0.7201 0.4901 -0.4912
vn 0.7205 0.4559 -0.5225
vn 0.9977 -0.0454 0.0500
vn 0.7206 0.4092 -0.5597
vn 0.7206 0.6363 -0.2754
vn 0.7214 0.6140 -0.3202
vn 0.9977 -0.0603 0.0305
vn 0.7197 0.5859 -0.3726
vn 0.7258 0.6706 -0.1534
vn 0.7246 0.6510 -0.2262
vn 0.9977 -0.0659 0.0145
vn 0.9977 -0.0636 0.0226
vn 0.9755 -0.2072 0.0738
vn 0.9977 -0.0668 -0.0096
vn 0.9977 -0.0650 -0.0177
vn 0.7264 0.6792 0.1049
vn 0.7233 0.6664 0.1811
vn 0.7197 0.6539 0.2334
vn 0.9760 0.2104 -0.0570
vn 0.9756 0.2171 -0.0313
vn 0.9755 0.2199 -0.0052
vn 0.9755 0.2190 0.0211
vn 0.9755 0.2148 0.0474
vn 0.9755 0.2072 0.0738
vn 0.9755 0.1963 0.0993
vn 0.9755 0.1824 0.1229
vn 0.9755 0.1663 0.1440
vn 0.9755 0.1479 0.1628
vn 0.9755 0.1273 0.1794
vn 0.9755 0.1042 0.1937
vn 0.9755 0.0790 0.2053
vn 0.8711 -0.4381 0.2218
vn 0.9755 -0.1963 0.0993
vn 0.9760 -0.2104 -0.0571
vn 0.9756 -0.2171 -0.0313
vn 0.9755 -0.2199 -0.0052
vn 0.8755 0.4666 -0.1256
vn 0.8724 0.4838 -0.0693
vn 0.8712 0.4908 -0.0114
vn 0.8709 0.4891 0.0470
vn 0.8710 0.4797 0.1058
vn 0.8711 0.4626 0.1647
vn 0.8711 0.4381 0.2218
vn 0.8711 0.4073 0.2743
vn 0.8711 0.3713 0.3214
vn 0.8711 0.3303 0.3635
vn 0.8711 0.2842 0.4005
vn 0.8711 0.2327 0.4324
vn 0.8711 0.1764 0.4583
vn 0.6281 -0.6455 0.4347
vn 0.8711 -0.4073 0.2743
vn 0.9755 -0.1824 0.1229
vn 0.9977 -0.0561 0.0377
vn 0.7197 0.5613 -0.4086
vn 0.8754 -0.4667 -0.1258
vn 0.8724 -0.4838 -0.0694
vn 0.8712 -0.4908 -0.0115
vn 0.8710 -0.4891 0.0470
vn 0.6436 0.7391 -0.1988
vn 0.6328 0.7665 -0.1096
vn 0.6284 0.7777 -0.0181
vn 0.6275 0.7751 0.0745
vn 0.6278 0.7601 0.1677
vn 0.6281 0.7331 0.2610
vn 0.6281 0.6943 0.3514
vn 0.6281 0.6454 0.4347
vn 0.6280 0.5884 0.5094
vn 0.6280 0.5234 0.5760
vn 0.6280 0.4503 0.6347
vn 0.6281 0.3687 0.6852
vn 0.6281 0.2795 0.7262
vn 0.3392 -0.7112 0.6157
vn 0.6280 -0.5884 0.5094
vn 0.8711 -0.3713 0.3215
vn 0.9755 -0.1663 0.1440
vn 0.9977 -0.0511 0.0442
vn 0.7240 0.5236 -0.4490
vn 0.6328 -0.7665 -0.1098
vn 0.6284 -0.7777 -0.0182
vn 0.6275 -0.7751 0.0745
vn 0.6279 -0.7600 0.1677
vn 0.3393 0.3378 0.8779
vn 0.3393 0.4458 0.8284
vn 0.3392 0.5443 0.7672
vn 0.3391 0.6326 0.6963
vn 0.3391 0.7112 0.6158
vn 0.3392 0.7803 0.5254
vn 0.3393 0.8393 0.4248
vn 0.3392 0.8862 0.3155
vn 0.3389 0.9188 0.2026
vn 0.3383 0.9367 0.0899
vn 0.3398 0.9402 -0.0220
vn 0.3473 0.9284 -0.1326
vn 0.0833 -0.6701 0.7376
vn 0.3392 -0.6326 0.6963
vn 0.6280 -0.5233 0.5760
vn 0.8711 -0.3303 0.3635
vn 0.9755 -0.1479 0.1628
vn 0.3798 -0.8609 -0.3386
vn 0.3652 -0.8995 -0.2400
vn 0.3473 -0.9283 -0.1329
vn 0.3398 -0.9402 -0.0222
vn 0.3384 -0.9367 0.0898
vn 0.3389 -0.9188 0.2026
vn 0.3393 -0.8862 0.3155
vn 0.1503 0.9212 -0.3590
vn 0.1122 0.9604 -0.2551
vn 0.0918 0.9858 -0.1403
vn 0.0838 0.9962 -0.0234
vn 0.0821 0.9921 0.0950
vn 0.0826 0.9732 0.2144
vn 0.0831 0.9388 0.3342
vn 0.0832 0.8891 0.4500
vn 0.0831 0.8266 0.5566
vn 0.0831 0.7534 0.6523
vn 0.0831 0.6701 0.7376
vn 0.0832 0.5766 0.8128
vn 0.0832 0.4722 0.8775
vn 0.0832 0.3579 0.9300
vn -0.1500 -0.5721 0.8064
vn 0.0833 -0.5766 0.8128
vn 0.3392 -0.5443 0.7672
vn 0.6280 -0.4503 0.6347
vn 0.8711 -0.2842 0.4005
vn 0.9755 -0.1273 0.1794
vn 0.9977 -0.0391 0.0551
vn 0.7197 0.3715 -0.5865
vn 0.1482 -0.9207 -0.3610
vn 0.1124 -0.9601 -0.2559
vn 0.0920 -0.9858 -0.1407
vn 0.0840 -0.9962 -0.0236
vn 0.0824 -0.9921 0.0950
vn 0.0829 -0.9732 0.2145
vn 0.0834 -0.9388 0.3342
vn 0.0833 -0.8891 0.4500
vn -0.0955 0.9282 -0.3595
vn -0.1268 0.9591 -0.2530
vn -0.1433 0.9799 -0.1388
vn -0.1497 0.9885 -0.0232
vn -0.1511 0.9840 0.0941
vn -0.1507 0.9654 0.2126
vn -0.1504 0.9314 0.3315
vn -0.1504 0.8821 0.4465
vn -0.1503 0.8200 0.5522
vn -0.1503 0.7474 0.6471
vn -0.1502 0.6648 0.7317
vn -0.1503 0.5721 0.8063
vn -0.1503 0.4685 0.8706
vn -0.1503 0.3551 0.9227
vn -0.3632 -0.4415 0.8204
vn -0.1501 -0.4685 0.8706
vn 0.0833 -0.4722 0.8775
vn 0.3393 -0.4458 0.8283
vn 0.6281 -0.3687 0.6852
vn 0.8711 -0.2327 0.4324
vn 0.9755 -0.1042 0.1937
vn 0.9977 -0.0320 0.0595
vn 0.7234 0.3231 -0.6102
vn -0.0918 -0.9276 -0.3622
vn -0.1261 -0.9590 -0.2538
vn -0.1428 -0.9799 -0.1393
vn -0.1493 -0.9885 -0.0234
vn -0.1507 -0.9841 0.0940
vn -0.1503 -0.9655 0.2127
vn -0.1500 -0.9314 0.3315
vn -0.1500 -0.8821 0.4465
vn -0.1499 -0.8201 0.5523
vn -0.2966 0.8880 -0.3514
vn -0.3490 0.9067 -0.2368
vn -0.3593 0.9241 -0.1304
vn -0.3631 0.9315 -0.0218
vn -0.3639 0.9272 0.0885
vn -0.3638 0.9097 0.2002
vn -0.3637 0.8776 0.3123
vn -0.3637 0.8311 0.4207
vn -0.3636 0.7727 0.5204
vn -0.3634 0.7043 0.6098
vn -0.3634 0.6265 0.6895
vn -0.3634 0.5391 0.7598
vn -0.3635 0.4415 0.8203
vn -0.3635 0.3346 0.8694
vn -0.5505 -0.2998 0.7791
vn -0.3633 -0.3346 0.8695
vn -0.1501 -0.3551 0.9227
vn 0.0833 -0.3579 0.9300
vn 0.3393 -0.3378 0.8779
vn 0.6281 -0.2795 0.7262
vn 0.8711 -0.1764 0.4583
vn 0.9755 -0.0790 0.2053
vn -0.3586 -0.9243 -0.1307
vn -0.3624 -0.9317 -0.0219
vn -0.3633 -0.9275 0.0885
vn -0.3632 -0.9099 0.2003
vn -0.3631 -0.8778 0.3124
vn -0.3631 -0.8313 0.4208
vn -0.3630 -0.7729 0.5205
vn -0.3629 -0.7045 0.6099
vn -0.5494 0.8274 -0.1164
vn -0.5507 0.8345 -0.0195
vn -0.5509 0.8308 0.0792
vn -0.5510 0.8150 0.1793
vn -0.5510 0.7862 0.2797
vn -0.5510 0.7446 0.3769
vn -0.5508 0.6923 0.4662
vn -0.5507 0.6311 0.5464
vn -0.5506 0.5614 0.6178
vn -0.5507 0.4830 0.6808
vn -0.5508 0.3955 0.7350
vn -0.5508 0.2998 0.7789
vn -0.6955 -0.1721 0.6976
vn -0.5505 -0.2000 0.8105
vn -0.3632 -0.2232 0.9046
vn -0.1501 -0.2368 0.9599
vn 0.0833 -0.2387 0.9675
vn 0.3393 -0.2253 0.9133
vn 0.6281 -0.1864 0.7555
vn 0.8711 -0.1176 0.4768
vn 0.9755 -0.0527 0.2135
vn 0.9977 -0.0162 0.0656
vn 0.7213 0.1323 -0.6799
vn -0.5486 -0.8279 -0.1166
vn -0.5499 -0.8350 -0.0196
vn -0.5502 -0.8313 0.0793
vn -0.5503 -0.8155 0.1794
vn -0.5503 -0.7866 0.2799
vn -0.5503 -0.7450 0.3771
vn -0.5502 -0.6926 0.4664
vn -0.5501 -0.6313 0.5466
vn -0.5501 -0.5616 0.6181
vn -0.6962 0.7108 -0.0998
vn -0.6958 0.7181 -0.0167
vn -0.6957 0.7151 0.0682
vn -0.6958 0.7014 0.1543
vn -0.6960 0.6765 0.2407
vn -0.6960 0.6407 0.3243
vn -0.6958 0.5957 0.4012
vn -0.6956 0.5431 0.4702
vn -0.6956 0.4831 0.5317
vn -0.6957 0.4157 0.5859
vn -0.6958 0.3404 0.6325
vn -0.6958 0.2580 0.6703
vn -0.7963 -0.0724 0.6006
vn -0.6954 -0.0860 0.7135
vn -0.5504 -0.0999 0.8289
vn -0.3632 -0.1115 0.9250
vn -0.1501 -0.1183 0.9816
vn 0.0832 -0.1192 0.9894
vn 0.3392 -0.1125 0.9340
vn 0.6280 -0.0931 0.7726
vn 0.8711 -0.0587 0.4876
vn 0.9755 -0.0263 0.2184
vn -0.7231 -0.6457 -0.2453
vn -0.6970 -0.6943 -0.1793
vn -0.6955 -0.7116 -0.0999
vn -0.6951 -0.7187 -0.0167
vn -0.6950 -0.7157 0.0683
vn -0.6952 -0.7021 0.1545
vn -0.6953 -0.6771 0.2409
vn -0.6953 -0.6412 0.3246
vn -0.6952 -0.5962 0.4015
vn -0.6951 -0.5435 0.4706
vn -0.6951 -0.4834 0.5321
vn -0.6953 -0.4159 0.5862
vn -0.8035 0.5564 -0.2118
vn -0.8006 0.5798 -0.1514
vn -0.7978 0.5970 -0.0840
vn -0.7967 0.6042 -0.0141
vn -0.7964 0.6020 0.0574
vn -0.7966 0.5904 0.1299
vn -0.7967 0.5693 0.2026
vn -0.7967 0.5392 0.2729
vn -0.7966 0.5014 0.3377
vn -0.7965 0.4571 0.3958
vn -0.7965 0.4066 0.4475
vn -0.7965 0.3499 0.4931
vn -0.7966 0.2865 0.5323
vn -0.7966 0.2171 0.5642
vn -0.8570 -0.0000 0.5154
vn -0.7963 -0.0000 0.6050
vn -0.6954 -0.0000 0.7187
vn -0.5504 -0.0000 0.8349
vn -0.3632 -0.0000 0.9317
vn -0.1501 -0.0000 0.9887
vn 0.0832 -0.0000 0.9965
vn 0.3391 -0.0000 0.9407
vn 0.6279 -0.0000 0.7783
vn 0.8711 -0.0000 0.4911
vn 0.9755 -0.0000 0.2200
vn 0.9977 -0.0000 0.0675
vn 0.7248 -0.0775 -0.6846
vn -0.8044 -0.5552 -0.2116
vn -0.7997 -0.5809 -0.1513
vn -0.7972 -0.5979 -0.0839
vn -0.7961 -0.6050 -0.0140
vn -0.7959 -0.6027 0.0575
vn -0.7961 -0.5911 0.1301
vn -0.7962 -0.5700 0.2028
vn -0.7962 -0.5398 0.2732
vn -0.7961 -0.5019 0.3380
vn -0.7961 -0.4575 0.3961
vn -0.7961 -0.4070 0.4479
vn -0.7962 -0.3501 0.4935
vn -0.7963 -0.2866 0.5326
vn -0.8682 0.4626 -0.1794
vn -0.8617 0.4905 -0.1303
vn -0.8586 0.5075 -0.0723
vn -0.8573 0.5146 -0.0122
vn -0.8571 0.5128 0.0490
vn -0.8572 0.5029 0.1108
vn -0.8574 0.4849 0.1726
vn -0.8574 0.4592 0.2324
vn -0.8572 0.4271 0.2876
vn -0.8571 0.3894 0.3371
vn -0.8571 0.3464 0.3812
vn -0.8572 0.2980 0.4200
vn -0.8572 0.2440 0.4534
vn -0.8569 0.1849 0.4812
vn -0.8674 -0.4631 -0.1818
vn -0.8611 -0.4916 -0.1299
vn -0.8581 -0.5084 -0.0720
vn -0.8569 -0.5154 -0.0120
vn -0.8566 -0.5136 0.0492
vn -0.8568 -0.5036 0.1109
vn -0.8570 -0.4856 0.1728
vn -0.8570 -0.4598 0.2328
vn -0.8569 -0.4276 0.2880
vn -0.8568 -0.3898 0.3375
vn -0.8568 -0.3467 0.3816
vn -0.8569 -0.2983 0.4204
vn -0.8567 -0.2451 0.4540
vn -0.8565 -0.1846 0.4821
vn 0.8711 0.1176 0.4768
vn 0.6281 0.1864 0.7555
vn 0.3393 0.2253 0.9133
vn 0.0832 0.2387 0.9675
vn -0.1502 0.2368 0.9599
vn -0.3634 0.2232 0.9045
vn -0.5507 0.2000 0.8104
vn -0.6956 0.1721 0.6975
vn -0.7965 0.1448 0.5871
vn -0.8572 0.1234 0.5001
vn 0.9755 0.0263 0.2184
vn 0.8711 0.0587 0.4876
vn 0.6280 0.0931 0.7726
vn 0.3392 0.1125 0.9340
vn 0.0832 0.1192 0.9894
vn -0.1501 0.1183 0.9816
vn -0.3632 0.1115 0.9250
vn -0.5505 0.0999 0.8289
vn -0.6955 0.0860 0.7134
vn -0.7963 0.0724 0.6005
vn -0.8570 0.0616 0.5116
vn 0.7208 -0.1284 -0.6812
vn -0.8570 -0.0616 0.5116
vn -0.7964 -0.1449 0.5872
vn -0.6955 -0.2580 0.6706
vn -0.5505 -0.3956 0.7352
vn -0.3631 -0.5391 0.7599
vn -0.1499 -0.6649 0.7318
vn 0.0833 -0.7534 0.6523
vn 0.3392 -0.7803 0.5254
vn 0.6281 -0.6942 0.3514
vn 0.8711 -0.4626 0.1647
vn 0.9755 -0.2148 0.0474
vn -0.8571 -0.1234 0.5002
vn -0.7964 -0.2172 0.5644
vn -0.6955 -0.3405 0.6328
vn -0.5503 -0.4831 0.6810
vn -0.3630 -0.6266 0.6896
vn -0.1499 -0.7475 0.6471
vn 0.0833 -0.8266 0.5566
vn 0.3394 -0.8393 0.4248
vn 0.6281 -0.7331 0.2610
vn 0.8711 -0.4796 0.1058
vn 0.9755 -0.2190 0.0211
vn 0.9977 -0.0676 -0.0017
vn 0.7254 0.6878 0.0276
vn -0.3188 -0.5523 0.7703
vn -0.0040 -0.6395 0.7688
vn -0.6684 -0.0842 0.7390
vn -0.6646 0.0702 0.7439
vn -0.0121 0.6433 0.7655
vn -0.3189 0.5523 0.7703
vn 0.9741 0.2252 0.0222
vn -0.2038 0.7704 -0.6042
vn -0.2685 0.7753 -0.5717
vn -0.5938 0.6064 -0.5288
vn -0.7004 0.5600 -0.4425
vn -0.6818 0.5916 -0.4303
vn -0.5579 0.6581 -0.5055
vn -0.5350 0.7076 -0.4616
vn -0.3183 0.7952 -0.5161
vn -0.3620 0.7467 -0.5581
vn -0.0570 0.8945 -0.4434
vn -0.3849 0.8297 -0.4042
vn -0.3809 0.7944 -0.4732
vn -0.6469 0.6682 -0.3674
vn -0.6482 0.6863 -0.3298
vn 0.0224 0.8333 -0.5523
vn 0.1615 0.7958 -0.5837
vn -0.1155 0.8003 -0.5884
vn 0.3083 0.7623 -0.5691
vn -0.1044 0.7829 -0.6133
vn 0.4083 0.7564 -0.5110
vn 0.0809 0.8347 -0.5447
vn 0.1123 0.8044 -0.5833
vn 0.3672 0.8032 -0.4691
vn -0.5665 0.6359 -0.5241
vn -0.6317 0.5700 -0.5255
vn -0.7257 0.4957 -0.4770
vn -0.7326 0.5151 -0.4450
vn -0.7378 0.4972 -0.4566
vn -0.7823 0.4376 -0.4432
vn 0.6013 0.7147 -0.3572
vn -0.5179 0.6432 -0.5640
vn -0.7617 0.4398 -0.4758
vn 0.7206 0.5489 -0.4235
vn 0.8933 0.3587 -0.2708
vn 0.8112 0.4690 -0.3494
vn 0.9504 0.2777 -0.1404
vn 0.8820 0.4116 -0.2294
vn 0.7109 0.5957 -0.3737
vn 0.6281 0.6259 -0.4623
vn 0.7825 0.5770 -0.2339
vn 0.9161 0.3898 -0.0937
vn 0.2849 0.8548 -0.4339
vn 0.3566 0.7998 -0.4829
vn 0.5054 0.7100 -0.4903
vn 0.2899 0.7924 -0.5367
vn 0.6114 0.6327 -0.4752
vn 0.4053 0.7360 -0.5423
vn -0.0019 0.8624 -0.5061
vn -0.6760 0.6153 -0.4055
vn -0.8694 0.2625 -0.4186
vn -0.8360 0.3451 -0.4266
vn -0.8356 0.3305 -0.4388
vn -0.7887 0.4158 -0.4529
vn -0.6954 0.5076 -0.5087
vn -0.4360 0.6840 -0.5849
vn 0.7122 -0.5973 -0.3689
vn 0.6314 -0.6212 -0.4641
vn 0.3098 -0.7605 -0.5706
vn 0.7243 -0.5494 -0.4165
vn 0.6247 -0.6194 -0.4755
vn 0.4084 -0.7333 -0.5437
vn 0.8963 -0.3499 -0.2725
vn 0.8821 -0.4116 -0.2293
vn 0.9161 -0.3910 -0.0892
vn 0.9739 -0.2251 0.0297
vn 0.9529 -0.2695 -0.1390
vn 0.2872 -0.7968 -0.5317
vn 0.5133 -0.7080 -0.4850
vn 0.3624 -0.7985 -0.4806
vn 0.2801 -0.8564 -0.4338
vn -0.5906 -0.6058 -0.5331
vn -0.2685 -0.7748 -0.5724
vn -0.2032 -0.7704 -0.6044
vn -0.7763 -0.4215 -0.4687
vn -0.8321 -0.3355 -0.4417
vn -0.6988 -0.5050 -0.5066
vn -0.7616 -0.4412 -0.4746
vn -0.5175 -0.6434 -0.5641
vn -0.4406 -0.6831 -0.5825
vn -0.6315 -0.5699 -0.5258
vn -0.7236 -0.4947 -0.4813
vn -0.1034 -0.7820 -0.6146
vn -0.3605 -0.7304 -0.5801
vn -0.5938 -0.6159 -0.5178
vn -0.7340 -0.5088 -0.4499
vn -0.7804 -0.4419 -0.4424
vn -0.8101 -0.3966 -0.4317
vn -0.8304 -0.3591 -0.4260
vn -0.8537 -0.3123 -0.4168
vn -0.8741 -0.2530 -0.4146
vn -0.3115 -0.7938 -0.5224
vn -0.3633 -0.7479 -0.5555
vn -0.1158 -0.8020 -0.5860
vn -0.0512 -0.8930 -0.4471
vn -0.3819 -0.8284 -0.4097
vn -0.0023 -0.8638 -0.5039
vn -0.3232 -0.8174 -0.4769
vn 0.0183 -0.8360 -0.5483
vn -0.6946 -0.5509 -0.4627
vn -0.5757 -0.6513 -0.4943
vn -0.6777 -0.6020 -0.4223
vn -0.5354 -0.6993 -0.4736
vn -0.5301 -0.7328 -0.4265
vn -0.6497 -0.6831 -0.3336
vn -0.6816 -0.6322 -0.3684
vn -0.6753 -0.6244 -0.3926
vn 0.1568 -0.7985 -0.5812
vn 0.8112 -0.4690 -0.3494
vn 0.1100 -0.8025 -0.5864
vn 0.0796 -0.8350 -0.5444
vn 0.4122 -0.7540 -0.5114
vn 0.3671 -0.8036 -0.4684
vn 0.5978 -0.7135 -0.3654
vn 0.7878 -0.5694 -0.2347
vn 0.7979 -0.0055 0.6027
vn 0.5807 -0.1119 0.8064
vn 0.6059 -0.0497 0.7940
vn 0.6913 -0.0506 0.7208
vn 0.6908 0.0496 0.7213
vn 0.6039 0.0521 0.7954
vn 0.5807 0.1119 0.8064
vn 0.4671 0.1001 0.8785
vn 0.3923 0.1892 0.9001
vn 0.2380 0.1661 0.9570
vn 0.3585 0.0777 0.9303
vn 0.5160 0.0489 0.8552
vn 0.4290 0.0363 0.9026
vn 0.5140 0.0154 0.8577
vn 0.4646 0.0142 0.8854
vn 0.2721 0.0488 0.9610
vn 0.3424 0.0236 0.9393
vn 0.3790 0.0102 0.9253
vn 0.4753 -0.0000 0.8798
vn 0.5468 -0.0010 0.8373
vn 0.4510 -0.0166 0.8924
vn 0.5173 -0.0428 0.8548
vn 0.4280 -0.0345 0.9031
vn 0.3586 -0.0776 0.9303
vn 0.4671 -0.1000 0.8785
vn 0.3935 -0.1866 0.9002
vn 0.2422 -0.1637 0.9563
vn 0.8638 -0.0133 0.5036
vn 0.8250 -0.0308 0.5643
vn 0.8243 -0.0083 0.5661
vn 0.7652 -0.0421 0.6425
vn 0.9064 -0.0432 0.4202
vn 0.9498 -0.1180 0.2897
vn 0.8620 -0.0773 0.5010
vn 0.7890 -0.0998 0.6062
vn 0.6939 -0.1113 0.7114
vn 0.5433 -0.2004 0.8153
vn 0.9486 0.1194 0.2930
vn 0.5442 0.2006 0.8146
vn 0.6887 0.1988 0.6972
vn 0.6939 0.1113 0.7114
vn 0.8072 0.1845 0.5607
vn 0.7890 0.0998 0.6062
vn 0.8940 0.1583 0.4192
vn 0.8620 0.0773 0.5010
vn 0.9098 0.0427 0.4128
vn 0.7657 0.0417 0.6419
vn 0.8250 0.0308 0.5643
vn 0.8659 0.0084 0.5002
vn 0.8140 0.0159 0.5807
vn 0.7418 -0.0021 0.6706
vn 0.6842 0.0010 0.7293
vn 0.6201 -0.0000 0.7845
vn 0.3892 0.0008 0.9212
vn 0.3763 -0.0084 0.9264
vn 0.3363 -0.0216 0.9415
vn 0.2601 -0.0462 0.9645
vn 0.8943 -0.1654 0.4158
vn 0.8063 -0.1899 0.5601
vn 0.6871 -0.2015 0.6980
vn 0.5969 -0.3682 0.7128
vn 0.4911 -0.4787 0.7278
vn 0.0830 -0.0019 0.9966
vn 0.3872 -0.5800 0.7167
vn 0.2707 -0.6390 0.7200
vn 0.1220 -0.6698 0.7324
vn -0.0159 -0.6873 0.7262
vn 0.0226 0.6800 0.7328
vn 0.1982 0.6643 0.7207
vn 0.0848 0.0041 0.9964
vn 0.3455 0.6098 0.7133
vn 0.4576 0.5170 0.7233
vn 0.6772 0.1683 0.7162
vn 0.0996 0.0015 0.9950
vn 0.6353 0.3048 0.7095
vn 0.5613 0.4127 0.7174
vn 0.7076 0.0232 0.7062
vn 0.6917 -0.1076 0.7141
vn 0.6516 -0.2479 0.7169
vn 0.1698 0.0332 0.9849
vn 0.2421 0.0162 0.9701
vn 0.2839 0.0077 0.9588
vn 0.2968 0.0017 0.9549
vn 0.2840 -0.0035 0.9588
vn 0.2430 -0.0104 0.9700
vn 0.1742 -0.0220 0.9845
vn 0.1046 0.0146 0.9944
vn 0.1540 0.0077 0.9880
vn 0.1869 0.0041 0.9824
vn 0.1975 0.0017 0.9803
vn 0.1861 -0.0005 0.9825
vn 0.1531 -0.0044 0.9882
vn 0.1045 -0.0121 0.9944
vn 0.0419 0.0035 0.9991
vn 0.0643 0.0012 0.9979
vn 0.0679 0.0004 0.9977
vn 0.0470 -0.0025 0.9989
vn -0.9167 -0.0648 -0.3942
vn -0.9168 -0.0408 -0.3972
vn -0.8922 -0.0434 -0.4496
vn -0.8827 0.1885 -0.4304
vn -0.8599 0.2580 -0.4403
vn -0.8473 0.2447 -0.4714
vn -0.9002 0.0904 -0.4261
vn -0.8863 0.0908 -0.4541
vn -0.9152 0.0608 -0.3983
vn -0.8138 0.2250 -0.5358
vn -0.8210 -0.1563 -0.5492
vn -0.8144 -0.2163 -0.5385
vn -0.7938 -0.1934 -0.5767
vn -0.7945 -0.2821 -0.5378
vn -0.7716 -0.3525 -0.5294
vn -0.7750 -0.2941 -0.5594
vn -0.8098 -0.0573 -0.5839
vn -0.7988 -0.1240 -0.5887
vn -0.8010 -0.1208 -0.5863
vn -0.8236 -0.0524 -0.5647
vn -0.8273 -0.0000 -0.5618
vn -0.8488 -0.0000 -0.5287
vn -0.8237 0.0524 -0.5647
vn -0.8176 0.1594 -0.5532
vn -0.8021 0.1137 -0.5862
vn -0.7932 0.1956 -0.5767
vn -0.7764 0.3002 -0.5541
vn -0.7778 0.2684 -0.5683
vn -0.7578 0.3442 -0.5543
vn -0.8136 0.1071 -0.5715
vn -0.8460 0.0477 -0.5310
vn -0.8695 0.0450 -0.4919
vn -0.8712 -0.0000 -0.4910
vn -0.8923 0.0438 -0.4494
vn -0.8934 -0.0001 -0.4492
vn -0.9172 -0.0003 -0.3983
vn -0.9163 0.0389 -0.3987
vn -0.8978 0.1904 -0.3972
vn -0.9089 0.1391 -0.3930
vn -0.7849 0.2675 -0.5589
vn -0.8000 0.1734 -0.5743
vn -0.8266 0.1626 -0.5387
vn -0.8385 0.0991 -0.5358
vn -0.8540 0.1556 -0.4965
vn -0.8644 0.0943 -0.4938
vn -0.8756 0.1509 -0.4588
vn -0.8947 0.1425 -0.4232
vn -0.8474 -0.2455 -0.4708
vn -0.8610 -0.2566 -0.4392
vn -0.8834 -0.1890 -0.4288
vn -0.8959 -0.1960 -0.3986
vn -0.9138 -0.0994 -0.3939
vn -0.9003 -0.0840 -0.4270
vn -0.8865 -0.0909 -0.4537
vn -0.7852 -0.2622 -0.5611
vn -0.8085 -0.2510 -0.5322
vn -0.8266 -0.1626 -0.5387
vn -0.8316 -0.2444 -0.4987
vn -0.8540 -0.1556 -0.4965
vn -0.8756 -0.1509 -0.4589
vn -0.8949 -0.1427 -0.4229
vn -0.9083 -0.1401 -0.3942
vn -0.8695 -0.0450 -0.4919
vn -0.8644 -0.0943 -0.4938
vn -0.8460 -0.0477 -0.5310
vn -0.8385 -0.0991 -0.5358
vn -0.8136 -0.1071 -0.5715
vn -0.8000 -0.1734 -0.5744
vn -0.7984 0.1147 -0.5911
vn -0.8083 0.0580 -0.5860
vn -0.8142 -0.0003 -0.5806
vn -0.9141 0.0968 -0.3938
vn -0.8307 0.2457 -0.4995
vn -0.8076 0.2543 -0.5321
vn 0.1352 0.2775 0.9512
vn -0.0134 0.4284 0.9035
vn -0.1800 0.5756 0.7977
vn -0.3224 0.6771 0.6615
vn -0.4432 0.7381 0.5087
vn -0.5542 0.7669 0.3236
vn -0.6600 0.7481 0.0691
vn -0.7326 0.6404 -0.2305
vn -0.7678 0.4784 -0.4263
vn 0.3032 0.3121 0.9003
vn 0.1579 0.4879 0.8585
vn -0.0316 0.6658 0.7455
vn -0.2076 0.7823 0.5873
vn -0.3620 0.8387 0.4069
vn -0.5018 0.8421 0.1976
vn -0.6292 0.7748 -0.0619
vn -0.7178 0.6155 -0.3255
vn -0.7522 0.4331 -0.4966
vn 0.4846 0.3356 0.8078
vn 0.3637 0.5356 0.7621
vn 0.1671 0.7505 0.6394
vn -0.0445 0.8854 0.4626
vn -0.2426 0.9337 0.2635
vn -0.4235 0.9046 0.0484
vn -0.5858 0.7891 -0.1851
vn -0.7040 0.5933 -0.3903
vn -0.7605 0.4042 -0.5082
vn 0.6607 0.3382 0.6701
vn 0.5757 0.5496 0.6054
vn 0.3931 0.7908 0.4692
vn 0.1568 0.9452 0.2865
vn -0.0876 0.9921 0.0895
vn -0.3204 0.9413 -0.1064
vn -0.5318 0.7947 -0.2926
vn -0.6903 0.5786 -0.4345
vn -0.7715 0.3864 -0.5055
vn 0.8038 0.3182 0.5027
vn 0.7482 0.5219 0.4096
vn 0.5915 0.7635 0.2591
vn 0.3543 0.9314 0.0838
vn 0.0801 0.9926 -0.0916
vn -0.2016 0.9467 -0.2514
vn -0.4694 0.7954 -0.3835
vn -0.6749 0.5721 -0.4660
vn -0.7823 0.3772 -0.4957
vn 0.9001 0.2835 0.3308
vn 0.8566 0.4693 0.2147
vn 0.7204 0.6912 0.0571
vn 0.5004 0.8595 -0.1044
vn 0.2256 0.9409 -0.2527
vn -0.0836 0.9229 -0.3759
vn -0.4011 0.7922 -0.4600
vn -0.6558 0.5746 -0.4897
vn -0.7908 0.3774 -0.4819
vn 0.9534 0.2461 0.1745
vn 0.9078 0.4166 0.0489
vn 0.7804 0.6162 -0.1062
vn 0.5792 0.7749 -0.2531
vn 0.3226 0.8677 -0.3782
vn 0.0141 0.8803 -0.4743
vn -0.3312 0.7843 -0.5245
vn -0.6281 0.5853 -0.5127
vn -0.7918 0.3873 -0.4723
vn 0.1350 -0.2804 0.9503
vn -0.0093 -0.4293 0.9031
vn -0.1771 -0.5759 0.7981
vn -0.3214 -0.6773 0.6618
vn -0.4423 -0.7380 0.5096
vn -0.5537 -0.7665 0.3254
vn -0.6605 -0.7463 0.0826
vn -0.7389 -0.6408 -0.2082
vn -0.7632 -0.4751 -0.4378
vn 0.2986 -0.3152 0.9008
vn 0.1573 -0.4881 0.8585
vn -0.0309 -0.6654 0.7459
vn -0.2071 -0.7821 0.5878
vn -0.3613 -0.8384 0.4081
vn -0.5015 -0.8418 0.1995
vn -0.6294 -0.7754 -0.0513
vn -0.7214 -0.6175 -0.3136
vn -0.7561 -0.4349 -0.4891
vn 0.4814 -0.3373 0.8090
vn 0.3625 -0.5355 0.7628
vn 0.1675 -0.7496 0.6403
vn -0.0440 -0.8851 0.4634
vn -0.2421 -0.9334 0.2648
vn -0.4234 -0.9046 0.0503
vn -0.5855 -0.7908 -0.1783
vn -0.7061 -0.5947 -0.3845
vn -0.7627 -0.4049 -0.5042
vn 0.6588 -0.3382 0.6720
vn 0.5751 -0.5489 0.6066
vn 0.3943 -0.7895 0.4704
vn 0.1575 -0.9449 0.2871
vn -0.0872 -0.9921 0.0903
vn -0.3205 -0.9414 -0.1051
vn -0.5315 -0.7962 -0.2891
vn -0.6918 -0.5788 -0.4317
vn -0.7729 -0.3863 -0.5033
vn 0.8032 -0.3160 0.5051
vn 0.7490 -0.5201 0.4104
vn 0.5935 -0.7619 0.2594
vn 0.3554 -0.9309 0.0837
vn 0.0809 -0.9925 -0.0913
vn -0.2018 -0.9468 -0.2508
vn -0.4698 -0.7959 -0.3819
vn -0.6771 -0.5712 -0.4639
vn -0.7839 -0.3766 -0.4936
vn 0.9002 -0.2789 0.3345
vn 0.8580 -0.4666 0.2147
vn 0.7220 -0.6897 0.0562
vn 0.5014 -0.8588 -0.1050
vn 0.2260 -0.9407 -0.2530
vn -0.0839 -0.9229 -0.3758
vn -0.4028 -0.7920 -0.4588
vn -0.6593 -0.5729 -0.4869
vn -0.7930 -0.3763 -0.4792
vn 0.9546 -0.2412 0.1746
vn 0.9092 -0.4139 0.0444
vn 0.7809 -0.6150 -0.1096
vn 0.5798 -0.7741 -0.2541
vn 0.3228 -0.8674 -0.3786
vn 0.0133 -0.8804 -0.4740
vn -0.3357 -0.7839 -0.5223
vn -0.6343 -0.5831 -0.5075
vn -0.7875 -0.3913 -0.4761
vn -0.8977 0.3293 -0.2929
vn -0.9467 0.1310 -0.2944
vn -0.7714 0.5245 -0.3603
vn -0.7928 0.4751 -0.3817
vn -0.8537 0.3998 -0.3336
vn -0.9392 0.1495 -0.3092
vn -0.9178 0.2060 -0.3395
vn -0.9312 0.1646 -0.3253
vn -0.9204 0.1816 -0.3463
vn -0.8732 0.2781 -0.4002
vn -0.8950 0.2230 -0.3864
vn -0.8996 0.2374 -0.3665
vn -0.9103 0.1993 -0.3628
vn -0.8226 0.3912 -0.4128
vn -0.8604 0.3196 -0.3970
vn -0.8576 0.3451 -0.3813
vn -0.8865 0.2775 -0.3704
vn -0.8948 0.2888 -0.3404
vn -0.9103 0.2386 -0.3382
vn -0.9316 0.1961 -0.3061
vn -0.8203 0.4189 -0.3894
vn -0.8852 0.3729 -0.2782
vn -0.8357 0.4464 -0.3199
vn -0.7985 0.5406 -0.2651
vn -0.7387 0.5802 -0.3431
vn -0.8186 0.4946 -0.2920
vn -0.8746 0.4115 -0.2565
vn -0.9214 0.2399 -0.3056
vn -0.8746 0.3453 -0.3404
vn -0.9101 0.2855 -0.3005
vn -0.8649 0.4483 -0.2257
vn -0.9468 -0.1328 -0.2931
vn -0.9365 0.0377 -0.3487
vn -0.9365 0.0001 -0.3507
vn -0.9494 -0.0000 -0.3140
vn -0.9314 -0.1636 -0.3251
vn -0.9354 -0.1392 -0.3252
vn -0.9216 -0.1794 -0.3443
vn -0.9139 -0.1706 -0.3684
vn -0.9091 -0.2005 -0.3651
vn -0.8934 -0.2173 -0.3933
vn -0.9331 -0.1188 -0.3395
vn -0.9211 -0.1296 -0.3670
vn -0.9489 -0.0336 -0.3136
vn -0.9359 -0.0390 -0.3502
vn -0.9473 -0.0690 -0.3129
vn -0.9355 -0.0781 -0.3446
vn -0.9445 -0.1082 -0.3103
vn -0.9273 -0.0797 -0.3659
vn -0.9442 0.1055 -0.3119
vn -0.9331 0.1188 -0.3394
vn -0.9473 0.0693 -0.3128
vn -0.9364 0.0789 -0.3419
vn -0.9489 0.0342 -0.3136
vn -0.9347 0.1407 -0.3264
vn -0.9158 0.1672 -0.3652
vn -0.9400 -0.1463 -0.3083
vn -0.9260 0.0865 -0.3674
vn -0.9208 0.1313 -0.3672
vn -0.8806 -0.2681 -0.3907
vn -0.8633 -0.4530 -0.2227
vn -0.7982 -0.5406 -0.2659
vn -0.8064 -0.5078 -0.3030
vn -0.8736 -0.4138 -0.2559
vn -0.8844 -0.3745 -0.2786
vn -0.8297 -0.4577 -0.3195
vn -0.8512 -0.4039 -0.3352
vn -0.8975 -0.3296 -0.2929
vn -0.9098 -0.2856 -0.3011
vn -0.8719 -0.3497 -0.3428
vn -0.8980 -0.2398 -0.3690
vn -0.8844 -0.2833 -0.3709
vn -0.8625 -0.3171 -0.3943
vn -0.8243 -0.3898 -0.4106
vn -0.9191 -0.2038 -0.3371
vn -0.9102 -0.2387 -0.3385
vn -0.8925 -0.2927 -0.3433
vn -0.8568 -0.3446 -0.3837
vn -0.8192 -0.4193 -0.3913
vn -0.7811 -0.4899 -0.3872
vn -0.7749 -0.5234 -0.3543
vn -0.9220 -0.2380 -0.3053
vn -0.9327 -0.1909 -0.3060
vn 0.6849 -0.6526 0.3241
vn 0.6777 -0.7199 0.1496
vn 0.6777 -0.7336 -0.0502
vn 0.6777 -0.6929 -0.2462
vn 0.6861 -0.5869 -0.4300
vn 0.6777 -0.4641 -0.5704
vn 0.6777 -0.2930 -0.6745
vn 0.6848 -0.1238 -0.7181
vn 0.6668 -0.0000 -0.7452
vn 0.6848 0.1238 -0.7181
vn 0.6777 0.2929 -0.6744
vn 0.6777 0.4640 -0.5704
vn 0.6868 0.5835 -0.4335
vn 0.6823 0.6927 -0.2336
vn 0.6777 0.7336 -0.0502
vn 0.6777 0.7200 0.1496
vn 0.6854 0.6542 0.3197
vn 0.6831 0.5244 0.5083
vn 0.6777 -0.5374 0.5019
vn 0.6777 -0.3821 0.6283
vn 0.6777 -0.1984 0.7081
vn 0.6777 -0.0000 0.7353
vn 0.6777 0.1984 0.7081
vn 0.6777 0.3821 0.6283
vn 0.9359 -0.0000 0.3522
vn 0.9348 -0.0984 0.3412
vn 0.9340 -0.1903 0.3023
vn 0.9335 -0.2679 0.2384
vn 0.9332 -0.3245 0.1545
vn 0.9330 -0.3552 0.0576
vn 0.9330 -0.3571 -0.0444
vn 0.9330 -0.3301 -0.1430
vn 0.9331 -0.2763 -0.2300
vn 0.9333 -0.2000 -0.2984
vn 0.9334 -0.1075 -0.3423
vn 0.9334 -0.0080 -0.3588
vn 0.9309 0.1040 -0.3502
vn 0.9309 0.1992 -0.3060
vn 0.9310 0.2779 -0.2366
vn 0.9311 0.3333 -0.1478
vn 0.9313 0.3611 -0.0472
vn 0.9316 0.3590 0.0567
vn 0.9320 0.3275 0.1552
vn 0.9326 0.2697 0.2399
vn 0.9334 0.1907 0.3038
vn 0.9346 0.0978 0.3420
vn 0.0963 -0.8476 -0.5218
vn 0.0987 -0.8362 -0.5395
vn -0.0150 -0.8920 -0.4518
vn 0.1059 -0.9306 -0.3503
vn 0.0329 -0.9592 -0.2809
vn 0.1023 -0.9802 -0.1695
vn 0.1036 -0.9918 -0.0742
vn 0.1026 -0.9867 0.1260
vn 0.0103 -0.9994 0.0319
vn 0.0611 -0.8618 0.5035
vn 0.0999 -0.9047 0.4142
vn 0.1021 -0.9413 0.3217
vn -0.0011 -0.9751 0.2218
vn 0.1022 -0.8084 0.5797
vn -0.0186 -0.7489 0.6624
vn 0.1015 -0.6714 0.7341
vn 0.0987 -0.5558 0.8254
vn 0.1005 -0.4322 0.8962
vn -0.0080 -0.3405 0.9402
vn 0.0997 -0.2397 0.9657
vn 0.0012 -0.1606 0.9870
vn 0.1022 -0.0486 0.9936
vn 0.1023 0.0486 0.9936
vn 0.1025 0.2437 0.9644
vn 0.0248 0.1531 0.9879
vn 0.1015 0.6714 0.7341
vn 0.0959 0.5578 0.8244
vn 0.0962 0.4320 0.8967
vn -0.0099 0.3391 0.9407
vn 0.1008 0.8098 0.5780
vn -0.0186 0.7489 0.6624
vn -0.0012 0.9751 0.2218
vn 0.1050 0.9403 0.3239
vn 0.1025 0.9054 0.4120
vn 0.0551 0.8604 0.5066
vn 0.1025 0.9867 0.1260
vn 0.0103 0.9994 0.0319
vn 0.1021 0.9921 -0.0730
vn 0.1011 0.9801 -0.1707
vn 0.0939 0.8470 -0.5233
vn 0.0989 0.8365 -0.5390
vn -0.0165 0.8920 -0.4518
vn 0.1004 0.9285 -0.3575
vn 0.0419 0.9616 -0.2714
vn 0.1285 -0.6272 0.7682
vn 0.0965 -0.7857 0.6110
vn 0.1304 -0.7939 0.5938
vn 0.0970 -0.6824 0.7245
vn 0.1315 -0.8476 0.5141
vn 0.1255 -0.8945 0.4290
vn 0.1289 -0.9295 0.3455
vn 0.1292 -0.9591 0.2520
vn 0.1293 -0.9786 0.1600
vn 0.1300 -0.9893 0.0659
vn 0.1315 -0.9908 -0.0319
vn 0.1273 -0.9836 -0.1279
vn 0.1284 -0.9674 -0.2183
vn 0.1304 -0.9415 -0.3107
vn 0.1310 -0.9065 -0.4014
vn 0.1244 -0.8632 -0.4893
vn 0.1282 -0.8152 -0.5648
vn 0.1303 -0.7556 -0.6420
vn 0.1317 -0.6905 -0.7112
vn 0.1312 -0.6185 -0.7748
vn 0.1315 -0.5402 -0.8312
vn 0.1294 -0.4584 -0.8793
vn 0.1305 -0.3734 -0.9185
vn 0.1310 -0.2829 -0.9502
vn 0.1315 -0.1885 -0.9732
vn 0.1276 -0.0935 -0.9874
vn 0.1285 -0.0015 -0.9917
vn 0.1304 0.0942 -0.9870
vn 0.1311 0.1905 -0.9729
vn 0.1250 0.2856 -0.9502
vn 0.1282 0.3702 -0.9200
vn 0.1303 0.4585 -0.8791
vn 0.1319 0.5405 -0.8309
vn 0.1312 0.6185 -0.7748
vn 0.1314 0.6908 -0.7110
vn 0.1296 0.7557 -0.6420
vn 0.1307 0.8129 -0.5676
vn 0.1311 0.8639 -0.4863
vn 0.1315 0.9073 -0.3995
vn 0.1280 0.9420 -0.3102
vn 0.1287 0.9667 -0.2210
vn 0.1304 0.9833 -0.1270
vn 0.1311 0.9909 -0.0298
vn 0.1254 0.9898 0.0676
vn 0.1276 0.9793 0.1571
vn 0.1303 0.9589 0.2521
vn 0.1322 0.9300 0.3429
vn 0.1322 0.8925 0.4312
vn 0.1329 0.8468 0.5150
vn 0.1303 0.6791 0.7224
vn 0.1322 0.7935 0.5940
vn 0.0970 0.6296 0.7708
vn 0.0966 0.7857 0.6110
vn 0.9909 0.1076 0.0806
vn 0.9945 -0.0897 -0.0540
vn 0.9909 0.1149 0.0699
vn 0.9957 -0.0791 -0.0484
vn 0.9909 0.1210 0.0585
vn 0.9957 -0.0862 -0.0344
vn 0.9957 -0.0927 -0.0037
vn 0.9909 0.1327 0.0216
vn 0.9957 -0.0907 -0.0193
vn 0.9909 0.1300 0.0343
vn 0.9909 0.1261 0.0466
vn 0.9957 -0.0920 0.0120
vn 0.9909 0.1343 -0.0042
vn 0.9909 0.1341 0.0088
vn 0.9909 -0.1311 -0.0298
vn 0.9957 0.0887 0.0273
vn 0.9957 0.0920 0.0120
vn 0.9957 0.0791 -0.0484
vn 0.9909 -0.1210 0.0585
vn 0.9957 0.0862 -0.0344
vn 0.9909 -0.1261 0.0466
vn 0.9957 0.0907 -0.0193
vn 0.9945 0.0897 -0.0540
vn 0.9909 -0.1076 0.0806
vn 0.9909 -0.1149 0.0698
vn 0.9935 -0.1089 0.0318
vn 0.9935 -0.1108 -0.0245
vn 0.9943 -0.0850 0.0645
vn 0.9903 -0.0869 0.1088
vn 0.9957 0.0927 -0.0037
vn 0.9909 -0.1344 -0.0042
vn 0.9909 -0.1333 -0.0171
vn 0.9891 0.0034 0.1469
vn 0.9891 -0.0546 0.1364
vn 0.9891 0.0609 0.1337
vn 0.9900 0.0960 0.1034
vn 0.9957 -0.0887 0.0273
vn 0.9909 0.1311 -0.0298
vn 0.9909 0.1333 -0.0171
vn 0.9957 -0.0828 0.0419
vn 0.9909 0.1229 -0.0543
vn 0.9909 0.1276 -0.0422
vn 0.9957 -0.0641 0.0670
vn 0.9909 0.1024 -0.0871
vn 0.9957 -0.0745 0.0553
vn 0.9909 0.1103 -0.0768
vn 0.9909 0.1172 -0.0659
vn 0.9957 -0.0079 0.0924
vn 0.9909 0.0257 -0.1319
vn 0.9957 -0.0233 0.0898
vn 0.9909 0.0383 -0.1288
vn 0.9957 -0.0382 0.0846
vn 0.9957 0.0079 0.0924
vn 0.9909 -0.0000 -0.1344
vn 0.9909 0.0129 -0.1338
vn 0.9957 0.0519 0.0769
vn 0.9909 -0.0622 -0.1191
vn 0.9957 0.0382 0.0846
vn 0.9909 -0.0505 -0.1246
vn 0.9957 0.0233 0.0898
vn 0.9909 -0.1300 0.0343
vn 0.9909 -0.1327 0.0216
vn 0.9909 -0.1341 0.0088
vn 0.9935 0.1108 -0.0245
vn 0.9935 0.1089 0.0318
vn 0.9943 0.0850 0.0645
vn 0.9945 0.0657 0.0817
vn 0.9910 -0.0974 0.0917
vn 0.9957 -0.0519 0.0769
vn 0.9909 0.0839 -0.1051
vn 0.9909 0.0936 -0.0965
vn 0.9909 -0.0383 -0.1288
vn 0.9909 -0.0257 -0.1319
vn 0.9909 -0.0129 -0.1338
vn 0.9939 0.0411 0.1025
vn 0.9939 -0.0026 0.1104
vn 0.9939 -0.0458 0.1005
vn 0.9909 0.0505 -0.1246
vn 0.9909 0.0622 -0.1192
vn 0.9909 0.0734 -0.1126
vn 0.9957 0.0641 0.0670
vn 0.9909 -0.0838 -0.1050
vn 0.9909 -0.0734 -0.1126
vn 0.9909 -0.1276 -0.0422
vn 0.9909 -0.1230 -0.0543
vn 0.9957 0.0828 0.0419
vn 0.9909 -0.1172 -0.0659
vn 0.9957 0.0745 0.0552
vn 0.9909 -0.1103 -0.0768
vn 0.9909 -0.1024 -0.0871
vn 0.9909 -0.0936 -0.0965
vn -0.6841 -0.4758 0.5528
vn -0.6841 -0.3492 0.6403
vn -0.6841 -0.2071 0.6994
vn -0.7527 -0.6559 -0.0577
vn -0.2610 -0.8591 0.4404
vn -0.7702 -0.3189 -0.5523
vn -0.6841 -0.6695 -0.2895
vn -0.6841 -0.7153 -0.1426
vn -0.6841 -0.6607 0.3089
vn -0.6841 -0.5812 0.4407
vn -0.6841 0.3492 0.6403
vn -0.6841 0.2071 0.6994
vn -0.7430 0.6653 -0.0730
vn -0.2389 0.8592 0.4525
vn -0.6841 -0.7293 0.0106
vn -0.6841 -0.7108 0.1634
vn -0.6841 0.7108 0.1634
vn -0.6841 0.7293 0.0106
vn -0.6841 0.7153 -0.1426
vn -0.6841 0.6695 -0.2895
vn -0.6841 0.4758 0.5528
vn -0.6841 0.5812 0.4407
vn -0.6841 0.6607 0.3089
vn -0.7461 0.6454 -0.1634
vn -0.7461 0.5574 -0.3642
vn -0.6841 0.5938 -0.4235
vn -0.7461 0.4090 -0.5254
vn -0.7461 -0.2162 -0.6298
vn -0.6841 -0.3678 -0.6299
vn -0.7461 -0.4090 -0.5254
vn -0.6841 -0.4917 -0.5387
vn -0.7461 -0.5574 -0.3642
vn -0.6841 -0.5938 -0.4235
vn -0.7461 -0.6455 -0.1635
vn -0.7461 0.2162 -0.6298
vn -0.6841 0.0769 -0.7253
vn -0.7461 -0.0000 -0.6658
vn -0.6841 -0.0769 -0.7253
vn -0.6841 -0.2274 -0.6930
vn -0.7461 0.3169 0.5856
vn -0.7461 0.1096 0.6567
vn -0.7461 -0.3169 0.5856
vn -0.7461 -0.4899 0.4509
vn -0.7461 -0.6097 0.2675
vn -0.7461 -0.6636 0.0550
vn -0.6841 0.4917 -0.5387
vn -0.6841 0.3678 -0.6299
vn -0.6841 0.2274 -0.6930
vn -0.7461 0.6635 0.0550
vn -0.7461 0.6097 0.2675
vn -0.7461 0.4899 0.4509
vn -0.7461 -0.1096 0.6567
vn -0.7377 -0.0881 -0.6693
vn -0.7377 0.0881 -0.6694
vn -0.5523 0.3189 -0.7703
vn -0.6386 0.0009 -0.7696
vn -0.3192 -0.5547 -0.7684
vn -0.0009 -0.6400 -0.7684
vn -0.5547 -0.3194 -0.7683
vn 0.3204 -0.5548 -0.7678
vn 0.5548 -0.3202 -0.7679
vn 0.0008 0.6382 -0.7698
vn -0.3190 0.5546 -0.7685
vn -0.5548 0.3196 -0.7682
vn 0.6404 -0.0000 -0.7680
vn -0.6387 -0.0010 -0.7694
vn -0.5523 -0.3189 -0.7703
vn -0.3188 -0.5523 -0.7703
vn -0.6377 -0.0000 -0.7703
vn 0.5536 0.3205 -0.7687
vn -0.0012 -0.6390 -0.7692
vn 0.5547 0.3202 -0.7680
vn 0.3180 0.5541 -0.7693
vn 0.6405 0.0001 -0.7680
vn 0.3184 -0.5539 -0.7693
vn 0.0001 0.6407 -0.7678
vn 0.5544 -0.3205 -0.7681
vn -0.3210 0.5528 -0.7690
vn -0.3189 0.5523 -0.7703
vn -0.0008 0.6384 -0.7697
vn 0.3197 0.5534 -0.7691
vn 0.6402 -0.0006 -0.7682
vn 0.5527 -0.3203 -0.7694
vn 0.5535 0.3208 -0.7686
vn 0.3204 -0.5527 -0.7694
vn 0.3208 0.5536 -0.7686
vn 0.7461 -0.1096 0.6568
vn 0.7461 0.1096 0.6567
vn 0.7461 0.3169 0.5856
vn 0.7461 0.4899 0.4509
vn 0.7461 0.6097 0.2675
vn 0.7461 0.6635 0.0550
vn 0.7461 0.6455 -0.1635
vn 0.7461 0.5574 -0.3642
vn 0.7461 0.4090 -0.5254
vn 0.7461 0.2162 -0.6298
vn 0.7461 -0.0000 -0.6658
vn 0.7461 -0.3169 0.5856
vn 0.7461 -0.4899 0.4510
vn 0.7461 -0.6097 0.2675
vn 0.7461 -0.6636 0.0550
vn 0.7461 -0.6454 -0.1634
vn 0.7461 -0.5574 -0.3642
vn 0.7461 -0.4090 -0.5254
vn 0.7461 -0.2162 -0.6298
vn 0.0968 0.3702 0.9239
vn 0.0968 -0.0232 0.9950
vn 0.0968 -0.4127 0.9057
vn 0.0965 0.9719 -0.2146
vn 0.0964 0.9555 0.2789
vn 0.0966 -0.9554 0.2790
vn 0.0966 -0.9719 -0.2146
vn 0.1284 0.4112 0.9024
vn 0.1284 0.0231 0.9915
vn 0.1284 -0.3688 0.9206
vn 0.5218 -0.6747 0.5221
vn 0.3161 -0.7489 0.5824
vn 0.3695 -0.8930 0.2570
vn 0.8439 -0.4257 0.3267
vn 0.6992 -0.5651 0.4379
vn 0.6916 -0.6955 0.1946
vn 0.9429 -0.2640 0.2029
vn 0.9142 -0.3910 0.1069
vn 0.9127 -0.3989 -0.0881
vn 0.9183 -0.3381 -0.2059
vn 0.6919 -0.7050 -0.1557
vn 0.6974 -0.6108 -0.3749
vn 0.3722 -0.9063 -0.2001
vn 0.3750 -0.7893 -0.4862
vn 0.3793 -0.7837 -0.4918
vn 0.3814 -0.8615 -0.3351
vn 0.3771 -0.9081 -0.1819
vn 0.3776 -0.9246 -0.0496
vn 0.3794 -0.9176 0.1183
vn 0.3782 -0.8811 0.2839
vn 0.3771 -0.8312 0.4086
vn 0.3794 -0.7472 0.5456
vn 0.3800 -0.6323 0.6751
vn 0.3865 -0.5159 0.7645
vn 0.3787 -0.3910 0.8389
vn 0.3819 -0.2258 0.8962
vn 0.3773 -0.0668 0.9237
vn 0.3772 0.0660 0.9238
vn 0.3793 0.2300 0.8962
vn 0.3788 0.3910 0.8388
vn 0.3864 0.5159 0.7646
vn 0.3800 0.6323 0.6751
vn 0.3806 0.7480 0.5437
vn 0.3774 0.8307 0.4092
vn 0.3782 0.8811 0.2839
vn 0.3793 0.9177 0.1183
vn 0.3776 0.9246 -0.0496
vn 0.3769 0.9084 -0.1811
vn 0.3793 0.8612 -0.3382
vn 0.3750 0.7893 -0.4862
vn 0.3794 0.7837 -0.4918
vn 0.6974 0.6108 -0.3749
vn 0.7124 0.5987 -0.3663
vn 0.7124 0.6518 -0.2600
vn 0.7124 0.6864 -0.1462
vn 0.7124 0.7012 -0.0283
vn 0.7124 0.6959 0.0905
vn 0.7124 0.6706 0.2066
vn 0.7124 0.6262 0.3168
vn 0.7123 0.5638 0.4180
vn 0.7124 0.4851 0.5071
vn 0.7124 0.3925 0.5817
vn 0.7124 0.2887 0.6396
vn 0.7124 0.1766 0.6792
vn 0.7124 0.0594 0.6993
vn 0.7124 -0.0594 0.6993
vn 0.7124 -0.1766 0.6792
vn 0.7124 -0.2887 0.6396
vn 0.7124 -0.3925 0.5817
vn 0.7124 -0.4851 0.5071
vn 0.7124 -0.5637 0.4180
vn 0.7124 -0.6262 0.3168
vn 0.7123 -0.6707 0.2066
vn 0.7124 -0.6959 0.0905
vn 0.7124 -0.7012 -0.0283
vn 0.7124 -0.6864 -0.1462
vn 0.7123 -0.6519 -0.2600
vn 0.7124 -0.5986 -0.3663
vn 0.9183 0.3382 -0.2059
vn 0.9276 0.3187 -0.1950
vn 0.9276 0.3470 -0.1384
vn 0.9276 0.3654 -0.0778
vn 0.9276 0.3733 -0.0151
vn 0.9276 0.3705 0.0482
vn 0.9276 0.3571 0.1100
vn 0.9276 0.3334 0.1687
vn 0.9276 0.3001 0.2225
vn 0.9276 0.2583 0.2700
vn 0.9276 0.2090 0.3097
vn 0.9276 0.1537 0.3405
vn 0.9276 0.0940 0.3616
vn 0.9276 0.0316 0.3723
vn 0.9276 -0.0316 0.3723
vn 0.9276 -0.0940 0.3616
vn 0.9276 -0.1537 0.3405
vn 0.9276 -0.2090 0.3097
vn 0.9276 -0.2583 0.2700
vn 0.9276 -0.3001 0.2226
vn 0.9276 -0.3334 0.1687
vn 0.9276 -0.3571 0.1100
vn 0.9276 -0.3705 0.0482
vn 0.9276 -0.3733 -0.0151
vn 0.9276 -0.3655 -0.0779
vn 0.9276 -0.3471 -0.1384
vn 0.9276 -0.3187 -0.1950
vn 0.4912 -0.5502 0.6752
vn 0.8578 -0.3231 0.3997
vn 0.9127 0.3989 -0.0881
vn 0.9127 0.3922 0.1145
vn 0.9172 0.3159 0.2427
vn 0.6920 0.6930 0.2023
vn 0.6969 0.5669 0.4393
vn 0.3721 0.8910 0.2601
vn 0.3751 0.7316 0.5693
vn 0.6920 0.7049 -0.1557
vn 0.3722 0.9063 -0.2001
vn 0.8565 0.3528 0.3767
vn 0.8517 0.2173 0.4769
vn 0.8517 0.0122 0.5240
vn 0.8517 -0.1949 0.4865
vn 0.4904 0.5976 0.6344
vn 0.4861 0.3624 0.7952
vn 0.4862 0.0203 0.8736
vn 0.4862 -0.3250 0.8112
vn 0.3769 0.5861 0.7172
vn 0.6992 0.4517 0.5541
vn 0.9187 0.2487 0.3068
vn 0.7009 -0.4885 0.5197
vn 0.5237 -0.5824 0.6218
vn 0.4963 -0.6970 0.5175
vn 0.3175 -0.6502 0.6902
vn 0.4966 -0.7416 0.4510
vn 0.4966 -0.7815 0.3777
vn 0.4966 -0.8142 0.3008
vn 0.4966 -0.8393 0.2212
vn 0.4966 -0.8567 0.1395
vn 0.4966 -0.8661 0.0566
vn 0.4967 -0.8675 -0.0269
vn 0.4966 -0.8609 -0.1102
vn 0.4966 -0.8464 -0.1924
vn 0.4966 -0.8240 -0.2728
vn 0.4966 -0.7940 -0.3507
vn 0.4966 -0.7566 -0.4254
vn 0.4966 -0.7122 -0.4961
vn 0.4966 -0.6613 -0.5623
vn 0.4966 -0.6042 -0.6232
vn 0.4966 -0.5415 -0.6784
vn 0.4966 -0.4738 -0.7273
vn 0.4966 -0.4017 -0.7694
vn 0.4966 -0.3259 -0.8045
vn 0.4966 -0.2471 -0.8321
vn 0.4966 -0.1660 -0.8520
vn 0.4966 -0.0834 -0.8640
vn 0.4966 -0.0000 -0.8680
vn 0.4966 0.0834 -0.8640
vn 0.4966 0.1660 -0.8520
vn 0.4966 0.2471 -0.8321
vn 0.4966 0.3259 -0.8045
vn 0.4966 0.4017 -0.7694
vn 0.4966 0.4738 -0.7273
vn 0.4966 0.5415 -0.6784
vn 0.4966 0.6042 -0.6232
vn 0.4966 0.6613 -0.5623
vn 0.4966 0.7122 -0.4961
vn 0.4966 0.7566 -0.4254
vn 0.4966 0.7940 -0.3507
vn 0.4966 0.8240 -0.2728
vn 0.4966 0.8464 -0.1924
vn 0.4966 0.8610 -0.1102
vn 0.4966 0.8676 -0.0269
vn 0.4966 0.8662 0.0566
vn 0.4966 0.8567 0.1395
vn 0.4965 0.8394 0.2212
vn 0.4966 0.8142 0.3008
vn 0.4966 0.7815 0.3777
vn 0.4966 0.7416 0.4510
vn 0.4965 0.6949 0.5202
vn 0.8874 -0.3189 0.3329
vn 0.8632 -0.4053 0.3009
vn 0.8626 -0.4322 0.2628
vn 0.8626 -0.4555 0.2201
vn 0.8626 -0.4745 0.1753
vn 0.8626 -0.4892 0.1289
vn 0.8626 -0.4993 0.0813
vn 0.8626 -0.5048 0.0330
vn 0.8626 -0.5056 -0.0157
vn 0.8626 -0.5018 -0.0642
vn 0.8626 -0.4933 -0.1121
vn 0.8626 -0.4802 -0.1590
vn 0.8626 -0.4627 -0.2044
vn 0.8626 -0.4410 -0.2479
vn 0.8626 -0.4151 -0.2892
vn 0.8626 -0.3854 -0.3277
vn 0.8626 -0.3521 -0.3632
vn 0.8626 -0.3156 -0.3954
vn 0.8626 -0.2761 -0.4239
vn 0.8626 -0.2341 -0.4484
vn 0.8626 -0.1900 -0.4688
vn 0.8626 -0.1440 -0.4849
vn 0.8626 -0.0968 -0.4965
vn 0.8626 -0.0486 -0.5035
vn 0.8626 -0.0000 -0.5059
vn 0.8626 0.0486 -0.5035
vn 0.8626 0.0968 -0.4965
vn 0.8626 0.1440 -0.4849
vn 0.8626 0.1900 -0.4689
vn 0.8626 0.2341 -0.4484
vn 0.8626 0.2761 -0.4239
vn 0.8626 0.3156 -0.3954
vn 0.8626 0.3521 -0.3632
vn 0.8626 0.3854 -0.3277
vn 0.8626 0.4151 -0.2891
vn 0.8626 0.4410 -0.2479
vn 0.8626 0.4628 -0.2044
vn 0.8626 0.4802 -0.1590
vn 0.8626 0.4933 -0.1121
vn 0.8626 0.5018 -0.0642
vn 0.8626 0.5056 -0.0157
vn 0.8626 0.5048 0.0330
vn 0.8626 0.4993 0.0813
vn 0.8626 0.4892 0.1289
vn 0.8626 0.4745 0.1753
vn 0.8626 0.4555 0.2201
vn 0.8626 0.4322 0.2628
vn 0.8626 0.4050 0.3032
vn 0.6945 -0.2896 0.6587
vn 0.9149 0.1501 0.3747
vn 0.9149 -0.0094 0.4036
vn 0.9176 -0.1634 0.3624
vn 0.6948 0.2675 0.6676
vn 0.6948 -0.0167 0.7190
vn 0.3742 0.3449 0.8609
vn 0.3741 -0.0216 0.9271
vn 0.3709 -0.3810 0.8469
vn -0.6788 -0.0958 -0.7280
vn -0.6789 0.0958 -0.7280
vn -0.6553 0.7553 -0.0028
vn -0.6550 0.6530 0.3801
vn -0.6789 0.0958 0.7280
vn -0.6789 -0.0959 0.7280
vn -0.6537 -0.6553 0.3786
vn -0.6532 -0.3785 0.6557
vn -0.6533 -0.3785 -0.6557
s 1
f 1//1 2//2 3//3
f 4//4 5//5 6//6
f 7//7 5//5 8//8
f 8//8 5//5 4//4
f 8//8 4//4 9//9
f 9//9 4//4 10//10
f 9//9 10//10 11//11
f 12//12 13//13 14//14
f 14//14 13//13 15//15
f 14//14 15//15 16//16
f 17//17 18//18 19//19
f 19//19 18//18 20//20
f 19//19 20//20 21//21
f 21//21 20//20 22//22
f 21//21 22//22 23//23
f 24//24 25//25 19//19
f 19//19 25//25 26//26
f 19//19 26//26 17//17
f 17//17 26//26 27//27
f 17//17 27//27 28//28
f 28//28 27//27 29//29
f 28//28 29//29 30//30
f 30//30 29//29 31//31
f 30//30 31//31 32//32
f 32//32 31//31 33//33
f 32//32 33//33 12//12
f 12//12 33//33 34//34
f 12//12 34//34 13//13
f 35//35 36//36 37//37
f 38//38 39//39 40//40
f 40//40 39//39 41//41
f 35//35 37//37 42//42
f 42//42 37//37 43//43
f 42//42 43//43 44//44
f 44//44 43//43 45//45
f 44//44 45//45 46//46
f 46//46 45//45 47//47
f 46//46 47//47 38//38
f 38//38 47//47 48//48
f 38//38 48//48 39//39
f 6//6 49//49 4//4
f 4//4 49//49 50//50
f 4//4 50//50 10//10
f 10//10 50//50 51//51
f 10//10 51//51 52//52
f 24//24 19//19 53//53
f 53//53 19//19 21//21
f 53//53 21//21 54//54
f 54//54 21//21 23//23
f 54//54 23//23 55//55
f 2//2 22//22 3//3
f 3//3 22//22 20//20
f 3//3 20//20 56//56
f 56//56 20//20 18//18
f 56//56 18//18 40//40
f 40//40 18//18 17//17
f 40//40 17//17 38//38
f 38//38 17//17 28//28
f 38//38 28//28 46//46
f 46//46 28//28 30//30
f 46//46 30//30 44//44
f 44//44 30//30 32//32
f 44//44 32//32 42//42
f 42//42 32//32 12//12
f 42//42 12//12 35//35
f 35//35 12//12 14//14
f 35//35 14//14 52//52
f 52//52 14//14 16//16
f 52//52 16//16 10//10
f 10//10 16//16 57//57
f 10//10 57//57 11//11
f 41//41 58//58 40//40
f 40//40 58//58 59//59
f 40//40 59//59 56//56
f 56//56 59//59 60//60
f 56//56 60//60 3//3
f 3//3 60//60 61//61
f 3//3 61//61 1//1
f 1//1 61//61 62//62
f 1//1 62//62 63//63
f 64//64 65//65 35//35
f 35//35 65//65 66//66
f 35//35 66//66 36//36
f 51//51 67//67 52//52
f 52//52 67//67 68//68
f 52//52 68//68 35//35
f 35//35 68//68 69//69
f 35//35 69//69 64//64
f 70//70 71//71 72//72
f 73//73 74//74 75//75
f 75//75 74//74 76//76
f 70//70 72//72 77//77
f 78//78 79//79 80//80
f 80//80 79//79 81//81
f 80//80 81//81 82//82
f 78//78 83//83 84//84
f 84//84 83//83 85//85
f 84//84 85//85 86//86
f 87//87 88//88 89//89
f 89//89 88//88 90//90
f 89//89 90//90 91//91
f 91//91 90//90 92//92
f 91//91 92//92 93//93
f 93//93 92//92 94//94
f 93//93 94//94 95//95
f 96//96 74//74 89//89
f 89//89 74//74 73//73
f 89//89 73//73 87//87
f 96//96 97//97 74//74
f 74//74 97//97 98//98
f 74//74 98//98 76//76
f 76//76 98//98 99//99
f 76//76 99//99 100//100
f 93//93 101//101 91//91
f 91//91 101//101 102//102
f 91//91 102//102 89//89
f 89//89 102//102 103//103
f 89//89 103//103 96//96
f 104//104 105//105 106//106
f 106//106 105//105 107//107
f 106//106 107//107 108//108
f 109//109 110//110 111//111
f 111//111 83//83 109//109
f 109//109 83//83 78//78
f 109//109 78//78 112//112
f 112//112 78//78 80//80
f 112//112 80//80 113//113
f 113//113 80//80 82//82
f 113//113 82//82 77//77
f 72//72 114//114 115//115
f 115//115 114//114 108//108
f 115//115 108//108 116//116
f 116//116 108//108 107//107
f 116//116 107//107 117//117
f 77//77 72//72 113//113
f 113//113 72//72 115//115
f 113//113 115//115 112//112
f 112//112 115//115 116//116
f 112//112 116//116 109//109
f 109//109 116//116 117//117
f 109//109 117//117 110//110
f 86//86 118//118 119//119
f 119//119 118//118 120//120
f 111//111 121//121 83//83
f 83//83 121//121 122//122
f 83//83 122//122 85//85
f 85//85 122//122 123//123
f 85//85 123//123 86//86
f 86//86 123//123 124//124
f 86//86 124//124 118//118
f 94//94 125//125 95//95
f 95//95 125//125 126//126
f 95//95 126//126 119//119
f 119//119 126//126 127//127
f 119//119 127//127 86//86
f 86//86 127//127 128//128
f 86//86 128//128 84//84
f 84//84 128//128 129//129
f 84//84 129//129 78//78
f 78//78 129//129 130//130
f 78//78 130//130 79//79
f 120//120 131//131 119//119
f 119//119 131//131 132//132
f 119//119 132//132 95//95
f 95//95 132//132 133//133
f 95//95 133//133 93//93
f 93//93 133//133 134//134
f 93//93 134//134 101//101
f 135//135 136//136 137//137
f 137//137 136//136 138//138
f 137//137 138//138 139//139
f 139//139 138//138 140//140
f 139//139 140//140 141//141
f 141//141 140//140 142//142
f 140//140 143//143 142//142
f 142//142 143//143 144//144
f 142//142 144//144 145//145
f 145//145 144//144 146//146
f 145//145 146//146 147//147
f 147//147 146//146 148//148
f 147//147 148//148 149//149
f 149//149 148//148 150//150
f 149//149 150//150 151//151
f 151//151 150//150 152//152
f 151//151 152//152 153//153
f 153//153 152//152 154//154
f 153//153 154//154 155//155
f 155//155 154//154 156//156
f 155//155 156//156 157//157
f 157//157 156//156 158//158
f 157//157 158//158 159//159
f 159//159 158//158 160//160
f 159//159 160//160 161//161
f 161//161 160//160 162//162
f 161//161 162//162 163//163
f 163//163 162//162 164//164
f 163//163 164//164 165//165
f 165//165 164//164 166//166
f 167//167 168//168 166//166
f 166//166 168//168 169//169
f 166//166 169//169 165//165
f 170//170 171//171 172//172
f 173//173 174//174 175//175
f 176//176 177//177 178//178
f 179//179 180//180 181//181
f 181//181 180//180 182//182
f 182//182 180//180 183//183
f 182//182 183//183 184//184
f 185//185 186//186 187//187
f 187//187 186//186 188//188
f 187//187 188//188 189//189
f 190//190 191//191 192//192
f 192//192 191//191 193//193
f 190//190 194//194 191//191
f 191//191 194//194 195//195
f 191//191 195//195 196//196
f 196//196 197//197 191//191
f 191//191 197//197 198//198
f 191//191 198//198 181//181
f 181//181 198//198 199//199
f 181//181 199//199 179//179
f 191//191 200//200 193//193
f 193//193 200//200 201//201
f 193//193 201//201 202//202
f 202//202 201//201 203//203
f 202//202 203//203 204//204
f 205//205 206//206 207//207
f 207//207 206//206 208//208
f 184//184 185//185 182//182
f 182//182 185//185 187//187
f 182//182 187//187 209//209
f 209//209 187//187 210//210
f 209//209 210//210 211//211
f 210//210 212//212 211//211
f 211//211 212//212 213//213
f 211//211 213//213 214//214
f 214//214 213//213 215//215
f 214//214 215//215 216//216
f 216//216 215//215 217//217
f 216//216 217//217 218//218
f 218//218 217//217 219//219
f 218//218 219//219 220//220
f 220//220 219//219 221//221
f 220//220 221//221 222//222
f 222//222 221//221 223//223
f 208//208 176//176 207//207
f 207//207 176//176 178//178
f 207//207 178//178 200//200
f 200//200 178//178 224//224
f 200//200 224//224 201//201
f 225//225 173//173 226//226
f 226//226 173//173 175//175
f 226//226 175//175 227//227
f 227//227 175//175 228//228
f 227//227 228//228 229//229
f 230//230 171//171 231//231
f 231//231 171//171 170//170
f 231//231 170//170 232//232
f 172//172 233//233 170//170
f 170//170 233//233 234//234
f 170//170 234//234 232//232
f 232//232 234//234 235//235
f 232//232 235//235 236//236
f 237//237 238//238 239//239
f 239//239 238//238 240//240
f 239//239 240//240 241//241
f 240//240 242//242 241//241
f 241//241 242//242 243//243
f 241//241 243//243 244//244
f 244//244 243//243 245//245
f 244//244 245//245 246//246
f 247//247 248//248 249//249
f 250//250 251//251 249//249
f 249//249 251//251 252//252
f 249//249 252//252 247//247
f 253//253 237//237 254//254
f 254//254 237//237 239//239
f 254//254 239//239 255//255
f 255//255 239//239 241//241
f 255//255 241//241 256//256
f 256//256 241//241 244//244
f 256//256 244//244 250//250
f 250//250 244//244 246//246
f 250//250 246//246 251//251
f 257//257 258//258 253//253
f 172//172 238//238 233//233
f 233//233 238//238 237//237
f 233//233 237//237 234//234
f 234//234 237//237 253//253
f 234//234 253//253 235//235
f 235//235 253//253 258//258
f 235//235 258//258 236//236
f 247//247 259//259 248//248
f 248//248 259//259 260//260
f 248//248 260//260 261//261
f 261//261 260//260 262//262
f 261//261 262//262 263//263
f 263//263 262//262 264//264
f 263//263 264//264 228//228
f 228//228 264//264 265//265
f 228//228 265//265 229//229
f 174//174 205//205 175//175
f 175//175 205//205 207//207
f 175//175 207//207 228//228
f 228//228 207//207 200//200
f 228//228 200//200 263//263
f 263//263 200//200 191//191
f 263//263 191//191 261//261
f 261//261 191//191 181//181
f 261//261 181//181 248//248
f 248//248 181//181 182//182
f 248//248 182//182 249//249
f 249//249 182//182 209//209
f 249//249 209//209 250//250
f 250//250 209//209 211//211
f 250//250 211//211 256//256
f 256//256 211//211 214//214
f 256//256 214//214 255//255
f 255//255 214//214 216//216
f 255//255 216//216 254//254
f 254//254 216//216 218//218
f 254//254 218//218 253//253
f 253//253 218//218 220//220
f 253//253 220//220 257//257
f 257//257 220//220 222//222
f 266//266 267//267 268//268
f 269//269 270//270 271//271
f 272//272 273//273 274//274
f 274//274 273//273 275//275
f 276//276 277//277 278//278
f 278//278 277//277 279//279
f 278//278 279//279 280//280
f 281//281 282//282 283//283
f 284//284 285//285 274//274
f 283//283 282//282 274//274
f 274//274 282//282 286//286
f 274//274 286//286 284//284
f 285//285 287//287 274//274
f 274//274 287//287 288//288
f 274//274 288//288 272//272
f 289//289 290//290 291//291
f 292//292 293//293 294//294
f 294//294 293//293 295//295
f 290//290 296//296 291//291
f 291//291 296//296 297//297
f 291//291 297//297 283//283
f 283//283 297//297 298//298
f 283//283 298//298 281//281
f 299//299 300//300 301//301
f 301//301 300//300 269//269
f 302//302 266//266 303//303
f 303//303 266//266 268//268
f 303//303 268//268 304//304
f 304//304 268//268 275//275
f 304//304 275//275 279//279
f 279//279 275//275 273//273
f 279//279 273//273 280//280
f 305//305 306//306 307//307
f 307//307 306//306 308//308
f 307//307 308//308 291//291
f 291//291 308//308 293//293
f 291//291 293//293 289//289
f 289//289 293//293 292//292
f 309//309 310//310 311//311
f 309//309 312//312 310//310
f 310//310 312//312 313//313
f 310//310 313//313 314//314
f 313//313 315//315 314//314
f 314//314 315//315 316//316
f 314//314 316//316 317//317
f 317//317 316//316 318//318
f 317//317 318//318 319//319
f 319//319 318//318 320//320
f 319//319 320//320 321//321
f 322//322 323//323 324//324
f 324//324 323//323 325//325
f 324//324 325//325 326//326
f 320//320 327//327 321//321
f 321//321 327//327 328//328
f 321//321 328//328 329//329
f 329//329 328//328 330//330
f 329//329 330//330 323//323
f 323//323 330//330 331//331
f 323//323 331//331 325//325
f 325//325 331//331 332//332
f 325//325 332//332 326//326
f 322//322 333//333 323//323
f 323//323 333//333 334//334
f 323//323 334//334 329//329
f 329//329 334//334 335//335
f 329//329 335//335 321//321
f 321//321 335//335 336//336
f 321//321 336//336 319//319
f 319//319 336//336 337//337
f 319//319 337//337 317//317
f 269//269 271//271 301//301
f 301//301 271//271 338//338
f 301//301 338//338 339//339
f 338//338 340//340 339//339
f 339//339 340//340 341//341
f 339//339 341//341 342//342
f 342//342 341//341 343//343
f 342//342 343//343 311//311
f 311//311 343//343 344//344
f 311//311 344//344 309//309
f 345//345 346//346 347//347
f 347//347 346//346 348//348
f 347//347 348//348 349//349
f 349//349 348//348 350//350
f 349//349 350//350 351//351
f 351//351 350//350 352//352
f 351//351 352//352 353//353
f 353//353 352//352 354//354
f 353//353 354//354 305//305
f 305//305 354//354 355//355
f 305//305 355//355 306//306
f 326//326 356//356 324//324
f 324//324 356//356 357//357
f 324//324 357//357 322//322
f 322//322 357//357 358//358
f 322//322 358//358 333//333
f 333//333 358//358 345//345
f 333//333 345//345 334//334
f 334//334 345//345 347//347
f 334//334 347//347 335//335
f 335//335 347//347 349//349
f 335//335 349//349 336//336
f 336//336 349//349 351//351
f 336//336 351//351 337//337
f 337//337 351//351 353//353
f 337//337 353//353 317//317
f 317//317 353//353 305//305
f 317//317 305//305 314//314
f 314//314 305//305 307//307
f 314//314 307//307 310//310
f 310//310 307//307 291//291
f 310//310 291//291 311//311
f 311//311 291//291 283//283
f 311//311 283//283 342//342
f 342//342 283//283 274//274
f 342//342 274//274 339//339
f 339//339 274//274 275//275
f 339//339 275//275 301//301
f 301//301 275//275 268//268
f 301//301 268//268 299//299
f 299//299 268//268 267//267
f 359//359 360//360 361//361
f 362//362 363//363 364//364
f 365//365 366//366 367//367
f 368//368 7//7 8//8
f 271//271 270//270 369//369
f 366//366 368//368 367//367
f 367//367 368//368 8//8
f 367//367 8//8 370//370
f 370//370 8//8 9//9
f 9//9 11//11 370//370
f 370//370 11//11 57//57
f 370//370 57//57 371//371
f 371//371 57//57 16//16
f 371//371 16//16 372//372
f 372//372 16//16 15//15
f 372//372 15//15 373//373
f 309//309 344//344 374//374
f 374//374 344//344 343//343
f 374//374 343//343 375//375
f 340//340 338//338 376//376
f 376//376 338//338 271//271
f 376//376 271//271 377//377
f 377//377 271//271 369//369
f 377//377 369//369 378//378
f 375//375 343//343 376//376
f 376//376 343//343 341//341
f 376//376 341//341 340//340
f 379//379 380//380 381//381
f 381//381 380//380 382//382
f 381//381 382//382 383//383
f 383//383 382//382 384//384
f 383//383 384//384 385//385
f 386//386 356//356 326//326
f 379//379 387//387 380//380
f 380//380 387//387 386//386
f 380//380 386//386 388//388
f 388//388 386//386 326//326
f 388//388 326//326 332//332
f 332//332 331//331 389//389
f 389//389 331//331 330//330
f 390//390 391//391 392//392
f 392//392 391//391 389//389
f 392//392 389//389 393//393
f 393//393 389//389 330//330
f 394//394 395//395 396//396
f 328//328 327//327 394//394
f 394//394 327//327 320//320
f 394//394 320//320 395//395
f 320//320 318//318 395//395
f 395//395 318//318 316//316
f 395//395 316//316 397//397
f 397//397 316//316 315//315
f 397//397 315//315 398//398
f 398//398 315//315 313//313
f 398//398 313//313 312//312
f 396//396 395//395 399//399
f 399//399 395//395 397//397
f 399//399 397//397 400//400
f 400//400 397//397 398//398
f 400//400 398//398 401//401
f 402//402 362//362 403//403
f 403//403 362//362 364//364
f 403//403 364//364 404//404
f 404//404 364//364 405//405
f 404//404 405//405 406//406
f 406//406 405//405 407//407
f 406//406 407//407 401//401
f 401//401 407//407 408//408
f 401//401 408//408 400//400
f 400//400 408//408 409//409
f 400//400 409//409 399//399
f 399//399 409//409 410//410
f 399//399 410//410 396//396
f 396//396 410//410 411//411
f 412//412 360//360 413//413
f 413//413 360//360 359//359
f 413//413 359//359 414//414
f 361//361 24//24 359//359
f 359//359 24//24 53//53
f 359//359 53//53 414//414
f 414//414 53//53 54//54
f 414//414 54//54 55//55
f 415//415 26//26 361//361
f 361//361 26//26 25//25
f 361//361 25//25 24//24
f 412//412 416//416 360//360
f 360//360 416//416 417//417
f 360//360 417//417 361//361
f 361//361 417//417 418//418
f 361//361 418//418 415//415
f 385//385 384//384 419//419
f 419//419 384//384 420//420
f 419//419 420//420 421//421
f 332//332 389//389 388//388
f 388//388 389//389 391//391
f 388//388 391//391 380//380
f 380//380 391//391 390//390
f 380//380 390//390 382//382
f 382//382 390//390 422//422
f 382//382 422//422 384//384
f 384//384 422//422 423//423
f 384//384 423//423 420//420
f 15//15 13//13 373//373
f 373//373 13//13 34//34
f 373//373 34//34 424//424
f 424//424 34//34 33//33
f 424//424 33//33 425//425
f 425//425 33//33 31//31
f 425//425 31//31 426//426
f 426//426 31//31 29//29
f 426//426 29//29 415//415
f 415//415 29//29 27//27
f 415//415 27//27 26//26
f 393//393 427//427 392//392
f 392//392 427//427 428//428
f 392//392 428//428 390//390
f 390//390 428//428 429//429
f 390//390 429//429 422//422
f 422//422 429//429 430//430
f 422//422 430//430 423//423
f 330//330 328//328 393//393
f 393//393 328//328 394//394
f 393//393 394//394 427//427
f 427//427 394//394 396//396
f 427//427 396//396 428//428
f 428//428 396//396 411//411
f 428//428 411//411 429//429
f 429//429 411//411 431//431
f 429//429 431//431 430//430
f 312//312 309//309 398//398
f 398//398 309//309 374//374
f 398//398 374//374 401//401
f 401//401 374//374 375//375
f 401//401 375//375 406//406
f 406//406 375//375 376//376
f 406//406 376//376 404//404
f 404//404 376//376 377//377
f 404//404 377//377 403//403
f 403//403 377//377 378//378
f 403//403 378//378 402//402
f 363//363 365//365 364//364
f 364//364 365//365 367//367
f 364//364 367//367 405//405
f 405//405 367//367 370//370
f 405//405 370//370 407//407
f 407//407 370//370 371//371
f 407//407 371//371 408//408
f 408//408 371//371 372//372
f 408//408 372//372 409//409
f 409//409 372//372 373//373
f 409//409 373//373 410//410
f 410//410 373//373 424//424
f 410//410 424//424 411//411
f 411//411 424//424 425//425
f 411//411 425//425 431//431
f 431//431 425//425 426//426
f 431//431 426//426 430//430
f 430//430 426//426 415//415
f 430//430 415//415 423//423
f 423//423 415//415 418//418
f 423//423 418//418 420//420
f 420//420 418//418 417//417
f 420//420 417//417 421//421
f 421//421 417//417 416//416
f 432//432 129//129 128//128
f 129//129 432//432 130//130
f 226//226 227//227 433//433
f 434//434 435//435 436//436
f 240//240 238//238 437//437
f 171//171 230//230 438//438
f 439//439 440//440 441//441
f 442//442 443//443 444//444
f 445//445 446//446 447//447
f 448//448 449//449 450//450
f 450//450 449//449 451//451
f 452//452 453//453 454//454
f 453//453 452//452 455//455
f 455//455 452//452 456//456
f 455//455 456//456 457//457
f 457//457 456//456 458//458
f 457//457 458//458 459//459
f 459//459 458//458 460//460
f 459//459 460//460 438//438
f 438//438 460//460 172//172
f 438//438 172//172 171//171
f 461//461 462//462 463//463
f 463//463 462//462 464//464
f 465//465 466//466 246//246
f 259//259 247//247 467//467
f 467//467 247//247 468//468
f 468//468 247//247 252//252
f 468//468 252//252 466//466
f 466//466 252//252 251//251
f 466//466 251//251 246//246
f 436//436 435//435 469//469
f 469//469 435//435 470//470
f 469//469 470//470 471//471
f 471//471 470//470 472//472
f 471//471 472//472 464//464
f 464//464 472//472 473//473
f 464//464 473//473 463//463
f 246//246 245//245 465//465
f 465//465 245//245 243//243
f 465//465 243//243 474//474
f 474//474 243//243 242//242
f 446//446 448//448 447//447
f 447//447 448//448 450//450
f 447//447 450//450 475//475
f 474//474 461//461 465//465
f 465//465 461//461 463//463
f 465//465 463//463 466//466
f 466//466 463//463 473//473
f 466//466 473//473 468//468
f 468//468 473//473 472//472
f 468//468 472//472 467//467
f 467//467 472//472 470//470
f 467//467 470//470 476//476
f 476//476 470//470 435//435
f 476//476 435//435 477//477
f 477//477 435//435 434//434
f 477//477 434//434 433//433
f 478//478 475//475 479//479
f 479//479 475//475 450//450
f 479//479 450//450 480//480
f 480//480 450//450 451//451
f 480//480 451//451 481//481
f 436//436 478//478 434//434
f 434//434 478//478 479//479
f 434//434 479//479 433//433
f 433//433 479//479 480//480
f 433//433 480//480 226//226
f 226//226 480//480 481//481
f 226//226 481//481 225//225
f 90//90 482//482 483//483
f 75//75 442//442 73//73
f 73//73 442//442 444//444
f 73//73 444//444 87//87
f 87//87 444//444 482//482
f 87//87 482//482 88//88
f 88//88 482//482 90//90
f 484//484 71//71 70//70
f 484//484 70//70 485//485
f 81//81 79//79 486//486
f 487//487 488//488 489//489
f 489//489 488//488 490//490
f 489//489 490//490 491//491
f 491//491 490//490 492//492
f 491//491 492//492 485//485
f 485//485 492//492 493//493
f 485//485 493//493 484//484
f 494//494 495//495 127//127
f 127//127 495//495 128//128
f 128//128 495//495 496//496
f 128//128 496//496 432//432
f 82//82 81//81 497//497
f 497//497 81//81 486//486
f 497//497 486//486 498//498
f 498//498 486//486 499//499
f 498//498 499//499 500//500
f 501//501 502//502 503//503
f 503//503 502//502 452//452
f 503//503 452//452 504//504
f 504//504 452//452 454//454
f 502//502 440//440 452//452
f 452//452 440//440 439//439
f 452//452 439//439 456//456
f 456//456 439//439 505//505
f 456//456 505//505 458//458
f 458//458 505//505 437//437
f 458//458 437//437 460//460
f 460//460 437//437 238//238
f 460//460 238//238 172//172
f 70//70 77//77 485//485
f 485//485 77//77 82//82
f 485//485 82//82 491//491
f 491//491 82//82 497//497
f 491//491 497//497 489//489
f 489//489 497//497 498//498
f 489//489 498//498 487//487
f 487//487 498//498 500//500
f 79//79 130//130 486//486
f 486//486 130//130 432//432
f 486//486 432//432 499//499
f 499//499 432//432 496//496
f 499//499 496//496 500//500
f 500//500 496//496 441//441
f 500//500 441//441 487//487
f 487//487 441//441 440//440
f 487//487 440//440 488//488
f 488//488 440//440 502//502
f 488//488 502//502 490//490
f 490//490 502//502 501//501
f 490//490 501//501 492//492
f 127//127 126//126 494//494
f 494//494 126//126 125//125
f 494//494 125//125 506//506
f 506//506 125//125 94//94
f 506//506 94//94 483//483
f 483//483 94//94 92//92
f 483//483 92//92 90//90
f 227//227 229//229 433//433
f 433//433 229//229 265//265
f 433//433 265//265 477//477
f 477//477 265//265 264//264
f 477//477 264//264 476//476
f 476//476 264//264 262//262
f 476//476 262//262 467//467
f 467//467 262//262 260//260
f 467//467 260//260 259//259
f 443//443 445//445 444//444
f 444//444 445//445 447//447
f 444//444 447//447 482//482
f 482//482 447//447 475//475
f 482//482 475//475 483//483
f 483//483 475//475 478//478
f 483//483 478//478 506//506
f 506//506 478//478 436//436
f 506//506 436//436 494//494
f 494//494 436//436 469//469
f 494//494 469//469 495//495
f 495//495 469//469 471//471
f 495//495 471//471 496//496
f 496//496 471//471 464//464
f 496//496 464//464 441//441
f 441//441 464//464 462//462
f 441//441 462//462 439//439
f 439//439 462//462 461//461
f 439//439 461//461 505//505
f 505//505 461//461 474//474
f 505//505 474//474 437//437
f 437//437 474//474 242//242
f 437//437 242//242 240//240
f 507//507 165//165 169//169
f 169//169 168//168 508//508
f 168//168 302//302 303//303
f 509//509 507//507 510//510
f 510//510 507//507 169//169
f 510//510 169//169 511//511
f 511//511 169//169 508//508
f 303//303 304//304 168//168
f 168//168 304//304 279//279
f 168//168 279//279 508//508
f 508//508 279//279 277//277
f 508//508 277//277 276//276
f 512//512 513//507 514//513
f 514//513 513//507 515//514
f 139//139 513//507 137//137
f 137//137 513//507 512//512
f 137//137 512//512 135//135
f 135//135 512//512 516//515
f 135//135 516//515 177//177
f 177//177 516//515 517//516
f 177//177 517//516 178//178
f 517//516 204//204 203//203
f 203//203 201//201 517//516
f 517//516 201//201 224//224
f 517//516 224//224 178//178
f 518//517 519//518 148//148
f 37//37 36//36 520//517
f 48//48 521//519 522//520
f 59//59 58//58 523//521
f 48//48 522//520 523//521
f 59//59 523//521 60//60
f 58//58 41//41 523//521
f 523//521 41//41 39//39
f 523//521 39//39 48//48
f 524//522 525//523 526//524
f 526//524 525//523 527//525
f 526//524 527//525 528//526
f 529//527 530//528 531//529
f 530//528 529//527 532//530
f 532//530 529//527 533//531
f 532//530 533//531 148//148
f 533//531 534//532 148//148
f 148//148 534//532 535//533
f 148//148 535//533 150//150
f 150//150 535//533 536//534
f 150//150 536//534 152//152
f 536//534 537//535 152//152
f 152//152 537//535 538//536
f 152//152 538//536 154//154
f 528//526 539//537 526//524
f 526//524 539//537 540//538
f 526//524 540//538 541//539
f 541//539 540//538 542//540
f 541//539 542//540 543//541
f 154//154 538//536 156//156
f 156//156 538//536 544//542
f 156//156 544//542 158//158
f 158//158 544//542 545//543
f 158//158 545//543 160//160
f 160//160 545//543 546//544
f 160//160 546//544 36//36
f 36//36 546//544 547//545
f 36//36 547//545 520//517
f 543//541 63//63 541//539
f 541//539 63//63 62//62
f 541//539 62//62 523//521
f 523//521 62//62 61//61
f 523//521 61//61 60//60
f 531//529 548//546 529//527
f 529//527 548//546 549//547
f 529//527 549//547 524//522
f 524//522 549//547 550//548
f 524//522 550//548 525//523
f 537//535 551//549 538//536
f 538//536 551//549 552//550
f 538//536 552//550 553//551
f 553//551 552//550 523//521
f 553//551 523//521 554//552
f 554//552 523//521 522//520
f 521//519 48//48 555//553
f 555//553 48//48 47//47
f 555//553 47//47 556//554
f 556//554 47//47 45//45
f 556//554 45//45 520//517
f 520//517 45//45 43//43
f 520//517 43//43 37//37
f 557//555 558//556 134//134
f 148//148 519//518 532//530
f 532//530 519//518 559//553
f 532//530 559//553 560//557
f 134//134 558//556 144//144
f 144//144 558//556 561//544
f 144//144 561//544 562//558
f 105//105 104//104 563//520
f 563//520 104//104 564//559
f 563//520 564//559 560//557
f 560//557 564//559 565//560
f 560//557 565//560 532//530
f 566//561 110//110 117//117
f 566//561 117//117 563//520
f 563//520 117//117 107//107
f 563//520 107//107 105//105
f 518//517 148//148 562//558
f 562//558 148//148 146//146
f 562//558 146//146 144//144
f 110//110 566//561 111//111
f 111//111 566//561 567//562
f 111//111 567//562 121//121
f 120//120 118//118 568//563
f 134//134 133//133 557//555
f 557//555 133//133 132//132
f 557//555 132//132 568//563
f 568//563 132//132 131//131
f 568//563 131//131 120//120
f 118//118 124//124 568//563
f 568//563 124//124 123//123
f 568//563 123//123 567//562
f 567//562 123//123 122//122
f 567//562 122//122 121//121
f 136//136 569//564 570//549
f 136//136 570//549 138//138
f 138//138 570//549 571//565
f 138//138 571//565 140//140
f 140//140 571//565 572//566
f 140//140 572//566 143//143
f 143//143 572//566 573//567
f 143//143 573//567 144//144
f 573//567 574//524 144//144
f 144//144 574//524 575//568
f 144//144 575//568 134//134
f 134//134 575//568 576//527
f 134//134 576//527 577//569
f 569//564 136//136 578//570
f 578//570 136//136 100//100
f 578//570 100//100 579//571
f 579//571 100//100 99//99
f 579//571 99//99 98//98
f 98//98 97//97 579//571
f 579//571 97//97 96//96
f 579//571 96//96 580//572
f 96//96 103//103 580//572
f 580//572 103//103 102//102
f 580//572 102//102 577//569
f 577//569 102//102 101//101
f 577//569 101//101 134//134
f 581//573 582//574 167//167
f 167//167 582//574 6//6
f 583//575 584//576 36//36
f 36//36 584//576 585//577
f 36//36 585//577 160//160
f 160//160 585//577 586//578
f 160//160 586//578 587//579
f 50//50 588//580 51//51
f 51//51 588//580 589//581
f 582//574 590//582 6//6
f 6//6 590//582 588//580
f 6//6 588//580 49//49
f 49//49 588//580 50//50
f 36//36 66//66 583//575
f 583//575 66//66 65//65
f 583//575 65//65 64//64
f 581//573 167//167 591//583
f 591//583 167//167 166//166
f 591//583 166//166 592//584
f 592//584 166//166 164//164
f 592//584 164//164 587//579
f 587//579 164//164 162//162
f 587//579 162//162 160//160
f 64//64 69//69 583//575
f 583//575 69//69 68//68
f 583//575 68//68 589//581
f 589//581 68//68 67//67
f 589//581 67//67 51//51
f 593//585 55//55 23//23
f 594//586 595//587 596//588
f 72//72 71//71 597//589
f 597//589 71//71 598//590
f 597//589 598//590 599//591
f 595//587 594//586 600//592
f 114//114 72//72 601//593
f 601//593 72//72 597//589
f 601//593 597//589 596//588
f 596//588 597//589 599//591
f 596//588 599//591 594//586
f 602//594 603//595 549//547
f 564//559 604//596 565//560
f 565//560 604//596 605//597
f 565//560 605//597 532//530
f 549//547 548//546 602//594
f 602//594 548//546 531//529
f 602//594 531//529 605//597
f 605//597 531//529 530//528
f 605//597 530//528 532//530
f 1//1 63//63 543//541
f 528//526 606//598 607//599
f 543//541 542//540 608//600
f 608//600 542//540 540//538
f 608//600 540//538 607//599
f 607//599 540//538 539//537
f 607//599 539//537 528//526
f 604//596 609//601 605//597
f 605//597 609//601 610//602
f 605//597 610//602 602//594
f 602//594 610//602 611//603
f 602//594 611//603 603//595
f 603//595 611//603 612//604
f 603//595 612//604 606//598
f 606//598 612//604 613//605
f 606//598 613//605 607//599
f 607//599 613//605 614//606
f 607//599 614//606 608//600
f 608//600 614//606 615//607
f 543//541 608//600 1//1
f 1//1 608//600 615//607
f 1//1 615//607 2//2
f 2//2 615//607 616//608
f 2//2 616//608 22//22
f 22//22 616//608 617//609
f 22//22 617//609 23//23
f 23//23 617//609 618//610
f 23//23 618//610 593//585
f 619//611 620//612 621//613
f 621//613 620//612 622//614
f 621//613 622//614 623//615
f 598//590 624//616 599//591
f 599//591 624//616 625//617
f 599//591 625//617 594//586
f 594//586 625//617 626//618
f 594//586 626//618 600//592
f 600//592 626//618 627//619
f 600//592 627//619 628//620
f 628//620 627//619 629//621
f 628//620 629//621 630//622
f 630//622 629//621 631//623
f 630//622 631//623 620//612
f 620//612 631//623 632//624
f 620//612 632//624 622//614
f 622//614 632//624 633//625
f 622//614 633//625 623//615
f 114//114 609//601 108//108
f 108//108 609//601 604//596
f 108//108 604//596 106//106
f 106//106 604//596 564//559
f 106//106 564//559 104//104
f 528//526 527//525 606//598
f 606//598 527//525 525//523
f 606//598 525//523 603//595
f 603//595 525//523 550//548
f 603//595 550//548 549//547
f 114//114 601//593 609//601
f 609//601 601//593 596//588
f 609//601 596//588 610//602
f 610//602 596//588 595//587
f 610//602 595//587 611//603
f 611//603 595//587 600//592
f 611//603 600//592 612//604
f 612//604 600//592 628//620
f 612//604 628//620 613//605
f 613//605 628//620 630//622
f 613//605 630//622 614//606
f 614//606 630//622 620//612
f 614//606 620//612 615//607
f 615//607 620//612 619//611
f 615//607 619//611 616//608
f 616//608 619//611 621//613
f 616//608 621//613 617//609
f 617//609 621//613 623//615
f 617//609 623//615 618//610
f 634//626 635//627 636//628
f 636//628 635//627 637//629
f 636//628 637//629 638//630
f 638//630 637//629 639//631
f 638//630 639//631 640//632
f 640//632 639//631 641//633
f 640//632 641//633 642//634
f 642//634 641//633 643//635
f 642//634 643//635 644//636
f 644//636 643//635 645//637
f 644//636 645//637 646//638
f 646//638 645//637 647//639
f 646//638 647//639 648//640
f 648//640 647//639 649//641
f 648//640 649//641 650//642
f 650//642 649//641 651//643
f 650//642 651//643 652//644
f 652//644 651//643 653//645
f 652//644 653//645 654//646
f 654//646 653//645 655//647
f 654//646 655//647 656//648
f 656//648 655//647 657//649
f 656//648 657//649 658//650
f 658//650 657//649 659//651
f 658//650 659//651 660//652
f 660//652 659//651 661//653
f 660//652 661//653 662//654
f 662//654 661//653 663//655
f 662//654 663//655 664//656
f 664//656 663//655 665//657
f 664//656 665//657 666//658
f 666//658 665//657 667//659
f 666//658 667//659 668//660
f 668//660 667//659 669//661
f 668//660 669//661 670//662
f 670//662 669//661 671//663
f 670//662 671//663 672//664
f 672//664 671//663 673//665
f 672//664 673//665 674//666
f 674//666 673//665 675//667
f 674//666 675//667 676//668
f 676//668 675//667 677//669
f 676//668 677//669 634//626
f 634//626 677//669 635//627
f 678//670 679//671 680//672
f 680//672 679//671 681//673
f 680//672 681//673 682//674
f 682//674 681//673 683//675
f 682//674 683//675 684//676
f 684//676 683//675 685//677
f 684//676 685//677 686//678
f 686//678 685//677 687//679
f 686//678 687//679 688//680
f 688//680 687//679 689//681
f 688//680 689//681 690//682
f 690//682 689//681 691//683
f 690//682 691//683 692//684
f 692//684 691//683 693//685
f 692//684 693//685 694//686
f 694//686 693//685 695//687
f 694//686 695//687 696//688
f 696//688 695//687 697//689
f 696//688 697//689 698//690
f 698//690 697//689 699//691
f 698//690 699//691 700//692
f 700//692 699//691 701//693
f 700//692 701//693 678//670
f 678//670 701//693 679//671
f 702//670 703//671 704//672
f 704//672 703//671 705//673
f 704//672 705//673 706//674
f 706//674 705//673 707//675
f 706//674 707//675 708//676
f 708//676 707//675 709//677
f 708//676 709//677 710//678
f 710//678 709//677 711//679
f 710//678 711//679 712//680
f 712//680 711//679 713//681
f 712//680 713//681 714//682
f 714//682 713//681 715//683
f 714//682 715//683 716//684
f 716//684 715//683 717//694
f 716//684 717//694 718//686
f 718//686 717//694 719//695
f 718//686 719//695 720//696
f 720//696 719//695 721//689
f 720//696 721//689 722//690
f 722//690 721//689 723//697
f 722//690 723//697 724//692
f 724//692 723//697 725//693
f 724//692 725//693 702//670
f 702//670 725//693 703//671
f 726//670 727//671 728//672
f 728//672 727//671 729//673
f 728//672 729//673 730//674
f 730//674 729//673 731//675
f 730//674 731//675 732//676
f 732//676 731//675 733//677
f 732//676 733//677 734//678
f 734//678 733//677 735//679
f 734//678 735//679 736//680
f 736//680 735//679 737//681
f 736//680 737//681 738//682
f 738//682 737//681 739//683
f 738//682 739//683 740//684
f 740//684 739//683 741//694
f 740//684 741//694 742//686
f 742//686 741//694 743//695
f 742//686 743//695 744//696
f 744//696 743//695 745//689
f 744//696 745//689 746//690
f 746//690 745//689 747//697
f 746//690 747//697 748//692
f 748//692 747//697 749//693
f 748//692 749//693 726//670
f 726//670 749//693 727//671
f 750//670 751//671 752//672
f 752//672 751//671 753//673
f 752//672 753//673 754//674
f 754//674 753//673 755//675
f 754//674 755//675 756//676
f 756//676 755//675 757//677
f 756//676 757//677 758//678
f 758//678 757//677 759//679
f 758//678 759//679 760//680
f 760//680 759//679 761//681
f 760//680 761//681 762//682
f 762//682 761//681 763//683
f 762//682 763//683 764//684
f 764//684 763//683 765//694
f 764//684 765//694 766//686
f 766//686 765//694 767//695
f 766//686 767//695 768//696
f 768//696 767//695 769//689
f 768//696 769//689 770//690
f 770//690 769//689 771//697
f 770//690 771//697 772//692
f 772//692 771//697 773//693
f 772//692 773//693 750//670
f 750//670 773//693 751//671
f 774//670 775//671 776//672
f 776//672 775//671 777//673
f 776//672 777//673 778//674
f 778//674 777//673 779//675
f 778//674 779//675 780//676
f 780//676 779//675 781//677
f 780//676 781//677 782//678
f 782//678 781//677 783//679
f 782//678 783//679 784//680
f 784//680 783//679 785//681
f 784//680 785//681 786//682
f 786//682 785//681 787//683
f 786//682 787//683 788//684
f 788//684 787//683 789//694
f 788//684 789//694 790//686
f 790//686 789//694 791//695
f 790//686 791//695 792//696
f 792//696 791//695 793//689
f 792//696 793//689 794//690
f 794//690 793//689 795//697
f 794//690 795//697 796//692
f 796//692 795//697 797//693
f 796//692 797//693 774//670
f 774//670 797//693 775//671
f 798//670 799//671 800//672
f 800//672 799//671 801//673
f 800//672 801//673 802//674
f 802//674 801//673 803//675
f 802//674 803//675 804//676
f 804//676 803//675 805//677
f 804//676 805//677 806//678
f 806//678 805//677 807//679
f 806//678 807//679 808//680
f 808//680 807//679 809//681
f 808//680 809//681 810//682
f 810//682 809//681 811//683
f 810//682 811//683 812//684
f 812//684 811//683 813//694
f 812//684 813//694 814//686
f 814//686 813//694 815//687
f 814//686 815//687 816//688
f 816//688 815//687 817//689
f 816//688 817//689 818//690
f 818//690 817//689 819//691
f 818//690 819//691 820//692
f 820//692 819//691 821//693
f 820//692 821//693 798//670
f 798//670 821//693 799//671
f 822//670 823//671 824//672
f 824//672 823//671 825//698
f 824//672 825//698 826//674
f 826//674 825//698 827//675
f 826//674 827//675 828//676
f 828//676 827//675 829//677
f 828//676 829//677 830//678
f 830//678 829//677 831//679
f 830//678 831//679 832//680
f 832//680 831//679 833//681
f 832//680 833//681 834//682
f 834//682 833//681 835//683
f 834//682 835//683 836//684
f 836//684 835//683 837//694
f 836//684 837//694 838//686
f 838//686 837//694 839//695
f 838//686 839//695 840//696
f 840//696 839//695 841//689
f 840//696 841//689 842//690
f 842//690 841//689 843//697
f 842//690 843//697 844//692
f 844//692 843//697 845//693
f 844//692 845//693 822//670
f 822//670 845//693 823//671
f 846//670 847//671 848//672
f 848//672 847//671 849//698
f 848//672 849//698 850//674
f 850//674 849//698 851//675
f 850//674 851//675 852//676
f 852//676 851//675 853//677
f 852//676 853//677 854//678
f 854//678 853//677 855//679
f 854//678 855//679 856//680
f 856//680 855//679 857//681
f 856//680 857//681 858//682
f 858//682 857//681 859//683
f 858//682 859//683 860//684
f 860//684 859//683 861//694
f 860//684 861//694 862//686
f 862//686 861//694 863//695
f 862//686 863//695 864//696
f 864//696 863//695 865//689
f 864//696 865//689 866//690
f 866//690 865//689 867//697
f 866//690 867//697 868//692
f 868//692 867//697 869//693
f 868//692 869//693 846//670
f 846//670 869//693 847//671
f 870//699 871//700 872//701
f 872//701 871//700 873//702
f 872//701 873//702 874//703
f 874//703 873//702 875//704
f 874//703 875//704 876//705
f 876//705 875//704 877//706
f 876//705 877//706 878//707
f 878//707 877//706 879//708
f 878//707 879//708 880//709
f 880//709 879//708 881//710
f 880//709 881//710 882//711
f 882//711 881//710 883//712
f 882//711 883//712 884//713
f 884//713 883//712 885//714
f 884//713 885//714 886//715
f 886//715 885//714 887//716
f 886//715 887//716 888//717
f 888//717 887//716 889//718
f 888//717 889//718 890//719
f 890//719 889//718 891//720
f 890//719 891//720 892//721
f 892//721 891//720 893//722
f 892//721 893//722 870//699
f 870//699 893//722 871//700
f 894//723 895//724 896//725
f 897//726 898//727 899//728
f 900//729 901//730 902//731
f 903//732 904//733 905//734
f 906//735 907//736 908//737
f 908//737 907//736 909//738
f 910//739 911//740 912//741
f 896//725 913//742 894//723
f 894//723 913//742 914//743
f 894//723 914//743 915//744
f 915//744 914//743 916//745
f 915//744 916//745 917//746
f 917//746 916//745 918//747
f 917//746 918//747 919//748
f 919//748 918//747 920//749
f 921//750 922//751 923//752
f 923//752 922//751 924//753
f 923//752 924//753 901//730
f 901//730 924//753 925//754
f 901//730 925//754 902//731
f 908//737 926//755 906//735
f 906//735 926//755 927//756
f 906//735 927//756 928//757
f 928//757 927//756 929//758
f 928//757 929//758 930//759
f 918//747 931//760 920//749
f 920//749 931//760 932//761
f 920//749 932//761 911//740
f 911//740 932//761 933//762
f 911//740 933//762 912//741
f 895//724 934//693 896//725
f 896//725 934//693 935//763
f 896//725 935//763 905//734
f 905//734 935//763 936//764
f 905//734 936//764 903//732
f 937//765 938//766 903//732
f 903//732 938//766 939//767
f 903//732 939//767 904//733
f 899//728 940//768 897//726
f 897//726 940//768 941//769
f 897//726 941//769 921//750
f 921//750 941//769 942//770
f 921//750 942//770 922//751
f 943//771 944//772 945//773
f 946//774 947//775 948//776
f 948//776 947//775 949//777
f 902//731 950//778 900//729
f 900//729 950//778 951//779
f 900//729 951//779 946//774
f 946//774 951//779 952//780
f 946//774 952//780 947//775
f 929//758 953//781 930//759
f 930//759 953//781 954//782
f 930//759 954//782 944//772
f 944//772 954//782 955//783
f 944//772 955//783 945//773
f 909//738 907//736 956//784
f 956//784 907//736 957//785
f 956//784 957//785 958//786
f 912//741 959//787 910//739
f 910//739 959//787 960//788
f 910//739 960//788 957//785
f 957//785 960//788 961//789
f 957//785 961//789 958//786
f 949//777 962//790 948//776
f 948//776 962//790 963//791
f 948//776 963//791 937//765
f 937//765 963//791 964//792
f 937//765 964//792 938//766
f 965//793 966//794 967//795
f 967//795 966//794 968//796
f 967//795 968//796 969//797
f 969//797 968//796 970//798
f 969//797 970//798 971//799
f 972//800 973//801 974//802
f 974//802 973//801 975//803
f 974//802 975//803 898//727
f 898//727 975//803 976//804
f 898//727 976//804 899//728
f 965//793 977//805 966//794
f 966//794 977//805 978//806
f 966//794 978//806 972//800
f 972//800 978//806 979//807
f 972//800 979//807 973//801
f 971//799 970//798 980//808
f 980//808 970//798 981//809
f 980//808 981//809 982//810
f 983//811 984//812 981//809
f 981//809 984//812 985//813
f 981//809 985//813 982//810
f 945//773 986//814 943//771
f 943//771 986//814 987//815
f 943//771 987//815 988//816
f 988//816 987//815 989//817
f 988//816 989//817 983//811
f 983//811 989//817 990//818
f 983//811 990//818 984//812
f 149//149 151//151 991//819
f 157//157 992//507 155//155
f 155//155 992//507 993//820
f 155//155 993//820 994//515
f 991//819 151//151 994//515
f 994//515 151//151 153//153
f 994//515 153//153 155//155
f 995//507 147//147 149//149
f 992//507 346//346 996//821
f 991//819 997//822 149//149
f 149//149 997//822 998//823
f 149//149 998//823 995//507
f 995//507 998//823 999//824
f 995//507 999//824 1000//825
f 1001//826 993//820 1002//827
f 1002//827 993//820 992//507
f 1002//827 992//507 1003//828
f 1003//828 992//507 996//821
f 1000//825 1004//829 995//507
f 995//507 1004//829 1005//830
f 995//507 1005//830 223//223
f 1006//831 1007//832 1008//833
f 1009//834 1010//835 1011//836
f 1011//836 1010//835 1008//833
f 1007//832 1012//832 1008//833
f 1008//833 1012//832 1013//837
f 1008//833 1013//837 1014//838
f 1010//835 1015//839 1008//833
f 1008//833 1015//839 1016//840
f 1008//833 1016//840 1006//831
f 1006//831 1016//840 1017//841
f 1006//831 1017//841 1018//842
f 1009//834 1019//843 1010//835
f 1010//835 1019//843 1020//844
f 1010//835 1020//844 1021//845
f 1014//838 1013//837 1022//846
f 1022//846 1013//837 1023//847
f 1022//846 1023//847 1024//848
f 1025//849 1026//850 1019//843
f 1019//843 1026//850 1027//851
f 1019//843 1027//851 1020//844
f 1028//852 1029//853 1030//852
f 1030//852 1029//853 1024//848
f 1030//852 1024//848 1031//854
f 1031//854 1024//848 1023//847
f 1031//854 1023//847 1032//855
f 1028//852 1030//852 1033//852
f 1034//856 1035//857 1036//858
f 1037//859 1038//860 1039//861
f 1040//862 1041//863 1042//852
f 1040//862 1042//852 1043//864
f 1043//864 1042//852 1044//865
f 1043//864 1044//865 1045//866
f 1045//866 1044//865 1046//837
f 1045//866 1046//837 1047//867
f 874//703 876//705 1046//837
f 1046//837 876//705 878//707
f 1046//837 878//707 1047//867
f 1047//867 878//707 880//709
f 1047//867 880//709 1048//868
f 880//709 882//711 1048//868
f 1048//868 882//711 884//713
f 1048//868 884//713 1049//869
f 1031//854 1032//855 1050//870
f 1050//870 1032//855 1051//871
f 1051//871 1052//872 1050//870
f 1050//870 1052//872 1053//873
f 1050//870 1053//873 1054//852
f 1054//852 1053//873 1049//869
f 1054//852 1049//869 1055//852
f 1055//852 1049//869 884//713
f 1055//852 884//713 886//715
f 888//717 890//719 1056//852
f 1056//852 890//719 892//721
f 1056//852 892//721 1057//852
f 1057//852 892//721 870//699
f 1057//852 870//699 1058//852
f 1058//852 870//699 872//701
f 1058//852 872//701 874//703
f 1030//852 1031//854 1033//852
f 1033//852 1031//854 1050//870
f 1033//852 1050//870 1059//852
f 1059//852 1050//870 1054//852
f 1059//852 1054//852 1056//852
f 1056//852 1054//852 1055//852
f 1056//852 1055//852 888//717
f 888//717 1055//852 886//715
f 1060//874 1061//875 1062//876
f 1063//877 1062//876 1064//878
f 1064//878 1062//876 1061//875
f 1064//878 1061//875 1065//879
f 1060//874 1066//880 1067//881
f 1067//881 1066//880 1068//882
f 1069//883 1070//884 1071//885
f 1071//885 1070//884 1068//882
f 1071//885 1068//882 1072//886
f 1072//886 1068//882 1066//880
f 1072//886 1066//880 1073//887
f 1073//887 1066//880 1060//874
f 1073//887 1060//874 1074//888
f 1074//888 1060//874 1062//876
f 1075//889 1039//861 1076//890
f 1076//890 1039//861 1038//860
f 1076//890 1038//860 1077//891
f 1078//870 1079//892 1077//891
f 1077//891 1079//892 1080//893
f 1077//891 1080//893 1076//890
f 1076//890 1080//893 1081//894
f 1076//890 1081//894 1075//889
f 1075//889 1081//894 1082//895
f 1075//889 1082//895 1083//896
f 1083//896 1082//895 1084//897
f 1085//898 1035//857 1086//899
f 1086//899 1035//857 1034//856
f 1086//899 1034//856 1087//900
f 1087//900 1034//856 1088//901
f 1089//902 1037//859 1090//903
f 1090//903 1037//859 1039//861
f 1090//903 1039//861 1091//904
f 1091//904 1039//861 1075//889
f 1091//904 1075//889 1036//858
f 1036//858 1075//889 1083//896
f 1036//858 1083//896 1034//856
f 1034//856 1083//896 1084//897
f 1034//856 1084//897 1088//901
f 1092//905 1093//906 1094//907
f 1093//906 1092//905 1095//908
f 1095//908 1092//905 1096//909
f 1095//908 1096//909 1097//910
f 1097//910 1096//909 1098//911
f 1097//910 1098//911 1099//912
f 1099//912 1098//911 1100//913
f 1099//912 1100//913 1101//914
f 1101//914 1100//913 1102//915
f 1101//914 1102//915 1103//916
f 1085//898 1104//917 1035//857
f 1035//857 1104//917 1094//907
f 1035//857 1094//907 1036//858
f 1036//858 1094//907 1093//906
f 1036//858 1093//906 1091//904
f 1091//904 1093//906 1095//908
f 1091//904 1095//908 1090//903
f 1090//903 1095//908 1097//910
f 1090//903 1097//910 1089//902
f 1089//902 1097//910 1099//912
f 1089//902 1099//912 1105//918
f 1105//918 1099//912 1101//914
f 1105//918 1101//914 1106//919
f 1106//919 1101//914 1103//916
f 1106//919 1103//916 1107//920
f 874//703 1046//837 1058//852
f 1058//852 1046//837 1044//865
f 1058//852 1044//865 1108//852
f 1108//852 1044//865 1042//852
f 1108//852 1042//852 1109//852
f 1109//852 1042//852 1041//863
f 1109//852 1041//863 1110//921
f 1111//922 1065//879 1112//923
f 1112//923 1065//879 1061//875
f 1112//923 1061//875 1113//924
f 1113//924 1061//875 1060//874
f 1113//924 1060//874 1114//925
f 1114//925 1060//874 1067//881
f 1102//915 1115//926 1103//916
f 1103//916 1115//926 1116//927
f 1103//916 1116//927 1107//920
f 1107//920 1116//927 1117//928
f 1107//920 1117//928 1118//847
f 1104//917 1119//929 1094//907
f 1094//907 1119//929 1069//883
f 1094//907 1069//883 1092//905
f 1092//905 1069//883 1071//885
f 1092//905 1071//885 1096//909
f 1096//909 1071//885 1072//886
f 1096//909 1072//886 1098//911
f 1098//911 1072//886 1073//887
f 1098//911 1073//887 1100//913
f 1100//913 1073//887 1074//888
f 1100//913 1074//888 1102//915
f 1102//915 1074//888 1062//876
f 1102//915 1062//876 1115//926
f 1115//926 1062//876 1063//877
f 1118//847 1028//852 1107//920
f 1107//920 1028//852 1033//852
f 1107//920 1033//852 1106//919
f 1106//919 1033//852 1059//852
f 1106//919 1059//852 1105//918
f 1105//918 1059//852 1056//852
f 1105//918 1056//852 1089//902
f 1089//902 1056//852 1057//852
f 1089//902 1057//852 1037//859
f 1037//859 1057//852 1058//852
f 1037//859 1058//852 1038//860
f 1038//860 1058//852 1108//852
f 1038//860 1108//852 1077//891
f 1077//891 1108//852 1109//852
f 1077//891 1109//852 1078//870
f 1078//870 1109//852 1110//921
f 1120//930 1121//931 1122//932
f 1123//933 1124//934 1125//935
f 1125//935 1124//934 1126//936
f 1041//863 1040//862 1127//937
f 1078//870 1128//854 1129//854
f 1130//938 1131//939 1126//936
f 1128//854 1078//870 1127//937
f 1127//937 1078//870 1110//921
f 1127//937 1110//921 1041//863
f 1130//938 1126//936 1132//940
f 1120//930 1122//932 1133//941
f 1133//941 1122//932 1134//942
f 1133//941 1134//942 1126//936
f 1126//936 1134//942 1135//943
f 1126//936 1135//943 1132//940
f 1131//939 1136//944 1126//936
f 1126//936 1136//944 1137//945
f 1126//936 1137//945 1138//946
f 1129//854 1125//935 1078//870
f 1078//870 1125//935 1126//936
f 1078//870 1126//936 1139//947
f 1139//947 1126//936 1138//946
f 1140//948 1141//949 1142//950
f 1143//951 1144//952 1145//953
f 1146//954 1147//955 1148//956
f 1149//957 1150//958 1151//959
f 1151//959 1150//958 1152//960
f 1151//959 1152//960 1153//961
f 1154//962 1155//963 1156//964
f 1156//964 1155//963 1157//965
f 1156//964 1157//965 1158//966
f 1158//966 1157//965 1159//967
f 1158//966 1159//967 1151//959
f 1151//959 1159//967 1160//968
f 1151//959 1160//968 1149//957
f 1148//956 1147//955 1156//964
f 1156//964 1147//955 1161//969
f 1156//964 1161//969 1154//962
f 1146//954 1148//956 1162//970
f 1162//970 1148//956 1163//971
f 1162//970 1163//971 1164//972
f 1165//973 1166//974 1167//975
f 1167//975 1166//974 1168//976
f 1167//975 1168//976 1163//971
f 1163//971 1168//976 1169//977
f 1163//971 1169//977 1164//972
f 1170//978 1171//979 1167//975
f 1167//975 1171//979 1172//980
f 1167//975 1172//980 1165//973
f 1173//981 1174//982 1175//983
f 1175//983 1174//982 1176//984
f 1175//983 1176//984 1170//978
f 1170//978 1176//984 1177//985
f 1170//978 1177//985 1171//979
f 1173//981 1175//983 1178//986
f 1178//986 1175//983 1179//987
f 1178//986 1179//987 1180//988
f 1180//988 1179//987 1181//989
f 1180//988 1181//989 1182//990
f 1182//990 1181//989 1183//991
f 1183//991 1181//989 1184//992
f 1183//991 1184//992 1185//993
f 1185//993 1184//992 1186//994
f 1186//994 1184//992 1187//995
f 1186//994 1187//995 1188//996
f 1189//997 1190//998 1191//999
f 1191//999 1190//998 1192//1000
f 1191//999 1192//1000 1187//995
f 1187//995 1192//1000 1193//1001
f 1187//995 1193//1001 1188//996
f 1189//997 1191//999 1194//1002
f 1194//1002 1191//999 1195//1003
f 1194//1002 1195//1003 1196//1004
f 1197//1005 1198//1006 1199//1007
f 1199//1007 1198//1006 1200//1008
f 1199//1007 1200//1008 1195//1003
f 1195//1003 1200//1008 1201//1009
f 1195//1003 1201//1009 1196//1004
f 1202//1010 1203//1011 1204//1012
f 1204//1012 1203//1011 1205//1013
f 1204//1012 1205//1013 1206//1014
f 1206//1014 1205//1013 1207//1015
f 1206//1014 1207//1015 1199//1007
f 1199//1007 1207//1015 1208//1016
f 1199//1007 1208//1016 1197//1005
f 1209//1017 1210//1018 1204//1012
f 1204//1012 1210//1018 1211//1019
f 1204//1012 1211//1019 1202//1010
f 1212//1020 1213//1021 1214//1022
f 1214//1022 1213//1021 1215//1023
f 1214//1022 1215//1023 1209//1017
f 1209//1017 1215//1023 1216//1024
f 1209//1017 1216//1024 1210//1018
f 1212//1020 1214//1022 1217//1025
f 1217//1025 1214//1022 1218//1026
f 1217//1025 1218//1026 1219//1027
f 1219//1027 1218//1026 1220//1028
f 1220//1028 1218//1026 1221//1029
f 1220//1028 1221//1029 1222//1030
f 1223//1031 1224//1032 1221//1029
f 1221//1029 1224//1032 1225//1033
f 1221//1029 1225//1033 1222//1030
f 1226//1034 1227//1035 1223//1031
f 1223//1031 1227//1035 1228//1036
f 1223//1031 1228//1036 1224//1032
f 1229//1037 1230//1038 1231//1039
f 1231//1039 1230//1038 1232//1040
f 1231//1039 1232//1040 1226//1034
f 1226//1034 1232//1040 1233//1041
f 1226//1034 1233//1041 1227//1035
f 1234//1042 1235//1043 1236//1044
f 1234//1042 1236//1044 1231//1039
f 1231//1039 1236//1044 1237//1045
f 1231//1039 1237//1045 1229//1037
f 1235//1043 1234//1042 1238//1046
f 1238//1046 1234//1042 1239//1047
f 1238//1046 1239//1047 1240//1048
f 1241//1049 1122//932 1121//931
f 1121//931 1242//1050 1241//1049
f 1241//1049 1242//1050 1243//1051
f 1241//1049 1243//1051 1244//1052
f 1244//1052 1245//1053 1241//1049
f 1241//1049 1245//1053 1246//1054
f 1241//1049 1246//1054 1247//1055
f 1247//1055 1246//1054 1248//1056
f 1247//1055 1248//1056 1239//1047
f 1239//1047 1248//1056 1249//1057
f 1239//1047 1249//1057 1240//1048
f 1250//1058 1251//1059 1252//1060
f 1253//1061 1254//1062 1255//1063
f 1255//1063 1254//1062 1143//951
f 1256//1064 1257//1065 1253//1061
f 1257//1065 1256//1064 1258//1066
f 1259//1067 1258//1066 1260//1068
f 1140//948 1142//950 1261//1069
f 1262//1070 1261//1069 1263//1071
f 1264//1072 1262//1070 1265//1073
f 1266//1074 1264//1072 1267//1075
f 1025//849 1266//1074 1268//1076
f 1025//849 1268//1076 1026//850
f 1026//850 1268//1076 1269//1077
f 1026//850 1269//1077 1027//851
f 1027//851 1269//1077 1153//961
f 1027//851 1153//961 1020//844
f 1020//844 1153//961 1152//960
f 1020//844 1152//960 1021//845
f 979//807 1270//1078 973//801
f 973//801 1270//1078 1271//1079
f 973//801 1271//1079 975//803
f 975//803 1271//1079 1272//1080
f 975//803 1272//1080 976//804
f 976//804 1272//1080 1273//1081
f 976//804 1273//1081 899//728
f 899//728 1273//1081 1274//1082
f 899//728 1274//1082 940//768
f 940//768 1274//1082 1275//1083
f 940//768 1275//1083 941//769
f 941//769 1275//1083 1276//1084
f 941//769 1276//1084 942//770
f 942//770 1276//1084 1277//1085
f 942//770 1277//1085 922//751
f 922//751 1277//1085 1278//1086
f 922//751 1278//1086 924//753
f 924//753 1278//1086 1279//1087
f 924//753 1279//1087 925//754
f 925//754 1279//1087 1252//1060
f 925//754 1252//1060 902//731
f 902//731 1252//1060 1251//1059
f 902//731 1251//1059 950//778
f 978//806 1280//1088 979//807
f 979//807 1280//1088 1281//1089
f 979//807 1281//1089 1270//1078
f 978//806 977//805 1280//1088
f 1280//1088 977//805 965//793
f 1280//1088 965//793 1282//1090
f 1282//1090 965//793 967//795
f 1282//1090 967//795 1283//1091
f 1283//1091 967//795 969//797
f 1283//1091 969//797 1284//1092
f 1284//1092 969//797 971//799
f 1284//1092 971//799 1285//1093
f 1285//1093 971//799 980//808
f 1285//1093 980//808 1286//1094
f 1286//1094 980//808 982//810
f 1286//1094 982//810 1287//1095
f 1287//1095 982//810 985//813
f 1287//1095 985//813 1288//1096
f 1143//951 1145//953 1255//1063
f 1255//1063 1145//953 1289//1097
f 1255//1063 1289//1097 1290//1098
f 1290//1098 1289//1097 1291//1099
f 1290//1098 1291//1099 1292//1100
f 1292//1100 1291//1099 1293//1101
f 1292//1100 1293//1101 1294//1102
f 1294//1102 1293//1101 1295//1103
f 1294//1102 1295//1103 1296//1104
f 1296//1104 1295//1103 1297//1105
f 1296//1104 1297//1105 1298//1106
f 1298//1106 1297//1105 1299//1107
f 1298//1106 1299//1107 1300//1108
f 1300//1108 1299//1107 1301//1109
f 1300//1108 1301//1109 1302//1110
f 1302//1110 1301//1109 1303//1111
f 1302//1110 1303//1111 1304//1112
f 1304//1112 1303//1111 1305//1113
f 1304//1112 1305//1113 1306//1114
f 1306//1114 1305//1113 1307//1115
f 1306//1114 1307//1115 1308//1116
f 1308//1116 1307//1115 1309//1117
f 1308//1116 1309//1117 1310//1118
f 1310//1118 1309//1117 1311//1119
f 1310//1118 1311//1119 1312//1120
f 1312//1120 1311//1119 1313//1121
f 1312//1120 1313//1121 1314//1122
f 1314//1122 1313//1121 1315//1123
f 1314//1122 1315//1123 1316//1124
f 1316//1124 1315//1123 1317//1125
f 1316//1124 1317//1125 1318//1126
f 1318//1126 1317//1125 1319//1127
f 1318//1126 1319//1127 1320//1128
f 1320//1128 1319//1127 1321//1129
f 1320//1128 1321//1129 1322//1130
f 1322//1130 1321//1129 1323//1131
f 1322//1130 1323//1131 1324//1132
f 1324//1132 1323//1131 1325//1133
f 1324//1132 1325//1133 1326//1134
f 1326//1134 1325//1133 1327//1135
f 1326//1134 1327//1135 1328//1136
f 1328//1136 1327//1135 1329//1137
f 1328//1136 1329//1137 1330//1138
f 1330//1138 1329//1137 1331//1139
f 1330//1138 1331//1139 1332//1140
f 1332//1140 1331//1139 1333//1141
f 1332//1140 1333//1141 1334//1142
f 1334//1142 1333//1141 1335//1143
f 1334//1142 1335//1143 1336//1144
f 1336//1144 1335//1143 1337//1145
f 1336//1144 1337//1145 1338//1146
f 1338//1146 1337//1145 1339//1147
f 1338//1146 1339//1147 1340//1148
f 1340//1148 1339//1147 1341//1149
f 1340//1148 1341//1149 1342//1150
f 1342//1150 1341//1149 1343//1151
f 1342//1150 1343//1151 1344//1152
f 1344//1152 1343//1151 1345//1153
f 1344//1152 1345//1153 1346//1154
f 1346//1154 1345//1153 1347//1155
f 1346//1154 1347//1155 1348//1156
f 1261//1069 1142//950 1263//1071
f 1263//1071 1142//950 1349//1157
f 1263//1071 1349//1157 1350//1158
f 1350//1158 1349//1157 1351//1159
f 1350//1158 1351//1159 1352//1160
f 1352//1160 1351//1159 1353//1161
f 1352//1160 1353//1161 1354//1162
f 1354//1162 1353//1161 1355//1163
f 1354//1162 1355//1163 1356//1164
f 1356//1164 1355//1163 1357//1165
f 1356//1164 1357//1165 1358//1166
f 1358//1166 1357//1165 1359//1167
f 1358//1166 1359//1167 1360//1168
f 1360//1168 1359//1167 1361//1169
f 1360//1168 1361//1169 1362//1170
f 1362//1170 1361//1169 1363//1171
f 1362//1170 1363//1171 1364//1172
f 1364//1172 1363//1171 1365//1173
f 1364//1172 1365//1173 1366//1174
f 1366//1174 1365//1173 1367//1175
f 1366//1174 1367//1175 1368//1176
f 1368//1176 1367//1175 1369//1177
f 1368//1176 1369//1177 1370//1178
f 1370//1178 1369//1177 1371//1179
f 1370//1178 1371//1179 1372//1180
f 1372//1180 1371//1179 1373//1181
f 1372//1180 1373//1181 1374//1182
f 1374//1182 1373//1181 1375//1183
f 1374//1182 1375//1183 1376//1184
f 1376//1184 1375//1183 1377//1185
f 1376//1184 1377//1185 1378//1186
f 1378//1186 1377//1185 1379//1187
f 1378//1186 1379//1187 1380//1188
f 1380//1188 1379//1187 1381//1189
f 1380//1188 1381//1189 1382//1190
f 1382//1190 1381//1189 1383//1191
f 1382//1190 1383//1191 1384//1192
f 1384//1192 1383//1191 1385//1193
f 1384//1192 1385//1193 1386//1194
f 1386//1194 1385//1193 1387//1195
f 1386//1194 1387//1195 1388//1196
f 1388//1196 1387//1195 1389//1197
f 1388//1196 1389//1197 1390//1198
f 1390//1198 1389//1197 1391//1199
f 1390//1198 1391//1199 1392//1200
f 1392//1200 1391//1199 1393//1201
f 1392//1200 1393//1201 1394//1202
f 1394//1202 1393//1201 1395//1203
f 1394//1202 1395//1203 1396//1204
f 1396//1204 1395//1203 1397//1205
f 1396//1204 1397//1205 1398//1206
f 1398//1206 1397//1205 1399//1207
f 1398//1206 1399//1207 1400//1208
f 1400//1208 1399//1207 1401//1209
f 1400//1208 1401//1209 1402//1210
f 1402//1210 1401//1209 1403//1211
f 1402//1210 1403//1211 1404//1212
f 1404//1212 1403//1211 1405//1213
f 1404//1212 1405//1213 1406//1214
f 1406//1214 1405//1213 1407//1215
f 1406//1214 1407//1215 1408//1216
f 1262//1070 1263//1071 1265//1073
f 1265//1073 1263//1071 1350//1158
f 1265//1073 1350//1158 1409//1217
f 1409//1217 1350//1158 1352//1160
f 1409//1217 1352//1160 1410//1218
f 1410//1218 1352//1160 1354//1162
f 1410//1218 1354//1162 1411//1219
f 1411//1219 1354//1162 1356//1164
f 1411//1219 1356//1164 1412//1220
f 1412//1220 1356//1164 1358//1166
f 1412//1220 1358//1166 1413//1221
f 1413//1221 1358//1166 1360//1168
f 1413//1221 1360//1168 1414//1222
f 1414//1222 1360//1168 1362//1170
f 1414//1222 1362//1170 1415//1223
f 1415//1223 1362//1170 1364//1172
f 1415//1223 1364//1172 1416//1224
f 1416//1224 1364//1172 1366//1174
f 1416//1224 1366//1174 1417//1225
f 1417//1225 1366//1174 1368//1176
f 1417//1225 1368//1176 1418//1226
f 1418//1226 1368//1176 1370//1178
f 1418//1226 1370//1178 1419//1227
f 1419//1227 1370//1178 1372//1180
f 1419//1227 1372//1180 1420//1228
f 1420//1228 1372//1180 1374//1182
f 1420//1228 1374//1182 1421//1229
f 1421//1229 1374//1182 1376//1184
f 1421//1229 1376//1184 1422//1230
f 1422//1230 1376//1184 1378//1186
f 1422//1230 1378//1186 1423//1231
f 1423//1231 1378//1186 1380//1188
f 1423//1231 1380//1188 1424//1232
f 1424//1232 1380//1188 1382//1190
f 1424//1232 1382//1190 1425//1233
f 1425//1233 1382//1190 1384//1192
f 1425//1233 1384//1192 1426//1234
f 1426//1234 1384//1192 1386//1194
f 1426//1234 1386//1194 1427//1235
f 1427//1235 1386//1194 1388//1196
f 1427//1235 1388//1196 1428//1236
f 1428//1236 1388//1196 1390//1198
f 1428//1236 1390//1198 1429//1237
f 1429//1237 1390//1198 1392//1200
f 1429//1237 1392//1200 1430//1238
f 1430//1238 1392//1200 1394//1202
f 1430//1238 1394//1202 1431//1239
f 1431//1239 1394//1202 1396//1204
f 1431//1239 1396//1204 1432//1240
f 1432//1240 1396//1204 1398//1206
f 1432//1240 1398//1206 1433//1241
f 1433//1241 1398//1206 1400//1208
f 1433//1241 1400//1208 1434//1242
f 1434//1242 1400//1208 1402//1210
f 1434//1242 1402//1210 1435//1243
f 1435//1243 1402//1210 1404//1212
f 1435//1243 1404//1212 1436//1244
f 1436//1244 1404//1212 1406//1214
f 1436//1244 1406//1214 1437//1245
f 1437//1245 1406//1214 1408//1216
f 1437//1245 1408//1216 1438//1246
f 1264//1072 1265//1073 1267//1075
f 1267//1075 1265//1073 1409//1217
f 1267//1075 1409//1217 1439//1247
f 1439//1247 1409//1217 1410//1218
f 1439//1247 1410//1218 1440//1248
f 1440//1248 1410//1218 1411//1219
f 1440//1248 1411//1219 1441//1249
f 1441//1249 1411//1219 1412//1220
f 1441//1249 1412//1220 1442//1250
f 1442//1250 1412//1220 1413//1221
f 1442//1250 1413//1221 1443//1251
f 1443//1251 1413//1221 1414//1222
f 1443//1251 1414//1222 1444//1252
f 1444//1252 1414//1222 1415//1223
f 1444//1252 1415//1223 1445//1253
f 1445//1253 1415//1223 1416//1224
f 1445//1253 1416//1224 1446//1254
f 1446//1254 1416//1224 1417//1225
f 1446//1254 1417//1225 1447//1255
f 1447//1255 1417//1225 1418//1226
f 1447//1255 1418//1226 1448//1256
f 1448//1256 1418//1226 1419//1227
f 1448//1256 1419//1227 1449//1257
f 1449//1257 1419//1227 1420//1228
f 1449//1257 1420//1228 1450//1258
f 1450//1258 1420//1228 1421//1229
f 1450//1258 1421//1229 1451//1259
f 1451//1259 1421//1229 1422//1230
f 1451//1259 1422//1230 1452//1260
f 1452//1260 1422//1230 1423//1231
f 1452//1260 1423//1231 1453//1261
f 1453//1261 1423//1231 1424//1232
f 1453//1261 1424//1232 1454//1262
f 1454//1262 1424//1232 1425//1233
f 1454//1262 1425//1233 1455//1263
f 1455//1263 1425//1233 1426//1234
f 1455//1263 1426//1234 1456//1264
f 1456//1264 1426//1234 1427//1235
f 1456//1264 1427//1235 1457//1265
f 1457//1265 1427//1235 1428//1236
f 1457//1265 1428//1236 1458//1266
f 1458//1266 1428//1236 1429//1237
f 1458//1266 1429//1237 1459//1267
f 1459//1267 1429//1237 1430//1238
f 1459//1267 1430//1238 1460//1268
f 1460//1268 1430//1238 1431//1239
f 1460//1268 1431//1239 1461//1269
f 1461//1269 1431//1239 1432//1240
f 1461//1269 1432//1240 1462//1270
f 1462//1270 1432//1240 1433//1241
f 1462//1270 1433//1241 1463//1271
f 1463//1271 1433//1241 1434//1242
f 1463//1271 1434//1242 1464//1272
f 1464//1272 1434//1242 1435//1243
f 1464//1272 1435//1243 1465//1273
f 1465//1273 1435//1243 1436//1244
f 1465//1273 1436//1244 1466//1274
f 1466//1274 1436//1244 1437//1245
f 1466//1274 1437//1245 1467//1275
f 1467//1275 1437//1245 1438//1246
f 1467//1275 1438//1246 1468//1276
f 1266//1074 1267//1075 1268//1076
f 1268//1076 1267//1075 1439//1247
f 1268//1076 1439//1247 1269//1077
f 1269//1077 1439//1247 1440//1248
f 1269//1077 1440//1248 1153//961
f 1153//961 1440//1248 1441//1249
f 1153//961 1441//1249 1151//959
f 1151//959 1441//1249 1442//1250
f 1151//959 1442//1250 1158//966
f 1158//966 1442//1250 1443//1251
f 1158//966 1443//1251 1156//964
f 1156//964 1443//1251 1444//1252
f 1156//964 1444//1252 1148//956
f 1148//956 1444//1252 1445//1253
f 1148//956 1445//1253 1163//971
f 1163//971 1445//1253 1446//1254
f 1163//971 1446//1254 1167//975
f 1167//975 1446//1254 1447//1255
f 1167//975 1447//1255 1170//978
f 1170//978 1447//1255 1448//1256
f 1170//978 1448//1256 1175//983
f 1175//983 1448//1256 1449//1257
f 1175//983 1449//1257 1179//987
f 1179//987 1449//1257 1450//1258
f 1179//987 1450//1258 1181//989
f 1181//989 1450//1258 1451//1259
f 1181//989 1451//1259 1184//992
f 1184//992 1451//1259 1452//1260
f 1184//992 1452//1260 1187//995
f 1187//995 1452//1260 1453//1261
f 1187//995 1453//1261 1191//999
f 1191//999 1453//1261 1454//1262
f 1191//999 1454//1262 1195//1003
f 1195//1003 1454//1262 1455//1263
f 1195//1003 1455//1263 1199//1007
f 1199//1007 1455//1263 1456//1264
f 1199//1007 1456//1264 1206//1014
f 1206//1014 1456//1264 1457//1265
f 1206//1014 1457//1265 1204//1012
f 1204//1012 1457//1265 1458//1266
f 1204//1012 1458//1266 1209//1017
f 1209//1017 1458//1266 1459//1267
f 1209//1017 1459//1267 1214//1022
f 1214//1022 1459//1267 1460//1268
f 1214//1022 1460//1268 1218//1026
f 1218//1026 1460//1268 1461//1269
f 1218//1026 1461//1269 1221//1029
f 1221//1029 1461//1269 1462//1270
f 1221//1029 1462//1270 1223//1031
f 1223//1031 1462//1270 1463//1271
f 1223//1031 1463//1271 1226//1034
f 1226//1034 1463//1271 1464//1272
f 1226//1034 1464//1272 1231//1039
f 1231//1039 1464//1272 1465//1273
f 1231//1039 1465//1273 1234//1042
f 1234//1042 1465//1273 1466//1274
f 1234//1042 1466//1274 1239//1047
f 1239//1047 1466//1274 1467//1275
f 1239//1047 1467//1275 1247//1055
f 1247//1055 1467//1275 1468//1276
f 1247//1055 1468//1276 1241//1049
f 985//813 984//812 1288//1096
f 1288//1096 984//812 990//818
f 1288//1096 990//818 1469//1277
f 1469//1277 990//818 989//817
f 1469//1277 989//817 1470//1278
f 1470//1278 989//817 987//815
f 1470//1278 987//815 1471//1279
f 1471//1279 987//815 986//814
f 1471//1279 986//814 1472//1280
f 1472//1280 986//814 945//773
f 1472//1280 945//773 1473//1281
f 1473//1281 945//773 955//783
f 1473//1281 955//783 1474//1282
f 1474//1282 955//783 954//782
f 1474//1282 954//782 1475//1283
f 1475//1283 954//782 953//781
f 1475//1283 953//781 1476//1284
f 1476//1284 953//781 929//758
f 1476//1284 929//758 1477//1285
f 1477//1285 929//758 927//756
f 1477//1285 927//756 1478//1286
f 1478//1286 927//756 926//755
f 1478//1286 926//755 1479//1287
f 1479//1287 926//755 908//737
f 1479//1287 908//737 1480//1288
f 1250//1058 1252//1060 1481//1289
f 1481//1289 1252//1060 1279//1087
f 1481//1289 1279//1087 1482//1290
f 1482//1290 1279//1087 1278//1086
f 1482//1290 1278//1086 1483//1291
f 1483//1291 1278//1086 1277//1085
f 1483//1291 1277//1085 1484//1292
f 1484//1292 1277//1085 1276//1084
f 1484//1292 1276//1084 1485//1293
f 1485//1293 1276//1084 1275//1083
f 1485//1293 1275//1083 1486//1294
f 1486//1294 1275//1083 1274//1082
f 1486//1294 1274//1082 1487//1295
f 1487//1295 1274//1082 1273//1081
f 1487//1295 1273//1081 1488//1296
f 1488//1296 1273//1081 1272//1080
f 1488//1296 1272//1080 1489//1297
f 1489//1297 1272//1080 1271//1079
f 1489//1297 1271//1079 1490//1298
f 1490//1298 1271//1079 1270//1078
f 1490//1298 1270//1078 1491//1299
f 1491//1299 1270//1078 1281//1089
f 1491//1299 1281//1089 1492//1300
f 1492//1300 1281//1089 1280//1088
f 1492//1300 1280//1088 1493//1301
f 1493//1301 1280//1088 1282//1090
f 1493//1301 1282//1090 1494//1302
f 1494//1302 1282//1090 1283//1091
f 1494//1302 1283//1091 1495//1303
f 1495//1303 1283//1091 1284//1092
f 1495//1303 1284//1092 1496//1304
f 1496//1304 1284//1092 1285//1093
f 1496//1304 1285//1093 1497//1305
f 1497//1305 1285//1093 1286//1094
f 1497//1305 1286//1094 1498//1306
f 1498//1306 1286//1094 1287//1095
f 1498//1306 1287//1095 1499//1307
f 1499//1307 1287//1095 1288//1096
f 1499//1307 1288//1096 1500//1308
f 1500//1308 1288//1096 1469//1277
f 1500//1308 1469//1277 1501//1309
f 1501//1309 1469//1277 1470//1278
f 1501//1309 1470//1278 1502//1310
f 1502//1310 1470//1278 1471//1279
f 1502//1310 1471//1279 1503//1311
f 1503//1311 1471//1279 1472//1280
f 1503//1311 1472//1280 1504//1312
f 1504//1312 1472//1280 1473//1281
f 1504//1312 1473//1281 1505//1313
f 1505//1313 1473//1281 1474//1282
f 1505//1313 1474//1282 1506//1314
f 1506//1314 1474//1282 1475//1283
f 1506//1314 1475//1283 1507//1315
f 1507//1315 1475//1283 1476//1284
f 1507//1315 1476//1284 1508//1316
f 1508//1316 1476//1284 1477//1285
f 1508//1316 1477//1285 1509//1317
f 1509//1317 1477//1285 1478//1286
f 1509//1317 1478//1286 1510//1318
f 1510//1318 1478//1286 1479//1287
f 1510//1318 1479//1287 1511//1319
f 1511//1319 1479//1287 1480//1288
f 1511//1319 1480//1288 1512//1320
f 1512//1320 1347//1155 1511//1319
f 1511//1319 1347//1155 1345//1153
f 1511//1319 1345//1153 1510//1318
f 1510//1318 1345//1153 1343//1151
f 1510//1318 1343//1151 1509//1317
f 1509//1317 1343//1151 1341//1149
f 1509//1317 1341//1149 1508//1316
f 1508//1316 1341//1149 1339//1147
f 1508//1316 1339//1147 1507//1315
f 1507//1315 1339//1147 1337//1145
f 1507//1315 1337//1145 1506//1314
f 1506//1314 1337//1145 1335//1143
f 1506//1314 1335//1143 1505//1313
f 1505//1313 1335//1143 1333//1141
f 1505//1313 1333//1141 1504//1312
f 1504//1312 1333//1141 1331//1139
f 1504//1312 1331//1139 1503//1311
f 1503//1311 1331//1139 1329//1137
f 1503//1311 1329//1137 1502//1310
f 1502//1310 1329//1137 1327//1135
f 1502//1310 1327//1135 1501//1309
f 1501//1309 1327//1135 1325//1133
f 1501//1309 1325//1133 1500//1308
f 1500//1308 1325//1133 1323//1131
f 1500//1308 1323//1131 1499//1307
f 1499//1307 1323//1131 1321//1129
f 1499//1307 1321//1129 1498//1306
f 1498//1306 1321//1129 1319//1127
f 1498//1306 1319//1127 1497//1305
f 1497//1305 1319//1127 1317//1125
f 1497//1305 1317//1125 1496//1304
f 1496//1304 1317//1125 1315//1123
f 1496//1304 1315//1123 1495//1303
f 1495//1303 1315//1123 1313//1121
f 1495//1303 1313//1121 1494//1302
f 1494//1302 1313//1121 1311//1119
f 1494//1302 1311//1119 1493//1301
f 1493//1301 1311//1119 1309//1117
f 1493//1301 1309//1117 1492//1300
f 1492//1300 1309//1117 1307//1115
f 1492//1300 1307//1115 1491//1299
f 1491//1299 1307//1115 1305//1113
f 1491//1299 1305//1113 1490//1298
f 1490//1298 1305//1113 1303//1111
f 1490//1298 1303//1111 1489//1297
f 1489//1297 1303//1111 1301//1109
f 1489//1297 1301//1109 1488//1296
f 1488//1296 1301//1109 1299//1107
f 1488//1296 1299//1107 1487//1295
f 1487//1295 1299//1107 1297//1105
f 1487//1295 1297//1105 1486//1294
f 1486//1294 1297//1105 1295//1103
f 1486//1294 1295//1103 1485//1293
f 1485//1293 1295//1103 1293//1101
f 1485//1293 1293//1101 1484//1292
f 1484//1292 1293//1101 1291//1099
f 1484//1292 1291//1099 1483//1291
f 1483//1291 1291//1099 1289//1097
f 1483//1291 1289//1097 1482//1290
f 1482//1290 1289//1097 1145//953
f 1482//1290 1145//953 1481//1289
f 1481//1289 1145//953 1144//952
f 1481//1289 1144//952 1250//1058
f 1512//1320 1513//1321 1347//1155
f 1347//1155 1513//1321 1514//1322
f 1347//1155 1514//1322 1348//1156
f 1348//1156 1514//1322 1515//1323
f 1348//1156 1515//1323 1516//1324
f 1253//1061 1255//1063 1256//1064
f 1256//1064 1255//1063 1290//1098
f 1256//1064 1290//1098 1517//1325
f 1517//1325 1290//1098 1292//1100
f 1517//1325 1292//1100 1518//1326
f 1518//1326 1292//1100 1294//1102
f 1518//1326 1294//1102 1519//1327
f 1519//1327 1294//1102 1296//1104
f 1519//1327 1296//1104 1520//1328
f 1520//1328 1296//1104 1298//1106
f 1520//1328 1298//1106 1521//1329
f 1521//1329 1298//1106 1300//1108
f 1521//1329 1300//1108 1522//1330
f 1522//1330 1300//1108 1302//1110
f 1522//1330 1302//1110 1523//1331
f 1523//1331 1302//1110 1304//1112
f 1523//1331 1304//1112 1524//1332
f 1524//1332 1304//1112 1306//1114
f 1524//1332 1306//1114 1525//1333
f 1525//1333 1306//1114 1308//1116
f 1525//1333 1308//1116 1526//1334
f 1526//1334 1308//1116 1310//1118
f 1526//1334 1310//1118 1527//1335
f 1527//1335 1310//1118 1312//1120
f 1527//1335 1312//1120 1528//1336
f 1528//1336 1312//1120 1314//1122
f 1528//1336 1314//1122 1529//1337
f 1529//1337 1314//1122 1316//1124
f 1529//1337 1316//1124 1530//1338
f 1530//1338 1316//1124 1318//1126
f 1530//1338 1318//1126 1531//1339
f 1531//1339 1318//1126 1320//1128
f 1531//1339 1320//1128 1532//1340
f 1532//1340 1320//1128 1322//1130
f 1532//1340 1322//1130 1533//1341
f 1533//1341 1322//1130 1324//1132
f 1533//1341 1324//1132 1534//1342
f 1534//1342 1324//1132 1326//1134
f 1534//1342 1326//1134 1535//1343
f 1535//1343 1326//1134 1328//1136
f 1535//1343 1328//1136 1536//1344
f 1536//1344 1328//1136 1330//1138
f 1536//1344 1330//1138 1537//1345
f 1537//1345 1330//1138 1332//1140
f 1537//1345 1332//1140 1538//1346
f 1538//1346 1332//1140 1334//1142
f 1538//1346 1334//1142 1539//1347
f 1539//1347 1334//1142 1336//1144
f 1539//1347 1336//1144 1540//1348
f 1540//1348 1336//1144 1338//1146
f 1540//1348 1338//1146 1541//1349
f 1541//1349 1338//1146 1340//1148
f 1541//1349 1340//1148 1542//1350
f 1542//1350 1340//1148 1342//1150
f 1542//1350 1342//1150 1543//1351
f 1543//1351 1342//1150 1344//1152
f 1543//1351 1344//1152 1544//1352
f 1544//1352 1344//1152 1346//1154
f 1544//1352 1346//1154 1545//1353
f 1545//1353 1346//1154 1348//1156
f 1545//1353 1348//1156 1546//1354
f 1546//1354 1348//1156 1516//1324
f 1546//1354 1516//1324 1547//1355
f 1258//1066 1256//1064 1260//1068
f 1260//1068 1256//1064 1517//1325
f 1260//1068 1517//1325 1548//1356
f 1548//1356 1517//1325 1518//1326
f 1548//1356 1518//1326 1549//1357
f 1549//1357 1518//1326 1519//1327
f 1549//1357 1519//1327 1550//1358
f 1550//1358 1519//1327 1520//1328
f 1550//1358 1520//1328 1551//1359
f 1551//1359 1520//1328 1521//1329
f 1551//1359 1521//1329 1552//1360
f 1552//1360 1521//1329 1522//1330
f 1552//1360 1522//1330 1553//1361
f 1553//1361 1522//1330 1523//1331
f 1553//1361 1523//1331 1554//1362
f 1554//1362 1523//1331 1524//1332
f 1554//1362 1524//1332 1555//1363
f 1555//1363 1524//1332 1525//1333
f 1555//1363 1525//1333 1556//1364
f 1556//1364 1525//1333 1526//1334
f 1556//1364 1526//1334 1557//1365
f 1557//1365 1526//1334 1527//1335
f 1557//1365 1527//1335 1558//1366
f 1558//1366 1527//1335 1528//1336
f 1558//1366 1528//1336 1559//1367
f 1559//1367 1528//1336 1529//1337
f 1559//1367 1529//1337 1560//1368
f 1560//1368 1529//1337 1530//1338
f 1560//1368 1530//1338 1561//1369
f 1561//1369 1530//1338 1531//1339
f 1561//1369 1531//1339 1562//1370
f 1562//1370 1531//1339 1532//1340
f 1562//1370 1532//1340 1563//1371
f 1563//1371 1532//1340 1533//1341
f 1563//1371 1533//1341 1564//1372
f 1564//1372 1533//1341 1534//1342
f 1564//1372 1534//1342 1565//1373
f 1565//1373 1534//1342 1535//1343
f 1565//1373 1535//1343 1566//1374
f 1566//1374 1535//1343 1536//1344
f 1566//1374 1536//1344 1567//1375
f 1567//1375 1536//1344 1537//1345
f 1567//1375 1537//1345 1568//1376
f 1568//1376 1537//1345 1538//1346
f 1568//1376 1538//1346 1569//1377
f 1569//1377 1538//1346 1539//1347
f 1569//1377 1539//1347 1570//1378
f 1570//1378 1539//1347 1540//1348
f 1570//1378 1540//1348 1571//1379
f 1571//1379 1540//1348 1541//1349
f 1571//1379 1541//1349 1572//1380
f 1572//1380 1541//1349 1542//1350
f 1572//1380 1542//1350 1573//1381
f 1573//1381 1542//1350 1543//1351
f 1573//1381 1543//1351 1574//1382
f 1574//1382 1543//1351 1544//1352
f 1574//1382 1544//1352 1575//1383
f 1575//1383 1544//1352 1545//1353
f 1575//1383 1545//1353 1576//1384
f 1576//1384 1545//1353 1546//1354
f 1576//1384 1546//1354 1577//1385
f 1577//1385 1546//1354 1547//1355
f 1577//1385 1547//1355 1578//1386
f 1259//1067 1260//1068 1579//1387
f 1579//1387 1260//1068 1548//1356
f 1579//1387 1548//1356 1580//1388
f 1580//1388 1548//1356 1549//1357
f 1580//1388 1549//1357 1581//1389
f 1581//1389 1549//1357 1550//1358
f 1581//1389 1550//1358 1582//1390
f 1582//1390 1550//1358 1551//1359
f 1582//1390 1551//1359 1583//1391
f 1583//1391 1551//1359 1552//1360
f 1583//1391 1552//1360 1584//1392
f 1584//1392 1552//1360 1553//1361
f 1584//1392 1553//1361 1585//1393
f 1585//1393 1553//1361 1554//1362
f 1585//1393 1554//1362 1586//1394
f 1586//1394 1554//1362 1555//1363
f 1586//1394 1555//1363 1587//1395
f 1587//1395 1555//1363 1556//1364
f 1587//1395 1556//1364 1588//1396
f 1588//1396 1556//1364 1557//1365
f 1588//1396 1557//1365 1589//1397
f 1589//1397 1557//1365 1558//1366
f 1589//1397 1558//1366 1590//1398
f 1590//1398 1558//1366 1559//1367
f 1590//1398 1559//1367 1591//1399
f 1591//1399 1559//1367 1560//1368
f 1591//1399 1560//1368 1592//1400
f 1592//1400 1560//1368 1561//1369
f 1592//1400 1561//1369 1593//1401
f 1593//1401 1561//1369 1562//1370
f 1593//1401 1562//1370 1594//1402
f 1594//1402 1562//1370 1563//1371
f 1594//1402 1563//1371 1595//1403
f 1595//1403 1563//1371 1564//1372
f 1595//1403 1564//1372 1596//1404
f 1596//1404 1564//1372 1565//1373
f 1596//1404 1565//1373 1597//1405
f 1597//1405 1565//1373 1566//1374
f 1597//1405 1566//1374 1598//1406
f 1598//1406 1566//1374 1567//1375
f 1598//1406 1567//1375 1599//1407
f 1599//1407 1567//1375 1568//1376
f 1599//1407 1568//1376 1600//1408
f 1600//1408 1568//1376 1569//1377
f 1600//1408 1569//1377 1601//1409
f 1601//1409 1569//1377 1570//1378
f 1601//1409 1570//1378 1602//1410
f 1602//1410 1570//1378 1571//1379
f 1602//1410 1571//1379 1603//1411
f 1603//1411 1571//1379 1572//1380
f 1603//1411 1572//1380 1604//1412
f 1604//1412 1572//1380 1573//1381
f 1604//1412 1573//1381 1605//1413
f 1605//1413 1573//1381 1574//1382
f 1605//1413 1574//1382 1606//1414
f 1606//1414 1574//1382 1575//1383
f 1606//1414 1575//1383 1607//1415
f 1607//1415 1575//1383 1576//1384
f 1607//1415 1576//1384 1608//1416
f 1608//1416 1576//1384 1577//1385
f 1608//1416 1577//1385 1609//1417
f 1609//1417 1577//1385 1578//1386
f 1609//1417 1578//1386 1610//1418
f 1610//1418 1407//1215 1609//1417
f 1609//1417 1407//1215 1405//1213
f 1609//1417 1405//1213 1608//1416
f 1608//1416 1405//1213 1403//1211
f 1608//1416 1403//1211 1607//1415
f 1607//1415 1403//1211 1401//1209
f 1607//1415 1401//1209 1606//1414
f 1606//1414 1401//1209 1399//1207
f 1606//1414 1399//1207 1605//1413
f 1605//1413 1399//1207 1397//1205
f 1605//1413 1397//1205 1604//1412
f 1604//1412 1397//1205 1395//1203
f 1604//1412 1395//1203 1603//1411
f 1603//1411 1395//1203 1393//1201
f 1603//1411 1393//1201 1602//1410
f 1602//1410 1393//1201 1391//1199
f 1602//1410 1391//1199 1601//1409
f 1601//1409 1391//1199 1389//1197
f 1601//1409 1389//1197 1600//1408
f 1600//1408 1389//1197 1387//1195
f 1600//1408 1387//1195 1599//1407
f 1599//1407 1387//1195 1385//1193
f 1599//1407 1385//1193 1598//1406
f 1598//1406 1385//1193 1383//1191
f 1598//1406 1383//1191 1597//1405
f 1597//1405 1383//1191 1381//1189
f 1597//1405 1381//1189 1596//1404
f 1596//1404 1381//1189 1379//1187
f 1596//1404 1379//1187 1595//1403
f 1595//1403 1379//1187 1377//1185
f 1595//1403 1377//1185 1594//1402
f 1594//1402 1377//1185 1375//1183
f 1594//1402 1375//1183 1593//1401
f 1593//1401 1375//1183 1373//1181
f 1593//1401 1373//1181 1592//1400
f 1592//1400 1373//1181 1371//1179
f 1592//1400 1371//1179 1591//1399
f 1591//1399 1371//1179 1369//1177
f 1591//1399 1369//1177 1590//1398
f 1590//1398 1369//1177 1367//1175
f 1590//1398 1367//1175 1589//1397
f 1589//1397 1367//1175 1365//1173
f 1589//1397 1365//1173 1588//1396
f 1588//1396 1365//1173 1363//1171
f 1588//1396 1363//1171 1587//1395
f 1587//1395 1363//1171 1361//1169
f 1587//1395 1361//1169 1586//1394
f 1586//1394 1361//1169 1359//1167
f 1586//1394 1359//1167 1585//1393
f 1585//1393 1359//1167 1357//1165
f 1585//1393 1357//1165 1584//1392
f 1584//1392 1357//1165 1355//1163
f 1584//1392 1355//1163 1583//1391
f 1583//1391 1355//1163 1353//1161
f 1583//1391 1353//1161 1582//1390
f 1582//1390 1353//1161 1351//1159
f 1582//1390 1351//1159 1581//1389
f 1581//1389 1351//1159 1349//1157
f 1581//1389 1349//1157 1580//1388
f 1580//1388 1349//1157 1142//950
f 1580//1388 1142//950 1579//1387
f 1579//1387 1142//950 1141//949
f 1579//1387 1141//949 1259//1067
f 1134//942 1122//932 1611//1419
f 1611//1419 1122//932 1241//1049
f 1611//1419 1241//1049 1612//1420
f 1612//1420 1241//1049 1468//1276
f 1612//1420 1468//1276 1613//1421
f 1613//1421 1468//1276 1438//1246
f 1613//1421 1438//1246 1614//1422
f 1614//1422 1438//1246 1408//1216
f 1614//1422 1408//1216 1615//1423
f 1615//1423 1408//1216 1407//1215
f 1615//1423 1407//1215 1616//1424
f 1616//1424 1407//1215 1610//1418
f 513//507 139//139 141//141
f 147//147 1617//1425 145//145
f 145//145 1617//1425 142//142
f 995//507 223//223 221//221
f 189//189 1617//1425 187//187
f 187//187 1617//1425 147//147
f 187//187 147//147 210//210
f 210//210 147//147 212//212
f 995//507 221//221 147//147
f 147//147 221//221 219//219
f 147//147 219//219 217//217
f 217//217 215//215 147//147
f 147//147 215//215 213//213
f 147//147 213//213 212//212
f 142//142 1617//1425 141//141
f 141//141 1617//1425 515//514
f 141//141 515//514 513//507
f 507//507 509//509 1618//1426
f 308//308 306//306 157//157
f 308//308 157//157 293//293
f 165//165 507//507 163//163
f 163//163 507//507 1618//1426
f 163//163 1618//1426 161//161
f 161//161 1618//1426 159//159
f 159//159 1618//1426 157//157
f 157//157 1618//1426 295//295
f 157//157 295//295 293//293
f 306//306 355//355 157//157
f 157//157 355//355 354//354
f 157//157 354//354 352//352
f 352//352 350//350 157//157
f 157//157 350//350 348//348
f 157//157 348//348 992//507
f 992//507 348//348 346//346
f 1619//1427 939//767 938//766
f 1144//952 1143//951 1620//1428
f 1621//1429 1622//1430 1623//1431
f 1624//1432 1625//1433 1626//1434
f 1626//1434 1625//1433 1627//1435
f 1626//1434 1627//1435 1628//1436
f 1623//1431 1622//1430 1629//1437
f 1624//1432 1626//1434 1630//1438
f 1630//1438 1626//1434 1631//1439
f 1630//1438 1631//1439 1632//1440
f 1633//1441 1632//1440 1634//1442
f 1634//1442 1632//1440 1631//1439
f 1634//1442 1631//1439 1635//1443
f 1635//1443 1631//1439 1626//1434
f 1635//1443 1626//1434 1621//1429
f 1621//1429 1626//1434 1628//1436
f 1621//1429 1628//1436 1622//1430
f 1144//952 1620//1428 1250//1058
f 1636//1444 1637//1445 1638//1446
f 1638//1446 1637//1445 1639//1447
f 1636//1444 1638//1446 1620//1428
f 1620//1428 1638//1446 1640//1448
f 1620//1428 1640//1448 1250//1058
f 1251//1059 1250//1058 1641//1449
f 1641//1449 1250//1058 1640//1448
f 1641//1449 1640//1448 1642//1450
f 1642//1450 1640//1448 1638//1446
f 1642//1450 1638//1446 1643//1451
f 1643//1451 1638//1446 1639//1447
f 1643//1451 1639//1447 1644//1452
f 1644//1452 1639//1447 1645//1453
f 1644//1452 1645//1453 1646//1454
f 1646//1454 1645//1453 1647//1455
f 1646//1454 1647//1455 1648//1456
f 1648//1456 1647//1455 1649//1457
f 1648//1456 1649//1457 1650//1458
f 1650//1458 1649//1457 1651//1459
f 1650//1458 1651//1459 1652//1460
f 1627//1435 1653//1461 1628//1436
f 1628//1436 1653//1461 1654//1462
f 1628//1436 1654//1462 1622//1430
f 1622//1430 1654//1462 1655//1463
f 1622//1430 1655//1463 1629//1437
f 1652//1460 1619//1427 1650//1458
f 1650//1458 1619//1427 938//766
f 1650//1458 938//766 1648//1456
f 1648//1456 938//766 964//792
f 1648//1456 964//792 1646//1454
f 1646//1454 964//792 963//791
f 1646//1454 963//791 1644//1452
f 1633//1441 1634//1442 1656//1464
f 1656//1464 1634//1442 1657//1465
f 1656//1464 1657//1465 1658//1466
f 1637//1445 1658//1466 1639//1447
f 1639//1447 1658//1466 1657//1465
f 1639//1447 1657//1465 1645//1453
f 1645//1453 1657//1465 1634//1442
f 1645//1453 1634//1442 1647//1455
f 1647//1455 1634//1442 1635//1443
f 1647//1455 1635//1443 1649//1457
f 1649//1457 1635//1443 1621//1429
f 1649//1457 1621//1429 1651//1459
f 1651//1459 1621//1429 1623//1431
f 1651//1459 1623//1431 1652//1460
f 1652//1460 1623//1431 1629//1437
f 963//791 962//790 1644//1452
f 1644//1452 962//790 949//777
f 1644//1452 949//777 1643//1451
f 1643//1451 949//777 947//775
f 1643//1451 947//775 1642//1450
f 1642//1450 947//775 952//780
f 1642//1450 952//780 1641//1449
f 1641//1449 952//780 951//779
f 1641//1449 951//779 1251//1059
f 1251//1059 951//779 950//778
f 1654//1462 1653//1461 1659//1467
f 1660//1468 1661//1469 1662//1470
f 931//760 918//747 1663//1471
f 1663//1471 918//747 1664//1472
f 1663//1471 1664//1472 1665//1473
f 1666//1474 1667//1475 1668//1476
f 1669//1477 1670//1478 1660//1468
f 1671//1479 1669//1477 1672//1480
f 1672//1480 1669//1477 1660//1468
f 1672//1480 1660//1468 1673//1481
f 1673//1481 1660//1468 1662//1470
f 1673//1481 1662//1470 1674//1482
f 1675//1483 1676//1484 1677//1485
f 1677//1485 1676//1484 1678//1486
f 1677//1485 1678//1486 1679//1487
f 1679//1487 1678//1486 1680//1488
f 1679//1487 1680//1488 1671//1479
f 1671//1479 1680//1488 1681//1489
f 1671//1479 1681//1489 1669//1477
f 1655//1463 1682//1490 1683//1491
f 1684//1492 1685//1493 1686//1494
f 1686//1494 1685//1493 1687//1495
f 1683//1491 1682//1490 1688//1496
f 1688//1496 1682//1490 1689//1497
f 1688//1496 1689//1497 1690//1498
f 1690//1498 1689//1497 1687//1495
f 1690//1498 1687//1495 1691//1499
f 1691//1499 1687//1495 1685//1493
f 1691//1499 1685//1493 1692//1500
f 1655//1463 1654//1462 1682//1490
f 1682//1490 1654//1462 1659//1467
f 1682//1490 1659//1467 1689//1497
f 1689//1497 1659//1467 1693//1501
f 1689//1497 1693//1501 1687//1495
f 1687//1495 1693//1501 1694//1502
f 1687//1495 1694//1502 1686//1494
f 1665//1473 1664//1472 1692//1500
f 1692//1500 1664//1472 1695//1503
f 1692//1500 1695//1503 1691//1499
f 1691//1499 1695//1503 1696//1504
f 1691//1499 1696//1504 1690//1498
f 1690//1498 1696//1504 1697//1505
f 1690//1498 1697//1505 1688//1496
f 1688//1496 1697//1505 1698//1506
f 1688//1496 1698//1506 1683//1491
f 1683//1491 1698//1506 1629//1437
f 1683//1491 1629//1437 1655//1463
f 939//767 1619//1427 1698//1506
f 1698//1506 1619//1427 1652//1460
f 1698//1506 1652//1460 1629//1437
f 1670//1478 1699//1507 1660//1468
f 1660//1468 1699//1507 1700//1508
f 1660//1468 1700//1508 1661//1469
f 1665//1473 1666//1474 1663//1471
f 1663//1471 1666//1474 1668//1476
f 1663//1471 1668//1476 931//760
f 931//760 1668//1476 1701//1509
f 931//760 1701//1509 932//761
f 1684//1492 1675//1483 1685//1493
f 1685//1493 1675//1483 1677//1485
f 1685//1493 1677//1485 1692//1500
f 1692//1500 1677//1485 1679//1487
f 1692//1500 1679//1487 1665//1473
f 1665//1473 1679//1487 1671//1479
f 1665//1473 1671//1479 1666//1474
f 1666//1474 1671//1479 1672//1480
f 1666//1474 1672//1480 1667//1475
f 1667//1475 1672//1480 1673//1481
f 1667//1475 1673//1481 1668//1476
f 1668//1476 1673//1481 1674//1482
f 1668//1476 1674//1482 1701//1509
f 918//747 916//745 1664//1472
f 1664//1472 916//745 914//743
f 1664//1472 914//743 1695//1503
f 1695//1503 914//743 913//742
f 1695//1503 913//742 1696//1504
f 1696//1504 913//742 896//725
f 1696//1504 896//725 1697//1505
f 1697//1505 896//725 905//734
f 1697//1505 905//734 1698//1506
f 1698//1506 905//734 904//733
f 1698//1506 904//733 939//767
f 1701//1509 1674//1482 1702//1510
f 1703//1511 1700//1508 1699//1507
f 909//738 956//784 1704//1512
f 1704//1512 956//784 1705//1513
f 1704//1512 1705//1513 1706//1514
f 1707//1515 1708//1516 1709//1517
f 908//737 1709//1517 1480//1288
f 1480//1288 1709//1517 1708//1516
f 1480//1288 1708//1516 1512//1320
f 1512//1320 1708//1516 1513//1321
f 1661//1469 1700//1508 1710//1518
f 1710//1518 1700//1508 1703//1511
f 1710//1518 1703//1511 1711//1519
f 1712//1520 1706//1514 1713//1521
f 1713//1521 1706//1514 1714//1522
f 1713//1521 1714//1522 1715//1523
f 1715//1523 1714//1522 1716//1524
f 1715//1523 1716//1524 1717//1525
f 1717//1525 1716//1524 1718//1526
f 1717//1525 1718//1526 1711//1519
f 1711//1519 1718//1526 1719//1527
f 1711//1519 1719//1527 1710//1518
f 1710//1518 1719//1527 1720//1528
f 1710//1518 1720//1528 1661//1469
f 1661//1469 1720//1528 1662//1470
f 1721//1529 1722//1530 1723//1531
f 1723//1531 1722//1530 1724//1532
f 1723//1531 1724//1532 1725//1533
f 1725//1533 1724//1532 1726//1534
f 1725//1533 1726//1534 1727//1535
f 1706//1514 1705//1513 1714//1522
f 1714//1522 1705//1513 1728//1536
f 1714//1522 1728//1536 1716//1524
f 1716//1524 1728//1536 1729//1537
f 1716//1524 1729//1537 1718//1526
f 1718//1526 1729//1537 1730//1538
f 1718//1526 1730//1538 1719//1527
f 1719//1527 1730//1538 1702//1510
f 1719//1527 1702//1510 1720//1528
f 1720//1528 1702//1510 1674//1482
f 1720//1528 1674//1482 1662//1470
f 1514//1322 1513//1321 1731//1539
f 1731//1539 1513//1321 1708//1516
f 1731//1539 1708//1516 1732//1540
f 1732//1540 1708//1516 1707//1515
f 1732//1540 1707//1515 1733//1541
f 1712//1520 1733//1541 1706//1514
f 1706//1514 1733//1541 1707//1515
f 1706//1514 1707//1515 1704//1512
f 1704//1512 1707//1515 1709//1517
f 1704//1512 1709//1517 909//738
f 909//738 1709//1517 908//737
f 1699//1507 1721//1529 1703//1511
f 1703//1511 1721//1529 1723//1531
f 1703//1511 1723//1531 1711//1519
f 1711//1519 1723//1531 1725//1533
f 1711//1519 1725//1533 1717//1525
f 1717//1525 1725//1533 1727//1535
f 1717//1525 1727//1535 1715//1523
f 1715//1523 1727//1535 1734//1542
f 1715//1523 1734//1542 1713//1521
f 1713//1521 1734//1542 1735//1543
f 1713//1521 1735//1543 1712//1520
f 956//784 958//786 1705//1513
f 1705//1513 958//786 961//789
f 1705//1513 961//789 1728//1536
f 1728//1536 961//789 960//788
f 1728//1536 960//788 1729//1537
f 1729//1537 960//788 959//787
f 1729//1537 959//787 1730//1538
f 1730//1538 959//787 912//741
f 1730//1538 912//741 1702//1510
f 1702//1510 912//741 933//762
f 1702//1510 933//762 1701//1509
f 1701//1509 933//762 932//761
f 1736//1544 1737//1545 1738//1546
f 1739//1547 1740//1548 1741//1549
f 1742//1550 1743//1551 1744//1552
f 1745//1553 1746//1554 1747//1555
f 1748//1556 1746//1554 1749//1557
f 1749//1557 1746//1554 1745//1553
f 1749//1557 1745//1553 1750//1558
f 1751//1559 413//413 414//414
f 1743//1551 1750//1558 1744//1552
f 1744//1552 1750//1558 1745//1553
f 1744//1552 1745//1553 1752//1560
f 1752//1560 1745//1553 1747//1555
f 1752//1560 1747//1555 1753//1561
f 1754//1562 1755//1563 1756//1564
f 1756//1564 1755//1563 1757//1565
f 1756//1564 1757//1565 1758//1566
f 1758//1566 1757//1565 1759//1567
f 1758//1566 1759//1567 1760//1568
f 1760//1568 1759//1567 1761//1569
f 1760//1568 1761//1569 1753//1561
f 1753//1561 1761//1569 1762//1570
f 1753//1561 1762//1570 1752//1560
f 1752//1560 1762//1570 1763//1571
f 1752//1560 1763//1571 1744//1552
f 1744//1552 1763//1571 1751//1559
f 1744//1552 1751//1559 1742//1550
f 1742//1550 1751//1559 414//414
f 1742//1550 414//414 55//55
f 1755//1563 1764//1572 1757//1565
f 1757//1565 1764//1572 1765//1573
f 1757//1565 1765//1573 1759//1567
f 1759//1567 1765//1573 1766//1574
f 1759//1567 1766//1574 1761//1569
f 1761//1569 1766//1574 1767//1575
f 1761//1569 1767//1575 1762//1570
f 1762//1570 1767//1575 1768//1576
f 1762//1570 1768//1576 1763//1571
f 1763//1571 1768//1576 1769//1577
f 1763//1571 1769//1577 1751//1559
f 1751//1559 1769//1577 412//412
f 1751//1559 412//412 413//413
f 1770//1578 1771//1579 1772//1580
f 1772//1580 1771//1579 1773//1581
f 1772//1580 1773//1581 1774//1582
f 1764//1572 1775//1583 1765//1573
f 1765//1573 1775//1583 1776//1584
f 1765//1573 1776//1584 1766//1574
f 1766//1574 1776//1584 1777//1585
f 1766//1574 1777//1585 1767//1575
f 1767//1575 1777//1585 1778//1586
f 1767//1575 1778//1586 1768//1576
f 1768//1576 1778//1586 1779//1587
f 1768//1576 1779//1587 1769//1577
f 1769//1577 1779//1587 416//416
f 1769//1577 416//416 412//412
f 1780//1588 387//387 379//379
f 1781//1589 1782//1590 1783//1591
f 1783//1591 1782//1590 1784//1592
f 1783//1591 1784//1592 1111//922
f 1740//1548 1785//1593 1741//1549
f 1741//1549 1785//1593 1786//1594
f 1741//1549 1786//1594 1787//1595
f 1787//1595 1786//1594 1788//1596
f 1787//1595 1788//1596 1754//1562
f 1754//1562 1788//1596 1789//1597
f 1754//1562 1789//1597 1755//1563
f 1755//1563 1789//1597 1790//1598
f 1755//1563 1790//1598 1764//1572
f 1764//1572 1790//1598 1780//1588
f 1764//1572 1780//1588 1775//1583
f 1791//1599 1792//1600 1793//1601
f 1793//1601 1792//1600 1653//1461
f 1653//1461 1794//1602 1793//1601
f 1793//1601 1794//1602 1795//1603
f 1793//1601 1795//1603 1796//1604
f 1795//1603 1797//1605 1796//1604
f 1796//1604 1797//1605 1798//1606
f 1796//1604 1798//1606 1799//1607
f 1799//1607 1798//1606 1800//1608
f 1799//1607 1800//1608 1801//1609
f 1801//1609 1800//1608 1802//1610
f 1801//1609 1802//1610 1803//1611
f 1803//1611 1802//1610 1804//1612
f 1803//1611 1804//1612 1805//1613
f 1805//1613 1804//1612 1806//1614
f 1805//1613 1806//1614 1807//1615
f 1807//1615 1806//1614 1808//1616
f 1807//1615 1808//1616 1809//1617
f 1111//922 1810//1618 1783//1591
f 1783//1591 1810//1618 1811//1619
f 1783//1591 1811//1619 1781//1589
f 1781//1589 1811//1619 1812//1620
f 1781//1589 1812//1620 1813//1621
f 1813//1621 1812//1620 1814//1622
f 1813//1621 1814//1622 1815//1623
f 1815//1623 1814//1622 1816//1624
f 1815//1623 1816//1624 1817//1625
f 1817//1625 1816//1624 1818//1626
f 1817//1625 1818//1626 1819//1627
f 1819//1627 1818//1626 1820//1628
f 1819//1627 1820//1628 1821//1629
f 1821//1629 1820//1628 1822//1630
f 1821//1629 1822//1630 1823//1631
f 1823//1631 1822//1630 1824//1632
f 1823//1631 1824//1632 1738//1546
f 1738//1546 1824//1632 1825//1633
f 1738//1546 1825//1633 1736//1544
f 1736//1544 1825//1633 1826//1634
f 1737//1545 1791//1599 1738//1546
f 1738//1546 1791//1599 1793//1601
f 1738//1546 1793//1601 1823//1631
f 1823//1631 1793//1601 1796//1604
f 1823//1631 1796//1604 1821//1629
f 1821//1629 1796//1604 1799//1607
f 1821//1629 1799//1607 1819//1627
f 1819//1627 1799//1607 1801//1609
f 1819//1627 1801//1609 1817//1625
f 1817//1625 1801//1609 1803//1611
f 1817//1625 1803//1611 1815//1623
f 1815//1623 1803//1611 1805//1613
f 1815//1623 1805//1613 1813//1621
f 1813//1621 1805//1613 1807//1615
f 1813//1621 1807//1615 1781//1589
f 1781//1589 1807//1615 1809//1617
f 1781//1589 1809//1617 1782//1590
f 356//356 386//386 1827//1635
f 1827//1635 386//386 1828//1636
f 1827//1635 1828//1636 1829//1637
f 1829//1637 1828//1636 1830//1638
f 1829//1637 1830//1638 1831//1639
f 1831//1639 1830//1638 1774//1582
f 1831//1639 1774//1582 1832//1640
f 1832//1640 1774//1582 1773//1581
f 1780//1588 379//379 1775//1583
f 1775//1583 379//379 381//381
f 1775//1583 381//381 1776//1584
f 1776//1584 381//381 383//383
f 1776//1584 383//383 1777//1585
f 1777//1585 383//383 385//385
f 1777//1585 385//385 1778//1586
f 1778//1586 385//385 419//419
f 1778//1586 419//419 1779//1587
f 1779//1587 419//419 421//421
f 1779//1587 421//421 416//416
f 1785//1593 1770//1578 1786//1594
f 1786//1594 1770//1578 1772//1580
f 1786//1594 1772//1580 1788//1596
f 1788//1596 1772//1580 1774//1582
f 1788//1596 1774//1582 1789//1597
f 1789//1597 1774//1582 1830//1638
f 1789//1597 1830//1638 1790//1598
f 1790//1598 1830//1638 1828//1636
f 1790//1598 1828//1636 1780//1588
f 1780//1588 1828//1636 386//386
f 1780//1588 386//386 387//387
f 1810//1618 1739//1547 1811//1619
f 1811//1619 1739//1547 1741//1549
f 1811//1619 1741//1549 1812//1620
f 1812//1620 1741//1549 1787//1595
f 1812//1620 1787//1595 1814//1622
f 1814//1622 1787//1595 1754//1562
f 1814//1622 1754//1562 1816//1624
f 1816//1624 1754//1562 1756//1564
f 1816//1624 1756//1564 1818//1626
f 1818//1626 1756//1564 1758//1566
f 1818//1626 1758//1566 1820//1628
f 1820//1628 1758//1566 1760//1568
f 1820//1628 1760//1568 1822//1630
f 1822//1630 1760//1568 1753//1561
f 1822//1630 1753//1561 1824//1632
f 1824//1632 1753//1561 1747//1555
f 1824//1632 1747//1555 1825//1633
f 1825//1633 1747//1555 1746//1554
f 1825//1633 1746//1554 1826//1634
f 1826//1634 1746//1554 1748//1556
f 484//484 493//493 1833//1641
f 1834//1642 1835//1643 1836//1644
f 1837//1645 1838//1646 1839//1647
f 1840//1648 1841//1649 1842//1650
f 492//492 501//501 1843//1651
f 1844//1652 459//459 438//438
f 1845//1653 1846//1654 1847//1655
f 1848//1656 1846//1654 1849//1657
f 1849//1657 1846//1654 1845//1653
f 1849//1657 1845//1653 1850//1658
f 1850//1658 1845//1653 1851//1659
f 1852//1660 1851//1659 1853//1661
f 1853//1661 1851//1659 1845//1653
f 1853//1661 1845//1653 1854//1662
f 1854//1662 1845//1653 1847//1655
f 1854//1662 1847//1655 1855//1663
f 1856//1664 1857//1665 1858//1666
f 1858//1666 1857//1665 1859//1667
f 1858//1666 1859//1667 1860//1668
f 1860//1668 1859//1667 1861//1669
f 1860//1668 1861//1669 1862//1670
f 1862//1670 1861//1669 1863//1671
f 1862//1670 1863//1671 1855//1663
f 1855//1663 1863//1671 1864//1672
f 1855//1663 1864//1672 1854//1662
f 1854//1662 1864//1672 1865//1673
f 1854//1662 1865//1673 1853//1661
f 1853//1661 1865//1673 1866//1674
f 1853//1661 1866//1674 1852//1660
f 1852//1660 1866//1674 1867//1675
f 1857//1665 1868//1676 1859//1667
f 1859//1667 1868//1676 1869//1677
f 1859//1667 1869//1677 1861//1669
f 1861//1669 1869//1677 1870//1678
f 1861//1669 1870//1678 1863//1671
f 1863//1671 1870//1678 1871//1679
f 1863//1671 1871//1679 1864//1672
f 1864//1672 1871//1679 1872//1680
f 1864//1672 1872//1680 1865//1673
f 1865//1673 1872//1680 1844//1652
f 1865//1673 1844//1652 1866//1674
f 1866//1674 1844//1652 438//438
f 1866//1674 438//438 1867//1675
f 1867//1675 438//438 230//230
f 1868//1676 1873//1681 1869//1677
f 1869//1677 1873//1681 1874//1682
f 1869//1677 1874//1682 1870//1678
f 1870//1678 1874//1682 1875//1683
f 1870//1678 1875//1683 1871//1679
f 1871//1679 1875//1683 1876//1684
f 1871//1679 1876//1684 1872//1680
f 1872//1680 1876//1684 1877//1685
f 1872//1680 1877//1685 1844//1652
f 1844//1652 1877//1685 457//457
f 1844//1652 457//457 459//459
f 1878//1686 1879//1687 1880//1688
f 1880//1688 1879//1687 1881//1689
f 1880//1688 1881//1689 1882//1690
f 1882//1690 1881//1689 1883//1691
f 1882//1690 1883//1691 1884//1692
f 1699//1507 1885//1693 1886//1694
f 1886//1694 1885//1693 1887//1695
f 1886//1694 1887//1695 1888//1696
f 1838//1646 1889//1697 1839//1647
f 1839//1647 1889//1697 1890//1698
f 1839//1647 1890//1698 1891//1699
f 1891//1699 1890//1698 1892//1700
f 1891//1699 1892//1700 1856//1664
f 1856//1664 1892//1700 1893//1701
f 1856//1664 1893//1701 1857//1665
f 1857//1665 1893//1701 1894//1702
f 1857//1665 1894//1702 1868//1676
f 1868//1676 1894//1702 1843//1651
f 1868//1676 1843//1651 1873//1681
f 1895//1703 1896//1704 1897//1705
f 1897//1705 1896//1704 1898//1706
f 1897//1705 1898//1706 1899//1707
f 1841//1649 1840//1648 1900//1708
f 1900//1708 1840//1648 1901//1709
f 1900//1708 1901//1709 1902//1710
f 1902//1710 1901//1709 1903//1711
f 1902//1710 1903//1711 1904//1712
f 1904//1712 1903//1711 1905//1713
f 1904//1712 1905//1713 1906//1714
f 1906//1714 1905//1713 1907//1715
f 1906//1714 1907//1715 1908//1716
f 1908//1716 1907//1715 1895//1703
f 1908//1716 1895//1703 1909//1717
f 1909//1717 1895//1703 1897//1705
f 1909//1717 1897//1705 1910//1718
f 1910//1718 1897//1705 1899//1707
f 1910//1718 1899//1707 1087//900
f 1911//1719 1834//1642 1912//1720
f 1912//1720 1834//1642 1836//1644
f 1912//1720 1836//1644 1913//1721
f 1913//1721 1836//1644 1914//1722
f 1913//1721 1914//1722 1915//1723
f 1915//1723 1914//1722 1916//1724
f 1915//1723 1916//1724 1917//1725
f 1917//1725 1916//1724 1918//1726
f 1917//1725 1918//1726 1919//1727
f 1919//1727 1918//1726 1920//1728
f 1919//1727 1920//1728 1921//1729
f 1921//1729 1920//1728 1922//1730
f 1921//1729 1922//1730 1923//1731
f 1923//1731 1922//1730 1924//1732
f 1923//1731 1924//1732 1925//1733
f 1925//1733 1924//1732 1926//1734
f 1925//1733 1926//1734 1887//1695
f 1887//1695 1926//1734 1927//1735
f 1887//1695 1927//1735 1888//1696
f 1835//1643 1898//1706 1836//1644
f 1836//1644 1898//1706 1896//1704
f 1836//1644 1896//1704 1914//1722
f 1914//1722 1896//1704 1895//1703
f 1914//1722 1895//1703 1916//1724
f 1916//1724 1895//1703 1907//1715
f 1916//1724 1907//1715 1918//1726
f 1918//1726 1907//1715 1905//1713
f 1918//1726 1905//1713 1920//1728
f 1920//1728 1905//1713 1903//1711
f 1920//1728 1903//1711 1922//1730
f 1922//1730 1903//1711 1901//1709
f 1922//1730 1901//1709 1924//1732
f 1924//1732 1901//1709 1840//1648
f 1924//1732 1840//1648 1926//1734
f 1926//1734 1840//1648 1842//1650
f 1926//1734 1842//1650 1927//1735
f 1883//1691 1928//1736 1884//1692
f 1884//1692 1928//1736 1929//1737
f 1884//1692 1929//1737 1833//1641
f 1833//1641 1929//1737 71//71
f 1833//1641 71//71 484//484
f 1843//1651 501//501 1873//1681
f 1873//1681 501//501 503//503
f 1873//1681 503//503 1874//1682
f 1874//1682 503//503 504//504
f 1874//1682 504//504 1875//1683
f 1875//1683 504//504 454//454
f 1875//1683 454//454 1876//1684
f 1876//1684 454//454 453//453
f 1876//1684 453//453 1877//1685
f 1877//1685 453//453 455//455
f 1877//1685 455//455 457//457
f 1889//1697 1878//1686 1890//1698
f 1890//1698 1878//1686 1880//1688
f 1890//1698 1880//1688 1892//1700
f 1892//1700 1880//1688 1882//1690
f 1892//1700 1882//1690 1893//1701
f 1893//1701 1882//1690 1884//1692
f 1893//1701 1884//1692 1894//1702
f 1894//1702 1884//1692 1833//1641
f 1894//1702 1833//1641 1843//1651
f 1843//1651 1833//1641 493//493
f 1843//1651 493//493 492//492
f 1885//1693 1837//1645 1887//1695
f 1887//1695 1837//1645 1839//1647
f 1887//1695 1839//1647 1925//1733
f 1925//1733 1839//1647 1891//1699
f 1925//1733 1891//1699 1923//1731
f 1923//1731 1891//1699 1856//1664
f 1923//1731 1856//1664 1921//1729
f 1921//1729 1856//1664 1858//1666
f 1921//1729 1858//1666 1919//1727
f 1919//1727 1858//1666 1860//1668
f 1919//1727 1860//1668 1917//1725
f 1917//1725 1860//1668 1862//1670
f 1917//1725 1862//1670 1915//1723
f 1915//1723 1862//1670 1855//1663
f 1915//1723 1855//1663 1913//1721
f 1913//1721 1855//1663 1847//1655
f 1913//1721 1847//1655 1912//1720
f 1912//1720 1847//1655 1846//1654
f 1912//1720 1846//1654 1911//1719
f 1911//1719 1846//1654 1848//1656
f 1930//1738 1879//1687 1878//1686
f 1659//1467 1653//1461 1792//1600
f 1750//1558 1743//1551 1931//1739
f 1932//1740 1929//1737 1928//1736
f 1837//1645 1885//1693 1933//1741
f 1934//1742 1935//1743 1936//1744
f 1885//1693 1699//1507 1933//1741
f 1933//1741 1699//1507 1670//1478
f 1933//1741 1670//1478 1936//1744
f 1669//1477 1681//1489 1937//1745
f 1937//1745 1681//1489 1680//1488
f 1937//1745 1680//1488 1938//1746
f 1939//1747 1940//1748 1935//1743
f 1935//1743 1934//1742 1939//1747
f 1939//1747 1934//1742 1941//1749
f 1939//1747 1941//1749 1942//1750
f 1942//1750 1941//1749 1943//1751
f 1942//1750 1943//1751 1944//1752
f 1936//1744 1935//1743 1933//1741
f 1933//1741 1935//1743 1838//1646
f 1933//1741 1838//1646 1837//1645
f 1945//1753 1946//1754 1947//1755
f 1940//1748 1939//1747 1948//1756
f 1948//1756 1939//1747 1942//1750
f 1948//1756 1942//1750 1949//1757
f 1949//1757 1942//1750 1944//1752
f 1949//1757 1944//1752 1950//1758
f 1879//1687 1930//1738 1881//1689
f 1881//1689 1930//1738 1951//1759
f 1881//1689 1951//1759 1883//1691
f 1883//1691 1951//1759 1952//1760
f 1883//1691 1952//1760 1928//1736
f 1928//1736 1952//1760 1953//1761
f 1928//1736 1953//1761 1932//1740
f 1750//1558 1931//1739 1749//1557
f 1954//1762 1955//1763 1956//1764
f 1956//1764 1955//1763 1957//1765
f 1956//1764 1957//1765 1958//1766
f 1958//1766 1957//1765 1959//1767
f 1958//1766 1959//1767 1943//1751
f 1943//1751 1959//1767 1945//1753
f 1943//1751 1945//1753 1944//1752
f 1944//1752 1945//1753 1947//1755
f 1944//1752 1947//1755 1950//1758
f 1743//1551 1742//1550 1960//1768
f 1742//1550 55//55 593//585
f 1742//1550 593//585 1960//1768
f 1960//1768 593//585 618//610
f 1960//1768 618//610 1961//1769
f 1743//1551 1960//1768 1931//1739
f 1931//1739 1960//1768 1961//1769
f 1931//1739 1961//1769 1962//1770
f 623//615 633//625 1963//1771
f 1963//1771 633//625 632//624
f 1946//1754 1945//1753 1964//1772
f 1964//1772 1945//1753 1959//1767
f 1964//1772 1959//1767 1962//1770
f 1962//1770 1959//1767 1957//1765
f 1962//1770 1957//1765 1931//1739
f 1931//1739 1957//1765 1955//1763
f 1931//1739 1955//1763 1749//1557
f 1749//1557 1955//1763 1954//1762
f 1749//1557 1954//1762 1748//1556
f 1659//1467 1792//1600 1693//1501
f 1965//1773 1694//1502 1966//1774
f 1966//1774 1694//1502 1693//1501
f 1966//1774 1693//1501 1967//1775
f 1967//1775 1693//1501 1792//1600
f 1967//1775 1792//1600 1791//1599
f 1968//1776 1737//1545 1736//1544
f 1969//1777 1965//1773 1970//1778
f 1970//1778 1965//1773 1966//1774
f 1970//1778 1966//1774 1968//1776
f 1968//1776 1966//1774 1967//1775
f 1968//1776 1967//1775 1737//1545
f 1737//1545 1967//1775 1791//1599
f 1678//1486 1676//1484 1971//1779
f 1971//1779 1676//1484 1675//1483
f 1971//1779 1675//1483 1969//1777
f 1969//1777 1675//1483 1684//1492
f 1969//1777 1684//1492 1965//1773
f 1965//1773 1684//1492 1686//1494
f 1965//1773 1686//1494 1694//1502
f 71//71 1929//1737 598//590
f 598//590 1929//1737 1932//1740
f 598//590 1932//1740 624//616
f 624//616 1932//1740 1953//1761
f 624//616 1953//1761 625//617
f 625//617 1953//1761 1950//1758
f 1950//1758 1953//1761 1952//1760
f 1950//1758 1952//1760 1949//1757
f 1949//1757 1952//1760 1951//1759
f 1949//1757 1951//1759 1948//1756
f 1948//1756 1951//1759 1930//1738
f 1948//1756 1930//1738 1940//1748
f 1940//1748 1930//1738 1878//1686
f 1940//1748 1878//1686 1935//1743
f 1935//1743 1878//1686 1889//1697
f 1935//1743 1889//1697 1838//1646
f 618//610 623//615 1961//1769
f 1961//1769 623//615 1963//1771
f 1961//1769 1963//1771 1962//1770
f 1962//1770 1963//1771 632//624
f 1962//1770 632//624 1964//1772
f 1964//1772 632//624 631//623
f 1964//1772 631//623 1946//1754
f 1946//1754 631//623 629//621
f 1946//1754 629//621 1947//1755
f 1947//1755 629//621 627//619
f 1947//1755 627//619 1950//1758
f 1950//1758 627//619 626//618
f 1950//1758 626//618 625//617
f 1680//1488 1678//1486 1938//1746
f 1938//1746 1678//1486 1971//1779
f 1938//1746 1971//1779 1972//1780
f 1972//1780 1971//1779 1969//1777
f 1972//1780 1969//1777 1973//1781
f 1973//1781 1969//1777 1970//1778
f 1973//1781 1970//1778 1974//1782
f 1974//1782 1970//1778 1968//1776
f 1974//1782 1968//1776 1975//1783
f 1975//1783 1968//1776 1736//1544
f 1975//1783 1736//1544 1826//1634
f 1670//1478 1669//1477 1936//1744
f 1936//1744 1669//1477 1937//1745
f 1936//1744 1937//1745 1934//1742
f 1934//1742 1937//1745 1938//1746
f 1934//1742 1938//1746 1941//1749
f 1941//1749 1938//1746 1972//1780
f 1941//1749 1972//1780 1943//1751
f 1943//1751 1972//1780 1973//1781
f 1943//1751 1973//1781 1958//1766
f 1958//1766 1973//1781 1974//1782
f 1958//1766 1974//1782 1956//1764
f 1956//1764 1974//1782 1975//1783
f 1956//1764 1975//1783 1954//1762
f 1954//1762 1975//1783 1826//1634
f 1954//1762 1826//1634 1748//1556
f 996//821 346//346 345//345
f 222//222 223//223 1005//830
f 1976//1784 1977//1785 1978//1786
f 1979//1787 1980//1788 1981//1789
f 1982//1790 1983//1791 1984//1792
f 1985//1793 1986//1794 230//230
f 258//258 257//257 1987//1795
f 1988//1796 1989//1797 1990//1798
f 1990//1798 1989//1797 1991//1799
f 1990//1798 1991//1799 1992//1800
f 1993//1801 1994//1802 1002//827
f 1002//827 1994//1802 1995//1803
f 1002//827 1995//1803 1001//826
f 1000//825 999//824 1996//1804
f 1997//1805 1998//1806 1999//1807
f 1999//1807 1998//1806 2000//1808
f 1999//1807 2000//1808 2001//1809
f 2001//1809 2002//1810 1999//1807
f 1999//1807 2002//1810 2003//1811
f 1999//1807 2003//1811 2004//1812
f 2004//1812 2003//1811 2005//1813
f 2004//1812 2005//1813 1990//1798
f 1990//1798 2005//1813 2006//1814
f 1990//1798 2006//1814 1988//1796
f 231//231 232//232 2007//1815
f 2007//1815 232//232 236//236
f 2007//1815 236//236 2008//1816
f 230//230 231//231 1985//1793
f 1985//1793 231//231 2007//1815
f 1985//1793 2007//1815 2009//1817
f 2009//1817 2007//1815 2008//1816
f 2010//1818 2011//1819 2012//1820
f 2013//1821 2014//1822 2015//1823
f 2015//1823 2014//1822 2011//1819
f 2015//1823 2011//1819 2009//1817
f 2009//1817 2011//1819 2010//1818
f 2009//1817 2010//1818 1985//1793
f 1985//1793 2010//1818 2012//1820
f 1985//1793 2012//1820 1986//1794
f 1978//1786 1977//1785 2016//1824
f 2016//1824 1977//1785 2017//1825
f 2016//1824 2017//1825 1990//1798
f 1990//1798 2017//1825 2018//1826
f 1990//1798 2018//1826 2004//1812
f 2004//1812 2018//1826 2019//1827
f 2004//1812 2019//1827 1999//1807
f 1999//1807 2019//1827 2020//1828
f 1999//1807 2020//1828 2021//1829
f 2021//1829 2020//1828 2022//1830
f 2021//1829 2022//1830 1987//1795
f 1987//1795 2022//1830 2023//1831
f 1987//1795 2023//1831 258//258
f 1983//1791 1982//1790 2024//1832
f 1992//1800 1993//1801 1990//1798
f 1990//1798 1993//1801 1002//827
f 1990//1798 1002//827 2016//1824
f 2016//1824 1002//827 1003//828
f 2016//1824 1003//828 1978//1786
f 1996//1804 1997//1805 1000//825
f 1000//825 1997//1805 1999//1807
f 1000//825 1999//1807 1004//829
f 1004//829 1999//1807 2021//1829
f 1004//829 2021//1829 1005//830
f 1005//830 2021//1829 1987//1795
f 1005//830 1987//1795 222//222
f 222//222 1987//1795 257//257
f 356//356 1980//1788 357//357
f 357//357 1980//1788 1979//1787
f 357//357 1979//1787 358//358
f 236//236 258//258 2008//1816
f 2008//1816 258//258 2023//1831
f 2008//1816 2023//1831 2009//1817
f 2009//1817 2023//1831 2022//1830
f 2009//1817 2022//1830 2015//1823
f 2015//1823 2022//1830 2020//1828
f 2015//1823 2020//1828 2013//1821
f 2013//1821 2020//1828 2019//1827
f 1976//1784 1984//1792 1977//1785
f 1977//1785 1984//1792 1983//1791
f 1977//1785 1983//1791 2017//1825
f 2017//1825 1983//1791 2024//1832
f 2017//1825 2024//1832 2018//1826
f 2018//1826 2024//1832 2025//1833
f 2018//1826 2025//1833 2019//1827
f 2019//1827 2025//1833 2026//1834
f 2019//1827 2026//1834 2013//1821
f 2013//1821 2026//1834 2027//1835
f 2013//1821 2027//1835 2014//1822
f 1003//828 996//821 1978//1786
f 1978//1786 996//821 345//345
f 1978//1786 345//345 1976//1784
f 1976//1784 345//345 358//358
f 1976//1784 358//358 1984//1792
f 1984//1792 358//358 1979//1787
f 1984//1792 1979//1787 1982//1790
f 1982//1790 1979//1787 1981//1789
f 1982//1790 1981//1789 2024//1832
f 2024//1832 1981//1789 2028//1836
f 2024//1832 2028//1836 2025//1833
f 2025//1833 2028//1836 2029//1837
f 2025//1833 2029//1837 2026//1834
f 2026//1834 2029//1837 2030//1838
f 2026//1834 2030//1838 2027//1835
f 2031//1839 2032//1840 1104//917
f 1086//899 1087//900 1899//1707
f 2033//1841 2034//1842 1831//1639
f 2027//1835 2030//1838 2035//1843
f 2035//1843 2030//1838 2036//1844
f 2037//1845 1740//1548 1739//1547
f 1068//882 1070//884 2038//1846
f 2039//1847 2040//1848 2041//1849
f 2041//1849 2040//1848 2037//1845
f 1111//922 1112//923 1810//1618
f 1810//1618 1112//923 2042//1850
f 1810//1618 2042//1850 1739//1547
f 1739//1547 2042//1850 2043//1851
f 1739//1547 2043//1851 2037//1845
f 2037//1845 2043//1851 2044//1852
f 2037//1845 2044//1852 2041//1849
f 1112//923 1113//924 2042//1850
f 2042//1850 1113//924 1114//925
f 2042//1850 1114//925 2043//1851
f 2043//1851 1114//925 2045//1853
f 2043//1851 2045//1853 2044//1852
f 2044//1852 2045//1853 2046//1854
f 2044//1852 2046//1854 2041//1849
f 2041//1849 2046//1854 2047//1855
f 2041//1849 2047//1855 2039//1847
f 2039//1847 2047//1855 2048//1856
f 2039//1847 2048//1856 2049//1857
f 2049//1857 2048//1856 2050//1858
f 2050//1858 2051//1859 2049//1857
f 2049//1857 2051//1859 2052//1860
f 2049//1857 2052//1860 2053//1861
f 1831//1639 1832//1640 2033//1841
f 2033//1841 1832//1640 1773//1581
f 2033//1841 1773//1581 2054//1862
f 2054//1862 1773//1581 1771//1579
f 2054//1862 1771//1579 1770//1578
f 1981//1789 2055//1863 2028//1836
f 2028//1836 2055//1863 2036//1844
f 2028//1836 2036//1844 2029//1837
f 2029//1837 2036//1844 2030//1838
f 1849//1657 1850//1658 2056//1864
f 2056//1864 1850//1658 1851//1659
f 2056//1864 1851//1659 2057//1865
f 2057//1865 1851//1659 1852//1660
f 2057//1865 1852//1660 2058//1866
f 230//230 1986//1794 1867//1675
f 1867//1675 1986//1794 1852//1660
f 1852//1660 1986//1794 2058//1866
f 2058//1866 1986//1794 2012//1820
f 2058//1866 2012//1820 2011//1819
f 2059//1867 2056//1864 2060//1868
f 2060//1868 2056//1864 2057//1865
f 2060//1868 2057//1865 2061//1869
f 2061//1869 2057//1865 2058//1866
f 2061//1869 2058//1866 2062//1870
f 2062//1870 2058//1866 2011//1819
f 1086//899 1899//1707 1085//898
f 1104//917 2032//1840 1119//929
f 1104//917 1085//898 2031//1839
f 2031//1839 1085//898 1899//1707
f 2031//1839 1899//1707 2032//1840
f 2032//1840 1899//1707 1898//1706
f 2032//1840 1898//1706 2063//1871
f 1848//1656 2064//1872 1911//1719
f 1911//1719 2064//1872 2065//1873
f 1911//1719 2065//1873 1834//1642
f 1834//1642 2065//1873 2063//1871
f 1834//1642 2063//1871 1835//1643
f 1835//1643 2063//1871 1898//1706
f 2066//1874 2067//1875 2068//1876
f 2068//1876 2067//1875 2069//1877
f 2068//1876 2069//1877 2038//1846
f 2038//1846 1070//884 2068//1876
f 2068//1876 1070//884 1069//883
f 2068//1876 1069//883 2066//1874
f 1069//883 1119//929 2066//1874
f 2066//1874 1119//929 2032//1840
f 2066//1874 2032//1840 2067//1875
f 2067//1875 2032//1840 2063//1871
f 2067//1875 2063//1871 2069//1877
f 2069//1877 2063//1871 2065//1873
f 2069//1877 2065//1873 2059//1867
f 2059//1867 2065//1873 2064//1872
f 2059//1867 2064//1872 2056//1864
f 2056//1864 2064//1872 1848//1656
f 2056//1864 1848//1656 1849//1657
f 356//356 1827//1635 1980//1788
f 1980//1788 1827//1635 1829//1637
f 1980//1788 1829//1637 1981//1789
f 1981//1789 1829//1637 2070//1878
f 1981//1789 2070//1878 2055//1863
f 2053//1861 2034//1842 2049//1857
f 2049//1857 2034//1842 2033//1841
f 2049//1857 2033//1841 2039//1847
f 2039//1847 2033//1841 2054//1862
f 2039//1847 2054//1862 2040//1848
f 2040//1848 2054//1862 1770//1578
f 2040//1848 1770//1578 2037//1845
f 2037//1845 1770//1578 1785//1593
f 2037//1845 1785//1593 1740//1548
f 2014//1822 2027//1835 2071//1879
f 2071//1879 2027//1835 2035//1843
f 2071//1879 2035//1843 2051//1859
f 2051//1859 2035//1843 2036//1844
f 2051//1859 2036//1844 2052//1860
f 2052//1860 2036//1844 2055//1863
f 2052//1860 2055//1863 2053//1861
f 2053//1861 2055//1863 2070//1878
f 2053//1861 2070//1878 2034//1842
f 2034//1842 2070//1878 1829//1637
f 2034//1842 1829//1637 1831//1639
f 2011//1819 2014//1822 2062//1870
f 2062//1870 2014//1822 2071//1879
f 2062//1870 2071//1879 2061//1869
f 2061//1869 2071//1879 2051//1859
f 2061//1869 2051//1859 2060//1868
f 2060//1868 2051//1859 2050//1858
f 2060//1868 2050//1858 2059//1867
f 2059//1867 2050//1858 2048//1856
f 2059//1867 2048//1856 2069//1877
f 2069//1877 2048//1856 2047//1855
f 2069//1877 2047//1855 2038//1846
f 2038//1846 2047//1855 2046//1854
f 2038//1846 2046//1854 1068//882
f 1068//882 2046//1854 2045//1853
f 1068//882 2045//1853 1067//881
f 1067//881 2045//1853 1114//925
f 1627//1435 1625//1433 2072//1880
f 2073//1881 1259//1067 1141//949
f 2074//1882 2075//1883 2076//1884
f 2076//1884 2075//1883 2077//1885
f 2076//1884 2077//1885 2078//1886
f 2078//1886 2077//1885 2073//1881
f 2078//1886 2073//1881 2079//1887
f 2079//1887 2073//1881 1141//949
f 2079//1887 1141//949 1140//948
f 2080//1888 2081//1889 2082//1890
f 2082//1890 2081//1889 2083//1891
f 1656//1464 1658//1466 2084//1892
f 2084//1892 1658//1466 1637//1445
f 2084//1892 1637//1445 2085//1893
f 2086//1894 2087//1895 2088//1896
f 1653//1461 1627//1435 1794//1602
f 1794//1602 1627//1435 2072//1880
f 1794//1602 2072//1880 1795//1603
f 1795//1603 2072//1880 2089//1897
f 1795//1603 2089//1897 1797//1605
f 2090//1898 2091//1899 2089//1897
f 2089//1897 2091//1899 1798//1606
f 2089//1897 1798//1606 1797//1605
f 1624//1432 1630//1438 2092//1900
f 2092//1900 1630//1438 1632//1440
f 2092//1900 1632//1440 2093//1901
f 1625//1433 1624//1432 2072//1880
f 2072//1880 1624//1432 2092//1900
f 2072//1880 2092//1900 2089//1897
f 2089//1897 2092//1900 2093//1901
f 2089//1897 2093//1901 2090//1898
f 1633//1441 2094//1902 2095//1903
f 2095//1903 2094//1902 2096//1904
f 2095//1903 2096//1904 2097//1905
f 2097//1905 2096//1904 2086//1894
f 2097//1905 2086//1894 2098//1906
f 2098//1906 2086//1894 2088//1896
f 2098//1906 2088//1896 2099//1907
f 2100//1908 2101//1909 1784//1592
f 1784//1592 2101//1909 2102//1910
f 1784//1592 2102//1910 1111//922
f 1802//1610 2103//1911 1804//1612
f 1804//1612 2103//1911 2104//1912
f 1804//1612 2104//1912 1806//1614
f 1806//1614 2104//1912 2105//1913
f 1806//1614 2105//1913 1808//1616
f 2106//1914 2107//1915 2108//1916
f 2108//1916 2107//1915 2100//1908
f 1784//1592 1782//1590 2100//1908
f 2100//1908 1782//1590 2109//1917
f 2100//1908 2109//1917 2108//1916
f 2108//1916 2109//1917 2110//1918
f 2108//1916 2110//1918 2106//1914
f 2106//1914 2110//1918 2111//1919
f 2106//1914 2111//1919 2112//1920
f 2112//1920 2111//1919 2113//1921
f 2112//1920 2113//1921 2114//1922
f 2114//1922 2113//1921 2115//1923
f 2114//1922 2115//1923 2080//1888
f 2080//1888 2115//1923 2085//1893
f 2080//1888 2085//1893 2081//1889
f 2112//1920 2116//1924 2106//1914
f 2106//1914 2116//1924 2117//1925
f 2106//1914 2117//1925 2107//1915
f 2107//1915 2117//1925 2118//1926
f 2107//1915 2118//1926 2100//1908
f 2100//1908 2118//1926 2119//1927
f 2100//1908 2119//1927 2101//1909
f 1809//1617 1808//1616 2120//1928
f 2120//1928 1808//1616 2105//1913
f 2120//1928 2105//1913 2099//1907
f 2099//1907 2105//1913 2104//1912
f 2099//1907 2104//1912 2098//1906
f 2098//1906 2104//1912 2103//1911
f 2098//1906 2103//1911 2121//1929
f 2121//1929 2103//1911 1802//1610
f 2121//1929 1802//1610 1800//1608
f 2085//1893 1637//1445 2081//1889
f 2081//1889 1637//1445 1636//1444
f 2081//1889 1636//1444 2083//1891
f 2083//1891 1636//1444 1620//1428
f 2083//1891 1620//1428 1143//951
f 1143//951 1254//1062 2083//1891
f 2083//1891 1254//1062 1253//1061
f 2083//1891 1253//1061 2082//1890
f 2082//1890 1253//1061 1257//1065
f 2082//1890 1257//1065 1258//1066
f 1258//1066 1259//1067 2082//1890
f 2082//1890 1259//1067 2073//1881
f 2082//1890 2073//1881 2080//1888
f 2080//1888 2073//1881 2077//1885
f 2080//1888 2077//1885 2114//1922
f 2114//1922 2077//1885 2075//1883
f 2114//1922 2075//1883 2112//1920
f 2112//1920 2075//1883 2074//1882
f 2112//1920 2074//1882 2116//1924
f 1800//1608 1798//1606 2121//1929
f 2121//1929 1798//1606 2091//1899
f 2121//1929 2091//1899 2098//1906
f 2098//1906 2091//1899 2090//1898
f 2098//1906 2090//1898 2097//1905
f 2097//1905 2090//1898 2093//1901
f 2097//1905 2093//1901 2095//1903
f 2095//1903 2093//1901 1632//1440
f 2095//1903 1632//1440 1633//1441
f 1633//1441 1656//1464 2094//1902
f 2094//1902 1656//1464 2084//1892
f 2094//1902 2084//1892 2096//1904
f 2096//1904 2084//1892 2085//1893
f 2096//1904 2085//1893 2086//1894
f 2086//1894 2085//1893 2115//1923
f 2086//1894 2115//1923 2087//1895
f 2087//1895 2115//1923 2113//1921
f 2087//1895 2113//1921 2088//1896
f 2088//1896 2113//1921 2111//1919
f 2088//1896 2111//1919 2099//1907
f 2099//1907 2111//1919 2110//1918
f 2099//1907 2110//1918 2120//1928
f 2120//1928 2110//1918 2109//1917
f 2120//1928 2109//1917 1809//1617
f 1809//1617 2109//1917 1782//1590
f 1721//1529 1699//1507 1886//1694
f 1616//1424 1610//1418 2122//1930
f 1724//1532 1722//1530 2123//1931
f 2124//1932 2125//1933 2126//1934
f 2126//1934 2125//1933 2127//1935
f 2128//1936 2129//1937 2130//1938
f 2131//1939 2132//1940 2133//1941
f 2133//1941 2132//1940 2134//1942
f 2133//1941 2134//1942 2135//1943
f 1908//1716 2136//1944 2137//1945
f 2137//1945 2136//1944 2138//1946
f 2137//1945 2138//1946 2139//1947
f 1087//900 2128//1936 1910//1718
f 1910//1718 2128//1936 2130//1938
f 1910//1718 2130//1938 1909//1717
f 1909//1717 2130//1938 1908//1716
f 2139//1947 2138//1946 2140//1948
f 2140//1948 2138//1946 2141//1949
f 2140//1948 2141//1949 2127//1935
f 2142//1950 1712//1520 2143//1951
f 2143//1951 1712//1520 1735//1543
f 2125//1933 2144//1952 2127//1935
f 2127//1935 2144//1952 2145//1953
f 2127//1935 2145//1953 2140//1948
f 2140//1948 2145//1953 2146//1954
f 2140//1948 2146//1954 2139//1947
f 1724//1532 2123//1931 1726//1534
f 1726//1534 2147//1955 1727//1535
f 1727//1535 2147//1955 2148//1956
f 1727//1535 2148//1956 1734//1542
f 1734//1542 2148//1956 1735//1543
f 1578//1386 1547//1355 2149//1957
f 2149//1957 1547//1355 2150//1958
f 2149//1957 2150//1958 2151//1959
f 1514//1322 1731//1539 1515//1323
f 1515//1323 1731//1539 2150//1958
f 1515//1323 2150//1958 1516//1324
f 1516//1324 2150//1958 1547//1355
f 1735//1543 2148//1956 2143//1951
f 2143//1951 2148//1956 2152//1960
f 2143//1951 2152//1960 2142//1950
f 2142//1950 2152//1960 2153//1961
f 2142//1950 2153//1961 2154//1962
f 1726//1534 2123//1931 2147//1955
f 2147//1955 2123//1931 2155//1963
f 2147//1955 2155//1963 2148//1956
f 2148//1956 2155//1963 2156//1964
f 2148//1956 2156//1964 2152//1960
f 2152//1960 2156//1964 2157//1965
f 2152//1960 2157//1965 2153//1961
f 2158//1966 2159//1967 2160//1968
f 2160//1968 2159//1967 2161//1969
f 2160//1968 2161//1969 2162//1970
f 2162//1970 2161//1969 2135//1943
f 2135//1943 2134//1942 2162//1970
f 2162//1970 2134//1942 2163//1971
f 2162//1970 2163//1971 2160//1968
f 1615//1423 1616//1424 2164//1972
f 2164//1972 1616//1424 2122//1930
f 2164//1972 2122//1930 2165//1973
f 2165//1973 2122//1930 2158//1966
f 2165//1973 2158//1966 2166//1974
f 2166//1974 2158//1966 2160//1968
f 2166//1974 2160//1968 2167//1975
f 2167//1975 2160//1968 2163//1971
f 1610//1418 1578//1386 2122//1930
f 2122//1930 1578//1386 2149//1957
f 2122//1930 2149//1957 2158//1966
f 2158//1966 2149//1957 2151//1959
f 2158//1966 2151//1959 2159//1967
f 2141//1949 2157//1965 2127//1935
f 2127//1935 2157//1965 2156//1964
f 2127//1935 2156//1964 2126//1934
f 2126//1934 2156//1964 2155//1963
f 2126//1934 2155//1963 2124//1932
f 2124//1932 2155//1963 2123//1931
f 2124//1932 2123//1931 1886//1694
f 1886//1694 2123//1931 1722//1530
f 1886//1694 1722//1530 1721//1529
f 1886//1694 1888//1696 2124//1932
f 2124//1932 1888//1696 1927//1735
f 2124//1932 1927//1735 2125//1933
f 2125//1933 1927//1735 1842//1650
f 2125//1933 1842//1650 2144//1952
f 2144//1952 1842//1650 1841//1649
f 2144//1952 1841//1649 2145//1953
f 2145//1953 1841//1649 1900//1708
f 2145//1953 1900//1708 2146//1954
f 2146//1954 1900//1708 1902//1710
f 2146//1954 1902//1710 2139//1947
f 2139//1947 1902//1710 1904//1712
f 2139//1947 1904//1712 2137//1945
f 2137//1945 1904//1712 1906//1714
f 2137//1945 1906//1714 1908//1716
f 1908//1716 2130//1938 2136//1944
f 2136//1944 2130//1938 2168//1976
f 2136//1944 2168//1976 2138//1946
f 2138//1946 2168//1976 2169//1977
f 2138//1946 2169//1977 2141//1949
f 2141//1949 2169//1977 2170//1978
f 2141//1949 2170//1978 2157//1965
f 2157//1965 2170//1978 2171//1979
f 2157//1965 2171//1979 2153//1961
f 2153//1961 2171//1979 2172//1980
f 2153//1961 2172//1980 2154//1962
f 2154//1962 2172//1980 1732//1540
f 2154//1962 1732//1540 2142//1950
f 2142//1950 1732//1540 1733//1541
f 2142//1950 1733//1541 1712//1520
f 2129//1937 2131//1939 2130//1938
f 2130//1938 2131//1939 2133//1941
f 2130//1938 2133//1941 2168//1976
f 2168//1976 2133//1941 2135//1943
f 2168//1976 2135//1943 2169//1977
f 2169//1977 2135//1943 2161//1969
f 2169//1977 2161//1969 2170//1978
f 2170//1978 2161//1969 2159//1967
f 2170//1978 2159//1967 2171//1979
f 2171//1979 2159//1967 2151//1959
f 2171//1979 2151//1959 2172//1980
f 2172//1980 2151//1959 2150//1958
f 2172//1980 2150//1958 1732//1540
f 1732//1540 2150//1958 1731//1539
f 1079//892 1078//870 1139//947
f 1614//1422 1615//1423 2164//1972
f 1611//1419 1612//1420 2173//1981
f 2173//1981 1612//1420 2174//1982
f 2173//1981 2174//1982 2175//1983
f 2175//1983 2174//1982 2176//1984
f 2175//1983 2176//1984 2177//1985
f 2177//1985 2176//1984 2178//1986
f 2177//1985 2178//1986 2179//1987
f 2179//1987 2178//1986 2180//1988
f 2179//1987 2180//1988 2181//1989
f 2177//1985 1130//938 2175//1983
f 2175//1983 1130//938 1132//940
f 2175//1983 1132//940 2173//1981
f 2173//1981 1132//940 1135//943
f 2173//1981 1135//943 1611//1419
f 1611//1419 1135//943 1134//942
f 2182//1990 2183//1991 2184//1992
f 2184//1992 2183//1991 2185//1993
f 2184//1992 2185//1993 2186//1994
f 1082//895 2187//1995 1084//897
f 1084//897 2187//1995 2188//1996
f 1084//897 2188//1996 1088//901
f 1088//901 2188//1996 2128//1936
f 1088//901 2128//1936 1087//900
f 1613//1421 1614//1422 2189//1997
f 2189//1997 1614//1422 2164//1972
f 2189//1997 2164//1972 2190//1998
f 2190//1998 2164//1972 2165//1973
f 2190//1998 2165//1973 2191//1999
f 2165//1973 2166//1974 2191//1999
f 2191//1999 2166//1974 2167//1975
f 2191//1999 2167//1975 2192//2000
f 2192//2000 2167//1975 2163//1971
f 2192//2000 2163//1971 2182//1990
f 2182//1990 2163//1971 2134//1942
f 2182//1990 2134//1942 2183//1991
f 2183//1991 2134//1942 2132//1940
f 2183//1991 2132//1940 2185//1993
f 2185//1993 2132//1940 2131//1939
f 2185//1993 2131//1939 2129//1937
f 1079//892 1139//947 1080//893
f 1082//895 1081//894 2187//1995
f 2187//1995 1081//894 1080//893
f 2187//1995 1080//893 2193//2001
f 2193//2001 1080//893 1139//947
f 2193//2001 1139//947 2194//2002
f 2194//2002 1139//947 1138//946
f 2194//2002 1138//946 2181//1989
f 2181//1989 1138//946 1137//945
f 2181//1989 1137//945 2179//1987
f 2179//1987 1137//945 1136//944
f 2179//1987 1136//944 2177//1985
f 2177//1985 1136//944 1131//939
f 2177//1985 1131//939 1130//938
f 1612//1420 1613//1421 2174//1982
f 2174//1982 1613//1421 2189//1997
f 2174//1982 2189//1997 2176//1984
f 2176//1984 2189//1997 2190//1998
f 2176//1984 2190//1998 2178//1986
f 2178//1986 2190//1998 2191//1999
f 2178//1986 2191//1999 2180//1988
f 2180//1988 2191//1999 2192//2000
f 2180//1988 2192//2000 2181//1989
f 2181//1989 2192//2000 2182//1990
f 2181//1989 2182//1990 2194//2002
f 2194//2002 2182//1990 2184//1992
f 2194//2002 2184//1992 2193//2001
f 2193//2001 2184//1992 2186//1994
f 2193//2001 2186//1994 2187//1995
f 2187//1995 2186//1994 2185//1993
f 2187//1995 2185//1993 2188//1996
f 2188//1996 2185//1993 2129//1937
f 2188//1996 2129//1937 2128//1936
f 2195//2003 2118//1926 2117//1925
f 2118//1926 2195//2003 2119//1927
f 1065//879 1111//922 2102//1910
f 1261//1069 1262//1070 2196//2004
f 2197//2005 1022//846 2198//2006
f 2198//2006 1022//846 1024//848
f 2198//2006 1024//848 2199//2007
f 2199//2007 1024//848 1029//853
f 1140//948 1261//1069 2079//1887
f 2079//1887 1261//1069 2196//2004
f 2079//1887 2196//2004 2078//1886
f 1065//879 2102//1910 1064//878
f 1063//877 1064//878 2200//2008
f 2200//2008 1064//878 2102//1910
f 2200//2008 2102//1910 2201//2009
f 2201//2009 2102//1910 2101//1909
f 2201//2009 2101//1909 2119//1927
f 2119//1927 2195//2003 2201//2009
f 2201//2009 2195//2003 2202//2010
f 2201//2009 2202//2010 2200//2008
f 2200//2008 2202//2010 2203//2011
f 2200//2008 2203//2011 1063//877
f 1028//852 1118//847 1029//853
f 1029//853 1118//847 1117//928
f 1029//853 1117//928 2199//2007
f 2199//2007 1117//928 1116//927
f 2199//2007 1116//927 1115//926
f 2078//1886 2196//2004 2076//1884
f 2076//1884 2196//2004 2204//2012
f 2076//1884 2204//2012 2074//1882
f 2074//1882 2204//2012 2205//2013
f 2074//1882 2205//2013 2116//1924
f 2116//1924 2205//2013 2206//2014
f 2116//1924 2206//2014 2117//1925
f 2117//1925 2206//2014 2207//2015
f 2117//1925 2207//2015 2195//2003
f 2195//2003 2207//2015 2208//2016
f 2195//2003 2208//2016 2202//2010
f 1266//1074 1025//849 2209//2017
f 2209//2017 1025//849 1019//843
f 2209//2017 1019//843 2210//2018
f 2210//2018 1019//843 1009//834
f 2210//2018 1009//834 2211//2019
f 2211//2019 1009//834 1011//836
f 2211//2019 1011//836 2212//2020
f 2212//2020 1011//836 1008//833
f 2212//2020 1008//833 1014//838
f 1264//1072 1266//1074 2213//2021
f 2213//2021 1266//1074 2209//2017
f 2213//2021 2209//2017 2214//2022
f 2214//2022 2209//2017 2210//2018
f 2214//2022 2210//2018 2215//2023
f 2215//2023 2210//2018 2211//2019
f 2215//2023 2211//2019 2216//2024
f 2216//2024 2211//2019 2212//2020
f 2216//2024 2212//2020 2197//2005
f 2197//2005 2212//2020 1014//838
f 2197//2005 1014//838 1022//846
f 1262//1070 1264//1072 2196//2004
f 2196//2004 1264//1072 2213//2021
f 2196//2004 2213//2021 2204//2012
f 2204//2012 2213//2021 2214//2022
f 2204//2012 2214//2022 2205//2013
f 2205//2013 2214//2022 2215//2023
f 2205//2013 2215//2023 2206//2014
f 2206//2014 2215//2023 2216//2024
f 2206//2014 2216//2024 2207//2015
f 2207//2015 2216//2024 2197//2005
f 2207//2015 2197//2005 2208//2016
f 2208//2016 2197//2005 2198//2006
f 2208//2016 2198//2006 2202//2010
f 2202//2010 2198//2006 2199//2007
f 2202//2010 2199//2007 2203//2011
f 2203//2011 2199//2007 1115//926
f 2203//2011 1115//926 1063//877
f 2217//2025 2218//2026 2219//852
f 654//646 656//648 2220//852
f 2221//2027 2222//2028 2223//852
f 2223//852 2222//2028 2224//852
f 2223//852 2224//852 2225//2029
f 2222//2028 2226//2030 2224//852
f 2224//852 2226//2030 2227//2031
f 2224//852 2227//2031 652//644
f 2227//2031 2228//2032 652//644
f 652//644 2228//2032 2229//2033
f 652//644 2229//2033 650//642
f 2230//2034 2231//852 2232//2035
f 2232//2035 2231//852 650//642
f 2232//2035 650//642 2233//2036
f 2233//2036 650//642 2229//2033
f 2230//2034 2234//2037 2231//852
f 2231//852 2234//2037 2235//2038
f 2231//852 2235//2038 2223//852
f 2223//852 2235//2038 2236//2039
f 2223//852 2236//2039 2221//2027
f 640//632 642//634 2237//852
f 2237//852 642//634 644//636
f 2237//852 644//636 2238//852
f 2238//852 644//636 646//638
f 2238//852 646//638 2231//852
f 2231//852 646//638 648//640
f 2231//852 648//640 650//642
f 2239//2032 2240//2033 2241//852
f 2242//2031 638//630 2243//2030
f 2243//2030 638//630 640//632
f 2243//2030 640//632 2244//2028
f 2244//2028 640//632 2245//2027
f 2245//2027 640//632 2237//852
f 2245//2027 2237//852 2246//2039
f 2246//2039 2237//852 2247//2038
f 2247//2038 2237//852 2248//852
f 2247//2038 2248//852 2249//2037
f 2240//2033 2250//2040 2241//852
f 2241//852 2250//2040 2251//2035
f 2241//852 2251//2035 2248//852
f 2248//852 2251//2035 2252//2034
f 2248//852 2252//2034 2249//2037
f 2242//2031 2239//2032 638//630
f 638//630 2239//2032 2241//852
f 638//630 2241//852 636//628
f 636//628 2241//852 634//626
f 674//666 676//668 2253//852
f 2253//852 676//668 634//626
f 2253//852 634//626 2254//852
f 2255//2030 2256//852 2257//2028
f 2257//2028 2256//852 672//664
f 2257//2028 672//664 2258//2041
f 2255//2030 2259//2031 2256//852
f 2256//852 2259//2031 2260//2032
f 2256//852 2260//2032 2261//852
f 2260//2032 2262//2033 2261//852
f 2261//852 2262//2033 2263//2036
f 2261//852 2263//2036 2264//2035
f 2258//2041 672//664 2265//2042
f 2265//2042 672//664 674//666
f 2265//2042 674//666 2266//2043
f 2266//2043 674//666 2267//2044
f 2267//2044 674//666 2253//852
f 2267//2044 2253//852 2268//2045
f 662//654 664//656 2269//852
f 2269//852 664//656 666//658
f 2269//852 666//658 2270//852
f 2270//852 666//658 668//660
f 2270//852 668//660 2256//852
f 2256//852 668//660 670//662
f 2256//852 670//662 672//664
f 2271//2030 2272//2031 2273//852
f 2273//852 2272//2031 2274//2032
f 2273//852 2274//2032 2269//852
f 2271//2030 2273//852 2275//2028
f 2275//2028 2273//852 2276//852
f 2275//2028 2276//852 2277//2041
f 660//652 2278//2043 2276//852
f 2276//852 2278//2043 2279//2042
f 2276//852 2279//2042 2277//2041
f 2274//2032 2280//2033 2269//852
f 2269//852 2280//2033 2281//2036
f 2269//852 2281//2036 662//654
f 2281//2036 2282//2035 662//654
f 662//654 2282//2035 2283//2045
f 662//654 2283//2045 660//652
f 660//652 2283//2045 2284//2037
f 660//652 2284//2037 2278//2043
f 2220//852 656//648 2276//852
f 2276//852 656//648 658//650
f 2276//852 658//650 660//652
f 2285//2046 2286//2026 2287//2047
f 2287//2047 2286//2026 2288//2048
f 2287//2047 2288//2048 2289//2049
f 2290//699 2291//701 2219//852
f 2292//2050 1018//842 2293//2051
f 2290//699 2219//852 2294//721
f 2291//701 2295//703 2219//852
f 2219//852 2295//703 2296//705
f 2219//852 2296//705 2297//852
f 2297//852 2296//705 2298//707
f 2297//852 2298//707 2285//2046
f 2288//2048 2299//715 2289//2049
f 2289//2049 2299//715 2300//2052
f 2289//2049 2300//2052 2301//2053
f 2301//2053 2300//2052 2302//2054
f 2301//2053 2302//2054 2293//2051
f 2293//2051 2302//2054 2294//721
f 2293//2051 2294//721 2292//2050
f 2292//2050 2294//721 2219//852
f 1007//832 2303//719 1012//832
f 1012//832 2303//719 2304//721
f 1012//832 2304//721 2305//699
f 2219//852 2218//2026 2292//2050
f 2292//2050 2218//2026 2306//2048
f 2292//2050 2306//2048 1006//831
f 1006//831 2306//2048 2307//2055
f 1006//831 2307//2055 1007//832
f 1007//832 2307//2055 2308//2052
f 1007//832 2308//2052 2303//719
f 2309//701 2310//703 2311//852
f 2311//852 2310//703 2312//705
f 2311//852 2312//705 2219//852
f 2219//852 2312//705 2313//707
f 2219//852 2313//707 2217//2025
f 2314//2056 2315//2057 2316//852
f 2316//852 2315//2057 2317//2058
f 2316//852 2317//2058 2318//852
f 2318//852 2317//2058 1012//832
f 2318//852 1012//832 2311//852
f 2311//852 1012//832 2305//699
f 2311//852 2305//699 2309//701
f 2319//852 1013//837 2314//2056
f 2254//852 1023//847 1013//837
f 2320//707 2321//2025 2322//852
f 2322//852 2321//2025 2323//2026
f 2324//2052 1023//847 2325//2055
f 2325//2055 1023//847 2254//852
f 2325//2055 2254//852 2326//2048
f 2324//2052 2327//2054 1023//847
f 1023//847 2327//2054 2328//721
f 1023//847 2328//721 1051//871
f 1051//871 2328//721 2329//699
f 1051//871 2329//699 1048//868
f 1048//868 2329//699 2330//701
f 1048//868 2330//701 2331//2059
f 2331//2059 2330//701 2332//703
f 2331//2059 2332//703 2322//852
f 2322//852 2332//703 2333//705
f 2322//852 2333//705 2320//707
f 2334//2048 2322//852 2335//2026
f 2335//2026 2322//852 2336//852
f 2335//2026 2336//852 2337//2025
f 2337//2025 2336//852 2338//707
f 1127//937 2339//701 1128//854
f 1128//854 2339//701 2340//703
f 1128//854 2340//703 2341//705
f 2334//2048 2342//2055 2322//852
f 2322//852 2342//2055 2343//2052
f 2322//852 2343//2052 2331//2059
f 2331//2059 2343//2052 2344//2054
f 2331//2059 2344//2054 1045//866
f 1045//866 2344//2054 2345//721
f 1045//866 2345//721 1127//937
f 1127//937 2345//721 2346//699
f 1127//937 2346//699 2339//701
f 2347//2060 2348//2061 2349//852
f 2349//852 2348//2061 1128//854
f 2349//852 1128//854 2336//852
f 2336//852 1128//854 2341//705
f 2336//852 2341//705 2338//707
f 2238//852 2350//2026 2351//2048
f 2350//2026 2238//852 2352//2025
f 2352//2025 2238//852 2353//2062
f 2352//2025 2353//2062 2354//707
f 2237//852 2355//721 2356//699
f 2351//2048 2357//2055 2238//852
f 2238//852 2357//2055 2358//2052
f 2238//852 2358//2052 2237//852
f 2237//852 2358//2052 2359//2054
f 2237//852 2359//2054 2355//721
f 2360//2063 2248//852 1129//854
f 1129//854 2248//852 2237//852
f 1129//854 2237//852 1125//935
f 1125//935 2237//852 2356//699
f 2356//699 2361//2064 1125//935
f 1125//935 2361//2064 2362//703
f 1125//935 2362//703 1123//933
f 1123//933 2362//703 2363//705
f 1123//933 2363//705 2364//2065
f 2364//2065 2363//705 2354//707
f 2364//2065 2354//707 2365//2066
f 2365//2066 2354//707 2353//2062
f 2231//852 2366//2026 2367//2048
f 2368//2054 2238//852 2369//2052
f 2369//2052 2238//852 2231//852
f 2369//2052 2231//852 2370//2055
f 2370//2055 2231//852 2367//2048
f 2368//2054 2371//721 2238//852
f 2238//852 2371//721 2372//699
f 2238//852 2372//699 2353//2062
f 2353//2062 2372//699 2373//701
f 2353//2062 2373//701 2374//2067
f 2374//2067 2373//701 2375//703
f 2374//2067 2375//703 2376//2068
f 2376//2068 2375//703 2377//705
f 2376//2068 2377//705 2378//2069
f 2378//2069 2377//705 2379//707
f 2378//2069 2379//707 2380//2025
f 2225//2029 2381//2070 2223//852
f 2223//852 2381//2070 2378//2069
f 2223//852 2378//2069 2231//852
f 2231//852 2378//2069 2380//2025
f 2231//852 2380//2025 2366//2026
f 2382//2054 2383//721 2220//852
f 2384//2071 2225//2029 2385//707
f 2385//707 2386//2025 2384//2071
f 2384//2071 2386//2025 2387//2026
f 2384//2071 2387//2026 2388//2072
f 2388//2072 2387//2026 2389//2048
f 2388//2072 2389//2048 2390//2073
f 2390//2073 2389//2048 2391//2055
f 2390//2073 2391//2055 2220//852
f 2220//852 2391//2055 2392//2052
f 2220//852 2392//2052 2382//2054
f 652//644 654//646 2224//852
f 2224//852 654//646 2220//852
f 2224//852 2220//852 2393//699
f 2393//699 2220//852 2383//721
f 2393//699 2394//701 2224//852
f 2224//852 2394//701 2395//703
f 2224//852 2395//703 2225//2029
f 2225//2029 2395//703 2396//705
f 2225//2029 2396//705 2385//707
f 2397//2054 2276//852 2398//2052
f 2398//2052 2276//852 2399//2074
f 2398//2052 2399//2074 2400//715
f 2401//701 2220//852 2402//699
f 2402//699 2220//852 2276//852
f 2402//699 2276//852 2403//721
f 2403//721 2276//852 2397//2054
f 2401//701 2404//703 2220//852
f 2220//852 2404//703 2405//705
f 2220//852 2405//705 2390//2073
f 2390//2073 2405//705 2406//707
f 2390//2073 2406//707 2407//2075
f 2407//2075 2406//707 2408//2046
f 2407//2075 2408//2046 2409//2076
f 2409//2076 2408//2046 2410//2026
f 2409//2076 2410//2026 2399//2074
f 2399//2074 2410//2026 2411//2048
f 2399//2074 2411//2048 2400//715
f 2285//2046 2287//2047 2297//852
f 2297//852 2287//2047 2412//2077
f 2297//852 2412//2077 2413//852
f 2413//852 2412//2077 2414//2078
f 2413//852 2414//2078 2415//2079
f 2360//2063 2347//2060 2248//852
f 2248//852 2347//2060 2349//852
f 2248//852 2349//852 2241//852
f 2241//852 2349//852 2336//852
f 2241//852 2336//852 634//626
f 634//626 2336//852 2322//852
f 634//626 2322//852 2254//852
f 2254//852 2322//852 2323//2026
f 2254//852 2323//2026 2326//2048
f 1013//837 2319//852 2254//852
f 2254//852 2319//852 2261//852
f 2254//852 2261//852 2253//852
f 2253//852 2261//852 2264//2035
f 2253//852 2264//2035 2268//2045
f 2314//2056 2316//852 2319//852
f 2319//852 2316//852 2318//852
f 2319//852 2318//852 2261//852
f 2261//852 2318//852 2311//852
f 2261//852 2311//852 2256//852
f 2256//852 2311//852 2219//852
f 2256//852 2219//852 2270//852
f 2270//852 2219//852 2297//852
f 2270//852 2297//852 2269//852
f 2269//852 2297//852 2413//852
f 2269//852 2413//852 2273//852
f 2273//852 2413//852 2415//2079
f 2273//852 2415//2079 2276//852
f 2276//852 2415//2079 2416//2080
f 2276//852 2416//2080 2399//2074
f 2360//2063 1129//854 1128//854
f 2360//2063 1128//854 2347//2060
f 2347//2060 1128//854 2348//2061
f 1127//937 1040//862 1043//864
f 1127//937 1043//864 1045//866
f 1045//866 1047//867 2331//2059
f 2331//2059 1047//867 1048//868
f 1052//872 1051//871 1053//873
f 1053//873 1051//871 1048//868
f 1053//873 1048//868 1049//869
f 1051//871 1032//855 1023//847
f 1012//832 2317//2058 2315//2057
f 1012//832 2315//2057 1013//837
f 1013//837 2315//2057 2314//2056
f 2292//2050 1006//831 1018//842
f 2402//699 2417//671 2401//701
f 2401//701 2417//671 2418//673
f 2401//701 2418//673 2404//703
f 2404//703 2418//673 2419//675
f 2404//703 2419//675 2405//705
f 2405//705 2419//675 2420//677
f 2405//705 2420//677 2406//707
f 2406//707 2420//677 2421//679
f 2406//707 2421//679 2408//2046
f 2408//2046 2421//679 2422//681
f 2408//2046 2422//681 2410//2026
f 2410//2026 2422//681 2423//683
f 2410//2026 2423//683 2411//2048
f 2411//2048 2423//683 2424//694
f 2411//2048 2424//694 2400//715
f 2400//715 2424//694 2425//687
f 2400//715 2425//687 2398//2052
f 2398//2052 2425//687 2426//689
f 2398//2052 2426//689 2397//2054
f 2397//2054 2426//689 2427//691
f 2397//2054 2427//691 2403//721
f 2403//721 2427//691 2428//693
f 2403//721 2428//693 2402//699
f 2402//699 2428//693 2417//671
f 2420//677 684//676 2421//679
f 2421//679 684//676 686//678
f 2421//679 686//678 2422//681
f 2422//681 686//678 688//680
f 2422//681 688//680 2423//683
f 2423//683 688//680 690//682
f 2423//683 690//682 2424//694
f 2424//694 690//682 692//684
f 2424//694 692//684 2425//687
f 2425//687 692//684 694//686
f 2425//687 694//686 2426//689
f 2426//689 694//686 696//688
f 2426//689 696//688 2427//691
f 2427//691 696//688 698//690
f 2427//691 698//690 2428//693
f 2428//693 698//690 700//692
f 2428//693 700//692 2417//671
f 2417//671 700//692 678//670
f 2417//671 678//670 2418//673
f 2418//673 678//670 680//672
f 2418//673 680//672 2419//675
f 2419//675 680//672 682//674
f 2419//675 682//674 2420//677
f 2420//677 682//674 684//676
f 2393//699 2429//671 2394//701
f 2394//701 2429//671 2430//673
f 2394//701 2430//673 2395//703
f 2395//703 2430//673 2431//675
f 2395//703 2431//675 2396//705
f 2396//705 2431//675 2432//677
f 2396//705 2432//677 2385//707
f 2385//707 2432//677 2433//679
f 2385//707 2433//679 2386//2025
f 2386//2025 2433//679 2434//681
f 2386//2025 2434//681 2387//2026
f 2387//2026 2434//681 2435//683
f 2387//2026 2435//683 2389//2048
f 2389//2048 2435//683 2436//694
f 2389//2048 2436//694 2391//2055
f 2391//2055 2436//694 2437//695
f 2391//2055 2437//695 2392//2052
f 2392//2052 2437//695 2438//689
f 2392//2052 2438//689 2382//2054
f 2382//2054 2438//689 2439//697
f 2382//2054 2439//697 2383//721
f 2383//721 2439//697 2440//693
f 2383//721 2440//693 2393//699
f 2393//699 2440//693 2429//671
f 2432//677 708//676 2433//679
f 2433//679 708//676 710//678
f 2433//679 710//678 2434//681
f 2434//681 710//678 712//680
f 2434//681 712//680 2435//683
f 2435//683 712//680 714//682
f 2435//683 714//682 2436//694
f 2436//694 714//682 716//684
f 2436//694 716//684 2437//695
f 2437//695 716//684 718//686
f 2437//695 718//686 2438//689
f 2438//689 718//686 720//696
f 2438//689 720//696 2439//697
f 2439//697 720//696 722//690
f 2439//697 722//690 2440//693
f 2440//693 722//690 724//692
f 2440//693 724//692 2429//671
f 2429//671 724//692 702//670
f 2429//671 702//670 2430//673
f 2430//673 702//670 704//672
f 2430//673 704//672 2431//675
f 2431//675 704//672 706//674
f 2431//675 706//674 2432//677
f 2432//677 706//674 708//676
f 2372//699 2441//671 2373//701
f 2373//701 2441//671 2442//673
f 2373//701 2442//673 2375//703
f 2375//703 2442//673 2443//675
f 2375//703 2443//675 2377//705
f 2377//705 2443//675 2444//677
f 2377//705 2444//677 2379//707
f 2379//707 2444//677 2445//679
f 2379//707 2445//679 2380//2025
f 2380//2025 2445//679 2446//2081
f 2380//2025 2446//2081 2366//2026
f 2366//2026 2446//2081 2447//683
f 2366//2026 2447//683 2367//2048
f 2367//2048 2447//683 2448//694
f 2367//2048 2448//694 2370//2055
f 2370//2055 2448//694 2449//695
f 2370//2055 2449//695 2369//2052
f 2369//2052 2449//695 2450//689
f 2369//2052 2450//689 2368//2054
f 2368//2054 2450//689 2451//697
f 2368//2054 2451//697 2371//721
f 2371//721 2451//697 2452//693
f 2371//721 2452//693 2372//699
f 2372//699 2452//693 2441//671
f 2444//677 732//676 2445//679
f 2445//679 732//676 734//678
f 2445//679 734//678 2446//2081
f 2446//2081 734//678 736//680
f 2446//2081 736//680 2447//683
f 2447//683 736//680 738//682
f 2447//683 738//682 2448//694
f 2448//694 738//682 740//684
f 2448//694 740//684 2449//695
f 2449//695 740//684 742//686
f 2449//695 742//686 2450//689
f 2450//689 742//686 744//696
f 2450//689 744//696 2451//697
f 2451//697 744//696 746//690
f 2451//697 746//690 2452//693
f 2452//693 746//690 748//692
f 2452//693 748//692 2441//671
f 2441//671 748//692 726//670
f 2441//671 726//670 2442//673
f 2442//673 726//670 728//672
f 2442//673 728//672 2443//675
f 2443//675 728//672 730//674
f 2443//675 730//674 2444//677
f 2444//677 730//674 732//676
f 2356//699 2453//671 2361//2064
f 2361//2064 2453//671 2454//698
f 2361//2064 2454//698 2362//703
f 2362//703 2454//698 2455//675
f 2362//703 2455//675 2363//705
f 2363//705 2455//675 2456//677
f 2363//705 2456//677 2354//707
f 2354//707 2456//677 2457//679
f 2354//707 2457//679 2352//2025
f 2352//2025 2457//679 2458//681
f 2352//2025 2458//681 2350//2026
f 2350//2026 2458//681 2459//683
f 2350//2026 2459//683 2351//2048
f 2351//2048 2459//683 2460//694
f 2351//2048 2460//694 2357//2055
f 2357//2055 2460//694 2461//695
f 2357//2055 2461//695 2358//2052
f 2358//2052 2461//695 2462//689
f 2358//2052 2462//689 2359//2054
f 2359//2054 2462//689 2463//697
f 2359//2054 2463//697 2355//721
f 2355//721 2463//697 2464//693
f 2355//721 2464//693 2356//699
f 2356//699 2464//693 2453//671
f 2456//677 756//676 2457//679
f 2457//679 756//676 758//678
f 2457//679 758//678 2458//681
f 2458//681 758//678 760//680
f 2458//681 760//680 2459//683
f 2459//683 760//680 762//682
f 2459//683 762//682 2460//694
f 2460//694 762//682 764//684
f 2460//694 764//684 2461//695
f 2461//695 764//684 766//686
f 2461//695 766//686 2462//689
f 2462//689 766//686 768//696
f 2462//689 768//696 2463//697
f 2463//697 768//696 770//690
f 2463//697 770//690 2464//693
f 2464//693 770//690 772//692
f 2464//693 772//692 2453//671
f 2453//671 772//692 750//670
f 2453//671 750//670 2454//698
f 2454//698 750//670 752//672
f 2454//698 752//672 2455//675
f 2455//675 752//672 754//674
f 2455//675 754//674 2456//677
f 2456//677 754//674 756//676
f 2346//699 2465//671 2339//701
f 2339//701 2465//671 2466//673
f 2339//701 2466//673 2340//703
f 2340//703 2466//673 2467//675
f 2340//703 2467//675 2341//705
f 2341//705 2467//675 2468//677
f 2341//705 2468//677 2338//707
f 2338//707 2468//677 2469//679
f 2338//707 2469//679 2337//2025
f 2337//2025 2469//679 2470//681
f 2337//2025 2470//681 2335//2026
f 2335//2026 2470//681 2471//683
f 2335//2026 2471//683 2334//2048
f 2334//2048 2471//683 2472//694
f 2334//2048 2472//694 2342//2055
f 2342//2055 2472//694 2473//695
f 2342//2055 2473//695 2343//2052
f 2343//2052 2473//695 2474//689
f 2343//2052 2474//689 2344//2054
f 2344//2054 2474//689 2475//697
f 2344//2054 2475//697 2345//721
f 2345//721 2475//697 2476//693
f 2345//721 2476//693 2346//699
f 2346//699 2476//693 2465//671
f 2468//677 780//676 2469//679
f 2469//679 780//676 782//678
f 2469//679 782//678 2470//681
f 2470//681 782//678 784//680
f 2470//681 784//680 2471//683
f 2471//683 784//680 786//682
f 2471//683 786//682 2472//694
f 2472//694 786//682 788//684
f 2472//694 788//684 2473//695
f 2473//695 788//684 790//686
f 2473//695 790//686 2474//689
f 2474//689 790//686 792//696
f 2474//689 792//696 2475//697
f 2475//697 792//696 794//690
f 2475//697 794//690 2476//693
f 2476//693 794//690 796//692
f 2476//693 796//692 2465//671
f 2465//671 796//692 774//670
f 2465//671 774//670 2466//673
f 2466//673 774//670 776//672
f 2466//673 776//672 2467//675
f 2467//675 776//672 778//674
f 2467//675 778//674 2468//677
f 2468//677 778//674 780//676
f 2329//699 2477//671 2330//701
f 2330//701 2477//671 2478//673
f 2330//701 2478//673 2332//703
f 2332//703 2478//673 2479//675
f 2332//703 2479//675 2333//705
f 2333//705 2479//675 2480//677
f 2333//705 2480//677 2320//707
f 2320//707 2480//677 2481//679
f 2320//707 2481//679 2321//2025
f 2321//2025 2481//679 2482//681
f 2321//2025 2482//681 2323//2026
f 2323//2026 2482//681 2483//683
f 2323//2026 2483//683 2326//2048
f 2326//2048 2483//683 2484//694
f 2326//2048 2484//694 2325//2055
f 2325//2055 2484//694 2485//687
f 2325//2055 2485//687 2324//2052
f 2324//2052 2485//687 2486//689
f 2324//2052 2486//689 2327//2054
f 2327//2054 2486//689 2487//691
f 2327//2054 2487//691 2328//721
f 2328//721 2487//691 2488//693
f 2328//721 2488//693 2329//699
f 2329//699 2488//693 2477//671
f 2480//677 804//676 2481//679
f 2481//679 804//676 806//678
f 2481//679 806//678 2482//681
f 2482//681 806//678 808//680
f 2482//681 808//680 2483//683
f 2483//683 808//680 810//682
f 2483//683 810//682 2484//694
f 2484//694 810//682 812//684
f 2484//694 812//684 2485//687
f 2485//687 812//684 814//686
f 2485//687 814//686 2486//689
f 2486//689 814//686 816//688
f 2486//689 816//688 2487//691
f 2487//691 816//688 818//690
f 2487//691 818//690 2488//693
f 2488//693 818//690 820//692
f 2488//693 820//692 2477//671
f 2477//671 820//692 798//670
f 2477//671 798//670 2478//673
f 2478//673 798//670 800//672
f 2478//673 800//672 2479//675
f 2479//675 800//672 802//674
f 2479//675 802//674 2480//677
f 2480//677 802//674 804//676
f 2305//699 2489//671 2309//701
f 2309//701 2489//671 2490//698
f 2309//701 2490//698 2310//703
f 2310//703 2490//698 2491//675
f 2310//703 2491//675 2312//705
f 2312//705 2491//675 2492//677
f 2312//705 2492//677 2313//707
f 2313//707 2492//677 2493//679
f 2313//707 2493//679 2217//2025
f 2217//2025 2493//679 2494//681
f 2217//2025 2494//681 2218//2026
f 2218//2026 2494//681 2495//683
f 2218//2026 2495//683 2306//2048
f 2306//2048 2495//683 2496//694
f 2306//2048 2496//694 2307//2055
f 2307//2055 2496//694 2497//687
f 2307//2055 2497//687 2308//2052
f 2308//2052 2497//687 2498//689
f 2308//2052 2498//689 2303//719
f 2303//719 2498//689 2499//691
f 2303//719 2499//691 2304//721
f 2304//721 2499//691 2500//693
f 2304//721 2500//693 2305//699
f 2305//699 2500//693 2489//671
f 2492//677 828//676 2493//679
f 2493//679 828//676 830//678
f 2493//679 830//678 2494//681
f 2494//681 830//678 832//680
f 2494//681 832//680 2495//683
f 2495//683 832//680 834//682
f 2495//683 834//682 2496//694
f 2496//694 834//682 836//684
f 2496//694 836//684 2497//687
f 2497//687 836//684 838//686
f 2497//687 838//686 2498//689
f 2498//689 838//686 840//696
f 2498//689 840//696 2499//691
f 2499//691 840//696 842//690
f 2499//691 842//690 2500//693
f 2500//693 842//690 844//692
f 2500//693 844//692 2489//671
f 2489//671 844//692 822//670
f 2489//671 822//670 2490//698
f 2490//698 822//670 824//672
f 2490//698 824//672 2491//675
f 2491//675 824//672 826//674
f 2491//675 826//674 2492//677
f 2492//677 826//674 828//676
f 2290//699 2501//671 2291//701
f 2291//701 2501//671 2502//673
f 2291//701 2502//673 2295//703
f 2295//703 2502//673 2503//675
f 2295//703 2503//675 2296//705
f 2296//705 2503//675 2504//677
f 2296//705 2504//677 2298//707
f 2298//707 2504//677 2505//679
f 2298//707 2505//679 2285//2046
f 2285//2046 2505//679 2506//2081
f 2285//2046 2506//2081 2286//2026
f 2286//2026 2506//2081 2507//683
f 2286//2026 2507//683 2288//2048
f 2288//2048 2507//683 2508//694
f 2288//2048 2508//694 2299//715
f 2299//715 2508//694 2509//687
f 2299//715 2509//687 2300//2052
f 2300//2052 2509//687 2510//689
f 2300//2052 2510//689 2302//2054
f 2302//2054 2510//689 2511//691
f 2302//2054 2511//691 2294//721
f 2294//721 2511//691 2512//693
f 2294//721 2512//693 2290//699
f 2290//699 2512//693 2501//671
f 2504//677 852//676 2505//679
f 2505//679 852//676 854//678
f 2505//679 854//678 2506//2081
f 2506//2081 854//678 856//680
f 2506//2081 856//680 2507//683
f 2507//683 856//680 858//682
f 2507//683 858//682 2508//694
f 2508//694 858//682 860//684
f 2508//694 860//684 2509//687
f 2509//687 860//684 862//686
f 2509//687 862//686 2510//689
f 2510//689 862//686 864//696
f 2510//689 864//696 2511//691
f 2511//691 864//696 866//690
f 2511//691 866//690 2512//693
f 2512//693 866//690 868//692
f 2512//693 868//692 2501//671
f 2501//671 868//692 846//670
f 2501//671 846//670 2502//673
f 2502//673 846//670 848//672
f 2502//673 848//672 2503//675
f 2503//675 848//672 850//674
f 2503//675 850//674 2504//677
f 2504//677 850//674 852//676
f 2513//2082 2365//2066 2514//2083
f 2514//2083 2365//2066 2353//2062
f 2514//2083 2353//2062 2515//2084
f 2515//2084 2353//2062 2374//2067
f 2515//2084 2374//2067 2516//2085
f 2516//2085 2374//2067 2376//2068
f 2516//2085 2376//2068 2517//2086
f 2517//2086 2376//2068 2518//2087
f 2518//2087 2376//2068 2378//2069
f 2518//2087 2378//2069 2519//2088
f 2519//2088 2378//2069 2520//2089
f 2520//2089 2378//2069 2381//2070
f 2520//2089 2381//2070 2521//2090
f 2521//2090 2381//2070 2522//2091
f 2522//2091 2381//2070 2225//2029
f 2522//2091 2225//2029 2523//2092
f 2523//2092 2225//2029 2524//2093
f 2524//2093 2225//2029 2384//2071
f 2524//2093 2384//2071 2525//2094
f 2525//2094 2384//2071 2526//2095
f 2526//2095 2384//2071 2388//2072
f 2526//2095 2388//2072 2527//2096
f 2527//2096 2388//2072 2528//2097
f 2528//2097 2388//2072 2390//2073
f 2528//2097 2390//2073 2529//2098
f 2529//2098 2390//2073 2407//2075
f 2529//2098 2407//2075 2530//2099
f 2530//2099 2407//2075 2409//2076
f 2530//2099 2409//2076 2531//2100
f 2531//2100 2409//2076 2532//2101
f 2532//2101 2409//2076 2399//2074
f 2532//2101 2399//2074 2533//2102
f 2533//2102 2399//2074 2534//2103
f 2534//2103 2399//2074 2416//2080
f 2534//2103 2416//2080 2535//2104
f 2416//2080 2415//2079 2535//2104
f 2535//2104 2415//2079 2414//2078
f 2535//2104 2414//2078 2536//2105
f 2536//2105 2414//2078 2412//2077
f 2536//2105 2412//2077 2537//2106
f 2537//2106 2412//2077 2287//2047
f 2537//2106 2287//2047 2538//2107
f 2538//2107 2287//2047 2289//2049
f 2538//2107 2289//2049 2539//2108
f 2539//2108 2289//2049 2540//2109
f 2540//2109 2289//2049 2301//2053
f 2540//2109 2301//2053 2541//2110
f 2542//2111 1133//941 2543//2112
f 2543//2112 1133//941 1126//936
f 2544//2113 2545//2114 1160//968
f 2546//2115 1249//1057 2547//2116
f 2547//2116 1249//1057 1248//1056
f 2547//2116 1248//1056 2548//2117
f 2548//2117 1248//1056 1246//1054
f 2548//2117 1246//1054 1245//1053
f 1229//1037 1237//1045 2549//2118
f 2549//2118 1237//1045 1236//1044
f 2549//2118 1236//1044 2550//2119
f 1236//1044 1235//1043 2550//2119
f 2550//2119 1235//1043 1238//1046
f 2550//2119 1238//1046 2546//2115
f 2546//2115 1238//1046 1240//1048
f 2546//2115 1240//1048 1249//1057
f 1229//1037 2549//2118 1230//1038
f 1230//1038 2549//2118 2551//2120
f 1230//1038 2551//2120 1232//1040
f 1232//1040 2551//2120 1233//1041
f 1233//1041 2551//2120 2552//2121
f 1233//1041 2552//2121 1227//1035
f 1227//1035 2552//2121 2553//2122
f 1227//1035 2553//2122 1228//1036
f 1228//1036 2553//2122 1224//1032
f 1224//1032 2553//2122 2554//2123
f 1224//1032 2554//2123 1225//1033
f 2555//2124 1219//1027 2556//2125
f 2556//2125 1219//1027 1220//1028
f 2556//2125 1220//1028 2554//2123
f 2554//2123 1220//1028 1222//1030
f 2554//2123 1222//1030 1225//1033
f 2557//2126 1216//1024 2558//2127
f 2558//2127 1216//1024 1215//1023
f 1215//1023 1213//1021 2558//2127
f 2558//2127 1213//1021 1212//1020
f 2558//2127 1212//1020 2555//2124
f 2555//2124 1212//1020 1217//1025
f 2555//2124 1217//1025 1219//1027
f 2559//2128 1202//1010 2560//2129
f 2560//2129 1202//1010 1211//1019
f 2560//2129 1211//1019 2557//2126
f 2557//2126 1211//1019 1210//1018
f 2557//2126 1210//1018 1216//1024
f 2561//2130 1205//1013 2559//2128
f 2559//2128 1205//1013 1203//1011
f 2559//2128 1203//1011 1202//1010
f 2562//2131 1208//1016 2561//2130
f 2561//2130 1208//1016 1207//1015
f 2561//2130 1207//1015 1205//1013
f 1196//1004 1201//1009 2563//2132
f 2563//2132 1201//1009 2564//2133
f 1201//1009 1200//1008 2564//2133
f 2564//2133 1200//1008 1198//1006
f 2564//2133 1198//1006 2562//2131
f 2562//2131 1198//1006 1197//1005
f 2562//2131 1197//1005 1208//1016
f 1192//1000 2565//2134 1193//1001
f 1193//1001 2565//2134 2566//2135
f 1193//1001 2566//2135 1188//996
f 1192//1000 1190//998 2565//2134
f 2565//2134 1190//998 1189//997
f 2565//2134 1189//997 2563//2132
f 2563//2132 1189//997 1194//1002
f 2563//2132 1194//1002 1196//1004
f 2567//2136 1182//990 2568//2137
f 2568//2137 1182//990 1183//991
f 2568//2137 1183//991 2569//2138
f 2569//2138 1183//991 1185//993
f 2569//2138 1185//993 2566//2135
f 2566//2135 1185//993 1186//994
f 2566//2135 1186//994 1188//996
f 2570//2139 2571//2140 1176//984
f 1176//984 1174//982 2570//2139
f 2570//2139 1174//982 1173//981
f 2570//2139 1173//981 2572//2141
f 2572//2141 1173//981 1178//986
f 2572//2141 1178//986 2567//2136
f 2567//2136 1178//986 1180//988
f 2567//2136 1180//988 1182//990
f 1166//974 1165//973 2573//2142
f 2573//2142 1165//973 1172//980
f 2573//2142 1172//980 2574//2143
f 2574//2143 1172//980 1171//979
f 2574//2143 1171//979 2571//2140
f 2571//2140 1171//979 1177//985
f 2571//2140 1177//985 1176//984
f 2575//2144 2576//2145 1162//970
f 1162//970 1164//972 2575//2144
f 2575//2144 1164//972 1169//977
f 2575//2144 1169//977 2573//2142
f 2573//2142 1169//977 1168//976
f 2573//2142 1168//976 1166//974
f 2577//2146 1147//955 2576//2145
f 2576//2145 1147//955 1146//954
f 2576//2145 1146//954 1162//970
f 2578//2147 1154//962 2577//2146
f 2577//2146 1154//962 1161//969
f 2577//2146 1161//969 1147//955
f 1160//968 1159//967 2544//2113
f 2544//2113 1159//967 1157//965
f 2544//2113 1157//965 2578//2147
f 2578//2147 1157//965 1155//963
f 2578//2147 1155//963 1154//962
f 2579//2148 1016//840 2580//2149
f 2580//2149 1016//840 1015//839
f 2581//2150 2582//2151 2583//2152
f 2584//2153 2585//2154 2586//2155
f 2587//2156 2588//2157 2589//2158
f 2589//2158 2588//2157 2590//2159
f 2591//2160 2592//2161 2586//2155
f 2586//2155 2592//2161 2593//2162
f 2586//2155 2593//2162 2584//2153
f 2594//2163 2595//2164 2596//2165
f 2596//2165 2595//2164 2597//2166
f 2596//2165 2597//2166 2598//2167
f 2598//2167 2597//2166 2599//2168
f 2598//2167 2599//2168 2600//2169
f 2600//2169 2599//2168 2601//2170
f 2600//2169 2601//2170 2602//2171
f 2602//2171 2601//2170 2603//2172
f 2602//2171 2603//2172 2604//2173
f 2603//2172 2605//2174 2604//2173
f 2604//2173 2605//2174 2606//2175
f 2604//2173 2606//2175 2607//2176
f 2607//2176 2606//2175 2585//2154
f 2607//2176 2585//2154 2590//2159
f 2590//2159 2585//2154 2584//2153
f 2590//2159 2584//2153 2589//2158
f 2608//2177 2609//2178 2610//2179
f 2610//2179 2609//2178 2611//2180
f 2610//2179 2611//2180 2612//2181
f 2612//2181 2611//2180 2613//2182
f 2612//2181 2613//2182 2614//2183
f 2614//2183 2613//2182 2615//2184
f 2614//2183 2615//2184 2616//2185
f 2616//2185 2615//2184 2617//2186
f 2616//2185 2617//2186 2618//2187
f 2619//2188 2620//2189 2621//2190
f 2621//2190 2620//2189 2622//2191
f 2621//2190 2622//2191 2623//2192
f 2623//2192 2622//2191 2624//2193
f 2623//2192 2624//2193 2625//2194
f 2625//2194 2624//2193 2626//2195
f 2625//2194 2626//2195 2627//2196
f 2627//2196 2626//2195 2628//2197
f 2627//2196 2628//2197 2608//2177
f 2608//2177 2628//2197 2629//2198
f 2608//2177 2629//2198 2609//2178
f 2583//2152 2582//2151 2630//2199
f 2617//2186 2631//2200 2618//2187
f 2618//2187 2631//2200 2632//2201
f 2618//2187 2632//2201 2633//2202
f 2633//2202 2632//2201 2634//2203
f 2633//2202 2634//2203 2635//2204
f 2635//2204 2634//2203 2636//2205
f 2635//2204 2636//2205 2637//2206
f 2637//2206 2636//2205 2638//2207
f 2637//2206 2638//2207 2639//2208
f 2639//2208 2638//2207 2640//2209
f 2639//2208 2640//2209 2594//2163
f 2594//2163 2640//2209 2641//2210
f 2594//2163 2641//2210 2595//2164
f 2642//2211 2643//2212 2644//2213
f 2644//2213 2630//2199 2642//2211
f 2642//2211 2630//2199 2582//2151
f 2642//2211 2582//2151 2645//2214
f 2645//2214 2582//2151 2646//2215
f 2645//2214 2646//2215 2647//2216
f 2647//2216 2646//2215 2648//2217
f 2647//2216 2648//2217 2649//2218
f 2649//2218 2648//2217 2650//2219
f 2649//2218 2650//2219 2651//2220
f 2651//2220 2650//2219 2652//2221
f 2651//2220 2652//2221 2653//2222
f 2653//2222 2652//2221 2654//2223
f 2653//2222 2654//2223 2619//2188
f 2619//2188 2654//2223 2655//2224
f 2619//2188 2655//2224 2620//2189
f 2656//2225 2657//2226 2583//2152
f 2583//2152 2657//2226 2658//2227
f 2583//2152 2658//2227 2581//2150
f 2541//2110 2301//2053 2659//2228
f 2659//2228 2301//2053 2293//2051
f 2659//2228 2293//2051 2660//2229
f 2293//2051 1018//842 2660//2229
f 2660//2229 1018//842 1017//841
f 2660//2229 1017//841 2579//2148
f 2579//2148 1017//841 1016//840
f 1160//968 2545//2114 2661//2230
f 1160//968 2661//2230 1149//957
f 1149//957 2661//2230 2662//2231
f 1149//957 2662//2231 1150//958
f 1150//958 2662//2231 1152//960
f 1152//960 2662//2231 2663//2232
f 1152//960 2663//2232 1021//845
f 2580//2149 1015//839 2663//2232
f 2663//2232 1015//839 1010//835
f 2663//2232 1010//835 1021//845
f 2664//2233 2543//2112 1126//936
f 2365//2066 2513//2082 2364//2065
f 2364//2065 2513//2082 2665//2234
f 2364//2065 2665//2234 1123//933
f 1123//933 2665//2234 2664//2233
f 1123//933 2664//2233 1124//934
f 1124//934 2664//2233 1126//936
f 2548//2117 1245//1053 1244//1052
f 2548//2117 1244//1052 2666//2235
f 1244//1052 1243//1051 2666//2235
f 2666//2235 1243//1051 1242//1050
f 2666//2235 1242//1050 2667//2236
f 2667//2236 1242//1050 1121//931
f 2667//2236 1121//931 2668//2237
f 2668//2237 1121//931 1120//930
f 2668//2237 1120//930 2542//2111
f 2542//2111 1120//930 1133//941
f 819//691 817//689 2669//2238
f 729//673 727//671 2670//2238
f 711//679 709//677 2671//2238
f 673//665 2672//2238 675//667
f 661//653 2673//2238 663//655
f 699//691 697//689 2674//2238
f 651//643 2675//2238 653//645
f 639//631 2676//2238 641//633
f 783//679 781//677 2677//2238
f 645//637 643//635 767//695
f 2670//2238 647//639 645//637
f 2670//2238 727//671 647//639
f 647//639 727//671 749//693
f 647//639 749//693 649//641
f 749//693 747//697 649//641
f 649//641 747//697 745//689
f 649//641 745//689 651//643
f 651//643 745//689 743//695
f 651//643 743//695 2675//2238
f 2675//2238 743//695 741//694
f 2671//2238 709//677 2675//2238
f 709//677 707//675 2675//2238
f 2675//2238 707//675 705//673
f 2675//2238 705//673 653//645
f 653//645 705//673 703//671
f 653//645 703//671 655//647
f 655//647 703//671 725//693
f 655//647 725//693 657//649
f 657//649 725//693 723//697
f 657//649 723//697 2678//2238
f 669//661 667//659 2679//2238
f 671//663 829//677 673//665
f 673//665 829//677 827//675
f 673//665 827//675 2672//2238
f 2672//2238 827//675 825//698
f 2669//2238 817//689 2672//2238
f 701//693 2673//2238 679//671
f 679//671 2673//2238 661//653
f 679//671 661//653 681//673
f 681//673 661//653 659//651
f 681//673 659//651 683//675
f 683//675 659//651 657//649
f 683//675 657//649 685//677
f 685//677 657//649 2678//2238
f 685//677 2678//2238 687//679
f 687//679 2678//2238 2680//2239
f 687//679 2680//2239 689//681
f 689//681 2680//2239 2681//2240
f 689//681 2681//2240 691//683
f 691//683 2681//2240 2682//2241
f 691//683 2682//2241 693//685
f 693//685 2682//2241 2683//2242
f 693//685 2683//2242 695//687
f 713//681 2684//2243 715//683
f 715//683 2684//2243 2685//2244
f 715//683 2685//2244 717//694
f 717//694 2685//2244 2680//2239
f 717//694 2680//2239 719//695
f 719//695 2680//2239 2678//2238
f 719//695 2678//2238 721//689
f 721//689 2678//2238 723//697
f 731//675 2686//2245 733//677
f 733//677 2686//2245 2687//2246
f 733//677 2687//2246 735//679
f 735//679 2687//2246 2688//2247
f 735//679 2688//2247 737//681
f 737//681 2688//2247 739//683
f 767//695 765//694 645//637
f 645//637 765//694 763//683
f 645//637 763//683 2670//2238
f 2670//2238 763//683 2686//2245
f 2670//2238 2686//2245 729//673
f 729//673 2686//2245 731//675
f 763//683 761//681 2686//2245
f 2686//2245 761//681 759//679
f 2686//2245 759//679 2689//2248
f 2689//2248 759//679 757//677
f 2689//2248 757//677 2690//2249
f 757//677 755//675 2690//2249
f 2690//2249 755//675 753//673
f 2690//2249 753//673 2691//2238
f 2691//2238 753//673 751//671
f 2691//2238 751//671 2676//2238
f 2676//2238 751//671 773//693
f 2676//2238 773//693 641//633
f 641//633 773//693 771//697
f 641//633 771//697 643//635
f 643//635 771//697 769//689
f 643//635 769//689 767//695
f 2692//2250 2693//2251 793//689
f 2694//2252 2695//2253 2696//2254
f 2696//2254 2695//2253 2677//2238
f 2696//2254 2677//2238 2697//679
f 2697//679 2677//2238 2698//2255
f 781//677 779//675 2677//2238
f 2677//2238 779//675 777//673
f 2677//2238 777//673 2699//2256
f 777//673 775//671 2699//2256
f 2699//2256 775//671 797//693
f 2699//2256 797//693 2693//2251
f 2693//2251 797//693 795//697
f 2693//2251 795//697 793//689
f 2700//2257 2698//2255 2701//2258
f 2701//2258 2698//2255 2677//2238
f 2701//2258 2677//2238 2702//2259
f 2702//2259 2677//2238 2699//2256
f 2703//2260 2704//2261 2669//2238
f 785//681 2676//2238 787//683
f 787//683 2676//2238 639//631
f 787//683 639//631 789//694
f 789//694 639//631 637//629
f 789//694 637//629 791//695
f 791//695 637//629 635//627
f 791//695 635//627 793//689
f 793//689 635//627 2705//2238
f 793//689 2705//2238 2692//2250
f 2692//2250 2705//2238 2706//2262
f 819//691 2669//2238 821//693
f 821//693 2669//2238 2704//2261
f 821//693 2704//2261 799//671
f 817//689 815//687 2672//2238
f 2672//2238 815//687 813//694
f 2672//2238 813//694 675//667
f 675//667 813//694 811//683
f 675//667 811//683 677//669
f 677//669 811//683 809//681
f 677//669 809//681 635//627
f 635//627 809//681 807//679
f 635//627 807//679 2705//2238
f 2705//2238 807//679 805//677
f 2705//2238 805//677 2706//2262
f 2706//2262 805//677 803//675
f 2706//2262 803//675 2704//2261
f 2704//2261 803//675 801//673
f 2704//2261 801//673 799//671
f 2707//2263 2708//2264 2709//2265
f 2709//2265 2708//2264 2710//2266
f 2709//2265 2710//2266 2711//2267
f 2711//2267 2710//2266 2712//2268
f 2711//2267 2712//2268 2713//2269
f 2713//2269 2712//2268 2714//2270
f 2713//2269 2714//2270 2715//2271
f 823//671 845//693 2716//2272
f 2716//2272 845//693 843//697
f 2716//2272 843//697 2717//2273
f 2717//2273 843//697 841//689
f 2717//2273 841//689 2718//2274
f 841//689 839//695 2718//2274
f 2718//2274 839//695 837//694
f 2718//2274 837//694 2679//2238
f 2679//2238 837//694 835//683
f 2679//2238 835//683 669//661
f 669//661 835//683 833//681
f 669//661 833//681 671//663
f 671//663 833//681 831//679
f 671//663 831//679 829//677
f 665//657 851//675 667//659
f 667//659 851//675 849//698
f 667//659 849//698 2679//2238
f 2679//2238 849//698 847//671
f 2679//2238 847//671 2718//2274
f 847//671 869//693 2718//2274
f 2718//2274 869//693 867//697
f 2718//2274 867//697 2719//2275
f 2719//2275 867//697 865//689
f 2719//2275 865//689 2720//2276
f 865//689 863//695 2720//2276
f 2720//2276 863//695 861//694
f 2720//2276 861//694 2721//2238
f 2721//2238 861//694 859//683
f 2721//2238 859//683 2673//2238
f 2673//2238 859//683 857//681
f 2673//2238 857//681 663//655
f 663//655 857//681 855//679
f 663//655 855//679 665//657
f 665//657 855//679 853//677
f 665//657 853//677 851//675
f 823//671 2716//2272 2722//2238
f 2722//2238 2716//2272 2723//2277
f 2722//2238 2723//2277 2724//2238
f 2724//2238 2723//2277 2725//2278
f 2724//2238 2725//2278 2711//2267
f 2726//2279 2727//2238 2728//2280
f 2728//2280 2727//2238 2674//2238
f 2728//2280 2674//2238 2683//2242
f 2683//2242 2674//2238 697//689
f 2683//2242 697//689 695//687
f 739//683 2688//2247 2729//2238
f 2729//2238 2688//2247 2730//2281
f 2729//2238 2730//2281 2731//2238
f 2731//2238 2730//2281 2732//2282
f 2731//2238 2732//2282 2684//2243
f 2695//2253 2733//2283 2677//2238
f 2677//2238 2733//2283 2734//2284
f 2677//2238 2734//2284 2735//2238
f 2735//2238 2734//2284 2736//2285
f 2736//2285 2690//2249 2735//2238
f 2735//2238 2690//2249 2691//2238
f 2735//2238 2691//2238 2677//2238
f 2677//2238 2691//2238 2676//2238
f 2677//2238 2676//2238 783//679
f 783//679 2676//2238 785//681
f 713//681 711//679 2684//2243
f 2684//2243 711//679 2671//2238
f 2684//2243 2671//2238 2731//2238
f 2731//2238 2671//2238 2675//2238
f 2731//2238 2675//2238 2729//2238
f 2729//2238 2675//2238 741//694
f 2729//2238 741//694 739//683
f 2713//2269 2703//2260 2711//2267
f 2711//2267 2703//2260 2669//2238
f 2711//2267 2669//2238 2724//2238
f 2724//2238 2669//2238 2672//2238
f 2724//2238 2672//2238 2722//2238
f 2722//2238 2672//2238 825//698
f 2722//2238 825//698 823//671
f 701//693 699//691 2673//2238
f 2673//2238 699//691 2674//2238
f 2673//2238 2674//2238 2721//2238
f 2721//2238 2674//2238 2727//2238
f 2721//2238 2727//2238 2720//2276
f 2720//2276 2727//2238 2726//2279
f 2694//2252 919//748 2695//2253
f 2695//2253 919//748 920//749
f 2695//2253 920//749 2733//2283
f 2733//2283 920//749 911//740
f 2733//2283 911//740 2734//2284
f 2734//2284 911//740 910//739
f 2734//2284 910//739 2736//2285
f 2736//2285 910//739 957//785
f 2736//2285 957//785 2690//2249
f 2690//2249 957//785 907//736
f 2690//2249 907//736 2689//2248
f 2689//2248 907//736 906//735
f 2689//2248 906//735 2686//2245
f 2686//2245 906//735 928//757
f 2686//2245 928//757 2687//2246
f 2687//2246 928//757 930//759
f 2687//2246 930//759 2688//2247
f 2688//2247 930//759 944//772
f 2688//2247 944//772 2730//2281
f 2730//2281 944//772 943//771
f 2730//2281 943//771 2732//2282
f 2732//2282 943//771 988//816
f 2732//2282 988//816 2684//2243
f 2684//2243 988//816 983//811
f 2684//2243 983//811 2685//2244
f 2685//2244 983//811 981//809
f 2685//2244 981//809 2680//2239
f 2680//2239 981//809 970//798
f 2680//2239 970//798 2681//2240
f 2681//2240 970//798 968//796
f 2681//2240 968//796 2682//2241
f 2682//2241 968//796 966//794
f 2682//2241 966//794 2683//2242
f 2683//2242 966//794 972//800
f 2683//2242 972//800 2728//2280
f 2728//2280 972//800 974//802
f 2728//2280 974//802 2726//2279
f 2726//2279 974//802 898//727
f 2726//2279 898//727 2720//2276
f 2720//2276 898//727 897//726
f 2720//2276 897//726 2719//2275
f 2719//2275 897//726 921//750
f 2719//2275 921//750 2718//2274
f 2718//2274 921//750 923//752
f 2718//2274 923//752 2717//2273
f 2717//2273 923//752 901//730
f 2717//2273 901//730 2716//2272
f 2716//2272 901//730 900//729
f 2716//2272 900//729 2723//2277
f 2723//2277 900//729 946//774
f 2723//2277 946//774 2725//2278
f 2725//2278 946//774 948//776
f 2725//2278 948//776 2711//2267
f 2711//2267 948//776 937//765
f 2711//2267 937//765 2709//2265
f 2709//2265 937//765 903//732
f 2709//2265 903//732 2707//2263
f 2707//2263 903//732 936//764
f 292//292 586//578 289//289
f 289//289 586//578 585//577
f 289//289 585//577 290//290
f 290//290 585//577 296//296
f 296//296 585//577 584//576
f 296//296 584//576 297//297
f 583//575 282//282 281//281
f 583//575 281//281 584//576
f 584//576 281//281 298//298
f 584//576 298//298 297//297
f 282//282 583//575 286//286
f 286//286 583//575 589//581
f 286//286 589//581 284//284
f 284//284 589//581 285//285
f 285//285 589//581 588//580
f 285//285 588//580 287//287
f 590//582 272//272 588//580
f 588//580 272//272 288//288
f 588//580 288//288 287//287
f 582//574 280//280 590//582
f 590//582 280//280 273//273
f 590//582 273//273 272//272
f 581//573 276//276 582//574
f 582//574 276//276 278//278
f 582//574 278//278 280//280
f 592//584 510//510 591//583
f 591//583 510//510 511//511
f 591//583 511//511 581//573
f 581//573 511//511 508//508
f 581//573 508//508 276//276
f 292//292 294//294 586//578
f 586//578 294//294 295//295
f 586//578 295//295 587//579
f 587//579 295//295 1618//1426
f 587//579 1618//1426 592//584
f 592//584 1618//1426 509//509
f 592//584 509//509 510//510
f 534//532 1997//1805 1996//1804
f 534//532 1996//1804 535//533
f 529//527 2001//1809 533//531
f 533//531 2001//1809 2000//1808
f 533//531 2000//1808 534//532
f 534//532 2000//1808 1998//1806
f 534//532 1998//1806 1997//1805
f 524//522 2003//1811 529//527
f 529//527 2003//1811 2002//1810
f 529//527 2002//1810 2001//1809
f 526//524 2006//1814 524//522
f 524//522 2006//1814 2005//1813
f 524//522 2005//1813 2003//1811
f 1992//1800 1991//1799 541//539
f 541//539 1991//1799 1989//1797
f 541//539 1989//1797 526//524
f 526//524 1989//1797 1988//1796
f 526//524 1988//1796 2006//1814
f 1992//1800 541//539 1993//1801
f 1993//1801 541//539 523//521
f 1993//1801 523//521 1994//1802
f 552//550 1001//826 523//521
f 523//521 1001//826 1995//1803
f 523//521 1995//1803 1994//1802
f 1996//1804 999//824 535//533
f 535//533 999//824 998//823
f 535//533 998//823 536//534
f 536//534 998//823 997//822
f 536//534 997//822 537//535
f 537//535 997//822 991//819
f 537//535 991//819 551//549
f 551//549 991//819 994//515
f 551//549 994//515 552//550
f 552//550 994//515 993//820
f 552//550 993//820 1001//826
f 202//202 569//564 193//193
f 193//193 569//564 578//570
f 579//571 190//190 578//570
f 578//570 190//190 192//192
f 578//570 192//192 193//193
f 197//197 196//196 580//572
f 580//572 196//196 195//195
f 580//572 195//195 579//571
f 579//571 195//195 194//194
f 579//571 194//194 190//190
f 577//569 199//199 580//572
f 580//572 199//199 198//198
f 580//572 198//198 197//197
f 576//527 180//180 577//569
f 577//569 180//180 179//179
f 577//569 179//179 199//199
f 575//568 184//184 576//527
f 576//527 184//184 183//183
f 576//527 183//183 180//180
f 574//524 186//186 575//568
f 575//568 186//186 185//185
f 575//568 185//185 184//184
f 573//567 189//189 574//524
f 574//524 189//189 188//188
f 574//524 188//188 186//186
f 572//566 515//514 573//567
f 573//567 515//514 1617//1425
f 573//567 1617//1425 189//189
f 202//202 204//204 569//564
f 569//564 204//204 517//516
f 569//564 517//516 570//549
f 570//549 517//516 516//515
f 570//549 516//515 571//565
f 571//565 516//515 512//512
f 571//565 512//512 572//566
f 572//566 512//512 514//513
f 572//566 514//513 515//514
f 2737//2286 2738//2287 2739//2288
f 2739//2288 2738//2287 2740//2289
f 2739//2288 2740//2289 2741//2290
f 2741//2290 2740//2289 2742//2291
f 2741//2290 2742//2291 2743//2292
f 2743//2292 2742//2291 2744//2293
f 2743//2292 2744//2293 2745//2294
f 2745//2294 2744//2293 2746//2295
f 2745//2294 2746//2295 2747//2296
f 2747//2296 2746//2295 2748//2297
f 2747//2296 2748//2297 2749//2298
f 2749//2298 2748//2297 2750//2299
f 2749//2298 2750//2299 2751//2300
f 2751//2300 2750//2299 2752//2301
f 2751//2300 2752//2301 2753//2302
f 2753//2302 2752//2301 2754//2303
f 2753//2302 2754//2303 2755//2304
f 2755//2304 2754//2303 2756//2305
f 2755//2304 2756//2305 2757//2306
f 2757//2306 2756//2305 2758//2307
f 2757//2306 2758//2307 2759//2308
f 2759//2308 2758//2307 2760//2309
f 2759//2308 2760//2309 2737//2286
f 2737//2286 2760//2309 2738//2287
f 2757//2306 2759//2308 2761//2310
f 2761//2310 2759//2308 2737//2286
f 2761//2310 2737//2286 2739//2288
f 2751//2300 2753//2302 2761//2310
f 2761//2310 2753//2302 2755//2304
f 2761//2310 2755//2304 2757//2306
f 2745//2294 2747//2296 2761//2310
f 2761//2310 2747//2296 2749//2298
f 2761//2310 2749//2298 2751//2300
f 2739//2288 2741//2290 2761//2310
f 2761//2310 2741//2290 2743//2292
f 2761//2310 2743//2292 2745//2294
f 2762//2286 2763//2311 2764//2288
f 2764//2288 2763//2311 2765//2289
f 2764//2288 2765//2289 2766//2290
f 2766//2290 2765//2289 2767//2291
f 2766//2290 2767//2291 2768//2292
f 2768//2292 2767//2291 2769//2293
f 2768//2292 2769//2293 2770//2294
f 2770//2294 2769//2293 2771//2295
f 2770//2294 2771//2295 2772//2296
f 2772//2296 2771//2295 2773//2297
f 2772//2296 2773//2297 2774//2298
f 2774//2298 2773//2297 2775//2312
f 2774//2298 2775//2312 2776//2300
f 2776//2300 2775//2312 2777//2301
f 2776//2300 2777//2301 2778//2302
f 2778//2302 2777//2301 2779//2303
f 2778//2302 2779//2303 2780//2304
f 2780//2304 2779//2303 2781//2305
f 2780//2304 2781//2305 2782//2306
f 2782//2306 2781//2305 2783//2313
f 2782//2306 2783//2313 2784//2308
f 2784//2308 2783//2313 2785//2309
f 2784//2308 2785//2309 2762//2286
f 2762//2286 2785//2309 2763//2311
f 2782//2306 2784//2308 2786//2310
f 2786//2310 2784//2308 2762//2286
f 2786//2310 2762//2286 2764//2288
f 2776//2300 2778//2302 2786//2310
f 2786//2310 2778//2302 2780//2304
f 2786//2310 2780//2304 2782//2306
f 2770//2294 2772//2296 2786//2310
f 2786//2310 2772//2296 2774//2298
f 2786//2310 2774//2298 2776//2300
f 2764//2288 2766//2290 2786//2310
f 2786//2310 2766//2290 2768//2292
f 2786//2310 2768//2292 2770//2294
f 2740//2289 520//517 2742//2291
f 2742//2291 520//517 547//545
f 2742//2291 547//545 2744//2293
f 2744//2293 547//545 546//544
f 2744//2293 546//544 2746//2295
f 2746//2295 546//544 545//543
f 2746//2295 545//543 2748//2297
f 2748//2297 545//543 544//542
f 2748//2297 544//542 2750//2299
f 2750//2299 544//542 538//536
f 2750//2299 538//536 2752//2301
f 2752//2301 538//536 553//551
f 2752//2301 553//551 2754//2303
f 2754//2303 553//551 554//552
f 2754//2303 554//552 2756//2305
f 2756//2305 554//552 522//520
f 2756//2305 522//520 2758//2307
f 2758//2307 522//520 521//519
f 2758//2307 521//519 2760//2309
f 2760//2309 521//519 555//553
f 2760//2309 555//553 2738//2287
f 2738//2287 555//553 556//554
f 2738//2287 556//554 2740//2289
f 2740//2289 556//554 520//517
f 2765//2289 518//517 2767//2291
f 2767//2291 518//517 562//558
f 2767//2291 562//558 2769//2293
f 2769//2293 562//558 561//544
f 2769//2293 561//544 2771//2295
f 2771//2295 561//544 558//556
f 2771//2295 558//556 2773//2297
f 2773//2297 558//556 557//555
f 2773//2297 557//555 2775//2312
f 2775//2312 557//555 568//563
f 2775//2312 568//563 2777//2301
f 2777//2301 568//563 567//562
f 2777//2301 567//562 2779//2303
f 2779//2303 567//562 566//561
f 2779//2303 566//561 2781//2305
f 2781//2305 566//561 563//520
f 2781//2305 563//520 2783//2313
f 2783//2313 563//520 560//557
f 2783//2313 560//557 2785//2309
f 2785//2309 560//557 559//553
f 2785//2309 559//553 2763//2311
f 2763//2311 559//553 519//518
f 2763//2311 519//518 2765//2289
f 2765//2289 519//518 518//517
f 2787//2314 2788//2315 2789//2316
f 2789//2316 2788//2315 2790//2317
f 2789//2316 2790//2317 2791//2318
f 2791//2318 2790//2317 2792//2319
f 2791//2318 2792//2319 2793//2320
f 2793//2320 2792//2319 2794//2321
f 2793//2320 2794//2321 2795//2322
f 2795//2322 2794//2321 2796//2323
f 2795//2322 2796//2323 2797//2324
f 2797//2324 2796//2323 2798//2325
f 2797//2324 2798//2325 2799//2326
f 2799//2326 2798//2325 2800//2327
f 2799//2326 2800//2327 2801//2328
f 2801//2328 2800//2327 2802//2329
f 2801//2328 2802//2329 2803//2330
f 2803//2330 2802//2329 2804//2331
f 2803//2330 2804//2331 2805//2332
f 2805//2332 2804//2331 2806//2333
f 2805//2332 2806//2333 2807//2334
f 2807//2334 2806//2333 2808//2335
f 2807//2334 2808//2335 2809//2336
f 2809//2336 2808//2335 2810//2337
f 2809//2336 2810//2337 2787//2314
f 2787//2314 2810//2337 2788//2315
f 2807//2334 2809//2336 2811//852
f 2811//852 2809//2336 2787//2314
f 2811//852 2787//2314 2789//2316
f 2801//2328 2803//2330 2811//852
f 2811//852 2803//2330 2805//2332
f 2811//852 2805//2332 2807//2334
f 2795//2322 2797//2324 2811//852
f 2811//852 2797//2324 2799//2326
f 2811//852 2799//2326 2801//2328
f 2789//2316 2791//2318 2811//852
f 2811//852 2791//2318 2793//2320
f 2811//852 2793//2320 2795//2322
f 2790//2317 2277//2041 2792//2319
f 2792//2319 2277//2041 2279//2042
f 2792//2319 2279//2042 2794//2321
f 2794//2321 2279//2042 2278//2043
f 2794//2321 2278//2043 2796//2323
f 2796//2323 2278//2043 2284//2037
f 2796//2323 2284//2037 2798//2325
f 2798//2325 2284//2037 2283//2045
f 2798//2325 2283//2045 2800//2327
f 2800//2327 2283//2045 2282//2035
f 2800//2327 2282//2035 2802//2329
f 2802//2329 2282//2035 2281//2036
f 2802//2329 2281//2036 2804//2331
f 2804//2331 2281//2036 2280//2033
f 2804//2331 2280//2033 2806//2333
f 2806//2333 2280//2033 2274//2032
f 2806//2333 2274//2032 2808//2335
f 2808//2335 2274//2032 2272//2031
f 2808//2335 2272//2031 2810//2337
f 2810//2337 2272//2031 2271//2030
f 2810//2337 2271//2030 2788//2315
f 2788//2315 2271//2030 2275//2028
f 2788//2315 2275//2028 2790//2317
f 2790//2317 2275//2028 2277//2041
f 2812//2332 2813//2333 2814//2334
f 2814//2334 2813//2333 2815//2335
f 2814//2334 2815//2335 2816//2336
f 2816//2336 2815//2335 2817//2337
f 2816//2336 2817//2337 2818//2314
f 2818//2314 2817//2337 2819//2338
f 2818//2314 2819//2338 2820//2316
f 2820//2316 2819//2338 2821//2317
f 2820//2316 2821//2317 2822//2318
f 2822//2318 2821//2317 2823//2319
f 2822//2318 2823//2319 2824//2320
f 2824//2320 2823//2319 2825//2321
f 2824//2320 2825//2321 2826//2322
f 2826//2322 2825//2321 2827//2323
f 2826//2322 2827//2323 2828//2324
f 2828//2324 2827//2323 2829//2325
f 2828//2324 2829//2325 2830//2326
f 2830//2326 2829//2325 2831//2339
f 2830//2326 2831//2339 2832//2328
f 2832//2328 2831//2339 2833//2329
f 2832//2328 2833//2329 2834//2330
f 2834//2330 2833//2329 2835//2331
f 2834//2330 2835//2331 2812//2332
f 2812//2332 2835//2331 2813//2333
f 2832//2328 2834//2330 2836//852
f 2836//852 2834//2330 2812//2332
f 2836//852 2812//2332 2814//2334
f 2826//2322 2828//2324 2836//852
f 2836//852 2828//2324 2830//2326
f 2836//852 2830//2326 2832//2328
f 2820//2316 2822//2318 2836//852
f 2836//852 2822//2318 2824//2320
f 2836//852 2824//2320 2826//2322
f 2814//2334 2816//2336 2836//852
f 2836//852 2816//2336 2818//2314
f 2836//852 2818//2314 2820//2316
f 2837//2314 2838//2338 2839//2316
f 2839//2316 2838//2338 2840//2340
f 2839//2316 2840//2340 2841//2318
f 2841//2318 2840//2340 2842//2319
f 2841//2318 2842//2319 2843//2320
f 2843//2320 2842//2319 2844//2341
f 2843//2320 2844//2341 2845//2322
f 2845//2322 2844//2341 2846//2323
f 2845//2322 2846//2323 2847//2324
f 2847//2324 2846//2323 2848//2342
f 2847//2324 2848//2342 2849//2326
f 2849//2326 2848//2342 2850//2339
f 2849//2326 2850//2339 2851//2328
f 2851//2328 2850//2339 2852//2329
f 2851//2328 2852//2329 2853//2330
f 2853//2330 2852//2329 2854//2331
f 2853//2330 2854//2331 2855//2332
f 2855//2332 2854//2331 2856//2333
f 2855//2332 2856//2333 2857//2334
f 2857//2334 2856//2333 2858//2335
f 2857//2334 2858//2335 2859//2336
f 2859//2336 2858//2335 2860//2337
f 2859//2336 2860//2337 2837//2314
f 2837//2314 2860//2337 2838//2338
f 2845//2322 2847//2324 2861//852
f 2861//852 2847//2324 2849//2326
f 2861//852 2849//2326 2851//2328
f 2839//2316 2841//2318 2861//852
f 2861//852 2841//2318 2843//2320
f 2861//852 2843//2320 2845//2322
f 2857//2334 2859//2336 2861//852
f 2861//852 2859//2336 2837//2314
f 2861//852 2837//2314 2839//2316
f 2851//2328 2853//2330 2861//852
f 2861//852 2853//2330 2855//2332
f 2861//852 2855//2332 2857//2334
f 2862//2332 2863//2333 2864//2334
f 2864//2334 2863//2333 2865//2335
f 2864//2334 2865//2335 2866//2336
f 2866//2336 2865//2335 2867//2337
f 2866//2336 2867//2337 2868//2314
f 2868//2314 2867//2337 2869//2315
f 2868//2314 2869//2315 2870//2316
f 2870//2316 2869//2315 2871//2340
f 2870//2316 2871//2340 2872//2318
f 2872//2318 2871//2340 2873//2319
f 2872//2318 2873//2319 2874//2320
f 2874//2320 2873//2319 2875//2341
f 2874//2320 2875//2341 2876//2322
f 2876//2322 2875//2341 2877//2323
f 2876//2322 2877//2323 2878//2324
f 2878//2324 2877//2323 2879//2342
f 2878//2324 2879//2342 2880//2326
f 2880//2326 2879//2342 2881//2327
f 2880//2326 2881//2327 2882//2328
f 2882//2328 2881//2327 2883//2329
f 2882//2328 2883//2329 2884//2330
f 2884//2330 2883//2329 2885//2331
f 2884//2330 2885//2331 2862//2332
f 2862//2332 2885//2331 2863//2333
f 2870//2316 2872//2318 2886//852
f 2886//852 2872//2318 2874//2320
f 2886//852 2874//2320 2876//2322
f 2864//2334 2866//2336 2886//852
f 2886//852 2866//2336 2868//2314
f 2886//852 2868//2314 2870//2316
f 2882//2328 2884//2330 2886//852
f 2886//852 2884//2330 2862//2332
f 2886//852 2862//2332 2864//2334
f 2876//2322 2878//2324 2886//852
f 2886//852 2878//2324 2880//2326
f 2886//852 2880//2326 2882//2328
f 2871//2340 2221//2027 2873//2319
f 2873//2319 2221//2027 2236//2039
f 2873//2319 2236//2039 2875//2341
f 2875//2341 2236//2039 2235//2038
f 2875//2341 2235//2038 2877//2323
f 2877//2323 2235//2038 2234//2037
f 2877//2323 2234//2037 2879//2342
f 2879//2342 2234//2037 2230//2034
f 2879//2342 2230//2034 2881//2327
f 2881//2327 2230//2034 2232//2035
f 2881//2327 2232//2035 2883//2329
f 2883//2329 2232//2035 2233//2036
f 2883//2329 2233//2036 2885//2331
f 2885//2331 2233//2036 2229//2033
f 2885//2331 2229//2033 2863//2333
f 2863//2333 2229//2033 2228//2032
f 2863//2333 2228//2032 2865//2335
f 2865//2335 2228//2032 2227//2031
f 2865//2335 2227//2031 2867//2337
f 2867//2337 2227//2031 2226//2030
f 2867//2337 2226//2030 2869//2315
f 2869//2315 2226//2030 2222//2028
f 2869//2315 2222//2028 2871//2340
f 2871//2340 2222//2028 2221//2027
f 2840//2340 2245//2027 2842//2319
f 2842//2319 2245//2027 2246//2039
f 2842//2319 2246//2039 2844//2341
f 2844//2341 2246//2039 2247//2038
f 2844//2341 2247//2038 2846//2323
f 2846//2323 2247//2038 2249//2037
f 2846//2323 2249//2037 2848//2342
f 2848//2342 2249//2037 2252//2034
f 2848//2342 2252//2034 2850//2339
f 2850//2339 2252//2034 2251//2035
f 2850//2339 2251//2035 2852//2329
f 2852//2329 2251//2035 2250//2040
f 2852//2329 2250//2040 2854//2331
f 2854//2331 2250//2040 2240//2033
f 2854//2331 2240//2033 2856//2333
f 2856//2333 2240//2033 2239//2032
f 2856//2333 2239//2032 2858//2335
f 2858//2335 2239//2032 2242//2031
f 2858//2335 2242//2031 2860//2337
f 2860//2337 2242//2031 2243//2030
f 2860//2337 2243//2030 2838//2338
f 2838//2338 2243//2030 2244//2028
f 2838//2338 2244//2028 2840//2340
f 2840//2340 2244//2028 2245//2027
f 2821//2317 2258//2041 2823//2319
f 2823//2319 2258//2041 2265//2042
f 2823//2319 2265//2042 2825//2321
f 2825//2321 2265//2042 2266//2043
f 2825//2321 2266//2043 2827//2323
f 2827//2323 2266//2043 2267//2044
f 2827//2323 2267//2044 2829//2325
f 2829//2325 2267//2044 2268//2045
f 2829//2325 2268//2045 2831//2339
f 2831//2339 2268//2045 2264//2035
f 2831//2339 2264//2035 2833//2329
f 2833//2329 2264//2035 2263//2036
f 2833//2329 2263//2036 2835//2331
f 2835//2331 2263//2036 2262//2033
f 2835//2331 2262//2033 2813//2333
f 2813//2333 2262//2033 2260//2032
f 2813//2333 2260//2032 2815//2335
f 2815//2335 2260//2032 2259//2031
f 2815//2335 2259//2031 2817//2337
f 2817//2337 2259//2031 2255//2030
f 2817//2337 2255//2030 2819//2338
f 2819//2338 2255//2030 2257//2028
f 2819//2338 2257//2028 2821//2317
f 2821//2317 2257//2028 2258//2041
f 442//442 75//75 136//136
f 136//136 75//75 76//76
f 136//136 76//76 100//100
f 135//135 177//177 136//136
f 136//136 177//177 176//176
f 176//176 208//208 136//136
f 136//136 208//208 206//206
f 136//136 206//206 442//442
f 442//442 206//206 205//205
f 442//442 205//205 174//174
f 174//174 173//173 442//442
f 442//442 173//173 225//225
f 442//442 225//225 481//481
f 451//451 445//445 481//481
f 481//481 445//445 443//443
f 481//481 443//443 442//442
f 451//451 449//449 445//445
f 445//445 449//449 448//448
f 445//445 448//448 446//446
f 302//302 168//168 167//167
f 6//6 5//5 167//167
f 167//167 5//5 7//7
f 299//299 267//267 167//167
f 167//167 267//267 266//266
f 167//167 266//266 302//302
f 7//7 368//368 167//167
f 167//167 368//368 366//366
f 167//167 366//366 365//365
f 270//270 269//269 167//167
f 167//167 269//269 300//300
f 167//167 300//300 299//299
f 365//365 363//363 167//167
f 167//167 363//363 362//362
f 167//167 362//362 402//402
f 402//402 378//378 167//167
f 167//167 378//378 369//369
f 167//167 369//369 270//270
f 2589//2158 2887//2343 2587//2156
f 2587//2156 2887//2343 2888//2344
f 2587//2156 2888//2344 2588//2157
f 2588//2157 2888//2344 2889//2345
f 2588//2157 2889//2345 2590//2159
f 2590//2159 2889//2345 2890//2346
f 2887//2343 2891//2347 2888//2344
f 2888//2344 2891//2347 2892//2348
f 2888//2344 2892//2348 2889//2345
f 2889//2345 2892//2348 2893//2349
f 2889//2345 2893//2349 2890//2346
f 2890//2346 2893//2349 2894//2350
f 2891//2347 2543//2112 2892//2348
f 2892//2348 2543//2112 2664//2233
f 2892//2348 2664//2233 2893//2349
f 2893//2349 2664//2233 2665//2234
f 2893//2349 2665//2234 2894//2350
f 2894//2350 2665//2234 2513//2082
f 2895//2351 2642//2211 2896//2352
f 2896//2352 2642//2211 2645//2214
f 2896//2352 2645//2214 2897//2353
f 2897//2353 2645//2214 2647//2216
f 2897//2353 2647//2216 2898//2354
f 2898//2354 2647//2216 2649//2218
f 2898//2354 2649//2218 2899//2355
f 2899//2355 2649//2218 2651//2220
f 2899//2355 2651//2220 2900//2356
f 2900//2356 2651//2220 2653//2222
f 2900//2356 2653//2222 2901//2357
f 2901//2357 2653//2222 2619//2188
f 2901//2357 2619//2188 2902//2358
f 2902//2358 2619//2188 2621//2190
f 2902//2358 2621//2190 2903//2359
f 2903//2359 2621//2190 2623//2192
f 2903//2359 2623//2192 2904//2360
f 2904//2360 2623//2192 2625//2194
f 2904//2360 2625//2194 2905//2361
f 2905//2361 2625//2194 2627//2196
f 2905//2361 2627//2196 2906//2362
f 2906//2362 2627//2196 2608//2177
f 2906//2362 2608//2177 2907//2363
f 2907//2363 2608//2177 2610//2179
f 2907//2363 2610//2179 2908//2364
f 2908//2364 2610//2179 2612//2181
f 2908//2364 2612//2181 2909//2365
f 2909//2365 2612//2181 2614//2183
f 2909//2365 2614//2183 2910//2366
f 2910//2366 2614//2183 2616//2185
f 2910//2366 2616//2185 2911//2367
f 2911//2367 2616//2185 2618//2187
f 2911//2367 2618//2187 2912//2368
f 2912//2368 2618//2187 2633//2202
f 2912//2368 2633//2202 2913//2369
f 2913//2369 2633//2202 2635//2204
f 2913//2369 2635//2204 2914//2370
f 2914//2370 2635//2204 2637//2206
f 2914//2370 2637//2206 2915//2371
f 2915//2371 2637//2206 2639//2208
f 2915//2371 2639//2208 2916//2372
f 2916//2372 2639//2208 2594//2163
f 2916//2372 2594//2163 2917//2373
f 2917//2373 2594//2163 2596//2165
f 2917//2373 2596//2165 2918//2374
f 2918//2374 2596//2165 2598//2167
f 2918//2374 2598//2167 2919//2375
f 2919//2375 2598//2167 2600//2169
f 2919//2375 2600//2169 2920//2376
f 2920//2376 2600//2169 2602//2171
f 2920//2376 2602//2171 2921//2377
f 2921//2377 2602//2171 2604//2173
f 2921//2377 2604//2173 2922//2378
f 2922//2378 2604//2173 2607//2176
f 2922//2378 2607//2176 2890//2346
f 2890//2346 2607//2176 2590//2159
f 2923//2379 2895//2351 2924//2380
f 2924//2380 2895//2351 2896//2352
f 2924//2380 2896//2352 2925//2381
f 2925//2381 2896//2352 2897//2353
f 2925//2381 2897//2353 2926//2382
f 2926//2382 2897//2353 2898//2354
f 2926//2382 2898//2354 2927//2383
f 2927//2383 2898//2354 2899//2355
f 2927//2383 2899//2355 2928//2384
f 2928//2384 2899//2355 2900//2356
f 2928//2384 2900//2356 2929//2385
f 2929//2385 2900//2356 2901//2357
f 2929//2385 2901//2357 2930//2386
f 2930//2386 2901//2357 2902//2358
f 2930//2386 2902//2358 2931//2387
f 2931//2387 2902//2358 2903//2359
f 2931//2387 2903//2359 2932//2388
f 2932//2388 2903//2359 2904//2360
f 2932//2388 2904//2360 2933//2389
f 2933//2389 2904//2360 2905//2361
f 2933//2389 2905//2361 2934//2390
f 2934//2390 2905//2361 2906//2362
f 2934//2390 2906//2362 2935//2391
f 2935//2391 2906//2362 2907//2363
f 2935//2391 2907//2363 2936//2392
f 2936//2392 2907//2363 2908//2364
f 2936//2392 2908//2364 2937//2393
f 2937//2393 2908//2364 2909//2365
f 2937//2393 2909//2365 2938//2394
f 2938//2394 2909//2365 2910//2366
f 2938//2394 2910//2366 2939//2395
f 2939//2395 2910//2366 2911//2367
f 2939//2395 2911//2367 2940//2396
f 2940//2396 2911//2367 2912//2368
f 2940//2396 2912//2368 2941//2397
f 2941//2397 2912//2368 2913//2369
f 2941//2397 2913//2369 2942//2398
f 2942//2398 2913//2369 2914//2370
f 2942//2398 2914//2370 2943//2399
f 2943//2399 2914//2370 2915//2371
f 2943//2399 2915//2371 2944//2400
f 2944//2400 2915//2371 2916//2372
f 2944//2400 2916//2372 2945//2401
f 2945//2401 2916//2372 2917//2373
f 2945//2401 2917//2373 2946//2402
f 2946//2402 2917//2373 2918//2374
f 2946//2402 2918//2374 2947//2403
f 2947//2403 2918//2374 2919//2375
f 2947//2403 2919//2375 2948//2404
f 2948//2404 2919//2375 2920//2376
f 2948//2404 2920//2376 2949//2405
f 2949//2405 2920//2376 2921//2377
f 2949//2405 2921//2377 2950//2406
f 2950//2406 2921//2377 2922//2378
f 2950//2406 2922//2378 2894//2350
f 2894//2350 2922//2378 2890//2346
f 2541//2110 2923//2379 2540//2109
f 2540//2109 2923//2379 2924//2380
f 2540//2109 2924//2380 2539//2108
f 2539//2108 2924//2380 2925//2381
f 2539//2108 2925//2381 2538//2107
f 2538//2107 2925//2381 2926//2382
f 2538//2107 2926//2382 2537//2106
f 2537//2106 2926//2382 2927//2383
f 2537//2106 2927//2383 2536//2105
f 2536//2105 2927//2383 2928//2384
f 2536//2105 2928//2384 2535//2104
f 2535//2104 2928//2384 2929//2385
f 2535//2104 2929//2385 2534//2103
f 2534//2103 2929//2385 2930//2386
f 2534//2103 2930//2386 2533//2102
f 2533//2102 2930//2386 2931//2387
f 2533//2102 2931//2387 2532//2101
f 2532//2101 2931//2387 2932//2388
f 2532//2101 2932//2388 2531//2100
f 2531//2100 2932//2388 2933//2389
f 2531//2100 2933//2389 2530//2099
f 2530//2099 2933//2389 2934//2390
f 2530//2099 2934//2390 2529//2098
f 2529//2098 2934//2390 2935//2391
f 2529//2098 2935//2391 2528//2097
f 2528//2097 2935//2391 2936//2392
f 2528//2097 2936//2392 2527//2096
f 2527//2096 2936//2392 2937//2393
f 2527//2096 2937//2393 2526//2095
f 2526//2095 2937//2393 2938//2394
f 2526//2095 2938//2394 2525//2094
f 2525//2094 2938//2394 2939//2395
f 2525//2094 2939//2395 2524//2093
f 2524//2093 2939//2395 2940//2396
f 2524//2093 2940//2396 2523//2092
f 2523//2092 2940//2396 2941//2397
f 2523//2092 2941//2397 2522//2091
f 2522//2091 2941//2397 2942//2398
f 2522//2091 2942//2398 2521//2090
f 2521//2090 2942//2398 2943//2399
f 2521//2090 2943//2399 2520//2089
f 2520//2089 2943//2399 2944//2400
f 2520//2089 2944//2400 2519//2088
f 2519//2088 2944//2400 2945//2401
f 2519//2088 2945//2401 2518//2087
f 2518//2087 2945//2401 2946//2402
f 2518//2087 2946//2402 2517//2086
f 2517//2086 2946//2402 2947//2403
f 2517//2086 2947//2403 2516//2085
f 2516//2085 2947//2403 2948//2404
f 2516//2085 2948//2404 2515//2084
f 2515//2084 2948//2404 2949//2405
f 2515//2084 2949//2405 2514//2083
f 2514//2083 2949//2405 2950//2406
f 2514//2083 2950//2406 2513//2082
f 2513//2082 2950//2406 2894//2350
f 2542//2111 2543//2112 2951//2407
f 2951//2407 2543//2112 2891//2347
f 2951//2407 2891//2347 2952//2408
f 2952//2408 2891//2347 2887//2343
f 2952//2408 2887//2343 2584//2153
f 2584//2153 2887//2343 2589//2158
f 2642//2211 2895//2351 2643//2212
f 2643//2212 2895//2351 2953//2409
f 2643//2212 2953//2409 2644//2213
f 2644//2213 2953//2409 2954//2410
f 2644//2213 2954//2410 2630//2199
f 2630//2199 2954//2410 2955//2411
f 2895//2351 2923//2379 2953//2409
f 2953//2409 2923//2379 2956//2412
f 2953//2409 2956//2412 2954//2410
f 2954//2410 2956//2412 2957//2413
f 2954//2410 2957//2413 2955//2411
f 2955//2411 2957//2413 2958//2414
f 2923//2379 2541//2110 2956//2412
f 2956//2412 2541//2110 2659//2228
f 2956//2412 2659//2228 2957//2413
f 2957//2413 2659//2228 2660//2229
f 2957//2413 2660//2229 2958//2414
f 2958//2414 2660//2229 2579//2148
f 2586//2155 2959//2415 2591//2160
f 2591//2160 2959//2415 2960//2416
f 2591//2160 2960//2416 2592//2161
f 2592//2161 2960//2416 2961//2417
f 2592//2161 2961//2417 2593//2162
f 2593//2162 2961//2417 2962//2418
f 2593//2162 2962//2418 2584//2153
f 2584//2153 2962//2418 2952//2408
f 2959//2415 2963//2419 2960//2416
f 2960//2416 2963//2419 2964//2420
f 2960//2416 2964//2420 2961//2417
f 2961//2417 2964//2420 2965//2421
f 2961//2417 2965//2421 2962//2418
f 2962//2418 2965//2421 2966//2422
f 2962//2418 2966//2422 2952//2408
f 2952//2408 2966//2422 2951//2407
f 2963//2419 2548//2117 2964//2420
f 2964//2420 2548//2117 2666//2235
f 2964//2420 2666//2235 2965//2421
f 2965//2421 2666//2235 2667//2236
f 2965//2421 2667//2236 2966//2422
f 2966//2422 2667//2236 2668//2237
f 2966//2422 2668//2237 2951//2407
f 2951//2407 2668//2237 2542//2111
f 2580//2149 2967//2423 2579//2148
f 2579//2148 2967//2423 2958//2414
f 2967//2423 2968//2424 2958//2414
f 2958//2414 2968//2424 2969//2425
f 2958//2414 2969//2425 2955//2411
f 2583//2152 2630//2199 2970//2426
f 2970//2426 2630//2199 2955//2411
f 2970//2426 2955//2411 2971//2427
f 2971//2427 2955//2411 2969//2425
f 2972//2428 2973//2429 2974//2430
f 2975//2431 2545//2114 2544//2113
f 2973//2429 2975//2431 2974//2430
f 2974//2430 2975//2431 2544//2113
f 2974//2430 2544//2113 2976//2432
f 2976//2432 2544//2113 2578//2147
f 2976//2432 2578//2147 2977//2433
f 2977//2433 2578//2147 2577//2146
f 2977//2433 2577//2146 2978//2434
f 2978//2434 2577//2146 2576//2145
f 2978//2434 2576//2145 2979//2435
f 2979//2435 2576//2145 2575//2144
f 2979//2435 2575//2144 2980//2436
f 2980//2436 2575//2144 2573//2142
f 2980//2436 2573//2142 2981//2437
f 2981//2437 2573//2142 2574//2143
f 2981//2437 2574//2143 2982//2438
f 2982//2438 2574//2143 2571//2140
f 2982//2438 2571//2140 2983//2439
f 2983//2439 2571//2140 2570//2139
f 2983//2439 2570//2139 2984//2440
f 2984//2440 2570//2139 2572//2141
f 2984//2440 2572//2141 2985//2441
f 2985//2441 2572//2141 2567//2136
f 2985//2441 2567//2136 2986//2442
f 2986//2442 2567//2136 2568//2137
f 2986//2442 2568//2137 2987//2443
f 2987//2443 2568//2137 2569//2138
f 2987//2443 2569//2138 2988//2444
f 2988//2444 2569//2138 2566//2135
f 2988//2444 2566//2135 2989//2445
f 2989//2445 2566//2135 2565//2134
f 2989//2445 2565//2134 2990//2446
f 2990//2446 2565//2134 2563//2132
f 2990//2446 2563//2132 2991//2447
f 2991//2447 2563//2132 2564//2133
f 2991//2447 2564//2133 2992//2448
f 2992//2448 2564//2133 2562//2131
f 2992//2448 2562//2131 2993//2449
f 2993//2449 2562//2131 2561//2130
f 2993//2449 2561//2130 2994//2450
f 2994//2450 2561//2130 2559//2128
f 2994//2450 2559//2128 2995//2451
f 2995//2451 2559//2128 2560//2129
f 2995//2451 2560//2129 2996//2452
f 2996//2452 2560//2129 2557//2126
f 2996//2452 2557//2126 2997//2453
f 2997//2453 2557//2126 2558//2127
f 2997//2453 2558//2127 2998//2454
f 2998//2454 2558//2127 2555//2124
f 2998//2454 2555//2124 2999//2455
f 2999//2455 2555//2124 2556//2125
f 2999//2455 2556//2125 3000//2456
f 3000//2456 2556//2125 2554//2123
f 3000//2456 2554//2123 3001//2457
f 3001//2457 2554//2123 2553//2122
f 3001//2457 2553//2122 3002//2458
f 3002//2458 2553//2122 2552//2121
f 3002//2458 2552//2121 3003//2459
f 3003//2459 2552//2121 2551//2120
f 3003//2459 2551//2120 3004//2460
f 3004//2460 2551//2120 2549//2118
f 3004//2460 2549//2118 3005//2461
f 3005//2461 2549//2118 2550//2119
f 3005//2461 2550//2119 3006//2462
f 3006//2462 2550//2119 2546//2115
f 3006//2462 2546//2115 3007//2463
f 3007//2463 2546//2115 2547//2116
f 3007//2463 2547//2116 2963//2419
f 2963//2419 2547//2116 2548//2117
f 3008//2464 2972//2428 3009//2465
f 3009//2465 2972//2428 2974//2430
f 3009//2465 2974//2430 3010//2466
f 3010//2466 2974//2430 2976//2432
f 3010//2466 2976//2432 3011//2467
f 3011//2467 2976//2432 2977//2433
f 3011//2467 2977//2433 3012//2468
f 3012//2468 2977//2433 2978//2434
f 3012//2468 2978//2434 3013//2469
f 3013//2469 2978//2434 2979//2435
f 3013//2469 2979//2435 3014//2470
f 3014//2470 2979//2435 2980//2436
f 3014//2470 2980//2436 3015//2471
f 3015//2471 2980//2436 2981//2437
f 3015//2471 2981//2437 3016//2472
f 3016//2472 2981//2437 2982//2438
f 3016//2472 2982//2438 3017//2473
f 3017//2473 2982//2438 2983//2439
f 3017//2473 2983//2439 3018//2474
f 3018//2474 2983//2439 2984//2440
f 3018//2474 2984//2440 3019//2475
f 3019//2475 2984//2440 2985//2441
f 3019//2475 2985//2441 3020//2476
f 3020//2476 2985//2441 2986//2442
f 3020//2476 2986//2442 3021//2477
f 3021//2477 2986//2442 2987//2443
f 3021//2477 2987//2443 3022//2478
f 3022//2478 2987//2443 2988//2444
f 3022//2478 2988//2444 3023//2479
f 3023//2479 2988//2444 2989//2445
f 3023//2479 2989//2445 3024//2480
f 3024//2480 2989//2445 2990//2446
f 3024//2480 2990//2446 3025//2481
f 3025//2481 2990//2446 2991//2447
f 3025//2481 2991//2447 3026//2482
f 3026//2482 2991//2447 2992//2448
f 3026//2482 2992//2448 3027//2483
f 3027//2483 2992//2448 2993//2449
f 3027//2483 2993//2449 3028//2484
f 3028//2484 2993//2449 2994//2450
f 3028//2484 2994//2450 3029//2485
f 3029//2485 2994//2450 2995//2451
f 3029//2485 2995//2451 3030//2486
f 3030//2486 2995//2451 2996//2452
f 3030//2486 2996//2452 3031//2487
f 3031//2487 2996//2452 2997//2453
f 3031//2487 2997//2453 3032//2488
f 3032//2488 2997//2453 2998//2454
f 3032//2488 2998//2454 3033//2489
f 3033//2489 2998//2454 2999//2455
f 3033//2489 2999//2455 3034//2490
f 3034//2490 2999//2455 3000//2456
f 3034//2490 3000//2456 3035//2491
f 3035//2491 3000//2456 3001//2457
f 3035//2491 3001//2457 3036//2492
f 3036//2492 3001//2457 3002//2458
f 3036//2492 3002//2458 3037//2493
f 3037//2493 3002//2458 3003//2459
f 3037//2493 3003//2459 3038//2494
f 3038//2494 3003//2459 3004//2460
f 3038//2494 3004//2460 3039//2495
f 3039//2495 3004//2460 3005//2461
f 3039//2495 3005//2461 3040//2496
f 3040//2496 3005//2461 3006//2462
f 3040//2496 3006//2462 3041//2497
f 3041//2497 3006//2462 3007//2463
f 3041//2497 3007//2463 2959//2415
f 2959//2415 3007//2463 2963//2419
f 2581//2150 3008//2464 2582//2151
f 2582//2151 3008//2464 3009//2465
f 2582//2151 3009//2465 2646//2215
f 2646//2215 3009//2465 3010//2466
f 2646//2215 3010//2466 2648//2217
f 2648//2217 3010//2466 3011//2467
f 2648//2217 3011//2467 2650//2219
f 2650//2219 3011//2467 3012//2468
f 2650//2219 3012//2468 2652//2221
f 2652//2221 3012//2468 3013//2469
f 2652//2221 3013//2469 2654//2223
f 2654//2223 3013//2469 3014//2470
f 2654//2223 3014//2470 2655//2224
f 2655//2224 3014//2470 3015//2471
f 2655//2224 3015//2471 2620//2189
f 2620//2189 3015//2471 3016//2472
f 2620//2189 3016//2472 2622//2191
f 2622//2191 3016//2472 3017//2473
f 2622//2191 3017//2473 2624//2193
f 2624//2193 3017//2473 3018//2474
f 2624//2193 3018//2474 2626//2195
f 2626//2195 3018//2474 3019//2475
f 2626//2195 3019//2475 2628//2197
f 2628//2197 3019//2475 3020//2476
f 2628//2197 3020//2476 2629//2198
f 2629//2198 3020//2476 3021//2477
f 2629//2198 3021//2477 2609//2178
f 2609//2178 3021//2477 3022//2478
f 2609//2178 3022//2478 2611//2180
f 2611//2180 3022//2478 3023//2479
f 2611//2180 3023//2479 2613//2182
f 2613//2182 3023//2479 3024//2480
f 2613//2182 3024//2480 2615//2184
f 2615//2184 3024//2480 3025//2481
f 2615//2184 3025//2481 2617//2186
f 2617//2186 3025//2481 3026//2482
f 2617//2186 3026//2482 2631//2200
f 2631//2200 3026//2482 3027//2483
f 2631//2200 3027//2483 2632//2201
f 2632//2201 3027//2483 3028//2484
f 2632//2201 3028//2484 2634//2203
f 2634//2203 3028//2484 3029//2485
f 2634//2203 3029//2485 2636//2205
f 2636//2205 3029//2485 3030//2486
f 2636//2205 3030//2486 2638//2207
f 2638//2207 3030//2486 3031//2487
f 2638//2207 3031//2487 2640//2209
f 2640//2209 3031//2487 3032//2488
f 2640//2209 3032//2488 2641//2210
f 2641//2210 3032//2488 3033//2489
f 2641//2210 3033//2489 2595//2164
f 2595//2164 3033//2489 3034//2490
f 2595//2164 3034//2490 2597//2166
f 2597//2166 3034//2490 3035//2491
f 2597//2166 3035//2491 2599//2168
f 2599//2168 3035//2491 3036//2492
f 2599//2168 3036//2492 2601//2170
f 2601//2170 3036//2492 3037//2493
f 2601//2170 3037//2493 2603//2172
f 2603//2172 3037//2493 3038//2494
f 2603//2172 3038//2494 2605//2174
f 2605//2174 3038//2494 3039//2495
f 2605//2174 3039//2495 2606//2175
f 2606//2175 3039//2495 3040//2496
f 2606//2175 3040//2496 2585//2154
f 2585//2154 3040//2496 3041//2497
f 2585//2154 3041//2497 2586//2155
f 2586//2155 3041//2497 2959//2415
f 2968//2424 2967//2423 3042//2498
f 2973//2429 2972//2428 3043//2499
f 2971//2427 2969//2425 3044//2500
f 2583//2152 2970//2426 2656//2225
f 2656//2225 2970//2426 3045//2501
f 2656//2225 3045//2501 2657//2226
f 2657//2226 3045//2501 3046//2502
f 2657//2226 3046//2502 2658//2227
f 2658//2227 3046//2502 3047//2503
f 2658//2227 3047//2503 2581//2150
f 2581//2150 3047//2503 3008//2464
f 2970//2426 2971//2427 3045//2501
f 3045//2501 2971//2427 3044//2500
f 3045//2501 3044//2500 3046//2502
f 3046//2502 3044//2500 3048//2504
f 3046//2502 3048//2504 3047//2503
f 3047//2503 3048//2504 3043//2499
f 3047//2503 3043//2499 3008//2464
f 3008//2464 3043//2499 2972//2428
f 2969//2425 2968//2424 3044//2500
f 3044//2500 2968//2424 3042//2498
f 3044//2500 3042//2498 3048//2504
f 3048//2504 3042//2498 3049//2505
f 3048//2504 3049//2505 3043//2499
f 3043//2499 3049//2505 3050//2506
f 3043//2499 3050//2506 2973//2429
f 2973//2429 3050//2506 2975//2431
f 2967//2423 2580//2149 3042//2498
f 3042//2498 2580//2149 2663//2232
f 3042//2498 2663//2232 3049//2505
f 3049//2505 2663//2232 2662//2231
f 3049//2505 2662//2231 3050//2506
f 3050//2506 2662//2231 2661//2230
f 3050//2506 2661//2230 2975//2431
f 2975//2431 2661//2230 2545//2114
f 3051//2507 873//702 871//700
f 3052//2508 2700//2257 2701//2258
f 871//700 893//722 3053//2509
f 3053//2509 893//722 3054//2510
f 3054//2510 893//722 891//720
f 3054//2510 891//720 2715//2271
f 873//702 3051//2507 875//704
f 3051//2507 3052//2508 875//704
f 875//704 3052//2508 2701//2258
f 875//704 2701//2258 877//706
f 877//706 2701//2258 2702//2259
f 877//706 2702//2259 879//708
f 879//708 2702//2259 2699//2256
f 879//708 2699//2256 881//710
f 881//710 2699//2256 2693//2251
f 881//710 2693//2251 883//712
f 883//712 2693//2251 2692//2250
f 883//712 2692//2250 885//714
f 885//714 2692//2250 2706//2262
f 885//714 2706//2262 887//716
f 887//716 2706//2262 2704//2261
f 887//716 2704//2261 889//718
f 889//718 2704//2261 2703//2260
f 889//718 2703//2260 891//720
f 891//720 2703//2260 2713//2269
f 891//720 2713//2269 2715//2271
f 871//700 3055//2511 3051//2507
f 3051//2507 3055//2511 3052//2508
f 3054//2510 3056//2512 3053//2509
f 3053//2509 3056//2512 871//700
f 2696//2254 3057//2513 2694//2252
f 2694//2252 3057//2513 3058//2514
f 2694//2252 3058//2514 919//748
f 3059//2515 894//723 3060//672
f 3060//672 894//723 915//744
f 3060//672 915//744 3058//2514
f 3058//2514 915//744 917//746
f 3058//2514 917//746 919//748
f 3059//2515 3061//2516 894//723
f 894//723 3061//2516 895//724
f 2707//2263 936//764 935//763
f 3062//2517 3063//2518 2708//2264
f 2708//2264 2707//2263 3062//2517
f 3062//2517 2707//2263 935//763
f 3062//2517 935//763 3064//692
f 3064//692 935//763 934//693
f 3064//692 934//693 3061//2516
f 3061//2516 934//693 895//724
f 3055//2511 871//700 3061//2516
f 3065//678 3066//2519 3057//2513
f 3057//2513 3066//2519 3055//2511
f 871//700 3056//2512 3061//2516
f 3061//2516 3056//2512 3067//2520
f 3061//2516 3067//2520 3068//2521
f 3058//2514 3057//2513 3060//672
f 3060//672 3057//2513 3055//2511
f 3060//672 3055//2511 3059//2515
f 3059//2515 3055//2511 3061//2516
f 3062//2517 3064//692 3063//2518
f 3063//2518 3064//692 3061//2516
f 3063//2518 3061//2516 3069//2522
f 3069//2522 3061//2516 3068//2521
f 3052//2508 3055//2511 2700//2257
f 2700//2257 3055//2511 3066//2519
f 3057//2513 2696//2254 3065//678
f 3065//678 2696//2254 2697//679
f 3065//678 2697//679 3066//2519
f 3066//2519 2697//679 2698//2255
f 3066//2519 2698//2255 2700//2257
f 3067//2520 3056//2512 3054//2510
f 2708//2264 3063//2518 2710//2266
f 2710//2266 3063//2518 3069//2522
f 2710//2266 3069//2522 2712//2268
f 2712//2268 3069//2522 3068//2521
f 2712//2268 3068//2521 2714//2270
f 2714//2270 3068//2521 3067//2520
f 2714//2270 3067//2520 2715//2271
f 2715//2271 3067//2520 3054//2510
f 3070//2523 3071//2524 3072//2525
f 3070//2523 3073//2526 3071//2524
f 3071//2524 3073//2526 3074//2527
f 3071//2524 3074//2527 3075//2528
f 3074//2527 3076//2529 3075//2528
f 3075//2528 3076//2529 3077//2530
f 3075//2528 3077//2530 3078//2531
f 3077//2530 3079//2532 3078//2531
f 3078//2531 3079//2532 3080//2533
f 3078//2531 3080//2533 3081//2534
f 3080//2533 3082//2535 3081//2534
f 3081//2534 3082//2535 3083//2536
f 3081//2534 3083//2536 3084//2537
f 3083//2536 3085//2538 3084//2537
f 3084//2537 3085//2538 3086//2539
f 3084//2537 3086//2539 3087//2540
f 3086//2539 3088//2541 3087//2540
f 3087//2540 3088//2541 3089//2542
f 3087//2540 3089//2542 3090//2543
f 3089//2542 3091//2544 3090//2543
f 3090//2543 3091//2544 3092//2545
f 3090//2543 3092//2545 3093//2546
f 3092//2545 3094//2547 3093//2546
f 3093//2546 3094//2547 3095//2548
f 3093//2546 3095//2548 3096//2549
f 3095//2548 3097//2550 3096//2549
f 3096//2549 3097//2550 3098//2551
f 3096//2549 3098//2551 3099//2552
f 3099//2552 3098//2551 3100//2553
f 3099//2552 3100//2553 3101//2554
f 3101//2554 3100//2553 3102//2555
f 3101//2554 3102//2555 3103//2556
f 3102//2555 3104//2557 3103//2556
f 3103//2556 3104//2557 3105//2558
f 3103//2556 3105//2558 3106//2559
f 3105//2558 3107//2560 3106//2559
f 3106//2559 3107//2560 3108//2561
f 3106//2559 3108//2561 3109//2562
f 3108//2561 3110//2563 3109//2562
f 3109//2562 3110//2563 3111//2564
f 3109//2562 3111//2564 3112//2565
f 3111//2564 3113//2566 3112//2565
f 3112//2565 3113//2566 3114//2567
f 3112//2565 3114//2567 3115//2568
f 3114//2567 3116//2569 3115//2568
f 3115//2568 3116//2569 3117//2570
f 3115//2568 3117//2570 3118//2571
f 3117//2570 3119//2572 3118//2571
f 3118//2571 3119//2572 3120//2573
f 3118//2571 3120//2573 3121//2574
f 3120//2573 3122//2575 3121//2574
f 3121//2574 3122//2575 3123//2576
f 3121//2574 3123//2576 3124//2577
f 3123//2576 3125//2578 3124//2577
f 3124//2577 3125//2578 3126//2579
f 3124//2577 3126//2579 3127//2580
f 3126//2579 3128//2581 3127//2580
f 3127//2580 3128//2581 3129//2582
f 3127//2580 3129//2582 3130//2583
f 3129//2582 3131//2584 3130//2583
f 3130//2583 3131//2584 3132//2585
f 3130//2583 3132//2585 3072//2525
f 3072//2525 3132//2585 3133//2586
f 3072//2525 3133//2586 3070//2523
f 3134//2587 3135//2588 3136//2589
f 3137//2590 3138//2591 3139//2592
f 3140//2593 3141//2594 3142//2595
f 3137//2590 3140//2593 3138//2591
f 3138//2591 3140//2593 3142//2595
f 3138//2591 3142//2595 3139//2592
f 3139//2592 3142//2595 3143//2596
f 3139//2592 3143//2596 3134//2587
f 3137//2590 3144//2597 3140//2593
f 3140//2593 3144//2597 3145//2598
f 3140//2593 3145//2598 3146//2599
f 3146//2599 3145//2598 3147//2600
f 3146//2599 3147//2600 3148//2601
f 3148//2601 3149//2602 3150//2603
f 3150//2603 3151//2604 3148//2601
f 3148//2601 3151//2604 3152//2605
f 3148//2601 3152//2605 3146//2599
f 3146//2599 3152//2605 3153//2606
f 3146//2599 3153//2606 3140//2593
f 3140//2593 3153//2606 3154//2607
f 3140//2593 3154//2607 3141//2594
f 5//5 7//7 3155//2608
f 3155//2608 7//7 3156//2609
f 3155//2608 3156//2609 3157//2610
f 6//6 5//5 3158//2611
f 3158//2611 5//5 3155//2608
f 3158//2611 3155//2608 3159//2612
f 3159//2612 3155//2608 3157//2610
f 3159//2612 3157//2610 3160//2613
f 3161//2614 3162//2615 3157//2610
f 3157//2610 3162//2615 3163//2616
f 3157//2610 3163//2616 3160//2613
f 3164//2617 3165//2618 3166//2619
f 3167//2620 3164//2617 3168//2621
f 3168//2621 3164//2617 3166//2619
f 3168//2621 3166//2619 3169//2622
f 3169//2622 3166//2619 3170//2623
f 3169//2622 3170//2623 3171//2624
f 3171//2624 3170//2623 3136//2589
f 3134//2587 3136//2589 3139//2592
f 3139//2592 3136//2589 3170//2623
f 3139//2592 3170//2623 3137//2590
f 3137//2590 3170//2623 3166//2619
f 3137//2590 3166//2619 3144//2597
f 3144//2597 3166//2619 3165//2618
f 3144//2597 3165//2618 3172//2625
f 3173//2626 3174//2627 3175//2628
f 3175//2628 3174//2627 3149//2602
f 3175//2628 3149//2602 3176//2629
f 3176//2629 3149//2602 3148//2601
f 3176//2629 3148//2601 3177//2630
f 3177//2630 3148//2601 3147//2600
f 3177//2630 3147//2600 3178//2631
f 3172//2625 3179//2632 3144//2597
f 3144//2597 3179//2632 3180//2633
f 3144//2597 3180//2633 3145//2598
f 3145//2598 3180//2633 3181//2634
f 3145//2598 3181//2634 3147//2600
f 3147//2600 3181//2634 3182//2635
f 3147//2600 3182//2635 3178//2631
f 3156//2609 3183//2636 3157//2610
f 3157//2610 3183//2636 3184//2637
f 3157//2610 3184//2637 3161//2614
f 3161//2614 3184//2637 3185//2638
f 3161//2614 3185//2638 3186//2639
f 3186//2639 3185//2638 3187//2640
f 3186//2639 3187//2640 3174//2627
f 3174//2627 3187//2640 3188//2641
f 3174//2627 3188//2641 3149//2602
f 3149//2602 3188//2641 3189//2642
f 3149//2602 3189//2642 3150//2603
f 3173//2626 3190//2643 3174//2627
f 3174//2627 3190//2643 3191//2644
f 3174//2627 3191//2644 3186//2639
f 3186//2639 3191//2644 3192//2645
f 3186//2639 3192//2645 3161//2614
f 3161//2614 3192//2645 3193//2646
f 3161//2614 3193//2646 3162//2615
f 3194//2647 3195//2648 3196//2649
f 3197//2650 76//76 100//100
f 3198//2651 3199//2652 3200//2653
f 3200//2653 3201//2654 3198//2651
f 3198//2651 3201//2654 3202//2655
f 3198//2651 3202//2655 3197//2650
f 3197//2650 3202//2655 3203//2656
f 3197//2650 3203//2656 76//76
f 76//76 3203//2656 75//75
f 3204//2657 3205//2658 3206//2659
f 3206//2659 3205//2658 3207//2660
f 3206//2659 3207//2660 3208//2661
f 3208//2661 3207//2660 3209//2662
f 3210//2663 3211//2664 3212//2665
f 3210//2663 3212//2665 3213//2666
f 3214//2667 3215//2668 3213//2666
f 3213//2666 3215//2668 3216//2669
f 3213//2666 3216//2669 3210//2663
f 3212//2665 3217//2670 3213//2666
f 3213//2666 3217//2670 3218//2671
f 3213//2666 3218//2671 3214//2667
f 3214//2667 3218//2671 3219//2672
f 3214//2667 3219//2672 3220//2673
f 3219//2672 3221//2674 3220//2673
f 3220//2673 3221//2674 3222//2675
f 3220//2673 3222//2675 3223//2676
f 3223//2676 3222//2675 3224//2677
f 3223//2676 3224//2677 3204//2657
f 3204//2657 3224//2677 3225//2678
f 3204//2657 3225//2678 3205//2658
f 3226//2679 3227//2680 3228//2681
f 3226//2679 3228//2681 3229//2682
f 3230//2683 3231//2684 3232//2685
f 3232//2685 3231//2684 3233//2686
f 3232//2685 3233//2686 3234//2687
f 3234//2687 3233//2686 3235//2688
f 3234//2687 3235//2688 3236//2689
f 3236//2689 3235//2688 3237//2690
f 3236//2689 3237//2690 3226//2679
f 3226//2679 3237//2690 3238//2691
f 3226//2679 3238//2691 3227//2680
f 100//100 3239//2692 3197//2650
f 3197//2650 3239//2692 3240//2693
f 3197//2650 3240//2693 3198//2651
f 3198//2651 3240//2693 3241//2694
f 3198//2651 3241//2694 3199//2652
f 3242//2695 3211//2664 3243//2696
f 3243//2696 3211//2664 3210//2663
f 3243//2696 3210//2663 3244//2697
f 3244//2697 3210//2663 3216//2669
f 3195//2648 3244//2697 3196//2649
f 3196//2649 3244//2697 3216//2669
f 3196//2649 3216//2669 3245//2698
f 3245//2698 3216//2669 3215//2668
f 3245//2698 3215//2668 3229//2682
f 3229//2682 3215//2668 3214//2667
f 3229//2682 3214//2667 3226//2679
f 3226//2679 3214//2667 3220//2673
f 3226//2679 3220//2673 3236//2689
f 3236//2689 3220//2673 3223//2676
f 3236//2689 3223//2676 3234//2687
f 3234//2687 3223//2676 3204//2657
f 3234//2687 3204//2657 3232//2685
f 3232//2685 3204//2657 3206//2659
f 3232//2685 3206//2659 3230//2683
f 3230//2683 3206//2659 3208//2661
f 3230//2683 3208//2661 3199//2652
f 3199//2652 3208//2661 3209//2662
f 3199//2652 3209//2662 3200//2653
f 3228//2681 3246//2699 3229//2682
f 3229//2682 3246//2699 3247//2700
f 3229//2682 3247//2700 3245//2698
f 3245//2698 3247//2700 3248//2701
f 3245//2698 3248//2701 3196//2649
f 3196//2649 3248//2701 3249//2702
f 3196//2649 3249//2702 3194//2647
f 3194//2647 3249//2702 3250//2703
f 3194//2647 3250//2703 3251//2704
f 3252//2705 3253//2706 3230//2683
f 3230//2683 3253//2706 3254//2707
f 3230//2683 3254//2707 3231//2684
f 3241//2694 3255//2708 3199//2652
f 3199//2652 3255//2708 3256//2709
f 3199//2652 3256//2709 3230//2683
f 3230//2683 3256//2709 3257//2710
f 3230//2683 3257//2710 3252//2705
f 3194//2647 3251//2704 3258//2711
f 3259//2712 3260//2713 3261//2714
f 3262//2715 3263//2716 3264//2717
f 3262//2715 3265//2718 3266//2719
f 3266//2719 3265//2718 3267//2720
f 3266//2719 3267//2720 3268//2721
f 3268//2721 3267//2720 3269//2722
f 3268//2721 3269//2722 3135//2588
f 3261//2714 3260//2713 3263//2716
f 3263//2716 3260//2713 3270//2723
f 3263//2716 3270//2723 3264//2717
f 3271//2724 3171//2624 3136//2589
f 3262//2715 3264//2717 3265//2718
f 3265//2718 3264//2717 3270//2723
f 3265//2718 3270//2723 3267//2720
f 3267//2720 3270//2723 3271//2724
f 3267//2720 3271//2724 3269//2722
f 3269//2722 3271//2724 3136//2589
f 3269//2722 3136//2589 3135//2588
f 3272//2725 3273//2726 3274//2727
f 3274//2727 3273//2726 3275//2728
f 3274//2727 3275//2728 3276//2729
f 3195//2648 3194//2647 3277//2730
f 3277//2730 3194//2647 3258//2711
f 3277//2730 3258//2711 3278//2731
f 3278//2731 3258//2711 3279//2732
f 3243//2696 3244//2697 3280//2733
f 3280//2733 3244//2697 3281//2734
f 3282//2735 3283//2736 3284//2737
f 3284//2737 3283//2736 3285//2738
f 3284//2737 3285//2738 3281//2734
f 3281//2734 3285//2738 3286//2739
f 3281//2734 3286//2739 3280//2733
f 3242//2695 3243//2696 3287//2740
f 3287//2740 3243//2696 3280//2733
f 3287//2740 3280//2733 3288//2741
f 3288//2741 3280//2733 3286//2739
f 3288//2741 3286//2739 3289//2742
f 3289//2742 3286//2739 3285//2738
f 3289//2742 3285//2738 3290//2743
f 3290//2743 3285//2738 3283//2736
f 3290//2743 3283//2736 3291//2744
f 3291//2744 3283//2736 3282//2735
f 3291//2744 3282//2735 3292//2745
f 3292//2745 3282//2735 3259//2712
f 3292//2745 3259//2712 3293//2746
f 3293//2746 3259//2712 3261//2714
f 3272//2725 3167//2620 3273//2726
f 3273//2726 3167//2620 3168//2621
f 3273//2726 3168//2621 3169//2622
f 3279//2732 3294//2747 3278//2731
f 3278//2731 3294//2747 3295//2748
f 3278//2731 3295//2748 3296//2749
f 3296//2749 3295//2748 3297//2750
f 3296//2749 3297//2750 3298//2751
f 3298//2751 3297//2750 3299//2752
f 3298//2751 3299//2752 3300//2753
f 3300//2753 3299//2752 3301//2754
f 3300//2753 3301//2754 3275//2728
f 3275//2728 3301//2754 3302//2755
f 3275//2728 3302//2755 3276//2729
f 3169//2622 3171//2624 3273//2726
f 3273//2726 3171//2624 3271//2724
f 3273//2726 3271//2724 3275//2728
f 3275//2728 3271//2724 3270//2723
f 3275//2728 3270//2723 3300//2753
f 3300//2753 3270//2723 3260//2713
f 3300//2753 3260//2713 3298//2751
f 3298//2751 3260//2713 3259//2712
f 3298//2751 3259//2712 3296//2749
f 3296//2749 3259//2712 3282//2735
f 3296//2749 3282//2735 3278//2731
f 3278//2731 3282//2735 3284//2737
f 3278//2731 3284//2737 3277//2730
f 3277//2730 3284//2737 3281//2734
f 3277//2730 3281//2734 3195//2648
f 3195//2648 3281//2734 3244//2697
f 168//168 167//167 3303//2756
f 3303//2756 167//167 3304//2757
f 3303//2756 3304//2757 3305//2758
f 3305//2758 3304//2757 3306//2759
f 3307//2760 3308//2761 3309//2762
f 3309//2762 3308//2761 3310//2763
f 3309//2762 3310//2763 3311//2764
f 3311//2764 3310//2763 3312//2765
f 3311//2764 3312//2765 3313//2766
f 3313//2766 3312//2765 3314//2767
f 3313//2766 3314//2767 3315//2768
f 3315//2768 3314//2767 3316//2769
f 3315//2768 3316//2769 3317//2770
f 3317//2770 3316//2769 3318//2771
f 3317//2770 3318//2771 3319//2772
f 3319//2772 3318//2771 3320//2773
f 3319//2772 3320//2773 3321//2774
f 3321//2774 3320//2773 3322//2775
f 3321//2774 3322//2775 3323//2776
f 3323//2776 3322//2775 3324//2777
f 3323//2776 3324//2777 3325//2778
f 3325//2778 3324//2777 3326//2779
f 3325//2778 3326//2779 3306//2759
f 3306//2759 3326//2779 3327//2780
f 3306//2759 3327//2780 3305//2758
f 136//136 135//135 3307//2760
f 3307//2760 135//135 3328//2781
f 3307//2760 3328//2781 3308//2761
f 3329//2782 3330//2783 3331//2784
f 3331//2784 3330//2783 3332//2785
f 3331//2784 3332//2785 3333//2786
f 3333//2786 3332//2785 3334//2787
f 3333//2786 3334//2787 3335//2788
f 3335//2788 3334//2787 3336//2238
f 3335//2788 3336//2238 3337//2789
f 3338//2790 3339//2238 3340//2791
f 3340//2791 3339//2238 3341//2238
f 3340//2791 3341//2238 3342//2792
f 3342//2792 3341//2238 3343//2793
f 3342//2792 3343//2793 3344//2794
f 3344//2794 3343//2793 3345//2795
f 3344//2794 3345//2795 3329//2782
f 3329//2782 3345//2795 3346//2796
f 3329//2782 3346//2796 3330//2783
f 3347//2238 3348//2797 3349//2798
f 3350//2799 3343//2793 3341//2238
f 3339//2238 3351//2800 3341//2238
f 3341//2238 3351//2800 3352//2801
f 3341//2238 3352//2801 3350//2799
f 3353//2802 3347//2238 3354//2803
f 3354//2803 3347//2238 3349//2798
f 3354//2803 3349//2798 3355//2804
f 3355//2804 3349//2798 3356//2805
f 3355//2804 3356//2805 3357//2806
f 3357//2806 3356//2805 3358//2807
f 3357//2806 3358//2807 3359//2808
f 3359//2808 3358//2807 3351//2800
f 3359//2808 3351//2800 3338//2790
f 3338//2790 3351//2800 3339//2238
f 3360//2809 3361//2810 3362//2811
f 3362//2811 3361//2810 3363//2812
f 3362//2811 3363//2812 3364//2813
f 3364//2813 3363//2812 3365//2814
f 3364//2813 3365//2814 3366//2815
f 3360//2809 3367//2816 3361//2810
f 3361//2810 3367//2816 3368//2238
f 3361//2810 3368//2238 3369//2817
f 3334//2787 3370//2818 3336//2238
f 3336//2238 3370//2818 3371//2819
f 3336//2238 3371//2819 3337//2789
f 3337//2789 3371//2819 3366//2815
f 3337//2789 3366//2815 3372//2820
f 3372//2820 3366//2815 3365//2814
f 3373//2238 3374//2238 3375//2238
f 3376//2238 3377//2238 3374//2238
f 3378//2821 3379//2822 3380//2823
f 3381//2824 3382//2825 3383//2826
f 3384//2827 3385//2828 3386//2829
f 3387//2830 3388//2831 3389//2832
f 3368//2238 3367//2816 3390//2833
f 3388//2831 3391//2834 3389//2832
f 3389//2832 3391//2834 3392//2835
f 3389//2832 3392//2835 3393//2836
f 3383//2826 3382//2825 3380//2823
f 3394//2837 3395//2837 3396//2238
f 3396//2238 3395//2837 3397//2837
f 3396//2238 3397//2837 3398//2238
f 3398//2238 3397//2837 3399//2838
f 3398//2238 3399//2838 3383//2826
f 3383//2826 3399//2838 3400//2839
f 3383//2826 3400//2839 3381//2824
f 3368//2238 3390//2833 3401//2238
f 3401//2238 3390//2833 3402//2840
f 3401//2238 3402//2840 3403//2238
f 3403//2238 3402//2840 3404//2841
f 3403//2238 3404//2841 3405//2238
f 3406//2842 3407//2843 3408//2844
f 3406//2842 3408//2844 3409//2845
f 3410//2846 3411//2847 3412//2848
f 3413//2849 3411//2847 3414//2850
f 3414//2850 3411//2847 3410//2846
f 3414//2850 3410//2846 3415//2851
f 3416//2852 3417//2853 3418//2854
f 3418//2854 3417//2853 3419//2855
f 3418//2854 3419//2855 3420//2856
f 3420//2856 3419//2855 3412//2848
f 3420//2856 3412//2848 3421//2857
f 3421//2857 3412//2848 3411//2847
f 3421//2857 3411//2847 3422//2858
f 3422//2858 3411//2847 3413//2849
f 3423//2859 3379//2822 3424//2860
f 3424//2860 3379//2822 3378//2821
f 3424//2860 3378//2821 3425//2861
f 3426//2862 3427//2863 3425//2861
f 3425//2861 3427//2863 3428//2864
f 3425//2861 3428//2864 3424//2860
f 3424//2860 3428//2864 3429//2865
f 3424//2860 3429//2865 3423//2859
f 3423//2859 3429//2865 3430//2866
f 3431//2867 3387//2830 3432//2868
f 3432//2868 3387//2830 3389//2832
f 3432//2868 3389//2832 3433//2869
f 3433//2869 3389//2832 3393//2836
f 3433//2869 3393//2836 3434//2870
f 3435//2238 3436//2238 3405//2238
f 3405//2238 3436//2238 3437//2238
f 3405//2238 3437//2238 3403//2238
f 3403//2238 3437//2238 3438//2871
f 3403//2238 3438//2871 3401//2238
f 3401//2238 3438//2871 3369//2817
f 3401//2238 3369//2817 3368//2238
f 3439//2238 3377//2238 3440//2238
f 3440//2238 3377//2238 3376//2238
f 3440//2238 3376//2238 3441//2238
f 3374//2238 3373//2238 3376//2238
f 3376//2238 3373//2238 3442//2238
f 3376//2238 3442//2238 3441//2238
f 3443//2238 3441//2238 3444//2238
f 3444//2238 3441//2238 3442//2238
f 3444//2238 3442//2238 3445//2238
f 3445//2238 3442//2238 3373//2238
f 3445//2238 3373//2238 3446//2238
f 3446//2238 3373//2238 3375//2238
f 3446//2238 3375//2238 3447//2238
f 3408//2844 3448//2872 3409//2845
f 3409//2845 3448//2872 3449//2238
f 3409//2845 3449//2238 3450//2238
f 3450//2238 3449//2238 3443//2238
f 3450//2238 3443//2238 3451//2238
f 3451//2238 3443//2238 3444//2238
f 3451//2238 3444//2238 3452//2238
f 3452//2238 3444//2238 3445//2238
f 3452//2238 3445//2238 3453//2238
f 3453//2238 3445//2238 3446//2238
f 3453//2238 3446//2238 3435//2238
f 3435//2238 3446//2238 3447//2238
f 3435//2238 3447//2238 3436//2238
f 3435//2238 3454//2238 3453//2238
f 3453//2238 3454//2238 3455//2238
f 3453//2238 3455//2238 3452//2238
f 3452//2238 3455//2238 3456//2238
f 3452//2238 3456//2238 3451//2238
f 3451//2238 3456//2238 3457//2238
f 3451//2238 3457//2238 3450//2238
f 3450//2238 3457//2238 3458//2873
f 3450//2238 3458//2873 3409//2845
f 3409//2845 3458//2873 3459//2874
f 3409//2845 3459//2874 3406//2842
f 3406//2842 3459//2874 3460//2875
f 3406//2842 3460//2875 3407//2843
f 3407//2843 3460//2875 3461//2876
f 3407//2843 3461//2876 3462//2877
f 3454//2238 3463//2238 3455//2238
f 3455//2238 3463//2238 3464//2238
f 3455//2238 3464//2238 3456//2238
f 3456//2238 3464//2238 3465//2238
f 3456//2238 3465//2238 3457//2238
f 3457//2238 3465//2238 3466//2878
f 3457//2238 3466//2878 3458//2873
f 3458//2873 3466//2878 3415//2851
f 3458//2873 3415//2851 3459//2874
f 3459//2874 3415//2851 3410//2846
f 3459//2874 3410//2846 3460//2875
f 3460//2875 3410//2846 3412//2848
f 3460//2875 3412//2848 3461//2876
f 3461//2876 3412//2848 3419//2855
f 3461//2876 3419//2855 3462//2877
f 3462//2877 3419//2855 3417//2853
f 3385//2828 3431//2867 3386//2829
f 3386//2829 3431//2867 3432//2868
f 3386//2829 3432//2868 3467//2879
f 3467//2879 3432//2868 3433//2869
f 3467//2879 3433//2869 3468//2880
f 3468//2880 3433//2869 3434//2870
f 3468//2880 3434//2870 3469//2881
f 3382//2825 3384//2827 3380//2823
f 3380//2823 3384//2827 3386//2829
f 3380//2823 3386//2829 3378//2821
f 3378//2821 3386//2829 3467//2879
f 3378//2821 3467//2879 3425//2861
f 3425//2861 3467//2879 3468//2880
f 3425//2861 3468//2880 3426//2862
f 3426//2862 3468//2880 3469//2881
f 3426//2862 3469//2881 3470//2882
f 3430//2866 3413//2849 3423//2859
f 3423//2859 3413//2849 3414//2850
f 3423//2859 3414//2850 3379//2822
f 3379//2822 3414//2850 3415//2851
f 3379//2822 3415//2851 3380//2823
f 3380//2823 3415//2851 3466//2878
f 3380//2823 3466//2878 3383//2826
f 3383//2826 3466//2878 3465//2238
f 3383//2826 3465//2238 3398//2238
f 3398//2238 3465//2238 3464//2238
f 3398//2238 3464//2238 3396//2238
f 3396//2238 3464//2238 3463//2238
f 3396//2238 3463//2238 3394//2837
f 3394//2837 3463//2238 3454//2238
f 3394//2837 3454//2238 3471//2883
f 3471//2883 3454//2238 3435//2238
f 3471//2883 3435//2238 3472//2884
f 3472//2884 3435//2238 3405//2238
f 3472//2884 3405//2238 3473//2885
f 3473//2885 3405//2238 3404//2841
f 3474//2238 3475//2886 3476//2238
f 3477//2887 3478//2888 3479//2889
f 3480//2890 3481//2891 3482//2892
f 3483//2893 3484//2894 3485//2895
f 3486//2896 3487//2897 3488//2898
f 3489//2899 3490//2900 3491//2238
f 3491//2238 3490//2900 3492//2900
f 3487//2897 3493//2901 3489//2899
f 3494//2902 3495//2903 3486//2896
f 3486//2896 3495//2903 3496//2904
f 3486//2896 3496//2904 3487//2897
f 3487//2897 3496//2904 3497//2905
f 3487//2897 3497//2905 3493//2901
f 3498//2906 3499//2907 3500//2908
f 3500//2908 3499//2907 3494//2902
f 3353//2802 3475//2886 3347//2238
f 3347//2238 3475//2886 3474//2238
f 3347//2238 3474//2238 3348//2797
f 3501//2909 3502//2910 3503//2238
f 3503//2238 3502//2910 3504//2911
f 3503//2238 3504//2911 3505//2238
f 3505//2238 3504//2911 3506//2912
f 3505//2238 3506//2912 3507//2913
f 3508//2914 3509//2915 3510//2916
f 3510//2916 3509//2915 3511//2917
f 3510//2916 3511//2917 3512//2918
f 3513//2919 3514//2920 3515//2921
f 3515//2921 3514//2920 3516//2922
f 3517//2923 3512//2918 3518//2924
f 3518//2924 3512//2918 3511//2917
f 3518//2924 3511//2917 3500//2908
f 3500//2908 3511//2917 3509//2915
f 3500//2908 3509//2915 3498//2906
f 3494//2902 3519//2925 3500//2908
f 3500//2908 3519//2925 3520//2926
f 3500//2908 3520//2926 3518//2924
f 3518//2924 3520//2926 3516//2922
f 3518//2924 3516//2922 3517//2923
f 3517//2923 3516//2922 3514//2920
f 3494//2902 3486//2896 3519//2925
f 3519//2925 3486//2896 3521//2927
f 3519//2925 3521//2927 3520//2926
f 3520//2926 3521//2927 3522//2928
f 3520//2926 3522//2928 3516//2922
f 3516//2922 3522//2928 3523//2929
f 3516//2922 3523//2929 3515//2921
f 3524//2930 3479//2889 3525//2931
f 3525//2931 3479//2889 3526//2932
f 3525//2931 3526//2932 3488//2898
f 3488//2898 3526//2932 3527//2933
f 3488//2898 3527//2933 3486//2896
f 3486//2896 3527//2933 3528//2934
f 3486//2896 3528//2934 3521//2927
f 3521//2927 3528//2934 3529//2935
f 3521//2927 3529//2935 3522//2928
f 3522//2928 3529//2935 3530//2936
f 3522//2928 3530//2936 3523//2929
f 3481//2891 3480//2890 3531//2937
f 3531//2937 3480//2890 3532//2938
f 3531//2937 3532//2938 3533//2939
f 3534//2940 3532//2938 3485//2895
f 3485//2895 3532//2938 3480//2890
f 3485//2895 3480//2890 3483//2893
f 3483//2893 3480//2890 3482//2892
f 3483//2893 3482//2892 3535//2941
f 3484//2894 3483//2893 3536//2942
f 3536//2942 3483//2893 3535//2941
f 3536//2942 3535//2941 3537//2943
f 3537//2943 3535//2941 3538//2944
f 3537//2943 3538//2944 3539//2945
f 3540//2238 3541//2238 3542//2238
f 3540//2238 3542//2238 3543//2238
f 3543//2238 3542//2238 3544//2238
f 3543//2238 3544//2238 3545//2238
f 3545//2238 3544//2238 3546//2238
f 3545//2238 3546//2238 3547//2238
f 3547//2238 3546//2238 3548//2238
f 3547//2238 3548//2238 3549//2238
f 3492//2900 3550//2238 3491//2238
f 3491//2238 3550//2238 3551//2238
f 3491//2238 3551//2238 3552//2238
f 3552//2238 3551//2238 3553//2238
f 3552//2238 3553//2238 3554//2238
f 3554//2238 3553//2238 3555//2238
f 3554//2238 3555//2238 3556//2238
f 3501//2909 3503//2238 3557//2946
f 3557//2946 3503//2238 3541//2238
f 3557//2946 3541//2238 3558//2900
f 3558//2900 3541//2238 3540//2238
f 3558//2900 3540//2238 3559//2238
f 3559//2238 3540//2238 3543//2238
f 3559//2238 3543//2238 3560//2238
f 3560//2238 3543//2238 3545//2238
f 3560//2238 3545//2238 3561//2238
f 3561//2238 3545//2238 3547//2238
f 3561//2238 3547//2238 3562//2238
f 3562//2238 3547//2238 3549//2238
f 3562//2238 3549//2238 3563//2238
f 3489//2899 3491//2238 3487//2897
f 3487//2897 3491//2238 3552//2238
f 3487//2897 3552//2238 3488//2898
f 3488//2898 3552//2238 3554//2238
f 3488//2898 3554//2238 3525//2931
f 3525//2931 3554//2238 3556//2238
f 3525//2931 3556//2238 3524//2930
f 3564//2238 3503//2238 3476//2238
f 3476//2238 3503//2238 3505//2238
f 3476//2238 3505//2238 3474//2238
f 3474//2238 3505//2238 3507//2913
f 3474//2238 3507//2913 3348//2797
f 3564//2238 3565//2238 3503//2238
f 3503//2238 3565//2238 3566//2238
f 3503//2238 3566//2238 3541//2238
f 3541//2238 3566//2238 3567//2238
f 3541//2238 3567//2238 3542//2238
f 3542//2238 3567//2238 3568//2238
f 3542//2238 3568//2238 3544//2238
f 3544//2238 3568//2238 3569//2238
f 3544//2238 3569//2238 3546//2238
f 3546//2238 3569//2238 3570//2238
f 3546//2238 3570//2238 3548//2238
f 3478//2888 3571//2947 3534//2940
f 3534//2940 3571//2947 3572//2948
f 3534//2940 3572//2948 3532//2938
f 3532//2938 3572//2948 3573//2949
f 3532//2938 3573//2949 3533//2939
f 3478//2888 3534//2940 3479//2889
f 3479//2889 3534//2940 3485//2895
f 3479//2889 3485//2895 3526//2932
f 3526//2932 3485//2895 3484//2894
f 3526//2932 3484//2894 3527//2933
f 3527//2933 3484//2894 3536//2942
f 3527//2933 3536//2942 3528//2934
f 3528//2934 3536//2942 3537//2943
f 3528//2934 3537//2943 3529//2935
f 3529//2935 3537//2943 3539//2945
f 3529//2935 3539//2945 3530//2936
f 3477//2887 3479//2889 3574//2950
f 3574//2950 3479//2889 3524//2930
f 3574//2950 3524//2930 3575//2238
f 3575//2238 3524//2930 3556//2238
f 3575//2238 3556//2238 3563//2238
f 3563//2238 3556//2238 3555//2238
f 3563//2238 3555//2238 3562//2238
f 3562//2238 3555//2238 3553//2238
f 3562//2238 3553//2238 3561//2238
f 3561//2238 3553//2238 3551//2238
f 3561//2238 3551//2238 3560//2238
f 3560//2238 3551//2238 3550//2238
f 3560//2238 3550//2238 3559//2238
f 3559//2238 3550//2238 3492//2900
f 3559//2238 3492//2900 3558//2900
f 3576//2951 3438//2871 3437//2238
f 3475//2886 3577//2952 3476//2238
f 3476//2238 3577//2952 3578//2953
f 3476//2238 3578//2953 3564//2238
f 3576//2951 3437//2238 3579//2954
f 3580//2955 3581//2956 3582//2238
f 3580//2955 3569//2238 3568//2238
f 3568//2238 3567//2238 3580//2955
f 3580//2955 3567//2238 3566//2238
f 3580//2955 3566//2238 3578//2953
f 3578//2953 3566//2238 3565//2238
f 3578//2953 3565//2238 3564//2238
f 3570//2238 3569//2238 3583//2238
f 3583//2238 3569//2238 3580//2955
f 3583//2238 3580//2955 3584//2238
f 3584//2238 3580//2955 3582//2238
f 3374//2238 3377//2238 3585//2957
f 3585//2957 3377//2238 3439//2238
f 3437//2238 3436//2238 3579//2954
f 3579//2954 3436//2238 3447//2238
f 3579//2954 3447//2238 3585//2957
f 3585//2957 3447//2238 3375//2238
f 3585//2957 3375//2238 3374//2238
f 3439//2238 3586//2238 3585//2957
f 3585//2957 3586//2238 3587//2238
f 3585//2957 3587//2238 3588//2958
f 3588//2958 3587//2238 3589//2238
f 3588//2958 3589//2238 3581//2956
f 3581//2956 3589//2238 3590//2238
f 3581//2956 3590//2238 3582//2238
f 3591//2959 3592//2960 3593//2961
f 3594//2962 3595//2963 3596//2964
f 3597//2965 3598//2966 3599//2967
f 3600//2238 3584//2238 3582//2238
f 3448//2872 3601//2968 3449//2238
f 3449//2238 3601//2968 3602//2238
f 3449//2238 3602//2238 3443//2238
f 3443//2238 3602//2238 3441//2238
f 3603//2238 3604//2238 3440//2238
f 3605//2238 3606//2238 3604//2238
f 3604//2238 3603//2238 3605//2238
f 3605//2238 3603//2238 3607//2238
f 3605//2238 3607//2238 3608//2238
f 3608//2238 3607//2238 3609//2969
f 3608//2238 3609//2969 3610//2970
f 3611//2238 3612//2238 3613//2238
f 3613//2238 3612//2238 3614//2238
f 3613//2238 3614//2238 3606//2238
f 3606//2238 3605//2238 3613//2238
f 3613//2238 3605//2238 3608//2238
f 3613//2238 3608//2238 3611//2238
f 3611//2238 3608//2238 3610//2970
f 3611//2238 3610//2970 3615//2971
f 3583//2238 3584//2238 3616//2238
f 3616//2238 3584//2238 3600//2238
f 3616//2238 3600//2238 3617//2238
f 3477//2887 3574//2950 3618//2972
f 3618//2972 3574//2950 3575//2238
f 3618//2972 3575//2238 3619//2238
f 3619//2238 3575//2238 3563//2238
f 3619//2238 3563//2238 3549//2238
f 3573//2949 3572//2948 3620//2973
f 3620//2973 3572//2948 3621//2974
f 3620//2973 3621//2974 3622//2975
f 3622//2975 3621//2974 3623//2976
f 3624//2238 3625//2238 3626//2238
f 3626//2238 3625//2238 3627//2238
f 3626//2238 3627//2238 3628//2238
f 3628//2238 3627//2238 3629//2977
f 3628//2238 3629//2977 3630//2978
f 3630//2978 3629//2977 3631//2979
f 3630//2978 3631//2979 3632//2980
f 3571//2947 3478//2888 3633//2981
f 3633//2981 3478//2888 3632//2980
f 3624//2238 3612//2238 3625//2238
f 3625//2238 3612//2238 3611//2238
f 3625//2238 3611//2238 3627//2238
f 3627//2238 3611//2238 3615//2971
f 3627//2238 3615//2971 3629//2977
f 3629//2977 3615//2971 3634//2982
f 3629//2977 3634//2982 3631//2979
f 3631//2979 3634//2982 3635//2983
f 3631//2979 3635//2983 3632//2980
f 3632//2980 3635//2983 3636//2984
f 3632//2980 3636//2984 3633//2981
f 3417//2853 3416//2852 3637//2985
f 3637//2985 3416//2852 3638//2986
f 3638//2986 3639//2987 3637//2985
f 3637//2985 3639//2987 3640//2988
f 3637//2985 3640//2988 3641//2989
f 3641//2989 3640//2988 3642//2990
f 3641//2989 3642//2990 3592//2960
f 3408//2844 3407//2843 3643//2991
f 3643//2991 3407//2843 3462//2877
f 3592//2960 3591//2959 3641//2989
f 3641//2989 3591//2959 3644//2992
f 3641//2989 3644//2992 3637//2985
f 3637//2985 3644//2992 3645//2993
f 3637//2985 3645//2993 3417//2853
f 3598//2966 3597//2965 3593//2961
f 3593//2961 3597//2965 3646//2994
f 3593//2961 3646//2994 3591//2959
f 3591//2959 3646//2994 3647//2995
f 3591//2959 3647//2995 3644//2992
f 3448//2872 3408//2844 3601//2968
f 3601//2968 3408//2844 3643//2991
f 3601//2968 3643//2991 3648//2996
f 3648//2996 3643//2991 3649//2997
f 3648//2996 3649//2997 3650//2998
f 3650//2998 3649//2997 3651//2999
f 3650//2998 3651//2999 3652//3000
f 3652//3000 3651//2999 3653//3001
f 3652//3000 3653//3001 3654//3002
f 3654//3002 3653//3001 3655//3003
f 3654//3002 3655//3003 3656//3004
f 3656//3004 3655//3003 3594//2962
f 3656//3004 3594//2962 3623//2976
f 3623//2976 3594//2962 3596//2964
f 3623//2976 3596//2964 3622//2975
f 3595//2963 3594//2962 3599//2967
f 3599//2967 3594//2962 3655//3003
f 3599//2967 3655//3003 3597//2965
f 3597//2965 3655//3003 3653//3001
f 3597//2965 3653//3001 3646//2994
f 3646//2994 3653//3001 3651//2999
f 3646//2994 3651//2999 3647//2995
f 3647//2995 3651//2999 3649//2997
f 3647//2995 3649//2997 3644//2992
f 3644//2992 3649//2997 3643//2991
f 3644//2992 3643//2991 3645//2993
f 3645//2993 3643//2991 3462//2877
f 3645//2993 3462//2877 3417//2853
f 3570//2238 3583//2238 3548//2238
f 3548//2238 3583//2238 3616//2238
f 3548//2238 3616//2238 3549//2238
f 3549//2238 3616//2238 3617//2238
f 3549//2238 3617//2238 3619//2238
f 3624//2238 3590//2238 3612//2238
f 3612//2238 3590//2238 3589//2238
f 3612//2238 3589//2238 3614//2238
f 3614//2238 3589//2238 3587//2238
f 3614//2238 3587//2238 3606//2238
f 3606//2238 3587//2238 3586//2238
f 3606//2238 3586//2238 3604//2238
f 3604//2238 3586//2238 3439//2238
f 3604//2238 3439//2238 3440//2238
f 3478//2888 3477//2887 3632//2980
f 3632//2980 3477//2887 3618//2972
f 3632//2980 3618//2972 3630//2978
f 3630//2978 3618//2972 3619//2238
f 3630//2978 3619//2238 3628//2238
f 3628//2238 3619//2238 3617//2238
f 3628//2238 3617//2238 3626//2238
f 3626//2238 3617//2238 3600//2238
f 3626//2238 3600//2238 3624//2238
f 3624//2238 3600//2238 3582//2238
f 3624//2238 3582//2238 3590//2238
f 3572//2948 3571//2947 3621//2974
f 3621//2974 3571//2947 3633//2981
f 3621//2974 3633//2981 3623//2976
f 3623//2976 3633//2981 3636//2984
f 3623//2976 3636//2984 3656//3004
f 3656//3004 3636//2984 3635//2983
f 3656//3004 3635//2983 3654//3002
f 3654//3002 3635//2983 3634//2982
f 3654//3002 3634//2982 3652//3000
f 3652//3000 3634//2982 3615//2971
f 3652//3000 3615//2971 3650//2998
f 3650//2998 3615//2971 3610//2970
f 3650//2998 3610//2970 3648//2996
f 3648//2996 3610//2970 3609//2969
f 3648//2996 3609//2969 3601//2968
f 3601//2968 3609//2969 3607//2238
f 3601//2968 3607//2238 3602//2238
f 3602//2238 3607//2238 3603//2238
f 3602//2238 3603//2238 3441//2238
f 3441//2238 3603//2238 3440//2238
f 3657//3005 3658//3006 3659//3007
f 3660//3008 206//206 3661//3009
f 3662//3010 3663//3011 3664//3012
f 3665//3013 3666//3014 3667//3015
f 3665//3013 3667//3015 3668//3016
f 3669//3017 3670//3018 3671//3019
f 3671//3019 3670//3018 3672//3020
f 3671//3019 3672//3020 3673//3021
f 3669//3017 3674//3022 3670//3018
f 3670//3018 3674//3022 3675//3023
f 3670//3018 3675//3023 3676//3024
f 3676//3024 3677//3025 3670//3018
f 3670//3018 3677//3025 3678//3026
f 3670//3018 3678//3026 3679//3027
f 3680//3028 3681//3029 3682//3030
f 3683//3031 3684//3032 3685//3033
f 3685//3033 3684//3032 3686//3034
f 3685//3033 3686//3034 3672//3020
f 3672//3020 3686//3034 3687//3035
f 3672//3020 3687//3035 3673//3021
f 225//225 3662//3010 3688//3036
f 3688//3036 3662//3010 3664//3012
f 3688//3036 3664//3012 174//174
f 174//174 3664//3012 205//205
f 3689//3037 177//177 3661//3009
f 3661//3009 177//177 176//176
f 3661//3009 176//176 3660//3008
f 3689//3037 3661//3009 3690//3038
f 3690//3038 3661//3009 3679//3027
f 3690//3038 3679//3027 3667//3015
f 3667//3015 3679//3027 3678//3026
f 3667//3015 3678//3026 3668//3016
f 3682//3030 3683//3031 3680//3028
f 3680//3028 3683//3031 3685//3033
f 3680//3028 3685//3033 3691//3039
f 3691//3039 3685//3033 3692//3040
f 3691//3039 3692//3040 3693//3041
f 3693//3041 3692//3040 3694//3042
f 3693//3041 3694//3042 3695//3043
f 3695//3043 3694//3042 3696//3044
f 3695//3043 3696//3044 3697//3045
f 3697//3045 3696//3044 3698//3046
f 3697//3045 3698//3046 3699//3047
f 3700//3048 3701//3049 3702//3050
f 3702//3050 3701//3049 3703//3051
f 3702//3050 3703//3051 3704//3052
f 3704//3052 3703//3051 3705//3053
f 3704//3052 3705//3053 3706//3054
f 3707//3055 3708//3056 3657//3005
f 3657//3005 3708//3056 3709//3057
f 3707//3055 3657//3005 3710//3058
f 3710//3058 3657//3005 3659//3007
f 3710//3058 3659//3007 3711//3059
f 3705//3053 3712//3060 3706//3054
f 3706//3054 3712//3060 3713//3061
f 3706//3054 3713//3061 3711//3059
f 3711//3059 3713//3061 3714//3062
f 3711//3059 3714//3062 3710//3058
f 3710//3058 3714//3062 3715//3063
f 3710//3058 3715//3063 3707//3055
f 3663//3011 3716//3064 3664//3012
f 3664//3012 3716//3064 3717//3065
f 3664//3012 3717//3065 3718//3066
f 3717//3065 3719//3067 3718//3066
f 3718//3066 3719//3067 3720//3068
f 3718//3066 3720//3068 3721//3069
f 3721//3069 3720//3068 3722//3070
f 3721//3069 3722//3070 3723//3071
f 3723//3071 3722//3070 3724//3072
f 3723//3071 3724//3072 3700//3048
f 3700//3048 3724//3072 3725//3073
f 3700//3048 3725//3073 3701//3049
f 3699//3047 3698//3046 3726//3074
f 3726//3074 3698//3046 3727//3075
f 3726//3074 3727//3075 3728//3076
f 3728//3076 3727//3075 3729//3077
f 3728//3076 3729//3077 3730//3078
f 3730//3078 3729//3077 3731//3079
f 3731//3079 3729//3077 3732//3080
f 3731//3079 3732//3080 3733//3081
f 3733//3081 3732//3080 3734//3082
f 3733//3081 3734//3082 3735//3083
f 3735//3083 3734//3082 3736//3084
f 3735//3083 3736//3084 3737//3085
f 206//206 205//205 3661//3009
f 3661//3009 205//205 3664//3012
f 3661//3009 3664//3012 3679//3027
f 3679//3027 3664//3012 3718//3066
f 3679//3027 3718//3066 3670//3018
f 3670//3018 3718//3066 3721//3069
f 3670//3018 3721//3069 3672//3020
f 3672//3020 3721//3069 3723//3071
f 3672//3020 3723//3071 3685//3033
f 3685//3033 3723//3071 3700//3048
f 3685//3033 3700//3048 3692//3040
f 3692//3040 3700//3048 3702//3050
f 3692//3040 3702//3050 3694//3042
f 3694//3042 3702//3050 3704//3052
f 3694//3042 3704//3052 3696//3044
f 3696//3044 3704//3052 3706//3054
f 3696//3044 3706//3054 3698//3046
f 3698//3046 3706//3054 3711//3059
f 3698//3046 3711//3059 3727//3075
f 3727//3075 3711//3059 3659//3007
f 3727//3075 3659//3007 3729//3077
f 3729//3077 3659//3007 3658//3006
f 3729//3077 3658//3006 3732//3080
f 3732//3080 3658//3006 3657//3005
f 3732//3080 3657//3005 3734//3082
f 3734//3082 3657//3005 3709//3057
f 3734//3082 3709//3057 3736//3084
f 3738//3086 3739//3087 3740//3088
f 3740//3088 3739//3087 3741//3089
f 3740//3088 3741//3089 3742//3090
f 3743//3091 3744//3092 3745//3093
f 3746//3094 3747//3095 3748//3096
f 3749//3097 3750//3098 3751//3099
f 3751//3099 3750//3098 3752//3100
f 3751//3099 3752//3100 3753//3101
f 3749//3097 3754//721 3750//3098
f 3750//3098 3754//721 3755//3102
f 3750//3098 3755//3102 3756//3103
f 3756//3103 3755//3102 3742//3090
f 3756//3103 3742//3090 3757//3104
f 3757//3104 3742//3090 3741//3089
f 3758//3105 3759//3106 3760//3107
f 3738//3086 3761//3108 3739//3087
f 3739//3087 3761//3108 3762//3109
f 3739//3087 3762//3109 3763//3110
f 3764//3111 3765//3112 3766//3113
f 3767//3114 3768//3115 3769//3116
f 3770//3117 3771//3118 3762//3109
f 3762//3109 3771//3118 3772//3119
f 3762//3109 3772//3119 3763//3110
f 3773//3120 3774//3121 3775//3122
f 3748//3096 3747//3095 3776//3123
f 3776//3123 3747//3095 3777//3124
f 3776//3123 3777//3124 3778//3125
f 3779//3126 3780//3127 3768//3115
f 3768//3115 3780//3127 3781//3128
f 3768//3115 3781//3128 3769//3116
f 3782//3129 3783//3130 3784//3131
f 3752//3100 3785//3132 3753//3101
f 3753//3101 3785//3132 3786//3133
f 3753//3101 3786//3133 3787//3134
f 3773//3120 3775//3122 3788//3135
f 3789//3136 3790//3137 3791//3138
f 3791//3138 3790//3137 3792//3139
f 3791//3138 3792//3139 3765//3112
f 3765//3112 3792//3139 3793//3140
f 3765//3112 3793//3140 3766//3113
f 3748//3096 3794//3141 3746//3094
f 3746//3094 3794//3141 3795//3142
f 3746//3094 3795//3142 3796//3143
f 3796//3143 3795//3142 3797//3144
f 3798//3145 3799//3146 3777//3124
f 3777//3124 3799//3146 3800//3147
f 3777//3124 3800//3147 3778//3125
f 3769//3116 3801//3148 3767//3114
f 3767//3114 3801//3148 3802//3149
f 3767//3114 3802//3149 3803//3150
f 3803//3150 3802//3149 3804//3151
f 3803//3150 3804//3151 3798//3145
f 3798//3145 3804//3151 3805//3152
f 3798//3145 3805//3152 3799//3146
f 3760//3107 3806//3153 3758//3105
f 3758//3105 3806//3153 3807//3154
f 3758//3105 3807//3154 3808//3155
f 3808//3155 3807//3154 3809//3156
f 3808//3155 3809//3156 3779//3126
f 3779//3126 3809//3156 3810//3157
f 3779//3126 3810//3157 3780//3127
f 3782//3129 3784//3131 3811//3158
f 3786//3133 3812//3159 3787//3134
f 3787//3134 3812//3159 3813//3160
f 3787//3134 3813//3160 3782//3129
f 3782//3129 3813//3160 3814//3161
f 3782//3129 3814//3161 3783//3130
f 3775//3122 3815//3162 3788//3135
f 3788//3135 3815//3162 3816//3163
f 3788//3135 3816//3163 3770//3117
f 3770//3117 3816//3163 3817//3164
f 3770//3117 3817//3164 3771//3118
f 3745//3093 3818//3165 3743//3091
f 3743//3091 3818//3165 3819//3166
f 3743//3091 3819//3166 3789//3136
f 3789//3136 3819//3166 3820//3167
f 3789//3136 3820//3167 3790//3137
f 3821//3168 3822//3169 3823//3170
f 3823//3170 3822//3169 3824//3171
f 3823//3170 3824//3171 3744//3092
f 3744//3092 3824//3171 3825//3172
f 3744//3092 3825//3172 3745//3093
f 3797//3144 3826//3173 3796//3143
f 3796//3143 3826//3173 3827//3174
f 3796//3143 3827//3174 3821//3168
f 3821//3168 3827//3174 3828//3175
f 3821//3168 3828//3175 3822//3169
f 3784//3131 3829//3176 3811//3158
f 3811//3158 3829//3176 3830//3177
f 3811//3158 3830//3177 3759//3106
f 3759//3106 3830//3177 3831//3178
f 3759//3106 3831//3178 3760//3107
f 3766//3113 3832//3179 3764//3111
f 3764//3111 3832//3179 3833//3180
f 3764//3111 3833//3180 3773//3120
f 3773//3120 3833//3180 3834//3181
f 3773//3120 3834//3181 3774//3121
f 3835//3182 3836//3183 3837//3184
f 3835//3182 3838//3185 3839//3186
f 3840//3187 3841//3188 3842//3189
f 3843//3190 3844//3191 3845//3192
f 299//299 267//267 3846//3193
f 266//266 302//302 3847//3194
f 3848//3195 3849//3196 3850//3197
f 3850//3197 3849//3196 3851//3198
f 3850//3197 3851//3198 3852//3199
f 3853//3200 3854//3201 3855//3202
f 3855//3202 3854//3201 3856//3203
f 3855//3202 3856//3203 3857//3204
f 3857//3204 3858//3205 3855//3202
f 3855//3202 3858//3205 3859//3206
f 3855//3202 3859//3206 3860//3207
f 3860//3207 3859//3206 3861//3208
f 3860//3207 3861//3208 3862//3209
f 3862//3209 3863//3210 3860//3207
f 3860//3207 3863//3210 3864//3211
f 3860//3207 3864//3211 3865//3212
f 3866//3213 3867//3214 3868//3215
f 3868//3215 3867//3214 3869//3216
f 3855//3202 3870//3217 3853//3200
f 3853//3200 3870//3217 3867//3214
f 3853//3200 3867//3214 3871//3218
f 3871//3218 3867//3214 3866//3213
f 3872//3219 3873//3220 3874//3221
f 3874//3221 3873//3220 3875//3222
f 3874//3221 3875//3222 3876//3223
f 3876//3223 3875//3222 3877//3224
f 3876//3223 3877//3224 3878//3225
f 3878//3225 3877//3224 3879//3226
f 3864//3211 3848//3195 3865//3212
f 3865//3212 3848//3195 3850//3197
f 3865//3212 3850//3197 3880//3227
f 3880//3227 3850//3197 3881//3228
f 3880//3227 3881//3228 3882//3229
f 3882//3229 3881//3228 3883//3230
f 3882//3229 3883//3230 3884//3231
f 3884//3231 3883//3230 3885//3232
f 3884//3231 3885//3232 3872//3219
f 3872//3219 3885//3232 3886//3233
f 3872//3219 3886//3233 3873//3220
f 267//267 266//266 3846//3193
f 3846//3193 266//266 3847//3194
f 3846//3193 3847//3194 3870//3217
f 3870//3217 3847//3194 3887//3234
f 3870//3217 3887//3234 3867//3214
f 3888//3235 3889//3236 3890//3237
f 3888//3235 3891//3238 3889//3236
f 3889//3236 3891//3238 3892//3239
f 3889//3236 3892//3239 3845//3192
f 3845//3192 3892//3239 3893//3240
f 3845//3192 3893//3240 3843//3190
f 3843//3190 3893//3240 3894//3241
f 3843//3190 3894//3241 270//270
f 3842//3189 3895//3242 3840//3187
f 3840//3187 3895//3242 3896//3243
f 3840//3187 3896//3243 3897//3244
f 3897//3244 3896//3243 3898//3245
f 3897//3244 3898//3245 3899//3246
f 3900//3247 3841//3188 3901//3248
f 3901//3248 3841//3188 3840//3187
f 3901//3248 3840//3187 3837//3184
f 3837//3184 3840//3187 3897//3244
f 3837//3184 3897//3244 3835//3182
f 3835//3182 3897//3244 3899//3246
f 3835//3182 3899//3246 3838//3185
f 3836//3183 3835//3182 3902//3249
f 3902//3249 3835//3182 3839//3186
f 3902//3249 3839//3186 3903//3250
f 3839//3186 3904//3251 3903//3250
f 3903//3250 3904//3251 3905//3252
f 3903//3250 3905//3252 3906//3253
f 3906//3253 3905//3252 3907//3254
f 3906//3253 3907//3254 3908//3255
f 3908//3255 3907//3254 3909//3256
f 3908//3255 3909//3256 3910//3257
f 3909//3256 3911//3258 3910//3257
f 3910//3257 3911//3258 3912//3259
f 3910//3257 3912//3259 3913//3260
f 3913//3260 3912//3259 3914//3261
f 3913//3260 3914//3261 3890//3237
f 3890//3237 3914//3261 3915//3262
f 3890//3237 3915//3262 3888//3235
f 3844//3191 299//299 3845//3192
f 3845//3192 299//299 3846//3193
f 3845//3192 3846//3193 3889//3236
f 3889//3236 3846//3193 3870//3217
f 3889//3236 3870//3217 3890//3237
f 3890//3237 3870//3217 3855//3202
f 3890//3237 3855//3202 3913//3260
f 3913//3260 3855//3202 3860//3207
f 3913//3260 3860//3207 3910//3257
f 3910//3257 3860//3207 3865//3212
f 3910//3257 3865//3212 3908//3255
f 3908//3255 3865//3212 3880//3227
f 3908//3255 3880//3227 3906//3253
f 3906//3253 3880//3227 3882//3229
f 3906//3253 3882//3229 3903//3250
f 3903//3250 3882//3229 3884//3231
f 3903//3250 3884//3231 3902//3249
f 3902//3249 3884//3231 3872//3219
f 3902//3249 3872//3219 3836//3183
f 3836//3183 3872//3219 3874//3221
f 3836//3183 3874//3221 3837//3184
f 3837//3184 3874//3221 3876//3223
f 3837//3184 3876//3223 3901//3248
f 3901//3248 3876//3223 3878//3225
f 3901//3248 3878//3225 3900//3247
f 3916//3263 3681//3029 3680//3028
f 3917//3264 3918//3265 3919//3266
f 3920//3267 3921//3268 3320//2773
f 3695//3043 3697//3045 3919//3266
f 3922//507 3923//3269 3916//3263
f 3326//2779 3324//2777 3850//3197
f 3695//3043 3919//3266 3693//3041
f 3917//3264 3919//3266 3924//3270
f 3320//2773 3921//3268 3322//2775
f 3322//2775 3921//3268 3925//3271
f 3322//2775 3925//3271 3324//2777
f 3324//2777 3925//3271 3926//3272
f 3324//2777 3926//3272 3850//3197
f 3875//3222 3873//3220 3926//3272
f 3926//3272 3873//3220 3886//3233
f 3926//3272 3886//3233 3885//3232
f 3916//3263 3680//3028 3919//3266
f 3919//3266 3680//3028 3691//3039
f 3919//3266 3691//3039 3693//3041
f 3320//2773 3318//2771 3920//3267
f 3920//3267 3318//2771 3316//2769
f 3920//3267 3316//2769 3919//3266
f 3919//3266 3316//2769 3314//2767
f 3919//3266 3314//2767 3916//3263
f 3927//507 3305//2758 3327//2780
f 3885//3232 3883//3230 3926//3272
f 3926//3272 3883//3230 3881//3228
f 3926//3272 3881//3228 3850//3197
f 3697//3045 3699//3047 3919//3266
f 3919//3266 3699//3047 3726//3074
f 3919//3266 3726//3074 3728//3076
f 3308//2761 3922//507 3310//2763
f 3310//2763 3922//507 3916//3263
f 3310//2763 3916//3263 3312//2765
f 3312//2765 3916//3263 3314//2767
f 3850//3197 3852//3199 3326//2779
f 3326//2779 3852//3199 3928//3273
f 3326//2779 3928//3273 3327//2780
f 3327//2780 3928//3273 3929//3274
f 3327//2780 3929//3274 3927//507
f 3930//3275 3931//3276 3926//3272
f 3926//3272 3931//3276 3932//3277
f 3926//3272 3932//3277 3933//3278
f 3728//3076 3730//3078 3919//3266
f 3919//3266 3730//3078 3934//3279
f 3919//3266 3934//3279 3924//3270
f 3933//3278 3879//3226 3926//3272
f 3926//3272 3879//3226 3877//3224
f 3926//3272 3877//3224 3875//3222
f 3895//3242 3842//3189 3935//3280
f 3898//3245 3896//3243 3936//3281
f 3937//3282 3938//3283 3939//3284
f 3940//3285 3152//2605 3151//2604
f 368//368 366//366 3941//3286
f 365//365 363//363 3942//3287
f 362//362 3943//3288 3944//3289
f 378//378 3945//3290 3946//3291
f 3947//3292 3134//2587 3143//2596
f 3947//3292 3143//2596 3948//3293
f 3948//3293 3143//2596 3949//3294
f 3948//3293 3950//3295 3947//3292
f 3947//3292 3950//3295 3951//3296
f 3947//3292 3951//3296 3134//2587
f 3134//2587 3951//3296 3135//2588
f 3143//2596 3142//2595 3949//3294
f 3949//3294 3142//2595 3141//2594
f 3949//3294 3141//2594 3952//3297
f 3952//3297 3141//2594 3154//2607
f 3952//3297 3154//2607 3940//3285
f 3940//3285 3154//2607 3153//2606
f 3940//3285 3153//2606 3152//2605
f 3953//3298 3954//3299 3955//3300
f 3955//3300 3954//3299 3956//3301
f 3955//3300 3956//3301 3957//3302
f 3957//3302 3956//3301 3958//3303
f 3957//3302 3958//3303 3959//3304
f 3959//3304 3958//3303 3960//3305
f 3959//3304 3960//3305 3961//3306
f 3961//3306 3960//3305 3962//3307
f 3962//3307 3963//3308 3961//3306
f 3961//3306 3963//3308 3964//3309
f 3961//3306 3964//3309 3959//3304
f 3959//3304 3964//3309 3965//3310
f 3959//3304 3965//3310 3957//3302
f 3957//3302 3965//3310 3966//3311
f 3957//3302 3966//3311 3955//3300
f 3955//3300 3966//3311 3967//3312
f 3954//3299 3950//3295 3956//3301
f 3956//3301 3950//3295 3948//3293
f 3956//3301 3948//3293 3958//3303
f 3958//3303 3948//3293 3949//3294
f 3958//3303 3949//3294 3960//3305
f 3960//3305 3949//3294 3952//3297
f 3960//3305 3952//3297 3962//3307
f 3962//3307 3952//3297 3940//3285
f 3962//3307 3940//3285 3963//3308
f 3963//3308 3940//3285 3151//2604
f 3963//3308 3151//2604 3968//3313
f 3907//3254 3969//3314 3909//3256
f 3909//3256 3969//3314 3970//3315
f 3909//3256 3970//3315 3911//3258
f 3911//3258 3970//3315 3971//3316
f 3972//3317 3973//3318 3974//3319
f 3974//3319 3973//3318 3975//3320
f 3938//3283 3972//3317 3976//3321
f 3972//3317 3974//3319 3976//3321
f 3976//3321 3974//3319 3977//3322
f 3976//3321 3977//3322 3978//3323
f 3979//3324 3838//3185 3899//3246
f 3937//3282 3939//3284 3980//3325
f 3980//3325 3939//3284 3979//3324
f 3980//3325 3979//3324 3936//3281
f 3936//3281 3979//3324 3899//3246
f 3936//3281 3899//3246 3898//3245
f 3977//3322 3905//3252 3978//3323
f 3978//3323 3905//3252 3904//3251
f 3978//3323 3904//3251 3839//3186
f 3938//3283 3976//3321 3939//3284
f 3939//3284 3976//3321 3978//3323
f 3939//3284 3978//3323 3979//3324
f 3979//3324 3978//3323 3839//3186
f 3979//3324 3839//3186 3838//3185
f 3969//3314 3981//3326 3970//3315
f 3970//3315 3981//3326 3982//3327
f 3970//3315 3982//3327 3971//3316
f 3971//3316 3982//3327 3983//3328
f 3971//3316 3983//3328 3984//3329
f 3984//3329 3983//3328 3985//3330
f 3984//3329 3985//3330 3986//3331
f 3986//3331 3985//3330 3987//3332
f 3986//3331 3987//3332 3988//3333
f 3988//3333 3987//3332 3989//3334
f 3988//3333 3989//3334 3946//3291
f 3946//3291 3989//3334 3944//3289
f 3946//3291 3944//3289 378//378
f 378//378 3944//3289 3943//3288
f 3892//3239 3988//3333 3893//3240
f 3893//3240 3988//3333 3946//3291
f 3893//3240 3946//3291 3894//3241
f 3894//3241 3946//3291 3945//3290
f 3894//3241 3945//3290 270//270
f 363//363 362//362 3942//3287
f 3942//3287 362//362 3944//3289
f 3942//3287 3944//3289 3990//3335
f 3990//3335 3944//3289 3989//3334
f 3990//3335 3989//3334 3991//3336
f 3991//3336 3989//3334 3987//3332
f 3991//3336 3987//3332 3992//3337
f 3992//3337 3987//3332 3985//3330
f 3992//3337 3985//3330 3993//3338
f 3993//3338 3985//3330 3983//3328
f 3993//3338 3983//3328 3994//3339
f 3994//3339 3983//3328 3982//3327
f 3994//3339 3982//3327 3975//3320
f 3975//3320 3982//3327 3981//3326
f 3975//3320 3981//3326 3974//3319
f 3974//3319 3981//3326 3969//3314
f 3974//3319 3969//3314 3977//3322
f 3977//3322 3969//3314 3907//3254
f 3977//3322 3907//3254 3905//3252
f 3995//3340 3183//2636 3941//3286
f 3941//3286 3183//2636 3156//2609
f 3941//3286 3156//2609 368//368
f 368//368 3156//2609 7//7
f 3151//2604 3150//2603 3968//3313
f 3968//3313 3150//2603 3189//2642
f 3968//3313 3189//2642 3996//3341
f 3996//3341 3189//2642 3188//2641
f 3996//3341 3188//2641 3997//3342
f 3997//3342 3188//2641 3187//2640
f 3997//3342 3187//2640 3998//3343
f 3998//3343 3187//2640 3185//2638
f 3998//3343 3185//2638 3995//3340
f 3995//3340 3185//2638 3184//2637
f 3995//3340 3184//2637 3183//2636
f 3999//3344 4000//3345 3967//3312
f 3967//3312 4000//3345 4001//3346
f 3967//3312 4001//3346 3955//3300
f 3955//3300 4001//3346 4002//3347
f 3955//3300 4002//3347 3953//3298
f 3892//3239 3891//3238 3988//3333
f 3988//3333 3891//3238 3888//3235
f 3988//3333 3888//3235 3986//3331
f 3986//3331 3888//3235 3915//3262
f 3986//3331 3915//3262 3984//3329
f 3984//3329 3915//3262 3914//3261
f 3984//3329 3914//3261 3971//3316
f 3971//3316 3914//3261 3912//3259
f 3971//3316 3912//3259 3911//3258
f 366//366 365//365 3941//3286
f 3941//3286 365//365 3942//3287
f 3941//3286 3942//3287 3995//3340
f 3995//3340 3942//3287 3990//3335
f 3995//3340 3990//3335 3998//3343
f 3998//3343 3990//3335 3991//3336
f 3998//3343 3991//3336 3997//3342
f 3997//3342 3991//3336 3992//3337
f 3997//3342 3992//3337 3996//3341
f 3996//3341 3992//3337 3993//3338
f 3996//3341 3993//3338 3968//3313
f 3968//3313 3993//3338 3994//3339
f 3968//3313 3994//3339 3963//3308
f 3963//3308 3994//3339 3975//3320
f 3963//3308 3975//3320 3964//3309
f 3964//3309 3975//3320 3973//3318
f 3964//3309 3973//3318 3965//3310
f 3965//3310 3973//3318 3972//3317
f 3965//3310 3972//3317 3966//3311
f 3966//3311 3972//3317 3938//3283
f 3966//3311 3938//3283 3967//3312
f 3967//3312 3938//3283 3937//3282
f 3967//3312 3937//3282 3999//3344
f 3999//3344 3937//3282 3980//3325
f 3999//3344 3980//3325 4003//3348
f 4003//3348 3980//3325 3936//3281
f 4003//3348 3936//3281 3935//3280
f 3935//3280 3936//3281 3896//3243
f 3935//3280 3896//3243 3895//3242
f 3713//3061 3712//3060 4004//3349
f 4005//3350 4006//3351 4007//3352
f 4008//3353 4009//3354 4010//3355
f 4011//3356 446//446 4012//3357
f 445//445 443//443 4013//3358
f 442//442 75//75 3203//2656
f 4014//3359 4015//3360 449//449
f 4014//3359 3663//3011 4015//3360
f 4015//3360 3663//3011 3662//3010
f 4015//3360 3662//3010 481//481
f 481//481 3662//3010 225//225
f 449//449 4016//3361 4014//3359
f 4014//3359 4016//3361 4017//3362
f 4014//3359 4017//3362 4018//3363
f 4017//3362 4009//3354 4018//3363
f 4018//3363 4009//3354 4008//3353
f 4018//3363 4008//3353 3720//3068
f 3720//3068 3719//3067 4018//3363
f 4018//3363 3719//3067 3717//3065
f 4018//3363 3717//3065 4014//3359
f 4014//3359 3717//3065 3716//3064
f 4014//3359 3716//3064 3663//3011
f 4019//3364 4020//3365 4021//3366
f 4021//3366 4020//3365 4022//3367
f 4021//3366 4022//3367 4023//3368
f 4023//3368 4022//3367 4024//3369
f 4023//3368 4024//3369 4025//3370
f 4025//3370 4024//3369 4010//3355
f 4025//3370 4010//3355 4026//3371
f 4026//3371 4010//3355 4009//3354
f 4026//3371 4009//3354 4027//3372
f 4027//3372 4009//3354 4017//3362
f 4027//3372 4017//3362 4012//3357
f 4012//3357 4017//3362 4016//3361
f 4012//3357 4016//3361 4011//3356
f 4011//3356 4016//3361 449//449
f 4028//3373 4029//3374 4030//3375
f 4031//3376 4032//3377 4029//3374
f 4029//3374 4032//3377 4033//3378
f 4029//3374 4033//3378 4030//3375
f 4030//3375 4033//3378 4034//3379
f 4030//3375 4034//3379 4035//3380
f 4036//3381 3725//3073 4037//3382
f 4037//3382 3725//3073 3724//3072
f 4037//3382 3724//3072 3722//3070
f 4004//3349 4038//3383 4020//3365
f 4039//3384 4040//3385 4041//3386
f 4041//3386 4040//3385 4042//3387
f 4041//3386 4042//3387 4043//3388
f 4043//3388 4042//3387 4044//3389
f 3736//3084 3709//3057 4005//3350
f 4005//3350 3709//3057 3708//3056
f 4005//3350 3708//3056 4006//3351
f 4006//3351 3708//3056 3707//3055
f 4006//3351 3707//3055 3715//3063
f 4040//3385 4007//3352 4042//3387
f 4042//3387 4007//3352 4006//3351
f 4042//3387 4006//3351 4044//3389
f 4044//3389 4006//3351 3715//3063
f 4044//3389 3715//3063 3714//3062
f 4004//3349 3712//3060 4038//3383
f 4038//3383 3712//3060 3705//3053
f 4038//3383 3705//3053 4045//3390
f 4045//3390 3705//3053 3703//3051
f 4045//3390 3703//3051 4036//3381
f 4036//3381 3703//3051 3701//3049
f 4036//3381 3701//3049 3725//3073
f 4046//3391 4028//3373 4047//3392
f 4047//3392 4028//3373 4030//3375
f 4047//3392 4030//3375 4048//3393
f 4048//3393 4030//3375 4035//3380
f 4048//3393 4035//3380 4049//3394
f 4050//3395 4051//3396 3225//2678
f 3225//2678 3224//2677 4050//3395
f 4050//3395 3224//2677 3222//2675
f 4050//3395 3222//2675 4052//3397
f 4052//3397 3222//2675 3221//2674
f 4052//3397 3221//2674 4053//3398
f 4054//3399 4055//3400 4056//3401
f 4056//3401 4055//3400 4057//3402
f 4056//3401 4057//3402 3242//2695
f 3242//2695 4057//3402 3211//2664
f 3221//2674 3219//2672 4053//3398
f 4053//3398 3219//2672 3218//2671
f 4053//3398 3218//2671 4058//3403
f 4058//3403 3218//2671 3217//2670
f 4058//3403 3217//2670 4055//3400
f 4055//3400 3217//2670 3212//2665
f 4055//3400 3212//2665 4057//3402
f 4057//3402 3212//2665 3211//2664
f 4054//3399 4059//3404 4055//3400
f 4055//3400 4059//3404 4060//3405
f 4055//3400 4060//3405 4058//3403
f 4058//3403 4060//3405 4061//3406
f 4058//3403 4061//3406 4053//3398
f 443//443 442//442 4013//3358
f 4013//3358 442//442 3203//2656
f 4013//3358 3203//2656 4062//3407
f 3203//2656 3202//2655 4062//3407
f 4062//3407 3202//2655 3201//2654
f 4062//3407 3201//2654 4063//3408
f 4063//3408 3201//2654 3200//2653
f 4063//3408 3200//2653 4064//3409
f 4064//3409 3200//2653 3209//2662
f 4064//3409 3209//2662 4065//3410
f 4065//3410 3209//2662 3207//2660
f 4065//3410 3207//2660 4051//3396
f 4051//3396 3207//2660 3205//2658
f 4051//3396 3205//2658 3225//2678
f 3737//3085 3736//3084 4049//3394
f 4049//3394 3736//3084 4005//3350
f 4049//3394 4005//3350 4048//3393
f 4048//3393 4005//3350 4007//3352
f 4048//3393 4007//3352 4047//3392
f 4047//3392 4007//3352 4040//3385
f 4047//3392 4040//3385 4046//3391
f 4046//3391 4040//3385 4039//3384
f 4020//3365 4038//3383 4022//3367
f 4022//3367 4038//3383 4045//3390
f 4022//3367 4045//3390 4024//3369
f 4024//3369 4045//3390 4036//3381
f 4024//3369 4036//3381 4010//3355
f 4010//3355 4036//3381 4037//3382
f 4010//3355 4037//3382 4008//3353
f 4008//3353 4037//3382 3722//3070
f 4008//3353 3722//3070 3720//3068
f 4066//3411 4031//3376 4067//3412
f 4067//3412 4031//3376 4029//3374
f 4067//3412 4029//3374 4068//3413
f 4068//3413 4029//3374 4028//3373
f 4068//3413 4028//3373 4069//3414
f 4069//3414 4028//3373 4046//3391
f 4069//3414 4046//3391 4070//3415
f 4070//3415 4046//3391 4039//3384
f 4070//3415 4039//3384 4019//3364
f 4019//3364 4039//3384 4041//3386
f 4019//3364 4041//3386 4020//3365
f 4020//3365 4041//3386 4043//3388
f 4020//3365 4043//3388 4004//3349
f 4004//3349 4043//3388 4044//3389
f 4004//3349 4044//3389 3713//3061
f 3713//3061 4044//3389 3714//3062
f 4059//3404 4066//3411 4060//3405
f 4060//3405 4066//3411 4067//3412
f 4060//3405 4067//3412 4061//3406
f 4061//3406 4067//3412 4068//3413
f 4061//3406 4068//3413 4053//3398
f 4053//3398 4068//3413 4069//3414
f 4053//3398 4069//3414 4052//3397
f 4052//3397 4069//3414 4070//3415
f 4052//3397 4070//3415 4050//3395
f 4050//3395 4070//3415 4019//3364
f 4050//3395 4019//3364 4051//3396
f 4051//3396 4019//3364 4021//3366
f 4051//3396 4021//3366 4065//3410
f 4065//3410 4021//3366 4023//3368
f 4065//3410 4023//3368 4064//3409
f 4064//3409 4023//3368 4025//3370
f 4064//3409 4025//3370 4063//3408
f 4063//3408 4025//3370 4026//3371
f 4063//3408 4026//3371 4062//3407
f 4062//3407 4026//3371 4027//3372
f 4062//3407 4027//3372 4013//3358
f 4013//3358 4027//3372 4012//3357
f 4013//3358 4012//3357 445//445
f 445//445 4012//3357 446//446
f 4071//3416 4072//3417 4073//3418
f 4074//3419 4075//3420 4076//3421
f 4077//3422 4078//3423 4079//3424
f 4080//3425 4081//3426 4082//3427
f 3470//2882 3469//2881 4083//3428
f 3513//2919 4084//3429 4085//3430
f 4086//3431 4087//3432 4088//3433
f 4089//3434 4090//3435 4091//3436
f 4092//3437 3508//2914 3510//2916
f 4093//3438 4094//3439 4095//3440
f 4095//3440 4094//3439 4096//3441
f 4095//3440 4096//3441 4097//3442
f 4098//3443 4099//3444 4093//3438
f 4093//3438 4099//3444 4100//3445
f 4093//3438 4100//3445 4094//3439
f 4093//3438 4101//3446 4098//3443
f 4098//3443 4101//3446 4102//3447
f 4098//3443 4102//3447 4103//3448
f 4103//3448 4102//3447 4104//3449
f 4103//3448 4104//3449 4105//3450
f 4105//3450 4104//3449 4106//3451
f 4106//3451 4104//3449 4107//3452
f 4106//3451 4107//3452 4108//3453
f 4108//3453 4107//3452 4109//3454
f 4108//3453 4109//3454 4110//3455
f 4111//3456 4112//3457 4113//3458
f 4113//3458 4112//3457 4114//3459
f 4113//3458 4114//3459 4115//3460
f 4115//3460 4114//3459 4116//3461
f 4115//3460 4116//3461 4117//3462
f 4117//3462 4116//3461 4118//3463
f 4117//3462 4118//3463 4109//3454
f 4109//3454 4118//3463 4119//3464
f 4109//3454 4119//3464 4110//3455
f 4111//3456 4113//3458 4120//3465
f 4120//3465 4113//3458 4121//3466
f 4120//3465 4121//3466 4122//3467
f 4122//3467 4121//3466 4123//3468
f 4122//3467 4123//3468 4124//3469
f 4087//3432 4125//3470 4124//3469
f 4126//3471 4127//3472 4128//3473
f 4129//3474 4130//3475 4131//3476
f 4131//3476 4130//3475 4132//3477
f 4133//3478 4134//3479 4135//3480
f 4135//3480 4134//3479 4136//3481
f 4137//3482 4138//3483 4139//3484
f 4139//3484 4138//3483 4140//3485
f 4141//3486 4142//3487 4143//3488
f 4143//3488 4142//3487 4144//3489
f 4143//3488 4144//3489 4145//3490
f 4146//3491 4147//3492 4148//3493
f 4148//3493 4147//3492 4149//3494
f 4149//3494 4147//3492 4150//3495
f 4150//3495 4147//3492 3392//2835
f 4150//3495 3392//2835 3391//2834
f 4097//3442 4151//3496 4095//3440
f 4095//3440 4151//3496 4152//3497
f 4095//3440 4152//3497 4093//3438
f 4093//3438 4152//3497 4153//3498
f 4093//3438 4153//3498 4101//3446
f 4101//3446 4153//3498 4154//3499
f 4101//3446 4154//3499 4102//3447
f 4102//3447 4154//3499 4155//3500
f 4102//3447 4155//3500 4104//3449
f 4104//3449 4155//3500 4156//3501
f 4104//3449 4156//3501 4107//3452
f 4107//3452 4156//3501 4157//3502
f 4107//3452 4157//3502 4109//3454
f 4109//3454 4157//3502 4158//3503
f 4109//3454 4158//3503 4117//3462
f 4117//3462 4158//3503 4159//3504
f 4117//3462 4159//3504 4115//3460
f 4115//3460 4159//3504 4160//3505
f 4115//3460 4160//3505 4113//3458
f 4113//3458 4160//3505 4161//3506
f 4113//3458 4161//3506 4121//3466
f 4121//3466 4161//3506 4162//3507
f 4121//3466 4162//3507 4123//3468
f 4123//3468 4162//3507 4163//3508
f 4164//3509 4145//3490 4165//3510
f 4165//3510 4145//3490 4144//3489
f 4165//3510 4144//3489 4139//3484
f 4139//3484 4144//3489 4142//3487
f 4139//3484 4142//3487 4137//3482
f 3393//2836 3392//2835 4166//3511
f 4166//3511 3392//2835 4147//3492
f 4166//3511 4147//3492 4167//3512
f 4167//3512 4147//3492 4146//3491
f 4167//3512 4146//3491 4168//3513
f 4151//3496 4169//3514 4152//3497
f 4152//3497 4169//3514 4170//3515
f 4152//3497 4170//3515 4153//3498
f 4153//3498 4170//3515 4171//3516
f 4153//3498 4171//3516 4154//3499
f 4154//3499 4171//3516 4172//3517
f 4154//3499 4172//3517 4155//3500
f 4155//3500 4172//3517 4173//3518
f 4155//3500 4173//3518 4156//3501
f 4156//3501 4173//3518 4174//3519
f 4156//3501 4174//3519 4157//3502
f 4157//3502 4174//3519 4175//3520
f 4157//3502 4175//3520 4158//3503
f 4158//3503 4175//3520 4176//3521
f 4158//3503 4176//3521 4159//3504
f 4159//3504 4176//3521 4177//3522
f 4159//3504 4177//3522 4160//3505
f 4160//3505 4177//3522 4178//3523
f 4160//3505 4178//3523 4161//3506
f 4161//3506 4178//3523 4179//3524
f 4161//3506 4179//3524 4162//3507
f 4162//3507 4179//3524 4180//3525
f 4162//3507 4180//3525 4163//3508
f 4163//3508 4180//3525 4181//3526
f 4182//3527 4164//3509 4183//3528
f 4183//3528 4164//3509 4165//3510
f 4183//3528 4165//3510 4184//3529
f 4184//3529 4165//3510 4139//3484
f 4184//3529 4139//3484 4185//3530
f 4185//3530 4139//3484 4140//3485
f 4185//3530 4140//3485 4186//3531
f 3434//2870 3393//2836 4187//3532
f 4187//3532 3393//2836 4166//3511
f 4187//3532 4166//3511 4188//3533
f 4188//3533 4166//3511 4167//3512
f 4188//3533 4167//3512 4189//3534
f 4189//3534 4167//3512 4168//3513
f 4189//3534 4168//3513 4190//3535
f 4169//3514 4191//3536 4170//3515
f 4170//3515 4191//3536 4192//3537
f 4170//3515 4192//3537 4171//3516
f 4171//3516 4192//3537 4193//3538
f 4171//3516 4193//3538 4172//3517
f 4172//3517 4193//3538 4194//3539
f 4172//3517 4194//3539 4173//3518
f 4173//3518 4194//3539 4195//3540
f 4173//3518 4195//3540 4174//3519
f 4174//3519 4195//3540 4196//3541
f 4174//3519 4196//3541 4175//3520
f 4175//3520 4196//3541 4197//3542
f 4175//3520 4197//3542 4176//3521
f 4176//3521 4197//3542 4198//3543
f 4176//3521 4198//3543 4177//3522
f 4177//3522 4198//3543 4199//3544
f 4177//3522 4199//3544 4178//3523
f 4178//3523 4199//3544 4200//3545
f 4178//3523 4200//3545 4179//3524
f 4179//3524 4200//3545 4201//3546
f 4179//3524 4201//3546 4180//3525
f 4180//3525 4201//3546 4202//3547
f 4180//3525 4202//3547 4181//3526
f 4181//3526 4202//3547 4203//3548
f 4204//3549 4182//3527 4205//3550
f 4205//3550 4182//3527 4183//3528
f 4205//3550 4183//3528 4206//3551
f 4206//3551 4183//3528 4184//3529
f 4206//3551 4184//3529 4207//3552
f 4207//3552 4184//3529 4185//3530
f 4207//3552 4185//3530 4208//3553
f 4208//3553 4185//3530 4186//3531
f 4208//3553 4186//3531 4209//3554
f 3469//2881 3434//2870 4083//3428
f 4083//3428 3434//2870 4187//3532
f 4083//3428 4187//3532 4210//3555
f 4210//3555 4187//3532 4188//3533
f 4210//3555 4188//3533 4211//3556
f 4211//3556 4188//3533 4189//3534
f 4211//3556 4189//3534 4212//3557
f 4212//3557 4189//3534 4190//3535
f 4212//3557 4190//3535 4213//3558
f 3513//2919 4085//3430 3514//2920
f 4214//3559 4203//3548 4215//3560
f 4215//3560 4203//3548 4202//3547
f 4215//3560 4202//3547 4216//3561
f 4216//3561 4202//3547 4201//3546
f 4216//3561 4201//3546 4217//3562
f 4217//3562 4201//3546 4200//3545
f 4217//3562 4200//3545 4218//3563
f 4218//3563 4200//3545 4199//3544
f 4218//3563 4199//3544 4219//3564
f 4219//3564 4199//3544 4198//3543
f 4219//3564 4198//3543 4220//3565
f 4220//3565 4198//3543 4197//3542
f 4220//3565 4197//3542 4221//3566
f 4221//3566 4197//3542 4196//3541
f 4221//3566 4196//3541 4222//3567
f 4222//3567 4196//3541 4195//3540
f 4222//3567 4195//3540 4223//3568
f 4223//3568 4195//3540 4194//3539
f 4223//3568 4194//3539 4224//3569
f 4224//3569 4194//3539 4193//3538
f 4224//3569 4193//3538 4225//3570
f 4225//3570 4193//3538 4192//3537
f 4225//3570 4192//3537 4085//3430
f 4085//3430 4192//3537 4191//3536
f 4085//3430 4191//3536 3514//2920
f 3514//2920 4191//3536 4169//3514
f 3514//2920 4169//3514 3517//2923
f 3517//2923 4169//3514 4151//3496
f 3517//2923 4151//3496 3512//2918
f 3512//2918 4151//3496 4097//3442
f 3512//2918 4097//3442 3510//2916
f 3510//2916 4097//3442 4096//3441
f 3510//2916 4096//3441 4092//3437
f 4226//3571 4204//3549 4227//3572
f 4227//3572 4204//3549 4205//3550
f 4227//3572 4205//3550 4228//3573
f 4228//3573 4205//3550 4206//3551
f 4228//3573 4206//3551 4229//3574
f 4229//3574 4206//3551 4207//3552
f 4229//3574 4207//3552 4230//3575
f 4230//3575 4207//3552 4208//3553
f 4230//3575 4208//3553 4135//3480
f 4135//3480 4208//3553 4209//3554
f 4135//3480 4209//3554 4133//3478
f 4231//3576 3470//2882 4232//3577
f 4232//3577 3470//2882 4083//3428
f 4232//3577 4083//3428 4233//3578
f 4233//3578 4083//3428 4210//3555
f 4233//3578 4210//3555 4234//3579
f 4234//3579 4210//3555 4211//3556
f 4234//3579 4211//3556 4235//3580
f 4235//3580 4211//3556 4212//3557
f 4235//3580 4212//3557 4236//3581
f 4236//3581 4212//3557 4213//3558
f 4236//3581 4213//3558 4237//3582
f 4084//3429 4238//3583 4085//3430
f 4085//3430 4238//3583 4239//3584
f 4085//3430 4239//3584 4225//3570
f 4225//3570 4239//3584 4240//3585
f 4225//3570 4240//3585 4224//3569
f 4224//3569 4240//3585 4241//3586
f 4224//3569 4241//3586 4223//3568
f 4223//3568 4241//3586 4242//3587
f 4223//3568 4242//3587 4222//3567
f 4222//3567 4242//3587 4243//3588
f 4222//3567 4243//3588 4221//3566
f 4221//3566 4243//3588 4244//3589
f 4221//3566 4244//3589 4220//3565
f 4220//3565 4244//3589 4245//3590
f 4220//3565 4245//3590 4219//3564
f 4219//3564 4245//3590 4246//3591
f 4219//3564 4246//3591 4218//3563
f 4218//3563 4246//3591 4247//3592
f 4218//3563 4247//3592 4217//3562
f 4217//3562 4247//3592 4248//3593
f 4217//3562 4248//3593 4216//3561
f 4216//3561 4248//3593 4249//3594
f 4216//3561 4249//3594 4215//3560
f 4215//3560 4249//3594 4250//3595
f 4215//3560 4250//3595 4214//3559
f 4214//3559 4250//3595 4251//3596
f 4252//3597 4226//3571 4253//3598
f 4253//3598 4226//3571 4227//3572
f 4253//3598 4227//3572 4254//3599
f 4254//3599 4227//3572 4228//3573
f 4254//3599 4228//3573 4255//3600
f 4255//3600 4228//3573 4229//3574
f 4255//3600 4229//3574 4256//3601
f 4256//3601 4229//3574 4230//3575
f 4256//3601 4230//3575 4257//3602
f 4257//3602 4230//3575 4135//3480
f 4257//3602 4135//3480 4258//3603
f 4258//3603 4135//3480 4136//3481
f 4258//3603 4136//3481 4259//3604
f 4260//3605 4231//3576 4261//3606
f 4261//3606 4231//3576 4232//3577
f 4261//3606 4232//3577 4262//3607
f 4262//3607 4232//3577 4233//3578
f 4262//3607 4233//3578 4263//3608
f 4263//3608 4233//3578 4234//3579
f 4263//3608 4234//3579 4264//3609
f 4264//3609 4234//3579 4235//3580
f 4264//3609 4235//3580 4265//3610
f 4265//3610 4235//3580 4236//3581
f 4265//3610 4236//3581 4266//3611
f 4266//3611 4236//3581 4237//3582
f 4266//3611 4237//3582 4267//3612
f 4238//3583 4268//3613 4239//3584
f 4239//3584 4268//3613 4269//3614
f 4239//3584 4269//3614 4240//3585
f 4240//3585 4269//3614 4270//3615
f 4240//3585 4270//3615 4241//3586
f 4241//3586 4270//3615 4271//3616
f 4241//3586 4271//3616 4242//3587
f 4242//3587 4271//3616 4272//3617
f 4242//3587 4272//3617 4243//3588
f 4243//3588 4272//3617 4273//3618
f 4243//3588 4273//3618 4244//3589
f 4244//3589 4273//3618 4274//3619
f 4244//3589 4274//3619 4245//3590
f 4245//3590 4274//3619 4275//3620
f 4245//3590 4275//3620 4246//3591
f 4246//3591 4275//3620 4276//3621
f 4246//3591 4276//3621 4247//3592
f 4247//3592 4276//3621 4277//3622
f 4247//3592 4277//3622 4248//3593
f 4248//3593 4277//3622 4278//3623
f 4248//3593 4278//3623 4249//3594
f 4249//3594 4278//3623 4279//3624
f 4249//3594 4279//3624 4250//3595
f 4250//3595 4279//3624 4280//3625
f 4250//3595 4280//3625 4251//3596
f 4251//3596 4280//3625 4281//3626
f 4282//3627 4252//3597 4283//3628
f 4283//3628 4252//3597 4253//3598
f 4283//3628 4253//3598 4284//3629
f 4284//3629 4253//3598 4254//3599
f 4284//3629 4254//3599 4285//3630
f 4285//3630 4254//3599 4255//3600
f 4285//3630 4255//3600 4286//3631
f 4286//3631 4255//3600 4256//3601
f 4286//3631 4256//3601 4287//3632
f 4287//3632 4256//3601 4257//3602
f 4287//3632 4257//3602 4288//3633
f 4288//3633 4257//3602 4258//3603
f 4288//3633 4258//3603 4289//3634
f 4289//3634 4258//3603 4259//3604
f 4289//3634 4259//3604 4290//3635
f 4291//3636 4260//3605 4292//3637
f 4292//3637 4260//3605 4261//3606
f 4292//3637 4261//3606 4293//3638
f 4293//3638 4261//3606 4262//3607
f 4293//3638 4262//3607 4294//3639
f 4294//3639 4262//3607 4263//3608
f 4294//3639 4263//3608 4295//3640
f 4295//3640 4263//3608 4264//3609
f 4295//3640 4264//3609 4296//3641
f 4296//3641 4264//3609 4265//3610
f 4296//3641 4265//3610 4297//3642
f 4297//3642 4265//3610 4266//3611
f 4297//3642 4266//3611 4298//3643
f 4298//3643 4266//3611 4267//3612
f 4298//3643 4267//3612 4299//3644
f 4268//3613 4300//3645 4269//3614
f 4269//3614 4300//3645 4301//3646
f 4269//3614 4301//3646 4270//3615
f 4270//3615 4301//3646 4302//3647
f 4270//3615 4302//3647 4271//3616
f 4271//3616 4302//3647 4303//3648
f 4271//3616 4303//3648 4272//3617
f 4272//3617 4303//3648 4304//3649
f 4272//3617 4304//3649 4273//3618
f 4273//3618 4304//3649 4305//3650
f 4273//3618 4305//3650 4274//3619
f 4274//3619 4305//3650 4306//3651
f 4274//3619 4306//3651 4275//3620
f 4275//3620 4306//3651 4307//3652
f 4275//3620 4307//3652 4276//3621
f 4276//3621 4307//3652 4308//3653
f 4276//3621 4308//3653 4277//3622
f 4277//3622 4308//3653 4309//3654
f 4277//3622 4309//3654 4278//3623
f 4278//3623 4309//3654 4310//3655
f 4278//3623 4310//3655 4279//3624
f 4279//3624 4310//3655 4311//3656
f 4279//3624 4311//3656 4280//3625
f 4280//3625 4311//3656 4312//3657
f 4280//3625 4312//3657 4281//3626
f 4281//3626 4312//3657 4313//3658
f 4314//3659 4282//3627 4315//3660
f 4315//3660 4282//3627 4283//3628
f 4315//3660 4283//3628 4316//3661
f 4316//3661 4283//3628 4284//3629
f 4316//3661 4284//3629 4317//3662
f 4317//3662 4284//3629 4285//3630
f 4317//3662 4285//3630 4318//3663
f 4318//3663 4285//3630 4286//3631
f 4318//3663 4286//3631 4319//3664
f 4319//3664 4286//3631 4287//3632
f 4319//3664 4287//3632 4320//3665
f 4320//3665 4287//3632 4288//3633
f 4320//3665 4288//3633 4321//3666
f 4321//3666 4288//3633 4289//3634
f 4321//3666 4289//3634 4131//3476
f 4131//3476 4289//3634 4290//3635
f 4131//3476 4290//3635 4129//3474
f 4078//3423 4291//3636 4079//3424
f 4079//3424 4291//3636 4292//3637
f 4079//3424 4292//3637 4322//3667
f 4322//3667 4292//3637 4293//3638
f 4322//3667 4293//3638 4323//3668
f 4323//3668 4293//3638 4294//3639
f 4323//3668 4294//3639 4324//3669
f 4324//3669 4294//3639 4295//3640
f 4324//3669 4295//3640 4325//3670
f 4325//3670 4295//3640 4296//3641
f 4325//3670 4296//3641 4326//3671
f 4326//3671 4296//3641 4297//3642
f 4326//3671 4297//3642 4327//3672
f 4327//3672 4297//3642 4298//3643
f 4327//3672 4298//3643 4328//3673
f 4328//3673 4298//3643 4299//3644
f 4328//3673 4299//3644 4329//3674
f 4300//3645 4080//3425 4301//3646
f 4301//3646 4080//3425 4082//3427
f 4301//3646 4082//3427 4302//3647
f 4302//3647 4082//3427 4330//3675
f 4302//3647 4330//3675 4303//3648
f 4303//3648 4330//3675 4331//3676
f 4303//3648 4331//3676 4304//3649
f 4304//3649 4331//3676 4332//3677
f 4304//3649 4332//3677 4305//3650
f 4305//3650 4332//3677 4333//3678
f 4305//3650 4333//3678 4306//3651
f 4306//3651 4333//3678 4334//3679
f 4306//3651 4334//3679 4307//3652
f 4307//3652 4334//3679 4335//3680
f 4307//3652 4335//3680 4308//3653
f 4308//3653 4335//3680 4336//3681
f 4308//3653 4336//3681 4309//3654
f 4309//3654 4336//3681 4337//3682
f 4309//3654 4337//3682 4310//3655
f 4310//3655 4337//3682 4338//3683
f 4310//3655 4338//3683 4311//3656
f 4311//3656 4338//3683 4339//3684
f 4311//3656 4339//3684 4312//3657
f 4312//3657 4339//3684 4340//3685
f 4312//3657 4340//3685 4313//3658
f 4313//3658 4340//3685 4341//3686
f 4342//3687 4314//3659 4343//3688
f 4343//3688 4314//3659 4315//3660
f 4343//3688 4315//3660 4344//3689
f 4344//3689 4315//3660 4316//3661
f 4344//3689 4316//3661 4345//3690
f 4345//3690 4316//3661 4317//3662
f 4345//3690 4317//3662 4346//3691
f 4346//3691 4317//3662 4318//3663
f 4346//3691 4318//3663 4347//3692
f 4347//3692 4318//3663 4319//3664
f 4347//3692 4319//3664 4348//3693
f 4348//3693 4319//3664 4320//3665
f 4348//3693 4320//3665 4349//3694
f 4349//3694 4320//3665 4321//3666
f 4349//3694 4321//3666 4350//3695
f 4350//3695 4321//3666 4131//3476
f 4350//3695 4131//3476 4351//3696
f 4351//3696 4131//3476 4132//3477
f 4351//3696 4132//3477 4352//3697
f 4072//3417 4077//3422 4073//3418
f 4073//3418 4077//3422 4079//3424
f 4073//3418 4079//3424 4353//3698
f 4353//3698 4079//3424 4322//3667
f 4353//3698 4322//3667 4354//3699
f 4354//3699 4322//3667 4323//3668
f 4354//3699 4323//3668 4355//3700
f 4355//3700 4323//3668 4324//3669
f 4355//3700 4324//3669 4356//3701
f 4356//3701 4324//3669 4325//3670
f 4356//3701 4325//3670 4357//3702
f 4357//3702 4325//3670 4326//3671
f 4357//3702 4326//3671 4358//3703
f 4358//3703 4326//3671 4327//3672
f 4358//3703 4327//3672 4359//3704
f 4359//3704 4327//3672 4328//3673
f 4359//3704 4328//3673 4360//3705
f 4360//3705 4328//3673 4329//3674
f 4360//3705 4329//3674 4361//3706
f 4081//3426 4074//3419 4082//3427
f 4082//3427 4074//3419 4076//3421
f 4082//3427 4076//3421 4330//3675
f 4330//3675 4076//3421 4362//3707
f 4330//3675 4362//3707 4331//3676
f 4331//3676 4362//3707 4363//3708
f 4331//3676 4363//3708 4332//3677
f 4332//3677 4363//3708 4364//3709
f 4332//3677 4364//3709 4333//3678
f 4333//3678 4364//3709 4365//3710
f 4333//3678 4365//3710 4334//3679
f 4334//3679 4365//3710 4366//3711
f 4334//3679 4366//3711 4335//3680
f 4335//3680 4366//3711 4367//3712
f 4335//3680 4367//3712 4336//3681
f 4336//3681 4367//3712 4368//3713
f 4336//3681 4368//3713 4337//3682
f 4337//3682 4368//3713 4369//3714
f 4337//3682 4369//3714 4338//3683
f 4338//3683 4369//3714 4370//3715
f 4338//3683 4370//3715 4339//3684
f 4339//3684 4370//3715 4371//3716
f 4339//3684 4371//3716 4340//3685
f 4340//3685 4371//3716 4372//3717
f 4340//3685 4372//3717 4341//3686
f 4341//3686 4372//3717 4373//3718
f 4374//3719 4342//3687 4375//3720
f 4375//3720 4342//3687 4343//3688
f 4375//3720 4343//3688 4376//3721
f 4376//3721 4343//3688 4344//3689
f 4376//3721 4344//3689 4377//3722
f 4377//3722 4344//3689 4345//3690
f 4377//3722 4345//3690 4378//3723
f 4378//3723 4345//3690 4346//3691
f 4378//3723 4346//3691 4379//3724
f 4379//3724 4346//3691 4347//3692
f 4379//3724 4347//3692 4380//3725
f 4380//3725 4347//3692 4348//3693
f 4380//3725 4348//3693 4381//3726
f 4381//3726 4348//3693 4349//3694
f 4381//3726 4349//3694 4382//3727
f 4382//3727 4349//3694 4350//3695
f 4382//3727 4350//3695 4383//3728
f 4383//3728 4350//3695 4351//3696
f 4383//3728 4351//3696 4126//3471
f 4126//3471 4351//3696 4352//3697
f 4126//3471 4352//3697 4127//3472
f 4384//3729 4071//3416 4385//3730
f 4385//3730 4071//3416 4073//3418
f 4385//3730 4073//3418 4386//3731
f 4386//3731 4073//3418 4353//3698
f 4386//3731 4353//3698 4387//3732
f 4387//3732 4353//3698 4354//3699
f 4387//3732 4354//3699 4388//3733
f 4388//3733 4354//3699 4355//3700
f 4388//3733 4355//3700 4389//3734
f 4389//3734 4355//3700 4356//3701
f 4389//3734 4356//3701 4390//3735
f 4390//3735 4356//3701 4357//3702
f 4390//3735 4357//3702 4391//3736
f 4391//3736 4357//3702 4358//3703
f 4391//3736 4358//3703 4392//3737
f 4392//3737 4358//3703 4359//3704
f 4392//3737 4359//3704 4393//3738
f 4393//3738 4359//3704 4360//3705
f 4393//3738 4360//3705 4394//3739
f 4394//3739 4360//3705 4361//3706
f 4394//3739 4361//3706 4395//3740
f 4075//3420 4396//3741 4076//3421
f 4076//3421 4396//3741 4397//3742
f 4076//3421 4397//3742 4362//3707
f 4362//3707 4397//3742 4398//3743
f 4362//3707 4398//3743 4363//3708
f 4363//3708 4398//3743 4399//3744
f 4363//3708 4399//3744 4364//3709
f 4364//3709 4399//3744 4400//3745
f 4364//3709 4400//3745 4365//3710
f 4365//3710 4400//3745 4401//3746
f 4365//3710 4401//3746 4366//3711
f 4366//3711 4401//3746 4402//3747
f 4366//3711 4402//3747 4367//3712
f 4367//3712 4402//3747 4403//3748
f 4367//3712 4403//3748 4368//3713
f 4368//3713 4403//3748 4404//3749
f 4368//3713 4404//3749 4369//3714
f 4369//3714 4404//3749 4405//3750
f 4369//3714 4405//3750 4370//3715
f 4370//3715 4405//3750 4406//3751
f 4370//3715 4406//3751 4371//3716
f 4371//3716 4406//3751 4407//3752
f 4371//3716 4407//3752 4372//3717
f 4372//3717 4407//3752 4408//3753
f 4372//3717 4408//3753 4373//3718
f 4373//3718 4408//3753 4409//3754
f 4410//3755 4374//3719 4411//3756
f 4411//3756 4374//3719 4375//3720
f 4411//3756 4375//3720 4412//3757
f 4412//3757 4375//3720 4376//3721
f 4412//3757 4376//3721 4413//3758
f 4413//3758 4376//3721 4377//3722
f 4413//3758 4377//3722 4414//3759
f 4414//3759 4377//3722 4378//3723
f 4414//3759 4378//3723 4415//3760
f 4415//3760 4378//3723 4379//3724
f 4415//3760 4379//3724 4416//3761
f 4416//3761 4379//3724 4380//3725
f 4416//3761 4380//3725 4417//3762
f 4417//3762 4380//3725 4381//3726
f 4417//3762 4381//3726 4418//3763
f 4418//3763 4381//3726 4382//3727
f 4418//3763 4382//3727 4419//3764
f 4419//3764 4382//3727 4383//3728
f 4419//3764 4383//3728 4420//3765
f 4420//3765 4383//3728 4126//3471
f 4420//3765 4126//3471 4421//3766
f 4421//3766 4126//3471 4128//3473
f 4421//3766 4128//3473 4422//3767
f 4423//3768 4384//3729 4424//3769
f 4424//3769 4384//3729 4385//3730
f 4424//3769 4385//3730 4425//3770
f 4425//3770 4385//3730 4386//3731
f 4425//3770 4386//3731 4426//3771
f 4426//3771 4386//3731 4387//3732
f 4426//3771 4387//3732 4427//3772
f 4427//3772 4387//3732 4388//3733
f 4427//3772 4388//3733 4428//3773
f 4428//3773 4388//3733 4389//3734
f 4428//3773 4389//3734 4429//3774
f 4429//3774 4389//3734 4390//3735
f 4429//3774 4390//3735 4430//3775
f 4430//3775 4390//3735 4391//3736
f 4430//3775 4391//3736 4431//3776
f 4431//3776 4391//3736 4392//3737
f 4431//3776 4392//3737 4432//3777
f 4432//3777 4392//3737 4393//3738
f 4432//3777 4393//3738 4433//3778
f 4433//3778 4393//3738 4394//3739
f 4433//3778 4394//3739 4434//3779
f 4434//3779 4394//3739 4395//3740
f 4434//3779 4395//3740 4435//3780
f 4396//3741 4436//3781 4397//3742
f 4397//3742 4436//3781 4437//3782
f 4397//3742 4437//3782 4398//3743
f 4398//3743 4437//3782 4438//3783
f 4398//3743 4438//3783 4399//3744
f 4399//3744 4438//3783 4439//3784
f 4399//3744 4439//3784 4400//3745
f 4400//3745 4439//3784 4440//3785
f 4400//3745 4440//3785 4401//3746
f 4401//3746 4440//3785 4441//3786
f 4401//3746 4441//3786 4402//3747
f 4402//3747 4441//3786 4442//3787
f 4402//3747 4442//3787 4403//3748
f 4403//3748 4442//3787 4443//3788
f 4403//3748 4443//3788 4404//3749
f 4404//3749 4443//3788 4444//3789
f 4404//3749 4444//3789 4405//3750
f 4405//3750 4444//3789 4445//3790
f 4405//3750 4445//3790 4406//3751
f 4406//3751 4445//3790 4446//3791
f 4406//3751 4446//3791 4407//3752
f 4407//3752 4446//3791 4447//3792
f 4407//3752 4447//3792 4408//3753
f 4408//3753 4447//3792 4448//3793
f 4408//3753 4448//3793 4409//3754
f 4409//3754 4448//3793 4449//3794
f 4450//3795 4423//3768 4451//3796
f 4451//3796 4423//3768 4424//3769
f 4451//3796 4424//3769 4452//3797
f 4452//3797 4424//3769 4425//3770
f 4452//3797 4425//3770 4453//3798
f 4453//3798 4425//3770 4426//3771
f 4453//3798 4426//3771 4454//3799
f 4454//3799 4426//3771 4427//3772
f 4454//3799 4427//3772 4455//3800
f 4455//3800 4427//3772 4428//3773
f 4455//3800 4428//3773 4456//3801
f 4456//3801 4428//3773 4429//3774
f 4456//3801 4429//3774 4457//3802
f 4457//3802 4429//3774 4430//3775
f 4457//3802 4430//3775 4458//3803
f 4458//3803 4430//3775 4431//3776
f 4458//3803 4431//3776 4459//3804
f 4459//3804 4431//3776 4432//3777
f 4459//3804 4432//3777 4460//3805
f 4460//3805 4432//3777 4433//3778
f 4460//3805 4433//3778 4461//3806
f 4461//3806 4433//3778 4434//3779
f 4461//3806 4434//3779 4462//3807
f 4462//3807 4434//3779 4435//3780
f 4462//3807 4435//3780 4463//3808
f 4436//3781 3832//3179 4437//3782
f 4437//3782 3832//3179 3766//3113
f 4437//3782 3766//3113 4438//3783
f 4438//3783 3766//3113 3793//3140
f 4438//3783 3793//3140 4439//3784
f 4439//3784 3793//3140 3792//3139
f 4439//3784 3792//3139 4440//3785
f 4440//3785 3792//3139 3790//3137
f 4440//3785 3790//3137 4441//3786
f 4441//3786 3790//3137 3820//3167
f 4441//3786 3820//3167 4442//3787
f 4442//3787 3820//3167 3819//3166
f 4442//3787 3819//3166 4443//3788
f 4443//3788 3819//3166 3818//3165
f 4443//3788 3818//3165 4444//3789
f 4444//3789 3818//3165 3745//3093
f 4444//3789 3745//3093 4445//3790
f 4445//3790 3745//3093 3825//3172
f 4445//3790 3825//3172 4446//3791
f 4446//3791 3825//3172 3824//3171
f 4446//3791 3824//3171 4447//3792
f 4447//3792 3824//3171 3822//3169
f 4447//3792 3822//3169 4448//3793
f 4448//3793 3822//3169 3828//3175
f 4448//3793 3828//3175 4449//3794
f 4449//3794 3828//3175 3827//3174
f 4449//3794 3827//3174 3826//3173
f 4124//3469 4123//3468 4087//3432
f 4087//3432 4123//3468 4163//3508
f 4087//3432 4163//3508 4088//3433
f 4088//3433 4163//3508 4181//3526
f 4088//3433 4181//3526 4464//3809
f 4464//3809 4181//3526 4203//3548
f 4464//3809 4203//3548 4465//3810
f 4465//3810 4203//3548 4214//3559
f 4465//3810 4214//3559 4466//3811
f 4466//3811 4214//3559 4251//3596
f 4466//3811 4251//3596 4467//3812
f 4467//3812 4251//3596 4281//3626
f 4467//3812 4281//3626 4468//3813
f 4468//3813 4281//3626 4313//3658
f 4468//3813 4313//3658 4469//3814
f 4469//3814 4313//3658 4341//3686
f 4469//3814 4341//3686 4470//3815
f 4470//3815 4341//3686 4373//3718
f 4470//3815 4373//3718 4471//3816
f 4471//3816 4373//3718 4409//3754
f 4471//3816 4409//3754 4472//3817
f 4472//3817 4409//3754 4449//3794
f 4472//3817 4449//3794 4473//3818
f 4473//3818 4449//3794 3826//3173
f 4473//3818 3826//3173 3797//3144
f 4086//3431 4088//3433 4474//3819
f 4474//3819 4088//3433 4464//3809
f 4474//3819 4464//3809 4475//3820
f 4475//3820 4464//3809 4465//3810
f 4475//3820 4465//3810 4476//3821
f 4476//3821 4465//3810 4466//3811
f 4476//3821 4466//3811 4477//3822
f 4477//3822 4466//3811 4467//3812
f 4477//3822 4467//3812 4478//3823
f 4478//3823 4467//3812 4468//3813
f 4478//3823 4468//3813 4479//3824
f 4479//3824 4468//3813 4469//3814
f 4479//3824 4469//3814 4480//3825
f 4480//3825 4469//3814 4470//3815
f 4480//3825 4470//3815 4481//3826
f 4481//3826 4470//3815 4471//3816
f 4481//3826 4471//3816 4482//3827
f 4482//3827 4471//3816 4472//3817
f 4482//3827 4472//3817 4483//3828
f 4483//3828 4472//3817 4473//3818
f 4483//3828 4473//3818 4484//3829
f 4484//3829 4473//3818 3797//3144
f 4484//3829 3797//3144 3795//3142
f 3795//3142 4410//3755 4484//3829
f 4484//3829 4410//3755 4411//3756
f 4484//3829 4411//3756 4483//3828
f 4483//3828 4411//3756 4412//3757
f 4483//3828 4412//3757 4482//3827
f 4482//3827 4412//3757 4413//3758
f 4482//3827 4413//3758 4481//3826
f 4481//3826 4413//3758 4414//3759
f 4481//3826 4414//3759 4480//3825
f 4480//3825 4414//3759 4415//3760
f 4480//3825 4415//3760 4479//3824
f 4479//3824 4415//3760 4416//3761
f 4479//3824 4416//3761 4478//3823
f 4478//3823 4416//3761 4417//3762
f 4478//3823 4417//3762 4477//3822
f 4477//3822 4417//3762 4418//3763
f 4477//3822 4418//3763 4476//3821
f 4476//3821 4418//3763 4419//3764
f 4476//3821 4419//3764 4475//3820
f 4475//3820 4419//3764 4420//3765
f 4475//3820 4420//3765 4474//3819
f 4474//3819 4420//3765 4421//3766
f 4474//3819 4421//3766 4086//3431
f 4086//3431 4421//3766 4422//3767
f 4086//3431 4422//3767 4087//3432
f 4087//3432 4422//3767 4485//3830
f 4087//3432 4485//3830 4125//3470
f 3795//3142 3794//3141 4410//3755
f 4410//3755 3794//3141 4486//3831
f 4410//3755 4486//3831 4374//3719
f 4374//3719 4486//3831 4487//3832
f 4374//3719 4487//3832 4342//3687
f 4342//3687 4487//3832 4488//3833
f 4342//3687 4488//3833 4314//3659
f 4314//3659 4488//3833 4489//3834
f 4314//3659 4489//3834 4282//3627
f 4282//3627 4489//3834 4490//3835
f 4282//3627 4490//3835 4252//3597
f 4252//3597 4490//3835 4491//3836
f 4252//3597 4491//3836 4226//3571
f 4226//3571 4491//3836 4492//3837
f 4226//3571 4492//3837 4204//3549
f 4204//3549 4492//3837 4493//3838
f 4204//3549 4493//3838 4182//3527
f 4182//3527 4493//3838 4494//3839
f 4182//3527 4494//3839 4164//3509
f 4164//3509 4494//3839 4495//3840
f 4164//3509 4495//3840 4145//3490
f 4145//3490 4495//3840 4496//3841
f 4145//3490 4496//3841 4143//3488
f 4143//3488 4496//3841 4091//3436
f 4143//3488 4091//3436 4141//3486
f 4141//3486 4091//3436 4090//3435
f 3794//3141 3748//3096 4486//3831
f 4486//3831 3748//3096 4497//3842
f 4486//3831 4497//3842 4487//3832
f 4487//3832 4497//3842 4498//3843
f 4487//3832 4498//3843 4488//3833
f 4488//3833 4498//3843 4499//3844
f 4488//3833 4499//3844 4489//3834
f 4489//3834 4499//3844 4500//3845
f 4489//3834 4500//3845 4490//3835
f 4490//3835 4500//3845 4501//3846
f 4490//3835 4501//3846 4491//3836
f 4491//3836 4501//3846 4502//3847
f 4491//3836 4502//3847 4492//3837
f 4492//3837 4502//3847 4503//3848
f 4492//3837 4503//3848 4493//3838
f 4493//3838 4503//3848 4504//3849
f 4493//3838 4504//3849 4494//3839
f 4494//3839 4504//3849 4505//3850
f 4494//3839 4505//3850 4495//3840
f 4495//3840 4505//3850 4506//3851
f 4495//3840 4506//3851 4496//3841
f 4496//3841 4506//3851 4507//3852
f 4496//3841 4507//3852 4091//3436
f 4091//3436 4507//3852 4508//3853
f 4091//3436 4508//3853 4089//3434
f 4089//3434 4508//3853 4509//3854
f 3748//3096 3776//3123 4497//3842
f 4497//3842 3776//3123 4463//3808
f 4497//3842 4463//3808 4498//3843
f 4498//3843 4463//3808 4435//3780
f 4498//3843 4435//3780 4499//3844
f 4499//3844 4435//3780 4395//3740
f 4499//3844 4395//3740 4500//3845
f 4500//3845 4395//3740 4361//3706
f 4500//3845 4361//3706 4501//3846
f 4501//3846 4361//3706 4329//3674
f 4501//3846 4329//3674 4502//3847
f 4502//3847 4329//3674 4299//3644
f 4502//3847 4299//3644 4503//3848
f 4503//3848 4299//3644 4267//3612
f 4503//3848 4267//3612 4504//3849
f 4504//3849 4267//3612 4237//3582
f 4504//3849 4237//3582 4505//3850
f 4505//3850 4237//3582 4213//3558
f 4505//3850 4213//3558 4506//3851
f 4506//3851 4213//3558 4190//3535
f 4506//3851 4190//3535 4507//3852
f 4507//3852 4190//3535 4168//3513
f 4507//3852 4168//3513 4508//3853
f 4508//3853 4168//3513 4146//3491
f 4508//3853 4146//3491 4509//3854
f 4509//3854 4146//3491 4148//3493
f 3760//3107 4450//3795 3806//3153
f 3806//3153 4450//3795 4451//3796
f 3806//3153 4451//3796 3807//3154
f 3807//3154 4451//3796 4452//3797
f 3807//3154 4452//3797 3809//3156
f 3809//3156 4452//3797 4453//3798
f 3809//3156 4453//3798 3810//3157
f 3810//3157 4453//3798 4454//3799
f 3810//3157 4454//3799 3780//3127
f 3780//3127 4454//3799 4455//3800
f 3780//3127 4455//3800 3781//3128
f 3781//3128 4455//3800 4456//3801
f 3781//3128 4456//3801 3769//3116
f 3769//3116 4456//3801 4457//3802
f 3769//3116 4457//3802 3801//3148
f 3801//3148 4457//3802 4458//3803
f 3801//3148 4458//3803 3802//3149
f 3802//3149 4458//3803 4459//3804
f 3802//3149 4459//3804 3804//3151
f 3804//3151 4459//3804 4460//3805
f 3804//3151 4460//3805 3805//3152
f 3805//3152 4460//3805 4461//3806
f 3805//3152 4461//3806 3799//3146
f 3799//3146 4461//3806 4462//3807
f 3799//3146 4462//3807 3800//3147
f 3800//3147 4462//3807 4463//3808
f 3800//3147 4463//3808 3778//3125
f 3778//3125 4463//3808 3776//3123
f 4510//3855 3927//507 4511//3856
f 4511//3856 3927//507 3929//3274
f 3887//3234 4512//3857 3867//3214
f 3867//3214 4512//3857 3869//3216
f 3305//2758 3927//507 3303//2756
f 3303//2756 3927//507 4510//3855
f 3303//2756 4510//3855 168//168
f 168//168 4510//3855 4513//3267
f 168//168 4513//3267 302//302
f 302//302 4513//3267 4512//3857
f 302//302 4512//3857 3847//3194
f 3847//3194 4512//3857 3887//3234
f 3328//2781 135//135 4514//3271
f 3922//507 3308//2761 3328//2781
f 4514//3271 135//135 4515//3858
f 4515//3858 135//135 177//177
f 4515//3858 177//177 3689//3037
f 3689//3037 3690//3038 4515//3858
f 4515//3858 3690//3038 3667//3015
f 4515//3858 3667//3015 3666//3014
f 3923//3269 3922//507 4516//3859
f 4516//3859 3922//507 3328//2781
f 4516//3859 3328//2781 4517//3860
f 4517//3860 3328//2781 4514//3271
f 4084//3429 3513//2919 3515//2921
f 3533//2939 3573//2949 4518//3861
f 4519//3862 4520//3863 4521//3864
f 4522//3865 4523//3866 4524//3867
f 4525//3868 4526//3869 4527//3870
f 4080//3425 4300//3645 4528//3871
f 4528//3871 4300//3645 4268//3613
f 4528//3871 4268//3613 4238//3583
f 4074//3419 4081//3426 4529//3872
f 4081//3426 4080//3425 4529//3872
f 4529//3872 4080//3425 4528//3871
f 4529//3872 4528//3871 4530//3873
f 4530//3873 4531//3874 4529//3872
f 4529//3872 4531//3874 4532//3875
f 4529//3872 4532//3875 4074//3419
f 4533//3876 4534//3877 4535//3878
f 4535//3878 4534//3877 4536//3879
f 4535//3878 4536//3879 4537//3880
f 4537//3880 4536//3879 4538//3881
f 4520//3863 4519//3862 4539//3882
f 4539//3882 4519//3862 4540//3883
f 4539//3882 4540//3883 4541//3884
f 4542//3885 4543//3886 4544//3887
f 4522//3865 4524//3867 4545//3888
f 4545//3888 4524//3867 4542//3885
f 4545//3888 4542//3885 4546//3889
f 4546//3889 4542//3885 4544//3887
f 4546//3889 4544//3887 4547//3890
f 4548//3891 4541//3884 4538//3881
f 4538//3881 4541//3884 4540//3883
f 4538//3881 4540//3883 4537//3880
f 4537//3880 4540//3883 4519//3862
f 4537//3880 4519//3862 4549//3892
f 4549//3892 4519//3862 4521//3864
f 4549//3892 4521//3864 4550//3893
f 4551//3894 4552//3895 4553//3896
f 4553//3896 4552//3895 4554//3897
f 4555//3898 4556//3899 4557//3900
f 4558//3901 4556//3899 4559//3902
f 4559//3902 4556//3899 4555//3898
f 4559//3902 4555//3898 4518//3861
f 4560//3903 4238//3583 4084//3429
f 4561//3904 4562//3905 4563//3906
f 4563//3906 4562//3905 4564//3907
f 4563//3906 4564//3907 4565//3908
f 4565//3908 4564//3907 4551//3894
f 4565//3908 4551//3894 4557//3900
f 4557//3900 4551//3894 4553//3896
f 4557//3900 4553//3896 4555//3898
f 4555//3898 4553//3896 4554//3897
f 4555//3898 4554//3897 4518//3861
f 4518//3861 4554//3897 3531//2937
f 4518//3861 3531//2937 3533//2939
f 4238//3583 4560//3903 4528//3871
f 4528//3871 4560//3903 4566//3909
f 4528//3871 4566//3909 4530//3873
f 4530//3873 4566//3909 4526//3869
f 4530//3873 4526//3869 4531//3874
f 4531//3874 4526//3869 4525//3868
f 4531//3874 4525//3868 4567//3910
f 3515//2921 3523//2929 4561//3904
f 4561//3904 3523//2929 3530//2936
f 4561//3904 3530//2936 4562//3905
f 4562//3905 3530//2936 3539//2945
f 4562//3905 3539//2945 4564//3907
f 4564//3907 3539//2945 3538//2944
f 4564//3907 3538//2944 4551//3894
f 4551//3894 3538//2944 3535//2941
f 4551//3894 3535//2941 4552//3895
f 4552//3895 3535//2941 3482//2892
f 4552//3895 3482//2892 4554//3897
f 4554//3897 3482//2892 3481//2891
f 4554//3897 3481//2891 3531//2937
f 4568//3911 4569//3912 4570//3913
f 4570//3913 4569//3912 4571//3914
f 4570//3913 4571//3914 4550//3893
f 4550//3893 4571//3914 4572//3915
f 4550//3893 4572//3915 4549//3892
f 4549//3892 4572//3915 4573//3916
f 4549//3892 4573//3916 4537//3880
f 4537//3880 4573//3916 4527//3870
f 4537//3880 4527//3870 4535//3878
f 4535//3878 4527//3870 4526//3869
f 4535//3878 4526//3869 4533//3876
f 4533//3876 4526//3869 4566//3909
f 4569//3912 4547//3890 4571//3914
f 4571//3914 4547//3890 4544//3887
f 4571//3914 4544//3887 4572//3915
f 4572//3915 4544//3887 4543//3886
f 4572//3915 4543//3886 4573//3916
f 4573//3916 4543//3886 4542//3885
f 4573//3916 4542//3885 4527//3870
f 4527//3870 4542//3885 4524//3867
f 4527//3870 4524//3867 4525//3868
f 4525//3868 4524//3867 4523//3866
f 4525//3868 4523//3866 4567//3910
f 4084//3429 3515//2921 4560//3903
f 4560//3903 3515//2921 4561//3904
f 4560//3903 4561//3904 4566//3909
f 4566//3909 4561//3904 4563//3906
f 4566//3909 4563//3906 4533//3876
f 4533//3876 4563//3906 4565//3908
f 4533//3876 4565//3908 4534//3877
f 4534//3877 4565//3908 4557//3900
f 4534//3877 4557//3900 4536//3879
f 4536//3879 4557//3900 4556//3899
f 4536//3879 4556//3899 4538//3881
f 4538//3881 4556//3899 4558//3901
f 4538//3881 4558//3901 4548//3891
f 4574//3917 4575//3918 4576//3919
f 4577//3920 4578//3921 4579//3922
f 4580//3923 3422//2858 3413//2849
f 3422//2858 4580//3923 3421//2857
f 4581//3924 4582//3925 4583//3926
f 3418//2854 3420//2856 4584//3927
f 4585//3928 4586//3929 4587//3930
f 3427//2863 3426//2862 4588//3931
f 4589//3932 4590//3933 4591//3934
f 4592//3935 4593//3936 4594//3937
f 4594//3937 4593//3936 4595//3938
f 4594//3937 4595//3938 4596//3939
f 4596//3939 4597//3940 4594//3937
f 4594//3937 4597//3940 4598//3941
f 4594//3937 4598//3941 4592//3935
f 4592//3935 4598//3941 4599//3942
f 4596//3939 4600//3943 4597//3940
f 4597//3940 4600//3943 4601//3944
f 4597//3940 4601//3944 4598//3941
f 4598//3941 4601//3944 4602//3945
f 4598//3941 4602//3945 4599//3942
f 4599//3942 4602//3945 4603//3946
f 4603//3946 4604//3947 4599//3942
f 4599//3942 4604//3947 4605//3948
f 4599//3942 4605//3948 4592//3935
f 4592//3935 4605//3948 4606//3949
f 4592//3935 4606//3949 4593//3936
f 4593//3936 4606//3949 4607//3950
f 4593//3936 4607//3950 4608//3951
f 4609//3952 4610//3953 4611//3954
f 4612//3955 4613//3956 4614//3957
f 4614//3957 4613//3956 4615//3958
f 4614//3957 4615//3958 4616//3959
f 4617//3960 4618//3961 4619//3962
f 4619//3962 4618//3961 4620//3963
f 4618//3961 4610//3953 4620//3963
f 4620//3963 4610//3953 4609//3952
f 4620//3963 4609//3952 4621//3964
f 4622//3965 4623//3966 4621//3964
f 4621//3964 4623//3966 4620//3963
f 4620//3963 4623//3966 4624//3967
f 4620//3963 4624//3967 4619//3962
f 4612//3955 4291//3636 4078//3423
f 4578//3921 4586//3929 4579//3922
f 4579//3922 4586//3929 4585//3928
f 4579//3922 4585//3928 4625//3968
f 4260//3605 4588//3931 4231//3576
f 4231//3576 4588//3931 3426//2862
f 4231//3576 3426//2862 3470//2882
f 3416//2852 3418//2854 4583//3926
f 4583//3926 3418//2854 4584//3927
f 4583//3926 4584//3927 4581//3924
f 4581//3924 4584//3927 4626//3969
f 4591//3934 4590//3933 4627//3970
f 4627//3970 4590//3933 4628//3971
f 4627//3970 4628//3971 4629//3972
f 4629//3972 4628//3971 4630//3973
f 4629//3972 4630//3973 4631//3974
f 4626//3969 4575//3918 4581//3924
f 4581//3924 4575//3918 4574//3917
f 4581//3924 4574//3917 4582//3925
f 4582//3925 4574//3917 4632//3975
f 4595//3938 4589//3932 4596//3939
f 4596//3939 4589//3932 4591//3934
f 4596//3939 4591//3934 4600//3943
f 4600//3943 4591//3934 4627//3970
f 4600//3943 4627//3970 4576//3919
f 4576//3919 4627//3970 4629//3972
f 4576//3919 4629//3972 4574//3917
f 4574//3917 4629//3972 4631//3974
f 4574//3917 4631//3974 4632//3975
f 3427//2863 4588//3931 3428//2864
f 3428//2864 4588//3931 4587//3930
f 3428//2864 4587//3930 3429//2865
f 3429//2865 4587//3930 4586//3929
f 3429//2865 4586//3929 3430//2866
f 3430//2866 4586//3929 4578//3921
f 3430//2866 4578//3921 3413//2849
f 3413//2849 4578//3921 4577//3920
f 3413//2849 4577//3920 4580//3923
f 4612//3955 4078//3423 4613//3956
f 4613//3956 4078//3423 4077//3422
f 4613//3956 4077//3422 4072//3417
f 4611//3954 4616//3959 4609//3952
f 4609//3952 4616//3959 4615//3958
f 4609//3952 4615//3958 4621//3964
f 4621//3964 4615//3958 4613//3956
f 4621//3964 4613//3956 4622//3965
f 4622//3965 4613//3956 4072//3417
f 4622//3965 4072//3417 4071//3416
f 4260//3605 4291//3636 4588//3931
f 4588//3931 4291//3636 4612//3955
f 4588//3931 4612//3955 4587//3930
f 4587//3930 4612//3955 4614//3957
f 4587//3930 4614//3957 4585//3928
f 4585//3928 4614//3957 4616//3959
f 4585//3928 4616//3959 4625//3968
f 4625//3968 4616//3959 4611//3954
f 4617//3960 4603//3946 4618//3961
f 4618//3961 4603//3946 4602//3945
f 4618//3961 4602//3945 4610//3953
f 4610//3953 4602//3945 4601//3944
f 4610//3953 4601//3944 4611//3954
f 4611//3954 4601//3944 4600//3943
f 4611//3954 4600//3943 4625//3968
f 4625//3968 4600//3943 4576//3919
f 4625//3968 4576//3919 4579//3922
f 4579//3922 4576//3919 4575//3918
f 4579//3922 4575//3918 4577//3920
f 4577//3920 4575//3918 4626//3969
f 4577//3920 4626//3969 4580//3923
f 4580//3923 4626//3969 4584//3927
f 4580//3923 4584//3927 3421//2857
f 3421//2857 4584//3927 3420//2856
f 3599//2967 3598//2966 4633//3976
f 4634//3977 4635//3978 4636//3979
f 4637//3980 4638//3981 4639//3982
f 4639//3982 4638//3981 4640//3983
f 4639//3982 4640//3983 4641//3984
f 4641//3984 4640//3983 4642//3985
f 4643//3986 4644//3987 4645//3988
f 4645//3988 4644//3987 4646//3989
f 4645//3988 4646//3989 4647//3990
f 3737//3085 4643//3986 4648//3991
f 4648//3991 4643//3986 4645//3988
f 4648//3991 4645//3988 4649//3992
f 4649//3992 4645//3988 4647//3990
f 4649//3992 4647//3990 4650//3993
f 4651//3994 4652//3995 4653//3996
f 4653//3996 4652//3995 4654//3997
f 4653//3996 4654//3997 4655//3998
f 4655//3998 4654//3997 4656//3999
f 4635//3978 4634//3977 4657//4000
f 4657//4000 4634//3977 4658//4001
f 4657//4000 4658//4001 4659//4002
f 4660//4003 4661//4004 4662//4005
f 4662//4005 4661//4004 4663//4006
f 4662//4005 4663//4006 4633//3976
f 4633//3976 3598//2966 4662//4005
f 4662//4005 3598//2966 3593//2961
f 4662//4005 3593//2961 4660//4003
f 3592//2960 3642//2990 4664//4007
f 3640//2988 3639//2987 4665//4008
f 4665//4008 3639//2987 3638//2986
f 4665//4008 3638//2986 3416//2852
f 3593//2961 3592//2960 4660//4003
f 4660//4003 3592//2960 4664//4007
f 4660//4003 4664//4007 4661//4004
f 4661//4004 4664//4007 4666//4009
f 4661//4004 4666//4009 4663//4006
f 4663//4006 4666//4009 4667//4010
f 4663//4006 4667//4010 4636//3979
f 4636//3979 4667//4010 4668//4011
f 4636//3979 4668//4011 4634//3977
f 4634//3977 4668//4011 4669//4012
f 4634//3977 4669//4012 4658//4001
f 4670//4013 3573//2949 3620//2973
f 4671//4014 4672//4015 4673//4016
f 4673//4016 4672//4015 4674//4017
f 4673//4016 4674//4017 4675//4018
f 4675//4018 4674//4017 4676//4019
f 4675//4018 4676//4019 4677//4020
f 4677//4020 4676//4019 4670//4013
f 4677//4020 4670//4013 4678//4021
f 4678//4021 4670//4013 3620//2973
f 4678//4021 3620//2973 3622//2975
f 4641//3984 4671//4014 4639//3982
f 4639//3982 4671//4014 4673//4016
f 4639//3982 4673//4016 4637//3980
f 4637//3980 4673//4016 4675//4018
f 4637//3980 4675//4018 4679//4022
f 4679//4022 4675//4018 4677//4020
f 4679//4022 4677//4020 4680//4023
f 4680//4023 4677//4020 4678//4021
f 3596//2964 3595//2963 4681//4024
f 4681//4024 3595//2963 3599//2967
f 4681//4024 3599//2967 4682//4025
f 4682//4025 3599//2967 4633//3976
f 4682//4025 4633//3976 4683//4026
f 4683//4026 4633//3976 4663//4006
f 4683//4026 4663//4006 4684//4027
f 4684//4027 4663//4006 4636//3979
f 4684//4027 4636//3979 4685//4028
f 4685//4028 4636//3979 4635//3978
f 4686//4029 4651//3994 4687//4030
f 4687//4030 4651//3994 4653//3996
f 4687//4030 4653//3996 4688//4031
f 4688//4031 4653//3996 4655//3998
f 4688//4031 4655//3998 4689//4032
f 4689//4032 4655//3998 4656//3999
f 4689//4032 4656//3999 3842//3189
f 4686//4029 4650//3993 4651//3994
f 4651//3994 4650//3993 4647//3990
f 4651//3994 4647//3990 4652//3995
f 4652//3995 4647//3990 4646//3989
f 4652//3995 4646//3989 4638//3981
f 4638//3981 4646//3989 4644//3987
f 4638//3981 4644//3987 4640//3983
f 4640//3983 4644//3987 4643//3986
f 4640//3983 4643//3986 4642//3985
f 4642//3985 4643//3986 3737//3085
f 3642//2990 3640//2988 4664//4007
f 4664//4007 3640//2988 4665//4008
f 4664//4007 4665//4008 4666//4009
f 4666//4009 4665//4008 4690//4033
f 4666//4009 4690//4033 4667//4010
f 4667//4010 4690//4033 4691//4034
f 4667//4010 4691//4034 4668//4011
f 4668//4011 4691//4034 4692//4035
f 4668//4011 4692//4035 4669//4012
f 3622//2975 3596//2964 4678//4021
f 4678//4021 3596//2964 4681//4024
f 4678//4021 4681//4024 4680//4023
f 4680//4023 4681//4024 4682//4025
f 4680//4023 4682//4025 4679//4022
f 4679//4022 4682//4025 4683//4026
f 4679//4022 4683//4026 4637//3980
f 4637//3980 4683//4026 4684//4027
f 4637//3980 4684//4027 4638//3981
f 4638//3981 4684//4027 4685//4028
f 4638//3981 4685//4028 4652//3995
f 4652//3995 4685//4028 4635//3978
f 4652//3995 4635//3978 4654//3997
f 4654//3997 4635//3978 4657//4000
f 4654//3997 4657//4000 4656//3999
f 4656//3999 4657//4000 4659//4002
f 4656//3999 4659//4002 3842//3189
f 4693//4036 4694//4037 4695//4038
f 4695//4038 4694//4037 4696//4039
f 4697//4040 4698//4041 3917//3264
f 3917//3264 4698//4041 4699//4042
f 3917//3264 4699//4042 3918//3265
f 4700//4043 4701//4044 4702//4045
f 4702//4045 4701//4044 4703//4046
f 4702//4045 4703//4046 4704//4047
f 4705//4048 4706//4049 4707//4050
f 4707//4050 4706//4049 4702//4045
f 4707//4050 4702//4045 4708//4051
f 4708//4051 4702//4045 4704//4047
f 4705//4048 4709//4052 4706//4049
f 4706//4049 4709//4052 4710//4053
f 4706//4049 4710//4053 4695//4038
f 4695//4038 4710//4053 4711//4054
f 4695//4038 4711//4054 4693//4036
f 3735//3083 3737//3085 4712//4055
f 4712//4055 3737//3085 4648//3991
f 4712//4055 4648//3991 4713//4056
f 4713//4056 4648//3991 4649//3992
f 4713//4056 4649//3992 4714//4057
f 4714//4057 4649//3992 4650//3993
f 4714//4057 4650//3993 4715//4058
f 4715//4058 4650//3993 4686//4029
f 4715//4058 4686//4029 4716//4059
f 4716//4059 4686//4029 4687//4030
f 4716//4059 4687//4030 4717//4060
f 4717//4060 4687//4030 4688//4031
f 4717//4060 4688//4031 4718//4061
f 4718//4061 4688//4031 4689//4032
f 4718//4061 4689//4032 3841//3188
f 3841//3188 4689//4032 3842//3189
f 3733//3081 3735//3083 4719//4062
f 4719//4062 3735//3083 4712//4055
f 4719//4062 4712//4055 4720//4063
f 4720//4063 4712//4055 4713//4056
f 4720//4063 4713//4056 4721//4064
f 4721//4064 4713//4056 4714//4057
f 4721//4064 4714//4057 4722//4065
f 4722//4065 4714//4057 4715//4058
f 4722//4065 4715//4058 4723//4066
f 4723//4066 4715//4058 4716//4059
f 4723//4066 4716//4059 4724//4067
f 4724//4067 4716//4059 4717//4060
f 4724//4067 4717//4060 4725//4068
f 4725//4068 4717//4060 4718//4061
f 4725//4068 4718//4061 3900//3247
f 3900//3247 4718//4061 3841//3188
f 3731//3079 3733//3081 4726//4069
f 4726//4069 3733//3081 4719//4062
f 4726//4069 4719//4062 4727//4070
f 4727//4070 4719//4062 4720//4063
f 4727//4070 4720//4063 4695//4038
f 4695//4038 4720//4063 4721//4064
f 4695//4038 4721//4064 4706//4049
f 4706//4049 4721//4064 4722//4065
f 4706//4049 4722//4065 4702//4045
f 4702//4045 4722//4065 4723//4066
f 4702//4045 4723//4066 4728//4071
f 4728//4071 4723//4066 4724//4067
f 4728//4071 4724//4067 4729//4072
f 4729//4072 4724//4067 4725//4068
f 4729//4072 4725//4068 3878//3225
f 3878//3225 4725//4068 3900//3247
f 3930//3275 4700//4043 3931//3276
f 3931//3276 4700//4043 4702//4045
f 3931//3276 4702//4045 3932//3277
f 3932//3277 4702//4045 4728//4071
f 3932//3277 4728//4071 3933//3278
f 3933//3278 4728//4071 4729//4072
f 3933//3278 4729//4072 3879//3226
f 3879//3226 4729//4072 3878//3225
f 3730//3078 3731//3079 3934//3279
f 3934//3279 3731//3079 4726//4069
f 3934//3279 4726//4069 3924//3270
f 3924//3270 4726//4069 4727//4070
f 3924//3270 4727//4070 3917//3264
f 3917//3264 4727//4070 4695//4038
f 3917//3264 4695//4038 4697//4040
f 4697//4040 4695//4038 4696//4039
f 4730//4073 4731//4074 4732//4075
f 4733//4076 4734//4077 4735//4078
f 4736//4079 4737//4080 4738//4081
f 3287//2740 3288//2741 4739//4082
f 4740//4083 4741//4084 4742//4085
f 4743//4086 4744//4087 4745//4088
f 4746//4089 3261//2714 3263//2716
f 3262//2715 4747//4090 3263//2716
f 3263//2716 4747//4090 4748//4091
f 3263//2716 4748//4091 4746//4089
f 4746//4089 4748//4091 4749//4092
f 4746//4089 4749//4092 4750//4093
f 4750//4093 4749//4092 4751//4094
f 4750//4093 4751//4094 4752//4095
f 4739//4082 3288//2741 4753//4096
f 4753//4096 3288//2741 3289//2742
f 4753//4096 3289//2742 4754//4097
f 4754//4097 3289//2742 3290//2743
f 4754//4097 3290//2743 3291//2744
f 4755//4098 4756//4099 4757//4100
f 4757//4100 4756//4099 4758//4101
f 4757//4100 4758//4101 3242//2695
f 4759//4102 4752//4095 4760//4103
f 4760//4103 4752//4095 4751//4094
f 4760//4103 4751//4094 4761//4104
f 4761//4104 4751//4094 4762//4105
f 4761//4104 4762//4105 4763//4106
f 4763//4106 4762//4105 4764//4107
f 4763//4106 4764//4107 4765//4108
f 4738//4081 4737//4080 4766//4109
f 4568//3911 4734//4077 4767//4110
f 4767//4110 4734//4077 4733//4076
f 4767//4110 4733//4076 4768//4111
f 4769//4112 4770//4113 4771//4114
f 4771//4114 4770//4113 4772//4115
f 4771//4114 4772//4115 4773//4116
f 4773//4116 4772//4115 4774//4117
f 4773//4116 4774//4117 4775//4118
f 4775//4118 4774//4117 4737//4080
f 4775//4118 4737//4080 4776//4119
f 4776//4119 4737//4080 4736//4079
f 4770//4113 4759//4102 4772//4115
f 4772//4115 4759//4102 4760//4103
f 4772//4115 4760//4103 4774//4117
f 4774//4117 4760//4103 4761//4104
f 4774//4117 4761//4104 4737//4080
f 4737//4080 4761//4104 4763//4106
f 4737//4080 4763//4106 4766//4109
f 4766//4109 4763//4106 4765//4108
f 4777//4120 4778//4121 4779//4122
f 4779//4122 4778//4121 4608//3951
f 4779//4122 4608//3951 4780//4123
f 4781//4124 4730//4073 4782//4125
f 4782//4125 4730//4073 4783//4126
f 4784//4127 4785//4128 4786//4129
f 4786//4129 4785//4128 4787//4130
f 4786//4129 4787//4130 4788//4131
f 4788//4131 4787//4130 4777//4120
f 4788//4131 4777//4120 4789//4132
f 4789//4132 4777//4120 4779//4122
f 4789//4132 4779//4122 4790//4133
f 4790//4133 4779//4122 4780//4123
f 4790//4133 4780//4123 4791//4134
f 4730//4073 4732//4075 4783//4126
f 4783//4126 4732//4075 4792//4135
f 4783//4126 4792//4135 4793//4136
f 4793//4136 4792//4135 4794//4137
f 4793//4136 4794//4137 4795//4138
f 4795//4138 4794//4137 4796//4139
f 4795//4138 4796//4139 4797//4140
f 4797//4140 4796//4139 4742//4085
f 4797//4140 4742//4085 4745//4088
f 4745//4088 4742//4085 4741//4084
f 4745//4088 4741//4084 4743//4086
f 4745//4088 4784//4127 4797//4140
f 4797//4140 4784//4127 4786//4129
f 4797//4140 4786//4129 4795//4138
f 4795//4138 4786//4129 4788//4131
f 4795//4138 4788//4131 4793//4136
f 4793//4136 4788//4131 4789//4132
f 4793//4136 4789//4132 4783//4126
f 4783//4126 4789//4132 4790//4133
f 4783//4126 4790//4133 4782//4125
f 4782//4125 4790//4133 4791//4134
f 4782//4125 4791//4134 4781//4124
f 3242//2695 3287//2740 4757//4100
f 4757//4100 3287//2740 4739//4082
f 4757//4100 4739//4082 4755//4098
f 4755//4098 4739//4082 4753//4096
f 4755//4098 4753//4096 4798//4141
f 4798//4141 4753//4096 4754//4097
f 4798//4141 4754//4097 4799//4142
f 4799//4142 4754//4097 3291//2744
f 4799//4142 3291//2744 4800//4143
f 4800//4143 3291//2744 3292//2745
f 4800//4143 3292//2745 3293//2746
f 4769//4112 4756//4099 4770//4113
f 4770//4113 4756//4099 4755//4098
f 4770//4113 4755//4098 4759//4102
f 4759//4102 4755//4098 4798//4141
f 4759//4102 4798//4141 4752//4095
f 4752//4095 4798//4141 4799//4142
f 4752//4095 4799//4142 4750//4093
f 4750//4093 4799//4142 4800//4143
f 4750//4093 4800//4143 4746//4089
f 4746//4089 4800//4143 3293//2746
f 4746//4089 3293//2746 3261//2714
f 4738//4081 4801//4144 4736//4079
f 4736//4079 4801//4144 4768//4111
f 4736//4079 4768//4111 4776//4119
f 4776//4119 4768//4111 4733//4076
f 4776//4119 4733//4076 4775//4118
f 4775//4118 4733//4076 4735//4078
f 4775//4118 4735//4078 4773//4116
f 4773//4116 4735//4078 4802//4145
f 4773//4116 4802//4145 4771//4114
f 4771//4114 4802//4145 4803//4146
f 4771//4114 4803//4146 4769//4112
f 3135//2588 4744//4087 3268//2721
f 3268//2721 4744//4087 4743//4086
f 3268//2721 4743//4086 3266//2719
f 3266//2719 4743//4086 4741//4084
f 3266//2719 4741//4084 3262//2715
f 3262//2715 4741//4084 4740//4083
f 3262//2715 4740//4083 4747//4090
f 4747//4090 4740//4083 4742//4085
f 4747//4090 4742//4085 4748//4091
f 4748//4091 4742//4085 4796//4139
f 4748//4091 4796//4139 4749//4092
f 4749//4092 4796//4139 4794//4137
f 4749//4092 4794//4137 4751//4094
f 4751//4094 4794//4137 4792//4135
f 4751//4094 4792//4135 4762//4105
f 4762//4105 4792//4135 4732//4075
f 4762//4105 4732//4075 4764//4107
f 4764//4107 4732//4075 4731//4074
f 4764//4107 4731//4074 4765//4108
f 4642//3985 3737//3085 4804//4147
f 4804//4147 3737//3085 4049//3394
f 4804//4147 4049//3394 4805//4148
f 4805//4148 4049//3394 4035//3380
f 4805//4148 4035//3380 4806//4149
f 4806//4149 4035//3380 4034//3379
f 4806//4149 4034//3379 4807//4150
f 4807//4150 4034//3379 4033//3378
f 4807//4150 4033//3378 4808//4151
f 4808//4151 4033//3378 4032//3377
f 4808//4151 4032//3377 4809//4152
f 4809//4152 4032//3377 4031//3376
f 4809//4152 4031//3376 4810//4153
f 4810//4153 4031//3376 4066//3411
f 4810//4153 4066//3411 4811//4154
f 4811//4154 4066//3411 4059//3404
f 4811//4154 4059//3404 4812//4155
f 4812//4155 4059//3404 4054//3399
f 4812//4155 4054//3399 4056//3401
f 4641//3984 4642//3985 4813//4156
f 4813//4156 4642//3985 4804//4147
f 4813//4156 4804//4147 4814//4157
f 4814//4157 4804//4147 4805//4148
f 4814//4157 4805//4148 4815//4158
f 4815//4158 4805//4148 4806//4149
f 4815//4158 4806//4149 4816//4159
f 4816//4159 4806//4149 4807//4150
f 4816//4159 4807//4150 4817//4160
f 4817//4160 4807//4150 4808//4151
f 4817//4160 4808//4151 4818//4161
f 4818//4161 4808//4151 4809//4152
f 4818//4161 4809//4152 4819//4162
f 4819//4162 4809//4152 4810//4153
f 4819//4162 4810//4153 4820//4163
f 4820//4163 4810//4153 4811//4154
f 4820//4163 4811//4154 4821//4164
f 4821//4164 4811//4154 4812//4155
f 4671//4014 4641//3984 4822//4165
f 4822//4165 4641//3984 4813//4156
f 4822//4165 4813//4156 4823//4166
f 4823//4166 4813//4156 4814//4157
f 4823//4166 4814//4157 4824//4167
f 4824//4167 4814//4157 4815//4158
f 4824//4167 4815//4158 4825//4168
f 4825//4168 4815//4158 4816//4159
f 4825//4168 4816//4159 4826//4169
f 4826//4169 4816//4159 4817//4160
f 4826//4169 4817//4160 4827//4170
f 4827//4170 4817//4160 4818//4161
f 4827//4170 4818//4161 4828//4171
f 4828//4171 4818//4161 4819//4162
f 4828//4171 4819//4162 4829//4172
f 4829//4172 4819//4162 4820//4163
f 4829//4172 4820//4163 4830//4173
f 4830//4173 4820//4163 4821//4164
f 4672//4015 4671//4014 4831//4174
f 4831//4174 4671//4014 4822//4165
f 4831//4174 4822//4165 4832//4175
f 4832//4175 4822//4165 4823//4166
f 4832//4175 4823//4166 4833//4176
f 4833//4176 4823//4166 4824//4167
f 4833//4176 4824//4167 4834//4177
f 4834//4177 4824//4167 4825//4168
f 4834//4177 4825//4168 4835//4178
f 4835//4178 4825//4168 4826//4169
f 4835//4178 4826//4169 4836//4179
f 4836//4179 4826//4169 4827//4170
f 4836//4179 4827//4170 4837//4180
f 4837//4180 4827//4170 4828//4171
f 4837//4180 4828//4171 4838//4181
f 4838//4181 4828//4171 4829//4172
f 4838//4181 4829//4172 4839//4182
f 4839//4182 4829//4172 4830//4173
f 4674//4017 4672//4015 4840//4183
f 4840//4183 4672//4015 4831//4174
f 4840//4183 4831//4174 4841//4184
f 4841//4184 4831//4174 4832//4175
f 4841//4184 4832//4175 4842//4185
f 4842//4185 4832//4175 4833//4176
f 4842//4185 4833//4176 4843//4186
f 4843//4186 4833//4176 4834//4177
f 4843//4186 4834//4177 4844//4187
f 4844//4187 4834//4177 4835//4178
f 4844//4187 4835//4178 4845//4188
f 4845//4188 4835//4178 4836//4179
f 4845//4188 4836//4179 4846//4189
f 4846//4189 4836//4179 4837//4180
f 4846//4189 4837//4180 4847//4190
f 4847//4190 4837//4180 4838//4181
f 4847//4190 4838//4181 4848//4191
f 4848//4191 4838//4181 4839//4182
f 4676//4019 4674//4017 4849//4192
f 4849//4192 4674//4017 4840//4183
f 4849//4192 4840//4183 4850//4193
f 4850//4193 4840//4183 4841//4184
f 4850//4193 4841//4184 4851//4194
f 4851//4194 4841//4184 4842//4185
f 4851//4194 4842//4185 4852//4195
f 4852//4195 4842//4185 4843//4186
f 4852//4195 4843//4186 4853//4196
f 4853//4196 4843//4186 4844//4187
f 4853//4196 4844//4187 4854//4197
f 4854//4197 4844//4187 4845//4188
f 4854//4197 4845//4188 4855//4198
f 4855//4198 4845//4188 4846//4189
f 4855//4198 4846//4189 4856//4199
f 4856//4199 4846//4189 4847//4190
f 4856//4199 4847//4190 4857//4200
f 4857//4200 4847//4190 4848//4191
f 4670//4013 4676//4019 4858//4201
f 4858//4201 4676//4019 4849//4192
f 4858//4201 4849//4192 4859//4202
f 4859//4202 4849//4192 4850//4193
f 4859//4202 4850//4193 4860//4203
f 4860//4203 4850//4193 4851//4194
f 4860//4203 4851//4194 4861//4204
f 4861//4204 4851//4194 4852//4195
f 4861//4204 4852//4195 4862//4205
f 4862//4205 4852//4195 4853//4196
f 4862//4205 4853//4196 4863//4206
f 4863//4206 4853//4196 4854//4197
f 4863//4206 4854//4197 4864//4207
f 4864//4207 4854//4197 4855//4198
f 4864//4207 4855//4198 4865//4208
f 4865//4208 4855//4198 4856//4199
f 4865//4208 4856//4199 4866//4209
f 4866//4209 4856//4199 4857//4200
f 4568//3911 4866//4209 4734//4077
f 4734//4077 4866//4209 4857//4200
f 4734//4077 4857//4200 4735//4078
f 4735//4078 4857//4200 4848//4191
f 4735//4078 4848//4191 4802//4145
f 4802//4145 4848//4191 4839//4182
f 4802//4145 4839//4182 4803//4146
f 4803//4146 4839//4182 4830//4173
f 4803//4146 4830//4173 4769//4112
f 4769//4112 4830//4173 4821//4164
f 4769//4112 4821//4164 4756//4099
f 4756//4099 4821//4164 4812//4155
f 4756//4099 4812//4155 4758//4101
f 4758//4101 4812//4155 4056//3401
f 4758//4101 4056//3401 3242//2695
f 3573//2949 4670//4013 4518//3861
f 4518//3861 4670//4013 4858//4201
f 4518//3861 4858//4201 4559//3902
f 4559//3902 4858//4201 4859//4202
f 4559//3902 4859//4202 4558//3901
f 4558//3901 4859//4202 4860//4203
f 4558//3901 4860//4203 4548//3891
f 4548//3891 4860//4203 4861//4204
f 4548//3891 4861//4204 4541//3884
f 4541//3884 4861//4204 4862//4205
f 4541//3884 4862//4205 4539//3882
f 4539//3882 4862//4205 4863//4206
f 4539//3882 4863//4206 4520//3863
f 4520//3863 4863//4206 4864//4207
f 4520//3863 4864//4207 4521//3864
f 4521//3864 4864//4207 4865//4208
f 4521//3864 4865//4208 4550//3893
f 4550//3893 4865//4208 4866//4209
f 4550//3893 4866//4209 4570//3913
f 4570//3913 4866//4209 4568//3911
f 3842//3189 4659//4002 3935//3280
f 3935//3280 4659//4002 4867//4210
f 3935//3280 4867//4210 4003//3348
f 4003//3348 4867//4210 4868//4211
f 4003//3348 4868//4211 3999//3344
f 3999//3344 4868//4211 4869//4212
f 3999//3344 4869//4212 4000//3345
f 4000//3345 4869//4212 4870//4213
f 4000//3345 4870//4213 4001//3346
f 4001//3346 4870//4213 4871//4214
f 4001//3346 4871//4214 4002//3347
f 4002//3347 4871//4214 4872//4215
f 4002//3347 4872//4215 3953//3298
f 3953//3298 4872//4215 4873//4216
f 3953//3298 4873//4216 3954//3299
f 3954//3299 4873//4216 4874//4217
f 3954//3299 4874//4217 3950//3295
f 3950//3295 4874//4217 4875//4218
f 3950//3295 4875//4218 3951//3296
f 3951//3296 4875//4218 3135//2588
f 4659//4002 4658//4001 4867//4210
f 4867//4210 4658//4001 4876//4219
f 4867//4210 4876//4219 4868//4211
f 4868//4211 4876//4219 4877//4220
f 4868//4211 4877//4220 4869//4212
f 4869//4212 4877//4220 4878//4221
f 4869//4212 4878//4221 4870//4213
f 4870//4213 4878//4221 4879//4222
f 4870//4213 4879//4222 4871//4214
f 4871//4214 4879//4222 4880//4223
f 4871//4214 4880//4223 4872//4215
f 4872//4215 4880//4223 4881//4224
f 4872//4215 4881//4224 4873//4216
f 4873//4216 4881//4224 4882//4225
f 4873//4216 4882//4225 4874//4217
f 4874//4217 4882//4225 4883//4226
f 4874//4217 4883//4226 4875//4218
f 4875//4218 4883//4226 4884//4227
f 4658//4001 4669//4012 4876//4219
f 4876//4219 4669//4012 4885//4228
f 4876//4219 4885//4228 4877//4220
f 4877//4220 4885//4228 4886//4229
f 4877//4220 4886//4229 4878//4221
f 4878//4221 4886//4229 4887//4230
f 4878//4221 4887//4230 4879//4222
f 4879//4222 4887//4230 4888//4231
f 4879//4222 4888//4231 4880//4223
f 4880//4223 4888//4231 4889//4232
f 4880//4223 4889//4232 4881//4224
f 4881//4224 4889//4232 4890//4233
f 4881//4224 4890//4233 4882//4225
f 4882//4225 4890//4233 4891//4234
f 4882//4225 4891//4234 4883//4226
f 4883//4226 4891//4234 4892//4235
f 4883//4226 4892//4235 4884//4227
f 4884//4227 4892//4235 4893//4236
f 4669//4012 4692//4035 4885//4228
f 4885//4228 4692//4035 4894//4237
f 4885//4228 4894//4237 4886//4229
f 4886//4229 4894//4237 4895//4238
f 4886//4229 4895//4238 4887//4230
f 4887//4230 4895//4238 4896//4239
f 4887//4230 4896//4239 4888//4231
f 4888//4231 4896//4239 4897//4240
f 4888//4231 4897//4240 4889//4232
f 4889//4232 4897//4240 4898//4241
f 4889//4232 4898//4241 4890//4233
f 4890//4233 4898//4241 4899//4242
f 4890//4233 4899//4242 4891//4234
f 4891//4234 4899//4242 4900//4243
f 4891//4234 4900//4243 4892//4235
f 4892//4235 4900//4243 4901//4244
f 4892//4235 4901//4244 4893//4236
f 4893//4236 4901//4244 4902//4245
f 4692//4035 4691//4034 4894//4237
f 4894//4237 4691//4034 4903//4246
f 4894//4237 4903//4246 4895//4238
f 4895//4238 4903//4246 4904//4247
f 4895//4238 4904//4247 4896//4239
f 4896//4239 4904//4247 4905//4248
f 4896//4239 4905//4248 4897//4240
f 4897//4240 4905//4248 4906//4249
f 4897//4240 4906//4249 4898//4241
f 4898//4241 4906//4249 4907//4250
f 4898//4241 4907//4250 4899//4242
f 4899//4242 4907//4250 4908//4251
f 4899//4242 4908//4251 4900//4243
f 4900//4243 4908//4251 4909//4252
f 4900//4243 4909//4252 4901//4244
f 4901//4244 4909//4252 4910//4253
f 4901//4244 4910//4253 4902//4245
f 4902//4245 4910//4253 4911//4254
f 4691//4034 4690//4033 4903//4246
f 4903//4246 4690//4033 4912//4255
f 4903//4246 4912//4255 4904//4247
f 4904//4247 4912//4255 4913//4256
f 4904//4247 4913//4256 4905//4248
f 4905//4248 4913//4256 4914//4257
f 4905//4248 4914//4257 4906//4249
f 4906//4249 4914//4257 4915//4258
f 4906//4249 4915//4258 4907//4250
f 4907//4250 4915//4258 4916//4259
f 4907//4250 4916//4259 4908//4251
f 4908//4251 4916//4259 4917//4260
f 4908//4251 4917//4260 4909//4252
f 4909//4252 4917//4260 4918//4261
f 4909//4252 4918//4261 4910//4253
f 4910//4253 4918//4261 4919//4262
f 4910//4253 4919//4262 4911//4254
f 4911//4254 4919//4262 4920//4263
f 4690//4033 4665//4008 4912//4255
f 4912//4255 4665//4008 4921//4264
f 4912//4255 4921//4264 4913//4256
f 4913//4256 4921//4264 4922//4265
f 4913//4256 4922//4265 4914//4257
f 4914//4257 4922//4265 4923//4266
f 4914//4257 4923//4266 4915//4258
f 4915//4258 4923//4266 4924//4267
f 4915//4258 4924//4267 4916//4259
f 4916//4259 4924//4267 4925//4268
f 4916//4259 4925//4268 4917//4260
f 4917//4260 4925//4268 4926//4269
f 4917//4260 4926//4269 4918//4261
f 4918//4261 4926//4269 4927//4270
f 4918//4261 4927//4270 4919//4262
f 4919//4262 4927//4270 4928//4271
f 4919//4262 4928//4271 4920//4263
f 4920//4263 4928//4271 4929//4272
f 4665//4008 3416//2852 4921//4264
f 4921//4264 3416//2852 4583//3926
f 4921//4264 4583//3926 4922//4265
f 4922//4265 4583//3926 4582//3925
f 4922//4265 4582//3925 4923//4266
f 4923//4266 4582//3925 4632//3975
f 4923//4266 4632//3975 4924//4267
f 4924//4267 4632//3975 4631//3974
f 4924//4267 4631//3974 4925//4268
f 4925//4268 4631//3974 4630//3973
f 4925//4268 4630//3973 4926//4269
f 4926//4269 4630//3973 4628//3971
f 4926//4269 4628//3971 4927//4270
f 4927//4270 4628//3971 4590//3933
f 4927//4270 4590//3933 4928//4271
f 4928//4271 4590//3933 4589//3932
f 4928//4271 4589//3932 4929//4272
f 4929//4272 4589//3932 4595//3938
f 4929//4272 4595//3938 4593//3936
f 3135//2588 4875//4218 4744//4087
f 4744//4087 4875//4218 4884//4227
f 4744//4087 4884//4227 4745//4088
f 4745//4088 4884//4227 4893//4236
f 4745//4088 4893//4236 4784//4127
f 4784//4127 4893//4236 4902//4245
f 4784//4127 4902//4245 4785//4128
f 4785//4128 4902//4245 4911//4254
f 4785//4128 4911//4254 4787//4130
f 4787//4130 4911//4254 4920//4263
f 4787//4130 4920//4263 4777//4120
f 4777//4120 4920//4263 4929//4272
f 4777//4120 4929//4272 4778//4121
f 4778//4121 4929//4272 4593//3936
f 4778//4121 4593//3936 4608//3951
f 3816//3163 3815//3162 4930//4273
f 4075//3420 4074//3419 4532//3875
f 4931//4274 3772//3119 3771//3118
f 4932//4275 4933//4276 4934//4277
f 4935//4278 4936//4279 4937//4280
f 4937//4280 4936//4279 4938//4281
f 4569//3912 4568//3911 4939//4282
f 4939//4282 4568//3911 4940//4283
f 4939//4282 4940//4283 4941//4284
f 4941//4284 4940//4283 4942//4285
f 4941//4284 4942//4285 4938//4281
f 4943//4286 4944//4287 4945//4288
f 4945//4288 4944//4287 4946//4289
f 4945//4288 4946//4289 4947//4290
f 4947//4290 4948//4291 4949//4292
f 4950//4293 4545//3888 4546//3889
f 4938//4281 4936//4279 4941//4284
f 4941//4284 4936//4279 4946//4289
f 4941//4284 4946//4289 4939//4282
f 4939//4282 4946//4289 4944//4287
f 4939//4282 4944//4287 4569//3912
f 4569//3912 4944//4287 4943//4286
f 4569//3912 4943//4286 4547//3890
f 4930//4273 4951//4294 4952//4295
f 4953//4296 4532//3875 4531//3874
f 4522//3865 4933//4276 4523//3866
f 4523//3866 4933//4276 4932//4275
f 4523//3866 4932//4275 4567//3910
f 4567//3910 4932//4275 4531//3874
f 4930//4273 3815//3162 4951//4294
f 4951//4294 3815//3162 3775//3122
f 4951//4294 3775//3122 3774//3121
f 4954//4297 4952//4295 4955//4298
f 4955//4298 4952//4295 4951//4294
f 4955//4298 4951//4294 4956//4299
f 4956//4299 4951//4294 3774//3121
f 4956//4299 3774//3121 3834//3181
f 4947//4290 4946//4289 4948//4291
f 4948//4291 4946//4289 4936//4279
f 4948//4291 4936//4279 4949//4292
f 4949//4292 4936//4279 4935//4278
f 4949//4292 4935//4278 4931//4274
f 4931//4274 3771//3118 4949//4292
f 4949//4292 3771//3118 4957//4300
f 4949//4292 4957//4300 4947//4290
f 4947//4290 4957//4300 4958//4301
f 4947//4290 4958//4301 4945//4288
f 4945//4288 4958//4301 4950//4293
f 4945//4288 4950//4293 4943//4286
f 4943//4286 4950//4293 4546//3889
f 4943//4286 4546//3889 4547//3890
f 4075//3420 4532//3875 4396//3741
f 4522//3865 4545//3888 4933//4276
f 4933//4276 4545//3888 4950//4293
f 4933//4276 4950//4293 4934//4277
f 4934//4277 4950//4293 4958//4301
f 4934//4277 4958//4301 4959//4302
f 4959//4302 4958//4301 4957//4300
f 4959//4302 4957//4300 3817//3164
f 3817//3164 4957//4300 3771//3118
f 4532//3875 4953//4296 4396//3741
f 4396//3741 4953//4296 4960//4303
f 4396//3741 4960//4303 4436//3781
f 4436//3781 4960//4303 3833//3180
f 4436//3781 3833//3180 3832//3179
f 3817//3164 3816//3163 4959//4302
f 4959//4302 3816//3163 4930//4273
f 4959//4302 4930//4273 4934//4277
f 4934//4277 4930//4273 4952//4295
f 4934//4277 4952//4295 4932//4275
f 4932//4275 4952//4295 4954//4297
f 4932//4275 4954//4297 4531//3874
f 4531//3874 4954//4297 4955//4298
f 4531//3874 4955//4298 4953//4296
f 4953//4296 4955//4298 4956//4299
f 4953//4296 4956//4299 4960//4303
f 4960//4303 4956//4299 3834//3181
f 4960//4303 3834//3181 3833//3180
f 4961//4304 3786//3133 3785//3132
f 4962//4305 4963//4306 4964//4307
f 4965//4308 4966//4309 4967//4310
f 4967//4310 4966//4309 4968//4311
f 4967//4310 4968//4311 4969//4312
f 4780//4123 4608//3951 4968//4311
f 4968//4311 4608//3951 4970//4313
f 4968//4311 4970//4313 4969//4312
f 4965//4308 4971//4314 4966//4309
f 4966//4309 4971//4314 4972//4315
f 4966//4309 4972//4315 4968//4311
f 4968//4311 4972//4315 4791//4134
f 4968//4311 4791//4134 4780//4123
f 4964//4307 4963//4306 4973//4316
f 4973//4316 4963//4306 4974//4317
f 4973//4316 4974//4317 4975//4318
f 4975//4318 4974//4317 4976//4319
f 4975//4318 4976//4319 4977//4320
f 4965//4308 4977//4320 4971//4314
f 4971//4314 4977//4320 4976//4319
f 4971//4314 4976//4319 4972//4315
f 4972//4315 4976//4319 4978//4321
f 4972//4315 4978//4321 4791//4134
f 4979//4322 4980//4323 4981//4324
f 4981//4324 4980//4323 4982//4325
f 4981//4324 4982//4325 4983//4326
f 4980//4323 4984//4327 4985//4328
f 3763//3110 4979//4322 3739//3087
f 3739//3087 4979//4322 4981//4324
f 3739//3087 4981//4324 3741//3089
f 3741//3089 4981//4324 4983//4326
f 4961//4304 3785//3132 4986//4329
f 4940//4283 4985//4328 4942//4285
f 4942//4285 4985//4328 4984//4327
f 4942//4285 4984//4327 4938//4281
f 4964//4307 4983//4326 4962//4305
f 4962//4305 4983//4326 4982//4325
f 4962//4305 4982//4325 4987//4330
f 4987//4330 4982//4325 4980//4323
f 4987//4330 4980//4323 4988//4331
f 4988//4331 4980//4323 4985//4328
f 4988//4331 4985//4328 4767//4110
f 4767//4110 4985//4328 4940//4283
f 4767//4110 4940//4283 4568//3911
f 4767//4110 4768//4111 4988//4331
f 4988//4331 4768//4111 4801//4144
f 4988//4331 4801//4144 4987//4330
f 4987//4330 4801//4144 4738//4081
f 4987//4330 4738//4081 4962//4305
f 4962//4305 4738//4081 4766//4109
f 4962//4305 4766//4109 4963//4306
f 4963//4306 4766//4109 4765//4108
f 4963//4306 4765//4108 4974//4317
f 4974//4317 4765//4108 4731//4074
f 4974//4317 4731//4074 4976//4319
f 4976//4319 4731//4074 4730//4073
f 4976//4319 4730//4073 4978//4321
f 4978//4321 4730//4073 4781//4124
f 4978//4321 4781//4124 4791//4134
f 4938//4281 4984//4327 4937//4280
f 4937//4280 4984//4327 4980//4323
f 4937//4280 4980//4323 4935//4278
f 4935//4278 4980//4323 4979//4322
f 4935//4278 4979//4322 4931//4274
f 4931//4274 4979//4322 3763//3110
f 4931//4274 3763//3110 3772//3119
f 4965//4308 4986//4329 4977//4320
f 4977//4320 4986//4329 3785//3132
f 4977//4320 3785//3132 4975//4318
f 4975//4318 3785//3132 3752//3100
f 4975//4318 3752//3100 4973//4316
f 4973//4316 3752//3100 3750//3098
f 4973//4316 3750//3098 4964//4307
f 4964//4307 3750//3098 3756//3103
f 4964//4307 3756//3103 4983//4326
f 4983//4326 3756//3103 3757//3104
f 4983//4326 3757//3104 3741//3089
f 4989//4332 4970//4313 4608//3951
f 4990//4333 4450//3795 3760//3107
f 4384//3729 4423//3768 4991//4334
f 4423//3768 4450//3795 4991//4334
f 4991//4334 4450//3795 4990//4333
f 4991//4334 4990//4333 4992//4335
f 3831//3178 3830//3177 4993//4336
f 4993//4336 3830//3177 4994//4337
f 4993//4336 4994//4337 4995//4338
f 4995//4338 4994//4337 4996//4339
f 4071//3416 4384//3729 4622//3965
f 4622//3965 4384//3729 4991//4334
f 4622//3965 4991//4334 4623//3966
f 4623//3966 4991//4334 4992//4335
f 4623//3966 4992//4335 4624//3967
f 4997//4340 4998//4341 4999//4342
f 4969//4312 4970//4313 5000//4343
f 5000//4343 4970//4313 4989//4332
f 5000//4343 4989//4332 5001//4344
f 4607//3950 4606//3949 5002//4345
f 5002//4345 4606//3949 4605//3948
f 5002//4345 4605//3948 5003//4346
f 4967//4310 4969//4312 5004//4347
f 5004//4347 4969//4312 5000//4343
f 5004//4347 5000//4343 5005//4348
f 5005//4348 5000//4343 5001//4344
f 5005//4348 5001//4344 5006//4349
f 5006//4349 5001//4344 5007//4350
f 5006//4349 5007//4350 4999//4342
f 4605//3948 4604//3947 5003//4346
f 5003//4346 4604//3947 4603//3946
f 5003//4346 4603//3946 5008//4351
f 5008//4351 4603//3946 5009//4352
f 5008//4351 5009//4352 4996//4339
f 4996//4339 5009//4352 5010//4353
f 4996//4339 5010//4353 4995//4338
f 4999//4342 4998//4341 5006//4349
f 5006//4349 4998//4341 5011//4354
f 5006//4349 5011//4354 5005//4348
f 5005//4348 5011//4354 5012//4355
f 5005//4348 5012//4355 5004//4347
f 3760//3107 3831//3178 4990//4333
f 4990//4333 3831//3178 4993//4336
f 4990//4333 4993//4336 4992//4335
f 4992//4335 4993//4336 4995//4338
f 4992//4335 4995//4338 4624//3967
f 4624//3967 4995//4338 5010//4353
f 4624//3967 5010//4353 4619//3962
f 4619//3962 5010//4353 5009//4352
f 4619//3962 5009//4352 4617//3960
f 4617//3960 5009//4352 4603//3946
f 3829//3176 3784//3131 4997//4340
f 4997//4340 3784//3131 3783//3130
f 4997//4340 3783//3130 4998//4341
f 4998//4341 3783//3130 3814//3161
f 4998//4341 3814//3161 5011//4354
f 5011//4354 3814//3161 3813//3160
f 5011//4354 3813//3160 5012//4355
f 5012//4355 3813//3160 3812//3159
f 5012//4355 3812//3159 3786//3133
f 3786//3133 4961//4304 5012//4355
f 5012//4355 4961//4304 4986//4329
f 5012//4355 4986//4329 5004//4347
f 5004//4347 4986//4329 4965//4308
f 5004//4347 4965//4308 4967//4310
f 3830//3177 3829//3176 4994//4337
f 4994//4337 3829//3176 4997//4340
f 4994//4337 4997//4340 4996//4339
f 4996//4339 4997//4340 4999//4342
f 4996//4339 4999//4342 5008//4351
f 5008//4351 4999//4342 5007//4350
f 5008//4351 5007//4350 5003//4346
f 5003//4346 5007//4350 5001//4344
f 5003//4346 5001//4344 5002//4345
f 5002//4345 5001//4344 4989//4332
f 5002//4345 4989//4332 4607//3950
f 4607//3950 4989//4332 4608//3951
f 3335//2788 3337//2789 5013//4356
f 3337//2789 3372//2820 5013//4356
f 5013//4356 3372//2820 3365//2814
f 5013//4356 3365//2814 5014//4357
f 5014//4357 3365//2814 3363//2812
f 5014//4357 3363//2812 5015//4358
f 5015//4358 3363//2812 3361//2810
f 5015//4358 3361//2810 5016//4359
f 5016//4359 3361//2810 5017//4360
f 5017//4360 3361//2810 3369//2817
f 5017//4360 3369//2817 3438//2871
f 3438//2871 3576//2951 5017//4360
f 5017//4360 3576//2951 3579//2954
f 5017//4360 3579//2954 5018//4361
f 5018//4361 3579//2954 3585//2957
f 5018//4361 3585//2957 5019//4362
f 5019//4362 3585//2957 3588//2958
f 5019//4362 3588//2958 5020//4363
f 5020//4363 3588//2958 5021//4364
f 5021//4364 3588//2958 3581//2956
f 5021//4364 3581//2956 5022//4365
f 5022//4365 3581//2956 3580//2955
f 5022//4365 3580//2955 5023//4366
f 5023//4366 3580//2955 3578//2953
f 5023//4366 3578//2953 5024//4367
f 5024//4367 3578//2953 3577//2952
f 5024//4367 3577//2952 5025//4368
f 3577//2952 3475//2886 5025//4368
f 5025//4368 3475//2886 3353//2802
f 5025//4368 3353//2802 5026//4369
f 3353//2802 3354//2803 5026//4369
f 5026//4369 3354//2803 3355//2804
f 5026//4369 3355//2804 5027//4370
f 5027//4370 3355//2804 3357//2806
f 5027//4370 3357//2806 5028//4371
f 5028//4371 3357//2806 3359//2808
f 5028//4371 3359//2808 5029//4372
f 5029//4372 3359//2808 3338//2790
f 5029//4372 3338//2790 5030//4373
f 5013//4356 5031//4374 3335//2788
f 3335//2788 5031//4374 5032//4375
f 3335//2788 5032//4375 3333//2786
f 3333//2786 5032//4375 5033//4376
f 3333//2786 5033//4376 3331//2784
f 3331//2784 5033//4376 5034//4377
f 3331//2784 5034//4377 3329//2782
f 3329//2782 5034//4377 5035//4378
f 3329//2782 5035//4378 3344//2794
f 3344//2794 5035//4378 5036//4379
f 3344//2794 5036//4379 3342//2792
f 3342//2792 5036//4379 5030//4373
f 3342//2792 5030//4373 3340//2791
f 3340//2791 5030//4373 3338//2790
f 5020//4363 5021//4364 5037//4380
f 5037//4380 5021//4364 5022//4365
f 5037//4380 5022//4365 5038//4381
f 5038//4381 5022//4365 5023//4366
f 5038//4381 5023//4366 5039//4382
f 5039//4382 5023//4366 5024//4367
f 5039//4382 5024//4367 5040//4383
f 5040//4383 5024//4367 5025//4368
f 5040//4383 5025//4368 5041//4384
f 5041//4384 5025//4368 5026//4369
f 5041//4384 5026//4369 5042//4385
f 5042//4385 5026//4369 5027//4370
f 5042//4385 5027//4370 5043//4386
f 5043//4386 5027//4370 5028//4371
f 5043//4386 5028//4371 5044//4387
f 5044//4387 5028//4371 5029//4372
f 5044//4387 5029//4372 5045//4388
f 5045//4388 5029//4372 5030//4373
f 5045//4388 5030//4373 5046//4389
f 5046//4389 5030//4373 5036//4379
f 5046//4389 5036//4379 5047//4390
f 5047//4390 5036//4379 5035//4378
f 5047//4390 5035//4378 5048//4391
f 5048//4391 5035//4378 5034//4377
f 5048//4391 5034//4377 5049//4392
f 5049//4392 5034//4377 5033//4376
f 5049//4392 5033//4376 5050//4393
f 5050//4393 5033//4376 5032//4375
f 5050//4393 5032//4375 5051//4394
f 5051//4394 5032//4375 5031//4374
f 5051//4394 5031//4374 5052//4395
f 5052//4395 5031//4374 5013//4356
f 5052//4395 5013//4356 5053//4396
f 5053//4396 5013//4356 5014//4357
f 5053//4396 5014//4357 5054//4397
f 5054//4397 5014//4357 5015//4358
f 5054//4397 5015//4358 5055//4398
f 5055//4398 5015//4358 5016//4359
f 5055//4398 5016//4359 5056//4399
f 5056//4399 5016//4359 5017//4360
f 5056//4399 5017//4360 5057//4400
f 5057//4400 5017//4360 5018//4361
f 5057//4400 5018//4361 5058//4401
f 5058//4401 5018//4361 5019//4362
f 5058//4401 5019//4362 5037//4380
f 5037//4380 5019//4362 5020//4363
f 5059//4402 3404//2841 5060//4403
f 5060//4403 3404//2841 3402//2840
f 5060//4403 3402//2840 5061//4404
f 5061//4404 3402//2840 3390//2833
f 5061//4404 3390//2833 5062//4405
f 5062//4405 3390//2833 3367//2816
f 5062//4405 3367//2816 5063//4406
f 5063//4406 3367//2816 3360//2809
f 5063//4406 3360//2809 5064//4407
f 5064//4407 3360//2809 3362//2811
f 5064//4407 3362//2811 5065//4408
f 3364//2813 5066//4409 3362//2811
f 3362//2811 5066//4409 5067//4410
f 3362//2811 5067//4410 5065//4408
f 5068//4411 5069//4412 3366//2815
f 3366//2815 5069//4412 5070//4413
f 3366//2815 5070//4413 3364//2813
f 3364//2813 5070//4413 5071//4414
f 3364//2813 5071//4414 5066//4409
f 5068//4411 3366//2815 5072//4415
f 5072//4415 3366//2815 3371//2819
f 5072//4415 3371//2819 5073//4416
f 5073//4416 3371//2819 5074//4417
f 5074//4417 3371//2819 3370//2818
f 5074//4417 3370//2818 5075//4418
f 5075//4418 3370//2818 5076//4419
f 5076//4419 3370//2818 3334//2787
f 5076//4419 3334//2787 5077//4420
f 5077//4420 3334//2787 3332//2785
f 5077//4420 3332//2785 5078//4421
f 5078//4421 3332//2785 3330//2783
f 5078//4421 3330//2783 5079//4422
f 5079//4422 3330//2783 5080//4423
f 5080//4423 3330//2783 3346//2796
f 5080//4423 3346//2796 5081//4424
f 3345//2795 5082//4425 3346//2796
f 3346//2796 5082//4425 5083//4426
f 3346//2796 5083//4426 5081//4424
f 3352//2801 5084//4427 3350//2799
f 3350//2799 5084//4427 5085//4428
f 3350//2799 5085//4428 3343//2793
f 3343//2793 5085//4428 5086//4429
f 3343//2793 5086//4429 3345//2795
f 3345//2795 5086//4429 5087//4430
f 3345//2795 5087//4430 5082//4425
f 3351//2800 5088//4431 3352//2801
f 3352//2801 5088//4431 5089//4432
f 3352//2801 5089//4432 5084//4427
f 5090//4433 5091//4434 3358//2807
f 3358//2807 5091//4434 5092//4435
f 3358//2807 5092//4435 3351//2800
f 3351//2800 5092//4435 5093//4436
f 3351//2800 5093//4436 5088//4431
f 5090//4433 3358//2807 5094//4437
f 5094//4437 3358//2807 3356//2805
f 5094//4437 3356//2805 5095//4438
f 5095//4438 3356//2805 5096//4439
f 5096//4439 3356//2805 3349//2798
f 5096//4439 3349//2798 5097//4440
f 3504//2911 5098//4441 3506//2912
f 3506//2912 5098//4441 5099//4442
f 3506//2912 5099//4442 3507//2913
f 3507//2913 5099//4442 5100//4443
f 3507//2913 5100//4443 3348//2797
f 3348//2797 5100//4443 5101//4444
f 3348//2797 5101//4444 3349//2798
f 3349//2798 5101//4444 5102//4445
f 3349//2798 5102//4445 5097//4440
f 3399//2838 3397//2837 5103//4446
f 5103//4446 3397//2837 3395//2837
f 5103//4446 3395//2837 5104//4447
f 5104//4447 3395//2837 3394//2837
f 5104//4447 3394//2837 3471//2883
f 5105//4448 5106//4449 3495//2903
f 3495//2903 3494//2902 5105//4448
f 5105//4448 3494//2902 3499//2907
f 5105//4448 3499//2907 5107//4450
f 5107//4450 3499//2907 3498//2906
f 5107//4450 3498//2906 5108//4451
f 5108//4451 3498//2906 3509//2915
f 5108//4451 3509//2915 5109//4452
f 3509//2915 3508//2914 5109//4452
f 5109//4452 3508//2914 4092//3437
f 5109//4452 4092//3437 5110//4453
f 5110//4453 4092//3437 4096//3441
f 5110//4453 4096//3441 5111//4454
f 5111//4454 4096//3441 4094//3439
f 5111//4454 4094//3439 5112//4455
f 5112//4455 4094//3439 4100//3445
f 5112//4455 4100//3445 5113//4456
f 5113//4456 4100//3445 4099//3444
f 5113//4456 4099//3444 5114//4457
f 5114//4457 4099//3444 4098//3443
f 5114//4457 4098//3443 5115//4458
f 5115//4458 4098//3443 4103//3448
f 5115//4458 4103//3448 5116//4459
f 5116//4459 4103//3448 4105//3450
f 5116//4459 4105//3450 5117//4460
f 5117//4460 4105//3450 4106//3451
f 5117//4460 4106//3451 5118//4461
f 5118//4461 4106//3451 4108//3453
f 5118//4461 4108//3453 5119//4462
f 4108//3453 4110//3455 5119//4462
f 5119//4462 4110//3455 4119//3464
f 5119//4462 4119//3464 5120//4463
f 5120//4463 4119//3464 4118//3463
f 5120//4463 4118//3463 5121//4464
f 4118//3463 4116//3461 5121//4464
f 5121//4464 4116//3461 4114//3459
f 5121//4464 4114//3459 5122//4465
f 5122//4465 4114//3459 4112//3457
f 5122//4465 4112//3457 5123//4466
f 5123//4466 4112//3457 4111//3456
f 5123//4466 4111//3456 5124//4467
f 5124//4467 4111//3456 4120//3465
f 5124//4467 4120//3465 5125//4468
f 4120//3465 4122//3467 5125//4468
f 5125//4468 4122//3467 4124//3469
f 5125//4468 4124//3469 5126//4469
f 5126//4469 4124//3469 4125//3470
f 5126//4469 4125//3470 5127//4470
f 5127//4470 4125//3470 4485//3830
f 5127//4470 4485//3830 5128//4471
f 5128//4471 4485//3830 4422//3767
f 5128//4471 4422//3767 5129//4472
f 5129//4472 4422//3767 4128//3473
f 5129//4472 4128//3473 5130//4473
f 5130//4473 4128//3473 4127//3472
f 5130//4473 4127//3472 5131//4474
f 5131//4474 4127//3472 4352//3697
f 5131//4474 4352//3697 5132//4475
f 5132//4475 4352//3697 4132//3477
f 5132//4475 4132//3477 5133//4476
f 4132//3477 4130//3475 5133//4476
f 5133//4476 4130//3475 4129//3474
f 5133//4476 4129//3474 5134//4477
f 5134//4477 4129//3474 4290//3635
f 5134//4477 4290//3635 5135//4478
f 4290//3635 4259//3604 5135//4478
f 5135//4478 4259//3604 4136//3481
f 5135//4478 4136//3481 5136//4479
f 5136//4479 4136//3481 4134//3479
f 5136//4479 4134//3479 5137//4480
f 5137//4480 4134//3479 4133//3478
f 5137//4480 4133//3478 5138//4481
f 5138//4481 4133//3478 4209//3554
f 5138//4481 4209//3554 5139//4482
f 4209//3554 4186//3531 5139//4482
f 5139//4482 4186//3531 4140//3485
f 5139//4482 4140//3485 5140//4483
f 5140//4483 4140//3485 4138//3483
f 5140//4483 4138//3483 5141//4484
f 5141//4484 4138//3483 4137//3482
f 5141//4484 4137//3482 5142//4485
f 5142//4485 4137//3482 4142//3487
f 5142//4485 4142//3487 5143//4486
f 5143//4486 4142//3487 4141//3486
f 5143//4486 4141//3486 5144//4487
f 5144//4487 4141//3486 4090//3435
f 5144//4487 4090//3435 5145//4488
f 5145//4488 4090//3435 4089//3434
f 5145//4488 4089//3434 5146//4489
f 5146//4489 4089//3434 4509//3854
f 5146//4489 4509//3854 5147//4490
f 5147//4490 4509//3854 4148//3493
f 5147//4490 4148//3493 5148//4491
f 5148//4491 4148//3493 4149//3494
f 5148//4491 4149//3494 5149//4492
f 4149//3494 4150//3495 5149//4492
f 5149//4492 4150//3495 3391//2834
f 5149//4492 3391//2834 5150//4493
f 5150//4493 3391//2834 3388//2831
f 5150//4493 3388//2831 5151//4494
f 3384//2827 5152//4495 3385//2828
f 3385//2828 5152//4495 5153//4496
f 3385//2828 5153//4496 3431//2867
f 3431//2867 5153//4496 5151//4494
f 3431//2867 5151//4494 3387//2830
f 3387//2830 5151//4494 3388//2831
f 3490//2900 3489//2899 5154//4497
f 5155//4498 3557//2946 3558//2900
f 5155//4498 3558//2900 5154//4497
f 5154//4497 3558//2900 3492//2900
f 5154//4497 3492//2900 3490//2900
f 5156//4499 5157//4500 5158//4501
f 5158//4501 5157//4500 5159//4502
f 5158//4501 5159//4502 5160//4503
f 5160//4503 5159//4502 5161//4504
f 5162//4505 5163//4506 5164//4507
f 5164//4507 5163//4506 5165//4508
f 5164//4507 5165//4508 5161//4504
f 5161//4504 5165//4508 5166//4509
f 5161//4504 5166//4509 5160//4503
f 5167//4510 5168//4511 5162//4505
f 5162//4505 5168//4511 5169//4512
f 5162//4505 5169//4512 5163//4506
f 5170//4513 5171//4514 5172//4515
f 5173//4516 5174//4517 5175//4518
f 5175//4518 5174//4517 5176//4519
f 5175//4518 5176//4519 5177//4520
f 5178//4521 5179//4522 5173//4516
f 5173//4516 5179//4522 5180//4523
f 5173//4516 5180//4523 5174//4517
f 5181//4524 5182//4525 5183//4526
f 5183//4526 5182//4525 5157//4500
f 5183//4526 5157//4500 5184//4527
f 5184//4527 5157//4500 5156//4499
f 5185//4528 5186//4529 5172//4515
f 5172//4515 5186//4529 5187//4530
f 5172//4515 5187//4530 5170//4513
f 5188//4531 5189//4532 5190//4533
f 5190//4533 5189//4532 5184//4527
f 5190//4533 5184//4527 5191//4534
f 5191//4534 5184//4527 5156//4499
f 5192//4535 5193//4536 5167//4510
f 5167//4510 5193//4536 5194//4537
f 5167//4510 5194//4537 5168//4511
f 5195//4538 5196//4539 5192//4535
f 5192//4535 5196//4539 5197//4540
f 5192//4535 5197//4540 5193//4536
f 5198//4541 5199//4542 5200//4543
f 5200//4543 5199//4542 5201//4544
f 5200//4543 5201//4544 5195//4538
f 5195//4538 5201//4544 5202//4545
f 5195//4538 5202//4545 5196//4539
f 5203//4546 5204//4547 5205//4548
f 5205//4548 5204//4547 5206//4549
f 5205//4548 5206//4549 5207//4550
f 5208//4551 5209//4552 5203//4546
f 5203//4546 5209//4552 5210//4553
f 5203//4546 5210//4553 5204//4547
f 5211//4554 5212//4555 5213//4556
f 5213//4556 5212//4555 5214//4557
f 5213//4556 5214//4557 5215//4558
f 5176//4519 5216//4559 5177//4520
f 5177//4520 5216//4559 5217//4560
f 5177//4520 5217//4560 5185//4528
f 5185//4528 5217//4560 5218//4561
f 5185//4528 5218//4561 5186//4529
f 5219//4562 5220//4563 5178//4521
f 5178//4521 5220//4563 5221//4564
f 5178//4521 5221//4564 5179//4522
f 5179//4522 5221//4564 5222//4565
f 5179//4522 5222//4565 5223//4566
f 5224//4567 5225//4568 5198//4541
f 5198//4541 5225//4568 5226//4569
f 5198//4541 5226//4569 5199//4542
f 5214//4557 5227//4570 5215//4558
f 5215//4558 5227//4570 5228//4571
f 5215//4558 5228//4571 5208//4551
f 5208//4551 5228//4571 5229//4572
f 5208//4551 5229//4572 5209//4552
f 5230//4573 5231//4574 5222//4565
f 5222//4565 5231//4574 5232//4575
f 5222//4565 5232//4575 5223//4566
f 5206//4549 5233//4576 5207//4550
f 5207//4550 5233//4576 5234//4577
f 5207//4550 5234//4577 5224//4567
f 5224//4567 5234//4577 5235//4578
f 5224//4567 5235//4578 5225//4568
f 5236//4579 5237//4580 5211//4554
f 5211//4554 5237//4580 5238//4581
f 5211//4554 5238//4581 5212//4555
f 5170//4513 5239//4582 5171//4514
f 5171//4514 5239//4582 5240//4583
f 5171//4514 5240//4583 5241//4584
f 5241//4584 5240//4583 5242//4585
f 5241//4584 5242//4585 5243//4586
f 5242//4585 5244//4587 5243//4586
f 5243//4586 5244//4587 5245//4588
f 5243//4586 5245//4588 5236//4579
f 5236//4579 5245//4588 5246//4589
f 5236//4579 5246//4589 5237//4580
f 5247//4590 5248//4591 5249//707
f 5249//707 5248//4591 5250//4592
f 5249//707 5250//4592 5251//4593
f 5251//4593 5250//4592 5252//4594
f 5253//4595 5254//4596 5255//4597
f 5253//4595 5256//4598 5249//707
f 5249//707 5256//4598 5257//4599
f 5249//707 5257//4599 5247//4590
f 5258//4600 5259//2055 5260//4601
f 5260//4601 5259//2055 5261//4602
f 5260//4601 5261//4602 5262//4603
f 5255//4597 5263//4604 5253//4595
f 5253//4595 5263//4604 5264//4605
f 5253//4595 5264//4605 5256//4598
f 5265//4606 5266//4607 5267//2048
f 5267//2048 5266//4607 5268//4608
f 5267//2048 5268//4608 5269//4609
f 5258//4600 5270//4610 5259//2055
f 5259//2055 5270//4610 5271//4611
f 5259//2055 5271//4611 5267//2048
f 5267//2048 5271//4611 5272//4612
f 5267//2048 5272//4612 5265//4606
f 5273//4613 5269//4609 5274//4614
f 5274//4614 5269//4609 5275//4615
f 5274//4614 5275//4615 5276//4616
f 5277//4617 5278//4618 5279//4619
f 5279//4619 5278//4618 5280//4620
f 5279//4619 5280//4620 5281//4621
f 5281//4621 5280//4620 5282//4622
f 5281//4621 5282//4622 5283//4623
f 5283//4623 5282//4622 5254//4596
f 5284//4624 5285//4625 5286//4626
f 5286//4626 5285//4625 5287//4627
f 5286//4626 5287//4627 5277//4617
f 5277//4617 5287//4627 5288//4628
f 5277//4617 5288//4628 5278//4618
f 5267//2048 5289//4629 5290//4630
f 5291//4631 5292//4632 5253//4595
f 5253//4595 5292//4632 5293//4633
f 5253//4595 5293//4633 5254//4596
f 5254//4596 5293//4633 5294//4634
f 5254//4596 5294//4634 5283//4623
f 5275//4615 5295//4635 5276//4616
f 5276//4616 5295//4635 5296//4636
f 5276//4616 5296//4636 5284//4624
f 5284//4624 5296//4636 5297//4637
f 5284//4624 5297//4637 5285//4625
f 5273//4613 5298//4638 5269//4609
f 5269//4609 5298//4638 5299//4639
f 5269//4609 5299//4639 5267//2048
f 5267//2048 5299//4639 5300//4640
f 5267//2048 5300//4640 5289//4629
f 5291//4631 5253//4595 5301//4641
f 5301//4641 5253//4595 5302//4642
f 5301//4641 5302//4642 5290//4630
f 5290//4630 5302//4642 5303//4643
f 5290//4630 5303//4643 5267//2048
f 5262//4603 3751//3099 5260//4601
f 5260//4601 3751//3099 3753//3101
f 5260//4601 3753//3101 5258//4600
f 5258//4600 3753//3101 3787//3134
f 5258//4600 3787//3134 5270//4610
f 5270//4610 3787//3134 3782//3129
f 5270//4610 3782//3129 5271//4611
f 5271//4611 3782//3129 3811//3158
f 5271//4611 3811//3158 5272//4612
f 5272//4612 3811//3158 3759//3106
f 5272//4612 3759//3106 5265//4606
f 5265//4606 3759//3106 3758//3105
f 5265//4606 3758//3105 5266//4607
f 5266//4607 3758//3105 3808//3155
f 5266//4607 3808//3155 5268//4608
f 5268//4608 3808//3155 3779//3126
f 5268//4608 3779//3126 5269//4609
f 5269//4609 3779//3126 3768//3115
f 5269//4609 3768//3115 5275//4615
f 5275//4615 3768//3115 3767//3114
f 5275//4615 3767//3114 5295//4635
f 5295//4635 3767//3114 3803//3150
f 5295//4635 3803//3150 5296//4636
f 5296//4636 3803//3150 3798//3145
f 5296//4636 3798//3145 5297//4637
f 5297//4637 3798//3145 3777//3124
f 5297//4637 3777//3124 5285//4625
f 5285//4625 3777//3124 3747//3095
f 5285//4625 3747//3095 5287//4627
f 5287//4627 3747//3095 3746//3094
f 5287//4627 3746//3094 5288//4628
f 5288//4628 3746//3094 3796//3143
f 5288//4628 3796//3143 5278//4618
f 5278//4618 3796//3143 3821//3168
f 5278//4618 3821//3168 5280//4620
f 5280//4620 3821//3168 3823//3170
f 5280//4620 3823//3170 5282//4622
f 5282//4622 3823//3170 3744//3092
f 5282//4622 3744//3092 5254//4596
f 5254//4596 3744//3092 3743//3091
f 5254//4596 3743//3091 5255//4597
f 5255//4597 3743//3091 3789//3136
f 5255//4597 3789//3136 5263//4604
f 5263//4604 3789//3136 3791//3138
f 5263//4604 3791//3138 5264//4605
f 5264//4605 3791//3138 3765//3112
f 5264//4605 3765//3112 5256//4598
f 5256//4598 3765//3112 3764//3111
f 5256//4598 3764//3111 5257//4599
f 5257//4599 3764//3111 3773//3120
f 5257//4599 3773//3120 5247//4590
f 5247//4590 3773//3120 3788//3135
f 5247//4590 3788//3135 5248//4591
f 5248//4591 3788//3135 3770//3117
f 5248//4591 3770//3117 5250//4592
f 5250//4592 3770//3117 3762//3109
f 5250//4592 3762//3109 5252//4594
f 5252//4594 3762//3109 3761//3108
f 5057//4400 5058//4401 3131//2584
f 3131//2584 3129//2582 5057//4400
f 5057//4400 3129//2582 3128//2581
f 5057//4400 3128//2581 5056//4399
f 3128//2581 3126//2579 5056//4399
f 5056//4399 3126//2579 3125//2578
f 5056//4399 3125//2578 5055//4398
f 3125//2578 3123//2576 5055//4398
f 5055//4398 3123//2576 3122//2575
f 5055//4398 3122//2575 5054//4397
f 3122//2575 3120//2573 5054//4397
f 5054//4397 3120//2573 3119//2572
f 5054//4397 3119//2572 5053//4396
f 3119//2572 3117//2570 5053//4396
f 5053//4396 3117//2570 3116//2569
f 5053//4396 3116//2569 5052//4395
f 3116//2569 3114//2567 5052//4395
f 5052//4395 3114//2567 3113//2566
f 5052//4395 3113//2566 5051//4394
f 3113//2566 3111//2564 5051//4394
f 5051//4394 3111//2564 3110//2563
f 5051//4394 3110//2563 5050//4393
f 3110//2563 3108//2561 5050//4393
f 5050//4393 3108//2561 3107//2560
f 5050//4393 3107//2560 5049//4392
f 3107//2560 3105//2558 5049//4392
f 5049//4392 3105//2558 3104//2557
f 5049//4392 3104//2557 5048//4391
f 5048//4391 3104//2557 3102//2555
f 5048//4391 3102//2555 5047//4390
f 3102//2555 3100//2553 5047//4390
f 5047//4390 3100//2553 3098//2551
f 5047//4390 3098//2551 5046//4389
f 3098//2551 3097//2550 5046//4389
f 5046//4389 3097//2550 3095//2548
f 5046//4389 3095//2548 5045//4388
f 3095//2548 3094//2547 5045//4388
f 5045//4388 3094//2547 3092//2545
f 5045//4388 3092//2545 5044//4387
f 3092//2545 3091//2544 5044//4387
f 5044//4387 3091//2544 3089//2542
f 5044//4387 3089//2542 5043//4386
f 3089//2542 3088//2541 5043//4386
f 5043//4386 3088//2541 3086//2539
f 5043//4386 3086//2539 5042//4385
f 3086//2539 3085//2538 5042//4385
f 5042//4385 3085//2538 3083//2536
f 5042//4385 3083//2536 5041//4384
f 3083//2536 3082//2535 5041//4384
f 5041//4384 3082//2535 3080//2533
f 5041//4384 3080//2533 5040//4383
f 3080//2533 3079//2532 5040//4383
f 5040//4383 3079//2532 3077//2530
f 5040//4383 3077//2530 5039//4382
f 3077//2530 3076//2529 5039//4382
f 5039//4382 3076//2529 3074//2527
f 5039//4382 3074//2527 5038//4381
f 3074//2527 3073//2526 5038//4381
f 5038//4381 3073//2526 3070//2523
f 5038//4381 3070//2523 5037//4380
f 5037//4380 3070//2523 3133//2586
f 5037//4380 3133//2586 5058//4401
f 5058//4401 3133//2586 3132//2585
f 5058//4401 3132//2585 3131//2584
f 5304//4644 5305//4645 136//136
f 136//136 5305//4645 100//100
f 3240//2693 5306//4646 3241//2694
f 3241//2694 5306//4646 5307//4647
f 5305//4645 5308//4648 100//100
f 100//100 5308//4648 5306//4646
f 100//100 5306//4646 3239//2692
f 3239//2692 5306//4646 3240//2693
f 3254//2707 3253//2706 5309//4649
f 5309//4649 3253//2706 3252//2705
f 5310//4650 3233//2686 5309//4649
f 5309//4649 3233//2686 3231//2684
f 5309//4649 3231//2684 3254//2707
f 3163//2616 5311//4651 3160//2613
f 3160//2613 5311//4651 5312//4652
f 3160//2613 5312//4652 3159//2612
f 167//167 6//6 5313//4653
f 3252//2705 3257//2710 5309//4649
f 5309//4649 3257//2710 3256//2709
f 5309//4649 3256//2709 5307//4647
f 5307//4647 3256//2709 3255//2708
f 5307//4647 3255//2708 3241//2694
f 5313//4653 6//6 5312//4652
f 5312//4652 6//6 3158//2611
f 5312//4652 3158//2611 3159//2612
f 3227//2680 3238//2691 5314//4654
f 5314//4654 3238//2691 3237//2690
f 5314//4654 3237//2690 5310//4650
f 5310//4650 3237//2690 3235//2688
f 5310//4650 3235//2688 3233//2686
f 5313//4653 5315//4655 167//167
f 167//167 5315//4655 5316//4656
f 167//167 5316//4656 3304//2757
f 3304//2757 5316//4656 5317//4657
f 3304//2757 5317//4657 3306//2759
f 3306//2759 5317//4657 5318//584
f 3306//2759 5318//584 3325//2778
f 5319//4658 3321//2774 3323//2776
f 5314//4654 5320//4659 5321//4660
f 5321//4660 5320//4659 5322//4657
f 3190//2643 5323//4661 3191//2644
f 3191//2644 5323//4661 5324//4662
f 3190//2643 3173//2626 5323//4661
f 5323//4661 3173//2626 3175//2628
f 5323//4661 3175//2628 5325//4663
f 3325//2778 5318//584 3323//2776
f 3323//2776 5318//584 5326//4664
f 3323//2776 5326//4664 5319//4658
f 3248//2701 3247//2700 5321//4660
f 5321//4660 3247//2700 3246//2699
f 5321//4660 3246//2699 5314//4654
f 5314//4654 3246//2699 3228//2681
f 5314//4654 3228//2681 3227//2680
f 3163//2616 3162//2615 5311//4651
f 5311//4651 3162//2615 3193//2646
f 5311//4651 3193//2646 5324//4662
f 5324//4662 3193//2646 3192//2645
f 5324//4662 3192//2645 3191//2644
f 3175//2628 3176//2629 5325//4663
f 5325//4663 3176//2629 5327//4665
f 5325//4663 5327//4665 5328//4666
f 5328//4666 5327//4665 5329//4667
f 5328//4666 5329//4667 5326//4664
f 5326//4664 5329//4667 5330//4644
f 5326//4664 5330//4644 5319//4658
f 3315//2768 3317//2770 5319//4658
f 5319//4658 3317//2770 3319//2772
f 5319//4658 3319//2772 3321//2774
f 5304//4644 136//136 5331//4668
f 5331//4668 136//136 3307//2760
f 5331//4668 3307//2760 5332//4669
f 5332//4669 3307//2760 3309//2762
f 5332//4669 3309//2762 5333//4670
f 5333//4670 3309//2762 3311//2764
f 5333//4670 3311//2764 3313//2766
f 3299//2752 3297//2750 5334//4671
f 5334//4671 3297//2750 5335//4672
f 3299//2752 5334//4671 3301//2754
f 3301//2754 5334//4671 5336//4673
f 3301//2754 5336//4673 3302//2755
f 3258//2711 3251//2704 5337//4674
f 5337//4674 3251//2704 3250//2703
f 5337//4674 3250//2703 5321//4660
f 5321//4660 3250//2703 3249//2702
f 5321//4660 3249//2702 3248//2701
f 3297//2750 3295//2748 5335//4672
f 5335//4672 3295//2748 3294//2747
f 5335//4672 3294//2747 5337//4674
f 5337//4674 3294//2747 3279//2732
f 5337//4674 3279//2732 3258//2711
f 3167//2620 3272//2725 5338//4675
f 5338//4675 3272//2725 3274//2727
f 5338//4675 3274//2727 5336//4673
f 5336//4673 3274//2727 3276//2729
f 5336//4673 3276//2729 3302//2755
f 3176//2629 3177//2630 5327//4665
f 5327//4665 3177//2630 3178//2631
f 5327//4665 3178//2631 3182//2635
f 5322//4657 5320//4659 5339//4656
f 5339//4656 5320//4659 5333//4670
f 5339//4656 5333//4670 5319//4658
f 5319//4658 5333//4670 3313//2766
f 5319//4658 3313//2766 3315//2768
f 3179//2632 3172//2625 5327//4665
f 5327//4665 3172//2625 3165//2618
f 5327//4665 3165//2618 5338//4675
f 5338//4675 3165//2618 3164//2617
f 5338//4675 3164//2617 3167//2620
f 3182//2635 3181//2634 5327//4665
f 5327//4665 3181//2634 3180//2633
f 5327//4665 3180//2633 3179//2632
f 5320//4659 5314//4654 3683//3031
f 5310//4650 3686//3034 5314//4654
f 5314//4654 3686//3034 3684//3032
f 5314//4654 3684//3032 3683//3031
f 5309//4649 3673//3021 5310//4650
f 5310//4650 3673//3021 3687//3035
f 5310//4650 3687//3035 3686//3034
f 3675//3023 3674//3022 5307//4647
f 5307//4647 3674//3022 3669//3017
f 5307//4647 3669//3017 5309//4649
f 5309//4649 3669//3017 3671//3019
f 5309//4649 3671//3019 3673//3021
f 3675//3023 5307//4647 3676//3024
f 3676//3024 5307//4647 5306//4646
f 3676//3024 5306//4646 3677//3025
f 3677//3025 5306//4646 3678//3026
f 3678//3026 5306//4646 5308//4648
f 3678//3026 5308//4648 3668//3016
f 3668//3016 5308//4648 3665//3013
f 3665//3013 5308//4648 5305//4645
f 3665//3013 5305//4645 3666//3014
f 5333//4670 3923//3269 5332//4669
f 5332//4669 3923//3269 4516//3859
f 5332//4669 4516//3859 5331//4668
f 5331//4668 4516//3859 4517//3860
f 5331//4668 4517//3860 5304//4644
f 5304//4644 4517//3860 4514//3271
f 5304//4644 4514//3271 5305//4645
f 5305//4645 4514//3271 4515//3858
f 5305//4645 4515//3858 3666//3014
f 3683//3031 3682//3030 5320//4659
f 5320//4659 3682//3030 3681//3029
f 5320//4659 3681//3029 5333//4670
f 5333//4670 3681//3029 3916//3263
f 5333//4670 3916//3263 3923//3269
f 4697//4040 4696//4039 5337//4674
f 5338//4675 4703//4046 4701//4044
f 5338//4675 4701//4044 5327//4665
f 5336//4673 4708//4051 5338//4675
f 5338//4675 4708//4051 4704//4047
f 5338//4675 4704//4047 4703//4046
f 5334//4671 4705//4048 5336//4673
f 5336//4673 4705//4048 4707//4050
f 5336//4673 4707//4050 4708//4051
f 4693//4036 4711//4054 5335//4672
f 5335//4672 4711//4054 4710//4053
f 5335//4672 4710//4053 5334//4671
f 5334//4671 4710//4053 4709//4052
f 5334//4671 4709//4052 4705//4048
f 5337//4674 4696//4039 5335//4672
f 5335//4672 4696//4039 4694//4037
f 5335//4672 4694//4037 4693//4036
f 4697//4040 5337//4674 4698//4041
f 4698//4041 5337//4674 5321//4660
f 4698//4041 5321//4660 4699//4042
f 4701//4044 4700//4043 5327//4665
f 5327//4665 4700//4043 3930//3275
f 5327//4665 3930//3275 5329//4667
f 5329//4667 3930//3275 3926//3272
f 5329//4667 3926//3272 5330//4644
f 5330//4644 3926//3272 3925//3271
f 5330//4644 3925//3271 5319//4658
f 5319//4658 3925//3271 3921//3268
f 5319//4658 3921//3268 5339//4656
f 5339//4656 3921//3268 3920//3267
f 5339//4656 3920//3267 5322//4657
f 5322//4657 3920//3267 3919//3266
f 5322//4657 3919//3266 5321//4660
f 5321//4660 3919//3266 3918//3265
f 5321//4660 3918//3265 4699//4042
f 3859//3206 3858//3205 5311//4651
f 3868//3215 5315//4655 3866//3213
f 3866//3213 5315//4655 5313//4653
f 5312//4652 3853//3200 5313//4653
f 5313//4653 3853//3200 3871//3218
f 5313//4653 3871//3218 3866//3213
f 3858//3205 3857//3204 5311//4651
f 5311//4651 3857//3204 3856//3203
f 5311//4651 3856//3203 5312//4652
f 5312//4652 3856//3203 3854//3201
f 5312//4652 3854//3201 3853//3200
f 3859//3206 5311//4651 3861//3208
f 3861//3208 5311//4651 5324//4662
f 3861//3208 5324//4662 3862//3209
f 3862//3209 5324//4662 5323//4661
f 3862//3209 5323//4661 3863//3210
f 3863//3210 5323//4661 3864//3211
f 3864//3211 5323//4661 5325//4663
f 3864//3211 5325//4663 3848//3195
f 3848//3195 5325//4663 3849//3196
f 3849//3196 5325//4663 5328//4666
f 3849//3196 5328//4666 3851//3198
f 3851//3198 5328//4666 3852//3199
f 3852//3199 5328//4666 5326//4664
f 3852//3199 5326//4664 3928//3273
f 3868//3215 3869//3216 5315//4655
f 5315//4655 3869//3216 4512//3857
f 5315//4655 4512//3857 5316//4656
f 5316//4656 4512//3857 4513//3267
f 5316//4656 4513//3267 5317//4657
f 5317//4657 4513//3267 4510//3855
f 5317//4657 4510//3855 5318//584
f 5318//584 4510//3855 4511//3856
f 5318//584 4511//3856 5326//4664
f 5326//4664 4511//3856 3929//3274
f 5326//4664 3929//3274 3928//3273
f 5340//4676 5341//4677 3130//2583
f 3130//2583 5341//4677 3127//2580
f 3127//2580 5341//4677 5342//4678
f 3127//2580 5342//4678 3124//2577
f 3124//2577 5342//4678 5343//4679
f 3124//2577 5343//4679 3121//2574
f 3121//2574 5343//4679 5344//4680
f 3121//2574 5344//4680 3118//2571
f 3118//2571 5344//4680 5345//4681
f 3118//2571 5345//4681 3115//2568
f 3115//2568 5345//4681 5346//4682
f 3115//2568 5346//4682 3112//2565
f 3112//2565 5346//4682 5347//4683
f 3112//2565 5347//4683 3109//2562
f 3109//2562 5347//4683 5348//4684
f 3109//2562 5348//4684 3106//2559
f 3106//2559 5348//4684 5349//4685
f 3106//2559 5349//4685 3103//2556
f 3103//2556 5349//4685 5350//4686
f 3103//2556 5350//4686 3101//2554
f 3130//2583 3072//2525 5340//4676
f 5340//4676 3072//2525 3071//2524
f 5340//4676 3071//2524 5351//4687
f 5351//4687 3071//2524 3075//2528
f 5351//4687 3075//2528 5352//4688
f 5352//4688 3075//2528 3078//2531
f 5352//4688 3078//2531 5353//4689
f 5353//4689 3078//2531 3081//2534
f 5353//4689 3081//2534 5354//4690
f 5354//4690 3081//2534 3084//2537
f 5354//4690 3084//2537 5355//4691
f 5355//4691 3084//2537 3087//2540
f 5355//4691 3087//2540 5356//4692
f 5356//4692 3087//2540 3090//2543
f 5356//4692 3090//2543 5357//4693
f 5357//4693 3090//2543 3093//2546
f 5357//4693 3093//2546 5358//4694
f 5358//4694 3093//2546 3096//2549
f 5358//4694 3096//2549 5350//4686
f 5350//4686 3096//2549 3099//2552
f 5350//4686 3099//2552 3101//2554
f 5350//4686 5286//4626 5358//4694
f 5358//4694 5286//4626 5277//4617
f 5358//4694 5277//4617 5357//4693
f 5357//4693 5277//4617 5279//4619
f 5357//4693 5279//4619 5356//4692
f 5356//4692 5279//4619 5281//4621
f 5356//4692 5281//4621 5355//4691
f 5355//4691 5281//4621 5283//4623
f 5355//4691 5283//4623 5354//4690
f 5354//4690 5283//4623 5294//4634
f 5354//4690 5294//4634 5353//4689
f 5353//4689 5294//4634 5293//4633
f 5353//4689 5293//4633 5352//4688
f 5352//4688 5293//4633 5292//4632
f 5352//4688 5292//4632 5351//4687
f 5351//4687 5292//4632 5291//4631
f 5351//4687 5291//4631 5340//4676
f 5340//4676 5291//4631 5301//4641
f 5340//4676 5301//4641 5341//4677
f 5341//4677 5301//4641 5290//4630
f 5341//4677 5290//4630 5342//4678
f 5342//4678 5290//4630 5289//4629
f 5342//4678 5289//4629 5343//4679
f 5343//4679 5289//4629 5300//4640
f 5343//4679 5300//4640 5344//4680
f 5344//4680 5300//4640 5299//4639
f 5344//4680 5299//4639 5345//4681
f 5345//4681 5299//4639 5298//4638
f 5345//4681 5298//4638 5346//4682
f 5346//4682 5298//4638 5273//4613
f 5346//4682 5273//4613 5347//4683
f 5347//4683 5273//4613 5274//4614
f 5347//4683 5274//4614 5348//4684
f 5348//4684 5274//4614 5276//4616
f 5348//4684 5276//4616 5349//4685
f 5349//4685 5276//4616 5284//4624
f 5349//4685 5284//4624 5350//4686
f 5350//4686 5284//4624 5286//4626
f 5154//4497 3489//2899 5359//4695
f 5359//4695 3489//2899 3493//2901
f 5359//4695 3493//2901 5360//4696
f 5360//4696 3493//2901 3497//2905
f 5360//4696 3497//2905 5361//4697
f 5361//4697 3497//2905 3496//2904
f 5361//4697 3496//2904 5106//4449
f 5106//4449 3496//2904 3495//2903
f 5098//4441 3504//2911 5362//4698
f 5362//4698 3504//2911 3502//2910
f 5362//4698 3502//2910 5363//4699
f 5363//4699 3502//2910 3501//2909
f 5363//4699 3501//2909 5155//4498
f 5155//4498 3501//2909 3557//2946
f 5104//4447 3471//2883 5364//4700
f 5364//4700 3471//2883 3472//2884
f 5364//4700 3472//2884 5365//4701
f 5365//4701 3472//2884 3473//2885
f 5365//4701 3473//2885 5059//4402
f 5059//4402 3473//2885 3404//2841
f 5152//4495 3384//2827 5366//4702
f 5366//4702 3384//2827 3382//2825
f 5366//4702 3382//2825 5367//4703
f 5367//4703 3382//2825 3381//2824
f 5367//4703 3381//2824 5368//4704
f 5368//4704 3381//2824 3400//2839
f 5368//4704 3400//2839 5103//4446
f 5103//4446 3400//2839 3399//2838
f 206//206 3660//3008 136//136
f 3660//3008 176//176 136//136
f 206//206 136//136 205//205
f 205//205 136//136 442//442
f 174//174 442//442 443//443
f 174//174 443//443 3688//3036
f 4015//3360 481//481 445//445
f 443//443 481//481 225//225
f 443//443 225//225 3688//3036
f 446//446 4011//3356 445//445
f 445//445 4011//3356 449//449
f 445//445 449//449 4015//3360
f 167//167 299//299 3844//3191
f 3844//3191 3843//3190 167//167
f 167//167 3843//3190 270//270
f 167//167 270//270 3945//3290
f 3945//3290 378//378 167//167
f 167//167 378//378 3943//3288
f 167//167 3943//3288 362//362
f 5369//4705 5370//4706 5371//4707
f 5372//4708 5373//4709 5374//4710
f 5183//4526 5375//4711 5181//4524
f 5181//4524 5375//4711 5376//4712
f 5181//4524 5376//4712 5182//4525
f 5182//4525 5376//4712 5377//4713
f 5182//4525 5377//4713 5157//4500
f 5157//4500 5377//4713 5378//4714
f 5375//4711 5372//4708 5376//4712
f 5376//4712 5372//4708 5374//4710
f 5376//4712 5374//4710 5377//4713
f 5377//4713 5374//4710 5379//4715
f 5377//4713 5379//4715 5378//4714
f 5378//4714 5379//4715 5380//4716
f 5373//4709 5369//4705 5374//4710
f 5374//4710 5369//4705 5371//4707
f 5374//4710 5371//4707 5379//4715
f 5379//4715 5371//4707 5381//4717
f 5379//4715 5381//4717 5380//4716
f 5380//4716 5381//4717 5382//4718
f 5370//4706 5104//4447 5371//4707
f 5371//4707 5104//4447 5364//4700
f 5371//4707 5364//4700 5381//4717
f 5381//4717 5364//4700 5365//4701
f 5381//4717 5365//4701 5382//4718
f 5382//4718 5365//4701 5059//4402
f 5383//4719 5382//4718 5059//4402
f 5059//4402 5060//4403 5383//4719
f 5383//4719 5060//4403 5061//4404
f 5383//4719 5061//4404 5384//4720
f 5384//4720 5061//4404 5062//4405
f 5384//4720 5062//4405 5385//4721
f 5062//4405 5063//4406 5385//4721
f 5385//4721 5063//4406 5064//4407
f 5385//4721 5064//4407 5386//4722
f 5064//4407 5065//4408 5386//4722
f 5386//4722 5065//4408 5067//4410
f 5386//4722 5067//4410 5387//4723
f 5067//4410 5066//4409 5387//4723
f 5387//4723 5066//4409 5071//4414
f 5387//4723 5071//4414 5388//4724
f 5388//4724 5071//4414 5070//4413
f 5388//4724 5070//4413 5389//4725
f 5070//4413 5069//4412 5389//4725
f 5389//4725 5069//4412 5068//4411
f 5389//4725 5068//4411 5390//4726
f 5068//4411 5072//4415 5390//4726
f 5390//4726 5072//4415 5073//4416
f 5390//4726 5073//4416 5391//4727
f 5391//4727 5073//4416 5074//4417
f 5391//4727 5074//4417 5392//4728
f 5392//4728 5074//4417 5075//4418
f 5392//4728 5075//4418 5393//4729
f 5075//4418 5076//4419 5393//4729
f 5393//4729 5076//4419 5077//4420
f 5393//4729 5077//4420 5394//4730
f 5394//4730 5077//4420 5078//4421
f 5394//4730 5078//4421 5395//4731
f 5078//4421 5079//4422 5395//4731
f 5395//4731 5079//4422 5080//4423
f 5395//4731 5080//4423 5396//4732
f 5080//4423 5081//4424 5396//4732
f 5396//4732 5081//4424 5083//4426
f 5396//4732 5083//4426 5397//4733
f 5083//4426 5082//4425 5397//4733
f 5397//4733 5082//4425 5087//4430
f 5397//4733 5087//4430 5398//4734
f 5398//4734 5087//4430 5086//4429
f 5398//4734 5086//4429 5399//4735
f 5399//4735 5086//4429 5085//4428
f 5399//4735 5085//4428 5400//4736
f 5085//4428 5084//4427 5400//4736
f 5400//4736 5084//4427 5089//4432
f 5400//4736 5089//4432 5401//4737
f 5401//4737 5089//4432 5088//4431
f 5401//4737 5088//4431 5402//4738
f 5088//4431 5093//4436 5402//4738
f 5402//4738 5093//4436 5092//4435
f 5402//4738 5092//4435 5403//4739
f 5092//4435 5091//4434 5403//4739
f 5403//4739 5091//4434 5090//4433
f 5403//4739 5090//4433 5404//4740
f 5090//4433 5094//4437 5404//4740
f 5404//4740 5094//4437 5095//4438
f 5404//4740 5095//4438 5405//4741
f 5405//4741 5095//4438 5096//4439
f 5405//4741 5096//4439 5406//4742
f 5096//4439 5097//4440 5406//4742
f 5406//4742 5097//4440 5102//4445
f 5406//4742 5102//4445 5407//4743
f 5098//4441 5408//4744 5099//4442
f 5099//4442 5408//4744 5409//4745
f 5099//4442 5409//4745 5100//4443
f 5100//4443 5409//4745 5407//4743
f 5100//4443 5407//4743 5101//4444
f 5101//4444 5407//4743 5102//4445
f 5408//4744 5410//4746 5409//4745
f 5409//4745 5410//4746 5411//4747
f 5409//4745 5411//4747 5407//4743
f 5407//4743 5411//4747 5412//4748
f 5407//4743 5412//4748 5406//4742
f 5406//4742 5412//4748 5413//4749
f 5406//4742 5413//4749 5405//4741
f 5405//4741 5413//4749 5414//4750
f 5405//4741 5414//4750 5404//4740
f 5404//4740 5414//4750 5415//4751
f 5404//4740 5415//4751 5403//4739
f 5403//4739 5415//4751 5416//4752
f 5403//4739 5416//4752 5402//4738
f 5402//4738 5416//4752 5417//4753
f 5402//4738 5417//4753 5401//4737
f 5401//4737 5417//4753 5418//4754
f 5401//4737 5418//4754 5400//4736
f 5400//4736 5418//4754 5419//4755
f 5400//4736 5419//4755 5399//4735
f 5399//4735 5419//4755 5420//4756
f 5399//4735 5420//4756 5398//4734
f 5398//4734 5420//4756 5421//4757
f 5398//4734 5421//4757 5397//4733
f 5397//4733 5421//4757 5422//4758
f 5397//4733 5422//4758 5396//4732
f 5396//4732 5422//4758 5423//4759
f 5396//4732 5423//4759 5395//4731
f 5395//4731 5423//4759 5424//4760
f 5395//4731 5424//4760 5394//4730
f 5394//4730 5424//4760 5425//4761
f 5394//4730 5425//4761 5393//4729
f 5393//4729 5425//4761 5426//4762
f 5393//4729 5426//4762 5392//4728
f 5392//4728 5426//4762 5427//4763
f 5392//4728 5427//4763 5391//4727
f 5391//4727 5427//4763 5428//4764
f 5391//4727 5428//4764 5390//4726
f 5390//4726 5428//4764 5429//4765
f 5390//4726 5429//4765 5389//4725
f 5389//4725 5429//4765 5430//4766
f 5389//4725 5430//4766 5388//4724
f 5388//4724 5430//4766 5431//4767
f 5388//4724 5431//4767 5387//4723
f 5387//4723 5431//4767 5432//4768
f 5387//4723 5432//4768 5386//4722
f 5386//4722 5432//4768 5433//4769
f 5386//4722 5433//4769 5385//4721
f 5385//4721 5433//4769 5434//4770
f 5385//4721 5434//4770 5384//4720
f 5384//4720 5434//4770 5435//4771
f 5384//4720 5435//4771 5383//4719
f 5383//4719 5435//4771 5436//4772
f 5383//4719 5436//4772 5382//4718
f 5382//4718 5436//4772 5380//4716
f 5410//4746 5437//4773 5411//4747
f 5411//4747 5437//4773 5438//4774
f 5411//4747 5438//4774 5412//4748
f 5412//4748 5438//4774 5439//4775
f 5412//4748 5439//4775 5413//4749
f 5413//4749 5439//4775 5440//4776
f 5413//4749 5440//4776 5414//4750
f 5414//4750 5440//4776 5441//4777
f 5414//4750 5441//4777 5415//4751
f 5415//4751 5441//4777 5442//4778
f 5415//4751 5442//4778 5416//4752
f 5416//4752 5442//4778 5443//4779
f 5416//4752 5443//4779 5417//4753
f 5417//4753 5443//4779 5444//4780
f 5417//4753 5444//4780 5418//4754
f 5418//4754 5444//4780 5445//4781
f 5418//4754 5445//4781 5419//4755
f 5419//4755 5445//4781 5446//4782
f 5419//4755 5446//4782 5420//4756
f 5420//4756 5446//4782 5447//4783
f 5420//4756 5447//4783 5421//4757
f 5421//4757 5447//4783 5448//4784
f 5421//4757 5448//4784 5422//4758
f 5422//4758 5448//4784 5449//4785
f 5422//4758 5449//4785 5423//4759
f 5423//4759 5449//4785 5450//4786
f 5423//4759 5450//4786 5424//4760
f 5424//4760 5450//4786 5451//4787
f 5424//4760 5451//4787 5425//4761
f 5425//4761 5451//4787 5452//4788
f 5425//4761 5452//4788 5426//4762
f 5426//4762 5452//4788 5453//4789
f 5426//4762 5453//4789 5427//4763
f 5427//4763 5453//4789 5454//4790
f 5427//4763 5454//4790 5428//4764
f 5428//4764 5454//4790 5455//4791
f 5428//4764 5455//4791 5429//4765
f 5429//4765 5455//4791 5456//4792
f 5429//4765 5456//4792 5430//4766
f 5430//4766 5456//4792 5457//4793
f 5430//4766 5457//4793 5431//4767
f 5431//4767 5457//4793 5458//4794
f 5431//4767 5458//4794 5432//4768
f 5432//4768 5458//4794 5459//4795
f 5432//4768 5459//4795 5433//4769
f 5433//4769 5459//4795 5460//4796
f 5433//4769 5460//4796 5434//4770
f 5434//4770 5460//4796 5461//4797
f 5434//4770 5461//4797 5435//4771
f 5435//4771 5461//4797 5462//4798
f 5435//4771 5462//4798 5436//4772
f 5436//4772 5462//4798 5463//4799
f 5436//4772 5463//4799 5380//4716
f 5380//4716 5463//4799 5378//4714
f 5437//4773 5178//4521 5438//4774
f 5438//4774 5178//4521 5173//4516
f 5438//4774 5173//4516 5439//4775
f 5439//4775 5173//4516 5175//4518
f 5439//4775 5175//4518 5440//4776
f 5440//4776 5175//4518 5177//4520
f 5440//4776 5177//4520 5441//4777
f 5441//4777 5177//4520 5185//4528
f 5441//4777 5185//4528 5442//4778
f 5442//4778 5185//4528 5172//4515
f 5442//4778 5172//4515 5443//4779
f 5443//4779 5172//4515 5171//4514
f 5443//4779 5171//4514 5444//4780
f 5444//4780 5171//4514 5241//4584
f 5444//4780 5241//4584 5445//4781
f 5445//4781 5241//4584 5243//4586
f 5445//4781 5243//4586 5446//4782
f 5446//4782 5243//4586 5236//4579
f 5446//4782 5236//4579 5447//4783
f 5447//4783 5236//4579 5211//4554
f 5447//4783 5211//4554 5448//4784
f 5448//4784 5211//4554 5213//4556
f 5448//4784 5213//4556 5449//4785
f 5449//4785 5213//4556 5215//4558
f 5449//4785 5215//4558 5450//4786
f 5450//4786 5215//4558 5208//4551
f 5450//4786 5208//4551 5451//4787
f 5451//4787 5208//4551 5203//4546
f 5451//4787 5203//4546 5452//4788
f 5452//4788 5203//4546 5205//4548
f 5452//4788 5205//4548 5453//4789
f 5453//4789 5205//4548 5207//4550
f 5453//4789 5207//4550 5454//4790
f 5454//4790 5207//4550 5224//4567
f 5454//4790 5224//4567 5455//4791
f 5455//4791 5224//4567 5198//4541
f 5455//4791 5198//4541 5456//4792
f 5456//4792 5198//4541 5200//4543
f 5456//4792 5200//4543 5457//4793
f 5457//4793 5200//4543 5195//4538
f 5457//4793 5195//4538 5458//4794
f 5458//4794 5195//4538 5192//4535
f 5458//4794 5192//4535 5459//4795
f 5459//4795 5192//4535 5167//4510
f 5459//4795 5167//4510 5460//4796
f 5460//4796 5167//4510 5162//4505
f 5460//4796 5162//4505 5461//4797
f 5461//4797 5162//4505 5164//4507
f 5461//4797 5164//4507 5462//4798
f 5462//4798 5164//4507 5161//4504
f 5462//4798 5161//4504 5463//4799
f 5463//4799 5161//4504 5159//4502
f 5463//4799 5159//4502 5378//4714
f 5378//4714 5159//4502 5157//4500
f 5104//4447 5370//4706 5103//4446
f 5103//4446 5370//4706 5464//4800
f 5370//4706 5369//4705 5464//4800
f 5464//4800 5369//4705 5373//4709
f 5464//4800 5373//4709 5465//4801
f 5183//4526 5184//4527 5375//4711
f 5375//4711 5184//4527 5465//4801
f 5375//4711 5465//4801 5372//4708
f 5372//4708 5465//4801 5373//4709
f 5219//4562 5178//4521 5437//4773
f 5220//4563 5219//4562 5466//4802
f 5221//4564 5220//4563 5467//4803
f 5221//4564 5467//4803 5468//4804
f 5468//4804 5467//4803 5469//4805
f 5468//4804 5469//4805 5470//4806
f 5470//4806 5469//4805 5471//4807
f 5470//4806 5471//4807 5472//4808
f 5472//4808 5471//4807 5363//4699
f 5472//4808 5363//4699 5155//4498
f 5220//4563 5466//4802 5467//4803
f 5467//4803 5466//4802 5473//4809
f 5467//4803 5473//4809 5469//4805
f 5469//4805 5473//4809 5474//4810
f 5469//4805 5474//4810 5471//4807
f 5471//4807 5474//4810 5362//4698
f 5471//4807 5362//4698 5363//4699
f 5219//4562 5437//4773 5466//4802
f 5466//4802 5437//4773 5410//4746
f 5466//4802 5410//4746 5473//4809
f 5473//4809 5410//4746 5408//4744
f 5473//4809 5408//4744 5474//4810
f 5474//4810 5408//4744 5098//4441
f 5474//4810 5098//4441 5362//4698
f 5191//4534 5475//4811 5190//4533
f 5190//4533 5475//4811 5476//4812
f 5190//4533 5476//4812 5188//4531
f 5188//4531 5476//4812 5477//4813
f 5188//4531 5477//4813 5189//4532
f 5189//4532 5477//4813 5478//4814
f 5189//4532 5478//4814 5184//4527
f 5184//4527 5478//4814 5465//4801
f 5475//4811 5479//4815 5476//4812
f 5476//4812 5479//4815 5480//4816
f 5476//4812 5480//4816 5477//4813
f 5477//4813 5480//4816 5481//4817
f 5477//4813 5481//4817 5478//4814
f 5478//4814 5481//4817 5482//4818
f 5478//4814 5482//4818 5465//4801
f 5465//4801 5482//4818 5464//4800
f 5479//4815 5152//4495 5480//4816
f 5480//4816 5152//4495 5366//4702
f 5480//4816 5366//4702 5481//4817
f 5481//4817 5366//4702 5367//4703
f 5481//4817 5367//4703 5482//4818
f 5482//4818 5367//4703 5368//4704
f 5482//4818 5368//4704 5464//4800
f 5464//4800 5368//4704 5103//4446
f 5155//4498 5154//4497 5472//4808
f 5472//4808 5154//4497 5483//4819
f 5472//4808 5483//4819 5470//4806
f 5470//4806 5483//4819 5484//4820
f 5470//4806 5484//4820 5468//4804
f 5468//4804 5484//4820 5485//4821
f 5468//4804 5485//4821 5221//4564
f 5221//4564 5485//4821 5222//4565
f 5486//4822 5487//4823 5488//4824
f 5489//4825 5106//4449 5105//4448
f 5487//4823 5489//4825 5488//4824
f 5488//4824 5489//4825 5105//4448
f 5488//4824 5105//4448 5490//4826
f 5490//4826 5105//4448 5107//4450
f 5490//4826 5107//4450 5491//4827
f 5491//4827 5107//4450 5108//4451
f 5491//4827 5108//4451 5492//4828
f 5492//4828 5108//4451 5109//4452
f 5492//4828 5109//4452 5493//4829
f 5493//4829 5109//4452 5110//4453
f 5493//4829 5110//4453 5494//4830
f 5494//4830 5110//4453 5111//4454
f 5494//4830 5111//4454 5495//4831
f 5495//4831 5111//4454 5112//4455
f 5495//4831 5112//4455 5496//4832
f 5496//4832 5112//4455 5113//4456
f 5496//4832 5113//4456 5497//4833
f 5497//4833 5113//4456 5114//4457
f 5497//4833 5114//4457 5498//4834
f 5498//4834 5114//4457 5115//4458
f 5498//4834 5115//4458 5499//4835
f 5499//4835 5115//4458 5116//4459
f 5499//4835 5116//4459 5500//4836
f 5500//4836 5116//4459 5117//4460
f 5500//4836 5117//4460 5501//4837
f 5501//4837 5117//4460 5118//4461
f 5501//4837 5118//4461 5502//4838
f 5502//4838 5118//4461 5119//4462
f 5502//4838 5119//4462 5503//4839
f 5503//4839 5119//4462 5120//4463
f 5503//4839 5120//4463 5504//4840
f 5504//4840 5120//4463 5121//4464
f 5504//4840 5121//4464 5505//4841
f 5505//4841 5121//4464 5122//4465
f 5505//4841 5122//4465 5506//4842
f 5506//4842 5122//4465 5123//4466
f 5506//4842 5123//4466 5507//4843
f 5507//4843 5123//4466 5124//4467
f 5507//4843 5124//4467 5508//4844
f 5508//4844 5124//4467 5125//4468
f 5508//4844 5125//4468 5509//4845
f 5509//4845 5125//4468 5126//4469
f 5509//4845 5126//4469 5510//4846
f 5510//4846 5126//4469 5127//4470
f 5510//4846 5127//4470 5511//4847
f 5511//4847 5127//4470 5128//4471
f 5511//4847 5128//4471 5512//4848
f 5512//4848 5128//4471 5129//4472
f 5512//4848 5129//4472 5513//4849
f 5513//4849 5129//4472 5130//4473
f 5513//4849 5130//4473 5514//4850
f 5514//4850 5130//4473 5131//4474
f 5514//4850 5131//4474 5515//4851
f 5515//4851 5131//4474 5132//4475
f 5515//4851 5132//4475 5516//4852
f 5516//4852 5132//4475 5133//4476
f 5516//4852 5133//4476 5517//4853
f 5517//4853 5133//4476 5134//4477
f 5517//4853 5134//4477 5518//4854
f 5518//4854 5134//4477 5135//4478
f 5518//4854 5135//4478 5519//4855
f 5519//4855 5135//4478 5136//4479
f 5519//4855 5136//4479 5520//4856
f 5520//4856 5136//4479 5137//4480
f 5520//4856 5137//4480 5521//4857
f 5521//4857 5137//4480 5138//4481
f 5521//4857 5138//4481 5522//4858
f 5522//4858 5138//4481 5139//4482
f 5522//4858 5139//4482 5523//4859
f 5523//4859 5139//4482 5140//4483
f 5523//4859 5140//4483 5524//4860
f 5524//4860 5140//4483 5141//4484
f 5524//4860 5141//4484 5525//4861
f 5525//4861 5141//4484 5142//4485
f 5525//4861 5142//4485 5526//4862
f 5526//4862 5142//4485 5143//4486
f 5526//4862 5143//4486 5527//4863
f 5527//4863 5143//4486 5144//4487
f 5527//4863 5144//4487 5528//4864
f 5528//4864 5144//4487 5145//4488
f 5528//4864 5145//4488 5529//4865
f 5529//4865 5145//4488 5146//4489
f 5529//4865 5146//4489 5530//4866
f 5530//4866 5146//4489 5147//4490
f 5530//4866 5147//4490 5531//4867
f 5531//4867 5147//4490 5148//4491
f 5531//4867 5148//4491 5532//4868
f 5532//4868 5148//4491 5149//4492
f 5532//4868 5149//4492 5533//4869
f 5533//4869 5149//4492 5150//4493
f 5533//4869 5150//4493 5534//4870
f 5534//4870 5150//4493 5151//4494
f 5534//4870 5151//4494 5535//4871
f 5535//4871 5151//4494 5153//4496
f 5535//4871 5153//4496 5479//4815
f 5479//4815 5153//4496 5152//4495
f 5536//4872 5486//4822 5537//4873
f 5537//4873 5486//4822 5488//4824
f 5537//4873 5488//4824 5538//4874
f 5538//4874 5488//4824 5490//4826
f 5538//4874 5490//4826 5539//4875
f 5539//4875 5490//4826 5491//4827
f 5539//4875 5491//4827 5540//4876
f 5540//4876 5491//4827 5492//4828
f 5540//4876 5492//4828 5541//4877
f 5541//4877 5492//4828 5493//4829
f 5541//4877 5493//4829 5542//4878
f 5542//4878 5493//4829 5494//4830
f 5542//4878 5494//4830 5543//4879
f 5543//4879 5494//4830 5495//4831
f 5543//4879 5495//4831 5544//4880
f 5544//4880 5495//4831 5496//4832
f 5544//4880 5496//4832 5545//4881
f 5545//4881 5496//4832 5497//4833
f 5545//4881 5497//4833 5546//4882
f 5546//4882 5497//4833 5498//4834
f 5546//4882 5498//4834 5547//4883
f 5547//4883 5498//4834 5499//4835
f 5547//4883 5499//4835 5548//4884
f 5548//4884 5499//4835 5500//4836
f 5548//4884 5500//4836 5549//4885
f 5549//4885 5500//4836 5501//4837
f 5549//4885 5501//4837 5550//4886
f 5550//4886 5501//4837 5502//4838
f 5550//4886 5502//4838 5551//4887
f 5551//4887 5502//4838 5503//4839
f 5551//4887 5503//4839 5552//4888
f 5552//4888 5503//4839 5504//4840
f 5552//4888 5504//4840 5553//4889
f 5553//4889 5504//4840 5505//4841
f 5553//4889 5505//4841 5554//4890
f 5554//4890 5505//4841 5506//4842
f 5554//4890 5506//4842 5555//4891
f 5555//4891 5506//4842 5507//4843
f 5555//4891 5507//4843 5556//4892
f 5556//4892 5507//4843 5508//4844
f 5556//4892 5508//4844 5557//4893
f 5557//4893 5508//4844 5509//4845
f 5557//4893 5509//4845 5558//4894
f 5558//4894 5509//4845 5510//4846
f 5558//4894 5510//4846 5559//4895
f 5559//4895 5510//4846 5511//4847
f 5559//4895 5511//4847 5560//4896
f 5560//4896 5511//4847 5512//4848
f 5560//4896 5512//4848 5561//4897
f 5561//4897 5512//4848 5513//4849
f 5561//4897 5513//4849 5562//4898
f 5562//4898 5513//4849 5514//4850
f 5562//4898 5514//4850 5563//4899
f 5563//4899 5514//4850 5515//4851
f 5563//4899 5515//4851 5564//4900
f 5564//4900 5515//4851 5516//4852
f 5564//4900 5516//4852 5565//4901
f 5565//4901 5516//4852 5517//4853
f 5565//4901 5517//4853 5566//4902
f 5566//4902 5517//4853 5518//4854
f 5566//4902 5518//4854 5567//4903
f 5567//4903 5518//4854 5519//4855
f 5567//4903 5519//4855 5568//4904
f 5568//4904 5519//4855 5520//4856
f 5568//4904 5520//4856 5569//4905
f 5569//4905 5520//4856 5521//4857
f 5569//4905 5521//4857 5570//4906
f 5570//4906 5521//4857 5522//4858
f 5570//4906 5522//4858 5571//4907
f 5571//4907 5522//4858 5523//4859
f 5571//4907 5523//4859 5572//4908
f 5572//4908 5523//4859 5524//4860
f 5572//4908 5524//4860 5573//4909
f 5573//4909 5524//4860 5525//4861
f 5573//4909 5525//4861 5574//4910
f 5574//4910 5525//4861 5526//4862
f 5574//4910 5526//4862 5575//4911
f 5575//4911 5526//4862 5527//4863
f 5575//4911 5527//4863 5576//4912
f 5576//4912 5527//4863 5528//4864
f 5576//4912 5528//4864 5577//4913
f 5577//4913 5528//4864 5529//4865
f 5577//4913 5529//4865 5578//4914
f 5578//4914 5529//4865 5530//4866
f 5578//4914 5530//4866 5579//4915
f 5579//4915 5530//4866 5531//4867
f 5579//4915 5531//4867 5580//4916
f 5580//4916 5531//4867 5532//4868
f 5580//4916 5532//4868 5581//4917
f 5581//4917 5532//4868 5533//4869
f 5581//4917 5533//4869 5582//4918
f 5582//4918 5533//4869 5534//4870
f 5582//4918 5534//4870 5583//4919
f 5583//4919 5534//4870 5535//4871
f 5583//4919 5535//4871 5475//4811
f 5475//4811 5535//4871 5479//4815
f 5223//4566 5536//4872 5179//4522
f 5179//4522 5536//4872 5537//4873
f 5179//4522 5537//4873 5180//4523
f 5180//4523 5537//4873 5538//4874
f 5180//4523 5538//4874 5174//4517
f 5174//4517 5538//4874 5539//4875
f 5174//4517 5539//4875 5176//4519
f 5176//4519 5539//4875 5540//4876
f 5176//4519 5540//4876 5216//4559
f 5216//4559 5540//4876 5541//4877
f 5216//4559 5541//4877 5217//4560
f 5217//4560 5541//4877 5542//4878
f 5217//4560 5542//4878 5218//4561
f 5218//4561 5542//4878 5543//4879
f 5218//4561 5543//4879 5186//4529
f 5186//4529 5543//4879 5544//4880
f 5186//4529 5544//4880 5187//4530
f 5187//4530 5544//4880 5545//4881
f 5187//4530 5545//4881 5170//4513
f 5170//4513 5545//4881 5546//4882
f 5170//4513 5546//4882 5239//4582
f 5239//4582 5546//4882 5547//4883
f 5239//4582 5547//4883 5240//4583
f 5240//4583 5547//4883 5548//4884
f 5240//4583 5548//4884 5242//4585
f 5242//4585 5548//4884 5549//4885
f 5242//4585 5549//4885 5244//4587
f 5244//4587 5549//4885 5550//4886
f 5244//4587 5550//4886 5245//4588
f 5245//4588 5550//4886 5551//4887
f 5245//4588 5551//4887 5246//4589
f 5246//4589 5551//4887 5552//4888
f 5246//4589 5552//4888 5237//4580
f 5237//4580 5552//4888 5553//4889
f 5237//4580 5553//4889 5238//4581
f 5238//4581 5553//4889 5554//4890
f 5238//4581 5554//4890 5212//4555
f 5212//4555 5554//4890 5555//4891
f 5212//4555 5555//4891 5214//4557
f 5214//4557 5555//4891 5556//4892
f 5214//4557 5556//4892 5227//4570
f 5227//4570 5556//4892 5557//4893
f 5227//4570 5557//4893 5228//4571
f 5228//4571 5557//4893 5558//4894
f 5228//4571 5558//4894 5229//4572
f 5229//4572 5558//4894 5559//4895
f 5229//4572 5559//4895 5209//4552
f 5209//4552 5559//4895 5560//4896
f 5209//4552 5560//4896 5210//4553
f 5210//4553 5560//4896 5561//4897
f 5210//4553 5561//4897 5204//4547
f 5204//4547 5561//4897 5562//4898
f 5204//4547 5562//4898 5206//4549
f 5206//4549 5562//4898 5563//4899
f 5206//4549 5563//4899 5233//4576
f 5233//4576 5563//4899 5564//4900
f 5233//4576 5564//4900 5234//4577
f 5234//4577 5564//4900 5565//4901
f 5234//4577 5565//4901 5235//4578
f 5235//4578 5565//4901 5566//4902
f 5235//4578 5566//4902 5225//4568
f 5225//4568 5566//4902 5567//4903
f 5225//4568 5567//4903 5226//4569
f 5226//4569 5567//4903 5568//4904
f 5226//4569 5568//4904 5199//4542
f 5199//4542 5568//4904 5569//4905
f 5199//4542 5569//4905 5201//4544
f 5201//4544 5569//4905 5570//4906
f 5201//4544 5570//4906 5202//4545
f 5202//4545 5570//4906 5571//4907
f 5202//4545 5571//4907 5196//4539
f 5196//4539 5571//4907 5572//4908
f 5196//4539 5572//4908 5197//4540
f 5197//4540 5572//4908 5573//4909
f 5197//4540 5573//4909 5193//4536
f 5193//4536 5573//4909 5574//4910
f 5193//4536 5574//4910 5194//4537
f 5194//4537 5574//4910 5575//4911
f 5194//4537 5575//4911 5168//4511
f 5168//4511 5575//4911 5576//4912
f 5168//4511 5576//4912 5169//4512
f 5169//4512 5576//4912 5577//4913
f 5169//4512 5577//4913 5163//4506
f 5163//4506 5577//4913 5578//4914
f 5163//4506 5578//4914 5165//4508
f 5165//4508 5578//4914 5579//4915
f 5165//4508 5579//4915 5166//4509
f 5166//4509 5579//4915 5580//4916
f 5166//4509 5580//4916 5160//4503
f 5160//4503 5580//4916 5581//4917
f 5160//4503 5581//4917 5158//4501
f 5158//4501 5581//4917 5582//4918
f 5158//4501 5582//4918 5156//4499
f 5156//4499 5582//4918 5583//4919
f 5156//4499 5583//4919 5191//4534
f 5191//4534 5583//4919 5475//4811
f 5487//4823 5486//4822 5584//4920
f 5222//4565 5485//4821 5230//4573
f 5230//4573 5485//4821 5585//4921
f 5230//4573 5585//4921 5231//4574
f 5231//4574 5585//4921 5586//4922
f 5231//4574 5586//4922 5232//4575
f 5232//4575 5586//4922 5587//4923
f 5232//4575 5587//4923 5223//4566
f 5223//4566 5587//4923 5536//4872
f 5485//4821 5484//4820 5585//4921
f 5585//4921 5484//4820 5588//4924
f 5585//4921 5588//4924 5586//4922
f 5586//4922 5588//4924 5589//4925
f 5586//4922 5589//4925 5587//4923
f 5587//4923 5589//4925 5584//4920
f 5587//4923 5584//4920 5536//4872
f 5536//4872 5584//4920 5486//4822
f 5484//4820 5483//4819 5588//4924
f 5588//4924 5483//4819 5590//4926
f 5588//4924 5590//4926 5589//4925
f 5589//4925 5590//4926 5591//4927
f 5589//4925 5591//4927 5584//4920
f 5584//4920 5591//4927 5592//4928
f 5584//4920 5592//4928 5487//4823
f 5487//4823 5592//4928 5489//4825
f 5483//4819 5154//4497 5590//4926
f 5590//4926 5154//4497 5359//4695
f 5590//4926 5359//4695 5591//4927
f 5591//4927 5359//4695 5360//4696
f 5591//4927 5360//4696 5592//4928
f 5592//4928 5360//4696 5361//4697
f 5592//4928 5361//4697 5489//4825
f 5489//4825 5361//4697 5106//4449
f 5593//4929 5594//4930 5302//4642
f 5302//4642 5594//4930 5303//4643
f 5261//4602 5595//4931 5262//4603
f 5262//4603 5595//4931 5596//4932
f 5597//4933 3755//3102 5598//2328
f 5598//2328 3755//3102 3754//721
f 5598//2328 3754//721 5596//4932
f 5596//4932 3754//721 3749//3097
f 5596//4932 3749//3097 5262//4603
f 5262//4603 3749//3097 3751//3099
f 5597//4933 5599//4934 3755//3102
f 3755//3102 5599//4934 3742//3090
f 5252//4594 3761//3108 3738//3086
f 5600//4935 5601//2320 5251//4593
f 5251//4593 5252//4594 5600//4935
f 5600//4935 5252//4594 3738//3086
f 5600//4935 3738//3086 5602//4936
f 5602//4936 3738//3086 3740//3088
f 5602//4936 3740//3088 5599//4934
f 5599//4934 3740//3088 3742//3090
f 5595//4931 5603//2334 5604//2336
f 5605//4937 5606//2318 5593//4929
f 5593//4929 5606//2318 5601//2320
f 5593//4929 5601//2320 5600//4935
f 5604//2336 5594//4930 5595//4931
f 5595//4931 5594//4930 5598//2328
f 5595//4931 5598//2328 5596//4932
f 5600//4935 5602//4936 5593//4929
f 5593//4929 5602//4936 5599//4934
f 5593//4929 5599//4934 5594//4930
f 5594//4930 5599//4934 5597//4933
f 5594//4930 5597//4933 5598//2328
f 5251//4593 5601//2320 5249//707
f 5249//707 5601//2320 5606//2318
f 5249//707 5606//2318 5253//4595
f 5253//4595 5606//2318 5605//4937
f 5253//4595 5605//4937 5302//4642
f 5302//4642 5605//4937 5593//4929
f 5303//4643 5594//4930 5267//2048
f 5267//2048 5594//4930 5604//2336
f 5267//2048 5604//2336 5259//2055
f 5259//2055 5604//2336 5603//2334
f 5259//2055 5603//2334 5261//4602
f 5261//4602 5603//2334 5595//4931
